cell,qp,segment,xi,weight,V,Theta,q,friction,damping,sigma,R,p,Kfixed,Kstate0,Kstate1
0_11:30210323313,8,795,0.028099380019698399,0.064442635414529728,9.968954562270555e-10,8027921.2088136151,25848817.906004313,27299059.199163467,0.0046100832235946446,51420634.389849529,-1450241.2977692366,1689928.1469433287,6225079349392560,0,0
0_11:30210323322,7,795,0.065600981834526034,0.019955607698562729,9.927521134092404e-10,8065185.0222636908,25972994.039838534,26960459.367515974,0.004590922583334228,50786161.516161673,-987465.33226836252,1155457.3971265273,2234153919754362.5,0,0
0_11:30210323322,8,795,0.25471149678605992,0.014476425259437282,9.7185834738381289e-10,8253096.4342987761,25923241.562931046,26976173.407007504,0.0044943006159756001,50833601.608304024,-1052931.8485707589,1194109.864707802,2416365819767522,0,0
0_11:30210323323,2,795,0.087894706503165221,0.024900414890780143,9.9028900411475597e-10,8087337.38794827,25890833.307839245,27081152.524384804,0.0045795320821884417,51015528.873452045,-1190319.2211250917,1326732.8181583674,3194978591976207.5,0,0
0_11:30210323323,3,795,0.037222696741542799,0.027560664550677547,9.9588747184812793e-10,8036986.6768447524,25935168.663555361,27019175.357501451,0.0046054218603133563,50894245.489584409,-1084006.6985515114,1217276.9645144476,2596877826166586,0,0
0_11:30210323323,4,795,0.22633321169307671,0.051161750613869433,9.7499370582270063e-10,8224898.0888798377,25877527.66305808,27019421.441450581,0.0045087998929547301,50912297.696514182,-1141893.782901301,1252365.3092689619,2836076194083417,0,0
0_11:30210323323,5,795,0.4154437266446106,0.036762748466395982,9.5409993979727332e-10,8412809.5009149238,25796630.568714265,27028766.934383385,0.004412177925596103,50949369.133244105,-1232136.3700812981,1287453.6540234766,3094762020135130.5,0,0
0_11:30210323323,6,795,0.36477171688298893,0.015796464925604301,9.5969840753064507e-10,8362458.7898114072,25885356.731260423,26981812.000216529,0.0044380677037210159,50855469.283040255,-1096455.2733941739,1210795.9866728152,2534603784495242.5,0,0
0_11:30210323323,7,795,0.55388223183452279,0.029384457290361349,9.3880464150521776e-10,8550370.2018464934,25801763.360190898,26967387.47005979,0.0043414457363623897,50849075.473512046,-1165624.1142103372,1229485.2382807005,2760659335904687,0,0
0_11:30210323323,8,795,0.74299274678605676,0.021144396535523021,9.1791087547979056e-10,8738281.6138815787,25702363.479833852,26955839.962896835,0.0042448237690037626,50849986.668436483,-1253476.4873078063,1248174.4898885861,3004354103567180,0,0
0_11:30210323330,5,795,0.057997043261368876,0.064494572099283304,9.9359223017091256e-10,8057629.2983808797,25837068.859905977,27185842.144320399,0.0045948076528915752,51210037.501435883,-1348773.2890092295,1469380.3730552851,4375718566698016.5,0,0
0_11:30210323330,6,795,0.0073250334997471758,0.028299425648581691,9.9919069790428431e-10,8007278.5872773631,25918749.055275794,27102129.435129125,0.0046206974310164881,51047881.80083546,-1183380.3844740279,1365195.2304296994,3444639227250523,0,0
0_11:30210323330,7,795,0.19643554845128108,0.052101391734113829,9.7829693187885721e-10,8195189.9993124492,25859841.57253987,27108973.848772835,0.0045240754636578628,51078125.862931535,-1249132.2807570407,1416864.2801367138,3799259062866822,0,0
0_11:30210323330,8,795,0.385546063402815,0.037243650941552214,9.5740316585342991e-10,8383101.4113475354,25750150.067483913,27139813.01001754,0.0044274534962992357,51155476.57275673,-1389662.9469610807,1468533.3298437281,4188219888963064,0,0
0_11:30210323331,1,795,0.029618758168259398,0.086356653442342335,9.9672758860981415e-10,8029430.9529618155,25842877.538411379,27243194.556935836,0.0046093069298707686,51315541.793095715,-1400317.0231337638,1593788.5660150193,5420800658587702,0,0
0_11:30210323331,2,795,0.21872927311979332,0.061612523204287777,9.7583382258438684e-10,8217342.3649969017,25720428.156846989,27323627.677632809,0.0045126849625121415,51484757.533400953,-1603199.5252985046,1674727.6849012668,6037800257557595,0,0
0_11:30210323331,3,795,0.16805726335829785,0.069767420646294556,9.8143229031774474e-10,8166991.6538935099,25784721.335133448,27210752.877513267,0.0045385747406369919,51267162.629458621,-1426031.5469183936,1497292.5467056269,4645537799072904,0,0
0_11:30210323331,4,795,0.35716777830983176,0.12795023647658449,9.6053852429231743e-10,8354903.0659285961,25678484.859683927,27194252.054808211,0.0044419527732783648,51255074.077724174,-1515767.1995662362,1534612.4065489722,5161951810078397,0,0
0_11:30210323331,5,795,0.54627829326136568,0.091293152068486816,9.3964475826689013e-10,8542814.4779636823,25516803.4570469,27194792.625704344,0.0043453308059197377,51276985.370761111,-1677989.1730027753,1571932.2663923181,5734264548339651,0,0
0_11:30210323331,6,795,0.495606283499744,0.040302088466704529,9.4524322600026188e-10,8492463.7668601647,25662966.493072379,27139098.626609616,0.0043712205840446506,51166198.807110064,-1476132.1379084571,1481735.646282482,4439928428460851,0,0
0_11:30210323331,7,795,0.68471679845127786,0.073954519151886861,9.2434945997483468e-10,8680375.1788952518,25502694.462058324,27096992.813894801,0.0042745986166860244,51109027.50713633,-1594298.356111075,1475436.2470829256,4922334932745531,0,0
0_11:30210323331,8,795,0.87382731340281183,0.052779209638889164,9.0345569394940737e-10,8868286.5909303371,25320338.260514244,27051424.525850404,0.0041779766493273973,51047180.835207939,-1731086.2695141362,1469136.8478833693,5454830200542585,0,0
0_11:30210323332,0,795,0.1979549266000942,0.027008795208811491,9.7812906426158815e-10,8196699.7434609002,25848310.190122683,27101529.023441143,0.0045232991699338584,51064245.413914695,-1253218.8378417599,1353678.3935971062,3373712169956579,0,0
0_11:30210323332,1,795,0.38706544155162809,0.049754207945030868,9.5723529823616064e-10,8384611.1554959854,25742364.287530627,27099532.409714542,0.0044266772025752304,51079714.201911248,-1357168.1266105925,1394789.2013181762,3715665647342384.5,0,0
0_11:30210323332,2,795,0.576175956503162,0.03557772720290369,9.3634153221073354e-10,8572522.5675310716,25597818.157681394,27109225.083104361,0.0043300552352166042,51119110.745390818,-1511406.9297530218,1435900.0090392465,4089705034471648.5,0,0
0_11:30210323332,3,795,0.52550394674153955,0.039900362616523702,9.4193999994410529e-10,8522171.856427554,25740422.807316005,27021803.998942699,0.004355945013341518,50948434.566685483,-1281381.195982639,1301085.8373784351,3262162079414687,0,0
0_11:30210323332,4,795,0.71461446169307352,0.073577013926788143,9.2104623391867809e-10,8710083.2684626393,25655057.403254744,26981431.450318947,0.0042593230459828917,50894733.130744152,-1326374.0513235268,1312844.3772094576,3582667681528249,0,0
0_11:30210323332,5,795,0.90372497664460738,0.052643293361993103,9.0015246789325078e-10,8897994.6804977264,25570155.873707704,26929217.936985325,0.0041627010786242646,50820542.881459609,-1359062.0674403219,1324602.9170404801,3931359554154477.5,0,0
0_11:30210323332,6,795,0.85305296688298571,0.022967378202769017,9.0575093562662264e-10,8847643.9693942089,25633568.31098377,26927988.081579424,0.0041885908567491784,50811520.647765607,-1294419.7747842458,1248493.2811597639,3161504836665248.5,0,0
0_11:30210323332,7,796,0.042163481834519644,0.042407561343519133,8.9257353661389367e-10,8965071.8816085458,25571525.33761774,26893615.256882019,0.0041276527656587542,50762811.965318881,-1322089.9233919322,1230899.5531007387,3451765637819512.5,0,0
0_11:30210323332,8,796,0.23127399678605357,0.030366947811033121,9.0628901242132983e-10,8836852.5955432802,25481035.139850408,26844479.754242547,0.0041910791606016946,50654276.013049066,-1363444.6185832182,1213305.8250417137,3723055975259208.5,0,0
0_11:30210323333,0,795,0.68623617660009095,0.038506943951309616,9.2418159235756562e-10,8681884.9230437018,25509999.918126229,27086905.256248366,0.0042738223229620209,51090187.012962349,-1576905.3423959592,1442071.6677807837,4331224937799880.5,0,0
0_11:30210323333,1,795,0.87534669155162492,0.070683818505690305,9.0328782633213821e-10,8869796.3350787871,25432074.214650158,27021675.682391234,0.0041772003556033929,50991244.826984167,-1589601.4719182763,1422169.7139342444,4794744484389119,0,0
0_11:30210323333,2,796,0.064457206503158462,0.050451603500318729,8.94190416782766e-10,8949956.4584313575,25350340.065833628,26918836.625151139,0.0041351299309868948,50808506.589650884,-1568496.5634526405,1402267.7600877052,5284525959768516,0,0
0_11:30210323333,3,796,0.013785196741536403,0.056996804438807863,8.9051536611634587e-10,8984312.7125867251,25525894.311084464,26875312.92393155,0.0041181348796830745,50730712.622239567,-1349418.616965221,1321323.6363606779,4152505091716292,0,0
0_11:30210323333,4,796,0.2028957116930703,0.10468256920643637,9.0423084192378192e-10,8856093.4265214596,25474837.783066418,26830410.161763266,0.0041815612746260141,50630040.733859062,-1355572.382878409,1298295.8757797459,4531635146148202,0,0
0_11:30210323333,5,796,0.39200622664460422,0.074734500472368029,9.1794631773121787e-10,8727874.1404561922,25426679.910550233,26756548.789672498,0.0042449876695689528,50475650.379478723,-1329868.8833672523,1275268.1151988138,4952063281720879,0,0
0_11:30210323333,6,796,0.34133421688298254,0.032893815635577292,9.1427126706479794e-10,8762230.3946115617,25456575.966458205,26802668.810855813,0.0042279926182651343,50566600.246786363,-1346092.8486256008,1200575.6049405723,3901987946049747.5,0,0
0_11:30210323333,7,796,0.53044473183451646,0.060461505543818524,9.279867428722339e-10,8634011.1085462943,25497336.453380767,26737688.170249324,0.004291419013208073,50429626.972000241,-1240351.721159976,1174422.0376252471,4252733448496639,0,0
0_11:30210323333,8,796,0.71955524678605032,0.043181922154241194,9.4170221867966995e-10,8505791.8224810287,25532440.849478364,26659068.578744497,0.0043548454081510125,50267846.087593436,-1126627.7336209787,1148268.4703099222,4641729726150439,0,0
0_11:30210331232,7,795,0.1357150147686951,0.15668103174287992,9.8500560497420671e-10,8134854.4794882713,25769904.159117416,25582142.703609299,0.0045550993198669202,48195855.149861887,187761.45095301731,-1777796.408665865,8723209257504465,0,0
0_11:30210331232,8,795,0.32482552972022899,0.085648752447268564,9.641118389487794e-10,8322765.8915233575,25606807.727952365,25610688.738520026,0.0044584773525082931,48267225.908727445,-3881.0150261387275,-1722280.8046095709,7811301485269672,0,0
0_11:30210331233,2,795,0.1580087394370818,0.051974978254268452,9.8254249567974999e-10,8157006.845172599,25788204.588236377,25800800.558155783,0.0045437088187212631,48609795.429377384,-12595.974463114697,-1465577.2682750656,5217518835649729,0,0
0_11:30210331233,3,795,0.10733672967558598,0.11747105467338451,9.8814096341310809e-10,8106656.1340692081,25718536.085989766,25747370.857027955,0.0045695985968461136,48504638.521232925,-28834.775607788128,-1588881.0194214501,6850246112741878,0,0
0_11:30210331233,4,795,0.29644724462711991,0.16467622528027262,9.6724719738768078e-10,8294567.5461042933,25660649.244654365,25783737.483126689,0.0044729766294874865,48590591.216258042,-123088.24294530049,-1505646.2577523505,6182576010734124,0,0
0_11:30210331233,5,795,0.48555775957865382,0.089904335163272481,9.4635343136225348e-10,8482478.9581393786,25533301.276078001,25824258.211675756,0.0043763546621288594,48686214.803517707,-290956.9399741097,-1422411.4960832507,5589672863384886,0,0
0_11:30210331233,6,795,0.434885749817158,0.079269626359032355,9.5195189909561137e-10,8432128.2470359877,25528052.607934628,25651032.410025712,0.004402244440253709,48354332.232442029,-122979.80649332886,-1664606.8240022759,7341009349661543,0,0
0_11:30210331233,7,795,0.62399626476869186,0.11111503618236011,9.3105813307018407e-10,8620039.6590710729,25423537.660949815,25787910.031761218,0.0043056224728950819,48632913.097851552,-364372.37511702528,-1521926.2739468559,6624679300023560,0,0
0_11:30210331233,8,795,0.81310677972022583,0.060675537732379388,9.1016436704475686e-10,8807951.0711061601,25296011.320233338,25892763.805544876,0.0042090005055364556,48853128.8193257,-596752.48952053848,-1379245.7238914361,5988920582373131,0,0
0_11:30210331303,8,795,0.098213412953741586,0.019822622121239447,9.8914894779203566e-10,8097590.6660380699,25910178.270594083,26032338.453994818,0.004574259960127401,49040675.482030854,-122160.18797499522,-1140331.7534069875,2757649865279028.5,0,0
0_11:30210331311,7,795,0.039937464618961999,0.01326217652078499,9.9558753228707977e-10,8039684.2310517412,25992564.321290307,26157363.926907685,0.0046040348078096628,49271139.642503098,-164799.6102214127,-945351.54241749784,1872068546207711.5,0,0
0_11:30210331311,8,795,0.22904797957049591,0.0069207408387772134,9.7469376626165247e-10,8227595.6430868264,25975645.12380695,26162758.510851797,0.0045074128404510357,49298357.966283195,-187113.39155225985,-922211.02047824999,1794506272183408.5,0,0
0_11:30210331312,4,795,0.069835127860632465,0.03710213688200259,9.9228430623093704e-10,8069392.3206190057,25938108.581535779,26101271.997480076,0.0045887592371065943,49168053.364770316,-163163.42053305611,-1043175.1100392838,2348757008361451,0,0
0_11:30210331312,5,795,0.25894564281216637,0.019815147755913167,9.7139054020550973e-10,8257303.7326540919,25912333.616382845,26111040.623881359,0.0044921372697479672,49203762.212684795,-198707.01199065117,-1010223.8667638919,2214829753811020.8,0,0
0_11:30210331312,6,795,0.20827363305067056,0.018220626969973629,9.7698900793886763e-10,8206953.0215507001,25893724.761530377,26039152.573236316,0.0045180270478728168,49063495.346615672,-145427.81622396651,-1119839.1573761976,2650966332546641.5,0,0
0_11:30210331312,7,795,0.39738414800220445,0.025250917841780445,9.5609524191344032e-10,8394864.4335857853,25867600.262428384,26066347.387515336,0.0044214050805141897,49133332.548345797,-198747.12950835709,-1072984.6007858242,2493444552791483,0,0
0_11:30210331312,8,795,0.58649466295373842,0.013519231438874041,9.3520147588801302e-10,8582775.8456208725,25831065.608300537,26091160.358439937,0.0043247831131555626,49200536.693625025,-260094.75446418347,-1026130.0441954507,2350655643606932.5,0,0
0_11:30210331313,0,795,0.041456842767523358,0.010289494931080221,9.9541966466983843e-10,8041193.9751999425,25981677.491949547,26130248.35225258,0.0046032585140857877,49220193.292100042,-148570.86490629165,-980911.84062704188,2024223133275510.8,0,0
0_11:30210331313,1,795,0.23056735771905726,0.014035959045312303,9.7452589864441133e-10,8229105.3872350287,25957915.40630148,26143820.422358714,0.0045066365467271614,49262817.252134115,-185905.02056387081,-953890.6831408306,1935633700501340,0,0
0_11:30210331313,2,795,0.4196778726705912,0.0073457285177172572,9.5363213261898381e-10,8417016.7992701139,25929086.838913098,26156163.330221865,0.0044100145793685335,49304949.20507165,-227076.49571878192,-926869.52565461944,1855154635284247.8,0,0
0_11:30210331313,3,795,0.36900586290909537,0.01808630094219741,9.5923060035234191e-10,8366666.088166723,25898484.818109818,26118804.718710758,0.0044359043574933839,49229299.304749615,-220319.90503684434,-989980.13923210208,2148792154825737.2,0,0
0_11:30210331313,4,795,0.55811637786062929,0.024754246080380456,9.383368343269144e-10,8554577.5002018083,25884783.627826672,26140087.988702588,0.004339282390134756,49289611.183540992,-255304.36521519814,-953363.98141191772,2053798983779534,0,0
0_11:30210331313,5,795,0.74722689281216315,0.013017361670148235,9.174430683014873e-10,8742488.9122368935,25872209.618751347,26155302.901333559,0.0042426604227761297,49340353.14281211,-283093.28682487266,-916747.82359173347,1967619262412791.5,0,0
0_11:30210331313,6,795,0.69655488305066737,0.012358501258599608,9.230415360348452e-10,8692138.2011335026,25818073.158440065,26111047.301465075,0.0042685502009009793,49250786.534121603,-292974.14729356102,-999048.43783716229,2280444789377497,0,0
0_11:30210331313,7,795,0.88566539800220123,0.016960422669819362,9.0214777000941779e-10,8880049.6131685879,25819057.404795978,26147715.224040389,0.0041719282335423522,49343364.249218479,-328657.82341633906,-952837.27968300483,2179243431428980.2,0,0
0_11:30210331313,8,796,0.074775912953734466,0.0089537158851966114,8.9493879382950606e-10,8942960.2468534391,25818000.857647602,26181331.182341903,0.0041385907557369211,49415630.280527391,-363330.3288328927,-906626.12152884749,2066170295959737,0,0
0_11:30210331320,5,795,0.12811107619541134,0.051826204541363656,9.8584572173589293e-10,8127298.7556053335,25828894.306510385,25960135.650794521,0.0045589843894243325,48907301.014286026,-131241.34884312024,-1264379.1570515139,3721041888349652,0,0
0_11:30210331320,6,795,0.077439066433915502,0.045944089286360137,9.9144418946925082e-10,8076948.0445019426,25828166.533954505,25834664.331724234,0.0045848741675491821,48666487.648402371,-6497.8023546032155,-1430411.2503820234,4745947113051948,0,0
0_11:30210331320,7,795,0.26654958138544943,0.064346933344949522,9.7055042344382352e-10,8264859.4565370278,25786200.398151815,25870245.002781618,0.004488252200190555,48750732.67082002,-84044.609118055654,-1367126.5671457136,4335893643891939,0,0
0_11:30210331320,8,795,0.45566009633698334,0.035027832827671766,9.4965665741839621e-10,8452770.868572114,25701019.80566955,25910398.670993879,0.0043916302328319279,48845439.038828492,-209378.86971595982,-1303841.8839094036,3968597664080581.5,0,0
0_11:30210331321,1,795,0.099732791102302223,0.03847453989579095,9.8898108017479431e-10,8099100.4101862703,25904055.880193301,25997120.90431273,0.0045734836664035258,48974464.840135597,-93065.028692912951,-1179121.1034404226,3079693402817073,0,0
0_11:30210331321,2,795,0.28884330605383612,0.02080257265327726,9.68087314149367e-10,8287011.8222213564,25844577.391319655,26019487.082851317,0.0044768616990448987,49034129.288326129,-174909.69600852361,-1147134.4132645831,2859499422308895.5,0,0
0_11:30210331321,3,795,0.2381712962923403,0.047842321232802069,9.736857818827249e-10,8236661.1111179637,25801457.48728,25966897.34032527,0.0045027514771697483,48930159.668578915,-165439.85754802133,-1236253.1087256465,3546417984725502.5,0,0
0_11:30210331321,4,795,0.42728181124387421,0.066805514272467989,9.527920158572978e-10,8424572.5231530499,25767307.506795727,26002905.12156428,0.0044061295098111221,49016846.36781206,-235597.61917468303,-1178973.806694237,3284781358454447,0,0
0_11:30210331321,5,795,0.61639232619540818,0.036174303292104457,9.3189824983187049e-10,8612483.935188137,25719836.292323425,26033394.524466034,0.004309507542452495,49094997.695427939,-313558.23645211617,-1121694.5046628274,3048652828421539,0,0
0_11:30210331321,6,795,0.5657203164339123,0.032348323739724315,9.3749671756522839e-10,8562133.2240847442,25665708.137602553,25942722.314935625,0.0043353973205773446,48918303.554378755,-277014.18166846916,-1261398.4238350315,3781999917166479.5,0,0
0_11:30210331321,7,795,0.75483083138544627,0.045202012717655025,9.1660295153980098e-10,8750044.6361198295,25636790.151212238,26020274.312374871,0.0042387753532187175,49086551.013451129,-383484.1654014088,-1178826.5099480515,3502536604596234,0,0
0_11:30210331321,8,795,0.94394134633698012,0.024504939711422265,8.9570918551437378e-10,8937956.0481549166,25611432.289986037,26077831.536730684,0.0041421533858600904,49219062.735033832,-466399.25088680099,-1096254.5960610714,3250540423047616,0,0
0_11:30210331322,0,795,0.26806895953401078,0.048069999010443912,9.7038255582658217e-10,8266369.2006852301,25707878.820015296,25819584.370436456,0.0044874759064666798,48655411.413126908,-111705.55490863562,-1437065.666513864,4935116722822859,0,0
0_11:30210331322,1,795,0.45717947448554469,0.067336354627597822,9.4948878980115507e-10,8454280.6127203163,25612912.855088279,25898605.179248065,0.0043908539391080536,48823366.542878687,-285692.32855064003,-1362874.7577574244,4508758147672277,0,0
0_11:30210331322,2,795,0.6462899894370786,0.036669397263367286,9.2859502377572756e-10,8642192.0247554015,25505052.862323377,25962840.923163112,0.0042942319717494256,48965372.167496957,-457788.06513396697,-1288683.849000985,4126716465714484.5,0,0
0_11:30210331322,3,795,0.59561797967558283,0.083166903069338272,9.3419349150908545e-10,8591841.3136520106,25497967.506048791,25868030.553397041,0.0043201217498742752,48780800.442866631,-370063.05166837148,-1372652.6764852817,5286439468808259,0,0
0_11:30210331322,4,795,0.78472849462711669,0.1165358582492472,9.1329972548365825e-10,8779752.7256870959,25491002.252704758,25959214.593727246,0.0042234997825156481,48975005.073479518,-468212.34524598753,-1284891.6689424899,4827050629381586,0,0
0_11:30210331322,5,795,0.97383900957865066,0.06350416723595867,8.9240595945823094e-10,8967664.1377221812,25485393.157862008,26016291.88917781,0.0041268778151570219,49106860.92838119,-530898.73544268066,-1197130.6613996984,4415489976595609.5,0,0
0_11:30210331322,6,795,0.92316699981715478,0.056134180243673483,8.9800442719158884e-10,8917313.4266187884,25319996.296449445,25987156.888741866,0.0041527675932818715,49045212.282917708,-667160.59644518816,-1308239.6864566994,5664623104867481,0,0
0_11:30210331322,7,796,0.1122775147686887,0.078666488195228451,8.9765864424377261e-10,8917533.6934317555,25353957.624931898,26128587.679622445,0.0041511685407866717,49312994.315448061,-774630.0588417158,-1206908.5801275556,5138967401371012,0,0
0_11:30210331322,8,796,0.30138802972022261,0.042887323038181741,9.1137412005120866e-10,8789314.40736649,25377630.467060082,26225077.173210308,0.0042145949357296113,49479986.551530637,-847446.71036482125,-1105577.4737984121,4641963390583574,0,0
0_11:30210331323,0,795,0.75635020953400756,0.033872240037642297,9.1643508392255974e-10,8751554.3802680317,25497261.324496567,26015443.358901769,0.0042379990594948423,49077621.887549847,-518182.03864320071,-1242737.6363556432,3933040438439385.5,0,0
0_11:30210331323,1,795,0.94546072448554153,0.047350589578748513,8.9554131789713243e-10,8939465.7923031189,25541496.209801167,26090472.125329923,0.0041413770921362152,49243120.50176248,-548975.91967013269,-1159034.7679457134,3641241727785439,0,0
0_11:30210331323,2,796,0.13457123943707541,0.02568691134608168,8.9927552441262664e-10,8902418.2702547386,25559674.352683783,26143110.584618166,0.0041586457061147273,49338583.873313859,-583436.23609302926,-1075331.8995357836,3338940490123157,0,0
0_11:30210331323,3,796,0.083899229675579584,0.058683272193015126,8.956004737462156e-10,8936774.5244100206,25505184.996205781,26086703.895598035,0.0041416506548109496,49236274.604757592,-581518.90353390528,-1153464.6804597825,4183430043975703.5,0,0
0_11:30210331323,4,796,0.27300974462711353,0.082089930944038908,9.0931594955365155e-10,8808555.2383447532,25547535.41551676,26174045.471415982,0.0042050770497538883,49385913.111473188,-626510.06010429852,-1091167.9081046472,3813690072238853,0,0
0_11:30210331323,5,796,0.46212025957864739,0.044582412481583879,9.2303142536108771e-10,8680335.9522794895,25593491.734012861,26246371.309371438,0.0042685034446968287,49507964.136248671,-652879.57962708047,-1028871.1357495121,3474967336016443,0,0
0_11:30210331323,6,796,0.41144824981715161,0.039642205958095429,9.1935637469467668e-10,8714692.2064347696,25444848.191408243,26271959.712823093,0.004251508393393051,49560015.621940218,-827111.5256663583,-1064191.7245639218,4383816608872003,0,0
0_11:30210331323,7,796,0.60055876476868553,0.055479216234964712,9.3307185050211283e-10,8586472.920369504,25558169.874407217,26304591.497462444,0.0043149347883359905,49607734.669483833,-746421.62737016194,-1023301.0482635812,3984817196604400,0,0
0_11:30210331323,8,796,0.78966927972021939,0.030156123841076254,9.4678732630954868e-10,8458253.6343042385,25633679.727277353,26346917.442249916,0.0043783611832789292,49674523.435875371,-713237.71935092425,-982410.37196324079,3621270134486942.5,0,0
0_11:30210331330,0,795,0.39890352615076513,0.019131811893290766,9.5592737429619918e-10,8396374.1777339857,25806544.921922799,26037249.643323395,0.0044206287867903154,49078641.799387068,-230704.725821225,-1122959.2877474579,2748810187989292.5,0,0
0_11:30210331330,1,795,0.58801404110229905,0.02653933433553899,9.3503360827077188e-10,8584285.5897690728,25770742.170761254,26084452.272155877,0.0043240068194316883,49188058.697639458,-313710.10571863037,-1071868.3603874585,2585520146294951,0,0
0_11:30210331330,2,795,0.7771245560538329,0.014229059726751512,9.1413984224534457e-10,8772197.0018041581,25746803.075223073,26115996.020473033,0.0042273848520730612,49269854.822563648,-369192.94947734469,-1020777.4330274593,2437218888335415,0,0
0_11:30210331330,3,795,0.72645254629233713,0.033299272480060434,9.1973830997870236e-10,8721846.2907007653,25709930.8281615,26056998.073385183,0.0042532746301979099,49152403.04644163,-347067.24947695702,-1089968.7857257698,2930004987038772,0,0
0_11:30210331330,4,795,0.91556306124387099,0.046266928070322851,8.9884454395327516e-10,8909757.7027358525,25727383.593626983,26103830.970901862,0.0041566526628392837,49264418.356757425,-376447.38143153099,-1038222.9188067529,2754399297211034.5,0,0
0_11:30210331330,5,796,0.10467357619540493,0.02486424011249239,8.971071591210663e-10,8922689.258554088,25726661.687551536,26147631.907889858,0.0041486182309258242,49349560.341491975,-420970.22448694048,-986477.05188773596,2565437177916168.5,0,0
0_11:30210331330,6,796,0.054001566433909111,0.022573556245841859,8.9343210845465536e-10,8957045.5127093717,25627078.967503455,26132786.849364348,0.0041316231796220465,49325729.885086067,-505707.88599251641,-1056978.283704082,3109104803399520,0,0
0_11:30210331330,7,796,0.24311208138544302,0.03140415547318031,9.0714758426209132e-10,8828826.2266441043,25652209.680679876,26196750.096502755,0.0041950495745649852,49431103.820630118,-544540.420017928,-1004577.4772260473,2865514225263442,0,0
0_11:30210331330,8,796,0.43222259633697696,0.016909009515321451,9.2086306006952737e-10,8700606.9405788388,25688766.262639455,26246302.820061542,0.0042584759695079247,49510058.577882059,-557536.56168056256,-952176.67074801272,2639155550285248,0,0
0_11:30210331331,0,795,0.88718477615076186,0.013018660403669075,9.0197990239217665e-10,8881559.3573167883,25756836.048477616,26138904.214904185,0.0041711519398184771,49326932.683338642,-382068.17059772118,-992498.12927819276,2364263650262289,0,0
0_11:30210331331,1,796,0.076295291102295826,0.017893936957749618,8.9504898862350929e-10,8941930.089532353,25780637.697243784,26175747.132447191,0.0041391003449501012,49404964.838503271,-395109.43934250728,-946407.464782667,2236494231912317.5,0,0
0_11:30210331331,2,796,0.26540580605382974,0.0094674392110051936,9.0876446443094524e-10,8813710.8034670874,25797639.282614194,26214908.266546246,0.0042025267398930408,49463610.528344855,-417268.98813457857,-900316.80028714135,2085834202814018.2,0,0
0_11:30210331331,3,796,0.21473379629233391,0.022782049212556159,9.0508941376453431e-10,8848067.0576223694,25742522.634970538,26186269.614748914,0.004185531688589263,49413577.990754284,-443746.98396390717,-960919.74985397386,2455406950357654.5,0,0
0_11:30210331331,4,796,0.40384431124386783,0.031394263335106386,9.1880488957197037e-10,8719847.7715571038,25769351.546676036,26229229.244784497,0.0042489580835322026,49479980.053583801,-459877.70235741884,-924838.16114697082,2285546892180104.5,0,0
0_11:30210331331,5,796,0.59295482619540174,0.016671385814116944,9.3252036537940632e-10,8591628.4854918383,25796057.663717739,26268819.837103289,0.0043123844784751422,49540812.734265879,-472762.1776979338,-888756.57243996777,2126164937529873,0,0
0_11:30210331331,6,796,0.54228281643390597,0.015511125136071445,9.2884531471299549e-10,8625984.7396471202,25721224.70753026,26268521.295549057,0.0042953894271713653,49543880.324639976,-547296.59231418674,-929341.37042975507,2521453074208105,0,0
0_11:30210331331,7,796,0.73139333138543983,0.021419030412727261,9.4256079052043154e-10,8497765.4535818547,25766940.56286874,26289866.863244966,0.0043588158221143048,49570880.319914274,-522926.30473504111,-903268.85751127463,2340073825960635.5,0,0
0_11:30210331331,8,796,0.92050384633697369,0.011408382465143314,9.5627626632786739e-10,8369546.1675165882,25797960.555012882,26316082.416271321,0.0044222422170572427,49607860.475825645,-518121.86568068195,-877196.34459279419,2170651984377370.5,0,0
0_11:30210331332,0,796,0.24463145953400439,0.023672071945355585,9.0725777905609455e-10,8827796.0693230182,25606211.33811558,26188934.363581024,0.0041955591637781661,49416236.233680159,-582723.02966100292,-1036795.0528227275,3174699044034800,0,0
0_11:30210331332,1,796,0.43374197448553831,0.032956263406680737,9.2097325486353071e-10,8699576.7832577527,25673258.13455496,26233143.65862504,0.0042589855587211057,49485122.173888251,-559885.52832906588,-988066.36839556508,2920826117197532,0,0
0_11:30210331332,2,796,0.62285248943707217,0.017763930594583976,9.3468873067096666e-10,8571357.4971924871,25726544.867040046,26278846.214924894,0.0043224119536640453,49557606.454562567,-552301.35220726067,-939337.68396840303,2686022481672526.5,0,0
0_11:30210331332,3,796,0.57218047967557639,0.041113622960351481,9.3101368000455573e-10,8605713.7513477691,25632096.689884242,26275842.249530856,0.0043054169023602675,49555538.13258478,-643745.56395203085,-1000426.0499843105,3298705039888448.5,0,0
0_11:30210331332,4,796,0.76129099462711025,0.0573077035583716,9.4472915581199168e-10,8477494.4652825035,25687515.669491015,26303699.147238802,0.0043688432973032071,49594939.832639709,-616183.48211663007,-964971.52196660964,3026906481572839,0,0
0_11:30210331332,5,796,0.95040150957864422,0.030945549802597394,9.5844463161942794e-10,8349275.179217237,25721284.316930577,26338871.378799066,0.0044322696922461475,49648924.240308464,-617587.06630075851,-929516.99394890864,2776333305427278.5,0,0
0_11:30210331332,6,796,0.89972949981714834,0.027824353690056921,9.547695809530169e-10,8383631.4333725199,25664526.172749802,26352825.912465844,0.0044152746409423698,49678454.42163004,-688299.74413131643,-964057.04714589391,3431820454207648.5,0,0
0_11:30210331333,0,796,0.73291270953400123,0.016306214589385404,9.4267098531443467e-10,8496735.2962607685,25750434.505442817,26293260.26649883,0.0043593254113274841,49577175.545786992,-542825.7654153388,-918494.4746973064,2563673256295187.5,0,0
0_11:30210331333,1,796,0.92202322448553509,0.02254357510598835,9.5638646112187073e-10,8368516.0101955021,25780016.710983317,26310096.114008822,0.0044227518062704236,49596479.131674439,-530079.40744825604,-895595.644023587,2375565578051697.5,0,0
0_11:30210332033,7,795,0.10065799830167368,0.50083490548629406,9.8887885919171642e-10,8100019.7508760439,25931418.831131928,27454033.859538112,0.0045730109516005412,51719144.355663054,-1522615.032979195,2100200.345832156,25281368407676660,0,0
0_11:30210332033,8,795,0.28976851325320757,0.3500097815245089,9.6798509316628932e-10,8287931.1629111301,25694484.976524793,27558779.388297506,0.0044763889842419149,51935045.166645817,-1864294.416249102,2116035.671353986,28148017122467568,0,0
0_11:30210332112,8,795,0.063156396486719807,0.42469552791658438,9.9302220200954558e-10,8062755.9374258425,25702258.561692577,25691783.110543687,0.0045921715918610228,48396112.975451343,10475.446556718367,-1546843.673456236,33745167297697468,0,0
0_11:30210332113,4,795,0.0347781113936107,0.88698138525144499,9.9615756044844696e-10,8034557.5920067783,25625090.020479552,25699622.629514351,0.0046066708688402161,48408486.008568823,-74532.613641469914,-1713069.0383378048,27751016820370768,0,0
0_11:30210332113,5,795,0.22388862634514461,0.50063492073612903,9.7526379442301966e-10,8222469.0040418645,25492334.266662039,25556556.699825536,0.004510048901481589,48155616.935683034,-64222.437673546498,-1885489.8418552747,25198701288859372,0,0
0_11:30210332113,6,795,0.17321661658364879,0.40532414429629787,9.8086226215637755e-10,8172118.2929384718,25652513.081175562,25475457.50710173,0.0045359386796064386,47998194.213549204,177055.56953789381,-1695100.32064535,32266506219143740,0,0
0_11:30210332113,7,795,0.3623271315351827,0.58807377751555856,9.5996849613095024e-10,8360029.7049735589,25648298.770339988,25391656.426652201,0.0044393167122478115,47858093.74053663,256642.33924847093,-1778814.7764450735,29396124133980888,0,0
0_11:30210332113,8,795,0.55143764648671656,0.33370592314102959,9.3907473010552314e-10,8547941.1170086451,25074252.505362645,25385479.003208514,0.0043426947448891853,47866001.45603548,-311226.50218856428,-1862529.2322447973,26832298206750560,0,0
0_11:30210332121,5,795,0.093054059728390079,0.80314574567346286,9.8971897595340264e-10,8092464.0269931071,25474861.821012162,26605852.248231295,0.0045768960211579534,50120618.872858316,-1130990.4317960299,-216877.45601190504,39710825194009032,0,0
0_11:30210332121,6,795,0.042382049966894229,0.49106013622980343,9.9531744368676074e-10,8042113.3158897152,25678909.181096334,26790542.619951364,0.0046027857992828039,50464036.39411886,-1111633.4434578153,824736.14718285715,38877059909993944,0,0
0_11:30210332121,7,795,0.23149256491842815,0.79811919984262569,9.7442367766133344e-10,8230024.7279248005,25861739.622168317,26497467.50564865,0.0045061638319241768,49929283.748591222,-635727.88798649667,401842.0191912658,39485179336184408,0,0
0_11:30210332121,8,795,0.42060307986996209,0.50673318007953727,9.5352991163590613e-10,8417936.1399598867,25559759.342843689,26413134.812182605,0.0044095418645655497,49789443.923304588,-853375.47374845808,-21052.108800325441,40115295535751696,0,0
0_11:30210332122,2,795,0.12295172297006031,0.47199232181013573,9.8641574989726012e-10,8122172.1165603716,25513923.962063864,27144364.307949461,0.0045616204504548858,51137834.686585464,-1630440.3504472177,1093086.0023880189,37445201524837328,0,0
0_11:30210332122,3,795,0.072279713208564481,0.6246384148659524,9.9201421763061781e-10,8071821.4054569798,25506277.155324079,27557553.811663799,0.0045875102285797345,51911536.110470854,-2051276.66092723,1721065.6015860895,31208281947043716,0,0
0_11:30210332122,4,795,0.26139022816009838,1.0789062399743838,9.7112045160519071e-10,8259732.817492066,25493061.200452134,27316083.572549377,0.0044908882612211083,51474796.943471529,-1823022.3765881308,1441185.2671334201,33603159837107164,0,0
0_11:30210332122,5,795,0.4505007431116323,0.72859530462462718,9.502266855797634e-10,8447644.2295271512,25095560.43216015,27200981.61458645,0.0043942662938624812,51277833.471308373,-2105421.1868205662,1161304.9326807507,36225325215280360,0,0
0_11:30210332122,6,795,0.39982873335013658,0.37062474926364897,9.5582515331312129e-10,8397293.5184237603,25532363.63136261,27478954.263155669,0.0044201560719873308,51796268.544342227,-1946590.6362132155,2007456.6080248812,29740319483254392,0,0
0_11:30210332122,7,795,0.58893924830167044,0.6453610532368983,9.3493138728769399e-10,8585204.9304588456,25072856.999019034,27283337.806781583,0.0043235341046287037,51448934.379582807,-2210480.8120860825,1618490.235499182,32267733601090580,0,0
0_11:30210332122,8,795,0.77804976325320441,0.43942729458102703,9.1403762126226668e-10,8773116.3424939327,24397496.230936281,27093939.053596333,0.0042269121372700766,51114938.318137631,-2696442.8268869636,1229523.8629734828,35053098995431064,0,0
0_11:30210332123,0,795,0.23301194306698927,0.48477842743635319,9.7425581004409209e-10,8231534.4720730018,25376252.212424841,27000418.0799556,0.0045053875382003016,50877144.675490119,-1624165.8720361469,918654.11836625193,38433956143284936,0,0
0_11:30210332123,1,795,0.42212245801852322,0.79315084262172153,9.5336204401866478e-10,8419445.8841080889,24918260.601757631,26842185.484208364,0.0044087655708416745,50598378.816608563,-1923924.8868594989,490014.69778129767,39293200532344560,0,0
0_11:30210332123,2,795,0.61123297297005708,0.5069505313790218,9.3246827799323748e-10,8607357.2961431742,24148824.770805679,26773592.738923714,0.0043121436034830474,50490293.048199266,-2624767.972430178,61375.277196343486,40180217277716504,0,0
0_11:30210332123,3,795,0.5605609632085613,0.7525766069047779,9.3806674572659537e-10,8557006.5850397814,24958071.22245796,26883199.614589557,0.004338033381607897,50691099.373437375,-1925128.3964696303,961602.40863750398,37375107821108056,0,0
0_11:30210332123,4,795,0.74967147816009516,1.2449843343340421,9.1717297970116817e-10,8744917.9970748685,24874156.456490051,26635162.22735193,0.0042414114142492699,50245880.656627826,-1761005.7751032903,555206.68211776298,38616223436409816,0,0
0_11:30210332123,5,795,0.93878199311162902,0.80467288355409583,8.9627921367574086e-10,8932829.4091099538,24866244.702053748,26209815.353923518,0.0041447894468906428,49467486.352596954,-1343570.6560145596,148810.95559802186,39897695528818464,0,0
0_11:30210332123,6,795,0.88810998335013336,0.45643941135626387,9.0187768140909876e-10,8882478.6980065629,24218071.311990321,26808957.041850198,0.0041706792250154924,50591516.948814183,-2590885.7340305564,1004550.6989087561,36360370893028472,0,0
0_11:30210332123,7,796,0.077220498301667148,0.76341180529035435,8.9511609042883779e-10,8941302.7875201087,24279347.328631248,26959917.58393224,0.0041394106532227342,50884954.971460797,-2680570.259440402,620398.66645422822,37964001726891784,0,0
0_11:30210332123,8,796,0.26633101325320108,0.498928246412084,9.0883156623627384e-10,8813083.5014548432,23993961.685786601,26682227.754925303,0.0042028370481656746,50345298.56910105,-2688266.0733415391,236246.63399970022,39597020665710248,0,0
0_11:30210332130,1,795,0.064675774635280944,0.73735550715019693,9.9285433439230423e-10,8064265.6815740429,25738964.630016085,25808928.881375294,0.0045913952981371476,48616912.616036899,-69964.255950604711,-1052472.4630730972,36519732123821984,0,0
0_11:30210332130,2,795,0.25378628958681487,0.43550956225207371,9.7196056836687692e-10,8252177.09360913,25512620.436787218,25757985.084103178,0.0044947733307785205,48537973.40145535,-245364.65181073372,-1471642.3401414591,34603447890173960,0,0
0_11:30210332130,3,795,0.20311427982531904,0.79320283820147397,9.7755903610023482e-10,8201826.3825057372,25392444.892152302,26342121.644168027,0.0045206631089033701,49633868.605239563,-949676.75653638784,-420202.98375636118,39238180583501576,0,0
0_11:30210332130,4,795,0.39222479477685296,1.2113772523177415,9.5666527007480751e-10,8389737.7945408244,25357198.243059572,26089322.290761631,0.004424041141544743,49176106.878821902,-732124.05212610029,-738022.68300985964,37526294505456416,0,0
0_11:30210332130,5,795,0.58133530972838687,0.72291867085922912,9.3577150404938021e-10,8577649.2065759096,24935377.553530045,25893153.511715323,0.0043274191741861159,48826574.483369835,-957775.96251269709,-1055842.382263358,35908949710372444,0,0
0_11:30210332130,6,795,0.5306632999668911,0.50373701557738981,9.413699717827381e-10,8527298.4954725169,25175981.787567642,26163639.584033161,0.0043533089523109655,49330971.508961044,-987657.80081882875,-207103.38150798701,39890510530230456,0,0
0_11:30210332130,7,795,0.71977381491842496,0.77748577217200932,9.204762057573109e-10,8715209.9075076021,24783619.432955135,26230539.446938947,0.0042566869849523384,49478955.772642367,-1446920.0182404991,-423572.90294662199,38560349231422760,0,0
0_11:30210332130,8,795,0.90888432986995893,0.46885181200507509,8.9958243973188359e-10,8903121.3195426892,24301604.513421271,26185941.288228802,0.0041600650175937113,49418510.010050811,-1884336.7789675964,-640042.42438525695,37281996632517792,0,0
0_11:30210332131,0,795,0.36384650968374382,0.41676192308854521,9.598006285137091e-10,8361539.4491217602,24966194.300272863,25602437.449588407,0.0044385404185239372,48255524.274863601,-636243.15375408391,-1604724.3851852063,33176055685649004,0,0
0_11:30210332131,1,795,0.55295702463527774,0.60690837500808692,9.3890686248828159e-10,8549450.8611568455,24549338.873581886,25799525.231557246,0.0043419184511653093,48646880.003060527,-1250186.3623172785,-1642889.847749294,30346655165325904,0,0
0_11:30210332131,2,795,0.74206753958681171,0.34565045899875757,9.1801309646285449e-10,8737362.2731919307,23988944.88753796,25858398.407236166,0.004245296483806683,48779642.014810689,-1869453.5239435029,-1681055.3103133817,27801227827079316,0,0
0_11:30210332131,3,795,0.69139552982531594,0.69536059221139246,9.2361156419621239e-10,8687011.5620885398,24652484.761528265,25719871.202130623,0.0042711862619315326,48512345.736094177,-1067386.4448735446,-1139696.1497024493,34598474463941776,0,0
0_11:30210332131,4,795,0.88050604477684979,1.0200502814101204,9.0271779817078498e-10,8874922.9741236251,24896162.34396271,25925475.539461765,0.0041745642945729047,48923317.465447553,-1029313.1996736194,-1110039.2240117635,31872095487161232,0,0
0_11:30210332131,5,796,0.069616559728383612,0.58513516821406819,8.9456460530613138e-10,8946458.3526424412,24700008.159577303,25927729.781549163,0.0041368603433618858,48937397.305530034,-1227721.6261087209,-1080382.2983210774,29376745765858128,0,0
0_11:30210332131,6,796,0.018944549966887794,0.45332631157240899,8.9088955463972044e-10,8980814.6067977231,24317223.52941379,26451676.766116776,0.0041198652920581089,49930603.951734513,-2134453.2408228512,-674667.9142196927,36120694004313288,0,0
0_11:30210332131,7,796,0.20805506491842171,0.6699338195678447,9.046050304471565e-10,8852595.3207324576,24318795.588866018,26798597.75221578,0.0041832916870010485,50569587.938265264,-2479802.167533054,-577188.6002742328,33465796028985628,0,0
0_11:30210332131,8,796,0.3971655798699556,0.38709589770001418,9.1832050625459255e-10,8724376.034667192,24480904.293089323,26850987.48446421,0.0042467180819439881,50653407.920432702,-2370083.195621605,-479709.28632877296,31026034795919000,0,0
0_11:30210332132,0,795,0.72129319306698614,0.50589294383084482,9.2030833814006955e-10,8716719.6516558044,23849290.374893289,26622208.040387992,0.0042559106912284633,50217950.359304659,-2772917.6697506136,-112978.67327381867,40109706118829696,0,0
0_11:30210332132,1,795,0.91040370801851989,0.78586882644098122,8.9941457211464235e-10,8904631.0636908896,24218731.710405473,26721560.870173141,0.004159288723869837,50429541.471087493,-2502829.1639269576,-283505.15165231307,39019518461532648,0,0
0_11:30210332132,2,796,0.09951422297005387,0.47694228217378964,8.9673297059769172e-10,8926187.36434309,24305974.942228716,26380299.238868479,0.0041468878185507898,49789111.077359624,-2074324.3007866507,-454031.63003080752,37916329048583496,0,0
0_11:30210332132,3,796,0.048842213208558041,0.80835210506603872,8.9305791993128068e-10,8960543.6184983719,24912495.869930945,26121024.880040679,0.004129892767247012,49303958.672344856,-1208529.0142396265,-2619.4994421571851,40074210897431720,0,0
0_11:30210332132,4,796,0.23795272816009194,1.2703244041409911,9.0677339573871674e-10,8832324.3324331064,25007674.741352633,26388117.398335326,0.0041933191621899516,49792608.913396306,-1380442.6611760131,-116613.27072229692,39377541934281016,0,0
0_11:30210332132,5,796,0.4270632431116258,0.77985301825019249,9.2048887154615279e-10,8704105.0463678408,25172321.979132701,26471609.135036748,0.0042567455571328912,49935457.24526123,-1299287.1601607928,-230607.04200243665,38686043867710688,0,0
0_11:30210332132,6,796,0.37639123335013003,0.50454838105408428,9.1681382087974186e-10,8738461.3005231228,24334474.39695248,26689993.682498291,0.0042397505058291134,50351299.837312296,-2355519.2897855616,107739.67438950427,40015564010988096,0,0
0_11:30210332132,7,796,0.56550174830166389,0.80213435684661072,9.3052929668717791e-10,8610242.0144578572,25184497.871488713,26631933.522092104,0.004303176900772053,50227601.736392617,-1447435.6549065681,50278.610207719263,39745817030840848,0,0
0_11:30210332132,8,796,0.75461226325319786,0.49814355934986548,9.4424477249461397e-10,8482022.7283925917,25732502.181221686,26655525.502642643,0.0043666032957149926,50258755.182246126,-923023.32578755973,-7182.4539740657447,39482692067430672,0,0
0_11:30210332133,0,796,0.20957444306698284,0.46266190548944075,9.0471522524115984e-10,8851565.1634113714,24465290.039822619,26548396.532259617,0.0041838012762142295,50097329.461583741,-2083106.4966207989,-476926.73047565523,36818887588205888,0,0
0_11:30210332133,1,796,0.39868495801851678,0.6870534660288391,9.1843070104859579e-10,8723345.8773461059,25174199.946835399,26677566.971526179,0.0042472276711571682,50326139.825408086,-1503367.0289380085,-385079.07413075294,34257610259258920,0,0
0_11:30210332133,2,796,0.58779547297005064,0.39888078225027035,9.3214617685603174e-10,8595126.5912808385,25649424.938848719,26805892.108278282,0.0043106540661001077,50554060.898050986,-1156467.173740217,-293231.41778585076,31905503123606040,0,0
0_11:30210332133,3,796,0.53712346320855475,0.76109893686134944,9.2847112618962091e-10,8629482.8454361204,25340244.018231466,26731073.622708462,0.0042936590147963308,50416659.089930452,-1390829.6087706548,-262419.03459235711,37789624990810504,0,0
0_11:30210332133,4,796,0.72623397816008872,1.1407645852245818,9.4218660199705696e-10,8501263.5593708549,25776675.735665683,26819724.580148432,0.0043570854097392704,50570311.864134967,-1043048.8488398351,-257746.91095231596,35470492299042252,0,0
0_11:30210332133,5,796,0.91534449311162258,0.6683448273916196,9.5590207780449281e-10,8373044.2733055903,25834837.498986613,27010526.863886744,0.0044205118046822091,50917279.734047502,-1175689.3693206427,-253074.78731227477,33323829862324836,0,0
0_11:30210332133,6,796,0.86467248335012681,0.48914144369950163,9.5222702713808198e-10,8407400.5274608731,25944059.73096117,26780491.570887916,0.0044035167533784322,50486961.874217473,-836431.84433026251,-47911.338709058968,38788071024504632,0,0
0_11:30210332201,8,795,0.15893394663645308,0.15601981947475535,9.8244027469667231e-10,8157926.1858623717,25760192.080944914,27567284.310094569,0.0045432361039182793,51938014.355996184,-1807092.2336928905,2141231.4403750012,13270970966885078,0,0
0_11:30210332202,5,795,0.1888316098781232,0.15718581444277038,9.7913704864052958e-10,8187634.2754296372,25657064.671931818,27460180.742295824,0.0045279605332152108,51739118.881423078,-1803116.0748919663,1843207.3883089002,8845172723344854,0,0
0_11:30210332202,6,795,0.13815960011662737,0.06964264493079457,9.8473551637388747e-10,8137283.5643262444,25811204.171640769,27335434.084752306,0.0045538503113400604,51499224.992117733,-1524229.917665388,1731847.5289079254,6641258663659446,0,0
0_11:30210332202,7,795,0.32727011506816128,0.12747971459765128,9.6384175034846017e-10,8325194.9763613306,25691174.633364439,27328981.498009432,0.0044572283439814333,51505864.165280789,-1637806.8691022214,1784514.4180034962,7438121612207278,0,0
0_11:30210332202,8,795,0.51638063001969525,0.090949766035776855,9.4294798432303286e-10,8513106.3883964177,25434874.777279705,27371942.94512815,0.0043606063766228062,51607557.966426395,-1937068.1722090519,1837181.3070990669,8333949966922716,0,0
0_11:30210332203,1,795,0.16045332478501409,0.20930363152177578,9.8227240707943096e-10,8159435.930010573,25689012.743961234,27536794.364836667,0.0045424598101944033,51880716.177640624,-1847781.6254178928,2009478.8096832784,11339323398399704,0,0
0_11:30210332203,2,795,0.34956383973654798,0.14929370999507569,9.6137864105400386e-10,8347347.3420456592,25377522.967608161,27648111.214887314,0.004445837842835778,52109683.23673629,-2270588.2517249901,2110157.122961117,12789247498148850,0,0
0_11:30210332203,3,795,0.2988918299750522,0.16978765743922142,9.6697710878736155e-10,8296996.6309422674,25532534.566760112,27476910.817867562,0.0044717276209606267,51781703.805891044,-1944376.2555791782,1864613.2354068665,9466108130491070,0,0
0_11:30210332203,4,795,0.48800234492658606,0.31029853684325748,9.4608334276193445e-10,8484908.0429773536,25355221.442915753,27401483.224500414,0.0043751056536020004,51660017.999703482,-2046261.7859597672,1859829.1668620375,10648413537892176,0,0
0_11:30210332203,5,795,0.67711285987811998,0.22134721461371909,9.2518957673650714e-10,8672819.4550124388,25070969.60869173,27336705.912310708,0.0042784836862433734,51560224.277712837,-2265736.3078974625,1855045.0983172085,11988630988545504,0,0
0_11:30210332203,6,795,0.6264408501166242,0.098255542587708175,9.3078804446986504e-10,8622468.7439090479,25225370.143715926,27330667.364328712,0.0043043734643682229,51542663.080408938,-2105297.2249171603,1820425.9744082934,8909619902763506,0,0
0_11:30210332203,7,795,0.81555136506815806,0.17965126744148741,9.0989427844443763e-10,8810380.1559441332,24994604.082236573,27219359.004204117,0.004207751497009595,51356398.262092024,-2224754.9261752954,1710179.5240407966,10010559054434768,0,0
0_11:30210332203,8,796,0.0046618800196920043,0.12817829539126668,8.8985368619963632e-10,8990498.4350301437,24746870.881542068,27070993.065850019,0.004115074980609046,51100881.436213829,-2324122.1884230264,1599933.0736732997,11252628135606890,0,0
0_11:30210332210,4,795,0.13055566154334397,0.52702801274556021,9.8557563313557369e-10,8129727.8404433085,25664866.614747964,27617695.053054113,0.0045577353808974727,52030273.18950288,-1952828.4428638844,2064672.4926388236,17087077930607770,0,0
0_11:30210332210,5,795,0.31966617649487788,0.37422250186949313,9.6468186711014659e-10,8317639.2524783947,25379713.08342506,27692223.242792185,0.0044611134135388465,52189648.926164329,-2312510.1638282388,2096126.8166303141,19265704948711028,0,0
0_11:30210332210,6,795,0.26899416673338206,0.16829228157358628,9.7028033484350428e-10,8267288.5413750028,25669117.370965175,27623349.180000238,0.0044870031916636952,52054589.459186204,-1954231.813522066,2164874.8324240325,14230466735338380,0,0
0_11:30210332210,7,795,0.45810468168491597,0.30618602440284232,9.4938656881807718e-10,8455199.953410089,25426135.910147168,27543975.748742402,0.0043903812243050689,51925279.505955704,-2117839.8429856151,2120232.7696704264,16023778991001580,0,0
0_11:30210332210,8,795,0.64721519663644989,0.21772797268267965,9.2849280279264977e-10,8643111.3654451743,24896070.190491598,27535542.103482611,0.004293759256946441,51931566.810125209,-2639471.9172847727,2075590.7069168198,18073719040134412,0,0
0_11:30210332211,0,795,0.10217737645023468,0.26943484237774756,9.8871099157447507e-10,8101529.4950242443,25675606.71088035,27709049.37390374,0.0045722346578766651,52199696.515575416,-2033442.6675956245,2139988.1509795203,21955483612812588,0,0
0_11:30210332211,1,795,0.29128789140176858,0.48253557704383992,9.6781722554904797e-10,8289440.9070593305,25425732.992240019,27669303.162373591,0.0044756126905180398,52143486.913180262,-2243570.1746091847,2112594.3804768282,24444835980658848,0,0
0_11:30210332211,2,795,0.4803984063533025,0.3380241667596634,9.4692345952362067e-10,8477352.3190944158,24752074.089914806,27747025.667273201,0.0043789907231594127,52310598.68739707,-2994951.5817373856,2085200.6099741366,27269806662403816,0,0
0_11:30210332211,3,795,0.42972639659180689,0.40171514038609274,9.5252192725697856e-10,8427001.6079910249,25171044.269569553,27621739.098710932,0.0044048805012842623,52068704.952091955,-2450694.833546259,2049449.85245289,20595808058556544,0,0
0_11:30210332211,4,795,0.61883691154334075,0.72185344742686675,9.3162816123155126e-10,8614913.0200261101,24980881.155461226,27392211.009820469,0.0043082585339256352,51657811.501735166,-2411329.8586675017,1857590.5297399207,22982169477241548,0,0
0_11:30210332211,5,795,0.80794742649487472,0.50734017197779191,9.1073439520612395e-10,8802824.4320611972,24677283.901667144,27101246.700021137,0.0042116365665670081,51132564.380677797,-2423962.8025656291,1665731.2070269522,25688849299274452,0,0
0_11:30210332211,6,795,0.75727541673337884,0.2340500577920902,9.1633286293948195e-10,8752473.7209578045,24491284.72638417,27343502.267228704,0.0042375263446918577,51583096.923621051,-2852217.5450820602,1958911.55392626,19332850118899432,0,0
0_11:30210332211,7,795,0.94638593168491281,0.42200073009905709,8.9543909691405454e-10,8940385.1329928897,24463265.738358568,27222041.470086277,0.0041409043773332306,51378970.05064702,-2758775.7358686123,1602586.679003014,21634695727355404,0,0
0_11:30210332211,8,796,0.1354964466364465,0.29758259576155577,8.9934262621795503e-10,8901790.9682424925,24056136.610707376,26894519.230638895,0.0041589560143873603,50756602.36105179,-2838382.624090475,1246261.8040797678,24202319282582068,0,0
0_11:30210332212,0,795,0.45962405983347698,0.16107857788645974,9.4921870120083583e-10,8456709.6975582894,25110626.147702005,27640732.34199113,0.0043896049305811929,52107854.033157609,-2530106.1986787305,2114574.9872095245,13709142999029194,0,0
0_11:30210332212,1,795,0.64873457478501084,0.29327687710854022,9.2832493517540853e-10,8644621.1095933747,24816459.569055781,27551791.101650104,0.0042929829632225658,51962398.384808064,-2735331.5368873063,2029078.6276342412,15437868410854818,0,0
0_11:30210332212,2,795,0.83784508973654481,0.20867805523815053,9.0743116914998122e-10,8832532.5216284618,24497387.60692136,27396626.558468767,0.0041963609958639387,51693795.321267597,-2899238.9557437678,1943582.268058958,17406503643498656,0,0
0_11:30210332212,3,795,0.78717307997504893,0.23888610372089936,9.1302963688333912e-10,8782181.810525069,24899970.848720614,27160050.792957101,0.0042222507739887892,51240832.559600666,-2260079.9484587377,1810063.3241947629,12837988481114426,0,0
0_11:30210332212,4,795,0.9762835949265829,0.43533222035883978,8.9213587085791191e-10,8970093.2225601561,25006878.675312012,26960259.823760349,0.0041256288066301621,50888977.345538504,-1953381.1525739657,1660267.9005263764,14450031736849026,0,0
0_11:30210332212,5,796,0.16539410987811681,0.3099704043296137,9.0151099150951527e-10,8881519.9799431413,24736900.763575729,26672919.021368295,0.0041689834895762626,50335917.430975854,-1936018.2619615495,1510472.4768579903,16233467591847720,0,0
0_11:30210332212,6,796,0.11472210011662098,0.13838395892833633,8.9783594084310434e-10,8915876.2340984251,24577162.516793627,26961449.726879511,0.0041519884382724857,50884664.755786799,-2384287.214237872,1505551.6611800012,12015479610276612,0,0
0_11:30210332212,7,796,0.3038326150681549,0.25244123129859436,9.1155141665054039e-10,8787656.9480331577,24659092.813115742,26770284.883307744,0.0042154148332154253,50508459.663995378,-2111192.0744074164,1291457.1734185119,13469031532805030,0,0
0_11:30210332212,8,796,0.49294313001968881,0.17989160343471,9.2526689245797645e-10,8659437.6619678922,24782817.209830504,26432752.164438564,0.0042788412281583648,49857243.441403858,-1649934.9588869016,1077362.6856570223,15124719431006642,0,0
0_11:30210332213,0,795,0.94790530983347376,0.22446600268891953,8.952712292968133e-10,8941894.877141092,24458290.973334808,27096293.208532639,0.0041401280836093554,51141840.32238315,-2638002.2393379589,1811524.0040159759,18619608435578540,0,0
0_11:30210332213,1,796,0.13701582478500771,0.40537436785252834,8.9945282101195827e-10,8900760.8109214064,24682662.697001841,26795146.595184334,0.0041594656036005404,50568934.998940699,-2112483.9023419581,1443203.2388430205,20809913070206724,0,0
0_11:30210332213,2,796,0.32612633973654159,0.28630368640169929,9.1316829681939432e-10,8772541.5248561408,24716208.425444245,26330370.657331977,0.00422289199854348,49676725.446217582,-1614162.2361106237,1074882.4736700654,23287559291529212,0,0
0_11:30210332213,3,796,0.27545432997504576,0.33369633134347088,9.0949324615298328e-10,8806897.7790114228,24787303.8946057,26528827.309341867,0.0042058969472397022,50055131.568423681,-1741523.4189420636,1395566.2145567574,17349205505222552,0,0
0_11:30210332213,4,796,0.46456484492657968,0.60395094753351242,9.2320872196041944e-10,8678678.4929461572,25130748.653128073,26389968.145130262,0.0042693233421826418,49778645.861708358,-1259219.4962715125,1150487.2246394877,19416593810444840,0,0
0_11:30210332213,5,796,0.65367535987811365,0.42742690197001926,9.3692419776785539e-10,8550459.2068808917,25292365.336400677,26195433.849280868,0.0043327497371255814,49398152.134402066,-903068.51721294096,905408.23472221754,21778065077322976,0,0
0_11:30210332213,6,796,0.60300335011661776,0.19383188437861312,9.3324914710144436e-10,8584815.4610361736,25057082.822222449,26288750.001804892,0.0043157546858218036,49577685.890199818,-1231667.1838981977,979608.42509753921,16173372768535896,0,0
0_11:30210332213,7,796,0.79211386506815173,0.35160558866507569,9.4696462290888062e-10,8456596.1749709081,25595575.112019561,26143664.52417931,0.0043791810807647441,49291148.196341023,-548089.41653892945,857771.2104359545,18131867769348076,0,0
0_11:30210332213,8,796,0.98122438001968559,0.24936531135135173,9.6068009871631647e-10,8328376.8889056416,25794138.31942996,26043935.686201796,0.0044426074757076828,49091057.901231609,-249797.37121444332,735933.99577436992,20376005029782156,0,0
0_11:30210332220,0,795,0.32878949321672229,0.066588008007321717,9.6367388273121882e-10,8326704.7205095319,25596340.195131171,27345987.102414437,0.0044564520502575573,51538072.731331259,-1749646.9117397172,1706763.2576131742,6436891419069699,0,0
0_11:30210332220,1,795,0.51790000816825621,0.12190553319544925,9.4278011670579172e-10,8514616.1325446181,25388849.431938749,27322508.428071294,0.0043598300828989311,51514527.192618586,-1933659.0004923753,1735914.1175945054,7201372783832364,0,0
0_11:30210332220,2,795,0.70701052311979007,0.086971067640869787,9.2188635068036431e-10,8702527.5445797034,25134662.34760863,27302951.774217393,0.004263208115540304,51500263.243531682,-2168289.4308719719,1765064.9775758367,8057577433547080,0,0
0_11:30210332220,3,795,0.65633851335829463,0.098672437883766506,9.274848184137222e-10,8652176.8334763125,25413699.290044181,27149359.518056907,0.0042890978936651536,51204336.817048952,-1735660.2323018236,1575231.0598784201,6103422689690803,0,0
0_11:30210332220,4,795,0.8454490283098286,0.18067524834171764,9.06591052388295e-10,8840088.2455113977,25315804.113407977,27048442.569566514,0.0041924759263065273,51037813.1809792,-1732638.4603510133,1549247.4763813531,6812735481734175,0,0
0_11:30210332220,5,796,0.034559543261362118,0.12888541733872011,8.9202205149119656e-10,8970227.4467307925,25199941.937586937,26911452.791790787,0.0041251024557979491,50797135.698166341,-1711510.8583289525,1523263.8928842861,7593108506845504,0,0
0_11:30210332220,6,795,0.98388753349974079,0.05705526628163738,8.9129575409623945e-10,8977648.9464429673,25241264.740044914,26993050.87428046,0.0041217437370728131,50951922.857364558,-1751786.1383572898,1443698.862143666,5798926214030895,0,0
0_11:30210332220,7,796,0.17299804845127434,0.10450802162290614,9.0206247663221258e-10,8876364.4148208946,25148917.18359619,26915793.110810213,0.0041715337994370693,50793627.721208863,-1766875.9313855565,1362580.8351682008,6410273800841534,0,0
0_11:30210332220,8,796,0.36210856340280823,0.074555109128765937,9.1577795243964853e-10,8748145.1287556291,25081103.042983551,26760763.199085537,0.004234960194380008,50485917.659926422,-1679660.1603369471,1281462.8081927355,7088283442886609,0,0
0_11:30210332221,0,795,0.81707074321671913,0.093961866289519261,9.0972641082719638e-10,8811889.9000923336,25011578.599079497,27217856.986945834,0.0042069752032857198,51353762.221620418,-2206278.3920733118,1735002.9805365056,8607633526853846,0,0
0_11:30210332221,1,796,0.0061812581682530029,0.171832615527513,8.8996388099363956e-10,8989468.2777090576,25031173.338507991,27040376.059456464,0.0041155845698222261,51042954.220059507,-2009202.7250640572,1602544.3180526446,9659092688533598,0,0
0_11:30210332221,2,796,0.1952917731197869,0.12260439485439426,9.0367935680107551e-10,8861248.991643792,24868836.094065323,26760355.76554022,0.0041790109647651657,50498466.857119016,-1891519.6756539072,1470085.6555687836,10787101735423984,0,0
0_11:30210332221,3,796,0.1446197633582911,0.13924857454251494,9.0000430613466468e-10,8895605.2457990739,25129573.096179489,26809772.197775755,0.0041620159134613888,50595903.718176961,-1680199.1057582819,1485634.8344030913,8070953405330334,0,0
0_11:30210332221,4,796,0.33373027830982499,0.25469597587698595,9.1371978194210063e-10,8767385.9597338084,25166982.830532003,26714118.030569032,0.0042254423084043275,50400133.44187054,-1547135.2042624711,1382306.4717627994,8998812034527028,0,0
0_11:30210332221,5,796,0.5228407932613589,0.18171388306052766,9.2743525774953668e-10,8639166.6736685429,25182717.687181897,26560474.036667716,0.0042888687033472671,50095943.711133637,-1377756.353774687,1278978.1091225073,10048627103791790,0,0
0_11:30210332221,6,796,0.47216878349973723,0.080559080927843058,9.2376020708311665e-10,8673522.9278239105,25136186.537579682,26660596.063333914,0.0042718736520434477,50288552.929950386,-1524409.5300261057,1236266.6882696769,7530867556565805,0,0
0_11:30210332221,7,796,0.66127929845127109,0.14739785527364177,9.374756828905526e-10,8545303.641758645,25368399.025358427,26530965.085564356,0.0043353000469863873,50030347.24848076,-1162566.064541229,1162068.6254729538,8389783432571495,0,0
0_11:30210332221,8,796,0.85038981340280506,0.10516865036830458,9.5119115869798866e-10,8417084.3556933776,25494850.335265808,26406282.062523376,0.0043987264419293268,49782430.00051605,-911431.73165629478,1087870.5626762307,9363124947134434,0,0
0_11:30210332222,0,796,0.17451742660008743,0.054544164820745304,9.0217267142623412e-10,8875334.2574996389,25294867.269742355,26839722.221338965,0.0041720433886503344,50649946.502047643,-1544854.9557686537,1371354.2383261137,5581006488471656,0,0
0_11:30210332222,1,796,0.36362794155162137,0.099926452105642202,9.1588814723367007e-10,8747114.9714343715,25346414.712708052,26735431.604169238,0.0042354697835932731,50438009.818481319,-1389016.8956966558,1285022.1320526334,6160007508008972,0,0
0_11:30210332222,2,796,0.55273845650315523,0.071287168273000148,9.2960362304110612e-10,8618895.685369106,25383656.275092207,26603635.580355924,0.0042988961785362127,50175160.739926636,-1219979.3095626128,1198690.0257791532,6809141890809886,0,0
0_11:30210332222,3,796,0.50206644674153322,0.08080846761779123,9.2592857237468599e-10,8653251.9395244736,25427996.84371179,26713646.026098449,0.0042819011272323933,50386383.375316076,-1285649.1866685601,1254274.7387180296,5228549386663183,0,0
0_11:30210332222,4,796,0.69117696169306708,0.14808292069080062,9.3964404818212204e-10,8525032.6534592081,25492910.85444748,26649984.706847142,0.0043453275221753329,50252689.234444037,-1157073.8567449898,1205158.9358324162,5767263224714412,0,0
0_11:30210332222,5,796,0.88028747664460105,0.10563848671749222,9.533595239895581e-10,8396813.3673939425,25509795.902077727,26586703.645355742,0.0044087539171182724,50120608.313092791,-1076907.7476867693,1156043.132946803,6370994007559745,0,0
0_11:30210332222,6,796,0.82961546688297938,0.046703411599145206,9.4968447332313796e-10,8431169.6215493102,25577784.890673082,26628264.616332125,0.0043917588658144522,50202299.673709251,-1050479.7300508015,1137195.2391099457,4898492942894274,0,0
0_11:30210332223,0,796,0.66279867660008429,0.077031431668315747,9.3758587768457414e-10,8544273.4844373874,25425684.047923032,26550582.671245653,0.0043358096361996524,50067234.109397233,-1124898.6276584307,1156119.7451014165,7234720183810981,0,0
0_11:30210332223,1,796,0.85190919155161815,0.14096321424457542,9.5130135349201019e-10,8416054.1983721219,25541095.97237663,26468171.841644842,0.0043992360311425919,49899007.947968207,-927075.87366744853,1096159.4363041667,8058929794737839,0,0
0_11:30210332223,3,796,0.99034769674153,0.11415495854854771,9.6134177863302611e-10,8322191.166462223,25528046.304955605,26566339.98804776,0.0044456673747817112,50075181.936039723,-1038293.6875378219,1130063.5884123882,6766564090071397,0,0
0_11:30210332230,0,796,0.30535199321671591,0.13238455468988169,9.1166161144454363e-10,8786626.7907120734,24953904.032499701,26619999.14242734,0.0042159244224286054,50224790.421452984,-1666095.1141435639,1371191.6561601406,11516411967408112,0,0
0_11:30210332230,1,796,0.49446250816824983,0.24160352266054888,9.2537708725197968e-10,8658407.504646806,25242107.627075579,26439154.939484276,0.0042793508173715449,49869208.120558083,-1197047.3166880477,1163801.913156277,12912288398743254,0,0
0_11:30210332230,2,796,0.68357302311978374,0.17222200532609433,9.3909256305941573e-10,8530188.2185815405,25379542.465774525,26234339.607474104,0.0043427772123144845,49469448.949129015,-854797.1460423558,956412.17015241354,14507160749667858,0,0
0_11:30210332230,3,796,0.63290101335828786,0.19623284165799418,9.354175123930047e-10,8564544.4727368243,25259103.868979078,26481034.193186101,0.0043257821610107067,49938188.19636739,-1221930.328532805,1213976.280725979,10727877697443304,0,0
0_11:30210332230,4,796,0.82201152830982183,0.35830477319538773,9.4913298820044075e-10,8436325.1866715569,25495976.192403007,26395378.150720507,0.0043892085559536463,49763740.685539283,-899401.96270670812,1093926.4013450856,12030299321306262,0,0
0_11:30210332230,6,796,0.96045003349973401,0.11359485472146741,9.5917341334145667e-10,8342462.154761659,25570157.773611818,26356651.889450137,0.0044356398995927656,49681807.786369644,-786494.12027395901,1056760.9052918174,9994963343003154,0,0
0_11:30210332231,0,796,0.79363324321671269,0.18564007451917516,9.4707481770288375e-10,8455566.0176498219,25500463.867368829,26166267.136805028,0.0043796906699779242,49333662.455678135,-665803.27381588984,872174.5352717574,15520145537421714,0,0
0_11:30210332231,1,796,0.98274375816824666,0.33709671695357263,9.607902935103198e-10,8327346.7315845564,25740504.36232651,26122926.094904438,0.0044431170649208637,49239855.557257555,-382421.73702104448,790082.34744629567,17417300355599200,0,0
0_11:30210332300,0,795,0.59045862645023151,0.35861043682308802,9.3476351967045264e-10,8586714.6746070478,24423373.090389252,27583717.443352204,0.0043227578109048276,52015550.071720779,-3160344.3572857101,1958855.5703426311,28856551434820444,0,0
0_11:30210332300,1,795,0.77956914140176536,0.6270428369350477,9.1386975364502544e-10,8774626.0866421331,24276304.151167314,27420032.486716062,0.0042261358435462014,51730336.558412589,-3143728.3397748834,1552065.6642136965,31430285795169748,0,0
0_11:30210332300,2,795,0.96867965635329933,0.42876575988241805,8.9297598761959813e-10,8962537.4986772183,24284704.095208116,26999536.690485064,0.0041295138761875743,50962066.949409917,-2714832.5994064622,1145275.7580847619,34265243323968584,0,0
0_11:30210332300,3,795,0.91800764659180367,0.53971893381920566,8.9857445535295603e-10,8912186.7875738274,24657864.855396628,26731690.510892417,0.0041554036543124239,50449671.424671628,-2073825.6596511926,1505447.5026045863,27238743288196352,0,0
0_11:30210332300,4,796,0.10711816154333741,0.94960444797579779,8.9728445572039803e-10,8921031.7992207576,24924030.407531224,26572271.267675776,0.0041494381284116373,50150796.782979079,-1648240.86429399,1146493.2097358792,29806946638094340,0,0
0_11:30210332300,5,796,0.29622867649487133,0.65344312335949495,9.1099993152783408e-10,8792812.513155492,24743751.62178243,26230348.169816811,0.0042128645233545769,49490332.875371262,-1486596.5522472456,787538.916867172,32636995519264864,0,0
0_11:30210332300,6,796,0.24555666673337548,0.31744373912352575,9.0732488086142305e-10,8827168.767310774,24058875.260636359,26658714.920564156,0.0041958694720507991,50302596.871585369,-2599839.664123666,1052039.4348665418,25698530759931016,0,0
0_11:30210332300,7,796,0.43466718168490942,0.56198189076859284,9.210403566688591e-10,8698949.4812455084,24634077.076958541,26441343.391464356,0.0042592958669937387,49877791.974443346,-1807266.3187651113,740920.75525806204,28254662171908768,0,0
0_11:30210332300,8,796,0.62377769663644334,0.38913928941358289,9.3475583247629526e-10,8570730.195180241,25126450.39811362,26085818.772308048,0.0043227222619366791,49193523.615102239,-959368.37851715053,429802.07564958237,31119244728725984,0,0
0_11:30210332301,0,796,0.078739876450228286,0.44669082089194961,8.9522628522284102e-10,8940272.6301990226,24338873.440466601,26605816.426774736,0.0041399202424359152,50216485.978990637,-2266942.9904480553,929224.93727502308,35613688177049912,0,0
0_11:30210332301,1,796,0.2678503914017622,0.75158686046467649,9.0894176103027697e-10,8812053.3441337552,24890557.857066602,26459197.574969444,0.0042033466373788539,49924354.250833571,-1568639.7221061895,593557.99672406958,37349929928640704,0,0
0_11:30210332301,2,796,0.45696090635329611,0.49419005788158921,9.2265723683771313e-10,8683834.0580684897,25342647.670916457,26208197.138120294,0.0042667730323217943,49436338.710817158,-865549.47147060989,257891.05617311594,39188749329964984,0,0
0_11:30210332301,3,796,0.40628889659180029,0.68390924649721752,9.189821861713021e-10,8718190.3122237716,25053830.803941701,26267554.997955754,0.0042497779810180165,49552095.09746033,-1213724.1982638317,627420.29437925236,34085224290790284,0,0
0_11:30210332301,4,796,0.5953994115433342,1.161778706564653,9.3269766197873826e-10,8589971.0261585061,25598493.111341096,26291458.95298617,0.0043132043759609561,49583334.4204804,-692965.84595827747,436128.27435938717,36086375651361888,0,0
0_11:30210332301,5,796,0.78450992649486817,0.77136586228217052,9.464131377861741e-10,8461751.7400932405,25788957.497377094,26357702.552115615,0.0043766307709038948,49695202.510896824,-568745.05911515234,244836.25433952201,38236286429420464,0,0
0_11:30210332301,6,796,0.73383791673337229,0.40914531381854702,9.4273808711976327e-10,8496107.9942485224,25691165.325572085,26100924.609184492,0.0043596357196001179,49214455.280148409,-409759.28797204344,325615.65148348163,32640889779915204,0,0
0_11:30210332301,7,796,0.92294843168490626,0.70163299450952299,9.5645356292719933e-10,8367888.708183256,26113954.616507575,26044223.674098551,0.0044230621145430575,49095231.634450652,69730.937985961529,278698.55199470482,34868867167663920,0,0
0_11:30210332302,0,796,0.4361865598334706,0.30582083077389688,9.2115055146286234e-10,8697919.3239244223,25059909.676514968,26175733.56164813,0.0042598054562069188,49376644.113419607,-1115823.8893929676,890625.30358119309,24762417287090120,0,0
0_11:30210332302,1,796,0.62529707478500451,0.54307635656584419,9.3486602727029839e-10,8569700.0378591567,25671816.293628678,26033270.721635733,0.0043232318511498584,49094320.804014243,-361454.43233028695,625747.838034085,27308723127024812,0,0
0_11:30210332302,2,796,0.81440758973653837,0.37721949051393894,9.4858150307773444e-10,8441480.7517938893,25819546.837616056,25951106.749777351,0.0043866582460927979,48926641.823160484,-131559.91654795263,360870.37248697679,30180116221135896,0,0
0_11:30210332302,3,796,0.7637355799750426,0.4574183266398002,9.4490645241132362e-10,8475837.0059491713,25524878.278437227,26194111.416562118,0.004369663194789021,49388151.285917565,-669233.14249455382,789335.05323586799,23202288198449484,0,0
0_11:30210332302,4,796,0.95284609492657646,0.81589968688602721,9.5862192821875946e-10,8347617.7198839067,25823928.273927841,26177000.156332009,0.0044330895897319597,49343642.941391729,-353071.88683725678,635529.52150464186,25696398142277988,0,0
0_11:30210332303,0,796,0.92446780983346744,0.39754366502817096,9.5656375772120246e-10,8366858.5508621708,25970290.745925665,26029353.62487771,0.0044235717037562376,49067104.940460205,-59062.883375616701,279670.10033478902,31729623571621260,0,0
0_11:30210332310,0,796,0.56702112645022507,0.50163733445847081,9.3063949148118115e-10,8609211.8571367711,25776594.707680576,26350111.359043095,0.0043036864899852331,49695978.268527187,-573516.65566620615,147938.57157143077,39754610088810416,0,0
0_11:30210332310,1,796,0.75613164140175904,0.80292498593217621,9.443549672886171e-10,8480992.5710715055,26181931.33284938,26359780.269782163,0.0043671128849281727,49701027.529727764,-177848.94129989645,105754.71435162953,39749966433738432,0,0
0_11:30210332310,2,796,0.94524215635329289,0.50201898307613391,9.5807044309605336e-10,8352773.2850062391,26138651.765503038,26533922.381524701,0.0044305392798711131,50016924.507778786,-395270.62045220222,63570.857131828299,39753991901903120,0,0
0_11:30210332310,3,796,0.89457014659179712,0.78789499952789976,9.5439539242964232e-10,8387129.539161521,25973351.258543659,26526092.924964573,0.0044135442285673353,50005418.866858691,-552741.67083445843,175722.57317341195,39024646108797128,0,0
0_11:30210333000,7,795,0.0048804481519404046,0.37232988749469409,9.9946078650458969e-10,8004849.5024395138,25814128.826446611,25389507.26869167,0.0046219464395432846,47821894.755532585,424621.55313299486,-2062405.953501042,19018792768983956,0,0
0_11:30210333000,8,795,0.19399096310347433,0.20557993441290306,9.7856702047916239e-10,8192760.9144746,25644229.687854975,25286304.271418251,0.0045253244721846575,47643672.041054152,357925.41191139992,-2163073.6426169472,16962223511457506,0,0
0_11:30210333001,2,795,0.027174172820327115,0.12622897239481637,9.9699767721013318e-10,8027001.8681238424,25809464.516480364,25501058.199665431,0.0046105559383976284,48033834.87996421,308406.31220437703,-1864330.2846075101,10872140572477016,0,0
0_11:30210333001,4,795,0.16561267801036519,0.39766104176883593,9.8170237891806398e-10,8164562.5690555358,25661177.037451383,25537219.373138379,0.0045398237491638517,48113876.996290728,123957.65977317966,-1886985.0014209421,13122232757821208,0,0
0_11:30210333001,5,795,0.35472319296189914,0.21798685569550522,9.6080861289263646e-10,8352473.981090622,25395937.965896841,25534002.885185566,0.0044432017818052238,48125634.353899024,-138064.92373192645,-1821300.4304345322,11686761054425758,0,0
0_11:30210333001,6,795,0.30405118320040331,0.190908081446094,9.6640708062599436e-10,8302123.2699872293,25522485.043233968,25286538.952171963,0.0044690915599300733,47654323.013753057,235946.08659291404,-2139770.1907924288,15854120209843408,0,0
0_11:30210333001,7,795,0.49316169815193722,0.26803271108845617,9.4551331460056726e-10,8490034.6820223145,25364468.078156229,25434948.635978401,0.0043724695925714471,47953053.289366193,-70480.562194641185,-1959020.3835269916,14098038009611008,0,0
0_11:30210333001,8,795,0.68227221310347108,0.14702885745599001,9.2461954857513995e-10,8677946.0940574016,24992193.279206384,25560953.437755588,0.00427584762521282,48211542.473418877,-568760.16282505204,-1778270.5762615544,12564259817855226,0,0
0_11:30210333002,0,795,0.0063998263005015854,0.27443046376988051,9.9929291888734835e-10,8006359.2465877142,25812074.894733671,25373792.300499942,0.0046211701458194095,47792418.515849225,438282.58961255878,-2000468.1881024016,22213853596044312,0,0
0_11:30210333002,1,795,0.19551034125203551,0.38799530530308313,9.7839915286192125e-10,8194270.6586228013,25701587.31380187,25337388.196359895,0.0045245481784607832,47740059.971638076,364199.11291742639,-2055559.222596881,19792320291661620,0,0
0_11:30210333002,2,795,0.38462085620356939,0.21451320232846188,9.5750538683649394e-10,8382182.0706578866,25149678.321892332,25354303.900195926,0.0044279262111021562,47789901.695703305,-204625.58273152035,-2110650.2570913606,17676999960452546,0,0
0_11:30210333002,3,795,0.33394884644207357,0.4691665789587891,9.6310385456985163e-10,8331831.3595544947,25283969.248195719,25433625.764116816,0.0044538159892270049,47934411.172069192,-149656.52037491323,-1906891.1621219909,23702225614296672,0,0
0_11:30210333002,4,795,0.52305936139360754,0.66512146091955937,9.4221008854442453e-10,8519742.7715895809,25164520.737456951,25519518.495214168,0.0043571940218683786,48115678.378516428,-354997.7621144107,-1808015.8174945167,21175345197475564,0,0
0_11:30210333002,5,795,0.71216987634514139,0.36876800182160008,9.2131632251899712e-10,8707654.1836246662,24784924.585073121,25549287.080140971,0.0042605720545097507,48193011.303317904,-764362.49932842178,-1709140.4728670432,18959822512192492,0,0
0_11:30210333002,6,795,0.66149786658364562,0.31345435675236244,9.2691479025235501e-10,8657303.4725212753,24705639.342637748,25452087.214113358,0.0042864618326346002,48003828.013791144,-746447.87576207274,-1813314.1361415805,25301696938492388,0,0
0_11:30210333002,7,795,0.85060838153517948,0.44556040111703754,9.0602102422692781e-10,8845214.8845563605,24664080.558786243,25856562.316466279,0.004189839865275974,48789496.580673963,-1192481.7618698759,-1560472.4123921532,22674238874578508,0,0
0_11:30210333002,8,796,0.039718896486713416,0.2477173600378911,8.9239624001457114e-10,8966729.3409417905,24405331.430342332,26084462.319299325,0.0041268328681729836,49235706.149376497,-1679130.8930838266,-1307630.6886427258,20351594884933800,0,0
0_11:30210333003,0,795,0.4946810763004984,0.19930590482092783,9.4534544698332591e-10,8491544.4261705168,24836576.649380155,25440745.29405693,0.004371693298847572,47964142.071253359,-604168.64904846798,-2067425.1358838875,16532954834367328,0,0
0_11:30210333003,1,795,0.68379159125203226,0.27995169916800794,9.2445168095789861e-10,8679455.838205602,24666352.223050743,25753539.813193526,0.0042750713314889449,48574964.193904132,-1087187.5944178542,-1863791.3322910292,14714278331467614,0,0
0_11:30210333003,2,795,0.87290210620356623,0.15365624461453969,9.035579149324713e-10,8867367.2502406891,24512879.725474384,25903800.798982419,0.0041784493641303178,48881448.924438298,-1390921.0776864847,-1660157.5286981706,13120761552291016,0,0
0_11:30210333003,3,795,0.82223009644207035,0.34301399728897325,9.091563826658293e-10,8817016.5391372964,24708700.366699774,25655861.09366253,0.0042043391422551674,48407273.818351932,-947160.73116709548,-1631711.3387153787,17750418350763352,0,0
0_11:30210333003,4,796,0.01134061139360412,0.48234927366112185,8.9033806951701413e-10,8985970.1719200574,24988467.852115694,25945401.283779792,0.0041173149821972605,48975585.628948659,-956933.43578141299,-1464502.1085750288,15805810555137676,0,0
0_11:30210333003,5,796,0.20045112634513804,0.26509477836453083,9.0405354532445019e-10,8857750.88585479,24788905.490226701,26132276.813394085,0.0041807413771402001,49312830.585692227,-1343371.3273481249,-1297292.8784346788,14053154165104188,0,0
0_11:30210333003,6,796,0.1497791165836424,0.2306671324539746,9.0037849465803926e-10,8892107.1400100719,24417218.264144536,26404967.31893437,0.0041637463258364232,49831525.920626692,-1987749.05895358,-1195997.5415468703,19050060145353196,0,0
0_11:30210333003,7,796,0.33888963153517632,0.32469560717963791,9.1409397046547521e-10,8763887.8539448064,24703958.386001695,26592588.218777791,0.0042271727207793619,50170447.213082746,-1888629.8370032685,-1065212.8848590285,16914589684152192,0,0
0_11:30210333003,8,796,0.52800014648671023,0.17866444716144866,9.2780944627291126e-10,8635668.5678795408,24945420.776486978,26696989.277014069,0.0042905991157223015,50353045.500469357,-1751568.5048176905,-934428.22817118687,15040401358552118,0,0
0_11:30210333010,0,795,0.13723439291725609,0.1168899125836957,9.8483773735696536e-10,8136364.2236364717,25722323.004869893,25505848.693519302,0.0045543230261430451,48052253.666941315,216474.30679626844,-1854688.6620494309,10172215899691378,0,0
0_11:30210333010,1,795,0.32634490786879,0.16382252857638444,9.6394397133153805e-10,8324275.6356715579,25545906.832661867,25591229.491410349,0.004457701058784418,48230700.40232978,-45322.663206182478,-1772174.6411207656,9092687545804490,0,0
0_11:30210333010,2,795,0.51545542282032397,0.089566709800759189,9.4305020530611075e-10,8512187.0477066431,25232158.179358121,25681606.444845691,0.0043610790914257909,48420467.340140387,-449448.26984864939,-1689660.6201921003,8143386663850375,0,0
0_11:30210333010,3,795,0.46478341305882809,0.20191436132433246,9.4864867303946864e-10,8461836.3366032522,25291304.235591337,25577124.311388213,0.0043869688695506405,48218112.878911965,-285820.08018384496,-1760638.1360549137,10935894876881296,0,0
0_11:30210333010,4,795,0.65389392801036206,0.28302114569425019,9.2775490701404134e-10,8649747.7486383375,25223994.921035979,25720981.343676474,0.0042903469021920134,48510101.030688763,-496986.42693084193,-1617857.2375343987,9774434593776400,0,0
0_11:30210333010,5,795,0.84300444296189592,0.15479603257729155,9.0686114098861403e-10,8837659.1606734246,25112065.539426256,25800842.668735303,0.0041937249348333863,48683406.602962852,-688777.13350277196,-1475076.3390138841,8751825937156423,0,0
0_11:30210333010,6,795,0.79233243320040014,0.13621446266541853,9.1245960872197193e-10,8787308.4495700318,24865826.431490209,25700502.634741936,0.0042196147129582359,48487839.896523096,-834676.20747134159,-1666587.6100603966,11760944289857266,0,0
0_11:30210333010,7,795,0.981442948151934,0.19092732511407254,8.9156584269654472e-10,8975219.8616051171,24979513.888919137,26011047.201288596,0.0041229927455996096,49097972.739897668,-1031533.3164924511,-1463539.8339480322,10515999110887204,0,0
0_11:30210333010,8,796,0.17055346310346792,0.10445062290372138,9.0188518003288985e-10,8878021.8741541412,24888903.236086588,26203764.588570792,0.004170713901951297,49450133.847617187,-1314861.3566549178,-1260492.0578356679,9370452582143614,0,0
0_11:30210333011,0,795,0.62551564291725292,0.082899400319893457,9.3089026545294282e-10,8621549.4032192752,25137762.569858216,25780003.657852508,0.0043048461791712067,48618175.080970101,-642241.09229913855,-1622484.5212339088,7654825009345298,0,0
0_11:30210333011,1,795,0.81462615786878678,0.11620157546409289,9.0999649942751562e-10,8809460.8152543604,25141695.696340725,25956978.337072507,0.0042082242118125805,48974474.022575669,-815282.64494000596,-1474148.4374611576,6907767730991447,0,0
0_11:30210333011,2,796,0.0037366728203207214,0.06346291999790514,8.8978658439430782e-10,8991125.7370423898,25176392.317814875,26044801.861237001,0.004114764672336413,49163857.260851137,-868409.54753688991,-1325812.3536884068,6241863718977441,0,0
0_11:30210333011,3,795,0.95306466305882487,0.1432908565565017,8.9470120113544611e-10,8947021.5161860548,25152828.096556813,25914856.197895035,0.0041374920225788021,48912659.444844164,-762028.10547571466,-1402005.7739376354,8225745066014005,0,0
0_11:30210333011,4,796,0.14217517801035881,0.20085981745265338,8.9982700953533284e-10,8897262.7051324043,25225971.232569672,26087738.322031863,0.0041611960159755748,49233465.857851401,-861767.09362338693,-1293680.2840246398,7377053565894467,0,0
0_11:30210333011,5,796,0.3312856929618927,0.10973351187378955,9.135424853427689e-10,8769043.4190671388,25260170.472902857,26218622.217530716,0.0042246224109185144,49465495.468169354,-958451.74885248183,-1185354.7941116439,6606370760947866,0,0
0_11:30210333011,6,796,0.28061368320039692,0.096690696696861145,9.0986743467635797e-10,8803399.6732224207,24986118.311063483,26321533.88821137,0.0042076273596147367,49663600.904062845,-1335415.5813555135,-1181527.0266413623,8769971854704979,0,0
0_11:30210333011,7,796,0.46972419815193084,0.13552085103609324,9.2358291048379392e-10,8675180.3871571552,25204345.099622682,26392024.569634482,0.0042710537545576762,49782141.383450195,-1187679.4742828542,-1113212.1305881217,7834608236427051,0,0
0_11:30210333011,8,796,0.65883471310346475,0.074048701633496125,9.3729838629122997e-10,8546961.1010918897,25371436.954872981,26459938.444035724,0.0043344801495006158,49896581.068787865,-1088501.4934972231,-1044897.2345348811,7002135330916538,0,0
0_11:30210333012,0,795,0.98296232630049518,0.14238203829230023,8.9139797507930348e-10,8976729.6057533193,24667614.498964973,26027484.360027529,0.0041222164518757345,49129201.804247618,-1359869.865184773,-1545168.3753722501,12282685892798476,0,0
0_11:30210333012,1,796,0.17207284125202893,0.19959076325626804,9.0199537482689319e-10,8876991.716833055,24881400.817193147,26209836.322382003,0.004171223491164478,49461469.423025228,-1328435.5093600797,-1353642.9110633361,10924854532491502,0,0
0_11:30210333012,2,796,0.36118335620356284,0.10921600115222424,9.1571085063432914e-10,8748772.4307677876,25046828.436170571,26344332.104625329,0.0042346498861074167,49700364.272110343,-1297503.6726894088,-1162117.4467544223,9721561110101218,0,0
0_11:30210333012,3,796,0.31051134644206702,0.24576116716788854,9.120357999679182e-10,8783128.6849230714,24946207.842933498,26342379.843109883,0.0042176548348036398,49700595.433028936,-1396172.00439404,-1221962.7124063266,13126391546876480,0,0
0_11:30210333012,4,796,0.49962186139360093,0.34462308602505198,9.2575127577535426e-10,8654909.398857804,25192783.756953403,26461312.03751228,0.0042810812297465793,49910619.707334854,-1268528.284839958,-1130300.4542567248,11658052012268842,0,0
0_11:30210333012,5,796,0.68873237634513484,0.18868692153165778,9.3946675158279031e-10,8526690.1127925385,25321157.338750146,26580449.380825628,0.0043445076246895189,50121739.832045905,-1259292.0464199889,-1038638.1961071229,10365803276977030,0,0
0_11:30210333012,6,796,0.63806036658363918,0.16570107367248274,9.3579170091637928e-10,8561046.3669478204,25204060.37536959,26736947.812929988,0.0043275125733857412,50420424.513584509,-1532887.4418879107,-898757.04944040324,14037783823358050,0,0
0_11:30210333012,7,796,0.82717088153517315,0.23240432652116644,9.4950717672381533e-10,8432827.0808825549,25501794.515189622,26692431.987959996,0.0043909389683286807,50323437.603368029,-1190637.4771613132,-906957.99745011341,12449664555220804,0,0
0_11:30210333013,0,796,0.4712435763004918,0.10110850452442446,9.2369310527779726e-10,8674150.229836069,25240167.441364266,26422061.080654938,0.0042715633437708563,49838685.029632829,-1181893.6435622352,-1092233.8421584754,9092638671266046,0,0
0_11:30210333013,1,796,0.66035409125202571,0.14171002514266215,9.3740858108523331e-10,8545930.9437708035,25467214.757130843,26439172.177400447,0.0043349897387137959,49857314.947128579,-971957.42460459447,-1043604.8811869455,8113000562439661,0,0
0_11:30210333013,2,796,0.84946460620355968,0.07744119941924929,9.5112405689266936e-10,8417711.657705538,25551411.511515811,26499294.648432124,0.0043984161336567363,49957842.756761253,-947883.14131472947,-994975.92021541542,7244226056889338,0,0
0_11:30210333013,3,796,0.7987925964420638,0.17471222575039169,9.4744900622625833e-10,8452067.9118608199,25431463.061836544,26598436.182741392,0.0043814210823529577,50148123.511562668,-1166973.125286269,-1005857.3045143941,9686324863104440,0,0
0_11:30210333013,4,796,0.98790311139359777,0.24488317691177008,9.6116448203369438e-10,8323848.6257955544,25540697.143432632,26579404.636267535,0.0044448474772958973,50099960.989561968,-1038707.4972797508,-984868.30166866793,8629362640030811,0,0
0_11:30210333020,0,795,0.85212775968374066,0.32520047327346496,9.0585315660968657e-10,8846724.6287045609,23978834.162957925,26034432.114877079,0.0041890635715520989,49125316.357679613,-2055597.9561082169,-1617889.3403974695,26262367733528192,0,0
0_11:30210333020,1,796,0.041238274635274595,0.46316772597834527,8.9250643480857437e-10,8965699.1836207062,24434076.314873893,26320750.899287082,0.0041273424573861637,49681584.610703915,-1886674.5885405319,-1362654.5481938294,23562435898497236,0,0
0_11:30210333020,2,796,0.23034878958680852,0.25802247739908651,9.0622191061601053e-10,8837479.8975554407,24401119.669650063,26364446.828786701,0.0041907688523291041,49748550.178433053,-1963327.1633274069,-1107419.7559901895,21133952167721188,0,0
0_11:30210333020,3,796,0.1796767798253126,0.55231917996152524,9.025468599495995e-10,8871836.1517107226,24701840.334501754,26260594.771024246,0.0041737738010253255,49556643.332582355,-1558754.4406962651,-1039890.6830852496,27810974884993152,0,0
0_11:30210333020,4,796,0.36878729477684652,0.7898907028719242,9.1626233575703555e-10,8743616.8656454571,24990596.980071157,26557972.939421028,0.004237200195968265,50102825.199393526,-1567375.9635870708,-930398.51018749387,24998483874360516,0,0
0_11:30210333020,5,796,0.55789780972838043,0.44186119372500249,9.299778115644715e-10,8615397.5795801897,25143542.552554924,26773258.878329858,0.0043006265909112046,50494696.508616731,-1629716.3300755608,-820906.33728973824,22508325480514400,0,0
0_11:30210333020,6,796,0.50722579996688455,0.36659093687553496,9.2630276089806057e-10,8649753.8337354716,24812649.395028654,26995034.248348247,0.0042836315396074269,50916740.798013479,-2182384.8576032245,-461892.0257730296,29450816158687180,0,0
0_11:30210333020,7,796,0.69633631491841852,0.52643818587604885,9.4001823670549662e-10,8521534.5476702061,25503615.964369524,26940917.153399277,0.0043470579345503664,50800923.83213336,-1437301.1933768112,-498142.47218115814,26550482742409152,0,0
0_11:30210333020,8,796,0.88544682986995249,0.29570504972884437,9.5373371251293268e-10,8393315.2616049405,25725423.367586184,26998459.351171106,0.004410484329493306,50896498.581823133,-1273035.9879954061,-534392.91858928674,23981722874196124,0,0
0_11:30210333021,0,796,0.3404090096837375,0.24046016563971345,9.1420416525947844e-10,8762857.6966237202,24809058.733750995,26578080.803365342,0.0042276823099925429,50142958.768308245,-1769022.0738420293,-1005362.0963123037,19787684822564528,0,0
0_11:30210333021,1,796,0.52951952463527141,0.33876859114952745,9.279196410669145e-10,8634638.4105584547,25314973.575007439,26638541.295900863,0.0042911087049354825,50242695.303737447,-1323567.7251845328,-909876.59085643641,17569734178101628,0,0
0_11:30210333021,2,796,0.71863003958680527,0.18658518525156706,9.4163511687435065e-10,8506419.1244931892,25507385.172646675,26756953.216238245,0.004354535099878422,50452479.785765216,-1249568.0479461052,-814391.08540056925,15629757199143444,0,0
0_11:30210333021,3,796,0.66795802982530939,0.41250583326414064,9.3796006620793962e-10,8540775.3786484711,25339914.705099467,26864059.794975769,0.0043375400485746443,50658001.209621854,-1524145.0942138417,-785958.77333380538,21095950648121664,0,0
0_11:30210333021,4,796,0.85706854477684336,0.58227032194424844,9.5167554201537567e-10,8412556.0925832056,25621261.289899729,26847345.428602539,0.0044009664435175838,50613500.239428714,-1226084.1431037763,-775353.93370173895,18749576839472468,0,0
0_11:30210333021,6,796,0.99550704996688144,0.27653448446697737,9.6171596715640069e-10,8318693.060673221,25725057.881349508,26916656.795333885,0.0044473977871567457,50735170.56712012,-1191598.9184317747,-566555.45035530732,22498212307718272,0,0
0_11:30210333022,0,796,0.69785569306697959,0.37859067341536995,9.4012843149949996e-10,8520504.3903491199,25806975.556816805,26903604.684722967,0.0043475675237635474,50730459.019732937,-1096629.1322537297,-289816.24233225756,30344694400271156,0,0
0_11:30210333022,1,796,0.88696620801851356,0.54524998177501738,9.5384390730693602e-10,8392285.1042838544,26061461.822533466,26838720.785136517,0.004410993918706487,50595265.453714475,-777258.96701404511,-369927.67666869878,27425987931512492,0,0
0_11:30210333030,0,796,0.82869025968373433,0.17310748877533697,9.4961737151781867e-10,8431796.9235614706,25588922.41986692,26736965.406026799,0.0043914485575418617,50407295.222411297,-1148042.9905513283,-796991.19851257885,14585072631522086,0,0
0_11:30210333100,0,796,0.1137968929172497,0.058717159211570912,8.9776883903777594e-10,8916503.5361106694,25227360.970722426,26122865.379674539,0.0041516781299998527,49302070.207191646,-895504.41310379142,-1255276.3077714406,5869960377037814,0,0
0_11:30210333100,1,796,0.30290740786878362,0.082293174647196501,9.1148431484521189e-10,8788284.2500454038,25368346.030464105,26209117.889968291,0.0042151045249427914,49449757.515338741,-840771.86371929012,-1161215.8570968751,5295488078656650,0,0
0_11:30210333100,2,796,0.49201792282031753,0.044876812796640041,9.2519979065264795e-10,8660064.9639801383,25483638.785807736,26289913.025282614,0.004278530919885731,49587889.365227267,-806274.24375340866,-1067155.4064223098,4776968348036417,0,0
0_11:30210333100,3,796,0.4413459130588217,0.10154215590561073,9.2152473998623691e-10,8694421.2181354202,25343240.486569554,26297710.06636963,0.0042615358685819532,49606349.236728057,-954469.58406161261,-1137681.0879686924,6206364532685200,0,0
0_11:30210333100,4,796,0.63045642801035562,0.1423359777678373,9.3524021579367297e-10,8566201.9320701547,25472386.900640171,26346551.01149179,0.0043249622635248928,49684750.574843094,-874164.11517658166,-1082176.2836954419,5586443963787629,0,0
0_11:30210333100,5,796,0.81956694296188948,0.07765743152184805,9.4895569160110902e-10,8437982.6460048892,25545405.467819754,26408156.521985639,0.0043883886584678324,49787993.803291835,-862751.05855427356,-1026671.4794221916,5028940087250233,0,0
0_11:30210333100,6,796,0.7688949332003937,0.068524162317587733,9.4528064093469819e-10,8472338.9001601711,25478782.168448467,26471685.160050739,0.0043713936071640555,49911158.842948891,-992902.99597366538,-1020085.8681659445,6568166866952933,0,0
0_11:30210333100,7,796,0.95800544815192756,0.09605223806091763,9.5899611674213404e-10,8344119.6140949046,25579449.093647085,26451592.530721687,0.0044348200021069942,49860923.455033801,-872143.44150942168,-1003136.7102940087,5897626965490564,0,0
0_11:30210333101,0,796,0.60207814291724648,0.04148777132861263,9.3318204529611596e-10,8585442.7630484197,25552523.404485852,26319774.664032008,0.0043154443775491706,49636260.657642685,-767251.26386160136,-1030272.3521290231,4507241417333309,0,0
0_11:30210333101,1,796,0.79118865786878045,0.058077383964990278,9.4689752110355202e-10,8457223.4769831523,25636186.62106261,26335776.152067523,0.0043788707724921102,49653416.285849817,-699589.53538378398,-997584.49384607538,4090984809940652,0,0
0_11:30210333101,2,796,0.98029917282031431,0.031583963192855169,9.6061299691098807e-10,8329004.1909178868,25670501.632838912,26371747.692083098,0.0044422971674350498,49709019.13279853,-701246.06368648284,-964896.63556312793,3712645725004922,0,0
0_11:30210333101,3,796,0.92962716305881854,0.071812618876635675,9.5693794624457704e-10,8363360.4450731687,25585629.348215073,26413857.675224528,0.004425302116131272,49791592.298208065,-828228.33143475652,-1002981.66709545,4738314878852254,0,0
0_11:30210333102,0,796,0.95952482630048863,0.071666938747638798,9.5910631153613738e-10,8343089.4567738185,25578945.939191379,26495685.983376171,0.0044353295913201751,49943942.992609061,-916740.04862012237,-978968.43053647131,6790693580674931,0,0
0_11:30211220023,5,795,0.032333526045678233,0.0020290198525460511,9.964276490487662e-10,8032128.5071688043,26068311.095548108,26269558.346355427,0.0046079198773670759,49481822.99531544,-201247.2554152387,-755904.18637690623,1338605233869559.8,0,0
0_11:30211220023,7,795,0.17077203123571633,0.0033005353939068783,9.8113235075669658e-10,8169689.2081004977,26044383.326291591,26244296.378622901,0.0045371876881332976,49446534.251971535,-199913.05686849746,-789631.94542230829,1417924639663446.5,0,0
0_11:30211220023,8,795,0.35988254618725024,0.0015138785461414883,9.6023858473126948e-10,8357600.6201355839,26036292.801820647,26246478.724554434,0.0044405657207746722,49469010.13111864,-210185.92717435316,-770967.98240874545,1403880969076501.8,0,0
0_11:30211220030,8,795,0.0024358628040077588,0.00024066269239416392,9.9973087510490893e-10,8002420.4176015388,26098492.335502461,26301043.202972021,0.0046231954480701453,49538594.387186676,-202550.8720927558,-699295.56600348081,1257230232943436.5,0,0
0_11:30211220031,6,795,0.11249608290093674,0.00015358492338591668,9.875709352517409e-10,8111782.7731141699,26095865.66104212,26300747.419093229,0.0045669625358155611,49547588.090524688,-204881.76261807111,-691633.58519380318,1266042052307686.8,0,0
0_11:30211220031,7,795,0.30160659785247063,0.00013814956729046651,9.666771692263136e-10,8299694.1851492552,26090422.003278311,26300294.969866939,0.004470340568456934,49564577.474706583,-209872.97105896811,-677974.05429889564,1288441510149117.2,0,0
0_11:30211220032,1,795,0.0039552409525691213,0.00089301944947974433,9.9956300748766758e-10,8003930.1617497401,26089610.231362257,26289583.373727955,0.0046224191543462693,49517137.184044771,-199973.14698811693,-719083.13907181984,1281216483332931.5,0,0
0_11:30211220032,2,795,0.19306575590410305,0.00030060511740585838,9.7866924146224027e-10,8191841.5737848263,26083706.929900844,26289169.939613804,0.0045257971869876422,49533153.885404296,-205463.01423875775,-705219.4051762342,1288341940423135,0,0
0_11:30211220032,3,795,0.14239374614260722,0.001657509615121445,9.8426770919559817e-10,8141490.8626814345,26064578.502441328,26269959.609279059,0.0045516869651124918,49492284.333135642,-205381.11138941781,-746347.33690469863,1336425207178338.8,0,0
0_11:30211220032,4,795,0.33150426109414111,0.0018720178593447873,9.6337394317017086e-10,8329402.2747165207,26058637.485292148,26271662.830802426,0.0044550649977538647,49513602.322518997,-213025.3499653429,-729468.4212012568,1340906738485979.8,0,0
0_11:30211220032,5,795,0.52061477604567508,0.00069217988623205488,9.4248017714474356e-10,8517313.6867516059,26054566.880887318,26271828.106773663,0.0043584430303952376,49533847.930066422,-217261.23024478793,-712589.50549781497,1347055915564675,0,0
0_11:30211220032,6,795,0.46994276628417919,0.0012547384409253121,9.4807864487810145e-10,8466962.975648215,26033075.598411407,26248801.31204389,0.0043843328085200872,49484915.746300161,-215725.71801681584,-759747.80084199167,1400972153517904,0,0
0_11:30211220032,7,795,0.65905328123571316,0.0014502237857662932,9.2718487885267425e-10,8654874.3876833003,26028898.732080724,26252799.806581039,0.0042877108411614609,49513722.36074613,-223901.07878802574,-739853.70333069377,1404474249513602.8,0,0
0_11:30211220032,8,795,0.84816379618724702,0.00056581464984617263,9.0629111282724684e-10,8842785.7997183856,26027402.919456284,26254368.238854766,0.004191088873802833,49539816.669022769,-226965.32358957027,-719959.60581939574,1409888496306176.8,0,0
0_11:30211220033,0,795,0.30312597600103203,0.00020154751733365725,9.6650930160907225e-10,8301203.9292974565,26080666.287832312,26289591.797828563,0.004469564274733058,49544557.31228599,-208925.51446581454,-697063.36038389534,1296969592801017.2,0,0
0_11:30211220033,1,795,0.49223649095256594,0.00018575638002268915,9.4561553558364494e-10,8489115.3413325418,26075957.209745675,26289364.312706973,0.0043729423073744309,49563800.700813122,-213407.1073342404,-682898.91426514764,1319249891126817.8,0,0
0_11:30211220033,2,795,0.6813470059040998,3.1153908885365052e-05,9.2472176955821774e-10,8677026.7533676289,26073926.630978439,26287224.0041424,0.0042763203400158047,49581280.764182217,-213297.37744028121,-668734.46814639994,1342823838608154.5,0,0
0_11:30211220033,3,795,0.63067499614260403,0.00049705210890012101,9.3032023729157563e-10,8626676.0422642361,26053314.745073784,26272619.931974817,0.0043022101181406543,49547791.43805632,-219305.19120324304,-703466.63285686437,1355264176224653.8,0,0
0_11:30211220033,4,795,0.81978551109413789,0.00047881418271371442,9.0942647126614843e-10,8814587.4542993233,26052191.384607147,26271480.675633084,0.0042055881507820272,49568511.974568829,-219289.29523152477,-688994.87269489397,1376955965377796.2,0,0
0_11:30211220033,5,796,0.0088960260456718392,0.00010314583605734745,8.901607729176824e-10,8987627.6312533878,26053265.860694349,26269469.694782455,0.0041164950847114475,49587517.31263715,-216203.83820460079,-674523.11253292358,1397593580567645,0,0
0_11:30211220033,6,795,0.95822401628417597,0.00042059064286705975,8.9413117297407902e-10,8952148.1552310176,26028590.360642206,26255418.885901716,0.0041348559615482497,49556136.657298982,-226828.52939436564,-709869.90532983351,1417807082918640.2,0,0
0_11:30211220033,7,796,0.14733453123570991,0.00041332212259947461,9.0020119805870742e-10,8893764.5993434042,26030222.824521609,26270250.063241642,0.0041629264283506093,49577486.217368148,-240027.24288295975,-695090.8311246403,1396629408423647.2,0,0
0_11:30211220033,8,796,0.33644504618724386,9.7856257999536428e-05,9.1391667386614348e-10,8765545.3132781368,26034212.374081086,26288634.611989509,0.0042263528232935488,49597186.737247907,-254422.24213477576,-680311.75691944722,1364215360374728.8,0,0
0_11:30211220122,3,796,0.11895624614260082,4.1158750920566879e-05,8.9814302756115052e-10,8913005.4303216692,26054596.190476261,26279395.991194647,0.0041534085423748871,49597068.53946133,-224799.80487179427,-666993.14498262422,1382515012341120.8,0,0
0_11:30211220122,6,796,0.44650526628417281,4.5682107653652114e-05,9.2189892850961149e-10,8690923.1123464182,26036506.36495005,26297529.057774544,0.0042632662809569876,49605622.929815732,-261022.69708776037,-672646.47258230567,1348701040872290.5,0,0
0_11:30211220200,2,795,0.062231189287348707,0.0032718893909088856,9.9312442299262326e-10,8061836.5967360688,26039001.515268385,26224867.342898399,0.0045926443066640066,49400213.843391672,-185865.83222265754,-826800.90005415818,1494144376062552.2,0,0
0_11:30211220200,3,795,0.011559179525852885,0.0089644766907252538,9.9872289072598136e-10,8011485.8856326779,26013331.491365526,26198542.331277166,0.004618534084788857,49346297.241252743,-185210.84453017378,-883480.99044600909,1664344449371690.8,0,0
0_11:30211220200,4,795,0.20066969447738681,0.01189459896951209,9.7782912470055385e-10,8199397.2976677632,26002547.021825276,26204266.924955614,0.0045219121174302291,49373893.370563462,-201719.90765224971,-859582.96063529863,1618189331624362.8,0,0
0_11:30211220200,5,795,0.38978020942892072,0.0059753787645175568,9.5693535867512675e-10,8387308.7097028494,25989649.123736106,26209061.323572315,0.0044252901500716028,49401551.883327782,-219412.20426149957,-835684.93082458794,1576646878784299.8,0,0
0_11:30211220200,6,795,0.33910819966742489,0.0062270755325154331,9.6253382640848465e-10,8336957.9985994576,25966985.922580983,26168781.137904048,0.0044511799281964524,49320466.728387751,-201795.21977424441,-906470.7226378608,1757927991908199.2,0,0
0_11:30211220200,7,795,0.52821871461895875,0.0083085270300435402,9.4164006038305734e-10,8524869.4106345437,25954731.16889165,26183599.067172188,0.0043545579608378253,49368334.904215477,-228867.90263509657,-875519.84211643925,1708411434297740,0,0
0_11:30211220200,8,795,0.71732922957049272,0.0042092232778871532,9.2074629435762993e-10,8712780.822669629,25943322.587404855,26194650.161359116,0.0042579359934791982,49410963.530861139,-251327.57821219784,-844568.9615950177,1663978730617202,0,0
0_11:30211220201,0,795,0.17229140938427767,0.0028552906707205281,9.8096448313945544e-10,8171198.9522487,26031792.668400433,26227280.425377946,0.0045364113944094233,49414614.932646178,-195487.76151392484,-815975.31878265121,1478019741199339,0,0
0_11:30211220201,1,795,0.36140192433581159,0.0036088363166564192,9.6007071711402813e-10,8359110.3642837862,26020612.239494145,26233720.958459888,0.0044397894270507962,49445119.300961778,-213108.72340553216,-795618.47798660933,1460285411782626.2,0,0
0_11:30211220201,2,795,0.5505124392873455,0.0016764224574100685,9.3917695108860083e-10,8547021.7763188723,26010758.07616898,26238058.205783263,0.0043431674596921691,49473492.648926236,-227300.13395744987,-775261.63719056768,1445332032882348.2,0,0
0_11:30211220201,3,795,0.49984042952584967,0.0052503430987352849,9.4477541882195872e-10,8496671.0652154796,25985122.715450451,26214030.694566388,0.0043690572378170187,49422599.94110246,-228907.98348499415,-821900.06229255348,1559109193187082.8,0,0
0_11:30211220201,4,795,0.68895094447738359,0.0067173948434661847,9.2388165279653142e-10,8684582.4772505648,25981065.985432021,26222275.032234848,0.0042724352704583916,49459679.988135345,-241209.05107526149,-798426.50617809803,1539332912334478,0,0
0_11:30211220201,5,795,0.87806145942891756,0.0031850834721310218,9.0298788677110421e-10,8872493.889285652,25979778.920812912,26226819.90396807,0.0041758133030997653,49491661.902384214,-247040.98733097073,-774952.95006364246,1522682268976278.5,0,0
0_11:30211220201,6,795,0.82738944966742167,0.0037179942806820645,9.0858635450446211e-10,8822143.1781822592,25941735.587877844,26203346.678988703,0.0042017030812246149,49440914.544781782,-261611.09531256216,-827824.80580245564,1645135515012677.2,0,0
0_11:30211220201,7,796,0.016499964618955601,0.0048007948881325473,8.9071225804038871e-10,8982472.0661310535,25945974.122405879,26217315.085595578,0.004119045394572295,49488425.363507852,-271340.96730874415,-801234.5343695865,1618816032000421.5,0,0
0_11:30211220201,8,796,0.2056104795704895,0.0023110318642147448,9.0442773384782477e-10,8854252.780065788,25949244.45281639,26246200.826687973,0.0041824717895152345,49527397.402477175,-296956.37805405527,-774644.26293671725,1546024137910001.5,0,0
0_11:30211220202,0,795,0.52973809276752015,0.0066213233990006469,9.4147219276581599e-10,8526379.1547827441,25916690.59457295,26167090.125134304,0.0043537816671139502,49337375.354944617,-250399.53491513568,-909548.69368636981,1817229141562865.5,0,0
0_11:30211220202,1,795,0.71884860771905412,0.0088627282672023629,9.2057842674038868e-10,8714290.5668178294,25909065.991755143,26187622.596316278,0.0042571596997553231,49397890.009299479,-278556.60881829489,-877046.9563424628,1765729557844609.2,0,0
0_11:30211220202,2,795,0.90795912267058798,0.0045114197997742182,8.9968466071496138e-10,8902201.9788529165,25908861.627709694,26199717.282161329,0.004160537732396696,49444387.751208544,-290855.65861217247,-844545.21899855579,1719459164362347,0,0
0_11:30211220202,3,795,0.85728711290909221,0.011768622671275507,9.0528312844831927e-10,8851851.2677495256,25872937.175899699,26168005.453749008,0.0041864275105215456,49378017.322659798,-295068.28203573666,-897136.3833727733,1926944719877954.8,0,0
0_11:30211220202,4,796,0.046397627860625346,0.015836390018597823,8.9288062333194905e-10,8962201.0778317042,25883083.147028834,26191505.554083958,0.0041290728697611981,49437196.654637255,-308422.41118419752,-866357.99018292991,1857988003563411.2,0,0
0_11:30211220202,5,796,0.23550814281215926,0.0081247548928901157,9.0659609913938501e-10,8833981.7917664386,25886706.741449144,26225991.283715397,0.0041924992647041377,49486881.466739312,-339284.54645875265,-835579.59699308663,1753548074346283.5,0,0
0_11:30211220202,6,796,0.18483613305066343,0.0081142682298903073,9.0292104847297407e-10,8868338.0459217206,25826472.292438351,26211038.976828445,0.0041755042134003599,49462710.976895362,-384566.68856559834,-884724.07305917679,1990978318561623,0,0
0_11:30211220202,7,796,0.37394664800219735,0.010965370069269835,9.1663652428041013e-10,8740118.759856455,25845167.186992373,26243492.944182623,0.0042389306083432995,49509151.595579952,-398325.76142918045,-855669.02402339713,1875181776991112.5,0,0
0_11:30211220202,8,796,0.56305716295373132,0.0056610728055699923,9.3035200008784608e-10,8611899.4737911895,25866784.634518448,26273007.277714878,0.004302357003286239,49550845.241373934,-406222.64749878703,-826613.97498761746,1765080669382421,0,0
0_11:30211220203,0,796,0.018019342767516235,0.0039968381467220555,8.9082245283439195e-10,8981441.9088099692,25916205.319707531,26209171.215861447,0.0041195549837854759,49472924.646595091,-292965.90027347067,-827424.83578177181,1694517416339976.8,0,0
0_11:30211220203,1,796,0.20712985771905015,0.0051882106935952589,9.04537928641828e-10,8853222.6227447037,25925882.198286571,26237775.357126106,0.0041829813787284155,49511376.773931667,-311893.16302251635,-801092.51876085647,1616764337580103.8,0,0
0_11:30211220203,2,796,0.39624037267058404,0.0025188864458010464,9.1825340444926406e-10,8725003.3366794363,25938375.451425735,26264530.91953814,0.0042464077736713551,49547148.959519036,-326155.47235881316,-774760.20173994091,1541868421531368.5,0,0
0_11:30211220203,3,796,0.34556836290908821,0.0072336138764209417,9.1457835378285312e-10,8759359.5908347182,25896116.049680941,26246376.319318682,0.0042294127223675773,49516759.480187617,-350260.27386715385,-820125.5986262986,1699797608245080,0,0
0_11:30211220203,4,796,0.53467887786062218,0.0094728518453468125,9.2829382959028908e-10,8631140.3047694527,25909391.794532597,26270418.119783789,0.004292839117310516,49548007.814097017,-361026.32954403094,-797796.45511251618,1617786415117676.8,0,0
0_11:30211220203,5,796,0.72378939281215604,0.0046634219589296432,9.4200930539772523e-10,8502921.0187041871,25922583.536025729,26294104.083647173,0.0043562655122534565,49579387.148080446,-371520.5519777094,-775467.31159873388,1539015748826995.5,0,0
0_11:30211220203,6,796,0.67311738305066027,0.005059776281782077,9.383342547313142e-10,8537277.2728594691,25880425.69926003,26285830.187058721,0.0043392704609496787,49567266.420525074,-405404.49213796126,-812826.36147082516,1708138904087916.8,0,0
0_11:30211220203,7,796,0.86222789800219413,0.0066715011173211387,9.5204973053875025e-10,8409057.9867942035,25896439.4930254,26302365.397455566,0.0044026968558926183,49585750.405794039,-405925.90883286274,-794500.39146417601,1621428656207251,0,0
0_11:30211220210,0,795,0.66057265938427445,0.0014009921987275418,9.2701701123543301e-10,8656384.1318315025,26008378.85935118,26242149.625814985,0.0042869345474375858,49493814.061528467,-233770.77075073952,-763416.01776236424,1442059929701967.2,0,0
0_11:30211220210,1,795,0.84968317433580842,0.001642201347025925,9.061232452100056e-10,8844295.5438665878,26008142.948855441,26246376.437288512,0.0041903125800789587,49524930.269547224,-238233.49262338306,-743065.48603062949,1445004603629770,0,0
0_11:30211220210,2,796,0.038793689287342316,0.00066065565157719314,8.9232913820924274e-10,8967356.6429540366,26010793.427039508,26251727.670408238,0.0041265225599003506,49551505.411803074,-240934.24749525252,-722714.95429889474,1438861704194078.5,0,0
0_11:30211220210,3,795,0.98812167952584651,0.0026977099659339539,8.9082794691793629e-10,8981856.2447982803,25982056.15295592,26231039.921003114,0.0041195803908451812,49514125.34086211,-248983.77216677531,-762621.35072706942,1518686904493381.5,0,0
0_11:30211220210,4,796,0.17723219447738039,0.0032374134306596305,9.0236956335026776e-10,8873493.611044053,25984967.44032323,26253693.535422713,0.0041729539035395124,49543817.157522552,-268726.09927243658,-743717.46840534022,1469458137196397.5,0,0
0_11:30211220210,5,796,0.36634270942891434,0.0013667132678522524,9.1608503915770382e-10,8745274.3249787875,25990780.284403864,26276002.5819031,0.004236380298482452,49571061.830973201,-285222.301735616,-724813.58608361112,1418217920174599.2,0,0
0_11:30211220210,6,796,0.31567069966741851,0.0019762659208270956,9.1240998849129278e-10,8779630.5791340694,25954755.133389067,26261415.441027541,0.0042193852471786742,49547438.5231314,-306660.31185785908,-761826.68369177461,1508957090324215.8,0,0
0_11:30211220210,7,796,0.50478121461895242,0.0024104487226865238,9.2612546429872884e-10,8651411.2930688038,25963573.347821809,26281287.230873886,0.0042828116421216138,49570684.076878779,-317713.8873348888,-744369.45078005106,1453502906297498.5,0,0
0_11:30211220210,8,796,0.69389172957048628,0.0010502316772858366,9.3984094010616489e-10,8523192.0070035364,25973474.29068232,26300693.03780096,0.0043462380370645533,49593858.55874072,-327218.75146487873,-726912.21786832763,1399644424184552.2,0,0
0_11:30211220211,0,796,0.14885390938427129,0.00050154894021548434,9.0031139285271076e-10,8892734.4420223162,26013588.23306654,26264367.360951491,0.0041634360175637894,49566260.606510393,-250779.1320483865,-712531.22908215947,1414777210579160.8,0,0
0_11:30211220211,1,796,0.3379644243358052,0.00050617283092687726,9.1402686866014681e-10,8764515.1559570525,26017891.351633109,26282506.512856148,0.0042268624125067289,49585508.169506133,-264615.16544990143,-697885.47390540736,1380467074606315.8,0,0
0_11:30211220211,2,796,0.52707493928733906,0.00013348986771896518,9.2774234446758287e-10,8636295.8698917851,26023912.984963488,26299878.709978163,0.0042902888074496685,49604124.658731736,-275965.72930496419,-683239.71872865525,1346912923584757,0,0
0_11:30211220211,3,796,0.47640292952584329,0.0010728464664597449,9.2406729380117183e-10,8670652.124047067,25994597.513742127,26286898.522739295,0.0042732937561458907,49583353.158634327,-292301.01327046216,-715273.57352349185,1392798014320981.2,0,0
0_11:30211220211,4,796,0.66551344447737726,0.0011391856667674299,9.3778276960860789e-10,8542432.8379818015,26000366.17612166,26302999.021907523,0.0043367201510888303,49600169.437607959,-302632.85012258386,-701393.28212106624,1356353786092078.2,0,0
0_11:30211220211,5,796,0.85462395942891112,0.00035657777882254591,9.5149824541604394e-10,8414213.5519165359,26007408.68122723,26318705.814052381,0.0044001465460317699,49617050.70586618,-311297.13722529763,-687512.99071864062,1320724451191275,0,0
0_11:30211220211,6,796,0.80395194966741534,0.00084143574597335803,9.4782319474963291e-10,8448569.8060718179,25978408.188632369,26309307.128190313,0.0043831514947279921,49602663.278008424,-330898.94394109497,-718015.91796482424,1372775365327770.2,0,0
0_11:30211220211,7,796,0.9930624646189492,0.00091962263972271885,9.6153867055706917e-10,8320350.5200065523,25985236.154588446,26322965.6728287,0.0044465778896709326,49616274.550317973,-337729.52268683224,-704901.09033672512,1334043144978491,0,0
0_11:30211220212,0,796,0.50630059276751305,0.0021657746185637428,9.2623565909273207e-10,8650381.1357477177,25946548.191246741,26277502.002890773,0.0042833212313347939,49563433.454614542,-330953.8159273538,-762200.7995202184,1503638482174697.8,0,0
0_11:30211220212,1,796,0.69541110771904691,0.0026668542260840583,9.3995113490016823e-10,8522161.8496824522,25956686.127813496,26294846.864371911,0.0043467476262777343,49582730.208109632,-338160.74090516265,-745372.83539389702,1446414549707233.2,0,0
0_11:30211220212,2,796,0.88452162267058088,0.0011827619613674623,9.5366661070760408e-10,8393942.5636171866,25966191.191518605,26312668.999507606,0.004410174021220673,49603731.591171242,-346477.81239917531,-728544.87126757554,1390928451663815.2,0,0
0_11:30211220212,3,796,0.83384961290908499,0.0040455617347802675,9.4999156004119325e-10,8428298.8177724686,25929836.306238193,26303806.577364337,0.0043931789699168961,49590320.467065565,-373970.2755193226,-764281.11248473683,1498672039474090.8,0,0
0_11:30211220213,0,796,0.99458184276750983,0.00095885621080247065,9.616488653510723e-10,8319320.3626854671,25970423.992996581,26320586.53164652,0.0044470874788841127,49611695.871783078,-350162.54309702647,-719859.9990475931,1363193297021447.2,0,0
0_11:30211220220,0,796,0.37546602615075869,0.0085915532956280967,9.1674671907441336e-10,8739088.602535367,25821473.397450965,26238752.577366367,0.0042394401975564804,49500093.219737537,-417279.18415484228,-878929.51430856832,2007898219154313.5,0,0
0_11:30211220220,1,796,0.56457654110229261,0.01163857213928741,9.3046219488184942e-10,8610869.3164701015,25849201.107078929,26264132.966700912,0.00430286659249942,49533999.32910081,-414931.8639248496,-851522.94862844027,1888010154069379,0,0
0_11:30211220220,2,796,0.75368705605382658,0.0060299592267940745,9.4417767068928557e-10,8482650.0304048378,25870288.077857986,26291666.920732789,0.0043662929874423596,49572765.453874029,-421378.84724109562,-824116.38294831233,1774416125016719,0,0
0_11:30211220220,3,796,0.70301504629233069,0.015163443075039633,9.4050262002287454e-10,8517006.2845601197,25813966.910332087,26284307.174393572,0.0043492979361385818,49562334.005987354,-470340.26841078245,-871428.87172638858,2043282909892037.5,0,0
0_11:30211220220,4,796,0.89212556124386466,0.020624658488856681,9.5421809583031059e-10,8388786.9984948523,25835633.537182473,26303128.458820898,0.0044127243310815214,49585256.563327864,-467494.92605114979,-847963.96121714392,1916142231201836.2,0,0
0_11:30211220221,0,796,0.86374727615075553,0.005401386544457566,9.5215992533275359e-10,8408027.8294731174,25878962.069708917,26301408.724316198,0.0044032064451057992,49583848.178060733,-422446.65901048755,-811122.79427304736,1715561859341728.2,0,0
0_11:30211220300,0,796,0.63713515938426812,7.1615979319602461e-05,9.3572459911105088e-10,8561673.6689600665,26027178.296080999,26308015.665258028,0.0043272022651131082,49611610.956411339,-280837.37350423081,-675586.86718232301,1330971406511822.5,0,0
0_11:30211220300,1,796,0.82624567433580198,6.4658876990725622e-05,9.4944007491848694e-10,8433454.382894801,26030960.399785489,26322100.126151793,0.0043906286600560477,49625309.14110516,-291139.73075693252,-663933.66174460563,1309794430453779.2,0,0
0_11:30211220300,3,796,0.96468417952584007,0.00022556478488882181,9.5948050005951196e-10,8339591.3509848164,26011277.460777849,26326329.902186617,0.0044370600036952096,49624385.739032313,-315052.44584582828,-680038.18114123994,1303798701447432.8,0,0
0_11:30212100131,5,795,0.022940026794347645,0.00010181969840966296,9.9746548438842248e-10,8022794.5697686533,26116878.267077364,26770662.739578031,0.0046127192846251962,50424897.114266098,-653784.47711338627,810960.77926588093,1268699499853364,0,0
0_11:30212100131,8,795,0.35048904693579302,2.0938160338265697e-05,9.6127642007093983e-10,8348266.6827353062,26102234.402359862,26749533.747094259,0.0044453651280328566,50416188.049982734,-647299.34917976195,805931.37531152635,1312781841087292,0,0
0_11:30212100133,2,795,0.54111894003614081,7.5745620265006155e-06,9.4021478642824325e-10,8537687.8389188442,26094478.020156551,26734724.121186897,0.0043479668669502251,50408920.618668921,-640246.10537831287,802433.37083685771,1340936644460229.5,0,0
0_11:30212101003,5,795,0.15377459341110197,0.0032859617355538505,9.830103028580395e-10,8152799.5468174098,26053139.921677325,26825477.033178374,0.0045458721649488318,50539932.848701462,-772337.11604692147,922352.76741372468,1442627443116811.8,0,0
0_11:30212101003,6,795,0.10310258364948027,0.00088322947809679254,9.8860877059141125e-10,8102448.8357138922,26082566.5706622,26802817.157875877,0.0045717619430737455,50492574.799092829,-720250.59178543836,876502.91349509987,1344504529512943,0,0
0_11:30212101003,7,795,0.29221309860101419,0.0020842707355839337,9.6771500456598394e-10,8290360.2477489784,26057101.740335982,26800355.245445494,0.0044751399757151184,50506026.054116145,-743253.50958465133,895509.0564671905,1404544707555987.2,0,0
0_11:30212101003,8,795,0.4813236135525481,0.0017336084557132195,9.4682123854055663e-10,8478271.6597840656,26029589.485463582,26798491.086608905,0.0043785180083564914,50522458.277399309,-768901.60552384134,914515.19943928113,1466776383128594.8,0,0
0_11:30212101010,8,795,0.12387693016930562,0.0046168771607674975,9.8631352891419608e-10,8123091.4572500195,26025393.599567827,26870702.47246189,0.0045611477356519653,50622362.615557134,-845308.87745521136,1001423.8578392181,1636719823157349.2,0,0
0_11:30212101011,4,795,0.095498645076322386,0.017956150451739039,9.8944888735308361e-10,8094893.1118310811,25998187.766440708,26900936.047202863,0.0045756470126310936,50676725.059434637,-902748.28533780167,1047763.9408357686,1817628590892630.5,0,0
0_11:30212101011,5,795,0.2846091600278563,0.013272577694310136,9.685551213276563e-10,8282804.5238661664,25957443.82806886,26908155.511068325,0.0044790250452724665,50708412.565581203,-950711.68747849064,1075521.2971504228,1944196158093539.8,0,0
0_11:30212101011,6,795,0.2339371502662346,0.0051824213917213867,9.7415358906102806e-10,8232453.8127626497,26006157.491967425,26874436.204604082,0.0045049148233973803,50639846.288956061,-868278.71714157192,1015661.4657990711,1696499295609253.8,0,0
0_11:30212101011,7,795,0.42304766521776849,0.010090886283969317,9.5325982303560096e-10,8420365.224797735,25963246.420649763,26869251.280747145,0.0044082928560387541,50649498.279780962,-906004.86450567504,1037620.1933365854,1811351734587892.8,0,0
0_11:30212101011,8,795,0.61215818016930246,0.007493815007046596,9.3236605701017365e-10,8608276.6368328221,25911788.88302375,26866961.36398736,0.0043116708886801278,50666478.675906934,-955172.48527528101,1059578.9208740999,1932485287010764,0,0
0_11:30212101012,1,795,0.12539630831811874,0.005624176116902798,9.8614566129692703e-10,8124601.2013984714,26033896.469145115,26853145.019196533,0.0045603714419279609,50589425.585952379,-819248.5546117886,969131.76973951317,1551720640754430.2,0,0
0_11:30212101012,2,795,0.31450682326965262,0.0043099471053605846,9.6525189527149972e-10,8312512.6134335566,25999941.601026323,26857714.60896419,0.0044637494745693338,50616380.727436446,-857773.01240161667,994171.43779761263,1641055074144563,0,0
0_11:30212101012,3,795,0.26383481350803095,0.0038321481527676064,9.7085036300487147e-10,8262161.90233004,26036271.111059252,26826438.982010689,0.0044896392526942476,50552346.34185873,-790167.87544107577,933929.90162506723,1485190705008154,0,0
0_11:30212101012,4,795,0.45294532845956487,0.0079281089059958822,9.4995659697944437e-10,8450073.3143651262,26003597.282164704,26820172.51062854,0.0043930172853356214,50560218.885504536,-816575.23285685328,952844.73742966889,1567780916745024,0,0
0_11:30212101012,5,795,0.64205584341109878,0.0061241993129449931,9.2906283095401696e-10,8637984.7264002115,25969184.289427068,26813878.627037913,0.0042963953179769943,50569907.139371634,-844694.34190723987,971759.57323427068,1653929124918182.5,0,0
0_11:30212101012,6,795,0.59138383364947711,0.0020441116572961623,9.3466129868738881e-10,8587634.0152966939,26010416.13271492,26794783.610885348,0.004322285096101908,50527938.317951314,-784367.48249271349,923767.70156872098,1508059274593318.5,0,0
0_11:30212101012,7,795,0.78049434860101097,0.0043013562634061052,9.137675326619614e-10,8775545.427331781,25975874.148328833,26781876.153432913,0.004225663128743281,50526514.498890638,-806002.00932974298,936557.70511982474,1588264178297219.8,0,0
0_11:30212101012,8,795,0.96960486355254494,0.0033575091725602277,8.928737666365342e-10,8963456.8393668663,25942086.135600168,26767426.032778412,0.0041290411613846539,50524080.495003469,-825339.90130728506,949347.70867092861,1671794267818435.8,0,0
0_11:30212101013,0,795,0.42456704336658163,0.0048504152545791593,9.530919554183319e-10,8421874.9689461887,25974790.011043936,26857447.10410624,0.0044075165623147505,50627410.525548659,-882657.09746982052,1006855.9349479546,1699463802124322,0,0
0_11:30212101013,1,795,0.61367755831811555,0.0094835808847016957,9.3219818939290438e-10,8609786.3809812721,25929438.797439549,26847273.320781901,0.0043108945949561226,50629529.046557382,-917834.527653247,1025406.4357245131,1811757337077725.8,0,0
0_11:30212101013,2,795,0.8027880732696494,0.0070625682103694987,9.1130442336747718e-10,8797697.7930163592,25884438.953676194,26835135.348900035,0.0042142726275974964,50629826.262285151,-950696.39943811367,1043956.9365010718,1929849342475191.8,0,0
0_11:30212101013,3,795,0.75211606350802773,0.0069236283810597734,9.1690289110084904e-10,8747347.0819128416,25946274.48514279,26804184.549387146,0.0042401624057224101,50565037.646589145,-857910.06848451844,980940.92022287822,1710109829850698.2,0,0
0_11:30212101013,4,795,0.9412265784595617,0.013636622384364531,8.9600912507542173e-10,8935258.4939479269,25914195.451188151,26783838.547868699,0.004143540438363783,50551207.366761714,-869643.10082408844,993577.70689250296,1818426262194438.8,0,0
0_11:30212101013,5,796,0.13033709341109559,0.010205247687413214,8.9896843769458056e-10,8905289.0740314946,25876030.197023891,26774418.765042551,0.0041572256020123259,50530373.251114346,-898388.57217588555,1006214.4935621276,1893734554223673.5,0,0
0_11:30212101013,6,796,0.079665083649473153,0.0038180451447491922,8.9529338702816032e-10,8939645.3281868622,25920128.308844786,26764270.957467493,0.0041402305507085057,50515478.734344669,-844142.65276293713,955025.90549780196,1703002571650198,0,0
0_11:30212101013,7,796,0.26877559860100708,0.0075898815923568248,9.0900886283559637e-10,8811426.0421215966,25890193.800738387,26762371.079085276,0.0042036569456514452,50496320.986114226,-872177.28255054564,961748.97806049266,1752084855303080.8,0,0
0_11:30212101013,8,796,0.457886113552541,0.005715205507358637,9.2272433864303243e-10,8683206.7560563311,25865333.131889012,26753846.138969392,0.0042670833405943848,50465522.681181945,-888513.01134746324,968472.05062318337,1805015441945218.5,0,0
0_11:30212101020,2,795,0.18367225665289832,0.00059698769733979235,9.797070768018827e-10,8182507.6363848001,26082405.965795141,26790120.543249093,0.0045305965942456982,50476134.219956324,-707714.58198454883,861646.41785230744,1333763836030816.8,0,0
0_11:30212101020,3,795,0.13300024689127662,0.0001926051275897982,9.8530554453525466e-10,8132156.9252812825,26105965.11637057,26770317.431960251,0.0045564863723706129,50434083.940165304,-664352.32014616765,819792.24791281857,1288875527851851.2,0,0
0_11:30212101020,4,795,0.32211076184281051,0.0007392879467237024,9.6441177850982735e-10,8320068.3373163687,26085007.660768505,26766487.022793874,0.0044598644050119858,50445225.987659551,-681479.36648523342,835777.5702905634,1329785780752994.5,0,0
0_11:30212101020,5,795,0.51122127679434448,0.00073466045507387414,9.4351801248440005e-10,8507979.7493514549,26063963.12779681,26762121.315607078,0.0043632424376533587,50457211.498949818,-698158.19217351067,851762.89266830822,1372110074651875.2,0,0
0_11:30212101020,6,795,0.46054926703272203,6.123648243195366e-05,9.4911648021777201e-10,8457629.0382479373,26090986.821938507,26747213.951138943,0.0043891322157782733,50423508.78986448,-656227.13358956843,813954.43808710785,1332859677811143.8,0,0
0_11:30212101020,7,795,0.64965978198425589,0.00030613402406131198,9.282227141923446e-10,8645540.4502830226,26069505.153993554,26739368.222141217,0.0042925102484196462,50430287.203539349,-669863.07244017324,827916.90278570843,1372902533184602.8,0,0
0_11:30212101020,8,795,0.83877029693578986,0.00032261424529043725,9.0732894816691729e-10,8833451.8623181097,26048149.135564234,26730624.285239168,0.0041958882810610191,50437256.947106406,-682475.1538708217,841879.36748430901,1414426580239300,0,0
0_11:30212101021,0,795,0.29373247674982728,0.00077122026500880156,9.6754713694871488e-10,8291869.9918974303,26068841.764413033,26789899.911772065,0.0044743636819911149,50486475.454049028,-721058.15183339582,871968.61866589298,1363563085757333,0,0
0_11:30212101021,1,795,0.48284299170136119,0.0018630584345058945,9.4665337092328758e-10,8479781.4039325155,26041811.770898838,26784239.32144342,0.0043777417146324878,50495757.550882623,-742427.55492232402,889432.59575299476,1422713905393209,0,0
0_11:30212101021,2,795,0.67195350665289511,0.0015677963350680473,9.2575960489786027e-10,8667692.8159676027,26014278.293677848,26778216.692538381,0.0042811197472738607,50506226.347696453,-763938.40314165258,906896.57284009666,1483988167320377,0,0
0_11:30212101021,3,795,0.62128149689127343,0.00097493034191493077,9.3135807263123202e-10,8617342.1048640851,26050346.809146937,26758230.225017551,0.0043070095253987745,50462501.364863738,-707883.42017762386,860496.62713838823,1401208570510173.5,0,0
0_11:30212101021,4,795,0.81039201184280729,0.0024548197536244567,9.1046430660580482e-10,8805253.5168991704,26025115.743317902,26746588.603289489,0.0042103875580401483,50463734.508757606,-721472.8641819742,874524.71054217231,1459101049293760,0,0
0_11:30212101021,5,795,0.99950252679434126,0.0021066528860533688,8.8957054058037751e-10,8993164.9289342575,26001334.957129519,26733309.999304753,0.0041137655906815212,50463784.145140797,-731975.04628899891,888552.79394595639,1519047140604735.8,0,0
0_11:30212101021,6,795,0.94883051703271881,0.00044918051345027175,8.9516900831374947e-10,8942814.2178307399,26034497.984002277,26723417.389141999,0.0041396553688064358,50438195.369242959,-688919.40927937732,849024.63561088371,1443024173941167.8,0,0
0_11:30212101021,7,796,0.13794103198425273,0.0012098176833935622,8.9951992281727766e-10,8900133.5089092478,26010938.204437356,26724450.250615317,0.0041597759118731318,50435436.974502526,-713512.05033773684,859616.82533134986,1459643346951507.5,0,0
0_11:30212101021,8,796,0.32705154693578664,0.0010694656910161999,9.1323539862471361e-10,8771914.2228439804,25988550.335844859,26729425.092983048,0.0042232023068160705,50429536.832134463,-740874.76136139128,870209.01505181612,1462427263931928.5,0,0
0_11:30212101022,0,795,0.65117916013306976,4.019771213557901e-05,9.2805484657507544e-10,8647050.1944314744,26083209.982794363,26730987.170617059,0.0042917339546956418,50414661.478642486,-647777.19211442978,810013.34852397942,1361152015326616,0,0
0_11:30212101022,1,795,0.84028967508460373,0.00023926011521602987,9.0716108054964813e-10,8834961.6064665597,26062742.519508988,26720664.918356489,0.0041951119873370147,50418661.09301471,-657922.40304261376,822951.5769415024,1400915599541830.8,0,0
0_11:30212101022,2,796,0.029400190036136871,0.00025971481992746373,8.9164786296783108e-10,8973725.5525197089,26043004.940654472,26712430.645523559,0.0041233720434229564,50421910.014044061,-669425.70899245981,835889.80535902549,1433619378982019.8,0,0
0_11:30212101022,3,795,0.97872818027451514,4.3024530239304077e-05,8.9186578225759268e-10,8972522.3073981293,26072176.163908329,26699245.291580558,0.0041243797981033023,50396631.754172459,-627069.1317966088,802307.63688304322,1414733707844106,0,0
0_11:30212101022,4,796,0.16783869522604983,0.00026375884807118598,9.016882881088471e-10,8879862.5206098109,26053518.274270069,26705650.649321783,0.0041698033870620765,50397485.760381863,-652132.37922151783,813748.94352849678,1405199953670445.8,0,0
0_11:30212101022,5,796,0.35694921017758374,0.00028732472801917786,9.1540376391628316e-10,8751643.2345445454,26035518.153254654,26713604.570637923,0.0042332297820050161,50397351.102652632,-678086.42161649826,825190.2501739501,1390123050556252,0,0
0_11:30212101022,7,796,0.49538771536749521,9.0679157037886957e-05,9.2544418905729898e-10,8657780.2026346456,26046816.01269247,26709167.533255942,0.0042796611256441354,50378433.562631615,-662351.52484313317,804546.31011549092,1365266376363140.2,0,0
0_11:30212101022,8,796,0.68449823031902912,9.9883941571551148e-05,9.3915966486473503e-10,8529560.916569382,26031195.085839145,26715011.42827015,0.004343087520587075,50375775.084538005,-683816.34677409264,814490.69498887483,1348630011595145.2,0,0
0_11:30212101023,0,796,0.13946041013306584,0.00037323738030297575,8.996301176112992e-10,8899103.3515879903,26030440.727852944,26716360.013376292,0.0041602855010863969,50420042.573224723,-685919.28968363302,842475.9456228012,1429718244915954.8,0,0
0_11:30212101023,1,796,0.32857092508459979,0.0010497747605260513,9.1334559341873515e-10,8770884.0655227248,26009935.176763482,26721734.730609033,0.0042237118960293356,50414908.328904666,-711799.55806926277,852170.93337963626,1430201973298487.5,0,0
0_11:30212101023,2,796,0.5176814400361337,0.0009444278901945129,9.2706106922617131e-10,8642664.7794574592,25990650.696641456,26725667.749761969,0.004287138290972276,50407898.868344568,-735017.05740765086,861865.92113647156,1431679023500362,0,0
0_11:30212101023,3,796,0.46700943027451269,0.00043480441290037839,9.2338601855975117e-10,8677021.033612825,26024556.681849267,26716751.016708326,0.0042701432396684558,50394863.092092618,-692194.33912920149,831443.41853652266,1385217121095856.8,0,0
0_11:30212101023,4,796,0.65611994522604666,0.0013165544849803748,9.3710149436718713e-10,8548801.7475475594,26006188.645360906,26721481.803925984,0.0043335696346113945,50389976.157282427,-715293.1628986476,841491.07289956533,1383691956383708.5,0,0
0_11:30212101023,5,796,0.84523046017758052,0.0012173493629968324,9.5081697017462339e-10,8420582.4614822939,25988848.884174779,26725251.812263675,0.0043969960295543358,50384109.895358562,-736402.93248589197,851538.72726260789,1383030178797346.8,0,0
0_11:30212101023,6,796,0.79455845041595807,0.00017097212096113624,9.4714191950820305e-10,8454938.7156376615,26021499.845988721,26717658.112009697,0.0043800009782505147,50373187.887714848,-696158.270400977,820410.89145024435,1342704838520150.8,0,0
0_11:30212101023,7,796,0.98366896536749204,0.0005980709941336591,9.608573953156391e-10,8326719.429572396,26005041.874421556,26721366.133401483,0.0044434273731934542,50367813.93897517,-716324.26342335518,830811.21241949429,1339119722861562.2,0,0
0_11:30212101030,0,795,0.78201372674982406,0.0018611176776138791,9.1359966504469235e-10,8777055.1714802328,25996808.521645956,26771160.941113751,0.0042248868350192774,50506491.036577985,-774352.42369268253,915141.72050685273,1524614007171084.2,0,0
0_11:30212101030,1,795,0.97112424170135803,0.00395745007314946,8.9270589901926504e-10,8964966.5835153181,25969340.184062749,26753783.905794542,0.0041282648676606503,50498537.946700312,-784443.72586005798,926012.12472006818,1603632921597092.5,0,0
0_11:30212101030,2,796,0.16023475665289191,0.0031084992337354245,9.0113680298614989e-10,8885018.0857320596,25940123.076278813,26751420.787008516,0.0041672530772012707,50484488.449389748,-811297.71489695634,936882.52893328376,1638652884429231.5,0,0
0_11:30212101030,3,796,0.10956274689126951,0.0025306330575145205,8.9746175231972976e-10,8919374.3398874253,25985982.37153909,26735322.374768499,0.0041502580258974513,50458324.006122977,-749340.00737966748,895660.80847173813,1526720004471487.2,0,0
0_11:30212101030,4,796,0.29867326184280341,0.0054821221390625192,9.1117722812716571e-10,8791155.0538221598,25961901.313541632,26738837.907062519,0.00421368442084039,50449536.308371574,-776936.59773457167,906059.35779810278,1548196206632807.8,0,0
0_11:30212101030,5,796,0.48778377679433732,0.0043531326653642333,9.2489270393460176e-10,8662935.7677568942,25939103.65879786,26739847.154580362,0.0042771108157833295,50436869.209056295,-800743.50005961279,916457.90712446778,1571691512047885.5,0,0
0_11:30212101030,6,796,0.43711176703271565,0.0013069605598836033,9.2121765326818173e-10,8697292.0219122637,25976573.396343295,26730230.588530924,0.0042601157644795102,50422550.309551641,-753657.19644774543,876179.89643662353,1468464973276868,0,0
0_11:30212101030,7,796,0.62622228198424956,0.0029055686940362741,9.3493312907561789e-10,8569072.7358469963,25959391.648784116,26731449.767307661,0.0043235421594224506,50410901.540348269,-772058.12284708768,886106.5908761376,1487064565742118,0,0
0_11:30212101030,8,796,0.81533279693578342,0.0023414030210356968,9.4864860488305374e-10,8440853.4497817308,25942649.207285482,26731216.920511961,0.0043869685543653893,50397352.086433671,-788567.71761344711,896033.28531565191,1507459788639417,0,0
0_11:30212101031,0,796,0.27029497674982089,0.0035474447268701074,9.0911905762961801e-10,8810395.8848003391,25924927.961897124,26749386.765828356,0.0042041665348647103,50471700.080250084,-824458.80813539913,941719.37541644217,1659621995439815.2,0,0
0_11:30212101031,1,796,0.45940549170135481,0.007091781905244776,9.2283453343705396e-10,8682176.5987350736,25904707.961730573,26746076.212721393,0.0042675929298076499,50450751.600954801,-841368.2552584121,947470.75386668206,1706201181586676.5,0,0
0_11:30212101031,2,796,0.64851600665288878,0.005359927791336312,9.3655000924448991e-10,8553957.312669808,25884335.524947707,26740101.476327129,0.0043310193247505886,50425627.653636649,-855765.95571044146,953222.13231692207,1756555831664706.2,0,0
0_11:30212101031,3,796,0.59784399689126633,0.0049989924923069225,9.3287495857806978e-10,8588313.5668251757,25926962.931660619,26739046.785084691,0.0043140242734467692,50427268.31834051,-812083.8577380965,921906.61031902151,1590684706085646.5,0,0
0_11:30212101031,4,796,0.78695451184280019,0.010093883434464934,9.4659043438550583e-10,8460094.2807599101,25909174.129569452,26737586.151607577,0.0043774506683897088,50411274.863316476,-828412.02641557518,930232.48414995428,1633373174044638.5,0,0
0_11:30212101031,5,796,0.97606502679433416,0.0076783041655967858,9.6030591019294189e-10,8331874.9946946437,25889564.754460085,26735388.924568422,0.0044408770633326483,50394727.318517722,-845824.17454921408,938558.35798088717,1679487912214570.5,0,0
0_11:30212101031,6,796,0.92539301703271248,0.0027111249595453829,9.5663085952652175e-10,8366231.2488500113,25933207.290299378,26730898.17612385,0.0044238820120288281,50389504.468220659,-797690.89024835371,902093.84522160096,1524488987926286.8,0,0
0_11:30212101032,0,796,0.62774166013306265,0.0011665181097986802,9.3504332386963943e-10,8568042.5785257407,25979443.341611076,26727108.836228088,0.0043240517486357157,50402606.646484233,-747665.49894106318,867533.42843167891,1436942629712601.2,0,0
0_11:30212101032,1,796,0.81685217508459651,0.0026355283550035884,9.4875879967707527e-10,8439823.2924604733,25961442.508781821,26728757.565481834,0.0043874781435786544,50392613.426056676,-767315.06108749169,877314.78230207821,1454013148066366.5,0,0
0_11:30212101032,3,796,0.95529068027450947,0.0015317653239567805,9.587992248180914e-10,8345960.2605505753,25978539.089313678,26726966.645023227,0.0044339094872177746,50380173.532340951,-748427.56014345773,857300.82516604359,1386948970565136.8,0,0
0_11:30212101100,0,795,0.067120359983339151,0.010041756914760568,9.9258424579197114e-10,8066694.7664121417,25981076.133645188,26946807.9934077,0.0045901462896102228,50760581.830668844,-965731.86435265839,1111127.3804864655,2047577931518589.8,0,0
0_11:30212101100,1,795,0.25623087493487307,0.01893728189120809,9.7169047976654383e-10,8254606.1784472289,25927672.936597355,26950323.982480031,0.0044935243222515957,50785041.953514822,-1022651.0503762001,1145145.5609677499,2213101119214309.5,0,0
0_11:30212101100,2,795,0.44534138988640698,0.013756422024683426,9.5079671374111673e-10,8442517.590482315,25858599.715234283,26959585.234299447,0.0043969023548929695,50822201.945518538,-1100985.5234620664,1179163.7414490341,2389888416270863.5,0,0
0_11:30212101100,3,795,0.39466938012478525,0.014636651064291182,9.5639518147448848e-10,8392166.8793787975,25926759.505182344,26908122.509204634,0.0044227921330178832,50719733.91146858,-981363.00844508118,1089366.2361024895,2026428637647688.8,0,0
0_11:30212101100,4,795,0.58377989507631922,0.027697929270551248,9.3550141544906118e-10,8580078.2914138827,25872682.475899953,26893001.99803311,0.0043261701656592561,50712267.137569852,-1020319.5264593269,1109186.897211242,2183864979732143.2,0,0
0_11:30212101100,5,795,0.77289041002785308,0.020168384212771055,9.1460764942363387e-10,8767989.7034489699,25815896.278351374,26875858.244140651,0.004229548198300629,50702858.792939976,-1059961.9700188253,1129007.558319994,2351333816141834,0,0
0_11:30212101100,6,795,0.72221840026623141,0.0082856712338714947,9.2020611715700573e-10,8717638.9923454523,25873365.538155239,26856724.922895603,0.0042554379764255437,50660437.975515708,-983359.3889958018,1067605.0917185135,2010920517843069.5,0,0
0_11:30212101100,7,795,0.91132891521776527,0.01574595333858738,8.9931235113157842e-10,8905550.4043805376,25823771.163533095,26834892.647321563,0.0041588160090669166,50643547.367041841,-1011121.4879472839,1073228.2334547336,2161564505572401.5,0,0
0_11:30212101100,8,796,0.10043943016929922,0.011499474652053017,8.9680007240301101e-10,8925560.0623309314,25767520.74864886,26816450.268895291,0.0041471981268233803,50612206.91949255,-1048929.5243936293,1078851.3751909542,2291637782265398,0,0
0_11:30212101101,0,795,0.55540160998333599,0.015022318909540998,9.3863677388794871e-10,8551879.9459949452,25810515.33945106,26955123.366019994,0.0043406694426383853,50826125.210769281,-1144608.0309096037,1192466.85697729,2504257660223152,0,0
0_11:30212101101,1,795,0.74451212493486985,0.02797924267682287,9.177430078625214e-10,8739791.3580300305,25739549.242373601,26931591.310451686,0.0042440474752797582,50804433.429288194,-1192042.0723221332,1204164.7222351928,2723254316581300,0,0
0_11:30212101101,2,795,0.93362263988640382,0.020150307012834375,8.9684924183709409e-10,8927702.7700651158,25675528.601563383,26896923.598037336,0.0041474255079211311,50763612.511456698,-1221395.0006213787,1215862.5874930958,2958334563575259,0,0
0_11:30212101101,3,795,0.88295063012478203,0.022054009781943325,9.0244770957046595e-10,8877352.0589616001,25780431.003849618,26851927.848108549,0.0041733152860460457,50671925.302403152,-1071496.8484322459,1135959.9332450118,2459411983959204.5,0,0
0_11:30212101101,4,796,0.072061145076315988,0.04116602898338128,8.9474190190546321e-10,8944800.8933091089,25742296.856250308,26823073.968745075,0.0041376802408477006,50627110.427489839,-1080777.1166324469,1140031.0506743782,2646151715336999.5,0,0
0_11:30212101101,5,796,0.26117166002784992,0.029691342060616254,9.0845737771289916e-10,8816581.6072438434,25684066.635144949,26795923.896547116,0.0042011066357906393,50560240.147114389,-1111857.2656032741,1144102.1681037445,2812634488127495,0,0
0_11:30212101101,6,796,0.21049965026622822,0.01259550222843216,9.0478232704647913e-10,8850937.861399211,25735821.383677471,26804206.928027879,0.00418411158448682,50579973.041220382,-1068385.5485345195,1079453.0095127339,2362242687230596.5,0,0
0_11:30212101101,7,796,0.3996101652177621,0.023574135449865349,9.1849780285391508e-10,8722718.5753339455,25714650.878999889,26782308.112364024,0.0042475379794297587,50523658.436622836,-1067657.2376116731,1075897.3791135636,2503612144973641.5,0,0
0_11:30212101101,8,796,0.58872068016929602,0.01703489819885582,9.3221327866135124e-10,8594499.2892686799,25703885.595159341