xd,x,y,time,dt,V,Theta,C,Ih,slip,q,F,prescribed,mass_diagonal,mass_upper,tau_bg,delta_tau,tau_total,sigma_n_bg,C_evaluated,friction_traction,weak_residual
115470.05383792514,21132.486540518701,0,592972674.56564343,109943930.34395787,1.0000000000000001e-09,8000000,0,12691.226484242241,0.59297267456564351,26515178.248422179,-4323.7241155870606,1,59.801978995499709,11.653542613001276,26545555.49658734,-30377.248165160418,26515178.248422179,50000000,0,26519501.967913296,-466672.47927081643
115370.09350171598,21182.466708623288,86.568190527976824,592972674.56564343,109943930.34395787,1.0000000000000001e-09,8000000,0,12692.940471139316,0.59297267456564351,26520286.502499346,-17857.678771086386,1,56.335080841968278,15.321634571724466,26546235.820459835,-25949.317960489541,26520286.502499346,50000000,0,26538144.176645994,-1097008.0166698783
115270.13316550681,21232.446876727874,173.13638105595365,592972674.56564343,109943930.34395787,1.0000000000000001e-09,8000000,0,12692.155815652954,0.59297267456564351,26521142.491588876,-2650.3396901209626,1,64.323175802638701,16.33363767744834,26546091.616840929,-24949.125252053142,26521142.491588876,50000000,0,26523792.826654561,-531953.04430672945
115170.17282929763,21282.427044832461,259.70457158393043,592972674.56564343,109943930.34395787,1.0000000000000001e-09,8000000,0,12692.689611087708,0.59297267456564351,26522222.705432888,-5379.4477254663234,1,66.332611914988007,16.527663519997564,26546131.148019828,-23908.442586939782,26522222.705432888,50000000,0,26527602.148533903,-386761.67669744504
115070.21249308845,21332.407212937047,346.2727621119073,592972674.56564343,109943930.34395787,1.0000000000000001e-09,8000000,0,12692.076306808896,0.59297267456564351,26525358.097167868,808.39193013024271,1,66.862654455469624,16.53761068498121,26546119.882299442,-20761.785131573677,26525358.097167868,50000000,0,26524549.700613312,-106145.31869478592
114970.25215687927,21382.387381041633,432.84095263988411,592972674.56564343,109943930.34395787,1.0000000000000001e-09,8000000,0,12692.796306412123,0.59297267456564351,26522812.468696162,-4310.5892629635246,1,66.859876727298612,16.564421000706488,26546123.023669321,-23310.554973158985,26522812.468696162,50000000,0,26527123.053334665,-278714.11246748851
114870.29182067011,21432.36754914622,519.40914316786086,592972674.56564343,109943930.34395787,1.0000000000000001e-09,8000000,0,12692.097533805048,0.59297267456564351,26524778.306854252,-234.08706799588361,1,66.80364491777803,16.551389730869253,26546122.194464482,-21343.887610230595,26524778.306854252,50000000,0,26525012.389297836,-147220.35342463877
114770.33148446096,21482.347717250803,605.97733369583773,592972674.56564343,109943930.34395787,1.0000000000000001e-09,8000000,0,12692.908009320607,0.59297267456564351,26523876.329563744,-3635.9526130489185,1,66.905683432141075,16.540074823135196,26546122.409786776,-22246.080223031342,26523876.329563744,50000000,0,26527512.277552366,-242267.99125814173
114670.37114825178,21532.327885355389,692.5455242238146,592972674.56564343,109943930.34395787,1.0000000000000001e-09,8000000,0,12691.636351804522,0.59297267456564351,26525697.474714845,294.57965518490681,1,66.846183179307815,16.579436743448145,26546122.353487104,-20424.878772258759,26525697.474714845,50000000,0,26525402.890435271,-120956.7839955317
114570.4108120426,21582.308053459976,779.11371475179146,592972674.56564343,109943930.34395787,1.0000000000000001e-09,8000000,0,12693.203737562601,0.59297267456564351,26522938.99710064,-4855.9780744983354,1,66.759250215746363,16.578321265924121,26546122.36818935,-23183.371088709682,26522938.99710064,50000000,0,26527794.970550701,-325142.36462047062
114470.45047583342,21632.288221564562,865.68190527976822,592972674.56564343,109943930.34395787,1.0000000000000001e-09,8000000,0,12691.760486003937,0.59297267456564351,26525325.100254521,-352.56127373504194,1,66.843891018814816,16.580660924617558,26546122.364323787,-20797.264069266617,26525325.100254521,50000000,0,26525677.656903829,-161416.0837742661
114370.49013962426,21682.268389669149,952.25009580774508,592972674.56564343,109943930.34395787,1.0000000000000001e-09,8000000,0,12692.805748574598,0.59297267456564351,26524592.810898367,-3458.5805774972209,1,66.74606551034681,16.63189582393246,26546122.365346633,-21529.554448265582,26524592.810898367,50000000,0,26528051.386851497,-241919.14125171164
114270.52980341509,21732.248557773735,1038.8182863357217,592972674.56564343,109943930.34395787,1.0000000000000001e-09,8000000,0,12692.110704597506,0.59297267456564351,26525524.867008977,-314.26342334323203,1,66.646241422094562,16.642919397108372,26546122.365076575,-20597.49806759879,26525524.867008977,50000000,0,26525839.125807878,-157053.31303481458
114170.5694672059,21782.228725878322,1125.3864768636988,592972674.56564343,109943930.34395787,1.0000000000000001e-09,8000000,0,12692.814722606316,0.59297267456564351,26523516.322234459,-4721.8930353404012,1,66.699812052444642,16.639199456499714,26546122.365148328,-22606.042913869023,26523516.322234459,50000000,0,26528238.210645411,-317487.15129399474
114070.60913099673,21832.208893982908,1211.9546673916755,592972674.56564343,109943930.34395787,1.0000000000000001e-09,8000000,0,12692.120996252741,0.59297267456564351,26526286.01330236,161.8159290750234,1,66.651087234393785,16.695072001636582,26546122.365129393,-19836.351827032864,26526286.01330236,50000000,0,26526124.192748871,-127486.9506779357
113970.64879478756,21882.189062087495,1298.5228579196523,592972674.56564343,109943930.34395787,1.0000000000000001e-09,8000000,0,12692.57326153845,0.59297267456564351,26524692.57603449,-3576.1234362745581,1,66.488972470785853,16.719689645795096,26546122.365134496,-21429.789100006223,26524692.57603449,50000000,0,26528268.694846332,-255038.24743419833
113870.6884585784,21932.169230192081,1385.0910484476292,592972674.56564343,109943930.34395787,1.0000000000000001e-09,8000000,0,12692.157805621899,0.59297267456564351,26525248.407417499,-1194.2209297854968,1,66.551971750345572,16.700160289866993,26546122.365132999,-20873.957715500146,26525248.407417499,50000000,0,26526442.62372284,-208730.88353074359
113770.72812236921,21982.149398296668,1471.6592389756061,592972674.56564343,109943930.34395787,1.0000000000000001e-09,8000000,0,12692.951971804461,0.59297267456564351,26524247.759003367,-4159.3284586956579,1,66.555750927777183,16.737576678972278,26546122.365133416,-21874.606130048633,26524247.759003367,50000000,0,26528407.082837634,-296573.34977613488
113670.76778616004,22032.129566401254,1558.2274295035829,592972674.56564343,109943930.34395787,1.0000000000000001e-09,8000000,0,12691.620270713913,0.59297267456564351,26526690.288982116,11.803387094185904,1,66.411275752518563,16.771144340644369,26546122.365133688,-19432.076151572168,26526690.288982116,50000000,0,26526678.48097058,-138334.76579972031
113570.80744995088,22082.109734505841,1644.7956200315596,592972674.56564343,109943930.34395787,1.0000000000000001e-09,8000000,0,12693.096908661531,0.59297267456564351,26524304.651454221,-4144.1158320938703,1,66.429401175831998,16.749062063821583,26546122.36513349,-21817.713679268956,26524304.651454221,50000000,0,26528448.762661871,-301835.78617251094
113470.84711374171,22132.089902610427,1731.3638105595364,592972674.56564343,109943930.34395787,1.0000000000000001e-09,8000000,0,12692.007789597896,0.59297267456564351,26525378.477735654,-1596.6630997003842,1,66.482947205290714,16.763426436155346,26546122.365133304,-20743.887397650629,26525378.477735654,50000000,0,26526975.136210918,-229811.75867470607
113370.88677753255,22182.070070715014,1817.9320010875133,592972674.56564343,109943930.34395787,1.0000000000000001e-09,8000000,0,12692.656843209583,0.59297267456564351,26525213.406642802,-3236.2618136513906,1,66.38167722576037,16.786351837924716,26546122.365133457,-20908.958490654826,26525213.406642802,50000000,0,26528449.663832061,-259299.64088081542
113270.92644132336,22232.050238819596,1904.5001916154902,592972674.56564343,109943930.34395787,1.0000000000000001e-09,8000000,0,12692.209338876844,0.59297267456564351,26526121.52329208,-1054.7621963816002,1,66.3945479872215,16.758657197073266,26546122.365133237,-20000.841841157526,26526121.52329208,50000000,0,26527176.280864041,-200716.10732232314
113170.96610511419,22282.030406924183,1991.0683821434668,592972674.56564343,109943930.34395787,1.0000000000000001e-09,8000000,0,12692.506414047046,0.59297267456564351,26523978.714801002,-4556.4878926756064,1,66.485972865522655,16.750493296580359,26546122.365133364,-22143.65033236146,26523978.714801002,50000000,0,26528535.198069308,-358079.41551602096
113071.00576890502,22332.010575028769,2077.6365726714434,592972674.56564343,109943930.34395787,1.0000000000000001e-09,8000000,0,12692.543920915285,0.59297267456564351,26525223.331868459,-2236.3811252988266,1,66.419611745369167,16.768333559133879,26546122.365133483,-20899.033265024424,26525223.331868459,50000000,0,26527459.708369296,-283099.21673237358
112971.04543269583,22381.990743133356,2164.2047631994205,592972674.56564343,109943930.34395787,1.0000000000000001e-09,8000000,0,12692.211052032198,0.59297267456564351,26524942.258653414,-3472.9885690650249,1,66.432361681504062,16.727958643103808,26546122.365133315,-21180.10647990182,26524942.258653414,50000000,0,26528415.242598083,-325195.73519252567
112871.08509648667,22431.970911237942,2250.7729537273976,592972674.56564343,109943930.34395787,1.0000000000000001e-09,8000000,0,12692.353883334876,0.59297267456564351,26524264.129998129,-3406.0651988636791,1,66.570120325204044,16.698746561973959,26546122.365133554,-21858.235135424882,26524264.129998129,50000000,0,26527670.190572593,-373576.76268408709
112771.1247602775,22481.951079342529,2337.3411442553743,592972674.56564343,109943930.34395787,1.0000000000000001e-09,8000000,0,12692.780415395502,0.59297267456564351,26522896.223164581,-5314.0864842528736,1,66.544398404300168,16.715240125035322,26546122.365133293,-23226.141968712211,26522896.223164581,50000000,0,26528210.305024363,-469834.14626945666
112671.16442406832,22531.931247447115,2423.9093347833509,592972674.56564343,109943930.34395787,1.0000000000000001e-09,8000000,0,12691.948144032491,0.59297267456564351,26524042.752182454,-3549.7209811646208,1,66.514727365218064,16.681027820121706,26546122.365133483,-22079.612951029092,26524042.752182454,50000000,0,26527592.468539208,-404924.61223631399
112571.20408785914,22581.911415551702,2510.4775253113276,592972674.56564343,109943930.34395787,1.0000000000000001e-09,8000000,0,12692.659525707686,0.59297267456564351,26522861.533069603,-4795.2475221925351,1,66.68238955996739,16.634730646565281,26546122.365133345,-23260.832063741982,26522861.533069603,50000000,0,26527656.775967337,-471464.20574563107
112471.24375164996,22631.891583656288,2597.0457158393046,592972674.56564343,109943930.34395787,1.0000000000000001e-09,8000000,0,12692.423382733064,0.59297267456564351,26521645.504475117,-5560.2131443553671,1,66.685820324489185,16.644459262900074,26546122.36513339,-24476.860658273101,26521645.504475117,50000000,0,26527205.712995034,-526279.32064589683
112371.2834154408,22681.871751760875,2683.6139063672817,592972674.56564343,109943930.34395787,1.0000000000000001e-09,8000000,0,12692.277257188985,0.59297267456564351,26521966.715676021,-4549.5196824480909,1,66.659881223405009,16.618318569967332,26546122.365133189,-24155.649457167834,26521966.715676021,50000000,0,26526516.230734002,-441259.41154844564
112271.32307923165,22731.851919865461,2770.1820968952584,592972674.56564343,109943930.34395787,1.0000000000000001e-09,8000000,0,12693.084367740968,0.59297267456564351,26523358.9242259,-2734.466096995609,1,66.78174769420599,16.574667155561826,26546122.365133718,-22763.440907817334,26523358.9242259,50000000,0,26526093.385698501,-259390.44620171629
112171.36274302247,22781.832087970048,2856.750287423235,592972674.56564343,109943930.34395787,1.0000000000000001e-09,8000000,0,12693.633604546911,0.59297267456564351,26524813.655641526,-70.749765261067708,1,66.823203429055042,16.579136604896135,26546122.365132209,-21308.70949068293,26524813.655641526,50000000,0,26524884.400782343,14941.918751227351
112071.40240681329,22831.812256074634,2943.3184779512121,592972674.56564343,109943930.34395787,1.0000000000000001e-09,8000000,0,12696.656562279684,0.59297267456564351,26528516.187653549,3920.1384042219975,1,66.748742212528825,16.571459518318292,26546122.365133509,-17606.177479960024,26528516.187653549,50000000,0,26524596.044624928,482699.45301006694
111971.44207060411,22881.792424179221,3029.8866684791888,592972674.56564343,109943930.34395787,1.0000000000000001e-09,8000000,0,12699.55944878604,0.59297267456564351,26536819.00020748,13409.085361890708,1,66.871013576917335,16.530128285140407,26546122.365131918,-9303.3649244382977,26536819.00020748,50000000,0,26523409.910221081,1270998.6828876701
111871.48173439494,22931.772592283804,3116.4548590071659,592972674.56564343,109943930.34395787,1.0000000000000001e-09,8000000,0,12703.543671861884,0.59297267456564351,26543245.859020505,18714.745184703552,1,66.903046787967824,16.562802453618438,26546122.36513276,-2876.506112255156,26543245.859020505,50000000,0,26524531.109211385,1904631.6804904726
111771.52139818578,22981.75276038839,3203.0230495351425,592972674.56564343,109943930.34395787,1.0000000000000001e-09,8000000,0,12705.704647213497,0.59297267456564351,26550760.461817473,26016.388697600189,1,66.762996030354614,16.561235325842205,26546122.365131266,4638.096686206758,26550760.461817473,50000000,0,26524744.068495404,2492646.8607144388
111671.56106197659,23031.732928492976,3289.5912400631191,592972674.56564343,109943930.34395787,1.0000000000000001e-09,8000000,0,12711.318209208826,0.59297267456564351,26556151.916833401,26915.03194890295,1,66.89077629153654,16.525460275793705,26546122.365135621,10029.551697779447,26556151.916833401,50000000,0,26529236.880260091,2634591.2345856247
111571.60072576742,23081.713096597563,3376.1594305910958,592972674.56564343,109943930.34395787,1.0000000000000001e-09,8000000,0,12713.307546982491,0.59297267456564351,26556533.925201144,24408.416548209432,1,66.892499844155125,16.565656903673332,26546122.365130339,10411.560070805252,26556533.925201144,50000000,0,26532125.504028473,2137683.4087464968
111471.64038955825,23131.693264702149,3462.7276211190729,592972674.56564343,109943930.34395787,1.0000000000000001e-09,8000000,0,12700.622716395215,0.59297267456564351,26540268.121720929,3631.6167632730298,1,66.744848201783199,16.596655577175188,26546122.365132764,-5854.243411835283,26540268.121720929,50000000,0,26536636.500333183,553046.88639546989
111371.68005334906,23181.673432806736,3549.29581164705,592972674.56564343,109943930.34395787,1.0000000000000001e-09,8000000,0,12692.278322381619,0.59297267456564351,26528746.444434084,-5644.8889271802,1,66.789001809956574,16.570229637701726,26546122.365132321,-17375.920698236674,26528746.444434084,50000000,0,26534391.328736775,-520341.05496881419
111271.7197171399,23231.653600911322,3635.8640021750266,592972674.56564343,109943930.34395787,1.0000000000000001e-09,8000000,0,12692.942637259059,0.59297267456564351,26522611.609386373,-12286.929949327416,1,66.839122922768638,16.609392622998449,26546122.36513418,-23510.755747806281,26522611.609386373,50000000,0,26534898.534711301,-1052147.328391524
111171.75938093074,23281.633769015909,3722.4321927030028,592972674.56564343,109943930.34395787,1.0000000000000001e-09,8000000,0,12691.668190404373,0.59297267456564351,26523467.468055662,-8270.1760672503151,1,66.638484107028447,16.663257377493132,26546122.365132991,-22654.897077329457,26523467.468055662,50000000,0,26531737.639498413,-954593.70335454273
111071.79904472157,23331.613937120495,3809.0003832309803,592972674.56564343,109943930.34395787,1.0000000000000001e-09,8000000,0,12693.119967982682,0.59297267456564351,26520741.662148591,-11966.643661426595,1,66.63092188836427,16.643677140747851,26546122.365133464,-25380.702984873205,26520741.662148591,50000000,0,26532708.301185623,-1037905.8272684076
110971.8387085124,23381.594105225082,3895.568573758957,592972674.56564343,109943930.34395787,1.0000000000000001e-09,8000000,0,12691.935296221996,0.59297267456564351,26523834.145288695,-6173.4708600343547,1,66.705562366702736,16.664040603009074,26546122.36513311,-22288.219844415784,26523834.145288695,50000000,0,26530007.611524232,-735317.81375275436
110871.87837230321,23431.574273329668,3982.1367642869336,592972674.56564343,109943930.34395787,1.0000000000000001e-09,8000000,0,12692.619179289215,0.59297267456564351,26524132.253871892,-7461.8165955558561,1,66.550868359536224,16.728488656642849,26546122.365133371,-21990.111261479557,26524132.253871892,50000000,0,26531594.065843038,-649135.20164136204
110771.91803609405,23481.554441434255,4068.7049548149103,592972674.56564343,109943930.34395787,1.0000000000000001e-09,8000000,0,12692.194858975765,0.59297267456564351,26526158.998854566,-2969.1778865326128,1,66.459210408906657,16.723922038815974,26546122.365133487,-19963.366278920323,26526158.998854566,50000000,0,26529128.172116637,-433544.06587767153
110671.95769988488,23531.534609538841,4155.2731453428869,592972674.56564343,109943930.34395787,1.0000000000000001e-09,8000000,0,12692.772830221236,0.59297267456564351,26524612.656933505,-6660.5150059829248,1,66.557700510767617,16.719209374462949,26546122.365133286,-21509.708199780434,26524612.656933505,50000000,0,26531273.167315062,-504017.91290301766
110571.99736367571,23581.514777643424,4241.841335870864,592972674.56564343,109943930.34395787,1.0000000000000001e-09,8000000,0,12692.083805969349,0.59297267456564351,26528227.126273703,-661.09886813591231,1,66.476673042986434,16.766413288265188,26546122.365133431,-17895.238859727979,26528227.126273703,50000000,0,26528888.220517363,-224152.08175861309
110472.03702746652,23631.494945748011,4328.4095263988411,592972674.56564343,109943930.34395787,1.0000000000000001e-09,8000000,0,12692.710078355207,0.59297267456564351,26527052.833092548,-4106.1783663568649,1,66.381747671433644,16.770363547462662,26546122.36513342,-19069.53204087168,26527052.833092548,50000000,0,26531159.0068345,-294408.14523533941
110372.07669125735,23681.475113852597,4414.9777169268182,592972674.56564343,109943930.34395787,1.0000000000000001e-09,8000000,0,12691.967616869846,0.59297267456564351,26528345.155709781,-640.92779789461463,1,66.455541306002317,16.75164285258429,26546122.36513339,-17777.209423609078,26528345.155709781,50000000,0,26528986.078883179,-181674.91193312811
110272.11635504819,23731.455281957184,4501.5459074547953,592972674.56564343,109943930.34395787,1.0000000000000001e-09,8000000,0,12693.132921835069,0.59297267456564351,26527114.313915905,-4191.8040403191653,1,66.44490810674705,16.776501257562337,26546122.365133468,-19008.05121756345,26527114.313915905,50000000,0,26531306.113331739,-268349.91272583907
110172.15601883901,23781.43545006177,4588.1140979827715,592972674.56564343,109943930.34395787,1.0000000000000001e-09,8000000,0,12691.495404270416,0.59297267456564351,26530362.327495109,1246.4288458153269,1,66.371303254102159,16.771853253269917,26546122.365133639,-15760.037638530135,26530362.327495109,50000000,0,26529115.894024897,-47312.369112613262
110072.19568262983,23831.415618166357,4674.6822885107485,592972674.56564343,109943930.34395787,1.0000000000000001e-09,8000000,0,12693.134669928348,0.59297267456564351,26527887.229893159,-3560.4693987750611,1,66.463070599523988,16.741900457884796,26546122.365133297,-18235.135240137577,26527887.229893159,50000000,0,26531447.694667481,-212252.31443214056
109972.23534642067,23881.395786270943,4761.2504790387247,592972674.56564343,109943930.34395787,1.0000000000000001e-09,8000000,0,12691.966600361375,0.59297267456564351,26529558.831932403,208.01060800679159,1,66.475450547831898,16.758221557803203,26546122.365133405,-16563.533201001585,26529558.831932403,50000000,0,26529350.816699937,-87078.537679161615
109872.2750102115,23931.37595437553,4847.8186695667018,592972674.56564343,109943930.34395787,1.0000000000000001e-09,8000000,0,12692.744952385281,0.59297267456564351,26529076.117059484,-2464.289672090842,1,66.410498296669005,16.744540177314661,26546122.365133338,-17046.248073853552,26529076.117059484,50000000,0,26531540.402107202,-135068.11245141481
109772.31467400234,23981.356122480116,4934.3868600946789,592972674.56564343,109943930.34395787,1.0000000000000001e-09,8000000,0,12692.100548006745,0.59297267456564351,26531030.302675396,1499.0381639818386,1,66.531590407118728,16.696190589490232,26546122.365133442,-15092.062458045781,26531030.302675396,50000000,0,26529531.259886954,3157.6250033168171
109672.35433779316,24031.336290584703,5020.9550506226551,592972674.56564343,109943930.34395787,1.0000000000000001e-09,8000000,0,12692.701490212956,0.59297267456564351,26528454.691405516,-3312.8737006220445,1,66.595200036987023,16.699401397028598,26546122.365133379,-17667.673727862537,26528454.691405516,50000000,0,26531767.560481716,-182385.9304668548
109572.39400158398,24081.316458689289,5107.5232411506331,592972674.56564343,109943930.34395787,1.0000000000000001e-09,8000000,0,12692.278510191529,0.59297267456564351,26530606.377197996,790.88639901388956,1,66.521620230667693,16.69213655914821,26546122.365133401,-15515.987935405225,26530606.377197996,50000000,0,26529815.486174457,-31964.821169296392
109472.4336653748,24131.296626793875,5194.0914316786093,592972674.56564343,109943930.34395787,1.0000000000000001e-09,8000000,0,12692.514988434905,0.59297267456564351,26530085.687247872,-1752.4933397288453,1,66.634420445114472,16.629125704479659,26546122.365133334,-16036.677885461599,26530085.687247872,50000000,0,26531838.175963212,-95283.952987209443
109372.47332916563,24181.276794898462,5280.6596222065864,592972674.56564343,109943930.34395787,1.0000000000000001e-09,8000000,0,12692.008030487857,0.59297267456564351,26530695.518647771,498.57349158164078,1,66.761723688080764,16.622121722758525,26546122.36513336,-15426.8464855887,26530695.518647771,50000000,0,26530196.940531705,-45801.874808430293
109272.51299295647,24231.256963003048,5367.2278127345635,592972674.56564343,109943930.34395787,1.0000000000000001e-09,8000000,0,12693.059172923493,0.59297267456564351,26528909.455703828,-3004.7348516650422,1,66.663960784070767,16.632298648490512,26546122.365133334,-17212.909429505467,26528909.455703828,50000000,0,26531914.185931034,-174087.56525885407
109172.55265674728,24281.237131107635,5453.7960032625397,592972674.56564343,109943930.34395787,1.0000000000000001e-09,8000000,0,12691.749131801274,0.59297267456564351,26531542.235050771,1078.1800022507264,1,66.729000980693854,16.568960703884873,26546122.36513339,-14580.130082618445,26531542.235050771,50000000,0,26530464.050424062,-8405.9086487348559
109072.59232053811,24331.217299212218,5540.3641937905168,592972674.56564343,109943930.34395787,1.0000000000000001e-09,8000000,0,12692.835845064785,0.59297267456564351,26530177.443478115,-1833.3156923201022,1,66.909516591840969,16.553833235245115,26546122.365133286,-15944.921655170619,26530177.443478115,50000000,0,26532010.754545987,-105833.00253292946
108972.63198432894,24381.197467316804,5626.932384318493,592972674.56564343,109943930.34395787,1.0000000000000001e-09,8000000,0,12692.213192055477,0.59297267456564351,26530733.09180256,-62.285144105880121,1,66.784176037625684,16.586498229377533,26546122.365133304,-15389.273330744356,26530733.09180256,50000000,0,26530795.372322217,-72201.665679268248
108872.67164811975,24431.177635421391,5713.50057484647,592972674.56564343,109943930.34395787,1.0000000000000001e-09,8000000,0,12692.607651921549,0.59297267456564351,26529761.390014511,-2272.5472785922657,1,66.794050604376281,16.53718833073501,26546122.36513336,-16360.975118849427,26529761.390014511,50000000,0,26532033.932668608,-137582.16378198939
108772.71131191059,24481.157803525977,5800.0687653744471,592972674.56564343,109943930.34395787,1.0000000000000001e-09,8000000,0,12692.324091552899,0.59297267456564351,26532049.276875127,921.77498814825424,1,66.969959696928029,16.518653286705824,26546122.365133371,-14073.088258244097,26532049.276875127,50000000,0,26531127.497262616,-9251.0033533434562
108672.75097570143,24531.137971630564,5886.6369559024242,592972674.56564343,109943930.34395787,1.0000000000000001e-09,8000000,0,12692.264972387,0.59297267456564351,26530053.418090135,-2021.9986607243304,1,66.869379457942799,16.571072378281922,26546122.365133505,-16068.947043370456,26530053.418090135,50000000,0,26532075.4121264,-136528.65777503181
108572.79063949226,24581.11813973515,5973.2051464304013,592972674.56564343,109943930.34395787,1.0000000000000001e-09,8000000,0,12692.624277697685,0.59297267456564351,26530525.674096998,-998.44736221580729,1,66.766224717157073,16.553504778631336,26546122.365133256,-15596.691036257893,26530525.674096998,50000000,0,26531524.116834749,-125898.55712198821
108472.83030328309,24631.098307839737,6059.7733369583775,592972674.56564343,109943930.34395787,1.0000000000000001e-09,8000000,0,12692.388052343893,0.59297267456564351,26530560.597896397,-1554.311933119835,1,66.938622831462027,16.53259586008495,26546122.36513342,-15561.767237022519,26530560.597896397,50000000,0,26532114.90520516,-127397.72395739425
108372.8699670739,24681.078475944323,6146.3415274863537,592972674.56564343,109943930.34395787,1.0000000000000001e-09,8000000,0,12692.147880092009,0.59297267456564351,26531543.295199465,-412.90675583953305,1,66.840804732931772,16.596280278348488,26546122.365133297,-14579.069933831692,26531543.295199465,50000000,0,26531956.197330829,-86460.254848193756
108272.90963086473,24731.05864404891,6232.9097180143317,592972674.56564343,109943930.34395787,1.0000000000000001e-09,8000000,0,12692.810221182457,0.59297267456564351,26530094.295370393,-1998.3046454514201,1,66.697521808464245,16.60513342258751,26546122.365133371,-16028.069762978703,26530094.295370393,50000000,0,26532092.595391411,-176187.96879072688
108172.94929465557,24781.038812153496,6319.4779085423079,592972674.56564343,109943930.34395787,1.0000000000000001e-09,8000000,0,12692.194973874019,0.59297267456564351,26530167.195679825,-2171.2131998287091,1,66.795947197206502,16.589344035296836,26546122.365133457,-15955.169453632087,26530167.195679825,50000000,0,26532338.404255185,-191291.71381431646
108072.9889584464,24831.018980258083,6406.046099070285,592972674.56564343,109943930.34395787,1.0000000000000001e-09,8000000,0,12692.405205809288,0.59297267456564351,26531373.11537743,-788.5396963345886,1,66.759901938697496,16.645283586797966,26546122.365133282,-14749.249755851924,26531373.11537743,50000000,0,26532161.650449276,-126614.96113183899
107973.02862223721,24880.999148362669,6492.6142895982621,592972674.56564343,109943930.34395787,1.0000000000000001e-09,8000000,0,12692.503781720625,0.59297267456564351,26530365.782513987,-2280.1128851861404,1,66.575297109934212,16.681140814848924,26546122.365133371,-15756.582619383931,26530365.782513987,50000000,0,26532645.89077476,-204476.89248666854
107873.06828602804,24930.979316467256,6579.1824801262383,592972674.56564343,109943930.34395787,1.0000000000000001e-09,8000000,0,12692.24579720542,0.59297267456564351,26529937.22203951,-2371.0748134844134,1,66.622881444338333,16.662316036681332,26546122.365133416,-16185.143093906343,26529937.22203951,50000000,0,26532308.292228505,-250140.84935886035
107773.10794981888,24980.959484571838,6665.7506706542154,592972674.56564343,109943930.34395787,1.0000000000000001e-09,8000000,0,12692.825669554455,0.59297267456564351,26529908.010440152,-3249.1358904552976,1,66.633246680178956,16.705051251531014,26546122.36513333,-16214.354693178087,26529908.010440152,50000000,0,26533157.141706161,-282257.95943446294
107673.1476136097,25030.939652676425,6752.3188611821915,592972674.56564343,109943930.34395787,1.0000000000000001e-09,8000000,0,12691.801324357695,0.59297267456564351,26530880.910013296,-1571.374302550186,1,66.467683369022637,16.742448322354416,26546122.36513339,-15241.455120094121,26530880.910013296,50000000,0,26532452.279691383,-247154.57099007364
107573.18727740052,25080.919820781011,6838.8870517101686,592972674.56564343,109943930.34395787,1.0000000000000001e-09,8000000,0,12692.897986338137,0.59297267456564351,26528458.118764408,-5281.9025101980242,1,66.484999547062941,16.726061242405144,26546122.365133431,-17664.246369022876,26528458.118764408,50000000,0,26533740.016650178,-436104.9181108051
107473.22694119134,25130.899988885598,6925.4552422381457,592972674.56564343,109943930.34395787,1.0000000000000001e-09,8000000,0,12692.236775987049,0.59297267456564351,26529365.477585487,-3505.2471832696706,1,66.520892707091448,16.747258064437627,26546122.365133282,-16756.887547794729,26529365.477585487,50000000,0,26532870.720144324,-414205.26489527873
107373.26660498219,25180.880156990184,7012.0234327661228,592972674.56564343,109943930.34395787,1.0000000000000001e-09,8000000,0,12692.33357382788,0.59297267456564351,26528981.148940686,-5534.4981182320689,1,66.405508251372979,16.778478107256962,26546122.365133371,-17141.216192685068,26528981.148940686,50000000,0,26534515.64243447,-495034.25941412989
107273.30626877301,25230.860325094771,7098.5916232940999,592972674.56564343,109943930.34395787,1.0000000000000001e-09,8000000,0,12692.379790698409,0.59297267456564351,26529419.486276962,-4101.0763526306009,1,66.406629761270352,16.759341954170537,26546122.365133367,-16702.878856405616,26529419.486276962,50000000,0,26533520.558005165,-499673.13756191544
107173.34593256385,25280.840493199357,7185.1598138220761,592972674.56564343,109943930.34395787,1.0000000000000001e-09,8000000,0,12692.656644721843,0.59297267456564351,26527679.885060973,-8023.8247686806608,1,66.464616152183368,16.765505125955162,26546122.365133379,-18442.480072405189,26527679.885060973,50000000,0,26535703.705205221,-657861.39711409062
107073.38559635467,25330.820661303944,7271.7280043500532,592972674.56564343,109943930.34395787,1.0000000000000001e-09,8000000,0,12692.135534871888,0.59297267456564351,26531142.829085987,-3330.0292712933965,1,66.387508359394431,16.782139761655799,26546122.365133498,-14979.536047510803,26531142.829085987,50000000,0,26534472.853732824,-414928.54759532626
106973.42526014549,25380.80082940853,7358.2961948780303,592972674.56564343,109943930.34395787,1.0000000000000001e-09,8000000,0,12692.869748477548,0.59297267456564351,26533202.343871325,-3535.4684839886067,1,66.402787047526886,16.746296256591592,26546122.365133356,-12920.021262031049,26533202.343871325,50000000,0,26536737.807730876,-191319.57265564488
106873.46492393632,25430.780997513117,7444.8643854060056,592972674.56564343,109943930.34395787,1.0000000000000001e-09,8000000,0,12696.550895174454,0.59297267456564351,26540687.442179613,5931.4849874369056,1,66.510487256968645,16.735536946694168,26546122.365134869,-5434.9229552559555,26540687.442179613,50000000,0,26534755.952567708,511222.90486907121
106773.50458772713,25480.761165617703,7531.4325759339827,592972674.56564343,109943930.34395787,1.0000000000000001e-09,8000000,0,12705.574794157848,0.59297267456564351,26545901.476067457,10511.939437396697,1,66.436298379985672,16.755977199536119,26546122.365141843,-220.88907438516617,26545901.476067457,50000000,0,26535389.532005604,1069618.7808380753
106673.54425151797,25530.74133372229,7618.0007664619607,592972674.56564343,109943930.34395787,1.0000000000000001e-09,8000000,0,12701.394786033545,0.59297267456564351,26548089.592404671,16231.691319940866,1,66.451086955683891,16.706835797991342,26546122.365130804,1967.2272738665342,26548089.592404671,50000000,0,26531857.896460265,1374033.8364176629
106573.5839153088,25580.721501826876,7704.5689569899378,592972674.56564343,109943930.34395787,1.0000000000000001e-09,8000000,0,12698.77133617272,0.59297267456564351,26540235.757735595,7139.7414199085306,1,66.623472194737275,16.669588585789942,26546122.365135256,-5886.607399661094,26540235.757735595,50000000,0,26533096.011691242,828152.34549715708
106473.62357909963,25630.701669931463,7791.1371475179139,592972674.56564343,109943930.34395787,1.0000000000000001e-09,8000000,0,12694.249073586911,0.59297267456564351,26535664.240206983,4877.0117814207015,1,66.600155115629278,16.692301236156151,26546122.365134031,-10458.12492704764,26535664.240206983,50000000,0,26530787.223801129,409011.29407400836
106373.66324289044,25680.681838036049,7877.705338045891,592972674.56564343,109943930.34395787,1.0000000000000001e-09,8000000,0,12693.121862589958,0.59297267456564351,26531114.81455655,-2085.6919998993399,1,66.542689924197163,16.659523391511296,26546122.365133051,-15007.550576500595,26531114.81455655,50000000,0,26533200.501932055,-59313.604109844979
106273.70290668128,25730.662006140632,7964.2735285738672,592972674.56564343,109943930.34395787,1.0000000000000001e-09,8000000,0,12692.289976654367,0.59297267456564351,26531326.06764254,-116.12564330064784,1,66.734372828543428,16.59818276172642,26546122.365133464,-14796.297490924597,26531326.06764254,50000000,0,26531442.188661367,-149717.9955439831
106173.74257047211,25780.642174245218,8050.8417191018452,592972674.56564343,109943930.34395787,1.0000000000000001e-09,8000000,0,12692.738785408945,0.59297267456564351,26527852.909836993,-6459.8510842062669,1,66.780495429886216,16.612971161347605,26546122.365133245,-18269.455296251923,26527852.909836993,50000000,0,26534312.756296761,-474624.43401590089
106073.78223426295,25830.622342349805,8137.4099096298205,592972674.56564343,109943930.34395787,1.0000000000000001e-09,8000000,0,12692.14853477151,0.59297267456564351,26529882.5211039,-2486.3044158285861,1,66.685695452074242,16.605824856791251,26546122.365133494,-16239.844029594213,26529882.5211039,50000000,0,26532368.820895288,-368029.5736742586
105973.82189805378,25880.602510454391,8223.9781001577976,592972674.56564343,109943930.34395787,1.0000000000000001e-09,8000000,0,12692.772101321441,0.59297267456564351,26529420.247950509,-5715.5435306082791,1,66.810993783530805,16.545519057921034,26546122.365133345,-16702.117182835937,26529420.247950509,50000000,0,26535135.786856711,-464559.40449897043
105873.86156184459,25930.582678558978,8310.5462906857738,592972674.56564343,109943930.34395787,1.0000000000000001e-09,8000000,0,12691.757473798678,0.59297267456564351,26530647.175947864,-2502.8604657923715,1,66.917434176284871,16.556037356321948,26546122.365133166,-15475.189185302705,26530647.175947864,50000000,0,26533150.031789146,-375961.19946868136
105773.90122563542,25980.562846663564,8397.1144812137518,592972674.56564343,109943930.34395787,1.0000000000000001e-09,8000000,0,12693.198897934284,0.59297267456564351,26528733.171897296,-6880.2432691444428,1,66.776436269246858,16.571187965478739,26546122.36513317,-17389.193235874176,26528733.171897296,50000000,0,26535613.410542116,-537063.93509829708
105673.94088942626,26030.543014768151,8483.682671741728,592972674.56564343,109943930.34395787,1.0000000000000001e-09,8000000,0,12691.677045524586,0.59297267456564351,26531463.875640303,-2183.8119044589116,1,66.859980596459692,16.531349402128349,26546122.36513355,-14658.489493247122,26531463.875640303,50000000,0,26533647.68292024,-347368.98244643345
105573.98055321709,26080.523182872737,8570.250862269706,592972674.56564343,109943930.34395787,1.0000000000000001e-09,8000000,0,12692.875603978147,0.59297267456564351,26530658.090513654,-5283.6313783032774,1,66.926331284809478,16.543266797404495,26546122.365133189,-15464.274619534612,26530658.090513654,50000000,0,26535941.71726758,-431599.94692871696
105474.0202170079,26130.503350977324,8656.8190527976822,592972674.56564343,109943930.34395787,1.0000000000000001e-09,8000000,0,12692.117320011101,0.59297267456564351,26531461.754423216,-2531.8170715236874,1,66.817423477828427,16.572069359335014,26546122.365133423,-14660.610710207373,26531461.754423216,50000000,0,26533993.566870242,-357503.61389800382
105374.05988079873,26180.48351908191,8743.3872433256583,592972674.56564343,109943930.34395787,1.0000000000000001e-09,8000000,0,12692.758710565895,0.59297267456564351,26530045.56179332,-6090.1022511319516,1,66.81708724605673,16.556685407048676,26546122.365133233,-16076.803339913487,26530045.56179332,50000000,0,26536135.659420054,-475724.8654815717
105274.09954458955,26230.463687186497,8829.9554338536364,592972674.56564343,109943930.34395787,1.0000000000000001e-09,8000000,0,12692.150597038204,0.59297267456564351,26532726.213865675,-1621.370658188267,1,66.865545895472309,16.57736538100211,26546122.365133315,-13396.151267640293,26532726.213865675,50000000,0,26534347.579899415,-298171.43842335587
105174.13920838039,26280.443855291083,8916.5236243816125,592972674.56564343,109943930.34395787,1.0000000000000001e-09,8000000,0,12692.504663524845,0.59297267456564351,26530874.830819026,-5364.2840796557193,1,66.741278945908562,16.618395384744215,26546122.365133379,-15247.534314353019,26530874.830819026,50000000,0,26536239.110274259,-436184.83766327566
105074.17887217121,26330.42402339567,9003.0918149095905,592972674.56564343,109943930.34395787,1.0000000000000001e-09,8000000,0,12692.300001839967,0.59297267456564351,26531625.269583359,-3086.1946988056629,1,66.706509427152426,16.60876108419599,26546122.365133427,-14497.095550067723,26531625.269583359,50000000,0,26534711.459657669,-386442.38355179987
104974.21853596205,26380.404191500253,9089.6600054375649,592972674.56564343,109943930.34395787,1.0000000000000001e-09,8000000,0,12692.764606092929,0.59297267456564351,26530886.981123745,-5504.7642341656601,1,66.770151890400129,16.632498418533597,26546122.3651333,-15235.384009554982,26530886.981123745,50000000,0,26536391.740733478,-453814.09816984658
104874.25819975288,26430.384359604843,9176.2281959655429,592972674.56564343,109943930.34395787,1.0000000000000001e-09,8000000,0,12691.775059105334,0.59297267456564351,26532967.477057882,-2104.4513482703751,1,66.612116857252175,16.684086686877855,26546122.365133323,-13154.888075441122,26532967.477057882,50000000,0,26535071.923781678,-327714.86032394419
104774.2978635437,26480.364527709426,9262.7963864935209,592972674.56564343,109943930.34395787,1.0000000000000001e-09,8000000,0,12693.036399331306,0.59297267456564351,26530671.426413827,-5752.4826245886343,1,66.576267994537005,16.676627755978345,26546122.36513358,-15450.938719753176,26530671.426413827,50000000,0,26536423.904413998,-480296.12874518824
104674.33752733452,26530.344695814012,9349.3645770214971,592972674.56564343,109943930.34395787,1.0000000000000001e-09,8000000,0,12692.020658461824,0.59297267456564351,26531712.615564,-3730.1579242540606,1,66.628814674407053,16.692632473389182,26546122.365133353,-14409.749569352716,26531712.615564,50000000,0,26535442.76886379,-419030.41275885334
104574.37719112536,26580.324863918599,9435.9327675494733,592972674.56564343,109943930.34395787,1.0000000000000001e-09,8000000,0,12692.601200723842,0.59297267456564351,26531995.828592367,-4466.7849983114083,1,66.516566779097545,16.744725240975946,26546122.36513333,-14126.536540962756,26531995.828592367,50000000,0,26536462.608966276,-416598.61017151322
104474.41685491618,26630.305032023185,9522.5009580774495,592972674.56564343,109943930.34395787,1.0000000000000001e-09,8000000,0,12692.288662516014,0.59297267456564351,26532288.686449733,-3417.0314187163781,1,66.426046641694825,16.746657152795994,26546122.365133397,-13833.67868366465,26532288.686449733,50000000,0,26535705.713243969,-398935.79897083144
104374.45651870701,26680.285200127772,9609.0691486054275,592972674.56564343,109943930.34395787,1.0000000000000001e-09,8000000,0,12692.435580867685,0.59297267456564351,26530787.007885516,-5801.8040365495362,1,66.506365845342501,16.736519370603613,26546122.365133267,-15335.357247751206,26530787.007885516,50000000,0,26536588.807297599,-512689.39477305114
104274.49618249782,26730.265368232358,9695.6373391334037,592972674.56564343,109943930.34395787,1.0000000000000001e-09,8000000,0,12692.611023541545,0.59297267456564351,26531953.99085227,-4159.0869501809093,1,66.454231739329515,16.775356419688908,26546122.365133416,-14168.374281145632,26531953.99085227,50000000,0,26536113.073178053,-448260.79332921811
104174.53584628867,26780.245536336944,9782.2055296613817,592972674.56564343,109943930.34395787,1.0000000000000001e-09,8000000,0,12692.058721401523,0.59297267456564351,26532121.642451506,-4457.1249519301564,1,66.368803321686102,16.773756918746585,26546122.365133315,-14000.722681809217,26532121.642451506,50000000,0,26536578.762778945,-455542.46626169741
104074.57551007949,26830.225704441531,9868.7737201893578,592972674.56564343,109943930.34395787,1.0000000000000001e-09,8000000,0,12692.613625836862,0.59297267456564351,26531145.51174584,-5363.0353303000938,1,66.453363647922103,16.751432084140884,26546122.365133468,-14976.853387627751,26531145.51174584,50000000,0,26536508.542451777,-525897.01903504739
103974.61517387032,26880.205872546117,9955.3419107173358,592972674.56564343,109943930.34395787,1.0000000000000001e-09,8000000,0,12692.591983641767,0.59297267456564351,26530989.149698887,-5655.788173686984,1,66.448477466657494,16.774164060066937,26546122.365133364,-15133.215434476733,26530989.149698887,50000000,0,26536644.933248132,-548483.94616487005
103874.65483766116,26930.186040650704,10041.91010124531,592972674.56564343,109943930.34395787,1.0000000000000001e-09,8000000,0,12692.050907782195,0.59297267456564351,26531890.062778797,-4937.7668390791905,1,66.372695226886421,16.768970479861402,26546122.365133416,-14232.302354618907,26531890.062778797,50000000,0,26536827.824993435,-508296.47978189593
103774.69450145197,26980.16620875529,10128.478291773286,592972674.56564343,109943930.34395787,1.0000000000000001e-09,8000000,0,12692.617599035659,0.59297267456564351,26531516.099011622,-5110.1805956881235,1,66.475507090660159,16.725928271954551,26546122.365133308,-14606.266121685505,26531516.099011622,50000000,0,26536626.274982851,-539686.09855589818
103674.7341652428,27030.146376859877,10215.046482301266,592972674.56564343,109943930.34395787,1.0000000000000001e-09,8000000,0,12692.424973029065,0.59297267456564351,26530190.774748717,-7006.0676971937755,1,66.527300209222645,16.73866396156091,26546122.365133435,-15931.590384718031,26530190.774748717,50000000,0,26537196.83782151,-637427.74950838753
103574.77382903364,27080.12654496446,10301.614672829241,592972674.56564343,109943930.34395787,1.0000000000000001e-09,8000000,0,12692.30456188553,0.59297267456564351,26531414.579912733,-5129.4695101113593,1,66.437640586888804,16.734790281134778,26546122.365133312,-14707.785220578313,26531414.579912733,50000000,0,26536544.044798352,-564116.56036161887
103474.81349282447,27130.106713069046,10388.182863357219,592972674.56564343,109943930.34395787,1.0000000000000001e-09,8000000,0,12692.569924719015,0.59297267456564351,26531027.825469173,-6337.3662884630285,1,66.544417013105189,16.677291890412548,26546122.365133461,-15094.53966428712,26531027.825469173,50000000,0,26537365.187133193,-606503.51508847612
103374.85315661528,27180.086881173633,10474.751053885195,592972674.56564343,109943930.34395787,1.0000000000000001e-09,8000000,0,12692.161899461285,0.59297267456564351,26530582.260248385,-5933.0120363181622,1,66.661121005124201,16.661697515143466,26546122.365133252,-15540.104884866625,26530582.260248385,50000000,0,26536515.267660294,-635530.51076971961
103274.89282040611,27230.067049278223,10561.319244413173,592972674.56564343,109943930.34395787,1.0000000000000001e-09,8000000,0,12693.302316314426,0.59297267456564351,26529414.782857709,-8062.7541077732294,1,66.601021263540076,16.671087404433603,26546122.365133431,-16707.582275722176,26529414.782857709,50000000,0,26537477.532341059,-714316.6687628543
103174.93248419694,27280.047217382806,10647.887434941149,592972674.56564343,109943930.34395787,1.0000000000000001e-09,8000000,0,12692.050042912926,0.59297267456564351,26531481.658894353,-4707.2489743317938,1,66.635924080751508,16.61829124359102,26546122.365133349,-14640.706238996238,26531481.658894353,50000000,0,26536188.903244223,-582933.54939574166
103074.97214798778,27330.027385487392,10734.455625469127,592972674.56564343,109943930.34395787,1.0000000000000001e-09,8000000,0,12692.680980827319,0.59297267456564351,26529276.550518401,-8114.3592734802978,1,66.801207253052112,16.593316732148608,26546122.365133215,-16845.814614813775,26529276.550518401,50000000,0,26537390.905167516,-707730.76323576365
102975.01181177859,27380.007553591979,10821.023815997103,592972674.56564343,109943930.34395787,1.0000000000000001e-09,8000000,0,12692.433328055889,0.59297267456564351,26530394.726478465,-5270.5155143154843,1,66.737496337595488,16.605056572968042,26546122.365133565,-15727.638655100018,26530394.726478465,50000000,0,26535665.237368297,-587908.50531326281
102875.05147556942,27429.987721696565,10907.592006525079,592972674.56564343,109943930.34395787,1.0000000000000001e-09,8000000,0,12692.20055929608,0.59297267456564351,26530990.59155219,-6114.0027755979208,1,66.764035100495107,16.568342644583034,26546122.365132693,-15131.773580502719,26530990.59155219,50000000,0,26537104.589703377,-475210.52270593599
102775.09113936024,27479.967889801152,10994.160197053056,592972674.56564343,109943930.34395787,1.0000000000000001e-09,8000000,0,12694.54791281719,0.59297267456564351,26536607.399240758,1237.4310413736919,1,66.874015028342598,16.547505481441977,26546122.365134135,-9514.9658933766186,26536607.399240758,50000000,0,26535369.963574916,-789.41357029842413
102675.13080315106,27529.948057905738,11080.728387581034,592972674.56564343,109943930.34395787,1.0000000000000001e-09,8000000,0,12696.814594500609,0.59297267456564351,26538670.941762723,1073.1223088756653,1,66.824640712616343,16.564640573589742,26546122.365129292,-7451.4233665689826,26538670.941762723,50000000,0,26537597.814829417,228877.89479584439
102575.1704669419,27579.928226010325,11167.296578109012,592972674.56564343,109943930.34395787,1.0000000000000001e-09,8000000,0,12701.729534096863,0.59297267456564351,26544793.086215202,8251.9439233974754,1,66.826269892044294,16.540734408509248,26546122.365135081,-1329.2789198793471,26544793.086215202,50000000,0,26536541.13766735,624372.13038545812
102475.21013073274,27629.908394114911,11253.864768636986,592972674.56564343,109943930.34395787,1.0000000000000001e-09,8000000,0,12702.244134213779,0.59297267456564351,26543246.787789524,3334.1695674701182,1,66.918747315294965,16.536582501181893,26546122.365129709,-2875.5773401856422,26543246.787789524,50000000,0,26539912.613597643,342791.94278151501
102375.24979452357,27679.888562219498,11340.432959164964,592972674.56564343,109943930.34395787,1.0000000000000001e-09,8000000,0,12693.044460609113,0.59297267456564351,26537877.303607829,-1017.1219355626507,1,66.84409067965143,16.574231266229393,26546122.365136173,-8245.0615283437073,26537877.303607829,50000000,0,26538894.420918934,-186383.79363178837
102275.28945831439,27729.868730324084,11427.00114969294,592972674.56564343,109943930.34395787,1.0000000000000001e-09,8000000,0,12693.127622225989,0.59297267456564351,26530715.158794828,-10469.92587932276,1,66.774879414591098,16.563379780133147,26546122.365134206,-15407.20633937791,26530715.158794828,50000000,0,26541185.080049712,-845070.29190211964
102175.32912210521,27779.848898428671,11513.569340220918,592972674.56564343,109943930.34395787,1.0000000000000001e-09,8000000,0,12691.802263284822,0.59297267456564351,26531079.892368756,-7793.3514390278478,1,66.887611328293247,16.561657310597983,26546122.365132533,-15042.472763776779,26531079.892368756,50000000,0,26538873.239183344,-882626.41625071294
102075.36878589605,27829.829066533253,11600.137530748894,592972674.56564343,109943930.34395787,1.0000000000000001e-09,8000000,0,12692.749251628315,0.59297267456564351,26529573.696460277,-11347.318213310533,1,66.775627996617956,16.617654418571416,26546122.36513355,-16548.668673273176,26529573.696460277,50000000,0,26540921.010049146,-1021327.0392388708
101975.40844968687,27879.80923463784,11686.70572127687,592972674.56564343,109943930.34395787,1.0000000000000001e-09,8000000,0,12692.142292208478,0.59297267456564351,26530240.968511466,-8095.7227924426761,1,66.674314695118923,16.62401135014229,26546122.365133312,-15881.396621845663,26530240.968511466,50000000,0,26538336.686679464,-931674.5073363696
101875.4481134777,27929.789402742426,11773.273911804848,592972674.56564343,109943930.34395787,1.0000000000000001e-09,8000000,0,12692.792282174591,0.59297267456564351,26528353.605929669,-12231.219123927249,1,66.746888780798812,16.617320962123429,26546122.36513342,-17768.75920375064,26528353.605929669,50000000,0,26540584.820429198,-1062116.9544796103
101775.48777726851,27979.769570847013,11859.842102332825,592972674.56564343,109943930.34395787,1.0000000000000001e-09,8000000,0,12692.069522167614,0.59297267456564351,26531443.30284293,-6688.066302950223,1,66.692517503630924,16.677892561683048,26546122.365133345,-14679.062290415168,26531443.30284293,50000000,0,26538131.364521362,-826148.90246101876
101675.52744105934,28029.749738951599,11946.410292860803,592972674.56564343,109943930.34395787,1.0000000000000001e-09,8000000,0,12692.684382998632,0.59297267456564351,26529748.391736247,-10604.147310075869,1,66.51543674614976,16.705182022633444,26546122.365133438,-16373.973397191614,26529748.391736247,50000000,0,26540352.534421895,-942885.46508070047
101575.56710485018,28079.729907056186,12032.978483388779,592972674.56564343,109943930.34395787,1.0000000000000001e-09,8000000,0,12692.057274338154,0.59297267456564351,26530670.640366398,-7542.7567334351625,1,66.586156943286639,16.682534890108681,26546122.365133435,-15451.724767036736,26530670.640366398,50000000,0,26538213.392475389,-858901.57833913644
101475.60676864101,28129.710075160772,12119.546673916755,592972674.56564343,109943930.34395787,1.0000000000000001e-09,8000000,0,12693.046758194001,0.59297267456564351,26529664.708307225,-10760.605919571079,1,66.59231136822207,16.723294042272808,26546122.365133293,-16457.656826067716,26529664.708307225,50000000,0,26540425.309602324,-941920.47681766178
101375.64643243182,28179.690243265359,12206.114864444731,592972674.56564343,109943930.34395787,1.0000000000000001e-09,8000000,0,12691.546657586003,0.59297267456564351,26532399.603799079,-5950.6550734661359,1,66.432847118737783,16.763336870470233,26546122.365133587,-13722.761334508657,26532399.603799079,50000000,0,26538350.254248142,-756676.78287535487
101275.68609622266,28229.670411369945,12292.683054972707,592972674.56564343,109943930.34395787,1.0000000000000001e-09,8000000,0,12693.166396364015,0.59297267456564351,26529677.5726787,-10821.535632144136,1,66.43904197598988,16.742303922111489,26546122.36513355,-16444.792454849929,26529677.5726787,50000000,0,26540499.103686385,-940828.19774750178
101175.72576001349,28279.650579474532,12379.251245500685,592972674.56564343,109943930.34395787,1.0000000000000001e-09,8000000,0,12691.931008455309,0.59297267456564351,26531315.110399298,-7293.0764254650076,1,66.498941943068942,16.75629874877189,26546122.3651333,-14807.254734002054,26531315.110399298,50000000,0,26538608.182200357,-828341.79736758268
101075.76542380433,28329.630747579118,12465.819436028663,592972674.56564343,109943930.34395787,1.0000000000000001e-09,8000000,0,12692.716373668914,0.59297267456564351,26530882.440468378,-9678.8972038822794,1,66.391975567974853,16.785096305524199,26546122.365133334,-15239.924664955586,26530882.440468378,50000000,0,26540561.333047774,-875551.90162992035
100975.80508759516,28379.610915683705,12552.38762655664,592972674.56564343,109943930.34395787,1.0000000000000001e-09,8000000,0,12692.139159492501,0.59297267456564351,26532214.106291026,-6597.866675668879,1,66.389282085444634,16.763436108706088,26546122.365133498,-13908.258842471987,26532214.106291026,50000000,0,26538811.968342263,-782997.49558004027
100875.84475138597,28429.591083788291,12638.955817084616,592972674.56564343,109943930.34395787,1.0000000000000001e-09,8000000,0,12692.648646746136,0.59297267456564351,26529853.734057382,-10887.305013420573,1,66.470796722857102,16.757314897792256,26546122.365133349,-16268.631075967103,26529853.734057382,50000000,0,26540741.034446362,-956532.14258921088
100775.8844151768,28479.571251892874,12725.524007612592,592972674.56564343,109943930.34395787,1.0000000000000001e-09,8000000,0,12692.362127355649,0.59297267456564351,26531862.53016739,-7294.8075784598168,1,66.409117383909589,16.77431374690596,26546122.365133397,-14259.83496600762,26531862.53016739,50000000,0,26539157.333121438,-826514.29208214511
100675.92407896763,28529.551419997464,12812.09219814057,592972674.56564343,109943930.34395787,1.0000000000000001e-09,8000000,0,12692.376818326122,0.59297267456564351,26531267.577030599,-9516.3690879704045,1,66.419558502224575,16.738727410210402,26546122.365133442,-14854.788102842867,26531267.577030599,50000000,0,26540783.941494156,-890525.66038607724
100575.96374275847,28579.531588102047,12898.660388668546,592972674.56564343,109943930.34395787,1.0000000000000001e-09,8000000,0,12692.2310492505,0.59297267456564351,26531424.826429807,-8130.0825707611266,1,66.540244507739502,16.715743840302615,26546122.365133353,-14697.538703545928,26531424.826429807,50000000,0,26539554.904376216,-881303.33328970766
100476.00340654928,28629.511756206633,12985.228579196524,592972674.56564343,109943930.34395787,1.0000000000000001e-09,8000000,0,12692.914242314662,0.59297267456564351,26530061.646509636,-10830.133842334855,1,66.507083825225706,16.729306669766469,26546122.365133435,-16060.718623798341,26530061.646509636,50000000,0,26540891.77572751,-983507.84851713164
100376.04307034011,28679.49192431122,13071.7967697245,592972674.56564343,109943930.34395787,1.0000000000000001e-09,8000000,0,12691.791928003971,0.59297267456564351,26532263.721755046,-7611.005888445412,1,66.498427040948783,16.691868391564906,26546122.365133386,-13858.643378339708,26532263.721755046,50000000,0,26539874.723018929,-853613.16807979555
100276.08273413093,28729.472092415806,13158.364960252477,592972674.56564343,109943930.34395787,1.0000000000000001e-09,8000000,0,12692.829571806176,0.59297267456564351,26530986.232759163,-9963.6909466519264,1,66.654641645066988,16.651459693853678,26546122.365133397,-15136.132374234498,26530986.232759163,50000000,0,26540949.919081483,-947945.05217111961
100176.12239792178,28779.452260520393,13244.933150780453,592972674.56564343,109943930.34395787,1.0000000000000001e-09,8000000,0,12692.23929412743,0.59297267456564351,26530875.751969624,-9415.204247850399,1,66.645201163991914,16.665667282998079,26546122.365133408,-15246.613163784146,26530875.751969624,50000000,0,26540290.951593038,-958998.66451417271
100076.16206171259,28829.432428624979,13331.501341308431,592972674.56564343,109943930.34395787,1.0000000000000001e-09,8000000,0,12692.520728037396,0.59297267456564351,26531007.478319891,-9937.2249789766447,1,66.615217003590573,16.631174284949829,26546122.365133364,-15114.886813472956,26531007.478319891,50000000,0,26540944.698674392,-962545.29689292517
99976.20172550343,28879.412596729566,13418.069531836409,592972674.56564343,109943930.34395787,1.0000000000000001e-09,8000000,0,12692.390197706292,0.59297267456564351,26531983.272333939,-8638.2497499745114,1,66.775767042503446,16.582947178137562,26546122.365133412,-14139.092799473554,26531983.272333939,50000000,0,26540621.517459467,-915421.4100333025
99876.241389294257,28929.392764834152,13504.637722364383,592972674.56564343,109943930.34395787,1.0000000000000001e-09,8000000,0,12692.212277295923,0.59297267456564351,26530624.219767038,-10452.179258487507,1,66.805718064782951,16.596625951646942,26546122.365133442,-15498.145366404206,26530624.219767038,50000000,0,26541076.394401036,-1016011.7380442688
99776.281053085084,28979.372932938739,13591.205912892361,592972674.56564343,109943930.34395787,1.0000000000000001e-09,8000000,0,12692.757495826241,0.59297267456564351,26530473.809981182,-10514.110430167091,1,66.722634907553086,16.579021287028404,26546122.365133218,-15648.55515203625,26530473.809981182,50000000,0,26540987.915786929,-1029539.3569062181
99676.320716875896,29029.353101043325,13677.774103420337,592972674.56564343,109943930.34395787,1.0000000000000001e-09,8000000,0,12692.212019236946,0.59297267456564351,26531810.773959607,-9321.3762795947969,1,66.884061532207284,16.526345408908234,26546122.365133498,-14311.591173890978,26531810.773959607,50000000,0,26541132.14561471,-971377.68947242934
99576.360380666723,29079.333269147912,13764.342293948317,592972674.56564343,109943930.34395787,1.0000000000000001e-09,8000000,0,12692.353378875518,0.59297267456564351,26530922.90011514,-10505.197603679708,1,66.919935063976482,16.558015432797927,26546122.365133312,-15199.465018171817,26530922.90011514,50000000,0,26541428.093094375,-1029233.8426093663
99476.400044457565,29129.313437252498,13850.910484476291,592972674.56564343,109943930.34395787,1.0000000000000001e-09,8000000,0,12692.641628907482,0.59297267456564351,26530722.463706639,-10398.4935726562,1,66.767849685718957,16.562603387827714,26546122.36513342,-15399.901426780969,26530722.463706639,50000000,0,26541120.952654809,-1058192.9042029688
99376.439708248392,29179.293605357081,13937.478675004268,592972674.56564343,109943930.34395787,1.0000000000000001e-09,8000000,0,12692.258123501917,0.59297267456564351,26530324.195806779,-11469.369874498894,1,66.901008366120337,16.51991980351832,26546122.365133345,-15798.16932656616,26530324.195806779,50000000,0,26541793.56105689,-1087323.6339855778
99276.479372039204,29229.273773461671,14024.046865532246,592972674.56564343,109943930.34395787,1.0000000000000001e-09,8000000,0,12692.330518783592,0.59297267456564351,26532197.797822196,-8945.8726761702565,1,66.932937458851157,16.553235486674616,26546122.365133401,-13924.56731120497,26532197.797822196,50000000,0,26541143.665873863,-988006.45880009851
99176.519035830031,29279.253941566254,14110.61505606022,592972674.56564343,109943930.34395787,1.0000000000000001e-09,8000000,0,12692.602369360515,0.59297267456564351,26530096.03985161,-12067.722475666205,1,66.767589094041014,16.592630268196277,26546122.36513323,-16026.325281620026,26530096.03985161,50000000,0,26542163.757702872,-1124439.6462336821
99076.558699620859,29329.234109670844,14197.1832465882,592972674.56564343,109943930.34395787,1.0000000000000001e-09,8000000,0,12692.210124612886,0.59297267456564351,26530929.384265896,-10283.105865503692,1,66.786091779524199,16.556701755525324,26546122.36513336,-15192.980867464095,26530929.384265896,50000000,0,26541212.485506933,-1087346.0621452401
98976.5983634117,29379.214277775427,14283.751437116174,592972674.56564343,109943930.34395787,1.0000000000000001e-09,8000000,0,12692.845390763952,0.59297267456564351,26530464.508918215,-12100.378189657045,1,66.895284379524611,16.583738468213038,26546122.365133211,-15657.856214996427,26530464.508918215,50000000,0,26542564.882483453,-1135799.1767994172
98876.638027202542,29429.194445880014,14370.319627644152,592972674.56564343,109943930.34395787,1.0000000000000001e-09,8000000,0,12691.743826678807,0.59297267456564351,26531865.227387715,-9412.0285402506797,1,66.684962892569317,16.647836273753743,26546122.36513339,-14257.1377456747,26531865.227387715,50000000,0,26541277.251303498,-1054642.6734936112
98776.677690993354,29479.1746139846,14456.887818172128,592972674.56564343,109943930.34395787,1.0000000000000001e-09,8000000,0,12693.05336135084,0.59297267456564351,26529290.425612248,-13595.303831542093,1,66.645841823568645,16.629453110402824,26546122.365133233,-16831.939520984888,26529290.425612248,50000000,0,26542885.724819347,-1234964.7881522172
98676.717354784181,29529.154782089186,14543.456008700106,592972674.56564343,109943930.34395787,1.0000000000000001e-09,8000000,0,12692.031505802281,0.59297267456564351,26531069.312508658,-10355.386203421813,1,66.749767766078989,16.642744116249876,26546122.365133457,-15053.052624799311,26531069.312508658,50000000,0,26541424.694087628,-1127474.215702008
98576.757018575008,29579.134950193773,14630.024199228083,592972674.56564343,109943930.34395787,1.0000000000000001e-09,8000000,0,12692.492170308951,0.59297267456564351,26530585.494740207,-12628.453723687528,1,66.592342550150292,16.710049862259339,26546122.365133341,-15536.870393134654,26530585.494740207,50000000,0,26543213.943839435,-1184905.4900270251
98476.79668236585,29629.115118298359,14716.592389756061,592972674.56564343,109943930.34395787,1.0000000000000001e-09,8000000,0,12692.286649194493,0.59297267456564351,26531180.546621073,-10269.576236249985,1,66.492434202210575,16.711099009416568,26546122.365133446,-14941.818512372673,26531180.546621073,50000000,0,26541450.118232943,-1135406.3179478741
98376.836346156662,29679.095286402946,14803.160580284039,592972674.56564343,109943930.34395787,1.0000000000000001e-09,8000000,0,12692.699382446257,0.59297267456564351,26529108.308459669,-14453.573893152121,1,66.576932778982084,16.70788616442918,26546122.365133427,-17014.056673757732,26529108.308459669,50000000,0,26543561.877728391,-1297591.9581057876
98276.876009947489,29729.075454507529,14889.728770812011,592972674.56564343,109943930.34395787,1.0000000000000001e-09,8000000,0,12692.092080731798,0.59297267456564351,26531768.727803428,-9797.8543620401961,1,66.503386076241298,16.755523524384461,26546122.365133345,-14353.637329917401,26531768.727803428,50000000,0,26541566.57754105,-1123413.281368047
98176.915673738316,29779.055622612119,14976.296961339989,592972674.56564343,109943930.34395787,1.0000000000000001e-09,8000000,0,12692.740048186457,0.59297267456564351,26530003.318477672,-13746.75774226598,1,66.395248551382736,16.764690378128584,26546122.365133412,-16119.046655740589,26530003.318477672,50000000,0,26543750.071595516,-1263730.8684644257
98076.955337529129,29829.035790716702,15062.865151867965,592972674.56564343,109943930.34395787,1.0000000000000001e-09,8000000,0,12691.961700885906,0.59297267456564351,26530641.037894454,-11145.04878557922,1,66.464487810041916,16.747069561013241,26546122.365133405,-15481.327238950878,26530641.037894454,50000000,0,26541786.082055565,-1221028.2975200359
97976.99500131997,29879.015958821292,15149.433342395945,592972674.56564343,109943930.34395787,1.0000000000000001e-09,8000000,0,12693.141298910319,0.59297267456564351,26529141.285258878,-14917.12924498282,1,66.453281560160661,16.774901410178394,26546122.365133513,-16981.079874634743,26529141.285258878,50000000,0,26544058.409879405,-1346623.5916397341
97877.034665110798,29928.996126925878,15236.001532923921,592972674.56564343,109943930.34395787,1.0000000000000001e-09,8000000,0,12691.500418444359,0.59297267456564351,26531877.716140669,-10055.766675221766,1,66.369332568341534,16.774255141026707,26546122.365133569,-14244.648992899805,26531877.716140669,50000000,0,26541933.478191458,-1174959.2324699031
97777.074328901625,29978.976295030461,15322.569723451898,592972674.56564343,109943930.34395787,1.0000000000000001e-09,8000000,0,12693.11361325607,0.59297267456564351,26528955.580847219,-15340.850321013864,1,66.455465470387168,16.747916266338308,26546122.365133468,-17166.784286249429,26528955.580847219,50000000,0,26544296.426543821,-1383067.7103307466
97677.113992692437,30028.956463135051,15409.137913979876,592972674.56564343,109943930.34395787,1.0000000000000001e-09,8000000,0,12691.976142475873,0.59297267456564351,26530506.394673005,-11637.648683446727,1,66.460002718893733,16.766713877228455,26546122.365133367,-15615.970460362732,26530506.394673005,50000000,0,26542144.038731992,-1278328.9181784673
97577.153656483279,30078.936631239634,15495.706104507852,592972674.56564343,109943930.34395787,1.0000000000000001e-09,8000000,0,12692.706143084042,0.59297267456564351,26529669.767033402,-14789.032616645742,1,66.392241456454286,16.757192074512911,26546122.365133364,-16452.598099961877,26529669.767033402,50000000,0,26544458.795025636,-1359000.4244961708
97477.19332027412,30128.916799344221,15582.274295035828,592972674.56564343,109943930.34395787,1.0000000000000001e-09,8000000,0,12692.085791227708,0.59297267456564351,26531425.384729821,-10860.905193192,1,66.502776008509286,16.708696154399519,26546122.365133528,-14696.980403706431,26531425.384729821,50000000,0,26542286.285298575,-1241631.0232910409
97377.232984064947,30178.896967448807,15668.842485563804,592972674.56564343,109943930.34395787,1.0000000000000001e-09,8000000,0,12692.772319742151,0.59297267456564351,26528477.063502289,-16250.700552339251,1,66.573324610081698,16.714489264636239,26546122.365133233,-17645.301630944014,26528477.063502289,50000000,0,26544727.759430218,-1459368.4802107008
97277.272647855774,30228.877135553394,15755.410676091782,592972674.56564343,109943930.34395787,1.0000000000000001e-09,8000000,0,12692.210766547018,0.59297267456564351,26530789.905587222,-11728.372267919678,1,66.481914152579435,16.713406425105337,26546122.365133509,-15332.459546286613,26530789.905587222,50000000,0,26542518.273230653,-1304212.5120020781
97177.312311646587,30278.85730365798,15841.978866619758,592972674.56564343,109943930.34395787,1.0000000000000001e-09,8000000,0,12692.634256010833,0.59297267456564351,26529709.151746705,-15129.513839382531,1,66.587987961708265,16.644681810333655,26546122.365133405,-16413.213386699557,26529709.151746705,50000000,0,26544838.660961714,-1411573.8697391322
97077.351975437414,30328.837471762567,15928.547057147734,592972674.56564343,109943930.34395787,1.0000000000000001e-09,8000000,0,12691.912781134428,0.59297267456564351,26530368.66687258,-12503.028552216107,1,66.745437361550401,16.631130388167453,26546122.365133181,-15753.69826060161,26530368.66687258,50000000,0,26542871.690800354,-1366431.2156653285
96977.391639228255,30378.817639867153,16015.115247675714,592972674.56564343,109943930.34395787,1.0000000000000001e-09,8000000,0,12693.137452332769,0.59297267456564351,26528137.223397408,-16841.017794041389,1,66.64211999466248,16.650799945757633,26546122.365133468,-17985.141736060381,26528137.223397408,50000000,0,26544978.236567095,-1529959.5610056084
96877.431303019082,30428.79780797174,16101.68343820369,592972674.56564343,109943930.34395787,1.0000000000000001e-09,8000000,0,12691.645049230427,0.59297267456564351,26531102.624121591,-11993.353766456708,1,66.677734608397145,16.588624811668403,26546122.365133256,-15019.741011664271,26531102.624121591,50000000,0,26543095.973263539,-1346869.6693618386
96777.470966809895,30478.777976076326,16188.251628731665,592972674.56564343,109943930.34395787,1.0000000000000001e-09,8000000,0,12692.934642168337,0.59297267456564351,26529037.953829423,-16081.115506226246,1,66.882390909647555,16.560211928660699,26546122.365133304,-17084.411303881556,26529037.953829423,50000000,0,26545119.064711306,-1497144.8441080051
96677.510630600722,30528.758144180909,16274.819819259641,592972674.56564343,109943930.34395787,1.0000000000000001e-09,8000000,0,12692.117298478503,0.59297267456564351,26529942.827520769,-13444.764212630018,1,66.787422097731863,16.592951459814348,26546122.365133408,-16179.537612639368,26529942.827520769,50000000,0,26543387.58710897,-1439846.2617215547
96577.550294391549,30578.738312285499,16361.388009787619,592972674.56564343,109943930.34395787,1.0000000000000001e-09,8000000,0,12692.710008290354,0.59297267456564351,26528553.679530948,-16609.36808519172,1,66.766251146626487,16.556221788549276,26546122.365133349,-17568.685602400452,26528553.679530948,50000000,0,26545163.042991709,-1542119.9125604276
96477.589958182391,30628.718480390082,16447.956200315595,592972674.56564343,109943930.34395787,1.0000000000000001e-09,8000000,0,12692.198824858066,0.59297267456564351,26531005.103728712,-12689.268983714446,1,66.921881479384965,16.520960020123045,26546122.365133263,-15117.261404551566,26531005.103728712,50000000,0,26543694.368087959,-1401548.6751514086
96377.629621973203,30678.698648494668,16534.524390843573,592972674.56564343,109943930.34395787,1.0000000000000001e-09,8000000,0,12692.429930882165,0.59297267456564351,26528450.105911367,-16789.00851035913,1,66.907496394671995,16.559957152698306,26546122.365133595,-17672.25922222808,26528450.105911367,50000000,0,26545239.109797262,-1576795.305521383
96277.669285764045,30728.678816599255,16621.092581371548,592972674.56564343,109943930.34395787,1.0000000000000001e-09,8000000,0,12692.478443030501,0.59297267456564351,26529339.831155442,-14725.030465440892,1,66.772892301710939,16.558074876983621,26546122.365133245,-16782.533977802843,26529339.831155442,50000000,0,26544064.856996454,-1533564.004443581
96177.708949554857,30778.658984703845,16707.660771899529,592972674.56564343,109943930.34395787,1.0000000000000001e-09,8000000,0,12692.52536250471,0.59297267456564351,26528869.475622497,-16445.502963992833,1,66.913124218661125,16.530839064961924,26546122.365133479,-17252.889510981739,26528869.475622497,50000000,0,26545314.973962028,-1582262.2494984593
96077.748613345699,30828.639152808428,16794.228962427504,592972674.56564343,109943930.34395787,1.0000000000000001e-09,8000000,0,12691.982569074451,0.59297267456564351,26530072.177975923,-14398.791790449261,1,66.871376560211289,16.579944439778949,26546122.365133267,-16050.187157344073,26530072.177975923,50000000,0,26544470.9651419,-1520227.1805864223
95977.788277136511,30878.619320913014,16880.797152955478,592972674.56564343,109943930.34395787,1.0000000000000001e-09,8000000,0,12692.933048835994,0.59297267456564351,26528085.289375618,-17219.731402121477,1,66.731733385691925,16.592684016978069,26546122.365133606,-18037.075757987797,26528085.289375618,50000000,0,26545305.016153328,-1653552.0105524177
95877.827940927353,30928.599489017601,16967.365343483456,592972674.56564343,109943930.34395787,1.0000000000000001e-09,8000000,0,12692.056553396529,0.59297267456564351,26528809.671812616,-16014.185378045922,1,66.811874748987648,16.583774681558772,26546122.365133259,-17312.693320643157,26528809.671812616,50000000,0,26544823.852566153,-1620094.5485821543
95777.86760471818,30978.579657122187,17053.933534011434,592972674.56564343,109943930.34395787,1.0000000000000001e-09,8000000,0,12692.532304431092,0.59297267456564351,26529416.948283672,-15945.419180019229,1,66.766909189570498,16.630733890192602,26546122.365133498,-16705.416849825531,26529416.948283672,50000000,0,26545362.3628393,-1600552.3548988381
95677.907268509007,31028.559825226774,17140.501724539412,592972674.56564343,109943930.34395787,1.0000000000000001e-09,8000000,0,12692.415784629757,0.59297267456564351,26528855.784238819,-16256.069051652721,1,66.627557033943475,16.65969399863361,26546122.36513333,-17266.580894511193,26528855.784238819,50000000,0,26545111.848666012,-1638661.5675220878
95577.946932299819,31078.53999333136,17227.06991506739,592972674.56564343,109943930.34395787,1.0000000000000001e-09,8000000,0,12692.41712105702,0.59297267456564351,26528016.426198456,-17429.814527728762,1,66.656261360960087,16.649224595870074,26546122.365133416,-18105.938934959471,26528016.426198456,50000000,0,26545446.23610178,-1714783.1153120168
95477.986596090661,31128.520161435947,17313.638105595364,592972674.56564343,109943930.34395787,1.0000000000000001e-09,8000000,0,12692.665062540085,0.59297267456564351,26528607.785977151,-16947.077927428967,1,66.653647061223268,16.692626968310424,26546122.365133446,-17514.579156294465,26528607.785977151,50000000,0,26545554.859280158,-1694927.5793332984
95378.026259881488,31178.500329540533,17400.206296123342,592972674.56564343,109943930.34395787,1.0000000000000001e-09,8000000,0,12691.957002120413,0.59297267456564351,26528963.472746603,-16483.333164111053,1,66.497619726757193,16.726260173505942,26546122.36513333,-17158.892386727035,26528963.472746603,50000000,0,26545446.801286265,-1693284.5504344131
95278.065923672315,31228.48049764512,17486.774486651317,592972674.56564343,109943930.34395787,1.0000000000000001e-09,8000000,0,12692.756011747308,0.59297267456564351,26527184.914481323,-18790.266117603638,1,66.517192685606972,16.712046045381726,26546122.365133561,-18937.450652237982,26527184.914481323,50000000,0,26545975.175974451,-1823225.2614091947
95178.105587463157,31278.460665749706,17573.342677179295,592972674.56564343,109943930.34395787,1.0000000000000001e-09,8000000,0,12692.381828204332,0.59297267456564351,26527777.665967289,-17810.206459039371,1,66.543849580061845,16.738492182542327,26546122.365133118,-18344.699165828526,26527777.665967289,50000000,0,26545587.867801916,-1808139.6320391956
95078.145251253969,31328.440833854289,17659.910867707273,592972674.56564343,109943930.34395787,1.0000000000000001e-09,8000000,0,12692.196062428609,0.59297267456564351,26527946.921837125,-18457.823829490226,1,66.416915255028883,16.77361348672547,26546122.365133494,-18175.443296369165,26527946.921837125,50000000,0,26546404.741042204,-1826960.9559539647
94978.184915044796,31378.421001958875,17746.479058235247,592972674.56564343,109943930.34395787,1.0000000000000001e-09,8000000,0,12692.534889211243,0.59297267456564351,26527669.863819253,-18060.105744901302,1,66.414006169403265,16.75484353623153,26546122.365133233,-18452.501313980669,26527669.863819253,50000000,0,26545729.964939695,-1860808.2356556165
94878.224578835638,31428.401170063462,17833.047248763225,592972674.56564343,109943930.34395787,1.0000000000000001e-09,8000000,0,12692.496183162333,0.59297267456564351,26526006.199463855,-20994.517663567698,1,66.47387959306451,16.763745143370162,26546122.365133341,-20116.165669485927,26526006.199463855,50000000,0,26547000.712503023,-2005237.787220649
94778.264242626465,31478.381338168052,17919.615439291203,592972674.56564343,109943930.34395787,1.0000000000000001e-09,8000000,0,12692.23614741806,0.59297267456564351,26527713.215141062,-18316.700672105075,1,66.386616079452253,16.78547815184395,26546122.365133379,-18409.149992316961,26527713.215141062,50000000,0,26546029.911188692,-1919867.2980715695
94678.303906417277,31528.361506272639,18006.183629819181,592972674.56564343,109943930.34395787,1.0000000000000001e-09,8000000,0,12692.656826181175,0.59297267456564351,26526654.255936038,-20966.741370521577,1,66.392933419434542,16.75690562612661,26546122.365133315,-19468.109197277576,26526654.255936038,50000000,0,26547620.99268217,-2031715.9917282432
94578.343570208104,31578.341674377221,18092.751820347155,592972674.56564343,109943930.34395787,1.0000000000000001e-09,8000000,0,12691.971955436908,0.59297267456564351,26526796.000501901,-19825.73372193706,1,66.497498595672226,16.74437800586648,26546122.365133539,-19326.364631637931,26526796.000501901,50000000,0,26546621.729599386,-2040178.5412339615
94478.383233998931,31628.321842481808,18179.32001087513,592972674.56564343,109943930.34395787,1.0000000000000001e-09,8000000,0,12693.221819292468,0.59297267456564351,26526304.333356488,-22125.583544413919,1,66.433457263272061,16.765453079123741,26546122.365133423,-19818.031776934862,26526304.333356488,50000000,0,26548429.912276439,-2081262.9680785127
94378.422897789773,31678.302010586394,18265.888201403111,592972674.56564343,109943930.34395787,1.0000000000000001e-09,8000000,0,12691.143395450852,0.59297267456564351,26530355.825941436,-16666.079840090468,1,66.43080198617379,16.724168308489695,26546122.365133926,-15766.53919249028,26530355.825941436,50000000,0,26547021.901157092,-1747951.1929854718
94278.462561580585,31728.282178690981,18352.456391931086,592972674.56564343,109943930.34395787,1.0000000000000001e-09,8000000,0,12695.34789958128,0.59297267456564351,26532533.752201606,-16136.211110932414,1,66.586525533256165,16.6885725744139,26546122.365135871,-13588.612934265286,26532533.752201606,50000000,0,26548669.958688088,-1483616.0512133155
94178.502225371412,31778.262346795567,18439.024582459064,592972674.56564343,109943930.34395787,1.0000000000000001e-09,8000000,0,12701.211475569587,0.59297267456564351,26538255.59466752,-7815.8568202998813,1,66.563693907031535,16.709761355421605,26546122.365130454,-7866.7704629339278,26538255.59466752,50000000,0,26546071.446863364,-965408.33734881296
94078.541889162239,31828.242514900154,18525.592772987042,592972674.56564343,109943930.34395787,1.0000000000000001e-09,8000000,0,12699.009427944495,0.59297267456564351,26536663.40953413,-10524.728773775478,1,66.507965058560572,16.676622594460795,26546122.365135968,-9458.955601837486,26536663.40953413,50000000,0,26547188.133683477,-1009958.8966351217
93978.581552953052,31878.22268300474,18612.160963515016,592972674.56564343,109943930.34395787,1.0000000000000001e-09,8000000,0,12694.348697058858,0.59297267456564351,26534047.267874617,-10756.344687098774,1,66.679402176978584,16.621854444284999,26546122.365133692,-12075.09725907445,26534047.267874617,50000000,0,26544803.607937261,-1206580.9181564818
93878.621216743923,31928.202851109327,18698.729154042994,592972674.56564343,109943930.34395787,1.0000000000000001e-09,8000000,0,12694.244609250711,0.59297267456564351,26528062.322615709,-18881.00730239549,1,66.732044960142304,16.62657732212573,26546122.365133408,-18060.042517699301,26528062.322615709,50000000,0,26546943.325293679,-1723103.8374844613
93778.660880534735,31978.183019213913,18785.297344570969,592972674.56564343,109943930.34395787,1.0000000000000001e-09,8000000,0,12691.814120654379,0.59297267456564351,26527755.394752704,-17101.84892763981,1,66.677731343491814,16.617669281960278,26546122.365133148,-18366.97038044408,26527755.394752704,50000000,0,26544857.239055909,-1807131.5622352331
93678.700544325562,32028.163187318496,18871.865535098947,592972674.56564343,109943930.34395787,1.0000000000000001e-09,8000000,0,12692.908225778423,0.59297267456564351,26526227.332925666,-21235.983226075776,1,66.773551881132164,16.566260160884053,26546122.365133785,-19895.032208118588,26526227.332925666,50000000,0,26547463.311527289,-2006508.7858576898
93578.740208116389,32078.143355423083,18958.433725626925,592972674.56564343,109943930.34395787,1.0000000000000001e-09,8000000,0,12691.666490677404,0.59297267456564351,26527161.83836307,-18369.49834299002,1,66.873452027028392,16.568056174817158,26546122.365132712,-18960.526769641787,26527161.83836307,50000000,0,26545531.332081594,-1951955.3256580704
93478.779871907202,32128.123523527669,19045.001916154899,592972674.56564343,109943930.34395787,1.0000000000000001e-09,8000000,0,12694.423481860642,0.59297267456564351,26525659.087846775,-22436.110346318939,1,66.766020704798478,16.574346636581346,26546122.365133327,-20463.277286551893,26525659.087846775,50000000,0,26548095.193568684,-2094088.6351693883
93378.819535698043,32178.103691632259,19131.570106682881,592972674.56564343,109943930.34395787,1.0000000000000001e-09,8000000,0,12692.782085503886,0.59297267456564351,26528538.241535131,-17603.827963756565,1,66.847536719782696,16.536695156493504,26546122.365133259,-17584.123598128557,26528538.241535131,50000000,0,26546142.06487447,-1915657.0437728805
93278.85919948887,32228.083859736842,19218.138297210855,592972674.56564343,109943930.34395787,1.0000000000000001e-09,8000000,0,12693.240562778576,0.59297267456564351,26526470.600962829,-22194.315975905738,1,66.90745043010341,16.549905654952248,26546122.365133259,-19651.764170430601,26526470.600962829,50000000,0,26548664.912314314,-2099868.126378485
93178.898863279697,32278.064027841428,19304.706487738833,592972674.56564343,109943930.34395787,1.0000000000000001e-09,8000000,0,12692.019213827551,0.59297267456564351,26526978.085484564,-19564.697256726195,1,66.805663169451975,16.566609754609079,26546122.365133412,-19144.279648847878,26526978.085484564,50000000,0,26546542.778116923,-2069844.1587511417
93078.93852707051,32328.044195946015,19391.274678266807,592972674.56564343,109943930.34395787,1.0000000000000001e-09,8000000,0,12692.80963073947,0.59297267456564351,26525076.549769714,-23873.185533239102,1,66.849236740701997,16.545923393492956,26546122.36513317,-21045.815363455564,26525076.549769714,50000000,0,26548949.730678473,-2231480.6238253973
92978.978190861337,32378.024364050601,19477.842868794785,592972674.56564343,109943930.34395787,1.0000000000000001e-09,8000000,0,12692.069900422604,0.59297267456564351,26528027.459375709,-18823.711468555906,1,66.877163117804614,16.568899278844818,26546122.365133282,-18094.905757572502,26528027.459375709,50000000,0,26546851.166219857,-2045304.0198283393
92879.017854652178,32428.004532155188,19564.411059322763,592972674.56564343,109943930.34395787,1.0000000000000001e-09,8000000,0,12692.657160142011,0.59297267456564351,26525481.274450034,-23624.001322247648,1,66.762013227860024,16.603348784683568,26546122.365133561,-20641.090683527291,26525481.274450034,50000000,0,26549105.271147855,-2228033.6806713603
92779.05751844302,32477.984700259774,19650.979249850738,592972674.56564343,109943930.34395787,1.0000000000000001e-09,8000000,0,12692.180380154448,0.59297267456564351,26526747.168661356,-20415.135339241217,1,66.747000981705,16.588785664953623,26546122.365133196,-19375.196471840143,26526747.168661356,50000000,0,26547162.299376141,-2149103.9176532412
92679.097182233818,32527.964868364361,19737.547440378716,592972674.56564343,109943930.34395787,1.0000000000000001e-09,8000000,0,12692.837252350579,0.59297267456564351,26525515.214012079,-23764.085777116805,1,66.810636528985739,16.616657120377898,26546122.365133353,-20607.151121273637,26525515.214012079,50000000,0,26549279.295164667,-2251313.9403555496
92579.136846024659,32577.945036468947,19824.11563090669,592972674.56564343,109943930.34395787,1.0000000000000001e-09,8000000,0,12691.675102449411,0.59297267456564351,26527913.324607953,-19556.155984873327,1,66.636554201624563,16.66912364150954,26546122.365133405,-18209.040525451303,26527913.324607953,50000000,0,26547469.475968387,-2103366.9522601278
92479.176509815472,32627.925204573534,19910.683821434672,592972674.56564343,109943930.34395787,1.0000000000000001e-09,8000000,0,12693.137071422379,0.59297267456564351,26525014.974711355,-24316.361650334853,1,66.612949593569198,16.65640352928293,26546122.365133375,-21107.390422020108,26525014.974711355,50000000,0,26549331.331737213,-2298283.8592499197
92379.216173606314,32677.905372678117,19997.252011962646,592972674.56564343,109943930.34395787,1.0000000000000001e-09,8000000,0,12691.912989315468,0.59297267456564351,26526631.309453148,-21163.950768419018,1,66.673846014874215,16.673739397257428,26546122.365133222,-19491.055680073798,26526631.309453148,50000000,0,26547795.255597148,-2200095.4840063895
92279.255837397155,32727.885540782703,20083.82020249062,592972674.56564343,109943930.34395787,1.0000000000000001e-09,8000000,0,12692.69878100618,0.59297267456564351,26526358.356577426,-23029.648493705248,1,66.545604450001335,16.733417571646864,26546122.365133543,-19764.008556116372,26526358.356577426,50000000,0,26549388.000446696,-2237321.8803311489
92179.295501187968,32777.865708887293,20170.388393018598,592972674.56564343,109943930.34395787,1.0000000000000001e-09,8000000,0,12692.199404422385,0.59297267456564351,26526983.783706475,-21030.838429189505,1,66.440812389771793,16.735596893403137,26546122.365133394,-19138.581426918507,26526983.783706475,50000000,0,26548014.617511142,-2193292.7745111105
92079.335164978795,32827.84587699188,20256.956583546573,592972674.56564343,109943930.34395787,1.0000000000000001e-09,8000000,0,12692.586529175713,0.59297267456564351,26524979.622690324,-24535.847862478648,1,66.534454385878419,16.723799848387099,26546122.365133375,-21142.742443051189,26524979.622690324,50000000,0,26549515.465928353,-2347048.5060697417
91979.374828769622,32877.826045096466,20343.524774074554,592972674.56564343,109943930.34395787,1.0000000000000001e-09,8000000,0,12692.436141653328,0.59297267456564351,26526698.381500959,-21682.011543481098,1,66.476136986122626,16.768558761643554,26546122.365133464,-19423.98363250494,26526698.381500959,50000000,0,26548380.388420004,-2243502.7713538879
91879.414492560463,32927.806213201053,20430.092964602532,592972674.56564343,109943930.34395787,1.0000000000000001e-09,8000000,0,12692.223636680808,0.59297267456564351,26526127.946740549,-23367.171780347559,1,66.374089812255036,16.773635314149892,26546122.36513336,-19994.418392810971,26526127.946740549,50000000,0,26549495.113896482,-2302352.6070510121
91779.454156351276,32977.786381305639,20516.661155130507,592972674.56564343,109943930.34395787,1.0000000000000001e-09,8000000,0,12692.420253163744,0.59297267456564351,26525633.468451921,-23119.720725011452,1,66.449280853996129,16.751578491357883,26546122.365133345,-20488.89668142423,26525633.468451921,50000000,0,26548753.184552442,-2340212.8618070306
91679.493820142117,33027.766549410218,20603.229345658481,592972674.56564343,109943930.34395787,1.0000000000000001e-09,8000000,0,12692.738979564967,0.59297267456564351,26524967.509544816,-24593.003491025062,1,66.452385691804494,16.774430988879665,26546122.365133394,-21154.855588577688,26524967.509544816,50000000,0,26549560.508411422,-2401789.4656143244
91579.53348393293,33077.746717514812,20689.797536186459,592972674.56564343,109943930.34395787,1.0000000000000001e-09,8000000,0,12691.894006130889,0.59297267456564351,26526387.306139752,-22667.469086587775,1,66.369996380022542,16.775125347238269,26546122.36513336,-19735.058993607759,26526387.306139752,50000000,0,26549054.77060188,-2324295.9831677731
91479.573147723771,33127.726885619391,20776.365726714437,592972674.56564343,109943930.34395787,1.0000000000000001e-09,8000000,0,12692.777326683701,0.59297267456564351,26525265.235875111,-24281.338806463922,1,66.454893277202245,16.737919618590535,26546122.365133312,-20857.129258200526,26525265.235875111,50000000,0,26549546.570057135,-2409855.3049566341
91379.612811514584,33177.707053723978,20862.933917242415,592972674.56564343,109943930.34395787,1.0000000000000001e-09,8000000,0,12692.336203541176,0.59297267456564351,26524571.090125117,-24853.261348638029,1,66.498671385825688,16.74904877619511,26546122.365133408,-21551.275008291006,26524571.090125117,50000000,0,26549424.346849304,-2466102.0330195054
91279.652475305425,33227.687221828564,20949.50210777039,592972674.56564343,109943930.34395787,1.0000000000000001e-09,8000000,0,12692.408854983209,0.59297267456564351,26525187.905434802,-24298.339684486753,1,66.424363388239954,16.744801058393829,26546122.365133271,-20934.459698468447,26525187.905434802,50000000,0,26549486.240494885,-2440868.1182836555
91179.692139096253,33277.667389933151,21036.070298298368,592972674.56564343,109943930.34395787,1.0000000000000001e-09,8000000,0,12692.473053037667,0.59297267456564351,26525118.608027007,-24520.917587654956,1,66.517115394324435,16.694651463924483,26546122.365133561,-21003.757106553763,26525118.608027007,50000000,0,26549639.52099023,-2465925.257512297
91079.73180288708,33327.647558037745,21122.638488826346,592972674.56564343,109943930.34395787,1.0000000000000001e-09,8000000,0,12692.155883182171,0.59297267456564351,26523865.819109291,-25636.575259949506,1,66.618531525211935,16.682396243303526,26546122.365133137,-22256.546023845673,26523865.819109291,50000000,0,26549502.389744811,-2562395.9843733059
90979.771466677892,33377.627726142324,21209.206679354324,592972674.56564343,109943930.34395787,1.0000000000000001e-09,8000000,0,12692.889979464389,0.59297267456564351,26523167.998455655,-26684.224977395927,1,66.561724419732727,16.686504180197947,26546122.365133598,-22954.366677943617,26523167.998455655,50000000,0,26549852.21880864,-2618919.9064067909
90879.811130468719,33427.60789424691,21295.774869882298,592972674.56564343,109943930.34395787,1.0000000000000001e-09,8000000,0,12691.92986531594,0.59297267456564351,26524394.99498966,-24875.933617783117,1,66.616966674478448,16.632300940109243,26546122.365133204,-21727.370143543929,26524394.99498966,50000000,0,26549270.923982996,-2559742.2499302817
90779.850794259561,33477.588062351497,21382.343060410272,592972674.56564343,109943930.34395787,1.0000000000000001e-09,8000000,0,12692.606515817017,0.59297267456564351,26522423.989025664,-27495.689209446333,1,66.76553608786503,16.613474128533198,26546122.365133561,-23698.376107897609,26522423.989025664,50000000,0,26549919.673610654,-2691124.4143379899
90679.890458050388,33527.568230456083,21468.911250938254,592972674.56564343,109943930.34395787,1.0000000000000001e-09,8000000,0,12692.472130779783,0.59297267456564351,26522236.168019276,-26581.795393918648,1,66.694121023368893,16.620807276694382,26546122.365133259,-23886.197113983333,26522236.168019276,50000000,0,26548817.958788745,-2689175.5681908978
90579.9301218412,33577.54839856067,21555.479441466228,592972674.56564343,109943930.34395787,1.0000000000000001e-09,8000000,0,12692.372055786973,0.59297267456564351,26521922.86081909,-27647.704482289384,1,66.74498679884438,16.575055401182933,26546122.365133516,-24199.504314426333,26521922.86081909,50000000,0,26549570.560676947,-2695027.2115508053
90479.969785632027,33627.528566665256,21642.047631994206,592972674.56564343,109943930.34395787,1.0000000000000001e-09,8000000,0,12692.084553825027,0.59297267456564351,26523422.251541086,-24607.497994974809,1,66.872041753447675,16.557475398326165,26546122.365132902,-22700.113591816276,26523422.251541086,50000000,0,26548029.744911645,-2535735.758937527
90380.009449422854,33677.508734769843,21728.615822522184,592972674.56564343,109943930.34395787,1.0000000000000001e-09,8000000,0,12693.632192893054,0.59297267456564351,26522877.358677559,-26086.095957833953,1,66.804861419811672,16.575145787152106,26546122.365133818,-23245.006456259638,26522877.358677559,50000000,0,26548963.450010937,-2485783.4421487907
90280.049113213696,33727.488902874429,21815.184013050159,592972674.56564343,109943930.34395787,1.0000000000000001e-09,8000000,0,12693.627711251158,0.59297267456564351,26526872.058274563,-20251.24715921437,1,66.806293548874493,16.53953664185671,26546122.36513193,-19250.306857366115,26526872.058274563,50000000,0,26547123.300809313,-2064261.2559793876
90180.088777004537,33777.469070979016,21901.752203578137,592972674.56564343,109943930.34395787,1.0000000000000001e-09,8000000,0,12697.576141191777,0.59297267456564351,26531831.252315108,-16866.835876488487,1,66.919781893584002,16.529834113850317,26546122.365133166,-14291.11281805858,26531831.252315108,50000000,0,26548698.083567139,-1614633.713491559
90080.12844079535,33827.449239083602,21988.320394106111,592972674.56564343,109943930.34395787,1.0000000000000001e-09,8000000,0,12699.456042613587,0.59297267456564351,26538380.255293254,-9132.7287333427084,1,66.857686517481724,16.564585172348114,26546122.365130678,-7742.10983742401,26538380.255293254,50000000,0,26547512.979402177,-1051253.9438699493
89980.168104586177,33877.429407188189,22074.888584634089,592972674.56564343,109943930.34395787,1.0000000000000001e-09,8000000,0,12704.999348221952,0.59297267456564351,26541108.854418404,-9771.1369417944261,1,66.796016522633195,16.544458882428376,26546122.365130827,-5013.5107124224305,26541108.854418404,50000000,0,26550879.98673578,-948348.28312645049
89880.207768377004,33927.409575292775,22161.456775162067,592972674.56564343,109943930.34395787,1.0000000000000001e-09,8000000,0,12704.851475212223,0.59297267456564351,26542343.836458597,-8727.7194487994075,1,66.936945477221755,16.535602452540445,26546122.365133222,-3778.5286746248603,26542343.836458597,50000000,0,26551071.551282961,-1098594.7881691058
89780.247432167846,33977.389743397362,22248.024965690041,592972674.56564343,109943930.34395787,1.0000000000000001e-09,8000000,0,12697.416372348514,0.59297267456564351,26533415.077409934,-21331.532064139912,1,66.804491559331652,16.602866229645358,26546122.365126826,-12707.287716891617,26533415.077409934,50000000,0,26554746.604849648,-2005230.9189296912
89680.287095958658,34027.369911501948,22334.593156218023,592972674.56564343,109943930.34395787,1.0000000000000001e-09,8000000,0,12692.568423521472,0.59297267456564351,26526382.294148918,-26252.736127110384,1,66.684598593867562,16.607899713746551,26546122.365135312,-19740.070986393839,26526382.294148918,50000000,0,26552635.025651585,-2662105.8473973558
89580.326759749485,34077.350079606535,22421.161346745997,592972674.56564343,109943930.34395787,1.0000000000000001e-09,8000000,0,12692.65386606983,0.59297267456564351,26520958.320478529,-33555.603841628144,1,66.798685204381954,16.592668227034419,26546122.36513285,-25164.044654320925,26520958.320478529,50000000,0,26554513.919695739,-3158603.87254783
89480.366423540312,34127.330247711121,22507.729537273972,592972674.56564343,109943930.34395787,1.0000000000000001e-09,8000000,0,12692.09901857469,0.59297267456564351,26522701.173338301,-28996.592910449159,1,66.742625111950247,16.656399078610995,26546122.365133531,-23421.191795229912,26522701.173338301,50000000,0,26551697.761624269,-3042640.8675877429
89380.406087331125,34177.310415815708,22594.29772780195,592972674.56564343,109943930.34395787,1.0000000000000001e-09,8000000,0,12692.768967489177,0.59297267456564351,26520435.154339962,-33053.671033065475,1,66.550396016202626,16.691005615481295,26546122.365133394,-25687.210793431848,26520435.154339962,50000000,0,26553488.820748601,-3174915.4975196207
89280.445751121966,34227.290583920294,22680.865918329928,592972674.56564343,109943930.34395787,1.0000000000000001e-09,8000000,0,12692.01847963902,0.59297267456564351,26521475.03981369,-29489.042684572345,1,66.60692692169188,16.667263188345466,26546122.365133308,-24647.325319617987,26521475.03981369,50000000,0,26550964.077873781,-3056658.0818204689
89180.485414912793,34277.27075202488,22767.434108857906,592972674.56564343,109943930.34395787,1.0000000000000001e-09,8000000,0,12693.057888141084,0.59297267456564351,26520559.48638247,-32445.912433391015,1,66.631699394877202,16.70674686187105,26546122.365133427,-25562.878750957549,26520559.48638247,50000000,0,26553005.394191459,-3104997.3312097113
89080.525078703635,34327.250920129467,22854.00229938588,592972674.56564343,109943930.34395787,1.0000000000000001e-09,8000000,0,12691.517164960815,0.59297267456564351,26523570.414480142,-27029.164653830088,1,66.45908703309351,16.75174624361113,26546122.365133438,-22551.950653295964,26523570.414480142,50000000,0,26550599.574509475,-2874294.1161429798
88980.564742494433,34377.231088234053,22940.570489913858,592972674.56564343,109943930.34395787,1.0000000000000001e-09,8000000,0,12693.185271453904,0.59297267456564351,26520807.166112676,-31990.388133986649,1,66.457287911278527,16.732462499122068,26546122.365133617,-25315.19902094081,26520807.166112676,50000000,0,26552797.549622249,-3040606.9260394759
88880.604406285274,34427.21125633864,23027.138680441836,592972674.56564343,109943930.34395787,1.0000000000000001e-09,8000000,0,12691.887793065313,0.59297267456564351,26522969.107505687,-27600.646586960127,1,66.521144689752447,16.747168931911315,26546122.365133304,-23153.257627617568,26522969.107505687,50000000,0,26550569.749468148,-2878004.0373921464
88780.644070076116,34477.191424443219,23113.706870969811,592972674.56564343,109943930.34395787,1.0000000000000001e-09,8000000,0,12692.78760481533,0.59297267456564351,26522476.768306255,-30255.827986571239,1,66.40541321769237,16.781239822109377,26546122.365133457,-23645.596827201545,26522476.768306255,50000000,0,26552732.59166842,-2916653.3289170661
88680.683733866943,34527.171592547806,23200.275061497789,592972674.56564343,109943930.34395787,1.0000000000000001e-09,8000000,0,12692.094297715696,0.59297267456564351,26524061.586919084,-26533.789095662254,1,66.3932650259393,16.764219894028116,26546122.36513339,-22060.778214305639,26524061.586919084,50000000,0,26550595.371390339,-2794312.8592449389
88580.72339765777,34577.151760652392,23286.843252025763,592972674.56564343,109943930.34395787,1.0000000000000001e-09,8000000,0,12692.752670979407,0.59297267456564351,26521532.355282124,-31311.785787426128,1,66.46451573108331,16.760835594797747,26546122.365133516,-24590.009851392359,26521532.355282124,50000000,0,26552844.136445083,-2975149.4263290628
88480.763061448582,34627.131928756979,23373.411442553741,592972674.56564343,109943930.34395787,1.0000000000000001e-09,8000000,0,12692.228699715753,0.59297267456564351,26524002.861644626,-26801.078605552731,1,66.40172913792,16.779750892749856,26546122.365133107,-22119.503488481045,26524002.861644626,50000000,0,26550803.935625743,-2806423.3297280767
88380.802725239409,34677.112096861565,23459.979633081719,592972674.56564343,109943930.34395787,1.0000000000000001e-09,8000000,0,12692.497761083285,0.59297267456564351,26522930.962273281,-29915.442547623221,1,66.404510665761563,16.747878173812264,26546122.365133625,-23191.402860343456,26522930.962273281,50000000,0,26552846.400196448,-2899490.2385467575
88280.842389030251,34727.092264966152,23546.547823609697,592972674.56564343,109943930.34395787,1.0000000000000001e-09,8000000,0,12692.085254285852,0.59297267456564351,26523449.951397222,-27660.488532112508,1,66.520226721862514,16.728346364918178,26546122.365133226,-22672.413736004382,26523449.951397222,50000000,0,26551110.43530491,-2862202.052007833
88180.882052821078,34777.072433070738,23633.116014137675,592972674.56564343,109943930.34395787,1.0000000000000001e-09,8000000,0,12693.0254684219,0.59297267456564351,26521772.624690302,-31156.689665631926,1,66.475605988461439,16.745504166199968,26546122.365133479,-24349.740443177521,26521772.624690302,50000000,0,26552929.30973145,-2984842.4748891178
88080.921716611891,34827.052601175325,23719.684204665649,592972674.56564343,109943930.34395787,1.0000000000000001e-09,8000000,0,12691.679296646458,0.59297267456564351,26524409.35715254,-26930.715940702175,1,66.463213811342172,16.704504971676954,26546122.36513358,-21713.007981039584,26524409.35715254,50000000,0,26551340.068468772,-2819937.7314846921
87980.961380402732,34877.032769279911,23806.252395193624,592972674.56564343,109943930.34395787,1.0000000000000001e-09,8000000,0,12692.9568688783,0.59297267456564351,26522529.545384366,-30428.996494435803,1,66.638631351295885,16.662707635261761,26546122.365133435,-23592.819749068469,26522529.545384366,50000000,0,26552958.537254401,-2956271.2505803327
87881.001044193545,34927.012937384497,23892.820585721605,592972674.56564343,109943930.34395787,1.0000000000000001e-09,8000000,0,12692.132377610626,0.59297267456564351,26522935.459941983,-28726.441281519357,1,66.615855908598988,16.685321408041922,26546122.365133222,-23186.90519123897,26522935.459941983,50000000,0,26551661.896599043,-2925789.6066665528
87781.040707984386,34976.993105489084,23979.38877624958,592972674.56564343,109943930.34395787,1.0000000000000001e-09,8000000,0,12692.630129521296,0.59297267456564351,26522654.310745563,-30273.534978198481,1,66.566040960750044,16.649664151211681,26546122.36513333,-23468.054387766868,26522654.310745563,50000000,0,26552927.841099396,-2959399.6714785337
87681.080371775199,35026.97327359367,24065.956966777558,592972674.56564343,109943930.34395787,1.0000000000000001e-09,8000000,0,12692.253378431637,0.59297267456564351,26523986.594294388,-27922.508957506332,1,66.753387816260201,16.591215613987529,26546122.365133293,-22135.770838905126,26523986.594294388,50000000,0,26551909.098627452,-2883210.6229177397
87581.12003556604,35076.953441698257,24152.525157305532,592972674.56564343,109943930.34395787,1.0000000000000001e-09,8000000,0,12692.362610032349,0.59297267456564351,26521985.868657336,-31055.25089933553,1,66.794889682141573,16.607107627088684,26546122.365133572,-24136.496476236731,26521985.868657336,50000000,0,26553041.114932265,-3031517.755580938
87481.159699356867,35126.933609802843,24239.09334783351,592972674.56564343,109943930.34395787,1.0000000000000001e-09,8000000,0,12692.606700563361,0.59297267456564351,26522467.824935775,-29741.321740183987,1,66.69256978062198,16.600152220964272,26546122.365133189,-23654.540197413415,26522467.824935775,50000000,0,26552209.142051499,-2995921.5043217284
87381.199363147694,35176.91377790743,24325.661538361488,592972674.56564343,109943930.34395787,1.0000000000000001e-09,8000000,0,12692.298225036979,0.59297267456564351,26523109.903917827,-29918.908460239451,1,66.831318009820237,16.531619298982857,26546122.365133509,-23012.461215682328,26523109.903917827,50000000,0,26553028.807753641,-2989099.6079926947
87281.239026938521,35226.893946012016,24412.229728889462,592972674.56564343,109943930.34395787,1.0000000000000001e-09,8000000,0,12692.220399894826,0.59297267456564351,26522587.252875891,-29995.189525717669,1,66.949965346208316,16.550536270775698,26546122.365133274,-23535.112257383764,26522587.252875891,50000000,0,26552582.437777176,-3018083.7890323889
87181.278690729348,35276.874114116603,24498.79791941744,592972674.56564343,109943930.34395787,1.0000000000000001e-09,8000000,0,12692.791979725009,0.59297267456564351,26521813.659612402,-31134.875438250248,1,66.765548220577244,16.572448893436132,26546122.36513361,-24308.705521207303,26521813.659612402,50000000,0,26552948.530426249,-3087570.0186814582
87081.318354520175,35326.854282221189,24585.366109945415,592972674.56564343,109943930.34395787,1.0000000000000001e-09,8000000,0,12692.110086052404,0.59297267456564351,26521981.50492255,-30918.57590679064,1,66.864052583252786,16.521143895349223,26546122.365133021,-24140.860210470855,26521981.50492255,50000000,0,26552900.076204836,-3074968.4107171372
86981.358018311003,35376.834450325776,24671.934300473393,592972674.56564343,109943930.34395787,1.0000000000000001e-09,8000000,0,12692.487794268936,0.59297267456564351,26523139.691422377,-29758.592782470332,1,66.964519163462001,16.537177919477561,26546122.365133531,-22982.67371115461,26523139.691422377,50000000,0,26552898.279580493,-3030121.0895860302
86881.39768210183,35426.814618430362,24758.502491001371,592972674.56564343,109943930.34395787,1.0000000000000001e-09,8000000,0,12692.467563174248,0.59297267456564351,26521374.01059898,-31839.83348882676,1,66.79965581089894,16.584180746921682,26546122.365133345,-24748.354534365237,26521374.01059898,50000000,0,26553213.839463346,-3137462.3801862774
86781.437345892657,35476.794786534949,24845.070681529349,592972674.56564343,109943930.34395787,1.0000000000000001e-09,8000000,0,12692.317803797549,0.59297267456564351,26521627.232792027,-31261.678010567812,1,66.788720275465181,16.555960545083298,26546122.365133218,-24495.132341191173,26521627.232792027,50000000,0,26552888.906178162,-3144710.9177673771
86681.477009683469,35526.774954639535,24931.638872057327,592972674.56564343,109943930.34395787,1.0000000000000001e-09,8000000,0,12692.704837779134,0.59297267456564351,26521620.594189804,-31936.890330675102,1,66.896580810732274,16.570169828229233,26546122.365133524,-24501.770943719894,26521620.594189804,50000000,0,26553557.479896054,-3164088.1638634326
86581.516673474325,35576.755122744114,25018.207062585298,592972674.56564343,109943930.34395787,1.0000000000000001e-09,8000000,0,12691.885900361076,0.59297267456564351,26522092.506646004,-30781.35568827657,1,66.739355117441391,16.628176986102709,26546122.365133308,-24029.8584873043,26522092.506646004,50000000,0,26552873.857709832,-3148256.2944893073
86481.556337265152,35626.735290848708,25104.775253113279,592972674.56564343,109943930.34395787,1.0000000000000001e-09,8000000,0,12692.924005150493,0.59297267456564351,26519899.036998563,-33962.157735048539,1,66.671514035857527,16.619939239980081,26546122.365133397,-26223.328134834766,26519899.036998563,50000000,0,26553861.190109182,-3308112.4203475262
86381.596001055965,35676.715458953295,25191.343443641254,592972674.56564343,109943930.34395787,1.0000000000000001e-09,8000000,0,12692.155558163106,0.59297267456564351,26520940.827783279,-32007.705099830793,1,66.761685181503267,16.6282322259406,26546122.3651333,-25181.537350021303,26520940.827783279,50000000,0,26552948.528258655,-3262386.2970205755
86281.635664846806,35726.695627057881,25277.911634169232,592972674.56564343,109943930.34395787,1.0000000000000001e-09,8000000,0,12692.371614301888,0.59297267456564351,26520491.316451445,-33740.746468099867,1,66.636827274701673,16.688690031714255,26546122.36513342,-25631.048681974411,26520491.316451445,50000000,0,26554232.058295127,-3328719.0317082708
86181.675328637619,35776.675795162468,25364.47982469721,592972674.56564343,109943930.34395787,1.0000000000000001e-09,8000000,0,12692.430533267456,0.59297267456564351,26520146.847894594,-32843.271864537586,1,66.533156159753133,16.694229418561402,26546122.365133338,-25975.517238743603,26520146.847894594,50000000,0,26552990.115134656,-3359795.2059779894
86081.71499242846,35826.655963267047,25451.048015225184,592972674.56564343,109943930.34395787,1.0000000000000001e-09,8000000,0,12692.575996389061,0.59297267456564351,26518080.687054008,-36631.808251824419,1,66.601522863822566,16.695965257296162,26546122.365133356,-28041.678079348058,26518080.687054008,50000000,0,26554712.490681455,-3546512.2369280052
85981.754656219273,35876.636131371641,25537.616205753166,592972674.56564343,109943930.34395787,1.0000000000000001e-09,8000000,0,12692.146974312856,0.59297267456564351,26519812.095701464,-33450.291620253869,1,66.527358354305747,16.744431969760704,26546122.365133468,-26310.269432004541,26519812.095701464,50000000,0,26553262.382697251,-3468481.7165018246
85881.7943200101,35926.616299476227,25624.18439628114,592972674.56564343,109943930.34395787,1.0000000000000001e-09,8000000,0,12692.702541977902,0.59297267456564351,26517556.603706978,-37715.151047300329,1,66.414973778323585,16.755455874925605,26546122.365133245,-28565.761426266283,26517556.603706978,50000000,0,26555271.750129823,-3681950.2084888336
85781.833983800927,35976.596467580806,25710.752586809114,592972674.56564343,109943930.34395787,1.0000000000000001e-09,8000000,0,12692.007640790083,0.59297267456564351,26517148.898599789,-36823.427117623018,1,66.483071283336997,16.740837991458239,26546122.365133472,-28973.46653368324,26517148.898599789,50000000,0,26553972.321092959,-3770515.7356855934
85681.873647591754,36026.576635685393,25797.320777337092,592972674.56564343,109943930.34395787,1.0000000000000001e-09,8000000,0,12693.106302947426,0.59297267456564351,26515203.378949672,-41243.25537891189,1,66.461304350969883,16.772560572846338,26546122.365133431,-30918.986183758825,26515203.378949672,50000000,0,26556446.629704151,-3999083.0010774373
85581.913311382581,36076.556803789979,25883.88896786507,592972674.56564343,109943930.34395787,1.0000000000000001e-09,8000000,0,12691.536758371338,0.59297267456564351,26517017.69190827,-38249.820142967546,1,66.371552709146272,16.775426722977773,26546122.365133651,-29104.67322538048,26517017.69190827,50000000,0,26555267.507426769,-3971100.3088948224
85481.952975173408,36126.536971894566,25970.457158393048,592972674.56564343,109943930.34395787,1.0000000000000001e-09,8000000,0,12693.109476394633,0.59297267456564351,26514220.308161315,-44150.611983052222,1,66.447176582053373,16.75183173012983,26546122.365133807,-31902.056972492486,26514220.308161315,50000000,0,26558370.915519953,-4245167.9650729056
85381.99263896425,36176.517139999152,26057.025348921023,592972674.56564343,109943930.34395787,1.0000000000000001e-09,8000000,0,12691.851739087933,0.59297267456564351,26517465.251809008,-39985.32281393031,1,66.454128020665877,16.771371958085247,26546122.365132503,-28657.113323494792,26517465.251809008,50000000,0,26557450.56999848,-4032214.0081285248
85282.032302755062,36226.497308103739,26143.593539449001,592972674.56564343,109943930.34395787,1.0000000000000001e-09,8000000,0,12693.454759045633,0.59297267456564351,26522755.735999655,-37887.217919299423,1,66.378223979625588,16.768126749624141,26546122.365136039,-23366.629136383533,26522755.735999655,50000000,0,26560642.949294522,-3551384.1672182078
85182.071966545904,36276.477476208325,26230.161729976979,592972674.56564343,109943930.34395787,1.0000000000000001e-09,8000000,0,12702.109548615241,0.59297267456564351,26536641.713163201,-21820.517812923339,1,66.46850138865446,16.725400498232908,26546122.365137398,-9480.6519741974771,26536641.713163201,50000000,0,26558462.226351608,-2320028.6755923922
85082.111630336731,36326.457644312912,26316.729920504953,592972674.56564343,109943930.34395787,1.0000000000000001e-09,8000000,0,12711.871185491491,0.59297267456564351,26543964.217748389,-14011.854891382385,1,66.52789200276959,16.722421335401418,26546122.365128353,-2158.1473799645901,26543964.217748389,50000000,0,26557976.068015367,-1402886.6975924424
84982.151294127558,36376.437812417498,26403.298111032931,592972674.56564343,109943930.34395787,1.0000000000000001e-09,8000000,0,12706.905818950472,0.59297267456564351,26546005.461705957,-6323.8825884762118,1,66.470662819268441,16.720832770815466,26546122.365134999,-116.90342904254794,26546005.461705957,50000000,0,26552329.339670014,-875340.8050259744
84882.190957918385,36426.417980522085,26489.866301560905,592972674.56564343,109943930.34395787,1.0000000000000001e-09,8000000,0,12704.448766448662,0.59297267456564351,26539196.466677614,-13197.667820689883,1,66.544013025430516,16.669143583181626,26546122.365132906,-6925.8984552919865,26539196.466677614,50000000,0,26552394.129873823,-1252802.3667511053
84782.230621709212,36476.398148626671,26576.434492088883,592972674.56564343,109943930.34395787,1.0000000000000001e-09,8000000,0,12700.931974845895,0.59297267456564351,26533276.171333712,-16127.763422283613,1,66.683655409391889,16.646329937712107,26546122.365132563,-12846.193798851222,26533276.171333712,50000000,0,26549403.930131607,-1761194.4222982656
84682.270285500039,36526.378316731258,26663.002682616861,592972674.56564343,109943930.34395787,1.0000000000000001e-09,8000000,0,12698.595716285738,0.59297267456564351,26523775.538815353,-27978.682724602251,1,66.628825878666007,16.66389492128728,26546122.365135763,-22346.826320409775,26523775.538815353,50000000,0,26551754.21691554,-2615505.8604922271
84582.309949290866,36576.358484835844,26749.570873144839,592972674.56564343,109943930.34395787,1.0000000000000001e-09,8000000,0,12693.020810120239,0.59297267456564351,26521181.311077923,-28975.879415726966,1,66.632188975012824,16.611623515673269,26546122.36513292,-24941.054054997861,26521181.311077923,50000000,0,26550157.185869168,-3022572.3108199351
84482.349613081693,36626.338652940431,26836.139063672817,592972674.56564343,109943930.34395787,1.0000000000000001e-09,8000000,0,12693.540821835904,0.59297267456564351,26515590.324276514,-37661.111710420788,1,66.828390569557953,16.576311979982709,26546122.365133461,-30532.04085694626,26515590.324276514,50000000,0,26553251.431362502,-3597415.5716189691
84382.389276872505,36676.318821045017,26922.707254200788,592972674.56564343,109943930.34395787,1.0000000000000001e-09,8000000,0,12692.146535314636,0.59297267456564351,26515760.081948057,-36150.845241405616,1,66.772275965657101,16.600419032641796,26546122.365133129,-30362.283185072243,26515760.081948057,50000000,0,26551910.922565024,-3710172.9567037253
84282.428940663347,36726.298989149604,27009.275444728766,592972674.56564343,109943930.34395787,1.0000000000000001e-09,8000000,0,12692.738884552438,0.59297267456564351,26514204.161799613,-40481.894059813276,1,66.748421317426164,16.570341403325315,26546122.365133386,-31918.203333772719,26514204.161799613,50000000,0,26554686.051234975,-3897631.8088493901
84182.46860445416,36776.27915725419,27095.843635256748,592972674.56564343,109943930.34395787,1.0000000000000001e-09,8000000,0,12692.103997814464,0.59297267456564351,26517321.197168764,-35932.277708325215,1,66.883738511958924,16.536970108285718,26546122.365133412,-28801.167964648455,26517321.197168764,50000000,0,26553253.470252644,-3744502.2689922187
84082.508268245001,36826.259325358777,27182.411825784722,592972674.56564343,109943930.34395787,1.0000000000000001e-09,8000000,0,12692.606371798922,0.59297267456564351,26515075.1868742,-40540.582282920324,1,66.880446877040271,16.561775652972418,26546122.365133267,-31047.178259067237,26515075.1868742,50000000,0,26555615.7645327,-3920408.9909038171
83982.547932035814,36876.239493463363,27268.9800163127,592972674.56564343,109943930.34395787,1.0000000000000001e-09,8000000,0,12692.315469971818,0.59297267456564351,26517001.081868522,-37123.176986831299,1,66.791115744785856,16.556185864001275,26546122.365133546,-29121.283265024424,26517001.081868522,50000000,0,26554124.254230838,-3800967.8653290775
83882.587595826655,36926.21966156795,27355.548206840675,592972674.56564343,109943930.34395787,1.0000000000000001e-09,8000000,0,12692.641474815033,0.59297267456564351,26516814.605873011,-39262.993971955868,1,66.902809019066424,16.53371384927966,26546122.365133319,-29307.759260307997,26516814.605873011,50000000,0,26556077.595220573,-3838520.7781390324
83782.627259617497,36976.199829672536,27442.116397368653,592972674.56564343,109943930.34395787,1.0000000000000001e-09,8000000,0,12691.858679972522,0.59297267456564351,26518589.979655165,-36113.965579870812,1,66.871015330550136,16.571007403822072,26546122.365133349,-27532.385478183627,26518589.979655165,50000000,0,26554703.940610547,-3718653.1741965837
83682.666923408309,37026.179997777122,27528.684587896634,592972674.56564343,109943930.34395787,1.0000000000000001e-09,8000000,0,12693.061508935833,0.59297267456564351,26516706.145912725,-39497.449075353739,1,66.768363329569141,16.576754998780146,26546122.365133274,-29416.219220548868,26516706.145912725,50000000,0,26556203.590363629,-3845443.066065189
83582.706587199136,37076.160165881709,27615.252778424605,592972674.56564343,109943930.34395787,1.0000000000000001e-09,8000000,0,12691.917676813193,0.59297267456564351,26518276.225685909,-36787.552488425878,1,66.842021707008357,16.573194264129473,26546122.365133282,-27846.139447372407,26518276.225685909,50000000,0,26555063.773549892,-3737790.3985521425
83482.746250989963,37126.140333986295,27701.820968952583,592972674.56564343,109943930.34395787,1.0000000000000001e-09,8000000,0,12692.672770358786,0.59297267456564351,26518615.258755259,-37656.982125944924,1,66.779186479067477,16.618570463212077,26546122.365133602,-27507.106378342956,26518615.258755259,50000000,0,26556272.236256722,-3734196.6310844654
83382.78591478079,37176.120502090875,27788.389159480557,592972674.56564343,109943930.34395787,1.0000000000000001e-09,8000000,0,12692.277371695989,0.59297267456564351,26518611.494075052,-36694.296113762837,1,66.663143489364927,16.639630443226743,26546122.365133371,-27510.871058318764,26518611.494075052,50000000,0,26555305.785564415,-3716351.6822526064
83282.825578571617,37226.100670195461,27874.957350008535,592972674.56564343,109943930.34395787,1.0000000000000001e-09,8000000,0,12692.518653034185,0.59297267456564351,26517572.645900946,-38726.181238595796,1,66.700621883505434,16.63030919121783,26546122.365133345,-28549.719232399017,26517572.645900946,50000000,0,26556298.822515093,-3804424.0959702265
83182.865242362444,37276.080838300055,27961.525540536517,592972674.56564343,109943930.34395787,1.0000000000000001e-09,8000000,0,12692.498211497859,0.59297267456564351,26518937.364201814,-36727.170280017715,1,66.684075031862932,16.680710165376354,26546122.365133226,-27185.000931411982,26518937.364201814,50000000,0,26555664.529857386,-3717290.2144012982
83082.904906153271,37326.061006404641,28048.093731064491,592972674.56564343,109943930.34395787,1.0000000000000001e-09,8000000,0,12692.120420390627,0.59297267456564351,26518779.237881258,-37417.140023397857,1,66.513416530767444,16.712454226022061,26546122.365133327,-27343.127252068371,26518779.237881258,50000000,0,26556196.373280261,-3740502.5434069373
82982.944569944098,37376.041174509228,28134.661921592469,592972674.56564343,109943930.34395787,1.0000000000000001e-09,8000000,0,12692.599716527613,0.59297267456564351,26517741.412732095,-38242.464712937159,1,66.5568167755373,16.694076885256102,26546122.36513342,-28380.952401325107,26517741.412732095,50000000,0,26555983.872820523,-3808057.9995126156
82882.98423373494,37426.021342613807,28221.23011212044,592972674.56564343,109943930.34395787,1.0000000000000001e-09,8000000,0,12692.537284575876,0.59297267456564351,26518025.225132193,-38182.946385132411,1,66.576184662890569,16.726511367924573,26546122.36513336,-28097.140001166612,26518025.225132193,50000000,0,26556208.166892935,-3805433.8390830052
82783.023897525767,37476.001510718394,28307.798302648422,592972674.56564343,109943930.34395787,1.0000000000000001e-09,8000000,0,12692.075204701208,0.59297267456564351,26518897.316105373,-37362.023055932397,1,66.431907828649443,16.767771055208236,26546122.365133408,-27225.049028035253,26518897.316105373,50000000,0,26556259.334536847,-3758923.6528505273
82683.06356131658,37525.981678822987,28394.3664931764,592972674.56564343,109943930.34395787,1.0000000000000001e-09,8000000,0,12692.734616659476,0.59297267456564351,26518088.405663628,-38062.643629484657,1,66.423235110937284,16.748825391418123,26546122.365133353,-28033.959469724447,26518088.405663628,50000000,0,26556151.044668652,-3814791.1912522754
82583.103225107421,37575.961846927574,28480.934683704378,592972674.56564343,109943930.34395787,1.0000000000000001e-09,8000000,0,12692.332655166252,0.59297267456564351,26517199.921775941,-39409.892951903443,1,66.489914030953003,16.758132817941924,26546122.365133438,-28922.443357497454,26517199.921775941,50000000,0,26556609.810103457,-3888320.557350717
82483.142888898248,37625.942015032153,28567.502874232348,592972674.56564343,109943930.34395787,1.0000000000000001e-09,8000000,0,12692.325560217103,0.59297267456564351,26518500.929544702,-37620.873266298127,1,66.394062986286116,16.786541973264345,26546122.365133349,-27621.43558864668,26518500.929544702,50000000,0,26556121.798186477,-3813302.647081045
82383.182552689075,37675.922183136739,28654.071064760326,592972674.56564343,109943930.34395787,1.0000000000000001e-09,8000000,0,12692.550030822871,0.59297267456564351,26517842.698282793,-39023.153098106683,1,66.382124192575944,16.763881889751222,26546122.365133423,-28279.666850630194,26517842.698282793,50000000,0,26556865.846756503,-3875798.5026099952
82283.222216479888,37725.902351241326,28740.639255288304,592972674.56564343,109943930.34395787,1.0000000000000001e-09,8000000,0,12692.118984285953,0.59297267456564351,26517247.597225044,-39002.561781930061,1,66.47982867748587,16.750135836363405,26546122.365133457,-28874.767908412963,26517247.597225044,50000000,0,26556250.154382568,-3927946.1359352735
82183.261880270729,37775.882519345912,28827.207445816279,592972674.56564343,109943930.34395787,1.0000000000000001e-09,8000000,0,12692.973945902313,0.59297267456564351,26516632.425184026,-40649.400568383113,1,66.42566537419269,16.771969839738503,26546122.365133528,-29489.939949501306,26516632.425184026,50000000,0,26557281.821128011,-3990678.3103540791
82083.301544061542,37825.862687450499,28913.775636344257,592972674.56564343,109943930.34395787,1.0000000000000001e-09,8000000,0,12691.762069673247,0.59297267456564351,26518343.112149682,-37992.950667838479,1,66.411229365920533,16.738525856074734,26546122.365133479,-27779.252983797342,26518343.112149682,50000000,0,26556336.058193054,-3896835.8977641421
81983.341207852383,37875.842855555085,29000.343826872235,592972674.56564343,109943930.34395787,1.0000000000000001e-09,8000000,0,12692.79146203082,0.59297267456564351,26516387.521634556,-41336.185891587338,1,66.550790504392509,16.704028606299616,26546122.365133397,-29734.843498840928,26516387.521634556,50000000,0,26557723.702901691,-4040998.0048282854
81883.380871643196,37925.823023659672,29086.912017400213,592972674.56564343,109943930.34395787,1.0000000000000001e-09,8000000,0,12692.422412133397,0.59297267456564351,26517324.490262698,-39157.989106757414,1,66.54166455966913,16.722662515901462,26546122.365133278,-28797.87487057969,26517324.490262698,50000000,0,26556482.47474502,-3961864.819822019
81783.420535434037,37975.803191764258,29173.480207928191,592972674.56564343,109943930.34395787,1.0000000000000001e-09,8000000,0,12691.965430445234,0.59297267456564351,26518168.013418186,-39811.017629970258,1,66.489667728530847,16.695057670079152,26546122.365133673,-27954.351715486497,26518168.013418186,50000000,0,26557979.026423693,-3872465.5961883152
81683.460199224879,38025.783359868845,29260.048398456165,592972674.56564343,109943930.34395787,1.0000000000000001e-09,8000000,0,12694.215568926109,0.59297267456564351,26522107.092776272,-34178.883156895019,1,66.648043017196997,16.644300974856378,26546122.365132485,-24015.272356212139,26522107.092776272,50000000,0,26556285.971308719,-3534800.0994951455
81583.499863015677,38075.763527973431,29346.616588984143,592972674.56564343,109943930.34395787,1.0000000000000001e-09,8000000,0,12698.665789945788,0.59297267456564351,26522110.534434006,-35579.577071597327,1,66.673554312541299,16.644262687947073,26546122.36513374,-24011.83069973439,26522110.534434006,50000000,0,26557690.10688113,-3494164.7795968936
81483.539526806533,38125.743696078018,29433.184779512121,592972674.56564343,109943930.34395787,1.0000000000000001e-09,8000000,0,12695.265873135102,0.59297267456564351,26522230.7949389,-33228.524892796318,1,66.63558811761844,16.63153829368439,26546122.365133654,-23891.57019475475,26522230.7949389,50000000,0,26555459.315207239,-3452936.2827072823
81383.579190597346,38175.723864182604,29519.752970040096,592972674.56564343,109943930.34395787,1.0000000000000001e-09,8000000,0,12692.752241143706,0.59297267456564351,26518423.013374943,-38874.224721273415,1,66.747425609620905,16.582887106943502,26546122.36513311,-27699.351758167148,26518423.013374943,50000000,0,26557297.233471807,-3773130.4268382839
81283.618854388173,38225.704032287191,29606.321160568077,592972674.56564343,109943930.34395787,1.0000000000000001e-09,8000000,0,12692.04973351726,0.59297267456564351,26517520.755028233,-37733.750214352563,1,66.830769931626719,16.582080259046293,26546122.365133561,-28601.610105328262,26517520.755028233,50000000,0,26555254.500618149,-3871711.0167254973
81183.658518179,38275.684200391777,29692.889351096052,592972674.56564343,109943930.34395787,1.0000000000000001e-09,8000000,0,12693.133582447845,0.59297267456564351,26514827.822845567,-42533.177173897362,1,66.754404319431018,16.579625647454428,26546122.365133155,-31294.54228758812,26514827.822845567,50000000,0,26557360.995395001,-4087565.1445376957
81083.698181969827,38325.664368496356,29779.457541624022,592972674.56564343,109943930.34395787,1.0000000000000001e-09,8000000,0,12691.797568114094,0.59297267456564351,26517798.757287994,-37551.159307854854,1,66.849016469811787,16.538717077741452,26546122.365133394,-28323.607845399529,26517798.757287994,50000000,0,26555349.911971398,-3889352.2910574605
80983.737845760654,38375.64453660095,29866.025732152004,592972674.56564343,109943930.34395787,1.0000000000000001e-09,8000000,0,12692.657630413469,0.59297267456564351,26516976.928193476,-40747.421079779589,1,66.905971764246885,16.554037093432822,26546122.365132973,-29145.436939496547,26516976.928193476,50000000,0,26557724.344648845,-3927318.2010700135
80883.777509551481,38425.624704705537,29952.593922679978,592972674.56564343,109943930.34395787,1.0000000000000001e-09,8000000,0,12694.900706564054,0.59297267456564351,26520665.138128996,-35038.244377058669,1,66.789094147192856,16.560009882705703,26546122.365133271,-25457.227004274726,26520665.138128996,50000000,0,26555703.377881601,-3648558.1661481019
80783.817173342308,38475.604872810123,30039.162113207956,592972674.56564343,109943930.34395787,1.0000000000000001e-09,8000000,0,12697.624604597509,0.59297267456564351,26520079.775602873,-38276.018442593988,1,66.866275966313282,16.533523130743053,26546122.365132302,-26042.589529428631,26520079.775602873,50000000,0,26558355.789421003,-3723777.516055773
80683.856837133135,38525.585040914702,30125.730303735931,592972674.56564343,109943930.34395787,1.0000000000000001e-09,8000000,0,12693.570839761271,0.59297267456564351,26521099.03616599,-35332.398679057806,1,66.902935306277186,16.559338371755892,26546122.365132749,-25023.328966759145,26521099.03616599,50000000,0,26556431.430220593,-3710612.6670373785
80583.896500923976,38575.565209019289,30212.298494263909,592972674.56564343,109943930.34395787,1.0000000000000001e-09,8000000,0,12692.385293376758,0.59297267456564351,26515812.382200047,-43113.681941611438,1,66.771326609576718,16.592910870419388,26546122.365133673,-30309.982933625579,26515812.382200047,50000000,0,26558926.059517231,-4129393.0872853342
80483.936164714789,38625.545377123883,30298.86668479189,592972674.56564343,109943930.34395787,1.0000000000000001e-09,8000000,0,12692.201477765286,0.59297267456564351,26516593.185140643,-40110.756274523766,1,66.780816792562874,16.567750247151746,26546122.365133502,-29529.17999285832,26516593.185140643,50000000,0,26556703.936790686,-4127175.9314990398
80383.97582850563,38675.525545228469,30385.434875319865,592972674.56564343,109943930.34395787,1.0000000000000001e-09,8000000,0,12692.88579909779,0.59297267456564351,26514754.753819484,-44252.561309113196,1,66.859942895531304,16.595610036618417,26546122.365133107,-31367.611313622445,26514754.753819484,50000000,0,26559007.310504194,-4280984.2363942992
80284.015492296428,38725.505713333056,30472.003065847843,592972674.56564343,109943930.34395787,1.0000000000000001e-09,8000000,0,12691.6180265613,0.59297267456564351,26517156.105670109,-39631.897872633243,1,66.671212523583449,16.653503281381141,26546122.36513342,-28966.259463310242,26517156.105670109,50000000,0,26556787.998918306,-4126030.1303910823
80184.055156087285,38775.485881437635,30558.571256375817,592972674.56564343,109943930.34395787,1.0000000000000001e-09,8000000,0,12693.227517605672,0.59297267456564351,26513893.614245042,-44995.048870105456,1,66.639178431396658,16.637855718026959,26546122.36513336,-32228.750888317823,26513893.614245042,50000000,0,26558888.658490695,-4339361.8234076221
80084.094819878112,38825.466049542221,30645.139446903795,592972674.56564343,109943930.34395787,1.0000000000000001e-09,8000000,0,12691.867810738018,0.59297267456564351,26515944.188427806,-40925.87431301154,1,66.719923114904518,16.652421890588144,26546122.365133263,-30178.17670545727,26515944.188427806,50000000,0,26556870.058116417,-4203214.6283229552
79984.134483668924,38875.446217646815,30731.707637431777,592972674.56564343,109943930.34395787,1.0000000000000001e-09,8000000,0,12692.743075851184,0.59297267456564351,26515328.153601043,-43478.499066337412,1,66.583361082092111,16.717985318918952,26546122.365133412,-30794.211532369256,26515328.153601043,50000000,0,26558806.648042865,-4255595.7032880755
79884.174147459766,38925.426385751402,30818.275827959751,592972674.56564343,109943930.34395787,1.0000000000000001e-09,8000000,0,12692.146983274211,0.59297267456564351,26516268.299110603,-40623.087195604137,1,66.465000042130697,16.721881363937332,26546122.365133438,-29854.066022835672,26516268.299110603,50000000,0,26556891.381681804,-4177159.9529334684
79784.213811250578,38975.406553855988,30904.844018487729,592972674.56564343,109943930.34395787,1.0000000000000001e-09,8000000,0,12692.704433901139,0.59297267456564351,26513967.749718424,-44867.771476034482,1,66.565257361213682,16.709872256163656,26546122.365133341,-32154.615414917469,26513967.749718424,50000000,0,26558835.516569976,-4348863.1617597835
79684.25347504142,39025.386721960567,30991.412209015703,592972674.56564343,109943930.34395787,1.0000000000000001e-09,8000000,0,12692.280296930796,0.59297267456564351,26516235.652853075,-40870.088714157748,1,66.503467862485778,16.75850322935451,26546122.365133353,-29886.712280277163,26516235.652853075,50000000,0,26557105.736942802,-4199219.2919903519
79584.293138832232,39075.366890065154,31077.980399543678,592972674.56564343,109943930.34395787,1.0000000000000001e-09,8000000,0,12692.374344637159,0.59297267456564351,26515090.989401914,-43648.404684904184,1,66.386814114775134,16.770155049879808,26546122.365133345,-31031.375731430948,26515090.989401914,50000000,0,26558739.389462408,-4291513.005290594
79484.332802623059,39125.34705816974,31164.548590071656,592972674.56564343,109943930.34395787,1.0000000000000001e-09,8000000,0,12692.263950389428,0.59297267456564351,26515096.377928756,-42272.296306064447,1,66.451960706224042,16.749420103084855,26546122.365133241,-31025.987204484642,26515096.377928756,50000000,0,26557368.669610385,-4290259.4533989476
79384.372466413886,39175.327226274327,31251.11678059963,592972674.56564343,109943930.34395787,1.0000000000000001e-09,8000000,0,12692.874968557282,0.59297267456564351,26514015.841689434,-44729.42713537682,1,66.459508444365895,16.772365926087687,26546122.365133338,-32106.523443903774,26514015.841689434,50000000,0,26558745.264200345,-4378963.1683987798
79284.412130204728,39225.307394378913,31337.684971127608,592972674.56564343,109943930.34395787,1.0000000000000001e-09,8000000,0,12691.745740763385,0.59297267456564351,26515939.202285144,-41629.844084499353,1,66.369372947050394,16.777964853994945,26546122.365133546,-30183.162848401815,26515939.202285144,50000000,0,26557569.041745227,-4260235.1176186241
79184.451793995555,39275.2875624835,31424.253161655583,592972674.56564343,109943930.34395787,1.0000000000000001e-09,8000000,0,12692.935101944278,0.59297267456564351,26514152.637539893,-44526.86346462505,1,66.442448052884771,16.746533222590859,26546122.365133401,-31969.727593507618,26514152.637539893,50000000,0,26558679.496380087,-4389102.9598982846
79084.491457786382,39325.267730588086,31510.821352183564,592972674.56564343,109943930.34395787,1.0000000000000001e-09,8000000,0,12692.160210556547,0.59297267456564351,26514129.637208421,-43720.397322434546,1,66.476511929056485,16.759614655177607,26546122.365133405,-31992.727924983948,26514129.637208421,50000000,0,26557850.029906422,-4394472.780421529
78984.531121577194,39375.247898692673,31597.389542711542,592972674.56564343,109943930.34395787,1.0000000000000001e-09,8000000,0,12692.542166006891,0.59297267456564351,26514276.219539069,-44298.313728600566,1,66.403789440488964,16.754328993649104,26546122.365133449,-31846.145594380796,26514276.219539069,50000000,0,26558574.528643228,-4400209.5796029037
78884.570785368036,39425.228066797259,31683.957733239517,592972674.56564343,109943930.34395787,1.0000000000000001e-09,8000000,0,12692.33606483951,0.59297267456564351,26514688.647326294,-43325.917187139312,1,66.499827617409224,16.707268674706324,26546122.365133446,-31433.717807151377,26514688.647326294,50000000,0,26558014.559888914,-4386375.5048970114
78784.610449158863,39475.208234901846,31770.525923767495,592972674.56564343,109943930.34395787,1.0000000000000001e-09,8000000,0,12692.296477986811,0.59297267456564351,26512903.143533587,-45669.999888635619,1,66.585862410899438,16.701868866360606,26546122.36513336,-33219.221599772573,26512903.143533587,50000000,0,26558573.13879782,-4520710.0288380263
78684.65011294969,39525.188403006432,31857.094114295469,592972674.56564343,109943930.34395787,1.0000000000000001e-09,8000000,0,12692.7392081449,0.59297267456564351,26512979.376500353,-45256.968963895197,1,66.516747089478969,16.702718977632923,26546122.365133408,-33142.98863305524,26512979.376500353,50000000,0,26558236.340839799,-4522222.3874851223
78584.689776740517,39575.168571111019,31943.662304823451,592972674.56564343,109943930.34395787,1.0000000000000001e-09,8000000,0,12692.092559191631,0.59297267456564351,26513529.621509101,-44849.085984967693,1,66.598601741200611,16.643292780232535,26546122.365133218,-32592.743624117225,26513529.621509101,50000000,0,26558378.702869654,-4514442.5344628431
78484.729440531344,39625.148739215605,32030.230495351429,592972674.56564343,109943930.34395787,1.0000000000000001e-09,8000000,0,12692.464457545604,0.59297267456564351,26512037.683275539,-46363.522789565483,1,66.742062737688045,16.627900849199193,26546122.365133457,-34084.681857917458,26512037.683275539,50000000,0,26558401.201440662,-4622040.8211181713
78384.769104322171,39675.128907320192,32116.798685879403,592972674.56564343,109943930.34395787,1.0000000000000001e-09,8000000,0,12692.624764303082,0.59297267456564351,26511087.832872394,-46981.70938520752,1,66.658491987183638,16.640949737127322,26546122.365133334,-35034.532260939479,26511087.832872394,50000000,0,26558069.537633136,-4686069.053526015
78284.808768112998,39725.109075424778,32203.366876407381,592972674.56564343,109943930.34395787,1.0000000000000001e-09,8000000,0,12692.168276259668,0.59297267456564351,26511177.446746048,-47077.30672460558,1,66.699191340067998,16.584105919495467,26546122.365133464,-34944.91838741675,26511177.446746048,50000000,0,26558254.74884624,-4693826.6611544257
78184.848431903825,39775.089243529364,32289.935066935355,592972674.56564343,109943930.34395787,1.0000000000000001e-09,8000000,0,12692.43854905674,0.59297267456564351,26510928.636057466,-46549.878025309466,1,66.881268296764006,16.558523264382032,26546122.3651332,-35193.729075733572,26510928.636057466,50000000,0,26557478.509458289,-4702490.2544579264
78084.888095694652,39825.069411633951,32376.50325746333,592972674.56564343,109943930.34395787,1.0000000000000001e-09,8000000,0,12692.531620848122,0.59297267456564351,26508982.791631036,-48823.214427527681,1,66.792618127792991,16.589455798712098,26546122.365133446,-37139.573502410203,26508982.791631036,50000000,0,26557806.001434166,-4811798.8630029988
77984.927759485494,39875.049579738537,32463.071447991308,592972674.56564343,109943930.34395787,1.0000000000000001e-09,8000000,0,12692.335981396036,0.59297267456564351,26509337.250596039,-47016.087640325663,1,66.773287639320159,16.544729995679802,26546122.365133118,-36785.114537078887,26509337.250596039,50000000,0,26556353.333611894,-4714899.9385388158
77884.967423276321,39925.029747843117,32549.639638519282,592972674.56564343,109943930.34395787,1.0000000000000001e-09,8000000,0,12692.759757959338,0.59297267456564351,26510486.30408952,-46270.361460069085,1,66.960187444148744,16.515189297394457,26546122.365134209,-35636.061044689268,26510486.30408952,50000000,0,26556756.660925169,-4568669.004194662
77785.007087067148,39975.009915947703,32636.20782904726,592972674.56564343,109943930.34395787,1.0000000000000001e-09,8000000,0,12693.111240600398,0.59297267456564351,26512923.697985761,-41932.819526735388,1,66.885902370610083,16.567536775849383,26546122.365132138,-33198.667146377265,26512923.697985761,50000000,0,26554856.512888014,-4212832.6341427015
77685.04675085796,40024.990084052297,32722.776019575238,592972674.56564343,109943930.34395787,1.0000000000000001e-09,8000000,0,12697.404984139896,0.59297267456564351,26516777.553894714,-38868.444446120542,1,66.744805711694354,16.55304897023813,26546122.365131162,-29344.811236448586,26516777.553894714,50000000,0,26555645.993716378,-3767501.5103236469
77585.086414648802,40074.970252156876,32809.344210103212,592972674.56564343,109943930.34395787,1.0000000000000001e-09,8000000,0,12700.517804110805,0.59297267456564351,26525198.761846546,-28907.738307767388,1,66.930520411442899,16.525456390842521,26546122.365133215,-20923.603286668658,26525198.761846546,50000000,0,26554106.495529909,-2999791.6823549783
77485.126078439615,40124.950420261463,32895.91240063119,592972674.56564343,109943930.34395787,1.0000000000000001e-09,8000000,0,12703.308789759214,0.59297267456564351,26531025.021506153,-25511.576758528248,1,66.871519656538538,16.573359167510336,26546122.365132887,-15097.343626733869,26531025.021506153,50000000,0,26556536.593640242,-2526980.3918220941
77385.165742230456,40174.930588366056,32982.480591159176,592972674.56564343,109943930.34395787,1.0000000000000001e-09,8000000,0,12706.175073267506,0.59297267456564351,26536206.427463301,-20712.090585408405,1,66.741939571997946,16.590379517908072,26546122.365134638,-9915.9376713372767,26536206.427463301,50000000,0,26556918.513424274,-2255100.5408427203
77285.205406021269,40224.910756470636,33069.048781687146,592972674.56564343,109943930.34395787,1.0000000000000001e-09,8000000,0,12710.080521764052,0.59297267456564351,26534811.207102124,-27119.507275128286,1,66.796324294432395,16.578384810365144,26546122.365128513,-11311.158026389778,26534811.207102124,50000000,0,26561930.709752806,-2731224.0800581453
77185.245069812096,40274.890924575229,33155.616972215124,592972674.56564343,109943930.34395787,1.0000000000000001e-09,8000000,0,12700.950805767232,0.59297267456564351,26527734.134705734,-34751.228215069568,1,66.794001270485424,16.629867426027971,26546122.365125515,-18388.230419781059,26527734.134705734,50000000,0,26562485.358296391,-3604279.7436231687
77085.284733602952,40324.871092679808,33242.185162743095,592972674.56564343,109943930.34395787,1.0000000000000001e-09,8000000,0,12693.414997137234,0.59297267456564351,26514419.623762168,-50121.177352006831,1,66.594470091361814,16.674904612816839,26546122.36513618,-31702.741374012083,26514419.623762168,50000000,0,26564540.796489794,-4782167.7304456029
76985.32439739375,40374.851260784395,33328.75335327108,592972674.56564343,109943930.34395787,1.0000000000000001e-09,8000000,0,12691.875491262987,0.59297267456564351,26509731.795564268,-51962.28622257313,1,66.626382115427333,16.653472757920721,26546122.365132954,-36390.569568686187,26509731.795564268,50000000,0,26561694.077162363,-5231156.2869738359
76885.364061184577,40424.831428888989,33415.321543799058,592972674.56564343,109943930.34395787,1.0000000000000001e-09,8000000,0,12693.123249281507,0.59297267456564351,26506871.53335372,-56044.244444256983,1,66.667143250805253,16.689921447806206,26546122.365133375,-39250.831779655069,26506871.53335372,50000000,0,26562915.773173634,-5448099.1505500088
76785.403724975404,40474.811596993568,33501.889734327029,592972674.56564343,109943930.34395787,1.0000000000000001e-09,8000000,0,12691.518111369916,0.59297267456564351,26509183.980528459,-50715.454976928035,1,66.492301589121681,16.736846344019899,26546122.365133479,-36938.384605020285,26509183.980528459,50000000,0,26559899.43088096,-5230310.7162320195
76685.443388766245,40524.791765098154,33588.457924855007,592972674.56564343,109943930.34395787,1.0000000000000001e-09,8000000,0,12693.157174754166,0.59297267456564351,26506396.63448409,-55132.808913550187,1,66.484062647570866,16.722094733563726,26546122.365133539,-39725.730649448931,26506396.63448409,50000000,0,26561529.438773166,-5347661.2496797144
76585.483052557058,40574.771933202741,33675.026115382985,592972674.56564343,109943930.34395787,1.0000000000000001e-09,8000000,0,12691.91060467062,0.59297267456564351,26509017.288513701,-49837.736479631712,1,66.537234004938824,16.738795708781186,26546122.365133427,-37105.076619725674,26509017.288513701,50000000,0,26558855.020368956,-5108851.579842383
76485.522716347899,40624.752101307327,33761.594305910956,592972674.56564343,109943930.34395787,1.0000000000000001e-09,8000000,0,12692.698713346235,0.59297267456564351,26508765.218813006,-52025.86894491758,1,66.424126799477847,16.775780080041521,26546122.365133397,-37357.146320391446,26508765.218813006,50000000,0,26560791.083133414,-5088465.9814932523
76385.562380138712,40674.732269411914,33848.162496438941,592972674.56564343,109943930.34395787,1.0000000000000001e-09,8000000,0,12692.110149608816,0.59297267456564351,26510706.789109401,-47596.557210019586,1,66.396458701704404,16.762253911518911,26546122.365133513,-35415.57602411136,26510706.789109401,50000000,0,26558303.341695052,-4907032.0746769318
76285.602043929553,40724.7124375165,33934.730686966912,592972674.56564343,109943930.34395787,1.0000000000000001e-09,8000000,0,12692.797839285024,0.59297267456564351,26508417.959783893,-52141.835952320165,1,66.466084553325317,16.760985629250641,26546122.365133353,-37704.405349459499,26508417.959783893,50000000,0,26560559.791111726,-5047244.6312144492
76185.641707720381,40774.692605621087,34021.29887749489,592972674.56564343,109943930.34395787,1.0000000000000001e-09,8000000,0,12692.14039480171,0.59297267456564351,26511414.150881473,-46760.697378419944,1,66.399885703437093,16.783411470811373,26546122.365133371,-34708.214251898229,26511414.150881473,50000000,0,26558174.843635458,-4820818.0168336648
76085.681371511208,40824.672773725673,34107.867068022868,592972674.56564343,109943930.34395787,1.0000000000000001e-09,8000000,0,12692.631559292349,0.59297267456564351,26510227.019843549,-50166.469068477396,1,66.39033496313219,16.755387901575045,26546122.365133453,-35895.345289904624,26510227.019843549,50000000,0,26560393.484287567,-4905532.9790052287
75985.721035302035,40874.65294183026,34194.435258550846,592972674.56564343,109943930.34395787,1.0000000000000001e-09,8000000,0,12691.998983582656,0.59297267456564351,26511120.437315349,-47158.578094931188,1,66.504400770343779,16.737839356933542,26546122.365133364,-35001.927818015218,26511120.437315349,50000000,0,26558279.010785859,-4830563.9372083619
75885.760699092862,40924.633109934846,34281.003449078824,592972674.56564343,109943930.34395787,1.0000000000000001e-09,8000000,0,12693.099815645473,0.59297267456564351,26509378.304066654,-51007.318968868989,1,66.453326360389184,16.758491301926529,26546122.365133516,-36744.061066862196,26509378.304066654,50000000,0,26560385.618411034,-4949401.2360367151
75785.800362883703,40974.613278039433,34367.571639606795,592972674.56564343,109943930.34395787,1.0000000000000001e-09,8000000,0,12691.565780893998,0.59297267456564351,26512377.48952831,-45974.455784516853,1,66.434686389419568,16.721963348586094,26546122.36513368,-33744.875605370849,26512377.48952831,50000000,0,26558351.940688379,-4748721.2532757837
75685.840026674501,41024.593446144019,34454.13983013478,592972674.56564343,109943930.34395787,1.0000000000000001e-09,8000000,0,12693.048785633227,0.59297267456564351,26510140.695846424,-50210.431187422735,1,66.598261777038317,16.677635941792367,26546122.36513336,-35981.669286936522,26510140.695846424,50000000,0,26560351.122409411,-4905530.0119198002
75585.879690465343,41074.573614248606,34540.708020662758,592972674.56564343,109943930.34395787,1.0000000000000001e-09,8000000,0,12692.054933221038,0.59297267456564351,26510989.529322319,-47537.877066572073,1,66.599061874524409,16.699974830259073,26546122.365133461,-35132.835811141878,26510989.529322319,50000000,0,26558527.401764471,-4834946.4923881749
75485.91935425617,41124.553782353192,34627.276211190729,592972674.56564343,109943930.34395787,1.0000000000000001e-09,8000000,0,12692.699226948902,0.59297267456564351,26510467.598664936,-49795.116033168975,1,66.523424454787175,16.673287601748932,26546122.365133319,-35654.766468383372,26510467.598664936,50000000,0,26560262.710073683,-4881596.7202154072
75385.959018046997,41174.533950457779,34713.844401718714,592972674.56564343,109943930.34395787,1.0000000000000001e-09,8000000,0,12692.178687514197,0.59297267456564351,26512142.180573698,-46491.954591397698,1,66.700731206087568,16.607659403222812,26546122.36513342,-33980.1845597215,26512142.180573698,50000000,0,26558634.130540684,-4772571.5381431896
75285.998681837824,41224.514118562365,34800.412592246685,592972674.56564343,109943930.34395787,1.0000000000000001e-09,8000000,0,12692.536469259107,0.59297267456564351,26509675.517689474,-50655.896805663207,1,66.780693686321243,16.61540819002175,26546122.365133446,-36446.847443971783,26509675.517689474,50000000,0,26560331.409870699,-4953016.5568259992
75186.038345628651,41274.494286666944,34886.980782774655,592972674.56564343,109943930.34395787,1.0000000000000001e-09,8000000,0,12692.4541468719,0.59297267456564351,26510799.051074948,-48031.205304744741,1,66.671859514670686,16.617413894752154,26546122.365133364,-35323.314058415592,26510799.051074948,50000000,0,26558830.251755241,-4864753.746882786
75086.078009419492,41324.474454771538,34973.548973302633,592972674.56564343,109943930.34395787,1.0000000000000001e-09,8000000,0,12692.426144285813,0.59297267456564351,26510858.583736923,-49391.29379728721,1,66.781644864420144,16.551494446083886,26546122.365133215,-35263.78139629215,26510858.583736923,50000000,0,26560249.872909758,-4895719.7772854418
74986.117673210305,41374.454622876117,35060.117163830611,592972674.56564343,109943930.34395787,1.0000000000000001e-09,8000000,0,12692.083221270386,0.59297267456564351,26510833.329139005,-48281.653340196579,1,66.921054441055162,16.555108658119124,26546122.365133323,-35289.035994317383,26510833.329139005,50000000,0,26559114.977854781,-4885921.0230237739
74886.157337001132,41424.434790980711,35146.685354358589,592972674.56564343,109943930.34395787,1.0000000000000001e-09,8000000,0,12692.941507573081,0.59297267456564351,26509522.46933347,-50580.286947193294,1,66.775263174597399,16.576730663171023,26546122.365133371,-36599.895799901336,26509522.46933347,50000000,0,26560102.751656167,-4986206.2343048686
74786.197000791974,41474.41495908529,35233.25354488656,592972674.56564343,109943930.34395787,1.0000000000000001e-09,8000000,0,12691.944861890179,0.59297267456564351,26510501.553244077,-48826.651115049128,1,66.839881414689415,16.534989676653751,26546122.365133312,-35620.81188923493,26510501.553244077,50000000,0,26559328.199734714,-4916041.7589329947
74686.236664582786,41524.395127189877,35319.821735414545,592972674.56564343,109943930.34395787,1.0000000000000001e-09,8000000,0,12692.639327043564,0.59297267456564351,26510764.44924945,-49230.051596978425,1,66.934949638815752,16.535195673525966,26546122.365133304,-35357.915883854032,26510764.44924945,50000000,0,26559994.496222004,-4925204.9479312608
74586.276328373613,41574.375295294471,35406.389925942523,592972674.56564343,109943930.34395787,1.0000000000000001e-09,8000000,0,12692.338966390376,0.59297267456564351,26509792.293308925,-49751.195430690452,1,66.837399423484158,16.570919290103582,26546122.365133353,-36330.071824427694,26509792.293308925,50000000,0,26559543.484115139,-4975472.195543902
74486.315992164455,41624.35546339905,35492.958116470494,592972674.56564343,109943930.34395787,1.0000000000000001e-09,8000000,0,12692.447355661494,0.59297267456564351,26509427.27978611,-50462.085049958601,1,66.804004375099055,16.554952783399337,26546122.365133315,-36695.0853472054,26509427.27978611,50000000,0,26559889.360211615,-5015567.0535133108
74386.355655955267,41674.335631503644,35579.526306998472,592972674.56564343,109943930.34395787,1.0000000000000001e-09,8000000,0,12692.543884798737,0.59297267456564351,26510252.116927192,-49536.514523523954,1,66.886512053101285,16.564124711966677,26546122.365133364,-35870.248206172138,26510252.116927192,50000000,0,26559788.626826301,-4974954.9215412019
74286.395319746109,41724.315799608223,35666.09449752645,592972674.56564343,109943930.34395787,1.0000000000000001e-09,8000000,0,12692.074202014013,0.59297267456564351,26509882.542039495,-49880.861488807568,1,66.772091881693385,16.610078811252009,26546122.365133196,-36239.823093701154,26509882.542039495,50000000,0,26559763.398903869,-5005098.6868039714
74186.434983536921,41774.295967712809,35752.662688054428,592972674.56564343,109943930.34395787,1.0000000000000001e-09,8000000,0,12692.773776842834,0.59297267456564351,26508596.854090512,-51409.763052600872,1,66.708337509532996,16.604531178457925,26546122.365133483,-37525.511042971164,26508596.854090512,50000000,0,26560006.612518664,-5096635.0998059679
74086.474647327763,41824.276135817403,35839.230878582406,592972674.56564343,109943930.34395787,1.0000000000000001e-09,8000000,0,12692.296669543475,0.59297267456564351,26509184.829563633,-50507.311847126584,1,66.786982423342309,16.618485587178487,26546122.365133196,-36937.535569563508,26509184.829563633,50000000,0,26559692.136786293,-5071969.3517035572
73986.514311118575,41874.256303921982,35925.799069110384,592972674.56564343,109943930.34395787,1.0000000000000001e-09,8000000,0,12692.235210235935,0.59297267456564351,26509411.924207844,-50853.213140384738,1,66.649759947632077,16.673356349510012,26546122.365133356,-36710.440925512463,26509411.924207844,50000000,0,26560265.132723764,-5077400.8335244795
73886.553974909402,41924.236472026576,36012.367259638362,592972674.56564343,109943930.34395787,1.0000000000000001e-09,8000000,0,12692.591859586017,0.59297267456564351,26508637.744319472,-50901.050357410852,1,66.582405745929066,16.673199026915849,26546122.365133315,-37484.620813842863,26508637.744319472,50000000,0,26559538.790052466,-5121838.0938580614
73786.593638700244,41974.216640131155,36098.935450166333,592972674.56564343,109943930.34395787,1.0000000000000001e-09,8000000,0,12692.412952411845,0.59297267456564351,26507460.635127459,-53068.997762897678,1,66.637625296540349,16.682021578879191,26546122.365133405,-38661.73000594601,26507460.635127459,50000000,0,26560529.628265917,-5225877.3867992954
73686.633302491071,42024.196808235742,36185.503640694311,592972674.56564343,109943930.34395787,1.0000000000000001e-09,8000000,0,12692.239784852714,0.59297267456564351,26509067.790566266,-50401.688533284796,1,66.54827359645121,16.734168367917238,26546122.365133327,-37054.574567060918,26509067.790566266,50000000,0,26559469.474475142,-5129389.0518623227
73586.672966281883,42074.176976340328,36272.071831222289,592972674.56564343,109943930.34395787,1.0000000000000001e-09,8000000,0,12692.633007814542,0.59297267456564351,26507513.207867634,-53181.341803768519,1,66.435937237691235,16.744137081487729,26546122.365133297,-38609.157265663147,26507513.207867634,50000000,0,26560694.545046922,-5254637.5654023308
73486.712630072725,42124.157144444915,36358.64002175026,592972674.56564343,109943930.34395787,1.0000000000000001e-09,8000000,0,12692.086123611554,0.59297267456564351,26507124.78351929,-52439.545429810431,1,66.508056747292756,16.729941577141869,26546122.365133364,-38997.581614073366,26507124.78351929,50000000,0,26559564.324324708,-5299416.2309406064
73386.752293863552,42174.137312549501,36445.208212278238,592972674.56564343,109943930.34395787,1.0000000000000001e-09,8000000,0,12693.021488329008,0.59297267456564351,26506029.522560805,-55068.231177300768,1,66.477044393970942,16.768004056147074,26546122.365133554,-40092.842572748661,26506029.522560805,50000000,0,26561097.74911366,-5414702.1496967757
73286.791957654379,42224.117480654088,36531.776402806223,592972674.56564343,109943930.34395787,1.0000000000000001e-09,8000000,0,12691.637328287354,0.59297267456564351,26507449.275916003,-52279.231727161241,1,66.373386471001822,16.775615388322091,26546122.365133509,-38673.089217506349,26507449.275916003,50000000,0,26559728.503018729,-5355850.2292286465
73186.831621445206,42274.097648758674,36618.344593334194,592972674.56564343,109943930.34395787,1.0000000000000001e-09,8000000,0,12692.997098235141,0.59297267456564351,26504310.081856694,-57375.913274628365,1,66.44381140751922,16.752088228695555,26546122.365133457,-41812.283276762813,26504310.081856694,50000000,0,26561685.990506902,-5614321.1552331867
73086.871285236033,42324.077816863261,36704.912783862172,592972674.56564343,109943930.34395787,1.0000000000000001e-09,8000000,0,12692.130977552479,0.59297267456564351,26505081.178594261,-55218.817940753434,1,66.455287302260729,16.773097060229706,26546122.365133367,-41041.186539106071,26505081.178594261,50000000,0,26560299.991910558,-5611507.5071393047
72986.91094902686,42374.057984967847,36791.48097439015,592972674.56564343,109943930.34395787,1.0000000000000001e-09,8000000,0,12692.498755562669,0.59297267456564351,26504157.169136584,-58472.131383666885,1,66.369668075810551,16.775804368028538,26546122.365133338,-41965.195996753871,26504157.169136584,50000000,0,26562629.29589583,-5742551.442468768
72886.950612817687,42424.038153072433,36878.049164918128,592972674.56564343,109943930.34395787,1.0000000000000001e-09,8000000,0,12692.224409950504,0.59297267456564351,26505516.191272981,-55769.897970510792,1,66.451337154488883,16.733506977726069,26546122.365133535,-40606.173860553652,26505516.191272981,50000000,0,26561286.084619034,-5690995.5959554575
72786.990276608514,42474.01832117702,36964.617355446106,592972674.56564343,109943930.34395787,1.0000000000000001e-09,8000000,0,12692.659897333606,0.59297267456564351,26504100.41990532,-60005.010731348164,1,66.523232685394404,16.740099472512831,26546122.36513323,-42021.945227909833,26504100.41990532,50000000,0,26564105.42601224,-5792368.9610279594
72687.029940399341,42523.998489281606,37051.185545974084,592972674.56564343,109943930.34395787,1.0000000000000001e-09,8000000,0,12692.69920047875,0.59297267456564351,26510653.56443036,-51816.639109258402,1,66.430584888743923,16.743841141375711,26546122.365133014,-35468.800702653825,26510653.56443036,50000000,0,26562470.198915195,-5231194.6768563874
72587.069604190154,42573.978657386193,37137.753736502062,592972674.56564343,109943930.34395787,1.0000000000000001e-09,8000000,0,12698.974105290868,0.59297267456564351,26517760.115499213,-46852.760889426645,1,66.508155538743949,16.685830478845215,26546122.365141232,-28362.249642018229,26517760.115499213,50000000,0,26564612.871764164,-4555605.395286168
72487.109267980995,42623.958825490779,37224.321927030032,592972674.56564343,109943930.34395787,1.0000000000000001e-09,8000000,0,12705.807634246245,0.59297267456564351,26526434.476285428,-34274.896513677333,1,66.639953475437736,16.661388380023183,26546122.365132194,-19687.888846766204,26526434.476285428,50000000,0,26560709.368174709,-3672412.8416522415
72387.148931771822,42673.938993595366,37310.89011755801,592972674.56564343,109943930.34395787,1.0000000000000001e-09,8000000,0,12705.107183214688,0.59297267456564351,26524292.398998216,-36405.01578282367,1,66.616251981487423,16.673896004481069,26546122.365131833,-21829.966133616865,26524292.398998216,50000000,0,26560697.410156582,-3566850.9438431519
72287.188595562649,42723.919161699952,37397.458308085988,592972674.56564343,109943930.34395787,1.0000000000000001e-09,8000000,0,12699.911727557144,0.59297267456564351,26522657.849799003,-34222.228350933183,1,66.599470433198334,16.634006303674266,26546122.365133308,-23464.515334304422,26522657.849799003,50000000,0,26556880.073525507,-3630025.1992755015
72187.228259353491,42773.899329804532,37484.026498613959,592972674.56564343,109943930.34395787,1.0000000000000001e-09,8000000,0,12698.592293441516,0.59297267456564351,26513941.911603738,-44717.397196775637,1,66.772572773078807,16.594650825903216,26546122.365133829,-32180.453530091792,26513941.911603738,50000000,0,26558659.30417604,-4331017.564649215
72087.267923144303,42823.879497909125,37570.594689141937,592972674.56564343,109943930.34395787,1.0000000000000001e-09,8000000,0,12694.24406618389,0.59297267456564351,26509746.169705696,-46754.171095818259,1,66.730872047485079,16.612222016274881,26546122.365133997,-36376.195428300649,26509746.169705696,50000000,0,26556500.336177122,-4766952.0050090458
71987.307586935145,42873.859666013705,37657.162879669915,592972674.56564343,109943930.34395787,1.0000000000000001e-09,8000000,0,12693.755863233859,0.59297267456564351,26504692.502470475,-54474.0976082247,1,66.736774806385384,16.579250556714619,26546122.365133449,-41429.862662974745,26504692.502470475,50000000,0,26559166.595454201,-5276588.6266269861
71887.347250725958,42923.839834118291,37743.731070197893,592972674.56564343,109943930.34395787,1.0000000000000001e-09,8000000,0,12691.820742622036,0.59297267456564351,26505363.065764941,-52141.824407442225,1,66.857481011805845,16.551295538808347,26546122.36513282,-40759.299367878586,26505363.065764941,50000000,0,26557504.885548003,-5354737.2275523227
71787.386914516785,42973.820002222885,37830.299260725871,592972674.56564343,109943930.34395787,1.0000000000000001e-09,8000000,0,12692.790572843938,0.59297267456564351,26501918.004668295,-58335.402020298228,1,66.849788174335004,16.568553884313395,26546122.365133509,-44204.360465213656,26501918.004668295,50000000,0,26560253.402064092,-5671186.5512056919
71687.426578307612,43023.800170327464,37916.867451253849,592972674.56564343,109943930.34395787,1.0000000000000001e-09,8000000,0,12692.182993508353,0.59297267456564351,26503689.387162417,-54830.526775421204,1,66.796556957907882,16.553951675974048,26546122.365133334,-42432.977970916778,26503689.387162417,50000000,0,26558519.909313381,-5586079.548709156
71587.466242098439,43073.780338432058,38003.435641781827,592972674.56564343,109943930.34395787,1.0000000000000001e-09,8000000,0,12692.737689593212,0.59297267456564351,26503157.412647344,-57814.346140401605,1,66.906775613772211,16.533620085934949,26546122.365133345,-42964.952486000955,26503157.412647344,50000000,0,26560971.754163284,-5674368.2290294832
71487.50590588928,43123.760506536637,38090.003832309798,592972674.56564343,109943930.34395787,1.0000000000000001e-09,8000000,0,12691.766386551608,0.59297267456564351,26504878.335986748,-54345.923595554865,1,66.868790327094942,16.569268857732496,26546122.365133196,-41244.029146447778,26504878.335986748,50000000,0,26559224.254957873,-5558830.4857123289
71387.545569680107,43173.740674641223,38176.572022837776,592972674.56564343,109943930.34395787,1.0000000000000001e-09,8000000,0,12693.163457428951,0.59297267456564351,26502776.333408665,-58475.958679042393,1,66.77718969970995,16.563940966749684,26546122.365133282,-43346.031724616885,26502776.333408665,50000000,0,26561252.287463285,-5712788.3022647342
71287.58523347092,43223.720842745817,38263.140213365761,592972674.56564343,109943930.34395787,1.0000000000000001e-09,8000000,0,12691.806587729181,0.59297267456564351,26504808.958001442,-54785.023632177974,1,66.883105584264129,16.555922444177533,26546122.365133181,-41313.407131738961,26504808.958001442,50000000,0,26559593.977009159,-5570877.8778800899
71187.624897261761,43273.701010850396,38349.708403893732,592972674.56564343,109943930.34395787,1.0000000000000001e-09,8000000,0,12692.765582055872,0.59297267456564351,26504704.681742005,-56662.08171015478,1,66.804875302338957,16.605087736998431,26546122.365133379,-41417.683391373605,26504704.681742005,50000000,0,26561366.75882775,-5601407.5053507527
71087.664561052574,43323.681178954983,38436.27659442171,592972674.56564343,109943930.34395787,1.0000000000000001e-09,8000000,0,12692.188550272342,0.59297267456564351,26505037.653805949,-54747.533670091747,1,66.691413708230286,16.620802096445072,26546122.3651333,-41084.71132735163,26505037.653805949,50000000,0,26559785.182851572,-5550700.2799568539
70987.704224843415,43373.661347059569,38522.844784949688,592972674.56564343,109943930.34395787,1.0000000000000001e-09,8000000,0,12692.64458623053,0.59297267456564351,26503686.389191546,-57676.580151714836,1,66.746628539515015,16.608737801728054,26546122.365133371,-42435.975941825658,26503686.389191546,50000000,0,26561362.964718807,-5664040.3836470488
70887.743888634228,43423.641515164156,38609.412975477666,592972674.56564343,109943930.34395787,1.0000000000000001e-09,8000000,0,12692.368688908859,0.59297267456564351,26505600.835247938,-54451.771183829522,1,66.725838657763333,16.663790390919402,26546122.365133319,-40521.52988538146,26505600.835247938,50000000,0,26560052.601807352,-5531198.6139884563
70787.78355242507,43473.621683268742,38695.981166005637,592972674.56564343,109943930.34395787,1.0000000000000001e-09,8000000,0,12692.270141367011,0.59297267456564351,26504786.709334068,-56405.13330141316,1,66.539387271980345,16.697689894613969,26546122.365133278,-41335.655799210072,26504786.709334068,50000000,0,26561191.838011026,-5594963.6930317394
70687.823216215897,43523.601851373329,38782.549356533615,592972674.56564343,109943930.34395787,1.0000000000000001e-09,8000000,0,12692.483728901541,0.59297267456564351,26504318.634754211,-55961.500581053668,1,66.590390142664347,16.67596956627181,26546122.365133535,-41803.730379324406,26504318.634754211,50000000,0,26560280.130710829,-5619035.0054268753
70587.862880006724,43573.582019477915,38869.117547061593,592972674.56564343,109943930.34395787,1.0000000000000001e-09,8000000,0,12692.665853242795,0.59297267456564351,26504114.641447634,-57010.263820405773,1,66.616231289958307,16.711247865596857,26546122.365133241,-42007.723685607314,26504114.641447634,50000000,0,26561124.900643591,-5649442.1981186811
70487.902543797551,43623.562187582502,38955.685737589571,592972674.56564343,109943930.34395787,1.0000000000000001e-09,8000000,0,12691.89599866539,0.59297267456564351,26505481.839528233,-54958.253529060014,1,66.45550933499301,16.758983213442644,26546122.365133565,-40640.525605332106,26505481.839528233,50000000,0,26560440.088432863,-5560003.790121316
70387.942207588378,43673.542355687088,39042.253928117541,592972674.56564343,109943930.34395787,1.0000000000000001e-09,8000000,0,12692.862123648603,0.59297267456564351,26503979.081078038,-56985.104521976966,1,66.434238375526462,16.740866573726251,26546122.36513339,-42143.284055352211,26503979.081078038,50000000,0,26560964.180975568,-5658229.6967167249
70287.98187137919,43723.522523791675,39128.822118645527,592972674.56564343,109943930.34395787,1.0000000000000001e-09,8000000,0,12692.205428509047,0.59297267456564351,26503821.18704896,-56832.376420045912,1,66.509601311417967,16.74977490673508,26546122.365133464,-42301.178084503859,26503821.18704896,50000000,0,26560653.558844574,-5675114.1131231962
70188.021535170032,43773.502691896261,39215.390309173497,592972674.56564343,109943930.34395787,1.0000000000000001e-09,8000000,0,12692.450372919418,0.59297267456564351,26504597.347620156,-56193.912431311495,1,66.407406709118305,16.783660042019566,26546122.365133248,-41525.017513092607,26504597.347620156,50000000,0,26560791.255426973,-5629377.7697638236
70088.061198960859,43823.482860000848,39301.958499701475,592972674.56564343,109943930.34395787,1.0000000000000001e-09,8000000,0,12692.430507111505,0.59297267456564351,26504399.498129942,-56349.822240365858,1,66.378528840004265,16.767840290004692,26546122.365133416,-41722.867003474385,26504399.498129942,50000000,0,26560749.315745886,-5646521.2684112135
69988.100862751686,43873.463028105434,39388.526690229461,592972674.56564343,109943930.34395787,1.0000000000000001e-09,8000000,0,12692.243704316266,0.59297267456564351,26503290.57506321,-57429.187561850034,1,66.467367128435313,16.755129052214972,26546122.365133472,-42831.790070261806,26503290.57506321,50000000,0,26560719.75800062,-5727284.6819433756
69888.140526542513,43923.443196210021,39475.094880757431,592972674.56564343,109943930.34395787,1.0000000000000001e-09,8000000,0,12692.828454235827,0.59297267456564351,26503355.082066767,-57609.402212148583,1,66.418293945586001,16.776623495170192,26546122.365133334,-42767.283066567034,26503355.082066767,50000000,0,26560964.479654487,-5731246.4083512882
69788.18019033334,43973.423364314607,39561.663071285409,592972674.56564343,109943930.34395787,1.0000000000000001e-09,8000000,0,12691.896198283326,0.59297267456564351,26504350.850159645,-56190.970102180938,1,66.400641232766063,16.748654886710465,26546122.365133408,-41771.514973763376,26504350.850159645,50000000,0,26560541.815637354,-5677534.9886122942
69688.219854124181,44023.403532419194,39648.23126181338,592972674.56564343,109943930.34395787,1.0000000000000001e-09,8000000,0,12692.699004208665,0.59297267456564351,26502664.979215935,-58507.820375401847,1,66.52282479061229,16.720306096571676,26546122.3651333,-43457.385917365551,26502664.979215935,50000000,0,26561172.79496694,-5798766.4128463278
69588.259517914994,44073.38370052378,39734.799452341365,592972674.56564343,109943930.34395787,1.0000000000000001e-09,8000000,0,12692.442432069645,0.59297267456564351,26502689.954189524,-57746.416696278866,1,66.505891165251299,16.735096325335881,26546122.365133412,-43432.410943888128,26502689.954189524,50000000,0,26560436.366261307,-5796015.4872493837
69488.299181705821,44123.363868628367,39821.367642869343,592972674.56564343,109943930.34395787,1.0000000000000001e-09,8000000,0,12692.247871693025,0.59297267456564351,26502908.66705142,-58396.43217732387,1,66.473439376392946,16.706920975510513,26546122.365133323,-43213.69808190316,26502908.66705142,50000000,0,26561305.094604261,-5799164.8953940123
69388.338845496663,44173.344036732946,39907.935833397307,592972674.56564343,109943930.34395787,1.0000000000000001e-09,8000000,0,12692.377677204773,0.59297267456564351,26503344.896057013,-56920.204315072027,1,66.621297348112591,16.660765881734669,26546122.365133338,-42777.469076324254,26503344.896057013,50000000,0,26560265.095747676,-5770552.3683973625
69288.378509287475,44223.324204837532,39994.504023925292,592972674.56564343,109943930.34395787,1.0000000000000001e-09,8000000,0,12692.658289834508,0.59297267456564351,26501328.47281713,-60191.106524624345,1,66.642495047423409,16.670032451944529,26546122.365133386,-44793.892316255718,26501328.47281713,50000000,0,26561519.574717294,-5909742.6695796233
69188.418173078317,44273.304372942119,40081.072214453263,592972674.56564343,109943930.34395787,1.0000000000000001e-09,8000000,0,12692.060028671383,0.59297267456564351,26503039.804304626,-56995.867033759852,1,66.598060143788572,16.645507721021328,26546122.365133472,-43082.560828845948,26503039.804304626,50000000,0,26560035.666713923,-5769104.895457319
69088.457836869144,44323.284541046705,40167.640404981241,592972674.56564343,109943930.34395787,1.0000000000000001e-09,8000000,0,12693.386296032886,0.59297267456564351,26503229.328718994,-58268.154505542145,1,66.733659681412448,16.591862750285273,26546122.365133032,-42893.03641403839,26503229.328718994,50000000,0,26561497.478600174,-5759792.8275939682
68988.497500659956,44373.264709151299,40254.208595509226,592972674.56564343,109943930.34395787,1.0000000000000001e-09,8000000,0,12693.790319524378,0.59297267456564351,26504163.933960013,-55606.805797892834,1,66.796444974808253,16.597414945342784,26546122.36513377,-41958.431173756719,26504163.933960013,50000000,0,26559770.73513335,-5667821.7406840045
68888.537164450798,44423.244877255878,40340.776786037197,592972674.56564343,109943930.34395787,1.0000000000000001e-09,8000000,0,12694.922774764125,0.59297267456564351,26501803.208477624,-59449.473183696267,1,66.708789026886194,16.589758232460081,26546122.365132339,-44319.156654715538,26501803.208477624,50000000,0,26561252.677036986,-5820186.2836897559
68788.57682824161,44473.225045360465,40427.344976565175,592972674.56564343,109943930.34395787,1.0000000000000001e-09,8000000,0,12691.597692852951,0.59297267456564351,26503139.767577238,-56146.369142607364,1,66.849538648673871,16.535974926602712,26546122.365132708,-42982.597555469722,26503139.767577238,50000000,0,26559286.132095374,-5741132.7919392288
68688.616492032452,44523.205213465051,40513.913167093146,592972674.56564343,109943930.34395787,1.0000000000000001e-09,8000000,0,12692.861226903753,0.59297267456564351,26500443.91961398,-60566.222145264772,1,66.916897332247572,16.556200775641106,26546122.365133647,-45678.445519667119,26500443.91961398,50000000,0,26561010.137134809,-5922654.9382735584
68588.656155823264,44573.185381569638,40600.481357621131,592972674.56564343,109943930.34395787,1.0000000000000001e-09,8000000,0,12691.939725920618,0.59297267456564351,26501926.067621294,-56855.81671610225,1,66.775745369169542,16.56573813659735,26546122.365133066,-44196.297511771321,26501926.067621294,50000000,0,26558781.879712917,-5775749.3816027185
68488.695819614091,44623.165549674231,40687.049548149109,592972674.56564343,109943930.34395787,1.0000000000000001e-09,8000000,0,12693.985830240332,0.59297267456564351,26501848.483872473,-58941.732611111751,1,66.879007491063078,16.521198960136608,26546122.365133502,-44273.881261028349,26501848.483872473,50000000,0,26560790.211859163,-5729635.0055320142
68388.735483404933,44673.145717778811,40773.61773867708,592972674.56564343,109943930.34395787,1.0000000000000001e-09,8000000,0,12693.5180063688,0.59297267456564351,26507480.53553969,-51195.549395460919,1,66.934548467704957,16.542075773412773,26546122.365132105,-38641.8295924142,26507480.53553969,50000000,0,26558676.080310728,-5278475.1329321843
68288.775147195745,44723.125885883397,40860.185929205065,592972674.56564343,109943930.34395787,1.0000000000000001e-09,8000000,0,12698.353922751347,0.59297267456564351,26508204.783297155,-53072.907601997191,1,66.77993747649333,16.589279105943699,26546122.365131933,-37917.58183477819,26508204.783297155,50000000,0,26561277.68627467,-5196042.1637259535
68188.814810986572,44773.106053987984,40946.754119733036,592972674.56564343,109943930.34395787,1.0000000000000001e-09,8000000,0,12700.507495639999,0.59297267456564351,26511175.841712352,-48522.666347765458,1,66.7704320847578,16.556305513451729,26546122.365131907,-34946.523419555277,26511175.841712352,50000000,0,26559698.503435694,-5072187.8401348069
68088.854474777414,44823.08622209257,41033.322310261014,592972674.56564343,109943930.34395787,1.0000000000000001e-09,8000000,0,12695.058658086104,0.59297267456564351,26505301.3586215,-57492.727724980796,1,66.914186612956598,16.569782362594434,26546122.365128141,-40821.006506640464,26505301.3586215,50000000,0,26562794.081721995,-5597883.5153388809
67988.894138568226,44873.066390197164,41119.890500788999,592972674.56564343,109943930.34395787,1.0000000000000001e-09,8000000,0,12691.12287393314,0.59297267456564351,26503512.858941905,-57179.285421367218,1,66.717532257234637,16.638872429521275,26546122.365134403,-42609.506192497909,26503512.858941905,50000000,0,26560692.139738835,-5836749.2864988847
67888.933802359068,44923.046558301743,41206.458691316962,592972674.56564343,109943930.34395787,1.0000000000000001e-09,8000000,0,12693.326668231646,0.59297267456564351,26498592.146513663,-64261.955589085846,1,66.652965422400143,16.62278927366091,26546122.365133192,-47530.218619529158,26498592.146513663,50000000,0,26562854.097478315,-6238035.6064390568
67788.973466149895,44973.02672640633,41293.02688184494,592972674.56564343,109943930.34395787,1.0000000000000001e-09,8000000,0,12691.775612741299,0.59297267456564351,26500131.619712342,-60362.123968958265,1,66.76803449385244,16.629410090100052,26546122.365133304,-45990.745420962572,26500131.619712342,50000000,0,26560493.739056777,-6152278.7187292054
67689.013129940722,45023.006894510916,41379.595072372918,592972674.56564343,109943930.34395787,1.0000000000000001e-09,8000000,0,12692.773658820966,0.59297267456564351,26499094.972817909,-63369.980755013836,1,66.627575707775136,16.699040670741468,26546122.365133479,-47027.392315570265,26499094.972817909,50000000,0,26562464.948948491,-6227566.9385427879
67589.052793731549,45072.987062615503,41466.163262900896,592972674.56564343,109943930.34395787,1.0000000000000001e-09,8000000,0,12692.114774551081,0.59297267456564351,26500077.50201245,-59979.028409307619,1,66.499417766209206,16.708291053553623,26546122.365133472,-46044.863121021539,26500077.50201245,50000000,0,26560056.525797296,-6124407.3174180808
67489.092457522376,45122.967230720089,41552.731453428874,592972674.56564343,109943930.34395787,1.0000000000000001e-09,8000000,0,12692.779424585942,0.59297267456564351,26497667.933474682,-64496.061304541901,1,66.58479464310112,16.697265512270899,26546122.365133286,-48454.431658603251,26497667.933474682,50000000,0,26562163.990154754,-6291142.3261040598
67389.132121313218,45172.947398824675,41639.299643956845,592972674.56564343,109943930.34395787,1.0000000000000001e-09,8000000,0,12692.166163176076,0.59297267456564351,26500342.78104423,-59562.942467993511,1,66.533603988106691,16.746401115985694,26546122.365133349,-45779.584089118987,26500342.78104423,50000000,0,26559905.718887772,-6094888.1906203572
67289.17178510403,45222.927566929262,41725.86783448483,592972674.56564343,109943930.34395787,1.0000000000000001e-09,8000000,0,12692.5312004601,0.59297267456564351,26498838.947195273,-63001.184354991943,1,66.403893041706141,16.763113647982955,26546122.365133323,-47283.417938049883,26498838.947195273,50000000,0,26561840.126925841,-6197373.5659890547
67189.211448894843,45272.907735033848,41812.436025012808,592972674.56564343,109943930.34395787,1.0000000000000001e-09,8000000,0,12692.137519704405,0.59297267456564351,26499290.611277845,-60632.216287829011,1,66.462089664368634,16.743367561189565,26546122.365133468,-46831.753855623305,26499290.611277845,50000000,0,26559922.822941259,-6152600.309029853
67089.251112685684,45322.887903138435,41899.004215540779,592972674.56564343,109943930.34395787,1.0000000000000001e-09,8000000,0,12692.975620600935,0.59297267456564351,26497986.293045614,-63712.422029796449,1,66.472339043456046,16.768873425286252,26546122.36513342,-48136.072087805718,26497986.293045614,50000000,0,26561698.710451003,-6248451.7097345851
66989.290776476497,45372.868071243021,41985.572406068764,592972674.56564343,109943930.34395787,1.0000000000000001e-09,8000000,0,12691.628575858616,0.59297267456564351,26500403.512855984,-59524.005138496235,1,66.371148967795875,16.778679369554709,26546122.365133572,-45718.852277588099,26500403.512855984,50000000,0,26559927.513370018,-6082539.5110952873
66889.330440267338,45422.848239347608,42072.140596596735,592972674.56564343,109943930.34395787,1.0000000000000001e-09,8000000,0,12693.05059357051,0.59297267456564351,26498140.447229099,-63382.661699938915,1,66.437623599572802,16.751489828938944,26546122.365133584,-47981.917904485017,26498140.447229099,50000000,0,26561523.104304537,-6234866.0248645255
66789.370104058165,45472.828407452194,42158.708787124713,592972674.56564343,109943930.34395787,1.0000000000000001e-09,8000000,0,12692.065239998699,0.59297267456564351,26498838.743834276,-61196.849806361482,1,66.463564249926549,16.767063120868766,26546122.365133453,-47283.621299177408,26498838.743834276,50000000,0,26560035.589016188,-6180424.5295097781
66689.409767848992,45522.808575556781,42245.276977652691,592972674.56564343,109943930.34395787,1.0000000000000001e-09,8000000,0,12692.639765588372,0.59297267456564351,26498620.603196669,-62700.888649096327,1,66.388119038349714,16.764735877813472,26546122.365133237,-47501.761936567724,26498620.603196669,50000000,0,26561321.487221338,-6202724.927690086
66589.44943163982,45572.788743661367,42331.845168180669,592972674.56564343,109943930.34395787,1.0000000000000001e-09,8000000,0,12692.229464753664,0.59297267456564351,26499586.104891181,-60486.453955052428,1,66.473744792496475,16.719161245155988,26546122.365133483,-46536.260242301971,26499586.104891181,50000000,0,26560072.554221798,-6139005.2166965818
66489.489095430647,45622.768911765954,42418.413358708647,592972674.56564343,109943930.34395787,1.0000000000000001e-09,8000000,0,12692.454674768345,0.59297267456564351,26497428.32625876,-63823.79235012213,1,66.56364620972802,16.717125019967163,26546122.36513314,-48694.038874380291,26497428.32625876,50000000,0,26561252.113984425,-6292862.3296868913
66389.528759221488,45672.74907987054,42504.981549236618,592972674.56564343,109943930.34395787,1.0000000000000001e-09,8000000,0,12692.56311156085,0.59297267456564351,26498415.678526435,-61806.992402932978,1,66.478855825553282,16.723069550205903,26546122.365133572,-47706.686607137322,26498415.678526435,50000000,0,26560222.666304935,-6220699.7024238482
66289.568423012301,45722.72924797512,42591.549739764596,592972674.56564343,109943930.34395787,1.0000000000000001e-09,8000000,0,12692.224565239812,0.59297267456564351,26498562.1997521,-62482.024986849341,1,66.554233396986049,16.657535807151461,26546122.365133282,-47560.165381181985,26498562.1997521,50000000,0,26561044.220114525,-6232204.4943784038
66189.608086803128,45772.709416079713,42678.117930292574,592972674.56564343,109943930.34395787,1.0000000000000001e-09,8000000,0,12692.328381029411,0.59297267456564351,26497978.435137667,-62443.725151559251,1,66.727693890610098,16.637220340996258,26546122.365133341,-48143.92999567464,26497978.435137667,50000000,0,26560422.155664824,-6271867.7192571005
66089.647750593969,45822.689584184292,42764.686120820545,592972674.56564343,109943930.34395787,1.0000000000000001e-09,8000000,0,12692.781005418818,0.59297267456564351,26496899.484286133,-63973.749918428672,1,66.634697786540784,16.659760274727869,26546122.365133341,-49222.880847208202,26496899.484286133,50000000,0,26560873.229580101,-6339482.7405168535
65989.687414384782,45872.669752288879,42851.25431134853,592972674.56564343,109943930.34395787,1.0000000000000001e-09,8000000,0,12691.998463693717,0.59297267456564351,26498226.910453063,-62289.085620619495,1,66.647582262198085,16.602858824546178,26546122.365133256,-47895.454680193216,26498226.910453063,50000000,0,26560515.99144927,-6262202.3920166316
65889.727078175609,45922.649920393473,42937.822501876508,592972674.56564343,109943930.34395787,1.0000000000000001e-09,8000000,0,12692.611394925705,0.59297267456564351,26497758.132848106,-62940.852994420609,1,66.859138036579125,16.564456900685588,26546122.365133271,-48364.232285164297,26497758.132848106,50000000,0,26560698.981218096,-6300095.8420222672
65789.76674196645,45972.630088498052,43024.390692404479,592972674.56564343,109943930.34395787,1.0000000000000001e-09,8000000,0,12692.40855903032,0.59297267456564351,26496855.420270145,-63856.471419553192,1,66.791675818271017,16.597122669688833,26546122.365133397,-49266.944863252342,26496855.420270145,50000000,0,26560711.887065228,-6363036.2109444579
65689.806405757263,46022.610256602646,43110.958882932457,592972674.56564343,109943930.34395787,1.0000000000000001e-09,8000000,0,12692.357788884197,0.59297267456564351,26496871.447534058,-63587.794539828639,1,66.744501290938274,16.56544441923884,26546122.365133468,-49250.917599409819,26496871.447534058,50000000,0,26560459.23744946,-6350772.5267881798
65589.846069548104,46072.590424707225,43197.527073460435,592972674.56564343,109943930.34395787,1.0000000000000001e-09,8000000,0,12692.605526099684,0.59297267456564351,26497664.596174553,-63191.978201147758,1,66.908844127424402,16.519570154944205,26546122.365133271,-48457.768958717585,26497664.596174553,50000000,0,26560856.569751278,-6331740.0999537762
65489.885733338924,46122.570592811811,43284.095263988413,592972674.56564343,109943930.34395787,1.0000000000000001e-09,8000000,0,12691.991815710102,0.59297267456564351,26496706.449241273,-63577.792542242853,1,66.926093699285119,16.556305685497993,26546122.365133289,-49415.915892016143,26496706.449241273,50000000,0,26560284.237159111,-6380321.5924399206
65389.925397129744,46172.550760916405,43370.663454516391,592972674.56564343,109943930.34395787,1.0000000000000001e-09,8000000,0,12692.932561941141,0.59297267456564351,26495687.194032025,-65316.743661463239,1,66.766588417620056,16.560915935711506,26546122.365133498,-50435.171101473272,26495687.194032025,50000000,0,26561003.933069017,-6462990.9848074326
65289.965060920578,46222.530929020984,43457.231645044369,592972674.56564343,109943930.34395787,1.0000000000000001e-09,8000000,0,12692.052958234772,0.59297267456564351,26496756.040869176,-63366.149548641515,1,66.909451119789409,16.523933061715979,26546122.365133476,-49366.324264299124,26496756.040869176,50000000,0,26560122.185793377,-6392564.4386405218
65190.004724711398,46272.511097125571,43543.799835572347,592972674.56564343,109943930.34395787,1.0000000000000001e-09,8000000,0,12692.455662567336,0.59297267456564351,26496363.615714103,-64819.01420165212,1,66.902382348414591,16.569184377004504,26546122.36513333,-49758.749419227242,26496363.615714103,50000000,0,26561182.625291288,-6443611.7557026213
65090.04438850224,46322.491265230157,43630.368026100317,592972674.56564343,109943930.34395787,1.0000000000000001e-09,8000000,0,12692.461808065334,0.59297267456564351,26495920.777585186,-63974.619781953043,1,66.742663538719071,16.591236572904624,26546122.365133159,-50201.587547972798,26495920.777585186,50000000,0,26559895.39274276,-6446994.8307416458
64990.084052293067,46372.471433334744,43716.936216628288,592972674.56564343,109943930.34395787,1.0000000000000001e-09,8000000,0,12692.48552816805,0.59297267456564351,26494791.007409412,-66490.529824402081,1,66.809841135561697,16.574915284554397,26546122.365133449,-51331.357724037021,26494791.007409412,50000000,0,26561281.532609355,-6545310.0940990252
64890.123716083886,46422.45160143933,43803.504407156273,592972674.56564343,109943930.34395787,1.0000000000000001e-09,8000000,0,12692.174260922104,0.59297267456564351,26496887.746764246,-62846.191981330172,1,66.803248391089056,16.616053651260362,26546122.365133386,-49234.618369139731,26496887.746764246,50000000,0,26559733.934121121,-6404762.1938554095
64790.163379874721,46472.431769543917,43890.072597684244,592972674.56564343,109943930.34395787,1.0000000000000001e-09,8000000,0,12692.71054203401,0.59297267456564351,26494825.610742509,-66463.285723934285,1,66.648200367122641,16.654477747428118,26546122.36513342,-51296.754390910268,26494825.610742509,50000000,0,26561288.891841989,-6544817.0651067682
64690.203043665548,46522.411937648503,43976.640788212222,592972674.56564343,109943930.34395787,1.0000000000000001e-09,8000000,0,12692.078626900262,0.59297267456564351,26495320.180202067,-64301.204734375926,1,66.658371394842646,16.64121588729218,26546122.365133405,-50802.184931337833,26495320.180202067,50000000,0,26559621.380311973,-6511054.5448934073
64590.242707456375,46572.39210575309,44063.2089787402,592972674.56564343,109943930.34395787,1.0000000000000001e-09,8000000,0,12693.011076248917,0.59297267456564351,26494243.170801651,-67178.363229878698,1,66.685099186746328,16.676694375130701,26546122.365133222,-51879.19433157146,26494243.170801651,50000000,0,26561421.529407103,-6604733.3345983541
64490.282371247202,46622.372273857676,44149.777169268178,592972674.56564343,109943930.34395787,1.0000000000000001e-09,8000000,0,12691.598369910253,0.59297267456564351,26496213.758156132,-63255.179107078256,1,66.526173666053467,16.719248585405683,26546122.365133602,-49908.606977470219,26496213.758156132,50000000,0,26559468.932638749,-6473451.8091343334
64390.322035038029,46672.352441962263,44236.345359796156,592972674.56564343,109943930.34395787,1.0000000000000001e-09,8000000,0,12693.107780035654,0.59297267456564351,26492983.715786215,-68484.761173585939,1,66.519091189461918,16.707541347434354,26546122.365133375,-53138.649347160012,26492983.715786215,50000000,0,26561468.472335394,-6692352.1082480708
64290.361698828856,46722.332610066849,44322.913550324134,592972674.56564343,109943930.34395787,1.0000000000000001e-09,8000000,0,12691.989350235643,0.59297267456564351,26494799.552751541,-64595.319467152738,1,66.560323049156722,16.728667253843646,26546122.365133498,-51322.812381956726,26494799.552751541,50000000,0,26559394.867594168,-6575212.036319443
64190.401362619683,46772.312778171436,44409.481740852112,592972674.56564343,109943930.34395787,1.0000000000000001e-09,8000000,0,12692.619800395769,0.59297267456564351,26493830.592983749,-67639.263126920006,1,66.439089022128144,16.769425369067374,26546122.36513336,-52291.772149611264,26493830.592983749,50000000,0,26561469.851486232,-6653449.5397462007
64090.44102641051,46822.292946276022,44496.049931380083,592972674.56564343,109943930.34395787,1.0000000000000001e-09,8000000,0,12692.160215882299,0.59297267456564351,26494886.593825057,-64341.197518558263,1,66.407249130572822,16.756632745156903,26546122.365133319,-51235.771308261901,26494886.593825057,50000000,0,26559227.786719207,-6570254.8267147969
63990.480690201337,46872.273114380609,44582.618121908061,592972674.56564343,109943930.34395787,1.0000000000000001e-09,8000000,0,12692.792343428122,0.59297267456564351,26492102.874694742,-69420.947299278894,1,66.476966196291045,16.7583059364676,26546122.365133435,-54019.490438692272,26492102.874694742,50000000,0,26561523.817369532,-6773817.0448275525
63890.520353992157,46922.253282485195,44669.186312436046,592972674.56564343,109943930.34395787,1.0000000000000001e-09,8000000,0,12692.098355639968,0.59297267456564351,26494657.739528988,-64492.274147169461,1,66.401894408772449,16.785424956524178,26546122.365133464,-51464.62560447678,26494657.739528988,50000000,0,26559150.009051789,-6596886.2557232259
63790.560017782991,46972.233450589782,44755.754502964017,592972674.56564343,109943930.34395787,1.0000000000000001e-09,8000000,0,12692.702133290079,0.59297267456564351,26492842.587000318,-68577.328686167893,1,66.381493493909488,16.762445533137477,26546122.365133412,-53279.778133094311,26492842.587000318,50000000,0,26561419.911062058,-6737168.3010400478
63690.599681573818,47022.213618694368,44842.322693491995,592972674.56564343,109943930.34395787,1.0000000000000001e-09,8000000,0,12691.932598967462,0.59297267456564351,26493410.4755577,-65764.42398439633,1,66.486612173443234,16.745697398378173,26546122.365133349,-52711.889575649053,26493410.4755577,50000000,0,26559174.894917618,-6695745.8970265007
63590.639345364645,47072.193786798955,44928.890884019973,592972674.56564343,109943930.34395787,1.0000000000000001e-09,8000000,0,12693.14793653631,0.59297267456564351,26491307.301209576,-70093.730940688009,1,66.439185851053736,16.768081690209623,26546122.365133632,-54815.063924055547,26491307.301209576,50000000,0,26561401.027525816,-6848226.1132492069
63490.679009155487,47122.173954903534,45015.459074547944,592972674.56564343,109943930.34395787,1.0000000000000001e-09,8000000,0,12691.516848657995,0.59297267456564351,26494115.439587146,-65003.53306974555,1,66.411753969803172,16.736742503250369,26546122.365133606,-52006.925546459854,26494115.439587146,50000000,0,26559118.968032468,-6664023.1497920016
63390.718672946306,47172.15412300812,45102.027265075922,592972674.56564343,109943930.34395787,1.0000000000000001e-09,8000000,0,12693.094133011064,0.59297267456564351,26491306.871811558,-70006.87844623992,1,66.561340566326933,16.693531079402934,26546122.36513336,-54815.493321802467,26491306.871811558,50000000,0,26561313.745633334,-6864367.583046915
63290.758336737141,47222.134291112707,45188.5954556039,592972674.56564343,109943930.34395787,1.0000000000000001e-09,8000000,0,12692.001425458386,0.59297267456564351,26492237.14387187,-66892.289276606141,1,66.570668223868765,16.714795846381151,26546122.365133334,-53885.221261464059,26492237.14387187,50000000,0,26559129.428524088,-6788794.792924149
63190.798000527961,47272.114459217293,45275.163646131878,592972674.56564343,109943930.34395787,1.0000000000000001e-09,8000000,0,12692.772157311992,0.59297267456564351,26491325.759618282,-69822.473835032491,1,66.490715701503333,16.693357822604369,26546122.365133394,-54796.605515111238,26491325.759618282,50000000,0,26561148.228828888,-6864160.6383614792
63090.83766431878,47322.094627321887,45361.731836659856,592972674.56564343,109943930.34395787,1.0000000000000001e-09,8000000,0,12692.078455639657,0.59297267456564351,26492962.123606604,-66105.53932839453,1,66.654090734763287,16.63138585899609,26546122.365133271,-53160.241526667029,26492962.123606604,50000000,0,26559067.658310581,-6754195.1585763525
62990.877328109622,47372.074795426466,45448.300027187826,592972674.56564343,109943930.34395787,1.0000000000000001e-09,8000000,0,12692.675276122007,0.59297267456564351,26490032.129713107,-71095.638833000135,1,66.731262019391465,16.630397824471107,26546122.365133442,-56090.235420335084,26490032.129713107,50000000,0,26561127.763921719,-6968859.931759987
62890.916991900434,47422.054963531053,45534.868217715812,592972674.56564343,109943930.34395787,1.0000000000000001e-09,8000000,0,12692.298754285821,0.59297267456564351,26491436.409917813,-67655.116146161381,1,66.662640417779642,16.629877172931007,26546122.365133524,-54685.955215711147,26491436.409917813,50000000,0,26559091.521439455,-6857917.5114795156
62790.956655691276,47472.035131635639,45621.436408243782,592972674.56564343,109943930.34395787,1.0000000000000001e-09,8000000,0,12692.541390850212,0.59297267456564351,26490862.289224938,-70084.707295629065,1,66.741661923641615,16.573746030863742,26546122.365133166,-55260.075908228755,26490862.289224938,50000000,0,26560946.991896115,-6932333.4664998939
62690.996319482103,47522.015299740226,45708.00459877176,592972674.56564343,109943930.34395787,1.0000000000000001e-09,8000000,0,12691.9626031017,0.59297267456564351,26491060.551592864,-68160.049781318012,1,66.874371767284643,16.568729850502486,26546122.365133427,-55061.813540562987,26491060.551592864,50000000,0,26559220.596749723,-6906128.3902405435
62591.035983272915,47571.995467844819,45794.572789299746,592972674.56564343,109943930.34395787,1.0000000000000001e-09,8000000,0,12693.070231079526,0.59297267456564351,26489116.261329837,-71604.86970501818,1,66.767977353731808,16.581892917806744,26546122.365133271,-57006.103803433478,26489116.261329837,50000000,0,26560721.126410399,-7047654.187583969
62491.075647063757,47621.975635949399,45881.140979827716,592972674.56564343,109943930.34395787,1.0000000000000001e-09,8000000,0,12691.813104245692,0.59297267456564351,26490692.48802837,-68593.882671712694,1,66.827207631569166,16.543531133339453,26546122.365133274,-55429.877104904503,26490692.48802837,50000000,0,26559286.366075665,-6939294.3722763555
62391.115310854577,47671.955804053985,45967.709170355694,592972674.56564343,109943930.34395787,1.0000000000000001e-09,8000000,0,12692.764388084392,0.59297267456564351,26489945.297667552,-70602.366656919898,1,66.912111258321772,16.544171574917566,26546122.365133259,-56177.06746570766,26489945.297667552,50000000,0,26560547.659699965,-7013511.1022424633
62291.154974645411,47721.935972158572,46054.277360883672,592972674.56564343,109943930.34395787,1.0000000000000001e-09,8000000,0,12692.249811470261,0.59297267456564351,26489574.679192435,-69787.275272708968,1,66.822806159046564,16.567287930538498,26546122.365133256,-56547.685940820724,26489574.679192435,50000000,0,26559361.949840758,-7021620.7323035244
62191.194638436231,47771.916140263158,46140.84555141165,592972674.56564343,109943930.34395787,1.0000000000000001e-09,8000000,0,12692.597215916927,0.59297267456564351,26488495.360780045,-71839.247426012589,1,66.831495318640052,16.546551671744595,26546122.365133468,-57627.004353422672,26488495.360780045,50000000,0,26560334.603581589,-7107851.5733819772
62091.234302227065,47821.896308367744,46227.413741939621,592972674.56564343,109943930.34395787,1.0000000000000001e-09,8000000,0,12692.386667397215,0.59297267456564351,26489934.54609447,-69533.603425647496,1,66.891649214560644,16.558431015201776,26546122.365133114,-56187.819038644433,26489934.54609447,50000000,0,26559468.14489571,-7025764.435083949
61991.2739660179,47871.876476472331,46313.981932467592,592972674.56564343,109943930.34395787,1.0000000000000001e-09,8000000,0,12692.209224053951,0.59297267456564351,26488480.400802292,-71616.399248739501,1,66.790116569410969,16.595917540609733,26546122.365133602,-57641.964331310242,26488480.400802292,50000000,0,26560096.795426559,-7122547.78610308
61891.313629808719,47921.856644576917,46400.550122995577,592972674.56564343,109943930.34395787,1.0000000000000001e-09,8000000,0,12692.623334910355,0.59297267456564351,26487995.277770795,-71578.612844365067,1,66.747176341451492,16.585494280502616,26546122.365133286,-58127.087362490594,26487995.277770795,50000000,0,26559573.885990739,-7161181.283280177
61791.353293599546,47971.836812681504,46487.118313523548,592972674.56564343,109943930.34395787,1.0000000000000001e-09,8000000,0,12692.436425581313,0.59297267456564351,26487849.519522667,-72049.172173190018,1,66.825451289159247,16.603839961748868,26546122.365133405,-58272.845610737801,26487849.519522667,50000000,0,26559898.687071368,-7182970.4595203744
61691.392957390373,48021.81698078609,46573.686504051526,592972674.56564343,109943930.34395787,1.0000000000000001e-09,8000000,0,12692.114957762589,0.59297267456564351,26488580.691242523,-71133.264523207676,1,66.671729513754201,16.65868425739529,26546122.365133435,-57541.673890911043,26488580.691242523,50000000,0,26559713.951141354,-7148163.9516102513
61591.432621181193,48071.797148890677,46660.254694579511,592972674.56564343,109943930.34395787,1.0000000000000001e-09,8000000,0,12692.748837644504,0.59297267456564351,26487014.945748813,-72592.363062025324,1,66.619387453981346,16.652278023254169,26546122.365133293,-59107.419384479523,26487014.945748813,50000000,0,26559607.304186437,-7241939.1203107992
61491.472284972027,48121.777316995263,46746.822885107482,592972674.56564343,109943930.34395787,1.0000000000000001e-09,8000000,0,12692.262227600962,0.59297267456564351,26486528.040088546,-73316.921786126288,1,66.683132299995606,16.663142433661633,26546122.365133487,-59594.325044941157,26486528.040088546,50000000,0,26559844.957250174,-7294233.6945126429
61391.511948762854,48171.75748509985,46833.39107563546,592972674.56564343,109943930.34395787,1.0000000000000001e-09,8000000,0,12692.364782584433,0.59297267456564351,26487571.427785788,-71799.391495881107,1,66.578172124767704,16.722433908534871,26546122.365133341,-58550.93734755367,26487571.427785788,50000000,0,26559370.814657144,-7229334.5945264958
61291.551612553681,48221.737653204436,46919.959266163438,592972674.56564343,109943930.34395787,1.0000000000000001e-09,8000000,0,12692.526359714153,0.59297267456564351,26486449.606451791,-73396.734306353435,1,66.450695502134508,16.732508654313389,26546122.365133278,-59672.758681487292,26486449.606451791,50000000,0,26559846.336133748,-7308986.9406685699
61191.591276344509,48271.717821309023,47006.527456691416,592972674.56564343,109943930.34395787,1.0000000000000001e-09,8000000,0,12692.197599440369,0.59297267456564351,26485653.546832871,-73573.087269598778,1,66.539291289089661,16.715962406950343,26546122.365133367,-60468.818300496787,26485653.546832871,50000000,0,26559226.629478008,-7372938.3522285633
61091.630940135336,48321.697989413609,47093.095647219394,592972674.56564343,109943930.34395787,1.0000000000000001e-09,8000000,0,12692.891376913069,0.59297267456564351,26485266.234946385,-74738.489173692971,1,66.501739365950954,16.760033162145973,26546122.365133408,-60856.130187023431,26485266.234946385,50000000,0,26560004.719495647,-7419922.907914876
60991.67060392617,48371.678157518196,47179.663837747365,592972674.56564343,109943930.34395787,1.0000000000000001e-09,8000000,0,12691.765737211104,0.59297267456564351,26486226.277671125,-72782.577905288592,1,66.380758961918247,16.773882601801795,26546122.365133647,-59896.087462522089,26486226.277671125,50000000,0,26559008.850951966,-7367522.1182074863
60891.71026771699,48421.658325622782,47266.23202827535,592972674.56564343,109943930.34395787,1.0000000000000001e-09,8000000,0,12692.891636803972,0.59297267456564351,26483652.533768874,-76520.137351613041,1,66.442963377344554,16.750842084683896,26546122.365133345,-62469.831364471465,26483652.533768874,50000000,0,26560172.66649605,-7557301.7319439296
60791.749931507817,48471.638493727369,47352.800218803321,592972674.56564343,109943930.34395787,1.0000000000000001e-09,8000000,0,12692.261738693353,0.59297267456564351,26484191.532639362,-74756.279397231046,1,66.462836237991993,16.771594430110419,26546122.365133282,-61930.832493919879,26484191.532639362,50000000,0,26558947.807412177,-7538985.1244885558
60691.789595298644,48521.618661831955,47439.368409331299,592972674.56564343,109943930.34395787,1.0000000000000001e-09,8000000,0,12692.361969991365,0.59297267456564351,26483532.869806927,-76837.896208603837,1,66.369010745207177,16.780800635907166,26546122.365133211,-62589.495326284319,26483532.869806927,50000000,0,26560370.761391118,-7614584.4847946689
60591.829259089471,48571.598829936534,47525.936599859277,592972674.56564343,109943930.34395787,1.0000000000000001e-09,8000000,0,12692.314955939322,0.59297267456564351,26483794.538340759,-75154.18089371582,1,66.433216604674939,16.744544171180021,26546122.365133408,-62327.826792649925,26483794.538340759,50000000,0,26558948.714610018,-7618529.9221009556
60491.868922880305,48621.578998041121,47612.504790387247,592972674.56564343,109943930.34395787,1.0000000000000001e-09,8000000,0,12692.684914256373,0.59297267456564351,26481028.29206467,-79810.74389488883,1,66.497233634791314,16.750059370948193,26546122.365133375,-65094.073068704456,26481028.29206467,50000000,0,26560839.031335134,-7845540.8960035034
60391.908586671139,48671.559166145707,47699.072980915225,592972674.56564343,109943930.34395787,1.0000000000000001e-09,8000000,0,12692.143552845493,0.59297267456564351,26482820.371886745,-76413.144735167196,1,66.418826494706138,16.75384209172282,26546122.365133531,-63301.993246786296,26482820.371886745,50000000,0,26559233.511997491,-7750904.166160672
60291.948250461952,48721.539334250301,47785.641171443211,592972674.56564343,109943930.34395787,1.0000000000000001e-09,8000000,0,12692.727056154994,0.59297267456564351,26481523.62300995,-79909.913085741384,1,66.486974270148039,16.705093948906384,26546122.365133248,-64598.742123298347,26481523.62300995,50000000,0,26561433.531471226,-7886039.6585485442
60191.987914252793,48771.51950235488,47872.209361971181,592972674.56564343,109943930.34395787,1.0000000000000001e-09,8000000,0,12691.89926538287,0.59297267456564351,26482491.660278853,-77393.013569180024,1,66.606817011442843,16.686183533244101,26546122.365133371,-63630.704854518175,26482491.660278853,50000000,0,26559884.669223614,-7817720.6997421272
60092.027578043613,48821.499670459467,47958.777552499159,592972674.56564343,109943930.34395787,1.0000000000000001e-09,8000000,0,12693.125163911751,0.59297267456564351,26482534.03780292,-79581.756893885497,1,66.556855544515685,16.695307864568935,26546122.365134526,-63588.327331606299,26482534.03780292,50000000,0,26562115.790072318,-7743136.4234694708
59992.067241834447,48871.479838564053,48045.34574302713,592972674.56564343,109943930.34395787,1.0000000000000001e-09,8000000,0,12693.786996760509,0.59297267456564351,26490743.630202983,-69182.964858611929,1,66.57624186064379,16.647476103769673,26546122.365130823,-55378.734927840531,26490743.630202983,50000000,0,26559926.590437196,-7034296.2270195223
59892.106905625267,48921.46000666864,48131.913933555115,592972674.56564343,109943930.34395787,1.0000000000000001e-09,8000000,0,12703.490531270316,0.59297267456564351,26494899.314359576,-66058.811999762227,1,66.740118983802262,16.614006851537965,26546122.365128003,-51223.050768427551,26494899.314359576,50000000,0,26560958.121734895,-6568450.8092609076
59792.146569416087,48971.440174773234,48218.482124083093,592972674.56564343,109943930.34395787,1.0000000000000001e-09,8000000,0,12702.391393078564,0.59297267456564351,26496639.251337245,-60669.05420248858,1,66.702504116722864,16.624128307269984,26546122.36513396,-49483.113796714693,26496639.251337245,50000000,0,26557308.300915264,-6279444.6347026005
59692.186233206929,49021.420342877813,48305.050314611064,592972674.56564343,109943930.34395787,1.0000000000000001e-09,8000000,0,12697.708777278132,0.59297267456564351,26490300.578066729,-68284.196371276266,1,66.703595755476343,16.585565962632948,26546122.365131699,-55821.78706496954,26490300.578066729,50000000,0,26558584.769813541,-6705555.4788695145
59592.225896997741,49071.400510982399,48391.618505139049,592972674.56564343,109943930.34395787,1.0000000000000001e-09,8000000,0,12694.652731203101,0.59297267456564351,26487161.064475145,-68866.139923278781,1,66.841267603848294,16.560977689908185,26546122.365133334,-58961.30065818876,26487161.064475145,50000000,0,26556027.199773949,-7034893.122391141
59492.265560788575,49121.380679086986,48478.18669566702,592972674.56564343,109943930.34395787,1.0000000000000001e-09,8000000,0,12692.664370649285,0.59297267456564351,26480011.468845811,-78453.157545508599,1,66.817491132956619,16.57666507075599,26546122.365133245,-66110.896287433803,26480011.468845811,50000000,0,26558464.621766903,-7650760.7854364458
59392.30522457941,49171.360847191572,48564.754886194998,592972674.56564343,109943930.34395787,1.0000000000000001e-09,8000000,0,12692.354455474398,0.59297267456564351,26479894.895677324,-76506.765052810704,1,66.794368124737701,16.550651738755587,26546122.36513352,-66227.469456195831,26479894.895677324,50000000,0,26556401.656105682,-7747049.7946511805
59292.344888370222,49221.341015296166,48651.323076722976,592972674.56564343,109943930.34395787,1.0000000000000001e-09,8000000,0,12692.754524911805,0.59297267456564351,26478296.4154827,-80742.261416604029,1,66.920000556615435,16.5278673320494,26546122.365133319,-67825.949650619179,26478296.4154827,50000000,0,26559038.672274899,-7955614.3998440318
59192.384552161064,49271.321183400745,48737.891267250954,592972674.56564343,109943930.34395787,1.0000000000000001e-09,8000000,0,12691.752840095825,0.59297267456564351,26479241.938408062,-77814.35868381703,1,66.877796017889921,16.567468548448829,26546122.365133327,-66880.426725264639,26479241.938408062,50000000,0,26557056.292467412,-7909019.2979021017
59092.424215951891,49321.301351505332,48824.459457778925,592972674.56564343,109943930.34395787,1.0000000000000001e-09,8000000,0,12693.262953250975,0.59297267456564351,26476705.970073462,-82720.489360934778,1,66.772777411772964,16.554903720919505,26546122.365133323,-69416.395059861243,26476705.970073462,50000000,0,26559426.454809956,-8114365.7880409174
58992.463879742718,49371.281519609918,48911.027648306903,592972674.56564343,109943930.34395787,1.0000000000000001e-09,8000000,0,12691.746965639402,0.59297267456564351,26478785.61541573,-78629.392618789061,1,66.924623484093743,16.535492685029261,26546122.365133386,-67336.749717656523,26478785.61541573,50000000,0,26557415.003410049,-7979876.1175279887
58892.503543533545,49421.261687714505,48997.595838834881,592972674.56564343,109943930.34395787,1.0000000000000001e-09,8000000,0,12692.823551847112,0.59297267456564351,26478067.697039578,-81533.940977492181,1,66.8440594159987,16.592797318108801,26546122.365133245,-68054.668093666434,26478067.697039578,50000000,0,26559601.633392688,-8062604.1011040704
58792.543207324372,49471.241855819091,49084.164029362859,592972674.56564343,109943930.34395787,1.0000000000000001e-09,8000000,0,12692.129798242424,0.59297267456564351,26478465.589219935,-79092.677042194598,1,66.703695395511474,16.605915185751172,26546122.365133349,-67656.775913413614,26478465.589219935,50000000,0,26557558.261637677,-8006132.3903122144
58692.582871115199,49521.222023923678,49170.73221989083,592972674.56564343,109943930.34395787,1.0000000000000001e-09,8000000,0,12692.750363212015,0.59297267456564351,26476630.147146393,-82951.30863187158,1,66.795064938086639,16.584516786189305,26546122.365133464,-69492.217987071723,26476630.147146393,50000000,0,26559581.451153852,-8162766.8757031532
58592.622534906026,49571.202192028264,49257.300410418815,592972674.56564343,109943930.34395787,1.0000000000000001e-09,8000000,0,12692.187864105135,0.59297267456564351,26478811.235131096,-78906.281022976938,1,66.77485070231684,16.642389760563837,26546122.3651333,-67311.130002204329,26478811.235131096,50000000,0,26557717.511529706,-8012103.7908245092
58492.662198696853,49621.182360132843,49343.868600946786,592972674.56564343,109943930.34395787,1.0000000000000001e-09,8000000,0,12692.471622761343,0.59297267456564351,26477199.190845989,-82166.16154723418,1,66.574773069795114,16.683268399308901,26546122.365133382,-68923.174287393689,26477199.190845989,50000000,0,26559365.347768746,-8130611.0684426567
58392.70186248768,49671.162528237437,49430.436791474764,592972674.56564343,109943930.34395787,1.0000000000000001e-09,8000000,0,12692.320724713463,0.59297267456564351,26477084.093937051,-80753.266915867614,1,66.613961226339583,16.659504681672651,26546122.365133446,-69038.271196395159,26477084.093937051,50000000,0,26557837.356228516,-8133809.940669015
58292.741526278507,49721.142696342024,49517.004982002742,592972674.56564343,109943930.34395787,1.0000000000000001e-09,8000000,0,12692.797913232103,0.59297267456564351,26476180.026597895,-83058.581238847968,1,66.657622088532605,16.693025342815535,26546122.365133218,-69942.338535323739,26476180.026597895,50000000,0,26559238.603212282,-8217991.7967343591
58192.781190069334,49771.12286444661,49603.57317253072,592972674.56564343,109943930.34395787,1.0000000000000001e-09,8000000,0,12691.75693761418,0.59297267456564351,26477836.494456951,-80045.09797472808,1,66.484833490956348,16.746463628974784,26546122.365133684,-68285.870676733553,26477836.494456951,50000000,0,26557881.587807219,-8106915.4119048566
58092.820853860161,49821.103032551197,49690.141363058698,592972674.56564343,109943930.34395787,1.0000000000000001e-09,8000000,0,12693.003846077081,0.59297267456564351,26475480.29952085,-83518.014950300611,1,66.454259437758409,16.729865368397483,26546122.365133468,-70642.06561261788,26475480.29952085,50000000,0,26558998.309846733,-8265201.3673800025
57992.860517650995,49871.083200655776,49776.709553586668,592972674.56564343,109943930.34395787,1.0000000000000001e-09,8000000,0,12692.075434120601,0.59297267456564351,26475809.09930091,-82164.511307499153,1,66.533665846263901,16.739468880275471,26546122.365133386,-70313.265832476318,26475809.09930091,50000000,0,26557973.605984032,-8251619.0423176838
57892.900181441815,49921.063368760369,49863.277744114654,592972674.56564343,109943930.34395787,1.0000000000000001e-09,8000000,0,12692.572596130814,0.59297267456564351,26475847.211568709,-82897.956113992914,1,66.424909007435247,16.778399260457455,26546122.365133405,-70275.153564695269,26475847.211568709,50000000,0,26558745.163058221,-8259023.5093709007
57792.939845232642,49971.043536864956,49949.845934642632,592972674.56564343,109943930.34395787,1.0000000000000001e-09,8000000,0,12692.303429151561,0.59297267456564351,26475883.737149071,-82078.392349812842,1,66.383798953215447,16.767746362555297,26546122.365133274,-70238.627984203398,26475883.737149071,50000000,0,26557962.124874417,-8257206.57660913
57692.979509023484,50021.023704969535,50036.414125170595,592972674.56564343,109943930.34395787,1.0000000000000001e-09,8000000,0,12692.390119011145,0.59297267456564351,26474037.228096824,-84545.415003732531,1,66.462484892106517,16.757569478364307,26546122.365133412,-72085.137036588043,26474037.228096824,50000000,0,26558582.638476107,-8394611.9676497877
57593.019172814304,50071.003873074122,50122.98231569858,592972674.56564343,109943930.34395787,1.0000000000000001e-09,8000000,0,12692.663332178312,0.59297267456564351,26474573.426474925,-83499.217312268447,1,66.414853064241598,16.780514481226838,26546122.365133438,-71548.938658513129,26474573.426474925,50000000,0,26558072.639162749,-8365808.9183773547
57493.058836605123,50120.984041178708,50209.550506226558,592972674.56564343,109943930.34395787,1.0000000000000001e-09,8000000,0,12692.045888986593,0.59297267456564351,26474651.173741769,-83635.397780668514,1,66.389514000220899,16.755808892539442,26546122.365133334,-71471.191391564906,26474651.173741769,50000000,0,26558286.566897959,-8376117.6429978022
57393.098500395965,50170.964209283295,50296.118696754529,592972674.56564343,109943930.34395787,1.0000000000000001e-09,8000000,0,12692.560382136449,0.59297267456564351,26473282.710699737,-84892.613359763549,1,66.502976970154293,16.732192395371619,26546122.365133412,-72839.65443367511,26473282.710699737,50000000,0,26558175.319435056,-8476524.5945082661
57293.138164186792,50220.944377387881,50382.686887282507,592972674.56564343,109943930.34395787,1.0000000000000001e-09,8000000,0,12692.610965512924,0.59297267456564351,26472618.341942191,-85436.164470516713,1,66.476691901214664,16.74991800424473,26546122.365133308,-73504.02319111675,26472618.341942191,50000000,0,26558054.501788259,-8524364.9739623163
57193.177827977612,50270.924545492468,50469.255077810485,592972674.56564343,109943930.34395787,1.0000000000000001e-09,8000000,0,12692.083105633046,0.59297267456564351,26473160.255306877,-85039.929818870994,1,66.442767098527796,16.718951398088159,26546122.36513333,-72962.10982645303,26473160.255306877,50000000,0,26558200.180501379,-8504085.3115615975
57093.217491768446,50320.904713597054,50555.823268338463,592972674.56564343,109943930.34395787,1.0000000000000001e-09,8000000,0,12692.551742101337,0.59297267456564351,26472657.839764617,-85097.939289157497,1,66.603680721280924,16.672815165003829,26546122.365133453,-73464.525368835777,26472657.839764617,50000000,0,26557755.774429299,-8548068.1019281875
56993.257155559266,50370.884881701641,50642.391458866441,592972674.56564343,109943930.34395787,1.0000000000000001e-09,8000000,0,12692.479258897507,0.59297267456564351,26470835.075991619,-87474.949821128583,1,66.611541932329288,16.69027967898915,26546122.365133319,-75287.289141699672,26470835.075991619,50000000,0,26558310.021188308,-8678160.9788214546
56893.2968193501,50420.865049806227,50728.959649394419,592972674.56564343,109943930.34395787,1.0000000000000001e-09,8000000,0,12692.282147116193,0.59297267456564351,26471585.665117629,-85828.248875627323,1,66.548882858554563,16.663095225413056,26546122.365133394,-74536.700015764683,26471585.665117629,50000000,0,26557413.909368832,-8626634.1963982154
56793.33648314092,50470.845217910814,50815.527839922397,592972674.56564343,109943930.34395787,1.0000000000000001e-09,8000000,0,12692.636637117525,0.59297267456564351,26470945.025478363,-87311.433975375505,1,66.716839330214867,16.60205158938895,26546122.365133315,-75177.339654952288,26470945.025478363,50000000,0,26558256.454829309,-8701789.9154763352
56693.376146931754,50520.8253860154,50902.096030450368,592972674.56564343,109943930.34395787,1.0000000000000001e-09,8000000,0,12691.966898529397,0.59297267456564351,26470062.5536105,-87126.745234909453,1,66.789231558375278,16.610863390661287,26546122.365133367,-76059.811522867531,26470062.5536105,50000000,0,26557189.294220977,-8764278.5434314534
56593.415810722574,50570.805554119986,50988.664220978353,592972674.56564343,109943930.34395787,1.0000000000000001e-09,8000000,0,12693.045966362839,0.59297267456564351,26468139.132003605,-90037.538364660752,1,66.682184206988865,16.610278698078371,26546122.365133416,-77983.233129810542,26468139.132003605,50000000,0,26558176.665743817,-8893904.4267328288
56493.455474513394,50620.785722224573,51075.232411506331,592972674.56564343,109943930.34395787,1.0000000000000001e-09,8000000,0,12691.840575725178,0.59297267456564351,26469898.877321281,-86859.123282114117,1,66.800738034509607,16.541346572225912,26546122.36513342,-76223.487812139094,26469898.877321281,50000000,0,26556757.995978937,-8798167.7126181889
56393.495138304235,50670.765890329159,51161.800602034302,592972674.56564343,109943930.34395787,1.0000000000000001e-09,8000000,0,12692.728678844838,0.59297267456564351,26467297.210928217,-90703.955706713226,1,66.942675493504296,16.550797733889492,26546122.365133364,-78825.154205147177,26467297.210928217,50000000,0,26558001.162010491,-8973814.304253947
56293.534802095062,50720.746058433746,51248.36879256228,592972674.56564343,109943930.34395787,1.0000000000000001e-09,8000000,0,12692.368511294011,0.59297267456564351,26467569.373588845,-88520.323539040081,1,66.769575292242934,16.576840921734924,26546122.36513336,-78552.991544514894,26467569.373588845,50000000,0,26556089.692503467,-8933981.1007997449
56193.574465885882,50770.726226538332,51334.936983090258,592972674.56564343,109943930.34395787,1.0000000000000001e-09,8000000,0,12692.51351384294,0.59297267456564351,26465657.50444828,-91832.567857042479,1,66.843561689255409,16.523645105248526,26546122.365133453,-80464.860685173422,26465657.50444828,50000000,0,26557490.067680899,-9037736.5175638217
56093.614129676716,50820.706394642919,51421.505173618229,592972674.56564343,109943930.34395787,1.0000000000000001e-09,8000000,0,12692.273090559918,0.59297267456564351,26468530.440009184,-86659.648773675173,1,66.974760706527647,16.528866537591146,26546122.365133282,-77591.925124097615,26468530.440009184,50000000,0,26555190.084158447,-8815154.5678234603
55993.653793467543,50870.686562747505,51508.073364146207,592972674.56564343,109943930.34395787,1.0000000000000001e-09,8000000,0,12692.699313694875,0.59297267456564351,26466429.19380255,-90371.385389569579,1,66.820009127873263,16.580251974894757,26546122.365133297,-79693.171330746263,26466429.19380255,50000000,0,26556800.574567724,-8852036.8203497045
55893.69345725837,50920.666730852092,51594.641554674185,592972674.56564343,109943930.34395787,1.0000000000000001e-09,8000000,0,12694.024304021483,0.59297267456564351,26471225.442862101,-83293.924425070581,1,66.776062347992536,16.552446223443926,26546122.365134284,-74896.922272183001,26471225.442862101,50000000,0,26554519.36266274,-8418602.7162658405
55793.733121049198,50970.646898956678,51681.209745202163,592972674.56564343,109943930.34395787,1.0000000000000001e-09,8000000,0,12697.646182407907,0.59297267456564351,26474726.844024666,-82053.254620777006,1,66.901435904020104,16.554654068085537,26546122.365129601,-71395.521104935557,26474726.844024666,50000000,0,26556780.094021007,-8088569.319102589
55693.772784840025,51020.627067061265,51767.777935730141,592972674.56564343,109943930.34395787,1.0000000000000001e-09,8000000,0,12700.980175443303,0.59297267456564351,26481598.049463928,-73717.672055830582,1,66.766157587472705,16.620998620312665,26546122.365133762,-64524.315669834614,26481598.049463928,50000000,0,26555315.716895342,-7616561.6320696641
55593.812448630852,51070.607235165851,51854.346126258119,592972674.56564343,109943930.34395787,1.0000000000000001e-09,8000000,0,12704.445905697552,0.59297267456564351,26478397.986465488,-80401.467308214123,1,66.664742362679036,16.616417804659719,26546122.365132902,-67724.378667414188,26478397.986465488,50000000,0,26558799.449149221,-7978914.0656844499
55493.852112421679,51120.587403270438,51940.914316786097,592972674.56564343,109943930.34395787,1.0000000000000001e-09,8000000,0,12695.273253802159,0.59297267456564351,26473868.78192516,-83875.456963867153,1,66.773431582414332,16.613206926052584,26546122.365129575,-72253.583204414696,26473868.78192516,50000000,0,26557744.234264646,-8493522.0103570707
55393.891776212506,51170.567571375024,52027.482507314067,592972674.56564343,109943930.34395787,1.0000000000000001e-09,8000000,0,12692.604106914379,0.59297267456564351,26466452.691038229,-93713.727720690047,1,66.67455835847646,16.676358781080893,26546122.365134895,-79669.674096666276,26466452.691038229,50000000,0,26560166.414134454,-9193500.0897218511
55293.931440003333,51220.547739479611,52114.050697842045,592972674.56564343,109943930.34395787,1.0000000000000001e-09,8000000,0,12692.181435872271,0.59297267456564351,26464435.077657245,-93050.190370143173,1,66.54035317858829,16.691600960342754,26546122.3651332,-81687.287475954741,26464435.077657245,50000000,0,26557485.263402905,-9403123.2698086668
55193.971103794152,51270.527907584197,52200.618888370031,592972674.56564343,109943930.34395787,1.0000000000000001e-09,8000000,0,12692.785030225728,0.59297267456564351,26460683.686473951,-98775.845227721991,1,66.608645172358777,16.684783365482257,26546122.3651333,-85438.67865934968,26460683.686473951,50000000,0,26559459.527077239,-9697454.8015805949
55094.010767584987,51320.508075688784,52287.187078898001,592972674.56564343,109943930.34395787,1.0000000000000001e-09,8000000,0,12692.108779375918,0.59297267456564351,26462891.773503322,-93796.418807733266,1,66.560680181684475,16.733617913114941,26546122.365133457,-83230.591630134732,26462891.773503322,50000000,0,26556688.1876866,-9527577.7178329397
54994.050431375814,51370.48824379337,52373.755269425979,592972674.56564343,109943930.34395787,1.0000000000000001e-09,8000000,0,12692.64172882867,0.59297267456564351,26460780.878233362,-97789.414848215383,1,66.426740228789683,16.752886794482016,26546122.365133334,-85341.486899971962,26460780.878233362,50000000,0,26558570.288457159,-9655038.2712389454
54894.090095166641,51420.468411897957,52460.323459953957,592972674.56564343,109943930.34395787,1.0000000000000001e-09,8000000,0,12692.066211059431,0.59297267456564351,26461262.648857363,-94888.28997326408,1,66.482153631962959,16.736039193587182,26546122.365133446,-84859.716276083142,26461262.648857363,50000000,0,26556150.934206095,-9594314.278305294
54794.129758957468,51470.448580002543,52546.891650481935,592972674.56564343,109943930.34395787,1.0000000000000001e-09,8000000,0,12693.040049231669,0.59297267456564351,26459616.749939468,-98451.096506099188,1,66.481873458467518,16.765134427054939,26546122.365133375,-86505.615193907171,26459616.749939468,50000000,0,26558067.84182113,-9704241.2936941851
54694.169422748302,51520.428748107122,52633.459841009906,592972674.56564343,109943930.34395787,1.0000000000000001e-09,8000000,0,12691.545657683415,0.59297267456564351,26462091.169858187,-93704.814641279212,1,66.378034631964141,16.778387452608609,26546122.365133762,-84031.195275574923,26462091.169858187,50000000,0,26555795.97987501,-9523238.5444410518
54594.209086539136,51570.408916211709,52720.028031537877,592972674.56564343,109943930.34395787,1.0000000000000001e-09,8000000,0,12693.132461742594,0.59297267456564351,26459181.558292203,-98504.772896263545,1,66.432914143786917,16.753838562911515,26546122.36513374,-86940.806841537356,26459181.558292203,50000000,0,26557686.326564014,-9716337.3500975482
54494.248750329956,51620.389084316295,52806.596222065862,592972674.56564343,109943930.34395787,1.0000000000000001e-09,8000000,0,12691.985523914427,0.59297267456564351,26460144.675132316,-95510.204261065199,1,66.457661528648714,16.770805325308658,26546122.365133286,-85977.690000969917,26460144.675132316,50000000,0,26555654.87476898,-9642056.2244397197
54394.288414120791,51670.369252420882,52893.164412593833,592972674.56564343,109943930.34395787,1.0000000000000001e-09,8000000,0,12692.70516130509,0.59297267456564351,26459305.359138906,-98047.666909831139,1,66.376815827465279,16.773720193061465,26546122.365133476,-86817.00599456951,26459305.359138906,50000000,0,26557353.021424338,-9706377.9775543045
54294.328077911618,51720.349420525468,52979.732603121811,592972674.56564343,109943930.34395787,1.0000000000000001e-09,8000000,0,12692.142717097886,0.59297267456564351,26460335.063874319,-95178.82664964172,1,66.449342460095053,16.730386207256529,26546122.365133181,-85787.301258862019,26460335.063874319,50000000,0,26555513.885899492,-9637512.2754037976
54194.36774170243,51770.329588630055,53066.300793649796,592972674.56564343,109943930.34395787,1.0000000000000001e-09,8000000,0,12692.608724690213,0.59297267456564351,26457470.654614326,-99717.823451088596,1,66.541807097990031,16.729651819523436,26546122.365133293,-88651.71051896736,26457470.654614326,50000000,0,26557188.473441012,-9846415.79700022
54094.407405493272,51820.309756734641,53152.868984177767,592972674.56564343,109943930.34395787,1.0000000000000001e-09,8000000,0,12692.408245231327,0.59297267456564351,26458767.944316458,-96752.348079085059,1,66.449385394700712,16.73985437064762,26546122.365133449,-87354.420816991478,26458767.944316458,50000000,0,26555520.287771087,-9753955.9734903742
53994.447069284099,51870.289924839228,53239.437174705745,592972674.56564343,109943930.34395787,1.0000000000000001e-09,8000000,0,12692.359699322236,0.59297267456564351,26457936.956852999,-98960.086803880011,1,66.516619505222621,16.679552043788593,26546122.365133252,-88185.40828025341,26457936.956852999,50000000,0,26556897.039032467,-9837025.0274890531
53894.486733074918,51920.270092943814,53326.005365233723,592972674.56564343,109943930.34395787,1.0000000000000001e-09,8000000,0,12692.18085556372,0.59297267456564351,26457573.408579409,-98019.081459583234,1,66.678305539513843,16.652719942135526,26546122.365133431,-88548.956554021686,26457573.408579409,50000000,0,26555592.485414512,-9870110.8527153078
53794.526396865753,51970.250261048401,53412.573555761701,592972674.56564343,109943930.34395787,1.0000000000000001e-09,8000000,0,12692.924467768769,0.59297267456564351,26455548.899931788,-101109.8894473838,1,66.622755247513098,16.674149494550161,26546122.365133397,-90573.465201608837,26455548.899931788,50000000,0,26556658.784754805,-10008334.698649405
53694.566060656573,52020.230429152987,53499.141746289679,592972674.56564343,109943930.34395787,1.0000000000000001e-09,8000000,0,12691.842362157013,0.59297267456564351,26457228.835212257,-98345.70386318097,1,66.604532729733492,16.627145588261634,26546122.365133278,-88893.529921021312,26457228.835212257,50000000,0,26555574.534450933,-9911824.5768124741
53594.605724447407,52070.210597257574,53585.70993681765,592972674.56564343,109943930.34395787,1.0000000000000001e-09,8000000,0,12692.757936487498,0.59297267456564351,26455616.709172461,-100776.97967523655,1,66.805308909310611,16.580555123523613,26546122.365133338,-90505.655960876495,26455616.709172461,50000000,0,26556393.684223235,-10037464.633883514
53494.645388238227,52120.19076536216,53672.278127345635,592972674.56564343,109943930.34395787,1.0000000000000001e-09,8000000,0,12692.288857312777,0.59297267456564351,26454959.744678609,-100709.47728702961,1,66.779496780123651,16.604797219844951,26546122.365133345,-91162.620454736054,26454959.744678609,50000000,0,26555669.217341263,-10088369.586403375
53394.685052029061,52170.170933466747,53758.846317873606,592972674.56564343,109943930.34395787,1.0000000000000001e-09,8000000,0,12692.483729328378,0.59297267456564351,26454162.008513473,-101904.47273131878,1,66.725534197356609,16.580593128109623,26546122.365133334,-91960.356619860977,26454162.008513473,50000000,0,26556066.476620212,-10141933.826752167
53294.724715819895,52220.151101571333,53845.414508401576,592972674.56564343,109943930.34395787,1.0000000000000001e-09,8000000,0,12692.472835558767,0.59297267456564351,26454995.047378682,-100722.75372079274,1,66.865710773365862,16.536891564357024,26546122.36513336,-91127.317754678428,26454995.047378682,50000000,0,26555717.796475049,-10123756.119407682
53194.764379610715,52270.13126967592,53931.982698929562,592972674.56564343,109943930.34395787,1.0000000000000001e-09,8000000,0,12692.178044619965,0.59297267456564351,26453070.043814134,-102753.34961898708,1,66.898984054052065,16.558973274377177,26546122.365133435,-93052.321319300681,26453070.043814134,50000000,0,26555823.38880869,-10254186.665754214
53094.804043401542,52320.111437780499,54018.550889457532,592972674.56564343,109943930.34395787,1.0000000000000001e-09,8000000,0,12692.778257056661,0.59297267456564351,26452244.944783796,-103536.0516223466,1,66.782055577979847,16.561146087203245,26546122.365133274,-93877.420349478722,26452244.944783796,50000000,0,26555780.991781689,-10322368.931390693
52994.843707192369,52370.091605885093,54105.11907998551,592972674.56564343,109943930.34395787,1.0000000000000001e-09,8000000,0,12692.195150790041,0.59297267456564351,26452516.609627038,-103044.11291605247,1,66.894084190947481,16.530255327294562,26546122.365133312,-93605.755506273359,26452516.609627038,50000000,0,26555560.717918675,-10326847.120444959
52894.883370983189,52420.071773989679,54191.687270513496,592972674.56564343,109943930.34395787,1.0000000000000001e-09,8000000,0,12692.32010245596,0.59297267456564351,26451882.797697481,-103998.99126836477,1,66.8944462581849,16.561824786772927,26546122.365133498,-94239.567436017096,26451882.797697481,50000000,0,26555881.784341406,-10391729.586767191
52794.923034774023,52470.051942094266,54278.255461041466,592972674.56564343,109943930.34395787,1.0000000000000001e-09,8000000,0,12692.621866033051,0.59297267456564351,26450675.400502883,-104543.38095437443,1,66.781190893893253,16.575285690916239,26546122.365133211,-95446.964630328119,26450675.400502883,50000000,0,26555218.776832793,-10465936.174707746
52694.96269856485,52520.032110198852,54364.823651569444,592972674.56564343,109943930.34395787,1.0000000000000001e-09,8000000,0,12692.318543052381,0.59297267456564351,26449603.019647736,-106302.3380694128,1,66.835404794631103,16.566914429769266,26546122.365133423,-96519.345485687256,26449603.019647736,50000000,0,26555905.353092771,-10562303.681462165
52595.002362355684,52570.012278303431,54451.391842097415,592972674.56564343,109943930.34395787,1.0000000000000001e-09,8000000,0,12692.282744693401,0.59297267456564351,26450831.886791434,-104105.53436945644,1,66.8106483013473,16.605277796312205,26546122.365133207,-95290.478341773152,26450831.886791434,50000000,0,26554937.416536413,-10498396.31940883
52495.042026146504,52619.992446408025,54537.9600326254,592972674.56564343,109943930.34395787,1.0000000000000001e-09,8000000,0,12692.618548846092,0.59297267456564351,26448560.800201029,-107311.4439761212,1,66.683950943246444,16.634787524023551,26546122.36513349,-97561.564932461828,26448560.800201029,50000000,0,26555872.23955271,-10653255.11745052
52395.081689937331,52669.972614512611,54624.528223153378,592972674.56564343,109943930.34395787,1.0000000000000001e-09,8000000,0,12692.195096658053,0.59297267456564351,26448370.741520163,-106319.52652267975,1,66.699833277554035,16.622867422629657,26546122.365133353,-97751.623613189906,26448370.741520163,50000000,0,26554690.263418384,-10683532.160680896
52295.121353728166,52719.952782617198,54711.096413681349,592972674.56564343,109943930.34395787,1.0000000000000001e-09,8000000,0,12692.905547113693,0.59297267456564351,26447240.63200292,-108701.72709016828,1,66.714879796666764,16.665438283622972,26546122.365133453,-98881.733130533248,26447240.63200292,50000000,0,26555942.354468677,-10787984.725211697
52195.161017518985,52769.932950721784,54797.664604209334,592972674.56564343,109943930.34395787,1.0000000000000001e-09,8000000,0,12691.693730432367,0.59297267456564351,26448265.106969789,-106125.42225281897,1,66.541643805970338,16.704754330403944,26546122.365133449,-97857.258163660765,26448265.106969789,50000000,0,26554390.524598133,-10728494.075073645
52095.200681309812,52819.913118826364,54884.232794737305,592972674.56564343,109943930.34395787,1.0000000000000001e-09,8000000,0,12693.03786921523,0.59297267456564351,26444878.605861016,-111056.5332437953,1,66.560666425471339,16.688761425657461,26546122.365133315,-101243.75927229971,26444878.605861016,50000000,0,26555935.134480443,-10970267.406284193
51995.240345100639,52869.893286930957,54970.800985265283,592972674.56564343,109943930.34395787,1.0000000000000001e-09,8000000,0,12692.063999856575,0.59297267456564351,26446001.186419386,-108184.86703004756,1,66.594580828601067,16.716054936226868,26546122.365133286,-100121.17871389911,26446001.186419386,50000000,0,26554186.048824929,-10915226.311877785
51895.280008891459,52919.873455035544,55057.369175793268,592972674.56564343,109943930.34395787,1.0000000000000001e-09,8000000,0,12692.4989415296,0.59297267456564351,26444777.485675659,-111109.01818840021,1,66.456170432996174,16.762452570316277,26546122.36513349,-101344.87945783138,26444777.485675659,50000000,0,26555886.499239676,-11017670.911101095
51795.319672682301,52969.853623140123,55143.937366321232,592972674.56564343,109943930.34395787,1.0000000000000001e-09,8000000,0,12692.256867113045,0.59297267456564351,26444992.608617943,-108896.16978959688,1,66.419737278766618,16.749034207364534,26546122.365133267,-101129.75651532412,26444992.608617943,50000000,0,26553888.773783091,-11002700.357299328
51695.359336473135,53019.83379124471,55230.50555684921,592972674.56564343,109943930.34395787,1.0000000000000001e-09,8000000,0,12692.726155891709,0.59297267456564351,26442008.964064579,-113880.34068580484,1,66.49572220785646,16.751762454151443,26546122.365133397,-104113.40106881782,26442008.964064579,50000000,0,26555889.300125998,-11234158.737621319
51595.399000263962,53069.813959349296,55317.073747377181,592972674.56564343,109943930.34395787,1.0000000000000001e-09,8000000,0,12692.138835172942,0.59297267456564351,26443969.065280106,-109701.7445546232,1,66.410878503709085,16.784892809618771,26546122.365133557,-102153.29985345155,26443969.065280106,50000000,0,26553670.805210229,-11108520.472323673
51495.438664054789,53119.794127453883,55403.641937905166,592972674.56564343,109943930.34395787,1.0000000000000001e-09,8000000,0,12692.729232458947,0.59297267456564351,26441629.746677477,-114116.59576387398,1,66.37291868798647,16.767957894793014,26546122.365133263,-104492.61845578626,26441629.746677477,50000000,0,26555746.337816905,-11293548.630713133
51395.478327845609,53169.774295558469,55490.210128433144,592972674.56564343,109943930.34395787,1.0000000000000001e-09,8000000,0,12691.923946740097,0.59297267456564351,26441569.005186129,-111997.24424006004,1,66.472127099106004,16.750300898418537,26546122.36513339,-104553.35994726047,26441569.005186129,50000000,0,26553566.244801726,-11311289.716713579
51295.517991636443,53219.754463663056,55576.778318961115,592972674.56564343,109943930.34395787,1.0000000000000001e-09,8000000,0,12693.179763097154,0.59297267456564351,26439094.877070285,-116600.43612454364,1,66.433277138449071,16.773822394922384,26546122.365133394,-107027.48806310818,26439094.877070285,50000000,0,26555695.308570426,-11502790.177338598
51195.557655427263,53269.734631767642,55663.3465094891,592972674.56564343,109943930.34395787,1.0000000000000001e-09,8000000,0,12691.502903350123,0.59297267456564351,26441258.252194595,-112118.36543395006,1,66.394041337671538,16.749091432868024,26546122.365133632,-104864.11293903738,26441258.252194595,50000000,0,26553376.613004107,-11373467.461082071
51095.597319218097,53319.714799872228,55749.914700017071,592972674.56564343,109943930.34395787,1.0000000000000001e-09,8000000,0,12693.08478329581,0.59297267456564351,26437739.218587179,-117835.709055335,1,66.528909844503886,16.709949992897609,26546122.365133416,-108383.14654623717,26437739.218587179,50000000,0,26555574.923018027,-11638186.673656661
50995.636983008924,53369.694967976815,55836.482890545049,592972674.56564343,109943930.34395787,1.0000000000000001e-09,8000000,0,12692.003902325341,0.59297267456564351,26438295.150505662,-114950.95175692176,1,66.538567664598261,16.728442314727005,26546122.3651333,-107827.21462763846,26438295.150505662,50000000,0,26553246.097638179,-11602679.348825367
50895.676646799737,53419.675136081401,55923.051081073034,592972674.56564343,109943930.34395787,1.0000000000000001e-09,8000000,0,12692.725856372897,0.59297267456564351,26436713.838657454,-118658.91779999661,1,66.46761993755166,16.709210322548067,26546122.36513352,-109408.52647606656,26436713.838657454,50000000,0,26555372.751832962,-11734890.639345158
50795.716310590571,53469.655304185988,56009.619271601005,592972674.56564343,109943930.34395787,1.0000000000000001e-09,8000000,0,12692.065367153442,0.59297267456564351,26437840.525133546,-115203.7939655081,1,66.616603604259538,16.653072036002385,26546122.365133401,-108281.83999985456,26437840.525133546,50000000,0,26553044.314474661,-11674901.11815176
50695.755974381405,53519.635472290574,56096.187462128983,592972674.56564343,109943930.34395787,1.0000000000000001e-09,8000000,0,12692.760429263293,0.59297267456564351,26434138.405795265,-121161.95878553305,1,66.682880052202222,16.651738731989692,26546122.365133271,-111983.95933800563,26434138.405795265,50000000,0,26555300.35995641,-11955970.226165108
50595.795638172232,53569.615640395161,56182.755652656953,592972674.56564343,109943930.34395787,1.0000000000000001e-09,8000000,0,12692.193829432998,0.59297267456564351,26435340.242031161,-117588.00767691323,1,66.626087003267685,16.645797168052948,26546122.365133394,-110782.12310223281,26435340.242031161,50000000,0,26552928.245083611,-11871795.091028435
50495.835301963059,53619.595808499747,56269.323843184939,592972674.56564343,109943930.34395787,1.0000000000000001e-09,8000000,0,12692.671796494447,0.59297267456564351,26433734.93635666,-121340.47763895489,1,66.713178846054689,16.592212137517272,26546122.365133509,-112387.42877684906,26433734.93635666,50000000,0,26555075.409371156,-12032670.976271091
50395.874965753886,53669.575976604334,56355.892033712909,592972674.56564343,109943930.34395787,1.0000000000000001e-09,8000000,0,12691.865546865345,0.59297267456564351,26433584.959025066,-119352.13030543861,1,66.829458818969897,16.584327255324265,26546122.365133252,-112537.40610818565,26433584.959025066,50000000,0,26552937.084706035,-12049644.41879685
50295.914629544721,53719.556144708913,56442.46022424088,592972674.56564343,109943930.34395787,1.0000000000000001e-09,8000000,0,12693.145004367958,0.59297267456564351,26430600.596173257,-124219.64207674586,1,66.748639192087154,16.587749872789825,26546122.365133267,-115521.76896001026,26430600.596173257,50000000,0,26554820.233625609,-12272398.779083068
50195.954293335541,53769.536312813507,56529.028414768865,592972674.56564343,109943930.34395787,1.0000000000000001e-09,8000000,0,12691.706024575935,0.59297267456564351,26432200.473210558,-120663.25675732068,1,66.821736351018941,16.547120985095013,26546122.365133338,-113921.89192277938,26432200.473210558,50000000,0,26552863.72534341,-12184966.182817714
50095.993957126368,53819.516480918093,56615.596605296843,592972674.56564343,109943930.34395787,1.0000000000000001e-09,8000000,0,12692.880442309295,0.59297267456564351,26430017.560056116,-124584.42180516578,1,66.902088506036122,16.550907526780662,26546122.36513323,-116104.80507711321,26430017.560056116,50000000,0,26554601.977236811,-12370425.947066791
49996.033620917195,53869.49664902268,56702.164795824814,592972674.56564343,109943930.34395787,1.0000000000000001e-09,8000000,0,12692.149297319096,0.59297267456564351,26429624.5049765,-123185.89912162126,1,66.805993392932621,16.566373838895991,26546122.365133461,-116497.86015696079,26429624.5049765,50000000,0,26552810.399473686,-12394549.218185922
49896.073284708022,53919.476817127266,56788.732986352799,592972674.56564343,109943930.34395787,1.0000000000000001e-09,8000000,0,12692.694914911683,0.59297267456564351,26427389.017884556,-126944.35313611399,1,66.852579780866321,16.53664963305593,26546122.365133312,-118733.3472487554,26427389.017884556,50000000,0,26554333.366396144,-12577891.305985009
49796.112948498841,53969.456985231853,56875.301176880777,592972674.56564343,109943930.34395787,1.0000000000000001e-09,8000000,0,12692.236695837439,0.59297267456564351,26428793.613091588,-124002.75746268139,1,66.912512664412233,16.551705343570511,26546122.365133431,-117328.75204184279,26428793.613091588,50000000,0,26552796.365929849,-12519293.077839661
49696.152612289676,54019.437153336439,56961.869367408755,592972674.56564343,109943930.34395787,1.0000000000000001e-09,8000000,0,12692.369971140481,0.59297267456564351,26425806.552484557,-128247.97589897188,1,66.796092913924952,16.587629031521704,26546122.365133341,-120315.81264878437,26425806.552484557,50000000,0,26554054.523759101,-12732140.86354056
49596.192276080517,54069.417321441018,57048.437557936719,592972674.56564343,109943930.34395787,1.0000000000000001e-09,8000000,0,12692.46737768574,0.59297267456564351,26425418.02753998,-127397.35389799858,1,66.77558119784328,16.566600813661566,26546122.365133367,-120704.33759338781,26425418.02753998,50000000,0,26552815.37681349,-12785392.720306862
49496.231939871337,54119.397489545605,57135.005748464697,592972674.56564343,109943930.34395787,1.0000000000000001e-09,8000000,0,12692.575632131253,0.59297267456564351,26423939.955823459,-129841.39272983283,1,66.873563717042799,16.583036416031199,26546122.36513336,-122182.4093099013,26423939.955823459,50000000,0,26553781.3439289,-12922879.749461787
49396.271603662171,54169.377657650191,57221.573938992675,592972674.56564343,109943930.34395787,1.0000000000000001e-09,8000000,0,12691.94728505929,0.59297267456564351,26424460.55090642,-128407.24337011622,1,66.704295827227497,16.642961874497946,26546122.365133319,-121661.8142268993,26424460.55090642,50000000,0,26552867.789652076,-12913558.611945499
49296.311267452991,54219.357825754778,57308.142129520653,592972674.56564343,109943930.34395787,1.0000000000000001e-09,8000000,0,12692.912251553771,0.59297267456564351,26421507.964965481,-131892.34803469499,1,66.648465284979451,16.633041347480894,26546122.365133397,-124614.40016791597,26421507.964965481,50000000,0,26553400.308375768,-13121092.185662674
49196.350931243825,54269.337993859364,57394.710320048631,592972674.56564343,109943930.34395787,1.0000000000000001e-09,8000000,0,12692.116978909369,0.59297267456564351,26421010.658572089,-131881.63876186579,1,66.730671485568351,16.641366021673932,26546122.365133327,-125111.70656123757,26421010.658572089,50000000,0,26552892.292709548,-13196205.974581698
49096.390595034645,54319.318161963951,57481.278510576609,592972674.56564343,109943930.34395787,1.0000000000000001e-09,8000000,0,12692.498546470993,0.59297267456564351,26420753.286475725,-132313.9447951598,1,66.617348191570926,16.706633540768856,26546122.365133379,-125369.07865765318,26420753.286475725,50000000,0,26553067.226646438,-13238573.123025509
48996.43025882548,54369.298330068537,57567.84670110458,592972674.56564343,109943930.34395787,1.0000000000000001e-09,8000000,0,12692.399948711238,0.59297267456564351,26419342.206265569,-133448.69056899563,1,66.475652400408734,16.718713611560567,26546122.365133218,-126780.15886764973,26419342.206265569,50000000,0,26552790.892210137,-13347020.999025509
48896.469922616307,54419.278498173124,57654.414891632558,592972674.56564343,109943930.34395787,1.0000000000000001e-09,8000000,0,12692.332594149542,0.59297267456564351,26417307.305003989,-135501.55209779541,1,66.570506601530511,16.700725295647516,26546122.36513342,-128815.06012943015,26417307.305003989,50000000,0,26552808.852477372,-13522662.224550173
48796.509586407119,54469.25866627771,57740.983082160543,592972674.56564343,109943930.34395787,1.0000000000000001e-09,8000000,0,12692.737966121562,0.59297267456564351,26416852.826858934,-135991.98696103058,1,66.531810710527353,16.748922811346109,26546122.365133334,-129269.53827439994,26416852.826858934,50000000,0,26552844.8091955,-13589222.298546018
48696.549250197961,54519.238834382297,57827.551272688514,592972674.56564343,109943930.34395787,1.0000000000000001e-09,8000000,0,12691.914045854457,0.59297267456564351,26416401.077005211,-136035.9105388913,1,66.396756877910818,16.769317958223986,26546122.365133449,-129721.28812823817,26416401.077005211,50000000,0,26552436.9829197,-13645382.343393914
48596.588913988788,54569.219002486883,57914.119463216492,592972674.56564343,109943930.34395787,1.0000000000000001e-09,8000000,0,12692.753463194127,0.59297267456564351,26413612.314486876,-139261.46417664827,1,66.447040087927505,16.747144010311818,26546122.365133386,-132510.05064650998,26413612.314486876,50000000,0,26552873.774039064,-13865575.033265989
48496.628577779607,54619.19917059147,58000.68765374447,592972674.56564343,109943930.34395787,1.0000000000000001e-09,8000000,0,12692.400089636596,0.59297267456564351,26412989.244638592,-139177.96977313873,1,66.472703640557327,16.767823195357735,26546122.365133468,-133133.12049487606,26412989.244638592,50000000,0,26552167.209787328,-13944001.484062277
48396.668241570442,54669.179338696056,58087.255844272448,592972674.56564343,109943930.34395787,1.0000000000000001e-09,8000000,0,12692.205966817182,0.59297267456564351,26412100.195504937,-140759.6992696235,1,66.372795221444946,16.782488288742513,26546122.365133341,-134022.16962840408,26412100.195504937,50000000,0,26552859.890150111,-14039590.472206645
48296.707905361262,54719.159506800643,58173.824034800426,592972674.56564343,109943930.34395787,1.0000000000000001e-09,8000000,0,12692.486820631002,0.59297267456564351,26411031.605997741,-140817.27015964402,1,66.42248542074725,16.751810746839407,26546122.365133442,-135090.75913570076,26411031.605997741,50000000,0,26551848.871532924,-14143650.870659884
48196.747569152096,54769.139674905229,58260.392225328404,592972674.56564343,109943930.34395787,1.0000000000000001e-09,8000000,0,12692.549568493805,0.59297267456564351,26408026.397429984,-144934.76727166391,1,66.476555098694504,16.759645466895879,26546122.365133431,-138095.96770344675,26408026.397429984,50000000,0,26552961.160077211,-14391039.754591944
48096.787232942916,54819.119843009816,58346.960415856382,592972674.56564343,109943930.34395787,1.0000000000000001e-09,8000000,0,12692.208197372986,0.59297267456564351,26408562.379351828,-143041.89533573826,1,66.401756751116849,16.762295837073001,26546122.365133408,-137559.98578158021,26408562.379351828,50000000,0,26551604.270063139,-14385304.966019155
47996.82689673375,54869.100011114402,58433.528606384352,592972674.56564343,109943930.34395787,1.0000000000000001e-09,8000000,0,12692.672827478238,0.59297267456564351,26406360.424031317,-146639.6092342092,1,66.469932350987818,16.717645921283218,26546122.365133405,-139761.9411020875,26406360.424031317,50000000,0,26553000.028641079,-14594476.512769295
47896.866560524577,54919.080179218989,58520.09679691233,592972674.56564343,109943930.34395787,1.0000000000000001e-09,8000000,0,12691.975989166202,0.59297267456564351,26405081.37664723,-146530.26220421426,1,66.574709542153911,16.705318310889375,26546122.36513333,-141040.98848609999,26405081.37664723,50000000,0,26551611.634227004,-14728565.682373896
47796.906224315404,54969.060347323575,58606.664987440308,592972674.56564343,109943930.34395787,1.0000000000000001e-09,8000000,0,12693.11889968496,0.59297267456564351,26402302.002438489,-150963.119938633,1,66.514829982334859,16.711743647299432,26546122.365133502,-143820.36269501224,26402302.002438489,50000000,0,26553265.117752656,-14960933.52950885
47696.945888106231,55019.040515428162,58693.233177968286,592972674.56564343,109943930.34395787,1.0000000000000001e-09,8000000,0,12691.638065680238,0.59297267456564351,26403749.433874745,-147908.71934466308,1,66.563742585188265,16.658062976168857,26546122.365133502,-142372.93125875667,26403749.433874745,50000000,0,26551658.148594987,-14918051.825063853
47596.985551897058,55069.020683532748,58779.801368496264,592972674.56564343,109943930.34395787,1.0000000000000001e-09,8000000,0,12692.9448075652,0.59297267456564351,26400522.45788148,-153069.2342523681,1,66.718264802839386,16.634453315238961,26546122.365133222,-145599.90725174174,26400522.45788148,50000000,0,26553591.687509414,-15173658.179287618
47497.025215687878,55119.000851637335,58866.369559024242,592972674.56564343,109943930.34395787,1.0000000000000001e-09,8000000,0,12691.93323813524,0.59297267456564351,26401534.96596707,-150126.46742136189,1,66.655577770759365,16.648714833762234,26546122.365133852,-144587.39916678146,26401534.96596707,50000000,0,26551661.428764049,-15057774.809045412
47397.064879478712,55168.981019741921,58952.93774955222,592972674.56564343,109943930.34395787,1.0000000000000001e-09,8000000,0,12693.668878476965,0.59297267456564351,26402989.818664014,-150449.17149650244,1,66.670126887459233,16.599714658636991,26546122.365133248,-143132.54646923393,26402989.818664014,50000000,0,26553438.985536035,-14889705.22827805
47297.104543269539,55218.961187846508,59039.505940080191,592972674.56564343,109943930.34395787,1.0000000000000001e-09,8000000,0,12700.050439353796,0.59297267456564351,26408403.107680876,-142160.7044412012,1,66.847314050894809,16.561548577655643,26546122.365128238,-137719.25744736195,26408403.107680876,50000000,0,26550563.807497643,-14452243.498280888
47197.144207060366,55268.941355951094,59126.074130608176,592972674.56564343,109943930.34395787,1.0000000000000001e-09,8000000,0,12699.419377045177,0.59297267456564351,26403915.127614856,-148039.83539564945,1,66.800820545713918,16.585388858470186,26546122.365133505,-142207.23751864955,26403915.127614856,50000000,0,26551954.958386082,-14715801.86242665
47097.183870851186,55318.92152405568,59212.642321136154,592972674.56564343,109943930.34395787,1.0000000000000001e-09,8000000,0,12693.616131245179,0.59297267456564351,26400130.197230671,-149059.9945050778,1,66.749499584260036,16.553572750010094,26546122.365133718,-145992.16790304706,26400130.197230671,50000000,0,26549190.187111299,-14985311.233891346
46997.22353464202,55368.901692160267,59299.210511664125,592972674.56564343,109943930.34395787,1.0000000000000001e-09,8000000,0,12694.469511057665,0.59297267456564351,26395400.107520845,-155877.70658527565,1,66.936830835544697,16.51653226724083,26546122.365132391,-150722.25761154667,26395400.107520845,50000000,0,26551277.809481673,-15481183.06358617
46897.263198432847,55418.881860264853,59385.778702192103,592972674.56564343,109943930.34395787,1.0000000000000001e-09,8000000,0,12691.436347638057,0.59297267456564351,26392804.876964081,-156191.86170305894,1,66.902254944546542,16.564105117197876,26546122.36513263,-153317.48816854879,26392804.876964081,50000000,0,26548996.734042764,-15723581.656108314
46797.302862223674,55468.86202836944,59472.346892720081,592972674.56564343,109943930.34395787,1.0000000000000001e-09,8000000,0,12693.324809357749,0.59297267456564351,26388385.254007213,-162968.94486771792,1,66.762526939087309,16.555762668207766,26546122.3651338,-157737.11112658679,26388385.254007213,50000000,0,26551354.194250438,-16111104.631641313
46697.342526014516,55518.842196474019,59558.915083248045,592972674.56564343,109943930.34395787,1.0000000000000001e-09,8000000,0,12691.481430563972,0.59297267456564351,26389492.290902425,-159685.04121239338,1,66.934467478929307,16.520670813192609,26546122.36513279,-156630.07423036546,26389492.290902425,50000000,0,26549177.327490401,-16082377.906830875
46597.382189805343,55568.822364578606,59645.483273776023,592972674.56564343,109943930.34395787,1.0000000000000001e-09,8000000,0,12694.338487135632,0.59297267456564351,26388414.563234258,-163181.60236311224,1,66.888376173110188,16.573361736202461,26546122.365132727,-157707.80189846829,26388414.563234258,50000000,0,26551596.160972845,-16226717.346635802
46497.421853596155,55618.802532683192,59732.051464304008,592972674.56564343,109943930.34395787,1.0000000000000001e-09,8000000,0,12694.107577377956,0.59297267456564351,26388075.610044084,-161322.78931315034,1,66.718657963141652,16.598134228904417,26546122.365133531,-158046.7550894469,26388075.610044084,50000000,0,26549398.394732878,-16250606.086429358
46397.461517386997,55668.782700787779,59818.619654831979,592972674.56564343,109943930.34395787,1.0000000000000001e-09,8000000,0,12693.799319942411,0.59297267456564351,26384095.82491174,-167663.32417544234,1,66.792109633375404,16.570014381684611,26546122.365133073,-162026.5402213335,26384095.82491174,50000000,0,26551759.144462686,-16616177.393145258
46297.501181177824,55718.762868892365,59905.187845359957,592972674.56564343,109943930.34395787,1.0000000000000001e-09,8000000,0,12691.9067322093,0.59297267456564351,26384253.340416294,-165354.89282076637,1,66.830592129102214,16.616889346743076,26546122.365133084,-161869.02471679077,26384253.340416294,50000000,0,26549608.228612639,-16671644.205458719
46197.540844968644,55768.743036996952,59991.756035887935,592972674.56564343,109943930.34395787,1.0000000000000001e-09,8000000,0,12692.650299725383,0.59297267456564351,26380534.40756394,-171072.63908522754,1,66.619706964037746,16.667825628376626,26546122.365133461,-165587.95756952092,26380534.40756394,50000000,0,26551607.042024698,-16978759.758715749
46097.580508759478,55818.723205101538,60078.324226415913,592972674.56564343,109943930.34395787,1.0000000000000001e-09,8000000,0,12692.162111252937,0.59297267456564351,26379569.856894948,-170044.17849937093,1,66.631170533764276,16.645272559600748,26546122.365133341,-166552.50823839381,26379569.856894948,50000000,0,26549614.030769866,-17085442.012120642
45997.620172550298,55868.703373206125,60164.892416943891,592972674.56564343,109943930.34395787,1.0000000000000001e-09,8000000,0,12692.891784623012,0.59297267456564351,26376991.946551811,-174451.36015640429,1,66.698197428681581,16.6742120305485,26546122.365133271,-169130.41858145967,26376991.946551811,50000000,0,26551443.302083805,-17328274.279924735
45897.659836341132,55918.683541310711,60251.460607471861,592972674.56564343,109943930.34395787,1.0000000000000001e-09,8000000,0,12691.649643106528,0.59297267456564351,26377874.759093355,-171657.36617547757,1,66.520041381764841,16.730490928381908,26546122.365133628,-168247.60604027286,26377874.759093355,50000000,0,26549532.120644368,-17294376.535514522
45797.699500131952,55968.663709415297,60338.028797999847,592972674.56564343,109943930.34395787,1.0000000000000001e-09,8000000,0,12693.110359383341,0.59297267456564351,26373796.827355474,-177333.85580087532,1,66.483540331538919,16.718836046875875,26546122.365133557,-172325.53777808324,26373796.827355474,50000000,0,26551130.678531937,-17601424.32688484
45697.739163922786,56018.643877519884,60424.596988527817,592972674.56564343,109943930.34395787,1.0000000000000001e-09,8000000,0,12691.977328773397,0.59297267456564351,26373650.893553864,-175833.39873475261,1,66.551450992068382,16.729665207742318,26546122.365133252,-172471.47157938778,26373650.893553864,50000000,0,26549484.287664078,-17656026.744689368
45597.778827713613,56068.62404562447,60511.165179055795,592972674.56564343,109943930.34395787,1.0000000000000001e-09,8000000,0,12692.668503539289,0.59297267456564351,26372124.608648196,-178679.20416877832,1,66.445525133269484,16.771125374944678,26546122.365133394,-173997.75648519769,26372124.608648196,50000000,0,26550803.808192588,-17795141.239049915
45497.818491504426,56118.604213729057,60597.733369583781,592972674.56564343,109943930.34395787,1.0000000000000001e-09,8000000,0,12692.209835515921,0.59297267456564351,26371598.109364983,-177750.37320646859,1,66.39102648069472,16.764824654811971,26546122.36513349,-174524.25576850772,26371598.109364983,50000000,0,26549348.477947012,-17851231.850605194
45397.85815529526,56168.584381833643,60684.301560111751,592972674.56564343,109943930.34395787,1.0000000000000001e-09,8000000,0,12692.535843579864,0.59297267456564351,26368430.655764844,-182140.33513406277,1,66.466188478658466,16.75613382088547,26546122.365133222,-177691.70936837792,26368430.655764844,50000000,0,26550570.986274436,-18109486.868381053
45297.897819086094,56218.56454993823,60770.869750639729,592972674.56564343,109943930.34395787,1.0000000000000001e-09,8000000,0,12692.510180189478,0.59297267456564351,26368924.463288262,-180432.9815564111,1,66.415707604369459,16.782542513806401,26546122.365133367,-177197.90184510499,26368924.463288262,50000000,0,26549357.440220222,-18095760.054963678
45197.937482876914,56268.544718042816,60857.437941167707,592972674.56564343,109943930.34395787,1.0000000000000001e-09,8000000,0,12692.198425522573,0.59297267456564351,26367853.199324995,-182344.72384167559,1,66.379525670287734,16.761759770135178,26546122.365133293,-178269.16580829769,26367853.199324995,50000000,0,26550197.918542285,-18191370.815875746
45097.977146667748,56318.524886147403,60944.006131695685,592972674.56564343,109943930.34395787,1.0000000000000001e-09,8000000,0,12692.398163535099,0.59297267456564351,26366854.893417981,-182516.06017962447,1,66.489739157155498,16.740603230217108,26546122.365133248,-179267.47171526775,26366854.893417981,50000000,0,26549370.948973153,-18270347.169317618
44998.016810458568,56368.505054251989,61030.574322223663,592972674.56564343,109943930.34395787,1.0000000000000001e-09,8000000,0,12692.75635768692,0.59297267456564351,26365984.786189955,-183893.22279857652,1,66.456408376984697,16.761816341390215,26546122.365133408,-180137.57894345373,26365984.786189955,50000000,0,26549878.004364096,-18316417.777744543
44898.056474249403,56418.485222356576,61117.142512751634,592972674.56564343,109943930.34395787,1.0000000000000001e-09,8000000,0,12691.923167609973,0.59297267456564351,26367911.38598397,-181370.90021479395,1,66.417682625121188,16.734537540333985,26546122.365133461,-178210.97914949059,26367911.38598397,50000000,0,26549282.281574301,-18159158.782929514
44798.096138040222,56468.465390461162,61203.710703279619,592972674.56564343,109943930.34395787,1.0000000000000001e-09,8000000,0,12692.719885484659,0.59297267456564351,26368381.079896051,-181094.90392252753,1,66.567913662174888,16.686409677064606,26546122.365132973,-177741.28523692116,26368381.079896051,50000000,0,26549475.979194108,-18083016.910422049
44698.135801831057,56518.445558565749,61290.27889380759,592972674.56564343,109943930.34395787,1.0000000000000001e-09,8000000,0,12692.341696672453,0.59297267456564351,26369910.69516065,-179352.47312022187,1,66.591670096821403,16.705649777455399,26546122.365134209,-176211.66997355968,26369910.69516065,50000000,0,26549263.163656425,-17880198.159559317
44598.175465621884,56568.425726670335,61376.847084335568,592972674.56564343,109943930.34395787,1.0000000000000001e-09,8000000,0,12692.416946931988,0.59297267456564351,26374511.116100535,-174491.48761291319,1,66.507272037719204,16.68658079602632,26546122.36513019,-171611.24902965501,26374511.116100535,50000000,0,26549002.599088985,-17410257.375304349
44498.215129412696,56618.405894774922,61463.415274863553,592972674.56564343,109943930.34395787,1.0000000000000001e-09,8000000,0,12692.475072980484,0.59297267456564351,26380788.422314789,-168345.14943696916,1,66.665376734852344,16.617746007118033,26546122.36514641,-165333.94283162057,26380788.422314789,50000000,0,26549133.567127258,-16794576.581974223
44398.25479320353,56668.386062879508,61549.983465391524,592972674.56564343,109943930.34395787,1.0000000000000001e-09,8000000,0,12692.218356867039,0.59297267456564351,26388697.421741363,-160076.91210724515,1,66.776483274892172,16.618834189840694,26546122.365082778,-157424.94334141538,26388697.421741363,50000000,0,26548774.329224195,-15963853.682770677
44298.294456994365,56718.366230984095,61636.551655919502,592972674.56564343,109943930.34395787,1.0000000000000001e-09,8000000,0,12692.475439588692,0.59297267456564351,26399966.510404911,-149045.56333952435,1,66.661546360946062,16.627602884177549,26546122.365308259,-146155.85490334779,26399966.510404911,50000000,0,26549012.069119964,-14860012.49287702
44198.334120785192,56768.346399088681,61723.119846447473,592972674.56564343,109943930.34395787,1.0000000000000001e-09,8000000,0,12693.601620773965,0.59297267456564351,26413735.939379759,-136165.93553893827,1,66.747685417699614,16.563049529691991,26546122.364503998,-132386.42512423918,26413735.939379759,50000000,0,26549901.870294265,-13792137.985470744
44098.373784576019,56818.326567193268,61809.688036975458,592972674.56564343,109943930.34395787,1.0000000000000001e-09,8000000,0,12686.427518695364,0.59297267456564351,26419283.960837066,-134341.59649549535,1,66.920578007176744,16.552321609048938,26546122.367393486,-126838.40655642003,26419283.960837066,50000000,0,26553625.552708153,-14749196.332510253
43998.413448366839,56868.306735297854,61896.256227503436,592972674.56564343,109943930.34395787,1.0000000000000001e-09,8000000,0,12719.97332658929,0.59297267456564351,26350363.526760962,-211671.57047752803,1,50.194597126105826,8.2345447389522537,26546122.359462943,-195758.83270198107,26350363.526760962,50000000,0,26562035.092613969,-14927004.133313477
43948.433280262252,56893.296819350144,61939.540322767425,592972674.56564343,109943930.34395787,1.0000000000000001e-09,8000000,0,12924.136649754024,0.59297267456564351,26274837.087300655,-252420.70877883071,1,33.386467620511176,8.315117220039383,26546122.367616303,-271285.28031564876,26274837.087300655,50000000,0,26527257.79145506,-12870543.832689369
43898.453112157673,56918.286903402441,61982.824418031407,592972674.56564343,109943930.34395787,1.0000000000000001e-09,8000000,0,12966.98696168373,0.59297267456564351,26218824.034638394,-324720.49687162176,1,33.342110000909919,8.3114504983669537,26546122.364790488,-327298.33015209436,26218824.034638394,50000000,0,26543544.52688555,-15729458.456846615
43848.472944053094,56943.27698745473,62026.108513295389,592972674.56564343,109943930.34395787,1.0000000000000001e-09,8000000,0,12958.422551494121,0.59297267456564351,26206536.822493732,-337327.90069463186,1,33.363524293327778,8.309380249896364,26546122.365204647,-339585.54271091521,26206536.822493732,50000000,0,26543864.718564037,-16758513.915117962
43798.492775948514,56968.26707150702,62069.392608559378,592972674.56564343,109943930.34395787,1.0000000000000001e-09,8000000,0,12960.74484926617,0.59297267456564351,26210030.368924908,-337590.51644756948,1,33.361564721138109,8.3109932833769218,26546122.365136977,-336091.99621206895,26210030.368924908,50000000,0,26547620.88074797,-16811670.114087313
43748.512607843921,56993.257155559317,62112.676703823367,592972674.56564343,109943930.34395787,1.0000000000000001e-09,8000000,0,12960.102338514496,0.59297267456564351,26217178.862554543,-330422.17229328555,1,33.35399425981602,8.3123848282342312,26546122.365123909,-328943.50256936625,26217178.862554543,50000000,0,26547601.030223414,-16505429.393278765
43698.532439739334,57018.247239611606,62155.960799087356,592972674.56564343,109943930.34395787,1.0000000000000001e-09,8000000,0,12960.277040897676,0.59297267456564351,26225810.616767813,-322268.24141563865,1,33.356621475466874,8.3105999370474581,26546122.365137264,-320311.74836945161,26225810.616767813,50000000,0,26548078.853558958,-16109940.653752221
43648.552271634748,57043.237323663896,62199.244894351345,592972674.56564343,109943930.34395787,1.0000000000000001e-09,8000000,0,12960.250525702597,0.59297267456564351,26233647.46098705,-314485.67843490909,1,33.361082005660542,8.3109627263079098,26546122.365132041,-312474.90414499119,26233647.46098705,50000000,0,26548133.134797636,-15727973.640804294
43598.572103530169,57068.227407716193,62242.528989615326,592972674.56564343,109943930.34395787,1.0000000000000001e-09,8000000,0,12960.242335622797,0.59297267456564351,26240339.484781962,-307804.13657886081,1,33.355006273550728,8.3160846943950713,26546122.365133788,-305782.88035182655,26240339.484781962,50000000,0,26548143.616736352,-15392295.220104571
43548.591935425575,57093.21749176849,62285.813084879323,592972674.56564343,109943930.34395787,1.0000000000000001e-09,8000000,0,12960.216847272606,0.59297267456564351,26246016.565026689,-302042.08523207373,1,33.340702465241741,8.3196072108528849,26546122.365133125,-300105.80010643601,26246016.565026689,50000000,0,26548058.645634376,-15103323.67479755
43498.611767320988,57118.207575820779,62329.097180143312,592972674.56564343,109943930.34395787,1.0000000000000001e-09,8000000,0,12960.329338831803,0.59297267456564351,26250677.215896275,-297286.04335940612,1,33.34086883381773,8.3193200579934778,26546122.365133636,-295445.14923736081,26250677.215896275,50000000,0,26547963.254631203,-14865912.940916644
43448.631599216402,57143.197659873069,62372.381275407301,592972674.56564343,109943930.34395787,1.0000000000000001e-09,8000000,0,12960.414096936334,0.59297267456564351,26254410.887072951,-293445.43013735639,1,33.341306582840183,8.3226012873801558,26546122.365133245,-291711.47806029394,26254410.887072951,50000000,0,26547856.312585831,-14673236.097524416
43398.651431111823,57168.187743925366,62415.665370671282,592972674.56564343,109943930.34395787,1.0000000000000001e-09,8000000,0,12960.732052874037,0.59297267456564351,26257443.1982533,-290313.59536154795,1,33.326477393783939,8.3310634023857055,26546122.365133379,-288679.16688007861,26257443.1982533,50000000,0,26547756.788990431,-14514252.997631701
43348.671263007229,57193.177827977663,62458.949465935271,592972674.56564343,109943930.34395787,1.0000000000000001e-09,8000000,0,12961.132300337946,0.59297267456564351,26259964.25416268,-287705.67384993949,1,33.308674044803425,8.3342912274071086,26546122.365133379,-286158.1109706983,26259964.25416268,50000000,0,26547669.923388198,-14384060.262206858
43298.69109490265,57218.167912029952,62502.23356119926,592972674.56564343,109943930.34395787,1.0000000000000001e-09,8000000,0,12961.499096840957,0.59297267456564351,26261768.020630531,-285848.5162760829,1,33.313373112706138,8.334509242072345,26546122.36513336,-284354.34450282902,26261768.020630531,50000000,0,26547616.532282121,-14292032.984421527
43248.710926798063,57243.157996082242,62545.517656463249,592972674.56564343,109943930.34395787,1.0000000000000001e-09,8000000,0,12961.692640180569,0.59297267456564351,26263049.172894035,-284555.66674378351,1,33.307862751374557,8.3398946250007331,26546122.365133207,-283073.19223917276,26263049.172894035,50000000,0,26547604.835013375,-14226129.465684932
43198.730758693477,57268.148080134539,62588.801751727238,592972674.56564343,109943930.34395787,1.0000000000000001e-09,8000000,0,12962.01403955004,0.59297267456564351,26263965.932536598,-283670.40332014085,1,33.291374752571585,8.3469454926109705,26546122.365133371,-282156.43259677291,26263965.932536598,50000000,0,26547636.331232306,-14181686.503734082
43148.750590588883,57293.138164186836,62632.085846991227,592972674.56564343,109943930.34395787,1.0000000000000001e-09,8000000,0,12962.583189167279,0.59297267456564351,26264410.852739241,-283306.57329600729,1,33.279813801025163,8.3479803089257061,26546122.365133394,-281711.51239415258,26264410.852739241,50000000,0,26547717.421410821,-14163399.509956278
43098.770422484304,57318.128248239125,62675.369942255216,592972674.56564343,109943930.34395787,1.0000000000000001e-09,8000000,0,12962.76439267091,0.59297267456564351,26264292.582241435,-283568.96160229674,1,33.287832201314714,8.3468769041772859,26546122.365133274,-281829.78289183974,26264292.582241435,50000000,0,26547861.539219309,-14177629.932708735
43048.79025437971,57343.118332291415,62718.654037519205,592972674.56564343,109943930.34395787,1.0000000000000001e-09,8000000,0,12963.279235832146,0.59297267456564351,26263736.523736212,-284321.4597951537,1,33.282988799518314,8.3511545890905108,26546122.365133248,-282385.84139703587,26263736.523736212,50000000,0,26548057.978906922,-14217267.596555015
42998.810086275131,57368.108416343712,62761.938132783194,592972674.56564343,109943930.34395787,1.0000000000000001e-09,8000000,0,12963.680575873683,0.59297267456564351,26262437.716144685,-285862.79812244017,1,33.272350586341524,8.3518827934637319,26546122.365133539,-283684.64898885414,26262437.716144685,50000000,0,26548300.509642687,-14293965.558349965
42948.829918170544,57393.098500396009,62805.222228047176,592972674.56564343,109943930.34395787,1.0000000000000001e-09,8000000,0,12962.939789704662,0.59297267456564351,26260170.745825041,-288345.26482663932,1,33.278870360368295,8.3491260098151798,26546122.365133267,-285951.61930822581,26260170.745825041,50000000,0,26548516.006027151,-14415268.589459909
42898.849750065958,57418.088584448298,62848.506323311165,592972674.56564343,109943930.34395787,1.0000000000000001e-09,8000000,0,12961.595413829824,0.59297267456564351,26257315.479802448,-291284.53858270933,1,33.28362152922346,8.348292948091018,26546122.365133449,-288806.88533100113,26257315.479802448,50000000,0,26548600.013760835,-14559298.021397701
42848.869581961379,57443.078668500588,62891.790418575154,592972674.56564343,109943930.34395787,1.0000000000000001e-09,8000000,0,12960.501191622707,0.59297267456564351,26254300.248699028,-294295.22260439815,1,33.283228878222886,8.3468288111541504,26546122.365133446,-291822.11643441767,26254300.248699028,50000000,0,26548595.466678947,-14707302.063534167
42798.889413856778,57468.068752552885,62935.07451383915,592972674.56564343,109943930.34395787,1.0000000000000001e-09,8000000,0,12960.223571761986,0.59297267456564351,26251359.208797451,-297176.11425931065,1,33.289382182618212,8.3434680341282554,26546122.365133312,-294763.15633586049,26251359.208797451,50000000,0,26548535.318432283,-14850599.287311208
42748.909245752191,57493.058836605182,62978.358609103139,592972674.56564343,109943930.34395787,1.0000000000000001e-09,8000000,0,12960.257555071476,0.59297267456564351,26248641.073228337,-299798.38011443062,1,33.296394527891742,8.3408238245152351,26546122.365133416,-297481.29190507904,26248641.073228337,50000000,0,26548439.448718343,-14983322.524714932
42698.929077647605,57518.048920657471,63021.642704367128,592972674.56564343,109943930.34395787,1.0000000000000001e-09,8000000,0,12960.235281699936,0.59297267456564351,26246001.682621095,-302324.80925462383,1,33.300320215342303,8.3379568632562133,26546122.365133267,-300120.68251217157,26246001.682621095,50000000,0,26548326.487251226,-15110881.609283451
42648.948909543025,57543.039004709761,63064.92679963111,592972674.56564343,109943930.34395787,1.0000000000000001e-09,8000000,0,12960.236931080228,0.59297267456564351,26243240.136862021,-304967.17869317904,1,33.308343786511294,8.3334746660467101,26546122.365133658,-302882.22827163711,26243240.136862021,50000000,0,26548207.310930826,-15242379.670145936
42598.968741438439,57568.029088762058,63108.210894895099,592972674.56564343,109943930.34395787,1.0000000000000001e-09,8000000,0,12960.251619657098,0.59297267456564351,26240450.774509542,-307633.60100188013,1,33.317647049535033,8.3281861228782041,26546122.365133174,-305671.59062363207,26240450.774509542,50000000,0,26548084.370886937,-15375353.849714821
42548.988573333845,57593.019172814355,63151.494990159088,592972674.56564343,109943930.34395787,1.0000000000000001e-09,8000000,0,12960.245965115662,0.59297267456564351,26237652.994692735,-310306.44791211974,1,33.329479669003376,8.3250545212882532,26546122.365133487,-308469.37044075131,26237652.994692735,50000000,0,26547959.43798038,-15511804.931641227
42499.008405229259,57618.009256866644,63194.779085423084,592972674.56564343,109943930.34395787,1.0000000000000001e-09,8000000,0,12960.228856160016,0.59297267456564351,26234648.373712867,-313201.8644840279,1,33.330479463092402,8.322883757584016,26546122.365133263,-311473.99142039567,26234648.373712867,50000000,0,26547850.23357245,-15654377.957294576
42449.028237124679,57642.999340918934,63238.063180687066,592972674.56564343,109943930.34395787,1.0000000000000001e-09,8000000,0,12960.249754579554,0.59297267456564351,26231520.156281862,-316223.51396335429,1,33.338074309143941,8.3185016974182826,26546122.365133591,-314602.20885172859,26231520.156281862,50000000,0,26547743.665620759,-15805247.822017459
42399.048069020093,57667.989424971231,63281.347275951055,592972674.56564343,109943930.34395787,1.0000000000000001e-09,8000000,0,12960.238224436674,0.59297267456564351,26228324.116217159,-319314.96813588083,1,33.347914005858257,8.3139914865086304,26546122.365133259,-317798.24891610071,26228324.116217159,50000000,0,26547639.079728641,-15960720.648273923
42349.067900915499,57692.979509023527,63324.631371215044,592972674.56564343,109943930.34395787,1.0000000000000001e-09,8000000,0,12960.242314711311,0.59297267456564351,26224995.541353676,-322555.86462641711,1,33.356308395015105,8.3128689489950656,26546122.365133446,-321126.82377976924,26224995.541353676,50000000,0,26547551.401355658,-16124429.225099567
42299.08773281092,57717.969593075817,63367.915466479033,592972674.56564343,109943930.34395787,1.0000000000000001e-09,8000000,0,12960.238312235013,0.59297267456564351,26221422.617029954,-326045.60712234274,1,33.352159442585773,8.3135457155980443,26546122.365133237,-324699.74810328335,26221422.617029954,50000000,0,26547468.219527937,-16295672.82968447
42249.107564706334,57742.959677128107,63411.199561743022,592972674.56564343,109943930.34395787,1.0000000000000001e-09,8000000,0,12960.246749886563,0.59297267456564351,26217806.236608475,-329580.56859847449,1,33.353828308473162,8.3090238562520398,26546122.365133379,-328316.12852490321,26217806.236608475,50000000,0,26547386.800582428,-16473214.850701975
42199.127396601747,57767.949761180404,63454.483657007011,592972674.56564343,109943930.34395787,1.0000000000000001e-09,8000000,0,12960.249590406896,0.59297267456564351,26213957.887037177,-333353.97028543078,1,33.370296261900748,8.3070029420631126,26546122.365133494,-332164.4780963175,26213957.887037177,50000000,0,26547311.852698248,-16664123.898424901
42149.147228497153,57792.9398452327,63497.767752271,592972674.56564343,109943930.34395787,1.0000000000000001e-09,8000000,0,12960.234039704106,0.59297267456564351,26210003.997403484,-337246.82203875581,1,33.361546501821358,8.3126479354164342,26546122.365133259,-336118.36772977561,26210003.997403484,50000000,0,26547250.814817771,-16857776.707095701
42099.167060392574,57817.92992928499,63541.051847534989,592972674.56564343,109943930.34395787,1.0000000000000001e-09,8000000,0,12960.233924919708,0.59297267456564351,26205831.189569727,-341350.76827437355,1,33.347882575733337,8.314531745434186,26546122.365133237,-340291.17556351051,26205831.189569727,50000000,0,26547181.95321966,-17060126.358364943
42049.18689228798,57842.92001333728,63584.335942798978,592972674.56564343,109943930.34395787,1.0000000000000001e-09,8000000,0,12960.257770686525,0.59297267456564351,26201533.305466112,-345586.13880408107,1,33.354285874211101,8.3119529466069171,26546122.365133446,-344589.05966733396,26201533.305466112,50000000,0,26547119.439645741,-17275042.261783674
41999.206724183401,57867.910097389577,63627.620038062967,592972674.56564343,109943930.34395787,1.0000000000000001e-09,8000000,0,12960.231442454024,0.59297267456564351,26196955.418323234,-350109.24791024951,1,33.35784311754702,8.3169538784803798,26546122.365133073,-349166.94680983946,26196955.418323234,50000000,0,26547064.661608957,-17501119.297157824
41949.226556078807,57892.900181441873,63670.904133326956,592972674.56564343,109943930.34395787,1.0000000000000001e-09,8000000,0,12960.24028385943,0.59297267456564351,26192345.967148829,-354665.21153357805,1,33.334218093322477,8.3248628146728052,26546122.365133353,-353776.39798452333,26192345.967148829,50000000,0,26547011.174057998,-17727477.858037341
41899.246387974228,57917.890265494163,63714.188228590938,592972674.56564343,109943930.34395787,1.0000000000000001e-09,8000000,0,12960.251904096805,0.59297267456564351,26187406.249040838,-359543.20761757111,1,33.326661376300379,8.3244876078161312,26546122.365133457,-358716.11609261855,26187406.249040838,50000000,0,26546949.452033948,-17970279.898056891
41849.266219869634,57942.880349546453,63757.472323854934,592972674.56564343,109943930.34395787,1.0000000000000001e-09,8000000,0,12960.242294485595,0.59297267456564351,26182272.464754526,-364630.96342810133,1,33.33533740994725,8.3253915636919498,26546122.365133416,-363849.90037889034,26182272.464754526,50000000,0,26546903.423558179,-18227595.862797569
41799.286051765048,57967.87043359875,63800.756419118923,592972674.56564343,109943930.34395787,1.0000000000000001e-09,8000000,0,12960.240549004446,0.59297267456564351,26176962.420472026,-369890.91347375914,1,33.323101171041095,8.3347593110816458,26546122.365133468,-369159.94466144219,26176962.420472026,50000000,0,26546853.329321392,-18490030.895037293
41749.305883660461,57992.860517651046,63844.040514382912,592972674.56564343,109943930.34395787,1.0000000000000001e-09,8000000,0,12960.237032879215,0.59297267456564351,26171452.955872584,-375346.53366147837,1,33.298194640821528,8.3394667091964774,26546122.365133412,-374669.40926082805,26171452.955872584,50000000,0,26546799.484909561,-18760145.534538526
41699.325715555875,58017.850601703336,63887.324609646901,592972674.56564343,109943930.34395787,1.0000000000000001e-09,8000000,0,12960.243126915382,0.59297267456564351,26165572.734140567,-381179.27376045915,1,33.303997758476285,8.3377939549626028,26546122.365133498,-380549.63099293038,26165572.734140567,50000000,0,26546752.003276642,-19053132.290599506
41649.345547451288,58042.840685755626,63930.60870491089,592972674.56564343,109943930.34395787,1.0000000000000001e-09,8000000,0,12960.248271965242,0.59297267456564351,26159536.647257797,-387170.60019215132,1,33.304523491105201,8.3418136523027506,26546122.365133267,-386585.71787546948,26159536.647257797,50000000,0,26546707.24282559,-19354504.609221786
41599.365379346709,58067.830769807922,63973.892800174872,592972674.56564343,109943930.34395787,1.0000000000000001e-09,8000000,0,12960.224399480101,0.59297267456564351,26153244.923340328,-393413.00972769386,1,33.288707414179768,8.3487309519665462,26546122.365133401,-392877.44179307297,26153244.923340328,50000000,0,26546657.928443536,-19665591.726552807
41549.385211242115,58092.820853860219,64017.176895438868,592972674.56564343,109943930.34395787,1.0000000000000001e-09,8000000,0,12960.259796169825,0.59297267456564351,26146588.354565535,-400022.01215454761,1,33.276475139367101,8.3494247364772392,26546122.365133528,-399534.01056799293,26146588.354565535,50000000,0,26546610.36209571,-19993461.061500676
41499.405043137529,58117.810937912509,64060.460990702857,592972674.56564343,109943930.34395787,1.0000000000000001e-09,8000000,0,12960.249997476416,0.59297267456564351,26139635.192845687,-406930.92696274462,1,33.28533683176024,8.3473179144884284,26546122.365133293,-406487.1722876057,26139635.192845687,50000000,0,26546566.115183916,-20341345.798508167
41449.424875032943,58142.801021964799,64103.745085966846,592972674.56564343,109943930.34395787,1.0000000000000001e-09,8000000,0,12960.225607617172,0.59297267456564351,26132429.232762568,-414092.18856690038,1,33.285630981767014,8.3487028200479951,26546122.3651333,-413693.13237073272,26132429.232762568,50000000,0,26546521.416705076,-20700668.481736232
41399.444706928363,58167.791106017095,64147.029181230828,592972674.56564343,109943930.34395787,1.0000000000000001e-09,8000000,0,12960.251735927559,0.59297267456564351,26124782.968863431,-421690.28649774881,1,33.280105721394676,8.3510067514126494,26546122.365133442,-421339.39627001062,26124782.968863431,50000000,0,26546473.250736702,-21079083.615645085
41349.46453882377,58192.781190069392,64190.313276494817,592972674.56564343,109943930.34395787,1.0000000000000001e-09,8000000,0,12960.240197344605,0.59297267456564351,26116776.538495257,-429655.22405541287,1,33.275570846219637,8.3495007545038487,26546122.365133308,-429345.82663805038,26116776.538495257,50000000,0,26546431.757926237,-21475191.280056559
41299.48437071919,58217.771274121682,64233.597371758806,592972674.56564343,109943930.34395787,1.0000000000000001e-09,8000000,0,12960.236915165937,0.59297267456564351,26108439.580742676,-437945.94557429326,1,33.28634003232137,8.3444877216334259,26546122.365133442,-437682.78439076617,26108439.580742676,50000000,0,26546385.52169247,-21892790.150100634
41249.504202614604,58242.761358173972,64276.881467022795,592972674.56564343,109943930.34395787,1.0000000000000001e-09,8000000,0,12960.242230239615,0.59297267456564351,26099607.234748349,-446733.93944203731,1,33.29620510935576,8.3424109558967139,26546122.365133222,-446515.1303848736,26099607.234748349,50000000,0,26546341.169566032,-22333235.565606795
41199.524034510017,58267.751442226268,64320.165562286784,592972674.56564343,109943930.34395787,1.0000000000000001e-09,8000000,0,12960.241520756203,0.59297267456564351,26090286.493568324,-456013.99201766634,1,33.294192008051056,8.3427559398120099,26546122.365133431,-455835.87156510726,26090286.493568324,50000000,0,26546300.480961502,-22794478.024025936
41149.543866405424,58292.741526278565,64363.449657550773,592972674.56564343,109943930.34395787,1.0000000000000001e-09,8000000,0,12960.252452776765,0.59297267456564351,26080578.243090719,-465676.15458103415,1,33.294601823287969,8.3379284375375704,26546122.3651333,-465544.12204258144,26080578.243090719,50000000,0,26546254.393047377,-23277132.861107621
41099.563698300844,58317.731610330855,64406.733752814762,592972674.56564343,109943930.34395787,1.0000000000000001e-09,8000000,0,12960.238411560495,0.59297267456564351,26070285.644402277,-475923.64277491346,1,33.313885009268191,8.3305050482676588,26546122.365133468,-475836.72073119134,26070285.644402277,50000000,0,26546209.28255276,-23792998.058255866
41049.583530196251,58342.721694383144,64450.017848078751,592972674.56564343,109943930.34395787,1.0000000000000001e-09,8000000,0,12960.236854277497,0.59297267456564351,26059362.171595164,-486808.19160410186,1,33.324154060294106,8.3292577511595347,26546122.365133349,-486760.19353818521,26059362.171595164,50000000,0,26546170.35857477,-24336879.533878498
40999.603362091671,58367.711778435441,64493.30194334274,592972674.56564343,109943930.34395787,1.0000000000000001e-09,8000000,0,12960.258391835194,0.59297267456564351,26047915.039830681,-498210.5458011778,1,33.318688261803558,8.3278054333733493,26546122.365133453,-498207.32530277222,26047915.039830681,50000000,0,26546125.581007477,-24903359.165599894
40949.623193987085,58392.701862487738,64536.586038606722,592972674.56564343,109943930.34395787,1.0000000000000001e-09,8000000,0,12960.228614111333,0.59297267456564351,26035874.75027518,-510204.81110591069,1,33.330326045486757,8.3188588768853222,26546122.365133166,-510247.61485798657,26035874.75027518,50000000,0,26546079.556756645,-25505601.874186683
40899.643025882498,58417.691946540028,64579.870133870711,592972674.56564343,109943930.34395787,1.0000000000000001e-09,8000000,0,12960.239502696106,0.59297267456564351,26022970.196981791,-523065.5723532273,1,33.354300585495679,8.3152808252366093,26546122.36513349,-523152.16815169901,26022970.196981791,50000000,0,26546035.764710616,-26152007.632841613
40849.662857777919,58442.682030592317,64623.1542291347,592972674.56564343,109943930.34395787,1.0000000000000001e-09,8000000,0,12960.249927426805,0.59297267456564351,26009492.84107022,-536506.17201166938,1,33.344485619854169,8.3177769817808667,26546122.365133304,-536629.52406308427,26009492.84107022,50000000,0,26545999.008457471,-26819990.18373077
40799.68268967334,58467.672114644607,64666.438324398681,592972674.56564343,109943930.34395787,1.0000000000000001e-09,8000000,0,12960.245088203936,0.59297267456564351,25995195.318381671,-550751.80929095263,1,33.344662329873003,8.3129047848940321,26546122.365133315,-550927.04675164446,25995195.318381671,50000000,0,26545947.123048145,-27530273.572205506
40749.702521568746,58492.662198696897,64709.72241966267,592972674.56564343,109943930.34395787,1.0000000000000001e-09,8000000,0,12960.237811378845,0.59297267456564351,25980146.193115793,-565759.1296169284,1,33.363919054924551,8.3079983372070227,26546122.365133438,-565976.17201764509,25980146.193115793,50000000,0,26545905.318108365,-28287024.684414387
40699.722353464167,58517.652282749194,64753.006514926659,592972674.56564343,109943930.34395787,1.0000000000000001e-09,8000000,0,12960.242002401674,0.59297267456564351,25964170.496138901,-581696.73757680145,1,33.363914378698702,8.3114592349991767,26546122.365133371,-581951.86899447069,25964170.496138901,50000000,0,26545867.229091246,-29080182.8230117
40649.742185359581,58542.64236680149,64796.290610190641,592972674.56564343,109943930.34395787,1.0000000000000001e-09,8000000,0,12960.247835159082,0.59297267456564351,25947584.955855656,-598231.50513404212,1,33.350431612129263,8.3123589055437286,26546122.365133442,-598537.40927778557,25947584.955855656,50000000,0,26545816.456365336,-29904153.128432643
40599.762017254994,58567.63245085378,64839.57470545463,592972674.56564343,109943930.34395787,1.0000000000000001e-09,8000000,0,12960.245314228796,0.59297267456564351,25930045.403557763,-615724.79784572427,1,33.360320683938539,8.308002777844683,26546122.365133405,-616076.96157564223,25930045.403557763,50000000,0,26545770.19677899,-30778407.186841793
40549.781849150415,58592.62253490607,64882.858800718619,592972674.56564343,109943930.34395787,1.0000000000000001e-09,8000000,0,12960.228580928706,0.59297267456564351,25912021.560490459,-633716.14564424579,1,33.367449195366227,8.3114955917333795,26546122.365133379,-634100.80464291945,25912021.560490459,50000000,0,26545737.701510284,-31681766.12120533
40499.801681045814,58617.612618958367,64926.142895982615,592972674.56564343,109943930.34395787,1.0000000000000001e-09,8000000,0,12960.249199432265,0.59297267456564351,25893477.200017694,-652208.91191220563,1,33.346672491963865,8.3175536455328629,26546122.365133505,-652645.16511581093,25893477.200017694,50000000,0,26545686.107305445,-32595218.762507148
40449.821512941227,58642.602703010663,64969.426991246604,592972674.56564343,109943930.34395787,1.0000000000000001e-09,8000000,0,12960.249367247096,0.59297267456564351,25874866.953843947,-670761.26797146443,1,33.34322991003117,8.3165468297863594,26546122.365133412,-671255.41128946468,25874866.953843947,50000000,0,26545628.217191026,-33519832.484793399
40399.841344836641,58667.592787062953,65012.711086510593,592972674.56564343,109943930.34395787,1.0000000000000001e-09,8000000,0,12960.235156185789,0.59297267456564351,25856650.649317615,-688952.13559443562,1,33.350592335229315,8.3192750002916593,26546122.365133356,-689471.71581574157,25856650.649317615,50000000,0,26545602.780287605,-34423497.790233128
40349.861176732062,58692.582871115243,65055.995181774575,592972674.56564343,109943930.34395787,1.0000000000000001e-09,8000000,0,12960.240622577681,0.59297267456564351,25840189.509281188,-705364.16702659638,1,33.332408008206677,8.3270580094312727,26546122.365133382,-705932.85585219413,25840189.509281188,50000000,0,26545553.671683382,-35229253.166426376
40299.881008627475,58717.572955167539,65099.279277038564,592972674.56564343,109943930.34395787,1.0000000000000001e-09,8000000,0,12960.254090406039,0.59297267456564351,25826596.60699331,-718883.50866520905,1,33.319590619365201,8.3297210790946803,26546122.365133304,-719525.758139994,25826596.60699331,50000000,0,26545480.111034039,-35879397.755672522
40249.900840522881,58742.563039219836,65142.563372302553,592972674.56564343,109943930.34395787,1.0000000000000001e-09,8000000,0,12960.228769449603,0.59297267456564351,25818788.140623182,-726661.21108440578,1,33.321388640266903,8.3310352242736894,26546122.365133185,-727334.22451000288,25818788.140623182,50000000,0,26545449.347083174,-36233158.297750838
40199.920672418302,58767.553123272126,65185.847467566542,592972674.56564343,109943930.34395787,1.0000000000000001e-09,8000000,0,12960.24261786311,0.59297267456564351,25821323.499251198,-724003.48761987686,1,33.314665108465881,8.3370831770057663,26546122.365133327,-724798.86588212848,25821323.499251198,50000000,0,26545326.982246645,-36036143.760716848
40149.940504313716,58792.543207324416,65229.131562830531,592972674.56564343,109943930.34395787,1.0000000000000001e-09,8000000,0,12960.243847887839,0.59297267456564351,25842257.944318015,-703167.97411960282,1,33.297257114034288,8.3421726376447456,26546122.365133394,-703864.42081537843,25842257.944318015,50000000,0,26545425.913813174,-34892032.308741353
40099.960336209129,58817.533291376712,65272.41565809452,592972674.56564343,109943930.34395787,1.0000000000000001e-09,8000000,0,12960.247214743731,0.59297267456564351,25892137.476252154,-652394.81605042715,1,33.293755278670062,8.3426959252628716,26546122.365133312,-653984.88888115808,25892137.476252154,50000000,0,26544532.287678078,-32102489.543625832
40049.980168104536,58842.523375429009,65315.699753358509,592972674.56564343,109943930.34395787,1.0000000000000001e-09,8000000,0,12960.239484537708,0.59297267456564351,26005467.308596529,-541295.95517518593,1,33.29542463041183,8.3444937616604449,26546122.365133461,-540655.05653693154,26005467.308596529,50000000,0,26546763.259147294,-26340863.482182145
39999.999999999956,58867.513459481299,65358.983848622498,592972674.56564343,109943930.34395787,1.0000000000000001e-09,8000000,0,12960.239166166464,0.59297267456564351,26202423.578271728,-344592.89113319037,1,33.293727383779093,8.3520890696894998,26546122.365133323,-343698.78686159477,26202423.578271728,50000000,0,26547016.464780413,-15215272.823157029
39949.999999999956,58892.513459481299,65402.28511881172,592972674.56564343,109943930.34395787,7.9892134622141392e-10,10013483.991691774,0,12960.248927229186,0.53481949665646566,26536869.085959788,92713.292127263703,0,33.290809573663509,8.3541958132087544,26546122.079091314,-9252.9931315258145,26536869.085959788,50000000,0,26444155.790138032,3.5811963653555973e-08
39899.999999999956,58917.513459481299,65445.586389000942,592972674.56564343,109943930.34395787,9.637525611486736e-10,8300885.8784634043,0,12960.245491511178,0.57537740451075026,26501333.29901626,-24949.14391405167,0,33.291828082671032,8.3527741383532419,26546122.154299472,-44788.855283211917,26501333.29901626,50000000,0,26526282.438473444,2.2123747501992206e-08
39849.999999999956,58942.513459481299,65488.887659190164,592972674.56564343,109943930.34395787,9.2517308887385836e-10,8647029.830244625,0,12960.224112131611,0.56850777192323065,26515123.066675223,6711.2569009454519,0,33.297294622059717,8.3508258883084281,26546122.13637146,-30999.069696236402,26515123.066675223,50000000,0,26508411.805495892,1.3577532357602913e-08
39799.999999999956,58967.513459481299,65532.188929379387,592972674.56564343,109943930.34395787,9.2835975452977918e-10,8617348.36126725,0,12960.259596618998,0.56897224380401068,26505203.991306372,-1804.8675014116122,0,33.299199300313411,8.352489595611269,26546122.141890269,-40918.150583896786,26505203.991306372,50000000,0,26507008.85451467,2.4689717612850559e-08
39749.999999999956,58992.513459481299,65575.490199568609,592972674.56564343,109943930.34395787,9.2510245651900017e-10,8647690.0782548357,0,12960.24479910662,0.56816144937055779,26506918.757039879,485.61626114638216,0,33.290074242793601,8.3530635597070191,26546122.140769403,-39203.38372952491,26506918.757039879,50000000,0,26506433.136500653,-3.0941686225687329e-08
39699.999999999956,59017.513459481299,65618.791469757824,592972674.56564343,109943930.34395787,9.2328355460865874e-10,8664726.3046211507,0,12960.232168041526,0.56756580571567672,26504861.196788125,-130.61846738093286,0,33.297685364524661,8.3474490236243408,26546122.142197575,-41260.94540945068,26504861.196788125,50000000,0,26504991.810985807,-2.3922300709118659e-08
39649.999999999956,59042.513459481299,65662.092739947053,592972674.56564343,109943930.34395787,9.2114853613008056e-10,8684809.1763838138,0,12960.249263016598,0.56688975816036347,26503969.634492047,35.089658386750841,0,33.312646130449153,8.3428798467337515,26546122.144634143,-42152.510142095387,26503969.634492047,50000000,0,26503934.540573854,4.7679718447227047e-08
39599.999999999956,59067.513459481299,65705.394010136268,592972674.56564343,109943930.34395787,9.1906797921651852e-10,8704469.5235443544,0,12960.241969796747,0.56623882085872201,26502717.755510557,-9.4210124161135873,0,33.315094840162757,8.3443456350317913,26546122.144175034,-43404.388664476573,26502717.755510557,50000000,0,26502727.172272783,4.5919280052130226e-10
39549.999999999964,59092.513459481299,65748.695280325483,592972674.56564343,109943930.34395787,9.1702472088806962e-10,8723864.2393697295,0,12960.242058878795,0.56560745172803839,26501588.60710144,2.5302305625260986,0,33.307162748493504,8.3418617717777312,26546122.145802606,-44533.538701165468,26501588.60710144,50000000,0,26501586.072630215,-2.3009633075664958e-08
39499.999999999956,59117.513459481299,65791.996550514712,592972674.56564343,109943930.34395787,9.1499935593673072e-10,8743174.5953858644,0,12960.236256038559,0.56495447677223876,26500445.954163715,-0.67881936709365698,0,33.325427089528624,8.3331013462891015,26546122.145390313,-45676.191226597875,26500445.954163715,50000000,0,26500446.62875165,5.9067402730346659e-09
39449.999999999956,59142.513459481299,65835.297820703941,592972674.56564343,109943930.34395787,9.1298666996370323e-10,8762448.9360764399,0,12960.235557372369,0.56432485950620714,26499310.081798315,0.18181846885865094,0,33.341814693162078,8.329426898905151,26546122.147117551,-46812.065319236368,26499310.081798315,50000000,0,26499309.895757817,4.9637242463146229e-09
39399.999999999956,59167.513459481299,65878.599090893156,592972674.56564343,109943930.34395787,9.1101646267304642e-10,8781398.9670820814,0,12960.258540528379,0.56371892701192461,26498190.982398491,-0.048681273588451292,0,33.339983167391452,8.3305010727927815,26546122.146299854,-47931.163901362568,26498190.982398491,50000000,0,26498191.026866868,-2.3609146889969233e-08
39349.999999999964,59192.513459481299,65921.900361082371,592972674.56564343,109943930.34395787,9.0911143247321237e-10,8799800.2104652151,0,12960.233492032559,0.56311670818366388,26497112.030753147,0.01303513104663674,0,33.337984119428029,8.326310278406007,26546122.147915222,-49010.117162074894,26497112.030753147,50000000,0,26497112.013513852,-1.6470855384093333e-08
39299.999999999956,59217.513459481299,65965.2016312716,592972674.56564343,109943930.34395787,9.0719354745101538e-10,8818403.6869282778,0,12960.238168690203,0.56250203963539358,26496026.101627283,-0.003486010666700567,0,33.356571770370479,8.3193022874779743,26546122.148659088,-50096.047031804919,26496026.101627283,50000000,0,26496026.100918062,-3.9511269528282265e-08
39249.999999999949,59242.513459481299,66008.50290146083,592972674.56564343,109943930.34395787,9.0532657510724113e-10,8836589.0151883364,0,12960.26152383129,0.56193867770353323,26494957.603775997,0.00093118143843438754,0,33.365832420520306,8.3173491676566158,26546122.148732502,-51164.544956505299,26494957.603775997,50000000,0,26494957.598658197,1.2026396026817086e-08
39199.999999999956,59267.513459481299,66051.804171650045,592972674.56564343,109943930.34395787,9.0349735591769106e-10,8854479.4986412879,0,12960.226961091399,0.56136316507264672,26493916.564385545,-0.00024869164996627502,0,33.364608909519909,8.318077631006382,26546122.151295979,-52205.586910434067,26493916.564385545,50000000,0,26493916.560456023,-3.2627788783826142e-08
39149.999999999964,59292.513459481299,66095.10544183926,592972674.56564343,109943930.34395787,9.0170074026253925e-10,8872121.7625105791,0,12960.239247701262,0.56079093618708908,26492895.664328381,6.6422300320947224e-05,0,33.362794249244168,8.3159827778749644,26546122.15145538,-53226.487126998603,26492895.664328381,50000000,0,26492895.660092149,-3.7437639001702591e-08
39099.999999999956,59317.513459481299,66138.406712028489,592972674.56564343,109943930.34395787,8.9991010162878767e-10,8889775.4212011006,0,12960.246677224672,0.56024421531967727,26491872.011508137,-1.7729056221470766e-05,0,33.372960277108554,8.3121845046015199,26546122.153519411,-54250.142011273652,26491872.011508137,50000000,0,26491872.007364232,6.7740337251805284e-09
39049.999999999949,59342.513459481299,66181.707982217718,592972674.56564343,109943930.34395787,8.9815787651197519e-10,8907118.5075089633,0,12960.24293594134,0.55970075179694945,26490870.423892424,4.7293413068363979e-06,0,33.378136130064064,8.3126547954126462,26546122.152169108,-55251.72827668488,26490870.423892424,50000000,0,26490870.419734243,4.8876685931516211e-09
38999.999999999956,59367.513459481299,66225.009252406933,592972674.56564343,109943930.34395787,8.9645631114834292e-10,8924025.0615136474,0,12960.242267603371,0.55916111797658152,26489905.040046811,-1.2612726173826749e-06,0,33.370824176350503,8.3162768648330072,26546122.155148797,-56217.115101985633,26489905.040046811,50000000,0,26489905.035902485,3.080836778617072e-08
38949.999999999964,59392.513459481299,66268.310522596148,592972674.56564343,109943930.34395787,8.9473374597460437e-10,8941205.7624947205,0,12960.239625810082,0.55863123176775709,26488930.39459506,3.3754689425536398e-07,0,33.363677712899786,8.3160648388052962,26546122.154458027,-57191.759862966835,26488930.39459506,50000000,0,26488930.390457071,2.8545823110015163e-08
38899.999999999956,59417.513459481299,66311.611792785377,592972674.56564343,109943930.34395787,8.9306796094227981e-10,8957883.1766601931,0,12960.248626715373,0.55812484988785172,26487980.948102236,-8.9485555494563677e-08,0,33.372009047648177,8.3138163400274543,26546122.155058101,-58141.206955865026,26487980.948102236,50000000,0,26487980.943972319,2.0395084458520258e-08
38849.999999999949,59442.513459481299,66354.913062974607,592972674.56564343,109943930.34395787,8.9140229723122109e-10,8974621.7017051503,0,12960.248052471417,0.55758676175250932,26487048.310465205,2.4013760363065858e-08,0,33.372404847923072,8.3188933088978416,26546122.155786436,-59073.84532123059,26487048.310465205,50000000,0,26487048.306342989,-4.4315916970268367e-09
38799.999999999956,59467.513459481299,66398.214333163822,592972674.56564343,109943930.34395787,8.8979496730365207e-10,8990833.4291462582,0,12960.220553572701,0.55710031032994811,26486152.310982134,-7.4363318160318805e-09,0,33.351632228102019,8.3257491539287205,26546122.156993415,-59969.846011281013,26486152.310982134,50000000,0,26486152.306867376,-4.4071133617523299e-08
38749.999999999956,59492.513459481299,66441.515603353037,592972674.56564343,109943930.34395787,8.8814931588859808e-10,9007492.4634385984,0,12960.253444384254,0.55659657759400882,26485238.456027396,5.0142752969578195e-10,0,33.345353407986941,8.3251642510778581,26546122.155945927,-60883.699918530881,26485238.456027396,50000000,0,26485238.45192023,-3.8142161377001719e-08
38699.999999999956,59517.513459481299,66484.816873542266,592972674.56564343,109943930.34395787,8.8657082078640806e-10,9023529.7805393394,0,12960.244566195051,0.5560978645515432,26484371.164546389,8.4690146041819939e-10,0,33.353652636336662,8.3253625619618639,26546122.158475742,-61750.993929352611,26484371.164546389,50000000,0,26484371.16044648,3.2692552115561112e-08
38649.999999999949,59542.513459481299,66528.118143731495,592972674.56564343,109943930.34395787,8.8499261451125602e-10,9039621.3538932055,0,12960.236377591498,0.55560182845451844,26483518.422428988,3.2530528348886828e-11,0,33.344509226611358,8.3341170017095045,26546122.15706712,-62603.734638132155,26483518.422428988,50000000,0,26483518.418336395,6.1430015664298886e-09
38599.999999999956,59567.513459481299,66571.41941392071,592972674.56564343,109943930.34395787,8.8344396658547929e-10,9055467.4285143856,0,12960.245306954905,0.55514255142638047,26482685.394020721,-2.3907447520522166e-10,0,33.318947367267647,8.3395232517027189,26546122.159807261,-63436.765786539763,26482685.394020721,50000000,0,26482685.389935285,-4.046897126925313e-09
38549.999999999956,59592.513459481299,66614.720684109925,592972674.56564343,109943930.34395787,8.8187507363485301e-10,9071577.405967975,0,12960.251687354823,0.5546463307640036,26481849.547324546,4.3739904426344555e-10,0,33.322675848052462,8.3377268200496015,26546122.157448545,-64272.610123999417,26481849.547324546,50000000,0,26481849.543246347,2.7453749619646108e-09
38499.999999999956,59617.513459481299,66658.021954299154,592972674.56564343,109943930.34395787,8.8037215693675657e-10,9087063.7596491631,0,12960.233402937651,0.55417227709890504,26481053.830040451,-1.1797177664490869e-09,0,33.325758805702399,8.3410855659960905,26546122.161651198,-65068.331610746682,26481053.830040451,50000000,0,26481053.825969197,-3.8412605543407705e-08
38449.999999999949,59642.513459481299,66701.323224488384,592972674.56564343,109943930.34395787,8.7886522867648469e-10,9102644.6211408544,0,12960.25410534046,0.55371981691760253,26480256.709649656,-3.2903745209513734e-10,0,33.309878263985688,8.3489251891876197,26546122.16170653,-65865.45205687359,26480256.709649656,50000000,0,26480256.705585487,-1.9181898530817704e-08
38399.999999999956,59667.513459481299,66744.624494677599,592972674.56564343,109943930.34395787,8.7735745165200952e-10,9118287.8253740072,0,12960.179289019166,0.55325644948709596,26479439.65688552,1.9384839841862882e-10,0,33.294452424881783,8.3502711865345862,26546122.170383334,-66682.513497814536,26479439.65688552,50000000,0,26479439.652828217,2.7560527966376827e-09
38349.999999999956,59692.513459481299,66787.925764866814,592972674.56564343,109943930.34395787,8.7590508339719379e-10,9133407.085131675,0,12960.634066811272,0.55280836984462656,26478631.031692896,-1.1387826681618374e-10,0,33.303569293198187,8.3482531155610822,26546122.185257167,-67491.153564270586,26478631.031692896,50000000,0,26478631.027642351,7.0194989744556801e-09
38299.999999999956,59717.513459481299,66831.227035056043,592972674.56564343,109943930.34395787,8.7452634548187555e-10,9147806.3061803766,0,12961.423934536078,0.55241017017416949,26477810.910813298,1.1012321860905785e-09,0,33.301996439771855,8.3505335004243673,26546122.193177883,-68311.282364584506,26477810.910813298,50000000,0,26477810.906769097,4.2756168075141997e-08
38249.999999999949,59742.513459481299,66874.528305245272,592972674.56564343,109943930.34395787,8.731355325189612e-10,9162377.7075865921,0,12962.386029468948,0.55201042452106197,26476908.011801742,8.4229616346989418e-10,0,33.294200103962545,8.354610667569446,26546122.203856044,-69214.1920543015,26476908.011801742,50000000,0,26476908.00776403,4.3036864973659357e-08
38199.999999999956,59767.513459481299,66917.829575434487,592972674.56564343,109943930.34395787,8.7181987335750774e-10,9176204.518839512,0,12963.848501539267,0.5516370451897179,26475886.912238415,6.9391763773049893e-10,0,33.286457548598122,8.3555094746991632,26546122.201498013,-70235.289259597659,26475886.912238415,50000000,0,26475886.908206787,2.3060606492124714e-08
38149.999999999956,59792.513459481299,66961.130845623702,592972674.56564343,109943930.34395787,8.7049604232174231e-10,9190159.3948497716,0,12964.631077682094,0.55125789366542566,26474730.765141487,-8.4668804845657114e-10,0,33.289062970154326,8.354402186211189,26546122.189116016,-71391.423974528909,26474730.765141487,50000000,0,26474730.761115968,-1.4804849125090334e-08
38099.999999999956,59817.513459481299,67004.432115812931,592972674.56564343,109943930.34395787,8.6905269729675292e-10,9205422.5479425285,0,12963.681043402825,0.55081297529524909,26473501.062925834,9.0761338397789894e-10,0,33.293497745531674,8.3513652602500166,26546122.162807357,-72621.099881522357,26473501.062925834,50000000,0,26473501.058906954,1.6797408149206623e-08
38049.999999999942,59842.513459481299,67047.733386002161,592972674.56564343,109943930.34395787,8.6758054529087978e-10,9221042.6445147004,0,12963.373912068546,0.55034483505626808,26472337.028152213,-7.5995281289151297e-10,0,33.299455602138899,8.3520677944772785,26546122.167976867,-73785.139824654907,26472337.028152213,50000000,0,26472337.024140194,-5.5452584082337672e-09
37999.999999999956,59867.513459481299,67091.034656191376,592972674.56564343,109943930.34395787,8.6616778897730253e-10,9236082.4511922821,0,12962.814406721864,0.54990756261184492,26471254.420784794,1.4584347205288832e-09,0,33.291334275541701,8.3498134702828892,26546122.155588605,-74867.734803810716,26471254.420784794,50000000,0,26471254.416779269,3.7187502931823363e-08
37949.999999999956,59892.513459481299,67134.335926380591,592972674.56564343,109943930.34395787,8.6476995753953889e-10,9251011.7344104555,0,12962.594803433274,0.54946900347804351,26470259.055326894,-6.010382713754543e-10,0,33.309127155149973,8.3415082665263878,26546122.138318688,-75863.082991793752,26470259.055326894,50000000,0,26470259.051327802,-1.0547047240856489e-08
37899.999999999956,59917.513459481299,67177.63719656982,592972674.56564343,109943930.34395787,8.6335165497521131e-10,9266209.0662102662,0,12962.056920167071,0.5490066408052543,26469304.744735494,-3.2423931297337876e-10,0,33.322622707678683,8.3390745839774283,26546122.148978341,-76817.404242847115,26469304.744735494,50000000,0,26469304.740742929,-1.21314658254884e-08
37849.999999999942,59942.513459481299,67220.938466759049,592972674.56564343,109943930.34395787,8.6192899661901219e-10,9281503.3088014927,0,12961.657825051123,0.54856557573988252,26468396.661769863,4.4208792471779966e-10,0,33.319230774230199,8.3404502806584802,26546122.12894579,-77725.467175927013,26468396.661769863,50000000,0,26468396.657783985,8.7596015728115071e-09
37799.999999999956,59967.513459481299,67264.239736948264,592972674.56564343,109943930.34395787,8.6058420525064819e-10,9296006.9320909977,0,12961.589934659452,0.54815435514566535,26467570.875527058,-3.9165417807165024e-10,0,33.318114775472836,8.3344968608719885,26546122.138847142,-78551.263320084661,26467570.875527058,50000000,0,26467570.871547241,1.544872743316042e-09
37749.999999999956,59992.513459481299,67307.541007137479,592972674.56564343,109943930.34395787,8.5919142236010141e-10,9311076.0096063167,0,12961.115540392308,0.54769512140160115,26466753.179706499,1.3086379930163351e-09,0,33.343535664076171,8.3255188279260963,26546122.123630848,-79368.943924348801,26466753.179706499,50000000,0,26466753.175733212,3.8787471312978055e-08
37699.999999999956,60017.513459481299,67350.842277326708,592972674.56564343,109943930.34395787,8.5781993372624749e-10,9325962.5050264392,0,12960.838849651233,0.54726685358614302,26465966.772745464,-1.9012698109961628e-10,0,33.353352862163923,8.3254093131220248,26546122.135659575,-80155.362914111465,26465966.772745464,50000000,0,26465966.768778555,3.1650722600481781e-09
37649.999999999942,60042.513459481299,67394.143547515938,592972674.56564343,109943930.34395787,8.5643687693260475e-10,9341022.8434150815,0,12960.335682367491,0.54683860701835496,26465185.516794614,-1.6679608753008252e-10,0,33.343690669672846,8.326135152559651,26546122.145126138,-80936.628331523389,26465185.516794614,50000000,0,26465185.512834065,-1.0472641540569178e-08
37599.999999999956,60067.513459481299,67437.444817705153,592972674.56564343,109943930.34395787,8.5513758563648788e-10,9355215.4236215614,0,12960.334457449973,0.54642777940469023,26464465.281404432,-3.9972440909859046e-10,0,33.351337550005674,8.318832111718109,26546122.160803836,-81656.87939940393,26464465.281404432,50000000,0,26464465.277449876,-1.3330246276654058e-08
37549.999999999956,60092.513459481299,67480.746087894368,592972674.56564343,109943930.34395787,8.5378063658908257e-10,9370083.9312078226,0,12960.225908551294,0.54599057340052137,26463712.236966822,1.6707443631485606e-10,0,33.372632892696714,8.3139783844840327,26546122.174557883,-82409.937591060996,26463712.236966822,50000000,0,26463712.233018562,1.7457514072486913e-08
37499.999999999956,60117.513459481299,67524.047358083597,592972674.56564343,109943930.34395787,8.5248221248402085e-10,9384355.4686849918,0,12960.260567509997,0.54560766606416122,26462982.14711725,1.829093099667427e-09,0,33.371036376852075,8.3165288726329596,26546122.18811883,-83140.041001580656,26462982.14711725,50000000,0,26462982.143174957,5.3913878454668482e-08
37449.999999999942,60142.513459481299,67567.348628272826,592972674.56564343,109943930.34395787,8.5116290899779378e-10,9398901.101462746,0,12960.232312117696,0.54518646350463373,26462243.391487427,-1.0237332538002066e-09,0,33.362778821163474,8.316199291912806,26546122.197676014,-83878.806188587099,26462243.391487427,50000000,0,26462243.387551315,-1.498106967558334e-08
37399.999999999949,60167.513459481299,67610.649898462041,592972674.56564343,109943930.34395787,8.4988590153820096e-10,9413023.417169597,0,12960.242893084072,0.54478393577892847,26461519.400617734,4.7639681657915604e-10,0,33.372142887217535,8.3120295955979238,26546122.209616363,-84602.808998629451,26461519.400617734,50000000,0,26461519.396687493,1.7541677500199536e-08
37349.999999999956,60192.513459481299,67653.951168651256,592972674.56564343,109943930.34395787,8.4856725677631336e-10,9427650.796367541,0,12960.241560115299,0.54438118377068645,26460762.349171385,1.2219476013468905e-09,0,33.379388620803404,8.3122991158404798,26546122.217921175,-85359.868749789894,26460762.349171385,50000000,0,26460762.345247258,4.4218612079406218e-08
37299.999999999949,60217.513459481299,67697.252438840485,592972674.56564343,109943930.34395787,8.4728868754741107e-10,9441877.1019656155,0,12960.241240583244,0.54398172284752055,26460018.304422438,-6.3649805125098755e-11,0,33.371260484558157,8.3162783203066315,26546122.227585256,-86103.923162817955,26460018.304422438,50000000,0,26460018.300504126,1.1900993202417681e-09
37249.999999999942,60242.513459481299,67740.553709029715,592972674.56564343,109943930.34395787,8.460116967243966e-10,9456128.765252661,0,12960.243145765195,0.54356964676040398,26459276.112274107,-8.2284648924111988e-10,0,33.363339845262921,8.3175769596971172,26546122.235489905,-86846.123215798289,26459276.112274107,50000000,0,26459276.108361892,-3.3977561250804196e-08
37199.999999999949,60267.513459481299,67783.85497921893,592972674.56564343,109943930.34395787,8.4472961150598969e-10,9470480.6215678751,0,12960.233326314818,0.54317989589038251,26458519.762511276,-7.208018301926175e-10,0,33.366070443495929,8.3166701914170513,26546122.242892496,-87602.480381220579,26458519.762511276,50000000,0,26458519.758604828,-2.5561381017624157e-08
37149.999999999956,60292.513459481299,67827.156249408145,592972674.56564343,109943930.34395787,8.4344993207291308e-10,9484849.0539590642,0,12960.256870281028,0.54278143922743116,26457755.794446655,6.4124613600367302e-10,0,33.367120904436845,8.3190594979496932,26546122.250619356,-88366.456172700971,26457755.794446655,50000000,0,26457755.790546216,1.1865063045518384e-09
37099.999999999949,60317.513459481299,67870.457519597374,592972674.56564343,109943930.34395787,8.4218026955720561e-10,9499148.1710153595,0,12960.244879408707,0.54236226754505801,26456997.109394804,-1.7087700783252455e-09,0,33.356170173754109,8.3259664085000917,26546122.256496646,-89125.147101841867,26456997.109394804,50000000,0,26456997.105500188,-4.8059924136163111e-08
37049.999999999956,60342.513459481299,67913.758789786589,592972674.56564343,109943930.34395787,8.4092858614847174e-10,9513287.0596549157,0,12960.224936860281,0.54197837455059761,26456246.638657998,4.3280700992849571e-10,0,33.339616327617684,8.3298202467036155,26546122.262604736,-89875.623946737498,26456246.638657998,50000000,0,26456246.634769171,6.7611230909192523e-09
36999.999999999964,60367.513459481299,67957.060059975804,592972674.56564343,109943930.34395787,8.3964299702182878e-10,9527852.8240989093,0,12960.256317855828,0.54157780449508663,26455466.599539198,7.8737181760690857e-10,0,33.341082699004339,8.3291918790318178,26546122.265941743,-90655.666402544826,26455466.599539198,50000000,0,26455466.595656417,2.3440896183596096e-08
36949.999999999956,60392.513459481299,68000.361330165033,592972674.56564343,109943930.34395787,8.3838275985311148e-10,9542174.7097344343,0,12960.23791430116,0.54116402174267597,26454701.295902777,-7.7031930462198062e-10,0,33.341683227185129,8.3330319776747785,26546122.270750865,-91420.974848087877,26454701.295902777,50000000,0,26454701.292025715,-1.1287834541771202e-08
36899.999999999956,60417.513459481299,68043.662600354248,592972674.56564343,109943930.34395787,8.3712846114702121e-10,9556471.9190478437,0,12960.233841219269,0.540759601180543,26453939.581979699,9.4056242298465742e-10,0,33.325819644400433,8.3413948482168134,26546122.270980712,-92182.689001012594,26453939.581979699,50000000,0,26453939.578108434,2.2684376793415468e-08
36849.999999999971,60442.513459481299,68086.963870543463,592972674.56564343,109943930.34395787,8.3587073825065054e-10,9570851.2346738335,0,12960.243415466281,0.54037123516822838,26453171.785289999,-2.6872501801248755e-10,0,33.308673558669305,8.3437322071320246,26546122.271930281,-92950.486640281975,26453171.785289999,50000000,0,26453171.781424522,7.7088370907715338e-09
36799.999999999956,60467.513459481299,68130.265140732692,592972674.56564343,109943930.34395787,8.3458417688169074e-10,9585605.0996164065,0,12960.252493758315,0.53994642939543469,26452386.138746224,1.0563748002066e-09,0,33.316103857607374,8.3426652666405765,26546122.268563792,-93736.129817567766,26452386.138746224,50000000,0,26452386.134886779,3.0120143765931948e-08
36749.999999999956,60492.513459481299,68173.566410921921,592972674.56564343,109943930.34395787,8.333355130665099e-10,9599967.9269082751,0,12960.243641130382,0.53953296697125863,26451622.343011644,-3.3945736909540816e-10,0,33.31261216011621,8.3474078434185017,26546122.26597457,-94499.922962926328,26451622.343011644,50000000,0,26451622.339157876,-4.1234618953615416e-09
36699.999999999956,60517.513459481299,68216.867681111136,592972674.56564343,109943930.34395787,8.3207286807800818e-10,9614535.3988737203,0,12960.237356595075,0.53912964015530251,26450853.056782056,-1.9505834608459308e-10,0,33.297813364367428,8.3527784716886746,26546122.258086056,-95269.201303999871,26450853.056782056,50000000,0,26450853.052934207,-9.9578597731929066e-09
36649.999999999971,60542.513459481299,68260.168951300351,592972674.56564343,109943930.34395787,8.3078111865621007e-10,9629484.4792233203,0,12960.237713922495,0.53869994631674023,26450062.581865247,-7.5334724480667429e-11,0,33.291002539329781,8.3520660566028155,26546122.24662786,-96059.664762612432,26450062.581865247,50000000,0,26450062.578023378,-6.5475073872399121e-09
36599.999999999956,60567.513459481299,68303.470221489581,592972674.56564343,109943930.34395787,8.2949451296746384e-10,9644420.3114601132,0,12960.254257847602,0.5382644277276718,26449276.564267494,-2.8858245528964166e-10,0,33.299963177048255,8.3506752837378002,26546122.2324479,-96845.668180406094,26449276.564267494,50000000,0,26449276.560431536,-4.8492678551025946e-09
36549.999999999956,60592.513459481299,68346.77149167881,592972674.56564343,109943930.34395787,8.2821956822813633e-10,9659266.5438329633,0,12960.229679313235,0.5378376406631179,26448497.460261405,6.4542299774236836e-10,0,33.297137671100685,8.3529513585835389,26546122.212689046,-97624.752427641302,26448497.460261405,50000000,0,26448497.456431393,2.0146853195710755e-08
36499.999999999956,60617.513459481299,68390.072761868025,592972674.56564343,109943930.34395787,8.2690089386666119e-10,9674670.152298525,0,12960.241161146256,0.53738141973298592,26447689.133047536,1.2761634956736463e-10,0,33.291245677526945,8.3541555927625648,26546122.188941091,-98433.055893555284,26447689.133047536,50000000,0,26447689.129223567,4.2755866798677113e-09
36449.999999999971,60642.513459481299,68433.37403205724,592972674.56564343,109943930.34395787,8.2554596928604309e-10,9690548.4571162146,0,12960.252969813109,0.53690574530004309,26446853.071520071,-6.4208852855803091e-10,0,33.291533025870159,8.3520179136849926,26546122.161374915,-99269.089854843915,26446853.071520071,50000000,0,26446853.067702468,-2.5701172558525586e-08
36399.999999999956,60667.513459481299,68476.675302246469,592972674.56564343,109943930.34395787,8.2420307650617074e-10,9706337.2680715825,0,12960.240040299479,0.53642958581248867,26446010.562649675,-6.4549525643809615e-10,0,33.29984752167465,8.3484393458693678,26546122.130612567,-100111.56796289235,26446010.562649675,50000000,0,26446010.558838025,-2.8236381405037296e-08
36349.999999999956,60692.513459481299,68519.976572435698,592972674.56564343,109943930.34395787,8.2280632647953964e-10,9722813.9755316395,0,12960.235780589206,0.53590648118114137,26445091.272879746,-1.6515097491584259e-10,0,33.306626034831815,8.3468897758759635,26546122.09955522,-101030.82667547464,26445091.272879746,50000000,0,26445091.269074928,-1.7447654478437085e-08
36299.999999999956,60717.513459481299,68563.277842624913,592972674.56564343,109943930.34395787,8.2128689691685902e-10,9740801.505876923,0,12960.244376197039,0.53531923605495801,26444080.814359166,-7.8570041024881547e-10,0,33.305598572779481,8.3464294846872971,26546122.068902981,-102041.25454381481,26444080.814359166,50000000,0,26444080.81056105,-2.1589896703211451e-08
36249.999999999971,60742.513459481299,68606.579112814128,592972674.56564343,109943930.34395787,8.1983898397296744e-10,9758004.4367187712,0,12960.259986142199,0.53472568949405697,26442801.469980046,7.1369712688921356e-10,0,33.308068155082005,8.3420249420298695,26546122.038895465,-103320.56891541928,26442801.469980046,50000000,0,26442801.466188937,-5.3685247801920781e-09
36199.999999999956,60767.513459481299,68649.880383003358,592972674.56564343,109943930.34395787,8.1798754060267261e-10,9780090.5248376466,0,12960.150901772387,0.5339076950399676,26441407.388559226,-2.7070890355043167e-09,0,33.323839289634272,8.3358773621223996,26546122.037478492,-104714.64891926572,26441407.388559226,50000000,0,26441407.384776495,-8.4808384482203023e-08
36149.999999999956,60792.513459481299,68693.181653192587,592972674.56564343,109943930.34395787,8.1639030021884966e-10,9799224.7175816726,0,12960.568184213698,0.53309918267560708,26437527.927968316,-6.6155454301284544e-11,0,33.332111196799147,8.334936324741971,26546121.975490931,-108594.04752261564,26437527.927968316,50000000,0,26437527.924192958,-2.9171465763607471e-08
36099.999999999956,60817.513459481299,68736.482923381802,592972674.56564343,109943930.34395787,8.1224137715626361e-10,9849278.2232156098,0,12959.01366702321,0.53176235513657333,26433836.16518081,-5.2794675625651148e-10,0,33.327365175610588,8.3166968724015771,26546122.152425189,-112285.98724437878,26433836.16518081,50000000,0,26433836.161424659,-1.109758234511383e-08
36049.999999999964,60842.513459481299,68779.784193571017,592972674.56564343,109943930.34395787,8.1541428261239728e-10,9810953.6778453384,0,12963.500108989161,0.53334920186739743,26419989.981177013,8.4755926556045152e-10,0,33.40590469862709,8.386818697017361,26546121.769730289,-126131.78855327517,26419989.981177013,50000000,0,26419989.977406114,1.0404718432828976e-08
35999.999999999956,60867.513459481299,68823.085463760246,592972674.56564343,109943930.34395787,8.1561792544847746e-10,9808504.1040247306,0,12779.188824574021,0.53381273460882883,26446583.545577534,-1.611814082397681e-09,0,49.80365542827645,16.711017474134398,26546122.13821492,-99538.592637386173,26446583.545577534,50000000,0,26446583.541805811,-4.6121148129459014e-08
35899.999999999956,60917.513459481299,68909.68800413869,592972674.56564343,109943930.34395787,8.2660036430700855e-10,9678187.23475945,0,12673.101158356176,0.53953568204997637,26453091.061871484,1.6183789641382596e-09,0,66.536464835973618,16.771933094118008,26546121.323200732,-93030.261329248548,26453091.061871484,50000000,0,26453091.058048893,6.1762088628357994e-08
35799.999999999956,60967.513459481299,68996.290544517135,592972674.56564343,109943930.34395787,8.1689116083681764e-10,9793216.2216148507,0,12697.449027435099,0.53566750433777821,26443396.634533964,-1.1318953520605778e-09,0,66.419057316413245,16.790247987415256,26546121.511334471,-102724.87680050731,26443396.634533964,50000000,0,26443396.630756311,-3.8057385534578522e-08
35699.999999999956,61017.513459481299,69082.893084895579,592972674.56564343,109943930.34395787,8.1617385665283517e-10,9801823.0954585187,0,12691.206846819832,0.53495247349239006,26439766.939807642,5.943148088187345e-10,0,66.406847232492822,16.773611538729543,26546121.406242292,-106354.46643465012,26439766.939807642,50000000,0,26439766.936033331,2.4193286026314477e-08
35599.999999999956,61067.513459481299,69169.495625274023,592972674.56564343,109943930.34395787,8.1276062161926485e-10,9842985.724856317,0,12692.451976575494,0.53370047633539808,26437773.950371515,2.2246353788297071e-10,0,66.499862471121801,16.757964748249485,26546121.346605916,-108347.39623440057,26437773.950371515,50000000,0,26437773.946612902,4.2195621780084096e-08
35499.999999999956,61117.513459481299,69256.098165652467,592972674.56564343,109943930.34395787,8.0981025048084722e-10,9878845.9433706142,0,12692.917580723191,0.53256912625397812,26436587.822591055,1.0402827332005585e-09,0,66.452359883225313,16.781396219889864,26546121.313149273,-109533.49055821821,26436587.822591055,50000000,0,26436587.818846166,7.149586895266884e-08
35399.999999999956,61167.513459481299,69342.700706030912,592972674.56564343,109943930.34395787,8.0791543527718716e-10,9902014.4159211647,0,12691.724403231954,0.53217532778357646,26434379.190832648,-8.1126130511121037e-11,0,66.426132597562443,16.754137928693005,26546121.242450893,-111742.0516182445,26434379.190832648,50000000,0,26434379.187096518,1.2524820291350891e-08
35299.999999999956,61217.513459481299,69429.303246409356,592972674.56564343,109943930.34395787,8.046940761639978e-10,9941653.5780597404,0,12692.881636473105,0.5308240301625532,26433595.798736513,2.7236177068814578e-11,0,66.553296151355227,16.722809100410078,26546121.255469572,-112525.45673305914,26433595.798736513,50000000,0,26433595.795015294,-2.2894442103847909e-08
35199.999999999956,61267.513459481299,69515.9057867878,592972674.56564343,109943930.34395787,8.0342744035423705e-10,9957326.6805373281,0,12692.23710850303,0.53042950540910261,26431492.673022252,-1.3961709986608927e-09,0,66.543494416392349,16.74000869169684,26546121.21984097,-114628.54681871831,26431492.673022252,50000000,0,26431492.669306822,-9.2888013425530624e-08
35099.999999999956,61317.513459481299,69602.508327166244,592972674.56564343,109943930.34395787,7.997334970491388e-10,10003318.219170222,0,12692.44676255245,0.52930893675197654,26430563.755811051,-2.6127929179289318e-11,0,66.496311512736369,16.716751326724864,26546121.213279996,-115557.45746894553,26430563.755811051,50000000,0,26430563.752112716,-4.4666224430713378e-08
34999.999999999956,61367.513459481299,69689.110867544689,592972674.56564343,109943930.34395787,7.9880235216899629e-10,10014978.608132148,0,12692.256603724554,0.52901322758097413,26428544.80857465,-1.1698982941069938e-09,0,66.637755285802797,16.669386760766088,26546121.233364467,-117576.42478981614,26428544.80857465,50000000,0,26428544.804880671,-7.839582419578516e-08
34899.999999999956,61417.513459481299,69775.713407923133,592972674.56564343,109943930.34395787,7.9516980712792152e-10,10060728.679637672,0,12692.542710386646,0.52763793448137641,26427728.710673567,2.0764469159020959e-14,0,66.672299554338636,16.676465113394169,26546121.214810066,-118392.50413649902,26427728.710673567,50000000,0,26427728.706996351,-5.3187983685183982e-09
34799.999999999956,61467.513459481299,69862.315948301577,592972674.56564343,109943930.34395787,7.943466324728633e-10,10071154.227527536,0,12692.986331777442,0.52754745593241137,26425416.504416812,8.5037831790944635e-10,0,66.618325826252715,16.658737010444913,26546121.27590251,-120704.77148569748,26425416.504416812,50000000,0,26425416.500743363,5.5185387222259144e-08
34699.999999999956,61517.513459481299,69948.918488680021,592972674.56564343,109943930.34395787,7.9084262595587403e-10,10115775.591743199,0,12697.66018593712,0.52648158468800388,26424623.547575995,-8.7986196843109642e-11,0,66.739221560873801,16.601024683271667,26546121.280406062,-121497.73283006623,26424623.547575995,50000000,0,26424623.543918826,1.6895198595700243e-08
34599.999999999956,61567.513459481299,70035.521029058466,592972674.56564343,109943930.34395787,7.9010856615416169e-10,10125173.589618078,0,12694.987985744307,0.52617627562447666,26422069.929157596,5.1810658003178974e-10,0,66.821424930355136,16.609215047521893,26546121.208465923,-124051.27930832654,26422069.929157596,50000000,0,26422069.925503798,1.9891217024233109e-08
34499.999999999956,61617.513459481299,70122.12356943691,592972674.56564343,109943930.34395787,7.8613249224769155e-10,10176383.064845113,0,12693.20233657471,0.52464780930841304,26421052.517064612,-7.9887832481789735e-10,0,66.728856580548523,16.605690088736935,26546121.197594207,-125068.68052959442,26421052.517064612,50000000,0,26421052.513429143,-3.6830442695645615e-08
34399.999999999956,61667.513459481299,70208.726109815354,592972674.56564343,109943930.34395787,7.8535537072770772e-10,10186452.348080369,0,12691.685543035303,0.52468772915202855,26418576.021317676,4.7408152380804809e-10,0,66.850684021768259,16.548538017391856,26546121.213123113,-127545.19180543721,26418576.021317676,50000000,0,26418576.017685901,1.2176315067335963e-08
34299.999999999956,61717.513459481299,70295.328650193798,592972674.56564343,109943930.34395787,7.8155197068452705e-10,10236023.087715656,0,12692.840964019919,0.52322957845777751,26417905.114624042,-3.7770304507926848e-10,0,66.9449704896399,16.561336086775935,26546121.249876328,-128216.13525228575,26417905.114624042,50000000,0,26417905.111009832,-2.8390786610543728e-08
34199.999999999956,61767.513459481299,70381.931190572242,592972674.56564343,109943930.34395787,7.8106472652028977e-10,10242408.335201517,0,12692.319155826601,0.52313642818873374,26415663.593415666,-6.6122826483121982e-10,0,66.80182540417016,16.581659939065815,26546121.225305483,-130457.63188981637,26415663.593415666,50000000,0,26415663.589803658,-2.1274900063872337e-08
34099.999999999964,61817.513459481299,70468.533730950672,592972674.56564343,109943930.34395787,7.770968450833904e-10,10294704.821764799,0,12692.720172120818,0.52172736936588948,26414893.401511837,1.758064163260364e-09,0,66.871266556139688,16.530716082040559,26546121.232138809,-131227.83062697202,26414893.401511837,50000000,0,26414893.397918213,9.95205482468009e-08
33999.999999999964,61867.513459481299,70555.136271329116,592972674.56564343,109943930.34395787,7.7675287365300887e-10,10299263.385969769,0,12694.546089495288,0.52190162074083624,26413068.818469975,-4.2824320330204819e-10,0,66.989452674018466,16.532702558771824,26546121.281613074,-133052.4631430991,26413068.818469975,50000000,0,26413068.814877935,1.7174897948279977e-08
33899.999999999964,61917.513459481299,70641.738811707561,592972674.56564343,109943930.34395787,7.7305839525889678e-10,10348482.458622899,0,12698.555196874442,0.5204978625906086,26412672.479620174,1.016205073082341e-09,0,66.840599882167211,16.58745977699817,26546121.282265477,-133448.80264530331,26412672.479620174,50000000,0,26412672.476045229,6.3278548623202369e-08
33799.999999999964,61967.513459481299,70728.341352086005,592972674.56564343,109943930.34395787,7.7234207823463745e-10,10358079.952145258,0,12695.012606280372,0.52029093266407056,26410777.875768937,1.4678615477108144e-10,0,66.798267090336381,16.557150151214799,26546121.375527494,-135343.49975855649,26410777.875768937,50000000,0,26410777.872197252,3.6455044612232263e-08
33699.999999999964,62017.513459481299,70814.943892464449,592972674.56564343,109943930.34395787,7.6828097183518264e-10,10412830.506181737,0,12692.267424508387,0.51880244162454969,26410025.322362602,5.9151019204936827e-10,0,66.963133545812269,16.552904930275485,26546121.326125924,-136096.00376332179,26410025.322362602,50000000,0,26410025.318809796,3.7138967907712778e-08
33599.999999999964,62067.513459481299,70901.546432842893,592972674.56564343,109943930.34395787,7.675391681307496e-10,10422893.714456879,0,12691.82581304726,0.51876423769418767,26407824.967941958,-2.960669744377503e-10,0,66.817353720559964,16.619059711788211,26546121.322374217,-138296.35443225875,26407824.967941958,50000000,0,26407824.964392487,8.0103475169560144e-11
33499.999999999964,62117.513459481299,70988.148973221338,592972674.56564343,109943930.34395787,7.6405313564160592e-10,10470447.088645795,0,12693.136889215462,0.51730109740642005,26407042.902485266,6.0600921060093188e-10,0,66.709505596356337,16.617285793286797,26546121.342504401,-139078.44001913443,26407042.902485266,50000000,0,26407042.898951996,4.4718152258495006e-08
33399.999999999964,62167.513459481299,71074.751513599782,592972674.56564343,109943930.34395787,7.6316541361491751e-10,10482625.884576576,0,12691.845386987779,0.51713479939036644,26404801.033517469,5.5435841171243611e-10,0,66.813755015446475,16.608966226906468,26546121.334538847,-141320.30102137849,26404801.033517469,50000000,0,26404801.029988155,5.1538058045413572e-08
33299.999999999964,62217.513459481299,71161.354053978226,592972674.56564343,109943930.34395787,7.5961652406007574e-10,10531598.101177983,0,12692.748564630443,0.51600519570208514,26403793.742643673,2.6666696939945469e-10,0,66.742038210449024,16.666712765476593,26546121.362007998,-142327.61936432496,26403793.742643673,50000000,0,26403793.739130858,5.8218688502476137e-08
33199.999999999964,62267.513459481299,71247.95659435667,592972674.56564343,109943930.34395787,7.5862943692141707e-10,10545300.71862104,0,12692.168693598576,0.51564760678119892,26401632.523456354,1.8728030981775409e-09,0,66.588936803323378,16.689969775503609,26546121.341564156,-144488.81810780242,26401632.523456354,50000000,0,26401632.51994811,1.2571757114137625e-07
33099.999999999964,62317.513459481299,71334.559134735115,592972674.56564343,109943930.34395787,7.5540368147708624e-10,10590329.810357373,0,12692.667778678277,0.51441782481301845,26400681.541693434,-2.0580371549255538e-10,0,66.6505365212209,16.677053115629793,26546121.366928697,-145439.82523526251,26400681.541693434,50000000,0,26400681.538200144,6.0630893054973859e-09
32999.999999999956,62367.513459481299,71421.161675113559,592972674.56564343,109943930.34395787,7.5417243104399836e-10,10607618.561464664,0,12692.321518582045,0.51413973217531561,26398644.137887258,-6.8819171248902952e-10,0,66.628463090576886,16.722496484781736,26546121.358110081,-147477.22022282332,26398644.137887258,50000000,0,26398644.134399675,-4.6329006599277583e-08
32899.999999999956,62417.513459481299,71507.764215492003,592972674.56564343,109943930.34395787,7.5096777217139795e-10,10652883.044166269,0,12692.306936308658,0.51307776799171645,26397472.101179771,1.7678873563479866e-10,0,66.483734474951333,16.748090273216956,26546121.361914299,-148649.2607345283,26397472.101179771,50000000,0,26397472.09770691,-1.9806961982236013e-08
32799.999999999956,62467.513459481299,71594.366755870447,592972674.56564343,109943930.34395787,7.497254587125491e-10,10670534.440524142,0,12692.373720203728,0.51251044079841224,26395626.394299045,-1.1972859902394711e-09,0,66.523833216377113,16.731224747830385,26546121.366367254,-150494.9720682092,26395626.394299045,50000000,0,26395626.390832048,-7.2897857477843929e-08
32699.99999999996,62517.513459481299,71680.969296248892,592972674.56564343,109943930.34395787,7.468150800121299e-10,10712116.009490337,0,12692.763593634112,0.51150140964461577,26394470.354285549,2.2648206587168262e-10,0,66.540501907079602,16.75805968411127,26546121.363225456,-151651.00893990695,26394470.354285549,50000000,0,26394470.350831933,-5.6498484550772927e-10
32599.99999999996,62567.513459481299,71767.571836627336,592972674.56564343,109943930.34395787,7.4502754748672886e-10,10737815.895112252,0,12691.827086993946,0.51110226586190688,26392480.104321618,2.6237201033078136e-10,0,66.422888521788991,16.783707582535111,26546121.372810837,-153641.26848921925,26392480.104321618,50000000,0,26392480.10087635,-1.5891218250348135e-09
32499.99999999996,62617.513459481299,71854.17437700578,592972674.56564343,109943930.34395787,7.4247921080521638e-10,10774668.437124394,0,12692.890540603747,0.51002542110625315,26391289.357628621,-1.3591769567929272e-09,0,66.446342093552161,16.761333021155419,26546121.365426399,-154832.00779777765,26391289.357628621,50000000,0,26391289.354195066,-1.0605866379667339e-07
32399.99999999996,62667.513459481299,71940.776917384224,592972674.56564343,109943930.34395787,7.4066288195836697e-10,10801089.749367023,0,12692.19148302374,0.50937714786438315,26389554.221058745,-1.2021658321410818e-09,0,66.493567426479956,16.774632661583862,26546121.372652262,-156567.15159351751,26389554.221058745,50000000,0,26389554.217633568,-9.7656131351036576e-08
32299.99999999996,62717.513459481299,72027.379457762669,592972674.56564343,109943930.34395787,7.3807126530271746e-10,10839013.70959417,0,12692.48153124342,0.50859520751029419,26388031.673025787,3.0175212631188025e-10,0,66.404156900648957,16.790719980254693,26546121.383485023,-158089.71045923606,26388031.673025787,50000000,0,26388031.669612624,1.0067901256291692e-08
32199.99999999996,62767.513459481299,72113.981998141113,592972674.56564343,109943930.34395787,7.3602286847993017e-10,10869177.563282209,0,12692.404597995088,0.50788812565500863,26386396.783623338,6.072518605537738e-10,0,66.432724960049896,16.757794059428402,26546121.370267626,-159724.58664428815,26386396.783623338,50000000,0,26386396.780219626,3.6130889375190983e-08
32099.99999999996,62817.513459481299,72200.584538519557,592972674.56564343,109943930.34395787,7.3382771056756292e-10,10901689.582258614,0,12692.264195933061,0.50697764150399727,26384930.586243585,-5.5360161856065343e-10,0,66.531418330462472,16.749853465759411,26546121.37876182,-161190.79251823574,26384930.586243585,50000000,0,26384930.582850076,-3.1808116063574574e-08
31999.99999999996,62867.513459481299,72287.187078898001,592972674.56564343,109943930.34395787,7.3154692181718589e-10,10935676.275716828,0,12692.810435563266,0.50620089067468921,26383352.099758189,-3.0760966491988957e-10,0,66.455941673042943,16.769784924005474,26546121.374399617,-162769.27464142814,26383352.099758189,50000000,0,26383352.096375126,-2.9884685979167746e-08
31899.999999999956,62917.513459481299,72373.789619276446,592972674.56564343,109943930.34395787,7.2930939462790173e-10,10969224.611745995,0,12691.951491395588,0.50558597222313573,26381571.749281578,-1.0104484980396993e-11,0,66.470899185596295,16.726202617343102,26546121.378477685,-164549.62919610739,26381571.749281578,50000000,0,26381571.745908991,-8.8503686947585369e-09
31799.999999999956,62967.513459481299,72460.39215965489,592972674.56564343,109943930.34395787,7.2698837120517513e-10,11004243.431768905,0,12692.624236633801,0.50457326092370547,26380215.602675613,-1.8056498777078665e-10,0,66.620597419893613,16.693459660666083,26546121.374846999,-165905.77217138559,26380215.602675613,50000000,0,26380215.599313606,-1.5346762444583201e-08
31699.999999999956,63017.513459481299,72546.994700033334,592972674.56564343,109943930.34395787,7.2510731074323036e-10,11032788.511310551,0,12692.503115567573,0.50387173142912034,26378346.495150913,-1.8860113403993842e-10,0,66.595605877686907,16.714805085960812,26546121.378452893,-167774.88330198079,26378346.495150913,50000000,0,26378346.49179779,-3.0828265021320784e-08
31599.999999999956,63067.513459481299,72633.597240411778,592972674.56564343,109943930.34395787,7.2225688240393338e-10,11076326.641587986,0,12692.213797143135,0.50301955236979656,26376786.094417252,-9.1260435361248558e-10,0,66.544964147874325,16.684802401858963,26546121.378947701,-169335.28453044966,26376786.094417252,50000000,0,26376786.091077194,-8.1420220996105361e-08
31499.999999999956,63117.513459481299,72720.199780790223,592972674.56564343,109943930.34395787,7.206454624364719e-10,11101092.445188858,0,12692.409933110806,0.50238345837675114,26374823.276856411,-1.051170123977354e-09,0,66.715840609169135,16.633522850095289,26546121.35466335,-171298.07780693844,26374823.276856411,50000000,0,26374823.273523852,-7.5858555983582789e-08
31399.999999999956,63167.513459481299,72806.802321168667,592972674.56564343,109943930.34395787,7.1774986793719029e-10,11145873.855685351,0,12692.599210018345,0.50123778838988098,26373350.431390289,5.7100145636659632e-10,0,66.735519378982417,16.644007027332442,26546121.358150404,-172770.92676011473,26373350.431390289,50000000,0,26373350.428071048,2.4033316684558809e-08
31299.999999999956,63217.513459481299,72893.404861547111,592972674.56564343,109943930.34395787,7.1620181943680096e-10,11169963.329512428,0,12692.216155999802,0.50075521430806125,26370937.770134605,2.0499271591813825e-10,0,66.688977930222919,16.627136315931462,26546121.322010927,-175183.55187632143,26370937.770134605,50000000,0,26370937.766822577,2.5036490051478435e-08
31199.999999999956,63267.513459481299,72980.007401925555,592972674.56564343,109943930.34395787,7.1305292478640804e-10,11219286.472443176,0,12692.728089459677,0.49968045942238459,26369359.11470513,1.1198459289652244e-10,0,66.798534735326854,16.581775727052008,26546121.290886294,-176762.17618116364,26369359.11470513,50000000,0,26369359.111407708,1.6947487489092222e-08
31099.999999999956,63317.513459481299,73066.609942304,592972674.56564343,109943930.34395787,7.1178490550732675e-10,11239271.716540668,0,12691.862388874737,0.49913144324444408,26366710.865521844,3.6537938029425194e-10,0,66.86550880242612,16.584409548050708,26546121.235671908,-179410.37015006319,26366710.865521844,50000000,0,26366710.862230185,3.8686581433855989e-08
30999.999999999956,63367.513459481299,73153.212482682444,592972674.56564343,109943930.34395787,7.085830080307972e-10,11290054.571031639,0,12693.732452975728,0.49788453709116071,26364989.057738394,7.4759368576541243e-10,0,66.787803511703288,16.580447743905182,26546121.180327095,-181132.12258870155,26364989.057738394,50000000,0,26364989.054461636,6.7748530981329884e-08
30899.999999999956,63417.513459481299,73239.815023060888,592972674.56564343,109943930.34395787,7.0733610577679836e-10,11309954.727240536,0,12692.756494191637,0.49765186346279794,26362022.728419155,7.0919613802040114e-10,0,66.885731286488962,16.541476487868355,26546121.066447675,-184098.33802852035,26362022.728419155,50000000,0,26362022.725148059,5.3820905091921553e-08
30799.999999999967,63467.513459481299,73326.417563439318,592972674.56564343,109943930.34395787,7.0416398307804931e-10,11360899.061890515,0,12697.902626017258,0.4964780553385455,26360619.282996491,-3.6330706451997444e-10,0,66.928599214229948,16.563696020133655,26546121.100448892,-185501.81745240092,26360619.282996491,50000000,0,26360619.279740158,-6.7993270299158606e-09
30699.999999999967,63517.513459481299,73413.020103817762,592972674.56564343,109943930.34395787,7.0343364399764675e-10,11372693.406659592,0,12700.569939347419,0.49626167395279802,26358367.087356783,3.4926713419857245e-10,0,66.802113362054271,16.570487088303324,26546121.085106224,-187753.99774944037,26358367.087356783,50000000,0,26358367.084103774,6.0796328940797841e-09
30599.999999999967,63567.513459481299,73499.622644196206,592972674.56564343,109943930.34395787,6.9998489944539505e-10,11428719.602403335,0,12704.470300610768,0.49502930575240844,26357929.97827578,-6.7797898515290071e-10,0,66.906432768881061,16.532026239088477,26546121.279395841,-188191.30112006143,26357929.97827578,50000000,0,26357929.975038778,-1.2495666115301383e-08
30499.999999999967,63617.513459481299,73586.22518457465,592972674.56564343,109943930.34395787,6.9920979161440241e-10,11441387.301125327,0,12706.118855189352,0.49496296176575594,26357503.812860467,1.6379094942346415e-09,0,66.929181872063594,16.570296615668035,26546121.304196846,-188617.4913363792,26357503.812860467,50000000,0,26357503.809627019,1.0005017907621782e-07
30399.999999999967,63667.513459481299,73672.827724953095,592972674.56564343,109943930.34395787,6.9564910197431975e-10,11499944.096613541,0,12711.887078299473,0.49348654566050448,26359281.998499237,9.8646575653965164e-11,0,66.761884469398126,16.60485744065393,26546121.394005395,-186839.39550615847,26359281.998499237,50000000,0,26359281.995282236,3.2667128085826247e-08
30299.999999999967,63717.513459481299,73759.430265331539,592972674.56564343,109943930.34395787,6.9408298595285727e-10,11525889.77441247,0,12703.627630639387,0.49273088529750697,26358991.433063567,-6.3797557682050333e-11,0,66.8045537335543,16.568532164377665,26546121.476789281,-187130.04372571409,26358991.433063567,50000000,0,26358991.429853816,3.181015084407836e-09
30199.999999999964,63767.513459481299,73846.032805709983,592972674.56564343,109943930.34395787,6.895695302847744e-10,11601321.874634312,0,12694.416663909282,0.4908133712415152,26357706.099309552,3.5036115881078504e-10,0,66.906895674471301,16.592658751966166,26546121.518661939,-188415.41935238615,26357706.099309552,50000000,0,26357706.096120711,3.6118791554318739e-08
30099.999999999964,63817.513459481299,73932.635346088427,592972674.56564343,109943930.34395787,6.8849605439452887e-10,11619407.750199895,0,12691.291401806397,0.49054051944001759,26354349.496192072,8.2773027187189086e-10,0,66.715122650272548,16.654454185846344,26546121.373740826,-191771.87754875422,26354349.496192072,50000000,0,26354349.493008152,7.1642283441298655e-08
29999.999999999964,63867.513459481299,74019.237886466872,592972674.56564343,109943930.34395787,6.848858562096211e-10,11680649.245898237,0,12693.273626995859,0.4889316293089645,26352466.493675157,6.3687068729909397e-10,0,66.671778959388107,16.634520737111345,26546121.37604839,-193654.88237323239,26352466.493675157,50000000,0,26352466.490507893,8.1240851194877924e-08
29899.999999999964,63917.513459481299,74105.840426845316,592972674.56564343,109943930.34395787,6.8394859872353765e-10,11696653.785070239,0,12691.798658415346,0.48867840081931302,26349169.41522713,1.5025472635751418e-09,0,66.7814172616973,16.642784603719882,26546121.389424197,-196951.97419706732,26349169.41522713,50000000,0,26349169.412064303,1.2531935492322671e-07
29799.999999999964,63967.513459481299,74192.44296722376,592972674.56564343,109943930.34395787,6.8008443868372354e-10,11763103.449988509,0,12692.773467448578,0.48732569322143166,26347330.932568062,8.6422319622184824e-10,0,66.64005389617887,16.710566545814732,26546121.387918267,-198790.4553502053,26347330.932568062,50000000,0,26347330.929422952,6.0117391776257201e-08
29699.999999999964,64017.513459481299,74279.045507602204,592972674.56564343,109943930.34395787,6.7915422120602888e-10,11779213.079294879,0,12692.112090379829,0.48691487598455613,26344433.656142935,-1.3453199806989825e-09,0,66.520297604523847,16.716546870188036,26546121.398314055,-201687.7421711199,26344433.656142935,50000000,0,26344433.65300227,-8.2748481504639154e-08
29599.999999999964,64067.513459481299,74365.648047980649,592972674.56564343,109943930.34395787,6.7549160384513688e-10,11843072.745039985,0,12692.800752226249,0.48540078117210184,26342976.158573784,-4.6056493042009768e-10,0,66.609817208683168,16.70432315890794,26546121.399971973,-203145.24139818922,26342976.158573784,50000000,0,26342976.155449979,-4.957173353082766e-08
29499.999999999964,64117.513459481299,74452.250588359093,592972674.56564343,109943930.34395787,6.7435480944193565e-10,11863034.015709223,0,12692.150850233382,0.48509668217311658,26340317.209241346,2.1524468700322928e-10,0,66.559839528826629,16.752466121592796,26546121.38778339,-205804.17854204401,26340317.209241346,50000000,0,26340317.20612289,1.1124062752543863e-09
29399.999999999964,64167.513459481299,74538.853128737537,592972674.56564343,109943930.34395787,6.7061161623914435e-10,11929240.182054523,0,12692.552775137781,0.48367709565214417,26338848.543969039,-3.2955268064084268e-10,0,66.432564138213749,16.768383622475401,26546121.410852991,-207272.86688395217,26338848.543969039,50000000,0,26338848.540867813,-2.6426512077598189e-08
29299.999999999964,64217.513459481299,74625.455669115981,592972674.56564343,109943930.34395787,6.6953393693183112e-10,11948438.940633096,0,12692.122884618615,0.48312179044310616,26336420.836361028,-4.8539930825354175e-10,0,66.491647997302451,16.748549021921757,26546121.38361894,-209700.54725791141,26336420.836361028,50000000,0,26336420.833264861,-3.8241877881531093e-08
29199.999999999964,64267.513459481299,74712.058209494426,592972674.56564343,109943930.34395787,6.6594610898474581e-10,12012801.240680031,0,12692.995662310557,0.48170871806006355,26335068.148972232,-2.6319424185626509e-11,0,66.501361023324051,16.774295255257247,26546121.396818358,-211053.24784612656,26335068.148972232,50000000,0,26335068.145892616,-2.9144491348455654e-08
29099.99999999996,64317.513459481299,74798.66074987287,592972674.56564343,109943930.34395787,6.6441457154610859e-10,12040486.517080892,0,12691.609068765129,0.48132159297957738,26332448.642906684,-1.1484524038786218e-09,0,66.399674041871535,16.785908693734424,26546121.377521694,-213672.73461500928,26332448.642906684,50000000,0,26332448.639834084,-7.2794810842229725e-08
28999.99999999996,64367.513459481299,74885.263290251314,592972674.56564343,109943930.34395787,6.6108567957672344e-10,12101106.137343714,0,12693.071620395376,0.479811267250561,26331154.951943517,2.3254887723830335e-10,0,66.459496030178798,16.760027156079065,26546121.386696283,-214966.43475276604,26331154.951943517,50000000,0,26331154.948886458,-4.3406867705508151e-09
28899.99999999996,64417.513459481299,74971.865830629758,592972674.56564343,109943930.34395787,6.5956016434368404e-10,12129090.14662182,0,12692.039671009417,0.47919498693350421,26328771.801575623,-3.0903933434150359e-11,0,66.487037918399139,16.775909030127274,26546121.375598822,-217349.57402319834,26328771.801575623,50000000,0,26328771.798525497,-1.8518476563053909e-08
28799.99999999996,64467.513459481299,75058.468371008203,592972674.56564343,109943930.34395787,6.5610168726094207e-10,12193012.921883637,0,12692.647560057325,0.47793845198509521,26327126.574200075,-1.2137220719338305e-09,0,66.408377532736765,16.778146966929061,26546121.375713099,-218994.80151302367,26327126.574200075,50000000,0,26327126.571165986,-7.3876107838369359e-08
28699.99999999996,64517.513459481299,75145.070911386647,592972674.56564343,109943930.34395787,6.5440319374420727e-10,12224653.554129416,0,12692.243863655478,0.47726282866934805,26324871.850321442,4.3173106807742931e-10,0,66.479214075306786,16.73492014554332,26546121.383714676,-221249.53339323401,26324871.850321442,50000000,0,26324871.847295176,-1.5020856779609614e-08
28599.99999999996,64567.513459481299,75231.673451765091,592972674.56564343,109943930.34395787,6.5125268874488038e-10,12283780.021417703,0,12692.469872132739,0.47585859887499299,26323308.842286419,-1.395763551557723e-09,0,66.574555909509357,16.733670332869202,26546121.363878973,-222812.5215925537,26323308.842286419,50000000,0,26323308.839274727,-7.5275143349140436e-08
28499.99999999996,64617.513459481299,75318.275992143535,592972674.56564343,109943930.34395787,6.4932810659346678e-10,12320180.856454991,0,12692.544908965048,0.47512787058336031,26321043.353708219,6.2282870969417525e-10,0,66.480577537321324,16.746505622505108,26546121.377796218,-225078.02408799902,26321043.353708219,50000000,0,26321043.350705393,-1.7179955868651767e-08
28399.99999999996,64667.513459481299,75404.87853252198,592972674.56564343,109943930.34395787,6.4612408350880753e-10,12381260.482548086,0,12692.228107959472,0.47397024408533855,26319253.446621396,-2.1037058032094424e-09,0,66.53819839976137,16.688614528534533,26546121.368927259,-226867.92230586335,26319253.446621396,50000000,0,26319253.443633433,-1.0091316729977513e-07
28299.99999999996,64717.513459481299,75491.481072900424,592972674.56564343,109943930.34395787,6.4416054867225409e-10,12418993.332536634,0,12692.323426196866,0.47301455696407063,26317183.499670956,1.7157459219394741e-09,0,66.699546883935398,16.661214985030661,26546121.361278214,-228937.86160725728,26317183.499670956,50000000,0,26317183.496692039,5.948566606342238e-08
28199.999999999971,64767.513459481299,75578.083613278854,592972674.56564343,109943930.34395787,6.412465619333583e-10,12475415.326590026,0,12692.788351099354,0.47176381257312922,26315333.194359481,-1.1911420796459107e-09,0,66.645527112115929,16.684999904169995,26546121.376115974,-230788.1817564927,26315333.194359481,50000000,0,26315333.191394113,-3.614386659202131e-08
28099.999999999971,64817.513459481299,75664.686153657298,592972674.56564343,109943930.34395787,6.387955775205116e-10,12523269.396553123,0,12691.972673457198,0.47095192732581309,26313090.635554608,8.7827471324208871e-10,0,66.614742098534052,16.643446436696063,26546121.360815447,-233030.72526083887,26313090.635554608,50000000,0,26313090.632600561,3.2734198710169467e-08
27999.999999999971,64867.513459481299,75751.288694035742,592972674.56564343,109943930.34395787,6.3610637631667546e-10,12576199.781476004,0,12692.634506437287,0.46974766176908894,26311180.728476766,-3.5435204732404642e-10,0,66.810175657015506,16.595696725593836,26546121.377961405,-234940.64948463812,26311180.728476766,50000000,0,26311180.725535102,-2.6172903780551155e-08
27899.999999999971,64917.513459481299,75837.891234414186,592972674.56564343,109943930.34395787,6.3358539652332821e-10,12626226.45988667,0,12692.428979066119,0.46865002168397962,26309147.601288568,-1.0313576877168069e-09,0,66.794171120497424,16.617584524862856,26546121.362903632,-236973.761615064,26309147.601288568,50000000,0,26309147.59835862,-6.4522347326376447e-08
27799.999999999971,64967.513459481299,75924.493774792631,592972674.56564343,109943930.34395787,6.3096411358767429e-10,12678666.551807435,0,12692.413090437169,0.46758299809755971,26306905.211921677,6.1663917818935915e-10,0,66.738185128885604,16.597875122697697,26546121.363726646,-239216.15180496871,26306905.211921677,50000000,0,26306905.209003817,1.1529950856411935e-08
27699.999999999971,65017.513459481299,76011.096315171075,592972674.56564343,109943930.34395787,6.2817537339354594e-10,12734936.038307112,0,12692.556927745502,0.46651560471750803,26304948.108795859,-7.5218997203077332e-10,0,66.865618663010736,16.553646463817554,26546121.378612459,-241173.26981659979,26304948.108795859,50000000,0,26304948.105890915,-3.5211340105805949e-08
27599.999999999971,65067.513459481299,76097.698855549519,592972674.56564343,109943930.34395787,6.2578415360138832e-10,12783584.683108861,0,12692.025441766411,0.46539362351492775,26302660.45212521,2.9295102208412017e-10,0,66.91279311612378,16.568257846569768,26546121.35842688,-243460.90630166978,26302660.45212521,50000000,0,26302660.449231297,-7.2965113211792929e-10
27499.999999999967,65117.513459481299,76184.301395927963,592972674.56564343,109943930.34395787,6.2285674666366942e-10,12843649.038452109,0,12692.928076021384,0.4641123225085273,26300756.407351695,-4.7562848600856066e-10,0,66.809686965986742,16.570579910541028,26546121.377612464,-245364.97026076913,26300756.407351695,50000000,0,26300756.404471364,6.4943531402665808e-09
27399.999999999967,65167.513459481299,76270.903936306408,592972674.56564343,109943930.34395787,6.2051064043740206e-10,12892193.996454837,0,12692.025792391492,0.4632230104811243,26298282.377487797,2.0166617893101726e-09,0,66.908545981124789,16.538612211892001,26546121.359813888,-247838.98232609034,26298282.377487797,50000000,0,26298282.374618262,1.2350724028108748e-07
27299.999999999967,65217.513459481299,76357.506476684852,592972674.56564343,109943930.34395787,6.1727724695977202e-10,12959702.901504226,0,12692.479914186706,0.46185258544551949,26296384.783033185,-2.1423973770104875e-10,0,66.924038343144844,16.565394397169847,26546121.370589789,-249736.5875566043,26296384.783033185,50000000,0,26296384.780178633,2.1239011382394023e-08
27199.999999999967,65267.513459481299,76444.109017063296,592972674.56564343,109943930.34395787,6.1528040093560909e-10,13001749.247376028,0,12692.490240360199,0.46088598633713063,26293904.076027974,1.3425653827856185e-10,0,66.813874013598337,16.573725647635179,26546121.375742115,-252217.29971414059,26293904.076027974,50000000,0,26293904.073182639,1.1464515852789818e-08
27099.999999999967,65317.513459481299,76530.71155744174,592972674.56564343,109943930.34395787,6.1179476027768073e-10,13075798.87577422,0,12692.451091932227,0.45940731923157435,26291938.836114295,3.6463027672782303e-10,0,66.889031699151033,16.557337169394064,26546121.365370389,-254182.52925609425,26291938.836114295,50000000,0,26291938.833285116,4.9364275321228301e-08
26999.999999999967,65367.513459481299,76617.314097820185,592972674.56564343,109943930.34395787,6.0982593554475028e-10,13117998.032196341,0,12692.190313093768,0.45865712011036375,26289396.232441105,1.3739756530979164e-09,0,66.874081668725907,16.591154769604618,26546121.382925648,-256725.15048454329,26289396.232441105,50000000,0,26289396.229620993,9.1627599481688241e-08
26899.999999999967,65417.513459481299,76703.916638198629,592972674.56564343,109943930.34395787,6.0618609276052433e-10,13196735.229168087,0,12692.714189284001,0.45700284036105948,26287439.366198111,-3.7930253052089608e-10,0,66.754932074079406,16.618131505519724,26546121.373650745,-258682.00745263323,26287439.366198111,50000000,0,26287439.363394886,9.3081050757165548e-09
26799.999999999967,65467.513459481299,76790.519178577073,592972674.56564343,109943930.34395787,6.0440756010441177e-10,13235553.335454699,0,12692.099705621398,0.45616874595618967,26284887.273675427,7.1202812554582856e-10,0,66.776749394008533,16.599520004162549,26546121.37353617,-261234.09986074269,26284887.273675427,50000000,0,26284887.270880353,5.2451245785083412e-08
26699.999999999967,65517.513459481299,76877.121718955517,592972674.56564343,109943930.34395787,6.0058881088218312e-10,13319674.216466168,0,12692.968858489799,0.45453229278573198,26283027.3049291,6.7517743969621845e-10,0,66.814113874757567,16.638505205860259,26546121.391365811,-263094.08643671125,26283027.3049291,50000000,0,26283027.302151676,5.3691845885514755e-08
26599.999999999967,65567.513459481299,76963.724259333962,592972674.56564343,109943930.34395787,5.9873928501605833e-10,13360800.707958641,0,12691.620070199253,0.45382516056410988,26280234.31041545,-1.9466060980040598e-10,0,66.627363654928757,16.682861349636983,26546121.370739847,-265887.06032439694,26280234.31041545,50000000,0,26280234.307646535,-9.6347194083719709e-09
26499.999999999967,65617.513459481299,77050.326799712406,592972674.56564343,109943930.34395787,5.9494511076672284e-10,13445970.935841648,0,12693.126338247715,0.45194206699903372,26278590.026021659,-4.7347630299324782e-10,0,66.643308218915507,16.66189506193475,26546121.391791999,-267531.36577033997,26278590.026021659,50000000,0,26278590.023270406,-4.19244148989164e-08
26399.999999999964,65667.513459481299,77136.92934009085,592972674.56564343,109943930.34395787,5.9321526594626706e-10,13485161.939959971,0,12691.961857860026,0.45120046638410322,26275831.155456778,-4.2749589492503411e-10,0,66.699310366861695,16.685352506456823,26546121.373312932,-270290.21785615385,26275831.155456778,50000000,0,26275831.152713485,-3.8584255978547659e-08
26299.999999999964,65717.513459481299,77223.531880469294,592972674.56564343,109943930.34395787,5.8906523433798139e-10,13580118.552710176,0,12692.624885672129,0.44950047315953862,26274045.401449755,-1.3074714044866508e-10,0,66.551453582622543,16.744894818661646,26546121.387359422,-272075.98590966687,26274045.401449755,50000000,0,26274045.398725677,-2.4259345540348936e-08
26199.999999999964,65767.513459481299,77310.134420847739,592972674.56564343,109943930.34395787,5.8742135640124981e-10,13618104.85678813,0,12692.175108806272,0.44862633637889676,26271422.167026512,-5.0313923623110147e-10,0,66.472342984943452,16.737332961860922,26546121.370028425,-274699.20300191268,26271422.167026512,50000000,0,26271422.164310027,-3.4049147331209529e-08
26099.999999999964,65817.513459481299,77396.736961226183,592972674.56564343,109943930.34395787,5.8336984939649665e-10,13712633.563673921,0,12692.783924715777,0.44674364871962352,26269873.970841564,9.4701089294944762e-11,0,66.57015200196274,16.731877676468564,26546121.373756029,-276247.40291446447,26269873.970841564,50000000,0,26269873.968143824,-1.2938996860412827e-08
25999.999999999964,65867.513459481299,77483.339501604627,592972674.56564343,109943930.34395787,5.8158443919325737e-10,13754706.882946238,0,12692.098539033312,0.44599646144146271,26267331.200549491,-6.4679255106988748e-10,0,66.492776382724543,16.776519981470297,26546121.364770126,-278790.16422063485,26267331.200549491,50000000,0,26267331.197859958,-5.2217757041271909e-08
25899.999999999964,65917.513459481299,77569.942041983071,592972674.56564343,109943930.34395787,5.7739902638855272e-10,13854353.525249988,0,12692.661831754438,0.44414590736823278,26265817.768162478,-6.4347383311942243e-10,0,66.404798907283364,16.7778595114486,26546121.350569699,-280303.5824072212,26265817.768162478,50000000,0,26265817.765492335,-6.307574414637759e-08
25799.999999999964,65967.513459481299,77656.544582361515,592972674.56564343,109943930.34395787,5.7576037255380835e-10,13893763.739833081,0,12692.14514868368,0.44321822848843301,26263363.385004107,-5.659282992931447e-10,0,66.479832095025188,16.757379668291414,26546121.382974178,-282757.99797007069,26263363.385004107,50000000,0,26263363.382341515,-4.6277791095959663e-08
25699.999999999964,66017.513459481299,77743.14712273996,592972674.56564343,109943930.34395787,5.7181650207656901e-10,13989530.570305483,0,12697.123896652838,0.44150161637157104,26261698.873127658,1.2777300703487985e-10,0,66.459643477363954,16.777449344595659,26546121.458559304,-284422.58543164656,26261698.873127658,50000000,0,26261698.870483372,-6.3368856990192673e-09
25599.999999999964,66067.513459481299,77829.749663118404,592972674.56564343,109943930.34395787,5.7037998925915771e-10,14024738.524625789,0,12703.939928341139,0.44109347883536204,26258029.28750347,-3.1859186140378345e-10,0,66.402362072174228,16.773184827916158,26546121.48206732,-288092.19456385076,26258029.28750347,50000000,0,26258029.284865763,1.9036275221773148e-09
25499.999999999964,66117.513459481299,77916.352203496848,592972674.56564343,109943930.34395787,5.6646637719855104e-10,14121570.790309567,0,12705.551406660232,0.43916845226335333,26254705.209437083,1.2469411574369065e-09,0,66.496822618218104,16.748355189521597,26546121.399839997,-291416.19040291384,26254705.209437083,50000000,0,26254705.206817545,6.9436971014720138e-08
25399.999999999964,66167.513459481299,78002.954743875292,592972674.56564343,109943930.34395787,5.6434299501746203e-10,14174669.945283178,0,12699.790929272742,0.43805976165675203,26250278.744374901,-4.8583002203181258e-10,0,66.490765521417131,16.768303691167588,26546121.181486335,-295842.4371114336,26250278.744374901,50000000,0,26250278.741765156,-1.3570969034836695e-08
25299.99999999996,66217.513459481299,78089.557284253737,592972674.56564343,109943930.34395787,5.599974320298683e-10,14284583.725163713,0,12698.149744266533,0.43612234011592771,26247477.98840319,-1.283357220548507e-10,0,66.419324983770039,16.752545021791448,26546121.118511245,-298643.13010805473,26247477.98840319,50000000,0,26247477.985813498,1.1113235047701184e-08
25199.999999999975,66267.513459481299,78176.159824632166,592972674.56564343,109943930.34395787,5.5778577974803325e-10,14341182.984921228,0,12693.479022652155,0.43495206471709758,26244362.413801804,1.6584794963072475e-09,0,66.540298877651992,16.707453491430048,26546121.16324944,-301758.74944763631,26244362.413801804,50000000,0,26244362.411222346,9.8241305180455215e-08
25099.999999999975,66317.513459481299,78262.762365010611,592972674.56564343,109943930.34395787,5.5373952150935928e-10,14445895.908383884,0,12693.865559793379,0.4329291766120863,26242445.76190526,-5.9640843709485441e-10,0,66.608153727648229,16.713069395700529,26546121.213143215,-303675.4512379542,26242445.76190526,50000000,0,26242445.759344518,-1.92117239541297e-08
24999.999999999975,66367.513459481299,78349.364905389055,592972674.56564343,109943930.34395787,5.5148708626906542e-10,14504850.36562999,0,12692.055847937894,0.43182493858646781,26239634.371161774,-4.3050309744682972e-10,0,66.528539144347491,16.712474621733776,26546121.253420591,-306486.88225881755,26239634.371161774,50000000,0,26239634.368611444,-5.8832055632551296e-08
24899.999999999975,66417.513459481299,78435.967445767499,592972674.56564343,109943930.34395787,5.4740127994190525e-10,14613019.52509886,0,12692.544865188487,0.43001105736119982,26237613.578664571,-1.2100839835322622e-09,0,66.62641675610702,16.647332773260487,26546121.295545217,-308507.7168806456,26237613.578664571,50000000,0,26237613.576133139,-8.8110447828437788e-08
24799.999999999975,66467.513459481299,78522.569986145943,592972674.56564343,109943930.34395787,5.4519167996250152e-10,14672197.067030532,0,12692.025468733242,0.42874736256216683,26234888.455806803,-1.7547311935664997e-11,0,66.776454193758141,16.636108215732548,26546121.326053362,-311232.87024655938,26234888.455806803,50000000,0,26234888.453285586,-2.1401418075514256e-08
24699.999999999971,66517.513459481299,78609.172526524388,592972674.56564343,109943930.34395787,5.4127959675854894e-10,14778142.910464372,0,12693.046578869356,0.426827067549302,26232654.132965367,-5.1093708493747219e-12,0,66.671973788106826,16.656018071487644,26546121.343000371,-313467.21003500372,26232654.132965367,50000000,0,26232654.130462252,-1.0526589012899556e-08
24599.999999999971,66567.513459481299,78695.775066902832,592972674.56564343,109943930.34395787,5.3870473987649163e-10,14848708.1224826,0,12691.767510530424,0.42568958474014984,26229561.628461249,-5.9402062070503618e-10,0,66.705129648547768,16.594953779669193,26546121.358257562,-316559.72979631275,26229561.628461249,50000000,0,26229561.625970036,-2.1129127586147528e-08
24499.999999999971,66617.513459481299,78782.377607281276,592972674.56564343,109943930.34395787,5.3490904187694646e-10,14953970.36584577,0,12692.835666849989,0.42376047269128453,26227126.063193634,1.1196293133311895e-09,0,66.909753644806841,16.565812600080733,26546121.362756979,-318995.29956334457,26227126.063193634,50000000,0,26227126.060719959,5.6879949163731916e-08
24399.999999999971,66667.513459481299,78868.98014765972,592972674.56564343,109943930.34395787,5.3229691182155459e-10,15027280.006015811,0,12692.217684642199,0.42238204507503757,26224123.045722615,-4.9357238412511667e-10,0,66.814322264054738,16.601621852585623,26546121.368493319,-321998.32277070358,26224123.045722615,50000000,0,26224123.043261051,2.5311793196690837e-09
24299.999999999971,66717.513459481299,78955.582688038165,592972674.56564343,109943930.34395787,5.2852372748488685e-10,15134444.172870805,0,12692.581459176072,0.42052786152063942,26221291.475193132,1.021666100917679e-09,0,66.782673023201099,16.567758045989155,26546121.386368591,-324829.91117545962,26221291.475193132,50000000,0,26221291.472748995,4.964318002229367e-08
24199.999999999971,66767.513459481299,79042.185228416609,592972674.56564343,109943930.34395787,5.2569203260952738e-10,15215873.96472287,0,12692.349899706993,0.41916192959913445,26218281.47103494,-6.2726115550510341e-10,0,66.93944496718035,16.527028802812453,26546121.362698276,-327839.89166333526,26218281.47103494,50000000,0,26218281.468603879,-1.9361206585839621e-08
24099.999999999971,66817.513459481299,79128.787768795053,592972674.56564343,109943930.34395787,5.2206471020495503e-10,15321472.29293561,0,12692.242440005139,0.41724276550154188,26215355.584196672,3.4492529282582695e-10,0,66.945388626652303,16.563455928446526,26546121.382646054,-330765.79844938219,26215355.584196672,50000000,0,26215355.581782464,4.7394742649529126e-09
23999.999999999971,66867.513459481299,79215.390309173497,592972674.56564343,109943930.34395787,5.1910112485319368e-10,15408838.786766704,0,12692.665606512977,0.41566567215997918,26212351.079784762,-4.8208057310081868e-10,0,66.798742643760974,16.567097780013857,26546121.37770829,-333770.29792352766,26212351.079784762,50000000,0,26212351.077384237,-6.8392865560852125e-09
23899.999999999971,66917.513459481299,79301.992849551942,592972674.56564343,109943930.34395787,5.155416507186307e-10,15515088.161965214,0,12692.320824099146,0.41390638041527472,26209248.534109365,1.1860818928352846e-09,0,66.932812122482844,16.536089572866334,26546121.370988131,-336872.83687876537,26209248.534109365,50000000,0,26209248.531725273,7.4875975518308636e-08
23799.999999999971,66967.513459481299,79388.595389930386,592972674.56564343,109943930.34395787,5.1224861953255684e-10,15614693.28115054,0,12692.20380601314,0.41224378608885298,26206160.920435261,2.1013765076562544e-10,0,66.911799937464664,16.576515479651398,26546121.377551958,-339960.45711669698,26206160.920435261,50000000,0,26206160.918066423,3.6386156336085074e-08
23699.999999999971,67017.513459481299,79475.19793030883,592972674.56564343,109943930.34395787,5.0898372617029935e-10,15714720.61282482,0,12692.737470507373,0.41039847788446449,26203031.921631493,1.6362374054891849e-10,0,66.78374095803602,16.59005196982822,26546121.367926441,-343089.44629494846,26203031.921631493,50000000,0,26203031.919277683,1.1891063780826982e-08
23599.999999999967,67067.513459481299,79561.800470687274,592972674.56564343,109943930.34395787,5.0548002763497816e-10,15823486.797263496,0,12692.224262112892,0.40858329286692374,26199850.271386296,-1.5187967752803515e-10,0,66.850970535814625,16.58019864999606,26546121.375703927,-346271.10431763157,26199850.271386296,50000000,0,26199850.269048739,1.0759524416413092e-08
23499.999999999967,67117.513459481299,79648.403011065719,592972674.56564343,109943930.34395787,5.0220825972706149e-10,15926413.571648762,0,12692.372143239927,0.40693055564661851,26196538.967017721,1.0975925131409011e-09,0,66.82094569634846,16.619388109215031,26546121.365247462,-349582.39822974056,26196538.967017721,50000000,0,26196538.964695312,5.3205221555609442e-08
23399.999999999967,67167.513459481299,79735.005551444163,592972674.56564343,109943930.34395787,4.9853525445546698e-10,16043568.896473775,0,12692.552011194366,0.4049284268069232,26193316.608967163,-1.0601324682715618e-09,0,66.695657597860816,16.647343045181263,26546121.382740472,-352804.77377330884,26193316.608967163,50000000,0,26193316.606661681,-4.257822965850305e-08
23299.999999999967,67217.513459481299,79821.608091822607,592972674.56564343,109943930.34395787,4.9545446040783292e-10,16143170.064676568,0,12692.240635772627,0.40317753000466944,26189932.370262023,5.9388975557373087e-10,0,66.717090826673427,16.634791725011642,26546121.370431297,-356189.00016927347,26189932.370262023,50000000,0,26189932.367970802,-2.3635732996625944e-09
23199.999999999967,67267.513459481299,79908.210632201051,592972674.56564343,109943930.34395787,4.9157717317184999e-10,16270275.278388716,0,12692.834105374088,0.401146316048414,26186663.200628333,-1.4630649780881231e-09,0,66.729137007661109,16.677225668085487,26546121.367566045,-359458.16693771258,26186663.200628333,50000000,0,26186663.198355116,-7.5078055308537038e-08
23099.999999999967,67317.513459481299,79994.813172579496,592972674.56564343,109943930.34395787,4.8846538101319023e-10,16373736.256436482,0,12691.773591089381,0.39950400927799706,26182975.436891939,7.5982516073272248e-10,0,66.560745000175316,16.713280854012435,26546121.379427701,-363145.94253576174,26182975.436891939,50000000,0,26182975.434633017,2.9394736243052277e-08
22999.999999999967,67367.513459481299,80081.41571295794,592972674.56564343,109943930.34395787,4.8452768475279222e-10,16506561.189529693,0,12692.959078824699,0.3972037367640015,26179780.850453466,1.9266548019980379e-10,0,66.588592745985338,16.694893455084625,26546121.365247779,-366340.51479431242,26179780.850453466,50000000,0,26179780.848212846,5.0537592849182859e-09
22899.999999999967,67417.513459481299,80168.018253336384,592972674.56564343,109943930.34395787,4.8155166660164679e-10,16608375.022500895,0,12692.154653560321,0.39552653959776629,26175980.742511511,-1.2264070614569548e-09,0,66.622718826004856,16.722159254695267,26546121.369852826,-370140.62734131515,26175980.742511511,50000000,0,26175980.740284599,-7.2840994156914245e-08
22799.999999999967,67467.513459481299,80254.620793714828,592972674.56564343,109943930.34395787,4.7724616224843235e-10,16757887.34884665,0,12692.395862906355,0.39331802987791148,26172523.481248695,3.3781815579616199e-10,0,66.48323663258094,16.768241391417018,26546121.370522916,-373597.88927422091,26172523.481248695,50000000,0,26172523.47904167,-1.6863633659852573e-08
22699.999999999967,67517.513459481299,80341.223334093273,592972674.56564343,109943930.34395787,4.7438627247983834e-10,16858711.032914564,0,12692.339439489613,0.39152713600241701,26168676.341937929,-1.1220439531181454e-09,0,66.449139915461075,16.752909954199065,26546121.358320303,-377445.01638237387,26168676.341937929,50000000,0,26168676.339744188,-4.0928723760718129e-08
22599.999999999967,67567.513459481299,80427.825874471717,592972674.56564343,109943930.34395787,4.7006887605619887e-10,17013202.811060756,0,12692.663544054316,0.38909999868740375,26165231.657101151,1.6692930102882647e-09,0,66.528861497100579,16.755380333804254,26546121.378085352,-380889.72098420188,26165231.657101151,50000000,0,26165231.654927291,8.6039611194382944e-08
22499.999999999964,67617.513459481299,80514.428414850161,592972674.56564343,109943930.34395787,4.6711959031614364e-10,17120369.620837502,0,12692.123559813881,0.38741458409845564,26161149.725063648,-3.7116740115855368e-10,0,66.441742722145946,16.790183090168945,26546121.350980662,-384971.62591701373,26161149.725063648,50000000,0,26161149.722903531,1.0839484262774321e-09
22399.999999999964,67667.513459481299,80601.030955228605,592972674.56564343,109943930.34395787,4.6263879510190826e-10,17285769.239047166,0,12692.729418538738,0.38494576163166289,26157555.80672862,-1.3249896460878415e-10,0,66.398283204795334,16.776468035381086,26546121.374311116,-388565.56758249551,26157555.80672862,50000000,0,26157555.80458913,-2.1230627169964543e-08
22299.999999999964,67717.513459481299,80687.63349560705,592972674.56564343,109943930.34395787,4.5979864192177558e-10,17392290.629883539,0,12691.911829500026,0.38306868455011078,26153424.016696893,-3.6962218494956171e-10,0,66.492326889973114,16.758680446616435,26546121.347059306,-392697.33036241308,26153424.016696893,50000000,0,26153424.014570609,-2.8933505371379201e-08
22199.999999999964,67767.513459481299,80774.236035985494,592972674.56564343,109943930.34395787,4.5526032450823026e-10,17565194.553282417,0,12693.43569817037,0.38051600982873862,26149707.984501183,-1.2731322052729168e-10,0,66.456160146566532,16.782212860571416,26546121.360167984,-396413.37566680089,26149707.984501183,50000000,0,26149707.982395899,9.9769959993755772e-09
22099.999999999964,67817.513459481299,80860.838576363938,592972674.56564343,109943930.34395787,4.5227066932647079e-10,17680977.823617887,0,12692.625004382247,0.37878945131684028,26145117.217610426,1.4677518429606893e-09,0,66.409054255112721,16.762659887099726,26546121.37101236,-401004.15340193361,26145117.217610426,50000000,0,26145117.21551897,8.2335534455115495e-08
21999.999999999964,67867.513459481299,80947.441116742382,592972674.56564343,109943930.34395787,4.477225185540586e-10,17860067.697245404,0,12694.331661613722,0.37604415666446939,26141249.819309969,-7.7552607031377047e-10,0,66.527592434412583,16.729980438296803,26546121.343765549,-404871.52445558086,26141249.819309969,50000000,0,26141249.817239482,-2.0471032049757146e-08
21899.999999999964,67917.513459481299,81034.043657120827,592972674.56564343,109943930.34395787,4.4469798609326e-10,17981186.588033676,0,12692.014081835234,0.37407358370579497,26136431.114252128,3.8968517388110219e-10,0,66.534246876476843,16.746974715424077,26546121.310006887,-409690.19575475901,26136431.114252128,50000000,0,26136431.112195637,3.2371640529270156e-08
21799.999999999964,67967.513459481299,81120.646197499271,592972674.56564343,109943930.34395787,4.3991199778578815e-10,18176155.402471058,0,12692.756692365916,0.37141271568180922,26132113.780160911,1.1595387992086623e-09,0,66.477552929159586,16.729397167850411,26546121.289786428,-414007.50962551683,26132113.780160911,50000000,0,26132113.778126646,7.6892930650561177e-08
21699.999999999975,68017.513459481299,81207.2487378777,592972674.56564343,109943930.34395787,4.368648645681933e-10,18302531.123883724,0,12691.817514919967,0.36939186830563292,26127321.817640081,-4.0147405993304366e-10,0,66.60753381464724,16.680482486233679,26546121.262143485,-418799.4445034042,26127321.817640081,50000000,0,26127321.815619752,-1.974265489881657e-08
21599.999999999975,68067.513459481299,81293.851278256145,592972674.56564343,109943930.34395787,4.3214652804890546e-10,18501656.597121019,0,12693.977425593383,0.36654448873683998,26123162.541499957,-7.4337435921594256e-10,0,66.657074454798973,16.68534657162224,26546121.254456561,-422958.71295660362,26123162.541499957,50000000,0,26123162.539501593,-4.6491557396570494e-08
21499.999999999975,68117.513459481299,81380.453818634589,592972674.56564343,109943930.34395787,4.2902342907518846e-10,18635861.200146046,0,12694.398411691302,0.36451779500139653,26118432.189713303,5.8472765890632446e-10,0,66.588987553670989,16.670044761226062,26546121.247847576,-427689.05813427269,26118432.189713303,50000000,0,26118432.187729325,4.0507082129366329e-08
21399.999999999975,68167.513459481299,81467.056359013033,592972674.56564343,109943930.34395787,4.2426762316035977e-10,18843919.222163778,0,12698.561498596646,0.36177640989738347,26114597.776104558,8.3827718187325004e-10,0,66.704958656746385,16.618371130087347,26546121.269678716,-431523.49357415736,26114597.776104558,50000000,0,26114597.774142556,7.2378570491712093e-08
21299.999999999975,68217.513459481299,81553.658899391477,592972674.56564343,109943930.34395787,4.2113066899564263e-10,18983763.111669064,0,12701.073796696697,0.35954681934773891,26110464.266205922,4.0400406467709192e-10,0,66.802968128099039,16.61710725696399,26546121.357267838,-435657.0910619162,26110464.266205922,50000000,0,26110464.264258426,4.6292896027800193e-08
21199.999999999971,68267.513459481299,81640.261439769922,592972674.56564343,109943930.34395787,4.1600961350234006e-10,19216454.548036434,0,12696.301510713382,0.35634010182790754,26106275.810836658,3.2336699584391509e-10,0,66.715910737335363,16.617712617561018,26546121.479518391,-439845.66868173331,26106275.810836658,50000000,0,26106275.808912843,1.3688115995814028e-08
21099.999999999971,68317.513459481299,81726.863980148366,592972674.56564343,109943930.34395787,4.123937872561188e-10,19384199.324318759,0,12691.061094595245,0.35396757309162191,26101090.55700307,-8.7851961610347385e-10,0,66.812358402813487,16.560680354709284,26546121.35363755,-445030.79663448036,26101090.55700307,50000000,0,26101090.555095959,-4.0305206936471072e-08
20999.999999999971,68367.513459481299,81813.46652052681,592972674.56564343,109943930.34395787,4.0753315957880056e-10,19614310.190429494,0,12693.084638334227,0.35085229092366899,26096434.468160745,7.8602692841037072e-10,0,66.9385879867597,16.561242917126133,26546121.354661115,-449686.88650036976,26096434.468160745,50000000,0,26096434.466276094,4.0692460162069258e-08
20899.999999999971,68417.513459481299,81900.069060905254,592972674.56564343,109943930.34395787,4.0404608432730002e-10,19782807.884071134,0,12692.072503937112,0.34837148196304341,26091186.079376537,1.5855150579461396e-10,0,66.808449556712802,16.5873902885264,26546121.35337355,-454935.27399701253,26091186.079376537,50000000,0,26091186.077507988,1.6154993310125211e-08
20799.999999999971,68467.513459481299,81986.671601283699,592972674.56564343,109943930.34395787,3.9911750215498736e-10,20025831.667059056,0,12692.743946661667,0.34520964091705419,26086017.279915798,-4.4944802877512108e-10,0,66.846637170294954,16.535896703895542,26546121.358838756,-460104.07892295718,26086017.279915798,50000000,0,26086017.278070245,-3.5945500707336603e-08
20699.999999999971,68517.513459481299,82073.274141662143,592972674.56564343,109943930.34395787,3.9547352745171041e-10,20209389.824055765,0,12692.158793396055,0.34267727710694024,26080679.370511953,-5.1593011622652376e-10,0,67.000960334673991,16.528710578313113,26546121.372191768,-465442.00167981535,26080679.370511953,50000000,0,26080679.368683033,-5.1389426001271159e-08
20599.999999999971,68567.513459481299,82159.876682040587,592972674.56564343,109943930.34395787,3.9055314071339829e-10,20462571.937264085,0,12692.481519792509,0.33936703903073118,26075440.103795391,-5.68077378234153e-10,0,66.877337482004876,16.581869275723047,26546121.364279818,-470681.26048442721,26075440.103795391,50000000,0,26075440.101989388,-3.5046714934611837e-08
20499.999999999971,68617.513459481299,82246.479222419031,592972674.56564343,109943930.34395787,3.8680028752722777e-10,20660001.841194551,0,12692.392685300723,0.33660576638392398,26070031.169386011,6.918669412010275e-10,0,66.794748399927926,16.559481953458128,26546121.367010862,-476090.19762485102,26070031.169386011,50000000,0,26070031.167597242,3.0644598865841014e-08
20399.999999999971,68667.513459481299,82333.081762797476,592972674.56564343,109943930.34395787,3.8188600895902197e-10,20924211.303939465,0,12692.607312288377,0.3332924805460048,26064567.403752565,-3.7130959717318378e-10,0,66.963080942915568,16.542457970628039,26546121.379531689,-481553.9757791236,26064567.403752565,50000000,0,26064567.401986569,-2.7909657355645609e-08
20299.999999999971,68717.513459481299,82419.68430317592,592972674.56564343,109943930.34395787,3.7783648854521645e-10,21147054.252406813,0,12691.904666368235,0.33037819306573013,26058969.531323303,-8.7668839165371206e-10,0,66.854911852861591,16.606269525143617,26546121.353641022,-487151.82231771946,26058969.531323303,50000000,0,26058969.529576022,-6.3436342351298785e-08
20199.999999999971,68767.513459481299,82506.286843554364,592972674.56564343,109943930.34395787,3.7307794839965681e-10,21415019.872323949,0,12692.986453297257,0.32690750666106932,26053417.960769407,7.9304758872625987e-11,0,66.723017135341181,16.611773646773557,26546121.373589974,-492703.41282056645,26053417.960769407,50000000,0,26053417.959044114,5.5022996803906593e-09
20099.999999999971,68817.513459481299,82592.889383932808,592972674.56564343,109943930.34395787,3.6883082936393309e-10,21659935.406174969,0,12692.019584712412,0.32374260399935989,26047527.362839919,8.8909052884025697e-10,0,66.822502695279866,16.598279924158941,26546121.354663514,-498593.99182359502,26047527.362839919,50000000,0,26047527.36113428,2.897734416775906e-08
19999.999999999971,68867.513459481299,82679.491924311253,592972674.56564343,109943930.34395787,3.6400910284553893e-10,21944715.415183932,0,12692.581287068992,0.32030644365140554,26041656.274944641,-1.9129272997322171e-09,0,66.77757577823472,16.651746101583328,26546121.362626016,-504465.08768137544,26041656.274944641,50000000,0,26041656.273261286,-1.0936236873429934e-07
19899.999999999971,68917.513459481299,82766.094464689697,592972674.56564343,109943930.34395787,3.5959660264602255e-10,22212014.265612323,0,12692.338213087944,0.31689170950889972,26035583.973369487,2.1744899808851459e-10,0,66.613141492206253,16.681879428087047,26546121.359267954,-510537.38589846715,26035583.973369487,50000000,0,26035583.971706577,-1.1969456561248247e-08
19799.999999999971,68967.513459481299,82852.697005068141,592972674.56564343,109943930.34395787,3.5483468326519488e-10,22507784.991509765,0,12692.411734026546,0.31323510126481291,26029422.461315114,3.2365431550720953e-10,0,66.661277513353525,16.666435737366349,26546121.352861255,-516698.89154614136,26029422.461315114,50000000,0,26029422.459674168,3.2421009599933587e-08
19699.999999999971,69017.513459481299,82939.299545446585,592972674.56564343,109943930.34395787,3.5022279582124166e-10,22801761.130768191,0,12692.631961268124,0.30965544883483326,26023053.109663978,4.3310649027725051e-10,0,66.659251109358365,16.70855280034332,26546121.367860071,-523068.25819609314,26023053.109663978,50000000,0,26023053.10804439,4.5125607269982091e-08
19599.999999999971,69067.513459481299,83025.90208582503,592972674.56564343,109943930.34395787,3.4542613832689511e-10,23115658.284362968,0,12692.013732916381,0.30594640044837951,26016543.331964672,6.5001973879824003e-10,0,66.50804359665463,16.739762426430431,26546121.34939431,-529578.01742963865,26016543.331964672,50000000,0,26016543.330367267,4.3949348971595618e-08
19499.999999999967,69117.513459481299,83112.504626203474,592972674.56564343,109943930.34395787,3.4066320569767639e-10,23436099.691592555,0,12692.696615183368,0.30200694894068186,26009907.343853176,-3.8941859806565158e-10,0,66.53183314652857,16.724152128691625,26546121.361584987,-536214.01773181185,26009907.343853176,50000000,0,26009907.342277806,-1.4748684506708702e-08
19399.999999999967,69167.513459481299,83199.107166581918,592972674.56564343,109943930.34395787,3.3589262898444203e-10,23765936.542733911,0,12692.440198119819,0.29809768876206844,26003023.552872188,1.6674847360361646e-11,0,66.560031197804747,16.748981392722641,26546121.359252702,-543097.80638051406,26003023.552872188,50000000,0,26003023.551318925,-2.8480891672048592e-09
19299.999999999967,69217.513459481299,83285.709706960362,592972674.56564343,109943930.34395787,3.3087459731190489e-10,24122864.939377069,0,12692.143966605559,0.29405051106880226,25995962.613665171,1.5253037114081641e-10,0,66.4383070806674,16.781375696608805,26546121.345475383,-550158.73181021214,25995962.613665171,50000000,0,25995962.612135038,1.4919601777034974e-10
19199.999999999967,69267.513459481299,83372.312247338807,592972674.56564343,109943930.34395787,3.261160421258612e-10,24471565.932193909,0,12692.586376280618,0.28988361632732801,25988735.474252712,-6.1162746802997299e-10,0,66.441087276256624,16.761638183193146,26546121.383624058,-557385.90937134624,25988735.474252712,50000000,0,25988735.472744636,-5.3141867381309293e-08
19099.999999999967,69317.513459481299,83458.914787717251,592972674.56564343,109943930.34395787,3.2095451746162686e-10,24861171.31954924,0,12692.449783389746,0.28544682795569409,25981262.917660661,-8.987392936172668e-10,0,66.499922255383481,16.77075350111361,26546121.301620908,-564858.38396024704,25981262.917660661,50000000,0,25981262.916176431,-5.9306878068149026e-08
18999.999999999978,69367.513459481299,83545.517328095681,592972674.56564343,109943930.34395787,3.1614538385176118e-10,25235510.058705337,0,12692.247906163146,0.28115901907506924,25973518.379763082,6.3867693282637419e-10,0,66.412448253192821,16.79245844796208,26546121.686124898,-572603.30636181682,25973518.379763082,50000000,0,25973518.378301084,4.1869742403059438e-08
18899.999999999964,69417.513459481299,83632.119868474139,592972674.56564343,109943930.34395787,3.1082922084153968e-10,25662510.26101052,0,12692.624803052273,0.27645751894878257,25965615.262201108,8.6504181929376703e-10,0,66.418436246823461,16.764682330650057,26546120.826194275,-580505.56399316713,25965615.262201108,50000000,0,25965615.260763682,7.8658904974534685e-08
18799.999999999978,69467.513459481299,83718.722408852569,592972674.56564343,109943930.34395787,3.0596337401910109e-10,26066574.458057866,0,12692.033140705837,0.27176048932120023,25957404.882319413,6.2507740892996383e-10,0,66.520172383877295,16.7527011943194,26546125.96718644,-588721.08486702666,25957404.882319413,50000000,0,25957404.880904477,5.3010528040759086e-08
18699.999999999964,69517.513459481299,83805.324949231028,592972674.56564343,109943930.34395787,3.0051484594168221e-10,26534003.428502154,0,12693.068592265548,0.2667153065255588,25949004.186268874,-1.8336626565981405e-10,0,66.45668527191566,16.774728878499321,26546114.062102478,-597109.87583360448,25949004.186268874,50000000,0,25949004.184879228,-6.7890667041627593e-09
18599.999999999978,69567.513459481299,83891.927489609458,592972674.56564343,109943930.34395787,2.9558295564504579e-10,26972118.041381504,0,12691.671128781074,0.2618261462660742,25940342.848149393,-3.0253171837249417e-10,0,66.448226244353009,16.738230883948155,26546186.292391282,-605843.44424188882,25940342.848149393,50000000,0,25940342.846782483,-1.2944752927948787e-08
18499.999999999978,69617.513459481299,83978.530029987902,592972674.56564343,109943930.34395787,2.8991593214716057e-10,27493683.072604965,0,12692.899006430593,0.25628511061377507,25931253.794659682,6.1140646245237649e-10,0,66.59487484955163,16.702362572417702,26546019.028427128,-614765.23376744613,25931253.794659682,50000000,0,25931253.793318972,3.6214793054203624e-08
18399.999999999978,69667.513459481299,84065.132570366346,592972674.56564343,109943930.34395787,2.851156177814949e-10,27952523.550856065,0,12692.199073305073,0.25099778743950613,25924212.269773267,3.3654038725345431e-11,0,66.583799427618544,16.723679446613104,26547473.297483061,-623261.0277097933,25924212.269773267,50000000,0,25924212.268454742,2.1675241751072235e-08
18299.999999999978,69717.513459481299,84151.73511074479,592972674.56564343,109943930.34395787,2.7910974276303756e-10,28547349.803501476,0,12692.527391130925,0.24502982573650495,25939441.221426684,5.5146330692934875e-10,0,66.520684735515161,16.699485682048746,26568449.290998492,-629008.06957180798,25939441.221426684,50000000,0,25939441.220135983,4.129808163516267e-08
18199.999999999978,69767.513459481299,84238.337651123235,592972674.56564343,109943930.34395787,2.7477541762782997e-10,28996903.152598776,0,12692.147350620788,0.23914149494359532,25976030.463940185,2.4261498666030734e-10,0,66.681600496123238,16.645800674616989,26606339.364387609,-630308.9004474245,25976030.463940185,50000000,0,25976030.462669466,4.1990574219751116e-08
18099.999999999978,69817.513459481299,84324.940191501679,592972674.56564343,109943930.34395787,2.6429921748733166e-10,30127529.335391458,0,12692.819850622571,0.23159654683141973,26025637.142737292,9.9745667578326659e-10,0,66.7218532200949,16.651829783272539,26663153.292938445,-637516.15020115301,26025637.142737292,50000000,0,26025637.141515095,8.4946064963095207e-08
17999.999999999978,69867.513459481299,84411.542731880123,592972674.56564343,109943930.34395787,2.6243528305459824e-10,30334350.763053309,0,12692.123787717972,0.23198841622858979,26119883.474834487,8.6209062465186652e-10,0,66.669269668766574,16.640680242153099,26745475.753130864,-625592.27829637751,26119883.474834487,50000000,0,26119883.473620884,4.4565303854067149e-08
17899.999999999978,69917.513459481299,84498.145272258567,592972674.56564343,109943930.34395787,2.5403814692417507e-10,31338754.191513836,0,12692.808064034991,0.21357865128336392,26214030.511855196,-1.7739134958148789e-09,0,66.768514978922667,16.591459221139232,26666643.33865504,-452612.82679984346,26214030.511855196,50000000,0,26214030.510680392,-8.0312972557153659e-08
17799.999999999975,69967.513459481299,84584.747812637012,592972674.56564343,109943930.34395787,2.5381702860745903e-10,31384605.477689132,0,12691.758317906699,0.20257286439526362,26355001.553320918,1.433437681273004e-09,0,66.857200986710168,16.590368235428222,26611105.414002012,-256103.86068109423,26355001.553320918,50000000,0,26355001.552147146,5.1643445887028825e-08
17699.999999999975,70017.513459481299,84671.350353015456,592972674.56564343,109943930.34395787,2.4881581977672443e-10,32020555.719268471,0,12693.208793843913,0.19021847747236065,26508277.144289631,-8.8969525176679179e-10,0,66.775944214347092,16.590120754142831,26571603.426305644,-63326.282016012818,26508277.144289631,50000000,0,26508277.143139027,-3.1229269256472727e-08
17599.999999999975,70067.513459481299,84757.9528933939,592972674.56564343,109943930.34395787,2.4582108621103611e-10,32431971.24438018,0,12691.639235205957,0.17784882634471944,26689568.357314076,2.652007380548955e-10,0,66.866246102354978,16.547975834933684,26553588.127907693,135980.22940638289,26689568.357314076,50000000,0,26689568.356177304,3.2977322451760711e-09
17499.999999999975,70117.513459481299,84844.555433772344,592972674.56564343,109943930.34395787,2.427367778330331e-10,32875604.994980119,0,12692.901481316776,0.16504923970182073,26884958.594404608,1.963418923926275e-11,0,66.932321342764894,16.561469417610827,26545445.462120995,339513.13228361309,26884958.594404608,50000000,0,26884958.593282118,1.0023908051560639e-08
17399.999999999975,70167.513459481299,84931.157974150789,592972674.56564343,109943930.34395787,2.4161314254320478e-10,33082601.418742623,0,12692.10304115311,0.15220803344299244,27097260.697802946,2.6091952799548396e-10,0,66.815584037132709,16.570007417697219,26549473.473549128,547787.22425381839,27097260.697802946,50000000,0,27097260.69668562,3.6420263838635382e-09
17299.999999999971,70217.513459481299,85017.760514529233,592972674.56564343,109943930.34395787,2.4021326072375309e-10,33350340.725503534,0,12692.790031154515,0.13894723266939368,27311116.974938039,-8.5193898437223411e-10,0,66.905204167756878,16.533508755913118,26553024.983386911,758091.99155112728,27311116.974938039,50000000,0,27311116.973827202,-5.1564755117009618e-08
17199.999999999971,70267.513459481299,85104.363054907677,592972674.56564343,109943930.34395787,2.4076961008885322e-10,33376379.671891119,0,12692.056856150984,0.12629586525415321,27514115.494953096,6.7194330796938897e-11,0,66.950837041653514,16.55620740993734,26546177.032774016,967938.46217907965,27514115.494953096,50000000,0,27514115.493839618,-8.7897476029559947e-09
17099.999999999971,70317.513459481299,85190.965595286121,592972674.56564343,109943930.34395787,2.4038192399940743e-10,33576498.059784099,0,12692.681821815775,0.1130394948835907,27729721.754101641,4.8143656552576894e-11,0,66.817958459739955,16.594065688340191,26549031.203354996,1180690.5507466458,27729721.754101641,50000000,0,27729721.752990089,-8.7693509868602592e-09
16999.999999999971,70367.513459481299,85277.568135664565,592972674.56564343,109943930.34395787,2.4000158092068961e-10,33834495.828809738,0,12692.174428777847,0.10016521427398267,27942826.059083655,-7.8936020586806395e-10,0,66.808409896082367,16.563284217337163,26549046.771905228,1393779.287178427,27942826.059083655,50000000,0,27942826.057973728,-2.5245540860609951e-08
16899.999999999971,70417.513459481299,85364.17067604301,592972674.56564343,109943930.34395787,2.3622398270575916e-10,34686449.502996907,0,12692.819113294576,0.087407580938672569,28156990.824068971,1.6114835668538925e-09,0,66.931800630453765,16.577155436457634,26550536.375775315,1606454.4482936561,28156990.824068971,50000000,0,28156990.822976619,7.4267313504237492e-08
16799.999999999971,70467.513459481299,85450.773216421454,592972674.56564343,109943930.34395787,2.28240569764988e-10,36431047.559930064,0,12691.686702865243,0.075004264426382722,28368532.078334678,-1.2377145132455652e-09,0,66.751131146145369,16.642951187116687,26548673.419571199,1819858.6587634794,28368532.078334678,50000000,0,28368532.077279173,-4.9703357543857816e-08
16699.999999999971,70517.513459481299,85537.375756799898,592972674.56564343,109943930.34395787,2.1296373579502611e-10,40104332.886849247,0,12693.167861781292,0.062841926586976668,28590625.815146863,3.7263058759981006e-10,0,66.681985094582885,16.626412141912869,26551176.747129507,2039449.0680173561,28590625.815146863,50000000,0,28590625.814162053,3.9795918206244495e-09
16599.999999999971,70567.513459481299,85623.978297178342,592972674.56564343,109943930.34395787,1.7626812701896664e-10,51249043.486977935,0,12691.867892906443,0.049865146736760804,28833248.745411932,-1.6175061562558327e-11,0,66.803666966909631,16.627639673541601,26551638.303299908,2281610.4421120249,28833248.745411932,50000000,0,28833248.74459675,8.023716602909474e-09
16499.999999999971,70617.513459481299,85710.580837556787,592972674.56564343,109943930.34395787,1.1400973010727864e-10,86664081.718079105,0,12692.722246516261,0.035590250559831109,29075899.066648245,1.7493524996303472e-10,0,66.677885281856717,16.696039080901869,26545058.369497202,2530840.6971510425,29075899.066648245,50000000,0,29075899.066120982,4.0881558465061276e-08
16399.999999999985,70667.513459481299,85797.183377935216,592972674.56564343,109943930.34395787,6.5412459493128686e-11,153738181.81854421,0,12692.194809443892,0.024184387802936049,29270527.242620315,1.7660595359627016e-09,0,66.536279054271375,16.710530597322808,26552265.699673787,2718261.5429465286,29270527.242620315,50000000,0,29270527.24231777,1.1830251907030441e-07
16299.999999999971,70717.513459481299,85883.785918313675,592972674.56564343,109943930.34395787,3.7116297004736183e-11,240228654.08564541,0,12692.621364451114,0.016526517060879958,29369234.049593236,-1.2717949311062319e-10,0,66.620000870132145,16.693261552840539,26550768.089279234,2818465.9603140019,29369234.049593236,50000000,0,29369234.049421635,1.694293023482653e-08
16199.999999999982,70767.513459481299,85970.388458692105,592972674.56564343,109943930.34395787,2.0466953520645786e-11,333429239.42021614,0,12692.413104765292,0.011341929292589084,29388030.928855434,-2.4537827571402469e-10,0,66.592957391708765,16.740425019934204,26548203.349279083,2839827.5795763507,29388030.928855434,50000000,0,29388030.92876073,-2.8788990883563897e-08
16099.999999999969,70817.513459481299,86056.990999070564,592972674.56564343,109943930.34395787,1.1154184605111686e-11,416541385.24131578,0,12692.247276671749,0.007940975882340327,29352431.289956428,-6.1679947009351101e-10,0,66.448047527677176,16.763813049661916,26548255.434467863,2804175.8554885648,29352431.289956428,50000000,0,29352431.289904878,-4.6833863554431994e-08
15999.999999999982,70867.513459481299,86143.593539448993,592972674.56564343,109943930.34395787,6.008943119150107e-12,480941388.44311363,0,12692.410940127655,0.0057679129303289242,29284300.931872785,-1.0385503699804228e-10,0,66.495144906097835,16.744058303627771,26550327.863138605,2733973.0687341802,29284300.931872785,50000000,0,29284300.931844942,-1.7970146516504867e-08
15899.999999999982,70917.513459481299,86230.196079827438,592972674.56564343,109943930.34395787,3.1836219335602325e-12,525843885.24540365,0,12692.733413454211,0.0044131645550941076,29190832.609303694,-4.326190002317391e-11,0,66.51752888445597,16.768105330263268,26549533.075382251,2641299.5339214429,29190832.609303694,50000000,0,29190832.609288998,-1.9615216241161808e-09
15799.999999999982,70967.513459481299,86316.798620205882,592972674.56564343,109943930.34395787,1.6445255752411649e-12,554835285.54718637,0,12691.869802996382,0.0035839748184019224,29089601.732762113,1.5834274669663522e-10,0,66.408304132077944,16.78728714639416,26551226.780905008,2538374.9518571049,29089601.732762113,50000000,0,29089601.732754502,1.1888842380634801e-08
15699.99999999998,71017.513459481299,86403.401160584326,592972674.56564343,109943930.34395787,8.309383421100643e-13,572136329.88836956,0,12692.836054155145,0.0030962681649209646,28983856.624158408,1.2503444892362027e-10,0,66.446990579517262,16.762535941194724,26549936.97390062,2433919.6502577886,28983856.624158408,50000000,0,28983856.624154516,-5.8161462177767326e-09
15599.99999999998,71067.513459481299,86490.00370096277,592972674.56564343,109943930.34395787,4.0349685738762921e-13,582071789.51093972,0,12692.238721084292,0.0028129933752358417,28883206.465768199,-1.0011882618918752e-09,0,66.488014508735517,16.775294516689431,26551801.551535666,2331404.9142325334,28883206.465768199,50000000,0,28883206.465766363,-5.7945947675639491e-08
15499.99999999998,71117.513459481299,86576.606241341215,592972674.56564343,109943930.34395787,1.9053013867666732e-13,587378781.16818416,0,12692.450632647113,0.0026572335698114638,28779777.536899906,3.889754398375396e-10,0,66.407912349584763,16.783781817072427,26546276.993880372,2233500.5430195332,28779777.536899906,50000000,0,28779777.536899004,5.68040255762265e-09
15399.99999999998,71167.513459481299,86663.208781719659,592972674.56564343,109943930.34395787,8.5157754003672886e-14,590165664.49304819,0,12692.446286302869,0.002571706469653442,28688777.930335805,-1.9992016304383446e-10,0,66.456549247472282,16.744740069544658,26546420.996515099,2142356.9338207059,28688777.930335805,50000000,0,28688777.930335466,3.0601035622022529e-09
15299.99999999998,71217.513459481299,86749.811322098103,592972674.56564343,109943930.34395787,3.8060430270664654e-14,591476834.677333,0,12692.205548659982,0.0025293600355670021,28584543.856788658,5.863112098413988e-10,0,66.559452070013776,16.738254157234479,26526643.523226555,2057900.3335621022,28584543.856788658,50000000,0,28584543.856788483,1.9207079383707877e-08
15199.99999999998,71267.513459481299,86836.413862476547,592972674.56564343,109943930.34395787,1.697970774840269e-14,592091708.21727097,0,12692.860015806235,0.002508167996434343,28469798.857045215,-9.8396536259392536e-10,0,66.474757957296546,16.755354070190311,26489901.941573586,1979896.9154716283,28469798.857045215,50000000,0,28469798.857045144,-4.4265214453571031e-08
15099.999999999978,71317.513459481299,86923.016402854992,592972674.56564343,109943930.34395787,7.8172046463644415e-15,592370554.07957757,0,12691.908786676448,0.0024980300146093437,28337055.159721568,6.7619095187130424e-10,0,66.508747297583596,16.703440959001625,26428667.006202657,1908388.1535189115,28337055.159721568,50000000,0,28337055.159721505,1.9563164657228392e-08
14999.999999999978,71367.513459481299,87009.618943233436,592972674.56564343,109943930.34395787,3.6679780940667299e-15,592501908.04389083,0,12692.653980320034,0.0024928557446717969,28196396.197710179,-5.3418696569940749e-10,0,66.673035799584852,16.669836542039889,26353607.349709179,1842788.8480009995,28196396.197710179,50000000,0,28196396.19771016,-1.8671341613113283e-08
14899.999999999978,71417.513459481299,87096.22148361188,592972674.56564343,109943930.34395787,2.5516800205596681e-15,592537200.05323923,0,12692.460871674508,0.0024914845309250378,28209424.15062451,3.3892410515203e-10,0,66.638003272407445,16.694310922354706,26427120.277826257,1782303.8727982529,28209424.15062451,50000000,0,28209424.150624547,2.3801715992065288e-09
14799.999999999978,71467.513459481299,87182.824023990324,592972674.56564343,109943930.34395787,1.8509332852589078e-15,592559904.64086294,0,12692.278017351313,0.0024906727046805628,28210827.302873805,-6.7689194723114321e-10,0,66.585000214346394,16.65996240883344,26484229.691121049,1726597.6117527559,28210827.302873805,50000000,0,28210827.30287376,-2.3953480682001932e-08
14699.999999999978,71517.513459481299,87269.426564368769,592972674.56564343,109943930.34395787,1.4315493775878303e-15,592573769.81892645,0,12692.356628911602,0.002490149566338317,28200816.462244123,9.2792918733042587e-10,0,66.774473652629538,16.606811488097495,26525555.081038911,1675261.3812052123,28200816.462244123,50000000,0,28200816.462244175,4.6936010437254078e-08
14599.999999999978,71567.513459481299,87356.029104747213,592972674.56564343,109943930.34395787,1.2105063581798229e-15,592580975.13749385,0,12692.64305811878,0.0024897850812623792,28171692.310690366,-2.257494306249853e-10,0,66.785265557520873,16.623645545396588,26544138.990233783,1627553.3204565831,28171692.310690366,50000000,0,28171692.31069031,-3.8921446768870641e-09
14499.999999999976,71617.513459481299,87442.631645125657,592972674.56564343,109943930.34395787,1.0975077154696045e-15,592584395.38277805,0,12692.190987837137,0.002489774573060142,28129529.486791436,-2.5417734514967803e-10,0,66.720890494884088,16.609445433776841,26546272.750651568,1583256.7361398675,28129529.486791436,50000000,0,28129529.486791458,-3.3783002092234701e-08
14399.999999999976,71667.513459481299,87529.234185504101,592972674.56564343,109943930.34395787,1.0097887866533266e-15,592587033.53572655,0,12692.764840768183,0.002489694957469877,28088041.89796222,-7.8697900032569182e-10,0,66.837125669625479,16.560747469287911,26546021.532401156,1542020.3655610643,28088041.89796222,50000000,0,28088041.89796219,-3.976685358271544e-08
14299.999999999976,71717.513459481299,87615.836725882546,592972674.56564343,109943930.34395787,9.3259653395190347e-16,592589400.78123307,0,12691.806784957675,0.0024896474755820019,28049581.926314484,1.0298028840668146e-09,0,66.910934573236375,16.570356664710975,26546130.949373968,1503450.9769405164,28049581.926314484,50000000,0,28049581.926314488,4.359703728719454e-08
14199.999999999976,71767.513459481299,87702.43926626099,592972674.56564343,109943930.34395787,8.659525511185197e-16,592591488.52866673,0,12693.164395242995,0.0024894788069954239,28013354.908683173,-7.4078523910383788e-10,0,66.803015088564436,16.576281949120631,26546112.872550063,1467242.0361331105,28013354.908683173,50000000,0,28013354.908683155,-2.9631776399103043e-08
14099.999999999976,71817.513459481299,87789.041806639434,592972674.56564343,109943930.34395787,8.0767531868629632e-16,592593308.19292939,0,12691.765049924788,0.0024895841813147778,27979447.63347473,1.6835560781164037e-10,0,66.894246888858333,16.540877482736374,26546120.77948394,1433326.8539907895,27979447.63347473,50000000,0,27979447.633474715,-7.460005291029579e-09
13999.999999999975,71867.513459481299,87875.644347017878,592972674.56564343,109943930.34395787,7.5607553331789963e-16,592594971.6284517,0,12692.728925132436,0.0024894417894460886,27947447.353903666,-3.8949335696956623e-10,0,66.931752663853047,16.560748705010969,26546119.460488144,1401327.8934155218,27947447.353903666,50000000,0,27947447.353903696,-1.5111463558930328e-08
13899.999999999975,71917.513459481299,87962.246887396323,592972674.56564343,109943930.34395787,7.1036813979562249e-16,592596445.87507474,0,12692.203253582025,0.0024894538542084431,27917221.614126731,4.9353203392027021e-10,0,66.8235320898373,16.572270830144127,26546120.040154323,1371101.5739724077,27917221.614126731,50000000,0,27917221.614126701,2.4310153561638463e-08
13799.999999999975,71967.513459481299,88048.849427774767,592972674.56564343,109943930.34395787,6.6969903826325763e-16,592597794.42617023,0,12692.722261662826,0.0024893059417390034,27888667.461935852,-1.3390431281842401e-10,0,66.887571059437619,16.552040977959127,26546119.942760348,1342547.5191755034,27888667.461935852,50000000,0,27888667.461935852,4.7401048800493649e-09
13699.999999999975,72017.513459481299,88135.451968153211,592972674.56564343,109943930.34395787,6.3312111516374831e-16,592598985.62942374,0,12692.051056796276,0.0024894468369084126,27861598.969826907,3.3335421273580023e-10,0,66.895589419023111,16.580789563661952,26546119.968929309,1315479.0008975975,27861598.969826907,50000000,0,27861598.969826933,1.6077111632054097e-08
13599.999999999975,72067.513459481299,88222.054508531655,592972674.56564343,109943930.34395787,6.0013724094241941e-16,592600114.28949392,0,12692.768378216797,0.0024892453813581527,27835834.993931688,-2.4163054635866367e-10,0,66.774413460257264,16.611251578693931,26546119.984136861,1289715.0097948276,27835834.993931688,50000000,0,27835834.99393167,2.6888441874870338e-09
13499.999999999975,72117.513459481299,88308.6570489101,592972674.56564343,109943930.34395787,5.7039133802374649e-16,592601111.1255672,0,12692.065383455334,0.0024893059816782949,27811359.065950148,8.0043975495440841e-10,0,66.782330957711437,16.590807665518692,26546119.936849024,1265239.1291011237,27811359.065950148,50000000,0,27811359.065950159,4.7934171573663687e-08
13399.999999999973,72167.513459481299,88395.259589288544,592972674.56564343,109943930.34395787,5.4324134499529305e-16,592602055.10566366,0,12692.975010466276,0.0024891681179177792,27788017.341473989,-9.0850023045150344e-11,0,66.843850697720015,16.622334643366621,26546119.989031117,1241897.3524428718,27788017.341473989,50000000,0,27788017.341473948,2.742724049947514e-09
13299.999999999973,72217.513459481299,88481.862129666988,592972674.56564343,109943930.34395787,5.1846690939011239e-16,592602886.67471492,0,12691.59037182562,0.0024893345829572677,27765712.641978763,-2.6858156160411201e-10,0,66.659844550191352,16.671272832768874,26546119.932626866,1219592.7093518972,27765712.641978763,50000000,0,27765712.641978767,-2.2085770565182284e-08
13199.999999999973,72267.513459481299,88568.464670045432,592972674.56564343,109943930.34395787,4.9580754550524097e-16,592603703.1077261,0,12693.127089904019,0.0024891076056938262,27744412.788488403,-1.6027726023044697e-10,0,66.658020125531493,16.652012822847109,26546119.943072662,1198292.8454157412,27744412.788488403,50000000,0,27744412.788488396,-3.902947004587604e-09
13099.999999999973,72317.513459481299,88655.067210423877,592972674.56564343,109943930.34395787,4.7500294440364994e-16,592604405.94036114,0,12692.907740629682,0.0024893107861270591,27724091.035775442,6.7609930671113443e-10,0,66.719823330242349,16.669860789023119,26546120.184763733,1177970.8510117084,27724091.035775442,50000000,0,27724091.035775434,4.8802734587525575e-08
12999.999999999985,72367.513459481299,88741.669750802306,592972674.56564343,109943930.34395787,4.5583688673818262e-16,592605071.21832681,0,12701.810895304301,0.0024894079149030573,27704656.812697925,3.8167369020964726e-10,0,66.590467945465903,16.72923338003914,26546120.184721742,1158536.6279761828,27704656.812697925,50000000,0,27704656.812697913,3.6684369126298278e-08
12899.999999999971,72417.513459481299,88828.272291180765,592972674.56564343,109943930.34395787,4.3833912581189328e-16,592605683.5065062,0,12701.969129608618,0.0024895080059772023,27686213.902843196,-1.1607403761205416e-13,0,66.487204876432699,16.730669486720522,26546119.833677698,1140094.069165498,27686213.902843196,50000000,0,27686213.902843177,1.2481179781964207e-08
12799.999999999984,72467.513459481299,88914.874831559195,592972674.56564343,109943930.34395787,4.2220634024495618e-16,592606298.48744762,0,12697.015005709,0.0024892570126612886,27668598.085080929,3.6482634401393859e-10,0,66.574097940319646,16.718691764305486,26546119.625538047,1122478.4595428817,27668598.085080929,50000000,0,27668598.085080981,2.3599311236914945e-08
12699.999999999971,72517.513459481299,89001.477371937654,592972674.56564343,109943930.34395787,4.072807248514993e-16,592606833.84721303,0,12694.718801941544,0.0024893210940088767,27651669.940704197,-4.1075673503632184e-11,0,66.515592141762625,16.767849542902802,26546119.538683806,1105550.4020203911,27651669.940704197,50000000,0,27651669.940704167,1.3610353681620916e-08
12599.999999999984,72567.513459481299,89088.079912316083,592972674.56564343,109943930.34395787,3.9341444568873011e-16,592607363.40458512,0,12692.213050558266,0.0024891623567565337,27635409.623129155,6.1087781161566585e-10,0,66.411485429905497,16.776768600002242,26546119.624294449,1089289.9988347068,27635409.623129155,50000000,0,27635409.623129137,3.8874079212436833e-08
12499.999999999984,72617.513459481299,89174.682452694527,592972674.56564343,109943930.34395787,3.805172224000654e-16,592607843.86926556,0,12692.261919774977,0.0024891336067829799,27619816.878546435,-5.9992063069110785e-11,0,66.479254843062421,16.75581877291993,26546119.730276629,1073697.1482698061,27619816.878546435,50000000,0,27619816.87854642,8.9421809830110684e-11
12399.999999999984,72667.513459481299,89261.284993072972,592972674.56564343,109943930.34395787,3.6842184124559411e-16,592608308.29539132,0,12692.908999690715,0.0024890250910513802,27604816.99050099,-3.6828437409232163e-10,0,66.484057969751646,16.77953518640286,26546119.847503126,1058697.1429978646,27604816.99050099,50000000,0,27604816.990500968,-2.3946326456753394e-08
12299.999999999982,72717.513459481299,89347.887533451416,592972674.56564343,109943930.34395787,3.5712026859452816e-16,592608710.99422526,0,12691.862426977148,0.002489188400924644,27590408.809792455,9.2012641542354934e-11,0,66.394917980674578,16.783854521282318,26546119.846599139,1044288.963193316,27590408.809792455,50000000,0,27590408.809792481,-1.6872346728633429e-09
12199.999999999982,72767.513459481299,89434.49007382986,592972674.56564343,109943930.34395787,3.4648645099223475e-16,592609133.111274,0,12693.315450555729,0.0024890245298908346,27576539.008426126,-9.6328638068129575e-11,0,66.469021709644593,16.754377964226673,26546119.932258606,1030419.0761675201,27576539.008426126,50000000,0,27576539.008426115,2.2786999333902935e-09
12099.999999999982,72817.513459481299,89521.092614208304,592972674.56564343,109943930.34395787,3.3642157229404391e-16,592609509.85231912,0,12692.22470256079,0.0024890618447257935,27563142.660958022,4.259927461272922e-10,0,66.496685372351692,16.76972422257624,26546119.911575336,1017022.7493826859,27563142.660958022,50000000,0,27563142.660958037,1.376359673712923e-08
11999.999999999982,72867.513459481299,89607.695154586749,592972674.56564343,109943930.34395787,3.2688023441507424e-16,592609874.25749838,0,12692.598351879527,0.0024890552260280149,27550147.957511101,-7.7220008451870646e-10,0,66.423088332613887,16.765438627542871,26546119.935545713,1004028.0219653882,27550147.957511101,50000000,0,27550147.957511071,-4.4729618309343137e-08
11899.999999999982,72917.513459481299,89694.297694965193,592972674.56564343,109943930.34395787,3.1784723246694439e-16,592610213.39512062,0,12692.257336950266,0.0024891061271947227,27537551.510751717,-3.4683539822365844e-11,0,66.516186097115465,16.719932359008233,26546119.950637002,991431.56011471525,27537551.510751717,50000000,0,27537551.510751713,-6.406407410054188e-09
11799.99999999998,72967.513459481299,89780.900235343637,592972674.56564343,109943930.34395787,3.0923416134339032e-16,592610561.05424964,0,12692.41421313605,0.0024889784066275964,27525298.15775121,5.2912190758309794e-10,0,66.597889443356109,16.719199175818829,26546119.942719836,979178.21503137425,27525298.15775121,50000000,0,27525298.157751217,2.7842551011982173e-08
11699.99999999998,73017.513459481299,89867.502775722081,592972674.56564343,109943930.34395787,3.0105802421836833e-16,592610870.35508716,0,12692.601485476296,0.00248903049025394,27513390.468568195,-4.0767172995652365e-10,0,66.515752776380694,16.724812881697872,26546119.993121263,967270.47544693202,27513390.468568195,50000000,0,27513390.468568191,-8.7397604793580525e-09
11599.99999999998,73067.513459481299,89954.105316100526,592972674.56564343,109943930.34395787,2.9329447803936586e-16,592611167.41014802,0,12692.191815404309,0.0024890664240046511,27501818.259842616,5.6983220264351235e-10,0,66.589559847499189,16.661121760021885,26546119.949897472,955698.30994514376,27501818.259842616,50000000,0,27501818.259842545,2.5690229488128624e-08
11499.99999999998,73117.513459481299,90040.70785647897,592972674.56564343,109943930.34395787,2.8588513489343597e-16,592611464.59027839,0,12692.354766773813,0.0024890041806344245,27490569.013804637,-3.2629331628783191e-10,0,66.757317086152327,16.642895135798064,26546119.970025692,944449.04377894476,27490569.013804637,50000000,0,27490569.013804723,-1.6110885329622267e-08
11399.99999999998,73167.513459481299,90127.310396857414,592972674.56564343,109943930.34395787,2.7881670305067063e-16,592611748.36312556,0,12692.74636354943,0.0024889541591625575,27479614.971509833,-2.2967534379919085e-10,0,66.661822038060507,16.667066313878205,26546119.980711132,933494.9907987006,27479614.971509833,50000000,0,27479614.97150971,-2.682155499722113e-08
11299.99999999998,73217.513459481299,90213.912937235858,592972674.56564343,109943930.34395787,2.7208646928284847e-16,592612001.97915602,0,12692.044317275273,0.0024890461217580745,27468968.789244633,-3.6482201134556317e-10,0,66.670314158700322,16.612552997822736,26546119.944412351,922848.84483228251,27468968.789244633,50000000,0,27468968.789244704,-2.672943935762829e-08
11199.999999999978,73267.513459481299,90300.515477614303,592972674.56564343,109943930.34395787,2.6564738690288709e-16,592612262.07998908,0,12692.570616966905,0.0024890066524378127,27458608.998009298,8.5560174690760419e-11,0,66.876172872887665,16.57293904265509,26546119.986720983,912489.01128831506,27458608.998009298,50000000,0,27458608.998009227,4.7160155731408047e-10
11099.999999999978,73317.513459481299,90387.118017992747,592972674.56564343,109943930.34395787,2.5945814426373676e-16,592612514.13918662,0,12692.438794744763,0.0024889617601047656,27448498.234882124,4.8892325001936491e-11,0,66.819673163892844,16.605678561612407,26546119.93813815,902378.29674397409,27448498.234882124,50000000,0,27448498.234882191,-1.295375618509907e-09
10999.999999999978,73367.513459481299,90473.720558371191,592972674.56564343,109943930.34395787,2.5355045870199965e-16,592612748.45429337,0,12692.33732275466,0.002488975467689356,27438652.197805345,-3.601375476950299e-10,0,66.761497050918734,16.57916723338063,26546119.96420835,892532.23359699547,27438652.197805345,50000000,0,27438652.197805293,-9.8231840292109491e-09
10899.999999999978,73417.513459481299,90560.323098749635,592972674.56564343,109943930.34395787,2.4786414452640247e-16,592612972.02025819,0,12692.62068759047,0.0024890120108206886,27429043.75097429,8.0874071521804638e-10,0,66.916787436978055,16.530200076970829,26546119.960250817,882923.79072347283,27429043.75097429,50000000,0,27429043.750974335,4.9616376326507683e-08
10799.999999999978,73467.513459481299,90646.92563912808,592972674.56564343,109943930.34395787,2.423874753572289e-16,592613197.84918201,0,12691.964197310166,0.0024889716419957794,27419653.746374354,8.8857147405848624e-11,0,66.955685452095594,16.561287134077055,26546119.948318202,873533.79805615172,27419653.746374354,50000000,0,27419653.746374328,2.0900657093025161e-08
10699.999999999978,73517.513459481299,90733.528179506524,592972674.56564343,109943930.34395787,2.371278681240693e-16,592613419.75389826,0,12692.971267849885,0.0024889013009781868,27410476.805403322,9.5555377754765853e-11,0,66.797895222780085,16.569958278507691,26546119.999107827,864356.80629549548,27410476.805403322,50000000,0,27410476.805403318,1.6879226690210784e-08
10599.999999999978,73567.513459481299,90820.130719884968,592972674.56564343,109943930.34395787,2.3207364355612888e-16,592613614.08380175,0,12691.999953477645,0.0024889876153789481,27401527.007475335,5.4464469343759098e-10,0,66.922102624227904,16.5340871108458,26546119.938054997,855407.06942033768,27401527.007475335,50000000,0,27401527.00747535,4.6905399017666725e-08
10499.999999999976,73617.513459481299,90906.733260263412,592972674.56564343,109943930.34395787,2.2718524789124771e-16,592613818.23937368,0,12692.505324735224,0.0024889523223657556,27392762.342527028,5.3666599598299137e-10,0,66.928645536500795,16.566922141712361,26546119.999465726,846642.34306130186,27392762.342527028,50000000,0,27392762.342527054,5.502526003177897e-08
10399.999999999989,73667.513459481299,90993.335800641842,592972674.56564343,109943930.34395787,2.224898781753358e-16,592614011.90771437,0,12692.420209834212,0.0024889426937080347,27384200.328772169,6.0975291143240894e-10,0,66.80359682871557,16.58496859789734,26546119.969179764,838080.35959240422,27384200.328772169,50000000,0,27384200.328772135,3.4692885066707118e-08
10299.999999999975,73717.513459481299,91079.938341020301,592972674.56564343,109943930.34395787,2.1796328729032437e-16,592614207.88552356,0,12692.519622021737,0.0024888686511732624,27375826.833853014,-9.0031562478851091e-10,0,66.852858186001569,16.573001215886219,26546119.967962209,829706.86589080468,27375826.833853014,50000000,0,27375826.833852969,-6.1844200349906973e-08
10199.999999999989,73767.513459481299,91166.540881398731,592972674.56564343,109943930.34395787,2.1358741561613563e-16,592614370.85509741,0,12692.147311455126,0.0024890089130167187,27367637.783738419,-7.1008626009039664e-10,0,66.847238586485204,16.606719738975137,26546119.962952513,821517.82078590617,27367637.783738419,50000000,0,27367637.783738419,-6.7305119653014943e-08
10099.999999999975,73817.513459481299,91253.143421777189,592972674.56564343,109943930.34395787,2.0935575366679831e-16,592614563.51736355,0,12692.722452280745,0.0024888776862368503,27359606.530852027,-2.960778612964834e-10,0,66.71986199936326,16.638429991724909,26546119.963832591,813486.56701943651,27359606.530852027,50000000,0,27359606.530851968,-2.770454788714634e-08
9999.9999999999873,73867.513459481299,91339.745962155619,592972674.56564343,109943930.34395787,2.0528030617688028e-16,592614726.70668733,0,12692.078674790811,0.0024889299969257633,27351761.503148533,2.3090698301165743e-10,0,66.729381052371394,16.62486639496661,26546119.971017394,805641.53213113919,27351761.503148533,50000000,0,27351761.50314853,1.4340078750653487e-08
9899.9999999999873,73917.513459481299,91426.348502534063,592972674.56564343,109943930.34395787,2.013154642964893e-16,592614904.0559727,0,12692.994788237595,0.002488842441654504,27344067.479669664,2.3206619345009637e-10,0,66.760223183137796,16.662112265650222,26546119.95642722,797947.5232424438,27344067.479669664,50000000,0,27344067.479669672,2.76618603117439e-08
9799.9999999999873,73967.513459481299,91512.951042912508,592972674.56564343,109943930.34395787,1.9748823844179451e-16,592615044.24519873,0,12691.610805808858,0.0024890041214739888,27336544.64696544,4.9995292125680105e-10,0,66.588298461145087,16.703243873603252,26546119.976597615,790424.67036782578,27336544.64696544,50000000,0,27336544.646965448,2.859731764800368e-08
9699.9999999999854,74017.513459481299,91599.553583290952,592972674.56564343,109943930.34395787,1.9377353120829048e-16,592615230.05921054,0,12693.167596046376,0.0024887784158038871,27329175.855894335,-5.1249983070782394e-10,0,66.600422657737326,16.686205320148233,26546119.963814892,783055.89207944274,27329175.855894335,50000000,0,27329175.855894282,-3.5250383208520104e-08
9599.9999999999854,74067.513459481299,91686.156123669396,592972674.56564343,109943930.34395787,1.9018328378418493e-16,592615365.83832371,0,12691.921898091858,0.0024889064576756213,27321989.145374727,-5.6744557907362533e-10,0,66.644980743241163,16.709946543041532,26546119.903892871,775869.24148185551,27321989.145374727,50000000,0,27321989.145374734,-5.9637219370837821e-08
9499.9999999999854,74117.513459481299,91772.75866404784,592972674.56564343,109943930.34395787,1.8669199745705968e-16,592615520.51963496,0,12692.658272901615,0.0024888612344496647,27314953.604010321,-7.9402661431205975e-10,0,66.508915631445362,16.760689435766345,26546119.953225251,768833.65078506991,27314953.604010321,50000000,0,27314953.604010325,-7.5659833866804688e-08
9399.9999999999854,74167.513459481299,91859.361204426285,592972674.56564343,109943930.34395787,1.8333281895743588e-16,592615655.93093014,0,12692.164162111138,0.0024889259732650505,27308105.308278013,-7.9758052466920873e-10,0,66.451095401782382,16.750241103406022,26546119.836873047,761985.47140496597,27308105.308278013,50000000,0,27308105.308277976,-6.4381920567533503e-08
9299.9999999999854,74217.513459481299,91945.963744804729,592972674.56564343,109943930.34395787,1.8006256562817245e-16,592615817.24738109,0,12692.748073495728,0.002488765627282453,27301396.453796823,1.1501998342515925e-10,0,66.539501828901734,16.747025869017129,26546119.801115546,755276.6526812762,27301396.453796823,50000000,0,27301396.453796927,-5.1970723570957249e-09
9199.9999999999854,74267.513459481299,92032.566285183173,592972674.56564343,109943930.34395787,1.7690299426824849e-16,592615929.57458675,0,12692.285923623593,0.0024889540864214683,27294847.955657419,3.0406672623468671e-11,0,66.460564686649576,16.786042354574224,26546119.680151645,748728.27550577372,27294847.955657419,50000000,0,27294847.955657307,-1.1100900288524481e-08
9099.9999999999854,74317.513459481299,92119.168825561617,592972674.56564343,109943930.34395787,1.7382909584534808e-16,592616070.96723616,0,12693.155515339669,0.0024888926297473115,27288421.594176777,-8.9645833373563246e-10,0,66.394070480556451,16.778166072670984,26546119.581271268,742302.01290550828,27288421.594176777,50000000,0,27288421.594176885,-4.370522195154305e-08
8999.9999999999854,74367.513459481299,92205.771365940062,592972674.56564343,109943930.34395787,1.7085325070980958e-16,592616187.18442988,0,12693.961481443597,0.0024889966863748674,27282146.298281662,9.1213116383388043e-10,0,66.481124160121581,16.758859983025186,26546119.438360635,736026.85992102697,27282146.298281662,50000000,0,27282146.298281625,3.6645060535484694e-08
8899.9999999999836,74417.513459481299,92292.373906318506,592972674.56564343,109943930.34395787,1.6794378204392249e-16,592616315.81743526,0,12698.852724194909,0.0024889869647520702,27275982.261826936,-5.3425578029139515e-10,0,66.463539504265597,16.781107397129489,26546119.577052183,729862.68477475271,27275982.261826936,50000000,0,27275982.26182694,-1.5491939168773191e-09
8799.9999999999836,74467.513459481299,92378.97644669695,592972674.56564343,109943930.34395787,1.6513086546178759e-16,592616402.65217149,0,12701.108920794415,0.0024892739001899271,27269965.418605,1.1127428803804924e-09,0,66.397842228343706,16.773112276417862,26546119.844115164,723845.57448983565,27269965.418605,50000000,0,27269965.418604985,5.914376811890613e-08
8699.9999999999836,74517.513459481299,92465.578987075394,592972674.56564343,109943930.34395787,1.6237043258150556e-16,592616549.75040722,0,12705.64922571575,0.002489077404770848,27264040.294533521,-3.4427447760080616e-10,0,66.497834832693798,16.737086385907315,26546120.231766175,717920.06276734546,27264040.294533521,50000000,0,27264040.294533528,-1.3348835349213626e-08
8599.9999999999818,74567.513459481299,92552.181527453838,592972674.56564343,109943930.34395787,1.5966277152101887e-16,592616680.39684963,0,12696.947188112759,0.0024889935311433343,27258185.513399947,-5.4486719239786714e-10,0,66.520219937731881,16.75058563202116,26546120.226126797,712065.28727314994,27258185.513399947,50000000,0,27258185.513399944,-4.6812339063859106e-08
8499.9999999999818,74617.513459481299,92638.784067832283,592972674.56564343,109943930.34395787,1.5700520479931853e-16,592616820.88904035,0,12692.896345446214,0.0024888197471059385,27252376.911619116,-2.8688560640198143e-10,0,66.458371418232161,16.740635084152462,26546120.02143281,706256.89018630609,27252376.911619116,50000000,0,27252376.911619112,-1.2830502071916141e-08
8399.9999999999818,74667.513459481299,92725.386608210727,592972674.56564343,109943930.34395787,1.5442080088321417e-16,592616930.538082,0,12692.109871538842,0.0024888625088090319,27246675.045886502,9.1766486755174856e-10,0,66.575232361057772,16.69267403254117,26546119.906536736,700555.13934976608,27246675.045886502,50000000,0,27246675.045886479,4.0779304869100731e-08
8299.9999999999818,74717.513459481299,92811.989148589171,592972674.56564343,109943930.34395787,1.5188800238754941e-16,592617066.01547551,0,12692.642910349346,0.002488689950716395,27241051.756630648,-9.2925792714970222e-10,0,66.644908900021235,16.692303096262719,26546119.977590229,694931.77904041857,27241051.756630648,50000000,0,27241051.756630674,-6.1981262952979592e-08
8199.9999999999818,74767.513459481299,92898.591688967615,592972674.56564343,109943930.34395787,1.4942869927989176e-16,592617162.03483737,0,12692.346646622404,0.0024888023779510477,27235539.83212078,-9.2073774781040109e-10,0,66.578736622984493,16.686431923660745,26546119.943409611,689419.88871116936,27235539.83212078,50000000,0,27235539.832120765,-6.8575045280407446e-08
8099.9999999999809,74817.513459481299,92985.19422934606,592972674.56564343,109943930.34395787,1.4702578981146334e-16,592617271.38310361,0,12692.451736479519,0.0024887957327190979,27230118.027165346,4.9369246476280379e-10,0,66.679593750204177,16.628718217433573,26546120.003613707,683998.02355163917,27230118.027165346,50000000,0,27230118.027165402,3.3713914569026635e-08
7999.9999999999809,74867.513459481299,93071.796769724504,592972674.56564343,109943930.34395787,1.4467884161168403e-16,592617376.13265514,0,12692.068450416215,0.002488807342931595,27224796.798042927,9.7172428555246296e-10,0,66.796320081459172,16.623508464778077,26546120.006457206,678676.79158572108,27224796.798042927,50000000,0,27224796.798042964,7.7486872066490455e-08
7899.9999999999809,74917.513459481299,93158.399310102948,592972674.56564343,109943930.34395787,1.4238316134660182e-16,592617492.67137599,0,12692.999521192474,0.0024887132901475757,27219559.44617581,2.6286826180217612e-10,0,66.703251822419517,16.631465343010841,26546119.990180776,673439.45599503443,27219559.44617581,50000000,0,27219559.446175806,3.0699660204558445e-08
7799.99999999998,74967.513459481299,93245.001850481392,592972674.56564343,109943930.34395787,1.4014838351692712e-16,592617574.42152905,0,12691.816236243592,0.0024888721798881899,27214430.01356189,-1.7965792449678932e-10,0,66.774061237380877,16.573255636942516,26546120.02285254,668309.99070934951,27214430.01356189,50000000,0,27214430.013561849,-2.2952789995532705e-08
7699.99999999998,75017.513459481299,93331.604390859837,592972674.56564343,109943930.34395787,1.3795551416827831e-16,592617686.09099627,0,12692.776297383227,0.0024887858589323474,27209382.306869,-9.2487471774565156e-10,0,66.927418230623829,16.562057481583857,26546119.996437296,663262.31043170393,27209382.306869,50000000,0,27209382.306869041,-5.8480353671161122e-08
7599.99999999998,75067.513459481299,93418.206931238281,592972674.56564343,109943930.34395787,1.358098576935826e-16,592617781.39567208,0,12692.257401508612,0.0024888132044076951,27204422.638558567,3.8622255063012553e-10,0,66.812802853236008,16.592568678086852,26546119.999012217,658302.63954634964,27204422.638558567,50000000,0,27204422.638558563,1.8831191494456535e-08
7499.9999999999791,75117.513459481299,93504.809471616725,592972674.56564343,109943930.34395787,1.3371392829289732e-16,592617884.5544312,0,12692.539054537601,0.0024887646918261893,27199552.498830274,5.0290035028266891e-10,0,66.821009071586928,16.543336794849385,26546119.996043574,653432.50278669968,27199552.498830274,50000000,0,27199552.498830307,3.2206842622949098e-08
7399.9999999999791,75167.513459481299,93591.412011995169,592972674.56564343,109943930.34395787,1.3165978533824227e-16,592617965.41212714,0,12692.410898068603,0.0024888779166726722,27194773.210798498,-4.7184498136916926e-10,0,66.996719392599587,16.523731232589284,26546119.988469206,648653.22232929245,27194773.210798498,50000000,0,27194773.210798495,-2.1980069249612349e-08
7299.9999999999909,75217.513459481299,93678.014552373599,592972674.56564343,109943930.34395787,1.2964162880002613e-16,592618072.06383562,0,12692.18048957784,0.0024887794858099149,27190065.317889076,7.9421934219193402e-11,0,66.901209279700112,16.576524668430206,26546120.004590284,643945.31329879165,27190065.317889076,50000000,0,27190065.317889035,-2.5177320962114335e-08
7199.9999999999782,75267.513459481299,93764.617092752058,592972674.56564343,109943930.34395787,1.2766947834682806e-16,592618164.06888402,0,12692.719336957673,0.0024887812823704467,27185448.71383461,-1.3690508235626477e-09,0,66.791394390001471,16.561791593989497,26546119.979819942,639328.73401466757,27185448.71383461,50000000,0,27185448.713834628,-9.3594583259455372e-08
7099.9999999999909,75317.513459481299,93851.219633130488,592972674.56564343,109943930.34395787,1.2573392818202353e-16,592618252.90250075,0,12692.303034812428,0.0024887972679643504,27180915.435283978,-2.0953707785965505e-10,0,66.959053399792751,16.534389175712583,26546120.022579014,634795.41270496324,27180915.435283978,50000000,0,27180915.435283963,-3.1555083407390002e-08
6999.9999999999782,75367.513459481299,93937.822173508946,592972674.56564343,109943930.34395787,1.2383117600367241e-16,592618336.1858269,0,12692.221847493611,0.0024888474257899001,27176458.139729712,3.114270109983371e-10,0,66.892475214558104,16.593128337406704,26546119.980421431,630338.1593082808,27176458.139729712,50000000,0,27176458.139729731,1.6189147166623247e-08
6899.99999999999,75417.513459481299,94024.424713887376,592972674.56564343,109943930.34395787,1.2196837010246984e-16,592618434.29572415,0,12692.687367437091,0.0024887689018777775,27172084.001720574,-7.1017883529368066e-11,0,66.738653896186534,16.606882464716062,26546120.003253907,625963.99846666679,27172084.001720574,50000000,0,27172084.001720533,-3.1491359437051891e-09
6799.99999999999,75467.513459481299,94111.02725426582,592972674.56564343,109943930.34395787,1.2013846365475591e-16,592618522.62348557,0,12692.282308247479,0.0024887576570658829,27167790.013417609,-2.1539541592044034e-10,0,66.828197858664851,16.589381007277229,26546120.013545856,621669.99987175316,27167790.013417609,50000000,0,27167790.013417702,5.8306762484392725e-10
6699.9999999999891,75517.513459481299,94197.629794644265,592972674.56564343,109943930.34395787,1.1833973114779912e-16,592618596.20824206,0,12692.322944119811,0.0024888521693293511,27163576.009162467,9.7393270643444153e-10,0,66.807162481593735,16.637302378233063,26546119.968356002,617456.04080646485,27163576.009162467,50000000,0,27163576.009162385,5.6183177920484257e-08
6599.9999999999891,75567.513459481299,94284.232335022709,592972674.56564343,109943930.34395787,1.1657255083165471e-16,592618689.91151202,0,12692.576976977232,0.0024887803333589549,27159432.895229135,-3.1911579784958718e-10,0,66.639717648302863,16.672695427178105,26546120.029050048,613312.86617908627,27159432.895229135,50000000,0,27159432.895229179,-2.7812884298381016e-08
6499.9999999999891,75617.513459481299,94370.834875401153,592972674.56564343,109943930.34395787,1.1483950942058031e-16,592618772.88146579,0,12692.192974087378,0.002488781269920002,27155374.296581373,-1.3645490415716749e-09,0,66.67151499357216,16.656101465901926,26546119.974989571,609254.32159180194,27155374.296581373,50000000,0,27155374.296581354,-8.798950909169198e-08
6399.9999999999882,75667.513459481299,94457.437415779597,592972674.56564343,109943930.34395787,1.1313067576732552e-16,592618859.117172,0,12692.893392458984,0.0024887505572326373,27151385.868748244,4.9876997408263056e-10,0,66.689068888049832,16.693929310289946,26546120.001376446,605265.86737179756,27151385.868748244,50000000,0,27151385.868748173,-5.0709741273447096e-09
6299.9999999999882,75717.513459481299,94544.039956158042,592972674.56564343,109943930.34395787,1.1145595366210369e-16,592618924.50568283,0,12691.737041746112,0.0024888717674660193,27147480.269033238,-9.3479561980629979e-10,0,66.533908922958872,16.731094718969814,26546120.011825204,601360.2572080344,27147480.269033238,50000000,0,27147480.269033317,-4.8768133439671526e-08
6199.9999999999882,75767.513459481299,94630.642496536486,592972674.56564343,109943930.34395787,1.0980765707702486e-16,592619027.45053101,0,12693.004404518662,0.0024886919865736061,27143646.479353376,3.0488396523674754e-10,0,66.541759620530414,16.717010246285156,26546120.013077088,597526.46627628803,27143646.479353376,50000000,0,27143646.479353357,-1.4979024460112147e-09
6099.9999999999873,75817.513459481299,94717.24503691493,592972674.56564343,109943930.34395787,1.0819219314387234e-16,592619093.71371686,0,12692.122841241098,0.0024887882882701461,27139904.979855087,-3.6760544047984426e-10,0,66.580301663240292,16.739428990429822,26546120.034137096,593784.9457179904,27139904.979855087,50000000,0,27139904.97985512,-3.8852390862947445e-09
5999.9999999999873,75867.513459481299,94803.847577293374,592972674.56564343,109943930.34395787,1.0660135365624653e-16,592619172.85646999,0,12692.438621068939,0.0024887781519243868,27136235.992190532,9.2555687962645538e-10,0,66.45705080114665,16.777314452033142,26546120.018397633,590115.9737928994,27136235.992190532,50000000,0,27136235.992190491,4.4249001554523445e-08
5899.9999999999864,75917.513459481299,94890.450117671819,592972674.56564343,109943930.34395787,1.0504758181905096e-16,592619244.44526744,0,12692.291382583215,0.0024888138821191914,27132665.987503111,-6.6204122706948657e-10,0,66.438734040806125,16.761136261571636,26546120.027767446,586545.95973566547,27132665.987503111,50000000,0,27132665.987503178,-2.3098229788009054e-08
5799.9999999999864,75967.513459481299,94977.052658050263,592972674.56564343,109943930.34395787,1.0351611908164314e-16,592619337.77775633,0,12692.709224526827,0.0024886748205998756,27129169.079183605,3.1970340941977502e-10,0,66.506786156648161,16.765529465385118,26546120.055773877,583049.02340972796,27129169.079183605,50000000,0,27129169.079183578,5.0843408386211469e-09
5699.9999999999864,76017.513459481299,95063.655198428707,592972674.56564343,109943930.34395787,1.0202057829785625e-16,592619391.59122491,0,12692.100147354735,0.0024888322984309833,27125774.465552282,-3.030946465492185e-10,0,66.423951056649685,16.792607408987507,26546120.020462282,579654.44508999959,27125774.465552282,50000000,0,27125774.465552252,-1.4002592180725582e-08
5599.9999999999854,76067.513459481299,95150.257738807151,592972674.56564343,109943930.34395787,1.0054872029903846e-16,592619476.25045311,0,12692.775137464294,0.0024887430890095535,27122452.990633652,4.5862732190638388e-11,0,66.406450817840039,16.770295935817789,26546120.073835123,576332.91679852828,27122452.990633652,50000000,0,27122452.990633652,-3.1903287888731197e-09
5499.9999999999854,76117.513459481299,95236.860279185596,592972674.56564343,109943930.34395787,9.9110221796583794e-17,592619544.56110561,0,12691.923742021921,0.0024887696487085565,27119231.941297337,-6.8344688464781657e-11,0,66.507925580261343,16.754612504478541,26546120.027421057,573111.91387628019,27119231.941297337,50000000,0,27119231.941297255,-6.9506294402713541e-09
5399.9999999999854,76167.513459481299,95323.46281956404,592972674.56564343,109943930.34395787,9.7692686533077485e-17,592619630.2822839,0,12693.187298645154,0.0024886556924720404,27116084.456797235,-1.894581313929628e-10,0,66.459573451373402,16.778259224574342,26546120.09490123,569964.36189600453,27116084.456797235,50000000,0,27116084.456797257,-9.1412367047867717e-09
5299.9999999999854,76217.513459481299,95410.065359942484,592972674.56564343,109943930.34395787,9.6309883512945649e-17,592619674.28757906,0,12691.512784900409,0.0024888555309102241,27113041.060921527,2.7387577012281436e-10,0,66.43024580258988,16.749921137784614,26546120.075878855,566920.9850426726,27113041.060921527,50000000,0,27113041.06092152,2.7339371570855095e-08
5199.9999999999845,76267.513459481299,95496.667900320928,592972674.56564343,109943930.34395787,9.4946107344026895e-17,592619769.12211382,0,12693.064199931794,0.0024886534838774173,27110070.351907808,7.3579537369497168e-10,0,66.569102731074864,16.711170910505846,26546120.100802422,563950.25110538676,27110070.351907808,50000000,0,27110070.351907842,1.1970319766182555e-08
5099.9999999999836,76317.513459481299,95583.270440699373,592972674.56564343,109943930.34395787,9.3613053952249748e-17,592619825.99025428,0,12692.017656225587,0.0024887372541537579,27107200.853653222,-2.489251999650312e-09,0,66.573159563448158,16.731785188652015,26546120.131068397,561080.72258482501,27107200.853653222,50000000,0,27107200.85365323,-1.323685097044925e-07
4999.9999999999836,76367.513459481299,95669.872981077817,592972674.56564343,109943930.34395787,9.2300073843595662e-17,592619899.28608203,0,12692.712594721426,0.0024886881915864535,27104406.915475734,1.2582553732020526e-09,0,66.499774233117421,16.713201891300354,26546120.115459297,558286.80001643673,27104406.915475734,50000000,0,27104406.915475674,4.0902754669416862e-08
4899.9999999999836,76417.513459481299,95756.475521456261,592972674.56564343,109943930.34395787,9.1017263779071112e-17,592619952.69622827,0,12692.068386452313,0.0024887830257599428,27101717.129059143,-6.7091503163059768e-11,0,66.648511395120622,16.658470696286361,26546120.143372796,555596.98568634689,27101717.129059143,50000000,0,27101717.129059151,4.7347626839923184e-09
4799.9999999999836,76467.513459481299,95843.078061834705,592972674.56564343,109943930.34395787,8.9749956367195172e-17,592620042.26619661,0,12692.776135119086,0.0024885923242393862,27099094.984269105,-7.0973889510180609e-10,0,66.707623414233552,16.659415769819237,26546120.153126035,552974.83114307001,27099094.984269105,50000000,0,27099094.984269168,-3.1872624560296005e-08
4699.9999999999827,76517.513459481299,95929.68060221315,592972674.56564343,109943930.34395787,8.8513139945535351e-17,592620091.46306121,0,12692.177360270754,0.0024887057147055238,27096578.326228395,9.9583397432556748e-10,0,66.649613203015761,16.653834076824666,26546120.14910344,550458.17712495476,27096578.326228395,50000000,0,27096578.326228362,5.7876888394154474e-08
4599.9999999999827,76567.513459481299,96016.283142591594,592972674.56564343,109943930.34395787,8.7293752976197376e-17,592620163.77234173,0,12692.674690367168,0.0024886346928384025,27094136.362688743,1.9988037091584102e-10,0,66.736619882403815,16.602041253385099,26546120.185363661,548016.17732508108,27094136.362688743,50000000,0,27094136.36268878,3.5648921236519976e-08
4499.9999999999818,76617.513459481299,96102.885682970038,592972674.56564343,109943930.34395787,8.6100434303768453e-17,592620224.43744898,0,12691.869296741834,0.0024886445017491717,27091795.112545583,3.4484477160935854e-10,0,66.845246721924738,16.596900483062136,26546120.159826826,545674.95271875709,27091795.112545583,50000000,0,27091795.112545557,-3.6112504371153398e-09
4399.9999999999818,76667.513459481299,96189.488223348482,592972674.56564343,109943930.34395787,8.4924893140423366e-17,592620307.27339494,0,12693.158592578922,0.0024884768930789575,27089529.567907255,-1.8064159913709333e-09,0,66.761005012901663,16.599731758188817,26546120.199364357,543409.36854289845,27089529.567907255,50000000,0,27089529.567907304,-1.0895933997267708e-07
4299.9999999999818,76717.513459481299,96276.090763726927,592972674.56564343,109943930.34395787,8.3777071341281758e-17,592620348.21812558,0,12691.670935541764,0.0024886263127721488,27087374.773473587,3.5635833230862651e-10,0,66.841084632297807,16.555577363620056,26546120.134700831,541254.63877275586,27087374.773473587,50000000,0,27087374.773473546,-8.6909290766504735e-09
4199.9999999999818,76767.513459481299,96362.693304105371,592972674.56564343,109943930.34395787,8.2645852668136548e-17,592620423.63941526,0,12692.913645880921,0.0024885016562243845,27085304.002875254,-1.5247342753522074e-10,0,66.928242161870486,16.560845269298852,26546120.178698514,539183.8241767399,27085304.002875254,50000000,0,27085304.002875302,-8.1366027825152807e-09
4099.9999999999809,76817.513459481299,96449.295844483815,592972674.56564343,109943930.34395787,8.1541054979117419e-17,592620466.66650772,0,12692.243159603015,0.0024886194111188582,27083349.684574779,-2.3136151437854269e-10,0,66.820288045858263,16.572258739215179,26546120.349656221,537229.3349185586,27083349.684574779,50000000,0,27083349.684574768,-1.4614778671803603e-08
3999.9999999999804,76867.513459481299,96535.898384862259,592972674.56564343,109943930.34395787,8.0459362056437894e-17,592620507.84287083,0,12700.439163653333,0.0024887431071132825,27081508.507488806,2.0334905795386058e-10,0,66.89029991479569,16.532002396079392,26546120.606132586,535387.90135622025,27081508.507488806,50000000,0,27081508.507488795,3.3384780587690782e-09
3899.9999999999804,76917.513459481299,96622.500925240704,592972674.56564343,109943930.34395787,7.9401514010066257e-17,592620500.40103614,0,12713.213930063213,0.0024892367887556039,27079783.238279875,-3.8890742830419122e-10,0,66.958116343584351,16.544918294904104,26546120.30586341,533662.93241646513,27079783.238279875,50000000,0,27079783.23827986,-4.5947792668482037e-08
3799.99999999998,76967.513459481299,96709.103465619148,592972674.56564343,109943930.34395787,7.8354754044180789e-17,592620558.79141557,0,12711.420039522851,0.0024892152922885002,27078139.440215036,-1.4064167943160212e-09,0,66.828286790417096,16.592354022358947,26546120.112979848,532019.32723518834,27078139.440215036,50000000,0,27078139.44021504,-8.3524523081149282e-08
3699.9999999999923,77017.513459481299,96795.706005997577,592972674.56564343,109943930.34395787,7.733797148097237e-17,592620614.0764333,0,12705.715684846076,0.0024892091828866282,27076618.586554892,1.0184415905701906e-09,0,66.782516446341759,16.564038222236,26546119.953803409,530498.63275148347,27076618.586554892,50000000,0,27076618.586554907,1.9644236297901547e-08
3599.9999999999791,77067.513459481299,96882.308546376036,592972674.56564343,109943930.34395787,7.6340680584492202e-17,592620688.31478095,0,12703.697583657899,0.0024890497336556663,27075196.050807491,-1.511351898844428e-09,0,66.953381509552926,16.560161298619771,26546119.740718376,529076.31008911505,27075196.050807491,50000000,0,27075196.050807502,-9.421611272960968e-08
3499.9999999999914,77117.513459481299,96968.911086754466,592972674.56564343,109943930.34395787,7.5365132505408547e-17,592620743.72098112,0,12699.495294325236,0.0024890297245867055,27073883.768912647,-5.975483997994428e-10,0,66.781704275941621,16.631683003796429,26546119.399774019,527764.36913862824,27073883.768912647,50000000,0,27073883.768912632,-7.1222958235568977e-08
3399.9999999999914,77167.513459481299,97055.51362713291,592972674.56564343,109943930.34395787,7.4408261489753567e-17,592620830.54063082,0,12696.764258868632,0.0024887575394948519,27072675.129569005,-3.7815935310490201e-10,0,66.6786348989706,16.619960314747953,26546119.424327303,526555.7052417025,27072675.129569005,50000000,0,27072675.129569054,-2.8124369844526034e-08
3299.9999999999909,77217.513459481299,97142.116167511354,592972674.56564343,109943930.34395787,7.3473989726498877e-17,592620888.09550047,0,12693.629921962067,0.002488705514314848,27071590.907140784,4.229261097235886e-10,0,66.806576604113815,16.614962341042144,26546119.654701039,525471.25243974477,27071590.907140784,50000000,0,27071590.907140739,1.9098511347810387e-08
3199.9999999999905,77267.513459481299,97228.718707889799,592972674.56564343,109943930.34395787,7.2559321034553176e-17,592620938.85621965,0,12693.12009266735,0.0024886995913098605,27070624.577869434,-1.7278045529918958e-10,0,66.716613925679098,16.680627565859481,26546119.870376796,524504.70749263838,27070624.577869434,50000000,0,27070624.577869486,2.5888376343140201e-08
3099.9999999999905,77317.513459481299,97315.321248268243,592972674.56564343,109943930.34395787,7.1665825340914475e-17,592620993.40427625,0,12692.232043401671,0.0024886556460217346,27069779.059004545,1.8218020735224417e-09,0,66.557041075823321,16.703712551705092,26546120.02059833,523659.03840621561,27069779.059004545,50000000,0,27069779.059004463,1.2249649067584393e-07
2999.99999999999,77367.513459481299,97401.923788646687,592972674.56564343,109943930.34395787,7.0792366590587768e-17,592621049.31771445,0,12692.403918574459,0.0024885935977697875,27069056.025467601,2.4694041214658156e-10,0,66.629950619421621,16.682098077351675,26546120.167851266,522935.85761633515,27069056.025467601,50000000,0,27069056.025467619,3.8936256824771996e-08
2899.9999999999895,77417.513459481299,97488.526329025131,592972674.56564343,109943930.34395787,6.9939935489767074e-17,592621091.19315565,0,12692.692852749427,0.0024886335166181008,27068461.128772564,-4.7645258814923188e-10,0,66.627422835987971,16.726956480037664,26546120.290459752,522340.83831281215,27068461.128772564,50000000,0,27068461.128772609,-1.8984813126551805e-08
2799.9999999999891,77467.513459481299,97575.128869403576,592972674.56564343,109943930.34395787,6.91081034416623e-17,592621128.70836329,0,12691.948969984503,0.0024887000749853924,27067991.248129304,5.1656203930396837e-10,0,66.467007298994133,16.758062548200336,26546120.349879894,521870.89824941009,27067991.248129304,50000000,0,27067991.248129256,1.294328434672653e-08
2699.9999999999891,77517.513459481299,97661.73140978202,592972674.56564343,109943930.34395787,6.8296665892445027e-17,592621187.80585909,0,12692.739424534768,0.0024885899914701467,27067651.654027279,-8.0089489728879531e-10,0,66.499369751797119,16.738843865362703,26546120.43776416,521531.21626311913,27067651.654027279,50000000,0,27067651.65402732,-3.3216106175082622e-08
2599.9999999999886,77567.513459481299,97748.333950160464,592972674.56564343,109943930.34395787,6.7507289031318369e-17,592621225.75588512,0,12692.403773108153,0.0024886370163487025,27067450.705823503,6.8023340554195489e-10,0,66.533308065179966,16.76032615141326,26546120.459474534,521330.24634896964,27067450.705823503,50000000,0,27067450.705823492,2.8569087079681114e-08
2499.9999999999882,77617.513459481299,97834.936490538908,592972674.56564343,109943930.34395787,6.67377392116372e-17,592621261.97474217,0,12692.185559476586,0.002488690693486189,27067382.035204165,-1.9588145120365679e-10,0,66.420228354459127,16.786877486795223,26546120.553784929,521261.48141923547,27067382.035204165,50000000,0,27067382.03520415,3.8079358553740819e-09
2399.9999999999882,77667.513459481299,97921.539030917353,592972674.56564343,109943930.34395787,6.5990471078842713e-17,592621305.25232697,0,12692.526245285746,0.0024886797818391105,27067457.57823525,3.2272189053715025e-10,0,66.436813334528196,16.764816382139539,26546120.584382504,521336.99385274574,27067457.57823525,50000000,0,27067457.57823525,4.2841854365425949e-08
2299.9999999999877,77717.513459481299,98008.141571295797,592972674.56564343,109943930.34395787,6.5262034765001248e-17,592621356.85202849,0,12692.503463864414,0.0024885972784320738,27067666.458431203,1.4726960155935693e-09,0,66.490078530860558,16.773513414610054,26546120.614632193,521545.84379900992,27067666.458431203,50000000,0,27067666.458431173,8.7520296500060942e-08
2199.9999999999873,77767.513459481299,98094.744111674241,592972674.56564343,109943930.34395787,6.4556573932538157e-17,592621380.65615356,0,12692.244404617803,0.0024887226275176109,27068027.172914173,-9.4254257145808161e-10,0,66.411155464086377,16.788006128642706,26546120.700514063,521906.47240011021,27068027.172914173,50000000,0,27068027.172914147,-4.3051083667503185e-08
2099.9999999999873,77817.513459481299,98181.346652052685,592972674.56564343,109943930.34395787,6.386894895286047e-17,592621425.84507787,0,12692.65003138027,0.0024886743962025779,27068522.970277715,-3.0724487211628814e-10,0,66.437512279001339,16.753528164380675,26546120.741057083,522402.22922063246,27068522.970277715,50000000,0,27068522.970277753,-3.2941499996265853e-08
1999.9999999999866,77867.513459481299,98267.94919243113,592972674.56564343,109943930.34395787,6.3203837787504975e-17,592621463.64163923,0,12691.994868601809,0.0024886740342490422,27069172.456721798,1.9664487392987027e-10,0,66.545167399652797,16.742924461635191,26546120.80419071,523051.6525310874,27069172.456721798,50000000,0,27069172.456721824,-6.8785516946427004e-09
1899.9999999999864,77917.513459481299,98354.551732809574,592972674.56564343,109943930.34395787,6.255644200941942e-17,592621509.9356041,0,12693.097723070154,0.0024886010639868302,27069961.108485468,-8.8496380451212288e-10,0,66.471982120024606,16.7627660511301,26546120.904106352,523840.20437911525,27069961.108485468,50000000,0,27069961.108485509,-5.248048202342042e-08
1799.9999999999859,77967.513459481299,98441.154273188018,592972674.56564343,109943930.34395787,6.1931802318273674e-17,592621523.12190604,0,12691.64234323908,0.0024887770986195606,27070912.68490449,1.8209440421063397e-10,0,66.481732372809972,16.717237446636705,26546121.022518046,524791.66238644347,27070912.68490449,50000000,0,27070912.684904523,-1.2798245228152297e-08
1699.9999999999857,78017.513459481299,98527.756813566462,592972674.56564343,109943930.34395787,6.1324265851065237e-17,592621579.49097323,0,12692.914969011334,0.0024886088707143563,27072006.215108104,-6.0235762570574145e-10,0,66.644935643090861,16.679587044506697,26546121.153047089,525885.06206101552,27072006.215108104,50000000,0,27072006.215108089,-3.5491403436842707e-08
1599.9999999999854,78067.513459481299,98614.359353944907,592972674.56564343,109943930.34395787,6.0739822166823657e-17,592621604.48792648,0,12692.200426101866,0.0024886756574248902,27073267.209139321,9.6439220303011297e-11,0,66.624805139328458,16.704367061324994,26546121.257258676,527145.95188064501,27073267.209139321,50000000,0,27073267.209139325,-1.2176749029229495e-09
1499.9999999999977,78117.513459481299,98700.961894323336,592972674.56564343,109943930.34395787,6.0172480472207697e-17,592621639.04951096,0,12692.568022626798,0.0024886617340316402,27074679.570540778,1.4392387796887615e-10,0,66.557301112637859,16.675950051693778,26546121.528640833,528558.04189994559,27074679.570540778,50000000,0,27074679.57054079,1.0412382908353032e-08
1399.9999999999973,78167.513459481299,98787.564434701781,592972674.56564343,109943930.34395787,5.962895201548804e-17,592621659.15180361,0,12692.123527399428,0.0024887494705028469,27076271.107143279,-4.6639508247417211e-11,0,66.737542413483709,16.618708889179974,26546121.704005167,530149.40313811228,27076271.107143279,50000000,0,27076271.107143268,6.3190963407677688e-09
1299.9999999999968,78217.513459481299,98874.166975080225,592972674.56564343,109943930.34395787,5.9102188892031314e-17,592621709.62074685,0,12692.798411140047,0.002488593845554389,27078011.971797723,4.2311560706721751e-10,0,66.774856183523482,16.629324414642081,26546122.05655754,531889.91524018347,27078011.971797723,50000000,0,27078011.971797671,2.823032659780507e-08
1199.9999999999966,78267.513459481299,98960.769515458669,592972674.56564343,109943930.34395787,5.8599749466714955e-17,592621722.68396187,0,12692.115260113309,0.0024887192057256383,27079943.017712504,4.5217182516666073e-11,0,66.705603065656931,16.621448323646693,26546122.51075042,533820.50696208328,27079943.017712504,50000000,0,27079943.0177125,-6.7158642455530738e-09
1099.9999999999964,78317.513459481299,99047.372055837113,592972674.56564343,109943930.34395787,5.8114571477543008e-17,592621756.67821312,0,12692.813103609631,0.0024886747435412947,27082037.504468545,-1.0088308817963014e-09,0,66.807350633805868,16.569816251051776,26546123.069131128,535914.43533741683,27082037.504468545,50000000,0,27082037.504468553,-6.9244081784391311e-08
999.99999999999602,78367.513459481299,99133.974596215558,592972674.56564343,109943930.34395787,5.7654318245544242e-17,592621777.17643785,0,12691.741168642508,0.0024887235537614273,27084321.604573172,-1.5681153956013087e-10,0,66.905076113226727,16.573778729807429,26546123.884159341,538197.72041383013,27084321.604573172,50000000,0,27084321.604573168,-3.7171412107732924e-08
899.99999999999568,78417.513459481299,99220.577136594002,592972674.56564343,109943930.34395787,5.7211080483804029e-17,592621820.71195436,0,12693.205684561317,0.0024885860820740677,27086774.660190612,-6.0117743459186561e-10,0,66.796335124299688,16.582189095383946,26546124.97750514,540649.68268547207,27086774.660190612,50000000,0,27086774.660190634,-2.9166636536368783e-08
799.99999999999534,78467.513459481299,99307.179676972446,592972674.56564343,109943930.34395787,5.6793447966909997e-17,592621821.69270861,0,12691.648060878639,0.0024887691494779869,27089434.109645523,8.1948001766118139e-10,0,66.876980813603311,16.544866105755823,26546126.414823189,543307.69482233375,27089434.109645523,50000000,0,27089434.109645531,3.2335020842042399e-08
699.999999999995,78517.513459481299,99393.78221735089,592972674.56564343,109943930.34395787,5.6394339074071034e-17,592621858.01146936,0,12692.894507437031,0.0024886686668480181,27092267.064911872,-7.5555103293261333e-10,0,66.934906964571326,16.556791650337274,26546128.339502111,546138.72540976107,27092267.064911872,50000000,0,27092267.064911842,-3.613096657709709e-08
599.99999999999466,78567.513459481299,99480.384757729335,592972674.56564343,109943930.34395787,5.6020513780492459e-17,592621869.78594375,0,12692.098615046323,0.0024887477630474927,27095307.190993886,5.336688226480663e-11,0,66.832625457263376,16.571964673370879,26546130.847141054,549176.34385283291,27095307.190993886,50000000,0,27095307.19099395,-2.0075748916097992e-08
499.99999999999437,78617.513459481299,99566.987298107779,592972674.56564343,109943930.34395787,5.5665418836452807e-17,592621903.89516771,0,12692.788533080438,0.002488645076898729,27098535.103048448,-6.7179100102418714e-10,0,66.8798859487122,16.548285952142692,26546133.333926789,552401.76912165806,27098535.103048448,50000000,0,27098535.103048414,7.5796363125670578e-08
399.99999999999403,78667.513459481299,99653.589838486223,592972674.56564343,109943930.34395787,5.5338160530228545e-17,592621897.18999588,0,12692.069651307016,0.002488848019973022,27101988.336790033,7.2419146559648313e-09,0,66.879504177248847,16.538001583550866,26546138.055354908,555850.28143512458,27101988.336790033,50000000,0,27101988.336790007,-8.0393797207256855e-08
299.99999999999369,78717.513459481299,99740.192378864667,592972674.56564343,109943930.34395787,5.5033745359698042e-17,592621934.1741395,0,12692.685582117711,0.0024887004766347047,27105582.046990227,-3.3475173303753313e-08,0,66.35538474111533,16.343062084405403,26546139.437805712,559442.60918451473,27105582.046990227,50000000,0,27105582.046990238,-7.4731617022120534e-09
199.99999999999338,78767.513459481299,99826.794919243112,592972674.56564343,109943930.34395787,5.4771390535521168e-17,592621921.16605783,0,12692.154881366054,0.0024889225910771921,27109465.490809288,1.2812886809588047e-07,0,64.345921158034599,15.331306781838997,26546162.779220838,563302.71158844978,27109465.490809288,50000000,0,27109465.490809172,4.0738124253275349e-07
99.999999999993051,78817.513459481299,99913.397459621556,592972674.56564343,109943930.34395787,5.4538625539302134e-17,592622040.10419106,0,12692.942136177397,0.0024881105092348001,27112748.116130453,-4.7550427828364576e-07,0,56.357756555147361,11.660505496235038,26546003.765974097,566744.35015635565,27112748.116130453,50000000,0,27112748.116130911,1.8942750257637737e-05
-7.2759576141834259e-12,78867.513459481299,100000,592972674.56564343,109943930.34395787,5.43914647603832e-17,592622185.61099207,0,12691.224796361214,0.0024870467946181349,27116997.050818432,3.7542730582156547e-06,0,59.811234854694298,0,26545782.331799433,571214.71901899949,27116997.050818432,50000000,0,27116997.050814699,0.00021900308734317819
