xd,x,y,time,dt,V,Theta,C,Ih,slip,q,F,prescribed,mass_diagonal,mass_upper,tau_bg,delta_tau,tau_total,sigma_n_bg,C_evaluated,friction_traction,weak_residual
115470.05383792514,21132.486540518701,0,922804465.59751713,109943930.34395787,1.0000000000000001e-09,8000000,0,12691.226484242241,0.92280446559751717,26495836.205484521,-5659.7006187076167,1,59.801978995499709,11.653542613001276,26545555.49658734,-49719.291102819145,26495836.205484521,50000000,0,26501495.901478808,-669338.01086317783
115370.09350171598,21182.466708623288,86.568190527976824,922804465.59751713,109943930.34395787,1.0000000000000001e-09,8000000,0,12692.940471139316,0.92280446559751717,26503723.530722726,-28392.800741404215,1,56.335080841968278,15.321634571724466,26546235.820459835,-42512.289737109095,26503723.530722726,50000000,0,26532116.326839648,-1733853.2609020525
115270.13316550681,21232.446876727874,173.13638105595365,922804465.59751713,109943930.34395787,1.0000000000000001e-09,8000000,0,12692.155815652954,0.92280446559751717,26505569.479557749,-4463.4254359790148,1,64.323175802638701,16.33363767744834,26546091.616840929,-40522.137283179909,26505569.479557749,50000000,0,26510032.900369328,-855448.0228868369
115170.17282929763,21282.427044832461,259.70457158393043,922804465.59751713,109943930.34395787,1.0000000000000001e-09,8000000,0,12692.689611087708,0.92280446559751717,26507019.615148295,-8162.4319757553421,1,66.332611914988007,16.527663519997564,26546131.148019828,-39111.532871533185,26507019.615148295,50000000,0,26515182.042499579,-590497.79364511522
115070.21249308845,21332.407212937047,346.2727621119073,922804465.59751713,109943930.34395787,1.0000000000000001e-09,8000000,0,12692.076306808896,0.92280446559751717,26511953.717385694,1442.5277189297688,1,66.862654455469624,16.53761068498121,26546119.882299442,-34166.16491374746,26511953.717385694,50000000,0,26510511.185042329,-138531.06212900349
114970.25215687927,21382.387381041633,432.84095263988411,922804465.59751713,109943930.34395787,1.0000000000000001e-09,8000000,0,12692.796306412123,0.92280446559751717,26508281.861775331,-6051.4403953754654,1,66.859876727298612,16.564421000706488,26546123.023669321,-37841.161893989891,26508281.861775331,50000000,0,26514333.29754626,-377435.40340510686
114870.29182067011,21432.36754914622,519.40914316786086,922804465.59751713,109943930.34395787,1.0000000000000001e-09,8000000,0,12692.097533805048,0.92280446559751717,26511406.01673666,199.65645851408468,1,66.80364491777803,16.551389730869253,26546122.194464482,-34716.177727822214,26511406.01673666,50000000,0,26511206.355653729,-170387.90173689931
114770.33148446096,21482.347717250803,605.97733369583773,922804465.59751713,109943930.34395787,1.0000000000000001e-09,8000000,0,12692.908009320607,0.92280446559751717,26509865.46413995,-5044.1126627346803,1,66.905683432141075,16.540074823135196,26546122.409786776,-36256.945646826178,26509865.46413995,50000000,0,26514909.572178226,-319320.45525517862
114670.37114825178,21532.327885355389,692.5455242238146,922804465.59751713,109943930.34395787,1.0000000000000001e-09,8000000,0,12691.636351804522,0.92280446559751717,26512683.464213211,898.1070554694511,1,66.846183179307815,16.579436743448145,26546122.353487104,-33438.889273893088,26512683.464213211,50000000,0,26511785.352533285,-135190.53495555799
114570.4108120426,21582.308053459976,779.11371475179146,922804465.59751713,109943930.34395787,1.0000000000000001e-09,8000000,0,12693.203737562601,0.92280446559751717,26508706.075305391,-6743.0253857279977,1,66.759250215746363,16.578321265924121,26546122.36818935,-37416.292883958668,26508706.075305391,50000000,0,26515449.096066684,-433497.47641044855
114470.45047583342,21632.288221564562,865.68190527976822,922804465.59751713,109943930.34395787,1.0000000000000001e-09,8000000,0,12691.760486003937,0.92280446559751717,26512347.414889481,106.87049569596005,1,66.843891018814816,16.580660924617558,26546122.364323787,-33774.949434306473,26512347.414889481,50000000,0,26512240.539769337,-186522.26371207947
114370.49013962426,21682.268389669149,952.25009580774508,922804465.59751713,109943930.34395787,1.0000000000000001e-09,8000000,0,12692.805748574598,0.92280446559751717,26510875.481405087,-4938.1543174229555,1,66.74606551034681,16.63189582393246,26546122.365346633,-35246.883941546082,26510875.481405087,50000000,0,26515813.631098107,-326718.56519939244
114270.52980341509,21732.248557773735,1038.8182863357217,922804465.59751713,109943930.34395787,1.0000000000000001e-09,8000000,0,12692.110704597506,0.92280446559751717,26512627.982773796,66.848838599730257,1,66.646241422094562,16.642919397108372,26546122.365076575,-33494.382302779704,26512627.982773796,50000000,0,26512561.129310794,-187367.77019148017
114170.5694672059,21782.228725878322,1125.3864768636988,922804465.59751713,109943930.34395787,1.0000000000000001e-09,8000000,0,12692.814722606316,0.92280446559751717,26509578.065538716,-6590.9185306011886,1,66.699812052444642,16.639199456499714,26546122.365148328,-36544.299609612674,26509578.065538716,50000000,0,26516168.979444925,-426007.88917152147
114070.60913099673,21832.208893982908,1211.9546673916755,922804465.59751713,109943930.34395787,1.0000000000000001e-09,8000000,0,12692.120996252741,0.92280446559751717,26513729.790715676,750.79202413592236,1,66.651087234393785,16.695072001636582,26546122.365129393,-32392.574413716793,26513729.790715676,50000000,0,26512978.994067017,-144991.3714967946
113970.64879478756,21882.189062087495,1298.5228579196523,922804465.59751713,109943930.34395787,1.0000000000000001e-09,8000000,0,12692.57326153845,0.92280446559751717,26511122.323927503,-5113.1775982627532,1,66.488972470785853,16.719689645795096,26546122.365134496,-35000.041206993163,26511122.323927503,50000000,0,26516235.496901345,-346354.9248547341
113870.6884585784,21932.169230192081,1385.0910484476292,922804465.59751713,109943930.34395787,1.0000000000000001e-09,8000000,0,12692.157805621899,0.92280446559751717,26512404.048550859,-1131.5716731359789,1,66.551971750345572,16.700160289866993,26546122.365132999,-33718.316582139581,26512404.048550859,50000000,0,26513535.615599524,-256025.99123404347
113770.72812236921,21982.149398296668,1471.6592389756061,922804465.59751713,109943930.34395787,1.0000000000000001e-09,8000000,0,12692.951971804461,0.92280446559751717,26510761.640195083,-5702.1562075066631,1,66.555750927777183,16.737576678972278,26546122.365133416,-35360.724938333035,26510761.640195083,50000000,0,26516463.791778117,-393560.06195135997
113670.76778616004,22032.129566401254,1558.2274295035829,922804465.59751713,109943930.34395787,1.0000000000000001e-09,8000000,0,12691.620270713913,0.92280446559751717,26514179.14593593,289.68677847297528,1,66.411275752518563,16.771144340644369,26546122.365133688,-31943.219197757542,26514179.14593593,50000000,0,26513889.454533029,-171570.54502003413
113570.80744995088,22082.109734505841,1644.7956200315596,922804465.59751713,109943930.34395787,1.0000000000000001e-09,8000000,0,12693.096908661531,0.92280446559751717,26510890.196989983,-5686.4776100768404,1,66.429401175831998,16.749062063821583,26546122.36513349,-35232.168143507093,26510890.196989983,50000000,0,26516576.669975597,-402425.08319494087
113470.84711374171,22132.089902610427,1731.3638105595364,922804465.59751713,109943930.34395787,1.0000000000000001e-09,8000000,0,12692.007789597896,0.92280446559751717,26512614.167105176,-1763.332144842977,1,66.482947205290714,16.763426436155346,26546122.365133304,-33508.198028128594,26512614.167105176,50000000,0,26514377.494625632,-288926.52640178095
113370.88677753255,22182.070070715014,1817.9320010875133,922804465.59751713,109943930.34395787,1.0000000000000001e-09,8000000,0,12692.656843209583,0.92280446559751717,26512032.062893633,-4560.6333756560171,1,66.38167722576037,16.786351837924716,26546122.365133457,-34090.302239824086,26512032.062893633,50000000,0,26516592.69164484,-352049.2658974863
113270.92644132336,22232.050238819596,1904.5001916154902,922804465.59751713,109943930.34395787,1.0000000000000001e-09,8000000,0,12692.209338876844,0.92280446559751717,26513523.213787142,-1176.3892898075201,1,66.3945479872215,16.758657197073266,26546122.365133237,-32599.151346094906,26513523.213787142,50000000,0,26514699.598452538,-260035.38991333573
113170.96610511419,22282.030406924183,1991.0683821434668,922804465.59751713,109943930.34395787,1.0000000000000001e-09,8000000,0,12692.506414047046,0.92280446559751717,26510478.366316732,-6287.685049755366,1,66.485972865522655,16.750493296580359,26546122.365133364,-35643.998816631734,26510478.366316732,50000000,0,26516766.046741977,-485575.84416158241
113071.00576890502,22332.010575028769,2077.6365726714434,922804465.59751713,109943930.34395787,1.0000000000000001e-09,8000000,0,12692.543920915285,0.92280446559751717,26512312.077863894,-2854.738715555568,1,66.419611745369167,16.768333559133879,26546122.365133483,-33810.28726958856,26512312.077863894,50000000,0,26515166.811955094,-379053.81412339542
112971.04543269583,22381.990743133356,2164.2047631994205,922804465.59751713,109943930.34395787,1.0000000000000001e-09,8000000,0,12692.211052032198,0.92280446559751717,26511578.686527066,-5016.679232204513,1,66.432361681504062,16.727958643103808,26546122.365133315,-34543.678606249392,26511578.686527066,50000000,0,26516595.361134842,-457359.19294771913
112871.08509648667,22431.970911237942,2250.7729537273976,922804465.59751713,109943930.34395787,1.0000000000000001e-09,8000000,0,12692.353883334876,0.92280446559751717,26510931.383251566,-4556.4515296450581,1,66.570120325204044,16.698746561973959,26546122.365133554,-35190.981881987303,26510931.383251566,50000000,0,26515487.830156803,-511218.30808818474
112771.1247602775,22481.951079342529,2337.3411442553743,922804465.59751713,109943930.34395787,1.0000000000000001e-09,8000000,0,12692.780415395502,0.92280446559751717,26508913.614521313,-7424.268541450524,1,66.544398404300168,16.715240125035322,26546122.365133293,-37208.750611979514,26508913.614521313,50000000,0,26516337.878438346,-656215.92319037986
112671.16442406832,22531.931247447115,2423.9093347833509,922804465.59751713,109943930.34395787,1.0000000000000001e-09,8000000,0,12691.948144032491,0.92280446559751717,26510237.366420839,-5150.1150775086644,1,66.514727365218064,16.681027820121706,26546122.365133483,-35884.998712643981,26510237.366420839,50000000,0,26515387.476873878,-579799.23920248915
112571.20408785914,22581.911415551702,2510.4775253113276,922804465.59751713,109943930.34395787,1.0000000000000001e-09,8000000,0,12692.659525707686,0.92280446559751717,26508676.823908497,-6782.6940113924411,1,66.68238955996739,16.634730646565281,26546122.365133345,-37445.541224848479,26508676.823908497,50000000,0,26515459.513295457,-669997.90526124008
112471.24375164996,22631.891583656288,2597.0457158393046,922804465.59751713,109943930.34395787,1.0000000000000001e-09,8000000,0,12692.423382733064,0.92280446559751717,26506903.062718917,-7923.3292587142369,1,66.685820324489185,16.644459262900074,26546122.36513339,-39219.302414473146,26506903.062718917,50000000,0,26514826.387353245,-748828.9273590612
112371.2834154408,22681.871751760875,2683.6139063672817,922804465.59751713,109943930.34395787,1.0000000000000001e-09,8000000,0,12692.277257188985,0.92280446559751717,26507299.801731914,-6466.231579116994,1,66.659881223405009,16.618318569967332,26546122.365133189,-38822.563401274383,26507299.801731914,50000000,0,26513766.028686509,-625413.77013900329
112271.32307923165,22731.851919865461,2770.1820968952584,922804465.59751713,109943930.34395787,1.0000000000000001e-09,8000000,0,12693.084367740968,0.92280446559751717,26509309.439221006,-3760.6698761788962,1,66.78174769420599,16.574667155561826,26546122.365133718,-36812.925912711769,26509309.439221006,50000000,0,26513070.104472809,-347997.84420825774
112171.36274302247,22781.832087970048,2856.750287423235,922804465.59751713,109943930.34395787,1.0000000000000001e-09,8000000,0,12693.633604546911,0.92280446559751717,26511890.111716218,639.78111013306193,1,66.823203429055042,16.579136604896135,26546122.365132209,-34232.253415990621,26511890.111716218,50000000,0,26511250.325981595,94597.682025787391
112071.40240681329,22831.812256074634,2943.3184779512121,922804465.59751713,109943930.34395787,1.0000000000000001e-09,8000000,0,12696.656562279684,0.92280446559751717,26517731.535861108,6886.8067713003529,1,66.748742212528825,16.571459518318292,26546122.365133509,-28390.829272400588,26517731.535861108,50000000,0,26510844.724465389,823095.36003662844
111971.44207060411,22881.792424179221,3029.8866684791888,922804465.59751713,109943930.34395787,1.0000000000000001e-09,8000000,0,12699.55944878604,0.92280446559751717,26530286.914650142,21289.775434655156,1,66.871013576917335,16.530128285140407,26546122.365131918,-15835.450481776148,26530286.914650142,50000000,0,26508997.134590987,2028494.3745334079
111871.48173439494,22931.772592283804,3116.4548590071659,922804465.59751713,109943930.34395787,1.0000000000000001e-09,8000000,0,12703.543671861884,0.92280446559751717,26540386.397729762,29685.254966417204,1,66.903046787967824,16.562802453618438,26546122.36513276,-5735.967402998358,26540386.397729762,50000000,0,26510701.138138879,3017998.6213020575
111771.52139818578,22981.75276038839,3203.0230495351425,922804465.59751713,109943930.34395787,1.0000000000000001e-09,8000000,0,12705.704647213497,0.92280446559751717,26552222.51494972,41058.383819934126,1,66.762996030354614,16.561235325842205,26546122.365131266,6100.1498184539378,26552222.51494972,50000000,0,26511164.126505379,3937171.9019798762
111671.56106197659,23031.732928492976,3289.5912400631191,922804465.59751713,109943930.34395787,1.0000000000000001e-09,8000000,0,12711.318209208826,0.92280446559751717,26560494.409272812,42528.23888709263,1,66.89077629153654,16.525460275793705,26546122.365135621,14372.044137191027,26560494.409272812,50000000,0,26517966.165761247,4158910.8315918138
111571.60072576742,23081.713096597563,3376.1594305910958,922804465.59751713,109943930.34395787,1.0000000000000001e-09,8000000,0,12713.307546982491,0.92280446559751717,26560779.689943403,38376.320598497572,1,66.892499844155125,16.565656903673332,26546122.365130339,14657.324813064188,26560779.689943403,50000000,0,26522403.364720501,3378539.2819364546
111471.64038955825,23131.693264702149,3462.7276211190729,922804465.59751713,109943930.34395787,1.0000000000000001e-09,8000000,0,12700.622716395215,0.92280446559751717,26535988.372708745,6558.9031926649232,1,66.744848201783199,16.596655577175188,26546122.365132764,-10133.992424018681,26535988.372708745,50000000,0,26529429.464891665,940642.2702415369
111371.68005334906,23181.673432806736,3549.29581164705,922804465.59751713,109943930.34395787,1.0000000000000001e-09,8000000,0,12692.278322381619,0.92280446559751717,26518153.539502189,-8005.2084810312226,1,66.789001809956574,16.570229637701726,26546122.365132321,-27968.825630132109,26518153.539502189,50000000,0,26526158.743358795,-728347.34823638957
111271.7197171399,23231.653600911322,3635.8640021750266,922804465.59751713,109943930.34395787,1.0000000000000001e-09,8000000,0,12692.942637259059,0.92280446559751717,26508526.292292908,-18258.245562997065,1,66.839122922768638,16.609392622998449,26546122.36513418,-37596.072841271758,26508526.292292908,50000000,0,26526784.533231486,-1560277.6140829918
111171.75938093074,23281.633769015909,3722.4321927030028,922804465.59751713,109943930.34395787,1.0000000000000001e-09,8000000,0,12691.668190404373,0.92280446559751717,26509547.147509746,-12478.743589237542,1,66.638484107028447,16.663257377493132,26546122.365132991,-36575.217623244971,26509547.147509746,50000000,0,26522025.88647455,-1429747.0917727842
111071.79904472157,23331.613937120495,3809.0003832309803,922804465.59751713,109943930.34395787,1.0000000000000001e-09,8000000,0,12693.119967982682,0.92280446559751717,26505791.764800988,-17699.070450721614,1,66.63092188836427,16.643677140747851,26546122.365133464,-40330.600332476199,26505791.764800988,50000000,0,26523490.830627289,-1535183.518047031
110971.8387085124,23381.594105225082,3895.568573758957,922804465.59751713,109943930.34395787,1.0000000000000001e-09,8000000,0,12691.935296221996,0.92280446559751717,26510480.981974822,-8888.7581705690191,1,66.705562366702736,16.664040603009074,26546122.36513311,-35641.383158288896,26510480.981974822,50000000,0,26519369.73552097,-1073586.4018050556
110871.87837230321,23431.574273329668,3982.1367642869336,922804465.59751713,109943930.34395787,1.0000000000000001e-09,8000000,0,12692.619179289215,0.92280446559751717,26510571.06721073,-11166.50993930388,1,66.550868359536224,16.728488656642849,26546122.365133371,-35551.297922641039,26510571.06721073,50000000,0,26521737.572525658,-959330.65996236273
110771.91803609405,23481.554441434255,4068.7049548149103,922804465.59751713,109943930.34395787,1.0000000000000001e-09,8000000,0,12692.194858975765,0.92280446559751717,26513992.998343028,-4068.9330213089675,1,66.459210408906657,16.723922038815974,26546122.365133487,-32129.36679045856,26513992.998343028,50000000,0,26518061.92673989,-616675.08976686501
110671.95769988488,23531.534609538841,4155.2731453428869,922804465.59751713,109943930.34395787,1.0000000000000001e-09,8000000,0,12692.772830221236,0.92280446559751717,26511740.990594842,-9534.7358556150557,1,66.557700510767617,16.719209374462949,26546122.365133286,-34381.374538443983,26511740.990594842,50000000,0,26521275.721825968,-711993.88572022761
110571.99736367571,23581.514777643424,4241.841335870864,922804465.59751713,109943930.34395787,1.0000000000000001e-09,8000000,0,12692.083805969349,0.92280446559751717,26517125.863413241,-558.35616112606317,1,66.476673042986434,16.766413288265188,26546122.365133431,-28996.501720190048,26517125.863413241,50000000,0,26517684.214949958,-295694.4642731928
110472.03702746652,23631.494945748011,4328.4095263988411,922804465.59751713,109943930.34395787,1.0000000000000001e-09,8000000,0,12692.710078355207,0.92280446559751717,26515194.410376363,-5914.4169658310766,1,66.381747671433644,16.770363547462662,26546122.36513342,-30927.95475705713,26515194.410376363,50000000,0,26521108.82271776,-406850.11753957043
110372.07669125735,23681.475113852597,4414.9777169268182,922804465.59751713,109943930.34395787,1.0000000000000001e-09,8000000,0,12691.967616869846,0.92280446559751717,26517586.145886909,-290.93899585588809,1,66.455541306002317,16.75164285258429,26546122.36513339,-28536.219246480614,26517586.145886909,50000000,0,26517877.08025834,-214372.29569991914
110272.11635504819,23731.455281957184,4501.5459074547953,922804465.59751713,109943930.34395787,1.0000000000000001e-09,8000000,0,12693.132921835069,0.92280446559751717,26515640.053080771,-5721.8784687876832,1,66.44490810674705,16.776501257562337,26546122.365133468,-30482.312052696943,26515640.053080771,50000000,0,26521361.926925201,-348254.02525659255
110172.15601883901,23781.43545006177,4588.1140979827715,922804465.59751713,109943930.34395787,1.0000000000000001e-09,8000000,0,12691.495404270416,0.92280446559751717,26520277.656083446,2194.1028934059977,1,66.371303254102159,16.771853253269917,26546122.365133639,-25844.709050193429,26520277.656083446,50000000,0,26518083.548565548,-30315.494382348686
110072.19568262983,23831.415618166357,4674.6822885107485,922804465.59751713,109943930.34395787,1.0000000000000001e-09,8000000,0,12693.134669928348,0.92280446559751717,26516832.850739561,-4766.7875670494968,1,66.463070599523988,16.741900457884796,26546122.365133297,-29289.514393735677,26516832.850739561,50000000,0,26521599.633682199,-262877.50726346759
109972.23534642067,23881.395786270943,4761.2504790387247,922804465.59751713,109943930.34395787,1.0000000000000001e-09,8000000,0,12691.966600361375,0.92280446559751717,26519513.265021261,1023.6985717726177,1,66.475450547831898,16.758221557803203,26546122.365133405,-26609.100112143904,26519513.265021261,50000000,0,26518489.561825059,-68082.136342454338
109872.2750102115,23931.37595437553,4847.8186695667018,922804465.59751713,109943930.34395787,1.0000000000000001e-09,8000000,0,12692.744952385281,0.92280446559751717,26518412.84851354,-3361.2085256479622,1,66.410498296669005,16.744540177314661,26546122.365133338,-27709.516619797796,26518412.84851354,50000000,0,26521774.052414723,-159538.17358576832
109772.31467400234,23981.356122480116,4934.3868600946789,922804465.59751713,109943930.34395787,1.0000000000000001e-09,8000000,0,12692.100548006745,0.92280446559751717,26521540.231221858,2778.5768683206798,1,66.531590407118728,16.696190589490232,26546122.365133442,-24582.133911583573,26521540.231221858,50000000,0,26518761.649729073,55626.358975139767
109672.35433779316,24031.336290584703,5020.9550506226551,922804465.59751713,109943930.34395787,1.0000000000000001e-09,8000000,0,12692.701490212956,0.92280446559751717,26517785.638482038,-4369.5528958889863,1,66.595200036987023,16.699401397028598,26546122.365133379,-28336.726651340723,26517785.638482038,50000000,0,26522155.186753459,-214644.91941148596
109572.39400158398,24081.316458689289,5107.5232411506331,922804465.59751713,109943930.34395787,1.0000000000000001e-09,8000000,0,12692.278510191529,0.92280446559751717,26521050.891552046,1793.7577574927946,1,66.521620230667693,16.69213655914821,26546122.365133401,-25071.473581355065,26521050.891552046,50000000,0,26519257.129170123,7251.0314677478091
109472.4336653748,24131.296626793875,5194.0914316786093,922804465.59751713,109943930.34395787,1.0000000000000001e-09,8000000,0,12692.514988434905,0.92280446559751717,26519930.475796822,-2342.6433751868694,1,66.634420445114472,16.629125704479659,26546122.365133334,-26191.889336511493,26519930.475796822,50000000,0,26522273.114547599,-102210.74136820284
109372.47332916563,24181.276794898462,5280.6596222065864,922804465.59751713,109943930.34395787,1.0000000000000001e-09,8000000,0,12692.008030487857,0.92280446559751717,26521265.718428168,1440.1414259805945,1,66.761723688080764,16.622121722758525,26546122.36513336,-24856.646705191582,26521265.718428168,50000000,0,26519825.572377719,-7137.0668914263497
109272.51299295647,24231.256963003048,5367.2278127345635,922804465.59751713,109943930.34395787,1.0000000000000001e-09,8000000,0,12693.059172923493,0.92280446559751717,26518602.544631545,-3869.9800633560167,1,66.663960784070767,16.632298648490512,26546122.365133334,-27519.820501789451,26518602.544631545,50000000,0,26522472.520070486,-200879.43499640125
109172.55265674728,24281.237131107635,5453.7960032625397,922804465.59751713,109943930.34395787,1.0000000000000001e-09,8000000,0,12691.749131801274,0.92280446559751717,26522265.919816516,1994.345989252299,1,66.729000980693854,16.568960703884873,26546122.36513339,-23856.445316873491,26522265.919816516,50000000,0,26520271.569202855,32010.261697854829
109072.59232053811,24331.217299212218,5540.3641937905168,922804465.59751713,109943930.34395787,1.0000000000000001e-09,8000000,0,12692.835845064785,0.92280446559751717,26520369.583734129,-2215.2137513825692,1,66.909516591840969,16.553833235245115,26546122.365133286,-25752.781399156898,26520369.583734129,50000000,0,26522584.792861052,-107892.91853358834
108972.63198432894,24381.197467316804,5626.932384318493,922804465.59751713,109943930.34395787,1.0000000000000001e-09,8000000,0,12692.213192055477,0.92280446559751717,26521282.853302538,439.88134286882649,1,66.784176037625684,16.586498229377533,26546122.365133304,-24839.511830765754,26521282.853302538,50000000,0,26520842.967335235,-55204.113189342126
108872.67164811975,24431.177635421391,5713.50057484647,922804465.59751713,109943930.34395787,1.0000000000000001e-09,8000000,0,12692.607651921549,0.92280446559751717,26519809.96762887,-2888.5510698993548,1,66.794050604376281,16.53718833073501,26546122.36513336,-26312.397504489869,26519809.96762887,50000000,0,26522698.51407434,-156510.11455428673
108772.71131191059,24481.157803525977,5800.0687653744471,922804465.59751713,109943930.34395787,1.0000000000000001e-09,8000000,0,12692.324091552899,0.92280446559751717,26523074.523892298,1761.5945398120305,1,66.969959696928029,16.518653286705824,26546122.365133371,-23047.841241072863,26523074.523892298,50000000,0,26521312.92472804,28726.268357418401
108672.75097570143,24531.137971630564,5886.6369559024242,922804465.59751713,109943930.34395787,1.0000000000000001e-09,8000000,0,12692.264972387,0.92280446559751717,26520267.175827943,-2511.0481593334448,1,66.869379457942799,16.571072378281922,26546122.365133505,-25855.189305562526,26520267.175827943,50000000,0,26522778.21936281,-154919.12598777859
108572.79063949226,24581.11813973515,5973.2051464304013,922804465.59751713,109943930.34395787,1.0000000000000001e-09,8000000,0,12692.624277697685,0.92280446559751717,26521040.565642554,-971.93849929467081,1,66.766224717157073,16.553504778631336,26546122.365133256,-25081.799490701407,26521040.565642554,50000000,0,26522012.499517433,-136356.45674357959
108472.83030328309,24631.098307839737,6059.7733369583775,922804465.59751713,109943930.34395787,1.0000000000000001e-09,8000000,0,12692.388052343893,0.92280446559751717,26521051.729763538,-1803.4266515744689,1,66.938622831462027,16.53259586008495,26546122.36513342,-25070.635369881988,26521051.729763538,50000000,0,26522855.151790608,-142686.92299063769
108372.8699670739,24681.078475944323,6146.3415274863537,922804465.59751713,109943930.34395787,1.0000000000000001e-09,8000000,0,12692.147880092009,0.92280446559751717,26522280.616690189,-355.6028353824106,1,66.840804732931772,16.596280278348488,26546122.365133297,-23841.748443108052,26522280.616690189,50000000,0,26522636.214901138,-94199.109241821483
108272.90963086473,24731.05864404891,6232.9097180143317,922804465.59751713,109943930.34395787,1.0000000000000001e-09,8000000,0,12692.810221182457,0.92280446559751717,26520467.586349417,-2447.2354578602963,1,66.697521808464245,16.60513342258751,26546122.365133371,-25654.77878395468,26520467.586349417,50000000,0,26522914.817182843,-214731.42300100476
108172.94929465557,24781.038812153496,6319.4779085423079,922804465.59751713,109943930.34395787,1.0000000000000001e-09,8000000,0,12692.194973874019,0.92280446559751717,26520515.345832553,-2746.4517866567235,1,66.795947197206502,16.589344035296836,26546122.365133457,-25607.019300904125,26520515.345832553,50000000,0,26523261.792994767,-238718.71153254234
108072.9889584464,24831.018980258083,6406.046099070285,922804465.59751713,109943930.34395787,1.0000000000000001e-09,8000000,0,12692.405205809288,0.92280446559751717,26522114.166758701,-881.9029665043247,1,66.759901938697496,16.645283586797966,26546122.365133282,-24008.198374580592,26522114.166758701,50000000,0,26522996.065100782,-156389.53805456858
107973.02862223721,24880.999148362669,6492.6142895982621,922804465.59751713,109943930.34395787,1.0000000000000001e-09,8000000,0,12692.503781720625,0.92280446559751717,26520655.497014239,-3121.121286710581,1,66.575297109934212,16.681140814848924,26546122.365133371,-25466.868119131774,26520655.497014239,50000000,0,26523776.613676436,-274162.28220044734
107873.06828602804,24930.979316467256,6579.1824801262383,922804465.59751713,109943930.34395787,1.0000000000000001e-09,8000000,0,12692.24579720542,0.92280446559751717,26520204.765072852,-3098.8995789803575,1,66.622881444338333,16.662316036681332,26546122.365133416,-25917.600060563534,26520204.765072852,50000000,0,26523303.660027422,-333456.06061509071
107773.10794981888,24980.959484571838,6665.7506706542154,922804465.59751713,109943930.34395787,1.0000000000000001e-09,8000000,0,12692.825669554455,0.92280446559751717,26520054.580381911,-4497.2486122556847,1,66.633246680178956,16.705051251531014,26546122.36513333,-26067.784751418978,26520054.580381911,50000000,0,26524551.824369714,-389030.87910508033
107673.1476136097,25030.939652676425,6752.3188611821915,922804465.59751713,109943930.34395787,1.0000000000000001e-09,8000000,0,12691.801324357695,0.92280446559751717,26521276.909878522,-2258.5838393155127,1,66.467683369022637,16.742448322354416,26546122.36513339,-24845.455254867673,26521276.909878522,50000000,0,26523535.489093419,-351205.51824311441
107573.18727740052,25080.919820781011,6838.8870517101686,922804465.59751713,109943930.34395787,1.0000000000000001e-09,8000000,0,12692.897986338137,0.92280446559751717,26517991.788561352,-7523.1478554015239,1,66.484999547062941,16.726061242405144,26546122.365133431,-28130.576572079211,26517991.788561352,50000000,0,26525514.931792319,-619436.26878939522
107473.22694119134,25130.899988885598,6925.4552422381457,922804465.59751713,109943930.34395787,1.0000000000000001e-09,8000000,0,12692.236775987049,0.92280446559751717,26519347.604829501,-4869.3809402422667,1,66.520892707091448,16.747258064437627,26546122.365133282,-26774.760303780437,26519347.604829501,50000000,0,26524216.981145322,-589609.08472269634
107373.26660498219,25180.880156990184,7012.0234327661228,922804465.59751713,109943930.34395787,1.0000000000000001e-09,8000000,0,12692.33357382788,0.92280446559751717,26518361.094667267,-8351.2707180861253,1,66.405508251372979,16.778478107256962,26546122.365133371,-27761.27046610415,26518361.094667267,50000000,0,26526712.360760856,-735819.4857641384
107273.30626877301,25230.860325094771,7098.5916232940999,922804465.59751713,109943930.34395787,1.0000000000000001e-09,8000000,0,12692.379790698409,0.92280446559751717,26519323.643071618,-5942.1557382732708,1,66.406629761270352,16.759341954170537,26546122.365133367,-26798.722061749548,26519323.643071618,50000000,0,26525265.794185448,-732469.27578416234
107173.34593256385,25280.840493199357,7185.1598138220761,922804465.59751713,109943930.34395787,1.0000000000000001e-09,8000000,0,12692.656644721843,0.92280446559751717,26516781.579557236,-11799.337188680449,1,66.464616152183368,16.765505125955162,26546122.365133379,-29340.785576142371,26516781.579557236,50000000,0,26528580.912121493,-964651.45979764708
107073.38559635467,25330.820661303944,7271.7280043500532,922804465.59751713,109943930.34395787,1.0000000000000001e-09,8000000,0,12692.135534871888,0.92280446559751717,26521936.528263994,-4820.9953790196596,1,66.387508359394431,16.782139761655799,26546122.365133498,-24185.836869504303,26521936.528263994,50000000,0,26526757.519018602,-603871.19707486173
106973.42526014549,25380.80082940853,7358.2961948780303,922804465.59751713,109943930.34395787,1.0000000000000001e-09,8000000,0,12692.869748477548,0.92280446559751717,26525063.233086135,-5124.2260612309428,1,66.402787047526886,16.746296256591592,26546122.365133356,-21059.132047221065,26525063.233086135,50000000,0,26530187.454522923,-256351.23530885862
106873.46492393632,25430.780997513117,7444.8643854060056,922804465.59751713,109943930.34395787,1.0000000000000001e-09,8000000,0,12696.550895174454,0.92280446559751717,26537027.971237097,9842.073276028239,1,66.510487256968645,16.735536946694168,26546122.365134869,-9094.3938977718353,26537027.971237097,50000000,0,26527185.893336609,851485.21801803401
106773.50458772713,25480.761165617703,7531.4325759339827,922804465.59751713,109943930.34395787,1.0000000000000001e-09,8000000,0,12705.574794157848,0.92280446559751717,26544983.830863487,16891.954970920062,1,66.436298379985672,16.755977199536119,26546122.365141843,-1138.5342783555388,26544983.830863487,50000000,0,26528091.87126809,1710212.8282086735
106673.54425151797,25530.74133372229,7618.0007664619607,922804465.59751713,109943930.34395787,1.0000000000000001e-09,8000000,0,12701.394786033545,0.92280446559751717,26548003.260717705,25260.328392427145,1,66.451086955683891,16.706835797991342,26546122.365130804,1880.895586900413,26548003.260717705,50000000,0,26522742.927700892,2155798.3076696238
106573.5839153088,25580.721501826876,7704.5689569899378,922804465.59751713,109943930.34395787,1.0000000000000001e-09,8000000,0,12698.77133617272,0.92280446559751717,26536201.45502134,11622.836253070467,1,66.623472194737275,16.669588585789942,26546122.365135256,-9920.910113915801,26536201.45502134,50000000,0,26524578.614143834,1331133.8070059642
106473.62357909963,25630.701669931463,7791.1371475179139,922804465.59751713,109943930.34395787,1.0000000000000001e-09,8000000,0,12694.249073586911,0.92280446559751717,26529244.859341536,8084.1791461366593,1,66.600155115629278,16.692301236156151,26546122.365134031,-16877.505792494863,26529244.859341536,50000000,0,26521160.675570954,682526.20132982801
106373.66324289044,25680.681838036049,7877.705338045891,922804465.59751713,109943930.34395787,1.0000000000000001e-09,8000000,0,12693.121862589958,0.92280446559751717,26521804.632491685,-2973.1839619931538,1,66.542689924197163,16.659523391511296,26546122.365133051,-24317.732641365379,26521804.632491685,50000000,0,26524777.811829224,-61694.238109935497
106273.70290668128,25730.662006140632,7964.2735285738672,922804465.59751713,109943930.34395787,1.0000000000000001e-09,8000000,0,12692.289976654367,0.92280446559751717,26522219.575466257,72.383031487002569,1,66.734372828543428,16.59818276172642,26546122.365133464,-23902.789667207748,26522219.575466257,50000000,0,26522147.187810346,-202925.6700853972
106173.74257047211,25780.642174245218,8050.8417191018452,922804465.59751713,109943930.34395787,1.0000000000000001e-09,8000000,0,12692.738785408945,0.92280446559751717,26516996.76242635,-9532.6266016221725,1,66.780495429886216,16.612971161347605,26546122.365133245,-29125.602706894279,26516996.76242635,50000000,0,26526529.384403586,-693859.4257896503
106073.78223426295,25830.622342349805,8137.4099096298205,922804465.59751713,109943930.34395787,1.0000000000000001e-09,8000000,0,12692.14853477151,0.92280446559751717,26520147.689400289,-3519.3780090770611,1,66.685695452074242,16.605824856791251,26546122.365133494,-25974.675733204931,26520147.689400289,50000000,0,26523667.06278488,-537740.57659512362
105973.82189805378,25880.602510454391,8223.9781001577976,922804465.59751713,109943930.34395787,1.0000000000000001e-09,8000000,0,12692.772101321441,0.92280446559751717,26519084.935451593,-8712.7954753339709,1,66.810993783530805,16.545519057921034,26546122.365133345,-27037.429681751877,26519084.935451593,50000000,0,26527797.726302516,-698924.7855893611
105873.86156184459,25930.582678558978,8310.5462906857738,922804465.59751713,109943930.34395787,1.0000000000000001e-09,8000000,0,12691.757473798678,0.92280446559751717,26521329.611362703,-3527.969489607905,1,66.917434176284871,16.556037356321948,26546122.365133166,-24792.753770463169,26521329.611362703,50000000,0,26524857.576227855,-549320.76414862555
105773.90122563542,25980.562846663564,8397.1144812137518,922804465.59751713,109943930.34395787,1.0000000000000001e-09,8000000,0,12693.198897934284,0.92280446559751717,26518422.070898764,-10212.611316824388,1,66.776436269246858,16.571187965478739,26546122.36513317,-27700.294234406203,26518422.070898764,50000000,0,26528634.677591152,-792708.53526408086
105673.94088942626,26030.543014768151,8483.682671741728,922804465.59751713,109943930.34395787,1.0000000000000001e-09,8000000,0,12691.677045524586,0.92280446559751717,26522496.300232869,-3158.3464004322082,1,66.859980596459692,16.531349402128349,26546122.36513355,-23626.064900681376,26522496.300232869,50000000,0,26525654.642008886,-512749.13926644478
105573.98055321709,26080.523182872737,8570.250862269706,922804465.59751713,109943930.34395787,1.0000000000000001e-09,8000000,0,12692.875603978147,0.92280446559751717,26521094.788382001,-8005.8230727455075,1,66.926331284809478,16.543266797404495,26546122.365133189,-25027.576751187444,26521094.788382001,50000000,0,26529100.606830303,-648524.81251359056
105474.0202170079,26130.503350977324,8656.8190527976822,922804465.59751713,109943930.34395787,1.0000000000000001e-09,8000000,0,12692.117320011101,0.92280446559751717,26522598.580280125,-3657.8457085905229,1,66.817423477828427,16.572069359335014,26546122.365133423,-23523.784853298217,26522598.580280125,50000000,0,26526256.421364259,-527547.35698743933
105374.05988079873,26180.48351908191,8743.3872433256583,922804465.59751713,109943930.34395787,1.0000000000000001e-09,8000000,0,12692.758710565895,0.92280446559751717,26520380.758299299,-9093.4367318379591,1,66.81708724605673,16.556685407048676,26546122.365133233,-25741.606833934784,26520380.758299299,50000000,0,26529474.190406609,-707713.2456477253
105274.09954458955,26230.463687186497,8829.9554338536364,922804465.59751713,109943930.34395787,1.0000000000000001e-09,8000000,0,12692.150597038204,0.92280446559751717,26524381.059248671,-2385.6355550905064,1,66.865545895472309,16.57736538100211,26546122.365133315,-21741.305884644389,26524381.059248671,50000000,0,26526766.690179426,-445089.25800980825
105174.13920838039,26280.443855291083,8916.5236243816125,922804465.59751713,109943930.34395787,1.0000000000000001e-09,8000000,0,12692.504663524845,0.92280446559751717,26521508.265537202,-8144.5549380133052,1,66.741278945908562,16.618395384744215,26546122.365133379,-24614.099596176296,26521508.265537202,50000000,0,26529652.815850768,-657795.25523116067
105074.17887217121,26330.42402339567,9003.0918149095905,922804465.59751713,109943930.34395787,1.0000000000000001e-09,8000000,0,12692.300001839967,0.92280446559751717,26522925.342118237,-4493.1949343821589,1,66.706509427152426,16.60876108419599,26546122.365133427,-23197.023015189916,26522925.342118237,50000000,0,26527418.532428171,-570916.93159345572
104974.21853596205,26380.404191500253,9089.6600054375649,922804465.59751713,109943930.34395787,1.0000000000000001e-09,8000000,0,12692.764606092929,0.92280446559751717,26521719.027633913,-8178.9452243757551,1,66.770151890400129,16.632498418533597,26546122.3651333,-24403.337499387562,26521719.027633913,50000000,0,26529897.968233835,-676733.69268676732
104874.25819975288,26430.384359604843,9176.2281959655429,922804465.59751713,109943930.34395787,1.0000000000000001e-09,8000000,0,12691.775059105334,0.92280446559751717,26524580.314436682,-3366.7748027358239,1,66.612116857252175,16.684086686877855,26546122.365133323,-21542.050696641207,26524580.314436682,50000000,0,26527947.084614981,-503270.01834037498
104774.2978635437,26480.364527709426,9262.7963864935209,922804465.59751713,109943930.34395787,1.0000000000000001e-09,8000000,0,12693.036399331306,0.92280446559751717,26521462.487874575,-8568.9873783276962,1,66.576267994537005,16.676627755978345,26546122.36513358,-24659.877259004861,26521462.487874575,50000000,0,26530031.470628396,-718301.53617556626
104674.33752733452,26530.344695814012,9349.3645770214971,922804465.59751713,109943930.34395787,1.0000000000000001e-09,8000000,0,12692.020658461824,0.92280446559751717,26523051.796927322,-5495.0422058395234,1,66.628814674407053,16.692632473389182,26546122.365133353,-23070.568206030875,26523051.796927322,50000000,0,26528546.834508728,-624499.96622391522
104574.37719112536,26580.324863918599,9435.9327675494733,922804465.59751713,109943930.34395787,1.0000000000000001e-09,8000000,0,12692.601200723842,0.92280446559751717,26523166.426863886,-6917.4232939603262,1,66.516566779097545,16.744725240975946,26546122.36513333,-22955.93826944381,26523166.426863886,50000000,0,26530083.845533371,-640067.83607586869
104474.41685491618,26630.305032023185,9522.5009580774495,922804465.59751713,109943930.34395787,1.0000000000000001e-09,8000000,0,12692.288662516014,0.92280446559751717,26523718.678122915,-5268.397442566169,1,66.426046641694825,16.746657152795994,26546122.365133397,-22403.687010481954,26523718.678122915,50000000,0,26528987.07094105,-611456.48632624384
104374.45651870701,26680.285200127772,9609.0691486054275,922804465.59751713,109943930.34395787,1.0000000000000001e-09,8000000,0,12692.435580867685,0.92280446559751717,26521640.514089312,-8698.2923408176975,1,66.506365845342501,16.736519370603613,26546122.365133267,-24481.851043954492,26521640.514089312,50000000,0,26530338.801805682,-772347.9295023554
104274.49618249782,26730.265368232358,9695.6373391334037,922804465.59751713,109943930.34395787,1.0000000000000001e-09,8000000,0,12692.611023541545,0.92280446559751717,26523309.392095916,-6311.2328674740811,1,66.454231739329515,16.775356419688908,26546122.365133416,-22812.973037499934,26523309.392095916,50000000,0,26529620.620338995,-683153.17841471115
104174.53584628867,26780.245536336944,9782.2055296613817,922804465.59751713,109943930.34395787,1.0000000000000001e-09,8000000,0,12692.058721401523,0.92280446559751717,26523296.335981105,-7044.0177644606129,1,66.368803321686102,16.773756918746585,26546122.365133315,-22826.029152210802,26523296.335981105,50000000,0,26530340.349121116,-708489.49599694833
104074.57551007949,26830.225704441531,9868.7737201893578,922804465.59751713,109943930.34395787,1.0000000000000001e-09,8000000,0,12692.613625836862,0.92280446559751717,26522209.835532248,-8055.0401587411507,1,66.453363647922103,16.751432084140884,26546122.365133468,-23912.529601220042,26522209.835532248,50000000,0,26530264.871066526,-796098.37354455073
103974.61517387032,26880.205872546117,9955.3419107173358,922804465.59751713,109943930.34395787,1.0000000000000001e-09,8000000,0,12692.591983641767,0.92280446559751717,26521973.41796118,-8516.2401786396458,1,66.448477466657494,16.774164060066937,26546122.365133364,-24148.947172183543,26521973.41796118,50000000,0,26530489.65351538,-832150.09351720195
103874.65483766116,26930.186040650704,10041.91010124531,922804465.59751713,109943930.34395787,1.0000000000000001e-09,8000000,0,12692.050907782195,0.92280446559751717,26522939.081339467,-7829.0304829365368,1,66.372695226886421,16.768970479861402,26546122.365133416,-23183.283793948591,26522939.081339467,50000000,0,26530768.107197993,-794117.62059463758
103774.69450145197,26980.16620875529,10128.478291773286,922804465.59751713,109943930.34395787,1.0000000000000001e-09,8000000,0,12692.617599035659,0.92280446559751717,26522627.651592504,-7849.6742930839864,1,66.475507090660159,16.725928271954551,26546122.365133308,-23494.713540803641,26522627.651592504,50000000,0,26530477.321261115,-831335.86317267094
103674.7341652428,27030.146376859877,10215.046482301266,922804465.59751713,109943930.34395787,1.0000000000000001e-09,8000000,0,12692.424973029065,0.92280446559751717,26520718.984323114,-10656.508870001697,1,66.527300209222645,16.73866396156091,26546122.365133435,-25403.380810320377,26520718.984323114,50000000,0,26531375.488568701,-974745.99952248635
103574.77382903364,27080.12654496446,10301.614672829241,922804465.59751713,109943930.34395787,1.0000000000000001e-09,8000000,0,12692.30456188553,0.92280446559751717,26522367.876399711,-8035.5365201302757,1,66.437640586888804,16.734790281134778,26546122.365133312,-23754.488733600825,26522367.876399711,50000000,0,26530403.408295393,-878892.47679029498
103474.81349282447,27130.106713069046,10388.182863357219,922804465.59751713,109943930.34395787,1.0000000000000001e-09,8000000,0,12692.569924719015,0.92280446559751717,26521669.281977043,-9958.5752653607888,1,66.544417013105189,16.677291890412548,26546122.365133461,-24453.083156418055,26521669.281977043,50000000,0,26531627.852617953,-948605.07517419837
103374.85315661528,27180.086881173633,10474.751053885195,922804465.59751713,109943930.34395787,1.0000000000000001e-09,8000000,0,12692.161899461285,0.92280446559751717,26521297.108826347,-9080.8791015955121,1,66.661121005124201,16.661697515143466,26546122.365133252,-24825.256306905299,26521297.108826347,50000000,0,26530377.983303577,-976988.17652451119
103274.89282040611,27230.067049278223,10561.319244413173,922804465.59751713,109943930.34395787,1.0000000000000001e-09,8000000,0,12693.302316314426,0.92280446559751717,26519528.382628057,-12337.550192605018,1,66.601021263540076,16.671087404433603,26546122.365133431,-26593.982505373657,26519528.382628057,50000000,0,26531865.928196207,-1100020.832906473
103174.93248419694,27280.047217382806,10647.887434941149,922804465.59751713,109943930.34395787,1.0000000000000001e-09,8000000,0,12692.050042912926,0.92280446559751717,26522282.416156389,-7619.4507499636429,1,66.635924080751508,16.61829124359102,26546122.365133349,-23839.948976960033,26522282.416156389,50000000,0,26529901.862281878,-920482.72230838356
103074.97214798778,27330.027385487392,10734.455625469127,922804465.59751713,109943930.34395787,1.0000000000000001e-09,8000000,0,12692.680980827319,0.92280446559751717,26519237.312833991,-12460.559268338469,1,66.801207253052112,16.593316732148608,26546122.365133215,-26885.05229922384,26519237.312833991,50000000,0,26531697.867477905,-1094558.7392036975
102975.01181177859,27380.007553591979,10821.023815997103,922804465.59751713,109943930.34395787,1.0000000000000001e-09,8000000,0,12692.433328055889,0.92280446559751717,26521009.431699332,-8169.3182586428884,1,66.737496337595488,16.605056572968042,26546122.365133565,-25112.933434233069,26521009.431699332,50000000,0,26529178.745333482,-910277.46679230791
102875.05147556942,27429.987721696565,10907.592006525079,922804465.59751713,109943930.34395787,1.0000000000000001e-09,8000000,0,12692.20055929608,0.92280446559751717,26521767.420306489,-9534.1808762009041,1,66.764035100495107,16.568342644583034,26546122.365132693,-24354.94482620433,26521767.420306489,50000000,0,26531301.596558273,-743965.47802381334
102775.09113936024,27479.967889801152,10994.160197053056,922804465.59751713,109943930.34395787,1.0000000000000001e-09,8000000,0,12694.54791281719,0.92280446559751717,26530396.909064773,1703.6646997343269,1,66.874015028342598,16.547505481441977,26546122.365134135,-15725.456069361418,26530396.909064773,50000000,0,26528693.239740606,-15908.085899823895
102675.13080315106,27529.948057905738,11080.728387581034,922804465.59751713,109943930.34395787,1.0000000000000001e-09,8000000,0,12696.814594500609,0.92280446559751717,26533806.543521456,1699.7480974251616,1,66.824640712616343,16.564640573589742,26546122.365129292,-12315.821607835591,26533806.543521456,50000000,0,26532106.790799551,351547.47079227032
102575.1704669419,27579.928226010325,11167.296578109012,922804465.59751713,109943930.34395787,1.0000000000000001e-09,8000000,0,12701.729534096863,0.92280446559751717,26543244.074632633,12663.783013616458,1,66.826269892044294,16.540734408509248,26546122.365135081,-2878.2905024476349,26543244.074632633,50000000,0,26530580.286994599,956970.13865766942
102475.21013073274,27629.908394114911,11253.864768636986,922804465.59751713,109943930.34395787,1.0000000000000001e-09,8000000,0,12702.244134213779,0.92280446559751717,26540610.507897101,4990.1678364109757,1,66.918747315294965,16.536582501181893,26546122.365129709,-5511.8572326079011,26540610.507897101,50000000,0,26535620.335436195,515339.777653631
102375.24979452357,27679.888562219498,11340.432959164964,922804465.59751713,109943930.34395787,1.0000000000000001e-09,8000000,0,12693.044460609113,0.92280446559751717,26532492.723805286,-1697.1024264101875,1,66.84409067965143,16.574231266229393,26546122.365136173,-13629.641330886632,26532492.723805286,50000000,0,26534189.821607329,-298730.36202053825
102275.28945831439,27729.868730324084,11427.00114969294,922804465.59751713,109943930.34395787,1.0000000000000001e-09,8000000,0,12693.127622225989,0.92280446559751717,26521558.363445032,-16158.180210996888,1,66.774879414591098,16.563379780133147,26546122.365134206,-24564.001689173281,26521558.363445032,50000000,0,26537716.539031532,-1308224.3304147793
102175.32912210521,27779.848898428671,11513.569340220918,922804465.59751713,109943930.34395787,1.0000000000000001e-09,8000000,0,12691.802263284822,0.92280446559751717,26522047.612184271,-12143.392824312305,1,66.887611328293247,16.561657310597983,26546122.365132533,-24074.752948261797,26522047.612184271,50000000,0,26534191.000384212,-1376573.4411760624
102075.36878589605,27829.829066533253,11600.137530748894,922804465.59751713,109943930.34395787,1.0000000000000001e-09,8000000,0,12692.749251628315,0.92280446559751717,26519353.318970643,-17914.682134875657,1,66.775627996617956,16.617654418571416,26546122.36513355,-26769.046162907034,26519353.318970643,50000000,0,26537267.996481072,-1608892.736742391
101975.40844968687,27879.80923463784,11686.70572127687,922804465.59751713,109943930.34395787,1.0000000000000001e-09,8000000,0,12692.142292208478,0.92280446559751717,26520720.713400859,-12728.26302403183,1,66.674314695118923,16.62401135014229,26546122.365133312,-25401.651732452214,26520720.713400859,50000000,0,26533448.971800394,-1462494.0534570473
101875.4481134777,27929.789402742426,11773.273911804848,922804465.59751713,109943930.34395787,1.0000000000000001e-09,8000000,0,12692.792282174591,0.92280446559751717,26517795.441760212,-19017.422189854195,1,66.746888780798812,16.617320962123429,26546122.36513342,-28326.92337320745,26517795.441760212,50000000,0,26536812.859325625,-1658642.6216651616
101775.48777726851,27979.769570847013,11859.842102332825,922804465.59751713,109943930.34395787,1.0000000000000001e-09,8000000,0,12692.069522167614,0.92280446559751717,26522412.940118972,-10693.304250871261,1,66.692517503630924,16.677892561683048,26546122.365133345,-23709.425014372915,26522412.940118972,50000000,0,26533106.239745431,-1309487.2911278226
101675.52744105934,28029.749738951599,11946.410292860803,922804465.59751713,109943930.34395787,1.0000000000000001e-09,8000000,0,12692.684382998632,0.92280446559751717,26519668.076085325,-16806.997692737128,1,66.51543674614976,16.705182022633444,26546122.365133438,-26454.289048112929,26519668.076085325,50000000,0,26536475.069153652,-1493712.0211235883
101575.56710485018,28079.729907056186,12032.978483388779,922804465.59751713,109943930.34395787,1.0000000000000001e-09,8000000,0,12692.057274338154,0.92280446559751717,26521484.014198076,-11819.413251930648,1,66.586156943286639,16.682534890108681,26546122.365133435,-24638.350935358554,26521484.014198076,50000000,0,26533303.422825489,-1347985.6090500976
101475.60676864101,28129.710075160772,12119.546673916755,922804465.59751713,109943930.34395787,1.0000000000000001e-09,8000000,0,12693.046758194001,0.92280446559751717,26519799.654788658,-16796.748780334914,1,66.59231136822207,16.723294042272808,26546122.365133293,-26322.71034463495,26519799.654788658,50000000,0,26536596.398944568,-1480124.5992758824
101375.64643243182,28179.690243265359,12206.114864444731,922804465.59751713,109943930.34395787,1.0000000000000001e-09,8000000,0,12691.546657586003,0.92280446559751717,26523675.939155143,-9831.3466324559486,1,66.432847118737783,16.763336870470233,26546122.365133587,-22446.425978444517,26523675.939155143,50000000,0,26533507.281163171,-1217179.1247803119
101275.68609622266,28229.670411369945,12292.683054972707,922804465.59751713,109943930.34395787,1.0000000000000001e-09,8000000,0,12693.166396364015,0.92280446559751717,26519875.754961763,-16891.494238603671,1,66.43904197598988,16.742303922111489,26546122.36513355,-26246.610171787441,26519875.754961763,50000000,0,26536767.244575985,-1479649.2093668447
101175.72576001349,28279.650579474532,12379.251245500685,922804465.59751713,109943930.34395787,1.0000000000000001e-09,8000000,0,12691.931008455309,0.92280446559751717,26522434.783687659,-11503.096587948769,1,66.498941943068942,16.75629874877189,26546122.3651333,-23687.581445641816,26522434.783687659,50000000,0,26533937.875651147,-1306986.1396011407
101075.76542380433,28329.630747579118,12465.819436028663,922804465.59751713,109943930.34395787,1.0000000000000001e-09,8000000,0,12692.716373668914,0.92280446559751717,26521403.274408557,-15471.188541044809,1,66.391975567974853,16.785096305524199,26546122.365133334,-24719.09072477743,26521403.274408557,50000000,0,26536874.458325155,-1399412.986620557
100975.80508759516,28379.610915683705,12552.38762655664,922804465.59751713,109943930.34395787,1.0000000000000001e-09,8000000,0,12692.139159492501,0.92280446559751717,26523578.445560131,-10694.063874584574,1,66.389282085444634,16.763436108706088,26546122.365133498,-22543.919573366642,26523578.445560131,50000000,0,26534272.50481024,-1255334.3653421355
100875.84475138597,28429.591083788291,12638.955817084616,922804465.59751713,109943930.34395787,1.0000000000000001e-09,8000000,0,12692.648646746136,0.92280446559751717,26520153.821189556,-17041.718097511704,1,66.470796722857102,16.757314897792256,26546122.365133349,-25968.543943792582,26520153.821189556,50000000,0,26537195.534662649,-1508122.0352336136
100775.8844151768,28479.571251892874,12725.524007612592,922804465.59751713,109943930.34395787,1.0000000000000001e-09,8000000,0,12692.362127355649,0.92280446559751717,26523132.583108317,-11700.93182932848,1,66.409117383909589,16.77431374690596,26546122.365133397,-22989.782025080174,26523132.583108317,50000000,0,26534833.510313228,-1320041.0780334382
100675.92407896763,28529.551419997464,12812.09219814057,922804465.59751713,109943930.34395787,1.0000000000000001e-09,8000000,0,12692.376818326122,0.92280446559751717,26521931.282163836,-15346.027861587583,1,66.419558502224575,16.738727410210402,26546122.365133442,-24191.082969605923,26521931.282163836,50000000,0,26537277.30540093,-1431251.0999778979
100575.96374275847,28579.531588102047,12898.660388668546,922804465.59751713,109943930.34395787,1.0000000000000001e-09,8000000,0,12692.2310492505,0.92280446559751717,26522567.712104421,-12886.260569637163,1,66.540244507739502,16.715743840302615,26546122.365133353,-23554.653028931469,26522567.712104421,50000000,0,26535453.96804966,-1398215.6266320159
100476.00340654928,28629.511756206633,12985.228579196524,922804465.59751713,109943930.34395787,1.0000000000000001e-09,8000000,0,12692.914242314662,0.92280446559751717,26520521.375324477,-16983.253814217856,1,66.507083825225706,16.729306669766469,26546122.365133435,-25600.989808958024,26520521.375324477,50000000,0,26537504.62451423,-1554168.4150179725
100376.04307034011,28679.49192431122,13071.7967697245,922804465.59751713,109943930.34395787,1.0000000000000001e-09,8000000,0,12691.791928003971,0.92280446559751717,26523463.402818136,-12508.486057430579,1,66.498427040948783,16.691868391564906,26546122.365133386,-22658.962315250188,26523463.402818136,50000000,0,26535971.884251107,-1379935.8457835503
100276.08273413093,28729.472092415806,13158.364960252477,922804465.59751713,109943930.34395787,1.0000000000000001e-09,8000000,0,12692.829571806176,0.92280446559751717,26521766.846068561,-15817.470567025797,1,66.654641645066988,16.651459693853678,26546122.365133397,-24355.519064836204,26521766.846068561,50000000,0,26537584.312011156,-1512326.1666854334
100176.12239792178,28779.452260520393,13244.933150780453,922804465.59751713,109943930.34395787,1.0000000000000001e-09,8000000,0,12692.23929412743,0.92280446559751717,26521695.512189999,-14967.356366515589,1,66.645201163991914,16.665667282998079,26546122.365133408,-24426.852943409234,26521695.512189999,50000000,0,26536662.863932081,-1526558.789222291
100076.16206171259,28829.432428624979,13331.501341308431,922804465.59751713,109943930.34395787,1.0000000000000001e-09,8000000,0,12692.520728037396,0.92280446559751717,26521705.761020161,-15941.296268898288,1,66.615217003590573,16.631174284949829,26546122.365133364,-24416.604113202542,26521705.761020161,50000000,0,26537647.052664597,-1544722.5360878923
99976.20172550343,28879.412596729566,13418.069531836409,922804465.59751713,109943930.34395787,1.0000000000000001e-09,8000000,0,12692.390197706292,0.92280446559751717,26523111.991342671,-14030.797856376152,1,66.775767042503446,16.582947178137562,26546122.365133412,-23010.373790740967,26523111.991342671,50000000,0,26537142.784574658,-1477345.0160208154
99876.241389294257,28929.392764834152,13504.637722364383,922804465.59751713,109943930.34395787,1.0000000000000001e-09,8000000,0,12692.212277295923,0.92280446559751717,26521262.367427137,-16601.708213234288,1,66.805718064782951,16.596625951646942,26546122.365133442,-24859.997706305236,26521262.367427137,50000000,0,26537864.071015865,-1618548.3574443883
99776.281053085084,28979.372932938739,13591.205912892361,922804465.59751713,109943930.34395787,1.0000000000000001e-09,8000000,0,12692.757495826241,0.92280446559751717,26521112.078443937,-16677.325876009701,1,66.722634907553086,16.579021287028404,26546122.365133218,-25010.286689281464,26521112.078443937,50000000,0,26537789.399695575,-1640346.7477200034
99676.320716875896,29029.353101043325,13677.774103420337,922804465.59751713,109943930.34395787,1.0000000000000001e-09,8000000,0,12692.212019236946,0.92280446559751717,26522763.215317521,-15203.507874406279,1,66.884061532207284,16.526345408908234,26546122.365133498,-23359.14981597662,26522763.215317521,50000000,0,26537966.718567438,-1570650.1511169327
99576.360380666723,29079.333269147912,13764.342293948317,922804465.59751713,109943930.34395787,1.0000000000000001e-09,8000000,0,12692.353378875518,0.92280446559751717,26521648.672570955,-16778.304420601398,1,66.919935063976482,16.558015432797927,26546122.365133312,-24473.692562356591,26521648.672570955,50000000,0,26538426.97236713,-1649498.0668929352
99476.400044457565,29129.313437252498,13850.910484476291,922804465.59751713,109943930.34395787,1.0000000000000001e-09,8000000,0,12692.641628907482,0.92280446559751717,26521410.649192154,-16634.638561671109,1,66.767849685718957,16.562603387827714,26546122.36513342,-24711.715941265225,26521410.649192154,50000000,0,26538045.283129398,-1691082.3103323602
99376.439708248392,29179.293605357081,13937.478675004268,922804465.59751713,109943930.34395787,1.0000000000000001e-09,8000000,0,12692.258123501917,0.92280446559751717,26520757.557397913,-18270.547971965228,1,66.901008366120337,16.51991980351832,26546122.365133345,-25364.807735431939,26520757.557397913,50000000,0,26539028.100745473,-1740143.4779102129
99276.479372039204,29229.273773461671,14024.046865532246,922804465.59751713,109943930.34395787,1.0000000000000001e-09,8000000,0,12692.330518783592,0.92280446559751717,26523377.196299899,-14667.896519433134,1,66.932937458851157,16.553235486674616,26546122.365133401,-22745.168833501637,26523377.196299899,50000000,0,26538045.088194873,-1602233.9866971597
99176.519035830031,29279.253941566254,14110.61505606022,922804465.59751713,109943930.34395787,1.0000000000000001e-09,8000000,0,12692.602369360515,0.92280446559751717,26520385.33185821,-19249.445179605376,1,66.767589094041014,16.592630268196277,26546122.36513323,-25737.033275019377,26520385.33185821,50000000,0,26539634.772413395,-1803103.5388119123
99076.558699620859,29329.234109670844,14197.1832465882,922804465.59751713,109943930.34395787,1.0000000000000001e-09,8000000,0,12692.210124612886,0.92280446559751717,26521668.566041928,-16577.440896674761,1,66.786091779524199,16.556701755525324,26546122.36513336,-24453.799091432244,26521668.566041928,50000000,0,26538246.002314154,-1746519.1557659388
98976.5983634117,29379.214277775427,14283.751437116174,922804465.59751713,109943930.34395787,1.0000000000000001e-09,8000000,0,12692.845390763952,0.92280446559751717,26520901.461878281,-19326.176466945883,1,66.895284379524611,16.583738468213038,26546122.365133211,-25220.90325492993,26520901.461878281,50000000,0,26540227.633720763,-1824308.8302330908
98876.638027202542,29429.194445880014,14370.319627644152,922804465.59751713,109943930.34395787,1.0000000000000001e-09,8000000,0,12691.743826678807,0.92280446559751717,26522839.89936009,-15497.773026534656,1,66.684962892569317,16.647836273753743,26546122.36513339,-23282.465773299336,26522839.89936009,50000000,0,26538337.667762145,-1712316.8522000029
98776.677690993354,29479.1746139846,14456.887818172128,922804465.59751713,109943930.34395787,1.0000000000000001e-09,8000000,0,12693.05336135084,0.92280446559751717,26519283.469253778,-21525.210303435641,1,66.645841823568645,16.629453110402824,26546122.365133233,-26838.895879454911,26519283.469253778,50000000,0,26540808.674932785,-1969193.9286880549
98676.717354784181,29529.154782089186,14543.456008700106,922804465.59751713,109943930.34395787,1.0000000000000001e-09,8000000,0,12692.031505802281,0.92280446559751717,26521946.813164227,-16634.568665378461,1,66.749767766078989,16.642744116249876,26546122.365133457,-24175.551969230175,26521946.813164227,50000000,0,26538581.377205148,-1809263.8563168752
98576.757018575008,29579.134950193773,14630.024199228083,922804465.59751713,109943930.34395787,1.0000000000000001e-09,8000000,0,12692.492170308951,0.92280446559751717,26520800.367855404,-20486.873030062179,1,66.592342550150292,16.710049862259339,26546122.365133341,-25321.997277937829,26520800.367855404,50000000,0,26541287.236261126,-1919360.3172430629
98476.79668236585,29629.115118298359,14716.592389756061,922804465.59751713,109943930.34395787,1.0000000000000001e-09,8000000,0,12692.286649194493,0.92280446559751717,26522037.817323003,-16651.451261679442,1,66.492434202210575,16.711099009416568,26546122.365133446,-24084.547810442746,26522037.817323003,50000000,0,26538689.263960157,-1833024.1213620487
98376.836346156662,29679.095286402946,14803.160580284039,922804465.59751713,109943930.34395787,1.0000000000000001e-09,8000000,0,12692.699382446257,0.92280446559751717,26518914.995165247,-22948.336545867067,1,66.576932778982084,16.70788616442918,26546122.365133427,-27207.369968179613,26518914.995165247,50000000,0,26541863.327086702,-2074569.29007472
98276.876009947489,29729.075454507529,14889.728770812011,922804465.59751713,109943930.34395787,1.0000000000000001e-09,8000000,0,12692.092080731798,0.92280446559751717,26522797.782496557,-16068.781959877755,1,66.503386076241298,16.755523524384461,26546122.365133345,-23324.582636788487,26522797.782496557,50000000,0,26538866.559831988,-1824059.3061530732
98176.915673738316,29779.055622612119,14976.296961339989,922804465.59751713,109943930.34395787,1.0000000000000001e-09,8000000,0,12692.740048186457,0.92280446559751717,26519968.947711047,-22202.391974660244,1,66.395248551382736,16.764690378128584,26546122.365133412,-26153.417422365397,26519968.947711047,50000000,0,26542171.335061293,-2044205.1810829788
98076.955337529129,29829.035790716702,15062.865151867965,922804465.59751713,109943930.34395787,1.0000000000000001e-09,8000000,0,12691.961700885906,0.92280446559751717,26521313.66924357,-17944.321461833733,1,66.464487810041916,16.747069561013241,26546122.365133405,-24808.695889834315,26521313.66924357,50000000,0,26539257.986080922,-1962662.2950330884
97976.99500131997,29879.015958821292,15149.433342395945,922804465.59751713,109943930.34395787,1.0000000000000001e-09,8000000,0,12693.141298910319,0.92280446559751717,26518914.63612666,-23752.569451946176,1,66.453281560160661,16.774901410178394,26546122.365133513,-27207.729006852955,26518914.63612666,50000000,0,26542667.200954206,-2159554.7583806529
97877.034665110798,29928.996126925878,15236.001532923921,922804465.59751713,109943930.34395787,1.0000000000000001e-09,8000000,0,12691.500418444359,0.92280446559751717,26522764.638255496,-16727.595960500275,1,66.369332568341534,16.774255141026707,26546122.365133569,-23357.726878073066,26522764.638255496,50000000,0,26539492.22959156,-1918346.740561184
97777.074328901625,29978.976295030461,15322.569723451898,922804465.59751713,109943930.34395787,1.0000000000000001e-09,8000000,0,12693.11361325607,0.92280446559751717,26518634.516168993,-24424.354282833818,1,66.455465470387168,16.747916266338308,26546122.365133468,-27487.848964475095,26518634.516168993,50000000,0,26543058.865827393,-2218048.0280624987
97677.113992692437,30028.956463135051,15409.137913979876,922804465.59751713,109943930.34395787,1.0000000000000001e-09,8000000,0,12691.976142475873,0.92280446559751717,26521091.787403431,-18767.900904630915,1,66.460002718893733,16.766713877228455,26546122.365133367,-25030.577729936689,26521091.787403431,50000000,0,26539859.683683619,-2057437.6391681277
97577.153656483279,30078.936631239634,15495.706104507852,922804465.59751713,109943930.34395787,1.0000000000000001e-09,8000000,0,12692.706143084042,0.92280446559751717,26519412.279718027,-23920.361292432506,1,66.392241456454286,16.757192074512911,26546122.365133364,-26710.085415337235,26519412.279718027,50000000,0,26543332.636386018,-2201532.9649776113
97477.19332027412,30128.916799344221,15582.274295035828,922804465.59751713,109943930.34395787,1.0000000000000001e-09,8000000,0,12692.085791227708,0.92280446559751717,26522252.116386451,-17827.004455898321,1,66.502776008509286,16.708696154399519,26546122.365133528,-23870.248747076839,26522252.116386451,50000000,0,26540079.116217881,-2018826.3126443792
97377.232984064947,30178.896967448807,15668.842485563804,922804465.59751713,109943930.34395787,1.0000000000000001e-09,8000000,0,12692.772319742151,0.92280446559751717,26517899.613146596,-25881.309693226747,1,66.573324610081698,16.714489264636239,26546122.365133233,-28222.751986637712,26517899.613146596,50000000,0,26543780.918215424,-2340638.1195573206
97277.272647855774,30228.877135553394,15755.410676091782,922804465.59751713,109943930.34395787,1.0000000000000001e-09,8000000,0,12692.210766547018,0.92280446559751717,26521359.631344926,-19131.143175035584,1,66.481914152579435,16.713406425105337,26546122.365133509,-24762.733788583428,26521359.631344926,50000000,0,26540490.769895565,-2114986.5407848982
97177.312311646587,30278.85730365798,15841.978866619758,922804465.59751713,109943930.34395787,1.0000000000000001e-09,8000000,0,12692.634256010833,0.92280446559751717,26519395.55614724,-24562.236992135204,1,66.587987961708265,16.644681810333655,26546122.365133405,-26726.808986164629,26519395.55614724,50000000,0,26543957.78851492,-2291841.2645433657
97077.351975437414,30328.837471762567,15928.547057147734,922804465.59751713,109943930.34395787,1.0000000000000001e-09,8000000,0,12691.912781134428,0.92280446559751717,26520802.035177439,-20219.356306844606,1,66.745437361550401,16.631130388167453,26546122.365133181,-25320.329955741763,26520802.035177439,50000000,0,26541021.386859864,-2204430.5381691386
96977.391639228255,30378.817639867153,16015.115247675714,922804465.59751713,109943930.34395787,1.0000000000000001e-09,8000000,0,12693.137452332769,0.92280446559751717,26517428.054460824,-26820.193733375265,1,66.64211999466248,16.650799945757633,26546122.365133468,-28694.310672644526,26517428.054460824,50000000,0,26544248.243569732,-2453899.6957222605
96877.431303019082,30428.79780797174,16101.68343820369,922804465.59751713,109943930.34395787,1.0000000000000001e-09,8000000,0,12691.645049230427,0.92280446559751717,26521562.579062279,-19835.345847318986,1,66.677734608397145,16.588624811668403,26546122.365133256,-24559.786070976406,26521562.579062279,50000000,0,26541397.920285176,-2197242.3682440575
96777.470966809895,30478.777976076326,16188.251628731665,922804465.59751713,109943930.34395787,1.0000000000000001e-09,8000000,0,12692.934642168337,0.92280446559751717,26518619.56335073,-25806.163348075657,1,66.882390909647555,16.560211928660699,26546122.365133304,-27502.801782574505,26518619.56335073,50000000,0,26544425.722074393,-2417069.6194252525
96677.510630600722,30528.758144180909,16274.819819259641,922804465.59751713,109943930.34395787,1.0000000000000001e-09,8000000,0,12692.117298478503,0.92280446559751717,26520048.464466132,-21862.679402283371,1,66.787422097731863,16.592951459814348,26546122.365133408,-26073.900667276233,26520048.464466132,50000000,0,26541911.139243975,-2330319.1598174763
96577.550294391549,30578.738312285499,16361.388009787619,922804465.59751713,109943930.34395787,1.0000000000000001e-09,8000000,0,12692.710008290354,0.92280446559751717,26517876.123236131,-26686.73076953449,1,66.766251146626487,16.556221788549276,26546122.365133349,-28246.241897217929,26517876.123236131,50000000,0,26544562.849381261,-2490722.1633342369
96477.589958182391,30628.718480390082,16447.956200315595,922804465.59751713,109943930.34395787,1.0000000000000001e-09,8000000,0,12692.198824858066,0.92280446559751717,26521429.421737734,-20909.530012997948,1,66.921881479384965,16.520960020123045,26546122.365133263,-24692.943395528942,26521429.421737734,50000000,0,26542338.947126236,-2286673.1864880146
96377.629621973203,30678.698648494668,16534.524390843573,922804465.59751713,109943930.34395787,1.0000000000000001e-09,8000000,0,12692.429930882165,0.92280446559751717,26517731.899653856,-26967.964524708634,1,66.907496394671995,16.559957152698306,26546122.365133595,-28390.46547973901,26517731.899653856,50000000,0,26544699.859554138,-2544920.3233373794
96277.669285764045,30728.678816599255,16621.092581371548,922804465.59751713,109943930.34395787,1.0000000000000001e-09,8000000,0,12692.478443030501,0.92280446559751717,26519136.423206031,-23859.712987247149,1,66.772892301710939,16.558074876983621,26546122.365133245,-26985.941927213222,26519136.423206031,50000000,0,26542996.131568801,-2478914.9463794688
96177.708949554857,30778.658984703845,16707.660771899529,922804465.59751713,109943930.34395787,1.0000000000000001e-09,8000000,0,12692.52536250471,0.92280446559751717,26518303.973239116,-26521.474686531739,1,66.913124218661125,16.530839064961924,26546122.365133479,-27818.391894362867,26518303.973239116,50000000,0,26544825.443301313,-2560272.4502459313
96077.748613345699,30828.639152808428,16794.228962427504,922804465.59751713,109943930.34395787,1.0000000000000001e-09,8000000,0,12691.982569074451,0.92280446559751717,26519953.803641669,-23626.556665572309,1,66.871376560211289,16.579944439778949,26546122.365133267,-26168.561491597444,26519953.803641669,50000000,0,26543580.355682671,-2476684.4546668027
95977.788277136511,30878.619320913014,16880.797152955478,922804465.59751713,109943930.34395787,1.0000000000000001e-09,8000000,0,12692.933048835994,0.92280446559751717,26517260.286811855,-27643.147956154411,1,66.731733385691925,16.592684016978069,26546122.365133606,-28862.078321751207,26517260.286811855,50000000,0,26544903.430143613,-2665461.8890444511
95877.827940927353,30928.599489017601,16967.365343483456,922804465.59751713,109943930.34395787,1.0000000000000001e-09,8000000,0,12692.056553396529,0.92280446559751717,26518294.038491163,-25858.36700292836,1,66.811874748987648,16.583774681558772,26546122.365133259,-27828.326642096043,26518294.038491163,50000000,0,26544152.40086963,-2617727.3265865194
95777.86760471818,30978.579657122187,17053.933534011434,922804465.59751713,109943930.34395787,1.0000000000000001e-09,8000000,0,12692.532304431092,0.92280446559751717,26518943.958934214,-26013.820025075376,1,66.766909189570498,16.630733890192602,26546122.365133498,-27178.406199283898,26518943.958934214,50000000,0,26544957.774334803,-2605084.4498232789
95677.907268509007,31028.559825226774,17140.501724539412,922804465.59751713,109943930.34395787,1.0000000000000001e-09,8000000,0,12692.415784629757,0.92280446559751717,26518216.31759296,-26420.527285614215,1,66.627557033943475,16.65969399863361,26546122.36513333,-27906.047540370375,26518216.31759296,50000000,0,26544636.840254147,-2661043.5004816456
95577.946932299819,31078.53999333136,17227.06991506739,922804465.59751713,109943930.34395787,1.0000000000000001e-09,8000000,0,12692.41712105702,0.92280446559751717,26517067.116063159,-28096.51807689407,1,66.656261360960087,16.649224595870074,26546122.365133416,-29055.249070256948,26517067.116063159,50000000,0,26545163.629515577,-2769587.3128670673
95477.986596090661,31128.520161435947,17313.638105595364,922804465.59751713,109943930.34395787,1.0000000000000001e-09,8000000,0,12692.665062540085,0.92280446559751717,26517869.530312706,-27425.935550960214,1,66.653647061223268,16.692626968310424,26546122.365133446,-28252.834820739925,26517869.530312706,50000000,0,26545295.46123917,-2746750.5261955783
95378.026259881488,31178.500329540533,17400.206296123342,922804465.59751713,109943930.34395787,1.0000000000000001e-09,8000000,0,12691.957002120413,0.92280446559751717,26518157.045236975,-27013.52271813984,1,66.497619726757193,16.726260173505942,26546122.36513333,-27965.319896355271,26518157.045236975,50000000,0,26545170.563330747,-2758401.5655048876
95278.065923672315,31228.48049764512,17486.774486651317,922804465.59751713,109943930.34395787,1.0000000000000001e-09,8000000,0,12692.756011747308,0.92280446559751717,26515857.702792794,-30147.545696050853,1,66.517192685606972,16.712046045381726,26546122.365133561,-30264.662340767682,26515857.702792794,50000000,0,26546005.243864346,-2937145.4086952168
95178.105587463157,31278.460665749706,17573.342677179295,922804465.59751713,109943930.34395787,1.0000000000000001e-09,8000000,0,12692.381828204332,0.92280446559751717,26516693.107203964,-28720.606210810452,1,66.543849580061845,16.738492182542327,26546122.365133118,-29429.25792915374,26516693.107203964,50000000,0,26545413.708790347,-2918849.3646449051
95078.145251253969,31328.440833854289,17659.910867707273,922804465.59751713,109943930.34395787,1.0000000000000001e-09,8000000,0,12692.196062428609,0.92280446559751717,26516554.618239984,-30100.829141730155,1,66.416915255028883,16.77361348672547,26546122.365133494,-29567.746893510222,26516554.618239984,50000000,0,26546655.442757256,-2970576.7186970869
94978.184915044796,31378.421001958875,17746.479058235247,922804465.59751713,109943930.34395787,1.0000000000000001e-09,8000000,0,12692.534889211243,0.92280446559751717,26516426.711328749,-29250.278023602223,1,66.414006169403265,16.75484353623153,26546122.365133233,-29695.653804484755,26516426.711328749,50000000,0,26545676.984727893,-3011308.6680852058
94878.224578835638,31428.401170063462,17833.047248763225,922804465.59751713,109943930.34395787,1.0000000000000001e-09,8000000,0,12692.496183162333,0.92280446559751717,26513956.892361585,-33648.828059565851,1,66.47387959306451,16.763745143370162,26546122.365133341,-32165.472771756351,26513956.892361585,50000000,0,26547605.71579675,-3226744.1777780452
94778.264242626465,31478.381338168052,17919.615439291203,922804465.59751713,109943930.34395787,1.0000000000000001e-09,8000000,0,12692.23614741806,0.92280446559751717,26516337.546895683,-29819.840193628115,1,66.386616079452253,16.78547815184395,26546122.365133379,-29784.818237695843,26516337.546895683,50000000,0,26546157.382464845,-3113505.1687058727
94678.303906417277,31528.361506272639,18006.183629819181,922804465.59751713,109943930.34395787,1.0000000000000001e-09,8000000,0,12692.656826181175,0.92280446559751717,26514617.716648731,-33945.205677362617,1,66.392933419434542,16.75690562612661,26546122.365133315,-31504.648484583944,26514617.716648731,50000000,0,26548562.917701636,-3289111.5269179349
94578.343570208104,31578.341674377221,18092.751820347155,922804465.59751713,109943930.34395787,1.0000000000000001e-09,8000000,0,12691.971955436908,0.92280446559751717,26515177.541686676,-31918.152572050749,1,66.497498595672226,16.74437800586648,26546122.365133539,-30944.8234468624,26515177.541686676,50000000,0,26547095.689634252,-3285192.1096555321
94478.383233998931,31628.321842481808,18179.32001087513,922804465.59751713,109943930.34395787,1.0000000000000001e-09,8000000,0,12693.221819292468,0.92280446559751717,26514366.960895699,-35468.513408861036,1,66.433457263272061,16.765453079123741,26546122.365133423,-31755.404237724841,26514366.960895699,50000000,0,26549835.469680097,-3351240.7207115535
94378.422897789773,31678.302010586394,18265.888201403111,922804465.59751713,109943930.34395787,1.0000000000000001e-09,8000000,0,12691.143395450852,0.92280446559751717,26520270.544461295,-27466.90691170529,1,66.43080198617379,16.724168308489695,26546122.365133926,-25851.820672631264,26520270.544461295,50000000,0,26547737.446748562,-2857033.3996932735
94278.462561580585,31728.282178690981,18352.456391931086,922804465.59751713,109943930.34395787,1.0000000000000001e-09,8000000,0,12695.34789958128,0.92280446559751717,26524014.965460591,-26174.039871649133,1,66.586525533256165,16.6885725744139,26546122.365135871,-22107.399675279856,26524014.965460591,50000000,0,26550189.000707801,-2426013.7556356974
94178.502225371412,31778.262346795567,18439.024582459064,922804465.59751713,109943930.34395787,1.0000000000000001e-09,8000000,0,12701.211475569587,0.92280446559751717,26532896.263736274,-13411.225334623898,1,66.563693907031535,16.709761355421605,26546122.365130454,-13226.101394180208,26532896.263736274,50000000,0,26546307.484446473,-1628410.7703318582
94078.541889162239,31828.242514900154,18525.592772987042,922804465.59751713,109943930.34395787,1.0000000000000001e-09,8000000,0,12699.009427944495,0.92280446559751717,26530070.554279167,-17887.910061571627,1,66.507965058560572,16.676622594460795,26546122.365135968,-16051.810856800526,26530070.554279167,50000000,0,26547958.459716342,-1716610.3304317689
93978.581552953052,31878.22268300474,18612.160963515016,922804465.59751713,109943930.34395787,1.0000000000000001e-09,8000000,0,12694.348697058858,0.92280446559751717,26526197.020761009,-18158.560376687023,1,66.679402176978584,16.621854444284999,26546122.365133692,-19925.344372682273,26526197.020761009,50000000,0,26544355.576513171,-2017434.2087845854
93878.621216743923,31928.202851109327,18698.729154042994,922804465.59751713,109943930.34395787,1.0000000000000001e-09,8000000,0,12694.244609250711,0.92280446559751717,26517025.319549404,-30581.565677637689,1,66.732044960142304,16.62657732212573,26546122.365133408,-29097.045584004372,26517025.319549404,50000000,0,26547606.880602662,-2807582.2156578824
93778.660880534735,31978.183019213913,18785.297344570969,922804465.59751713,109943930.34395787,1.0000000000000001e-09,8000000,0,12691.814120654379,0.92280446559751717,26516532.287195556,-27966.240038374781,1,66.677731343491814,16.617669281960278,26546122.365133148,-29590.077937591821,26516532.287195556,50000000,0,26544498.52260945,-2947599.2614203468
93678.700544325562,32028.163187318496,18871.865535098947,922804465.59751713,109943930.34395787,1.0000000000000001e-09,8000000,0,12692.908225778423,0.92280446559751717,26513820.089802757,-34566.04204457489,1,66.773551881132164,16.566260160884053,26546122.365133785,-32302.275331027806,26513820.089802757,50000000,0,26548386.127222877,-3268155.6202691235
93578.740208116389,32078.143355423083,18958.433725626925,922804465.59751713,109943930.34395787,1.0000000000000001e-09,8000000,0,12691.666490677404,0.92280446559751717,26515621.391633529,-29899.596266888853,1,66.873452027028392,16.568056174817158,26546122.365132712,-30500.973499182612,26515621.391633529,50000000,0,26545520.983275983,-3170533.4761277647
93478.779871907202,32128.123523527669,19045.001916154899,922804465.59751713,109943930.34395787,1.0000000000000001e-09,8000000,0,12694.423481860642,0.92280446559751717,26513328.926934052,-36118.552954542691,1,66.766020704798478,16.574346636581346,26546122.365133327,-32793.438199274242,26513328.926934052,50000000,0,26549447.475264154,-3386422.2675521439
93378.819535698043,32178.103691632259,19131.570106682881,922804465.59751713,109943930.34395787,1.0000000000000001e-09,8000000,0,12692.782085503886,0.92280446559751717,26517553.414315183,-28933.389238354415,1,66.847536719782696,16.536695156493504,26546122.365133259,-28568.95081807673,26517553.414315183,50000000,0,26546486.79892908,-3127746.673620698
93278.85919948887,32228.083859736842,19218.138297210855,922804465.59751713,109943930.34395787,1.0000000000000001e-09,8000000,0,12693.240562778576,0.92280446559751717,26514304.052238587,-35979.344831067661,1,66.90745043010341,16.549905654952248,26546122.365133259,-31818.312894672155,26514304.052238587,50000000,0,26550283.392445199,-3413543.7901778803
93178.898863279697,32278.064027841428,19304.706487738833,922804465.59751713,109943930.34395787,1.0000000000000001e-09,8000000,0,12692.019213827551,0.92280446559751717,26515291.100900725,-31891.113623892721,1,66.805663169451975,16.566609754609079,26546122.365133412,-30831.264232687652,26515291.100900725,50000000,0,26547182.209900144,-3363408.3027330958
93078.93852707051,32328.044195946015,19391.274678266807,922804465.59751713,109943930.34395787,1.0000000000000001e-09,8000000,0,12692.80963073947,0.92280446559751717,26512308.184725046,-38477.7908599004,1,66.849236740701997,16.545923393492956,26546122.36513317,-33814.180408123881,26512308.184725046,50000000,0,26550785.970960535,-3612522.5580181647
92978.978190861337,32378.024364050601,19477.842868794785,922804465.59751713,109943930.34395787,1.0000000000000001e-09,8000000,0,12692.069900422604,0.92280446559751717,26516672.214759044,-30943.209474781233,1,66.877163117804614,16.568899278844818,26546122.365133282,-29450.150374237448,26516672.214759044,50000000,0,26547615.41960936,-3339494.7589078839
92879.017854652178,32428.004532155188,19564.411059322763,922804465.59751713,109943930.34395787,1.0000000000000001e-09,8000000,0,12692.657160142011,0.92280446559751717,26512810.948747933,-38231.272994976578,1,66.762013227860024,16.603348784683568,26546122.365133561,-33311.416385628283,26512810.948747933,50000000,0,26551042.217118412,-3617398.8651914541
92779.05751844302,32477.984700259774,19650.979249850738,922804465.59751713,109943930.34395787,1.0000000000000001e-09,8000000,0,12692.180380154448,0.92280446559751717,26514917.756744079,-33264.806864778438,1,66.747000981705,16.588785664953623,26546122.365133196,-31204.608389116824,26514917.756744079,50000000,0,26548182.55898447,-3491156.665829293
92679.097182233818,32527.964868364361,19737.547440378716,922804465.59751713,109943930.34395787,1.0000000000000001e-09,8000000,0,12692.837252350579,0.92280446559751717,26512966.622537009,-38342.975923513899,1,66.810636528985739,16.616657120377898,26546122.365133353,-33155.74259634316,26512966.622537009,50000000,0,26551309.593836062,-3650287.8960844777
92579.136846024659,32577.945036468947,19824.11563090669,922804465.59751713,109943930.34395787,1.0000000000000001e-09,8000000,0,12691.675102449411,0.92280446559751717,26516321.206487417,-32301.714662861443,1,66.636554201624563,16.66912364150954,26546122.365133405,-29801.158645987511,26516321.206487417,50000000,0,26548622.916525856,-3442703.6254704753
92479.176509815472,32627.925204573534,19910.683821434672,922804465.59751713,109943930.34395787,1.0000000000000001e-09,8000000,0,12693.137071422379,0.92280446559751717,26512293.155352864,-39180.019038974424,1,66.612949593569198,16.65640352928293,26546122.365133375,-33829.209780510515,26512293.155352864,50000000,0,26551473.169767398,-3721597.1244876506
92379.216173606314,32677.905372678117,19997.252011962646,922804465.59751713,109943930.34395787,1.0000000000000001e-09,8000000,0,12691.912989315468,0.92280446559751717,26514729.842416141,-34416.746365056781,1,66.673846014874215,16.673739397257428,26546122.365133222,-31392.52271708101,26514729.842416141,50000000,0,26549146.584156796,-3573866.6584208761
92279.255837397155,32727.885540782703,20083.82020249062,922804465.59751713,109943930.34395787,1.0000000000000001e-09,8000000,0,12692.69878100618,0.92280446559751717,26513965.584223114,-37578.349320309877,1,66.545604450001335,16.733417571646864,26546122.365133543,-32156.780910428613,26513965.584223114,50000000,0,26551543.928918913,-3651056.7131191874
92179.295501187968,32777.865708887293,20170.388393018598,922804465.59751713,109943930.34395787,1.0000000000000001e-09,8000000,0,12692.199404422385,0.92280446559751717,26515069.400514513,-34453.624377979701,1,66.440812389771793,16.735596893403137,26546122.365133394,-31052.964618880302,26515069.400514513,50000000,0,26549523.020268116,-3580984.0765138306
92079.335164978795,32827.84587699188,20256.956583546573,922804465.59751713,109943930.34395787,1.0000000000000001e-09,8000000,0,12692.586529175713,0.92280446559751717,26512176.096174922,-39618.728657369596,1,66.534454385878419,16.723799848387099,26546122.365133375,-33946.268958453089,26512176.096174922,50000000,0,26551794.820207816,-3804813.2538694832
91979.374828769622,32877.826045096466,20343.524774074554,922804465.59751713,109943930.34395787,1.0000000000000001e-09,8000000,0,12692.436141653328,0.92280446559751717,26514670.871710382,-35410.659984653539,1,66.476136986122626,16.768558761643554,26546122.365133464,-31451.493423081934,26514670.871710382,50000000,0,26550081.527070615,-3657705.6864802074
91879.414492560463,32927.806213201053,20430.092964602532,922804465.59751713,109943930.34395787,1.0000000000000001e-09,8000000,0,12692.223636680808,0.92280446559751717,26513537.534632076,-38236.208810298354,1,66.374089812255036,16.773635314149892,26546122.36513336,-32584.83050128445,26513537.534632076,50000000,0,26551773.738817949,-3760724.7205991023
91779.454156351276,32977.786381305639,20516.661155130507,922804465.59751713,109943930.34395787,1.0000000000000001e-09,8000000,0,12692.420253163744,0.92280446559751717,26513186.612624571,-37502.033305346144,1,66.449280853996129,16.751578491357883,26546122.365133345,-32935.7525087744,26513186.612624571,50000000,0,26550688.641305503,-3799689.8203844763
91679.493820142117,33027.766549410218,20603.229345658481,922804465.59751713,109943930.34395787,1.0000000000000001e-09,8000000,0,12692.738979564967,0.92280446559751717,26512131.811771918,-39778.129245894706,1,66.452385691804494,16.774430988879665,26546122.365133394,-33990.553361475468,26512131.811771918,50000000,0,26551909.936393354,-3896572.6949079535
91579.53348393293,33077.746717514812,20689.797536186459,922804465.59751713,109943930.34395787,1.0000000000000001e-09,8000000,0,12691.894006130889,0.92280446559751717,26513895.455505811,-37259.258097971986,1,66.369996380022542,16.775125347238269,26546122.36513336,-32226.90962754935,26513895.455505811,50000000,0,26551154.708979331,-3802007.1808321895
91479.573147723771,33127.726885619391,20776.365726714437,922804465.59751713,109943930.34395787,1.0000000000000001e-09,8000000,0,12692.777326683701,0.92280446559751717,26512450.777266648,-39454.541062754513,1,66.454893277202245,16.737919618590535,26546122.365133312,-33671.587866663933,26512450.777266648,50000000,0,26551905.313704956,-3920949.5840859166
91379.612811514584,33177.707053723978,20862.933917242415,922804465.59751713,109943930.34395787,1.0000000000000001e-09,8000000,0,12692.336203541176,0.92280446559751717,26511492.356882334,-40266.267187256519,1,66.498671385825688,16.74904877619511,26546122.365133408,-34630.008251074702,26511492.356882334,50000000,0,26551758.619445164,-4002765.0034329519
91279.652475305425,33227.687221828564,20949.50210777039,922804465.59751713,109943930.34395787,1.0000000000000001e-09,8000000,0,12692.408854983209,0.92280446559751717,26512166.323239136,-39687.31632459705,1,66.424363388239954,16.744801058393829,26546122.365133271,-33956.041894134134,26512166.323239136,50000000,0,26551853.634939279,-3981795.431481061
91179.692139096253,33277.667389933151,21036.070298298368,922804465.59751713,109943930.34395787,1.0000000000000001e-09,8000000,0,12692.473053037667,0.92280446559751717,26511994.90767457,-40082.234153560843,1,66.517115394324435,16.694651463924483,26546122.365133561,-34127.457458991557,26511994.90767457,50000000,0,26552077.137203697,-4024293.3139201063
91079.73180288708,33327.647558037745,21122.638488826346,922804465.59751713,109943930.34395787,1.0000000000000001e-09,8000000,0,12692.155883182171,0.92280446559751717,26510350.395570345,-41545.192157333055,1,66.618531525211935,16.682396243303526,26546122.365133137,-35771.969562791288,26510350.395570345,50000000,0,26551895.583103284,-4157422.4060671628
90979.771466677892,33377.627726142324,21209.206679354324,922804465.59751713,109943930.34395787,1.0000000000000001e-09,8000000,0,12692.889979464389,0.92280446559751717,26509262.084412601,-43194.261364761885,1,66.561724419732727,16.686504180197947,26546122.365133598,-36860.280720997602,26509262.084412601,50000000,0,26552456.341152951,-4249224.1265906934
90879.811130468719,33427.60789424691,21295.774869882298,922804465.59751713,109943930.34395787,1.0000000000000001e-09,8000000,0,12691.92986531594,0.92280446559751717,26510737.33260658,-40815.394296362974,1,66.616966674478448,16.632300940109243,26546122.365133204,-35385.032526623458,26510737.33260658,50000000,0,26551552.722278502,-4179500.5820093928
90779.850794259561,33477.588062351497,21382.343060410272,922804465.59751713,109943930.34395787,1.0000000000000001e-09,8000000,0,12692.606515817017,0.92280446559751717,26508044.620104205,-44476.203274756401,1,66.76553608786503,16.613474128533198,26546122.365133561,-38077.745029356331,26508044.620104205,50000000,0,26552520.818754483,-4364374.9932652153
90679.890458050388,33527.568230456083,21468.911250938254,922804465.59751713,109943930.34395787,1.0000000000000001e-09,8000000,0,12692.472130779783,0.92280446559751717,26507824.750250235,-43100.167490984531,1,66.694121023368893,16.620807276694382,26546122.365133259,-38297.614883024246,26507824.750250235,50000000,0,26550924.913116772,-4361032.3557439726
90579.9301218412,33577.54839856067,21555.479441466228,922804465.59751713,109943930.34395787,1.0000000000000001e-09,8000000,0,12692.372055786973,0.92280446559751717,26507031.821686175,-44979.783718478779,1,66.74498679884438,16.575055401182933,26546122.365133516,-39090.54344734177,26507031.821686175,50000000,0,26552011.600780237,-4385423.3422513995
90479.969785632027,33627.528566665256,21642.047631994206,922804465.59751713,109943930.34395787,1.0000000000000001e-09,8000000,0,12692.084553825027,0.92280446559751717,26509427.613934536,-40234.477541363813,1,66.872041753447675,16.557475398326165,26546122.365132902,-36694.751198366284,26509427.613934536,50000000,0,26549662.086851485,-4138252.850734923
90380.009449422854,33677.508734769843,21728.615822522184,922804465.59751713,109943930.34395787,1.0000000000000001e-09,8000000,0,12693.632192893054,0.92280446559751717,26508699.460269995,-42406.753729174161,1,66.804861419811672,16.575145787152106,26546122.365133818,-37422.904863823205,26508699.460269995,50000000,0,26551106.20937473,-4052729.0409453176
90280.049113213696,33727.488902874429,21815.184013050159,922804465.59751713,109943930.34395787,1.0000000000000001e-09,8000000,0,12693.627711251158,0.92280446559751717,26514953.435203273,-33397.616519138341,1,66.806293548874493,16.53953664185671,26546122.36513193,-31168.929928656667,26514953.435203273,50000000,0,26548351.047097955,-3402650.3550296691
90180.088777004537,33777.469070979016,21901.752203578137,922804465.59751713,109943930.34395787,1.0000000000000001e-09,8000000,0,12697.576141191777,0.92280446559751717,26522345.739121851,-28330.978475697641,1,66.919781893584002,16.529834113850317,26546122.365133166,-23776.626011315733,26522345.739121851,50000000,0,26550676.712973129,-2717163.6419843482
90080.12844079535,33827.449239083602,21988.320394106111,922804465.59751713,109943930.34395787,1.0000000000000001e-09,8000000,0,12699.456042613587,0.92280446559751717,26532683.419080455,-16266.32412267088,1,66.857686517481724,16.564585172348114,26546122.365130678,-13438.946050222963,26532683.419080455,50000000,0,26548949.738578681,-1839143.8194146
89980.168104586177,33877.429407188189,22074.888584634089,922804465.59751713,109943930.34395787,1.0000000000000001e-09,8000000,0,12704.999348221952,0.92280446559751717,26537002.908458296,-17103.274425242544,1,66.796016522633195,16.544458882428376,26546122.365130827,-9119.4566725306213,26537002.908458296,50000000,0,26554106.178259104,-1669447.0818466204
89880.207768377004,33927.409575292775,22161.456775162067,922804465.59751713,109943930.34395787,1.0000000000000001e-09,8000000,0,12704.851475212223,0.92280446559751717,26538825.147170953,-15568.449304168538,1,66.936945477221755,16.535602452540445,26546122.365133222,-7297.2179622687399,26538825.147170953,50000000,0,26554393.591850668,-1907795.6737961939
89780.247432167846,33977.389743397362,22248.024965690041,922804465.59751713,109943930.34395787,1.0000000000000001e-09,8000000,0,12697.416372348514,0.92280446559751717,26524771.118140023,-35240.736631602565,1,66.804491559331652,16.602866229645358,26546122.365126826,-21351.246986802667,26524771.118140023,50000000,0,26560011.850147195,-3321296.990855623
89680.287095958658,34027.369911501948,22334.593156218023,922804465.59751713,109943930.34395787,1.0000000000000001e-09,8000000,0,12692.568423521472,0.92280446559751717,26514217.998553898,-42741.042401568295,1,66.684598593867562,16.607899713746551,26546122.365135312,-31904.366581413895,26514217.998553898,50000000,0,26556959.036331013,-4332152.8562699053
89580.326759749485,34077.350079606535,22421.161346745997,922804465.59751713,109943930.34395787,1.0000000000000001e-09,8000000,0,12692.65386606983,0.92280446559751717,26505736.77085967,-54003.599465790772,1,66.798685204381954,16.592668227034419,26546122.36513285,-40385.59427317977,26505736.77085967,50000000,0,26559740.36570102,-5101424.4576113382
89480.366423540312,34127.330247711121,22507.729537273972,922804465.59751713,109943930.34395787,1.0000000000000001e-09,8000000,0,12692.09901857469,0.92280446559751717,26508214.036330346,-47262.806704499329,1,66.742625111950247,16.656399078610995,26546122.365133531,-37908.328803185374,26508214.036330346,50000000,0,26555476.838410463,-4942691.9940325264
89380.406087331125,34177.310415815708,22594.29772780195,922804465.59751713,109943930.34395787,1.0000000000000001e-09,8000000,0,12692.768967489177,0.92280446559751717,26504621.148750823,-53564.062148325997,1,66.550396016202626,16.691005615481295,26546122.365133394,-41501.216382570565,26504621.148750823,50000000,0,26558185.206274692,-5150812.4878449934
89280.445751121966,34227.290583920294,22680.865918329928,922804465.59751713,109943930.34395787,1.0000000000000001e-09,8000000,0,12692.01847963902,0.92280446559751717,26506554.124027897,-47862.590666858458,1,66.60692692169188,16.667263188345466,26546122.365133308,-39568.241105411202,26506554.124027897,50000000,0,26554416.710070375,-4955695.6382424803
89180.485414912793,34277.27075202488,22767.434108857906,922804465.59751713,109943930.34395787,1.0000000000000001e-09,8000000,0,12693.057888141084,0.92280446559751717,26505010.517870542,-52418.773702295963,1,66.631699394877202,16.70674686187105,26546122.365133427,-41111.847262885422,26505010.517870542,50000000,0,26557429.286948383,-5034269.4537973721
89080.525078703635,34327.250920129467,22854.00229938588,922804465.59751713,109943930.34395787,1.0000000000000001e-09,8000000,0,12691.517164960815,0.92280446559751717,26509314.101334713,-44519.683721000467,1,66.45908703309351,16.75174624361113,26546122.365133438,-36808.26379872486,26509314.101334713,50000000,0,26553833.780431308,-4700375.1349867331
88980.564742494433,34377.231088234053,22940.570489913858,922804465.59751713,109943930.34395787,1.0000000000000001e-09,8000000,0,12693.185271453904,0.92280446559751717,26505467.113706999,-51689.561448750021,1,66.457287911278527,16.732462499122068,26546122.365133617,-40655.251426618546,26505467.113706999,50000000,0,26557156.670531288,-4933836.6743023796
88880.604406285274,34427.21125633864,23027.138680441836,922804465.59751713,109943930.34395787,1.0000000000000001e-09,8000000,0,12691.887793065313,0.92280446559751717,26508807.54851824,-44996.733899421874,1,66.521144689752447,16.747168931911315,26546122.365133304,-37314.816615063697,26508807.54851824,50000000,0,26553804.277793292,-4685203.3141902415
88780.644070076116,34477.191424443219,23113.706870969811,922804465.59751713,109943930.34395787,1.0000000000000001e-09,8000000,0,12692.78760481533,0.92280446559751717,26507661.583056625,-49385.984146088296,1,66.40541321769237,16.781239822109377,26546122.365133457,-38460.782076831907,26507661.583056625,50000000,0,26557047.562578257,-4764576.3559514806
88680.683733866943,34527.171592547806,23200.275061497789,922804465.59751713,109943930.34395787,1.0000000000000001e-09,8000000,0,12692.094297715696,0.92280446559751717,26510268.259039331,-43591.044244921279,1,66.3932650259393,16.764219894028116,26546122.36513339,-35854.106094058603,26510268.259039331,50000000,0,26553859.29865979,-4572901.5300523555
88580.72339765777,34577.151760652392,23286.843252025763,922804465.59751713,109943930.34395787,1.0000000000000001e-09,8000000,0,12692.752670979407,0.92280446559751717,26506550.886962578,-50702.731072994502,1,66.46451573108331,16.760835594797747,26546122.365133516,-39571.47817093879,26506550.886962578,50000000,0,26557253.613411121,-4837808.2281707227
88480.763061448582,34627.131928756979,23373.411442553741,922804465.59751713,109943930.34395787,1.0000000000000001e-09,8000000,0,12692.228699715753,0.92280446559751717,26510218.360359099,-43977.873648340552,1,66.40172913792,16.779750892749856,26546122.365133107,-35904.004774007946,26510218.360359099,50000000,0,26554196.22938304,-4591457.076760089
88380.802725239409,34677.112096861565,23459.979633081719,922804465.59751713,109943930.34395787,1.0000000000000001e-09,8000000,0,12692.497761083285,0.92280446559751717,26508307.457335327,-48953.651828915194,1,66.404510665761563,16.747878173812264,26546122.365133625,-37814.907798297703,26508307.457335327,50000000,0,26557261.104539827,-4745244.9382882658
88280.842389030251,34727.092264966152,23546.547823609697,922804465.59751713,109943930.34395787,1.0000000000000001e-09,8000000,0,12692.085254285852,0.92280446559751717,26509500.967965823,-45173.715190865383,1,66.520226721862514,16.728346364918178,26546122.365133226,-36621.397167403251,26509500.967965823,50000000,0,26554674.678532228,-4669577.751795453
88180.882052821078,34777.072433070738,23633.116014137675,922804465.59751713,109943930.34395787,1.0000000000000001e-09,8000000,0,12693.0254684219,0.92280446559751717,26506938.460420687,-50497.649917621209,1,66.475605988461439,16.745504166199968,26546122.365133479,-39183.904712792486,26506938.460420687,50000000,0,26557436.105713915,-4857579.8887547553
88080.921716611891,34827.052601175325,23719.684204665649,922804465.59751713,109943930.34395787,1.0000000000000001e-09,8000000,0,12691.679296646458,0.92280446559751717,26510550.503589466,-44491.730305054996,1,66.463213811342172,16.704504971676954,26546122.36513358,-35571.861544113606,26510550.503589466,50000000,0,26555042.229270067,-4629900.7157870922
87980.961380402732,34877.032769279911,23806.252395193624,922804465.59751713,109943930.34395787,1.0000000000000001e-09,8000000,0,12692.9568688783,0.92280446559751717,26507943.661534894,-49521.29536370041,1,66.638631351295885,16.662707635261761,26546122.365133435,-38178.703598540276,26507943.661534894,50000000,0,26557464.952274207,-4824906.2404878233
87881.001044193545,34927.012937384497,23892.820585721605,922804465.59751713,109943930.34395787,1.0000000000000001e-09,8000000,0,12692.132377610626,0.92280446559751717,26508667.948420208,-46910.897180605331,1,66.615855908598988,16.685321408041922,26546122.365133222,-37454.416713014245,26508667.948420208,50000000,0,26555578.840976294,-4775954.1087184045
87781.040707984386,34976.993105489084,23979.38877624958,922804465.59751713,109943930.34395787,1.0000000000000001e-09,8000000,0,12692.630129521296,0.92280446559751717,26507980.650747906,-49491.745171256021,1,66.566040960750044,16.649664151211681,26546122.36513333,-38141.714385423809,26507980.650747906,50000000,0,26557472.391294785,-4842129.8428210746
87681.080371775199,35026.97327359367,24065.956966777558,922804465.59751713,109943930.34395787,1.0000000000000001e-09,8000000,0,12692.253378431637,0.92280446559751717,26509981.367621902,-45943.083451239909,1,66.753387816260201,16.591215613987529,26546122.365133293,-36140.997511390597,26509981.367621902,50000000,0,26555924.446448632,-4729258.2618941208
87581.12003556604,35076.953441698257,24152.525157305532,922804465.59751713,109943930.34395787,1.0000000000000001e-09,8000000,0,12692.362610032349,0.92280446559751717,26507126.076786317,-50531.611362648997,1,66.794889682141573,16.607107627088684,26546122.365133572,-38996.288347255439,26507126.076786317,50000000,0,26557657.683524542,-4943580.1402449431
87481.159699356867,35126.933609802843,24239.09334783351,922804465.59751713,109943930.34395787,1.0000000000000001e-09,8000000,0,12692.606700563361,0.92280446559751717,26507920.171649925,-48537.960276127706,1,66.69256978062198,16.600152220964272,26546122.365133189,-38202.193483263254,26507920.171649925,50000000,0,26556458.127301585,-4892298.5661580767
87381.199363147694,35176.91377790743,24325.661538361488,922804465.59751713,109943930.34395787,1.0000000000000001e-09,8000000,0,12692.298225036979,0.92280446559751717,26508489.137399923,-49155.775447235224,1,66.831318009820237,16.531619298982857,26546122.365133509,-37633.227733585984,26508489.137399923,50000000,0,26557644.908222731,-4900915.7725111656
87281.239026938521,35226.893946012016,24412.229728889462,922804465.59751713,109943930.34395787,1.0000000000000001e-09,8000000,0,12692.220399894826,0.92280446559751717,26507990.466537029,-48999.010190651868,1,66.949965346208316,16.550536270775698,26546122.365133274,-38131.898596245795,26507990.466537029,50000000,0,26556989.472103216,-4933624.4176920103
87181.278690729348,35276.874114116603,24498.79791941744,922804465.59751713,109943930.34395787,1.0000000000000001e-09,8000000,0,12692.791979725009,0.92280446559751717,26506826.663387634,-50784.929481320294,1,66.765548220577244,16.572448893436132,26546122.36513361,-39295.701745975763,26506826.663387634,50000000,0,26557611.588244535,-5038249.2789301183
87081.318354520175,35326.854282221189,24585.366109945415,922804465.59751713,109943930.34395787,1.0000000000000001e-09,8000000,0,12692.110086052404,0.92280446559751717,26507022.03380277,-50481.720037482024,1,66.864052583252786,16.521143895349223,26546122.365133021,-39100.331330250949,26507022.03380277,50000000,0,26557503.749215789,-5025728.186210705
86981.358018311003,35376.834450325776,24671.934300473393,922804465.59751713,109943930.34395787,1.0000000000000001e-09,8000000,0,12692.487794268936,0.92280446559751717,26508540.420687232,-48948.496536802806,1,66.964519163462001,16.537177919477561,26546122.365133531,-37581.944446299225,26508540.420687232,50000000,0,26557488.912599623,-4970680.0856526373
86881.39768210183,35426.814618430362,24758.502491001371,922804465.59751713,109943930.34395787,1.0000000000000001e-09,8000000,0,12692.467563174248,0.92280446559751717,26506087.127913002,-51934.604238351851,1,66.79965581089894,16.584180746921682,26546122.365133345,-40035.237220343202,26506087.127913002,50000000,0,26558021.727526881,-5126473.5852038646
86781.437345892657,35476.794786534949,24845.070681529349,922804465.59751713,109943930.34395787,1.0000000000000001e-09,8000000,0,12692.317803797549,0.92280446559751717,26506437.165965367,-51120.396854335624,1,66.788720275465181,16.555960545083298,26546122.365133218,-39685.199167851359,26506437.165965367,50000000,0,26557557.558195278,-5139095.1809231713
86681.477009683469,35526.774954639535,24931.638872057327,922804465.59751713,109943930.34395787,1.0000000000000001e-09,8000000,0,12692.704837779134,0.92280446559751717,26506352.440893073,-52158.642743078773,1,66.896580810732274,16.570169828229233,26546122.365133524,-39769.924240451306,26506352.440893073,50000000,0,26558511.079011746,-5174413.533313564
86581.516673474325,35576.755122744114,25018.207062585298,922804465.59751713,109943930.34395787,1.0000000000000001e-09,8000000,0,12691.885900361076,0.92280446559751717,26506901.263341151,-50622.981502256669,1,66.739355117441391,16.628176986102709,26546122.365133308,-39221.101792156696,26506901.263341151,50000000,0,26557524.240218967,-5160183.849741675
86481.556337265152,35626.735290848708,25104.775253113279,922804465.59751713,109943930.34395787,1.0000000000000001e-09,8000000,0,12692.924005150493,0.92280446559751717,26503890.41203472,-55169.074918005084,1,66.671514035857527,16.619939239980081,26546122.365133397,-42231.953098677099,26503890.41203472,50000000,0,26559059.48232827,-5388414.7346528135
86381.596001055965,35676.715458953295,25191.343443641254,922804465.59751713,109943930.34395787,1.0000000000000001e-09,8000000,0,12692.155558163106,0.92280446559751717,26505396.883174285,-52252.963948204859,1,66.761685181503267,16.6282322259406,26546122.3651333,-40725.481959015131,26505396.883174285,50000000,0,26557649.842498042,-5324640.510614112
86281.635664846806,35726.695627057881,25277.911634169232,922804465.59751713,109943930.34395787,1.0000000000000001e-09,8000000,0,12692.371614301888,0.92280446559751717,26504311.088342886,-55281.757925320766,1,66.636827274701673,16.688690031714255,26546122.36513342,-41811.276790533215,26504311.088342886,50000000,0,26559592.841643758,-5448312.0708638551
86181.675328637619,35776.675795162468,25364.47982469721,922804465.59751713,109943930.34395787,1.0000000000000001e-09,8000000,0,12692.430533267456,0.92280446559751717,26504115.683266453,-53667.285798101271,1,66.533156159753133,16.694229418561402,26546122.365133338,-42006.681866884232,26504115.683266453,50000000,0,26557782.964440171,-5485015.2466687029
86081.71499242846,35826.655963267047,25451.048015225184,922804465.59751713,109943930.34395787,1.0000000000000001e-09,8000000,0,12692.575996389061,0.92280446559751717,26500958.687088214,-59408.625142462763,1,66.601522863822566,16.695965257296162,26546122.365133356,-45163.678045142442,26500958.687088214,50000000,0,26560367.307606224,-5767796.734643681
85981.754656219273,35876.636131371641,25537.616205753166,922804465.59751713,109943930.34395787,1.0000000000000001e-09,8000000,0,12692.146974312856,0.92280446559751717,26503380.176382978,-54813.114032131401,1,66.527358354305747,16.744431969760704,26546122.365133468,-42742.188750490546,26503380.176382978,50000000,0,26558193.28579063,-5666967.7613502378
85881.7943200101,35926.616299476227,25624.18439628114,922804465.59751713,109943930.34395787,1.0000000000000001e-09,8000000,0,12692.702541977902,0.92280446559751717,26499824.107610378,-61424.104568870367,1,66.414973778323585,16.755455874925605,26546122.365133245,-46298.25752286613,26499824.107610378,50000000,0,26561248.207554881,-5999664.5604430027
85781.833983800927,35976.596467580806,25710.752586809114,922804465.59751713,109943930.34395787,1.0000000000000001e-09,8000000,0,12692.007640790083,0.92280446559751717,26499521.62131368,-59823.487624872607,1,66.483071283336997,16.740837991458239,26546122.365133472,-46600.743819791824,26499521.62131368,50000000,0,26559345.104314063,-6122481.9556193445
85681.873647591754,36026.576635685393,25797.320777337092,922804465.59751713,109943930.34395787,1.0000000000000001e-09,8000000,0,12693.106302947426,0.92280446559751717,26496408.715986177,-66665.95126516548,1,66.461304350969883,16.772560572846338,26546122.365133431,-49713.649147253484,26496408.715986177,50000000,0,26563074.662626926,-6480379.9154702565
85581.913311382581,36076.556803789979,25883.88896786507,922804465.59751713,109943930.34395787,1.0000000000000001e-09,8000000,0,12691.536758371338,0.92280446559751717,26498858.902208243,-62493.649650256739,1,66.371552709146272,16.775426722977773,26546122.365133651,-47263.462925408036,26498858.902208243,50000000,0,26561352.547234058,-6458923.8074169802
85481.952975173408,36126.536971894566,25970.457158393048,922804465.59751713,109943930.34395787,1.0000000000000001e-09,8000000,0,12693.109476394633,0.92280446559751717,26494953.562849939,-71113.811864624426,1,66.447176582053373,16.75183173012983,26546122.365133807,-51168.802283868194,26494953.562849939,50000000,0,26566067.370090123,-6857675.0851259297
85381.99263896425,36176.517139999152,26057.025348921023,922804465.59751713,109943930.34395787,1.0000000000000001e-09,8000000,0,12691.851739087933,0.92280446559751717,26500048.892037675,-64709.665655564699,1,66.454128020665877,16.771371958085247,26546122.365132503,-46073.473094828427,26500048.892037675,50000000,0,26564758.553068798,-6525637.586301635
85282.032302755062,36226.497308103739,26143.593539449001,922804465.59751713,109943930.34395787,1.0000000000000001e-09,8000000,0,12693.454759045633,0.92280446559751717,26507940.646168724,-61660.225126031866,1,66.378223979625588,16.768126749624141,26546122.365136039,-38181.71896731481,26507940.646168724,50000000,0,26569600.866670337,-5792901.7130791415
85182.071966545904,36276.477476208325,26230.161729976979,922804465.59751713,109943930.34395787,1.0000000000000001e-09,8000000,0,12702.109548615241,0.92280446559751717,26529579.817458067,-36660.958985787183,1,66.46850138865446,16.725400498232908,26546122.365137398,-16542.547679331154,26529579.817458067,50000000,0,26566240.771819398,-3878771.7279854766
85082.111630336731,36326.457644312912,26316.729920504953,922804465.59751713,109943930.34395787,1.0000000000000001e-09,8000000,0,12711.871185491491,0.92280446559751717,26540988.39492074,-24396.800211075795,1,66.52789200276959,16.722421335401418,26546122.365128353,-5133.9702076129615,26540988.39492074,50000000,0,26565385.190507405,-2449806.8800113406
84982.151294127558,36376.437812417498,26403.298111032931,922804465.59751713,109943930.34395787,1.0000000000000001e-09,8000000,0,12706.905818950472,0.92280446559751717,26544075.810621385,-12771.473962148913,1,66.470662819268441,16.720832770815466,26546122.365134999,-2046.5545136146247,26544075.810621385,50000000,0,26556847.279959079,-1650922.7751214425
84882.190957918385,36426.417980522085,26489.866301560905,922804465.59751713,109943930.34395787,1.0000000000000001e-09,8000000,0,12704.448766448662,0.92280446559751717,26533275.706218667,-23564.66742499093,1,66.544013025430516,16.669143583181626,26546122.365132906,-12846.658914238214,26533275.706218667,50000000,0,26556840.369019229,-2246208.150915138
84782.230621709212,36476.398148626671,26576.434492088883,922804465.59751713,109943930.34395787,1.0000000000000001e-09,8000000,0,12700.931974845895,0.92280446559751717,26524447.145461734,-27870.114152560145,1,66.683655409391889,16.646329937712107,26546122.365132563,-21675.219670828432,26524447.145461734,50000000,0,26552317.254989855,-3018575.0905534416
84682.270285500039,36526.378316731258,26663.002682616861,922804465.59751713,109943930.34395787,1.0000000000000001e-09,8000000,0,12698.595716285738,0.92280446559751717,26509800.649752025,-46093.71436573039,1,66.628825878666007,16.66389492128728,26546122.365135763,-36321.715383738279,26509800.649752025,50000000,0,26555894.359493323,-4338616.9143024068
84582.309949290866,36576.358484835844,26749.570873144839,922804465.59751713,109943930.34395787,1.0000000000000001e-09,8000000,0,12693.020810120239,0.92280446559751717,26505277.126450401,-48218.722809847393,1,66.632188975012824,16.611623515673269,26546122.36513292,-40845.238682519644,26505277.126450401,50000000,0,26553495.844635766,-4999048.5569642484
84482.349613081693,36626.338652940431,26836.139063672817,922804465.59751713,109943930.34395787,1.0000000000000001e-09,8000000,0,12693.540821835904,0.92280446559751717,26496879.191487305,-61284.11788780622,1,66.828390569557953,16.576311979982709,26546122.365133461,-49243.173646155745,26496879.191487305,50000000,0,26558163.304750614,-5876489.3092188425
84382.389276872505,36676.318821045017,26922.707254200788,922804465.59751713,109943930.34395787,1.0000000000000001e-09,8000000,0,12692.146535314636,0.92280446559751717,26497146.382417154,-59119.24647420433,1,66.772275965657101,16.600419032641796,26546122.365133129,-48975.982715975493,26497146.382417154,50000000,0,26556265.624266982,-6055543.7868409762
84282.428940663347,36726.298989149604,27009.275444728766,922804465.59751713,109943930.34395787,1.0000000000000001e-09,8000000,0,12692.738884552438,0.92280446559751717,26494650.871847976,-65790.657856880876,1,66.748421317426164,16.570341403325315,26546122.365133386,-51471.493285410106,26494650.871847976,50000000,0,26560441.525080357,-6350609.9561930234
84182.46860445416,36776.27915725419,27095.843635256748,922804465.59751713,109943930.34395787,1.0000000000000001e-09,8000000,0,12692.103997814464,0.92280446559751717,26499286.794019025,-59008.026367474944,1,66.883738511958924,16.536970108285718,26546122.365133412,-46835.571114387363,26499286.794019025,50000000,0,26558294.815762058,-6125898.154238645
84082.508268245001,36826.259325358777,27182.411825784722,922804465.59751713,109943930.34395787,1.0000000000000001e-09,8000000,0,12692.606371798922,0.92280446559751717,26496040.822508372,-65855.297530357828,1,66.880446877040271,16.561775652972418,26546122.365133267,-50081.54262489453,26496040.822508372,50000000,0,26561896.115414254,-6385032.1305792043
83982.547932035814,36876.239493463363,27268.9800163127,922804465.59751713,109943930.34395787,1.0000000000000001e-09,8000000,0,12692.315469971818,0.92280446559751717,26499051.451887209,-60669.004060577492,1,66.791115744785856,16.556185864001275,26546122.365133546,-47070.913246337324,26499051.451887209,50000000,0,26559720.451323379,-6202878.8350269245
83882.587595826655,36926.21966156795,27355.548206840675,922804465.59751713,109943930.34395787,1.0000000000000001e-09,8000000,0,12692.641474815033,0.92280446559751717,26498578.006688196,-64027.289144136528,1,66.902809019066424,16.53371384927966,26546122.365133319,-47544.358445122838,26498578.006688196,50000000,0,26562605.291207869,-6268771.9531265171
83782.627259617497,36976.199829672536,27442.116397368653,922804465.59751713,109943930.34395787,1.0000000000000001e-09,8000000,0,12691.858679972522,0.92280446559751717,26501250.821327548,-59316.325239278565,1,66.871015330550136,16.571007403822072,26546122.365133349,-44871.543805800378,26501250.821327548,50000000,0,26560567.141942412,-6090123.4583673077
83682.666923408309,37026.179997777122,27528.684587896634,922804465.59751713,109943930.34395787,1.0000000000000001e-09,8000000,0,12693.061508935833,0.92280446559751717,26498618.695134144,-64267.16618566808,1,66.768363329569141,16.576754998780146,26546122.365133274,-47503.66999913007,26498618.695134144,50000000,0,26562885.856695347,-6271206.9870797154
83582.706587199136,37076.160165881709,27615.252778424605,922804465.59751713,109943930.34395787,1.0000000000000001e-09,8000000,0,12691.917676813193,0.92280446559751717,26500978.687842987,-60160.279885840842,1,66.842021707008357,16.573194264129473,26546122.365133282,-45143.677290294319,26500978.687842987,50000000,0,26561138.963104371,-6110247.1944920728
83482.746250989963,37126.140333986295,27701.820968952583,922804465.59751713,109943930.34395787,1.0000000000000001e-09,8000000,0,12692.672770358786,0.92280446559751717,26501180.194093458,-61766.692396341299,1,66.779186479067477,16.618570463212077,26546122.365133602,-44942.171040143818,26501180.194093458,50000000,0,26562946.881865364,-6121691.2920025392
83382.78591478079,37176.120502090875,27788.389159480557,922804465.59751713,109943930.34395787,1.0000000000000001e-09,8000000,0,12692.277371695989,0.92280446559751717,26501381.512319893,-60168.461478265941,1,66.663143489364927,16.639630443226743,26546122.365133371,-44740.852813478559,26501381.512319893,50000000,0,26561549.969173692,-6089129.0114922654
83282.825578571617,37226.100670195461,27874.957350008535,922804465.59751713,109943930.34395787,1.0000000000000001e-09,8000000,0,12692.518653034185,0.92280446559751717,26499854.263651192,-63200.688510016022,1,66.700621883505434,16.63030919121783,26546122.365133345,-46268.101482152939,26499854.263651192,50000000,0,26563054.947536789,-6218016.6395137096
83182.865242362444,37276.080838300055,27961.525540536517,922804465.59751713,109943930.34395787,1.0000000000000001e-09,8000000,0,12692.498211497859,0.92280446559751717,26501855.430020202,-60209.971900151373,1,66.684075031862932,16.680710165376354,26546122.365133226,-44266.935113023967,26501855.430020202,50000000,0,26562065.397295915,-6092396.6047685426
83082.904906153271,37326.061006404641,28048.093731064491,922804465.59751713,109943930.34395787,1.0000000000000001e-09,8000000,0,12692.120420390627,0.92280446559751717,26501369.424526352,-61526.357074613159,1,66.513416530767444,16.712454226022061,26546122.365133327,-44752.940606974065,26501369.424526352,50000000,0,26562895.776976455,-6139683.2977950908
82982.944569944098,37376.041174509228,28134.661921592469,922804465.59751713,109943930.34395787,1.0000000000000001e-09,8000000,0,12692.599716527613,0.92280446559751717,26500203.959636651,-62409.145756385748,1,66.5568167755373,16.694076885256102,26546122.36513342,-45918.405496768653,26500203.959636651,50000000,0,26562613.100768637,-6223586.246415114
82882.98423373494,37426.021342613807,28221.23011212044,922804465.59751713,109943930.34395787,1.0000000000000001e-09,8000000,0,12692.537284575876,0.92280446559751717,26500531.980207872,-62391.933860451172,1,66.576184662890569,16.726511367924573,26546122.36513336,-45590.384925488383,26500531.980207872,50000000,0,26562923.909443878,-6224872.6944926325
82783.023897525767,37476.001510718394,28307.798302648422,922804465.59751713,109943930.34395787,1.0000000000000001e-09,8000000,0,12692.075204701208,0.92280446559751717,26501480.194915067,-61530.625489409766,1,66.431907828649443,16.767771055208236,26546122.365133408,-44642.170218341053,26501480.194915067,50000000,0,26563010.815780062,-6176223.0432688873
82683.06356131658,37525.981678822987,28394.3664931764,922804465.59751713,109943930.34395787,1.0000000000000001e-09,8000000,0,12692.734616659476,0.92280446559751717,26500552.331126735,-62323.537677897861,1,66.423235110937284,16.748825391418123,26546122.365133353,-45570.034006617963,26500552.331126735,50000000,0,26562875.864180136,-6248718.0468453001
82583.103225107421,37575.961846927574,28480.934683704378,922804465.59751713,109943930.34395787,1.0000000000000001e-09,8000000,0,12692.332655166252,0.92280446559751717,26499253.028099574,-64318.278115354857,1,66.489914030953003,16.758132817941924,26546122.365133438,-46869.337033864111,26499253.028099574,50000000,0,26563571.301590554,-6357126.5278690225
82483.142888898248,37625.942015032153,28567.502874232348,922804465.59751713,109943930.34395787,1.0000000000000001e-09,8000000,0,12692.325560217103,0.92280446559751717,26500970.307807125,-61866.301352354181,1,66.394062986286116,16.786541973264345,26546122.365133349,-45152.057326223701,26500970.307807125,50000000,0,26562836.60453504,-6260644.762625427
82383.182552689075,37675.922183136739,28654.071064760326,922804465.59751713,109943930.34395787,1.0000000000000001e-09,8000000,0,12692.550030822871,0.92280446559751717,26499909.860188585,-64053.41900331412,1,66.382124192575944,16.763881889751222,26546122.365133423,-46212.504944838583,26499909.860188585,50000000,0,26563963.274567477,-6359546.2244425323
82283.222216479888,37725.902351241326,28740.639255288304,922804465.59751713,109943930.34395787,1.0000000000000001e-09,8000000,0,12692.118984285953,0.92280446559751717,26499294.476514634,-63769.415213851818,1,66.47982867748587,16.750135836363405,26546122.365133457,-46827.888618823141,26499294.476514634,50000000,0,26563063.887104027,-6424683.768556376
82183.261880270729,37775.882519345912,28827.207445816279,922804465.59751713,109943930.34395787,1.0000000000000001e-09,8000000,0,12692.973945902313,0.92280446559751717,26498265.360154252,-66358.866001355505,1,66.42566537419269,16.771969839738503,26546122.365133528,-47857.004979275167,26498265.360154252,50000000,0,26564624.221531168,-6527237.3993701292
82083.301544061542,37825.862687450499,28913.775636344257,922804465.59751713,109943930.34395787,1.0000000000000001e-09,8000000,0,12691.762069673247,0.92280446559751717,26500528.85830668,-62673.568743557167,1,66.411229365920533,16.738525856074734,26546122.365133479,-45593.506826799363,26500528.85830668,50000000,0,26563202.422425818,-6403570.2643662738
81983.341207852383,37875.842855555085,29000.343826872235,922804465.59751713,109943930.34395787,1.0000000000000001e-09,8000000,0,12692.79146203082,0.92280446559751717,26497878.163239382,-67411.707929681244,1,66.550790504392509,16.704028606299616,26546122.365133397,-48244.201894015074,26497878.163239382,50000000,0,26565289.866544597,-6605471.5654092422
81883.380871643196,37925.823023659672,29086.912017400213,922804465.59751713,109943930.34395787,1.0000000000000001e-09,8000000,0,12692.422412133397,0.92280446559751717,26499409.16814455,-64062.747242162346,1,66.54166455966913,16.722662515901462,26546122.365133278,-46713.196988727897,26499409.16814455,50000000,0,26563471.910762336,-6482642.0349145271
81783.420535434037,37975.803191764258,29173.480207928191,922804465.59751713,109943930.34395787,1.0000000000000001e-09,8000000,0,12691.965430445234,0.92280446559751717,26500305.238166239,-65405.439980549687,1,66.489667728530847,16.695057670079152,26546122.365133673,-45817.12696743384,26500305.238166239,50000000,0,26565710.673522301,-6364406.1354878722
81683.460199224879,38025.783359868845,29260.048398456165,922804465.59751713,109943930.34395787,1.0000000000000001e-09,8000000,0,12694.215568926109,0.92280446559751717,26506576.003809262,-56562.875087457032,1,66.648043017196997,16.644300974856378,26546122.365132485,-39546.361323222518,26506576.003809262,50000000,0,26563138.874272291,-5837411.4440484243
81583.499863015677,38075.763527973431,29346.616588984143,922804465.59751713,109943930.34395787,1.0000000000000001e-09,8000000,0,12698.665789945788,0.92280446559751717,26506654.10213545,-58618.19737007541,1,66.673554312541299,16.644262687947073,26546122.36513374,-39468.26299829036,26506654.10213545,50000000,0,26565272.29488112,-5767380.2114416938
81483.539526806533,38125.743696078018,29433.184779512121,922804465.59751713,109943930.34395787,1.0000000000000001e-09,8000000,0,12695.265873135102,0.92280446559751717,26506793.790567379,-55132.939537801067,1,66.63558811761844,16.63153829368439,26546122.365133654,-39328.574566274881,26506793.790567379,50000000,0,26561926.725480739,-5713849.302192145
81383.579190597346,38175.723864182604,29519.752970040096,922804465.59751713,109943930.34395787,1.0000000000000001e-09,8000000,0,12692.752241143706,0.92280446559751717,26500644.467016045,-63997.494237823579,1,66.747425609620905,16.582887106943502,26546122.36513311,-45477.89811706543,26500644.467016045,50000000,0,26564641.956629392,-6217598.0446124058
81283.618854388173,38225.704032287191,29606.321160568077,922804465.59751713,109943930.34395787,1.0000000000000001e-09,8000000,0,12692.04973351726,0.92280446559751717,26499536.313759875,-62050.984063803837,1,66.830769931626719,16.582080259046293,26546122.365133561,-46586.051373686641,26499536.313759875,50000000,0,26561587.293199252,-6358496.1759280143
81183.658518179,38275.684200391777,29692.889351096052,922804465.59751713,109943930.34395787,1.0000000000000001e-09,8000000,0,12693.133582447845,0.92280446559751717,26495428.979210384,-69371.146194293484,1,66.754404319431018,16.579625647454428,26546122.365133155,-50693.385922770947,26495428.979210384,50000000,0,26564800.120780252,-6688668.5666982913
81083.698181969827,38325.664368496356,29779.457541624022,922804465.59751713,109943930.34395787,1.0000000000000001e-09,8000000,0,12691.797568114094,0.92280446559751717,26499687.900118668,-62058.37511181934,1,66.849016469811787,16.538717077741452,26546122.365133394,-46434.465014725924,26499687.900118668,50000000,0,26561746.270606063,-6403617.4920438612
80983.737845760654,38375.64453660095,29866.025732152004,922804465.59751713,109943930.34395787,1.0000000000000001e-09,8000000,0,12692.657630413469,0.92280446559751717,26498502.760875668,-66808.599014910069,1,66.905971764246885,16.554037093432822,26546122.365132973,-47619.604257304221,26498502.760875668,50000000,0,26565311.355266117,-6456832.084028271
80883.777509551481,38425.624704705537,29952.593922679978,922804465.59751713,109943930.34395787,1.0000000000000001e-09,8000000,0,12694.900706564054,0.92280446559751717,26504327.721677035,-58026.445816660911,1,66.789094147192856,16.560009882705703,26546122.365133271,-41794.643456235528,26504327.721677035,50000000,0,26562354.162869271,-6024105.53872611
80783.817173342308,38475.604872810123,30039.162113207956,922804465.59751713,109943930.34395787,1.0000000000000001e-09,8000000,0,12697.624604597509,0.92280446559751717,26503352.712784525,-62960.092849093657,1,66.866275966313282,16.533523130743053,26546122.365132302,-42769.652347777039,26503352.712784525,50000000,0,26566312.801009204,-6141053.5551896766
80683.856837133135,38525.585040914702,30125.730303735931,922804465.59751713,109943930.34395787,1.0000000000000001e-09,8000000,0,12693.570839761271,0.92280446559751717,26504737.111582983,-58682.477293130738,1,66.902935306277186,16.559338371755892,26546122.365132749,-41385.253549765795,26504737.111582983,50000000,0,26563419.584251687,-6134566.6006466523
80583.896500923976,38575.565209019289,30212.298494263909,922804465.59751713,109943930.34395787,1.0000000000000001e-09,8000000,0,12692.385293376758,0.92280446559751717,26496703.673863549,-70509.125488340389,1,66.771326609576718,16.592910870419388,26546122.365133673,-49418.691270124167,26496703.673863549,50000000,0,26567212.794727407,-6774302.0147736156
80483.936164714789,38625.545377123883,30298.86668479189,922804465.59751713,109943930.34395787,1.0000000000000001e-09,8000000,0,12692.201477765286,0.92280446559751717,26497955.512829635,-65966.193538560838,1,66.780816792562874,16.567750247151746,26546122.365133502,-48166.852303866297,26497955.512829635,50000000,0,26563921.701743729,-6772034.9358948683
80383.97582850563,38675.525545228469,30385.434875319865,922804465.59751713,109943930.34395787,1.0000000000000001e-09,8000000,0,12692.88579909779,0.92280446559751717,26495078.145866703,-72237.147353183609,1,66.859942895531304,16.595610036618417,26546122.365133107,-51044.219266403466,26495078.145866703,50000000,0,26567315.288595475,-7010665.2649906045
80284.015492296428,38725.505713333056,30472.003065847843,922804465.59751713,109943930.34395787,1.0000000000000001e-09,8000000,0,12691.6180265613,0.92280446559751717,26498452.162546296,-65558.43963059329,1,66.671212523583449,16.653503281381141,26546122.36513342,-47670.20258712396,26498452.162546296,50000000,0,26564010.597552408,-6791202.7076073764
80184.055156087285,38775.485881437635,30558.571256375817,922804465.59751713,109943930.34395787,1.0000000000000001e-09,8000000,0,12693.227517605672,0.92280446559751717,26493861.163123954,-73349.282611069444,1,66.639178431396658,16.637855718026959,26546122.36513336,-52261.202009405941,26493861.163123954,50000000,0,26567210.441110607,-7097815.1634654887
80084.094819878112,38825.466049542221,30645.139446903795,922804465.59751713,109943930.34395787,1.0000000000000001e-09,8000000,0,12691.867810738018,0.92280446559751717,26496941.290209636,-67202.262188734268,1,66.719923114904518,16.652421890588144,26546122.365133263,-49181.074923627079,26496941.290209636,50000000,0,26564143.547773942,-6893560.0003002957
79984.134483668924,38875.446217646815,30731.707637431777,922804465.59751713,109943930.34395787,1.0000000000000001e-09,8000000,0,12692.743075851184,0.92280446559751717,26495620.959163815,-71428.376042334523,1,66.583361082092111,16.717985318918952,26546122.365133412,-50501.405969597399,26495620.959163815,50000000,0,26567049.330581669,-6994491.3841185607
79884.174147459766,38925.426385751402,30818.275827959751,922804465.59751713,109943930.34395787,1.0000000000000001e-09,8000000,0,12692.146983274211,0.92280446559751717,26497247.223086175,-66961.992564305605,1,66.465000042130697,16.721881363937332,26546122.365133438,-48875.142047263682,26497247.223086175,50000000,0,26564209.211026035,-6870054.7862499338
79784.213811250578,38975.406553855988,30904.844018487729,922804465.59751713,109943930.34395787,1.0000000000000001e-09,8000000,0,12692.704433901139,0.92280446559751717,26493858.579852641,-73274.494594532269,1,66.565257361213682,16.709872256163656,26546122.365133341,-52263.785280700773,26493858.579852641,50000000,0,26567133.069822717,-7122521.9268143084
79684.25347504142,39025.386721960567,30991.412209015703,922804465.59751713,109943930.34395787,1.0000000000000001e-09,8000000,0,12692.280296930796,0.92280446559751717,26497176.800856832,-67340.780546552007,1,66.503467862485778,16.75850322935451,26546122.365133353,-48945.564276520163,26497176.800856832,50000000,0,26564517.576778959,-6906076.7902312176
79584.293138832232,39075.366890065154,31077.980399543678,922804465.59751713,109943930.34395787,1.0000000000000001e-09,8000000,0,12692.374344637159,0.92280446559751717,26495183.441528913,-71800.798349438672,1,66.386814114775134,16.770155049879808,26546122.365133345,-50938.923604432493,26495183.441528913,50000000,0,26566984.235253863,-7058271.4605467543
79484.332802623059,39125.34705816974,31164.548590071656,922804465.59751713,109943930.34395787,1.0000000000000001e-09,8000000,0,12692.263950389428,0.92280446559751717,26495594.227750834,-69356.217370322251,1,66.451960706224042,16.749420103084855,26546122.365133241,-50528.137382406741,26495594.227750834,50000000,0,26564950.440496732,-7038049.8835889734
79384.372466413886,39175.327226274327,31251.11678059963,922804465.59751713,109943930.34395787,1.0000000000000001e-09,8000000,0,12692.874968557282,0.92280446559751717,26493871.459607624,-73141.799751808358,1,66.459508444365895,16.772365926087687,26546122.365133338,-52250.905525714159,26493871.459607624,50000000,0,26567013.254734974,-7177138.3051999761
79284.412130204728,39225.307394378913,31337.684971127608,922804465.59751713,109943930.34395787,1.0000000000000001e-09,8000000,0,12691.745740763385,0.92280446559751717,26496415.066743556,-68833.093109807232,1,66.369372947050394,16.777964853994945,26546122.365133546,-49707.298389989883,26496415.066743556,50000000,0,26565248.15522892,-7019299.5761190346
79184.451793995555,39275.2875624835,31424.253161655583,922804465.59751713,109943930.34395787,1.0000000000000001e-09,8000000,0,12692.935101944278,0.92280446559751717,26493963.361219548,-72960.536581035965,1,66.442448052884771,16.746533222590859,26546122.365133401,-52159.003913853317,26493963.361219548,50000000,0,26566923.893176176,-7203044.6818126338
79084.491457786382,39325.267730588086,31510.821352183564,922804465.59751713,109943930.34395787,1.0000000000000001e-09,8000000,0,12692.160210556547,0.92280446559751717,26494018.284766164,-71685.810261254592,1,66.476511929056485,16.759614655177607,26546122.365133405,-52104.080367241055,26494018.284766164,50000000,0,26565704.090402942,-7208325.6641146149
78984.531121577194,39375.247898692673,31597.389542711542,922804465.59751713,109943930.34395787,1.0000000000000001e-09,8000000,0,12692.542166006891,0.92280446559751717,26493927.206925541,-72857.700995448715,1,66.403789440488964,16.754328993649104,26546122.365133449,-52195.158207908273,26493927.206925541,50000000,0,26566784.903296586,-7235638.5513402205
78884.570785368036,39425.228066797259,31683.957733239517,922804465.59751713,109943930.34395787,1.0000000000000001e-09,8000000,0,12692.33606483951,0.92280446559751717,26494540.300999753,-71395.551534828031,1,66.499827617409224,16.707268674706324,26546122.365133446,-51582.064133692533,26494540.300999753,50000000,0,26565935.847910091,-7217341.0591861028
78784.610449158863,39475.208234901846,31770.525923767495,922804465.59751713,109943930.34395787,1.0000000000000001e-09,8000000,0,12692.296477986811,0.92280446559751717,26492045.179764003,-74749.937981318246,1,66.585862410899438,16.701868866360606,26546122.36513336,-54077.185369357467,26492045.179764003,50000000,0,26566795.113120861,-7409350.0765527561
78684.65011294969,39525.188403006432,31857.094114295469,922804465.59751713,109943930.34395787,1.0000000000000001e-09,8000000,0,12692.7392081449,0.92280446559751717,26492116.352122821,-74197.464915448916,1,66.516747089478969,16.702718977632923,26546122.365133408,-54006.013010587543,26492116.352122821,50000000,0,26566313.812413838,-7418782.6173424255
78584.689776740517,39575.168571111019,31943.662304823451,922804465.59751713,109943930.34395787,1.0000000000000001e-09,8000000,0,12692.092559191631,0.92280446559751717,26492561.038242403,-73936.761350185232,1,66.598601741200611,16.643292780232535,26546122.365133218,-53561.326890815049,26492561.038242403,50000000,0,26566497.794968173,-7426725.6269998048
78484.729440531344,39625.148739215605,32030.230495351429,922804465.59751713,109943930.34395787,1.0000000000000001e-09,8000000,0,12692.464457545604,0.92280446559751717,26490618.595947679,-75906.932309067517,1,66.742062737688045,16.627900849199193,26546122.365133457,-55503.769185777754,26490618.595947679,50000000,0,26566525.523632329,-7574820.0723200217
78384.769104322171,39675.128907320192,32116.798685879403,922804465.59751713,109943930.34395787,1.0000000000000001e-09,8000000,0,12692.624764303082,0.92280446559751717,26489219.797628645,-76863.801338521735,1,66.658491987183638,16.640949737127322,26546122.365133334,-56902.567504689097,26489219.797628645,50000000,0,26566083.594342671,-7672970.0566134136
78284.808768112998,39725.109075424778,32203.366876407381,922804465.59751713,109943930.34395787,1.0000000000000001e-09,8000000,0,12692.168276259668,0.92280446559751717,26488969.008160163,-77349.673372983787,1,66.699191340067998,16.584105919495467,26546122.365133464,-57153.356973301619,26488969.008160163,50000000,0,26566318.676908705,-7705322.5314781023
78184.848431903825,39775.089243529364,32289.935066935355,922804465.59751713,109943930.34395787,1.0000000000000001e-09,8000000,0,12692.43854905674,0.92280446559751717,26488714.15442859,-76402.986000789024,1,66.881268296764006,16.558523264382032,26546122.3651332,-57408.210704609752,26488714.15442859,50000000,0,26565117.13580494,-7715429.2051162915
78084.888095694652,39825.069411633951,32376.50325746333,922804465.59751713,109943930.34395787,1.0000000000000001e-09,8000000,0,12692.531620848122,0.92280446559751717,26485766.089865509,-79881.847103654742,1,66.792618127792991,16.589455798712098,26546122.365133446,-60356.275267936289,26485766.089865509,50000000,0,26565647.932344694,-7879560.9707033867
77984.927759485494,39875.049579738537,32463.071447991308,922804465.59751713,109943930.34395787,1.0000000000000001e-09,8000000,0,12692.335981396036,0.92280446559751717,26486352.724341486,-77092.501171930999,1,66.773287639320159,16.544729995679802,26546122.365133118,-59769.640791632235,26486352.724341486,50000000,0,26563445.220888972,-7732902.6029263837
77884.967423276321,39925.029747843117,32549.639638519282,922804465.59751713,109943930.34395787,1.0000000000000001e-09,8000000,0,12692.759757959338,0.92280446559751717,26487816.736334182,-76156.363749777738,1,66.960187444148744,16.515189297394457,26546122.365134209,-58305.628800027072,26487816.736334182,50000000,0,26563973.095459506,-7518248.7499953713
77785.007087067148,39975.009915947703,32636.20782904726,922804465.59751713,109943930.34395787,1.0000000000000001e-09,8000000,0,12693.111240600398,0.92280446559751717,26491892.514996909,-69228.981943587642,1,66.885902370610083,16.567536775849383,26546122.365132138,-54229.850135229528,26491892.514996909,50000000,0,26561121.492316056,-6955312.6801241357
77685.04675085796,40024.990084052297,32722.776019575238,922804465.59751713,109943930.34395787,1.0000000000000001e-09,8000000,0,12697.404984139896,0.92280446559751717,26497925.152521245,-64411.083164478827,1,66.744805711694354,16.55304897023813,26546122.365131162,-48197.212609916925,26497925.152521245,50000000,0,26562336.231061298,-6258671.7739635445
77585.086414648802,40074.970252156876,32809.344210103212,922804465.59751713,109943930.34395787,1.0000000000000001e-09,8000000,0,12700.517804110805,0.92280446559751717,26510888.38136173,-49091.429598659975,1,66.930520411442899,16.525456390842521,26546122.365133215,-35233.983771484345,26510888.38136173,50000000,0,26559979.806335963,-5080082.2330924282
77485.126078439615,40124.950420261463,32895.91240063119,922804465.59751713,109943930.34395787,1.0000000000000001e-09,8000000,0,12703.308789759214,0.92280446559751717,26519596.310003079,-44063.381442718579,1,66.871519656538538,16.573359167510336,26546122.365132887,-26526.055129807442,26519596.310003079,50000000,0,26563659.686821315,-4360669.8089254433
77385.165742230456,40174.930588366056,32982.480591159176,922804465.59751713,109943930.34395787,1.0000000000000001e-09,8000000,0,12706.175073267506,0.92280446559751717,26527997.753848173,-36373.208687235514,1,66.741939571997946,16.590379517908072,26546122.365134638,-18124.611286465079,26527997.753848173,50000000,0,26564370.957911033,-3925222.1610592981
77285.205406021269,40224.910756470636,33069.048781687146,922804465.59751713,109943930.34395787,1.0000000000000001e-09,8000000,0,12710.080521764052,0.92280446559751717,26525686.258918505,-46251.227538387524,1,66.796324294432395,16.578384810365144,26546122.365128513,-20436.106210008264,26525686.258918505,50000000,0,26571937.48183243,-4658618.4632693203
77185.245069812096,40274.890924575229,33155.616972215124,922804465.59751713,109943930.34395787,1.0000000000000001e-09,8000000,0,12700.950805767232,0.92280446559751717,26514628.707541365,-58254.235514577005,1,66.794001270485424,16.629867426027971,26546122.365125515,-31493.65758414939,26514628.707541365,50000000,0,26572882.938431527,-6022710.1622686097
77085.284733602952,40324.871092679808,33242.185162743095,922804465.59751713,109943930.34395787,1.0000000000000001e-09,8000000,0,12693.414997137234,0.92280446559751717,26494004.294680342,-82075.581136467066,1,66.594470091361814,16.674904612816839,26546122.36513618,-52118.070455837995,26494004.294680342,50000000,0,26576079.871192358,-7849735.7560334513
76985.32439739375,40374.851260784395,33328.75335327108,922804465.59751713,109943930.34395787,1.0000000000000001e-09,8000000,0,12691.875491262987,0.92280446559751717,26486917.966064062,-84869.793384609002,1,66.626382115427333,16.653472757920721,26546122.365132954,-59204.399068892002,26486917.966064062,50000000,0,26571787.754824109,-8541731.6610197853
76885.364061184577,40424.831428888989,33415.321543799058,922804465.59751713,109943930.34395787,1.0000000000000001e-09,8000000,0,12693.123249281507,0.92280446559751717,26482346.278705113,-91185.899331723675,1,66.667143250805253,16.689921447806206,26546122.365133375,-63776.086428262293,26482346.278705113,50000000,0,26573532.173412446,-8885172.3743798081
76785.403724975404,40474.811596993568,33501.889734327029,922804465.59751713,109943930.34395787,1.0000000000000001e-09,8000000,0,12691.518111369916,0.92280446559751717,26485551.582789112,-83445.100291972543,1,66.492301589121681,16.736846344019899,26546122.365133479,-60570.782344367355,26485551.582789112,50000000,0,26568996.678456664,-8572812.9596966226
76685.443388766245,40524.791765098154,33588.457924855007,922804465.59751713,109943930.34395787,1.0000000000000001e-09,8000000,0,12693.157174754166,0.92280446559751717,26481671.747401696,-89770.23849484534,1,66.484062647570866,16.722094733563726,26546122.365133539,-64450.617731843144,26481671.747401696,50000000,0,26571441.981272142,-8731310.9825638048
76585.483052557058,40574.771933202741,33675.026115382985,922804465.59751713,109943930.34395787,1.0000000000000001e-09,8000000,0,12691.91060467062,0.92280446559751717,26485676.493807726,-81713.028338157994,1,66.537234004938824,16.738795708781186,26546122.365133427,-60445.871325701475,26485676.493807726,50000000,0,26567389.517521426,-8367381.8763842983
76485.522716347899,40624.752101307327,33761.594305910956,922804465.59751713,109943930.34395787,1.0000000000000001e-09,8000000,0,12692.698713346235,0.92280446559751717,26484888.180723637,-85387.060162331152,1,66.424126799477847,16.775780080041521,26546122.365133397,-61234.184409759939,26484888.180723637,50000000,0,26570275.236261509,-8356016.818303002
76385.562380138712,40674.732269411914,33848.162496438941,922804465.59751713,109943930.34395787,1.0000000000000001e-09,8000000,0,12692.110149608816,0.92280446559751717,26488074.39436226,-78474.933068158163,1,66.396458701704404,16.762253911518911,26546122.365133513,-58047.970771253109,26488074.39436226,50000000,0,26566549.322805971,-8071753.5634563835
76285.602043929553,40724.7124375165,33934.730686966912,922804465.59751713,109943930.34395787,1.0000000000000001e-09,8000000,0,12692.797839285024,0.92280446559751717,26484696.72641924,-85242.794641772911,1,66.466084553325317,16.760985629250641,26546122.365133353,-61425.638714112341,26484696.72641924,50000000,0,26569939.516436595,-8275185.7052016826
76185.641707720381,40774.692605621087,34021.29887749489,922804465.59751713,109943930.34395787,1.0000000000000001e-09,8000000,0,12692.14039480171,0.92280446559751717,26489146.278379671,-77203.941571531148,1,66.399885703437093,16.783411470811373,26546122.365133371,-56976.086753699929,26489146.278379671,50000000,0,26566350.21532676,-7941190.7536017606
76085.681371511208,40824.672773725673,34107.867068022868,922804465.59751713,109943930.34395787,1.0000000000000001e-09,8000000,0,12692.631559292349,0.92280446559751717,26487084.443928465,-82587.774471236786,1,66.39033496313219,16.755387901575045,26546122.365133453,-59037.921204987913,26487084.443928465,50000000,0,26569672.213775247,-8080074.0987188667
75985.721035302035,40874.65294183026,34194.435258550846,922804465.59751713,109943930.34395787,1.0000000000000001e-09,8000000,0,12691.998983582656,0.92280446559751717,26488846.560661837,-77664.484808974652,1,66.504400770343779,16.737839356933542,26546122.365133364,-57275.804471526295,26488846.560661837,50000000,0,26566511.040846363,-7947117.4278443316
75885.760699092862,40924.633109934846,34281.003449078824,922804465.59751713,109943930.34395787,1.0000000000000001e-09,8000000,0,12693.099815645473,0.92280446559751717,26486147.578961845,-83541.081825080444,1,66.453326360389184,16.758491301926529,26546122.365133516,-59974.786171671003,26486147.578961845,50000000,0,26569688.656162485,-8130067.0981863635
75785.800362883703,40974.613278039433,34367.571639606795,922804465.59751713,109943930.34395787,1.0000000000000001e-09,8000000,0,12691.565780893998,0.92280446559751717,26490327.855805375,-76292.586824072452,1,66.434686389419568,16.721963348586094,26546122.36513368,-55794.509328305721,26490327.855805375,50000000,0,26566620.438005008,-7847090.3529414479
75685.840026674501,41024.593446144019,34454.13983013478,922804465.59751713,109943930.34395787,1.0000000000000001e-09,8000000,0,12693.048785633227,0.92280446559751717,26487168.373422481,-82442.10034368081,1,66.598261777038317,16.677635941792367,26546122.36513336,-58953.991710878909,26487168.373422481,50000000,0,26569610.469141699,-8072602.502567647
75585.879690465343,41074.573614248606,34540.708020662758,922804465.59751713,109943930.34395787,1.0000000000000001e-09,8000000,0,12692.054933221038,0.92280446559751717,26488591.760770533,-78328.852263516659,1,66.599061874524409,16.699974830259073,26546122.365133461,-57530.604362927377,26488591.760770533,50000000,0,26566920.608409647,-7961812.5926892124
75485.91935425617,41124.553782353192,34627.276211190729,922804465.59751713,109943930.34395787,1.0000000000000001e-09,8000000,0,12692.699226948902,0.92280446559751717,26487459.303258836,-82050.733150769869,1,66.523424454787175,16.673287601748932,26546122.365133319,-58663.061874482781,26487459.303258836,50000000,0,26569510.031785131,-8050292.5341040492
75385.959018046997,41174.533950457779,34713.844401718714,922804465.59751713,109943930.34395787,1.0000000000000001e-09,8000000,0,12692.178687514197,0.92280446559751717,26490039.460177574,-77003.825236627279,1,66.700731206087568,16.607659403222812,26546122.36513342,-56082.904955845326,26490039.460177574,50000000,0,26567043.280789834,-7885712.6459982553
75285.998681837824,41224.514118562365,34800.412592246685,922804465.59751713,109943930.34395787,1.0000000000000001e-09,8000000,0,12692.536469259107,0.92280446559751717,26486438.160676014,-83181.241362899018,1,66.780693686321243,16.61540819002175,26546122.365133446,-59684.204457432032,26486438.160676014,50000000,0,26569619.397414494,-8149935.2747282144
75186.038345628651,41274.494286666944,34886.980782774655,922804465.59751713,109943930.34395787,1.0000000000000001e-09,8000000,0,12692.4541468719,0.92280446559751717,26488188.936264213,-79214.483177110436,1,66.671859514670686,16.617413894752154,26546122.365133364,-57933.428869150579,26488188.936264213,50000000,0,26567403.41481686,-8019797.1680621179
75086.078009419492,41324.474454771538,34973.548973302633,922804465.59751713,109943930.34395787,1.0000000000000001e-09,8000000,0,12692.426144285813,0.92280446559751717,26487864.605799261,-81621.00334887924,1,66.781644864420144,16.551494446083886,26546122.365133215,-58257.759333953261,26487864.605799261,50000000,0,26569485.60452367,-8085230.0466885641
74986.117673210305,41374.454622876117,35060.117163830611,922804465.59751713,109943930.34395787,1.0000000000000001e-09,8000000,0,12692.083221270386,0.92280446559751717,26488152.977544889,-79636.635739862337,1,66.921054441055162,16.555108658119124,26546122.365133323,-57969.387588433921,26488152.977544889,50000000,0,26567789.608660266,-8057573.8071766701
74886.157337001132,41424.434790980711,35146.685354358589,922804465.59751713,109943930.34395787,1.0000000000000001e-09,8000000,0,12692.941507573081,0.92280446559751717,26486145.14787671,-83192.240906171646,1,66.775263174597399,16.576730663171023,26546122.365133371,-59977.217256661505,26486145.14787671,50000000,0,26569337.384158466,-8209788.3143791314
74786.197000791974,41474.41495908529,35233.25354488656,922804465.59751713,109943930.34395787,1.0000000000000001e-09,8000000,0,12691.944861890179,0.92280446559751717,26487521.452339392,-80607.654373804588,1,66.839881414689415,16.534989676653751,26546122.365133312,-58600.912793919444,26487521.452339392,50000000,0,26568129.102088731,-8112490.7907001432
74686.236664582786,41524.395127189877,35319.821735414545,922804465.59751713,109943930.34395787,1.0000000000000001e-09,8000000,0,12692.639327043564,0.92280446559751717,26487731.473890733,-81380.719721371323,1,66.934949638815752,16.535195673525966,26546122.365133304,-58390.891242571175,26487731.473890733,50000000,0,26569112.188987687,-8136623.9966509417
74586.276328373613,41574.375295294471,35406.389925942523,922804465.59751713,109943930.34395787,1.0000000000000001e-09,8000000,0,12692.338966390376,0.92280446559751717,26486450.472908523,-82040.933435834377,1,66.837399423484158,16.570919290103582,26546122.365133353,-59671.892224829644,26486450.472908523,50000000,0,26568491.401719894,-8207188.4882592894
74486.315992164455,41624.35546339905,35492.958116470494,922804465.59751713,109943930.34395787,1.0000000000000001e-09,8000000,0,12692.447355661494,0.92280446559751717,26485851.556990676,-83166.160088097764,1,66.804004375099055,16.554952783399337,26546122.365133315,-60270.808142639697,26485851.556990676,50000000,0,26569017.71245439,-8269905.205430123
74386.355655955267,41674.335631503644,35579.526306998472,922804465.59751713,109943930.34395787,1.0000000000000001e-09,8000000,0,12692.543884798737,0.92280446559751717,26486991.466006529,-81823.186953030701,1,66.886512053101285,16.564124711966677,26546122.365133364,-59130.899126835167,26486991.466006529,50000000,0,26568814.648335092,-8215862.7703855857
74286.395319746109,41724.315799608223,35666.09449752645,922804465.59751713,109943930.34395787,1.0000000000000001e-09,8000000,0,12692.074202014013,0.92280446559751717,26486329.985009179,-82478.450286386491,1,66.772091881693385,16.610078811252009,26546122.365133196,-59792.380124017596,26486329.985009179,50000000,0,26568808.430671085,-8267556.7166091856
74186.434983536921,41774.295967712809,35752.662688054428,922804465.59751713,109943930.34395787,1.0000000000000001e-09,8000000,0,12692.773776842834,0.92280446559751717,26484635.426916838,-84585.305029051815,1,66.708337509532996,16.604531178457925,26546122.365133483,-61486.938216645271,26484635.426916838,50000000,0,26569220.727321494,-8394848.6580649465
74086.474647327763,41824.276135817403,35839.230878582406,922804465.59751713,109943930.34395787,1.0000000000000001e-09,8000000,0,12692.296669543475,0.92280446559751717,26485445.954759605,-83250.168733865241,1,66.786982423342309,16.618485587178487,26546122.365133196,-60676.410373590887,26485445.954759605,50000000,0,26568696.11886904,-8363072.1089543924
73986.514311118575,41874.256303921982,35925.799069110384,922804465.59751713,109943930.34395787,1.0000000000000001e-09,8000000,0,12692.235210235935,0.92280446559751717,26485407.085747398,-84155.996709483297,1,66.649759947632077,16.673356349510012,26546122.365133356,-60715.279385957867,26485407.085747398,50000000,0,26569563.077832412,-8392213.6763561964
73886.553974909402,41924.236472026576,36012.367259638362,922804465.59751713,109943930.34395787,1.0000000000000001e-09,8000000,0,12692.591859586017,0.92280446559751717,26484568.376137219,-83951.001762319909,1,66.582405745929066,16.673199026915849,26546122.365133315,-61553.988996095955,26484568.376137219,50000000,0,26568519.373275097,-8447402.5888396613
73786.593638700244,41974.216640131155,36098.935450166333,922804465.59751713,109943930.34395787,1.0000000000000001e-09,8000000,0,12692.412952411845,0.92280446559751717,26482745.032529097,-87240.607053877844,1,66.637625296540349,16.682021578879191,26546122.365133405,-63377.332604307681,26482745.032529097,50000000,0,26569985.634958543,-8605128.105644187
73686.633302491071,42024.196808235742,36185.503640694311,922804465.59751713,109943930.34395787,1.0000000000000001e-09,8000000,0,12692.239784852714,0.92280446559751717,26484946.216394346,-83436.498068992019,1,66.54827359645121,16.734168367917238,26546122.365133327,-61176.148738980293,26484946.216394346,50000000,0,26568382.709838867,-8476058.7533602379
73586.672966281883,42074.176976340328,36272.071831222289,922804465.59751713,109943930.34395787,1.0000000000000001e-09,8000000,0,12692.633007814542,0.92280446559751717,26482511.715832382,-87733.91842540678,1,66.435937237691235,16.744137081487729,26546122.365133297,-63610.649300914258,26482511.715832382,50000000,0,26570245.629633345,-8671118.861835517
73486.712630072725,42124.157144444915,36358.64002175026,922804465.59751713,109943930.34395787,1.0000000000000001e-09,8000000,0,12692.086123611554,0.92280446559751717,26482203.016125649,-86370.133614795996,1,66.508056747292756,16.729941577141869,26546122.365133364,-63919.34900771454,26482203.016125649,50000000,0,26568573.145116039,-8727102.8034367189
73386.752293863552,42174.137312549501,36445.208212278238,922804465.59751713,109943930.34395787,1.0000000000000001e-09,8000000,0,12693.021488329008,0.92280446559751717,26480375.137168497,-90482.342207924579,1,66.477044393970942,16.768004056147074,26546122.365133554,-65747.227965056896,26480375.137168497,50000000,0,26570857.474751953,-8912024.7666585781
73286.791957654379,42224.117480654088,36531.776402806223,922804465.59751713,109943930.34395787,1.0000000000000001e-09,8000000,0,12691.637328287354,0.92280446559751717,26482222.484536827,-86596.997029835125,1,66.373386471001822,16.775615388322091,26546122.365133509,-63899.880596682429,26482222.484536827,50000000,0,26568819.476942185,-8842039.6862666868
73186.831621445206,42274.097648758674,36618.344593334194,922804465.59751713,109943930.34395787,1.0000000000000001e-09,8000000,0,12692.997098235141,0.92280446559751717,26477771.386611309,-94011.183346688442,1,66.44381140751922,16.752088228695555,26546122.365133457,-68350.978522147983,26477771.386611309,50000000,0,26571782.565333575,-9219539.9424219597
73086.871285236033,42324.077816863261,36704.912783862172,922804465.59751713,109943930.34395787,1.0000000000000001e-09,8000000,0,12692.130977552479,0.92280446559751717,26478969.101234693,-90756.487742011086,1,66.455287302260729,16.773097060229706,26546122.365133367,-67153.263898674399,26478969.101234693,50000000,0,26569725.584352225,-9218162.9334946498
72986.91094902686,42374.057984967847,36791.48097439015,922804465.59751713,109943930.34395787,1.0000000000000001e-09,8000000,0,12692.498755562669,0.92280446559751717,26477121.133869179,-96108.120185487278,1,66.369668075810551,16.775804368028538,26546122.365133338,-69001.231264159083,26477121.133869179,50000000,0,26573229.249430232,-9441190.6341888998
72886.950612817687,42424.038153072433,36878.049164918128,922804465.59751713,109943930.34395787,1.0000000000000001e-09,8000000,0,12692.224409950504,0.92280446559751717,26479419.144523248,-91814.328932038537,1,66.451337154488883,16.733506977726069,26546122.365133535,-66703.22061028704,26479419.144523248,50000000,0,26571233.468830835,-9354988.8163147159
72786.990276608514,42474.01832117702,36964.617355446106,922804465.59751713,109943930.34395787,1.0000000000000001e-09,8000000,0,12692.659897333606,0.92280446559751717,26477412.581400942,-98097.360500281473,1,66.523232685394404,16.740099472512831,26546122.36513323,-68709.783732287586,26477412.581400942,50000000,0,26575509.937276788,-9496287.212537773
72687.029940399341,42523.998489281606,37051.185545974084,922804465.59751713,109943930.34395787,1.0000000000000001e-09,8000000,0,12692.69920047875,0.92280446559751717,26487416.380190719,-85672.009456688538,1,66.430584888743923,16.743841141375711,26546122.365133014,-58705.984942294657,26487416.380190719,50000000,0,26573088.385023013,-8639719.5057846773
72587.069604190154,42573.978657386193,37137.753736502062,922804465.59751713,109943930.34395787,1.0000000000000001e-09,8000000,0,12698.974105290868,0.92280446559751717,26498207.417123429,-78017.835046771419,1,66.508155538743949,16.685830478845215,26546122.365141232,-47914.948017802089,26498207.417123429,50000000,0,26576225.24754576,-7597887.6189809572
72487.109267980995,42623.958825490779,37224.321927030032,922804465.59751713,109943930.34395787,1.0000000000000001e-09,8000000,0,12705.807634246245,0.92280446559751717,26511870.841507055,-58408.048405177949,1,66.639953475437736,16.661388380023183,26546122.365132194,-34251.523625139147,26511870.841507055,50000000,0,26570278.885287806,-6220270.8883347902
72387.148931771822,42673.938993595366,37310.89011755801,922804465.59751713,109943930.34395787,1.0000000000000001e-09,8000000,0,12705.107183214688,0.92280446559751717,26508660.138599936,-61589.638672371671,1,66.616251981487423,16.673896004481069,26546122.365131833,-37462.22653189674,26508660.138599936,50000000,0,26570249.772647835,-6056351.4127637008
72287.188595562649,42723.919161699952,37397.458308085988,922804465.59751713,109943930.34395787,1.0000000000000001e-09,8000000,0,12699.911727557144,0.92280446559751717,26505641.876521401,-58793.778266033652,1,66.599470433198334,16.634006303674266,26546122.365133308,-40480.488611906767,26505641.876521401,50000000,0,26564435.650163043,-6183715.9733540993
72187.228259353491,42773.899329804532,37484.026498613959,922804465.59751713,109943930.34395787,1.0000000000000001e-09,8000000,0,12698.592293441516,0.92280446559751717,26492448.730725106,-74614.751445568923,1,66.772572773078807,16.594650825903216,26546122.365133829,-53673.634408723563,26492448.730725106,50000000,0,26567063.477546252,-7253083.9384553665
72087.267923144303,42823.879497909125,37570.594689141937,922804465.59751713,109943930.34395787,1.0000000000000001e-09,8000000,0,12694.24406618389,0.92280446559751717,26485973.350094013,-77909.981528431977,1,66.730872047485079,16.612222016274881,26546122.365133997,-60149.015039984137,26485973.350094013,50000000,0,26563883.326997977,-7930995.4916418577
71987.307586935145,42873.859666013705,37657.162879669915,922804465.59751713,109943930.34395787,1.0000000000000001e-09,8000000,0,12693.755863233859,0.92280446559751717,26477948.863419481,-89921.067445517474,1,66.736774806385384,16.579250556714619,26546122.365133449,-68173.501713968813,26477948.863419481,50000000,0,26567869.926240597,-8729599.5195573345
71887.347250725958,42923.839834118291,37743.731070197893,922804465.59751713,109943930.34395787,1.0000000000000001e-09,8000000,0,12691.820742622036,0.92280446559751717,26478855.441882819,-86511.725952592111,1,66.857481011805845,16.551295538808347,26546122.36513282,-67266.923250000924,26478855.441882819,50000000,0,26565367.163210966,-8861352.6224768925
71787.386914516785,42973.820002222885,37830.299260725871,922804465.59751713,109943930.34395787,1.0000000000000001e-09,8000000,0,12692.790572843938,0.92280446559751717,26473692.269657839,-95857.912516658267,1,66.849788174335004,16.568553884313395,26546122.365133509,-72430.09547566995,26473692.269657839,50000000,0,26569550.177550022,-9340291.3353758138
71687.426578307612,43023.800170327464,37916.867451253849,922804465.59751713,109943930.34395787,1.0000000000000001e-09,8000000,0,12692.182993508353,0.92280446559751717,26476450.271460198,-90552.805963952647,1,66.796556957907882,16.553951675974048,26546122.365133334,-69672.093673136085,26476450.271460198,50000000,0,26567003.072799694,-9213903.146459654
71587.466242098439,43073.780338432058,38003.435641781827,922804465.59751713,109943930.34395787,1.0000000000000001e-09,8000000,0,12692.737689593212,0.92280446559751717,26475371.407391366,-95267.917128751782,1,66.906775613772211,16.533620085934949,26546122.365133345,-70750.95774197951,26475371.407391366,50000000,0,26570639.319895651,-9360620.7033507135
71487.50590588928,43123.760506536637,38090.003832309798,922804465.59751713,109943930.34395787,1.0000000000000001e-09,8000000,0,12691.766386551608,0.92280446559751717,26478070.49028305,-89970.905769160046,1,66.868790327094942,16.569268857732496,26546122.365133196,-68051.874850146472,26478070.49028305,50000000,0,26568041.391427793,-9184224.2118011545
71387.545569680107,43173.740674641223,38176.572022837776,922804465.59751713,109943930.34395787,1.0000000000000001e-09,8000000,0,12693.163457428951,0.92280446559751717,26475018.342764445,-96133.090957475186,1,66.77718969970995,16.563940966749684,26546122.365133282,-71104.022368837148,26475018.342764445,50000000,0,26571151.429097526,-9409796.0236804932
71287.58523347092,43223.720842745817,38263.140213365761,922804465.59751713,109943930.34395787,1.0000000000000001e-09,8000000,0,12691.806587729181,0.92280446559751717,26478088.915492173,-90530.76489109383,1,66.883105584264129,16.555922444177533,26546122.365133181,-68033.44964100793,26478088.915492173,50000000,0,26568619.675758805,-9198501.1984630562
71187.624897261761,43273.701010850396,38349.708403893732,922804465.59751713,109943930.34395787,1.0000000000000001e-09,8000000,0,12692.765582055872,0.92280446559751717,26477577.278757285,-93693.338639827067,1,66.804875302338957,16.605087736998431,26546122.365133379,-68545.086376093328,26477577.278757285,50000000,0,26571270.612772625,-9262418.5843305141
71087.664561052574,43323.681178954983,38436.27659442171,922804465.59751713,109943930.34395787,1.0000000000000001e-09,8000000,0,12692.188550272342,0.92280446559751717,26478348.025386747,-90600.33173663757,1,66.691413708230286,16.620802096445072,26546122.3651333,-67774.339746553451,26478348.025386747,50000000,0,26568948.352498978,-9177917.1272575166
70987.704224843415,43373.661347059569,38522.844784949688,922804465.59751713,109943930.34395787,1.0000000000000001e-09,8000000,0,12692.64458623053,0.92280446559751717,26476264.672497522,-95053.584276645022,1,66.746628539515015,16.608737801728054,26546122.365133371,-69857.692635849118,26476264.672497522,50000000,0,26571318.252149705,-9348517.197495712
70887.743888634228,43423.641515164156,38609.412975477666,922804465.59751713,109943930.34395787,1.0000000000000001e-09,8000000,0,12692.368688908859,0.92280446559751717,26479104.163761754,-90203.165987134838,1,66.725838657763333,16.663790390919402,26546122.365133319,-67018.201371565461,26479104.163761754,50000000,0,26569307.325124413,-9154401.4728857391
70787.78355242507,43473.621683268742,38695.981166005637,922804465.59751713,109943930.34395787,1.0000000000000001e-09,8000000,0,12692.270141367011,0.92280446559751717,26477620.523636881,-93424.093673899319,1,66.539387271980345,16.697689894613969,26546122.365133278,-68501.84149639681,26477620.523636881,50000000,0,26571044.612686407,-9262229.7496513426
70687.823216215897,43523.601851373329,38782.549356533615,922804465.59751713,109943930.34395787,1.0000000000000001e-09,8000000,0,12692.483728901541,0.92280446559751717,26477315.436225925,-92391.292405105953,1,66.590390142664347,16.67596956627181,26546122.365133535,-68806.928907610476,26477315.436225925,50000000,0,26569706.72400656,-9281216.6021065731
70587.862880006724,43573.582019477915,38869.117547061593,922804465.59751713,109943930.34395787,1.0000000000000001e-09,8000000,0,12692.665853242795,0.92280446559751717,26476855.90777925,-94080.157916970624,1,66.616231289958307,16.711247865596857,26546122.365133241,-69266.457353990525,26476855.90777925,50000000,0,26570936.061071809,-9334467.6866979394
70487.902543797551,43623.562187582502,38955.685737589571,922804465.59751713,109943930.34395787,1.0000000000000001e-09,8000000,0,12691.89599866539,0.92280446559751717,26478570.996979132,-91344.928819571171,1,66.45550933499301,16.758983213442644,26546122.365133565,-67551.368154432625,26478570.996979132,50000000,0,26569915.921174228,-9220240.0443604775
70387.942207588378,43673.542355687088,39042.253928117541,922804465.59751713,109943930.34395787,1.0000000000000001e-09,8000000,0,12692.862123648603,0.92280446559751717,26476587.664994203,-94138.732416458864,1,66.434238375526462,16.740866573726251,26546122.36513339,-69534.700139187276,26476587.664994203,50000000,0,26570726.392786186,-9356367.5791097004
70287.98187137919,43723.522523791675,39128.822118645527,922804465.59751713,109943930.34395787,1.0000000000000001e-09,8000000,0,12692.205428509047,0.92280446559751717,26476383.00984608,-93871.153786675102,1,66.509601311417967,16.74977490673508,26546122.365133464,-69739.355287384242,26476383.00984608,50000000,0,26570254.15900832,-9380384.7798966505
70188.021535170032,43773.502691896261,39215.390309173497,922804465.59751713,109943930.34395787,1.0000000000000001e-09,8000000,0,12692.450372919418,0.92280446559751717,26477249.839744531,-93200.524591570313,1,66.407406709118305,16.783660042019566,26546122.365133248,-68872.525388717651,26477249.839744531,50000000,0,26570450.359711606,-9330102.9328174628
70088.061198960859,43823.482860000848,39301.958499701475,922804465.59751713,109943930.34395787,1.0000000000000001e-09,8000000,0,12692.430507111505,0.92280446559751717,26476934.345162969,-93458.583567139765,1,66.378528840004265,16.767840290004692,26546122.365133416,-69188.019970446825,26476934.345162969,50000000,0,26570392.924105693,-9358803.38766771
69988.100862751686,43873.463028105434,39388.526690229461,922804465.59751713,109943930.34395787,1.0000000000000001e-09,8000000,0,12692.243704316266,0.92280446559751717,26475483.928627513,-94878.896447738589,1,66.467367128435313,16.755129052214972,26546122.365133472,-70638.436505958438,26475483.928627513,50000000,0,26570362.820450768,-9469506.0653956197
69888.140526542513,43923.443196210021,39475.094880757431,922804465.59751713,109943930.34395787,1.0000000000000001e-09,8000000,0,12692.828454235827,0.92280446559751717,26475469.518585648,-95257.817143946799,1,66.418293945586001,16.776623495170192,26546122.365133334,-70652.846547685564,26475469.518585648,50000000,0,26570727.33110515,-9484202.2682399023
69788.18019033334,43973.423364314607,39561.663071285409,922804465.59751713,109943930.34395787,1.0000000000000001e-09,8000000,0,12691.896198283326,0.92280446559751717,26476641.058237758,-93441.473172242608,1,66.400641232766063,16.748654886710465,26546122.365133408,-69481.306895650923,26476641.058237758,50000000,0,26570082.526785597,-9421081.4856285211
69688.219854124181,44023.403532419194,39648.23126181338,922804465.59751713,109943930.34395787,1.0000000000000001e-09,8000000,0,12692.699004208665,0.92280446559751717,26474402.521620292,-96628.847331835175,1,66.52282479061229,16.720306096571676,26546122.3651333,-71719.843513008207,26474402.521620292,50000000,0,26571031.364327691,-9589228.0758510921
69588.259517914994,44073.38370052378,39734.799452341365,922804465.59751713,109943930.34395787,1.0000000000000001e-09,8000000,0,12692.442432069645,0.92280446559751717,26474492.509202302,-95463.874859095537,1,66.505891165251299,16.735096325335881,26546122.365133412,-71629.85593111068,26474492.509202302,50000000,0,26569956.379436996,-9585751.9988761507
69488.299181705821,44123.363868628367,39821.367642869343,922804465.59751713,109943930.34395787,1.0000000000000001e-09,8000000,0,12692.247871693025,0.92280446559751717,26474366.401523586,-96872.94238530517,1,66.473439376392946,16.706920975510513,26546122.365133323,-71755.963609736413,26474366.401523586,50000000,0,26571239.339284468,-9614663.5501823667
69388.338845496663,44173.344036732946,39907.935833397307,922804465.59751713,109943930.34395787,1.0000000000000001e-09,8000000,0,12692.377677204773,0.92280446559751717,26475233.911052816,-94427.258516136964,1,66.621297348112591,16.660765881734669,26546122.365133338,-70888.45408052206,26475233.911052816,50000000,0,26569661.1649445,-9564809.8429466169
69288.378509287475,44223.324204837532,39994.504023925292,922804465.59751713,109943930.34395787,1.0000000000000001e-09,8000000,0,12692.658289834508,0.92280446559751717,26472219.652110975,-99364.866791292909,1,66.642495047423409,16.670032451944529,26546122.365133386,-73902.71302241087,26472219.652110975,50000000,0,26571584.514277853,-9772718.1165674627
69188.418173078317,44273.304372942119,40081.072214453263,922804465.59751713,109943930.34395787,1.0000000000000001e-09,8000000,0,12692.060028671383,0.92280446559751717,26474723.461927172,-94634.790369914655,1,66.598060143788572,16.645507721021328,26546122.365133472,-71398.90320629999,26474723.461927172,50000000,0,26569358.24767261,-9568733.9173594937
69088.457836869144,44323.284541046705,40167.640404981241,922804465.59751713,109943930.34395787,1.0000000000000001e-09,8000000,0,12693.386296032886,0.92280446559751717,26474793.764969476,-96712.273941759966,1,66.733659681412448,16.591862750285273,26546122.365133032,-71328.600163556635,26474793.764969476,50000000,0,26571506.034286838,-9562155.3926315792
68988.497500659956,44373.264709151299,40254.208595509226,922804465.59751713,109943930.34395787,1.0000000000000001e-09,8000000,0,12693.790319524378,0.92280446559751717,26476522.626745291,-92391.511771674399,1,66.796444974808253,16.597414945342784,26546122.36513377,-69599.738388478756,26476522.626745291,50000000,0,26568914.133892462,-9406688.0421201177
68888.537164450798,44423.244877255878,40340.776786037197,922804465.59751713,109943930.34395787,1.0000000000000001e-09,8000000,0,12694.922774764125,0.92280446559751717,26472930.561293699,-98245.825617078925,1,66.708789026886194,16.589758232460081,26546122.365132339,-73191.803838640451,26472930.561293699,50000000,0,26571176.382286336,-9639865.6624387037
68788.57682824161,44473.225045360465,40427.344976565175,922804465.59751713,109943930.34395787,1.0000000000000001e-09,8000000,0,12691.597692852951,0.92280446559751717,26474581.069159061,-93584.567569946215,1,66.849538648673871,16.535974926602712,26546122.365132708,-71541.295973647386,26474581.069159061,50000000,0,26568165.632104538,-9542139.5360412132
68688.616492032452,44523.205213465051,40513.913167093146,922804465.59751713,109943930.34395787,1.0000000000000001e-09,8000000,0,12692.861226903753,0.92280446559751717,26470578.657400485,-100156.16752989055,1,66.916897332247572,16.556200775641106,26546122.365133647,-75543.707733161747,26470578.657400485,50000000,0,26570734.820305947,-9814173.5343120676
68588.656155823264,44573.185381569638,40600.481357621131,922804465.59751713,109943930.34395787,1.0000000000000001e-09,8000000,0,12691.939725920618,0.92280446559751717,26472947.858250488,-94497.615296575983,1,66.775745369169542,16.56573813659735,26546122.365133066,-73174.506882578135,26472947.858250488,50000000,0,26567445.46892257,-9586116.8852533549
68488.695819614091,44623.165549674231,40687.049548149109,922804465.59751713,109943930.34395787,1.0000000000000001e-09,8000000,0,12693.985830240332,0.92280446559751717,26472769.353361823,-97657.137661608314,1,66.879007491063078,16.521198960136608,26546122.365133502,-73353.011771678925,26472769.353361823,50000000,0,26570426.486399021,-9517162.7945899498
68388.735483404933,44673.145717778811,40773.61773867708,922804465.59751713,109943930.34395787,1.0000000000000001e-09,8000000,0,12693.5180063688,0.92280446559751717,26481255.825412124,-85982.113480687112,1,66.934548467704957,16.542075773412773,26546122.365132105,-64866.53971998021,26481255.825412124,50000000,0,26567237.934268337,-8834978.2165662777
68288.775147195745,44723.125885883397,40860.185929205065,922804465.59751713,109943930.34395787,1.0000000000000001e-09,8000000,0,12698.353922751347,0.92280446559751717,26482542.916084439,-88646.146550089717,1,66.77993747649333,16.589279105943699,26546122.365131933,-63579.44904749468,26482542.916084439,50000000,0,26571189.058010064,-8698915.8345175497
68188.814810986572,44773.106053987984,40946.754119733036,922804465.59751713,109943930.34395787,1.0000000000000001e-09,8000000,0,12700.507495639999,0.92280446559751717,26487079.995502867,-81788.308301393685,1,66.7704320847578,16.556305513451729,26546122.365131907,-59042.36962904036,26487079.995502867,50000000,0,26568868.299179792,-8512132.4741002191
68088.854474777414,44823.08622209257,41033.322310261014,922804465.59751713,109943930.34395787,1.0000000000000001e-09,8000000,0,12695.058658086104,0.92280446559751717,26478013.570506368,-95463.092370747225,1,66.914186612956598,16.569782362594434,26546122.365128141,-68108.794621773064,26478013.570506368,50000000,0,26573476.658252671,-9323459.4349013399
67988.894138568226,44873.066390197164,41119.890500788999,922804465.59751713,109943930.34395787,1.0000000000000001e-09,8000000,0,12691.12287393314,0.92280446559751717,26474923.428236175,-95445.552819039338,1,66.717532257234637,16.638872429521275,26546122.365134403,-71198.936898227781,26474923.428236175,50000000,0,26570368.976430774,-9712516.8923718818
67888.933802359068,44923.046558301743,41206.458691316962,922804465.59751713,109943930.34395787,1.0000000000000001e-09,8000000,0,12693.326668231646,0.92280446559751717,26467695.280141357,-105946.03009196947,1,66.652965422400143,16.62278927366091,26546122.365133192,-78427.084991835058,26467695.280141357,50000000,0,26573641.305608843,-10313159.880581817
67788.973466149895,44973.02672640633,41293.02688184494,922804465.59751713,109943930.34395787,1.0000000000000001e-09,8000000,0,12691.775612741299,0.92280446559751717,26469976.342261046,-100069.63305104406,1,66.76803449385244,16.629410090100052,26546122.365133304,-76146.022872257978,26469976.342261046,50000000,0,26570045.970687646,-10189293.99875316
67689.013129940722,45023.006894510916,41379.595072372918,922804465.59751713,109943930.34395787,1.0000000000000001e-09,8000000,0,12692.773658820966,0.92280446559751717,26467958.854265034,-105038.16703961254,1,66.627575707775136,16.699040670741468,26546122.365133479,-78163.510868445039,26467958.854265034,50000000,0,26572997.016680188,-10327758.958567141
67589.052793731549,45072.987062615503,41466.163262900896,922804465.59751713,109943930.34395787,1.0000000000000001e-09,8000000,0,12692.114774551081,0.92280446559751717,26469688.63824236,-99719.594627698054,1,66.499417766209206,16.708291053553623,26546122.365133472,-76433.726891111583,26469688.63824236,50000000,0,26569408.228245653,-10164687.55618111
67489.092457522376,45122.967230720089,41552.731453428874,922804465.59751713,109943930.34395787,1.0000000000000001e-09,8000000,0,12692.779424585942,0.92280446559751717,26466066.941984683,-106495.38869528586,1,66.58479464310112,16.697265512270899,26546122.365133286,-80055.423148602247,26466066.941984683,50000000,0,26572562.326055519,-10412596.273787243
67389.132121313218,45172.947398824675,41639.299643956845,922804465.59751713,109943930.34395787,1.0000000000000001e-09,8000000,0,12692.166163176076,0.92280446559751717,26469995.229868047,-99146.69411442375,1,66.533603988106691,16.746401115985694,26546122.365133349,-76127.135265301913,26469995.229868047,50000000,0,26569141.919358119,-10126412.941389332
67289.17178510403,45222.927566929262,41725.86783448483,922804465.59751713,109943930.34395787,1.0000000000000001e-09,8000000,0,12692.5312004601,0.92280446559751717,26467455.56013789,-104598.25161482349,1,66.403893041706141,16.763113647982955,26546122.365133323,-78666.804995432496,26467455.56013789,50000000,0,26572053.807128232,-10293472.109956458
67189.211448894843,45272.907735033848,41812.436025012808,922804465.59751713,109943930.34395787,1.0000000000000001e-09,8000000,0,12692.137519704405,0.92280446559751717,26468531.648138404,-100660.93470739023,1,66.462089664368634,16.743367561189565,26546122.365133468,-77590.716995064169,26468531.648138404,50000000,0,26569192.578221343,-10208516.268993957
67089.251112685684,45322.887903138435,41899.004215540779,922804465.59751713,109943930.34395787,1.0000000000000001e-09,8000000,0,12692.975620600935,0.92280446559751717,26466424.890372824,-105414.14772878766,1,66.472339043456046,16.768873425286252,26546122.36513342,-79697.474760595709,26466424.890372824,50000000,0,26571839.033477183,-10360182.45137799
66989.290776476497,45372.868071243021,41985.572406068764,922804465.59751713,109943930.34395787,1.0000000000000001e-09,8000000,0,12691.628575858616,0.92280446559751717,26469726.223361738,-99449.403213910235,1,66.371148967795875,16.778679369554709,26546122.365133572,-76396.141771834344,26469726.223361738,50000000,0,26569175.621951215,-10130432.095996061
66889.330440267338,45422.848239347608,42072.140596596735,922804465.59751713,109943930.34395787,1.0000000000000001e-09,8000000,0,12693.05059357051,0.92280446559751717,26466548.559853602,-105025.21689676509,1,66.437623599572802,16.751489828938944,26546122.365133584,-79573.805279981345,26466548.559853602,50000000,0,26571573.77212587,-10349433.661755569
66789.370104058165,45472.828407452194,42158.708787124713,922804465.59751713,109943930.34395787,1.0000000000000001e-09,8000000,0,12692.065239998699,0.92280446559751717,26467681.444481477,-101673.23626002009,1,66.463564249926549,16.767063120868766,26546122.365133453,-78440.920651976019,26467681.444481477,50000000,0,26569354.676117066,-10265454.535339789
66689.409767848992,45522.808575556781,42245.276977652691,922804465.59751713,109943930.34395787,1.0000000000000001e-09,8000000,0,12692.639765588372,0.92280446559751717,26466985.172275193,-104285.40761377627,1,66.388119038349714,16.764735877813472,26546122.365133237,-79137.192858044058,26466985.172275193,50000000,0,26571270.575264525,-10319771.563672572
66589.44943163982,45572.788743661367,42331.845168180669,922804465.59751713,109943930.34395787,1.0000000000000001e-09,8000000,0,12692.229464753664,0.92280446559751717,26468478.137967933,-100908.11756899864,1,66.473744792496475,16.719161245155988,26546122.365133483,-77644.227165549994,26468478.137967933,50000000,0,26569386.250912491,-10224911.206090257
66489.489095430647,45622.768911765954,42418.413358708647,922804465.59751713,109943930.34395787,1.0000000000000001e-09,8000000,0,12692.454674768345,0.92280446559751717,26465375.066571031,-105797.97699330289,1,66.56364620972802,16.717125019967163,26546122.36513314,-80747.29856210947,26465375.066571031,50000000,0,26571173.038939904,-10448556.764694257
66389.528759221488,45672.74907987054,42504.981549236618,922804465.59751713,109943930.34395787,1.0000000000000001e-09,8000000,0,12692.56311156085,0.92280446559751717,26466803.783098496,-102838.17126284965,1,66.478855825553282,16.723069550205903,26546122.365133572,-79318.582035075873,26466803.783098496,50000000,0,26569641.949736893,-10347928.311837768
66289.568423012301,45722.72924797512,42591.549739764596,922804465.59751713,109943930.34395787,1.0000000000000001e-09,8000000,0,12692.224565239812,0.92280446559751717,26466635.28155674,-104210.91281134561,1,66.554233396986049,16.657535807151461,26546122.365133282,-79487.083576541394,26466635.28155674,50000000,0,26570846.189743638,-10384667.231998911
66189.608086803128,45772.709416079713,42678.117930292574,922804465.59751713,109943930.34395787,1.0000000000000001e-09,8000000,0,12692.328381029411,0.92280446559751717,26466094.268871654,-103810.06817662895,1,66.727693890610098,16.637220340996258,26546122.365133341,-80028.096261687577,26466094.268871654,50000000,0,26569904.33242384,-10429022.844374789
66089.647750593969,45822.689584184292,42764.686120820545,922804465.59751713,109943930.34395787,1.0000000000000001e-09,8000000,0,12692.781005418818,0.92280446559751717,26464478.015182115,-106154.71481846359,1,66.634697786540784,16.659760274727869,26546122.365133341,-81644.349951226264,26464478.015182115,50000000,0,26570632.725376211,-10532928.617998013
65989.687414384782,45872.669752288879,42851.25431134853,922804465.59751713,109943930.34395787,1.0000000000000001e-09,8000000,0,12691.998463693717,0.92280446559751717,26466080.610698827,-103976.90429030768,1,66.647582262198085,16.602858824546178,26546122.365133256,-80041.754434429109,26466080.610698827,50000000,0,26570057.510364622,-10438108.439272147
65889.727078175609,45922.649920393473,42937.822501876508,922804465.59751713,109943930.34395787,1.0000000000000001e-09,8000000,0,12692.611394925705,0.92280446559751717,26465516.496618677,-104788.40268974091,1,66.859138036579125,16.564456900685588,26546122.365133271,-80605.868514593691,26465516.496618677,50000000,0,26570304.894684024,-10492138.607641069
65789.76674196645,45972.630088498052,43024.390692404479,922804465.59751713,109943930.34395787,1.0000000000000001e-09,8000000,0,12692.40855903032,0.92280446559751717,26464146.493183799,-106237.25698829758,1,66.791675818271017,16.597122669688833,26546122.365133397,-81975.871949598193,26464146.493183799,50000000,0,26570383.745547675,-10588295.327478876
65689.806405757263,46022.610256602646,43110.958882932457,922804465.59751713,109943930.34395787,1.0000000000000001e-09,8000000,0,12692.357788884197,0.92280446559751717,26464146.620220616,-105847.73962396666,1,66.744501290938274,16.56544441923884,26546122.365133468,-81975.744912851602,26464146.620220616,50000000,0,26569994.355220135,-10575501.402115403
65589.846069548104,46072.590424707225,43197.527073460435,922804465.59751713,109943930.34395787,1.0000000000000001e-09,8000000,0,12692.605526099684,0.92280446559751717,26465051.997329392,-105491.52667374842,1,66.908844127424402,16.519570154944205,26546122.365133271,-81070.367803879082,26465051.997329392,50000000,0,26570543.519378722,-10560799.750713592
65489.885733338924,46122.570592811811,43284.095263988413,922804465.59751713,109943930.34395787,1.0000000000000001e-09,8000000,0,12691.991815710102,0.92280446559751717,26463829.388236843,-105878.58955696598,1,66.926093699285119,16.556305685497993,26546122.365133289,-82292.976896446198,26463829.388236843,50000000,0,26569707.973169383,-10626271.359648414
65389.925397129744,46172.550760916405,43370.663454516391,922804465.59751713,109943930.34395787,1.0000000000000001e-09,8000000,0,12692.932561941141,0.92280446559751717,26462260.887598217,-108572.30548395352,1,66.766588417620056,16.560915935711506,26546122.365133498,-83861.47753528133,26462260.887598217,50000000,0,26570833.188457698,-10751980.371625679
65289.965060920578,46222.530929020984,43457.231645044369,922804465.59751713,109943930.34395787,1.0000000000000001e-09,8000000,0,12692.052958234772,0.92280446559751717,26463780.420173872,-105671.66999490907,1,66.909451119789409,16.523933061715979,26546122.365133476,-82341.94495960325,26463780.420173872,50000000,0,26569452.08554437,-10655467.948237738
65190.004724711398,46272.511097125571,43543.799835572347,922804465.59751713,109943930.34395787,1.0000000000000001e-09,8000000,0,12692.455662567336,0.92280446559751717,26462890.539304808,-108144.81511311168,1,66.902382348414591,16.569184377004504,26546122.36513333,-83231.825828522444,26462890.539304808,50000000,0,26571035.349793453,-10747799.709492654
65090.04438850224,46322.491265230157,43630.368026100317,922804465.59751713,109943930.34395787,1.0000000000000001e-09,8000000,0,12692.461808065334,0.92280446559751717,26462545.209048893,-106616.13137293127,1,66.742663538719071,16.591236572904624,26546122.365133159,-83577.15608426556,26462545.209048893,50000000,0,26569161.335797381,-10741323.96729927
64990.084052293067,46372.471433334744,43716.936216628288,922804465.59751713,109943930.34395787,1.0000000000000001e-09,8000000,0,12692.48552816805,0.92280446559751717,26460685.103062477,-110516.65704316017,1,66.809841135561697,16.574915284554397,26546122.365133449,-85437.262070972472,26460685.103062477,50000000,0,26571201.75548115,-10895748.610611128
64890.123716083886,46422.45160143933,43803.504407156273,922804465.59751713,109943930.34395787,1.0000000000000001e-09,8000000,0,12692.174260922104,0.92280446559751717,26463674.891820379,-105174.28431459553,1,66.803248391089056,16.616053651260362,26546122.365133386,-82447.473313007504,26463674.891820379,50000000,0,26568849.171510521,-10697517.298397243
64790.163379874721,46472.431769543917,43890.072597684244,922804465.59751713,109943930.34395787,1.0000000000000001e-09,8000000,0,12692.71054203401,0.92280446559751717,26460492.658092119,-110719.98619914276,1,66.648200367122641,16.654477747428118,26546122.36513342,-85629.707041300833,26460492.658092119,50000000,0,26571212.63966684,-10913755.869026599
64690.203043665548,46522.411937648503,43976.640788212222,922804465.59751713,109943930.34395787,1.0000000000000001e-09,8000000,0,12692.078626900262,0.92280446559751717,26461437.788552556,-107291.65575622994,1,66.658371394842646,16.64121588729218,26546122.365133405,-84684.576580848545,26461437.788552556,50000000,0,26568729.439684317,-10855198.384105414
64590.242707456375,46572.39210575309,44063.2089787402,922804465.59751713,109943930.34395787,1.0000000000000001e-09,8000000,0,12693.011076248917,0.92280446559751717,26459642.398796588,-111730.28541800898,1,66.685099186746328,16.676694375130701,26546122.365133222,-86479.96633663401,26459642.398796588,50000000,0,26571372.679590169,-11005951.98847278
64490.282371247202,46622.372273857676,44149.777169268178,922804465.59751713,109943930.34395787,1.0000000000000001e-09,8000000,0,12691.598369910253,0.92280446559751717,26462338.632637762,-106120.74413884242,1,66.526173666053467,16.719248585405683,26546122.365133602,-83783.732495840639,26462338.632637762,50000000,0,26568459.372152187,-10824361.415126571
64390.322035038029,46672.352441962263,44236.345359796156,922804465.59751713,109943930.34395787,1.0000000000000001e-09,8000000,0,12693.107780035654,0.92280446559751717,26457766.455172494,-113716.98488127509,1,66.519091189461918,16.707541347434354,26546122.365133375,-88355.909960880876,26457766.455172494,50000000,0,26571483.435429335,-11140773.148858074
64290.361698828856,46722.332610066849,44322.913550324134,922804465.59751713,109943930.34395787,1.0000000000000001e-09,8000000,0,12691.989350235643,0.92280446559751717,26460476.606101308,-107865.27610186517,1,66.560323049156722,16.728667253843646,26546122.365133498,-85645.759032189846,26460476.606101308,50000000,0,26568341.877578732,-10968095.942276726
64190.401362619683,46772.312778171436,44409.481740852112,922804465.59751713,109943930.34395787,1.0000000000000001e-09,8000000,0,12692.619800395769,0.92280446559751717,26458550.094193157,-112897.04455725171,1,66.439089022128144,16.769425369067374,26546122.36513336,-87572.27094020322,26458550.094193157,50000000,0,26571447.134125948,-11111668.138440711
64090.44102641051,46822.292946276022,44496.049931380083,922804465.59751713,109943930.34395787,1.0000000000000001e-09,8000000,0,12692.160215882299,0.92280446559751717,26460373.868280668,-107722.77480338543,1,66.407249130572822,16.756632745156903,26546122.365133319,-85748.496852651238,26460373.868280668,50000000,0,26568096.638459601,-10979932.527441157
63990.480690201337,46872.273114380609,44582.618121908061,922804465.59751713,109943930.34395787,1.0000000000000001e-09,8000000,0,12692.792343428122,0.92280446559751717,26456175.848076791,-115365.70922960449,1,66.476966196291045,16.7583059364676,26546122.365133435,-89946.517056643963,26456175.848076791,50000000,0,26571541.55268196,-11285417.080647223
63890.520353992157,46922.253282485195,44669.186312436046,922804465.59751713,109943930.34395787,1.0000000000000001e-09,8000000,0,12692.098355639968,0.92280446559751717,26459886.274352193,-108076.78050373758,1,66.401894408772449,16.785424956524178,26546122.365133464,-86236.090781271458,26459886.274352193,50000000,0,26567963.050231479,-11031749.815087954
63790.560017782991,46972.233450589782,44755.754502964017,922804465.59751713,109943930.34395787,1.0000000000000001e-09,8000000,0,12692.702133290079,0.92280446559751717,26456861.511435822,-114498.91814889123,1,66.381493493909488,16.762445533137477,26546122.365133412,-89260.85369759053,26456861.511435822,50000000,0,26571360.424960263,-11257254.703086503
63690.599681573818,47022.213618694368,44842.322693491995,922804465.59751713,109943930.34395787,1.0000000000000001e-09,8000000,0,12691.932598967462,0.92280446559751717,26458078.971324425,-109920.16771034426,1,66.486612173443234,16.745697398378173,26546122.365133349,-88043.393808923662,26458078.971324425,50000000,0,26567999.134410299,-11179636.206975842
63590.639345364645,47072.193786798955,44928.890884019973,922804465.59751713,109943930.34395787,1.0000000000000001e-09,8000000,0,12693.14793653631,0.92280446559751717,26454768.053505443,-116575.30414310812,1,66.439185851053736,16.768081690209623,26546122.365133632,-91354.311628188938,26454768.053505443,50000000,0,26571343.353024166,-11417936.913358042
63490.679009155487,47122.173954903534,45015.459074547944,922804465.59751713,109943930.34395787,1.0000000000000001e-09,8000000,0,12691.516848657995,0.92280446559751717,26458638.080165289,-109259.88930291639,1,66.411753969803172,16.736742503250369,26546122.365133606,-87484.284968316555,26458638.080165289,50000000,0,26567897.964843761,-11162322.41805275
63390.718672946306,47172.15412300812,45102.027265075922,922804465.59751713,109943930.34395787,1.0000000000000001e-09,8000000,0,12693.094133011064,0.92280446559751717,26454582.209503427,-116596.00472361257,1,66.561340566326933,16.693531079402934,26546122.36513336,-91540.15562993288,26454582.209503427,50000000,0,26571178.209602639,-11456351.661088202
63290.758336737141,47222.134291112707,45188.5954556039,922804465.59751713,109943930.34395787,1.0000000000000001e-09,8000000,0,12692.001425458386,0.92280446559751717,26456100.332185302,-111834.37703684341,1,66.570668223868765,16.714795846381151,26546122.365133334,-90022.032948032022,26456100.332185302,50000000,0,26567934.704597745,-11341071.660334915
63190.798000527961,47272.114459217293,45275.163646131878,922804465.59751713,109943930.34395787,1.0000000000000001e-09,8000000,0,12692.772157311992,0.92280446559751717,26454289.474406935,-116650.14876185081,1,66.490715701503333,16.693357822604369,26546122.365133394,-91832.890726458281,26454289.474406935,50000000,0,26570939.618544329,-11477681.294482809
63090.83766431878,47322.094627321887,45361.731836659856,922804465.59751713,109943930.34395787,1.0000000000000001e-09,8000000,0,12692.078455639657,0.92280446559751717,26456832.127749372,-110956.74432464124,1,66.654090734763287,16.63138585899609,26546122.365133271,-89290.237383898348,26456832.127749372,50000000,0,26567788.867449537,-11313016.895194827
62990.877328109622,47372.074795426466,45448.300027187826,922804465.59751713,109943930.34395787,1.0000000000000001e-09,8000000,0,12692.675276122007,0.92280446559751717,26452450.345509399,-118451.54304679013,1,66.731262019391465,16.630397824471107,26546122.365133442,-93672.019624043256,26452450.345509399,50000000,0,26570901.883931793,-11633768.904436601
62890.916991900434,47422.054963531053,45534.868217715812,922804465.59751713,109943930.34395787,1.0000000000000001e-09,8000000,0,12692.298754285821,0.92280446559751717,26454581.815078303,-113285.53532776692,1,66.662640417779642,16.629877172931007,26546122.365133524,-91540.550055220723,26454581.815078303,50000000,0,26567867.345781643,-11473079.904815597
62790.956655691276,47472.035131635639,45621.436408243782,922804465.59751713,109943930.34395787,1.0000000000000001e-09,8000000,0,12692.541390850212,0.92280446559751717,26453262.068465471,-117335.24515205453,1,66.741661923641615,16.573746030863742,26546122.365133166,-92860.296667695045,26453262.068465471,50000000,0,26570597.308993097,-11606581.871718422
62690.996319482103,47522.015299740226,45708.00459877176,922804465.59751713,109943930.34395787,1.0000000000000001e-09,8000000,0,12691.9626031017,0.92280446559751717,26453880.345105007,-114126.76811624297,1,66.874371767284643,16.568729850502486,26546122.365133427,-92242.020028419793,26453880.345105007,50000000,0,26568007.108596824,-11555960.201914476
62591.035983272915,47571.995467844819,45794.572789299746,922804465.59751713,109943930.34395787,1.0000000000000001e-09,8000000,0,12693.070231079526,0.92280446559751717,26450866.657970197,-119449.09154462726,1,66.767977353731808,16.581892917806744,26546122.365133271,-95255.707163073123,26450866.657970197,50000000,0,26570315.744890336,-11774090.283238914
62491.075647063757,47621.975635949399,45881.140979827716,922804465.59751713,109943930.34395787,1.0000000000000001e-09,8000000,0,12691.813104245692,0.92280446559751717,26453058.433063559,-115052.03078387585,1,66.827207631569166,16.543531133339453,26546122.365133274,-93063.932069715112,26453058.433063559,50000000,0,26568110.459222969,-11624988.45427067
62391.115310854577,47671.955804053985,45967.709170355694,922804465.59751713,109943930.34395787,1.0000000000000001e-09,8000000,0,12692.764388084392,0.92280446559751717,26451766.350687247,-118214.81422302833,1,66.912111258321772,16.544171574917566,26546122.365133259,-94356.014446012676,26451766.350687247,50000000,0,26569981.160285871,-11747655.578588372
62291.154974645411,47721.935972158572,46054.277360883672,922804465.59751713,109943930.34395787,1.0000000000000001e-09,8000000,0,12692.249811470261,0.92280446559751717,26451340.410913508,-116916.45694855045,1,66.822806159046564,16.567287930538498,26546122.365133256,-94781.954219747335,26451340.410913508,50000000,0,26568256.863237545,-11758212.609256079
62191.194638436231,47771.916140263158,46140.84555141165,922804465.59751713,109943930.34395787,1.0000000000000001e-09,8000000,0,12692.597215916927,0.92280446559751717,26449604.76878741,-120101.7757957877,1,66.831495318640052,16.546551671744595,26546122.365133468,-96517.596346057951,26449604.76878741,50000000,0,26569706.539958838,-11895376.5407538
62091.234302227065,47821.896308367744,46227.413741939621,922804465.59751713,109943930.34395787,1.0000000000000001e-09,8000000,0,12692.386667397215,0.92280446559751717,26451604.107920803,-116749.80419702966,1,66.891649214560644,16.558431015201776,26546122.365133114,-94518.257212311029,26451604.107920803,50000000,0,26568353.907493334,-11783534.972546052
61991.2739660179,47871.876476472331,46313.981932467592,922804465.59751713,109943930.34395787,1.0000000000000001e-09,8000000,0,12692.209224053951,0.92280446559751717,26449340.665052161,-119979.83283757453,1,66.790116569410969,16.595917540609733,26546122.365133602,-96781.700081441551,26449340.665052161,50000000,0,26569320.49326529,-11935448.371648734
61891.313629808719,47921.856644576917,46400.550122995577,922804465.59751713,109943930.34395787,1.0000000000000001e-09,8000000,0,12692.623334910355,0.92280446559751717,26448741.023849666,-119835.96367885983,1,66.747176341451492,16.585494280502616,26546122.365133286,-97381.341283619404,26448741.023849666,50000000,0,26568576.98290411,-11989914.669412103
61791.353293599546,47971.836812681504,46487.118313523548,922804465.59751713,109943930.34395787,1.0000000000000001e-09,8000000,0,12692.436425581313,0.92280446559751717,26448410.816305254,-120588.9329288251,1,66.825451289159247,16.603839961748868,26546122.365133405,-97711.548828151077,26448410.816305254,50000000,0,26568999.744609635,-12031883.415508397
61691.392957390373,48021.81698078609,46573.686504051526,922804465.59751713,109943930.34395787,1.0000000000000001e-09,8000000,0,12692.114957762589,0.92280446559751717,26449117.502118319,-119606.96239197413,1,66.671729513754201,16.65868425739529,26546122.365133435,-97004.863015115261,26449117.502118319,50000000,0,26568724.459885854,-12001516.188440286
61591.432621181193,48071.797148890677,46660.254694579511,922804465.59751713,109943930.34395787,1.0000000000000001e-09,8000000,0,12692.748837644504,0.92280446559751717,26447056.074744426,-121550.64404162847,1,66.619387453981346,16.652278023254169,26546122.365133293,-99066.290388867259,26447056.074744426,50000000,0,26568606.714161634,-12133418.855785601
61491.472284972027,48121.777316995263,46746.822885107482,922804465.59751713,109943930.34395787,1.0000000000000001e-09,8000000,0,12692.262227600962,0.92280446559751717,26446224.698446784,-122703.61933472179,1,66.683132299995606,16.663142433661633,26546122.365133487,-99897.66668670252,26446224.698446784,50000000,0,26568928.313157111,-12217576.297312614
61391.511948762854,48171.75748509985,46833.39107563546,922804465.59751713,109943930.34395787,1.0000000000000001e-09,8000000,0,12692.364782584433,0.92280446559751717,26447500.040472534,-120698.69204126496,1,66.578172124767704,16.722433908534871,26546122.365133341,-98622.324660807848,26447500.040472534,50000000,0,26568198.727889329,-12140546.156502901
61291.551612553681,48221.737653204436,46919.959266163438,922804465.59751713,109943930.34395787,1.0000000000000001e-09,8000000,0,12692.526359714153,0.92280446559751717,26445742.051182818,-123189.00392804442,1,66.450695502134508,16.732508654313389,26546122.365133278,-100380.3139504604,26445742.051182818,50000000,0,26568931.050486449,-12267113.645575395
61191.591276344509,48271.717821309023,47006.527456691416,922804465.59751713,109943930.34395787,1.0000000000000001e-09,8000000,0,12692.197599440369,0.92280446559751717,26444733.121765766,-123277.55499491477,1,66.539291289089661,16.715962406950343,26546122.365133367,-101389.24336760119,26444733.121765766,50000000,0,26568010.672136266,-12356950.68178183
61091.630940135336,48321.697989413609,47093.095647219394,922804465.59751713,109943930.34395787,1.0000000000000001e-09,8000000,0,12692.891376913069,0.92280446559751717,26443940.877542943,-125202.98953029308,1,66.501739365950954,16.760033162145973,26546122.365133408,-102181.48759046569,26443940.877542943,50000000,0,26569143.862448819,-12441563.901345102
60991.67060392617,48371.678157518196,47179.663837747365,922804465.59751713,109943930.34395787,1.0000000000000001e-09,8000000,0,12691.765737211104,0.92280446559751717,26445060.840940379,-122591.90235306427,1,66.380758961918247,16.773882601801795,26546122.365133647,-101061.52419326827,26445060.840940379,50000000,0,26567652.738668997,-12382558.650481559
60891.71026771699,48421.658325622782,47266.23202827535,922804465.59751713,109943930.34395787,1.0000000000000001e-09,8000000,0,12692.891636803972,0.92280446559751717,26441447.793685801,-127961.36256144385,1,66.442963377344554,16.750842084683896,26546122.365133345,-104674.5714475438,26441447.793685801,50000000,0,26569409.15162278,-12658182.764404941
60791.749931507817,48471.638493727369,47352.800218803321,922804465.59751713,109943930.34395787,1.0000000000000001e-09,8000000,0,12692.261738693353,0.92280446559751717,26442216.966274925,-125349.42717523653,1,66.462836237991993,16.771594430110419,26546122.365133282,-103905.39885835722,26442216.966274925,50000000,0,26567566.388825685,-12637539.926754694
60691.789595298644,48521.618661831955,47439.368409331299,922804465.59751713,109943930.34395787,1.0000000000000001e-09,8000000,0,12692.361969991365,0.92280446559751717,26440721.834707532,-128968.11377634035,1,66.369010745207177,16.780800635907166,26546122.365133211,-105400.53042567894,26440721.834707532,50000000,0,26569689.943859443,-12780529.445343899
60591.829259089471,48571.598829936534,47525.936599859277,922804465.59751713,109943930.34395787,1.0000000000000001e-09,8000000,0,12692.314955939322,0.92280446559751717,26441299.349936966,-126259.38461896255,1,66.433216604674939,16.744544171180021,26546122.365133408,-104823.0151964426,26441299.349936966,50000000,0,26567558.729931545,-12784118.080104804
60491.868922880305,48621.578998041121,47612.504790387247,922804465.59751713,109943930.34395787,1.0000000000000001e-09,8000000,0,12692.684914256373,0.92280446559751717,26437114.154815752,-133303.88721553588,1,66.497233634791314,16.750059370948193,26546122.365133375,-109008.21031762287,26437114.154815752,50000000,0,26570418.037406832,-13129046.077313045
60391.908586671139,48671.559166145707,47699.072980915225,922804465.59751713,109943930.34395787,1.0000000000000001e-09,8000000,0,12692.143552845493,0.92280446559751717,26439620.655455202,-128390.61965758984,1,66.418826494706138,16.75384209172282,26546122.365133531,-106501.70967832953,26439620.655455202,50000000,0,26568011.270488352,-13003742.393507386
60291.948250461952,48721.539334250301,47785.641171443211,922804465.59751713,109943930.34395787,1.0000000000000001e-09,8000000,0,12692.727056154994,0.92280446559751717,26437399.336019713,-133900.03710205827,1,66.486974270148039,16.705093948906384,26546122.365133248,-108723.02911353484,26437399.336019713,50000000,0,26571299.368497308,-13221876.368977049
60191.987914252793,48771.51950235488,47872.209361971181,922804465.59751713,109943930.34395787,1.0000000000000001e-09,8000000,0,12691.89926538287,0.92280446559751717,26439193.350653082,-129794.65342910418,1,66.606817011442843,16.686183533244101,26546122.365133371,-106929.01448028907,26439193.350653082,50000000,0,26568987.999457818,-13103288.022100044
60092.027578043613,48821.499670459467,47958.777552499159,922804465.59751713,109943930.34395787,1.0000000000000001e-09,8000000,0,12693.125163911751,0.92280446559751717,26439263.493363954,-133120.11030603063,1,66.556855544515685,16.695307864568935,26546122.365134526,-106858.87177057192,26439263.493363954,50000000,0,26572383.599045437,-12988406.537694341
59992.067241834447,48871.479838564053,48045.34574302713,922804465.59751713,109943930.34395787,1.0000000000000001e-09,8000000,0,12693.786996760509,0.92280446559751717,26451484.671609227,-117552.38017497302,1,66.57624186064379,16.647476103769673,26546122.365130823,-94637.693521596491,26451484.671609227,50000000,0,26569037.04715978,-11920004.866649389
59892.106905625267,48921.46000666864,48131.913933555115,922804465.59751713,109943930.34395787,1.0000000000000001e-09,8000000,0,12703.490531270316,0.92280446559751717,26458090.427161191,-112409.1085421492,1,66.740118983802262,16.614006851537965,26546122.365128003,-88031.937966812402,26458090.427161191,50000000,0,26570499.531078875,-11191034.394131735
59792.146569416087,48971.440174773234,48218.482124083093,922804465.59751713,109943930.34395787,1.0000000000000001e-09,8000000,0,12702.391393078564,0.92280446559751717,26460811.100188542,-104242.56416513525,1,66.702504116722864,16.624128307269984,26546122.36513396,-85311.264945417643,26460811.100188542,50000000,0,26565053.659729313,-10751825.441071719
59692.186233206929,49021.420342877813,48305.050314611064,922804465.59751713,109943930.34395787,1.0000000000000001e-09,8000000,0,12697.708777278132,0.92280446559751717,26450748.503927264,-116157.64992441934,1,66.703595755476343,16.585565962632948,26546122.365131699,-95373.861204434186,26450748.503927264,50000000,0,26566906.149227217,-11425468.876367772
59592.225896997741,49071.400510982399,48391.618505139049,922804465.59751713,109943930.34395787,1.0000000000000001e-09,8000000,0,12694.652731203101,0.92280446559751717,26445784.336690571,-117234.11757692363,1,66.841267603848294,16.560977689908185,26546122.365133334,-100338.02844276279,26445784.336690571,50000000,0,26563018.449643038,-11946672.960733337
59492.265560788575,49121.380679086986,48478.18669566702,922804465.59751713,109943930.34395787,1.0000000000000001e-09,8000000,0,12692.664370649285,0.92280446559751717,26434824.528445557,-131879.62760907481,1,66.817491132956619,16.57666507075599,26546122.365133245,-111297.83668768778,26434824.528445557,50000000,0,26566704.151430216,-12892805.705492146
59392.30522457941,49171.360847191572,48564.754886194998,922804465.59751713,109943930.34395787,1.0000000000000001e-09,8000000,0,12692.354455474398,0.92280446559751717,26434581.525413651,-129062.64573035104,1,66.794368124737701,16.550651738755587,26546122.36513352,-111540.8397198692,26434581.525413651,50000000,0,26563644.166519571,-13054506.630355107
59292.344888370222,49221.341015296166,48651.323076722976,922804465.59751713,109943930.34395787,1.0000000000000001e-09,8000000,0,12692.754524911805,0.92280446559751717,26431741.867079716,-135808.81159467727,1,66.920000556615435,16.5278673320494,26546122.365133319,-114380.49805360287,26431741.867079716,50000000,0,26567550.674049951,-13394581.188594118
59192.384552161064,49271.321183400745,48737.891267250954,922804465.59751713,109943930.34395787,1.0000000000000001e-09,8000000,0,12691.752840095825,0.92280446559751717,26433300.286264077,-131304.57157720334,1,66.877796017889921,16.567468548448829,26546122.365133327,-112822.07886924967,26433300.286264077,50000000,0,26564604.853216846,-13325144.512744095
59092.424215951891,49321.301351505332,48824.459457778925,922804465.59751713,109943930.34395787,1.0000000000000001e-09,8000000,0,12693.262953250975,0.92280446559751717,26429449.810088422,-138775.22273869705,1,66.772777411772964,16.554903720919505,26546122.365133323,-116672.55504490063,26429449.810088422,50000000,0,26568225.028202672,-13637336.269595893
58992.463879742718,49371.281519609918,48911.027648306903,922804465.59751713,109943930.34395787,1.0000000000000001e-09,8000000,0,12691.746965639402,0.92280446559751717,26432540.414304204,-132622.02478099638,1,66.924623484093743,16.535492685029261,26546122.365133386,-113581.95082918182,26432540.414304204,50000000,0,26565162.434460748,-13445245.7326949
58892.503543533545,49421.261687714505,48997.595838834881,922804465.59751713,109943930.34395787,1.0000000000000001e-09,8000000,0,12692.823551847112,0.92280446559751717,26431023.123164363,-137410.8561819522,1,66.8440594159987,16.592797318108801,26546122.365133245,-115099.24196888134,26431023.123164363,50000000,0,26568433.974721905,-13593856.805801272
58792.543207324372,49471.241855819091,49084.164029362859,922804465.59751713,109943930.34395787,1.0000000000000001e-09,8000000,0,12692.129798242424,0.92280446559751717,26431882.095433727,-133539.07768845218,1,66.703695395511474,16.605915185751172,26546122.365133349,-114240.26969962195,26431882.095433727,50000000,0,26565421.168497734,-13504108.611727862
58692.582871115199,49521.222023923678,49170.73221989083,922804465.59751713,109943930.34395787,1.0000000000000001e-09,8000000,0,12692.750363212015,0.92280446559751717,26428952.757799674,-139500.18040876114,1,66.795064938086639,16.584516786189305,26546122.365133464,-117169.60733379051,26428952.757799674,50000000,0,26568452.933583982,-13749035.927093741
58592.622534906026,49571.202192028264,49257.300410418815,922804465.59751713,109943930.34395787,1.0000000000000001e-09,8000000,0,12692.187864105135,0.92280446559751717,26432137.763306316,-133472.30722942806,1,66.77485070231684,16.642389760563837,26546122.3651333,-113984.60182698444,26432137.763306316,50000000,0,26565610.065911334,-13534516.85375669
58492.662198696853,49621.182360132843,49343.868600946786,922804465.59751713,109943930.34395787,1.0000000000000001e-09,8000000,0,12692.471622761343,0.92280446559751717,26429405.880314514,-138704.86241238745,1,66.574773069795114,16.683268399308901,26546122.365133382,-116716.48481886834,26429405.880314514,50000000,0,26568110.738102444,-13729429.321250875
58392.70186248768,49671.162528237437,49430.436791474764,922804465.59751713,109943930.34395787,1.0000000000000001e-09,8000000,0,12692.320724713463,0.92280446559751717,26429549.867497209,-136297.41900030556,1,66.613961226339583,16.659504681672651,26546122.365133446,-116572.49763623625,26429549.867497209,50000000,0,26565847.281873133,-13724837.162736468
58292.741526278507,49721.142696342024,49517.004982002742,922804465.59751713,109943930.34395787,1.0000000000000001e-09,8000000,0,12692.797913232103,0.92280446559751717,26427953.186439238,-139948.68243890652,1,66.657622088532605,16.693025342815535,26546122.365133218,-118169.17869397998,26427953.186439238,50000000,0,26567901.864253756,-13866482.181878014
58192.781190069334,49771.12286444661,49603.57317253072,922804465.59751713,109943930.34395787,1.0000000000000001e-09,8000000,0,12691.75693761418,0.92280446559751717,26430057.933525968,-135816.50177734869,1,66.484833490956348,16.746463628974784,26546122.365133684,-116064.43160771579,26430057.933525968,50000000,0,26565874.430678766,-13724639.436178582
58092.820853860161,49821.103032551197,49690.141363058698,922804465.59751713,109943930.34395787,1.0000000000000001e-09,8000000,0,12693.003846077081,0.92280446559751717,26426722.690409154,-140849.73877469721,1,66.454259437758409,16.729865368397483,26546122.365133468,-119399.67472431436,26426722.690409154,50000000,0,26567572.424559493,-13957215.080296896
57992.860517650995,49871.083200655776,49776.709553586668,922804465.59751713,109943930.34395787,1.0000000000000001e-09,8000000,0,12692.075434120601,0.92280446559751717,26427183.820641812,-138835.77898847099,1,66.533665846263901,16.739468880275471,26546122.365133386,-118938.54449157417,26427183.820641812,50000000,0,26566019.595005862,-13942921.786605248
57892.900181441815,49921.063368760369,49863.277744114654,922804465.59751713,109943930.34395787,1.0000000000000001e-09,8000000,0,12692.572596130814,0.92280446559751717,26426821.680556934,-140343.23966957748,1,66.424909007435247,16.778399260457455,26546122.365133405,-119300.6845764704,26426821.680556934,50000000,0,26567164.915602081,-13980959.820278756
57792.939845232642,49971.043536864956,49949.845934642632,922804465.59751713,109943930.34395787,1.0000000000000001e-09,8000000,0,12692.303429151561,0.92280446559751717,26426852.331538871,-139145.31757950498,1,66.383798953215447,16.767746362555297,26546122.365133274,-119270.03359440342,26426852.331538871,50000000,0,26565997.644493975,-13985671.159066806
57692.979509023484,50021.023704969535,50036.414125170595,922804465.59751713,109943930.34395787,1.0000000000000001e-09,8000000,0,12692.390119011145,0.92280446559751717,26424169.135027152,-142770.61515263561,1,66.462484892106517,16.757569478364307,26546122.365133412,-121953.23010626063,26424169.135027152,50000000,0,26566939.745555345,-14190995.326724591
57593.019172814304,50071.003873074122,50122.98231569858,922804465.59751713,109943930.34395787,1.0000000000000001e-09,8000000,0,12692.663332178312,0.92280446559751717,26424798.855783962,-141366.09037808247,1,66.414853064241598,16.780514481226838,26546122.365133438,-121323.50934947655,26424798.855783962,50000000,0,26566164.941537589,-14163501.88855911
57493.058836605123,50120.984041178708,50209.550506226558,922804465.59751713,109943930.34395787,1.0000000000000001e-09,8000000,0,12692.045888986593,0.92280446559751717,26424513.462477583,-141962.58807251998,1,66.389514000220899,16.755808892539442,26546122.365133334,-121608.90265575051,26424513.462477583,50000000,0,26566476.045925651,-14203210.739739638
57393.098500395965,50170.964209283295,50296.118696754529,922804465.59751713,109943930.34395787,1.0000000000000001e-09,8000000,0,12692.560382136449,0.92280446559751717,26422708.512227394,-143603.2005425297,1,66.502976970154293,16.732192395371619,26546122.365133412,-123413.8529060185,26422708.512227394,50000000,0,26566311.708145499,-14346698.988636758
57293.138164186792,50220.944377387881,50382.686887282507,922804465.59751713,109943930.34395787,1.0000000000000001e-09,8000000,0,12692.610965512924,0.92280446559751717,26421641.265264411,-144509.49387552214,1,66.476691901214664,16.74991800424473,26546122.365133308,-124481.09986889735,26421641.265264411,50000000,0,26566150.75451554,-14428146.188561091
57193.177827977612,50270.924545492468,50469.255077810485,922804465.59751713,109943930.34395787,1.0000000000000001e-09,8000000,0,12692.083105633046,0.92280446559751717,26421937.41248817,-144408.86855182349,1,66.442767098527796,16.718951398088159,26546122.36513333,-124184.95264516026,26421937.41248817,50000000,0,26566346.276415531,-14428818.889742829
57093.217491768446,50320.904713597054,50555.823268338463,922804465.59751713,109943930.34395787,1.0000000000000001e-09,8000000,0,12692.551742101337,0.92280446559751717,26421310.954726651,-144349.47736125241,1,66.603680721280924,16.672815165003829,26546122.365133453,-124811.41040680185,26421310.954726651,50000000,0,26565660.427463453,-14496320.168256152
56993.257155559266,50370.884881701641,50642.391458866441,922804465.59751713,109943930.34395787,1.0000000000000001e-09,8000000,0,12692.479258897507,0.92280446559751717,26418519.525970131,-148010.32618729459,1,66.611541932329288,16.69027967898915,26546122.365133319,-127602.83916318789,26418519.525970131,50000000,0,26566529.847532947,-14698882.797938295
56893.2968193501,50420.865049806227,50728.959649394419,922804465.59751713,109943930.34395787,1.0000000000000001e-09,8000000,0,12692.282147116193,0.92280446559751717,26419404.438720636,-145771.94871990741,1,66.548882858554563,16.663095225413056,26546122.365133394,-126717.92641275749,26419404.438720636,50000000,0,26565176.38281614,-14641535.97545673
56793.33648314092,50470.845217910814,50815.527839922397,922804465.59751713,109943930.34395787,1.0000000000000001e-09,8000000,0,12692.636637117525,0.92280446559751717,26418155.300168168,-148246.28096829439,1,66.716839330214867,16.60205158938895,26546122.365133315,-127967.06496514753,26418155.300168168,50000000,0,26566401.576511998,-14773411.101646554
56693.376146931754,50520.8253860154,50902.096030450368,922804465.59751713,109943930.34395787,1.0000000000000001e-09,8000000,0,12691.966898529397,0.92280446559751717,26417004.664639536,-147805.58396996505,1,66.789231558375278,16.610863390661287,26546122.365133367,-129117.70049383119,26417004.664639536,50000000,0,26564810.243985068,-14863364.462859737
56593.415810722574,50570.805554119986,50988.664220978353,922804465.59751713,109943930.34395787,1.0000000000000001e-09,8000000,0,12693.045966362839,0.92280446559751717,26414000.488296263,-152331.07547683301,1,66.682184206988865,16.610278698078371,26546122.365133416,-132121.87683715299,26414000.488296263,50000000,0,26566331.55914861,-15070605.519035565
56493.455474513394,50620.785722224573,51075.232411506331,922804465.59751713,109943930.34395787,1.0000000000000001e-09,8000000,0,12691.840575725178,0.92280446559751717,26416184.920572098,-147960.0893284819,1,66.800738034509607,16.541346572225912,26546122.36513342,-129937.44456132129,26416184.920572098,50000000,0,26564145.005276151,-14955541.93475119
56393.495138304235,50670.765890329159,51161.800602034302,922804465.59751713,109943930.34395787,1.0000000000000001e-09,8000000,0,12692.728678844838,0.92280446559751717,26412349.907780807,-153641.49096396269,1,66.942675493504296,16.550797733889492,26546122.365133364,-133772.45735255629,26412349.907780807,50000000,0,26565991.394120295,-15223010.726372823
56293.534802095062,50720.746058433746,51248.36879256228,922804465.59751713,109943930.34395787,1.0000000000000001e-09,8000000,0,12692.368511294011,0.92280446559751717,26412707.205641881,-150468.82803086034,1,66.769575292242934,16.576840921734924,26546122.36513336,-133415.1594914794,26412707.205641881,50000000,0,26563176.029048346,-15168781.017707938
56193.574465885882,50770.726226538332,51334.936983090258,922804465.59751713,109943930.34395787,1.0000000000000001e-09,8000000,0,12692.51351384294,0.92280446559751717,26409627.459098909,-155587.6687883522,1,66.843561689255409,16.523645105248526,26546122.365133453,-136494.90603454411,26409627.459098909,50000000,0,26565215.123262778,-15339876.689374948
56093.614129676716,50820.706394642919,51421.505173618229,922804465.59751713,109943930.34395787,1.0000000000000001e-09,8000000,0,12692.273090559918,0.92280446559751717,26413715.240959946,-148002.75067085715,1,66.974760706527647,16.528866537591146,26546122.365133282,-132407.12417333573,26413715.240959946,50000000,0,26561717.9870064,-15020490.496682651
55993.653793467543,50870.686562747505,51508.073364146207,922804465.59751713,109943930.34395787,1.0000000000000001e-09,8000000,0,12692.699313694875,0.92280446559751717,26410655.183940396,-153499.10769817323,1,66.820009127873263,16.580251974894757,26546122.365133297,-135467.18119290099,26410655.183940396,50000000,0,26564154.287014138,-15070546.13996749
55893.69345725837,50920.666730852092,51594.641554674185,922804465.59751713,109943930.34395787,1.0000000000000001e-09,8000000,0,12694.024304021483,0.92280446559751717,26417969.831568841,-142785.32395073603,1,66.776062347992536,16.552446223443926,26546122.365134284,-128152.53356544301,26417969.831568841,50000000,0,26560755.150895171,-14410946.479127303
55793.733121049198,50970.646898956678,51681.209745202163,922804465.59751713,109943930.34395787,1.0000000000000001e-09,8000000,0,12697.646182407907,0.92280446559751717,26423251.101824589,-140840.26430821893,1,66.901435904020104,16.554654068085537,26546122.365129601,-122871.26330501214,26423251.101824589,50000000,0,26564091.361508351,-13911694.120115159
55693.772784840025,51020.627067061265,51767.777935730141,922804465.59751713,109943930.34395787,1.0000000000000001e-09,8000000,0,12700.980175443303,0.92280446559751717,26433517.188870233,-128412.94054584031,1,66.766157587472705,16.620998620312665,26546122.365133762,-112605.17626352981,26433517.188870233,50000000,0,26561930.124791648,-13205406.445225842
55593.812448630852,51070.607235165851,51854.346126258119,922804465.59751713,109943930.34395787,1.0000000000000001e-09,8000000,0,12704.445905697552,0.92280446559751717,26428833.61527811,-138391.5622963896,1,66.664742362679036,16.616417804659719,26546122.365132902,-117288.74985479191,26428833.61527811,50000000,0,26567225.172950063,-13751802.43673363
55493.852112421679,51120.587403270438,51940.914316786097,922804465.59751713,109943930.34395787,1.0000000000000001e-09,8000000,0,12695.273253802159,0.92280446559751717,26421713.75819004,-143930.73835461639,1,66.773431582414332,16.613206926052584,26546122.365129575,-124408.60693953559,26421713.75819004,50000000,0,26565644.491920207,-14561469.333825557
55393.891776212506,51170.567571375024,52027.482507314067,922804465.59751713,109943930.34395787,1.0000000000000001e-09,8000000,0,12692.604106914379,0.92280446559751717,26409733.829769924,-159580.74896324231,1,66.67455835847646,16.676358781080893,26546122.365134895,-136388.53536497056,26409733.829769924,50000000,0,26569314.574108783,-15675695.667050935
55293.931440003333,51220.547739479611,52114.050697842045,922804465.59751713,109943930.34395787,1.0000000000000001e-09,8000000,0,12692.181435872271,0.92280446559751717,26406722.115372531,-158581.89445452014,1,66.54035317858829,16.691600960342754,26546122.3651332,-139400.24976066872,26406722.115372531,50000000,0,26565304.005202606,-16006890.642376579
55193.971103794152,51270.527907584197,52200.618888370031,922804465.59751713,109943930.34395787,1.0000000000000001e-09,8000000,0,12692.785030225728,0.92280446559751717,26400879.802319307,-167363.7873332673,1,66.608645172358777,16.684783365482257,26546122.3651333,-145242.56281399354,26400879.802319307,50000000,0,26568243.58502819,-16465569.296697676
55094.010767584987,51320.508075688784,52287.187078898001,922804465.59751713,109943930.34395787,1.0000000000000001e-09,8000000,0,12692.108779375918,0.92280446559751717,26403974.192304347,-160068.51340180551,1,66.560680181684475,16.733617913114941,26546122.365133457,-142148.17282911018,26403974.192304347,50000000,0,26564042.701081723,-16231841.822416281
54994.050431375814,51370.48824379337,52373.755269425979,922804465.59751713,109943930.34395787,1.0000000000000001e-09,8000000,0,12692.64172882867,0.92280446559751717,26400424.627338395,-166440.04747209925,1,66.426740228789683,16.752886794482016,26546122.365133334,-145697.73779493943,26400424.627338395,50000000,0,26566864.670186039,-16445351.421820957
54894.090095166641,51420.468411897957,52460.323459953957,922804465.59751713,109943930.34395787,1.0000000000000001e-09,8000000,0,12692.066211059431,0.92280446559751717,26401431.09157221,-161808.30890775917,1,66.482153631962959,16.736039193587182,26546122.365133446,-144691.27356123552,26401431.09157221,50000000,0,26563239.395855494,-16347472.502325419
54794.129758957468,51470.448580002543,52546.891650481935,922804465.59751713,109943930.34395787,1.0000000000000001e-09,8000000,0,12693.040049231669,0.92280446559751717,26398672.88285191,-167408.56930455344,1,66.481873458467518,16.765134427054939,26546122.365133375,-147449.48228146508,26398672.88285191,50000000,0,26566081.447532021,-16531569.264769016
54694.169422748302,51520.428748107122,52633.459841009906,922804465.59751713,109943930.34395787,1.0000000000000001e-09,8000000,0,12691.545657683415,0.92280446559751717,26401977.144764289,-160684.88781843384,1,66.378034631964141,16.778387452608609,26546122.365133762,-144145.2203694731,26401977.144764289,50000000,0,26562662.027958293,-16287639.033467051
54594.209086539136,51570.408916211709,52720.028031537877,922804465.59751713,109943930.34395787,1.0000000000000001e-09,8000000,0,12693.132461742594,0.92280446559751717,26397720.356630392,-167779.22338134618,1,66.432914143786917,16.753838562911515,26546122.36513374,-148402.00850334764,26397720.356630392,50000000,0,26565499.575387299,-16578250.563590705
54494.248750329956,51620.389084316295,52806.596222065862,922804465.59751713,109943930.34395787,1.0000000000000001e-09,8000000,0,12691.985523914427,0.92280446559751717,26399139.670145348,-163315.08183724325,1,66.457661528648714,16.770805325308658,26546122.365133286,-146982.69498793781,26399139.670145348,50000000,0,26562454.747358173,-16475775.739813104
54394.288414120791,51670.369252420882,52893.164412593833,922804465.59751713,109943930.34395787,1.0000000000000001e-09,8000000,0,12692.70516130509,0.92280446559751717,26397355.303996217,-167630.07090457322,1,66.376815827465279,16.773720193061465,26546122.365133476,-148767.06113725901,26397355.303996217,50000000,0,26564985.370276369,-16605398.451911578
54294.328077911618,51720.349420525468,52979.732603121811,922804465.59751713,109943930.34395787,1.0000000000000001e-09,8000000,0,12692.142717097886,0.92280446559751717,26398882.283396717,-163334.22953411489,1,66.449342460095053,16.730386207256529,26546122.365133181,-147240.08173646405,26398882.283396717,50000000,0,26562216.508306365,-16512435.488975134
54194.36774170243,51770.329588630055,53066.300793649796,922804465.59751713,109943930.34395787,1.0000000000000001e-09,8000000,0,12692.608724690213,0.92280446559751717,26394561.945128296,-170181.57229841308,1,66.541807097990031,16.729651819523436,26546122.365133293,-151560.4200049974,26394561.945128296,50000000,0,26564743.512802247,-16832642.861351769
54094.407405493272,51820.309756734641,53152.868984177767,922804465.59751713,109943930.34395787,1.0000000000000001e-09,8000000,0,12692.408245231327,0.92280446559751717,26396326.181048799,-165921.49046570939,1,66.449385394700712,16.73985437064762,26546122.365133449,-149796.18408465013,26396326.181048799,50000000,0,26562247.666890115,-16713358.629704518
53994.447069284099,51870.289924839228,53239.437174705745,922804465.59751713,109943930.34395787,1.0000000000000001e-09,8000000,0,12692.359699322236,0.92280446559751717,26394577.219507039,-169708.71137417338,1,66.516619505222621,16.679552043788593,26546122.365133252,-151545.1456262134,26394577.219507039,50000000,0,26564285.926256787,-16869397.279651802
53894.486733074918,51920.270092943814,53326.005365233723,922804465.59751713,109943930.34395787,1.0000000000000001e-09,8000000,0,12692.18085556372,0.92280446559751717,26394247.698941834,-168076.8106803855,1,66.678305539513843,16.652719942135526,26546122.365133431,-151874.66619159654,26394247.698941834,50000000,0,26562324.504997771,-16916866.441833396
53794.526396865753,51970.250261048401,53412.573555761701,922804465.59751713,109943930.34395787,1.0000000000000001e-09,8000000,0,12692.924467768769,0.92280446559751717,26391078.268215165,-172892.13002645317,1,66.622755247513098,16.674149494550161,26546122.365133397,-155044.09691823274,26391078.268215165,50000000,0,26563970.393617172,-17139627.883781098
53694.566060656573,52020.230429152987,53499.141746289679,922804465.59751713,109943930.34395787,1.0000000000000001e-09,8000000,0,12691.842362157013,0.92280446559751717,26393056.663454268,-169252.51657975747,1,66.604532729733492,16.627145588261634,26546122.365133278,-153065.70167900994,26393056.663454268,50000000,0,26562309.175409652,-17029859.885024816
53594.605724447407,52070.210597257574,53585.70993681765,922804465.59751713,109943930.34395787,1.0000000000000001e-09,8000000,0,12692.757936487498,0.92280446559751717,26390661.658634249,-172852.63229037472,1,66.805308909310611,16.580555123523613,26546122.365133338,-155460.70649908856,26390661.658634249,50000000,0,26563514.286300182,-17229295.648750089
53494.645388238227,52120.19076536216,53672.278127345635,922804465.59751713,109943930.34395787,1.0000000000000001e-09,8000000,0,12692.288857312777,0.92280446559751717,26389540.172234397,-172951.7435990056,1,66.779496780123651,16.604797219844951,26546122.365133345,-156582.19289894775,26389540.172234397,50000000,0,26562491.911208972,-17320700.779956967
53394.685052029061,52170.170933466747,53758.846317873606,922804465.59751713,109943930.34395787,1.0000000000000001e-09,8000000,0,12692.483729328378,0.92280446559751717,26388118.070590224,-174954.12553197166,1,66.725534197356609,16.580593128109623,26546122.365133334,-158004.29454310983,26388118.070590224,50000000,0,26563072.191497754,-17422441.454677664
53294.724715819895,52220.151101571333,53845.414508401576,922804465.59751713,109943930.34395787,1.0000000000000001e-09,8000000,0,12692.472835558767,0.92280446559751717,26389012.475187618,-173498.33718363135,1,66.865710773365862,16.536891564357024,26546122.36513336,-157109.88994574174,26389012.475187618,50000000,0,26562510.807746828,-17421330.447895296
53194.764379610715,52270.13126967592,53931.982698929562,922804465.59751713,109943930.34395787,1.0000000000000001e-09,8000000,0,12692.178044619965,0.92280446559751717,26386154.983385425,-176538.47648594456,1,66.898984054052065,16.558973274377177,26546122.365133435,-159967.38174800947,26386154.983385425,50000000,0,26562693.45524691,-17625443.667996146
53094.804043401542,52320.111437780499,54018.550889457532,922804465.59751713,109943930.34395787,1.0000000000000001e-09,8000000,0,12692.778257056661,0.92280446559751717,26384763.228700057,-177914.15610247973,1,66.782055577979847,16.561146087203245,26546122.365133274,-161359.13643321767,26384763.228700057,50000000,0,26562677.38017806,-17743432.453071877
52994.843707192369,52370.091605885093,54105.11907998551,922804465.59751713,109943930.34395787,1.0000000000000001e-09,8000000,0,12692.195150790041,0.92280446559751717,26384843.277222291,-177443.24351847678,1,66.894084190947481,16.530255327294562,26546122.365133312,-161279.08791102096,26384843.277222291,50000000,0,26562286.516116355,-17778234.417337809
52894.883370983189,52420.071773989679,54191.687270513496,922804465.59751713,109943930.34395787,1.0000000000000001e-09,8000000,0,12692.32010245596,0.92280446559751717,26383587.336258013,-179178.64893549308,1,66.8944462581849,16.561824786772927,26546122.365133498,-162535.02887548506,26383587.336258013,50000000,0,26562765.980569091,-17900125.653632469
52794.923034774023,52470.051942094266,54278.255461041466,922804465.59751713,109943930.34395787,1.0000000000000001e-09,8000000,0,12692.621866033051,0.92280446559751717,26381843.509069834,-179985.42242276954,1,66.781190893893253,16.575285690916239,26546122.365133211,-164278.85606337711,26381843.509069834,50000000,0,26561828.92686813,-18017988.750868659
52694.96269856485,52520.032110198852,54364.823651569444,922804465.59751713,109943930.34395787,1.0000000000000001e-09,8000000,0,12692.318543052381,0.92280446559751717,26379963.024859451,-182851.90163547656,1,66.835404794631103,16.566914429769266,26546122.365133423,-166159.3402739726,26379963.024859451,50000000,0,26562814.921870492,-18184685.619241334
52595.002362355684,52570.012278303431,54451.391842097415,922804465.59751713,109943930.34395787,1.0000000000000001e-09,8000000,0,12692.282744693401,0.92280446559751717,26381435.516618434,-179900.42573969229,1,66.8106483013473,16.605277796312205,26546122.365133207,-164686.84851477295,26381435.516618434,50000000,0,26561335.937733743,-18118823.801513556
52495.042026146504,52619.992446408025,54537.9600326254,922804465.59751713,109943930.34395787,1.0000000000000001e-09,8000000,0,12692.618548846092,0.92280446559751717,26377874.458960216,-184897.11271934659,1,66.683950943246444,16.634787524023551,26546122.36513349,-168247.90617327392,26377874.458960216,50000000,0,26562771.567055147,-18368924.802597608
52395.081689937331,52669.972614512611,54624.528223153378,922804465.59751713,109943930.34395787,1.0000000000000001e-09,8000000,0,12692.195096658053,0.92280446559751717,26377544.963450912,-183468.42476844403,1,66.699833277554035,16.622867422629657,26546122.365133353,-168577.40168244019,26377544.963450912,50000000,0,26561013.383594949,-18426344.453681514
52295.121353728166,52719.952782617198,54711.096413681349,922804465.59751713,109943930.34395787,1.0000000000000001e-09,8000000,0,12692.905547113693,0.92280446559751717,26375540.129452132,-187290.60678188084,1,66.714879796666764,16.665438283622972,26546122.365133453,-170582.23568132147,26375540.129452132,50000000,0,26562830.731609497,-18609102.232269611
52195.161017518985,52769.932950721784,54797.664604209334,922804465.59751713,109943930.34395787,1.0000000000000001e-09,8000000,0,12691.693730432367,0.92280446559751717,26376649.30635279,-183869.18846402809,1,66.541643805970338,16.704754330403944,26546122.365133449,-169473.05878065899,26376649.30635279,50000000,0,26560518.490192432,-18549649.617249459
52095.200681309812,52819.913118826364,54884.232794737305,922804465.59751713,109943930.34395787,1.0000000000000001e-09,8000000,0,12693.03786921523,0.92280446559751717,26371691.844019219,-191167.82324330762,1,66.560666425471339,16.688761425657461,26546122.365133315,-174430.52111409605,26371691.844019219,50000000,0,26562859.662638038,-18917298.211641639
51995.240345100639,52869.893286930957,54970.800985265283,922804465.59751713,109943930.34395787,1.0000000000000001e-09,8000000,0,12692.063999856575,0.92280446559751717,26373151.625549078,-187045.08954384958,1,66.594580828601067,16.716054936226868,26546122.365133286,-172970.73958420753,26373151.625549078,50000000,0,26560196.710468508,-18857138.414155982
51895.280008891459,52919.873455035544,55057.369175793268,922804465.59751713,109943930.34395787,1.0000000000000001e-09,8000000,0,12692.4989415296,0.92280446559751717,26370675.844721295,-192066.5430817281,1,66.456170432996174,16.762452570316277,26546122.36513349,-175446.52041219547,26370675.844721295,50000000,0,26562742.383178476,-19053439.561278608
51795.319672682301,52969.853623140123,55143.937366321232,922804465.59751713,109943930.34395787,1.0000000000000001e-09,8000000,0,12692.256867113045,0.92280446559751717,26371078.995990645,-188682.21306691173,1,66.419737278766618,16.749034207364534,26546122.365133267,-175043.36914262176,26371078.995990645,50000000,0,26559761.204433165,-19040739.500672989
51695.359336473135,53019.83379124471,55230.50555684921,922804465.59751713,109943930.34395787,1.0000000000000001e-09,8000000,0,12692.726155891709,0.92280446559751717,26366389.942646246,-196370.13812976729,1,66.49572220785646,16.751762454151443,26546122.365133397,-179732.42248715088,26366389.942646246,50000000,0,26562760.076151516,-19407924.217324197
51595.399000263962,53069.813959349296,55317.073747377181,922804465.59751713,109943930.34395787,1.0000000000000001e-09,8000000,0,12692.138835172942,0.92280446559751717,26368993.345139492,-190422.06633961166,1,66.410878503709085,16.784892809618771,26546122.365133557,-177129.01999406517,26368993.345139492,50000000,0,26559415.406854678,-19250516.965325937
51495.438664054789,53119.794127453883,55403.641937905166,922804465.59751713,109943930.34395787,1.0000000000000001e-09,8000000,0,12692.729232458947,0.92280446559751717,26365035.706861094,-197491.54098156403,1,66.37291868798647,16.767957894793014,26546122.365133263,-181086.65827216953,26365035.706861094,50000000,0,26562527.243218228,-19560153.895753216
51395.478327845609,53169.774295558469,55490.210128433144,922804465.59751713,109943930.34395787,1.0000000000000001e-09,8000000,0,12691.923946740097,0.92280446559751717,26365096.795361374,-194170.92725007792,1,66.472127099106004,16.750300898418537,26546122.36513339,-181025.56977201626,26365096.795361374,50000000,0,26559267.717987034,-19592756.886011597
51295.517991636443,53219.754463663056,55576.778318961115,922804465.59751713,109943930.34395787,1.0000000000000001e-09,8000000,0,12693.179763097154,0.92280446559751717,26361016.446912188,-201445.48492589011,1,66.433277138449071,16.773822394922384,26546122.365133394,-185105.91822120547,26361016.446912188,50000000,0,26562461.927213661,-19909966.547081478
51195.557655427263,53269.734631767642,55663.3465094891,922804465.59751713,109943930.34395787,1.0000000000000001e-09,8000000,0,12691.502903350123,0.92280446559751717,26363729.965099923,-195236.43952127156,1,66.394041337671538,16.749091432868024,26546122.365133632,-182392.40003370866,26363729.965099923,50000000,0,26558966.399996746,-19755665.680510756
51095.597319218097,53319.714799872228,55749.914700017071,922804465.59751713,109943930.34395787,1.0000000000000001e-09,8000000,0,12693.08478329581,0.92280446559751717,26358417.117195416,-203839.03637960693,1,66.528909844503886,16.709949992897609,26546122.365133416,-187705.24793799967,26358417.117195416,50000000,0,26562256.148950607,-20167155.143587779
50995.636983008924,53369.694967976815,55836.482890545049,922804465.59751713,109943930.34395787,1.0000000000000001e-09,8000000,0,12692.003902325341,0.92280446559751717,26359153.485428195,-199637.53897210231,1,66.538567664598261,16.728442314727005,26546122.3651333,-186968.87970510498,26359153.485428195,50000000,0,26558791.019775853,-20133444.211774766
50895.676646799737,53419.675136081401,55923.051081073034,922804465.59751713,109943930.34395787,1.0000000000000001e-09,8000000,0,12692.725856372897,0.92280446559751717,26356097.627975229,-205859.46660140026,1,66.46761993755166,16.709210322548067,26546122.36513352,-190024.73715829104,26356097.627975229,50000000,0,26561957.089952257,-20376757.414473981
50795.716310590571,53469.655304185988,56009.619271601005,922804465.59751713,109943930.34395787,1.0000000000000001e-09,8000000,0,12692.065367153442,0.92280446559751717,26357701.969659965,-200736.21126127712,1,66.616603604259538,16.653072036002385,26546122.365133401,-188420.39547343552,26357701.969659965,50000000,0,26558438.176296778,-20308062.190221544
50695.755974381405,53519.635472290574,56096.187462128983,922804465.59751713,109943930.34395787,1.0000000000000001e-09,8000000,0,12692.760429263293,0.92280446559751717,26351920.667521514,-209928.14080908778,1,66.682880052202222,16.651738731989692,26546122.365133271,-194201.69761175662,26351920.667521514,50000000,0,26561848.803706121,-20751833.903616682
50595.795638172232,53569.615640395161,56182.755652656953,922804465.59751713,109943930.34395787,1.0000000000000001e-09,8000000,0,12692.193829432998,0.92280446559751717,26353500.915201176,-204804.21528249167,1,66.626087003267685,16.645797168052948,26546122.365133394,-192621.4499322176,26353500.915201176,50000000,0,26558305.125859268,-20654024.98738708
50495.835301963059,53619.595808499747,56269.323843184939,922804465.59751713,109943930.34395787,1.0000000000000001e-09,8000000,0,12692.671796494447,0.92280446559751717,26350430.351181082,-211047.44534776005,1,66.713178846054689,16.592212137517272,26546122.365133509,-195692.01395242661,26350430.351181082,50000000,0,26561477.791904368,-20939391.854799319
50395.874965753886,53669.575976604334,56355.892033712909,922804465.59751713,109943930.34395787,1.0000000000000001e-09,8000000,0,12691.865546865345,0.92280446559751717,26350307.024313729,-207966.02845706913,1,66.829458818969897,16.584327255324265,26546122.365133252,-195815.34081952274,26350307.024313729,50000000,0,26558273.048146363,-20976549.191513408
50295.914629544721,53719.556144708913,56442.46022424088,922804465.59751713,109943930.34395787,1.0000000000000001e-09,8000000,0,12693.145004367958,0.92280446559751717,26345494.165880114,-215658.31508526503,1,66.748639192087154,16.587749872789825,26546122.365133267,-200628.19925315306,26345494.165880114,50000000,0,26561152.476340953,-21339679.610466167
50195.954293335541,53769.536312813507,56529.028414768865,922804465.59751713,109943930.34395787,1.0000000000000001e-09,8000000,0,12691.706024575935,0.92280446559751717,26347421.448449083,-210746.11692081828,1,66.821736351018941,16.547120985095013,26546122.365133338,-198700.916684255,26347421.448449083,50000000,0,26558167.560745496,-21249714.392948207
50095.993957126368,53819.516480918093,56615.596605296843,922804465.59751713,109943930.34395787,1.0000000000000001e-09,8000000,0,12692.880442309295,0.92280446559751717,26343798.206156045,-216956.57786489496,1,66.902088506036122,16.550907526780662,26546122.36513323,-202324.15897718444,26343798.206156045,50000000,0,26560754.779396519,-21561547.227339685
49996.033620917195,53869.49664902268,56702.164795824814,922804465.59751713,109943930.34395787,1.0000000000000001e-09,8000000,0,12692.149297319096,0.92280446559751717,26343068.397528011,-215061.17132661911,1,66.805993392932621,16.566373838895991,26546122.365133461,-203053.96760544926,26343068.397528011,50000000,0,26558129.564230155,-21620784.013053138
49896.073284708022,53919.476817127266,56788.732986352799,922804465.59751713,109943930.34395787,1.0000000000000001e-09,8000000,0,12692.694914911683,0.92280446559751717,26339311.495181885,-221085.22965736024,1,66.852579780866321,16.53664963305593,26546122.365133312,-206810.86995142698,26339311.495181885,50000000,0,26560396.720214859,-21932285.410921592
49796.112948498841,53969.456985231853,56875.301176880777,922804465.59751713,109943930.34395787,1.0000000000000001e-09,8000000,0,12692.236695837439,0.92280446559751717,26340992.759480752,-217056.28250592761,1,66.912512664412233,16.551705343570511,26546122.365133431,-205129.60565267876,26340992.759480752,50000000,0,26558049.037362222,-21883337.072342537
49696.152612289676,54019.437153336439,56961.869367408755,922804465.59751713,109943930.34395787,1.0000000000000001e-09,8000000,0,12692.369971140481,0.92280446559751717,26336206.097475823,-223756.20889273399,1,66.796092913924952,16.587629031521704,26546122.365133341,-209916.26765751839,26336206.097475823,50000000,0,26559962.301744122,-22233068.261925753
49596.192276080517,54069.417321441018,57048.437557936719,922804465.59751713,109943930.34395787,1.0000000000000001e-09,8000000,0,12692.46737768574,0.92280446559751717,26335429.974418078,-222718.75652811537,1,66.77558119784328,16.566600813661566,26546122.365133367,-210692.39071528986,26335429.974418078,50000000,0,26558148.726321749,-22339753.704274118
49496.231939871337,54119.397489545605,57135.005748464697,922804465.59751713,109943930.34395787,1.0000000000000001e-09,8000000,0,12692.575632131253,0.92280446559751717,26332809.095946841,-226720.8795022422,1,66.873563717042799,16.583036416031199,26546122.36513336,-213313.26918651909,26332809.095946841,50000000,0,26559529.970824655,-22586045.603845857
49396.271603662171,54169.377657650191,57221.573938992675,922804465.59751713,109943930.34395787,1.0000000000000001e-09,8000000,0,12691.94728505929,0.92280446559751717,26332951.22878518,-225213.25984316552,1,66.704295827227497,16.642961874497946,26546122.365133319,-213171.13634813949,26332951.22878518,50000000,0,26558164.484003894,-22618571.675662741
49296.311267452991,54219.357825754778,57308.142129520653,922804465.59751713,109943930.34395787,1.0000000000000001e-09,8000000,0,12692.912251553771,0.92280446559751717,26328508.239501175,-230497.38350286227,1,66.648465284979451,16.633041347480894,26546122.365133397,-217614.12563222274,26328508.239501175,50000000,0,26559005.618379604,-22949930.251498882
49196.350931243825,54269.337993859364,57394.710320048631,922804465.59751713,109943930.34395787,1.0000000000000001e-09,8000000,0,12692.116978909369,0.92280446559751717,26327367.171716414,-230830.76699079195,1,66.730671485568351,16.641366021673932,26546122.365133327,-218755.19341691211,26327367.171716414,50000000,0,26558197.93408284,-23099831.216707364
49096.390595034645,54319.318161963951,57481.278510576609,922804465.59751713,109943930.34395787,1.0000000000000001e-09,8000000,0,12692.498546470993,0.92280446559751717,26326339.771677952,-232100.33482607486,1,66.617348191570926,16.706633540768856,26546122.365133379,-219782.59345542639,26326339.771677952,50000000,0,26558440.101879511,-23214906.333453715
48996.43025882548,54369.298330068537,57567.84670110458,922804465.59751713,109943930.34395787,1.0000000000000001e-09,8000000,0,12692.399948711238,0.92280446559751717,26323905.444374558,-234138.02791938017,1,66.475652400408734,16.718713611560567,26546122.365133218,-222216.92075866088,26323905.444374558,50000000,0,26558043.467669502,-23411125.469563033
48896.469922616307,54419.278498173124,57654.414891632558,922804465.59751713,109943930.34395787,1.0000000000000001e-09,8000000,0,12692.332594149542,0.92280446559751717,26320670.179764688,-237400.56594447861,1,66.570506601530511,16.700725295647516,26546122.36513342,-225452.18536873162,26320670.179764688,50000000,0,26558070.741084646,-23703344.908195052
48796.509586407119,54469.25866627771,57740.983082160543,922804465.59751713,109943930.34395787,1.0000000000000001e-09,8000000,0,12692.737966121562,0.92280446559751717,26319470.509821661,-238611.33339280303,1,66.531810710527353,16.748922811346109,26546122.365133334,-226651.85531167313,26319470.509821661,50000000,0,26558081.838590063,-23848453.52548537
48696.549250197961,54519.238834382297,57827.551272688514,922804465.59751713,109943930.34395787,1.0000000000000001e-09,8000000,0,12691.914045854457,0.92280446559751717,26318143.849008545,-239325.70870906746,1,66.396756877910818,16.769317958223986,26546122.365133449,-227978.51612490416,26318143.849008545,50000000,0,26557469.553093165,-23982458.359167255
48596.588913988788,54569.219002486883,57914.119463216492,922804465.59751713,109943930.34395787,1.0000000000000001e-09,8000000,0,12692.753463194127,0.92280446559751717,26313903.2353824,-244227.26485787981,1,66.447040087927505,16.747144010311818,26546122.365133386,-232219.12975098565,26313903.2353824,50000000,0,26558130.495615881,-24336246.965713166
48496.628577779607,54619.19917059147,58000.68765374447,922804465.59751713,109943930.34395787,1.0000000000000001e-09,8000000,0,12692.400089636596,0.92280446559751717,26312547.138035972,-244503.73148375694,1,66.472703640557327,16.767823195357735,26546122.365133468,-233575.22709749639,26312547.138035972,50000000,0,26557050.864895247,-24496206.385701068
48396.668241570442,54669.179338696056,58087.255844272448,922804465.59751713,109943930.34395787,1.0000000000000001e-09,8000000,0,12692.205966817182,0.92280446559751717,26310377.927050479,-247693.04158104814,1,66.372795221444946,16.782488288742513,26546122.365133341,-235744.43808286265,26310377.927050479,50000000,0,26558070.964007106,-24700915.353234533
48296.707905361262,54719.159506800643,58173.824034800426,922804465.59751713,109943930.34395787,1.0000000000000001e-09,8000000,0,12692.486820631002,0.92280446559751717,26308607.412936848,-247939.42440973382,1,66.42248542074725,16.751810746839407,26546122.365133442,-237514.95219659433,26308607.412936848,50000000,0,26556546.832722101,-24889383.570745703
48196.747569152096,54769.139674905229,58260.392225328404,922804465.59751713,109943930.34395787,1.0000000000000001e-09,8000000,0,12692.549568493805,0.92280446559751717,26303699.330580335,-254523.24304279659,1,66.476555098694504,16.759645466895879,26546122.365133431,-242423.0345530957,26303699.330580335,50000000,0,26558222.568998698,-25301371.771545306
48096.787232942916,54819.119843009816,58346.960415856382,922804465.59751713,109943930.34395787,1.0000000000000001e-09,8000000,0,12692.208197372986,0.92280446559751717,26303890.644984618,-252279.14728099408,1,66.401756751116849,16.762295837073001,26546122.365133408,-242231.72014879063,26303890.644984618,50000000,0,26556169.787641164,-25346907.046589088
47996.82689673375,54869.100011114402,58433.528606384352,922804465.59751713,109943930.34395787,1.0000000000000001e-09,8000000,0,12692.672827478238,0.92280446559751717,26299957.923929185,-258282.58855807726,1,66.469932350987818,16.717645921283218,26546122.365133405,-246164.44120422006,26299957.923929185,50000000,0,26558240.507862829,-25714405.451790102
47896.866560524577,54919.080179218989,58520.09679691233,922804465.59751713,109943930.34395787,1.0000000000000001e-09,8000000,0,12691.975989166202,0.92280446559751717,26297897.316906162,-258266.12089872168,1,66.574709542153911,16.705318310889375,26546122.36513333,-248225.04822716862,26297897.316906162,50000000,0,26556163.433180355,-25946948.872199245
47796.906224315404,54969.060347323575,58606.664987440308,922804465.59751713,109943930.34395787,1.0000000000000001e-09,8000000,0,12693.11889968496,0.92280446559751717,26293177.960044481,-265489.10611003556,1,66.514829982334859,16.711743647299432,26546122.365133502,-252944.40508902073,26293177.960044481,50000000,0,26558667.061530158,-26346519.504294101
47696.945888106231,55019.040515428162,58693.233177968286,922804465.59751713,109943930.34395787,1.0000000000000001e-09,8000000,0,12691.638065680238,0.92280446559751717,26294543.692340441,-261680.59317963093,1,66.563742585188265,16.658062976168857,26546122.365133502,-251578.67279306054,26294543.692340441,50000000,0,26556224.280895565,-26346972.883762509
47596.985551897058,55069.020683532748,58779.801368496264,922804465.59751713,109943930.34395787,1.0000000000000001e-09,8000000,0,12692.9448075652,0.92280446559751717,26289467.420813274,-269644.03747173474,1,66.718264802839386,16.634453315238961,26546122.365133222,-256654.94431994855,26289467.420813274,50000000,0,26559111.453660678,-26767471.949645173
47497.025215687878,55119.000851637335,58866.369559024242,922804465.59751713,109943930.34395787,1.0000000000000001e-09,8000000,0,12691.93323813524,0.92280446559751717,26290681.457830444,-265605.23333965929,1,66.655577770759365,16.648714833762234,26546122.365133852,-255440.90730340779,26290681.457830444,50000000,0,26556286.686545618,-26629840.367442571
47397.064879478712,55168.981019741921,58952.93774955222,922804465.59751713,109943930.34395787,1.0000000000000001e-09,8000000,0,12693.668878476965,0.92280446559751717,26292195.473461248,-266710.61229238909,1,66.670126887459233,16.599714658636991,26546122.365133248,-253926.89167200029,26292195.473461248,50000000,0,26558906.081129238,-26427081.832103275
47297.104543269539,55218.961187846508,59039.505940080191,922804465.59751713,109943930.34395787,1.0000000000000001e-09,8000000,0,12700.050439353796,0.92280446559751717,26300092.386543859,-254430.01683847449,1,66.847314050894809,16.561548577655643,26546122.365128238,-246029.97858437896,26300092.386543859,50000000,0,26554522.398757875,-25804269.70915525
47197.144207060366,55268.941355951094,59126.074130608176,922804465.59751713,109943930.34395787,1.0000000000000001e-09,8000000,0,12699.419377045177,0.92280446559751717,26292838.102958389,-263803.0126596847,1,66.800820545713918,16.585388858470186,26546122.365133505,-253284.26217511669,26292838.102958389,50000000,0,26556641.11099365,-26245632.717442013
47097.183870851186,55318.92152405568,59212.642321136154,922804465.59751713,109943930.34395787,1.0000000000000001e-09,8000000,0,12693.616131245179,0.92280446559751717,26286616.571836784,-265873.77380709298,1,66.749499584260036,16.553572750010094,26546122.365133718,-259505.79329693317,26286616.571836784,50000000,0,26552490.341019392,-26710289.528561965
46997.22353464202,55368.901692160267,59299.210511664125,922804465.59751713,109943930.34395787,1.0000000000000001e-09,8000000,0,12694.469511057665,0.92280446559751717,26278381.529783107,-277165.0988370569,1,66.936830835544697,16.51653226724083,26546122.365132391,-267740.83534928411,26278381.529783107,50000000,0,26555546.62399574,-27544730.395314187
46897.263198432847,55418.881860264853,59385.778702192103,922804465.59751713,109943930.34395787,1.0000000000000001e-09,8000000,0,12691.436347638057,0.92280446559751717,26274166.627783284,-277964.89781402488,1,66.902254944546542,16.564105117197876,26546122.36513263,-271955.73734934628,26274166.627783284,50000000,0,26552131.520972822,-27959321.185908522
46797.302862223674,55468.86202836944,59472.346892720081,922804465.59751713,109943930.34395787,1.0000000000000001e-09,8000000,0,12693.324809357749,0.92280446559751717,26266850.199260466,-288879.86369130423,1,66.762526939087309,16.555762668207766,26546122.3651338,-279272.16587333381,26266850.199260466,50000000,0,26555730.058327366,-28599573.427040666
46697.342526014516,55518.842196474019,59558.915083248045,922804465.59751713,109943930.34395787,1.0000000000000001e-09,8000000,0,12691.481430563972,0.92280446559751717,26267989.993985735,-284431.71439937013,1,66.934467478929307,16.520670813192609,26546122.36513279,-278132.37114705518,26267989.993985735,50000000,0,26552421.703760687,-28622164.244793158
46597.382189805343,55568.822364578606,59645.483273776023,922804465.59751713,109943930.34395787,1.0000000000000001e-09,8000000,0,12694.338487135632,0.92280446559751717,26265429.916374937,-290620.91356610763,1,66.888376173110188,16.573361736202461,26546122.365132727,-280692.44875779003,26265429.916374937,50000000,0,26556050.825316593,-28913467.313954577
46497.421853596155,55618.802532683192,59732.051464304008,922804465.59751713,109943930.34395787,1.0000000000000001e-09,8000000,0,12694.107577377956,0.92280446559751717,26264694.668948278,-288131.26010016154,1,66.718657963141652,16.598134228904417,26546122.365133531,-281427.69618525356,26264694.668948278,50000000,0,26552825.924423981,-28994409.076202787
46397.461517386997,55668.782700787779,59818.619654831979,922804465.59751713,109943930.34395787,1.0000000000000001e-09,8000000,0,12693.799319942411,0.92280446559751717,26257904.630945958,-298474.06269477913,1,66.792109633375404,16.570014381684611,26546122.365133073,-288217.73418711498,26257904.630945958,50000000,0,26556378.689016324,-29618193.868894611
46297.501181177824,55718.762868892365,59905.187845359957,922804465.59751713,109943930.34395787,1.0000000000000001e-09,8000000,0,12691.9067322093,0.92280446559751717,26257411.51899375,-295717.31847114663,1,66.830592129102214,16.616889346743076,26546122.365133084,-288710.84613933414,26257411.51899375,50000000,0,26553128.832840465,-29781136.274477333
46197.540844968644,55768.743036996952,59991.756035887935,922804465.59751713,109943930.34395787,1.0000000000000001e-09,8000000,0,12692.650299725383,0.92280446559751717,26250907.163120549,-305258.89418660593,1,66.619706964037746,16.667825628376626,26546122.365133461,-295215.20201291144,26250907.163120549,50000000,0,26556166.052682713,-30319032.230681449
46097.580508759478,55818.723205101538,60078.324226415913,922804465.59751713,109943930.34395787,1.0000000000000001e-09,8000000,0,12692.162111252937,0.92280446559751717,26249101.648144156,-304111.18437808007,1,66.631170533764276,16.645272559600748,26546122.365133341,-297020.71698918566,26249101.648144156,50000000,0,26553212.82789778,-30537308.389086887
45997.620172550298,55868.703373206125,60164.892416943891,922804465.59751713,109943930.34395787,1.0000000000000001e-09,8000000,0,12692.891784623012,0.92280446559751717,26244348.097548433,-311561.26540934085,1,66.698197428681581,16.6742120305485,26546122.365133271,-301774.26758483797,26244348.097548433,50000000,0,26555909.358333297,-30985032.940253295
45897.659836341132,55918.683541310711,60251.460607471861,922804465.59751713,109943930.34395787,1.0000000000000001e-09,8000000,0,12691.649643106528,0.92280446559751717,26244650.377792191,-308407.05318090622,1,66.520041381764841,16.730490928381908,26546122.365133628,-301471.98734143749,26244650.377792191,50000000,0,26553057.426348619,-31020862.902698081
45797.699500131952,55968.663709415297,60338.028797999847,922804465.59751713,109943930.34395787,1.0000000000000001e-09,8000000,0,12693.110359383341,0.92280446559751717,26238063.801879264,-317418.92007040576,1,66.483540331538919,16.718836046875875,26546122.365133557,-308058.56325429305,26238063.801879264,50000000,0,26555482.717325266,-31544003.141035929
45697.739163922786,56018.643877519884,60424.596988527817,922804465.59751713,109943930.34395787,1.0000000000000001e-09,8000000,0,12691.977328773397,0.92280446559751717,26237120.686442714,-315875.34839402087,1,66.551450992068382,16.729665207742318,26546122.365133252,-309001.67869053781,26237120.686442714,50000000,0,26552996.030212261,-31703968.783061817
45597.778827713613,56068.62404562447,60511.165179055795,922804465.59751713,109943930.34395787,1.0000000000000001e-09,8000000,0,12692.668503539289,0.92280446559751717,26233676.344491299,-321293.40696510422,1,66.445525133269484,16.771125374944678,26546122.365133394,-312446.02064209431,26233676.344491299,50000000,0,26554969.746831987,-32009721.735786416
45497.818491504426,56118.604213729057,60597.733369583781,922804465.59751713,109943930.34395787,1.0000000000000001e-09,8000000,0,12692.209835515921,0.92280446559751717,26232209.708842941,-320594.09502444329,1,66.39102648069472,16.764824654811971,26546122.36513349,-313912.65629054978,26232209.708842941,50000000,0,26552803.799242895,-32169908.894633491
45397.85815529526,56168.584381833643,60684.301560111751,922804465.59751713,109943930.34395787,1.0000000000000001e-09,8000000,0,12692.535843579864,0.92280446559751717,26226771.71637984,-327882.09510909917,1,66.466188478658466,16.75613382088547,26546122.365133222,-319350.64875338227,26226771.71637984,50000000,0,26554653.806864545,-32633915.300853953
45297.897819086094,56218.56454993823,60770.869750639729,922804465.59751713,109943930.34395787,1.0000000000000001e-09,8000000,0,12692.510180189478,0.92280446559751717,26226611.685472496,-326217.15955079265,1,66.415707604369459,16.782542513806401,26546122.365133367,-319510.67966087162,26226611.685472496,50000000,0,26552828.840398833,-32702091.876224604
45197.937482876914,56268.544718042816,60857.437941167707,922804465.59751713,109943930.34395787,1.0000000000000001e-09,8000000,0,12692.198425522573,0.92280446559751717,26223857.330145668,-330230.7814380065,1,66.379525670287734,16.761759770135178,26546122.365133293,-322265.03498762473,26223857.330145668,50000000,0,26554088.106959261,-32942917.381357931
45097.977146667748,56318.524886147403,60944.006131695685,922804465.59751713,109943930.34395787,1.0000000000000001e-09,8000000,0,12692.398163535099,0.92280446559751717,26221890.522382624,-330967.71907950536,1,66.489739157155498,16.740603230217108,26546122.365133248,-324231.84275062382,26221890.522382624,50000000,0,26552858.236837685,-33131063.170325562
44998.016810458568,56368.505054251989,61030.574322223663,922804465.59751713,109943930.34395787,1.0000000000000001e-09,8000000,0,12692.75635768692,0.92280446559751717,26219725.203744035,-333910.11991926626,1,66.456408376984697,16.761816341390215,26546122.365133408,-326397.16138937324,26219725.203744035,50000000,0,26553635.319038872,-33284688.31540129
44898.056474249403,56418.485222356576,61117.142512751634,922804465.59751713,109943930.34395787,1.0000000000000001e-09,8000000,0,12691.923167609973,0.92280446559751717,26221395.300722592,-331325.77309089073,1,66.417682625121188,16.734537540333985,26546122.365133461,-324727.06441086903,26221395.300722592,50000000,0,26552721.069189034,-33150088.788790412
44798.096138040222,56468.465390461162,61203.710703279619,922804465.59751713,109943930.34395787,1.0000000000000001e-09,8000000,0,12692.719885484659,0.92280446559751717,26221508.005734775,-331485.62534986431,1,66.567913662174888,16.686409677064606,26546122.365132973,-324614.35939819738,26221508.005734775,50000000,0,26552993.626460236,-33110478.542802501
44698.135801831057,56518.445558565749,61290.27889380759,922804465.59751713,109943930.34395787,1.0000000000000001e-09,8000000,0,12692.341696672453,0.92280446559751717,26223121.524269287,-329584.88811108051,1,66.591670096821403,16.705649777455399,26546122.365134209,-323000.84086492285,26223121.524269287,50000000,0,26552706.407755885,-32878185.079789765
44598.175465621884,56568.425726670335,61376.847084335568,922804465.59751713,109943930.34395787,1.0000000000000001e-09,8000000,0,12692.416946931988,0.92280446559751717,26229101.952660404,-323200.35838651017,1,66.507272037719204,16.68658079602632,26546122.36513019,-317020.41246978566,26229101.952660404,50000000,0,26552302.306422427,-32251506.37263092
44498.215129412696,56618.405894774922,61463.415274863553,922804465.59751713,109943930.34395787,1.0000000000000001e-09,8000000,0,12692.475072980484,0.92280446559751717,26237800.784124892,-314648.1934307192,1,66.665376734852344,16.617746007118033,26546122.36514641,-308321.58102151752,26237800.784124892,50000000,0,26552448.972931229,-31397107.321749482
44398.25479320353,56668.386062879508,61549.983465391524,922804465.59751713,109943930.34395787,1.0000000000000001e-09,8000000,0,12692.218356867039,0.92280446559751717,26249421.348678965,-302559.56927462359,1,66.776483274892172,16.618834189840694,26546122.365082778,-296701.01640381292,26249421.348678965,50000000,0,26551980.913329124,-30190730.294612352
44298.294456994365,56718.366230984095,61636.551655919502,922804465.59751713,109943930.34395787,1.0000000000000001e-09,8000000,0,12692.475439588692,0.92280446559751717,26265950.18708488,-286309.04327605187,1,66.661546360946062,16.627602884177549,26546122.365308259,-280172.17822337896,26265950.18708488,50000000,0,26552259.225736491,-28569863.352034919
44198.334120785192,56768.346399088681,61723.119846447473,922804465.59751713,109943930.34395787,1.0000000000000001e-09,8000000,0,12693.601620773965,0.92280446559751717,26286021.690685079,-267980.44834507041,1,66.747685417699614,16.563049529691991,26546122.364503998,-260100.67381891981,26286021.690685079,50000000,0,26554002.134405695,-27053922.969081726
44098.373784576019,56818.326567193268,61809.688036975458,922804465.59751713,109943930.34395787,1.0000000000000001e-09,8000000,0,12686.427518695364,0.92280446559751717,26293165.463472448,-266026.8100514345,1,66.920578007176744,16.552321609048938,26546122.367393486,-252956.90392103791,26293165.463472448,50000000,0,26559192.268899467,-28706205.616346978
43998.413448366839,56868.306735297854,61896.256227503436,922804465.59751713,109943930.34395787,1.0000000000000001e-09,8000000,0,12719.97332658929,0.92280446559751717,26181019.926250417,-390577.4933612207,1,50.194597126105826,8.2345447389522537,26546122.359462943,-365102.43321252614,26181019.926250417,50000000,0,26571597.414987173,-27816897.470683523
43948.433280262252,56893.296819350144,61939.540322767425,922804465.59751713,109943930.34395787,1.0000000000000001e-09,8000000,0,12924.136649754024,0.92280446559751717,26060735.882752985,-462521.77248801565,1,33.386467620511176,8.315117220039383,26546122.367616303,-485386.4848633185,26060735.882752985,50000000,0,26523257.650616542,-23362306.14591955
43898.453112157673,56918.286903402441,61982.824418031407,922804465.59751713,109943930.34395787,1.0000000000000001e-09,8000000,0,12966.98696168373,0.92280446559751717,25975983.907622781,-565729.86253510707,1,33.342110000909919,8.3114504983669537,26546122.364790488,-570138.45716770738,25975983.907622781,50000000,0,26541713.765533458,-27599998.626480874
43848.472944053094,56943.27698745473,62026.108513295389,922804465.59751713,109943930.34395787,1.0000000000000001e-09,8000000,0,12958.422551494121,0.92280446559751717,25955567.596517067,-588519.24401625537,1,33.363524293327778,8.309380249896364,26546122.365204647,-590554.76868757978,25955567.596517067,50000000,0,26544086.835908912,-29236362.162259985
43798.492775948514,56968.26707150702,62069.392608559378,922804465.59751713,109943930.34395787,1.0000000000000001e-09,8000000,0,12960.74484926617,0.92280446559751717,25960162.823542971,-589604.78064358362,1,33.361564721138109,8.3109932833769218,26546122.365136977,-585959.54159400612,25960162.823542971,50000000,0,26549767.599562168,-29376927.541121468
43748.512607843921,56993.257155559317,62112.676703823367,922804465.59751713,109943930.34395787,1.0000000000000001e-09,8000000,0,12960.102338514496,0.92280446559751717,25970453.482508373,-579540.75339096447,1,33.35399425981602,8.3123848282342312,26546122.365123909,-575668.88261553645,25970453.482508373,50000000,0,26549994.231274866,-28949971.532557163
43698.532439739334,57018.247239611606,62155.960799087356,922804465.59751713,109943930.34395787,1.0000000000000001e-09,8000000,0,12960.277040897676,0.92280446559751717,25983005.791304126,-567799.89093122177,1,33.356621475466874,8.3105999370474581,26546122.365137264,-563116.57383313775,25983005.791304126,50000000,0,26550805.677610859,-28382967.229710806
43648.552271634748,57043.237323663896,62199.244894351345,922804465.59751713,109943930.34395787,1.0000000000000001e-09,8000000,0,12960.250525702597,0.92280446559751717,25994339.942578986,-556604.27205205755,1,33.361082005660542,8.3109627263079098,26546122.365132041,-551782.42255305499,25994339.942578986,50000000,0,26550944.210006658,-27834081.574807338
43598.572103530169,57068.227407716193,62242.528989615326,922804465.59751713,109943930.34395787,1.0000000000000001e-09,8000000,0,12960.242335622797,0.92280446559751717,26003952.139656708,-547036.87431513716,1,33.355006273550728,8.3160846943950713,26546122.365133788,-542170.22547708079,26003952.139656708,50000000,0,26550989.009347357,-27353882.877899062
43548.591935425575,57093.21749176849,62285.813084879323,922804465.59751713,109943930.34395787,1.0000000000000001e-09,8000000,0,12960.216847272606,0.92280446559751717,26011969.580588594,-538901.09463966684,1,33.340702465241741,8.3196072108528849,26546122.365133125,-534152.78454453126,26011969.580588594,50000000,0,26550870.67060376,-26945619.29241401
43498.611767320988,57118.207575820779,62329.097180143312,922804465.59751713,109943930.34395787,1.0000000000000001e-09,8000000,0,12960.329338831803,0.92280446559751717,26018372.335697096,-532365.66917489329,1,33.34086883381773,8.3193200579934778,26546122.365133636,-527750.02943653986,26018372.335697096,50000000,0,26550738.000247557,-26619105.674616318
43448.631599216402,57143.197659873069,62372.381275407301,922804465.59751713,109943930.34395787,1.0000000000000001e-09,8000000,0,12960.414096936334,0.92280446559751717,26023357.66854997,-527221.72768357163,1,33.341306582840183,8.3226012873801558,26546122.365133245,-522764.69658327475,26023357.66854997,50000000,0,26550579.391609102,-26361246.681486148
43398.651431111823,57168.187743925366,62415.665370671282,922804465.59751713,109943930.34395787,1.0000000000000001e-09,8000000,0,12960.732052874037,0.92280446559751717,26027260.958775368,-523161.5550899831,1,33.326477393783939,8.3310634023857055,26546122.365133379,-518861.40635801107,26027260.958775368,50000000,0,26550422.509240963,-26155151.932853587
43348.671263007229,57193.177827977663,62458.949465935271,922804465.59751713,109943930.34395787,1.0000000000000001e-09,8000000,0,12961.132300337946,0.92280446559751717,26030289.104292065,-520001.31976618507,1,33.308674044803425,8.3342912274071086,26546122.365133379,-515833.26084131375,26030289.104292065,50000000,0,26550290.419433717,-25996174.08543732
43298.69109490265,57218.167912029952,62502.23356119926,922804465.59751713,109943930.34395787,1.0000000000000001e-09,8000000,0,12961.499096840957,0.92280446559751717,26032217.252450556,-517995.76227139129,1,33.313373112706138,8.334509242072345,26546122.36513336,-513905.11268280447,26032217.252450556,50000000,0,26550213.01009756,-25897803.801673375
43248.710926798063,57243.157996082242,62545.517656463249,922804465.59751713,109943930.34395787,1.0000000000000001e-09,8000000,0,12961.692640180569,0.92280446559751717,26033331.341529656,-516860.09813426505,1,33.307862751374557,8.3398946250007331,26546122.365133207,-512791.02360355109,26033331.341529656,50000000,0,26550191.435039464,-25839591.349862874
43198.730758693477,57268.148080134539,62588.801751727238,922804465.59751713,109943930.34395787,1.0000000000000001e-09,8000000,0,12962.01403955004,0.92280446559751717,26033823.834560953,-516414.87874784606,1,33.291374752571585,8.3469454926109705,26546122.365133371,-512298.53057241812,26033823.834560953,50000000,0,26550238.70868437,-25816554.195080824
43148.750590588883,57293.138164186836,62632.085846991227,922804465.59751713,109943930.34395787,1.0000000000000001e-09,8000000,0,12962.583189167279,0.92280446559751717,26033553.657620959,-516815.90449990658,1,33.279813801025163,8.3479803089257061,26546122.365133394,-512568.70751243457,26033553.657620959,50000000,0,26550369.557496395,-25835829.3854331
43098.770422484304,57318.128248239125,62675.369942255216,922804465.59751713,109943930.34395787,1.0000000000000001e-09,8000000,0,12962.76439267091,0.92280446559751717,26032410.407221332,-518185.8736730676,1,33.287832201314714,8.3468769041772859,26546122.365133274,-513711.95791194215,26032410.407221332,50000000,0,26550596.276269998,-25907026.65875705
43048.79025437971,57343.118332291415,62718.654037519205,922804465.59751713,109943930.34395787,1.0000000000000001e-09,8000000,0,12963.279235832146,0.92280446559751717,26030542.495214731,-520359.08790721139,1,33.282988799518314,8.3511545890905108,26546122.365133248,-515579.86991851777,26030542.495214731,50000000,0,26550901.578497503,-26018719.792255789
42998.810086275131,57368.108416343712,62761.938132783194,922804465.59751713,109943930.34395787,1.0000000000000001e-09,8000000,0,12963.680575873683,0.92280446559751717,26027479.368758794,-523805.46306666353,1,33.272350586341524,8.3518827934637319,26546122.365133539,-518642.99637474492,26027479.368758794,50000000,0,26551284.827200983,-26189809.616514355
42948.829918170544,57393.098500396009,62805.222228047176,922804465.59751713,109943930.34395787,1.0000000000000001e-09,8000000,0,12962.939789704662,0.92280446559751717,26022895.365398277,-528739.63087988726,1,33.278870360368295,8.3491260098151798,26546122.365133267,-523226.9997349903,26022895.365398277,50000000,0,26551634.991653789,-26432615.900747333
42898.849750065958,57418.088584448298,62848.506323311165,922804465.59751713,109943930.34395787,1.0000000000000001e-09,8000000,0,12961.595413829824,0.92280446559751717,26017347.26830966,-534426.76885608339,1,33.28362152922346,8.348292948091018,26546122.365133449,-528775.09682378918,26017347.26830966,50000000,0,26551774.032541305,-26712364.013767619
42848.869581961379,57443.078668500588,62891.790418575154,922804465.59751713,109943930.34395787,1.0000000000000001e-09,8000000,0,12960.501191622707,0.92280446559751717,26011517.782902297,-540253.19038522022,1,33.283228878222886,8.3468288111541504,26546122.365133446,-534604.58223114908,26011517.782902297,50000000,0,26551770.968663119,-26999509.719401926
42798.889413856778,57468.068752552885,62935.07451383915,922804465.59751713,109943930.34395787,1.0000000000000001e-09,8000000,0,12960.223571761986,0.92280446559751717,26005779.86272826,-545906.47645954869,1,33.289382182618212,8.3434680341282554,26546122.365133312,-540342.50240505114,26005779.86272826,50000000,0,26551686.334563285,-27281410.371675476
42748.909245752191,57493.058836605182,62978.358609103139,922804465.59751713,109943930.34395787,1.0000000000000001e-09,8000000,0,12960.257555071476,0.92280446559751717,26000322.691050857,-551224.03863830608,1,33.296394527891742,8.3408238245152351,26546122.365133416,-545799.6740825586,26000322.691050857,50000000,0,26551546.725064736,-27549469.299262445
42698.929077647605,57518.048920657471,63021.642704367128,922804465.59751713,109943930.34395787,1.0000000000000001e-09,8000000,0,12960.235281699936,0.92280446559751717,25994959.033250663,-556413.02312358341,1,33.300320215342303,8.3379568632562133,26546122.365133267,-551163.33188260347,25994959.033250663,50000000,0,26551372.051749792,-27810581.870689895
42648.948909543025,57543.039004709761,63064.92679963111,922804465.59751713,109943930.34395787,1.0000000000000001e-09,8000000,0,12960.236931080228,0.92280446559751717,25989398.741984311,-561790.79736072256,1,33.308343786511294,8.3334746660467101,26546122.365133658,-556723.62314934656,25989398.741984311,50000000,0,26551189.534720518,-28079168.370618653
42598.968741438439,57568.029088762058,63108.210894895099,922804465.59751713,109943930.34395787,1.0000000000000001e-09,8000000,0,12960.251619657098,0.92280446559751717,25983716.786250498,-567290.32732677052,1,33.317647049535033,8.3281861228782041,26546122.365133174,-562405.57888267562,25983716.786250498,50000000,0,26551007.10895282,-28353237.309259389
42548.988573333845,57593.019172814355,63151.494990159088,922804465.59751713,109943930.34395787,1.0000000000000001e-09,8000000,0,12960.245965115662,0.92280446559751717,25977966.411694836,-572848.51238390792,1,33.329479669003376,8.3250545212882532,26546122.365133487,-568155.95343865082,25977966.411694836,50000000,0,26550814.919454269,-28635284.237502605
42499.008405229259,57618.009256866644,63194.779085423084,922804465.59751713,109943930.34395787,1.0000000000000001e-09,8000000,0,12960.228856160016,0.92280446559751717,25971901.944400482,-578739.98861846584,1,33.330479463092402,8.322883757584016,26546122.365133263,-574220.42073278129,25971901.944400482,50000000,0,26550641.928394634,-28926791.776101246
42449.028237124679,57642.999340918934,63238.063180687066,922804465.59751713,109943930.34395787,1.0000000000000001e-09,8000000,0,12960.249754579554,0.92280446559751717,25965573.904729851,-584907.28871616034,1,33.338074309143941,8.3185016974182826,26546122.365133591,-580548.46040374041,25965573.904729851,50000000,0,26550481.188821524,-29234900.761423744
42399.048069020093,57667.989424971231,63281.347275951055,922804465.59751713,109943930.34395787,1.0000000000000001e-09,8000000,0,12960.238224436674,0.92280446559751717,25959060.251329675,-591264.2244977809,1,33.347914005858257,8.3139914865086304,26546122.365133259,-587062.11380358413,25959060.251329675,50000000,0,26550324.471202929,-29553603.442475334
42349.067900915499,57692.979509023527,63324.631371215044,922804465.59751713,109943930.34395787,1.0000000000000001e-09,8000000,0,12960.242314711311,0.92280446559751717,25952321.155142803,-597862.37010599999,1,33.356308395015105,8.3128689489950656,26546122.365133446,-593801.20999064296,25952321.155142803,50000000,0,26550183.520624392,-29886549.793530993
42299.08773281092,57717.969593075817,63367.915466479033,922804465.59751713,109943930.34395787,1.0000000000000001e-09,8000000,0,12960.238312235013,0.92280446559751717,25945171.630679533,-604881.72021005873,1,33.352159442585773,8.3135457155980443,26546122.365133237,-600950.73445370421,25945171.630679533,50000000,0,26550053.346265141,-30232829.933130506
42249.107564706334,57742.959677128107,63411.199561743022,922804465.59751713,109943930.34395787,1.0000000000000001e-09,8000000,0,12960.246749886563,0.92280446559751717,25937829.455909904,-612105.47203760012,1,33.353828308473162,8.3090238562520398,26546122.365133379,-608292.90922347456,25937829.455909904,50000000,0,26549934.923323095,-30593849.323296461
42199.127396601747,57767.949761180404,63454.483657007011,922804465.59751713,109943930.34395787,1.0000000000000001e-09,8000000,0,12960.249590406896,0.92280446559751717,25930119.053056132,-619696.94128476328,1,33.370296261900748,8.3070029420631126,26546122.365133494,-616003.31207736209,25930119.053056132,50000000,0,26549815.989716496,-30978447.6441097
42149.147228497153,57792.9398452327,63497.767752271,922804465.59751713,109943930.34395787,1.0000000000000001e-09,8000000,0,12960.234039704106,0.92280446559751717,25922177.40071122,-627540.18356539949,1,33.361546501821358,8.3126479354164342,26546122.365133259,-623944.96442203969,25922177.40071122,50000000,0,26549717.579652224,-31368772.754104156
42099.167060392574,57817.92992928499,63541.051847534989,922804465.59751713,109943930.34395787,1.0000000000000001e-09,8000000,0,12960.233924919708,0.92280446559751717,25913807.613089666,-635806.72066809458,1,33.347882575733337,8.314531745434186,26546122.365133237,-632314.75204357132,25913807.613089666,50000000,0,26549614.329133358,-31776888.007982623
42049.18689228798,57842.92001333728,63584.335942798978,922804465.59751713,109943930.34395787,1.0000000000000001e-09,8000000,0,12960.257770686525,0.92280446559751717,25905160.972150389,-644360.94527117338,1,33.354285874211101,8.3119529466069171,26546122.365133446,-640961.3929830566,25905160.972150389,50000000,0,26549521.912797064,-32209330.063313805
41999.206724183401,57867.910097389577,63627.620038062967,922804465.59751713,109943930.34395787,1.0000000000000001e-09,8000000,0,12960.231442454024,0.92280446559751717,25896070.883578885,-653359.77723788994,1,33.35784311754702,8.3169538784803798,26546122.365133073,-650051.48155418783,25896070.883578885,50000000,0,26549430.656192385,-32661177.188832276
41949.226556078807,57892.900181441873,63670.904133326956,922804465.59751713,109943930.34395787,1.0000000000000001e-09,8000000,0,12960.24028385943,0.92280446559751717,25886774.09949277,-662575.08015626867,1,33.334218093322477,8.3248628146728052,26546122.365133353,-659348.26564058289,25886774.09949277,50000000,0,26549349.175024528,-33117611.291552015
41899.246387974228,57917.890265494163,63714.188228590938,922804465.59751713,109943930.34395787,1.0000000000000001e-09,8000000,0,12960.251904096805,0.92280446559751717,25876908.429689821,-672350.53089587542,1,33.326661376300379,8.3244876078161312,26546122.365133457,-669213.93544363603,25876908.429689821,50000000,0,26549258.955961265,-33604612.861853138
41849.266219869634,57942.880349546453,63757.472323854934,922804465.59751713,109943930.34395787,1.0000000000000001e-09,8000000,0,12960.242294485595,0.92280446559751717,25866673.124256797,-682512.60779752152,1,33.33533740994725,8.3253915636919498,26546122.365133416,-679449.24087661877,25866673.124256797,50000000,0,26549185.727429878,-34118655.472740352
41799.286051765048,57967.87043359875,63800.756419118923,922804465.59751713,109943930.34395787,1.0000000000000001e-09,8000000,0,12960.240549004446,0.92280446559751717,25856058.587914072,-693047.73217861319,1,33.323101171041095,8.3347593110816458,26546122.365133468,-690063.77721939608,25856058.587914072,50000000,0,26549106.315468188,-34644610.973772533
41749.305883660461,57992.860517651046,63844.040514382912,922804465.59751713,109943930.34395787,1.0000000000000001e-09,8000000,0,12960.237032879215,0.92280446559751717,25844996.736663323,-704030.71665804612,1,33.298194640821528,8.3394667091964774,26546122.365133412,-701125.62847008929,25844996.736663323,50000000,0,26549027.448696904,-35187524.335522361
41699.325715555875,58017.850601703336,63887.324609646901,922804465.59751713,109943930.34395787,1.0000000000000001e-09,8000000,0,12960.243126915382,0.92280446559751717,25833301.337696977,-715655.64902902499,1,33.303997758476285,8.3377939549626028,26546122.365133498,-712821.0274365209,25833301.337696977,50000000,0,26548956.982101526,-35772401.479156248
41649.345547451288,58042.840685755626,63930.60870491089,922804465.59751713,109943930.34395787,1.0000000000000001e-09,8000000,0,12960.248271965242,0.92280446559751717,25821239.305682346,-727646.5042195213,1,33.304523491105201,8.3418136523027506,26546122.365133267,-724883.05945092067,25821239.305682346,50000000,0,26548885.805277538,-36375350.056342296
41599.365379346709,58067.830769807922,63973.892800174872,922804465.59751713,109943930.34395787,1.0000000000000001e-09,8000000,0,12960.224399480101,0.92280446559751717,25808631.551972073,-740179.63915187423,1,33.288707414179768,8.3487309519665462,26546122.365133401,-737490.81316132843,25808631.551972073,50000000,0,26548811.186499417,-36999417.194080055
41549.385211242115,58092.820853860219,64017.176895438868,922804465.59751713,109943930.34395787,1.0000000000000001e-09,8000000,0,12960.259796169825,0.92280446559751717,25795347.483020637,-753396.20424464531,1,33.276475139367101,8.3494247364772392,26546122.365133528,-750774.88211289048,25795347.483020637,50000000,0,26548743.682640903,-37655653.968962207
41499.405043137529,58117.810937912509,64060.460990702857,922804465.59751713,109943930.34395787,1.0000000000000001e-09,8000000,0,12960.249997476416,0.92280446559751717,25781471.520671986,-767205.34013960441,1,33.28533683176024,8.3473179144884284,26546122.365133293,-764650.84446130693,25781471.520671986,50000000,0,26548676.856187195,-38351158.034425609
41449.424875032943,58142.801021964799,64103.745085966846,922804465.59751713,109943930.34395787,1.0000000000000001e-09,8000000,0,12960.225607617172,0.92280446559751717,25767034.107181102,-781573.79789520346,1,33.285630981767014,8.3487028200479951,26546122.3651333,-779088.25795219839,25767034.107181102,50000000,0,26548607.900451809,-39071265.248725235
41399.444706928363,58167.791106017095,64147.029181230828,922804465.59751713,109943930.34395787,1.0000000000000001e-09,8000000,0,12960.251735927559,0.92280446559751717,25751769.53981176,-796768.25136897038,1,33.280105721394676,8.3510067514126494,26546122.365133442,-794352.8253216818,25751769.53981176,50000000,0,26548537.7865563,-39828638.327055164
41349.46453882377,58192.781190069392,64190.313276494817,922804465.59751713,109943930.34395787,1.0000000000000001e-09,8000000,0,12960.240197344605,0.92280446559751717,25735767.182546925,-812713.90594118193,1,33.275570846219637,8.3495007545038487,26546122.365133308,-810355.18258638307,25735767.182546925,50000000,0,26548481.08386365,-40621966.979548998
41299.48437071919,58217.771274121682,64233.597371758806,922804465.59751713,109943930.34395787,1.0000000000000001e-09,8000000,0,12960.236915165937,0.92280446559751717,25719063.792307831,-829346.68572447763,1,33.28634003232137,8.3444877216334259,26546122.365133442,-827058.57282561064,25719063.792307831,50000000,0,26548410.473407872,-41458866.35277541
41249.504202614604,58242.761358173972,64276.881467022795,922804465.59751713,109943930.34395787,1.0000000000000001e-09,8000000,0,12960.242230239615,0.92280446559751717,25701413.306521714,-846929.78550355148,1,33.29620510935576,8.3424109558967139,26546122.365133222,-844709.05861150846,25701413.306521714,50000000,0,26548343.087400816,-42340423.139019534
41199.524034510017,58267.751442226268,64320.165562286784,922804465.59751713,109943930.34395787,1.0000000000000001e-09,8000000,0,12960.241520756203,0.92280446559751717,25682784.617273517,-865505.4383962818,1,33.294192008051056,8.3427559398120099,26546122.365133431,-863337.74785991386,25682784.617273517,50000000,0,26548290.051045366,-43264384.257003762
41149.543866405424,58292.741526278565,64363.449657550773,922804465.59751713,109943930.34395787,1.0000000000000001e-09,8000000,0,12960.252452776765,0.92280446559751717,25663307.98976801,-884916.65569828742,1,33.294601823287969,8.3379284375375704,26546122.3651333,-882814.37536529079,25663307.98976801,50000000,0,26548224.640841905,-44233167.992727108
41099.563698300844,58317.731610330855,64406.733752814762,922804465.59751713,109943930.34395787,1.0000000000000001e-09,8000000,0,12960.238411560495,0.92280446559751717,25642710.076693542,-905443.08624054678,1,33.313885009268191,8.3305050482676588,26546122.365133468,-903412.28843992576,25642710.076693542,50000000,0,26548153.158309616,-45266411.227833383
41049.583530196251,58342.721694383144,64450.017848078751,922804465.59751713,109943930.34395787,1.0000000000000001e-09,8000000,0,12960.236854277497,0.92280446559751717,25620880.116453983,-927220.20780574088,1,33.324154060294106,8.3292577511595347,26546122.365133349,-925242.24867936596,25620880.116453983,50000000,0,26548100.319635313,-46355445.1508376
40999.603362091671,58367.711778435441,64493.30194334274,922804465.59751713,109943930.34395787,1.0000000000000001e-09,8000000,0,12960.258391835194,0.92280446559751717,25597920.216519184,-950122.8241080126,1,33.318688261803558,8.3278054333733493,26546122.365133453,-948202.14861426875,25597920.216519184,50000000,0,26548043.036002662,-47492950.751763366
40949.623193987085,58392.701862487738,64536.586038606722,922804465.59751713,109943930.34395787,1.0000000000000001e-09,8000000,0,12960.228614111333,0.92280446559751717,25573758.798075382,-974212.05705330695,1,33.330326045486757,8.3188588768853222,26546122.365133166,-972363.56705778465,25573758.798075382,50000000,0,26547970.850504324,-48701470.596958853
40899.643025882498,58417.691946540028,64579.870133870711,922804465.59751713,109943930.34395787,1.0000000000000001e-09,8000000,0,12960.239502696106,0.92280446559751717,25547980.05271998,-999924.05257191765,1,33.354300585495679,8.3152808252366093,26546122.36513349,-998142.31241350994,25547980.05271998,50000000,0,26547904.100667506,-49995402.400677659
40849.662857777919,58442.682030592317,64623.1542291347,922804465.59751713,109943930.34395787,1.0000000000000001e-09,8000000,0,12960.249927426805,0.92280446559751717,25520921.258109823,-1026940.9475412804,1,33.344485619854169,8.3177769817808667,26546122.365133304,-1025201.1070234813,25520921.258109823,50000000,0,26547862.20102673,-51337019.833825417
40799.68268967334,58467.672114644607,64666.438324398681,922804465.59751713,109943930.34395787,1.0000000000000001e-09,8000000,0,12960.245088203936,0.92280446559751717,25492268.213643108,-1055516.7437504318,1,33.344662329873003,8.3129047848940321,26546122.365133315,-1053854.1514902078,25492268.213643108,50000000,0,26547784.952768996,-52762422.964574121
40749.702521568746,58492.662198696897,64709.72241966267,922804465.59751713,109943930.34395787,1.0000000000000001e-09,8000000,0,12960.237811378845,0.92280446559751717,25462090.99694645,-1085626.2665225305,1,33.363919054924551,8.3079983372070227,26546122.365133438,-1084031.3681869879,25462090.99694645,50000000,0,26547717.258844558,-54279769.513941936
40699.722353464167,58517.652282749194,64753.006514926659,922804465.59751713,109943930.34395787,1.0000000000000001e-09,8000000,0,12960.242002401674,0.92280446559751717,25430118.3195819,-1117551.0715432866,1,33.363914378698702,8.3114592349991767,26546122.365133371,-1116004.0455514714,25430118.3195819,50000000,0,26547669.386500787,-55870048.386537313
40649.742185359581,58542.64236680149,64796.290610190641,922804465.59751713,109943930.34395787,1.0000000000000001e-09,8000000,0,12960.247835159082,0.92280446559751717,25396803.918249473,-1150795.3819191908,1,33.350431612129263,8.3123589055437286,26546122.365133442,-1149318.446883969,25396803.918249473,50000000,0,26547599.295544215,-57524647.588184118
40599.762017254994,58567.63245085378,64839.57470545463,922804465.59751713,109943930.34395787,1.0000000000000001e-09,8000000,0,12960.245314228796,0.92280446559751717,25361741.269504607,-1185781.8991909313,1,33.360320683938539,8.308002777844683,26546122.365133405,-1184381.095628798,25361741.269504607,50000000,0,26547523.164071042,-59275310.840571947
40549.781849150415,58592.62253490607,64882.858800718619,922804465.59751713,109943930.34395787,1.0000000000000001e-09,8000000,0,12960.228580928706,0.92280446559751717,25325594.941050842,-1221884.7841588904,1,33.367449195366227,8.3114955917333795,26546122.365133379,-1220527.4240825363,25325594.941050842,50000000,0,26547479.720585249,-61085956.844691493
40499.801681045814,58617.612618958367,64926.142895982615,922804465.59751713,109943930.34395787,1.0000000000000001e-09,8000000,0,12960.249199432265,0.92280446559751717,25288514.274857383,-1258894.8593908048,1,33.346672491963865,8.3175536455328629,26546122.365133505,-1257608.0902761221,25288514.274857383,50000000,0,26547409.129623797,-62914890.72858043
40449.821512941227,58642.602703010663,64969.426991246604,922804465.59751713,109943930.34395787,1.0000000000000001e-09,8000000,0,12960.249367247096,0.92280446559751717,25251349.042838488,-1295963.5264035719,1,33.34322991003117,8.3165468297863594,26546122.365133412,-1294773.3222949244,25251349.042838488,50000000,0,26547312.564617589,-64761498.214513287
40399.841344836641,58667.592787062953,65012.711086510593,922804465.59751713,109943930.34395787,1.0000000000000001e-09,8000000,0,12960.235156185789,0.92280446559751717,25215115.990267988,-1332159.0196396778,1,33.350592335229315,8.3192750002916593,26546122.365133356,-1331006.374865368,25215115.990267988,50000000,0,26547275.005283233,-66559996.060262114
40349.861176732062,58692.582871115243,65055.995181774575,922804465.59751713,109943930.34395787,1.0000000000000001e-09,8000000,0,12960.240622577681,0.92280446559751717,25182447.270406961,-1364753.8172655737,1,33.332408008206677,8.3270580094312727,26546122.365133382,-1363675.0947264209,25182447.270406961,50000000,0,26547201.083048109,-68157057.946028829
40299.881008627475,58717.572955167539,65099.279277038564,922804465.59751713,109943930.34395787,1.0000000000000001e-09,8000000,0,12960.254090406039,0.92280446559751717,25155943.3588323,-1391119.1247321381,1,33.319590619365201,8.3297210790946803,26546122.365133304,-1390179.0063010044,25155943.3588323,50000000,0,26547062.478939977,-69424250.415536642
40249.900840522881,58742.563039219836,65142.563372302553,922804465.59751713,109943930.34395787,1.0000000000000001e-09,8000000,0,12960.228769449603,0.92280446559751717,25141408.505370867,-1405610.8674651443,1,33.321388640266903,8.3310352242736894,26546122.365133185,-1404713.8597623184,25141408.505370867,50000000,0,26547019.368211616,-70072451.913685411
40199.920672418302,58767.553123272126,65185.847467566542,922804465.59751713,109943930.34395787,1.0000000000000001e-09,8000000,0,12960.24261786311,0.92280446559751717,25148511.851647917,-1398134.9630050433,1,33.314665108465881,8.3370831770057663,26546122.365133327,-1397610.5134854093,25148511.851647917,50000000,0,26546646.810028546,-69578415.805902421
40149.940504313716,58792.543207324416,65229.131562830531,922804465.59751713,109943930.34395787,1.0000000000000001e-09,8000000,0,12960.243847887839,0.92280446559751717,25193026.054018181,-1354169.5397277733,1,33.297257114034288,8.3421726376447456,26546122.365133394,-1353096.3111152127,25193026.054018181,50000000,0,26547195.589121446,-67114130.640747666
40099.960336209129,58817.533291376712,65272.41565809452,922804465.59751713,109943930.34395787,1.0000000000000001e-09,8000000,0,12960.247214743731,0.92280446559751717,25301056.166393083,-1242797.5626398341,1,33.293755278670062,8.3426959252628716,26546122.365133312,-1245066.198740229,25301056.166393083,50000000,0,26543853.724408586,-61223534.840992264
40049.980168104536,58842.523375429009,65315.699753358509,922804465.59751713,109943930.34395787,1.0000000000000001e-09,8000000,0,12960.239484537708,0.92280446559751717,25528604.628006831,-1024779.1511369989,1,33.29542463041183,8.3444937616604449,26546122.365133461,-1017517.7371266298,25528604.628006831,50000000,0,26553383.774519317,-49302007.395262837
39999.999999999956,58867.513459481299,65358.983848622498,922804465.59751713,109943930.34395787,1.0000000000000001e-09,8000000,0,12960.239166166464,0.92280446559751717,25967152.365354907,-576819.68271298928,1,33.293727383779093,8.3520890696894998,26546122.365133323,-578969.99977841601,25967152.365354907,50000000,0,26543972.043443546,-26459543.901693273
39949.999999999956,58892.513459481299,65402.28511881172,922804465.59751713,109943930.34395787,7.7966068595504146e-10,10260872.507254016,0,12960.248927229186,0.7937502259451209,26596428.904821023,155194.29774729515,0,33.290809573663509,8.3541958132087544,26546122.079091314,50306.825729709119,26596428.904821023,50000000,0,26441234.603468206,1.4107444286140058e-07
39899.999999999956,58917.513459481299,65445.586389000942,922804465.59751713,109943930.34395787,9.9360424582808694e-10,8051495.462773094,0,12960.245491511178,0.90026458493798323,26498665.49099645,-41762.780506405972,0,33.291828082671032,8.3527741383532419,26546122.154299472,-47456.663303021342,26498665.49099645,50000000,0,26540428.266907956,1.6900237606669978e-07
39849.999999999956,58942.513459481299,65488.887659190164,922804465.59751713,109943930.34395787,9.0859310652005185e-10,8804821.170007512,0,12960.224112131611,0.87002696654587985,26518173.700399924,11234.082814303863,0,33.297294622059717,8.3508258883084281,26546122.13637146,-27948.435971535742,26518173.700399924,50000000,0,26506939.613383904,2.4717102136810507e-07
39799.999999999956,58967.513459481299,65532.188929379387,922804465.59751713,109943930.34395787,9.3302851373568456e-10,8574228.9037106093,0,12960.259596618998,0.87606467111929942,26504958.145423908,-3021.1972628884705,0,33.299199300313411,8.352489595611269,26546122.141890269,-41163.996466360986,26504958.145423908,50000000,0,26507979.338372163,2.2241761138763988e-07
39749.999999999956,58992.513459481299,65575.490199568609,922804465.59751713,109943930.34395787,9.2354949677399874e-10,8662231.9778948147,0,12960.24479910662,0.87296951052346605,26509036.76268892,812.88101085273797,0,33.290074242793601,8.3530635597070191,26546122.140769403,-37085.378080483526,26509036.76268892,50000000,0,26508223.877407122,2.5401985775814611e-07
39699.999999999956,59017.513459481299,65618.791469757824,922804465.59751713,109943930.34395787,9.2347362522871175e-10,8662943.6805930603,0,12960.232168041526,0.87210790015187623,26505893.949036229,-218.64439124291863,0,33.297685364524661,8.3474490236243408,26546122.142197575,-40228.193161346018,26505893.949036229,50000000,0,26506112.589156948,3.1148746658733255e-07
39649.999999999956,59042.513459481299,65662.092739947053,922804465.59751713,109943930.34395787,9.2088277023813937e-10,8687316.4079011567,0,12960.249263016598,0.87064491206633099,26505422.384783108,58.737153724064036,0,33.312646130449153,8.3428798467337515,26546122.144634143,-40699.759851034731,26505422.384783108,50000000,0,26505363.643370811,3.4971632192290559e-07
39599.999999999956,59067.513459481299,65705.394010136268,922804465.59751713,109943930.34395787,9.1888390025687912e-10,8706214.1354184132,0,12960.241969796747,0.86931993774408289,26503996.418237749,-15.769986933192101,0,33.315094840162757,8.3443456350317913,26546122.144175034,-42125.725937284529,26503996.418237749,50000000,0,26504012.183975387,3.1390228520305503e-07
39549.999999999964,59092.513459481299,65748.695280325483,922804465.59751713,109943930.34395787,9.1680037573701937e-10,8725999.915139664,0,12960.242058878795,0.86800558515512338,26502893.643630683,4.2353943745996059,0,33.307162748493504,8.3418617717777312,26546122.145802606,-43228.502171922475,26502893.643630683,50000000,0,26502889.403996628,3.0094473064234749e-07
39499.999999999956,59117.513459481299,65791.996550514712,922804465.59751713,109943930.34395787,9.1476988468524324e-10,8745368.7916579098,0,12960.236256038559,0.86668186242181944,26501722.197936464,-1.13628684659783,0,33.325427089528624,8.3331013462891015,26546122.145390313,-44399.947453849018,26501722.197936464,50000000,0,26501723.329993006,3.599290347223315e-07
39449.999999999956,59142.513459481299,65835.297820703941,922804465.59751713,109943930.34395787,9.1273445509125808e-10,8764871.2683177106,0,12960.235557372369,0.8653822168787102,26500572.265104372,0.30434892025763144,0,33.341814693162078,8.329426898905151,26546122.147117551,-45549.882013179362,26500572.265104372,50000000,0,26500571.956534602,3.9310089856194513e-07
39399.999999999956,59167.513459481299,65878.599090893156,922804465.59751713,109943930.34395787,9.107521379264984e-10,8783948.6375728659,0,12960.258540528379,0.86412257206661758,26499431.632527519,-0.081488374323478885,0,33.339983167391452,8.3305010727927815,26546122.146299854,-46690.513772334903,26499431.632527519,50000000,0,26499431.709804181,3.1985211629846015e-07
39349.999999999964,59192.513459481299,65921.900361082371,922804465.59751713,109943930.34395787,9.0883368942761671e-10,8802490.5923243742,0,12960.233492032559,0.86288779623245115,26498331.521295249,0.021819727709056561,0,33.337984119428029,8.326310278406007,26546122.147915222,-47790.626619972289,26498331.521295249,50000000,0,26498331.495272629,4.1520209912852841e-07
39299.999999999956,59217.513459481299,65965.2016312716,922804465.59751713,109943930.34395787,9.0689895638070273e-10,8821269.3872214295,0,12960.238168690203,0.86163544560373428,26497230.662404612,-0.0058352774886132486,0,33.356571770370479,8.3193022874779743,26546122.148659088,-48891.486254476011,26497230.662404612,50000000,0,26497230.664046105,4.8753439715386358e-07
39249.999999999949,59242.513459481299,66008.50290146083,922804465.59751713,109943930.34395787,9.0500924855058335e-10,8839688.6705803145,0,12960.26152383129,0.86045006300000182,26496137.107070841,0.0015587264820191241,0,33.365832420520306,8.3173491676566158,26546122.148732502,-49985.041661661118,26496137.107070841,50000000,0,26496137.101326864,4.4118298218556306e-07
39199.999999999956,59267.513459481299,66051.804171650045,922804465.59751713,109943930.34395787,9.0317158413107574e-10,8857674.6012272276,0,12960.226961091399,0.85926812228033533,26495075.253932029,-0.00041627782802121295,0,33.364608909519909,8.318077631006382,26546122.151295979,-51046.897363949567,26495075.253932029,50000000,0,26495075.250171736,4.5901413964122402e-07
39149.999999999964,59292.513459481299,66095.10544183926,922804465.59751713,109943930.34395787,9.0135903052560276e-10,8875486.6045981422,0,12960.239247701262,0.85809846190718464,26494035.574711818,0.00011119558832895948,0,33.362794249244168,8.3159827778749644,26546122.15145538,-52086.576743561774,26494035.574711818,50000000,0,26494035.570432305,4.4022747001257542e-07
39099.999999999956,59317.513459481299,66138.406712028489,922804465.59751713,109943930.34395787,8.9954346731359616e-10,8893400.1435325816,0,12960.246677224672,0.85695421459854582,26492989.017892905,-2.9668654254788232e-05,0,33.372960277108554,8.3121845046015199,26546122.153519411,-53133.13562650606,26492989.017892905,50000000,0,26492989.013762735,4.6091651338642779e-07
39049.999999999949,59342.513459481299,66181.707982217718,922804465.59751713,109943930.34395787,8.9777470567369028e-10,8910921.5828867462,0,12960.24293594134,0.85582789100885948,26491963.972969782,7.92705441968039e-06,0,33.378136130064064,8.3126547954126462,26546122.152169108,-54158.179199326783,26491963.972969782,50000000,0,26491963.968810156,4.9851141649987976e-07
38999.999999999956,59367.513459481299,66225.009252406933,922804465.59751713,109943930.34395787,8.9606450328107538e-10,8927928.7062462438,0,12960.242267603371,0.85472389604539201,26490980.340709969,-2.1028735554655891e-06,0,33.370824176350503,8.3162768648330072,26546122.155148797,-55141.814438827336,26490980.340709969,50000000,0,26490980.336568207,5.0213347826059469e-07
38949.999999999964,59392.513459481299,66268.310522596148,922804465.59751713,109943930.34395787,8.9431783694854929e-10,8945365.5858552456,0,12960.239625810082,0.85361910645205863,26489989.340877309,5.7500373126918822e-07,0,33.363677712899786,8.3160648388052962,26546122.154458027,-56132.813580717891,26489989.340877309,50000000,0,26489989.33674106,5.4950659849342538e-07
38899.999999999956,59417.513459481299,66311.611792785377,922804465.59751713,109943930.34395787,8.9263024522241956e-10,8962277.5435288772,0,12960.248626715373,0.85255715508945085,26489018.744523048,-1.3788419144453538e-07,0,33.372009047648177,8.3138163400274543,26546122.155058101,-57103.410535052419,26489018.744523048,50000000,0,26489018.740395278,5.9627403807638582e-07
38849.999999999949,59442.513459481299,66354.913062974607,922804465.59751713,109943930.34395787,8.909512228693706e-10,8979167.2048769798,0,12960.248052471417,0.85146534642294769,26488073.661550425,5.0034568204107609e-08,0,33.372404847923072,8.3188933088978416,26546122.155786436,-58048.494236011058,26488073.661550425,50000000,0,26488073.657430191,5.2456973867426601e-07
38799.999999999956,59467.513459481299,66398.214333163822,922804465.59751713,109943930.34395787,8.8932776843896673e-10,8995558.5392569788,0,12960.220553572701,0.85044391484427972,26487168.14265525,1.3700332442063835e-10,0,33.351632228102019,8.3257491539287205,26546122.156993415,-58954.014338165522,26487168.14265525,50000000,0,26487168.138542641,5.4369375307629795e-07
38749.999999999956,59492.513459481299,66441.515603353037,922804465.59751713,109943930.34395787,8.876567638938253e-10,9012492.5837560929,0,12960.253444384254,0.84939038754845442,26486249.518650122,1.4760501627827703e-08,0,33.345353407986941,8.3251642510778581,26546122.155945927,-59872.637295804918,26486249.518650122,50000000,0,26486249.514545225,5.9645324116013171e-07
38699.999999999956,59517.513459481299,66484.816873542266,922804465.59751713,109943930.34395787,8.8606161270356288e-10,9028717.5145260207,0,12960.244566195051,0.84836600631870762,26485377.895118978,1.2386355329304049e-08,0,33.353652636336662,8.3253625619618639,26546122.158475742,-60744.26335676387,26485377.895118978,50000000,0,26485377.891021401,6.4303953974941609e-07
38649.999999999949,59542.513459481299,66528.118143731495,922804465.59751713,109943930.34395787,8.8446628028225317e-10,9045002.8225729987,0,12960.236377591498,0.84734422986849156,26484530.230816182,1.2855385623035631e-08,0,33.344509226611358,8.3341170017095045,26546122.15706712,-61591.926250938326,26484530.230816182,50000000,0,26484530.226726022,6.3528418214809491e-07
38599.999999999956,59567.513459481299,66571.41941392071,922804465.59751713,109943930.34395787,8.828974011334942e-10,9061075.4900212903,0,12960.245306954905,0.84636836847867358,26483706.184215456,1.2419643097182353e-08,0,33.318947367267647,8.3395232517027189,26546122.159807261,-62415.975591804832,26483706.184215456,50000000,0,26483706.18013249,6.2371710126016886e-07
38549.999999999956,59592.513459481299,66614.720684109925,922804465.59751713,109943930.34395787,8.8130492439509571e-10,9077448.4291694108,0,12960.251687354823,0.84534804497759708,26482883.923411656,1.2323171912668384e-08,0,33.322675848052462,8.3377268200496015,26546122.157448545,-63238.234036888927,26482883.923411656,50000000,0,26482883.919336092,6.2233360734150759e-07
38499.999999999956,59617.513459481299,66658.021954299154,922804465.59751713,109943930.34395787,8.7978584936501371e-10,9093121.931235848,0,12960.233402937651,0.84437326067579821,26482099.524786517,1.296740037452916e-08,0,33.325758805702399,8.3410855659960905,26546122.161651198,-64022.636864680797,26482099.524786517,50000000,0,26482099.520718016,6.6579134976337744e-07
38449.999999999949,59642.513459481299,66701.323224488384,922804465.59751713,109943930.34395787,8.7825672282549811e-10,9108953.9011796564,0,12960.25410534046,0.84341748583157328,26481317.940887332,1.5692879607197151e-08,0,33.309878263985688,8.3489251891876197,26546122.16170653,-64804.220819197595,26481317.940887332,50000000,0,26481317.936825812,7.4522618218899018e-07
38399.999999999956,59667.513459481299,66744.624494677599,922804465.59751713,109943930.34395787,8.7673065478259114e-10,9124809.2649471834,0,12960.179289019166,0.84245152386443856,26480510.556876339,1.3694706106297912e-08,0,33.294452424881783,8.3502711865345862,26546122.170383334,-65611.613506995142,26480510.556876339,50000000,0,26480510.552822016,6.9953200912958979e-07
38349.999999999956,59692.513459481299,66787.925764866814,922804465.59751713,109943930.34395787,8.7525720807090223e-10,9140170.3725783378,0,12960.634066811272,0.84151842975256219,26479695.89521195,1.3479273647878995e-08,0,33.303569293198187,8.3482531155610822,26546122.185257167,-66426.29004521668,26479695.89521195,50000000,0,26479695.891164362,6.8324999167219746e-07
38299.999999999956,59717.513459481299,66831.227035056043,922804465.59751713,109943930.34395787,8.7386237285153924e-10,9154759.66260859,0,12961.423934536078,0.84066061342559517,26478843.625038419,1.4372774309746853e-08,0,33.301996439771855,8.3505335004243673,26546122.193177883,-67278.568139463663,26478843.625038419,50000000,0,26478843.620997276,7.3016409027946728e-07
38249.999999999949,59742.513459481299,66874.528305245272,922804465.59751713,109943930.34395787,8.7244948253303009e-10,9169585.359106496,0,12962.386029468948,0.83979596812810553,26477873.914422918,1.6644879414370773e-08,0,33.294200103962545,8.354610667569446,26546122.203856044,-68248.289433125407,26477873.914422918,50000000,0,26477873.910388336,7.9926607950492089e-07
38199.999999999956,59767.513459481299,66917.829575434487,922804465.59751713,109943930.34395787,8.7111486772926482e-10,9183633.8673115484,0,12963.848501539267,0.83898314987343969,26476705.064680543,1.4969913642347958e-08,0,33.286457548598122,8.3555094746991632,26546122.201498013,-69417.136817470193,26476705.064680543,50000000,0,26476705.060652025,7.7777450258530351e-07
38149.999999999956,59792.513459481299,66961.130845623702,922804465.59751713,109943930.34395787,8.697673778521971e-10,9197861.6412174888,0,12964.631077682094,0.83816073935004998,26475339.681278698,1.6805393008360506e-08,0,33.289062970154326,8.354402186211189,26546122.189116016,-70782.507837317884,26475339.681278698,50000000,0,26475339.677256551,8.1118512989142532e-07
38099.999999999956,59817.513459481299,67004.432115812931,922804465.59751713,109943930.34395787,8.6830864831379176e-10,9213313.7417484093,0,12963.681043402825,0.8372351184008785,26473908.692281455,1.5161837519974592e-08,0,33.293497745531674,8.3513652602500166,26546122.162807357,-72213.470525901765,26473908.692281455,50000000,0,26473908.688265875,7.7109689782644749e-07
38049.999999999942,59842.513459481299,67047.733386002161,922804465.59751713,109943930.34395787,8.66816610367247e-10,9229172.4752835259,0,12963.373912068546,0.83627592799003647,26472584.999081966,1.5076251430068739e-08,0,33.299455602138899,8.3520677944772785,26546122.167976867,-73537.168894901872,26472584.999081966,50000000,0,26472584.995073408,7.6276215689218327e-07
37999.999999999956,59867.513459481299,67091.034656191376,922804465.59751713,109943930.34395787,8.6538802561886524e-10,9244408.0166737773,0,12962.814406721864,0.83536796317961526,26471363.543397475,1.605699952444513e-08,0,33.291334275541701,8.3498134702828892,26546122.155588605,-74758.612191129476,26471363.543397475,50000000,0,26471363.539395619,8.1058640516047806e-07
37949.999999999956,59892.513459481299,67134.335926380591,922804465.59751713,109943930.34395787,8.6396259284692813e-10,9259660.1608446855,0,12962.594803433274,0.83446071054026116,26470263.36301209,1.7977598306080039e-08,0,33.309127155149973,8.3415082665263878,26546122.138318688,-75858.775306597352,26470263.36301209,50000000,0,26470263.359016616,8.7533713244864003e-07
37899.999999999956,59917.513459481299,67177.63719656982,922804465.59751713,109943930.34395787,8.6252663563096667e-10,9275075.8886962682,0,12962.056920167071,0.83352523168118786,26469237.724985182,1.7076776651687164e-08,0,33.322622707678683,8.3390745839774283,26546122.148978341,-76884.423993159086,26469237.724985182,50000000,0,26469237.720996466,8.5883378546341701e-07
37849.999999999942,59942.513459481299,67220.938466759049,922804465.59751713,109943930.34395787,8.610777059994203e-10,9290682.9959618673,0,12961.657825051123,0.83260782913738218,26468282.778497018,1.6768109428132452e-08,0,33.319230774230199,8.3404502806584802,26546122.12894579,-77839.350448772311,26468282.778497018,50000000,0,26468282.774515022,8.5548631458890253e-07
37799.999999999956,59967.513459481299,67264.239736948264,922804465.59751713,109943930.34395787,8.5971684284242346e-10,9305389.405830875,0,12961.589934659452,0.83174815342416974,26467426.49474676,1.8509947012222958e-08,0,33.318114775472836,8.3344968608719885,26546122.138847142,-78695.644100382924,26467426.49474676,50000000,0,26467426.49077097,8.9654933496527751e-07
37749.999999999956,59992.513459481299,67307.541007137479,922804465.59751713,109943930.34395787,8.5830065530964487e-10,9320743.2055946738,0,12961.115540392308,0.83082291543562958,26466598.505486265,1.6795160556757096e-08,0,33.343535664076171,8.3255188279260963,26546122.123630848,-79523.618144582957,26466598.505486265,50000000,0,26466598.501517128,8.8085913971388838e-07
37699.999999999956,60017.513459481299,67350.842277326708,922804465.59751713,109943930.34395787,8.5690651908478824e-10,9335907.5034069642,0,12960.838849651233,0.82993597915699457,26465813.380057149,2.0008123563272098e-08,0,33.353352862163923,8.3254093131220248,26546122.135659575,-80308.755602426827,26465813.380057149,50000000,0,26465813.376094397,9.8086323619906783e-07
37649.999999999942,60042.513459481299,67394.143547515938,922804465.59751713,109943930.34395787,8.5550151671520958e-10,9351239.9976369441,0,12960.335682367491,0.82904545438844024,26465038.951047879,2.086345534704022e-08,0,33.343690669672846,8.326135152559651,26546122.145126138,-81083.19407825917,26465038.951047879,50000000,0,26465038.947091546,1.0193808521627855e-06
37599.999999999956,60067.513459481299,67437.444817705153,922804465.59751713,109943930.34395787,8.5418728228987427e-10,9365627.6171527132,0,12960.334457449973,0.82820147655497156,26464330.184184477,1.8873154187327119e-08,0,33.351337550005674,8.318832111718109,26546122.160803836,-81791.976619359106,26464330.184184477,50000000,0,26464330.180234388,9.7465540872063063e-07
37549.999999999956,60092.513459481299,67480.746087894368,922804465.59751713,109943930.34395787,8.5280341467666937e-10,9380825.4791137017,0,12960.225908551294,0.82730930771514,26463592.16107171,2.0615697193281937e-08,0,33.372632892696714,8.3139783844840327,26546122.174557883,-82530.013486173004,26463592.16107171,50000000,0,26463592.157127943,1.0174331438640721e-06
37499.999999999956,60117.513459481299,67524.047358083597,922804465.59751713,109943930.34395787,8.5148145442601142e-10,9395389.5993125103,0,12960.260567509997,0.82649171687187239,26462870.892007269,2.0739824008266667e-08,0,33.371036376852075,8.3165288726329596,26546122.18811883,-83251.296111561358,26462870.892007269,50000000,0,26462870.888069615,1.049356008988257e-06
37449.999999999942,60142.513459481299,67567.348628272826,922804465.59751713,109943930.34395787,8.5014502720372627e-10,9410159.1433790382,0,12960.232312117696,0.82563033290839338,26462142.182007093,2.2346838393651564e-08,0,33.362778821163474,8.316199291912806,26546122.197676014,-83980.015668921173,26462142.182007093,50000000,0,26462142.178075653,1.0769543397570951e-06
37399.999999999949,60167.513459481299,67610.649898462041,922804465.59751713,109943930.34395787,8.4885151759377582e-10,9424498.6727974415,0,12960.242893084072,0.8248017540179875,26461425.602229495,1.9109494893163521e-08,0,33.372142887217535,8.3120295955979238,26546122.209616363,-84696.607386868447,26461425.602229495,50000000,0,26461425.598304003,1.0126405912331031e-06
37349.999999999956,60192.513459481299,67653.951168651256,922804465.59751713,109943930.34395787,8.4750314249600204e-10,9439493.0231311247,0,12960.241560115299,0.82395617370230922,26460671.087912984,2.2747156197597747e-08,0,33.379388620803404,8.3122991158404798,26546122.217921175,-85451.13000819087,26460671.087912984,50000000,0,26460671.083993707,1.0982419956568985e-06
37299.999999999949,60217.513459481299,67697.252438840485,922804465.59751713,109943930.34395787,8.4620554566474708e-10,9453967.8233121913,0,12960.241240583244,0.82312959860127144,26459923.843757965,2.1668751244408489e-08,0,33.371260484558157,8.3162783203066315,26546122.227585256,-86198.383827291429,26459923.843757965,50000000,0,26459923.839844648,1.0961857717174766e-06
37249.999999999942,60242.513459481299,67740.553709029715,922804465.59751713,109943930.34395787,8.449134465018781e-10,9468425.4745672978,0,12960.243145765195,0.82229185440962926,26459180.456433322,2.2124207022603137e-08,0,33.363339845262921,8.3175769596971172,26546122.235489905,-86941.7790565826,26459180.456433322,50000000,0,26459180.452526119,1.1177310019609733e-06
37199.999999999949,60267.513459481299,67783.85497921893,922804465.59751713,109943930.34395787,8.4360898532582786e-10,9483066.3727679625,0,12960.233326314818,0.82147311813877422,26458419.536989506,2.3972149464088812e-08,0,33.366070443495929,8.3166701914170513,26546122.242892496,-87702.705902989954,26458419.536989506,50000000,0,26458419.533088237,1.1663339732594344e-06
37149.999999999956,60292.513459481299,67827.156249408145,922804465.59751713,109943930.34395787,8.4230389786196826e-10,9497759.6809996832,0,12960.256870281028,0.82064579925036651,26457645.439015221,2.1938798434517748e-08,0,33.367120904436845,8.3190594979496932,26546122.250619356,-88476.811604134738,26457645.439015221,50000000,0,26457645.435119953,1.1221654871020108e-06
37099.999999999949,60317.513459481299,67870.457519597374,922804465.59751713,109943930.34395787,8.4101812315231031e-10,9512280.1519524548,0,12960.244879408707,0.81980310413642121,26456875.677272853,2.2930775577962965e-08,0,33.356170173754109,8.3259664085000917,26546122.256496646,-89246.579223793,26456875.677272853,50000000,0,26456875.673383534,1.1477692472505068e-06
37049.999999999956,60342.513459481299,67913.758789786589,922804465.59751713,109943930.34395787,8.3974794542466601e-10,9526668.1434436347,0,12960.224936860281,0.81900124547091424,26456115.317839973,2.4066422506937328e-08,0,33.339616327617684,8.3298202467036155,26546122.262604736,-90006.944764763117,26456115.317839973,50000000,0,26456115.313956589,1.2118432868454029e-06
36999.999999999964,60367.513459481299,67957.060059975804,922804465.59751713,109943930.34395787,8.3843909405269793e-10,9541539.8169173282,0,12960.256317855828,0.81817045168635827,26455324.047948901,2.6237916357112948e-08,0,33.341082699004339,8.3291918790318178,26546122.265941743,-90798.217992842197,26455324.047948901,50000000,0,26455324.044071585,1.2808411086133572e-06
36949.999999999956,60392.513459481299,68000.361330165033,922804465.59751713,109943930.34395787,8.3715952529635698e-10,9556123.7232824769,0,12960.23791430116,0.81733565710499256,26454543.233503822,2.4680857281580743e-08,0,33.341683227185129,8.3330319776747785,26546122.270750865,-91579.037247043103,26454543.233503822,50000000,0,26454543.22963237,1.2613762043390844e-06
36899.999999999956,60417.513459481299,68043.662600354248,922804465.59751713,109943930.34395787,8.3588735769115943e-10,9570667.5381336212,0,12960.233841219269,0.81651251673527325,26453767.425867099,2.6393063152295998e-08,0,33.325819644400433,8.3413948482168134,26546122.270980712,-92354.845113612711,26453767.425867099,50000000,0,26453767.422001556,1.3207507883125648e-06
36849.999999999971,60442.513459481299,68086.963870543463,922804465.59751713,109943930.34395787,8.3461032314400572e-10,9585311.5852737557,0,12960.243415466281,0.81570412322777919,26452987.381594088,2.8234360938133166e-08,0,33.308673558669305,8.3437322071320246,26546122.271930281,-93134.890336193144,26452987.381594088,50000000,0,26452987.377734423,1.3700663752066154e-06
36799.999999999956,60467.513459481299,68130.265140732692,922804465.59751713,109943930.34395787,8.333019667095389e-10,9600361.3563634101,0,12960.252493758315,0.81484919845249959,26452188.61875781,2.5104149722641813e-08,0,33.316103857607374,8.3426652666405765,26546122.268563792,-93933.649805981666,26452188.61875781,50000000,0,26452188.614904214,1.2858194109803383e-06
36749.999999999956,60492.513459481299,68173.566410921921,922804465.59751713,109943930.34395787,8.3203716120465478e-10,9614955.1634914801,0,12960.243641130382,0.81401933361837098,26451408.654414061,2.5635333316292364e-08,0,33.31261216011621,8.3474078434185017,26546122.26597457,-94713.611560508609,26451408.654414061,50000000,0,26451408.650566414,1.2823969885612179e-06
36699.999999999956,60517.513459481299,68216.867681111136,922804465.59751713,109943930.34395787,8.3075421981719818e-10,9629803.6269837338,0,12960.237356595075,0.81319415106628401,26450626.997661117,2.6233479706312877e-08,0,33.297813364367428,8.3527784716886746,26546122.258086056,-95495.260424938053,26450626.997661117,50000000,0,26450626.993819233,1.3254688054002303e-06
36649.999999999971,60542.513459481299,68260.168951300351,922804465.59751713,109943930.34395787,8.2944483305378858e-10,9645005.5267650299,0,12960.237713922495,0.81233371179752589,26449826.268206432,2.8489048602809228e-08,0,33.291002539329781,8.3520660566028155,26546122.24662786,-96295.97842142731,26449826.268206432,50000000,0,26449826.264370695,1.3918516835389151e-06
36599.999999999956,60567.513459481299,68303.470221489581,922804465.59751713,109943930.34395787,8.2813983821561964e-10,9660204.2669613678,0,12960.254257847602,0.81146891892533335,26449026.576084226,2.6855660397226937e-08,0,33.299963177048255,8.3506752837378002,26546122.2324479,-97095.656363673508,26449026.576084226,50000000,0,26449026.572254512,1.3869227302325966e-06
36549.999999999956,60592.513459481299,68346.77149167881,922804465.59751713,109943930.34395787,8.2684664029974049e-10,9675312.940383235,0,12960.229679313235,0.81061671261616097,26448232.75418869,3.0499067852054727e-08,0,33.297137671100685,8.3529513585835389,26546122.212689046,-97889.458500355482,26448232.75418869,50000000,0,26448232.750364941,1.4867596284395101e-06
36499.999999999956,60617.513459481299,68390.072761868025,922804465.59751713,109943930.34395787,8.2551166025373127e-10,9690959.4177846834,0,12960.241161146256,0.80972124516637889,26447413.357010953,2.9566204473110088e-08,0,33.291245677526945,8.3541555927625648,26546122.188941091,-98708.831930138171,26447413.357010953,50000000,0,26447413.353193391,1.4813109552039598e-06
36449.999999999971,60642.513459481299,68433.37403205724,922804465.59751713,109943930.34395787,8.2414012985119969e-10,9707087.0698520057,0,12960.252969813109,0.80879430872706903,26446561.618866269,2.8998496065500428e-08,0,33.291533025870159,8.3520179136849926,26546122.161374915,-99560.542508646846,26446561.618866269,50000000,0,26446561.615054969,1.465994462825475e-06
36399.999999999956,60667.513459481299,68476.675302246469,922804465.59751713,109943930.34395787,8.2277921352656886e-10,9723143.0576167181,0,12960.240040299479,0.80787050727631349,26445693.967826374,3.0362650502580309e-08,0,33.29984752167465,8.3484393458693678,26546122.130612567,-100428.16278619319,26445693.967826374,50000000,0,26445693.964021459,1.5153421474815393e-06
36349.999999999956,60692.513459481299,68519.976572435698,922804465.59751713,109943930.34395787,8.2137780432855398e-10,9739732.3817611672,0,12960.235780589206,0.80688437048967698,26444727.547952887,3.1392041784720231e-08,0,33.306626034831815,8.3468897758759635,26546122.09955522,-101394.55160233378,26444727.547952887,50000000,0,26444727.544154465,1.5624420621819069e-06
36299.999999999956,60717.513459481299,68563.277842624913,922804465.59751713,109943930.34395787,8.1979718933664075e-10,9758511.1304883435,0,12960.244376197039,0.8057806547872316,26443650.701279651,3.1556463180939956e-08,0,33.305598572779481,8.3464294846872971,26546122.068902981,-102471.36762332916,26443650.701279651,50000000,0,26443650.697488565,1.5668218164863707e-06
36249.999999999971,60742.513459481299,68606.579112814128,922804465.59751713,109943930.34395787,8.183769271354361e-10,9775446.6612254661,0,12960.259986142199,0.80471205728050477,26442158.526700929,3.0406895458009705e-08,0,33.308068155082005,8.3420249420298695,26546122.038895465,-103963.51219453663,26442158.526700929,50000000,0,26442158.522916332,1.5386694741408969e-06
36199.999999999956,60767.513459481299,68649.880383003358,922804465.59751713,109943930.34395787,8.1626986696389866e-10,9800680.2810658365,0,12960.150901772387,0.80322694119604821,26440491.466812361,3.1466069082663048e-08,0,33.323839289634272,8.3358773621223996,26546122.037478492,-105630.57066613063,26440491.466812361,50000000,0,26440491.463037491,1.5899248562839527e-06
36149.999999999956,60792.513459481299,68693.181653192587,922804465.59751713,109943930.34395787,8.151297503766453e-10,9814388.4463115968,0,12960.568184213698,0.80200089224426718,26435488.036590375,3.4513409240355777e-08,0,33.332111196799147,8.334936324741971,26546121.975490931,-110633.93890055642,26435488.036590375,50000000,0,26435488.032820899,1.6848825317602087e-06
36099.999999999956,60817.513459481299,68736.482923381802,922804465.59751713,109943930.34395787,8.1107305288310588e-10,9863476.5127168093,0,12959.01366702321,0.7993179947966732,26430846.299690876,3.2655371755021816e-08,0,33.327365175610588,8.3166968724015771,26546122.152425189,-115275.85273431242,26430846.299690876,50000000,0,26430846.295940049,1.6592169490356975e-06
36049.999999999964,60842.513459481299,68779.784193571017,922804465.59751713,109943930.34395787,8.1325034579805005e-10,9837069.2743827831,0,12963.500108989161,0.80168222603862282,26410259.492406446,3.4055874055302871e-08,0,33.40590469862709,8.386818697017361,26546121.769730289,-135862.27732384205,26410259.492406446,50000000,0,26410259.48864558,1.6877344665426477e-06
35999.999999999956,60867.513459481299,68823.085463760246,922804465.59751713,109943930.34395787,8.1339920450759787e-10,9835268.9947661683,0,12779.188824574021,0.80222092742608131,26447346.416253991,3.320476635314535e-08,0,49.80365542827645,16.711017474134398,26546122.13821492,-98775.721960928291,26447346.416253991,50000000,0,26447346.412492406,2.5290713024491879e-06
35899.999999999956,60917.513459481299,68909.68800413869,922804465.59751713,109943930.34395787,8.237198264991453e-10,9712040.1227109227,0,12673.101158356176,0.81129869664776233,26454568.439984996,3.5290018699533084e-08,0,66.536464835973618,16.771933094118008,26546121.323200732,-91552.883215736598,26454568.439984996,50000000,0,26454568.436175738,3.5219786768013767e-06
35799.999999999956,60967.513459481299,68996.290544517135,922804465.59751713,109943930.34395787,8.1315441486764567e-10,9838229.7748407405,0,12697.449027435099,0.80401857454265047,26443280.352977548,3.6908098447171457e-08,0,66.419057316413245,16.790247987415256,26546121.511334471,-102841.15835692361,26443280.352977548,50000000,0,26443280.349217124,3.6501194065580375e-06
35699.999999999956,61017.513459481299,69082.893084895579,922804465.59751713,109943930.34395787,8.1303185924254735e-10,9839712.8109094761,0,12691.206846819832,0.80319847195536298,26437604.114440519,3.6142198036123808e-08,0,66.406847232492822,16.773611538729543,26546121.406242292,-108517.29180177301,26437604.114440519,50000000,0,26437604.110680651,3.6712077858494092e-06
35599.999999999956,61067.513459481299,69169.495625274023,922804465.59751713,109943930.34395787,8.0892363251331289e-10,9889685.0803996976,0,12692.451976575494,0.80064742160351343,26435464.279582463,3.883613466557173e-08,0,66.499862471121801,16.757964748249485,26546121.346605916,-110657.06702345237,26435464.279582463,50000000,0,26435464.275841609,3.8700442548623134e-06
35499.999999999956,61117.513459481299,69256.098165652467,922804465.59751713,109943930.34395787,8.0629334088993012e-10,9921947.2429323662,0,12692.917580723191,0.79862103608144808,26434639.255231041,4.0650010959666902e-08,0,66.452359883225313,16.781396219889864,26546121.313149273,-111482.05791823193,26434639.255231041,50000000,0,26434639.251502369,4.0135088333423215e-06
35399.999999999956,61167.513459481299,69342.700706030912,922804465.59751713,109943930.34395787,8.0447086829329444e-10,9944424.7204286158,0,12691.724403231954,0.7976264599809636,26432045.012911819,3.9412995882049645e-08,0,66.426132597562443,16.754137928693005,26546121.242450893,-114076.229539074,26432045.012911819,50000000,0,26432045.009191625,4.0021222363793886e-06
35299.999999999956,61217.513459481299,69429.303246409356,922804465.59751713,109943930.34395787,8.0099856926499994e-10,9987533.4247272871,0,12692.881636473105,0.79514537473884694,26431669.85085791,4.1894450707133282e-08,0,66.553296151355227,16.722809100410078,26546121.255469572,-114451.40461166203,26431669.85085791,50000000,0,26431669.84715366,4.1642521910342811e-06
35199.999999999956,61267.513459481299,69515.9057867878,922804465.59751713,109943930.34395787,7.9976793068677125e-10,10002901.690976525,0,12692.23710850303,0.79434030140822509,26429019.85321337,4.2798290199681033e-08,0,66.543494416392349,16.74000869169684,26546121.21984097,-117101.36662760004,26429019.85321337,50000000,0,26429019.849514872,4.289293354888103e-06
35099.999999999956,61317.513459481299,69602.508327166244,922804465.59751713,109943930.34395787,7.9608490179758374e-10,10049179.383872539,0,12692.44676255245,0.79200901122836831,26428704.373604164,4.4250435113571831e-08,0,66.496311512736369,16.716751326724864,26546121.213279996,-117416.83967583254,26428704.373604164,50000000,0,26428704.369922679,4.4571242353276569e-06
34999.999999999956,61367.513459481299,69689.110867544689,922804465.59751713,109943930.34395787,7.9527844373844169e-10,10059369.838285426,0,12692.256603724554,0.79143446160906505,26426127.371320851,4.7747899810711204e-08,0,66.637755285802797,16.669386760766088,26546121.233364467,-119993.86204361543,26426127.371320851,50000000,0,26426127.367643114,4.6802770477071651e-06
34899.999999999956,61417.513459481299,69775.713407923133,922804465.59751713,109943930.34395787,7.9127609440362042e-10,10110251.064158916,0,12692.542710386646,0.78876780049807083,26425771.393137988,4.5517011255796052e-08,0,66.672299554338636,16.676465113394169,26546121.214810066,-120349.82167207822,26425771.393137988,50000000,0,26425771.389478657,4.6038760253032139e-06
34799.999999999956,61467.513459481299,69862.315948301577,922804465.59751713,109943930.34395787,7.907427037584003e-10,10117070.888397064,0,12692.986331777442,0.78847699412607852,26422833.215949066,4.6366181431248556e-08,0,66.618325826252715,16.658737010444913,26546121.27590251,-123288.05995344371,26422833.215949066,50000000,0,26422833.212292332,4.6805899521708259e-06
34699.999999999956,61517.513459481299,69948.918488680021,922804465.59751713,109943930.34395787,7.8709602154289073e-10,10163944.118762381,0,12697.66018593712,0.78622333803265942,26422565.112967536,4.9985165110021093e-08,0,66.739221560873801,16.601024683271667,26546121.280406062,-123556.16743852571,26422565.112967536,50000000,0,26422565.109327525,4.9282783940038676e-06
34599.999999999956,61567.513459481299,70035.521029058466,922804465.59751713,109943930.34395787,7.8640557908435763e-10,10172867.791966908,0,12694.987985744307,0.78567951278735393,26419104.862002328,4.9388840627034293e-08,0,66.821424930355136,16.609215047521893,26546121.208465923,-127016.34646359459,26419104.862002328,50000000,0,26419104.858365651,4.9795957547641162e-06
34499.999999999956,61617.513459481299,70122.12356943691,922804465.59751713,109943930.34395787,7.8212547910470354e-10,10228537.728174692,0,12693.20233657471,0.78276490799932696,26418635.182682443,5.1149803659466486e-08,0,66.728856580548523,16.605690088736935,26546121.197594207,-127486.01491176337,26418635.182682443,50000000,0,26418635.179065555,5.1009321850870037e-06
34399.999999999956,61667.513459481299,70208.726109815354,922804465.59751713,109943930.34395787,7.8174857285777776e-10,10233469.261195442,0,12691.685543035303,0.78264815349330652,26415460.218504038,5.2238382928597128e-08,0,66.850684021768259,16.548538017391856,26546121.213123113,-130660.99461907521,26415460.218504038,50000000,0,26415460.214888796,5.2272921493567992e-06
34299.999999999956,61717.513459481299,70295.328650193798,922804465.59751713,109943930.34395787,7.7765839245881044e-10,10287293.305038389,0,12692.840964019919,0.77986555088395249,26415428.502488036,5.3523926390917173e-08,0,66.9449704896399,16.561336086775935,26546121.249876328,-130692.7473882921,26415428.502488036,50000000,0,26415428.49889176,5.3805706556886435e-06
34199.999999999956,61767.513459481299,70381.931190572242,922804465.59751713,109943930.34395787,7.7724788891731435e-10,10292726.552735223,0,12692.319155826601,0.77962441615469402,26412415.550783679,5.6332660131389954e-08,0,66.80182540417016,16.581659939065815,26546121.225305483,-133705.67452180386,26412415.550783679,50000000,0,26412415.547189292,5.5954878916963935e-06
34099.999999999964,61817.513459481299,70468.533730950672,922804465.59751713,109943930.34395787,7.7310805737537202e-10,10347841.928673316,0,12692.720172120818,0.7768667041181474,26412312.896254297,5.7047101127336353e-08,0,66.871266556139688,16.530716082040559,26546121.232138809,-133808.33588451147,26412312.896254297,50000000,0,26412312.892679047,5.7258912420365959e-06
33999.999999999964,61867.513459481299,70555.136271329116,922804465.59751713,109943930.34395787,7.7308605962012453e-10,10348136.395397747,0,12694.546089495288,0.77700655847203381,26409974.780122649,5.9101512462317391e-08,0,66.989452674018466,16.532702558771824,26546121.281613074,-136146.50149042532,26409974.780122649,50000000,0,26409974.776547499,5.8899058785755187e-06
33899.999999999964,61917.513459481299,70641.738811707561,922804465.59751713,109943930.34395787,7.6904267152104449e-10,10402543.665596582,0,12698.555196874442,0.77429619632345337,26410280.308469921,5.9742106347561144e-08,0,66.840599882167211,16.58745977699817,26546121.282265477,-135840.97379555553,26410280.308469921,50000000,0,26410280.304913498,6.0034019497834379e-06
33799.999999999964,61967.513459481299,70728.341352086005,922804465.59751713,109943930.34395787,7.6845807109137676e-10,10410457.362524459,0,12695.012606280372,0.77388097293132863,26407861.691285145,6.2281748433101023e-08,0,66.798267090336381,16.557150151214799,26546121.375527494,-138259.68424234912,26407861.691285145,50000000,0,26407861.687731363,6.2175867709244023e-06
33699.999999999964,62017.513459481299,70814.943892464449,922804465.59751713,109943930.34395787,7.6430985860518449e-10,10466959.026150474,0,12692.267424508387,0.77103538093440616,26407868.440463055,6.4401428293227639e-08,0,66.963133545812269,16.552904930275485,26546121.326125924,-138252.88566286862,26407868.440463055,50000000,0,26407868.436928473,6.4251055394861253e-06
33599.999999999964,62067.513459481299,70901.546432842893,922804465.59751713,109943930.34395787,7.6380985962683863e-10,10473810.845734494,0,12691.82581304726,0.77080960498021334,26405059.330595486,6.5328462902048011e-08,0,66.817353720559964,16.619059711788211,26546121.322374217,-141061.99177873135,26405059.330595486,50000000,0,26405059.327063274,6.5622183577158098e-06
33499.999999999964,62117.513459481299,70988.148973221338,922804465.59751713,109943930.34395787,7.5992397297415426e-10,10527368.859009404,0,12693.136889215462,0.76809461723450589,26404751.744941648,6.8061168542232182e-08,0,66.709505596356337,16.617285793286797,26546121.342504401,-141369.59756275266,26404751.744941648,50000000,0,26404751.741427269,6.7884586976723306e-06
33399.999999999964,62167.513459481299,71074.751513599782,922804465.59751713,109943930.34395787,7.5926987132343423e-10,10536438.082581524,0,12691.845386987779,0.7676909064415246,26401872.326170128,6.9953311420501348e-08,0,66.813755015446475,16.608966226906468,26546121.334538847,-144249.00836871937,26401872.326170128,50000000,0,26401872.322658923,7.0056748381652037e-06
33299.999999999964,62217.513459481299,71161.354053978226,922804465.59751713,109943930.34395787,7.5569308439409412e-10,10586308.309607005,0,12692.748564630443,0.76538854539002588,26401441.455915906,7.2300679097047258e-08,0,66.742038210449024,16.666712765476593,26546121.362007998,-144679.90609209239,26401441.455915906,50000000,0,26401441.452421077,7.214947317865736e-06
33199.999999999964,62267.513459481299,71247.95659435667,922804465.59751713,109943930.34395787,7.5478550442097251e-10,10599037.665619576,0,12692.168693598576,0.76472036693022327,26398704.827164985,7.365582291840222e-08,0,66.588936803323378,16.689969775503609,26546121.341564156,-147416.51439917088,26398704.827164985,50000000,0,26398704.823674534,7.3433309479449425e-06
33099.999999999964,62317.513459481299,71334.559134735115,922804465.59751713,109943930.34395787,7.5128414232853333e-10,10648434.488704393,0,12692.667778678277,0.7623565045398023,26398095.245045263,7.3915853399924496e-08,0,66.6505365212209,16.677053115629793,26546121.366928697,-148026.12188343331,26398095.245045263,50000000,0,26398095.241570931,7.441359811985431e-06
32999.999999999956,62367.513459481299,71421.161675113559,922804465.59751713,109943930.34395787,7.5033908885558497e-10,10661846.241311397,0,12692.321518582045,0.76174309497456927,26395688.81168573,7.7082866993676777e-08,0,66.628463090576886,16.722496484781736,26546121.358110081,-150432.54642435163,26395688.81168573,50000000,0,26395688.808215793,7.6937392072488898e-06
32899.999999999956,62417.513459481299,71507.764215492003,922804465.59751713,109943930.34395787,7.4704804234671241e-10,10708815.942687633,0,12692.306936308658,0.75960354217118597,26394899.447143495,7.9242213434646693e-08,0,66.483734474951333,16.748090273216956,26546121.361914299,-151221.91477080435,26394899.447143495,50000000,0,26394899.443688698,7.9295179142179005e-06
32799.999999999956,62467.513459481299,71594.366755870447,922804465.59751713,109943930.34395787,7.4573367878104765e-10,10727690.349779993,0,12692.373720203728,0.75860219705606069,26392582.324951839,8.193063461552528e-08,0,66.523833216377113,16.731224747830385,26546121.366367254,-153539.0414154157,26392582.324951839,50000000,0,26392582.321503177,8.1789916357355535e-06
32699.99999999996,62517.513459481299,71680.969296248892,922804465.59751713,109943930.34395787,7.4277115453097503e-10,10770477.46754501,0,12692.763593634112,0.75662106261656015,26391737.921698395,8.3765297539809016e-08,0,66.540501907079602,16.75805968411127,26546121.363225456,-154383.44152706116,26391737.921698395,50000000,0,26391737.918263379,8.3596490630698524e-06
32599.99999999996,62567.513459481299,71767.571836627336,922804465.59751713,109943930.34395787,7.4125028590516485e-10,10792575.945113778,0,12691.827086993946,0.75569970878733006,26389560.079360932,8.4440817586539114e-08,0,66.422888521788991,16.783707582535111,26546121.372810837,-156561.29344990477,26389560.079360932,50000000,0,26389560.075932998,8.5126834451709209e-06
32499.99999999996,62617.513459481299,71854.17437700578,922804465.59751713,109943930.34395787,7.3848756448554744e-10,10832951.529087946,0,12692.890540603747,0.75372605281510996,26388496.9848231,8.9380523875611165e-08,0,66.446342093552161,16.761333021155419,26546121.365426399,-157624.38060329854,26388496.9848231,50000000,0,26388496.981407881,8.8714078546812468e-06
32399.99999999996,62667.513459481299,71940.776917384224,922804465.59751713,109943930.34395787,7.3666484354217822e-10,10859755.377639364,0,12692.19148302374,0.75247369203309078,26386530.10771488,9.0396688403388911e-08,0,66.493567426479956,16.774632661583862,26546121.372652262,-159591.26493738219,26386530.10771488,50000000,0,26386530.104308195,9.0753532664619871e-06
32299.99999999996,62717.513459481299,72027.379457762669,922804465.59751713,109943930.34395787,7.3420918692800506e-10,10896077.231523383,0,12692.48153124342,0.75087342888144981,26385193.76238668,9.3380181628871222e-08,0,66.404156900648957,16.790719980254693,26546121.383485023,-160927.62109834328,26385193.76238668,50000000,0,26385193.758991264,9.3171879583141781e-06
32199.99999999996,62767.513459481299,72113.981998141113,922804465.59751713,109943930.34395787,7.3220196301794051e-10,10925947.233553804,0,12692.404597995088,0.74949941262119146,26383483.505964417,9.5289808067226153e-08,0,66.432724960049896,16.757794059428402,26546121.370267626,-162637.86430320889,26383483.505964417,50000000,0,26383483.502578262,9.5363235331465149e-06
32099.99999999996,62817.513459481299,72200.584538519557,922804465.59751713,109943930.34395787,7.2983777554205657e-10,10961340.002077635,0,12692.264195933061,0.74781823583161544,26381932.997839101,9.7748035038253005e-08,0,66.531418330462472,16.749853465759411,26546121.37876182,-164188.38092271984,26381932.997839101,50000000,0,26381932.994463928,9.7776112551724526e-06
31999.99999999996,62867.513459481299,72287.187078898001,922804465.59751713,109943930.34395787,7.2763240377299343e-10,10994562.598933719,0,12692.810435563266,0.74630810369141143,26380397.20988049,1.0014707704385584e-07,0,66.455941673042943,16.769784924005474,26546121.374399617,-165724.16451912746,26380397.20988049,50000000,0,26380397.206515502,1.0038439142782686e-05
31899.999999999956,62917.513459481299,72373.789619276446,922804465.59751713,109943930.34395787,7.2558130473020151e-10,11025642.446040157,0,12691.951491395588,0.74500254443514125,26378613.635689799,1.0410423129963572e-07,0,66.470899185596295,16.726202617343102,26546121.378477685,-167507.74278788641,26378613.635689799,50000000,0,26378613.632334292,1.0366230471437255e-05
31799.999999999956,62967.513459481299,72460.39215965489,922804465.59751713,109943930.34395787,7.2307952416213501e-10,11063790.016484875,0,12692.624236633801,0.74317531827304817,26377249.97406245,1.0563567269595634e-07,0,66.620597419893613,16.693459660666083,26546121.374846999,-168871.40078454837,26377249.97406245,50000000,0,26377249.970718443,1.059788438417108e-05
31699.999999999956,63017.513459481299,72546.994700033334,922804465.59751713,109943930.34395787,7.2120682454262098e-10,11092518.479534419,0,12692.503115567573,0.74185247312481029,26375155.81443638,1.0897107797013007e-07,0,66.595605877686907,16.714805085960812,26546121.378452893,-170965.56401651353,26375155.81443638,50000000,0,26375155.811101172,1.0893674420833913e-05
31599.999999999956,63067.513459481299,72633.597240411778,922804465.59751713,109943930.34395787,7.1849975782017313e-10,11134311.395883705,0,12692.213797143135,0.74009867963168674,26373832.432543091,1.1207158024023633e-07,0,66.544964147874325,16.684802401858963,26546121.378947701,-172288.94640460983,26373832.432543091,50000000,0,26373832.429220296,1.1208234241700672e-05
31499.999999999956,63117.513459481299,72720.199780790223,922804465.59751713,109943930.34395787,7.1696055935839993e-10,11158214.98584966,0,12692.409933110806,0.73894658857999407,26371548.403163463,1.1561447225325493e-07,0,66.715840609169135,16.633522850095289,26546121.35466335,-174572.95149988681,26371548.403163463,50000000,0,26371548.399847846,1.1541316427712054e-05
31399.999999999956,63167.513459481299,72806.802321168667,922804465.59751713,109943930.34395787,7.1386114165678803e-10,11206661.313960951,0,12692.599210018345,0.73679269215779208,26370175.871814929,1.1772055572503384e-07,0,66.735519378982417,16.644007027332442,26546121.358150404,-175945.486335475,26370175.871814929,50000000,0,26370175.868513584,1.183991621557335e-05
31299.999999999956,63217.513459481299,72893.404861547111,922804465.59751713,109943930.34395787,7.1253960901583015e-10,11227446.127552297,0,12692.216155999802,0.73585483269970919,26367330.672883146,1.238101989665418e-07,0,66.688977930222919,16.627136315931462,26546121.322010927,-178790.64912778139,26367330.672883146,50000000,0,26367330.669587899,1.2290797779988712e-05
31199.999999999956,63267.513459481299,72980.007401925555,922804465.59751713,109943930.34395787,7.0939219611634075e-10,11277259.768002365,0,12692.728089459677,0.73374371241584735,26365966.002037801,1.2477677198301887e-07,0,66.798534735326854,16.581775727052008,26546121.290886294,-180155.28884849325,26365966.002037801,50000000,0,26365965.998757187,1.2515239340104994e-05
31099.999999999956,63317.513459481299,73066.609942304,922804465.59751713,109943930.34395787,7.0815838675156188e-10,11296907.930336524,0,12691.862388874737,0.73277897623918542,26362576.129586838,1.2795521915391823e-07,0,66.86550880242612,16.584409548050708,26546121.235671908,-183545.10608506948,26362576.129586838,50000000,0,26362576.126311831,1.2797539815250739e-05
30999.999999999956,63367.513459481299,73153.212482682444,922804465.59751713,109943930.34395787,7.0478155223947787e-10,11351035.011459913,0,12693.732452975728,0.73043209538423948,26360975.214161221,1.3101030382390119e-07,0,66.787803511703288,16.580447743905182,26546121.180327095,-185145.96616587415,26360975.214161221,50000000,0,26360975.210901871,1.3128366061581694e-05
30899.999999999956,63417.513459481299,73239.815023060888,922804465.59751713,109943930.34395787,7.0389686711024043e-10,11365301.518432718,0,12692.756494191637,0.72987803709707155,26357288.721401501,1.3608883839416852e-07,0,66.885731286488962,16.541476487868355,26546121.066447675,-188832.34504617378,26357288.721401501,50000000,0,26357288.718146175,1.3577575916768079e-05
30799.999999999967,63467.513459481299,73326.417563439318,922804465.59751713,109943930.34395787,7.0059005087506741e-10,11418946.223395962,0,12697.902626017258,0.72762528649743363,26356153.753453389,1.3922366277695812e-07,0,66.928599214229948,16.563696020133655,26546121.100448892,-189967.34699550271,26356153.753453389,50000000,0,26356153.750213452,1.3951425161716647e-05
30699.999999999967,63517.513459481299,73413.020103817762,922804465.59751713,109943930.34395787,6.9993775233226063e-10,11429588.01619673,0,12700.569939347419,0.72718203569167683,26353251.125843387,1.4382479074273867e-07,0,66.802113362054271,16.570487088303324,26546121.085106224,-192869.95926283672,26353251.125843387,50000000,0,26353251.1226064,1.434997504144057e-05
30599.999999999967,63567.513459481299,73499.622644196206,922804465.59751713,109943930.34395787,6.9642172185084544e-10,11487292.666879082,0,12704.470300610768,0.7247967432376794,26353616.394969385,1.4701539091405878e-07,0,66.906432768881061,16.532026239088477,26546121.279395841,-192504.88442645594,26353616.394969385,50000000,0,26353616.3917487,1.4743486771008613e-05
30499.999999999967,63617.513459481299,73586.22518457465,922804465.59751713,109943930.34395787,6.9596455506852764e-10,11494838.553333201,0,12706.118855189352,0.72455248531092598,26353507.061279532,1.5267121696662984e-07,0,66.929181872063594,16.570296615668035,26546121.304196846,-192614.24291731417,26353507.061279532,50000000,0,26353507.058060955,1.5243285280441254e-05
30399.999999999967,63667.513459481299,73672.827724953095,922804465.59751713,109943930.34395787,6.9216550528926613e-10,11557929.584855983,0,12711.887078299473,0.72184116804841292,26357021.856173605,1.5658520746441869e-07,0,66.761884469398126,16.60485744065393,26546121.394005395,-189099.53783179075,26357021.856173605,50000000,0,26357021.852972504,1.5610917463913721e-05
30299.999999999967,63717.513459481299,73759.430265331539,922804465.59751713,109943930.34395787,6.9077749485679971e-10,11581153.530488597,0,12703.627630639387,0.72060890771073138,26357326.12438149,1.5821795478431597e-07,0,66.8045537335543,16.568532164377665,26546121.476789281,-188795.35240779072,26357326.12438149,50000000,0,26357326.121186886,1.5899785547221338e-05
30199.999999999964,63767.513459481299,73846.032805709983,922804465.59751713,109943930.34395787,6.8625106478952924e-10,11657541.437531453,0,12694.416663909282,0.71720276191151744,26356912.688234672,1.6477202753223424e-07,0,66.906895674471301,16.592658751966166,26546121.518661939,-189208.83042726666,26356912.688234672,50000000,0,26356912.685060982,1.6438191535746465e-05
30099.999999999964,63817.513459481299,73932.635346088427,922804465.59751713,109943930.34395787,6.8548411484165098e-10,11670584.521424323,0,12691.291401806397,0.71664914758506892,26352673.384041723,1.6828932894309538e-07,0,66.715122650272548,16.654454185846344,26546121.373740826,-193447.98969910294,26352673.384041723,50000000,0,26352673.380871587,1.6862291008468424e-05
29999.999999999964,63867.513459481299,74019.237886466872,922804465.59751713,109943930.34395787,6.8155712037221676e-10,11737828.009928666,0,12693.273626995859,0.71376882369403183,26350918.463460125,1.741781345828237e-07,0,66.671778959388107,16.634520737111345,26546121.37604839,-195202.91258826479,26350918.463460125,50000000,0,26350918.460308157,1.7395704882648238e-05
29899.999999999964,63917.513459481299,74105.840426845316,922804465.59751713,109943930.34395787,6.8093289376866733e-10,11748588.462874167,0,12691.798658415346,0.71328167013348054,26346662.502666656,1.7915586042015268e-07,0,66.7814172616973,16.642784603719882,26546121.389424197,-199458.88675754145,26346662.502666656,50000000,0,26346662.499517504,1.7908324426675312e-05
29799.999999999964,63967.513459481299,74192.44296722376,922804465.59751713,109943930.34395787,6.7709895746948854e-10,11815112.487542037,0,12692.773467448578,0.7106666319315933,26345269.141213231,1.8306265675807479e-07,0,66.64005389617887,16.710566545814732,26546121.387918267,-200852.24670503661,26345269.141213231,50000000,0,26345269.138081852,1.8365168039333917e-05
29699.999999999964,64017.513459481299,74279.045507602204,922804465.59751713,109943930.34395787,6.7634667769078257e-10,11828254.174667694,0,12692.112090379829,0.70998865229893426,26341581.681820147,1.9055071067766522e-07,0,66.520297604523847,16.716546870188036,26546121.398314055,-204539.71649390832,26341581.681820147,50000000,0,26341581.678692244,1.8994057476429379e-05
29599.999999999964,64067.513459481299,74365.648047980649,922804465.59751713,109943930.34395787,6.7246149720061374e-10,11896592.473886665,0,12692.800752226249,0.70721056768249779,26340485.616495535,1.9498565169586695e-07,0,66.609817208683168,16.70432315890794,26546121.399971973,-205635.78347643837,26340485.616495535,50000000,0,26340485.613385573,1.9504913656875293e-05
29499.999999999964,64117.513459481299,74452.250588359093,922804465.59751713,109943930.34395787,6.7172369838611497e-10,11909659.455651619,0,12692.150850233382,0.70662974457217365,26337338.723604038,1.9944568368399587e-07,0,66.559839528826629,16.752466121592796,26546121.38778339,-208782.66417935118,26337338.723604038,50000000,0,26337338.720497489,1.996590402208742e-05
29399.999999999964,64167.513459481299,74538.853128737537,922804465.59751713,109943930.34395787,6.6791547253729607e-10,11977564.272250758,0,12692.552775137781,0.7039608639550996,26336398.015755787,2.0496850786999477e-07,0,66.432564138213749,16.768383622475401,26546121.410852991,-209723.39509720355,26336398.015755787,50000000,0,26336398.012666862,2.0531856413218269e-05
29299.999999999964,64217.513459481299,74625.455669115981,922804465.59751713,109943930.34395787,6.6692000487865295e-10,11995442.485121781,0,12692.122884618615,0.70306456511883741,26333365.656765554,2.1314313229489459e-07,0,66.491647997302451,16.748549021921757,26546121.38361894,-212755.72685338557,26333365.656765554,50000000,0,26333365.65368123,2.1255595651921686e-05
29199.999999999964,64267.513459481299,74712.058209494426,922804465.59751713,109943930.34395787,6.6329350619595023e-10,12061026.526006967,0,12692.995662310557,0.7004601554126566,26332574.273396134,2.1771240906086896e-07,0,66.501361023324051,16.774295255257247,26546121.396818358,-213547.12342222407,26332574.273396134,50000000,0,26332574.270328555,2.1810792873400869e-05
29099.99999999996,64317.513459481299,74798.66074987287,922804465.59751713,109943930.34395787,6.6216587565526201e-10,12081565.956976214,0,12691.609068765129,0.69966817444885832,26329622.634600408,2.2431840515506132e-07,0,66.399674041871535,16.785908693734424,26546121.377521694,-216498.74292128533,26329622.634600408,50000000,0,26329622.631538112,2.2445812829964184e-05
28999.99999999996,64367.513459481299,74885.263290251314,922804465.59751713,109943930.34395787,6.5864176244783071e-10,12146209.280308954,0,12693.071620395376,0.69701007208818311,26328759.386844259,2.3228838467414641e-07,0,66.459496030178798,16.760027156079065,26546121.386696283,-217361.99985202402,26328759.386844259,50000000,0,26328759.383798089,2.3199635898491964e-05
28899.99999999996,64417.513459481299,74971.865830629758,922804465.59751713,109943930.34395787,6.5728702897118338e-10,12171243.951734912,0,12692.039671009417,0.69592960503624435,26325999.84601853,2.384529938352356e-07,0,66.487037918399139,16.775909030127274,26546121.375598822,-220121.52958029136,26325999.84601853,50000000,0,26325999.842978723,2.3874929312822312e-05
28799.99999999996,64467.513459481299,75058.468371008203,922804465.59751713,109943930.34395787,6.5395647084249573e-10,12233231.406924848,0,12692.647560057325,0.69356760273072504,26324884.229956456,2.4605143168992598e-07,0,66.408377532736765,16.778146966929061,26546121.375713099,-221237.14575664327,26324884.229956456,50000000,0,26324884.226932034,2.4571991677343408e-05
28699.99999999996,64517.513459481299,75145.070911386647,922804465.59751713,109943930.34395787,6.5247341078513183e-10,12261037.478362754,0,12692.243863655478,0.69238323230155352,26322417.945772398,2.5222389486802571e-07,0,66.479214075306786,16.73492014554332,26546121.383714676,-223703.43794227764,26322417.945772398,50000000,0,26322417.94275482,2.5284836812356764e-05
28599.99999999996,64567.513459481299,75231.673451765091,922804465.59751713,109943930.34395787,6.4917455706535229e-10,12323343.338625677,0,12692.469872132739,0.68990084376857652,26321140.825212441,2.6226019544942593e-07,0,66.574555909509357,16.733670332869202,26546121.363878973,-224980.53866653144,26321140.825212441,50000000,0,26321140.822210137,2.6151365492582123e-05
28499.99999999996,64617.513459481299,75318.275992143535,922804465.59751713,109943930.34395787,6.4751479335734786e-10,12354931.748910455,0,12692.544908965048,0.68860062543312039,26318770.275055658,2.6715972165411993e-07,0,66.480577537321324,16.746505622505108,26546121.377796218,-227351.10274055973,26318770.275055658,50000000,0,26318770.27206099,2.6819203233550816e-05
28399.99999999996,64667.513459481299,75404.87853252198,922804465.59751713,109943930.34395787,6.4447297347883209e-10,12413245.405820344,0,12692.228107959472,0.68642853547009708,26317405.063325148,2.7884593338176283e-07,0,66.53819839976137,16.688614528534533,26546121.368927259,-228716.30560211092,26317405.063325148,50000000,0,26317405.060344584,2.7785097201108364e-05
28299.99999999996,64717.513459481299,75491.481072900424,922804465.59751713,109943930.34395787,6.4254404116201375e-10,12450510.380866427,0,12692.323426196866,0.68482990834678847,26315155.403213318,2.8505657997339514e-07,0,66.699546883935398,16.661214985030661,26546121.361278214,-230965.95806489512,26315155.403213318,50000000,0,26315155.40024161,2.8590262700932895e-05
28199.999999999971,64767.513459481299,75578.083613278854,922804465.59751713,109943930.34395787,6.3963877828778082e-10,12507061.162843233,0,12692.788351099354,0.68261932796319313,26313546.546624023,2.9551060290555582e-07,0,66.645527112115929,16.684999904169995,26546121.376115974,-232574.82949195057,26313546.546624023,50000000,0,26313546.543665726,2.9458150281460905e-05
28099.999999999971,64817.513459481299,75664.686153657298,922804465.59751713,109943930.34395787,6.3751855864416917e-10,12548656.639419518,0,12691.972673457198,0.68108290485322975,26311406.831928566,3.0052750677651731e-07,0,66.614742098534052,16.643446436696063,26546121.360815447,-234714.52888688073,26311406.831928566,50000000,0,26311406.828980099,3.0178210172073736e-05
27999.999999999971,64867.513459481299,75751.288694035742,922804465.59751713,109943930.34395787,6.3490252648909936e-10,12600361.877740795,0,12692.634506437287,0.6790094937912452,26309670.111316014,3.1412084350229149e-07,0,66.810175657015506,16.595696725593836,26546121.377961405,-236451.26664539054,26309670.111316014,50000000,0,26309670.108379621,3.1342480905691455e-05
27899.999999999971,64917.513459481299,75837.891234414186,922804465.59751713,109943930.34395787,6.3240212884999291e-10,12650181.456505312,0,12692.428979066119,0.67708305725186313,26307677.597083092,3.2262572644675221e-07,0,66.794171120497424,16.617584524862856,26546121.362903632,-238443.76582054049,26307677.597083092,50000000,0,26307677.594158258,3.233739160045598e-05
27799.999999999971,64967.513459481299,75924.493774792631,922804465.59751713,109943930.34395787,6.2998727917371946e-10,12698672.03309923,0,12692.413090437169,0.6752030245962517,26305553.063105725,3.3547711810968353e-07,0,66.738185128885604,16.597875122697697,26546121.363726646,-240568.30062092096,26305553.063105725,50000000,0,26305553.060192086,3.3469656950729101e-05
27699.999999999971,65017.513459481299,76011.096315171075,922804465.59751713,109943930.34395787,6.2739616854537448e-10,12751117.086989963,0,12692.556927745502,0.6732661235745746,26303856.323583808,3.445780025706248e-07,0,66.865618663010736,16.553646463817554,26546121.378612459,-242265.05502865091,26303856.323583808,50000000,0,26303856.320682075,3.4493896068873815e-05
27599.999999999971,65067.513459481299,76097.698855549519,922804465.59751713,109943930.34395787,6.2507280775181067e-10,12798512.501766857,0,12692.025441766411,0.67136891977801605,26301516.458520509,3.5552694986456833e-07,0,66.91279311612378,16.568257846569768,26546121.35842688,-244604.89990637079,26301516.458520509,50000000,0,26301516.455629561,3.5585892364616254e-05
27499.999999999967,65117.513459481299,76184.301395927963,922804465.59751713,109943930.34395787,6.2216658057336293e-10,12858296.33233919,0,12692.928076021384,0.66912660105493427,26299869.597359475,3.6772536640723094e-07,0,66.809686965986742,16.570579910541028,26546121.377612464,-246251.78025298938,26299869.597359475,50000000,0,26299869.594481915,3.6740421067245968e-05
27399.999999999967,65167.513459481299,76270.903936306408,922804465.59751713,109943930.34395787,6.2016262015807137e-10,12899846.355961729,0,12692.025792391492,0.66754908489843845,26297423.80011341,3.7912627712981005e-07,0,66.908545981124789,16.538612211892001,26546121.359813888,-248697.55970047787,26297423.80011341,50000000,0,26297423.797245134,3.7946112934559266e-05
27299.999999999967,65217.513459481299,76357.506476684852,922804465.59751713,109943930.34395787,6.1701190958213974e-10,12965718.418729238,0,12692.479914186706,0.66513349947109468,26295934.462426025,3.9216727112804888e-07,0,66.924038343144844,16.565394397169847,26546121.370589789,-250186.90816376358,26295934.462426025,50000000,0,26295934.459572304,3.9184739674179263e-05
27199.999999999967,65267.513459481299,76444.109017063296,922804465.59751713,109943930.34395787,6.151244284379533e-10,13005503.43036342,0,12692.490240360199,0.6635320071581482,26293263.423493035,4.0259226841169637e-07,0,66.813874013598337,16.573725647635179,26546121.375742115,-252857.95224907994,26293263.423493035,50000000,0,26293263.420648072,4.0330960463408047e-05
27099.999999999967,65317.513459481299,76530.71155744174,922804465.59751713,109943930.34395787,6.1173179998661608e-10,13077631.510879327,0,12692.451091932227,0.66092782381943049,26291756.451443441,4.1848199942852717e-07,0,66.889031699151033,16.557337169394064,26546121.365370389,-254364.91392694786,26291756.451443441,50000000,0,26291756.448614109,4.1827033812964613e-05
26999.999999999967,65367.513459481299,76617.314097820185,922804465.59751713,109943930.34395787,6.1013980678094972e-10,13111754.539849566,0,12692.190313093768,0.65962216068952162,26289173.646049451,4.3260122143259596e-07,0,66.874081668725907,16.591154769604618,26546121.382925648,-256947.73687619716,26289173.646049451,50000000,0,26289173.643227458,4.3291612062988755e-05
26899.999999999967,65417.513459481299,76703.916638198629,922804465.59751713,109943930.34395787,6.0647189935670367e-10,13191053.97842613,0,12692.714189284001,0.65676018026433947,26287694.115343288,4.4800106986354035e-07,0,66.754932074079406,16.618131505519724,26546121.373650745,-258427.25830745697,26287694.115343288,50000000,0,26287694.112538308,4.4744941173873941e-05
26799.999999999967,65467.513459481299,76790.519178577073,922804465.59751713,109943930.34395787,6.0490967000196529e-10,13225121.42937405,0,12692.099705621398,0.65539019927792763,26284939.31987207,4.6102092555745473e-07,0,66.776749394008533,16.599520004162549,26546121.37353617,-261182.05366409943,26284939.31987207,50000000,0,26284939.317074221,4.6131963995126911e-05
26699.999999999967,65517.513459481299,76877.121718955517,922804465.59751713,109943930.34395787,6.0121896581861356e-10,13306306.978682045,0,12692.968858489799,0.65252877247906527,26283754.571766611,4.7601042007212472e-07,0,66.814113874757567,16.638505205860259,26546121.391365811,-262366.81959920004,26283754.571766611,50000000,0,26283754.568985861,4.7665704831192758e-05
26599.999999999967,65567.513459481299,76963.724259333962,922804465.59751713,109943930.34395787,5.9974396018000898e-10,13339033.082528533,0,12691.620070199253,0.65130283628062113,26280814.611499492,4.9335948399396574e-07,0,66.627363654928757,16.682861349636983,26546121.370739847,-265306.75924035534,26280814.611499492,50000000,0,26280814.608725514,4.9319385145092617e-05
26499.999999999967,65617.513459481299,77050.326799712406,922804465.59751713,109943930.34395787,5.9580328720038512e-10,13427258.415858317,0,12693.126338247715,0.64813112345285884,26279789.914809223,5.111857828987143e-07,0,66.643308218915507,16.66189506193475,26546121.391791999,-266331.47698277608,26279789.914809223,50000000,0,26279789.912053477,5.1091658780069723e-05
26399.999999999964,65667.513459481299,77136.92934009085,922804465.59751713,109943930.34395787,5.9445731579126377e-10,13457661.18549649,0,12691.961857860026,0.64691262874569322,26276831.018841229,5.2778505647377248e-07,0,66.699310366861695,16.685352506456823,26546121.373312932,-269290.35447170213,26276831.018841229,50000000,0,26276831.016091656,5.2914499776777717e-05
26299.999999999964,65717.513459481299,77223.531880469294,922804465.59751713,109943930.34395787,5.9046334303541519e-10,13548691.272970045,0,12692.624885672129,0.6438866773110562,26275966.728115778,5.5103879961017556e-07,0,66.551453582622543,16.744894818661646,26546121.387359422,-270154.65924364328,26275966.728115778,50000000,0,26275966.725384682,5.4925527757362368e-05
26199.999999999964,65767.513459481299,77310.134420847739,922804465.59751713,109943930.34395787,5.8909249992354209e-10,13580220.362399733,0,12692.175108806272,0.64253492789370037,26273155.767025601,5.6416090099583268e-07,0,66.472342984943452,16.737332961860922,26546121.370028425,-272965.60300282389,26273155.767025601,50000000,0,26273155.764300816,5.6560716011143788e-05
26099.999999999964,65817.513459481299,77396.736961226183,922804465.59751713,109943930.34395787,5.8497320238083082e-10,13675850.870298222,0,12692.783924715777,0.6392996419621001,26272401.462236725,5.8746111960521645e-07,0,66.57015200196274,16.731877676468564,26546121.373756029,-273719.91151930392,26272401.462236725,50000000,0,26272401.459530935,5.8709584930799133e-05
25999.999999999964,65867.513459481299,77483.339501604627,922804465.59751713,109943930.34395787,5.8368033636100445e-10,13706144.272790141,0,12692.098539033312,0.63808526832536328,26269920.17514734,6.072038211045699e-07,0,66.492776382724543,16.776519981470297,26546121.364770126,-276201.1896227859,26269920.17514734,50000000,0,26269920.172447592,6.0815192786726707e-05
25899.999999999964,65917.513459481299,77569.942041983071,922804465.59751713,109943930.34395787,5.7953593488998015e-10,13804161.010582505,0,12692.661831754438,0.63486650742582995,26269375.986880012,6.3250288558586639e-07,0,66.404798907283364,16.7778595114486,26546121.350569699,-276745.3636896871,26269375.986880012,50000000,0,26269375.984199319,6.3146409638531261e-05
25799.999999999964,65967.513459481299,77656.544582361515,922804465.59751713,109943930.34395787,5.7813817207622494e-10,13837536.158625698,0,12692.14514868368,0.63345386367389911,26266771.970133323,6.5314742132998509e-07,0,66.479832095025188,16.757379668291414,26546121.382974178,-279349.41284085438,26266771.970133323,50000000,0,26266771.967459127,6.5399471676088665e-05
25699.999999999964,66017.513459481299,77743.14712273996,922804465.59751713,109943930.34395787,5.7425909018618866e-10,13931008.680400236,0,12697.123896652838,0.63045486482340596,26265940.575563915,6.7828601146601445e-07,0,66.459643477363954,16.777449344595659,26546121.458559304,-280180.8829953894,26265940.575563915,50000000,0,26265940.572907578,6.784013434997826e-05
25599.999999999964,66067.513459481299,77829.749663118404,922804465.59751713,109943930.34395787,5.7333338333596956e-10,13953503.021342646,0,12703.939928341139,0.62969891672277167,26261735.309992347,7.043054215793529e-07,0,66.402362072174228,16.773184827916158,26546121.48206732,-284386.17207497358,26261735.309992347,50000000,0,26261735.307340357,7.0419826950975014e-05
25499.999999999964,66117.513459481299,77916.352203496848,922804465.59751713,109943930.34395787,5.6933726067473465e-10,14051442.131391773,0,12705.551406660232,0.62646276219571817,26258493.571993303,7.3166630340371101e-07,0,66.496822618218104,16.748355189521597,26546121.399839997,-287627.82784669474,26258493.571993303,50000000,0,26258493.569359675,7.3141360441961742e-05
25399.999999999964,66167.513459481299,78002.954743875292,922804465.59751713,109943930.34395787,5.6755711623674051e-10,14095515.865333496,0,12699.790929272742,0.62473616968191636,26253370.766496837,7.5675676171911685e-07,0,66.490765521417131,16.768303691167588,26546121.181486335,-292750.41498949751,26253370.766496837,50000000,0,26253370.76387142,7.5765730365801682e-05
25299.99999999996,66217.513459481299,78089.557284253737,922804465.59751713,109943930.34395787,5.6339230758374371e-10,14199716.732162826,0,12698.149744266533,0.62141391793031908,26251228.771346428,7.8685280747444512e-07,0,66.419324983770039,16.752545021791448,26546121.118511245,-294892.34716481715,26251228.771346428,50000000,0,26251228.768740315,7.8663064890243246e-05
25199.999999999975,66267.513459481299,78176.159824632166,922804465.59751713,109943930.34395787,5.6155052429492598e-10,14246290.799652709,0,12693.479022652155,0.61960384929442724,26248048.24978989,8.1846103607064423e-07,0,66.540298877651992,16.707453491430048,26546121.16324944,-298072.91345955059,26248048.24978989,50000000,0,26248048.247192178,8.1848068434874229e-05
25099.999999999975,66317.513459481299,78262.762365010611,922804465.59751713,109943930.34395787,5.5745439238507923e-10,14350972.741396798,0,12693.865559793379,0.61623382081918054,26246881.596773341,8.5025760506045347e-07,0,66.608153727648229,16.713069395700529,26546121.213143215,-299239.61636987329,26246881.596773341,50000000,0,26246881.59419455,8.506209769837682e-05
24999.999999999975,66367.513459481299,78349.364905389055,922804465.59751713,109943930.34395787,5.5563356208595141e-10,14398003.263088947,0,12692.055847937894,0.61449277977867311,26244219.483949292,8.8275877927638888e-07,0,66.528539144347491,16.712474621733776,26546121.253420591,-301901.7694712989,26244219.483949292,50000000,0,26244219.481378969,8.8349381072510668e-05
24899.999999999975,66417.513459481299,78435.967445767499,922804465.59751713,109943930.34395787,5.5174201159767987e-10,14499557.348501904,0,12692.544865188487,0.61138195347979596,26243139.913688991,9.2208455429856875e-07,0,66.62641675610702,16.647332773260487,26546121.295545217,-302981.38185622543,26243139.913688991,50000000,0,26243139.911136553,9.2067247654374179e-05
24799.999999999975,66467.513459481299,78522.569986145943,922804465.59751713,109943930.34395787,5.4978449733981789e-10,14551184.983986322,0,12692.025468733242,0.6094487487357414,26240431.08000911,9.5384494175815034e-07,0,66.776454193758141,16.636108215732548,26546121.326053362,-305690.24604425207,26240431.08000911,50000000,0,26240431.077465713,9.5600770022827246e-05
24699.999999999971,66517.513459481299,78609.172526524388,922804465.59751713,109943930.34395787,5.4594808928149979e-10,14653438.968910271,0,12693.046578869356,0.60625777863213415,26238942.609554317,9.951930058628398e-07,0,66.671973788106826,16.656018071487644,26546121.343000371,-307178.73344605416,26238942.609554317,50000000,0,26238942.607028615,9.9485475323471704e-05
24599.999999999971,66567.513459481299,78695.775066902832,922804465.59751713,109943930.34395787,5.4387099403567666e-10,14709404.522291452,0,12691.767510530424,0.60439500584005623,26236061.889074724,1.0366058427803689e-06,0,66.705129648547768,16.594953779669193,26546121.358257562,-310059.46918283775,26236061.889074724,50000000,0,26236061.886558577,0.00010362526881325347
24499.999999999971,66617.513459481299,78782.377607281276,922804465.59751713,109943930.34395787,5.4020549475457844e-10,14809215.807971096,0,12692.835666849989,0.60124751864645398,26234289.87293281,1.0787851068202344e-06,0,66.909753644806841,16.565812600080733,26546121.362756979,-311831.48982416838,26234289.87293281,50000000,0,26234289.87043358,0.00010799774848484027
24399.999999999971,66667.513459481299,78868.98014765972,922804465.59751713,109943930.34395787,5.3784323494372216e-10,14874261.794922527,0,12692.217684642199,0.59906728525708564,26231399.857987393,1.1236440464771284e-06,0,66.814322264054738,16.601621852585623,26546121.368493319,-314721.51050592586,26231399.857987393,50000000,0,26231399.855499048,0.00011240188247858695
24299.999999999971,66717.513459481299,78955.582688038165,922804465.59751713,109943930.34395787,5.3429474025598329e-10,14973051.587608779,0,12692.581459176072,0.59602553919232626,26229162.21568248,1.1718984629688713e-06,0,66.782673023201099,16.567758045989155,26546121.386368591,-316959.17068611085,26229162.21568248,50000000,0,26229162.213210471,0.00011716333361809286
24199.999999999971,66767.513459481299,79042.185228416609,922804465.59751713,109943930.34395787,5.3186170990746478e-10,15041549.915667946,0,12692.349899706993,0.59382474472268454,26226471.959279533,1.2220427251851245e-06,0,66.93944496718035,16.527028802812453,26546121.362698276,-319649.40341874212,26226471.959279533,50000000,0,26226471.956818789,0.00012231659715606895
24099.999999999971,66817.513459481299,79128.787768795053,922804465.59751713,109943930.34395787,5.2836683842590682e-10,15141045.210118398,0,12692.242440005139,0.59074082672028005,26224007.788087841,1.2765758121914238e-06,0,66.945388626652303,16.563455928446526,26546121.382646054,-322113.59455821291,26224007.788087841,50000000,0,26224007.785643157,0.0001277071580788201
23999.999999999971,66867.513459481299,79215.390309173497,922804465.59751713,109943930.34395787,5.2563896009469582e-10,15219625.194960289,0,12692.665606512977,0.58824344313540589,26221283.054709025,1.3312172893224803e-06,0,66.798742643760974,16.567097780013857,26546121.37770829,-324838.32299926504,26221283.054709025,50000000,0,26221283.052276943,0.00013309698649873866
23899.999999999971,66917.513459481299,79301.992849551942,922804465.59751713,109943930.34395787,5.2242176648426285e-10,15313355.497271469,0,12692.320824099146,0.58539600477852305,26218726.223614942,1.390034542416304e-06,0,66.932812122482844,16.536089572866334,26546121.370988131,-327395.14737318829,26218726.223614942,50000000,0,26218726.221197575,0.00013912059078055938
23799.999999999971,66967.513459481299,79388.595389930386,922804465.59751713,109943930.34395787,5.1943477527112003e-10,15401418.787025254,0,12692.20380601314,0.58272296837361459,26216088.588543426,1.4530196395417878e-06,0,66.911799937464664,16.576515479651398,26546121.377551958,-330032.78900853172,26216088.588543426,50000000,0,26216088.586139854,0.00014537725732366658
23699.999999999971,67017.513459481299,79475.19793030883,922804465.59751713,109943930.34395787,5.1632420417715521e-10,15494208.086594513,0,12692.737470507373,0.57983727951659636,26213280.29505758,1.5182540761090307e-06,0,66.78374095803602,16.59005196982822,26546121.367926441,-332841.07286886126,26213280.29505758,50000000,0,26213280.292668365,0.00015180571026211583
23599.999999999967,67067.513459481299,79561.800470687274,922804465.59751713,109943930.34395787,5.1310310748155858e-10,15591480.906586545,0,12692.224262112892,0.57693630180145783,26210577.603620935,1.5867955589013544e-06,0,66.850970535814625,16.58019864999606,26546121.375703927,-335543.7720829919,26210577.603620935,50000000,0,26210577.601246502,0.00015882608335234728
23499.999999999967,67117.513459481299,79648.403011065719,922804465.59751713,109943930.34395787,5.1022848292055715e-10,15679328.962317996,0,12692.372143239927,0.5743033771764644,26207735.195408158,1.6621843171840138e-06,0,66.82094569634846,16.619388109215031,26546121.365247462,-338386.16983930394,26207735.195408158,50000000,0,26207735.193047006,0.00016628336753049197
23399.999999999967,67167.513459481299,79735.005551444163,922804465.59751713,109943930.34395787,5.0673925159394449e-10,15787297.162633777,0,12692.552011194366,0.57113448362595065,26205018.960805047,1.7392489880583352e-06,0,66.695657597860816,16.647343045181263,26546121.382740472,-341102.42193542421,26205018.960805047,50000000,0,26205018.958459873,0.00017395284701616351
23299.999999999967,67217.513459481299,79821.608091822607,922804465.59751713,109943930.34395787,5.0391505225538428e-10,15875783.205181755,0,12692.240635772627,0.56842893669597105,26201902.503686324,1.8217925630868699e-06,0,66.717090826673427,16.634791725011642,26546121.370431297,-344218.86674497277,26201902.503686324,50000000,0,26201902.501354218,0.00018231683797097741
23199.999999999967,67267.513459481299,79908.210632201051,922804465.59751713,109943930.34395787,5.0033161476843919e-10,15989494.924644744,0,12692.834105374088,0.56519233576514227,26199302.35903747,1.912753946845029e-06,0,66.729137007661109,16.677225668085487,26546121.367566045,-346819.0085285753,26199302.35903747,50000000,0,26199302.356721736,0.00019133108873486276
23099.999999999967,67317.513459481299,79994.813172579496,922804465.59751713,109943930.34395787,4.9761452682899342e-10,16076808.799998781,0,12691.773591089381,0.56261981342619238,26195942.198283311,2.0021033093452251e-06,0,66.560745000175316,16.713280854012435,26546121.379427701,-350179.18114439026,26195942.198283311,50000000,0,26195942.195980161,0.00020033837935032586
22999.999999999967,67367.513459481299,80081.41571295794,922804465.59751713,109943930.34395787,4.9374820215443908e-10,16202706.797968086,0,12692.959078824699,0.55903717046056589,26193339.062279534,2.1047610341263579e-06,0,66.588592745985338,16.694893455084625,26546121.365247779,-352782.302968245,26193339.062279534,50000000,0,26193339.059994102,0.00021042800447612097
22899.999999999967,67417.513459481299,80168.018253336384,922804465.59751713,109943930.34395787,4.9118306604233645e-10,16287331.843449768,0,12692.154653560321,0.55647835287355318,26189780.281341113,2.2050583514215603e-06,0,66.622718826004856,16.722159254695267,26546121.369852826,-356341.08851171285,26189780.281341113,50000000,0,26189780.279067494,0.00022086667840818478
22799.999999999967,67467.513459481299,80254.620793714828,922804465.59751713,109943930.34395787,4.8716635042881856e-10,16421632.547812859,0,12692.395862906355,0.55292266318780692,26187206.567892183,2.3215264286182966e-06,0,66.48323663258094,16.768241391417018,26546121.370522916,-358914.8026307337,26187206.567892183,50000000,0,26187206.565636948,0.00023209170255839739
22699.999999999967,67517.513459481299,80341.223334093273,922804465.59751713,109943930.34395787,4.8464097119770973e-10,16507212.172622794,0,12692.339439489613,0.55026845423258286,26183534.53175357,2.4376900226598696e-06,0,66.449139915461075,16.752909954199065,26546121.358320303,-362586.82656673342,26183534.53175357,50000000,0,26183534.529510044,0.0002438968416059464
22599.999999999967,67567.513459481299,80427.825874471717,922804465.59751713,109943930.34395787,4.804376792524912e-10,16651643.261022344,0,12692.663544054316,0.54644513202189915,26180833.838246875,2.5659136702574443e-06,0,66.528861497100579,16.755380333804254,26546121.378085352,-365287.53983847797,26180833.838246875,50000000,0,26180833.836022552,0.00025679849540343944
22499.999999999964,67617.513459481299,80514.428414850161,922804465.59751713,109943930.34395787,4.7800512064624671e-10,16736395.437501801,0,12692.123559813881,0.54391313583607026,26177074.303119261,2.7007909026210787e-06,0,66.441742722145946,16.790183090168945,26546121.350980662,-369047.04786140099,26177074.303119261,50000000,0,26177074.300906058,0.000270303797436226
22399.999999999964,67667.513459481299,80601.030955228605,922804465.59751713,109943930.34395787,4.7369795226630096e-10,16888587.890714515,0,12692.729418538738,0.54000951840904898,26174347.621496897,2.8508136827358008e-06,0,66.398283204795334,16.776468035381086,26546121.374311116,-371773.7528142184,26174347.621496897,50000000,0,26174347.619303424,0.00028491996777234058
22299.999999999964,67717.513459481299,80687.63349560705,922804465.59751713,109943930.34395787,4.7119556775340207e-10,16978291.152208984,0,12691.911829500026,0.5372751335688114,26170326.494443119,2.9972971457773567e-06,0,66.492326889973114,16.758680446616435,26546121.347059306,-375794.85261618719,26170326.494443119,50000000,0,26170326.492261104,0.00030019606386078919
22199.999999999964,67767.513459481299,80774.236035985494,922804465.59751713,109943930.34395787,4.6683385111096944e-10,17136939.470584583,0,12693.43569817037,0.53326945819285676,26167505.725760009,3.1668494308481704e-06,0,66.456160146566532,16.782212860571416,26546121.360167984,-378615.63440797478,26167505.725760009,50000000,0,26167505.72359797,0.0003168101277057739
22099.999999999964,67817.513459481299,80860.838576363938,922804465.59751713,109943930.34395787,4.6438849576424871e-10,17227195.460041925,0,12692.625004382247,0.53068893286084007,26163149.276888441,3.3441793502383021e-06,0,66.409054255112721,16.762659887099726,26546121.37101236,-382972.09412391856,26163149.276888441,50000000,0,26163149.274737585,0.00033451790713820895
21999.999999999964,67867.513459481299,80947.441116742382,922804465.59751713,109943930.34395787,4.599093312284745e-10,17394994.266388457,0,12694.331661613722,0.52645981767133188,26160085.790282145,3.5368717365171326e-06,0,66.527592434412583,16.729980438296803,26546121.343765549,-386035.55348340422,26160085.790282145,50000000,0,26160085.788151782,0.00035387386298737063
21899.999999999964,67917.513459481299,81034.043657120827,922804465.59751713,109943930.34395787,4.5731474830976717e-10,17493704.068619791,0,12692.014081835234,0.52359442424789415,26155379.409107171,3.7368220954371585e-06,0,66.534246876476843,16.746974715424077,26546121.310006887,-390741.90089971572,26155379.409107171,50000000,0,26155379.406988621,0.00037415927615930028
21799.999999999964,67967.513459481299,81120.646197499271,922804465.59751713,109943930.34395787,4.5278496886083511e-10,17668741.0484601,0,12692.756692365916,0.51941932341637609,26152049.238159806,3.9625567298549502e-06,0,66.477552929159586,16.729397167850411,26546121.289786428,-394072.05162662268,26152049.238159806,50000000,0,26152049.236061964,0.00039618694695550027
21699.999999999975,68017.513459481299,81207.2487378777,922804465.59751713,109943930.34395787,4.5021965905906014e-10,17769438.741137736,0,12691.817514919967,0.51650952660808469,26147522.3083103,4.1953338999162793e-06,0,66.60753381464724,16.680482486233679,26546121.262143485,-398598.95383318514,26147522.3083103,50000000,0,26147522.306224074,0.00042004397274400177
21599.999999999975,68067.513459481299,81293.851278256145,922804465.59751713,109943930.34395787,4.4559956034606465e-10,17953705.095769808,0,12693.977425593383,0.51212990864132413,26144279.975566749,4.4550235803454515e-06,0,66.657074454798973,16.68534657162224,26546121.254456561,-401841.27888981253,26144279.975566749,50000000,0,26144279.973501645,0.00044579100096976725
21499.999999999975,68117.513459481299,81380.453818634589,922804465.59751713,109943930.34395787,4.4301777287459824e-10,18058362.260981675,0,12694.398411691302,0.50920422845873137,26139995.377294537,4.7258214563818361e-06,0,66.588987553670989,16.670044761226062,26546121.247847576,-406125.87055303901,26139995.377294537,50000000,0,26139995.375241134,0.00047291266166283967
21399.999999999975,68167.513459481299,81467.056359013033,922804465.59751713,109943930.34395787,4.385120141037451e-10,18243949.166798487,0,12698.561498596646,0.50495666685170792,26137442.48467974,5.0324629778603495e-06,0,66.704958656746385,16.618371130087347,26546121.269678716,-408678.78499897569,26137442.48467974,50000000,0,26137442.482646827,0.00050329258672170553
21299.999999999975,68217.513459481299,81553.658899391477,922804465.59751713,109943930.34395787,4.358103379982502e-10,18357078.519488316,0,12701.073796696697,0.50179628302641266,26133897.944348089,5.3448497409992275e-06,0,66.802968128099039,16.61710725696399,26546121.357267838,-412223.41291974857,26133897.944348089,50000000,0,26133897.942327376,0.00053540146200940298
21199.999999999971,68267.513459481299,81640.261439769922,922804465.59751713,109943930.34395787,4.3085578830902576e-10,18568215.946566842,0,12696.301510713382,0.49694200859056986,26131028.55706846,5.7000473176671732e-06,0,66.715910737335363,16.617712617561018,26546121.479518391,-415092.9224499315,26131028.55706846,50000000,0,26131028.555070303,0.00057012981568354724
21099.999999999971,68317.513459481299,81726.863980148366,922804465.59751713,109943930.34395787,4.2783053381620923e-10,18699558.077217277,0,12691.061094595245,0.49352056888885026,26126502.015621163,6.0796590087958823e-06,0,66.812358402813487,16.560680354709284,26546121.35363755,-419619.33801638708,26126502.015621163,50000000,0,26126502.013636582,0.00060852456004250211
20999.999999999971,68367.513459481299,81813.46652052681,922804465.59751713,109943930.34395787,4.2317158200009677e-10,18905483.434996549,0,12693.084638334227,0.48885189564903864,26122964.089596432,6.4977073914626738e-06,0,66.9385879867597,16.561242917126133,26546121.354661115,-423157.26506468281,26122964.089596432,50000000,0,26122964.087632999,0.00065052454031775341
20899.999999999971,68417.513459481299,81900.069060905254,922804465.59751713,109943930.34395787,4.2010674595903872e-10,19043453.576743577,0,12692.072503937112,0.48532142456751176,26118191.663220618,6.9375163112304976e-06,0,66.808449556712802,16.5873902885264,26546121.35337355,-427929.69015293196,26118191.663220618,50000000,0,26118191.661270939,0.00069442359256563491
20799.999999999971,68467.513459481299,81986.671601283699,922804465.59751713,109943930.34395787,4.154228543410566e-10,19258231.01166714,0,12692.743946661667,0.48059362111064391,26114109.060391199,7.4350920415014177e-06,0,66.846637170294954,16.535896703895542,26546121.358838756,-432012.29844755679,26114109.060391199,50000000,0,26114109.058462638,0.0007438157485292388
20699.999999999971,68517.513459481299,82073.274141662143,922804465.59751713,109943930.34395787,4.1231429459802651e-10,19403485.137339301,0,12692.158793396055,0.47698846657281463,26109484.986618012,7.9662784652503715e-06,0,67.000960334673991,16.528710578313113,26546121.372191768,-436636.38557375595,26109484.986618012,50000000,0,26109484.984703295,0.00079814264945015875
20599.999999999971,68567.513459481299,82159.876682040587,922804465.59751713,109943930.34395787,4.075777562639956e-10,19629051.104330111,0,12692.481519792509,0.47209856587778715,26105319.229135256,8.557741230481612e-06,0,66.877337482004876,16.581869275723047,26546121.364279818,-440802.13514456153,26105319.229135256,50000000,0,26105319.227241952,0.00085634950198697896
20499.999999999971,68617.513459481299,82246.479222419031,922804465.59751713,109943930.34395787,4.0423626667303612e-10,19791379.607791226,0,12692.392685300723,0.46819703899279913,26100606.566818021,9.1882428911126022e-06,0,66.794748399927926,16.559481953458128,26546121.367010862,-445514.8001928404,26100606.566818021,50000000,0,26100606.56493951,0.00091964566543878466
20399.999999999971,68667.513459481299,82333.081762797476,922804465.59751713,109943930.34395787,3.9963955914290707e-10,20019115.568303175,0,12692.607312288377,0.46333930018117286,26096361.438791767,9.9046544675227077e-06,0,66.963080942915568,16.542457970628039,26546121.379531689,-449759.94073992223,26096361.438791767,50000000,0,26096361.43693373,0.00099201131948594779
20299.999999999971,68717.513459481299,82419.68430317592,922804465.59751713,109943930.34395787,3.960451285152226e-10,20200897.525073666,0,12691.904666368235,0.45919760398333065,26091663.990007728,1.0676321417278492e-05,0,66.854911852861591,16.606269525143617,26546121.353641022,-454457.36363329366,26091663.990007728,50000000,0,26091663.988165572,0.001069096942614639
20199.999999999971,68767.513459481299,82506.286843554364,922804465.59751713,109943930.34395787,3.9148256461916385e-10,20436436.709748484,0,12692.986453297257,0.45420256376376539,26087192.845542856,1.1530891078044417e-05,0,66.723017135341181,16.611773646773557,26546121.373589974,-458928.52804711834,26087192.845542856,50000000,0,26087192.843720935,0.0011538951824264104
20099.999999999971,68817.513459481299,82592.889383932808,922804465.59751713,109943930.34395787,3.8766159896352845e-10,20637981.996075712,0,12692.019584712412,0.44973756733283471,26082251.99469639,1.2474614261804537e-05,0,66.822502695279866,16.598279924158941,26546121.354663514,-463869.35996712372,26082251.99469639,50000000,0,26082251.992891226,0.0012497683150722034
19999.999999999971,68867.513459481299,82679.491924311253,922804465.59751713,109943930.34395787,3.8319541624280224e-10,20878656.084701672,0,12692.581287068992,0.44479553153861395,26077643.72870855,1.3533620256588191e-05,0,66.77757577823472,16.651746101583328,26546121.362626016,-468477.63391746581,26077643.72870855,50000000,0,26077643.726922937,0.0013553361082313639
19899.999999999971,68917.513459481299,82766.094464689697,922804465.59751713,109943930.34395787,3.7913268997548924e-10,21102529.399448495,0,12692.338213087944,0.44000684754149316,26072583.702657014,1.468534380947622e-05,0,66.613141492206253,16.681879428087047,26546121.359267954,-473537.65661093965,26072583.702657014,50000000,0,26072583.700889036,0.0014702793631204618
19799.999999999971,68967.513459481299,82852.697005068141,922804465.59751713,109943930.34395787,3.7463907002295137e-10,21355806.302248154,0,12692.411734026546,0.43484114602192886,26067546.001907494,1.598645229872381e-05,0,66.661277513353525,16.666435737366349,26546121.352861255,-478575.35095376149,26067546.001907494,50000000,0,26067546.000159025,0.0016011939817534512
19699.999999999971,69017.513459481299,82939.299545446585,922804465.59751713,109943930.34395787,3.7042855736394592e-10,21598730.052512854,0,12692.631961268124,0.42983407682322444,26062345.427046422,1.7432492369868837e-05,0,66.659251109358365,16.70855280034332,26546121.367860071,-483775.94081364945,26062345.427046422,50000000,0,26062345.42531592,0.0017469088075965223
19599.999999999971,69067.513459481299,83025.90208582503,922804465.59751713,109943930.34395787,3.6596739028949293e-10,21862224.079507045,0,12692.013732916381,0.42462007598040663,26057059.625748925,1.9058188052035599e-05,0,66.50804359665463,16.739762426430431,26546121.34939431,-489061.72364538535,26057059.625748925,50000000,0,26057059.624037523,0.0019080541396205566
19499.999999999967,69117.513459481299,83112.504626203474,922804465.59751713,109943930.34395787,3.6146634714793131e-10,22134677.847595945,0,12692.696615183368,0.41916829308788511,26051552.112143803,2.086407260043001e-05,0,66.53183314652857,16.724152128691625,26546121.361584987,-494569.2494411841,26051552.112143803,50000000,0,26051552.11045137,0.0020904129703106628
19399.999999999967,69167.513459481299,83199.107166581918,922804465.59751713,109943930.34395787,3.5704774596243659e-10,22408854.856052537,0,12692.440198119819,0.41376574449980291,26045865.200170968,2.2916464170101236e-05,0,66.560031197804747,16.748981392722641,26546121.359252702,-500256.15908173472,26045865.200170968,50000000,0,26045865.198496897,0.0022970073506977809
19299.999999999967,69217.513459481299,83285.709706960362,922804465.59751713,109943930.34395787,3.5235992933680614e-10,22707274.453391731,0,12692.143966605559,0.4081383734955768,26040167.983681589,2.5240511436862305e-05,0,66.4383070806674,16.781375696608805,26546121.345475383,-505953.36179379374,26040167.983681589,50000000,0,26040167.982026923,0.0025280036267731681
19199.999999999967,69267.513459481299,83372.312247338807,922804465.59751713,109943930.34395787,3.4791143579508541e-10,22997926.652778875,0,12692.586376280618,0.40247065964961676,26034104.457189973,2.7842731938848884e-05,0,66.441087276256624,16.761638183193146,26546121.383624058,-512016.92643408477,26034104.457189973,50000000,0,26034104.455553222,0.0027904202465145983
19099.999999999967,69317.513459481299,83458.914787717251,922804465.59751713,109943930.34395787,3.4297284423066492e-10,23329446.637938052,0,12692.449783389746,0.39637888696040591,26027938.82219993,3.0841159611590165e-05,0,66.499922255383481,16.77075350111361,26546121.301620908,-518182.47942097858,26027938.82219993,50000000,0,26027938.820583027,0.0030917864070926413
18999.999999999978,69367.513459481299,83545.517328095681,922804465.59751713,109943930.34395787,3.3854012670862018e-10,23635312.244264826,0,12692.247906163146,0.39058831140770833,26021441.475293893,3.4235903105204918e-05,0,66.412448253192821,16.79245844796208,26546121.686124898,-524680.21083100513,26021441.475293893,50000000,0,26021441.473694138,0.0034316692703343431
18899.999999999964,69417.513459481299,83632.119868474139,922804465.59751713,109943930.34395787,3.3342747807847226e-10,23998196.250186682,0,12692.624803052273,0.38417482898201705,26014951.313596684,3.8156988353416442e-05,0,66.418436246823461,16.764682330650057,26546120.826194275,-531169.51259759068,26014951.313596684,50000000,0,26014951.312016569,0.0038238740383158554
18799.999999999978,69467.513459481299,83718.722408852569,922804465.59751713,109943930.34395787,3.2885641535439695e-10,24332270.197776716,0,12692.033140705837,0.37793452597314853,26007894.87006535,4.2627802040992225e-05,0,66.520172383877295,16.7527011943194,26546125.96718644,-538231.0971210897,26007894.87006535,50000000,0,26007894.868502017,0.004276901927470933
18699.999999999964,69517.513459481299,83805.324949231028,922804465.59751713,109943930.34395787,3.2356072253996107e-10,24731117.34749243,0,12693.068592265548,0.3711199940423886,26000934.856123582,4.7849202920828411e-05,0,66.45668527191566,16.774728878499321,26546114.062102478,-545179.20597889647,26000934.856123582,50000000,0,26000934.854579438,0.0047974255248170823
18599.999999999978,69567.513459481299,83891.927489609458,922804465.59751713,109943930.34395787,3.1898602571593033e-10,25086453.057463516,0,12691.671128781074,0.36467843853539583,25993548.343935311,5.3854538107625072e-05,0,66.448226244353009,16.738230883948155,26546186.292391282,-552637.94845597073,25993548.343935311,50000000,0,25993548.342406351,0.0054014285263407512
18499.999999999978,69617.513459481299,83978.530029987902,922804465.59751713,109943930.34395787,3.1335054493423103e-10,25538412.822092012,0,12692.899006430593,0.3572640439303662,25985902.872397333,6.0952235329084339e-05,0,66.59487484955163,16.702362572417702,26546019.028427128,-560116.15602979437,25985902.872397333,50000000,0,25985902.870887324,0.0061129643692710688
18399.999999999978,69667.513459481299,84065.132570366346,922804465.59751713,109943930.34395787,3.0879241109912504e-10,25916206.496019639,0,12692.199073305073,0.35043729588297523,25979958.127027575,6.8997914979979306e-05,0,66.583799427618544,16.723679446613104,26547473.297483061,-567515.17045548558,25979958.127027575,50000000,0,25979958.125530608,0.0069288792289415998
18299.999999999978,69717.513459481299,84151.73511074479,922804465.59751713,109943930.34395787,3.0262912806243888e-10,26445017.130796924,0,12692.527391130925,0.34244571330707368,25996311.702242538,7.8732049793727888e-05,0,66.520684735515161,16.699485682048746,26568449.290998492,-572137.58875595406,25996311.702242538,50000000,0,25996311.70076431,0.0078843073483825573
18199.999999999978,69767.513459481299,84238.337651123235,922804465.59751713,109943930.34395787,2.9911550009183634e-10,26756444.81670586,0,12692.147350620788,0.33535693969867258,26034325.974975001,8.9409847781616634e-05,0,66.681600496123238,16.645800674616989,26606339.364387609,-572013.389412608,26034325.974975001,50000000,0,26034325.973502345,0.0090007945978892254
18099.999999999978,69817.513459481299,84324.940191501679,922804465.59751713,109943930.34395787,2.9076182535457118e-10,27527955.632809807,0,12692.819850622571,0.32485997361452368,26089509.505520429,0.00010357075295732114,0,66.7218532200949,16.651829783272539,26663153.292938445,-573643.7874180153,26089509.505520429,50000000,0,26089509.504072249,0.010359641945548916
17999.999999999978,69867.513459481299,84411.542731880123,922804465.59751713,109943930.34395787,2.8850331472007254e-10,27743768.348355681,0,12692.123787717972,0.32455075626600127,26183013.079734888,0.00011775948288187558,0,66.669269668766574,16.640680242153099,26745475.753130864,-562462.67339597642,26183013.079734888,50000000,0,26183013.078282945,0.011865935249232249
17899.999999999978,69917.513459481299,84498.145272258567,922804465.59751713,109943930.34395787,2.7988609429975669e-10,28601036.155569162,0,12692.808064034991,0.30323798360490872,26277359.090463012,0.00013763583860914078,0,66.768514978922667,16.591459221139232,26666643.33865504,-389284.24819202721,26277359.090463012,50000000,0,26277359.089031,0.013776477726659034
17799.999999999975,69967.513459481299,84584.747812637012,922804465.59751713,109943930.34395787,2.7689414212260097e-10,28910153.550418779,0,12691.758317906699,0.29141390081772656,26411967.208541781,0.0001583428702511106,0,66.857200986710168,16.590368235428222,26611105.414002012,-199138.20546023175,26411967.208541781,50000000,0,26411967.207103025,0.015945381885539636
17699.999999999975,70017.513459481299,84671.350353015456,922804465.59751713,109943930.34395787,2.6954428083263982e-10,29700977.260596838,0,12693.208793843913,0.27670242638269066,26561600.117437419,0.00018537511265905441,0,66.775944214347092,16.590120754142831,26571603.426305644,-10003.308868225664,26561600.117437419,50000000,0,26561600.116005566,0.018607180527912114
17599.999999999975,70067.513459481299,84757.9528933939,922804465.59751713,109943930.34395787,2.6465002842560655e-10,30252569.38053076,0,12691.639235205957,0.26273538748916597,26738210.392972969,0.00021709400882105386,0,66.866246102354978,16.547975834933684,26553588.127907693,184622.26506527513,26738210.392972969,50000000,0,26738210.391532004,0.021845586710769922
17499.999999999975,70117.513459481299,84844.555433772344,922804465.59751713,109943930.34395787,2.5804611139982027e-10,31029310.996207163,0,12692.901481316776,0.24787993177576995,26927280.065625649,0.0002570664731566558,0,66.932321342764894,16.561469417610827,26545445.462120995,381834.60350465402,26927280.065625649,50000000,0,26927280.064175263,0.025844363368107016
17399.999999999975,70167.513459481299,84931.157974150789,922804465.59751713,109943930.34395787,2.5267187901464965e-10,31691743.922258195,0,12692.10304115311,0.23338678737557472,27131303.707523357,0.00030467351907127575,0,66.815584037132709,16.570007417697219,26549473.473549128,581830.23397422954,27131303.707523357,50000000,0,27131303.706050262,0.030654460979017424
17299.999999999971,70217.513459481299,85017.760514529233,922804465.59751713,109943930.34395787,2.4585376221771954e-10,32573876.596947748,0,12692.790031154515,0.21804369320106487,27336075.508701269,0.00036452146193329996,0,66.905204167756878,16.533508755913118,26553024.983386911,783050.52531435713,27336075.508701269,50000000,0,27336075.507199768,0.03679934017792668
17199.999999999971,70267.513459481299,85104.363054907677,922804465.59751713,109943930.34395787,2.4007808731391675e-10,33360581.518194083,0,12692.056856150984,0.20366647530357004,27528666.73844796,0.00044530867473184781,0,66.950837041653514,16.55620740993734,26546177.032774016,982489.70567394421,27528666.73844796,50000000,0,27528666.736892432,0.044451116157486432
17099.999999999971,70317.513459481299,85190.965595286121,922804465.59751713,109943930.34395787,2.3293815998434183e-10,34387482.122754671,0,12692.681821815775,0.18825145955475397,27734039.198962089,0.00052007737318627396,0,66.817958459739955,16.594065688340191,26549031.203354996,1185007.995607093,27734039.198962089,50000000,0,27734039.197364844,0.053948775235642919
16999.999999999971,70367.513459481299,85277.568135664565,922804465.59751713,109943930.34395787,2.2665018873327087e-10,35347018.484121889,0,12692.174428777847,0.17344636910252981,27937300.461013172,0.00071264296285365909,0,66.808409896082367,16.563284217337163,26549046.771905228,1388253.6891079433,27937300.461013172,50000000,0,27937300.459252357,0.065447098014004182
16899.999999999971,70417.513459481299,85364.17067604301,922804465.59751713,109943930.34395787,2.1901490203780717e-10,36587945.155095197,0,12692.819113294576,0.15827717046539166,28142939.920476973,0.00055582918385288439,0,66.931800630453765,16.577155436457634,26550536.375775315,1592403.5447016582,28142939.920476973,50000000,0,28142939.918908376,0.078756180673801787
16799.999999999971,70467.513459481299,85450.773216421454,922804465.59751713,109943930.34395787,2.120868852360091e-10,37797965.201895744,0,12691.686702865243,0.1435659057767501,28346087.192188118,0.0017946278377117947,0,66.751131146145369,16.642951187116687,26548673.419571199,1797413.7726169191,28346087.192188118,50000000,0,28346087.18941275,0.088874766474131256
16699.999999999971,70517.513459481299,85537.375756799898,922804465.59751713,109943930.34395787,2.0275882426984591e-10,39561120.550788648,0,12693.167861781292,0.1283999477267844,28555022.312436096,-0.0024113955514937432,0,66.681985094582885,16.626412141912869,26551176.747129507,2003845.565306589,28555022.312436096,50000000,0,28555022.313909762,-0.080698841078549355
16599.999999999971,70567.513459481299,85623.978297178342,922804465.59751713,109943930.34395787,1.9199742711087289e-10,41712184.93154709,0,12691.867892906443,0.11392967554784023,28761879.317319196,0.0030210906124839257,0,66.803666966909631,16.627639673541601,26551638.303299908,2210241.0140192881,28761879.317319196,50000000,0,28761879.313410234,-0.53435915811158718
16499.999999999971,70617.513459481299,85710.580837556787,922804465.59751713,109943930.34395787,1.863598286816998e-10,42885274.331264764,0,12692.722246516261,0.10001228221318358,28954848.423587799,-0.041863201672342198,0,66.677885281856717,16.696039080901869,26545058.369497206,2409790.054090593,28954848.423587799,50000000,0,28954848.464589249,0.56140436648794156
16399.999999999985,70667.513459481299,85797.183377935216,922804465.59751713,109943930.34395787,1.7002051642241489e-10,45726798.724996604,0,12692.194809443892,0.085900363699867435,29188252.369175363,0.19780263468475978,0,66.536279054271375,16.710530597322808,26552265.699673779,2635986.669501584,29188252.369175363,50000000,0,29188252.170586493,8.7760692584798896
16299.999999999971,70717.513459481299,85883.785918313675,922804465.59751713,109943930.34395787,2.7818798217577307e-10,29245558.589039911,0,12692.621364451114,0.075768458759307877,29427516.259850059,-0.22058140930562806,0,66.620000870132145,16.693261552840539,26550768.089279242,2876748.1705708168,29427516.259850059,50000000,0,29427516.47914499,-17.165503288997449
16199.999999999982,70767.513459481299,85970.388458692105,922804465.59751713,109943930.34395787,2.4549380844362309e-10,37279157.241658278,0,12692.413104765292,0.050781449591072142,29883044.165190592,-0.34599329615544616,0,66.592957391708765,16.740425019934204,26548203.349279083,3334840.8159115091,29883044.165190592,50000000,0,29883044.510048624,-24.739602936750902
16099.999999999969,70817.513459481299,86056.990999070564,922804465.59751713,109943930.34395787,7.4594238506242498e-11,183736536.30024633,0,12692.247276671749,0.022796593636746507,30375028.566055551,0.11847590779904905,0,66.448047527677176,16.763813049661916,26548255.434467863,3826773.1315876879,30375028.566055551,50000000,0,30375028.447234705,6.9306217873244416
15999.999999999982,70867.513459481299,86143.593539448993,922804465.59751713,109943930.34395787,4.5278703164529984e-11,347807524.24031562,0,12692.410940127655,0.013999326493416108,30578246.591737583,0.28932581461808199,0,66.495144906097835,16.744058303627771,26550327.863138605,4027918.7285989784,30578246.591737583,50000000,0,30578246.302202344,21.118788554081039
15899.999999999982,70917.513459481299,86230.196079827438,922804465.59751713,109943930.34395787,1.8542270149639306e-11,580362937.22171366,0,12692.733413454211,0.0081015855058248799,30605469.776132364,-0.0063354642782374824,0,66.51752888445597,16.768105330263268,26549533.075382244,4055936.70075012,30605469.776132364,50000000,0,30605469.78238206,4.5788833761151206
15799.999999999982,70967.513459481299,86316.798620205882,922804465.59751713,109943930.34395787,9.1385186465679611e-12,728688441.68601072,0,12691.869802996382,0.0053990789898851746,30521720.682489205,0.0092923137385260146,0,66.408304132077944,16.787287146394156,26551226.780905008,3970493.9015841968,30521720.682489205,50000000,0,30521720.67315466,0.49194096517258007
15699.99999999998,71017.513459481299,86403.401160584326,922804465.59751713,109943930.34395787,4.1873341485724717e-12,822923364.06376779,0,12692.836054155145,0.0039507176532965248,30385370.052635092,-0.0011265726956125521,0,66.446990579517262,16.762535941194724,26549936.973900627,3835433.0787344649,30385370.052635092,50000000,0,30385370.05374229,0.096326405799788253
15599.99999999998,71067.513459481299,86490.00370096277,922804465.59751713,109943930.34395787,1.9068579118749013e-12,874046691.69773626,0,12692.238721084292,0.0032071347972663956,30229492.373211734,0.00090624904027466504,0,66.488014508735517,16.775294516689435,26551801.551535666,3677690.821676068,30229492.373211734,50000000,0,30229492.372296657,0.045782530793502453
15499.99999999998,71117.513459481299,86576.606241341215,922804465.59751713,109943930.34395787,8.4100236555494683e-13,899934724.5231781,0,12692.450632647113,0.0028340062690939269,30062128.269500803,0.00026300860180889527,0,66.407912349584763,16.783781817072427,26546276.993880365,3515851.2756204382,30062128.269500803,50000000,0,30062128.269233808,0.039756636700614148
15399.99999999998,71167.513459481299,86663.208781719659,922804465.59751713,109943930.34395787,3.5614437727441028e-13,912530550.01320708,0,12692.446286302869,0.0026475115101299491,29907353.428985987,0.00042232376741322065,0,66.456549247472282,16.744740069544658,26546420.996515103,3360932.4324708842,29907353.428985987,50000000,0,29907353.428562075,0.038614570582201906
15299.99999999998,71217.513459481299,86749.811322098103,922804465.59751713,109943930.34395787,1.5047694402685851e-13,918101703.1554172,0,12692.205548659982,0.0025618348881501717,29742404.44787579,0.00036633063997870723,0,66.559452070013776,16.738254157234479,26526643.523226544,3215760.924649246,29742404.44787579,50000000,0,29742404.447508734,0.037547934828120036
15199.99999999998,71267.513459481299,86836.413862476547,922804465.59751713,109943930.34395787,6.3575812171629061e-14,920549876.18616939,0,12692.860015806235,0.0025220744393598966,29571387.225995146,0.0003640443254663397,0,66.474757957296546,16.755354070190307,26489901.941573597,3081485.2844215482,29571387.225995146,50000000,0,29571387.225630831,0.036026837191259542
15099.999999999978,71317.513459481299,86923.016402854992,922804465.59751713,109943930.34395787,2.7675984716224643e-14,921596385.47658134,0,12691.908786676448,0.0025041700183503599,29387682.550090812,0.00033991185078828182,0,66.508747297583596,16.703440959001625,26428667.006202657,2959015.5438881554,29387682.550090812,50000000,0,29387682.549750708,0.033963320313962785
14999.999999999978,71367.513459481299,87009.618943233436,922804465.59751713,109943930.34395787,1.2337120580061558e-14,922060340.84606802,0,12692.653980320034,0.002495628864951941,29201052.30902404,0.0003146966765052148,0,66.673035799584838,16.669836542039889,26353607.349709183,2847444.9593148567,29201052.30902404,50000000,0,29201052.30870929,0.031437163769508211
14899.999999999978,71417.513459481299,87096.22148361188,922804465.59751713,109943930.34395787,8.1340461524724964e-15,922186513.04033363,0,12692.460871674508,0.0024933385373358563,29172428.632812269,0.00028660649718488323,0,66.638003272407445,16.694310922354706,26427120.277826261,2745308.3549860083,29172428.632812269,50000000,0,29172428.632525567,0.028646684193553092
14799.999999999978,71467.513459481299,87182.824023990324,922804465.59751713,109943930.34395787,5.5772074981391736e-15,922264919.82623422,0,12692.278017351313,0.0024919629054638106,29136252.984418064,0.00025768403132039582,0,66.585000214346408,16.65996240883344,26484229.691121042,2652023.2932970226,29136252.984418064,50000000,0,29136252.984160382,0.025759941594934277
14699.999999999978,71517.513459481299,87269.426564368769,922804465.59751713,109943930.34395787,4.0851681998406615e-15,922311496.43754733,0,12692.356628911602,0.0024911084302323347,29092314.274148114,0.00022913331039910514,0,66.774473652629538,16.606811488097495,26525555.081038911,2566759.1931092031,29092314.274148114,50000000,0,29092314.27391893,0.022941052911133852
14599.999999999978,71567.513459481299,87356.029104747213,922804465.59751713,109943930.34395787,3.2637687345493159e-15,922336580.56944883,0,12692.64305811878,0.002490563049384783,29032234.826018244,0.00020159140363543057,0,66.785265557520873,16.623645545396588,26544138.990233783,2488095.8357844613,29032234.826018244,50000000,0,29032234.825816628,0.020194618936676612
14499.999999999976,71617.513459481299,87442.631645125657,922804465.59751713,109943930.34395787,2.7971742224732301e-15,922349987.124264,0,12692.190987837137,0.0024904517513667812,28961862.597205509,0.00017602094626828892,0,66.720890494884088,16.609445433776841,26546272.750651568,2415589.8465539403,28961862.597205509,50000000,0,28961862.5970295,0.017639021687271602
14399.999999999976,71667.513459481299,87529.234185504101,922804465.59751713,109943930.34395787,2.441890677170179e-15,922360275.67057085,0,12692.764840768183,0.0024902948635464927,28894591.639304176,0.00015313957215526769,0,66.837125669625479,16.560747469287911,26546021.532401156,2348570.1069030203,28894591.639304176,50000000,0,28894591.639151026,0.015362987283583924
14299.999999999976,71717.513459481299,87615.836725882546,922804465.59751713,109943930.34395787,2.1485261288648703e-15,922369046.30895686,0,12691.806784957675,0.0024901825867301715,28832401.903582402,0.00013308385725294058,0,66.910934573236375,16.570356664710975,26546130.949373968,2286270.9542084336,28832401.903582402,50000000,0,28832401.903449293,0.013359866261370279
14199.999999999976,71767.513459481299,87702.43926626099,922804465.59751713,109943930.34395787,1.9075962704185242e-15,922376452.17630112,0,12693.164395242995,0.0024899600250984331,28774242.593042508,0.00011580892631197516,0,66.803015088564436,16.576281949120634,26546112.872550055,2228129.7204924524,28774242.593042508,50000000,0,28774242.592926655,0.011617142956807507
14099.999999999976,71817.513459481299,87789.041806639434,922804465.59751713,109943930.34395787,1.706996180145929e-15,922382748.79220426,0,12691.765049924788,0.0024900199647230553,28720101.517702945,0.00010107879011374807,0,66.894246888858333,16.540877482736374,26546120.779483955,2173980.7382189892,28720101.517702945,50000000,0,28720101.517601851,0.01014391155929463
13999.999999999975,71867.513459481299,87875.644347017878,922804465.59751713,109943930.34395787,1.5371836323948316e-15,922388240.9911691,0,12692.728925132436,0.0024898386642481047,28669271.881562375,8.8425816886243756e-05,0,66.931752663853047,16.560748705010965,26546119.460488148,2123152.4210742265,28669271.881562375,50000000,0,28669271.881473999,0.008875913786722112
13899.999999999975,71917.513459481299,87962.246887396323,922804465.59751713,109943930.34395787,1.3929256030536914e-15,922392999.34570789,0,12692.203253582025,0.0024898173133298756,28621477.245001249,7.7622517032046391e-05,0,66.8235320898373,16.572270830144127,26546120.040154319,2075357.2048469298,28621477.245001249,50000000,0,28621477.244923536,0.0077853696812614955
13799.999999999975,71967.513459481299,88048.849427774767,922804465.59751713,109943930.34395787,1.2695716371973594e-15,922397182.1667943,0,12692.722261662826,0.0024896405276834343,28576539.096126109,6.8425214782610462e-05,0,66.887571059437633,16.552040977959127,26546119.942760341,2030419.1533657685,28576539.096126109,50000000,0,28576539.096057709,0.006864588356612261
13699.999999999975,72017.513459481299,88135.451968153211,922804465.59751713,109943930.34395787,1.1625644966096964e-15,922400853.05932236,0,12692.051056796276,0.0024897561341207589,28534100.339256011,6.0500730220766246e-05,0,66.895589419023111,16.580789563661952,26546119.968929317,1987980.3703266941,28534100.339256011,50000000,0,28534100.33919549,0.0060700370955800052
13599.999999999975,72067.513459481299,88222.054508531655,922804465.59751713,109943930.34395787,1.0693954009878428e-15,922404158.70657218,0,12692.768378216797,0.0024895324532222345,28493863.951042417,5.3690333910522695e-05,0,66.774413460257264,16.611251578693931,26546119.984136861,1947743.9669055566,28493863.951042417,50000000,0,28493863.950988658,0.0053828928422612792
13499.999999999975,72117.513459481299,88308.6570489101,922804465.59751713,109943930.34395787,9.8802438295104821e-16,922407071.54786587,0,12692.065383455334,0.0024895734733865766,28455763.393372335,4.7835192122521219e-05,0,66.782330957711437,16.590807665518692,26546119.936849024,1909643.4565233104,28455763.393372335,50000000,0,28455763.393324506,0.0047958246843532839
13399.999999999973,72167.513459481299,88395.259589288544,922804465.59751713,109943930.34395787,9.1601771347254762e-16,922409723.70067215,0,12692.975010466276,0.0024894181368030626,28419549.298121482,4.2759546308525485e-05,0,66.843850697720015,16.622334643366621,26546119.989031117,1873429.3090903647,28419549.298121482,50000000,0,28419549.298078734,0.0042891261558263083
13299.999999999973,72217.513459481299,88481.862129666988,922804465.59751713,109943930.34395787,8.5214550427517673e-16,922412080.97512937,0,12691.59037182562,0.0024895689818265213,28385030.010598674,3.8339316828964289e-05,0,66.659844550191352,16.671272832768874,26546119.932626866,1838910.0779718086,28385030.010598674,50000000,0,28385030.010560304,0.0038417107419527327
13199.999999999973,72267.513459481299,88568.464670045432,922804465.59751713,109943930.34395787,7.9533598486017574e-16,922414263.68506551,0,12693.127089904019,0.002489328004698857,28352161.460808419,3.4505724896054826e-05,0,66.658020125531493,16.652012822847109,26546119.943072658,1806041.5177357607,28352161.460808419,50000000,0,28352161.460773949,0.0034579031218290473
13099.999999999973,72317.513459481299,88655.067210423877,922804465.59751713,109943930.34395787,7.4446771628226043e-16,922416197.52414823,0,12692.907740629682,0.0024895185615268762,28320866.605871141,3.1146661469809214e-05,0,66.719823330242349,16.669860789023119,26546120.184763726,1774746.4211074151,28320866.605871141,50000000,0,28320866.605839964,0.0031225771154197103
12999.999999999985,72367.513459481299,88741.669750802306,922804465.59751713,109943930.34395787,6.9876971582903647e-16,922417975.55258358,0,12701.810895304301,0.0024896042705110978,28291022.197808962,2.8187853356630791e-05,0,66.590467945465903,16.729233380039137,26546120.184721742,1744902.0130872205,28291022.197808962,50000000,0,28291022.197780818,0.0028244839810431742
12899.999999999971,72417.513459481299,88828.272291180765,922804465.59751713,109943930.34395787,6.5806518988604425e-16,922419585.01118231,0,12701.969129608618,0.0024896941202045167,28262798.135969654,2.559777338113782e-05,0,66.487204876432699,16.730669486720522,26546119.833677698,1716678.3022919558,28262798.135969654,50000000,0,28262798.135944035,0.0025634334349891323
12799.999999999984,72467.513459481299,88914.874831559195,922804465.59751713,109943930.34395787,6.2144670094210618e-16,922421102.48195076,0,12697.015005709,0.0024894338509321152,28235931.378876053,2.3307367038781098e-05,0,66.574097940319646,16.718691764305486,26546119.625538047,1689811.7533380054,28235931.378876053,50000000,0,28235931.378852721,0.0023356711423229504
12699.999999999971,72517.513459481299,89001.477371937654,922804465.59751713,109943930.34395787,5.882693573624696e-16,922422459.84131587,0,12694.718801941544,0.002489489478106374,28210156.615168858,2.12777605647273e-05,0,66.515592141762625,16.767849542902802,26546119.538683806,1664037.0764850527,28210156.615168858,50000000,0,28210156.615147598,0.0021314896034870618
12599.999999999984,72567.513459481299,89088.079912316083,922804465.59751713,109943930.34395787,5.5809413910608304e-16,922423741.00924945,0,12692.213050558266,0.0024893230055177242,28185456.24641731,1.9472865251994591e-05,0,66.411485429905497,16.776768600002242,26546119.624294449,1639336.6221228614,28185456.24641731,50000000,0,28185456.246397812,0.0019498114600925958
12499.999999999984,72617.513459481299,89174.682452694527,922804465.59751713,109943930.34395787,5.3055477169465115e-16,922424910.7571969,0,12692.261919774977,0.002489287157436387,28161809.550612085,1.7870382105165722e-05,0,66.479254843062421,16.75581877291993,26546119.730276629,1615689.8203354552,28161809.550612085,50000000,0,28161809.550594192,0.001790050463608529
12399.999999999984,72667.513459481299,89261.284993072972,922804465.59751713,109943930.34395787,5.0521898390719891e-16,922426012.40726388,0,12692.908999690715,0.0024891720757588857,28139112.496941186,1.6433038988795038e-05,0,66.484057969751646,16.77953518640286,26546119.847503126,1592992.6494380608,28139112.496941186,50000000,0,28139112.496924758,0.001646054501464974
12299.999999999982,72717.513459481299,89347.887533451416,922804465.59751713,109943930.34395787,4.819562971003692e-16,922427002.83030474,0,12691.862426977148,0.0024893293263974167,28117349.482910383,1.5142642387593914e-05,0,66.394917980674578,16.783854521282318,26546119.846599139,1571229.6363112442,28117349.482910383,50000000,0,28117349.482895195,0.0015160030117293609
12199.999999999982,72767.513459481299,89434.49007382986,922804465.59751713,109943930.34395787,4.6045354946691646e-16,922427970.68461812,0,12693.315450555729,0.0024891598258578625,28096448.59428709,1.399379124530303e-05,0,66.469021709644593,16.754377964226673,26546119.932258606,1550328.662028484,28096448.59428709,50000000,0,28096448.594273072,0.0014012397367629231
12099.999999999982,72817.513459481299,89521.092614208304,922804465.59751713,109943930.34395787,4.4041810004664457e-16,922428858.01780879,0,12692.22470256079,0.0024891918710943993,28076291.321300156,1.2947912255569974e-05,0,66.496685372351692,16.76972422257624,26546119.911575336,1530171.4097248204,28076291.321300156,50000000,0,28076291.321287263,0.0012968624932409071
11999.999999999982,72867.513459481299,89607.695154586749,922804465.59751713,109943930.34395787,4.2172165066948631e-16,922429700.85663784,0,12692.598351879527,0.0024891803122210859,28056763.8062841,1.2010452611141322e-05,0,66.423088332613887,16.765438627542871,26546119.935545713,1510643.8707383871,28056763.8062841,50000000,0,28056763.806272082,0.0012020026717221312
11899.999999999982,72917.513459481299,89694.297694965193,922804465.59751713,109943930.34395787,4.0427874850321725e-16,922430488.0826025,0,12692.257336950266,0.0024892265843819593,28037849.445513763,1.1159767626134303e-05,0,66.516186097115465,16.719932359008233,26546119.950637002,1491729.494876761,28037849.445513763,50000000,0,28037849.445502605,0.0011173738100476753
11799.99999999998,72967.513459481299,89780.900235343637,922804465.59751713,109943930.34395787,3.8789615360912246e-16,922431258.2593497,0,12692.41421313605,0.002489094496875603,28019471.303824518,1.0389283877244316e-05,0,66.597889443356109,16.719199175818829,26546119.942719836,1473351.3611046821,28019471.303824518,50000000,0,28019471.303814143,0.0010404230892483517
11699.99999999998,73017.513459481299,89867.502775722081,922804465.59751713,109943930.34395787,3.7256085029352649e-16,922431964.53853583,0,12692.601485476296,0.0024891424756921807,28001622.407342996,9.6851618694139244e-06,0,66.515752776380694,16.724812881697872,26546119.993121263,1455502.4142217338,28001622.407342996,50000000,0,28001622.407333273,0.00096929436592868589
11599.99999999998,73067.513459481299,89954.105316100526,922804465.59751713,109943930.34395787,3.582069059179944e-16,922432634.5741955,0,12692.191815404309,0.0024891745510170035,27984293.900418378,9.0511043714817147e-06,0,66.589559847499189,16.661121760021885,26546119.949897472,1438173.9505209066,27984293.900418378,50000000,0,27984293.900409322,0.00090571603050618394
11499.99999999998,73117.513459481299,90040.70785647897,922804465.59751713,109943930.34395787,3.4469217340494952e-16,922433284.19226897,0,12692.354766773813,0.0024891086601562151,27967463.099857587,8.4642832764672457e-06,0,66.757317086152327,16.642895135798064,26546119.970025692,1421343.1298318952,27967463.099857587,50000000,0,27967463.099849056,0.0008478807478908485
11399.99999999998,73167.513459481299,90127.310396857414,922804465.59751713,109943930.34395787,3.3197287543395827e-16,922433900.85217178,0,12692.74636354943,0.0024890551920487645,27951089.623486161,7.9328958227227387e-06,0,66.661822038060507,16.667066313878205,26546119.980711132,1404969.6427750289,27951089.623486161,50000000,0,27951089.623478286,0.0007937827457723635
11299.99999999998,73217.513459481299,90213.912937235858,922804465.59751713,109943930.34395787,3.2001707168319696e-16,922434468.45167446,0,12692.044317275273,0.0024891439023971679,27935188.471521083,7.4452981037392091e-06,0,66.670314158700322,16.612552997822736,26546119.944412351,1389068.5271087326,27935188.471521083,50000000,0,27935188.471513629,0.00074484036864291402
11199.999999999978,73267.513459481299,90300.515477614303,922804465.59751713,109943930.34395787,3.0872280845548692e-16,922435026.17102349,0,12692.570616966905,0.0024891013490867921,27919728.712495446,6.9972330163986637e-06,0,66.876172872887665,16.57293904265509,26546119.986720983,1373608.7257744633,27919728.712495446,50000000,0,27919728.712488569,0.00070072104303765435
11099.999999999978,73317.513459481299,90387.118017992747,922804465.59751713,109943930.34395787,2.9800075720950047e-16,922435561.71214879,0,12692.438794744763,0.0024890535180849302,27904653.697066896,6.5822645330062617e-06,0,66.819673163892844,16.605678561612407,26546119.93813815,1358533.758928746,27904653.697066896,50000000,0,27904653.697060239,0.00065880403737746595
10999.999999999978,73367.513459481299,90473.720558371191,922804465.59751713,109943930.34395787,2.8788621906463433e-16,922436064.30195379,0,12692.33732275466,0.0024890644435911148,27889981.102308236,6.2035740348374189e-06,0,66.761497050918734,16.57916723338063,26546119.96420835,1343861.1380998865,27889981.102308236,50000000,0,27889981.102302056,0.00062053649974743515
10899.999999999978,73417.513459481299,90560.323098749635,922804465.59751713,109943930.34395787,2.7826463702321638e-16,922436543.88084769,0,12692.62068759047,0.0024890983307999438,27875671.562268406,5.8551578439614298e-06,0,66.916787436978055,16.530200076970829,26546119.960250817,1329551.6020175889,27875671.562268406,50000000,0,27875671.562262561,0.00058605709319538225
10799.999999999978,73467.513459481299,90646.92563912808,922804465.59751713,109943930.34395787,2.691021163505588e-16,922437014.25957608,0,12691.964197310166,0.0024890554240476642,27861694.891295608,5.5291919364101239e-06,0,66.955685452095594,16.561287134077055,26546119.948318202,1315574.9429774061,27861694.891295608,50000000,0,27861694.891290076,0.00055363111781882724
10699.999999999978,73517.513459481299,90733.528179506524,922804465.59751713,109943930.34395787,2.6040371712040681e-16,922437469.05290878,0,12692.971267849885,0.0024889826652286368,27848043.409964293,5.2310759650498696e-06,0,66.797895222780085,16.569958278507691,26546119.999107827,1301923.4108564667,27848043.409964293,50000000,0,27848043.409959059,0.0005231158166276791
10599.999999999978,73567.513459481299,90820.130719884968,922804465.59751713,109943930.34395787,2.5213345752049084e-16,922437885.45623338,0,12691.999953477645,0.0024890666733184243,27834733.312720865,4.9559821306296638e-06,0,66.922102624227904,16.5340871108458,26546119.938054997,1288613.3746658675,27834733.312720865,50000000,0,27834733.312715866,0.00049591903444359613
10499.999999999976,73617.513459481299,90906.733260263412,922804465.59751713,109943930.34395787,2.4422587826790598e-16,922438302.60453546,0,12692.505324735224,0.0024890291674907637,27821708.765986033,4.6918574143891191e-06,0,66.928645536500795,16.566922141712361,26546119.999465726,1275588.7665203065,27821708.765986033,50000000,0,27821708.765981324,0.00046976949960104221
10399.999999999989,73667.513459481299,90993.335800641842,922804465.59751713,109943930.34395787,2.3670840871674423e-16,922438699.33294594,0,12692.420209834212,0.0024890174285088344,27808988.252858628,4.4550941271179878e-06,0,66.80359682871557,16.58496859789734,26546119.969179764,1262868.2836788632,27808988.252858628,50000000,0,27808988.252854116,0.00044556380255246963
10299.999999999975,73717.513459481299,91079.938341020301,922804465.59751713,109943930.34395787,2.2954190886199999e-16,922439089.47765434,0,12692.519622021737,0.0024889413673533176,27796557.15220109,4.2338249693884208e-06,0,66.852858186001569,16.573001215886219,26546119.967962209,1250437.1842388809,27796557.15220109,50000000,0,27796557.152196873,0.0004236190132140262
10199.999999999989,73767.513459481299,91166.540881398731,922804465.59751713,109943930.34395787,2.2268047556732344e-16,922439438.84687829,0,12692.147311455126,0.002489079690723857,27784399.205332857,4.0239010353958348e-06,0,66.847238586485204,16.606719738975137,26546119.962952513,1238279.2423803434,27784399.205332857,50000000,0,27784399.205328837,0.00040274569589422509
10099.999999999975,73817.513459481299,91253.143421777189,922804465.59751713,109943930.34395787,2.1611893600452978e-16,922439810.30047858,0,12692.722452280745,0.0024889466039321401,27772487.141971875,3.8292834446976447e-06,0,66.71986199936326,16.638429991724909,26546119.963832591,1226367.1781392843,27772487.141971875,50000000,0,27772487.14196799,0.00038297067505954629
9999.9999999999873,73867.513459481299,91339.745962155619,922804465.59751713,109943930.34395787,2.0985713791227224e-16,922440144.55178142,0,12692.078674790811,0.0024889971344913002,27760849.563126139,3.6456333530778161e-06,0,66.729381052371394,16.62486639496661,26546119.971017394,1214729.5921087451,27760849.563126139,50000000,0,27760849.563122526,0.00036478628879679808
9899.9999999999873,73917.513459481299,91426.348502534063,922804465.59751713,109943930.34395787,2.0383022454204163e-16,922440487.02559829,0,12692.994788237595,0.0024889078602915557,27749445.906286743,3.4768500218721432e-06,0,66.760223183137796,16.662112265650222,26546119.95642722,1203325.9498595223,27749445.906286743,50000000,0,27749445.906283252,0.000347984015428378
9799.9999999999873,73967.513459481299,91512.951042912508,922804465.59751713,109943930.34395787,1.9806365838419959e-16,922440785.59992707,0,12691.610805808858,0.0024890678908669329,27738295.66073285,3.3165401656707e-06,0,66.588298461145087,16.703243873603252,26546119.976597615,1192175.6841352358,27738295.66073285,50000000,0,27738295.660729542,0.00033168237134775021
9699.9999999999854,74017.513459481299,91599.553583290952,922804465.59751713,109943930.34395787,1.9252639162750638e-16,922441123.94366133,0,12693.167596046376,0.0024888405963809953,27727387.373426918,3.1675248198970724e-06,0,66.600422657737326,16.686205320148233,26546119.963814892,1181267.4096120261,27727387.373426918,50000000,0,27727387.373423763,0.00031682557252030831
9599.9999999999854,74067.513459481299,91686.156123669396,922804465.59751713,109943930.34395787,1.8721965728911749e-16,922441406.2518059,0,12691.921898091858,0.0024889671115258284,27716749.131239507,3.0246602246677497e-06,0,66.644980743241163,16.709946543041532,26546119.903892871,1170629.2273466364,27716749.131239507,50000000,0,27716749.131236527,0.00030278184360027678
9499.9999999999854,74117.513459481299,91772.75866404784,922804465.59751713,109943930.34395787,1.8211449156948151e-16,922441702.30625963,0,12692.658272901615,0.0024889204147936247,27706351.459894627,2.8934534019268312e-06,0,66.508915631445362,16.760689435766345,26546119.953225251,1160231.506669376,27706351.459894627,50000000,0,27706351.459891684,0.00028935196356364373
9399.9999999999854,74167.513459481299,91859.361204426285,922804465.59751713,109943930.34395787,1.7724442625284482e-16,922441972.90488696,0,12692.164162111138,0.0024889837441870312,27696234.490825541,2.7665690533804294e-06,0,66.451095401782382,16.750241103406022,26546119.836873047,1150114.6539524943,27696234.490825541,50000000,0,27696234.490822926,0.00027676194315776742
9299.9999999999854,74217.513459481299,91945.963744804729,922804465.59751713,109943930.34395787,1.7255377700901847e-16,922442264.80362868,0,12692.748073495728,0.0024888220363354515,27686339.091870137,2.6521484028295718e-06,0,66.539501828901734,16.747025869017129,26546119.801115546,1140219.2907545902,27686339.091870137,50000000,0,27686339.091867395,0.00026532758334188569
9199.9999999999854,74267.513459481299,92032.566285183173,922804465.59751713,109943930.34395787,1.6805721405166941e-16,922442502.58968556,0,12692.285923623593,0.0024890091867077677,27676676.952201333,2.5386150054618475e-06,0,66.460564686649576,16.786042354574224,26546119.680151645,1130557.2720496878,27676676.952201333,50000000,0,27676676.952198822,0.00025397222193338973
9099.9999999999854,74317.513459481299,92119.168825561617,922804465.59751713,109943930.34395787,1.6372701477145952e-16,922442765.1346221,0,12693.155515339669,0.0024889464657845911,27667205.797495365,2.4329044556834088e-06,0,66.394070480556451,16.778166072670984,26546119.581271268,1121086.2162240967,27667205.797495365,50000000,0,27667205.79749297,0.00024326411666124258
8999.9999999999854,74367.513459481299,92205.771365940062,922804465.59751713,109943930.34395787,1.5956604574743466e-16,922442998.01854289,0,12693.961481443597,0.0024890493046752886,27657950.932321161,2.3316247785995665e-06,0,66.481124160121581,16.758859983025186,26546119.438360635,1111831.4939605258,27657950.932321161,50000000,0,27657950.932318836,0.00023334303136493138
8899.9999999999836,74417.513459481299,92292.373906318506,922804465.59751713,109943930.34395787,1.5553731031204631e-16,922443239.91088474,0,12698.852724194909,0.0024890384005181163,27648866.559987862,2.2384768418399534e-06,0,66.463539504265597,16.781107397129489,26546119.577052183,1102746.9829356782,27648866.559987862,50000000,0,27648866.559985612,0.0002238985428815248
8799.9999999999836,74467.513459481299,92378.97644669695,922804465.59751713,109943930.34395787,1.516716982630883e-16,922443435.6550951,0,12701.108920794415,0.0024893241985599261,27639995.945520375,2.1480153141249199e-06,0,66.397842228343706,16.773112276417862,26546119.844115164,1093876.1014052108,27639995.945520375,50000000,0,27639995.945518203,0.00021482160348411982
8699.9999999999836,74517.513459481299,92465.578987075394,922804465.59751713,109943930.34395787,1.479181302423262e-16,922443688.80825651,0,12705.64922571575,0.002489126595187195,27631281.879299171,2.0648464454970135e-06,0,66.497834832693798,16.737086385907315,26546120.231766175,1085161.6475329958,27631281.879299171,50000000,0,27631281.879297074,0.00020652602375419965
8599.9999999999818,74567.513459481299,92552.181527453838,922804465.59751713,109943930.34395787,1.4426306359636403e-16,922443922.94753098,0,12696.947188112759,0.0024890416401108892,27622675.720110435,1.9829797771329907e-06,0,66.520219937731881,16.75058563202116,26546120.226126797,1076555.4939836375,27622675.720110435,50000000,0,27622675.720108438,0.00019837461020863432
8499.9999999999818,74617.513459481299,92638.784067832283,922804465.59751713,109943930.34395787,1.4070719239690982e-16,922444164.37298167,0,12692.896345446214,0.0024888668010722001,27614137.141879085,1.9048197281390283e-06,0,66.458371418232161,16.740635084152462,26546120.02143281,1068017.1204462759,27614137.141879085,50000000,0,27614137.141877215,0.00019046937226289685
8399.9999999999818,74667.513459481299,92725.386608210727,922804465.59751713,109943930.34395787,1.3727242482967282e-16,922444371.71120751,0,12692.109871538842,0.0024889085414560312,27605741.705015972,1.8315961472125503e-06,0,66.575232361057772,16.69267403254117,26546119.906536736,1059621.7984792367,27605741.705015972,50000000,0,27605741.705014098,0.00018323175009061815
8299.9999999999818,74717.513459481299,92811.989148589171,922804465.59751713,109943930.34395787,1.3393754893527906e-16,922444602.28199577,0,12692.642910349346,0.0024887349888874232,27597466.715045501,1.7615463508801341e-06,0,66.644908900021235,16.692303096262719,26546119.977590229,1051346.7374552712,27597466.715045501,50000000,0,27597466.71504372,0.00017624331838211524
8199.9999999999818,74767.513459481299,92898.591688967615,922804465.59751713,109943930.34395787,1.3072246527218801e-16,922444790.1689024,0,12692.346646622404,0.0024888464551594946,27589349.351492457,1.6936539371967271e-06,0,66.578736622984493,16.686431923660745,26546119.943409611,1043229.4080828466,27589349.351492457,50000000,0,27589349.351490762,0.00016937573342997245
8099.9999999999809,74817.513459481299,92985.19422934606,922804465.59751713,109943930.34395787,1.2761000693833162e-16,922444988.6800971,0,12692.451736479519,0.0024888388769832722,27581371.72200055,1.6306738631930725e-06,0,66.679593750204177,16.628718217433573,26546120.003613707,1035251.7183868438,27581371.72200055,50000000,0,27581371.721998923,0.00016308857655317576
7999.9999999999809,74867.513459481299,93071.796769724504,922804465.59751713,109943930.34395787,1.245925087837121e-16,922445180.0568136,0,12692.068450416215,0.0024888495805660852,27573540.693138059,1.5692649517480298e-06,0,66.796320081459172,16.623508464778077,26546120.006457206,1027420.6866808534,27573540.693138059,50000000,0,27573540.693136487,0.00015706492679050008
7899.9999999999809,74917.513459481299,93158.399310102948,922804465.59751713,109943930.34395787,1.2166741584443446e-16,922445380.7808975,0,12692.999521192474,0.0024887546464560989,27565840.399074346,1.5115814244984734e-06,0,66.703251822419517,16.631465343010841,26546119.990180776,1019720.4088935703,27565840.399074346,50000000,0,27565840.39907283,0.00015107501198020017
7799.99999999998,74967.513459481299,93245.001850481392,922804465.59751713,109943930.34395787,1.1884029539850533e-16,922445544.0665462,0,12691.816236243592,0.0024889126824137525,27558296.490481172,1.4527238499208528e-06,0,66.774061237380877,16.573255636942516,26546120.02285254,1012176.4676286317,27558296.490481172,50000000,0,27558296.49047976,0.00014535012465158862
7699.99999999998,75017.513459481299,93331.604390859837,922804465.59751713,109943930.34395787,1.1609025825817269e-16,922445735.24221599,0,12692.776297383227,0.0024888255286925048,27550879.32214357,1.4002100594862771e-06,0,66.927418230623829,16.562057481583857,26546119.996437296,1004759.3257062733,27550879.32214357,50000000,0,27550879.322142161,0.00014008904807881259
7599.99999999998,75067.513459481299,93418.206931238281,922804465.59751713,109943930.34395787,1.1341932072267752e-16,922445907.93192911,0,12692.257401508612,0.0024888520634257227,27543591.963341948,1.3464655648625141e-06,0,66.812802853236008,16.592568678086852,26546119.999012217,997471.96432973072,27543591.963341948,50000000,0,27543591.963340621,0.00013472502580825547
7499.9999999999791,75117.513459481299,93504.809471616725,922804465.59751713,109943930.34395787,1.1083161363513613e-16,922446086.23944116,0,12692.539054537601,0.0024888027633236547,27536440.211659484,1.3001921764779483e-06,0,66.821009071586928,16.543336794849385,26546119.996043574,990320.21561590955,27536440.211659484,50000000,0,27536440.211658169,0.00012990655144162129
7399.9999999999791,75167.513459481299,93591.412011995169,922804465.59751713,109943930.34395787,1.0831363745744186e-16,922446240.37388349,0,12692.410898068603,0.0024889152200887376,27529420.343262754,1.2503569335033903e-06,0,66.996719392599587,16.523731232589284,26546119.988469206,983300.35479354858,27529420.343262754,50000000,0,27529420.343261469,0.00012516861073506147
7299.9999999999909,75217.513459481299,93678.014552373599,922804465.59751713,109943930.34395787,1.0586011508776498e-16,922446418.594365,0,12692.18048957784,0.0024888160388481842,27522511.59893107,1.2036797722667833e-06,0,66.901209279700112,16.576524668430206,26546120.004590284,976391.59434078634,27522511.59893107,50000000,0,27522511.598929841,0.00012041064049866536
7199.9999999999782,75267.513459481299,93764.617092752058,922804465.59751713,109943930.34395787,1.0347983789759537e-16,922446580.17863929,0,12692.719336957673,0.0024888171057191872,27515736.1887438,1.1596185943063151e-06,0,66.791394390001471,16.561791593989497,26546119.979819942,969616.20892385766,27515736.1887438,50000000,0,27515736.188742649,0.00011587472793597231
7099.9999999999909,75317.513459481299,93851.219633130488,922804465.59751713,109943930.34395787,1.0116142064711182e-16,922446736.93226671,0,12692.303034812428,0.002488832378849283,27509085.145341408,1.1151787244148217e-06,0,66.959053399792751,16.534389175712583,26546120.022579014,962965.12276239321,27509085.145341408,50000000,0,27509085.145340275,0.00011163157992842224
6999.9999999999782,75367.513459481299,93937.822173508946,922804465.59751713,109943930.34395787,9.8899485230902973e-17,922446886.62638485,0,12692.221847493611,0.0024888818398720886,27502547.683297124,1.0738169093468187e-06,0,66.892475214558104,16.593128337406704,26546119.980421431,956427.7028756924,27502547.683297124,50000000,0,27502547.683296058,0.00010743378671906169
6899.99999999999,75417.513459481299,94024.424713887376,922804465.59751713,109943930.34395787,9.6701311136145428e-17,922447049.41396582,0,12692.687367437091,0.002488802637178301,27496134.057856884,1.0344472932787231e-06,0,66.738653896186534,16.606882464716062,26546120.003253907,950014.05460297689,27496134.057856884,50000000,0,27496134.057855841,0.00010339323604409266
6799.99999999999,75467.513459481299,94111.02725426582,922804465.59751713,109943930.34395787,9.4558209833940728e-17,922447200.93748736,0,12692.282308247479,0.0024887907289757464,27489839.869044226,9.9583015726067807e-07,0,66.828197858664851,16.589381007277229,26546120.013545856,943719.85549836978,27489839.869044226,50000000,0,27489839.869043212,9.9622531563907599e-05
6699.9999999999891,75517.513459481299,94197.629794644265,922804465.59751713,109943930.34395787,9.2466167558344561e-17,922447336.33875942,0,12692.322944119811,0.0024888845921805201,27483661.764998078,9.5808590799560528e-07,0,66.807162481593735,16.637302378233063,26546119.968356002,937541.79664207622,27483661.764998078,50000000,0,27483661.764997203,9.5853446850285593e-05
6599.9999999999891,75567.513459481299,94284.232335022709,922804465.59751713,109943930.34395787,9.0426925848187494e-17,922447490.43554962,0,12692.576976977232,0.0024888121219312389,27477592.16558053,9.2119741997449036e-07,0,66.639717648302863,16.672695427178105,26546120.029050048,931472.13653048128,27477592.16558053,50000000,0,27477592.165579561,9.209521687133688e-05
6499.9999999999891,75617.513459481299,94370.834875401153,922804465.59751713,109943930.34395787,8.8440391178100633e-17,922447632.35536766,0,12692.192974087378,0.0024888124392396732,27471644.303460162,8.8569457858466023e-07,0,66.67151499357216,16.656101465901926,26546119.974989571,925524.32847059146,27471644.303460162,50000000,0,27471644.303459302,8.856308577312474e-05
6399.9999999999882,75667.513459481299,94457.437415779597,922804465.59751713,109943930.34395787,8.6496720479453387e-17,922447776.39864206,0,12692.893392458984,0.0024887811191478134,27465802.019983403,8.4975721447963803e-07,0,66.689068888049832,16.693929310289946,26546120.001376446,919682.01860695705,27465802.019983403,50000000,0,27465802.019982524,8.5063182826573673e-05
6299.9999999999882,75717.513459481299,94544.039956158042,922804465.59751713,109943930.34395787,8.4604347962757409e-17,922447898.18007576,0,12691.737041746112,0.0024889017367132745,27460079.271760348,8.1715013821880519e-07,0,66.533908922958872,16.731094718969814,26546120.011825204,913959.25993514434,27460079.271760348,50000000,0,27460079.271759562,8.1712923442528356e-05
6199.9999999999882,75767.513459481299,94630.642496536486,922804465.59751713,109943930.34395787,8.275690687563347e-17,922448056.30775738,0,12693.004404518662,0.00248872137571864,27454467.446394008,7.8649627663296067e-07,0,66.541759620530414,16.717010246285156,26546120.013077088,908347.43331691995,27454467.446394008,50000000,0,27454467.446393251,7.8616080176534676e-05
6099.9999999999873,75817.513459481299,94717.24503691493,922804465.59751713,109943930.34395787,8.0957638432915307e-17,922448176.41702485,0,12692.122841241098,0.0024888171112491106,27448987.417273495,7.5428664853668873e-07,0,66.580301663240292,16.739428990429822,26546120.034137096,902867.38313639909,27448987.417273495,50000000,0,27448987.417272709,7.551410147080067e-05
5999.9999999999873,75867.513459481299,94803.847577293374,922804465.59751713,109943930.34395787,7.9200561139574062e-17,922448308.26933122,0,12692.438621068939,0.0024888064205398778,27443620.910103098,7.2556851028066204e-07,0,66.45705080114665,16.777314452033142,26546120.018397633,897500.89170546457,27443620.910103098,50000000,0,27443620.910102371,7.2481808912207643e-05
5899.9999999999864,75917.513459481299,94890.450117671819,922804465.59751713,109943930.34395787,7.7495240002109657e-17,922448431.11243999,0,12692.291382583215,0.0024888416115646803,27438397.007713981,6.9357570941599979e-07,0,66.438734040806125,16.761136261571636,26546120.027767446,892276.97994653508,27438397.007713981,50000000,0,27438397.007713303,6.9421203890393337e-05
5799.9999999999864,75967.513459481299,94977.052658050263,922804465.59751713,109943930.34395787,7.5828860277797799e-17,922448574.65206313,0,12692.709224526827,0.002488702021746815,27433289.043845538,6.6629258109862869e-07,0,66.506786156648161,16.765529465385118,26546120.055773877,887168.98807166144,27433289.043845538,50000000,0,27433289.043844879,6.6631049848233485e-05
5699.9999999999864,76017.513459481299,95063.655198428707,922804465.59751713,109943930.34395787,7.4211308778473849e-17,922448677.29040623,0,12692.100147354735,0.0024888589857236169,27428326.233553912,6.3779403377538499e-07,0,66.423951056649685,16.792607408987507,26546120.020462282,882206.21309163049,27428326.233553912,50000000,0,27428326.233553246,6.3767491808261774e-05
5599.9999999999854,76067.513459481299,95150.257738807151,922804465.59751713,109943930.34395787,7.2633175911215713e-17,922448809.70290697,0,12692.775137464294,0.0024887692735873022,27423479.75003716,6.0931241792085618e-07,0,66.406450817840039,16.770295935817789,26546120.073835123,877359.67620203644,27423479.75003716,50000000,0,27423479.750036623,6.0992413268274258e-05
5499.9999999999854,76117.513459481299,95236.860279185596,922804465.59751713,109943930.34395787,7.1100112519241702e-17,922448924.48813248,0,12691.923742021921,0.0024887953439359264,27418776.851688653,5.8555396848757582e-07,0,66.507925580261343,16.754612504478541,26546120.027421057,872656.82426759601,27418776.851688653,50000000,0,27418776.85168808,5.8531394963459412e-05
5399.9999999999854,76167.513459481299,95323.46281956404,922804465.59751713,109943930.34395787,6.9602264121671198e-17,922449055.72753286,0,12693.187298645154,0.0024886809082893192,27414189.641876686,5.5919321534026545e-07,0,66.459573451373402,16.778259224574342,26546120.09490123,868069.54697545618,27414189.641876686,50000000,0,27414189.641876105,5.5896113577414226e-05
5299.9999999999854,76217.513459481299,95410.065359942484,922804465.59751713,109943930.34395787,6.8149463133405393e-17,922449143.95989454,0,12691.512784900409,0.0024888802808290386,27409749.819503933,5.317381885161308e-07,0,66.43024580258988,16.749921137784614,26546120.075878855,863629.74362507835,27409749.819503933,50000000,0,27409749.819503412,5.3226649021558835e-05
5199.9999999999845,76267.513459481299,95496.667900320928,922804465.59751713,109943930.34395787,6.6728984587796252e-17,922449282.14450252,0,12693.064199931794,0.0024886777770106038,27405425.542290214,5.0871055822374965e-07,0,66.569102731074864,16.711170910505846,26546120.100802422,859305.44148779288,27405425.542290214,50000000,0,27405425.542289659,5.0887682729857291e-05
5099.9999999999836,76317.513459481299,95583.270440699373,922804465.59751713,109943930.34395787,6.5348330758490793e-17,922449381.22087419,0,12692.017656225587,0.0024887611024507817,27401244.572128225,4.8570531885241381e-07,0,66.573159563448158,16.731785188652015,26546120.131068397,855124.4410598278,27401244.572128225,50000000,0,27401244.572127767,4.8545033404284076e-05
4999.9999999999836,76367.513459481299,95669.872981077817,922804465.59751713,109943930.34395787,6.3999761073474683e-17,922449495.84345627,0,12692.712594721426,0.0024887116042221114,27397181.383162502,4.6073664836908063e-07,0,66.499774233117421,16.713201891300354,26546120.115459297,851061.26770320535,27397181.383162502,50000000,0,27397181.383161984,4.6154461733835728e-05
4899.9999999999836,76417.513459481299,95756.475521456261,922804465.59751713,109943930.34395787,6.2689351258633794e-17,922449589.47928178,0,12692.068386452313,0.0024888060142648706,27393264.827757172,4.4209730872636839e-07,0,66.648511395120622,16.658470696286361,26546120.143372796,847144.68438437581,27393264.827757172,50000000,0,27393264.827756722,4.4124155962378605e-05
4799.9999999999836,76467.513459481299,95843.078061834705,922804465.59751713,109943930.34395787,6.1405839315038688e-17,922449718.54674304,0,12692.776135119086,0.0024886148961779037,27389456.48496547,4.1772404849953342e-07,0,66.707623414233552,16.659415769819237,26546120.153126035,843336.3318394348,27389456.48496547,50000000,0,27389456.48496506,4.1846000924116448e-05
4699.9999999999827,76517.513459481299,95929.68060221315,922804465.59751713,109943930.34395787,6.0159656953546979e-17,922449806.15503681,0,12692.177360270754,0.0024887278814625879,27385794.724687707,3.971302136177525e-07,0,66.649613203015761,16.653834076824666,26546120.14910344,839674.57558426633,27385794.724687707,50000000,0,27385794.724687316,3.9714449418791142e-05
4599.9999999999827,76567.513459481299,96016.283142591594,922804465.59751713,109943930.34395787,5.894115093290521e-17,922449916.1129564,0,12692.674690367168,0.0024886564623558659,27382248.907830078,3.7750080011183495e-07,0,66.736619882403815,16.602041253385099,26546120.185363661,836128.72246641666,27382248.907830078,50000000,0,27382248.907829702,3.773093904260294e-05
4499.9999999999818,76617.513459481299,96102.885682970038,922804465.59751713,109943930.34395787,5.7755183498532781e-17,922450013.48385072,0,12691.869296741834,0.0024886658839050903,27378844.918766163,3.56827866244714e-07,0,66.845246721924738,16.596900483062136,26546120.159826826,832724.75893933699,27378844.918766163,50000000,0,27378844.918765835,3.5741042642852501e-05
4399.9999999999818,76667.513459481299,96189.488223348482,922804465.59751713,109943930.34395787,5.6596338229673501e-17,922450132.27134979,0,12693.158592578922,0.0024884978957346393,27375557.701273084,3.3870854594573654e-07,0,66.761005012901663,16.599731758188817,26546120.199364357,829437.50190872699,27375557.701273084,50000000,0,27375557.701272693,3.3806874444692242e-05
4299.9999999999818,76717.513459481299,96276.090763726927,922804465.59751713,109943930.34395787,5.5470600335988698e-17,922450208.1973815,0,12691.670935541764,0.0024886469461068428,27372424.359512951,3.1760241683716243e-07,0,66.841084632297807,16.555577363620056,26546120.134700831,826304.2248121202,27372424.359512951,50000000,0,27372424.359512698,3.1851751839829133e-05
4199.9999999999818,76767.513459481299,96362.693304105371,922804465.59751713,109943930.34395787,5.4369685412997204e-17,922450317.90656245,0,12692.913645880921,0.0024885219274689311,27369417.190185208,3.0203663091066267e-07,0,66.928242161870486,16.560845269298852,26546120.178698514,823297.01148669422,27369417.190185208,50000000,0,27369417.190184835,3.012965750085238e-05
4099.9999999999809,76817.513459481299,96449.295844483815,922804465.59751713,109943930.34395787,5.3299465920311197e-17,922450394.31603014,0,12692.243159603015,0.0024886393297803705,27366568.554759666,2.811924915040804e-07,0,66.820288045858263,16.572258739215179,26546120.349656221,820448.2051034458,27366568.554759666,50000000,0,27366568.554759439,2.8162725795824428e-05
3999.9999999999804,76867.513459481299,96535.898384862259,922804465.59751713,109943930.34395787,5.2257810777825669e-17,922450468.04340959,0,12700.439163653333,0.0024887626819053966,27363875.561367314,2.6377699478426235e-07,0,66.89029991479569,16.532002396079392,26546120.606132586,817754.95523472875,27363875.561367314,50000000,0,27363875.561366942,2.6444166978504485e-05
3899.9999999999804,76917.513459481299,96622.500925240704,922804465.59751713,109943930.34395787,5.1242919836816658e-17,922450492.35728884,0,12713.213930063213,0.0024892560280360292,27361343.234465845,2.504264070886728e-07,0,66.958116343584351,16.544918294904104,26546120.30586341,815222.92860243469,27361343.234465845,50000000,0,27361343.234465703,2.4987730576019948e-05
3799.99999999998,76967.513459481299,96709.103465619148,922804465.59751713,109943930.34395787,5.0248379231063723e-17,922450581.9534955,0,12711.420039522851,0.0024892342017657303,27358966.948645543,2.3323706385756427e-07,0,66.828286790417096,16.592354022358947,26546120.112979848,812846.83566569537,27358966.948645543,50000000,0,27358966.94864526,2.3359806860672481e-05
3699.9999999999923,77017.513459481299,96795.706005997577,922804465.59751713,109943930.34395787,4.9290757326815438e-17,922450667.36171269,0,12705.715684846076,0.0024892277739162277,27356789.813379545,2.1875672481341083e-07,0,66.782516446341759,16.564038222236,26546119.953803409,810669.85957613587,27356789.813379545,50000000,0,27356789.813379344,2.1870710890336275e-05
3599.9999999999791,77067.513459481299,96882.308546376036,922804465.59751713,109943930.34395787,4.8358919730476934e-17,922450770.98035014,0,12703.697583657899,0.0024890680140133683,27354760.27560639,2.0475890827899341e-07,0,66.953381509552926,16.560161298619771,26546119.740718376,808640.5348880142,27354760.27560639,50000000,0,27354760.275606155,2.04636493432153e-05
3499.9999999999914,77117.513459481299,96968.911086754466,922804465.59751713,109943930.34395787,4.7452568916372323e-17,922450855.01385748,0,12699.495294325236,0.002489047702178465,27352887.494564123,1.8905934743599058e-07,0,66.781704275941621,16.631683003796429,26546119.399774019,806768.09479010478,27352887.494564123,50000000,0,27352887.494563907,1.8940032170337427e-05
3399.9999999999914,77167.513459481299,97055.51362713291,922804465.59751713,109943930.34395787,4.6569549026466965e-17,922450969.78087783,0,12696.764258868632,0.0024887752214467606,27351166.930734776,1.7577813322727777e-07,0,66.6786348989706,16.619960314747953,26546119.424327303,805047.50640747324,27351166.930734776,50000000,0,27351166.930734668,1.7553843107506515e-05
3299.9999999999909,77217.513459481299,97142.116167511354,922804465.59751713,109943930.34395787,4.5711726616799525e-17,922451054.52942979,0,12693.629921962067,0.0024887229085517599,27349620.775729623,1.6178269697649486e-07,0,66.806576604113815,16.614962341042144,26546119.654701039,803501.1210285835,27349620.775729623,50000000,0,27349620.775729418,1.6200192360675837e-05
3199.9999999999905,77267.513459481299,97228.718707889799,922804465.59751713,109943930.34395787,4.4876786596997745e-17,922451131.80644906,0,12693.12009266735,0.0024887167049450825,27348243.693243284,1.4869841849444122e-07,0,66.716613925679098,16.680627565859481,26546119.870376796,802123.82286648825,27348243.693243284,50000000,0,27348243.693243187,1.4897080001041063e-05
3099.9999999999905,77317.513459481299,97315.321248268243,922804465.59751713,109943930.34395787,4.4065603710420768e-17,922451212.16050327,0,12692.232043401671,0.0024886724865225149,27347040.469258066,1.3718977875720954e-07,0,66.557041075823321,16.703712551705092,26546120.02059833,800920.44865973666,27347040.469258066,50000000,0,27347040.469257899,1.3754037040915744e-05
2999.99999999999,77367.513459481299,97401.923788646687,922804465.59751713,109943930.34395787,4.3277204141152639e-17,922451293.20039093,0,12692.403918574459,0.002488610172277968,27346014.971411072,1.282773728186686e-07,0,66.629950619421621,16.682098077351675,26546120.167851266,799894.8035598062,27346014.971411072,50000000,0,27346014.971411012,1.2781951171827249e-05
2899.9999999999895,77417.513459481299,97488.526329025131,922804465.59751713,109943930.34395787,4.2512003862372714e-17,922451359.50488579,0,12692.692852749427,0.0024886498324699852,27345174.650314536,1.1648759747888222e-07,0,66.627422835987971,16.726956480037664,26546120.290459752,799054.35985478386,27345174.650314536,50000000,0,27345174.650314417,1.1682651384169711e-05
2799.9999999999891,77467.513459481299,97575.128869403576,922804465.59751713,109943930.34395787,4.1769649065387965e-17,922451420.76263356,0,12691.948969984503,0.0024887161394021046,27344518.213862102,1.0650157782474313e-07,0,66.467007298994133,16.758062548200336,26546120.349879894,798397.86398220807,27344518.213862102,50000000,0,27344518.213861987,1.0649472502465594e-05
2699.9999999999891,77517.513459481299,97661.73140978202,922804465.59751713,109943930.34395787,4.1049838234193252e-17,922451502.92407107,0,12692.739424534768,0.0024886058115901871,27344053.92854796,9.6798085916847092e-08,0,66.499369751797119,16.738843865362703,26546120.43776416,797933.49078379944,27344053.92854796,50000000,0,27344053.928547882,9.7028077957954403e-06
2599.9999999999886,77567.513459481299,97748.333950160464,922804465.59751713,109943930.34395787,4.0353278004519881e-17,922451563.22987783,0,12692.403773108153,0.0024886525996325672,27343791.122467719,8.8478989253278185e-08,0,66.533308065179966,16.76032615141326,26546120.459474534,797670.66299318522,27343791.122467719,50000000,0,27343791.122467622,8.8161321127370099e-06
2499.9999999999882,77617.513459481299,97834.936490538908,922804465.59751713,109943930.34395787,3.9678325597525421e-17,922451621.15117955,0,12692.185559476586,0.0024887060468104785,27343724.126765661,7.8103743626400535e-08,0,66.420228354459127,16.786877486795223,26546120.553784929,797603.57298073173,27343724.126765661,50000000,0,27343724.126765605,7.8641206918411863e-06
2399.9999999999882,77667.513459481299,97921.539030917353,922804465.59751713,109943930.34395787,3.9026127541551569e-17,922451685.43211305,0,12692.526245285746,0.002488694912575268,27343866.415044717,7.1098123420751469e-08,0,66.436813334528196,16.764816382139539,26546120.584382504,797745.83066221327,27343866.415044717,50000000,0,27343866.415044624,7.0788258875786644e-06
2299.9999999999877,77717.513459481299,98008.141571295797,922804465.59751713,109943930.34395787,3.8394293612744233e-17,922451757.41766083,0,12692.503463864414,0.0024886121930812796,27344207.177736383,6.228372170153435e-08,0,66.490078530860558,16.773513414610054,26546120.614632193,798086.56310418993,27344207.177736383,50000000,0,27344207.177736361,6.2773304623938074e-06
2199.9999999999873,77767.513459481299,98094.744111674241,922804465.59751713,109943930.34395787,3.778488278666455e-17,922451800.91049814,0,12692.244404617803,0.002488737333441072,27344765.14672697,5.6287189670028919e-08,0,66.411155464086377,16.788006128642706,26546120.700514063,798644.44621290639,27344765.14672697,50000000,0,27344765.146726906,5.6251572460670419e-06
2099.9999999999873,77817.513459481299,98181.346652052685,922804465.59751713,109943930.34395787,3.7194545587607859e-17,922451865.20777833,0,12692.65003138027,0.0024886888995123689,27345524.612328034,5.0175291474581464e-08,0,66.437512279001339,16.753528164380675,26546120.741057083,799403.87127095088,27345524.612328034,50000000,0,27345524.612328049,5.0213608013563691e-06
1999.9999999999866,77867.513459481299,98267.94919243113,922804465.59751713,109943930.34395787,3.6625724536050461e-17,922451921.43968475,0,12691.994868601809,0.0024886883420558894,27346504.795973592,4.4342276174776927e-08,0,66.545167399652797,16.742924461635191,26546120.80419071,800383.99178288132,27346504.795973592,50000000,0,27346504.795973506,4.4239292660845544e-06
1899.9999999999864,77917.513459481299,98354.551732809574,922804465.59751713,109943930.34395787,3.6075329453771486e-17,922451985.60418296,0,12693.097723070154,0.0024886151822442544,27347691.514130138,3.7780252650987574e-08,0,66.471982120024606,16.7627660511301,26546120.904106352,801570.61002378538,27347691.514130138,50000000,0,27347691.514130097,3.8112046742647497e-06
1799.9999999999859,77967.513459481299,98441.154273188018,922804465.59751713,109943930.34395787,3.5545937042244777e-17,922452015.99778521,0,12691.64234323908,0.0024887910343427918,27349110.779582314,3.3255669941742898e-08,0,66.481732372809972,16.717237446636705,26546121.022518046,802989.75706426799,27349110.779582314,50000000,0,27349110.779582243,3.3580186349328741e-06
1699.9999999999857,78017.513459481299,98527.756813566462,922804465.59751713,109943930.34395787,3.5034189083571205e-17,922452089.03159964,0,12692.914969011334,0.0024886226296234413,27350742.794698745,3.0736092077803445e-08,0,66.644935643090861,16.679587044506697,26546121.153047089,804621.64165165648,27350742.794698745,50000000,0,27350742.794698704,2.9950391308202891e-06
1599.9999999999854,78067.513459481299,98614.359353944907,922804465.59751713,109943930.34395787,3.4543228242200049e-17,922452130.03198886,0,12692.200426101866,0.0024886892465202331,27352614.396323271,2.3423321001255853e-08,0,66.624805139328458,16.704367061324994,26546121.257258676,806493.1390645951,27352614.396323271,50000000,0,27352614.396323182,2.4271229946648055e-06
1499.9999999999977,78117.513459481299,98700.961894323336,922804465.59751713,109943930.34395787,3.4069420752062212e-17,922452180.06548536,0,12692.568022626798,0.0024886751589224196,27354712.035136279,2.1185087272168036e-08,0,66.557301112637859,16.675950051693778,26546121.528640833,808590.50649544597,27354712.035136279,50000000,0,27354712.035136245,2.12396997722317e-06
1399.9999999999973,78167.513459481299,98787.564434701781,922804465.59751713,109943930.34395787,3.3616473309609776e-17,922452214.97059822,0,12692.123527399428,0.0024887627382776433,27357066.037327848,1.9349781676695278e-08,0,66.737542413483709,16.618708889179974,26546121.704005167,810944.33332268149,27357066.037327848,50000000,0,27357066.037327882,1.8804411829153702e-06
1299.9999999999968,78217.513459481299,98874.166975080225,922804465.59751713,109943930.34395787,3.3180290802463888e-17,922452279.72172391,0,12692.798411140047,0.0024886069617082599,27359646.776003577,1.4188999395575592e-08,0,66.774856183523482,16.629324414642081,26546122.05655754,813524.71944603696,27359646.776003577,50000000,0,27359646.776003517,1.4602796453328712e-06
1199.9999999999966,78267.513459481299,98960.769515458669,922804465.59751713,109943930.34395787,3.2764800647227025e-17,922452306.39764261,0,12692.115260113309,0.0024887321773582175,27362498.870850787,1.1500338665750781e-08,0,66.705603065656931,16.621448323646693,26546122.51075042,816376.36010036618,27362498.870850787,50000000,0,27362498.870850835,1.1661365501681222e-06
1099.9999999999964,78317.513459481299,99047.372055837113,922804465.59751713,109943930.34395787,3.2366021173384687e-17,922452353.48092353,0,12692.813103609631,0.0024886875761853471,27365597.490949724,9.8093768224624449e-09,0,66.807350633805868,16.569816251051776,26546123.069131128,819474.42181859538,27365597.490949724,50000000,0,27365597.490949672,9.8638865155099134e-07
999.99999999999602,78367.513459481299,99133.974596215558,922804465.59751713,109943930.34395787,3.1988211583245259e-17,922452386.38686681,0,12691.741168642508,0.0024887362546446418,27368969.602896482,8.4429354989088504e-09,0,66.905076113226727,16.573778729807429,26546123.884159341,822845.7187371403,27368969.602896482,50000000,0,27368969.602896485,8.6497307136814372e-07
899.99999999999568,78417.513459481299,99220.577136594002,922804465.59751713,109943930.34395787,3.1626603554816242e-17,922452441.81969166,0,12693.205684561317,0.0024885986565920653,27372597.648745339,8.2997522744562858e-09,0,66.796335124299688,16.582189095383946,26546124.97750514,826472.67124019936,27372597.648745339,50000000,0,27372597.648745328,7.3939053750829658e-07
799.99999999999534,78467.513459481299,99307.179676972446,922804465.59751713,109943930.34395787,3.1286016901710055e-17,922452454.00961757,0,12691.648060878639,0.002488781604937131,27376522.409993924,2.7177448096186299e-09,0,66.876980813603311,16.544866105755823,26546126.414823189,830395.99517073482,27376522.409993924,50000000,0,27376522.409993913,3.9912702668430475e-07
699.999999999995,78517.513459481299,99393.78221735089,922804465.59751713,109943930.34395787,3.0962563546883338e-17,922452500.99309289,0,12692.894507437031,0.0024886810090089901,27380711.055407204,4.8198877540356836e-09,0,66.934906964571326,16.556791650337274,26546128.339502111,834582.71590509266,27380711.055407204,50000000,0,27380711.055407215,3.8930819852430134e-07
599.99999999999466,78567.513459481299,99480.384757729335,922804465.59751713,109943930.34395787,3.0659731365722839e-17,922452522.75533652,0,12692.098615046323,0.0024887599990995051,27385200.67794865,1.3121344160328663e-09,0,66.832625457263376,16.571964673370879,26546130.847141054,839069.83080759645,27385200.67794865,50000000,0,27385200.67794859,1.7731925507705565e-07
499.99999999999437,78617.513459481299,99566.987298107779,922804465.59751713,109943930.34395787,3.0373874875973692e-17,922452566.30949688,0,12692.788533080438,0.0024886572125893307,27389975.868364908,5.9280779151980429e-10,0,66.8798859487122,16.548285952142692,26546133.333926789,843842.53443811834,27389975.868364908,50000000,0,27389975.868364908,1.0208821138001952e-07
399.99999999999403,78667.513459481299,99653.589838486223,922804465.59751713,109943930.34395787,3.0110244956172863e-17,922452568.31462634,0,12692.069651307016,0.0024888600631098215,27395076.698427267,2.4592667072680606e-09,0,66.879504177248847,16.538001583550866,26546138.055354908,848938.64307235926,27395076.698427267,50000000,0,27395076.698427316,1.6285102609916135e-07
299.99999999999369,78717.513459481299,99740.192378864667,922804465.59751713,109943930.34395787,2.9867070087431823e-17,922452613.35209644,0,12692.685582117711,0.0024887124341766002,27400401.411215149,-6.9134500402042912e-10,0,66.35538474111533,16.343062084405403,26546139.437805712,854261.97340943664,27400401.411215149,50000000,0,27400401.41121516,4.0196748038102879e-09
199.99999999999338,78767.513459481299,99826.794919243112,922804465.59751713,109943930.34395787,2.9656531227306345e-17,922452607.30855703,0,12692.154881366054,0.0024889344746064726,27406140.627925687,5.6432397965746484e-10,0,64.345921158034599,15.331306781838997,26546162.779220838,859977.84870484844,27406140.627925687,50000000,0,27406140.627925683,4.5253538063874378e-08
99.999999999993051,78817.513459481299,99913.397459621556,922804465.59751713,109943930.34395787,2.9477258519040664e-17,922452732.24250662,0,12692.942136177397,0.0024881223289690869,27411065.168952338,1.3201931428097337e-09,0,56.357756555147361,11.660505496235038,26546003.765974097,865061.40297824144,27411065.168952338,50000000,0,27411065.168952301,5.0589102770152839e-08
-7.2759576141834259e-12,78867.513459481299,100000,922804465.59751713,109943930.34395787,2.9364477399318625e-17,922452881.52643907,0,12691.224796361214,0.0024870585741570681,27417420.251142196,-2.7842570843135842e-09,0,59.811234854694298,0,26545782.331799433,871637.91934276372,27417420.251142196,50000000,0,27417420.251142181,-1.5113573496790148e-07
