cell,qp,segment,xi,weight,V,Theta,q,friction,damping,sigma,R,p,Kfixed,Kstate0,Kstate1
0_11:30210323313,8,795,0.028099380019698399,0.064442635414529728,9.9380860188137109e-10,8063529.1157574188,25886378.583085295,27588129.008903328,0.004595808250884288,51966218.663882606,-1701750.4304138417,2202722.2965605618,2541139265478731.5,-773351152475680.62,-1272200742330999.8
0_11:30210323322,7,795,0.065600981834526034,0.019955607698562729,9.8554552466190481e-10,8148315.4562785495,25995396.712539863,27154183.446977664,0.0045575961460674989,51153814.166213535,-1158786.738995397,1494806.6172371733,1536409116451792.2,-753339893715458.75,-1239281235883982
0_11:30210323322,8,795,0.25471149678605992,0.014476425259437282,9.43877043518795e-10,8575870.220365122,25959281.840566751,27163824.983039528,0.0043649027551300561,51202155.027939901,-1204543.1468376804,1542788.0769186567,1633347597610626.5,-716458136501659,-1178608928413226.2
0_11:30210323323,2,795,0.087894706503165221,0.024900414890780143,9.806333406609096e-10,8198718.7254661676,25930702.434056934,27293464.330908716,0.0045348800458859364,51419335.503656618,-1362761.9013866617,1720060.71486996,1787641506903708.5,-752594866666338.88,-1238055629686961.8
0_11:30210323323,3,795,0.037222696741542799,0.027560664550677547,9.9179837653306504e-10,8084155.7717088079,25967796.346703906,27213820.317841444,0.0045865120843745673,51262341.834358431,-1246023.9757240505,1576225.0135162089,1621973216498893.5,-760929722246948.75,-1251766877705315
0_11:30210323323,4,795,0.22633321169307671,0.051161750613869433,9.5012989538995502e-10,8511710.5357953794,25927177.168228965,27217426.486628853,0.0043938186934371236,51298121.246771723,-1290249.3227937063,1617602.6070907468,1732422085613980.2,-723211615920554.38,-1189718734744452.8
0_11:30210323323,5,795,0.4154437266446106,0.036762748466395982,9.0846141424684531e-10,8939265.2998819519,25879457.164014485,27215099.133920919,0.0042011253024996816,51331078.882330373,-1335641.9741075598,1658980.2006652844,1852520503789682.5,-689063657495050.12,-1133543660951722
0_11:30210323323,6,795,0.36477171688298893,0.015796464925604301,9.1962645011900044e-10,8824702.346124595,25935963.365841269,27162472.642747834,0.0042527573409883107,51221008.117233537,-1226509.2811593222,1561977.0580534507,1694897219821524.2,-696512372221238.62,-1145797163611843.8
0_11:30210323323,7,795,0.55388223183452279,0.029384457290361349,8.7795796897589063e-10,9252257.1102111675,25890426.388175089,27136982.851849601,0.0040600639500508679,51216357.059739269,-1246556.4677345757,1579938.3722570299,1810036446658496,-664265612783656.5,-1092749655810333.1
0_11:30210323323,8,795,0.74299274678605676,0.021144396535523021,8.3628948783278071e-10,9679811.8742977399,25839664.352218647,27101069.133674737,0.0038673705591134246,51200561.673069417,-1261404.7853234611,1597899.6864606093,1935441314029876,-634729359864727.25,-1044161064755870.6
0_11:30210323330,5,795,0.057997043261368876,0.064494572099283304,9.872209712711543e-10,8131123.9206116507,25891720.582045455,27417748.246121097,0.0045653441483851772,51649275.721230343,-1526027.668640987,1907860.2643438573,2079749011607045.8,-762244737994531.38,-1253930143389856.8
0_11:30210323330,6,795,0.0073250334997471758,0.028299425648581691,9.9838600714330933e-10,8016560.966854292,25943481.991695099,27329863.400338046,0.0046169761868738056,51477095.211651608,-1386381.4132599239,1772119.6247943642,1830859991003008.5,-770560444693767.88,-1267609890555046.5
0_11:30210323330,7,795,0.19643554845128108,0.052101391734113829,9.5671752600019952e-10,8444115.7309408654,25904113.300591253,27343327.260199845,0.0044242827959363627,51530251.982616037,-1439213.9640328749,1833159.1245055895,1970032147005589,-732299720447115.75,-1204669114385138.5
0_11:30210323330,8,795,0.385546063402815,0.037243650941552214,9.1504904485708981e-10,8871670.4950274397,25848558.930000935,27355449.270261891,0.0042315894049989207,51589299.140786082,-1506890.3444925458,1894198.6242168148,2122576351688252,-697806489096138.38,-1147926049621310.8
0_11:30210323331,1,795,0.029618758168259398,0.086356653442342335,9.9347382314234225e-10,8066964.2360416232,25884078.707684722,27515611.361746274,0.0045942600866923731,51829819.824777953,-1631532.6586558123,2073913.9629119239,2337682415442295.5,-770992843108285.88,-1268321207247563
0_11:30210323331,2,795,0.21872927311979332,0.061612523204287777,9.5180534199923243e-10,8494519.0001281966,25830169.738226123,27568548.935120914,0.0044015666957549302,51958556.7874249,-1738379.2012963577,2172591.8581006252,2544438585231206,-734005081442723.5,-1207474517231709.8
0_11:30210323331,3,795,0.16805726335829785,0.069767420646294556,9.6297037787135975e-10,8379956.0463711228,25861506.97844585,27436956.520626117,0.004453198734243431,51701981.149641663,-1575449.546633465,1940099.0446618607,2177155348585086.8,-740365585779342.75,-1217937860194014.5
0_11:30210323331,4,795,0.35716777830983176,0.12795023647658449,9.2130189672824994e-10,8807510.8104576953,25807707.91246308,27426506.742502268,0.0042605053433059882,51717319.057944387,-1618798.8342996936,1977412.4051422656,2360359208138114.5,-704634004732097.38,-1159157649176749
0_11:30210323331,5,795,0.54627829326136568,0.091293152068486816,8.7963341558514002e-10,9235065.5745442677,25743302.431535527,27403394.949765295,0.0040678119523685453,51717234.478683144,-1660092.5222975796,2014725.7656226705,2562351817669336,-672010546595373.38,-1105490453458372.1
0_11:30210323331,6,795,0.495606283499744,0.040302088466704529,8.9079845145729515e-10,9120502.6207869109,25810899.158441093,27342939.405649938,0.0041194439908571736,51590668.705639668,-1532040.2513282888,1904962.0216004984,2219545585305901.2,-678786449120550.25,-1116637146904029.9
0_11:30210323331,7,795,0.68471679845127786,0.073954519151886861,8.4912997031418534e-10,9548057.3848734833,25747439.110175695,27275638.134826366,0.0039267505999197316,51513298.604810059,-1528199.0285774211,1880910.8473726073,2401658884758097,-647418520529105.62,-1065035359137021.4
0_11:30210323331,8,795,0.87382731340281183,0.052779209638889164,8.0746148917107553e-10,9975612.1489600558,25682779.756033566,27186483.104869105,0.0037340572089822883,51403248.774166584,-1503703.3525695964,1856859.6731447168,2602076978807649.5,-618346335889458.88,-1017210183262720.8
0_11:30210323332,0,795,0.1979549266000942,0.027008795208811491,9.5638274726111525e-10,8447550.8512256406,25906209.727039441,27306834.739774976,0.0044227346317441919,51461736.376835607,-1400625.0171582692,1752318.581031519,1862358449502873.5,-731028653641277.38,-1202578146874760.5
0_11:30210323332,1,795,0.38706544155162809,0.049754207945030868,9.1471426611800523e-10,8875105.6153122112,25854400.803003889,27300781.459004324,0.0042300412408067482,51486526.228427216,-1446380.6602304766,1798378.5965423125,2002580865790254,-696146814711773.75,-1145195803500829.5
0_11:30210323332,2,795,0.576175956503162,0.03557772720290369,8.7304578497489542e-10,9302660.3793987855,25792308.054029185,27285167.926196836,0.0040373478498693053,51501743.671691425,-1492859.8762049985,1844438.6120531065,2155982716420041.2,-664347868620982,-1092884970714786.8
0_11:30210323332,3,795,0.52550394674153955,0.039900362616523702,8.8421082084705076e-10,9188097.425641425,25849565.616716661,27201406.705899812,0.0040889798883579354,51330869.925720245,-1351841.0932721316,1673063.219304366,1928804103053532.8,-670399701128438.62,-1102840533312453.4
0_11:30210323332,4,795,0.71461446169307352,0.073577013926788143,8.4254233970394084e-10,9615652.1897279974,25808781.351681419,27149833.020969592,0.0038962864974204921,51284310.333423674,-1341051.6731844598,1680081.8020151956,2072020587059588.2,-640009694776082,-1052847475802750.2
0_11:30210323332,5,795,0.90372497664460738,0.052643293361993103,8.0087385856083103e-10,10043206.95381457,25773425.007982939,27076761.241073973,0.0037035931064830496,51205811.241541989,-1303336.236794627,1687100.3847260252,2228414859320588.2,-611825562330916.75,-1006483189535236
0_11:30210323332,6,795,0.85305296688298571,0.022967378202769017,8.1203889443298626e-10,9928644.000057213,25807783.267663073,27061979.665625926,0.0037552251449716788,51161019.363406219,-1254196.4017180784,1593807.8575772136,2014837964935229.8,-618343826457168,-1017206055122983.6
0_11:30210323332,7,796,0.042163481834519644,0.042407561343519133,7.8868129135536104e-10,10167717.47837344,25776012.507099692,26997246.83673428,0.0036472093109953859,51074631.960836403,-1221234.3332817976,1561785.0074880787,2126477170521912,-991611288557422.25,-610570323120081.88
0_11:30210323332,8,796,0.23127399678605357,0.030366947811033121,8.2914026813351705e-10,9749901.047769554,25722745.366111904,26963131.300600067,0.0038343094215673615,50950206.741896741,-1240385.9383224719,1529762.157398944,2117675278980695.5,-1031585975468283.9,-635184158990482.38
0_11:30210323333,0,795,0.68623617660009095,0.038506943951309616,8.4879519157510097e-10,9551492.5051582567,25759213.27104345,27250637.413029257,0.00392520243572756,51466515.550371051,-1491424.14591101,1845744.0116858864,2253166287839346,-646597924063700.62,-1063685437527542.2
0_11:30210323333,1,795,0.87534669155162492,0.070683818505690305,8.0712671043199105e-10,9979047.2692448292,25733210.117751975,27153041.52581238,0.0037325090447901167,51340523.671891168,-1419831.4117929144,1804169.9911432131,2436094215514405,-617379199652808.62,-1015619196510761
0_11:30210323333,2,796,0.064457206503158462,0.050451603500318729,7.9345089017379925e-10,10118462.234854572,25701421.723413106,27046509.346215136,0.0036692660345553243,51160289.981364109,-1345087.6264712964,1762595.9706005405,2577957452096972.5,-998109453535146.88,-614571474313014.38
0_11:30210323333,3,796,0.013785196741536403,0.056996804438807863,7.8260994001947606e-10,10230415.81001961,25759413.380196128,27018241.968366921,0.0036191327110236659,51124118.684156194,-1258828.5917899257,1677378.8367779111,2315206455149440,-986488973571185.88,-607416331679727.25
0_11:30210323333,4,796,0.2028957116930703,0.10468256920643637,8.2306891679763197e-10,9812599.3794157263,25728512.435755085,26975967.879128922,0.003806232821595641,50982900.782593846,-1247455.4471800693,1636952.2354937093,2331517544991362.5,-1025652305153346.5,-631530587229767.75
0_11:30210323333,5,796,0.39200622664460422,0.074734500472368029,8.6352789357578787e-10,9394782.9488118403,25702403.782385059,26913677.744271874,0.0039933329321676161,50812649.619049348,-1211273.9658801486,1596525.6342095074,2365420722028869.5,-1067689022484990.2,-657414088537450.75
0_11:30210323333,6,796,0.34133421688298254,0.032893815635577292,8.5268694342146499e-10,9506736.5239768829,25704606.49717224,26932609.603608493,0.0039431996086359599,50861658.835761115,-1228003.1103794521,1509013.6618699362,2121038682774158.5,-1056133332026395.2,-650298839105947.88
0_11:30210323333,7,796,0.53044473183451646,0.060461505543818524,8.9314592019962079e-10,9088920.0933729969,25710535.739477891,26882367.443476569,0.0041302997192079341,50720344.321969278,-1171831.7081289771,1469734.4798442053,2143249824669108.2,-1101614375361467.5,-678303134383114.38
0_11:30210323333,8,796,0.71955524678605032,0.043181922154241194,9.336048969777768e-10,8671103.6627691109,25722161.510428712,26824191.936860502,0.0043173998297799101,50572254.05507984,-1102030.4307491898,1430455.2978184747,2181028850488965,-1151324163216436.2,-708911217997202.12
0_11:30210331232,7,795,0.1357150147686951,0.15668103174287992,9.7009664674026438e-10,8306834.3457121151,25834938.285272788,25290076.289303042,0.0044861537370515479,47651670.242170304,544861.99148359254,-2347104.0306001008,3103006370287601,-688372253832855.62,-1132406267867768
0_11:30210331232,8,795,0.32482552972022899,0.085648752447268564,9.2842816559715457e-10,8734389.1097986884,25769715.74421322,25341075.680752508,0.0042934603461141051,47778797.48259864,428640.05916725105,-2251401.7199513684,2926476643093012.5,-656422499747655.38,-1079847348501881
0_11:30210331233,2,795,0.1580087394370818,0.051974978254268452,9.651844627393248e-10,8357237.6148991613,25849590.747882161,25548159.858406462,0.004463437636870243,48141233.439666405,301430.88501226186,-1934035.9643678716,2242114378112122.8,-691250155554786.62,-1137140557970363
0_11:30210331233,3,795,0.10733672967558598,0.11747105467338451,9.7634949861145232e-10,8242674.6611420885,25838346.774998829,25454059.863900412,0.0045150696753587446,47956644.285684414,384286.90658334724,-2094967.5637395303,2633727282457700.5,-698170358921927.88,-1148524633409541.2
0_11:30210331233,4,795,0.29644724462711991,0.16467622528027262,9.3468101746834251e-10,8670229.4252286609,25812545.820919849,25510773.66976488,0.0043223762844213018,48093562.78495124,301772.14683259261,-1971275.1725139508,2518032314566140.5,-665636518463878,-1095004863187293
0_11:30210331233,5,795,0.48555775957865382,0.089904335163272481,8.930125363252326e-10,9097784.1893152334,25760062.620632961,25582631.024771944,0.0041296828934838589,48267073.269596681,177431.5917313348,-1847582.7812883712,2427122889227480,-636643213790981.62,-1047309448744049.4
0_11:30210331233,6,795,0.434885749817158,0.079269626359032355,9.0417757219736001e-10,8983221.2355581615,25747132.662052575,25400620.517832387,0.0041813149319723597,47912774.906114891,346512.1400388733,-2164817.4210822061,2842545302279500.5,-640029523485396.38,-1052880095006366.1
0_11:30210331233,7,795,0.62399626476869186,0.11111503618236011,8.625090910542501e-10,9410775.9996447321,25718205.688257821,25541355.460775834,0.003988621541034916,48222088.33939869,176850.22349336577,-1962973.5096455382,2727434205650718.5,-614895560053850.25,-1011533487022435.1
0_11:30210331233,8,795,0.81310677972022583,0.060675537732379388,8.2084060991114029e-10,9838330.7637313046,25678997.918290246,25671104.42843299,0.0037959281500974736,48519402.725244336,7893.4860613282626,-1761129.5982088707,2639496279454206.5,-591799788664047.5,-973539805351755.88
0_11:30210331303,8,795,0.098213412953741586,0.019822622121239447,9.7835972395975838e-10,8222048.0051907003,25939231.934290286,25830256.607757423,0.0045243658418684654,48664147.995137498,108975.32200849724,-1508521.3745280602,1623059568575557.2,-710247796754267.62,-1168392613597548.2
0_11:30210331311,7,795,0.039937464618961999,0.01326217652078499,9.9120020644116311e-10,8090293.5157664409,26012219.754338615,25984921.025021311,0.004583745882674772,48947820.199662052,27298.724733557865,-1254210.5383270322,1393267080326374.5,-726022127255296,-1194342164340364
0_11:30210331311,8,795,0.22904797957049591,0.0069207408387772134,9.495317252980533e-10,8517848.2798530143,26001400.121050522,25991401.197268136,0.00439105249173733,48987821.963910997,9998.9193913333947,-1221410.1308250255,1422301149585507.8,-690142876680416.88,-1135319029675705.2
0_11:30210331312,4,795,0.069835127860632465,0.03710213688200259,9.8461257583094632e-10,8157888.3206206728,25972761.934321407,25907477.202719159,0.0045532817801756612,48805791.515352875,65284.727048966022,-1380570.0748589665,1516712550252867,-717917242117764.75,-1181009229029584.8
0_11:30210331312,5,795,0.25894564281216637,0.019815147755913167,9.4294409468783651e-10,8585443.0847072452,25957958.136077244,25921565.983846854,0.0043605883892382184,48861308.228666589,36392.147869801025,-1333905.983488071,1532572260125012.5,-682940953102738.88,-1123471510612208.2
0_11:30210331312,6,795,0.20827363305067056,0.018220626969973629,9.5410913055996382e-10,8470880.1309501715,25930963.956650555,25841323.12905794,0.0044122204277267192,48701536.589007773,89640.823180394611,-1478780.9478445328,1624972056737156,-689913918812510,-1134942382704169.5
0_11:30210331312,7,795,0.39738414800220445,0.025250917841780445,9.1244064941685401e-10,8898434.895036744,25919019.142805457,25868908.184210639,0.0042195270367892763,48788258.829124011,50110.954375290632,-1413270.8849122641,1638927855170869.2,-657934213557590.25,-1082334192188652.2
0_11:30210331312,8,795,0.58649466295373842,0.013519231438874041,8.7077216827374409e-10,9325989.6591233183,25904956.850373358,25894218.519073009,0.0040268336458518334,48878824.546595857,10738.327273514398,-1347760.8219799954,1662172596696074.8,-628936215175057.25,-1034631056361836.8
0_11:30210331313,0,795,0.041456842767523358,0.010289494931080221,9.9086542770213426e-10,8093728.6360506462,26001457.85007624,25954049.73726036,0.0045821977184828579,48889859.258595057,47408.108233681567,-1300891.606367867,1430528179639212,-724854645713646.5,-1192421599692352
0_11:30210331313,1,795,0.23056735771905726,0.014035959045312303,9.4919694655902445e-10,8521283.4001372196,25987559.411354445,25965871.322433945,0.0043895043275454151,48939959.317603357,21688.084530995802,-1262868.1312207952,1456950787485332.2,-689190645098028.38,-1133752561814233
0_11:30210331313,2,795,0.4196778726705912,0.0073457285177172572,9.0752846541591453e-10,8948838.1642237902,25972873.516466767,25975722.544914551,0.0041968109366079722,48994349.844846822,-2849.0326445954202,-1224844.6560737237,1490313733803804,-656992064440255.75,-1080784310478871.8
0_11:30210331313,3,795,0.36900586290909537,0.01808630094219741,9.1869350128804195e-10,8834275.2104667183,25951386.566924747,25931119.037604768,0.004248442975096473,48899851.622299127,20267.525071536274,-1305713.296493792,1547127765464610,-664228331758310.25,-1092688326687115.6
0_11:30210331313,4,795,0.55811637786062929,0.024754246080380456,8.7702502014493204e-10,9261829.9745532908,25944291.659294605,25947470.192296784,0.0040557495841590293,48972380.851969704,-3178.5370579287001,-1255493.453766427,1581125555838168,-634505211139754.75,-1043792329061368.1
0_11:30210331313,5,795,0.74722689281216315,0.013017361670148235,8.3535653900182222e-10,9689384.7386398632,25938034.279853161,25959250.764864556,0.0038630561932215869,49044598.717450574,-21216.488874451261,-1205273.6110390623,1623552452560102,-607401365188264.88,-999205167292581.88
0_11:30210331313,6,795,0.69655488305066737,0.012358501258599608,8.4652157487394964e-10,9574821.7848827895,25901991.619496357,25910322.022745915,0.0039146882317100873,48937964.210538633,-8330.4071642462932,-1310534.9866197167,1681895862851034.8,-613332500902024.25,-1008962177718900.1
0_11:30210331313,7,795,0.88566539800220123,0.016960422669819362,8.0485309373083973e-10,10002376.548969362,25904837.222603526,25932749.036758777,0.0037219948407726444,49036505.837462842,-27911.817877245627,-1248118.776312059,1726115221855369,-588297625541419.62,-967778574492903.88
0_11:30210331313,8,796,0.074775912953734466,0.0089537158851966114,7.9565851096512043e-10,10095664.321693933,25904655.25095522,25972312.588686816,0.0036794750444475413,49125064.107284777,-67657.341411071131,-1185702.5660044013,1714972571493744,-960567558138094.88,-591455594665794
0_11:30210331320,5,795,0.12811107619541134,0.051826204541363656,9.7177209334954159e-10,8289642.8100449294,25892878.120108418,25726511.906164464,0.0044939017393693537,48472902.225727759,166366.20945005282,-1667447.7882882445,1867224627645990.5,-701687894898504.75,-1154311153370430.2
0_11:30210331320,6,795,0.077439066433915502,0.045944089286360137,9.8293712922166911e-10,8175079.8562878566,25870010.705830645,25592771.91049343,0.0045455337778578554,48213933.169445582,277238.79079168127,-1891883.2276207586,2105968490751626.8,-707719785153009,-1164233909979603
0_11:30210331320,7,795,0.26654958138544943,0.064346933344949522,9.412686480785593e-10,8602634.6203744281,25849006.645622663,25638284.084635124,0.0043528403869204126,48328647.80601605,210722.5566346992,-1798368.3906971423,2053640045348066.2,-674145974693929.75,-1109003337875084
0_11:30210331320,8,795,0.45566009633698334,0.035027832827671766,8.9960016693544938e-10,9030189.3844610024,25816686.126463491,25688718.908142343,0.0041601469959829697,48460658.403917991,127967.21416100131,-1704853.5537735263,2017409395551746,-643981261988853.62,-1059380899513481
0_11:30210331321,1,795,0.099732791102302223,0.03847453989579095,9.7802494522072953e-10,8225483.1254749028,25931847.680075999,25790162.579329588,0.0045228176776765504,48588820.603067279,141685.09622359416,-1560249.8448272198,1702436446270039,-708852247852446.5,-1166096866907092.5
0_11:30210331321,2,795,0.28884330605383612,0.02080257265327726,9.3635646407761972e-10,8653037.8895614762,25902318.240079056,25813197.061082717,0.0043301242867391076,48662322.880899653,89121.174666215156,-1511999.7909032828,1697555835819160,-674846515356862.38,-1110155761775356.1
0_11:30210331321,3,795,0.2381712962923403,0.047842321232802069,9.4752149994974724e-10,8538474.9358044025,25881559.123014633,25743670.613119502,0.0043817563252276093,48522434.26339829,137888.50551337466,-1626562.5245244533,1852772569169718.5,-681935110748435.25,-1121816850389983.4
0_11:30210331321,4,795,0.42728181124387421,0.066805514272467989,9.0585301880663733e-10,8966029.6998909749,25865781.301126085,25783207.195903964,0.0041890629342901655,48632832.061326548,82574.101033057945,-1545707.7125098757,1841844402948999,-650893847981423,-1070752443996244.5
0_11:30210331321,5,795,0.61639232619540818,0.036174303292104457,8.6418453766352741e-10,9393584.4639775474,25845748.663999654,25822799.715060703,0.0039963695433527227,48751514.09144596,22948.944942581355,-1464852.9004952977,1843228672027575.5,-622784137749894.88,-1024510585936320
0_11:30210331321,6,795,0.5657203164339123,0.032348323739724315,8.7534957353565493e-10,9279021.5102204736,25807249.926229291,25726114.777123943,0.0040480015818412244,48556433.904122464,81135.145057346104,-1644625.1502977503,2006149499757342.2,-627950457605108.12,-1033009436599283.8
0_11:30210331321,7,795,0.75483083138544627,0.045202012717655025,8.3368109239254502e-10,9706576.2743070461,25802569.899091005,25795502.324249953,0.0038553081909037811,48737403.354727983,7067.5709857441025,-1531165.5801925315,2002442084846182.5,-602527806810139,-991187923681322.88
0_11:30210331321,8,795,0.94394134633698012,0.024504939711422265,7.920126112494352e-10,10134131.038393619,25798311.429270755,25852640.240506914,0.0036626147999663382,48904055.169231921,-54328.814898772813,-1417706.0100873129,2012862759506682.2,-579080760668938.38,-952616377740240.62
0_11:30210331322,0,795,0.26806895953401078,0.048069999010443912,9.4093386933953045e-10,8606069.7406586353,25816097.075165231,25576542.892158393,0.0043512922227284985,48212528.490522563,239554.17865554575,-1889596.0216973033,2201376940036420,-672257763712758.25,-1105897137794779.1
0_11:30210331322,1,795,0.45717947448554469,0.067336354627597822,8.9926538819642054e-10,9033624.5047452077,25776473.658564497,25650839.189701755,0.0041585988317910548,48389528.603987865,125634.46470414335,-1782419.3997711805,2151061899023507.8,-642791515846083.5,-1057423708499835.6
0_11:30210331322,2,795,0.6462899894370786,0.036669397263367286,8.5759690705331062e-10,9461179.2688317802,25736815.483986992,25721507.374130022,0.0039659054408536119,48567961.217263497,15308.105891065168,-1675242.7778450579,2117928453749462,-616006621791854.62,-1013361238314121.8
0_11:30210331322,3,795,0.59561797967558283,0.083166903069338272,8.6876194292543804e-10,9346616.3150747065,25745252.098001264,25637096.66103499,0.0040175374793421127,48395723.466874279,108155.43294873646,-1776594.7311788402,2387917091228533,-621345776478485.12,-1022144410788885.6
0_11:30210331322,4,795,0.78472849462711669,0.1165358582492472,8.2709346178232812e-10,9774171.0791612789,25743652.780365195,25727400.462508906,0.0038248440884046694,48617389.514201716,16252.314031445358,-1656337.2793131478,2341136461363092,-596887492715738.88,-981909329145186.25
0_11:30210331322,5,795,0.97383900957865066,0.06350416723595867,7.8542498063921831e-10,10201725.843247851,25742419.901931725,25800252.555438716,0.0036321506974672266,48815029.751921579,-57832.657139141222,-1536079.8274474554,2313728321894393.5,-574196695916706.5,-944581850626017
0_11:30210331322,6,795,0.92316699981715478,0.056134180243673483,7.9659001651134573e-10,10087162.889490778,25694677.589836821,25753392.295046296,0.0036837827359557278,48709458.84182892,-58714.708893257746,-1663593.440660377,2603493794956675.5,-579462118366396.38,-953243729938846.12
0_11:30210331322,7,796,0.1122775147686887,0.078666488195228451,8.036817371583531e-10,10012809.143512705,25699982.547387648,25894015.388390835,0.0037165779725845745,48965187.384894505,-194032.84471976498,-1530255.1588551148,2464549638824919,-965364156109453.62,-594409030560528.88
0_11:30210331322,8,796,0.30138802972022261,0.042887323038181741,8.4414071393650911e-10,9594992.7129088212,25690992.89679591,26029215.565505229,0.0039036780831565501,49166130.942859083,-338222.67261299718,-1396916.8770498526,2277268183084705,-1011535364649272.1,-622838285090308.5
0_11:30210331323,0,795,0.75635020953400756,0.033872240037642297,8.3334631365351617e-10,9710011.3945912514,25736673.980354257,25769678.349924956,0.0038537600267118661,48689047.617853209,-33004.373424458616,-1611308.4090815401,2109204116657445.8,-601717052079078.62,-989854192209660.38
0_11:30210331323,1,795,0.94546072448554153,0.047350589578748513,7.9167783251040625e-10,10137566.158677824,25760605.845183834,25837942.868417054,0.0036610666357744233,48876760.155545846,-77337.026894286624,-1498775.1051266915,2110096652021459,-578561443694298,-951762075734576.75
0_11:30210331323,2,796,0.13457123943707541,0.02568691134608168,8.0845133597673733e-10,9963553.8999943975,25763487.656427138,25930118.988854315,0.0037386346961442631,49026602.184382476,-166631.33616581227,-1386241.8011718432,2007895414275461,-971353271903102.38,-598096742073627.5
0_11:30210331323,3,796,0.083899229675579584,0.058683272193015126,7.9761038582244124e-10,10075507.475159157,25740376.227997992,25875019.961960435,0.00368850137261273,48938146.031912565,-134643.73765094409,-1478753.0795437861,2236158191870334.2,-958827032359334.25,-590383891066410.25
0_11:30210331323,4,796,0.27300974462711353,0.082089930944038908,8.3806936260059714e-10,9657691.044555271,25744517.084188152,25984631.490745086,0.0038756014831847056,49089590.735545509,-240114.4104325356,-1402007.639592404,2078343818112668.8,-1003403912468885,-617831460901732.25
0_11:30210331323,5,796,0.46212025957864739,0.044582412481583879,8.7852833937875315e-10,9239874.6139513887,25755202.939157709,26073667.322982907,0.0040627015937566811,49209890.853957012,-318464.38788789941,-1325262.1996410217,1933865295457972.5,-1051346832546414.1,-647351621211365.62
0_11:30210331323,6,796,0.41144824981715161,0.039642205958095429,8.6768738922445695e-10,9351828.1891161483,25707140.990726799,26087810.146564234,0.004012568270225148,49248644.573233865,-380669.15985000355,-1346197.7500060322,2177996384866062.8,-1039578884144434.9,-640105677018142.88
0_11:30210331323,7,796,0.60055876476868553,0.055479216234964712,9.0814636600261296e-10,8934011.7585122641,25741448.08546178,26143136.342541408,0.0041996683807971232,49310849.680134706,-401688.26127929572,-1305240.1740581163,2021375354424588.5,-1089571294429381.1,-670887781309872.75
0_11:30210331323,8,796,0.78966927972021939,0.030156123841076254,9.4860534278076886e-10,8516195.3279083781,25766055.883694131,26190064.744165912,0.0043867684913690991,49364798.413244829,-424008.86485854984,-1264282.5981102001,1878386126614597.5,-1144277716553983.5,-704572470279030.25
0_11:30210331330,0,795,0.39890352615076513,0.019131811893290766,9.1210587067782527e-10,8901870.0153209474,25886398.43376736,25831915.531378623,0.0042179788725973623,48718802.414851494,54482.898170757733,-1477462.3995098171,1701657344228500.2,-656744031731134.38,-1080376284453881.4
0_11:30210331330,1,795,0.58801404110229905,0.02653933433553899,8.7043738953471546e-10,9329424.7794075198,25871698.298555672,25869953.287088107,0.0040252854816599194,48833397.607020125,1745.0074422793693,-1407024.9954993855,1720148114070617.8,-628120334387330,-1033288892274439.5
0_11:30210331330,2,795,0.7771245560538329,0.014229059726751512,8.2876890839160554e-10,9756979.5434940923,25863465.434551395,25899120.989534266,0.0038325920907224765,48939655.258031704,-35655.558815462908,-1336587.5914889539,1748721023824072.2,-601902698505732.5,-990159589726744.25
0_11:30210331330,3,795,0.72645254629233713,0.033299272480060434,8.3993394426373296e-10,9642416.5897370204,25841594.306901179,25847447.53150307,0.0038842241292109773,48827490.913498633,-5853.228486115021,-1421384.4375223115,1851803901465693.8,-607658106771575.62,-999627519844626.88
0_11:30210331330,4,795,0.91556306124387099,0.046266928070322851,7.9826546312062304e-10,10069971.353823593,25848928.257016625,25882125.395923417,0.003691530738273534,48950447.851581849,-33197.142598322542,-1352860.2384876045,1879071402033731.2,-583323151569585,-959595319758731.88
0_11:30210331330,5,796,0.10467357619540493,0.02486424011249239,8.0205492347092888e-10,10029609.110844163,25845502.531093914,25942455.010036372,0.0037090548702959024,49059152.50661552,-96952.482651512459,-1284336.0394528979,1826719540065984.2,-965596584336368,-594552144882891.75
0_11:30210331330,6,796,0.054001566433909111,0.022573556245841859,7.9121397331663278e-10,10141562.686008926,25803611.512965512,25903894.234490111,0.0036589215467643693,49002328.280732207,-100282.72518352148,-1365306.4755348058,1980545637109671,-953831196741180.62,-587307777469450
0_11:30210331330,7,796,0.24311208138544302,0.03140415547318031,8.3167295009478869e-10,9723746.2554050405,25807566.766589742,25994467.183658998,0.0038460216573363445,49116457.710546598,-186900.42091527797,-1298695.4814758236,1852247195412714.5,-997133040994022.88,-613970262399019.38
0_11:30210331330,8,796,0.43222259633697696,0.016909009515321451,8.7213192687294459e-10,9305929.8248011544,25817261.492316969,26070188.645338088,0.00403312176790832,49210368.625160456,-252927.15705424131,-1232084.4874168416,1734392940706684.8,-1043894313212256.8,-642762840112942.75
0_11:30210331331,0,795,0.88718477615076186,0.013018660403669075,8.0451831499181109e-10,10005811.669253565,25869133.523098823,25915315.997686103,0.0037204466765807308,49004028.030530378,-46182.478307726982,-1298300.8866108097,1772045102497332.8,-587706148713381.75,-966805565973691.88
0_11:30210331331,1,796,0.076295291102295826,0.017893936957749618,7.9598357213501691e-10,10092307.442490613,25879326.531885657,25957984.497712057,0.0036809782703240575,49097478.346767373,-78657.9695073779,-1237166.3481169185,1756173772377597.2,-960347481897399.75,-591320085900471.62
0_11:30210331331,2,796,0.26540580605382974,0.0094674392110051936,8.3644254891317282e-10,9674491.0118867289,25884839.537520118,26029654.224618066,0.0038680783808960331,49176737.511334933,-144814.69096602642,-1176031.8096230277,1651092232379389.2,-1003439688744052.9,-617853489626234.88
0_11:30210331331,3,796,0.21473379629233391,0.022782049212556159,8.2560159875887672e-10,9786444.5870514903,25848021.539156895,25991976.509228323,0.0038179450573645,49119804.366314828,-143954.97388937257,-1251436.8136763566,1760025772767402,-990812264472177.25,-610078335584705.38
0_11:30210331331,4,796,0.40384431124386783,0.031394263335106386,8.6606057553703262e-10,9368628.1564476043,25856617.051049314,26056645.628642291,0.0040050451679364751,49191668.8064088,-200028.58159802156,-1206903.0972784203,1654791835408559.2,-1036514163045825.5,-638218619283883.75
0_11:30210331331,5,796,0.59295482619540174,0.016671385814116944,9.0651955231518873e-10,8950811.7258437201,25867868.934279714,26111319.998090755,0.0041921452785084511,49252384.293445691,-243451.06800318669,-1162369.3808804841,1557787978866379.2,-1086236830070107.8,-668834633060385
0_11:30210331331,6,796,0.54228281643390597,0.015511125136071445,8.9567860216089253e-10,9062765.3010084815,25827851.031862445,26102972.505007949,0.004142011954976918,49247258.588792555,-275121.47728751553,-1204572.7407419034,1671572713279512.5,-1072706750029420.1,-660503681771698.88
0_11:30210331331,7,796,0.73139333138543983,0.021419030412727261,9.3613757893904864e-10,8644948.8704045974,25845822.428846527,26140031.470017027,0.004329112065548894,49280308.333231717,-294209.04549961229,-1176639.846439922,1572374418807446,-1125306102565328.4,-692890973086703.75
0_11:30210331331,8,796,0.92050384633697369,0.011408382465143314,9.7659655571720444e-10,8227132.4398007123,25859808.755729787,26172305.760531202,0.0045162121761208691,49311895.840106972,-312497.00931762706,-1148706.9521379403,1480778046589774,-1183212905023570.5,-728546250003947.25
0_11:30210331332,0,796,0.24463145953400439,0.023672071945355585,8.3199801126468517e-10,9720389.3762017228,25779230.609880943,25989584.355069652,0.0038475248832128607,49106805.717637338,-210353.74903623422,-1335976.9950216284,1928820323305186.2,-997281378339794.25,-614061598976349.25
0_11:30210331332,1,796,0.43374197448553831,0.032956263406680737,8.7245698804284118e-10,9302572.9455978386,25804062.475976489,26060415.300309777,0.0040346249937848362,49191557.810795069,-256352.82836791276,-1275775.7111910912,1803955423841553.5,-1043871831813628.1,-642748997516571.25
0_11:30210331332,2,796,0.62285248943707217,0.017763930594583976,9.1291596482099719e-10,8884756.5149939526,25825101.339819733,26121811.337299675,0.0042217251043568122,49266163.570311293,-296710.0017016668,-1215574.427360554,1689270797346933.8,-1094618794224178.5,-673995706377104.88
0_11:30210331332,3,796,0.57218047967557639,0.041113622960351481,9.0207501466670109e-10,8996710.090158714,25769469.445564188,26110507.383288775,0.0041715917808252791,49255139.344217554,-341037.94189617835,-1291264.4414491428,1857055455964558.5,-1080755645221316.8,-665459672687479.38
0_11:30210331332,4,796,0.76129099462711025,0.0573077035583716,9.4253399144485689e-10,8578893.6595548298,25791267.701285806,26151698.611389276,0.0043586918913972542,49297175.024636686,-360430.91446216201,-1251176.8684699391,1736193965280967.8,-1134358774852263.5,-698465025245161.12
0_11:30210331332,5,796,0.95040150957864422,0.030945549802597394,9.829929682230129e-10,8161077.2289509447,25806732.518718608,26188731.755119093,0.0045457920019692294,49338913.322011083,-381999.24094627704,-1211089.2954907357,1625137103863004.2,-1193443268060637.8,-734845448225324
0_11:30210331332,6,796,0.89972949981714834,0.027824353690056921,9.721520180687168e-10,8273030.8041157061,25775352.467441402,26200812.063068483,0.0044956586784376971,49368450.17504707,-425459.60012273933,-1246551.8878766571,1802322015652029,-1177997961435132.8,-725335223840179.5
0_11:30210331333,0,796,0.73291270953400123,0.016306214589385404,9.3646264010894513e-10,8641591.9912012797,25834816.626610789,26144082.071822591,0.0043306152914254102,49287679.538144901,-309265.44954241696,-1191231.7016349977,1628010924765368.2,-1125911619988248.8,-693263811690734.88
0_11:30210331333,1,796,0.92202322448553509,0.02254357510598835,9.7692161688710093e-10,8223775.5605973946,25847325.824721877,26169889.12070046,0.0045177154019973853,49307138.368342973,-322563.30049629882,-1167779.4112090133,1531576404179500,-1183581683418837,-728773319972347.25
0_11:30210332033,7,795,0.10065799830167368,0.50083490548629406,9.7782108570107074e-10,8227574.9009954752,26114392.623787783,27914978.042630475,0.0045218749415594593,52592124.114934877,-1800585.4233645669,2748748.9546882231,7338087927270537,-767060547488549.5,-1261852387241956.2
0_11:30210332033,8,795,0.28976851325320757,0.3500097815245089,9.3615260455796093e-10,8655129.6650820486,26273813.533678379,27923708.220484924,0.0043291815506220173,52641180.358226933,-1649894.6911357262,2730600.471095738,8107460295446695,-729848667248856,-1200637011131220
0_11:30210332112,8,795,0.063156396486719807,0.42469552791658438,9.8608416292056474e-10,8142788.5604740595,26040418.486661155,25433532.519094769,0.0045600870463763767,47912089.299610794,606885.96300629887,-2052136.429845535,9346396987778222,-706078082633086.25,-1161533228461451.2
0_11:30210332113,4,795,0.0347781113936107,0.88698138525144499,9.9233701479175268e-10,8078628.875904032,26001243.867117178,25309724.977289967,0.0045890029846835725,47675322.924542382,691518.88523820753,-2273942.9894986264,7835121480451011,-708168760749845,-1164972496953650.8
0_11:30210332113,5,795,0.22388862634514461,0.50063492073612903,9.5066853364864286e-10,8506183.6399906054,26099549.244756501,25146723.906426933,0.0043963095937461297,47394963.391946241,952825.33393325889,-2475385.0043955334,7237428077699343,-668618234989713.88,-1099909933756394.1
0_11:30210332113,6,795,0.17321661658364879,0.40532414429629787,9.6183356952077018e-10,8391620.6862335317,26158714.421571329,25257879.417979162,0.0044479416322346305,47596522.919191152,900834.99914422538,-2233212.70351741,8997915039126451,-680628548726206.88,-1119667491500093.1
0_11:30210332113,7,795,0.3623271315351827,0.58807377751555856,9.2016508837766037e-10,8819175.4503201041,26355636.601407509,25173514.734145306,0.0042552482412971876,47469907.319009304,1182121.863006955,-2303670.4146215157,8327156755272679,-645908768403062,-1062551742516887.4
0_11:30210332113,8,795,0.55143764648671656,0.33370592314102959,8.7849660723455056e-10,9246730.2144066766,26283964.62239119,25168265.807648767,0.0040625548503597448,47500173.403915718,1115698.8106798688,-2374128.1257256218,7741249393487910,-616435707278412.5,-1014067105076943.6
0_11:30210332121,5,795,0.093054059728390079,0.80314574567346286,9.7949653231034795e-10,8210383.3653282905,26148378.279688559,26404028.473564796,0.0045296229438772651,49744407.923016272,-255650.19840585961,-308256.91306613223,10880841183850958,-727045530866033.5,-1196025713694518
0_11:30210332121,6,795,0.042382049966894229,0.49106013622980343,9.9066156818247547e-10,8095820.4115712177,26046468.691816647,27005493.714790918,0.0045812549823657667,50870594.511609532,-959025.02755552635,1070037.0458890211,10686134526474442,-754026703588683.38,-1240411071958784
0_11:30210332121,7,795,0.23149256491842815,0.79811919984262569,9.4899308703936545e-10,8523375.1756577902,26526514.266059384,26686896.346819729,0.004388561591428323,50299093.024861321,-160382.08514890645,511775.06703248771,10876111321959404,-708156633812116,-1164952547543694.2
0_11:30210332121,8,795,0.42060307986996209,0.50673318007953727,9.0732460589625574e-10,8950929.9397443626,26856245.630886104,26424343.61235692,0.004195868200490881,49840719.042200878,431902.01433331595,-46486.911824045746,11075762865613006,-668185305280707.25,-1099197743058271.6
0_11:30210332122,2,795,0.12295172297006031,0.47199232181013573,9.7290890170013116e-10,8277978.1701825215,26120379.200481817,27282536.268885642,0.0044991588413781543,51403918.191550136,-1162157.072902984,1411870.5869091577,10358170024219174,-745165476853084,-1225833917460591.8
0_11:30210332122,3,795,0.072279713208564481,0.6246384148659524,9.8407393757225868e-10,8163415.2164254477,25991985.314159241,27751246.497277737,0.004550790879866656,52279522.424496204,-1759261.187669287,2248174.8128452031,8803152065917035,-768494040694973.38,-1264210554182680.5
0_11:30210332122,4,795,0.26139022816009838,1.0789062399743838,9.4240545642914866e-10,8590969.9805120211,26300270.898656104,27527336.430763159,0.0043580974889292122,51888586.274569996,-1227065.5364651526,1842933.3547607998,9445998703377198,-724787034772079.75,-1192310376362852
0_11:30210332122,5,795,0.4505007431116323,0.72859530462462718,9.0073697528603885e-10,9018524.7445985936,26564154.90522762,27296773.29697226,0.0041654040979917694,51493000.0392735,-732618.39591004385,1437691.8966763967,10148248882405936,-685162322640105.88,-1127125772929375.2
0_11:30210332122,6,795,0.39982873335013658,0.37062474926364897,9.1190201115816627e-10,8903961.7908415217,26402814.41410736,27808893.174970496,0.0042170361364802702,52447571.842507206,-1406078.7650801726,2565048.9673617766,8534254123531431,-706842864093809.12,-1162791331638692.5
0_11:30210332122,7,795,0.58893924830167044,0.6453610532368983,8.7023353001505646e-10,9331516.5549280923,26645354.599792998,27490943.074949253,0.0040243427455428273,51893501.947012506,-845588.47918059782,2014281.0869027062,9213791002045430,-667331349775234.88,-1097792944184562.5
0_11:30210332122,8,795,0.77804976325320441,0.43942729458102703,8.2856504887194654e-10,9759071.3190146647,26841704.432917167,27140006.425856762,0.0038316493546053845,51284749.182697333,-298301.99677124451,1463513.2064436357,9961158420163216,-630609520486459.25,-1037383726028775.6
0_11:30210332123,0,795,0.23301194306698927,0.48477842743635319,9.4865830830033681e-10,8526810.2959419936,26303274.854210895,27114843.541518487,0.0043870134272364098,51105949.442583121,-811568.69169460586,1173391.1293675471,10628900361893578,-719226431254330.12,-1183162909651975.2
0_11:30210332123,1,795,0.42212245801852322,0.79315084262172153,9.0698982715722679e-10,8954365.060028566,26600863.984950423,26830285.77504741,0.0041943200362989661,50606724.937261447,-229421.79429130707,613573.49502924702,10886499322328744,-678194424975545.62,-1115663238021445.8
0_11:30210332123,2,795,0.61123297297005708,0.5069505313790218,8.6532134601411698e-10,9381919.8241151385,26764984.661262959,26584089.708746288,0.0040016266453615232,50187424.633929752,180894.94851504461,53755.860690947004,11156601476146482,-641924530747722.88,-1055997475303966.8
0_11:30210332123,3,795,0.5605609632085613,0.7525766069047779,8.764863818862444e-10,9267356.8703580666,26766137.548592571,27025028.118386324,0.004053258683850024,51006744.4916545,-258890.57384701201,1169470.1302253103,10460905090470178,-660469089886801.12,-1086504188622246.1
0_11:30210332123,4,795,0.74967147816009516,1.2449843343340421,8.3481790074313459e-10,9694911.6344446391,27193853.336938962,26701769.896944802,0.0038605652929125812,50448155.652871862,492083.43613359478,652969.72135538631,10822413215850044,-624427782067837.62,-1027214461807870.6
0_11:30210332123,5,795,0.93878199311162902,0.80467288355409583,7.9314941960002467e-10,10122466.398531212,27546278.412477661,26344644.663168781,0.0036678719019751379,49833001.885424875,1201633.7456410085,136469.31248546246,11200205927555534,-590760547981132.62,-971830203233711
0_11:30210332123,6,795,0.88810998335013336,0.45643941135626387,8.0431445547215209e-10,10007903.444774138,27012073.960182752,26857754.196743753,0.0037195039404636391,50786419.269538388,154319.75971949572,1165549.1310830736,10318056974009826,-608955091665833.75,-1001761123887221.5
0_11:30210332123,7,796,0.077220498301667148,0.76341180529035435,7.9618151425687062e-10,10090263.310942935,27276153.619257502,26706161.555487428,0.0036818936417900429,50512292.589841977,569992.0600881807,692365.94768152572,10721784810666060,-988221429555757.38,-608483066419939.62
0_11:30210332123,8,796,0.26633101325320108,0.498928246412084,8.3664049103502652e-10,9672446.8803390488,27101532.873561628,26494053.94220015,0.003868993752362018,50053848.827850781,607478.9274924841,219182.76427997794,11048712703919994,-1021552782312783,-629006365274769.25
0_11:30210332130,1,795,0.064675774635280944,0.73735550715019693,9.8574938418153589e-10,8146223.680758263,26109082.752474379,25707960.35879492,0.0045585388821844618,48429258.072163999,401122.38912091975,-1395087.6189735059,10052125469359496,-713398618524500.12,-1173575870624075.5
0_11:30210332130,2,795,0.25378628958681487,0.43550956225207371,9.4408090303842608e-10,8573778.4448448364,26304028.845879301,25465515.855813388,0.0043658454912470189,48000788.386196196,838512.98570006818,-1930280.488168072,9609846971897744,-671826132441679.75,-1105187083091011.5
0_11:30210332130,3,795,0.20311427982531904,0.79320283820147397,9.5524593891055339e-10,8459215.4910877626,26337554.940534864,26178163.180683505,0.0044174775297355197,49335512.01804731,159391.75543388131,-568715.95723764726,10783385752582054,-699858643258093.88,-1151301944310107.5
0_11:30210332130,4,795,0.39222479477685296,1.2113772523177415,9.1357745776744368e-10,8886770.2551743351,26669130.538046118,25920277.857697912,0.0042247841387980769,48884085.206341095,748852.67612342222,-954182.53743876098,10398011634000550,-660091771141025.75,-1085883480698123.5
0_11:30210332130,5,795,0.58133530972838687,0.72291867085922912,8.7190897662433377e-10,9314325.0192609075,26789599.439490378,25728236.58866246,0.004032090747860634,48564242.254321881,1061362.8467958267,-1339649.1176398746,10043594941318824,-625670973735193,-1029259573342270.2
0_11:30210332130,6,795,0.5306632999668911,0.50373701557738981,8.8307401249646119e-10,9199762.0655038338,26951641.22686759,26222480.892850257,0.0040837227863491348,49484797.822592638,729160.32993360981,-277537.16469635442,11046031416040188,-645469884071297.25,-1061829756170993.5
0_11:30210332130,7,795,0.71977381491842496,0.77748577217200932,8.4140553135335127e-10,9627316.8295904081,27147414.416427091,26154005.324492309,0.0038910293954116919,49404707.990552276,993409.08804375213,-513277.45590401604,10772049501720332,-615805908264193.12,-1013031054673650.8
0_11:30210332130,8,795,0.90888432986995893,0.46885181200507509,7.9973705021024146e-10,10054871.593676981,27183540.147469167,26104720.581136215,0.0036983360044742491,49369241.013610438,1078819.5626346152,-749017.74711167766,10520452285833202,-589197236040459,-969258478080068.62
0_11:30210332131,0,795,0.36384650968374382,0.41676192308854521,9.1983030963863162e-10,8822610.5706043076,26244178.288798444,25343867.000938099,0.0042537000771052736,47791435.430476144,900311.28360664507,-2087795.6727539962,9278705409636742,-650030514147992.88,-1069332217311053.2
0_11:30210332131,1,795,0.55295702463527774,0.60690837500808692,8.7816182849552171e-10,9250165.33469088,26249693.613926671,25425772.730204303,0.0040610066861678307,47986525.70391573,823920.87966136192,-2093902.4237763518,8628944735043036,-622516104807652.5,-1024069658542602
0_11:30210332131,2,795,0.74206753958681171,0.34565045899875757,8.364933473524119e-10,9677720.0987774543,26123293.76712051,25519436.939478587,0.0038683132952303878,48212211.083856046,603856.82377360971,-2100009.1747987075,8059109048241358,-597812196509282.62,-983430512437946.38
0_11:30210332131,3,795,0.69139552982531594,0.69536059221139246,8.4765838322453921e-10,9563157.1450203806,26789428.418717343,25661815.931430895,0.0039199453337188878,48467202.409944117,1127612.4833665031,-1427359.5284923704,9750784035851320,-608173425102693.12,-1000475243884716.1
0_11:30210332131,4,795,0.88050604477684979,1.0200502814101204,8.059899020814293e-10,9990711.9091069531,26935628.06566032,25826603.457646135,0.0037272519427814449,48834151.942133754,1109024.6042869331,-1343309.0448303623,9144027807095818,-586553989897104.25,-964910207963738.75
0_11:30210332131,5,796,0.069616559728383612,0.58513516821406819,7.9455470056944629e-10,10107063.278274391,26745128.932396989,25985401.911746375,0.0036743705395013704,49151474.681764022,759727.01697624347,-1259258.5611683547,8548788981106647,-960000047100497.25,-591106157944370.5
0_11:30210332131,6,796,0.018944549966887794,0.45332631157240899,7.8371375041515019e-10,10219016.853439152,27208282.745926134,26253991.493613668,0.0036242372159698373,49676258.057086661,954291.24868822924,-766923.38423074456,10264530737368698,-959620342439510.5,-590872360285727.25
0_11:30210332131,7,796,0.20805506491842171,0.6699338195678447,8.241727271933062e-10,9801200.4228352662,26904108.628093027,26576571.265715435,0.0038113373265418128,50226540.617127292,327537.35856625409,-592715.66588437313,9540603587820792,-1011611326983985.6,-622885057800327.12
0_11:30210332131,8,796,0.3971655798699556,0.38709589770001418,8.6463170397146211e-10,9383383.9922313821,26620274.698476627,26790607.764177803,0.0039984374371137884,50578984.569638319,-170333.06969961291,-418507.94753800158,8874209965115068,-1064070256412713.1,-655185885616061.5
0_11:30210332132,0,795,0.72129319306698614,0.50589294383084482,8.4107075261432242e-10,9630751.9498746116,26863519.008691311,26435079.703904349,0.003889481231219777,49936088.962219886,428439.30089748028,-159106.51304544858,11170687867725964,-622207306721200,-1023561670478502.4
0_11:30210332132,1,795,0.91040370801851989,0.78586882644098122,7.9940227147121261e-10,10058306.713961184,27263810.90267811,26417045.632616714,0.0036967878402823346,49960414.980373375,846765.26636460819,-330788.65356936154,10966877373153832,-596048969470141.12,-980529917099188.62
0_11:30210332132,2,796,0.09951422297005387,0.47694228217378964,8.0095111307525475e-10,10041008.067424623,27255755.323964745,26330136.945711307,0.0037039503653497311,49793926.106662698,925618.37454948726,-502470.79409327451,10686277748963250,-978946011185335.25,-602771861579037.25
0_11:30210332132,3,796,0.048842213208558041,0.80835210506603872,7.9011016292095865e-10,10152961.642589383,27632147.529113799,26262317.925521549,0.003653817041818198,49682053.940483809,1369829.5999384334,-43299.35734815726,11245500806665614,-965976326707096.5,-594785965760763.62
0_11:30210332132,4,796,0.23795272816009194,1.2703244041409911,8.3056913969911466e-10,9735145.2119855005,27503189.299175423,26402640.184353199,0.0038409171523901739,49889172.445327163,1100549.1109813065,-144572.48544639748,11002843113060474,-1011634315822480.5,-622899212845464.25
0_11:30210332132,5,796,0.4270632431116258,0.77985301825019249,8.7102811647727056e-10,9317328.7813816145,27268907.274972729,26517362.260253798,0.0040280172629621486,50055714.893380612,751545.01069091388,-245845.61354463772,10769141007691340,-1060527499480195.9,-653004484224222
0_11:30210332132,6,796,0.37639123335013003,0.50454838105408428,8.6018716632297446e-10,9429282.3565463759,27126137.771169931,26501433.985376887,0.0039778839394306164,50038299.668711022,624703.78181515972,72507.798349134027,11114927532822172,-1047571295061938.1,-645026888558107.75
0_11:30210332132,7,796,0.56550174830166389,0.80213435684661072,9.0064614310113047e-10,9011465.9259424917,27177694.015174203,26560688.410700668,0.0041649840500025915,50105788.070966505,617005.60030855087,41643.682676566525,10989924603873674,-1097620321296214.1,-675843853302592.88
0_11:30210332132,8,796,0.75461226325319786,0.49814355934986548,9.4110511987928627e-10,8593649.4953386057,27068762.862040911,26666902.363232456,0.0043520841605745667,50269509.571194716,401860.49445637054,10779.567003999027,10873393573400230,-1154746616973615,-711018544447089.75
0_11:30210332133,0,796,0.20957444306698284,0.46266190548944075,8.2449778836320269e-10,9797843.5436319504,27162685.18925444,26492024.094719287,0.003812840552418329,50066309.978815824,670661.0907223128,-506099.85300253722,10376722464065056,-1008729612856994.9,-621110683964571.38
0_11:30210332133,1,796,0.39868495801851678,0.6870534660288391,8.6495676514135859e-10,9380027.1130280644,27103334.027961358,26712316.212490868,0.0039999406629903046,50430791.350681752,391017.81147054996,-346888.94320150843,9679539465236248,-1061332286642320.6,-653500020290916.12
0_11:30210332133,2,796,0.58779547297005064,0.39888078225027035,9.054157419195146e-10,8962210.6824241802,26969186.459490947,26893506.063684355,0.0041870407735622797,50728867.832196072,75680.391619551185,-187678.03340047962,9038119864121920,-1117376948134641.5,-688008710814501.62
0_11:30210332133,3,796,0.53712346320855475,0.76109893686134944,8.945747917652184e-10,9074164.2575889416,27149889.212573834,26703727.305763211,0.0041369074500307466,50381812.719056614,446161.9026737152,-270218.10404892312,10516009302492862,-1096041098804277.5,-674871469871396.62
0_11:30210332133,4,796,0.72623397816008872,1.1407645852245818,9.3503376854337451e-10,8656347.8269850574,26978353.152962875,26832864.093519285,0.0043240075606027226,50587394.021591932,145489.05511958175,-252700.83662145864,9884720356706268,-1153632003238598.2,-710332237144827
0_11:30210332133,5,796,0.91534449311162258,0.6683448273916196,9.7549274532153031e-10,8238531.3963811714,26712970.026318576,26962659.582168631,0.0045111076711746977,50801739.49548924,-249689.56036116273,-235183.56919399419,9299994811599724,-1217274344176392.5,-749519089007957.12
0_11:30210332133,6,796,0.86467248335012681,0.48914144369950163,9.6465179516723421e-10,8350484.9715459337,26977555.594788238,26763800.78464333,0.0044609743476431646,50434369.26328972,213754.80568393439,-34336.355095308951,10672705519484394,-1192269905149437,-734122966966693.75
0_11:30210332201,8,795,0.15893394663645308,0.15601981947475535,9.649806032196658e-10,8359329.3904197328,25902447.635592144,27947218.847269405,0.0044624949007531509,52662010.299691789,-2044771.2161397557,2798793.8998691775,4351656532419501.5,-755973852215560.38,-1243614227369636.5
0_11:30210332202,5,795,0.1888316098781232,0.15718581444277038,9.5839297260944922e-10,8426924.1952739656,25808511.350442328,27731108.956222374,0.004432030798254041,52259754.073201559,-1922597.6102120772,2390574.3428883511,3244246695417159.5,-744181815407087.75,-1224215745925199.5
0_11:30210332202,6,795,0.13815960011662737,0.06964264493079457,9.6955800848157654e-10,8312361.2415168909,25870771.31672081,27620789.433887783,0.0044836628367425418,52043593.176782452,-1750018.1216506364,2250757.6120603243,2675396433985418,-751317740507296,-1235954694242069
0_11:30210332202,7,795,0.32727011506816128,0.12747971459765128,9.2788952733846672e-10,8739916.0056034643,25827000.053105421,27617068.99824981,0.0042909694458050989,52070513.956715353,-1790068.9494353582,2300966.1647091331,2928471112516333.5,-714933067133513.38,-1176100114175282.5
0_11:30210332202,8,795,0.51638063001969525,0.090949766035776855,8.8622104619535681e-10,9167470.7696900368,25747509.463990401,27610628.117706835,0.0040982760548676561,52100830.799261883,-1863118.6578147099,2351174.7173579424,3211172041120191.5,-681986682110871.12,-1121901687821677.9
0_11:30210332203,1,795,0.16045332478501409,0.20930363152177578,9.6464582448063716e-10,8362764.5107039381,25850220.461587939,27866286.772555549,0.0044609467365612377,52509755.455689304,-2016066.3154285559,2618707.7545975158,3865580338169804.5,-753478574162126.5,-1239509372050369.8
0_11:30210332203,2,795,0.34956383973654798,0.14929370999507569,9.2297734333752735e-10,8790319.2747905105,25792113.013588008,27921204.604997341,0.0042682533456237948,52648555.676542222,-2129091.5956775863,2734812.352568984,4284595002685240,-718724734639740,-1182337594006601
0_11:30210332203,3,795,0.2988918299750522,0.16978765743922142,9.3414237920965467e-10,8675756.3210334368,25769418.409036953,27742742.370338287,0.0043198853841122957,52301805.692263596,-1973323.9656212195,2408410.3899499183,3431567019718322.5,-723419342655187.62,-1190060455455874.2
0_11:30210332203,4,795,0.48800234492658606,0.31029853684325748,8.9247389806654485e-10,9103311.0851200093,25740018.300890259,27670458.014993127,0.0041271919931748528,52206791.279987685,-1930439.7182300601,2377857.0395700959,3783245836806307.5,-688190061726556.25,-1132106552877832
0_11:30210332203,5,795,0.67711285987811998,0.22134721461371909,8.5080541692343494e-10,9530865.8492065817,25706313.719485633,27558813.702276122,0.0039344986022374091,52045922.652814828,-1852499.9867249874,2347303.6891902732,4178162713017086,-655292404897308.88,-1077988286802790.4
0_11:30210332203,6,795,0.6264408501166242,0.098255542587708175,8.6197045279556236e-10,9416302.8954495098,25688534.993803225,27550884.618838668,0.0039861306407259108,52016748.967543058,-1862349.6290215731,2314217.623273789,3389967602814008.5,-662893200645472.38,-1090491970235813.9
0_11:30210332203,7,795,0.81555136506815806,0.17965126744148741,8.2030197165245244e-10,9843857.6595360823,25654699.877531886,27370606.964226872,0.003793437249788467,51732310.602495022,-1715907.0904884229,2137006.3245426756,3726500368903747.5,-630633925460315,-1037423873412996.1
0_11:30210332203,8,796,0.0046618800196920043,0.12817829539126668,7.8065806516215535e-10,10250572.656554384,25638755.560240347,27141007.272498012,0.0036101063828584776,51359613.830228023,-1502251.7158677711,1959795.0258115621,4098997492128419,-989084299510196.62,-609014366126762.38
0_11:30210332210,4,795,0.13055566154334397,0.52702801274556021,9.7123345509085395e-10,8295169.7058497071,25904125.072954025,27953408.193498895,0.0044914108390603485,52669117.781953447,-2049283.1250362804,2688993.3486141106,5297548730426312,-761923813772210,-1253402207234900.2
0_11:30210332210,5,795,0.31966617649487788,0.37422250186949313,9.2956497394774404e-10,8722724.4699362796,25908511.069028694,27970536.7807271,0.0042987174481229056,52735410.890815847,-2062025.7159971229,2702512.9705694462,5896581147466610,-725489212056347,-1193465492585842
0_11:30210332210,6,795,0.26899416673338206,0.16829228157358628,9.4073000981987145e-10,8608161.5161792058,25912102.562602781,27973260.518715803,0.0043503494866114064,52730587.133729085,-2061157.9604633714,2813565.6372363269,4623631437924432,-735077245072330.25,-1209238279218899.5
0_11:30210332210,7,795,0.45810468168491597,0.30618602440284232,8.9906152867676164e-10,9035716.2802657783,25933430.931294829,27870074.075865906,0.0041576560956739636,52576265.493961282,-1936643.1487287332,2710057.1691636788,5126086824634064,-698245150677129.88,-1148647669531209.5
0_11:30210332210,8,795,0.64721519663644989,0.21772797268267965,8.5739304753365173e-10,9463271.0443523508,25891317.438664801,27747472.06931325,0.0039649627047365207,52393695.818358891,-1856154.6346134117,2606548.7010910301,5696564534232792,-664383035063341.5,-1092942821244823.2
0_11:30210332211,0,795,0.10217737645023468,0.26943484237774756,9.7748630696204189e-10,8231010.0212796796,25951343.375977907,28042768.393701453,0.0045203267773675452,52833111.410925329,-2091425.0222438723,2812872.1876610261,6510147405563014,-770253776401098,-1267105406106636.8
0_11:30210332211,1,795,0.29128789140176858,0.48253557704383992,9.3581782581893187e-10,8658564.7853662521,26077773.744569402,27983981.122496441,0.0043276333864301015,52755102.887822025,-1906207.3822546722,2731792.5932851071,7183807016089710,-731137976870941.38,-1202757988972994.2
0_11:30210332211,2,795,0.4803984063533025,0.3380241667596634,8.9414934467582217e-10,9086119.5494528245,26134075.481563672,27916724.569601085,0.0041349399954926595,52669588.901800759,-1782649.0921723526,2650712.9989091875,7944802421804732,-695604304795903.62,-1144303347964321.2
0_11:30210332211,3,795,0.42972639659180689,0.40171514038609274,9.0531438054794948e-10,8971556.5956957527,25928078.91503375,27898166.368807554,0.0041865720339811594,52622671.356760211,-1970087.4579603761,2618989.1370318471,6260462121358943,-703859325389296,-1157883263495903.2
0_11:30210332211,4,795,0.61883691154334075,0.72185344742686675,8.6364589940483967e-10,9399111.3597823232,26100756.256142698,27643201.456148371,0.0039938786430437166,52188962.864122421,-1542445.2039995515,2318440.5566188488,6909703120813895,-666304352641089.62,-1096103483307380.4
0_11:30210332211,5,795,0.80794742649487472,0.50734017197779191,8.2197741826172975e-10,9826666.1238688976,26308303.834203038,27298188.772657536,0.0038011852521062737,51593017.85467732,-989884.94225568289,2017891.9762058516,7640484463003593,-630036210419500,-1036440602726461.2
0_11:30210332211,6,795,0.75727541673337884,0.2340500577920902,8.3314245413385727e-10,9712103.1701118238,25857948.583927494,27545987.021257825,0.0038528172905947749,52045476.366558969,-1688038.4411831489,2425106.0864026672,6043103728585507,-643058495095783,-1057862902517414.1
0_11:30210332211,7,795,0.94638593168491281,0.42200073009905709,7.9147397299074736e-10,10139657.934198396,26091421.433885597,27198551.914637312,0.0036601238996573316,51450903.568952702,-1107130.4844118394,1905088.5199525913,6675219396853259,-608906319114163.38,-1001680890637110.2
0_11:30210332211,8,796,0.1354964466364465,0.29758259576155577,8.0864927809859094e-10,9961509.7684467155,26096377.395993475,26789128.737249061,0.003739550067610248,50650457.975628309,-692751.34499513661,1385070.9535025153,7263743041375768,-1003732295678997.8,-618033658118544.38
0_11:30210332212,0,795,0.45962405983347698,0.16107857788645974,8.987267499377328e-10,9039151.4005499817,25756820.631973095,27890378.290408034,0.0041561079314820486,52614927.190430358,-2133557.6625910467,2722304.0365009778,4547785254909082,-698493054756639.62,-1149055483954152.2
0_11:30210332212,1,795,0.64873457478501084,0.29327687710854022,8.5705826879462288e-10,9466706.1646365561,25784679.105741922,27721931.061789099,0.0039634145405446058,52345895.386724509,-1937251.9600105919,2563214.7145172562,5036533479868676,-663536037054802.38,-1091549467796306.5
0_11:30210332212,2,795,0.83784508973654481,0.20867805523815053,8.1538978765151307e-10,9894260.9287231285,25841406.462045867,27484653.722123217,0.0037707211496071629,51955089.096801274,-1643247.263848071,2404125.3925335356,5588533779275194,-630123263676959.75,-1036583809623364.6
0_11:30210332212,3,795,0.78717307997504893,0.23888610372089936,8.2655482352364049e-10,9779697.9749660548,25708974.854007334,27404734.746325284,0.0038223531880956642,51787833.041626073,-1695759.8961403039,2270592.3949222835,4425112485519028,-635452475009516.62,-1045350624790852
0_11:30210332212,4,795,0.9762835949265829,0.43533222035883978,7.8488634238053057e-10,10207252.739052627,25896440.673102003,27123669.866452534,0.0036296597971582209,51319860.59473145,-1227229.1969801909,2037528.0213171511,4890624407249296,-603333414703161.38,-992513188350871.75
0_11:30210332212,5,796,0.16539410987811681,0.3099704043296137,8.1504569060439939e-10,9895454.557596948,25887149.880815204,26837206.78970224,0.0037691298934586087,50732038.621471018,-950056.91265616601,1804463.6477120188,5265508257251640,-1012059981120511.8,-623161310102281.5
0_11:30210332212,6,796,0.11472210011662098,0.13838395892833633,8.0420474045010329e-10,10007408.132761711,25582901.698533244,27001911.997119937,0.0037189965699270756,51059414.072352894,-1419010.3023056893,1818880.7533435889,4236916746661855,-1007195789237851.8,-620166254233328.75
0_11:30210332212,7,796,0.3038326150681549,0.25244123129859436,8.446637172282592e-10,9589591.7021578252,25657489.878360033,26759513.625810646,0.0039060966804990512,50544906.206050806,-1102023.7513567091,1511841.3281170453,4516956478567131,-1040487734759129.6,-640665288652142.38
0_11:30210332212,8,796,0.49294313001968881,0.17989160343471,8.8512269400641521e-10,9171775.2715539411,25751673.232170187,26459781.835116696,0.0040931967910710267,49931459.244244106,-708108.6070397055,1204801.9028905018,4854701626657173,-1074683398712836.1,-661720774637880.25
0_11:30210332213,0,795,0.94790530983347376,0.22446600268891953,7.9113919425171851e-10,10143093.0544826,25948740.987094399,27209353.311339401,0.0036585757354654171,51471871.461995155,-1260612.3279035778,2204739.9831855423,5924386013319513,-608948168085621.12,-1001749734256705
0_11:30210332213,1,796,0.13701582478500771,0.40537436785252834,8.0897433926848742e-10,9958152.8892433997,26163345.929045003,26823031.192059789,0.0037410532934867638,50714079.018354416,-659685.26675583923,1678643.0062065108,6418325591520088,-1005331845782859.8,-619018557983069.5
0_11:30210332213,2,796,0.32612633973654159,0.28630368640169929,8.4943331604664343e-10,9540336.4586395137,26256536.591563173,26397510.802924808,0.0039281534040587398,49855152.088239312,-140974.21528978887,1152546.0292274796,6949193819514251,-1031587428415190,-635185053621546.25
0_11:30210332213,3,796,0.27545432997504576,0.33369633134347088,8.3859236589234723e-10,9652290.033804277,25955696.583196603,26657333.104465377,0.0038780200805272062,50359758.210660785,-701636.52514679392,1641336.7550747604,5494642964268220,-1029942453361100.1,-634172184000264.25
0_11:30210332213,4,796,0.46456484492657968,0.60395094753351242,8.7905134267050324e-10,9234473.6032003909,26171978.608173929,26428336.372611184,0.0040651201910991818,49878697.15892262,-256357.7685023747,1313816.9204726717,5935691550432026,-1066258837028962,-656533472507676.38
0_11:30210332213,5,796,0.65367535987811365,0.42742690197001926,9.1951031944865925e-10,8816657.1725965068,26294886.679594222,26227136.307599772,0.0042522203016711578,49458789.581947185,67750.367742230388,986297.08587058354,6459697720931029,-1107386478206660.6,-681857223308825.25
0_11:30210332213,6,796,0.60300335011661776,0.19383188437861312,9.0866936929436304e-10,8928610.7477612682,25893957.039501917,26329202.191766836,0.0042020869781396238,49661306.146706305,-435245.15646700613,1077933.5269639783,5077639483909008,-1097978749093571.2,-676064550039885.75
0_11:30210332213,7,796,0.79211386506815173,0.35160558866507569,9.4912834607251905e-10,8510794.3171573821,26171059.205772325,26211648.147685207,0.0043891870887115998,49405083.231765479,-40588.946302069118,948990.83473883301,5508971623992163,-1145938279421240.2,-705594937871040.88
0_11:30210332213,8,796,0.98122438001968559,0.24936531135135173,9.8958732285067506e-10,8092977.886553498,26290468.130317669,26161452.400313199,0.0045762871992835758,49283670.1871057,129015.72542818359,820048.14251368772,6019680651955756,-1202138138238395.5,-740199188904944.5
0_11:30210332220,0,795,0.32878949321672229,0.066588008007321717,9.2755474859943788e-10,8743351.1258876678,25789873.45729984,27579814.287796389,0.0042894212816131849,52000578.778182834,-1789940.8347859709,2206439.0691217096,2676517899658025,-713692342230093.75,-1174059060589074
0_11:30210332220,1,795,0.51790000816825621,0.12190553319544925,8.8588626745632796e-10,9170905.8899742402,25726067.275941845,27536991.884394623,0.0040967278906757412,51962255.527514145,-1810924.6125495061,2224076.8327647508,2925228337580920,-679917996504143.62,-1118498598091866
0_11:30210332220,2,795,0.70701052311979007,0.086971067640869787,8.4421778631321815e-10,9598460.6540608127,25661646.648207676,27469045.403581407,0.0039040344997382987,51885045.464021757,-1807398.7592777656,2241714.5964077916,3201727255441445.5,-648666383661031.5,-1067088155460763
0_11:30210332220,3,795,0.65633851335829463,0.098672437883766506,8.5538282218534557e-10,9483897.7003037408,25709398.382076215,27355479.604151323,0.0039556665382267991,51656061.01414717,-1646081.2260307749,2010261.9410011303,2690542553528267.5,-653604757519022,-1075212023729312.8
0_11:30210332220,4,795,0.8454490283098286,0.18067524834171764,8.1371434104223565e-10,9911452.4643903133,25695639.37308614,27229936.422717076,0.0037629731472893562,51476058.973270953,-1534297.0533939095,1957608.6843786067,2932846487772466.5,-623230596852985.25,-1025245033154189.5
0_11:30210332220,5,796,0.034559543261362118,0.12888541733872011,7.8705447766796381e-10,10184517.445704617,25687659.942168426,27074858.686468929,0.0036396862087068388,51224064.279353581,-1387198.7479401894,1904955.4277560834,3169445655718364,-992872001607999,-611346588964909.12
0_11:30210332220,6,795,0.98388753349974079,0.05705526628163738,7.8321089577128097e-10,10224444.274719529,25659135.146225762,27102659.477882456,0.0036219117948405426,51282841.857096612,-1443524.3352786063,1814084.8128805512,2729385646582728.5,-601884487870595.38,-990129632334859
0_11:30210332220,7,796,0.17299804845127434,0.10450802162290614,8.1667250429179673e-10,9878654.5902657714,25616760.323120829,27002597.965115156,0.0037766529957471563,51042337.188238032,-1385837.6457709803,1691140.5359924631,2813150841412751,-1019981837221354.1,-628039078533335.38
0_11:30210332220,8,796,0.36210856340280823,0.074555109128765937,8.5713148106995263e-10,9460838.1596618854,25587969.293859676,26862814.917007457,0.0039637531063191319,50724356.885254063,-1274845.6271115351,1568196.2591043746,2906994769223105.5,-1058392181035872.2,-651689692745383.88
0_11:30210332221,0,795,0.81707074321671913,0.093961866289519261,8.199671929134236e-10,9847292.7798202857,25643710.441413011,27365802.799463905,0.0037918890855965525,51723716.424101688,-1722092.3618427832,2187345.6835832992,3376103665567781,-630309206397006.75,-1036889694557676.1
0_11:30210332221,1,796,0.0061812581682530029,0.171832615527513,7.8098312633205184e-10,10247215.777351068,25714299.989288874,27130514.672965534,0.0036116096087349938,51339224.611752197,-1416214.6872882696,1982869.6037431867,3699727600376869,-989015528496875,-608972021368983
0_11:30210332221,2,796,0.1952917731197869,0.12260439485439426,8.2144210311020774e-10,9829399.3467471823,25662844.415090598,26899526.100801188,0.003798709719306969,50840717.677694559,-1236681.6895093,1778393.5239030747,3894820283989152.5,-1021043815982217.5,-628692976610787
0_11:30210332221,3,796,0.1446197633582911,0.13924857454251494,8.1060115295591175e-10,9941352.9219119437,25666762.850497864,26984424.325018581,0.0037485763957754367,51016822.234455854,-1317661.4782692932,1845544.0859625444,3239805220291850,-1013042343438677,-623766185505521.12
0_11:30210332221,4,796,0.33373027830982499,0.25469597587698595,8.5106012973406755e-10,9523536.4913080595,25701879.791531201,26845893.955608089,0.003935676506347411,50699933.563286215,-1144014.1680125636,1694030.7612236526,3394274580335662.5,-1050917990435396.1,-647087567877853.62
0_11:30210332221,5,796,0.5228407932613589,0.18171388306052766,8.9151910651222356e-10,9105720.0607041735,25735124.772359435,26686162.651948404,0.004122776616919387,50351853.01298105,-951037.88371174561,1542517.4364847613,3586527444729990,-1091593271112028,-672132784236635.62
0_11:30210332221,6,796,0.47216878349973723,0.080559080927843058,8.8067815635790058e-10,9217673.6358692143,25611589.184284538,26776077.216710318,0.0040726432933877298,50533191.557792604,-1164488.0364984232,1503742.4883417897,2976969983818192,-1082218833426173.9,-666360609682987.75
0_11:30210332221,7,796,0.66127929845127109,0.14739785527364177,9.2113713313605648e-10,8799857.2052653283,25723076.431059282,26660514.401499305,0.004259743403959705,50274571.032457128,-937437.97469976603,1405191.9187041186,3128371971670281,-1127800896310020.8,-694427106287678.88
0_11:30210332221,8,796,0.85038981340280506,0.10516865036830458,9.6159610991421259e-10,8382040.7746614432,25804633.621127162,26556599.745346494,0.004446843514531681,50046059.070310347,-751966.12866617541,1306641.3490664479,3314795029980373.5,-1178636270741430.2,-725728253572589.62
0_11:30210332222,0,796,0.17451742660008743,0.054544164820745304,8.1699756546174709e-10,9875297.7110618986,25671334.735584855,26984353.032583397,0.0037781562216239219,51007381.546605475,-1313018.3007766979,1713761.9649222577,2605181054081139.5,-1019629798512315.1,-627822315784858.25
0_11:30210332222,1,796,0.36362794155162137,0.099926452105642202,8.5745654223990309e-10,9457481.2804580126,25683667.765493859,26876709.72824632,0.0039652563321958979,50750195.820725381,-1193041.9667177177,1587518.3315872122,2675486640533556,-1059307186581971.1,-652253094189462.88
0_11:30210332222,2,796,0.55273845650315523,0.071287168273000148,8.97915519018059e-10,9039664.8498541284,25697139.714506585,26753592.758312188,0.004152356442767873,50472460.844105318,-1056453.0479579594,1461274.6982521671,2770210635343257,-1102203630954283.1,-678665960000225.88
0_11:30210332222,3,796,0.50206644674153322,0.08080846761779123,8.8707456886373591e-10,9151618.4250191692,25703074.450039733,26870863.429127503,0.004102223119236215,50705087.457539864,-1167788.9831899931,1565180.4614121106,2396027611041672,-1093738044411645.9,-673453397406007.62
0_11:30210332222,4,796,0.69117696169306708,0.14808292069080062,9.2753354564189182e-10,8733801.9944152832,25730562.902532194,26804702.02729011,0.0042893232298081901,50540753.670936704,-1074139.129047239,1497889.6373860617,2469797569038882.5,-1142347035085686,-703383681061376.62
0_11:30210332222,5,796,0.88028747664460105,0.10563848671749222,9.6799252242004793e-10,8315985.5638113981,25741316.69500437,26748948.566196941,0.0044764233403801661,50404070.517211802,-1007631.8756689942,1430598.8133600126,2565937770374187,-1196496879831528.2,-736725665551559.12
0_11:30210332222,6,796,0.82961546688297938,0.046703411599145206,9.5715157226572474e-10,8427939.138976438,25744210.549115758,26799935.406923693,0.0044262900168485081,50507853.723044641,-1055724.8622342243,1416598.957901964,2213458239548181.5,-1183033955480300,-728436064408323.62
0_11:30210332223,0,796,0.66279867660008429,0.077031431668315747,9.2146219430600694e-10,8796500.3260614555,25716863.959605761,26696124.851985801,0.004261246629836471,50341428.724543899,-979260.89664128679,1402879.4105470714,2840732018428592,-1129731661977558,-695615947349797.5
0_11:30210332223,1,796,0.85190919155161815,0.14096321424457542,9.6192117108416284e-10,8378683.8954575704,25776306.612010967,26622640.77654843,0.0044483467404084461,50170282.954403989,-846334.16898581013,1328448.1239350596,2990807053996939.5,-1182035258294916.8,-727821131046617.38
0_11:30210332223,3,796,0.99034769674153,0.11415495854854771,9.9153919770799566e-10,8072821.0400187261,25748990.88328629,26728718.381079461,0.0045853135274487632,50351177.079547547,-979727.50237848505,1398065.8812026656,2635606412880506.5,-1231243609205465,-758120462107449.62
0_11:30210332230,0,796,0.30535199321671591,0.13238455468988169,8.4498877839815568e-10,9586234.8229545094,25698913.821933165,26750441.22709519,0.0039075999063755669,50527352.914681397,-1051527.4090696252,1634766.1142953858,4029693309266281.5,-1040490621386015.5,-640667066050938.5
0_11:30210332230,1,796,0.49446250816824983,0.24160352266054888,8.8544775517631159e-10,9168418.3923506234,25851855.487304348,26531060.689297084,0.0040947000169475421,50065618.94478859,-679205.20608743525,1345667.7969892204,4304823297646707,-1077965477534462.9,-663741667249481.62
0_11:30210332230,2,796,0.68357302311978374,0.17222200532609433,9.259067319544676e-10,8750601.9617467392,25942812.684661992,26318939.543227065,0.0042818001275195181,49626248.910827868,-376126.86284687358,1056569.4796830548,4637489821709799,-1119523480171689.2,-689330406901034.38
0_11:30210332230,3,796,0.63290101335828786,0.19623284165799418,9.150657818001715e-10,8862555.5369115006,25783631.860380605,26600667.815438226,0.0042316668039879849,50167281.8018388,-817035.9592892878,1453769.3318884352,3718899350272155,-1117432471556560.8,-688042898559289.62
0_11:30210332230,4,796,0.82201152830982183,0.35830477319538773,9.5552475857832751e-10,8444739.1063076165,25911179.059608944,26498258.144488744,0.0044187669145599609,49940496.139005482,-587079.08929856762,1300300.5341783152,3986507737888307,-1167417777090202,-718820628203060.25
0_11:30210332230,6,796,0.96045003349973401,0.11359485472146741,9.8514278520216033e-10,8138876.2508687712,25857406.284193523,26521843.731734693,0.0045557337016002781,49965193.147003062,-664437.45209690358,1272772.5494814843,3442981252047175,-1211888912141875.5,-746203087046906.62
0_11:30210332231,0,796,0.79363324321671269,0.18564007451917516,9.4945340724241554e-10,8507437.4379540663,26012625.363048606,26255585.498425644,0.004390690314588116,49487652.107196368,-242960.13976772857,952561.39235193259,4857526905636977,-1148306365358613.5,-707053052570462.75
0_11:30210332231,1,796,0.98274375816824666,0.33709671695357263,9.8991238402057155e-10,8089621.0073501812,26128417.30006592,26234756.735534146,0.004577790425160092,49421577.882952005,-106339.4400460171,884236.78360925359,5282147118445374,-1206002249746504.8,-742578459733446.75
0_11:30210332300,0,795,0.59045862645023151,0.35861043682308802,8.6989875127602761e-10,9334951.6752122976,26229861.848694701,27728245.104474723,0.0040227945813509133,52341852.002293885,-1498383.2598028171,2462228.4188158689,8370604004273619,-672849277143407.38,-1106870206527089.8
0_11:30210332300,1,795,0.77956914140176536,0.6270428369350477,8.2823027013291769e-10,9762506.43929887,26597386.914991867,27371858.43720502,0.00383010119041347,51723336.740015529,-774471.52604325477,1895582.3231926479,9065046300603242,-635778708445278.12,-1045887294863458
0_11:30210332300,2,795,0.96867965635329933,0.42876575988241805,7.8656178898980788e-10,10190061.203385442,27021883.340295278,26913472.361339092,0.0036374077994760271,50919452.44607871,108410.97531877748,1328936.2275694271,9828042980803302,-599636018043283.88,-986430788705729.75
0_11:30210332300,3,795,0.91800764659180367,0.53971893381920566,7.977268248619353e-10,10075498.249628369,26520711.161973413,26978132.483770128,0.0036890398379645279,51024142.6231791,-457421.32548575511,1792012.3053973266,8057833523588026,-607701016829174.88,-999698109003195.25
0_11:30210332300,4,796,0.10711816154333741,0.94960444797579779,8.0257792676267897e-10,10024208.100093167,26867879.36401403,26654913.108237091,0.0037114734676384031,50405681.63267637,212966.25206546459,1316327.2779534215,8672531602100258,-992633904228959.62,-611199983944038.88
0_11:30210332300,5,796,0.29622867649487133,0.65344312335949495,8.4303690354083498e-10,9606391.6694892813,26904951.684795368,26330939.278299022,0.0038985735782103791,49737451.628509887,574012.40259777242,840642.25050951622,9294665077227650,-1022075379585675.4,-629328146994535.38
0_11:30210332300,6,796,0.24555666673337548,0.31744373912352575,8.3219595338653888e-10,9718345.2446540445,26147890.615400895,26544310.682970125,0.003848440254678846,50154685.523621693,-396420.07141767,1121796.1919787847,7584826522718432,-1018776397788158,-627296846619760.62
0_11:30210332300,7,796,0.43466718168490942,0.56198189076859284,8.7265493016469478e-10,9300528.8140501585,26427706.138930172,26291989.403756987,0.0040355403652508216,49628453.882321127,135716.73113764406,737072.23271419492,8146971217845392,-1053374472745146.4,-648600111366325.75
0_11:30210332300,8,796,0.62377769663644334,0.38913928941358289,9.1311390694285069e-10,8882712.3834462743,26623800.330970071,26048950.849861812,0.0042226404758227967,49128565.099364586,574849.47688561899,352348.27344960533,8795975117642828,-1091812761959306.9,-672267932554420.25
0_11:30210332301,0,796,0.078739876450228286,0.44669082089194961,7.965065754267671e-10,10086906.431739617,27134175.749237832,26631130.219017092,0.0036833968676665591,50369880.884593502,503045.5265373427,1047387.1695550104,10133799848407096,-985763238588825.75,-606969470850496.5
0_11:30210332301,1,796,0.2678503914017622,0.75158686046467649,8.3696555220492301e-10,9669090.0011357311,27330529.819279492,26448145.580050595,0.0038704969782385342,49966691.290892944,882384.2353583998,646492.27174149512,10486692159383602,-1020128018945536.8,-628129087817818.5
0_11:30210332301,2,796,0.45696090635329611,0.49419005788158921,8.7742452898307902e-10,9251273.570531847,27381673.64189741,26283931.572374575,0.0040575970888105098,49607942.350591667,1097742.0654652382,245597.37392797985,10875763628041268,-1058545125471487.8,-651783866071717.25
0_11:30210332301,3,796,0.40628889659180029,0.68390924649721752,8.6658357882878281e-10,9363227.1456966083,27029390.831041094,26269278.161573619,0.0040074637652789766,49592489.088868089,760112.66546001146,645245.57182845729,9614992324733048,-1045562585230527.1,-643790054503300.62
0_11:30210332301,4,796,0.5953994115433342,1.161778706564653,9.0704255560693882e-10,8945410.7150927242,27156798.117737807,26255913.376492776,0.0041945638758509518,49524621.831156909,900884.73705046752,449451.54003278259,10054339534562408,-1092900360695941.5,-672937605761769.62
0_11:30210332301,5,796,0.78450992649486817,0.77136586228217052,9.4750153238509473e-10,8527594.2844888382,27060110.133335851,26330979.002270527,0.0043816639864229278,49631249.072545961,729131.12668365997,253657.5082371078,10540420401082048,-1148916223659081.5,-707428564007122.38
0_11:30210332301,6,796,0.73383791673337229,0.40914531381854702,9.3666058223079863e-10,8639547.8596536014,26825631.052374136,26062336.12304768,0.0043315306628913947,49133408.676580966,763294.92499492539,243103.97410190417,9145347908725204,-1122653065689044.8,-691257403963909.12
0_11:30210332301,7,796,0.92294843168490626,0.70163299450952299,9.7711955900895464e-10,8221731.4290497154,26881264.645503134,26109762.737225484,0.0045186307734633698,49193729.382940665,771501.90375901863,252410.80832406998,9655043173455254,-1181152975601536,-727277878226286.5
0_11:30210332302,0,796,0.4361865598334706,0.30582083077389688,8.7297999133459127e-10,9297171.9348468408,26413218.690371618,26215930.294791013,0.0040370435911273369,49484521.70856791,197288.39154356107,908632.46123962756,7272699454919322,-1050698714923133.6,-646952552149493.75
0_11:30210332302,1,796,0.62529707478500451,0.54307635656584419,9.1343896811274728e-10,8879355.5042429566,26676481.431978047,26049423.62282287,0.0042241437016993129,49129157.609837689,627057.80493103364,596522.49287139135,7843584201002986,-1092238699235601.2,-672530197277923.25
0_11:30210332302,2,796,0.81440758973653837,0.37721949051393894,9.5389794489090318e-10,8461539.0736390706,26700373.729547556,25973425.164882116,0.004411243812271288,48952538.531112753,726948.56025419664,284412.52450315515,8505622877663846,-1142051110228117,-703201469606152.12
0_11:30210332302,3,796,0.7637355799750426,0.4574183266398002,9.4305699473660708e-10,8573492.6488038339,26398045.989176501,26200344.237888023,0.0043611104887397549,49388462.628786959,197701.74692736685,846313.18896533537,6783163844466487,-1137175290623313,-700199254135298.38
0_11:30210332302,4,796,0.95284609492657646,0.81589968688602721,9.8351597151476309e-10,8155676.2181999488,26482223.24331094,26198397.220620986,0.0045482105993117309,49356809.686801702,283826.01814174285,692779.52748393058,7356991497666081,-1194666789453351.2,-735598813844204.88
0_11:30210332303,0,796,0.92446780983346744,0.39754366502817096,9.7744462017885112e-10,8218374.5498463986,26708399.823431864,26054122.61918829,0.004520133999339886,49088694.612794861,654277.19972344034,207301.85252354873,8867347924700370,-1179112490068426,-726021478742285.75
0_11:30210332310,0,796,0.56702112645022507,0.50163733445847081,9.0097120427102696e-10,9008109.0467391741,27438227.244840566,26355874.267481852,0.0041664872758791077,49719091.560615964,1082352.9731922264,124185.18100610332,10984501310258640,-1089555197331449.5,-670877869754408.62
0_11:30210332310,1,796,0.75613164140175904,0.80292498593217621,9.4143018104918276e-10,8590292.6161352899,27321033.544157825,26438187.241586287,0.0043535873864510828,49838100.463044055,882846.29821795144,107848.08883032881,10932024877281074,-1145284043888217,-705192101794642.75
0_11:30210332310,2,796,0.94524215635329289,0.50201898307613391,9.8188915782733877e-10,8172476.1855314039,26984030.952216476,26604889.59134968,0.0045406874970230588,50123619.604766503,379141.35632610874,91510.996654554285,10888415258303210,-1210733191110054.8,-745491468520596.62
0_11:30210332310,3,796,0.89457014659179712,0.78789499952789976,9.7104820767304267e-10,8284429.7606961662,26997431.069539148,26463197.515417062,0.0044905541734915257,49863573.657638662,534233.5496315324,185966.92049728095,10712450505069658,-1188175155528334.2,-731601684052609.75
0_11:30210333000,7,795,0.0048804481519404046,0.37232988749469409,9.9892464540196946e-10,8011034.0710498001,25906895.742320284,25045776.918762226,0.0046194670871826833,47174630.967654042,861118.81893859152,-2750607.5669182399,5636285714014637,-706644058579135.12,-1162464286773577.5
0_11:30210333000,8,795,0.19399096310347433,0.20557993441290306,9.5725616425885965e-10,8438588.8351363726,25883694.45152491,24956992.578620106,0.0044267736962452413,47032674.681952506,926701.86847802985,-2846229.1758786342,5164581167032749,-668822122238518.5,-1100245338324488.1
0_11:30210333001,2,795,0.027174172820327115,0.12622897239481637,9.9401246140103009e-10,8061437.3402368473,25872187.807833508,25190848.333735656,0.0045967509870013792,47450484.394500859,681339.46950110071,-2478380.7608787166,3610327444755485.5,-706332104895394.25,-1161951107596488.8
0_11:30210333001,4,795,0.16561267801036519,0.39766104176883593,9.6350901613004759e-10,8374429.1505663469,25886586.176639058,25171273.781994686,0.0044556896345524372,47432181.751195051,715312.39018868248,-2481437.2998593408,4204956281595589.5,-679670887154344.5,-1118092091038446.8
0_11:30210333001,5,795,0.35472319296189914,0.21798685569550522,9.2184053498693768e-10,8801983.9146529194,25790514.447097022,25222674.561756257,0.0042629962436149943,47561154.57219328,567839.88107776886,-2363929.5444511482,3898478404150005.5,-648414319702909.12,-1066673497832580.1
0_11:30210333001,6,795,0.30405118320040331,0.190908081446094,9.330055708590651e-10,8687420.9608958457,25862679.562433757,24982368.787516318,0.0043146282821034951,47098744.753995515,880310.77060281031,-2794722.953637023,4917354348536994,-650577808877329.75,-1070232544101421.8
0_11:30210333001,7,795,0.49316169815193722,0.26803271108845617,8.9133708971595528e-10,9114975.7249824181,25835250.820266373,25154879.452783458,0.0041219348911660523,47461697.274538778,680371.36336098064,-2522100.6408303017,4538725858394083,-624839574016595.38,-1027891879849104
0_11:30210333001,8,795,0.68227221310347108,0.14702885745599001,8.4966860857284547e-10,9542530.4890689906,25705733.510985397,25341888.485627364,0.0039292415002286094,47860533.614525795,363845.02142879093,-2249478.3280235804,4223389180166783.5,-601859000092992.38,-990087703685133.62
0_11:30210333002,0,795,0.0063998263005015854,0.27443046376988051,9.9858986666294062e-10,8014469.1913340054,25960546.780406576,25042284.021639723,0.0046179189229907693,47168225.149189278,918262.75414893345,-2681895.4072426585,6435420521991825,-706245266762447.88,-1161808254590007.5
0_11:30210333002,1,795,0.19551034125203551,0.38799530530308313,9.5692138551983081e-10,8442023.9554205779,25989116.570242368,24992928.223733194,0.0044252255320533264,47100631.488481149,996188.34208394797,-2711171.9479527646,5873642595169661,-669515951539118.88,-1101386721703111.2
0_11:30210333002,2,795,0.38462085620356939,0.21451320232846188,9.1525290437672099e-10,8869578.7195071504,25808622.801667385,25009634.825692151,0.0042325321411158835,47165176.330449335,798987.97174270195,-2740448.4886628701,5395617370903708,-638115434016034.38,-1049731323538172.4
0_11:30210333002,3,795,0.33394884644207357,0.4691665789587891,9.2641794024884831e-10,8755015.7657500766,26090085.066807568,25102171.073803049,0.0042841641796043843,47330038.116941832,987913.98872035532,-2482632.8981332807,6891721790504984,-648725098755867.12,-1067184744684166.9
0_11:30210333002,4,795,0.52305936139360754,0.66512146091955937,8.847494591057385e-10,9182570.5298366491,26093289.459913492,25216552.97543117,0.0040914707886669415,47584761.813116379,876736.48039085115,-2306098.209713683,6319251863542123,-621848235128343.25,-1022970980019815.1
0_11:30210333002,5,795,0.71216987634514139,0.36876800182160008,8.4308097796262858e-10,9610125.2939232215,25953327.178091034,25360788.14981252,0.0038987773977294982,47904252.811939895,592539.02437973733,-2129563.5212940853,5833537070782427,-598171613869770.12,-984021771701419.38
0_11:30210333002,6,795,0.66149786658364562,0.31345435675236244,8.54246013834756e-10,9495562.3401661497,26207426.475718159,25273821.882373318,0.0039504094362179994,47726547.470647939,933604.58939443168,-2283370.3890239028,7398489208488861,-603142745354252.25,-992199527879240.5
0_11:30210333002,7,795,0.85060838153517948,0.44556040111703754,8.1257753269164619e-10,9923117.1042527221,26211184.282315351,25628381.182403326,0.0037577160452805561,48450029.673224986,582803.09615430899,-1901024.4714746014,6822623580591000,-585904333125331.62,-963841490571046
0_11:30210333002,8,796,0.039718896486713416,0.2477173600378911,7.8815828806363794e-10,10173118.489124157,26060765.373356905,25939782.729870025,0.0036447907136530097,49074872.904658079,120982.63984208905,-1518678.5539253,6299702280083301,-952280228150611,-586352790969779.38
0_11:30210333003,0,795,0.4946810763004984,0.19930590482092783,8.9100231097692644e-10,9118410.8452666234,25703823.469385274,25108939.397580564,0.0041203867269741373,47375352.819161512,594884.06768432306,-2662400.6665043272,5145402993886757,-623467874187321.38,-1025635366057831.6
0_11:30210333003,1,795,0.68379159125203226,0.27995169916800794,8.4933382983381663e-10,9545965.6093531959,25650750.908161469,25387600.784201644,0.0039276933360366953,47947268.854618534,263150.12003213109,-2364913.4348425083,4761485758453388,-602732747171280.38,-991525060671088.88
0_11:30210333003,2,795,0.87290210620356623,0.15365624461453969,8.0766534869070661e-10,9973520.3734397683,25586899.916884694,25610189.995507628,0.0037349999450992512,48422559.247096948,-23290.082357933421,-2067426.2031806889,4440916229782523,-582612823188802.88,-958426794580438.62
0_11:30210333003,3,795,0.82223009644207035,0.34301399728897325,8.1883038456283413e-10,9858957.4196826946,25914899.708408859,25511898.582866572,0.0037866319835877528,48221221.026504539,403001.12175565481,-2011898.3302372908,5577087917005069,-586932274385837,-965532504582599.75
0_11:30210333003,4,796,0.01134061139360412,0.48234927366112185,7.8208693672772597e-10,10235816.820770608,25977339.827678308,25784541.145408761,0.0036167141136811652,48790512.828255869,192798.67865283301,-1784077.569376057,5167279368068024,-940963038396018.88,-579384394900665.38
0_11:30210333003,5,796,0.20045112634513804,0.26509477836453083,8.2254591350588188e-10,9818000.3901667222,25766228.989046052,26052543.436319496,0.0038038142242531403,49238396.709624477,-286314.45107725862,-1556256.8085148232,4668898223204987,-990012196027861.88,-609585705000321.38
0_11:30210333003,6,796,0.1497791165836424,0.2306671324539746,8.1170496335158578e-10,9929953.9653314836,25961237.279472955,26202512.313458707,0.0037536809007216072,49536962.974051505,-241275.03773943352,-1361395.9939702542,5942315640743300,-984785915743467.38,-606367698429822.38
0_11:30210333003,7,796,0.33888963153517632,0.32469560717963791,8.5216394012974168e-10,9512137.5347275976,25906630.095889449,26438331.368884388,0.0039407810112935824,49928867.913881578,-531701.27693572023,-1203241.7039096057,5350380740882586,-1036175417112940.1,-638010041370255.5
0_11:30210333003,8,796,0.52800014648671023,0.17866444716144866,8.9262291690789769e-10,9094321.1041237134,25855030.753125459,26599614.249801323,0.0041278811218655584,50187402.172429778,-744583.500803745,-1045087.4138489575,4826523454316763,-1089391841382132.1,-670777285688949.5
0_11:30210333010,0,795,0.13723439291725609,0.1168899125836957,9.6976186800123554e-10,8310269.4659963194,25837021.223022919,25203320.991660845,0.0044846055728596339,47488422.726813927,633700.22687746899,-2451010.1309305271,3462332739562669,-685730423461204.25,-1128060326765632.5
0_11:30210333010,1,795,0.32634490786879,0.16382252857638444,9.2809338685812572e-10,8737824.2300828919,25767084.165338647,25291903.987578094,0.004291912181922191,47686368.099533863,475180.17346864042,-2319344.3870356353,3244979823191990,-654895070958237.25,-1077334652899715.1
0_11:30210333010,2,795,0.51545542282032397,0.089566709800759189,8.8642490571501581e-10,9165378.9941694643,25644018.93801748,25399436.034339931,0.0040992187909847473,47928134.863837391,244582.89957833043,-2187678.643140744,3066669213479799,-627510330272406.25,-1032285405455616.2
0_11:30210333010,3,795,0.46478341305882809,0.20191436132433246,8.9758994158714323e-10,9050816.0404123906,25753482.429126587,25297785.862477787,0.004150850829473249,47725134.068815567,455696.56249794911,-2270239.152309685,3745555256653336,-632761720591969.5,-1040924201223142
0_11:30210333010,4,795,0.65389392801036206,0.28302114569425019,8.5592146044403331e-10,9478370.8044989631,25724621.078467362,25461039.1883348,0.0039581574385358052,48078105.155384541,263581.88617440389,-2065780.6552739171,3521090217625092.5,-608687561854009.75,-1001321024167826.6
0_11:30210333010,5,795,0.84300444296189592,0.15479603257729155,8.142529793009235e-10,9905925.5685855355,25673864.984680586,25608177.047158215,0.0037654640475983628,48409501.809235044,65687.933756906321,-1861322.1582381497,3338751602595844.5,-586430205922856.38,-964706577228305.25
0_11:30210333010,6,795,0.79233243320040014,0.13621446266541853,8.2541801517305092e-10,9791362.6148284636,25676267.678036261,25493799.901068054,0.0038170960860868636,48178167.06012021,182467.77315111112,-2089468.1736888427,4067318119000931.5,-590456513400991.75,-971330051372151.88
0_11:30210333010,7,795,0.981442948151934,0.19092732511407254,7.837495340299411e-10,10218917.378915036,25726953.323577948,25750084.858563881,0.0036244026951494208,48722703.800054803,-23131.538610336149,-1812216.923512199,3838970470359048.5,-572146534973761.75,-941209234880682.12
0_11:30210333010,8,796,0.17055346310346792,0.10445062290372138,8.1614950100007342e-10,9884055.6010164879,25632759.061887376,26002275.165612478,0.0037742343984047797,49152178.20204407,-369516.10749933618,-1534965.6733355555,3505539318898956.5,-981673970055975.88,-604451562837308.12
0_11:30210333011,0,795,0.62551564291725292,0.082899400319893457,8.6217431231522125e-10,9414211.1199289374,25611214.216932371,25496316.76848026,0.0039870733768430019,48137439.819614425,114897.44446503796,-2089710.6611472273,2983098951109134,-613592205847429.38,-1009389405147570.4
0_11:30210333011,1,795,0.81462615786878678,0.11620157546409289,8.2050583117211144e-10,9841765.8840155099,25619611.047493145,25664751.373532724,0.0037943799859055591,48507850.112056881,-45140.329833958749,-1884710.2506906257,2868563717978763,-591452369756665,-972968284134703.25
0_11:30210333011,2,796,0.0037366728203207214,0.06346291999790514,7.8046012304030175e-10,10252616.788102062,25641136.478668667,25788938.556658752,0.0036091910113924932,48801369.2926156,-147802.0815992759,-1679709.8402340238,2778355685633350,-939630205944510,-578563722576768.62
0_11:30210333011,3,795,0.95306466305882487,0.1432908565565017,7.9000238590112894e-10,10154757.694345009,25685867.351987086,25715131.503830656,0.0036533186334566166,48646977.165816627,-29264.155496888805,-1761757.048694199,3254210091027346,-574866595432636.75,-945683868330038.38
0_11:30210333011,4,796,0.14217517801035881,0.20085981745265338,8.1007814966416156e-10,9946753.9326629397,25674239.844849952,25899028.841063965,0.0037461577984329352,48965510.236317441,-224788.99996017135,-1624060.8758505213,3013434060428881,-971781432139563.75,-598360375552733.5
0_11:30210333011,5,796,0.3312856929618927,0.10973351187378955,8.5053712644231746e-10,9528937.5020590555,25653389.084142242,26057692.210687131,0.0039332579090049103,49212009.517748043,-404303.13047814695,-1486364.7030068436,2759672608396382,-1019497834119650.2,-627741060616830.88
0_11:30210333011,6,796,0.28061368320039692,0.096690696696861145,8.3969617628802136e-10,9640891.0772238169,25636650.1799853,26126628.371307984,0.0038831245854733776,49355762.680571228,-489978.19520580885,-1433803.4362411704,3320800210081606.5,-1010602522150542.8,-622263900800373.75
0_11:30210333011,7,796,0.46972419815193084,0.13552085103609324,8.8015515306617737e-10,9223074.6466199309,25674560.467441324,26231275.939125538,0.0040702246960453532,49505581.137424424,-556715.47575443843,-1363411.501010417,3027930863255679,-1059590671232542.1,-652427645766977.12
0_11:30210333011,8,796,0.65883471310346475,0.074048701633496125,9.2061412984433338e-10,8805258.2160160467,25707013.675451092,26310507.556104958,0.0042573248066173292,49615019.438634746,-603493.88491119049,-1293019.5657796636,2765153319494257.5,-1112322587222676,-684896561113509.75
0_11:30210333012,0,795,0.98296232630049518,0.14238203829230023,7.8341475529091216e-10,10222352.49919924,25651030.890376408,25757938.971177366,0.0036228545309575058,48738084.939837448,-106908.08442381251,-1907324.8756276921,4281513388691820,-572134829509830.88,-941189978815885.88
0_11:30210333012,1,796,0.17207284125202893,0.19959076325626804,8.1647456216996991e-10,9880698.721813174,25665772.446596056,26007826.5660595,0.0037757376242812959,49162220.390799791,-342054.12323918135,-1654625.2283007891,3893811207453821.5,-982208117121411.38,-604780456174949.5
0_11:30210333012,2,796,0.36118335620356284,0.10921600115222424,8.5693353894812592e-10,9462882.2912092879,25674087.905887056,26208568.238819525,0.0039628377348532714,49489196.597286656,-534480.33689530625,-1401925.580973886,3534958044323685.5,-1032396806109954,-635683416242384.5
0_11:30210333012,3,796,0.31051134644206702,0.24576116716788854,8.4609258879382982e-10,9574835.8663740493,25757493.333368622,26218967.684384447,0.0039127044113217383,49522100.073757604,-461474.35492852924,-1462161.9271497433,4404268636329858.5,-1021003902755966.6,-628668400618430
0_11:30210333012,4,796,0.49962186139360093,0.34462308602505198,8.8655156557198572e-10,9157019.4357701652,25768455.97214929,26356994.543066632,0.0040998045218937134,49735974.459215246,-588538.57501714642,-1366626.4117181983,3980065073145587,-1072200936043858.4,-660192234118604.5
0_11:30210333012,5,796,0.68873237634513484,0.18868692153165778,9.2701054235014173e-10,8739203.0051662792,25761953.784166388,26453941.058215108,0.0042869046324656894,49879841.492598139,-691987.27833562414,-1271090.8962866536,3603185530009638.5,-1126712009881387.2,-693756640202587.25
0_11:30210333012,6,796,0.63806036658363918,0.16570107367248274,9.1616959219584563e-10,8851156.5803310424,25882706.156479985,26639425.087711185,0.0042367713089341563,50239349.299397558,-756718.93546797195,-1016998.9786717943,4543603807156060,-1120478864276068.2,-689918670858943.75
0_11:30210333012,7,796,0.82717088153517315,0.23240432652116644,9.5662856897400164e-10,8433340.1497271564,25912265.777149629,26602159.633724641,0.0044238714195061323,50135503.467870757,-689893.86099888361,-1078627.5951356078,4091382621211650.5,-1173560408802449.8,-722602864924882
0_11:30210333013,0,796,0.4712435763004918,0.10110850452442446,8.8048021423607375e-10,9219717.767416615,25728313.270392846,26287855.562167,0.0040717279219218685,49612009.263888009,-559542.29584588169,-1316531.0376111295,3344598827857017.5,-1062255225313312.5,-654068306442022.12
0_11:30210333013,1,796,0.66035409125202571,0.14171002514266215,9.2093919101422976e-10,8801901.3368127309,25785237.004981436,26327012.518099669,0.0042588280324938445,49645852.86548274,-541775.51737706154,-1275773.0477434269,3043531998909925.5,-1113438326466774,-685583561431726.88
0_11:30210333013,2,796,0.84946460620355968,0.07744119941924929,9.6139816779238577e-10,8384084.9062088449,25790392.228807796,26369673.453903817,0.0044459281430658205,49693934.893021986,-579281.229541949,-1235015.0578757245,2775005857313750.5,-1170058040941838.5,-720446332520486
0_11:30210333013,3,796,0.7987925964420638,0.17471222575039169,9.5055721763808967e-10,8496038.4813736081,25783681.179248013,26463963.808892097,0.0043957948195342874,49879572.37254601,-680282.63403987954,-1241479.0286871227,3402622020478035,-1158953302585367.8,-713608750330051.25
0_11:30210333013,4,796,0.98790311139359777,0.24488317691177008,9.9101619441624568e-10,8078222.0507697221,25788582.333769146,26443039.356455229,0.0045828949301062634,49813315.355952866,-654457.02726897784,-1235253.6076878309,3088186439583338.5,-1217276806999879.2,-749520605455933.62
0_11:30210333020,0,795,0.85212775968374066,0.32520047327346496,8.1224275395261734e-10,9926552.2245369256,26130900.779605336,25697658.056281906,0.0037561678810886416,48581465.798897192,433242.71956726298,-1992847.2089955476,7721936314577291,-587290480697164.75,-966121771610546.88
0_11:30210333020,1,796,0.041238274635274595,0.46316772597834527,7.8848334923353443e-10,10169761.609920841,26233189.940121643,26040751.553669367,0.0036462939395295259,49265394.072167233,192438.38280598231,-1618479.2548172083,7104731783947127,-956292775890808.88,-588823459263432.62
0_11:30210333020,2,796,0.23034878958680852,0.25802247739908651,8.2894232601169043e-10,9751945.1793169547,26020977.807195146,26310934.105779525,0.0038333940501015019,49718063.979761451,-289956.30241777329,-1244111.3006388692,6439827018898934,-1006427845851933.8,-619693404189477.25
0_11:30210333020,3,796,0.1796767798253126,0.55231917996152524,8.1810137585739423e-10,9863898.7544817161,26563752.76245134,26249149.554743409,0.0037832607265699683,49616116.642157875,314603.20392466965,-1193729.2290938725,8125768920055612,-992964793944289.75,-611403724505222.12
0_11:30210333020,4,796,0.36878729477684652,0.7898907028719242,8.5856035263555024e-10,9446082.3238778319,26395288.928058717,26542922.406026099,0.0039703608371419443,50118587.107750252,-147633.48193774233,-1052588.7087378753,7367239049812522,-1047386036725315.9,-644912818414133.75
0_11:30210333020,5,796,0.55789780972838043,0.44186119372500249,8.9901932941370615e-10,9028265.8932739459,26232124.342944749,26737971.953358006,0.0041574609477139195,50441869.477774352,-505847.61457071797,-911448.18838187784,6690418939135077,-1102926367895215.6,-679110974828766.38
0_11:30210333020,6,796,0.50722579996688455,0.36659093687553496,8.8817837925941005e-10,9140219.4684387092,26554694.439547271,26935258.449529685,0.0041073276241823864,50825411.66440291,-380564.01408974215,-394611.24919219746,8449764453058172,-1097700767274337.9,-675893386751257.12
0_11:30210333020,7,796,0.69633631491841852,0.52643818587604885,9.2863735603756595e-10,8722403.0378348231,26531745.003981404,26946905.140026662,0.0042944277347543615,50807908.495075814,-415160.14033968624,-486698.16265854199,7667663590852359,-1149886178691484,-708025799803426.88
0_11:30210333020,8,796,0.88544682986995249,0.29570504972884437,9.6909633281572206e-10,8304586.607230939,26399632.077880561,26947500.234807,0.0044815278453263375,50777451.586626455,-547868.16140796605,-578785.07612488652,6971814046568996,-1207014726313892.2,-743201877550523.62
0_11:30210333021,0,796,0.3404090096837375,0.24046016563971345,8.5248900129963827e-10,9508780.6555242818,26077310.729340225,26500060.023281973,0.0039422842371700994,50045041.937271997,-422749.29788403161,-1105576.945011222,6071732216445495,-1038953031927553.2,-639720317558547.75
0_11:30210333021,1,796,0.52951952463527141,0.33876859114952745,8.9294797807779428e-10,9090964.2249203976,26132241.895051558,26614009.401604299,0.0041293843477420746,50214224.814197779,-481767.51068212528,-1003872.7396363646,5459879505945757,-1090376544318591.4,-671383602294083.88
0_11:30210333021,2,796,0.71863003958680527,0.18658518525156706,9.3340695485595018e-10,8673147.7943165116,26087331.06575989,26708165.9710766,0.0043164844583140505,50353675.274558894,-620834.90963319491,-902168.53426150698,4921219458004049,-1146077837878998.2,-705680868974922.88
0_11:30210333021,3,796,0.66795802982530939,0.41250583326414064,9.2256600470165409e-10,8785101.3694812749,26208727.658654954,26803348.139723402,0.0042663511347825174,50542623.130247615,-594620.48533479834,-876959.24970923516,6306054356673438,-1135718466485623.8,-699302235722194.12
0_11:30210333021,4,796,0.85706854477684336,0.58227032194424844,9.6302498147980989e-10,8367284.9388773888,26168079.851888251,26786008.763797686,0.0044534512453544917,50477364.613483995,-617928.9163628862,-899578.81950251083,5665382796769484,-1190890417253860,-733273567227237.25
0_11:30210333021,6,796,0.99550704996688144,0.27653448446697737,9.926430081036698e-10,8061422.0834382661,26283428.355680056,26865330.466075778,0.0045904180323949346,50607893.852449015,-581902.11498614016,-648341.55440724792,6569409998984586,-1239271007573450,-763063216664514.62
0_11:30210333022,0,796,0.69785569306697959,0.37859067341536995,9.2896241720746244e-10,8719046.1586315073,26873381.077326193,26963211.201402839,0.0042959309606308777,50838368.064108096,-89830.128372576786,-186932.38437260466,8617065696588857,-1151018518323600.8,-708723021570707.25
0_11:30210333022,1,796,0.88696620801851356,0.54524998177501738,9.6942139398561855e-10,8301229.7280276222,26699763.002677612,26902639.767707601,0.0044830310712028537,50692698.963486865,-202876.76951302026,-343580.87749828317,7832267814985668,-1205487380534153.5,-742261436455295.75
0_11:30210333030,0,796,0.82869025968373433,0.17310748877533697,9.5695363014389813e-10,8429983.2705238387,26055321.906460639,26687329.10430304,0.0044253746453826485,50295778.266981609,-632007.2022677752,-901000.49571388762,4628463241874768,-1177780898708656.8,-725201570602695.12
0_11:30210333100,0,796,0.1137968929172497,0.058717159211570912,8.0400679832824959e-10,10009452.264309391,25648638.264756519,25893551.831662912,0.0037180811984610907,48963840.462483138,-244913.57062447377,-1585256.1682423046,2646758391574946,-965661347266414,-594592021721306.75
0_11:30210333100,1,796,0.30290740786878362,0.082293174647196501,8.444657751064056e-10,9591635.8337055054,25686048.190098263,26021654.129289083,0.0039051813090330663,49151441.971780762,-335605.94309600117,-1465667.3214052941,2439902307322713.5,-1011587067552956.2,-622870120406195.75
0_11:30210333100,2,796,0.49201792282031753,0.044876812796640041,8.849247518845615e-10,9173819.4031016212,25721653.596632063,26128282.906656556,0.0040922814196050414,49306106.808006227,-406629.31411677384,-1346078.4745682834,2252207494608035.5,-1060987366166190.1,-653287640491500.88
0_11:30210333100,3,796,0.4413459130588217,0.10154215590561073,8.740838017302654e-10,9285772.9782663807,25671990.27551889,26130890.144498944,0.0040421480960735083,49322774.265884839,-458899.87302220194,-1429052.0744024047,2625848382018105,-1048549944107532.4,-645629477567415
0_11:30210333100,4,796,0.63045642801035562,0.1423359777678373,9.1454277850842131e-10,8867956.5476624966,25706246.895596355,26196699.292435747,0.0042292482066454834,49405901.383685514,-490452.40106863965,-1369793.8762832414,2415141924391893,-1099803145374451.2,-677187895689103.38
0_11:30210333100,5,796,0.81956694296188948,0.07765743152184805,9.5500175528657731e-10,8450140.1170586124,25727448.148754705,26251994.24758311,0.0044163483172174594,49476751.764247276,-524546.10324475344,-1310535.6781640786,2224522563122036,-1155837966917865.8,-711690527406327.38
0_11:30210333100,6,796,0.7688949332003937,0.068524162317587733,9.4416080513228122e-10,8562093.6922233738,25731708.478490181,26323456.896116793,0.0043662149936859263,49619665.087626494,-591748.42199282686,-1272847.9805625046,2625895840356811.5,-1144019795822425,-704413659315274.25
0_11:30210333100,7,796,0.95800544815192756,0.09605223806091763,9.8461978191043722e-10,8144277.2616194887,25750786.878934298,26312773.647022884,0.0045533151042579023,49571631.080869988,-561986.77264190174,-1273920.431161189,2408100683318986.5,-1201545843364108,-739834491894181.12
0_11:30210333101,0,796,0.60207814291724648,0.04148777132861263,9.0847142717250944e-10,8930654.8793089483,25745449.577698044,26164775.796089649,0.0042011716066736393,49351357.654804781,-419326.22259277635,-1302830.2897194671,2152458616570912,-1090876245122995.9,-671691285844210.25
0_11:30210333101,1,796,0.79118865786878045,0.058077383964990278,9.4893040395066535e-10,8512838.4487050623,25772615.552229349,26193423.177655164,0.0043882717172456145,49370881.868535236,-420807.6298140873,-1273797.109446669,1995706892988390.8,-1144870011455933.8,-704937167306826.38
0_11:30210333101,2,796,0.98029917282031431,0.031583963192855169,9.8938938072882135e-10,8095022.0181011772,25780763.12451455,26224470.270626102,0.0045753718278175905,49402497.878773198,-443707.15068692347,-1244763.9291738709,1853049321475161.5,-1204732317106657.2,-741796517059740
0_11:30210333101,3,796,0.92962716305881854,0.071812618876635675,9.7854843057452526e-10,8206975.5932659395,25740342.967518385,26259205.754755367,0.0045252385042860574,49474403.241790198,-518862.79176221963,-1286353.703098783,2123351795203042.8,-1190027806268640.8,-732742426976970.12
0_11:30210333102,0,796,0.95952482630048863,0.071666938747638798,9.8494484308033371e-10,8140920.382416172,25780148.175071709,26363077.759373799,0.0045548183301344185,49666207.387650512,-582929.58885690849,-1227308.7932152741,2632848845192757,-1204334636909406.2,-741551651224370.88
0_11:30211220023,5,795,0.032333526045678233,0.0020290198525460511,9.9287565305044052e-10,8073101.9800992562,26086212.053136073,26126446.045844782,0.0045914938849925795,49213454.865380868,-40233.997300202973,-1005130.4050970764,1263445778661422.8,-731516615125980.5,-1203380867554856.8
0_11:30211220023,7,795,0.17077203123571633,0.0033005353939068783,9.6237220777945802e-10,8386093.7904287539,26062747.33936879,26093314.170619812,0.0044504325325436366,49170454.00670059,-30566.835701454009,-1048964.372002708,1316821563033043.2,-703599111101041.88,-1157455198173155.2
0_11:30211220023,8,795,0.35988254618725024,0.0015138785461414883,9.2070372663634821e-10,8813648.5545153264,26056788.921974059,26091963.251740508,0.0042577391416061938,49201348.442323804,-35174.33402418773,-1023350.289628555,1364957653228366,-669887780108895.75,-1101998398017261.2
0_11:30211220030,8,795,0.0024358628040077588,0.00024066269239416392,9.9946328366065731e-10,8005507.1752450243,26113576.66545108,26168409.216022581,0.0046219579874916903,49288859.616135597,-54832.555193459244,-931182.11318671284,1237491198126170,-738823495493207.38,-1215401045707500
0_11:30211220031,6,795,0.11249608290093674,0.00015358492338591668,9.7521269026086296e-10,8254339.3010044964,26111087.107831214,26167086.60754665,0.004509812573349945,49300755.188061096,-55999.50422524882,-920902.62191862206,1266786939333599.2,-716724142995522.5,-1179046522199535
0_11:30211220031,7,795,0.30160659785247063,0.00013814956729046651,9.3354420911775294e-10,8681894.0650910679,26106897.248309135,26161843.992049444,0.0043171191824125012,49321931.011603795,-54946.748057428209,-902871.7683245471,1322477959694406.5,-681720522414313.12,-1121463842009389.8
0_11:30211220032,1,795,0.0039552409525691213,0.00089301944947974433,9.9912850492162846e-10,8008942.2955292286,26104891.378198035,26153633.593692962,0.0046204098232997754,49261209.391007662,-48742.220115336844,-957341.78211522335,1243291160458254.8,-738092316417682.25,-1214198220109216.2
0_11:30211220032,2,795,0.19306575590410305,0.00030060511740585838,9.5746002377851865e-10,8436497.059615802,26099708.486929223,26151128.118929535,0.0044277164323623325,49282932.538166732,-51419.636428028643,-938486.54446381866,1292570089230041,-700995389914624.5,-1153171948558049.8
0_11:30211220032,3,795,0.14239374614260722,0.001657509615121445,9.6862505965064597e-10,8321934.1058587274,26083134.262310173,26126247.04378476,0.0044793484708508333,49228180.273738056,-43112.785953935047,-992206.33305855293,1290403845102952.8,-709856051010198.88,-1167748172550536.2
0_11:30211220032,4,795,0.33150426109414111,0.0018720178593447873,9.2695657850753615e-10,8749488.8699453007,26078354.436899081,26123315.826148625,0.0042866550799133905,49254932.424819276,-44961.39353619967,-969580.71761967347,1342405982895093.2,-675534951091028.88,-1111288272471499.6
0_11:30211220032,5,795,0.52061477604567508,0.00069217988623205488,8.8528809736442624e-10,9177043.6340318732,26074681.626456913,26116529.641037293,0.0040939616889759476,49282482.843709052,-41848.01867434186,-946955.10218079388,1399990766041908.2,-644422301819636.62,-1060106431761443
0_11:30211220032,6,795,0.46994276628417919,0.0012547384409253121,8.9645313323655376e-10,9062480.6802747995,26054571.528269634,26090246.3908852,0.0041455937274644484,49221285.863812529,-35674.866761160425,-1008215.6463504778,1396692189824709.8,-651758404926205.75,-1072174682759863
0_11:30211220032,7,795,0.65905328123571316,0.0014502237857662932,8.5478465209344384e-10,9490035.4443613719,26051753.663076684,26083905.408560984,0.0039529003365270056,49255638.519057006,-32151.749437200295,-981819.65312412346,1457940936562257.8,-622829103400169.38,-1024584556646101.2
0_11:30211220032,8,795,0.84816379618724702,0.00056581464984617263,8.1311617095033393e-10,9917590.2084479444,26050621.919713333,26072449.314917505,0.0037602069455895623,49288768.15568395,-21827.398964378484,-955423.6598977691,1526261953903172.8,-596379331556763.12,-981073379005844
0_11:30211220033,0,795,0.30312597600103203,0.00020154751733365725,9.332094303787241e-10,8685329.1853752732,26097206.581397377,26148390.173191182,0.0043155710182205872,49296848.923778482,-51183.596109376376,-927572.07762476197,1324485684511472.5,-681104352412775.25,-1120450212003345
0_11:30211220033,1,795,0.49223649095256594,0.00018575638002268915,8.9154094923561418e-10,9112883.9494618457,26093737.281702086,26139984.090261947,0.0041228776272831434,49320160.326806113,-46246.812682738659,-908919.84086738166,1385226165709548.5,-649455530046759.5,-1068386340139892.4
0_11:30211220033,2,795,0.6813470059040998,3.1153908885365052e-05,8.4987246809250437e-10,9540438.7135484181,26092312.910199776,26126708.94154248,0.0039301842363457006,49342488.215872899,-34396.035272888083,-890267.60411000159,1452063939887402.8,-620631020987633,-1020968602796441
0_11:30211220033,3,795,0.63067499614260403,0.00049705210890012101,8.6103750396463179e-10,9425875.7597913463,26073389.272776093,26110835.631185029,0.0039818162748342014,49299002.257785387,-37446.362390751645,-934871.41608489794,1437331908104200.8,-627620611692716.62,-1032466823824665.2
0_11:30211220033,4,795,0.81978551109413789,0.00047881418271371442,8.1936902282152197e-10,9853430.5238779187,26072527.086316496,26095700.6865196,0.003789122883896759,49323943.913523905,-23173.603992227199,-915971.54487483203,1508518021418077.5,-600690986882898.62,-988166264416339.88
0_11:30211220033,5,796,0.0088960260456718392,0.00010314583605734745,7.8156393343597578e-10,10241217.831521602,26073338.444125626,26078357.980376303,0.0036142955163386637,49347307.229189403,-5019.5398649724757,-897071.67366476613,1579713888233332,-951199344100090.62,-585687252233384.38
0_11:30211220033,6,795,0.95822401628417597,0.00042059064286705975,7.8886557755053948e-10,10166422.334207417,26051226.23473325,26063084.104647212,0.0036480615314478169,49306973.377855711,-11857.873562023269,-942170.75454503391,1570644203954176.2,-581997309276748.25,-957414243873914
0_11:30211220033,7,796,0.14733453123570991,0.00041332212259947461,8.1118196005983559e-10,9935354.9760824796,26052812.303768031,26093819.077861693,0.0037512623033791061,49332215.892377317,-41006.777844923759,-923023.24888228241,1525326907965905.2,-980182448606891.62,-603533180056054.38
0_11:30211220033,8,796,0.33644504618724386,9.7856257999536428e-05,8.5164093683799159e-10,9517538.5454785954,26056026.493437096,26134321.652101055,0.0039383624139510817,49355381.587979704,-78295.162602320721,-903875.74321953079,1450705549068122.2,-1023692582069984.4,-630323916057261.12
0_11:30211220122,3,796,0.11895624614260082,4.1158750920566879e-05,8.0511060872392372e-10,9998053.3077289313,26074552.249175102,26103366.766584847,0.0037231857034072616,49358987.487216473,-28814.521132931306,-887312.42858233734,1533169766057861.5,-974564261034605.5,-600073862235711.5
0_11:30211220122,6,796,0.44650526628417281,4.5682107653652114e-05,8.7518761212593943e-10,9274374.0216859225,26058185.062452365,26154526.35213995,0.0040472526010196797,49366165.206938505,-96341.293734837687,-894066.44173316739,1411034190184348.5,-1050762276098056,-646991689024555.5
0_11:30211220200,2,795,0.062231189287348707,0.0032718893909088856,9.8628802244022373e-10,8140696.7849534871,26056480.886200294,26071310.775433276,0.0045610297824934679,49113424.448591873,-14829.893794011732,-1098338.5906547585,1307552954516300.8,-723968077012039.25,-1190963150504422.8
0_11:30211220200,3,795,0.011559179525852885,0.0089644766907252538,9.9745305831235126e-10,8026133.8311964152,26036534.145062145,26033899.873364709,0.0046126618209819696,49036591.698165953,2634.2670847737072,-1172554.8173395072,1336322479867342,-733153072271409.38,-1206072920173570.2
0_11:30211220200,4,795,0.20066969447738681,0.01189459896951209,9.5578457716924124e-10,8453688.5952829868,26028861.624775462,26039523.250797778,0.0044199684300445258,49073833.739268556,-10661.630442284946,-1139527.3593948758,1372564538303408.2,-696601684644045.75,-1145944086947033.8
0_11:30211220200,5,795,0.38978020942892072,0.0059753787645175568,9.1411609602613142e-10,8881243.3593695592,26020592.576775964,26042733.69812493,0.004227275039107083,49114529.027954355,-22141.125576240953,-1106499.9014502445,1414731616472702,-663616219918583.12,-1091681372557161.2
0_11:30211220200,6,795,0.33910819966742489,0.0062270755325154331,9.2528113189825884e-10,8766680.4056124855,25996799.507977832,25996338.212922942,0.0042789070775955838,49016977.682744272,461.29077598313779,-1199518.8443832304,1443611158201067.5,-670953054672501,-1103750827151512.2
0_11:30211220200,7,795,0.52821871461895875,0.0083085270300435402,8.8361265075514893e-10,9194235.1696990579,25990642.019682098,26005174.371181272,0.0040862136866581409,49074138.788731068,-14532.355585387477,-1157090.0283144806,1487879349729055.8,-640498118020096.12,-1053650956099659.8
0_11:30211220200,8,795,0.71732922957049272,0.0042092232778871532,8.4194416961203901e-10,9621789.9337856323,25985442.817354411,26009249.220552575,0.0038935202957206976,49130579.456232131,-23806.407091684254,-1114661.2122457307,1539437609178161.5,-612740793159745.38,-1007988789334386.2
0_11:30211220201,0,795,0.17229140938427767,0.0028552906707205281,9.6203742904042918e-10,8389528.9107129592,26051393.042533215,26072954.931580335,0.0044488843683517226,49132325.461223118,-21561.893496004133,-1083381.7133326379,1331448471689362.5,-702765647364204.38,-1156084109268307.8
0_11:30211220201,1,795,0.36140192433581159,0.0036088363166564192,9.2036894789731937e-10,8817083.6747995336,26043888.612268444,26074427.312593028,0.0042561909774142797,49168582.136965729,-30538.704580774775,-1055608.62878005,1378753913638875.8,-669180845963007.38,-1100835456522573.9
0_11:30211220201,2,795,0.5505124392873455,0.0016764224574100685,8.7870046675420945e-10,9244638.4388861042,26037779.875638034,26071876.70734733,0.004063497586476836,49205338.50534796,-34096.8357727931,-1027835.5442274619,1432044941074529.5,-638709054002092.88,-1050707857657903.8
0_11:30211220201,3,795,0.49984042952584967,0.0052503430987352849,8.8986550262633687e-10,9130075.4851290323,26017468.423089366,26044189.044409487,0.0041151296249653376,49141155.9526041,-26720.625435250615,-1087761.691158755,1443408741389224,-645879914514301.5,-1062504276448487.8
0_11:30211220201,4,795,0.68895094447738359,0.0067173948434661847,8.4819702148322706e-10,9557630.2492156047,26014358.379124314,26042484.369446121,0.0039224362340278948,49185497.161606804,-28125.994244243797,-1056395.445467816,1499948995907263.8,-617543591800679.75,-1015889629692227.9
0_11:30211220201,5,795,0.87806145942891756,0.0031850834721310218,8.0652854034011714e-10,9985185.0133021772,26012784.76386942,26035404.941342819,0.0037297428430904515,49228181.54170496,-22620.181203142631,-1025029.1997768772,1564043784693228,-591614018712530.12,-973234204630186.38
0_11:30211220201,6,795,0.82738944966742167,0.0037179942806820645,8.1769357621224456e-10,9870622.0595451035,25985285.551757187,26010224.180461213,0.0037813748815789523,49164708.695599549,-24938.632485401224,-1092141.6689848721,1574340821433183,-597708904704705.25,-983260592331097.75
0_11:30211220201,7,796,0.016499964618955601,0.0048007948881325473,7.8319074712340011e-10,10224417.864190146,25987635.515452731,26010510.449183982,0.0036218186186273366,49216373.623924017,-22874.937353069083,-1057182.2621555822,1628472134225855.2,-950234309013254.5,-585093045822474.12
0_11:30211220201,8,796,0.2056104795704895,0.0023110318642147448,8.2364972390155611e-10,9806601.4335862622,25988634.166696027,26066300.963960674,0.0038089187291993122,49262898.90786498,-77666.801073565468,-1022222.8553262926,1539511992979264.2,-991656188568998.75,-610597969653449
0_11:30211220202,0,795,0.52973809276752015,0.0066213233990006469,8.8327787201612008e-10,9197670.2899832632,25967037.537509482,25982755.810883928,0.004084665522466226,49032191.045472361,-15718.277459111259,-1200969.5928903692,1514569852775558.8,-639711624089802.12,-1052357134840383.5
0_11:30211220202,1,795,0.71884860771905412,0.0088627282672023629,8.4160939087301017e-10,9625225.0540698357,25963262.676720694,25992381.232252926,0.0038919721315287831,49099141.959596887,-29118.559424204057,-1156946.6122130186,1564549369793971.2,-612130175347225.5,-1006984292952785.8
0_11:30211220202,2,795,0.90795912267058798,0.0045114197997742182,7.9994090972990035e-10,10052779.818156408,25963305.013412714,25994146.827306647,0.0036992787405913403,49159821.706693083,-30841.817593211588,-1112923.6315356679,1622738554442654.2,-586820000898859.12,-965347809165750.5
0_11:30211220202,3,795,0.85728711290909221,0.011768622671275507,8.1110594560202767e-10,9938216.8643993363,25937891.415788911,25965234.115733046,0.0037509107790798407,49088933.392615639,-27342.70369504558,-1178991.0510111966,1653859140688043.2,-592728630674706.38,-975067796215525.12
0_11:30211220202,4,796,0.046397627860625346,0.015836390018597823,7.8958715962920846e-10,10158362.653340383,25941106.848088708,25983225.885207791,0.0036513984444756968,49154875.765665658,-42119.040770481552,-1138891.0950549513,1674793098036050.2,-955218173210793.5,-588161788190166.25
0_11:30211220202,5,796,0.23550814281215926,0.0081247548928901157,8.3004613640736436e-10,9740546.2227364965,25941058.73729115,26044733.696925148,0.003838498555047672,49213580.088646993,-103674.96347249713,-1098791.1390987062,1579482835810957,-997381559750736.38,-614123284232613.88
0_11:30211220202,6,796,0.18483613305066343,0.0081142682298903073,8.1920518625306826e-10,9852499.7979012597,25906578.434977677,26015049.28435304,0.0037883652315161389,49172099.61287903,-108470.85316372867,-1157012.5091320234,1655968665395395,-985217244480964.75,-606633282867659.75
0_11:30211220202,7,796,0.37394664800219735,0.010965370069269835,8.5966416303122417e-10,9434683.3672973737,25913175.934663188,26071085.873145849,0.003975465342088114,49226358.982083812,-157909.94245812614,-1120835.5778968837,1562779799667860.5,-1029983035205327.9,-634197171684479.75
0_11:30211220202,8,796,0.56305716295373132,0.0056610728055699923,9.0012313980938018e-10,9016866.9366934877,25922333.732230704,26119360.130025506,0.00416256545266009,49273752.479252987,-197026.4019573672,-1084658.6466617442,1476921278393446.5,-1078747155257490.1,-664222974012960.38
0_11:30211220203,0,796,0.018019342767516235,0.0039968381467220555,7.8351580829329649e-10,10221060.984986831,25966830.193849403,25998710.821939908,0.0036233218445038519,49193539.539586559,-31880.631713826402,-1090190.8348738325,1646168834198562.8,-950105383396380.38,-585013661736732.5
0_11:30211220203,1,796,0.20712985771905015,0.0051882106935952589,8.239747850714525e-10,9803244.5543829463,25970673.135699615,26054734.662747942,0.0038104219550758279,49240599.582612507,-84061.530858748985,-1056092.7491164252,1556082970666992.2,-991546720336358.38,-610530566170909
0_11:30211220203,2,796,0.39624037267058404,0.0025188864458010464,8.644337618496084e-10,9385428.1237790622,25976908.760055196,26104079.397190016,0.003997522065647803,49283090.711181849,-127170.64113234229,-1021994.6633590179,1473529195099559,-1036581693364323.5,-638260200101752.12
0_11:30211220203,3,796,0.34556836290908821,0.0072336138764209417,8.535928116953123e-10,9497381.6989438236,25944629.320238337,26076195.196716733,0.0039473887421162699,49243243.241991907,-131565.88042578509,-1079106.8318695214,1528798838172587,-1023534398018643.2,-630226516513252
0_11:30211220203,4,796,0.53467887786062218,0.0094728518453468125,8.9405178847346831e-10,9079565.2683399376,25951415.699969452,26119167.332869962,0.0041344888526882459,49279455.292408481,-167751.63703499883,-1051561.8299418581,1448831680472053.5,-1071421927989516.9,-659712571165045
0_11:30211220203,5,796,0.72378939281215604,0.0046634219589296432,9.3451076525162411e-10,8661748.8377360534,25959374.914229903,26156266.250800662,0.0043215889632602202,49312249.916838996,-196891.34089234733,-1024016.8280141947,1375006528416440,-1123851470786750.1,-691995304587044.62
0_11:30211220203,6,796,0.67311738305066027,0.005059776281782077,9.2366981509732812e-10,8773702.4129008148,25928279.754778162,26140767.201865483,0.0042714556397286879,49292237.050875247,-212487.45135877706,-1068022.8288652103,1431021255424774.5,-1109060697428030.2,-682888099603560.38
0_11:30211220203,7,796,0.86222789800219413,0.0066715011173211387,9.6412879187548402e-10,8355885.9822969306,25937271.32359083,26169091.395997461,0.0044585557503006631,49314042.783910751,-231820.07686518671,-1047030.9107672909,1358557786549078.2,-1165031824713440,-717351512501737.38
0_11:30211220210,0,795,0.66057265938427445,0.0014009921987275418,8.54449873354415e-10,9493470.5646455772,26036131.420335308,26069328.447924182,0.0039513521723350906,49228517.803450078,-33197.031540226271,-1011972.546060504,1467182057419561.2,-622260926017249.62,-1023649876861876.1
0_11:30211220210,1,795,0.84968317433580842,0.001642201347025925,8.1278139221130508e-10,9921025.3287321497,26035510.490880564,26059699.663156852,0.0037586587813976478,49265140.561265513,-24189.176034947053,-985232.56950188149,1534977811394627.5,-595887049473134.75,-980263550727676.25
0_11:30211220210,2,796,0.038793689287342316,0.00066065565157719314,7.8796034594178434e-10,10175162.620671837,26036779.030384805,26057942.270138707,0.0036438753421870252,49298720.778953724,-21163.2433977773,-958492.59294325917,1576774070176769,-956431735270836.62,-588909021493858.12
0_11:30211220210,3,795,0.98812167952584651,0.0026977099659339539,7.8227794694032259e-10,10234017.13906165,26013477.867378931,26029049.512903001,0.0036175974289487053,49252857.919926502,-15571.649141667096,-1008873.7873387698,1606303745849654.5,-577518731422844.38,-950046762682369.62
0_11:30211220210,4,796,0.17723219447738039,0.0032374134306596305,8.1757837256564415e-10,9869299.7652327139,26014610.241178542,26074755.789491754,0.0037808421292274672,49287202.177974015,-60145.552094053775,-984722.09271059663,1531323122036216.8,-985842444339131.25,-607018240646802
0_11:30211220210,5,796,0.36634270942891434,0.0013667132678522524,8.5803734934380005e-10,9451483.3346288279,26018012.481782686,26118778.233708847,0.0039679422397994428,49318334.392469928,-100765.75589410358,-960570.39808242326,1453307237486711,-1030073263248602.2,-634252728298419.25
0_11:30211220210,6,796,0.31567069966741851,0.0019762659208270956,8.4719639918950395e-10,9563436.9097935893,25991110.986865427,26094309.557664704,0.0039178089162679097,49285276.387266435,-103198.57471708515,-1005775.0286170357,1492203741064629.8,-1017332422870722.8,-626407739928369.25
0_11:30211220210,7,796,0.50478121461895242,0.0024104487226865238,8.8765537596765996e-10,9145620.4791897051,25996211.549185898,26133509.811646044,0.0041049090268398857,49313099.990745902,-137298.26656505512,-984211.61591931153,1417703964424565,-1064409681383529.8,-655394881637484.38
0_11:30211220210,8,796,0.69389172957048628,0.0010502316772858366,9.2811435274581586e-10,8727804.0485858191,26002589.517094903,26167458.151167851,0.0042920091374118608,49338721.508987688,-164868.63836495738,-962648.20322158735,1349113281491998.5,-1115944487274393.9,-687126693737456.75
0_11:30211220211,0,796,0.14885390938427129,0.00050154894021548434,8.1150702122973218e-10,9931998.0968791619,26038434.655023783,26085420.198863234,0.0037527655292556228,49315875.963896319,-46985.547592216455,-945232.08187855594,1528871524333494,-980188968852959.62,-603537194803359.5
0_11:30211220211,1,796,0.3379644243358052,0.00050617283092687726,8.5196599800788808e-10,9514181.6662752777,26041935.071745541,26126051.387350954,0.0039398656398275979,49339367.061465122,-84116.319545278806,-926402.42258222611,1453866506477086.2,-1023721491916992,-630341716877837.25
0_11:30211220211,2,796,0.52707493928733906,0.00013348986771896518,8.9242497478604419e-10,9096365.2356713936,26046730.706301905,26161623.919119947,0.0041269657503995739,49361216.770387322,-114893.2169450072,-907572.76328589639,1385339325300433,-1071217486806987.4,-659586689460876.62
0_11:30211220211,3,796,0.47640292952584329,0.0010728464664597449,8.8158402463174799e-10,9208318.810836155,26020726.793494929,26140431.066457536,0.0040768324268680408,49332592.538852513,-119704.27703943987,-948452.96930871299,1411814606959353.2,-1057580120807269.8,-651189678393094.5
0_11:30211220211,4,796,0.66551344447737726,0.0011391856667674299,9.22043001409904e-10,8790502.3802322708,26025801.032277845,26172011.112668693,0.0042639325374400168,49352582.868948869,-146210.08465478075,-930963.22085660382,1346651629630140.5,-1108296284339006.4,-682417423289012
0_11:30211220211,5,796,0.85462395942891112,0.00035657777882254591,9.625019781880599e-10,8372685.9496283848,26031723.149577208,26199162.778089594,0.0044510326480119919,49371835.387327589,-167439.63296341887,-913473.47240449465,1286649849485623.2,-1164056760395737.2,-716751130736833.38
0_11:30211220211,6,796,0.80395194966741534,0.00084143574597335803,9.5166102803376381e-10,8484639.5247931462,26006079.031014524,26183159.470786966,0.0044008993244804588,49349483.732900143,-177080.4441733413,-951673.85673887015,1312514992027672,-1148177162966001,-706973498064059.25
0_11:30211220211,7,796,0.9930624646189492,0.00091962263972271885,9.9212000481191981e-10,8066823.094189262,26012024.597391438,26205851.458588887,0.0045879994350524348,49365883.215840034,-193826.8657854487,-935524.01913098153,1254954471471354.2,-1208047650974407,-743837885985488.88
0_11:30211220212,0,796,0.50630059276751305,0.0021657746185637428,8.8798043713755624e-10,9142263.5999863893,25981456.067214318,26127648.279552259,0.0041064122527164001,49301700.21622894,-146192.21644435319,-1006083.2729190693,1429497220475395.8,-1064554362648759.9,-655483967036047.75
0_11:30211220212,1,796,0.69541110771904691,0.0026668542260840583,9.2843941391571225e-10,8724447.1693825033,25988288.298500195,26160253.627938978,0.0042935123632883761,49324859.865537249,-171965.33373229558,-985501.99792209058,1360079916874509.2,-1116060222220718.5,-687197955858399.75
0_11:30211220212,2,796,0.88452162267058088,0.0011827619613674623,9.6889839069386815e-10,8306630.7387786191,25995213.959700912,26188573.365637474,0.0044806124738603513,49347529.479057476,-193359.41041717399,-964920.72292511188,1295936067942714.8,-1172735837653528.2,-722095147154176.75
0_11:30211220212,3,796,0.83384961290908499,0.0040455617347802675,9.5805744053957205e-10,8418584.3139433805,25964280.641336754,26172675.870938759,0.0044304791503288182,49325054.299821466,-208395.23403248447,-1010241.3106180234,1335524100015139,-1156613329027621.2,-712167945422188.5
0_11:30211220213,0,796,0.99458184276750983,0.00095885621080247065,9.9244506598181609e-10,8063466.2149859462,25998562.155563425,26201361.228836153,0.0045895026609289492,49357243.666554496,-202799.0778622301,-954263.29463065253,1261683652863647.8,-1208339060860252.5,-744017317412111.5
0_11:30211220220,0,796,0.37546602615075869,0.0085915532956280967,8.5998922420112065e-10,9431326.488094056,25894505.318891726,26065328.016698681,0.0039769685679646302,49215104.993299067,-170822.70178392294,-1148527.3589122957,1595192986002859,-1030114080091545.2,-634277860679698.12
0_11:30211220220,1,796,0.56457654110229261,0.01163857213928741,9.0044820097927677e-10,9013510.05749017,25907383.800992917,26110437.577956811,0.004164068678536607,49256600.46231395,-203053.78112796199,-1115143.0815654641,1506835983966328,-1078773262511396.2,-664239049177328.88
0_11:30211220220,2,796,0.75368705605382658,0.0060299592267940745,9.4090717775743257e-10,8595693.6268862858,25918296.130147323,26150370.240209639,0.0043511687891085813,49295957.220367618,-232074.11441348484,-1081758.8042186331,1425254912634717,-1132113744642897.5,-697082680332225.38
0_11:30211220220,3,796,0.70301504629233069,0.015163443075039633,9.3006622760313657e-10,8707647.2020510472,25876529.759838175,26134511.1223405,0.0043010354655770491,49274942.564936094,-257981.36680336078,-1141346.752716339,1505960964393991.5,-1117081831783279,-687826997185291.75
0_11:30211220220,4,796,0.89212556124386466,0.020624658488856681,9.7052520438129248e-10,8289830.7714471621,25888495.384647585,26164354.059750758,0.0044881355761490242,49300817.578215905,-275858.67959130823,-1113636.3824814348,1424210833337813.2,-1174000125020339,-722873613832579.62
0_11:30211220221,0,796,0.86374727615075553,0.005401386544457566,9.6445385304538051e-10,8352529.1030936129,25922972.312829792,26166606.380603127,0.0044600589761771793,49309136.900656678,-243634.07223339367,-1066351.140728194,1381583098229023.2,-1165384103855914,-717568423293628.12
0_11:30211220300,0,796,0.63713515938426812,7.1615979319602461e-05,9.1597165007399203e-10,8853200.7118787207,26049526.198723126,26178976.263212711,0.0042358559374681718,49371168.327191457,-129450.06872544036,-897831.73906941211,1348879332956539.5,-1100861746846646.5,-677839714249856.12
0_11:30211220300,1,796,0.82624567433580198,6.4658876990725622e-05,9.5643062685214793e-10,8435384.2812748346,26053757.02481886,26205082.018890537,0.004422956048040147,49387298.132935941,-151324.99849463339,-883186.44975829206,1291701122368851.2,-1155766446596231.8,-711646489801679.62
0_11:30211220300,3,796,0.96468417952584007,0.00022556478488882181,9.8604865347600764e-10,8129521.4258357119,26035066.241051052,26212021.733463105,0.004559922835080589,49380978.641805239,-176955.4969719759,-904017.13886134664,1254690757785507.2,-1199097228761627.5,-738326792832779.5
0_11:30212100131,5,795,0.022940026794347645,0.00010181969840966296,9.9494541023196066e-10,8051864.4758950118,26131782.666622885,26906238.453485023,0.0046010653528930886,50681123.992038436,-774455.79146320396,1044258.0967403929,1274683417765027,-755319262772989.62,-1242537395490489.8
0_11:30212100131,8,795,0.35048904693579302,2.0938160338265697e-05,9.2277348381789606e-10,8792411.0503107961,26118425.556569975,26871620.109130636,0.0042673106095068311,50669633.292238258,-753194.5568279716,1037313.5527720102,1373154737859407.8,-691545177152823,-1137625883032366
0_11:30212100133,2,795,0.54111894003614081,7.5745620265006155e-06,8.8077022393570167e-10,9223400.9346821457,26111419.879860718,26844322.423771393,0.0040730690543772166,50660846.745115757,-732902.54798374383,1032532.9786366588,1438115046611126.8,-659116427434812.62,-1084278992254420
0_11:30212101003,5,795,0.15377459341110197,0.0032859617355538505,9.6611741157025537e-10,8347664.7505573248,26072069.659006976,26974568.431576911,0.0044677520027619514,50828395.009382211,-902498.77703768772,1189534.0774627856,1354597709186935,-730671514156500,-1201990634829042.8
0_11:30212101003,6,795,0.10310258364948027,0.00088322947809679254,9.772824474424106e-10,8233101.7967999661,26098666.114369772,26946298.517542131,0.0045193840412505815,50767475.398901932,-847632.40769174288,1129758.6578336169,1315601236735643.8,-739950828730307.62,-1217255564416759.2
0_11:30212101003,7,795,0.29221309860101419,0.0020842707355839337,9.3561396629930079e-10,8660656.5608865395,26076491.84646602,26939885.712808587,0.0043266906503131386,50786959.919260174,-863393.87066925759,1153769.3880880855,1381991353225435,-703691295763407.62,-1157606846483910.5
0_11:30212101003,8,795,0.4813236135525481,0.0017336084557132195,8.9394548515619098e-10,9088211.324973112,26053045.391937967,26928553.047025669,0.0041339972593756958,50805452.823493741,-875507.65922169923,1177780.1183425542,1454014371780360.5,-670830327950380.62,-1103548935647910.5
0_11:30212101010,8,795,0.12387693016930562,0.0046168771607674975,9.7270504218049987e-10,8280069.945702808,26045193.265662499,27034293.304808777,0.0044982161052611906,50936334.577289306,-989100.04364449414,1293337.1315421101,1397541171409192.8,-738200717779520,-1214376545689463
0_11:30212101011,4,795,0.095498645076322386,0.017956150451739039,9.789578940516601e-10,8215910.2611330654,26023218.962174028,27072677.205949597,0.0045271320435682589,51004473.803171955,-1049458.2483027009,1353409.5035409343,1436819741985498.2,-744960701974922.5,-1225497052698479.5
0_11:30212101011,5,795,0.2846091600278563,0.013272577694310136,9.3728941290855029e-10,8643465.0252196379,25991029.459464695,27073682.966575406,0.0043344386526308161,51037758.033489071,-1082653.5114451498,1387978.7781791263,1520144845391249.2,-708572818999121.5,-1165637192678263
0_11:30212101011,6,795,0.2339371502662346,0.0051824213917213867,9.4845444878070552e-10,8528902.071462281,26029527.57203389,27034494.431681681,0.0043860706911194461,50954670.409224257,-1004966.8640338625,1310963.2567555828,1442325845343176.8,-716921571313165.12,-1179371301507690
0_11:30212101011,7,795,0.42304766521776849,0.010090886283969317,9.0678596763759571e-10,8956456.8355488535,25998542.423994262,27023211.850825489,0.0041933773001820033,50970821.516483508,-1024669.4310246041,1337019.1478045769,1526017599285224.2,-682914250327119.38,-1123427583230892.9
0_11:30212101011,8,795,0.61215818016930246,0.007493815007046596,8.6511748649448579e-10,9384011.599635426,25964365.990738332,27005833.167502832,0.0040006839092445595,50983868.442300558,-1041467.1807651833,1363075.0388535711,1616806988184692.2,-651966120234591,-1072516384674543.5
0_11:30212101012,1,795,0.12539630831811874,0.005624176116902798,9.723702634414156e-10,8283505.0659875823,26055355.280276578,27011069.402389012,0.0044966679410690198,50892806.153723679,-955714.12660910224,1250829.754461912,1375777112306343,-737264011227201.75,-1212835617267244
0_11:30212101012,2,795,0.31450682326965262,0.0043099471053605846,9.3070178229830579e-10,8711059.8300741538,26028369.944050554,27008871.628030714,0.0043039745501315769,50921289.244831897,-980501.68828413403,1282546.784004203,1450342725287130.2,-701470114822615.38,-1153952894417399.2
0_11:30212101012,3,795,0.26383481350803095,0.0038321481527676064,9.4186681817046102e-10,8596496.876316797,26057635.050351519,26972209.584924962,0.004355606588620207,50842626.366909973,-914574.53892904986,1204083.969780243,1395376500544766.8,-709720330479748.75,-1167524905592136.2
0_11:30212101012,4,795,0.45294532845956487,0.0079281089059958822,9.0019833702735111e-10,9024051.6404033694,26031453.208331864,26959558.928430136,0.0041629131976827632,50857427.371531159,-928105.72426118515,1227310.5066954475,1471692079031430.5,-676290979469585.88,-1112531976397387.2
0_11:30212101012,5,795,0.64205584341109878,0.0061241993129449931,8.5852985588424119e-10,9451606.4044899419,26005026.852558784,26940345.511056993,0.0039702198067453204,50868248.01404465,-935318.66246842872,1250537.043610652,1554548255172876.2,-645835526485554,-1062431255954573.1
0_11:30212101012,6,795,0.59138383364947711,0.0020441116572961623,8.6969489175639642e-10,9337043.450732585,26038298.887261178,26917695.071526643,0.0040218518452339496,50812038.467501499,-879396.18828731636,1189055.2146408649,1499767120092619.2,-653037344446210.62,-1074278601272867.4
0_11:30212101012,7,795,0.78049434860101097,0.0043013562634061052,8.2802641061328651e-10,9764598.2148191575,26012609.1743166,26890004.837160606,0.0038291584542965067,50813082.597583339,-877395.66667316447,1203791.258928983,1585636583551792,-624456144674388.75,-1027261119692834.6
0_11:30212101012,8,795,0.96960486355254494,0.0033575091725602277,7.863579294701767e-10,10192152.97890573,25987482.549327035,26854956.946331512,0.0036364650633590638,50809070.081333563,-867474.40064094274,1218527.3032171011,1679615574939315.2,-598213337918593.75,-984090409817127.25
0_11:30212101013,0,795,0.42456704336658163,0.0048504152545791593,9.0645118889851134e-10,8959891.9558336288,26011295.592098065,27003090.354285449,0.0041918291359898316,50933202.900808655,-991794.76637921319,1298006.4380283609,1497613447137563.2,-682148602520751.5,-1122168054872388.2
0_11:30212101013,1,795,0.61367755831811555,0.0094835808847016957,8.6478270775540142e-10,9387446.7199202012,25980845.693954535,26981628.278362948,0.0039991357450523887,50938575.013525434,-1000782.5884075493,1319416.3808091539,1586072542000100.5,-651148561649963.38,-1071171460528594.1
0_11:30212101013,2,795,0.8027880732696494,0.0070625682103694987,8.2311422661229151e-10,9815001.4840067718,25950979.722184297,26951833.805084981,0.0038064423541149454,50936802.952676766,-1000854.0867071267,1340826.3235899468,1682303527691260.8,-622761982474325.88,-1024474139416604.9
0_11:30212101013,3,795,0.75211606350802773,0.0069236283810597734,8.3427926248444674e-10,9700438.530249415,25989111.347069059,26923030.421776578,0.003858074392603575,50866916.443051092,-933919.07856559369,1261357.4105095095,1607131930292651.5,-629252315861397.62,-1035151057562489.5
0_11:30212101013,4,795,0.9412265784595617,0.013636622384364531,7.9261078134133682e-10,10127993.294335987,25965282.531838629,26884711.773326095,0.0036653810016661318,50855428.137359351,-919429.24515284679,1275314.9743421562,1706040882266519,-602552217154677.38,-991228079900581.12
0_11:30212101013,5,796,0.13033709341109559,0.010205247687413214,8.0754546770291691e-10,9972908.7250271756,25938366.674827784,26886141.380562894,0.0037344455626640771,50835514.051445484,-947774.7094695553,1289272.5381748027,1695891926840634.5,-1006248073558977,-619582711997622.25
0_11:30212101013,6,796,0.079665083649473153,0.0038180451447491922,7.9670451754859372e-10,10084862.300192218,25971411.920758799,26858862.95794268,0.0036843122391324186,50800307.772446811,-887451.04086819303,1224708.3829906581,1667180707500339.8,-994388418375053.75,-612280300678490.25
0_11:30212101013,7,796,0.26877559860100708,0.0075898815923568248,8.3716349432674962e-10,9667045.8695883323,25947142.649625737,26878794.298121102,0.0038714123497043942,50780023.871464148,-931651.6523667773,1231213.5678751585,1607258587524709.5,-1036952368882316.2,-638488438196059
0_11:30212101013,8,796,0.457886113552541,0.005715205507358637,8.7762247110490563e-10,9249229.4389844481,25925149.854684632,26890188.667021148,0.0040585124602763702,50751961.254449204,-965038.81639502815,1237718.7527596587,1555152706281788,-1083195790538439.6,-666962156908794.62
0_11:30212101020,2,795,0.18367225665289832,0.00059698769733979235,9.5952978096001087e-10,8415259.5554118417,26099407.325612098,26928169.962611269,0.0044372879002627123,50745754.475290336,-828762.64143645915,1110193.624770354,1333582220351864.5,-723624024836660.62,-1190397167727367.2
0_11:30212101020,3,795,0.13300024689127662,0.0001926051275897982,9.706948168321659e-10,8300696.601654483,26121554.043373976,26903924.710925236,0.0044889199387513415,50692077.435718924,-782370.67204018042,1055660.7513765506,1307866558560926,-732835211745598,-1205550023950295.2
0_11:30212101020,4,795,0.32211076184281051,0.0007392879467237024,9.2902633568905619e-10,8728251.3657410555,26102386.969642442,26895222.839005917,0.0042962265478138986,50708500.173874117,-792835.87365970213,1076054.8811677671,1370089742571877.8,-697162950880764.5,-1146867397555304.2
0_11:30212101020,5,795,0.51122127679434448,0.00073466045507387414,8.8735785454594628e-10,9155806.1298276279,26082794.79167743,26881480.933186419,0.0041035331568764558,50723701.729332276,-798686.14561252214,1096449.0109589836,1437857197138231,-664806307227617.12,-1093639124806117
0_11:30212101020,6,795,0.46054926703272203,6.123648243195366e-05,8.9852289041810161e-10,9041243.1760702692,26108016.487147834,26863703.232944485,0.0041551651953650858,50678325.077367775,-755686.74995181581,1047589.8773360725,1411217971274452.8,-672627906588941.38,-1106506041059927.5
0_11:30212101020,7,795,0.64965978198425589,0.00030613402406131198,8.568544092749918e-10,9468797.9401568417,26088843.105832502,26844583.299235802,0.0039624718044276429,50689496.799467288,-755740.19736577175,1065147.1372418429,1482604846581610.2,-642397600427773.5,-1056775698231815.4
0_11:30212101020,8,795,0.83877029693578986,0.00032261424529043725,8.1518592813188188e-10,9896352.7042434141,26069506.223225143,26819825.940612864,0.0037697784134901996,50698639.831613533,-750319.72115749936,1082704.3971476131,1560995430501373.2,-614754791001073,-1011301914996109
0_11:30212101021,0,795,0.29373247674982728,0.00077122026500880156,9.3527918756021632e-10,8664091.6811713148,26087510.413981836,26924260.428977028,0.004325142486120967,50757790.138626486,-836750.01932033373,1123322.0149888718,1371521684330439.2,-703008288891544.75,-1156483266533690.5
0_11:30212101021,1,795,0.48284299170136119,0.0018630584345058945,8.936107064171064e-10,9091646.4452578854,26065159.851489492,26910883.030871902,0.0041324490951835232,50772469.233985797,-845723.18351485895,1145206.6189794026,1442725425568193.2,-670141518790223,-1102415810647615.9
0_11:30212101021,2,795,0.67195350665289511,0.0015677963350680473,8.5194222527399659e-10,9519201.2093444578,26042463.515184388,26891759.474951815,0.0039397557042460804,50784724.247948259,-849295.96370718302,1167091.2229699332,1520281922513113.8,-640196611375421.38,-1053154962816472.9
0_11:30212101021,3,795,0.62128149689127343,0.00097493034191493077,8.6310726114615172e-10,9404638.255587101,26070841.866493665,26870498.100861777,0.0039913877427347096,50730787.387224741,-799656.23835949972,1107429.8713227452,1481089967354308.5,-647306975074663.88,-1064851861369558
0_11:30212101021,4,795,0.81039201184280729,0.0024548197536244567,8.2143878000304191e-10,9832193.0196736734,26049784.623664837,26844728.698483031,0.0037986943517972671,50736750.276745126,-794944.07861688826,1124771.3767351103,1562503208412760,-619231485253195.5,-1018666297569933.9
0_11:30212101021,5,795,0.99950252679434126,0.0021066528860533688,7.7977029885993199e-10,10259747.783760246,26029776.106300343,26812245.55212,0.0036060009608598238,50738932.432893395,-782469.44942565821,1142112.8821474754,1651937085437580.5,-593451756675966.25,-976257374109935.5
0_11:30212101021,6,795,0.94883051703271881,0.00044918051345027175,7.9093533473208743e-10,10145184.830002887,26057914.313277788,26801729.16020843,0.0036576329993484543,50701091.061704867,-743814.85058827465,1091537.7276566187,1611168030718030.5,-599705622678440.75,-986545291759397.88
0_11:30212101021,7,796,0.13794103198425273,0.0012098176833935622,8.0917228139031414e-10,9956108.757695999,26038181.403586734,26816102.544949926,0.0037419686649526242,50700687.966077276,-777921.14510516101,1104336.134490818,1580914573827240,-1005272742421325.4,-618982165942190.25
0_11:30212101021,8,796,0.32705154693578664,0.0010694656910161999,8.4963125816847005e-10,9538292.3270921148,26018943.805975907,26843132.006136894,0.0039290687755245994,50696516.047909148,-824188.20409005648,1117134.5413250176,1512198310414934.2,-1049221480227197.2,-646042966230061.38
0_11:30212101022,0,795,0.65117916013306976,4.019771213557901e-05,8.5651963053590722e-10,9472233.0604416169,26101113.605137654,26832964.27493016,0.0039609236402354704,50667971.24082344,-731850.67375343048,1042214.9428685794,1479660800762153.2,-641891935368914.62,-1055943854300126.8
0_11:30212101022,1,795,0.84028967508460373,0.00023926011521602987,8.1485114939279731e-10,9899787.8245281894,26082722.949298035,26807696.166884758,0.0037682302492980276,50676195.454027735,-724973.22135495243,1058432.1417733713,1557631700803853.2,-614269419076715.12,-1010503454270346.9
0_11:30212101022,2,796,0.029400190036136871,0.00025971481992746373,7.8595066727231656e-10,10195916.402284797,26064572.355686247,26787393.884092607,0.0036345817037607914,50681952.912999347,-722821.53204094095,1074649.3406781629,1617095379113216,-981266023934916.88,-604200375907686.62
0_11:30212101022,3,795,0.97872818027451514,4.3024530239304077e-05,7.8434770412184273e-10,10212779.634857403,26091188.651577409,26768169.233155571,0.0036271688968492143,50648095.346469648,-676980.58520533051,1031814.8993680394,1614852978295548.8,-595113683441304.62,-978991325508074.38
0_11:30212101022,4,796,0.16783869522604983,0.00026375884807118598,8.1556869389614979e-10,9890053.546845952,26074156.601726215,26795674.203493889,0.0037715484908011111,50652775.56491001,-721517.6055392226,1046263.8596869634,1554655431080780.8,-1011030579994492.5,-622527471232770.38
0_11:30212101022,5,796,0.35694921017758374,0.00028732472801917786,8.5602767067430569e-10,9472237.116242066,26057702.551774714,26825428.60880328,0.0039586486013730863,50655115.097859569,-767726.06098721421,1060712.8200058874,1482803990026716.5,-1055675474343380.4,-650016919853225.25
0_11:30212101022,7,796,0.49538771536749521,9.0679157037886957e-05,8.8564569729813841e-10,9166374.2608032227,26068424.602053482,26830669.14263954,0.0040956153884134034,50630782.772229321,-762244.5446816734,1034095.5776005556,1430290507467758,-1090377153131135.6,-671383977161611.38
0_11:30212101022,8,796,0.68449823031902912,9.9883941571551148e-05,9.2610467407629442e-10,8748557.8301993385,26053616.143080834,26851863.250892539,0.0042827154989853794,50630939.177461483,-798247.11209441978,1046776.2993336119,1368683998514723.8,-1142455264090722,-703450321507424.88
0_11:30212101023,0,796,0.13946041013306584,0.00037323738030297575,8.094973425602645e-10,9952751.8784921262,26053699.159069899,26806568.90270042,0.0037434718908293894,50682185.43797332,-752869.74737399293,1082775.6373207825,1572382734140632,-1005244817950152.8,-618964971852546.88
0_11:30212101023,1,796,0.32857092508459979,0.0010497747605260513,8.499563193384204e-10,9534935.4478882384,26035690.693626441,26834406.32106977,0.0039305720014013645,50679626.589928359,-798715.63137390045,1094484.3891615227,1503216454638200.5,-1049241200812356.1,-646055108895429.88
0_11:30212101023,2,796,0.5176814400361337,0.0009444278901945129,8.9041529611657641e-10,9117119.0172843561,26018179.34772161,26856657.925219193,0.0041176721119733405,50674713.150695778,-838478.58161525498,1106193.1410022632,1440866160018052,-1097219106072757.6,-675596810825915.38
0_11:30212101023,3,796,0.46700943027451269,0.00043480441290037839,8.7957434596225353e-10,9229072.5924493931,26048125.120016377,26839688.267164536,0.0040675387884416834,50654466.749050662,-791563.15121569717,1068556.9305088252,1444947035675248.2,-1083476191444502.2,-667134809715185
0_11:30212101023,4,796,0.65611994522604666,0.0013165544849803748,9.2003332274040954e-10,8811256.161845509,26031905.316855945,26860327.570461489,0.0042546388990136593,50652373.479735404,-828422.25786018348,1081064.1906161527,1386220301597576.5,-1134806095303096,-698740456349420
0_11:30212101023,5,796,0.84523046017758052,0.0012173493629968324,9.6049229951856555e-10,8393439.7312416229,26016150.370840237,26876326.787829857,0.0044417390095856353,50649381.425688684,-860176.42143135983,1093571.4507234802,1332886212924460,-1191225155760931.8,-733479677626324
0_11:30212101023,6,796,0.79455845041595807,0.00017097212096113624,9.4965134936424215e-10,8505393.3064066656,26044962.080414675,26861909.738522314,0.0043916056860539756,50630324.658878915,-816947.66249924409,1054338.2236968684,1336139753742024,-1175103170045578,-723552797868953.5
0_11:30212101023,7,796,0.98366896536749204,0.0005980709941336591,9.9011032614239816e-10,8087576.8758027796,26030217.803550411,26875722.158378497,0.0045787057966259516,50628926.629602522,-845504.35940679151,1067643.9920707829,1285522872226821.8,-1235776649962803.2,-760911616455794
0_11:30212101030,0,795,0.78201372674982406,0.0018611176776138791,8.2769163187420214e-10,9768033.3351039309,26029014.240628891,26875681.892089017,0.0038276102901043355,50786480.936613932,-846667.65528773633,1177029.4627575506,1569614559215084.8,-623909742172426.25,-1026362260660449.2
0_11:30212101030,1,795,0.97112424170135803,0.00395745007314946,7.8602315073109222e-10,10195588.099190503,26007184.317928553,26839791.923228167,0.0036349168991668922,50780915.30029016,-832607.60893453122,1189297.5370424753,1662480072029215.2,-597680410851379.62,-983213718538724.5
0_11:30212101030,2,796,0.16023475665289191,0.0031084992337354245,8.1394188020875235e-10,9906853.5141771305,25983295.19592917,26856239.689527284,0.0037640253885125627,50769611.912975594,-872944.4973621401,1201565.6113273997,1618893379741697,-1011644183521699.9,-622905288738680
0_11:30212101030,3,796,0.10956274689126951,0.0025306330575145205,8.0310093005442906e-10,10018807.089342169,26017474.151485778,26829858.502515815,0.0037138920649809038,50735724.59610565,-812384.35474392888,1150731.8216871081,1609653445457118,-999672026402677.75,-615533605978553.38
0_11:30212101030,4,796,0.29867326184280341,0.0054821221390625192,8.4355990683258507e-10,9600990.6587382853,25997402.217970178,26855648.023303937,0.0039009921755528798,50727915.366864942,-858245.80923475185,1163009.2302336742,1544390705614917.5,-1043015242356063.8,-642221564934952.38
0_11:30212101030,5,796,0.48778377679433732,0.0043531326653642333,8.8401888361074097e-10,9183174.2281344011,25977862.605292235,26875342.029134534,0.0040880922861248553,50716852.981759511,-897479.42793039198,1175286.6387802407,1486363195344603.5,-1090232589755654.5,-671294964351957.62
0_11:30212101030,6,796,0.43711176703271565,0.0013069605598836033,8.7317793345641799e-10,9295127.8032994419,26008347.994117483,26855582.158101331,0.0040379589625931973,50691685.527483352,-847234.16802180686,1124434.1806166654,1476380640203071.5,-1076566975061643.1,-662880559558830
0_11:30212101030,7,796,0.62622228198424956,0.0029055686940362741,9.13636910234574e-10,8877311.3726955559,25992063.14560052,26873714.327437166,0.0042250590731651733,50683580.453822717,-881651.18606170511,1136720.9234248735,1421634090007766,-1127056066215110.5,-693968487918801.12
0_11:30212101030,8,796,0.81533279693578342,0.0023414030210356968,9.540958870127298e-10,8459494.9420916717,25976225.596360903,26886840.771906286,0.0044121591837371485,50673918.559952408,-910615.17995754245,1149007.6662330816,1372630519458328.2,-1182496164350098,-728104927290455.5
0_11:30212101031,0,796,0.27029497674982089,0.0035474447268701074,8.3748855549670029e-10,9663688.9903844576,25969955.983171493,26867485.519416485,0.0038729155755811606,50758227.964635901,-897529.54011790769,1206783.8897573038,1583115000843716.8,-1036867337960473.1,-638436081634547.38
0_11:30212101031,1,796,0.45940549170135481,0.007091781905244776,8.7794753227485619e-10,9245872.5597805716,25950406.875705171,26882636.1668506,0.0040600156861531362,50737341.697027519,-932229.29520544468,1212448.3858446814,1529638415535653,-1083276926576626,-667012115251971.88
0_11:30212101031,2,796,0.64851600665288878,0.005359927791336312,9.184065090530122e-10,8828056.1291766856,25930863.67324755,26891954.759994593,0.0042471157967251113,50713513.822283819,-961091.09099415864,1218112.8819320586,1483102795481927.2,-1134013706451045,-698252554363010.38
0_11:30212101031,3,796,0.59784399689126633,0.0049989924923069225,9.0756555889868891e-10,8940009.7043417282,25967160.815573972,26883838.464528147,0.0041969824731934533,50708519.438806564,-916677.65315115789,1181835.545535129,1456650661667704,-1119702445868933.2,-689440602443233.75
0_11:30212101031,4,796,0.78695451184280019,0.010093883434464934,9.4802453567684492e-10,8522193.2737378441,25950099.863014527,26895417.349327546,0.0043840825837654284,50694748.47397323,-945317.49069710157,1192063.4005196684,1412347808013032.8,-1174278961255409.2,-723045303215414.5
0_11:30212101031,5,796,0.97606502679433416,0.0076783041655967858,9.8848351245500072e-10,8104376.8431339581,25932102.607315272,26903266.039124314,0.0045711826943374036,50681767.452641033,-971163.4363802243,1202291.2555042077,1373691918824034,-1234502038979992.8,-760126793160005.25
0_11:30212101031,6,796,0.92539301703271248,0.0027111249595453829,9.7764256230067774e-10,8216330.4182989979,25967469.631088223,26892888.228762068,0.0045210493708057464,50668889.779787526,-925418.60219489387,1156887.2013129538,1347600772372331.5,-1217371637004947.8,-749578995661354.25
0_11:30212101032,0,796,0.62774166013306265,0.0011665181097986802,9.1396197140452425e-10,8873954.4934916832,26008124.561346225,26867173.525283765,0.0042265622990419385,50670936.848429151,-859048.96816410194,1113203.0006158452,1408359664747137.2,-1127201150496181,-694057821468545
0_11:30212101032,1,796,0.81685217508459651,0.0026355283550035884,9.5442094818268026e-10,8456138.0628877971,25991791.169457611,26882039.876509745,0.0044136624096139136,50664625.561003886,-890248.71146579634,1125583.5729668061,1358642991306049.2,-1182748644360757,-728260388208930.5
0_11:30212101032,3,796,0.95529068027450947,0.0015317653239567805,9.8403897480651328e-10,8150275.207448951,26006889.757610589,26883579.592926342,0.0045506291966542324,50647347.876759693,-876689.83986638195,1100904.7851343406,1305051636659418.5,-1226716259585012.5,-755332811994411
0_11:30212101100,0,795,0.067120359983339151,0.010041756914760568,9.8521074592282033e-10,8151750.5765633238,26005395.359595951,27126342.430876948,0.0045560479818753273,51101575.50871931,-1120947.0758370452,1437445.3786042009,1488987470737054.8,-752253446672430.25,-1237493976978089.5
0_11:30212101100,1,795,0.25623087493487307,0.01893728189120809,9.4354226477971052e-10,8579305.3406498972,25969672.53165393,27128436.917319626,0.0043633545909378844,51135726.498157404,-1158764.3900290506,1478772.7880129116,1581508381834762,-715242124893892,-1176608529415782.5
0_11:30212101100,2,795,0.44534138988640698,0.013756422024683426,9.0187378363660071e-10,9006860.1047364697,25928783.364376698,27124785.720225517,0.0041706612000004415,51167390.64212548,-1196002.3600194801,1520100.1974216227,1681759101488797,-681711518081837.12,-1121449029438899.1
0_11:30212101100,3,795,0.39466938012478525,0.014636651064291182,9.1303881950875584e-10,8892297.150979111,25969960.814387057,27069008.561955944,0.0042222932384890707,51051043.889888734,-1099047.7517911799,1404451.1038290453,1572989299583063,-688924197637660.12,-1133314242616301.2
0_11:30212101100,4,795,0.58377989507631922,0.027697929270551248,8.7137033836564603e-10,9319851.9150656834,25934795.184647676,27045739.973455016,0.0040295998475516279,51051773.615227982,-1110944.7928369399,1426488.8391234521,1671860148901585.5,-657328711085783,-1081338110794513.6
0_11:30212101100,5,795,0.77289041002785308,0.020168384212771055,8.2970185722253611e-10,9747406.6791522559,25900593.79044519,27011652.113830749,0.003836906456614185,51040630.468142666,-1111058.3272224655,1448526.5744178593,1779274718982041,-628358831454921.12,-1033681231699371.9
0_11:30212101100,6,795,0.72221840026623141,0.0082856712338714947,8.4086689309469134e-10,9632843.725394899,25941886.003695134,26986769.001367714,0.0038885384951028146,50978504.599216998,-1044883.0015611186,1371456.8290538897,1674299866873111.5,-635057948489865,-1044701609231020.9
0_11:30212101100,7,795,0.91132891521776527,0.01574595333858738,7.9919841195158143e-10,10060398.489481471,25910549.459126052,26942124.487143036,0.0036958451041653713,50953767.877521887,-1031575.0317128296,1374204.8902339928,1782333234417657,-607773695778939.25,-999817669455838.38
0_11:30212101100,8,796,0.10043943016929922,0.011499474652053017,8.0114905519708147e-10,10038963.935877221,25874604.713220742,26922858.144005246,0.0037048657368155915,50914543.008817598,-1048253.4344893706,1376952.9514140959,1808979135752927.5,-1001181100272774.4,-616462796409430.12
0_11:30212101101,0,795,0.55540160998333599,0.015022318909540998,8.7762319023680615e-10,9255692.2304959409,25903810.69342602,27112217.392000534,0.0040585157858586962,51169999.616737954,-1208406.7026330291,1534659.7032413702,1745264079356370.5,-663418056570198.62,-1091355384087227
0_11:30212101101,1,795,0.74451212493486985,0.02797924267682287,8.3595470909369634e-10,9683246.9945825133,25866243.960593995,27070186.96880991,0.0038658223949212529,51142670.624153078,-1203943.0120817379,1543365.9143467254,1864294934688711.2,-633786774169551.88,-1042610464854035.8
0_11:30212101101,2,795,0.93362263988640382,0.020150307012834375,7.9428622795058643e-10,10110801.758669086,25832457.135459501,27012700.769082885,0.00367312900398381,51094894.317820586,-1180243.637296513,1552072.1254520812,1994021676299566.2,-606418845106010.75,-997588873356770.62
0_11:30212101101,3,795,0.88295063012478203,0.022054009781943325,8.0545126382274166e-10,9996238.8049117289,25881787.03713252,26980028.283252377,0.0037247610424724392,51015913.595737934,-1098241.2498446179,1455031.7963611933,1847376564501682.8,-612420648266276.12,-1007462135213782.5
0_11:30212101101,4,796,0.072061145076315988,0.04116602898338128,7.9507770386119648e-10,10101662.267523393,25856314.308328077,26943950.699577495,0.0036767891368438715,50963760.034326978,-1087636.3949262074,1455349.202106745,1910372027863120.5,-995928829712986.25,-613228786702391.38
0_11:30212101101,5,796,0.26117166002784992,0.029691342060616254,8.3553668063935239e-10,9683845.836919507,25819760.908024993,26938413.741116893,0.0038638892474158466,50894829.670975283,-1118652.836955789,1455666.6078522967,1878133118520300.5,-1037493739871137.1,-638821779560146.38
0_11:30212101101,6,796,0.21049965026622822,0.01259550222843216,8.2469573048502941e-10,9795799.4120845497,25852755.899276622,26923032.913780611,0.0038137559238841895,50880581.718506195,-1070277.0183177453,1375403.8894810167,1783572111242710.2,-1025349375189516.2,-631344062481579.75
0_11:30212101101,7,796,0.3996101652177621,0.023574135449865349,8.6515470726318531e-10,9377982.9814806636,25830203.294385366,26918316.451475427,0.004000856034456165,50819468.718258508,-1088113.1610909165,1367332.4898667645,1750618452808205,-1069745250330845.6,-658680181123063.25
0_11:30212101101,8,796,0.58872068016929602,0.01703489819885582,9.0561368404134132e-10,8960166.5508767776,25813652.202774432,26902852.722982258,0.0041879561450281402,50746302.72748208,-1089200.5243957823,1359261.0902525124,1727050662404516,-1118015977903880,-688402184161557.88
0_11:30212101102,0,795,0.91284829336657847,0.0078211765120150076,7.9886363321249706e-10,10063833.609766245,25934544.058724247,26924573.294474382,0.0036942969399732001,50921090.101871341,-990029.23944443197,1346714.6047781887,1743300549216187.5,-607176596815887.25,-998835412247573
0_11:30212101102,1,796,0.10195880831811234,0.014901140611332473,8.0147411636703193e-10,10035607.056673348,25908527.467930071,26906519.26418674,0.0037063689626923571,50883150.959442765,-997991.79996303783,1345539.6912696811,1765494965418754.8,-1000898494006570,-616288785684397.75
0_11:30212101102,2,796,0.29106932326964624,0.010901781199268677,8.4193309314518793e-10,9617790.6260694638,25878078.45893779,26910477.056975737,0.0038934690732643331,50833598.306747094,-1032398.6019314161,1344364.7777611734,1718168641411693.2,-1043362493899238.6,-642435380055218.38
0_11:30212101102,3,796,0.24039731350802454,0.011332816199636917,8.3109214299086485e-10,9729744.2012345027,25923492.792386126,26894069.386784215,0.0038433357497326751,50817041.860879406,-970576.59824142454,1294682.4318558329,1664241540079222,-1031021316610976.9,-634836478457861.5
0_11:30212101102,4,796,0.42950782845955848,0.021688909816355351,8.7155111976902075e-10,9311927.7706306186,25901919.701896064,26903896.084781237,0.0040304358603046502,50784753.812485866,-1001976.3869156088,1299315.9226104224,1618953513309184.2,-1076597679751867,-662899465528182.75
0_11:30212101102,5,796,0.61861834341109234,0.015917011115667918,9.1201009654717676e-10,8894111.3400267325,25880831.320697691,26907553.777029909,0.0042175359708766262,50748951.343376748,-1026722.4605497539,1303949.4133650118,1581607059179339.5,-1126378098658079,-693551039191524.25
0_11:30212101102,6,796,0.56794633364947,0.0063686443574681702,9.0116914639285347e-10,9006064.9151917752,25915309.266630676,26894464.313893076,0.0041674026473449673,50734916.020016462,-979155.05142980302,1242650.2589334771,1529415965779899.8,-1112068551795325.9,-684740142469681.25
0_11:30212101102,7,796,0.75705684860100386,0.012256191466343882,9.4162812317100937e-10,8588248.4845878892,25901767.995760977,26900489.404461071,0.0043545027579169424,50709415.893697515,-998721.4130545964,1253092.1539511634,1492991927602570,-1165584311552237.8,-717691698289835
0_11:30212101102,8,796,0.94616736355253783,0.0090292146313472113,9.8208709994916538e-10,8170432.0539840041,25887183.861577805,26902668.327561952,0.0045416028684889184,50684511.934527718,-1015484.47052575,1263534.0489688499,1463107811666135.5,-1224587812219545.5,-754022251283098.88
0_11:30212101103,0,796,0.40112954336657525,0.011952742259054246,8.6547976843313577e-10,9374626.1022767909,25864598.553839136,26908495.378347058,0.0040023592603329302,50800541.721449651,-1043896.8285102812,1341859.6343697389,1696270307240585.8,-1069729751957709,-658670638223740.88
0_11:30212101103,1,796,0.59024005831810911,0.022407327028904449,9.0593874521129168e-10,8956809.6716729049,25848522.362997606,26902827.761033852,0.0041894593709049053,50745934.864721626,-1054305.4022257046,1334425.6434736494,1668516017478120.8,-1118426886086070,-688655194937521.75
0_11:30212101103,2,796,0.77935057326964308,0.016209894458843816,9.4639772198944768e-10,8538993.2410690188,25830288.023190502,26892774.49137811,0.0043765594814768813,50691046.96158646,-1062486.4725641673,1326991.6525775602,1649425037949784.5,-1171883064309507.5,-721570064289333.12
0_11:30212101103,3,796,0.7286785635080214,0.017482041665824264,9.355567718351245e-10,8650946.8162340596,25870727.344559386,26908252.154134765,0.0043264261579452233,50729079.807562351,-1037524.8139018051,1306212.9878795424,1564791878173883.8,-1157585369409494.2,-712766465242298
0_11:30212101103,4,796,0.91778907845955526,0.032866375722094048,9.7601574861328071e-10,8233130.3856301745,25854850.036425807,26906102.967939332,0.0045135262685172001,50694837.925550409,-1051252.9360270519,1309358.2520955871,1544333626084803,-1215509709504966,-748432540706264
0_11:30212101110,0,796,0.043682859983332753,0.021898059159624166,7.890063525253115e-10,10164360.599169565,25811777.980049197,26976398.33544321,0.0036487125368721515,51034673.388313681,-1164620.3590427258,1543765.171670682,2036339718423367.5,-991162728061362.12,-610294128475891.38
0_11:30212101110,1,796,0.23279337493486665,0.040464692842345697,8.2946532930346741e-10,9746544.1685656812,25784460.593882065,26949872.370783638,0.0038358126474441266,50924706.426971786,-1165411.7807373856,1506512.1830666913,2019104086468027.5,-1031424790338379.4,-635084911575710.5
0_11:30212101110,2,796,0.4219038898864006,0.02898995041114507,8.6992430608162341e-10,9328727.7379617952,25758549.300773058,26909200.444292501,0.0040229127580161022,50796652.608391888,-1150651.1475423553,1469259.1944627,2014874648209610.2,-1074910642015747.4,-661860696418205.25
0_11:30212101110,3,796,0.37123188012477887,0.032293733251774225,8.5908335592730033e-10,9440681.3131268341,25806269.438899886,26929105.219265152,0.003972779434484445,50847142.977339171,-1122835.7843380454,1451049.2599802949,1866149025126799,-1063219430426876.6,-654662001808882.5
0_11:30212101110,4,796,0.56034239507631278,0.059756134919120192,8.9954233270545634e-10,9022864.8825229518,25793616.757689957,26910225.116854057,0.0041598795450564201,50766296.67817314,-1116608.3633239798,1434864.3767207856,1857828770237302,-1110684513051537.8,-683887940611194.12
0_11:30212101110,5,796,0.74945291002784675,0.042847624692473184,9.4000130948361234e-10,8605048.4519190658,25778848.678072769,26888291.904438995,0.0043469796556283961,50687752.298490241,-1109443.2307132052,1418679.4934612762,1860831703760447.5,-1162811718736887.8,-715984514325026
0_11:30212101110,6,796,0.69878090026622497,0.018547492979315527,9.2916035932928916e-10,8717002.0270841047,25811796.674175002,26894916.527991142,0.0042968463320967381,50709427.407801867,-1083119.8581129867,1358333.3482899077,1719519328603110.2,-1148368434376315.8,-707091270671276.62
0_11:30212101110,7,796,0.88789141521775894,0.034379003072419707,9.6961933610744516e-10,8299185.5964802206,25809232.699164227,26882025.19538724,0.0044839464426687141,50653720.302341066,-1072792.5007069602,1363216.57037488,1717432341743101.2,-1204857145794903.2,-741873378520875.5
0_11:30212101111,0,796,0.53196410998332955,0.031411075126383081,8.9347098136957125e-10,9085563.2141691223,25751697.968349226,26884972.49182139,0.0041318029450847001,50724919.069759257,-1133274.5276039669,1448761.101206043,2020753200949931.5,-1102120790601199.2,-678614952249776.25
0_11:30212101111,1,796,0.72107462493486352,0.057762862729704302,9.3392995814772726e-10,8667746.7835652381,25753771.875715464,26845897.146070387,0.0043189030556566761,50612899.14770712,-1092125.2746738258,1415572.5630190289,2046081447082141.2,-1152695734094528.2,-709755742947535.25
0_11:30212101111,2,796,0.91018513988639738,0.041264394232539685,9.7438893492588327e-10,8249930.352961353,25748508.92527204,26808448.896496452,0.0045060031662286512,50511903.123218417,-1059939.9757304154,1382384.0248320145,2086083056713123.5,-1208657179417722,-744213194317372.88
0_11:30212101111,3,796,0.8595131301247757,0.046448817792791974,9.6354798477156008e-10,8361883.9281263929,25774104.729416665,26877939.020130381,0.0044558698426969932,50650233.103178397,-1103834.2951695861,1410068.8531093732,1870009926782777.8,-1195740668388940.5,-736260039282298.25
0_11:30212101112,0,796,0.88941079336657203,0.017660370486417155,9.6994439727739562e-10,8295828.7172763469,25821234.388489705,26889442.250823062,0.0044854496685454793,50667475.574242942,-1068207.8668188071,1327779.4799229761,1644082656045982.8,-1205672004586394,-742375116047826.75
0_11:30212101120,0,796,0.75857622674981773,0.005985204430980713,9.4195318434096004e-10,8584891.6053840145,25920168.219442561,26896479.058191579,0.0043560059837937093,50701591.861110173,-976310.84310502349,1223275.0010574167,1460249884184961,-1165860170260966.2,-717861554303847.12
0_11:30212101120,1,796,0.94768674170135159,0.011556933644106579,9.8241216111911584e-10,8167075.1747801285,25902979.595959537,26902310.565382112,0.0045431060943656844,50683636.503269963,-999330.97396568116,1235350.0843599013,1428076436625788,-1225069989517587,-754319144987379.5
0_11:30212101200,1,796,0.68601760846784154,6.1401609967156242e-05,9.2642973524624457e-10,8745200.9509954657,26066461.789107166,26845830.187748555,0.0042842187248621436,50619275.510295764,-779368.40292560763,1027926.5221224355,1366711985531234.5,-1142630515632065.8,-703558230111794.75
0_11:30212101200,2,796,0.8751281234193754,6.8173116192824052e-05,9.6688871202440047e-10,8327384.5203915806,26052156.127933886,26862741.351929113,0.0044713188354341188,50619255.521264315,-810585.22846654616,1040038.0136177985,1310123361666256.8,-1199960143731104.5,-738858120256961.38
0_11:30212101201,0,796,0.98518834351630435,0.00012886837237422301,9.9043538731234841e-10,8084219.9965989077,26043584.081330154,26870609.784597069,0.0045802090225027167,50619107.137617528,-827025.70784712397,1047415.8664276908,1280165829722819,-1236050013287570.2,-761079935973187.75
