cell,qp,segment,xi,weight,V,Theta,q,friction,damping,sigma,R,p,Kfixed,Kstate0,Kstate1
0_11:30210323313,8,795,0.028099380019698399,0.064442635414529728,9.9412519101606672e-10,8059421.9216485647,26095726.078222223,27234977.732659336,0.0045972722983423399,51300976.346090227,-1139251.6590343858,1469163.3218334368,2523993619254953.5,-763840211151419.88,-1221013662995512.5
0_11:30210323322,7,795,0.065600981834526034,0.019955607698562729,9.8628463556255861e-10,8138726.7761746859,26165601.72169479,26948813.619778298,0.0045610141200809187,50766829.44159992,-783211.90264452214,999991.98516198609,1525627553860674.5,-748521623874140.38,-1196526598698187
0_11:30210323322,8,795,0.25471149678605992,0.014476425259437282,9.4674681830770444e-10,8538639.8772641812,26142638.70584736,26951503.719194032,0.0043781738564548809,50800924.119637758,-808865.01772484591,1032435.6768233791,1618641803838934.2,-713943254120338.5,-1141252391740871.8
0_11:30210323323,2,795,0.087894706503165221,0.024900414890780143,9.8162362973691956e-10,8185871.4448323529,26123361.886968244,27041639.279489256,0.0045394595783006001,50944747.280906752,-918277.39706047217,1149850.382706847,1774232247003166,-746818850226432.5,-1193804681393380.5
0_11:30210323323,3,795,0.037222696741542799,0.027560664550677547,9.9221775594087342e-10,8078715.0523525318,26146675.174155239,26990077.110857889,0.0045884514792832124,50840834.431445755,-843401.94129110151,1054185.8029774199,1610806727327472.8,-755181180728313.25,-1207172031852567.8
0_11:30210323323,4,795,0.22633321169307671,0.051161750613869433,9.5267993868601905e-10,8478628.153442027,26121512.058813088,26987976.687608063,0.0044056112156571738,50864841.262357607,-866464.63320058677,1082828.3560360561,1717439129872219.8,-719901177189518.5,-1150776249433017.8
0_11:30210323323,5,795,0.4154437266446106,0.036762748466395982,9.1314212143116499e-10,8878541.2545315232,26090511.973199945,26982532.05472647,0.0042227709520311369,50889910.051213093,-892020.08574929624,1111470.909094692,1833201378273465.2,-687813737073802.38,-1099483842696823
0_11:30210323323,6,795,0.36477171688298893,0.015796464925604301,9.2373624763511844e-10,8771384.8620517049,26127332.652648933,26948248.696644451,0.0042717628530137474,50815068.846984588,-820916.04826728103,1045841.4135486812,1677715767104412.2,-695192583735966.12,-1111279074814898.1
0_11:30210323323,7,795,0.55388223183452279,0.029384457290361349,8.8419843038026428e-10,9171297.9631411992,26096697.881717362,26926241.417352408,0.0040889225893877097,50814280.530160554,-829543.5397239693,1059466.4245156092,1788375056942887.8,-664868498633601.12,-1062805425892942.6
0_11:30210323323,8,795,0.74299274678605676,0.021144396535523021,8.4466061312541001e-10,9571211.0642306954,26062084.27204584,26897903.534703892,0.0039060823257616711,50809075.736359991,-835819.26656413451,1073091.4354825371,1908685140186612.5,-637023098934308.38,-1018294004540620.6
0_11:30210323330,5,795,0.057997043261368876,0.064494572099283304,9.8787441037650637e-10,8122646.6832403261,26097246.229642738,27124856.66842059,0.0045683659383215312,51097443.361856759,-1027610.4433462188,1274585.9238882579,2064918713333551.2,-754887766224653.12,-1206703002973674
0_11:30210323330,6,795,0.0073250334997471758,0.028299425648581691,9.9846853658045983e-10,8015490.290760505,26132029.950476434,27066418.409725931,0.0046173578393041417,50980878.016856909,-934388.46386685432,1184043.2154971219,1818328989271706.2,-763234507468022.5,-1220045433695250.8
0_11:30210323330,7,795,0.19643554845128108,0.052101391734113829,9.5893071932560566e-10,8415403.3918500021,26109306.569292121,27071112.957002096,0.0044345175756781039,51016604.915596291,-961806.39214449283,1225999.048439133,1953533222946039.2,-727473862197891,-1162881335975720.2
0_11:30210323330,8,795,0.385546063402815,0.037243650941552214,9.193929020707515e-10,8815316.4929394983,26072862.323168453,27076764.944590133,0.0042516773120520662,51061535.188331865,-1003902.6256733572,1267954.8813811438,2101566153403410.5,-695083113494688.5,-1111104084472232.4
0_11:30210323331,1,795,0.029618758168259398,0.086356653442342335,9.9380753075484725e-10,8062634.9594179047,26094147.429966994,27187496.80872944,0.0045958032975239455,51211733.212587044,-1093349.3833582497,1384466.1162006957,2321696014246934.5,-762207567230399.5,-1218403849443843.5
0_11:30210323331,2,795,0.21872927311979332,0.061612523204287777,9.5426971349999329e-10,8462548.0605074018,26059776.12614749,27222767.534114998,0.0044129630338979086,51306079.568172365,-1162991.4123804709,1451543.4071451549,2523820568071862,-727525904061180,-1162964525921989.2
0_11:30210323331,3,795,0.16805726335829785,0.069767420646294556,9.6486383970392027e-10,8355391.668027848,26079051.462676305,27136074.054604273,0.0044619549348803968,51134511.714078315,-1057022.596389923,1297082.2445153988,2159817938540344,-734392240582484.75,-1173940500458077.2
0_11:30210323331,4,795,0.35716777830983176,0.12795023647658449,9.2532602244906621e-10,8755304.7691173442,26047050.673344195,27124176.684937321,0.0042791146712543599,51145316.674775533,-1077126.0158722405,1324799.2461392428,2338802026584468.5,-700995746437674.75,-1120555545003200
0_11:30210323331,5,795,0.54627829326136568,0.091293152068486816,8.8578820519421194e-10,9155217.8702068403,26003987.944531512,27106633.007372115,0.0040962744076283213,51152915.123644412,-1102645.0669368778,1352516.2477630866,2536211694054564,-670474837608854.75,-1071767269467334
0_11:30210323331,6,795,0.495606283499744,0.040302088466704529,8.963823313981654e-10,9048061.4777270202,26046918.602052927,27066583.064314418,0.0041452663086109318,51065712.51892665,-1019664.4664067568,1276775.6637745614,2195885283149865.8,-677258761843122.62,-1082611506334991.2
0_11:30210323331,7,795,0.68471679845127786,0.073954519151886861,8.5684451414331123e-10,9447974.5788165163,26003755.212907922,27018499.86103053,0.0039624260449848941,51021105.4703217,-1014744.6520850348,1265132.3760777898,2373643198968874.5,-648025248409976.38,-1035881157764538
0_11:30210323331,8,795,0.87382731340281183,0.052779209638889164,8.1730669688845707e-10,9847887.6799060125,25958571.905993242,26957575.627579398,0.0037795857813588563,50959870.415763855,-999003.72536574246,1253489.0883810183,2569343632240285,-620963405912954.75,-992622268074917.38
0_11:30210323332,0,795,0.1979549266000942,0.027008795208811491,9.5861305906433366e-10,8418616.4296198748,26107684.446971983,27048989.3742304,0.0044330485748594675,50975157.77108299,-941304.93169146555,1171965.4841647395,1846539010292890.2,-726605423416909.38,-1161493119433080.8
0_11:30210323332,1,795,0.38706544155162809,0.049754207945030868,9.1907524180947939e-10,8818529.530709371,26073018.454310685,27040805.049174879,0.0042502083112334289,50994026.921176329,-967786.59911440162,1204303.7510242872,1982507276244020,-693911227455271.12,-1109230801494048.6
0_11:30210323332,2,795,0.576175956503162,0.03557772720290369,8.7953742455462523e-10,9218442.6317988671,26029120.027504273,27027856.106470548,0.0040673680476073911,51011360.669828236,-998736.08303364285,1236642.0178838351,2131159140337344,-664033714056136.5,-1061471006259279.1
0_11:30210323332,3,795,0.52550394674153955,0.039900362616523702,8.9013155075857889e-10,9111286.2393190451,26070781.441451993,26970585.243143719,0.0041163599485900025,50891364.785876498,-899803.80580808583,1121820.3356285668,1906806798445608.2,-670262907739750.75,-1071428495386060.1
0_11:30210323332,4,795,0.71461446169307352,0.073577013926788143,8.5059373350372472e-10,9511199.3404085413,26045029.276225127,26930647.01764185,0.0039335196849639648,50863178.501503214,-885617.74535024224,1128743.5006749902,2045239049967082.8,-641725048448511.38,-1025810163700273.6
0_11:30210323332,5,795,0.90372497664460738,0.052643293361993103,8.1105591624887056e-10,9911112.4414980374,26022757.048975233,26876679.21527759,0.003750679421337927,50816162.293998986,-853922.1700530363,1135666.6657214137,2196337432122233,-615262207414854.38,-983508789679826.62
0_11:30210323332,6,795,0.85305296688298571,0.022967378202769017,8.2165004245282412e-10,9803956.0490182191,26039845.071552236,26868377.241471156,0.003799671322320538,50784969.926876821,-828532.17371859215,1071675.1870923943,1984971777463138.2,-621605177358291.38,-993648152404959.38
0_11:30210323332,7,796,0.042163481834519644,0.042407561343519133,7.9872676474090548e-10,10033870.406653939,26020206.040322587,26823870.442358226,0.0036936639999384331,50735338.526366882,-803664.40572930267,1053183.2503256933,2095495561997389,-969931045280361.25,-637099652449028.12
0_11:30210323332,8,796,0.23127399678605357,0.030366947811033121,8.3370803348038695e-10,9671309.7148571759,25979521.211076729,26809458.451338038,0.0038554327783480408,50658296.151053108,-829937.24411674158,1034691.3135589926,2100505082725228.8,-1004764014710126.2,-659979704412986.38
0_11:30210323333,0,795,0.68623617660009095,0.038506943951309616,8.5652685388203923e-10,9451187.616586389,26005560.78100149,27002605.225562572,0.0039609570441662576,50991491.921065278,-997044.44852203992,1239256.7892281367,2225618076090991.2,-647428947509235.88,-1034927958998053.8
0_11:30210323333,1,795,0.87534669155162492,0.070683818505690305,8.1698903662718507e-10,9851100.7176758852,25992258.618008196,26933978.681653932,0.0037781167805402199,50915727.828673646,-941720.06742385216,1215904.1623203515,2403898907127788.5,-620223155270798.38,-991438962803842.75
0_11:30210323333,2,796,0.064457206503158462,0.050451603500318729,8.028506114452388e-10,9991129.1120164637,25972271.300146565,26862233.177608162,0.0037127344815918203,50801680.784587696,-889961.88117433176,1192551.5354125667,2547918041654116,-975354058384583.5,-640661761096584.5
0_11:30210323333,3,796,0.013785196741536403,0.056996804438807863,7.9347740873625556e-10,10088276.956590915,26013924.567052048,26834785.325416531,0.0036693886680562895,50764022.804646485,-820860.76203387242,1130630.0700059617,2281493617567895,-965245575033028.88,-634021999165672.5
0_11:30210323333,4,796,0.2028957116930703,0.10468256920643637,8.2845867747573704e-10,9725716.2647941522,25989742.326834001,26816808.470493313,0.0038311574464658972,50679247.965709828,-827066.14749046974,1106398.6857225983,2312279778931331.5,-999556509191604.12,-656559152022050.38
0_11:30210323333,5,796,0.39200622664460422,0.074734500472368029,8.6343994621521841e-10,9363155.5729973875,25966620.660675149,26783593.888752788,0.0039929262248755044,50572125.810104005,-816973.23207056511,1082167.3014392345,2358606446307733.5,-1036066796041986.5,-680540950703903.38
0_11:30210323333,6,796,0.34133421688298254,0.032893815635577292,8.5406674350623538e-10,9460303.4175718389,25965857.853363045,26793240.656711821,0.0039495804113399754,50601619.06073159,-827382.80729835632,1022003.3507837872,2111017714136925,-1026025448240760.6,-673945286790051
0_11:30210323333,7,796,0.53044473183451646,0.060461505543818524,8.8904801224571675e-10,9097742.7257750742,25971441.028821629,26765803.45387334,0.0041113491897495826,50509986.561502777,-794362.42916306073,996893.20912484475,2143878473268420.5,-1064982293112251.1,-699534108231438.38
0_11:30210323333,8,796,0.71955524678605032,0.043181922154241194,9.2402928098519813e-10,8735182.0339783113,25977558.926630996,26730908.303087924,0.0042731179681591899,50410383.549751259,-753349.38073004549,971783.06746590242,2190683011346434.2,-1106997977535325.9,-727132129836790.12
0_11:30210331232,7,795,0.1357150147686951,0.15668103174287992,9.7162571603149787e-10,8286997.3276444478,26070306.459986705,25708130.121541612,0.0044932248262446999,48439048.650132157,362176.33395186864,-1555992.5068011319,3121333121225281,-701421680051354.88,-1121236408296647.9
0_11:30210331232,8,795,0.32482552972022899,0.085648752447268564,9.320878987766437e-10,8686910.428733943,26027184.515539441,25730971.080833618,0.0043103845626186622,48512399.861050114,296213.43039543909,-1497756.9865203127,2941101473084057.5,-670144094582527.75,-1071238570207737.4
0_11:30210331233,2,795,0.1580087394370818,0.051974978254268452,9.6696471020591155e-10,8334141.9963015802,26074547.634383917,25877677.288005929,0.004471670284464626,48761735.060190514,196870.34190631713,-1283040.7005493795,2255861179553456,-702100098403207.75,-1122320873430514.5
0_11:30210331233,3,795,0.10733672967558598,0.11747105467338451,9.7755883640983895e-10,8226985.6038220273,26059279.523611739,25820229.561895132,0.0045206621854471159,48646308.114834398,239049.95719594503,-1390605.5386038593,2649845575500473.5,-709561311794198.5,-1134247770391322.8
0_11:30210331233,4,795,0.29644724462711991,0.16467622528027262,9.3802101915498457e-10,8626898.7049115244,26047594.033874929,25848938.874365021,0.0043378219218210765,48729792.184018701,198655.1551720865,-1312206.7176806708,2530408668804206.5,-677829771127520,-1083524275953254.1
0_11:30210331233,5,795,0.48555775957865382,0.089904335163272481,8.9848320190013051e-10,9026811.8060010206,26010566.291138619,25884488.557558298,0.0041549816581950396,48833347.633482113,126077.72942533942,-1233807.8967574823,2434651868260332.5,-649176646329223,-1037721690077998.8
0_11:30210331233,6,795,0.434885749817158,0.079269626359032355,9.090773281040576e-10,8919655.4135214668,26011012.377049092,25762834.978023417,0.0042039735591775278,48593393.392061956,248177.39482170134,-1443183.9085366868,2854122376385514,-653747332931156,-1045028022880009.9
0_11:30210331233,7,795,0.62399626476869186,0.11111503618236011,8.6953951084920343e-10,9319568.5146109611,25989751.733307019,25846360.295873847,0.0040211332955514901,48792699.061036184,143391.43341203872,-1313879.5007511359,2732538816434750.5,-628260587669534.75,-1004286957228575.2
0_11:30210331233,8,795,0.81310677972022583,0.060675537732379388,8.3000169359434937e-10,9719481.6157004572,25956407.400737938,25919246.478037804,0.0038382930319254532,48979591.43608164,37160.918861840146,-1184575.0929655852,2637046961419717,-604717914504121.12,-966653529217400
0_11:30210331303,8,795,0.098213412953741586,0.019822622121239447,9.7946627148503225e-10,8207692.4731180612,26129582.54826152,26065948.70815051,0.0045294830045062425,49108002.018196121,63633.835581526771,-999752.64324326708,1632983691411774,-717979374263069.25,-1147704209500422.2
0_11:30210331311,7,795,0.039937464618961999,0.01326217652078499,9.9165017250293367e-10,8084455.9877038794,26175733.735277019,26170354.774602447,0.0045858267237294664,49297073.702691972,5378.956088746012,-830433.27163789747,1401511749649826.2,-731730433406386.75,-1169685549117697
0_11:30210331311,8,795,0.22904797957049591,0.0069207408387772134,9.521123552480793e-10,8484369.0887933765,26168635.64159644,26169329.306750428,0.0044029864601034278,49322359.446960196,-693.66955697416586,-809124.59132927668,1427589358476753.5,-697597748028761.75,-1115123777437748.8
0_11:30210331312,4,795,0.069835127860632465,0.03710213688200259,9.8539939186337312e-10,8147680.7492956407,26149226.580988448,26118752.265718181,0.0045569203637086568,49203691.726738267,30474.310713347062,-915088.72618722357,1525817967442730.2,-724676977455464.88,-1158410460477848.5
0_11:30210331312,5,795,0.25894564281216637,0.019815147755913167,9.4586157460851895e-10,8547593.8503851369,26139584.223426931,26122133.488133494,0.0043740801000826191,49238354.531133205,17450.730919356694,-884919.6388352887,1538542183644618,-691258416596433.88,-1104990230944482.1
0_11:30210331312,6,795,0.20827363305067056,0.018220626969973629,9.5645570081244615e-10,8440437.4579055831,26124488.948592242,26069537.168914981,0.0044230720010651082,49130951.638031542,54951.775254188666,-980632.77478775766,1633065393968318.8,-698507380312386.75,-1116577842607915.2
0_11:30210331312,7,795,0.39738414800220445,0.025250917841780445,9.1691788355759198e-10,8840350.5589950792,26116599.674785126,26081318.189358588,0.0042402317374390704,49186620.739209831,35281.481186305959,-938240.27180730051,1643262046984644,-667664489431941.12,-1067274872403537.8
0_11:30210331312,8,795,0.58649466295373842,0.013519231438874041,8.7738006630273781e-10,9240263.6600845754,26105441.164886899,26090203.580943756,0.0040573914738130327,49244080.616252452,15237.579885752013,-895847.76882684324,1662011226256957.5,-639514578542670.5,-1022276683900089.2
0_11:30210331313,0,795,0.041456842767523358,0.010289494931080221,9.913325122417142e-10,8087669.0254732203,26169049.540692907,26149576.050785005,0.0045843577229110729,49258122.991739549,19473.48532354401,-861572.17915605882,1439234075848730.2,-730861807627310.5,-1168297033654910.2
0_11:30210331313,1,795,0.23056735771905726,0.014035959045312303,9.5179469498686004e-10,8487582.1265627164,26159747.890731297,26152429.920866128,0.0044015174592850351,49290755.895717524,7317.9654636519172,-836838.9278222447,1462646827000254.2,-696886847103892.75,-1113987388269400.4
0_11:30210331313,2,795,0.4196778726705912,0.0073457285177172572,9.1225687773200577e-10,8887495.2276522126,26148981.753712691,26152655.769387383,0.0042186771956589965,49325586.280050576,-3674.019893368843,-812105.6764884307,1492395539660676,-665999118730916.25,-1064612744447694
0_11:30210331313,3,795,0.36900586290909537,0.01808630094219741,9.2285100393593306e-10,8780338.8351726588,26134996.967714183,26124434.913695708,0.0042676690966414865,49262446.152684927,10562.049750806018,-866584.94994367776,1550955594535798.2,-673264129457501.75,-1076226007574543.6
0_11:30210331313,4,795,0.55811637786062929,0.024754246080380456,8.8331318668107879e-10,9180251.936262155,26130132.883023418,26128314.496763591,0.0040848288330154478,49309428.384152591,1818.3821749989297,-833747.03159064427,1580727093118126.8,-644549309212950.38,-1030324800309995.8
0_11:30210331313,5,795,0.74722689281216315,0.013017361670148235,8.4377536942622463e-10,9580165.0373516511,26125463.1682356,26127587.69020072,0.0039019885693894101,49355115.938771226,-2124.5258671085571,-800909.11323761079,1618107859530418.5,-618215607088877.88,-988229857386949.62
0_11:30210331313,6,795,0.69655488305066737,0.012358501258599608,8.5436949563015182e-10,9473008.6448720973,26102467.67161696,26096139.285234973,0.0039509804703718992,49282377.467189878,6328.3824310070122,-871597.72073129669,1678698178476979,-624287294467385.75,-997935569574345.75
0_11:30210331313,7,795,0.88566539800220123,0.016960422669819362,8.1483167837529755e-10,9872921.7459615935,26104039.275785279,26102849.747651428,0.003768140206745861,49347640.243568271,1189.5243657103379,-830655.13535904372,1717008397241967.2,-599793112362143.88,-958781135731019.62
0_11:30210331313,8,796,0.074775912953734466,0.0089537158851966114,8.0475934424882684e-10,9971346.1964544859,26102342.288631789,26125412.979530104,0.0037215613019180448,49405442.223380454,-23070.694619875419,-789712.54998679075,1706227099876387,-950429223767148.62,-624289872033556.12
0_11:30210331320,5,795,0.12811107619541134,0.051826204541363656,9.732154908454719e-10,8270917.2347098198,26097334.363686338,25997662.883510627,0.0045005766444854338,48983500.626629665,99671.47567513457,-1106790.2818828623,1878491412494091.2,-710684630043348.38,-1136043416797574
0_11:30210331320,6,795,0.077439066433915502,0.045944089286360137,9.8380961704939909e-10,8163760.8422302669,26086072.113185246,25909122.334770694,0.0045495685454679229,48809773.60467796,176949.77386498262,-1253733.8638770748,2120022127962943.8,-717459348460018,-1146872937983990.2
0_11:30210331320,7,795,0.26654958138544943,0.064346933344949522,9.4427179979454492e-10,8563673.9433197621,26075588.908854943,25932090.994297221,0.0043667282818418852,48881415.27226124,143497.91019099319,-1194287.1055777026,2064192440457290.5,-684958764724106.12,-1094920113011528
0_11:30210331320,8,795,0.45566009633698334,0.035027832827671766,9.0473398253969086e-10,8963587.0444092583,26051586.58016948,25956748.753792685,0.0041838880182158483,48963401.325405397,94837.822192907755,-1134840.3472783307,2023659543646270,-655496712689372.25,-1047824440972911.8
0_11:30210331321,1,795,0.099732791102302223,0.03847453989579095,9.7914861122381298e-10,8210905.5108873993,26125754.691222165,26039218.709216602,0.0045280140036878498,49057849.84026663,86535.977477548629,-1034300.5410883635,1712986552849738.2,-716965460545916.25,-1146083448399254.2
0_11:30210331321,2,795,0.28884330605383612,0.02080257265327726,9.3961079396895881e-10,8610818.6119768955,26105363.587867197,26048410.320656884,0.0043451737400618121,49104502.592488103,56953.262865138451,-1003484.0619291447,1704820881485904,-684317512758143.88,-1093895059079525.4
0_11:30210331321,3,795,0.2381712962923403,0.047842321232802069,9.50204920172886e-10,8503662.2194973417,26090180.573435437,26004379.656141467,0.0043941656410443012,49012956.305323526,85800.912899803894,-1080608.5828306922,1862062788738173,-691648877965344.75,-1105614391154107
0_11:30210331321,4,795,0.42728181124387421,0.066805514272467989,9.1066710291803184e-10,8903575.3205868378,26080471.598537412,26023325.286262553,0.0042113253774182634,49083187.25754714,57146.308063532975,-1028358.5318398636,1847112515249871.2,-661529321181579.12,-1057467684788766.8
0_11:30210331321,5,795,0.61639232619540818,0.036174303292104457,8.7112928566317757e-10,9303488.421676334,26065838.558466081,26040162.517036725,0.0040284851137922248,49156724.561185598,25676.037400870628,-976108.48084903532,1843614212299155.5,-634041806417642.88,-1013528349573664.1
0_11:30210331321,6,795,0.5657203164339123,0.032348323739724315,8.8172341186710476e-10,9196332.0291967802,26043727.260380123,25975963.293170579,0.0040774770147747139,49023648.637277044,67763.963132067016,-1096100.145413802,2009371943006831.8,-639693248622329.25,-1022562291551070.2
0_11:30210331321,7,795,0.75483083138544627,0.045202012717655025,8.421855946122506e-10,9596245.1302862763,26039301.758132208,26013779.670621946,0.0038946367511486762,49142173.597814344,25522.083615624935,-1022416.522591364,1999699010575851,-614516866865640.88,-982317348091798
0_11:30210331321,8,795,0.94394134633698012,0.024504939711422265,8.0264777735739643e-10,9996158.2313757725,26034115.814831503,26041458.172942061,0.0037117964875226384,49249321.717624299,-7342.3618223547292,-948732.89976892597,2003163038305263.8,-591218357582675.5,-945074220868833.5
0_11:30210331322,0,795,0.26806895953401078,0.048069999010443912,9.4395413953332566e-10,8566886.981089104,26050791.234157756,25891258.708938871,0.0043652592810234925,48804703.507349886,159532.52085362611,-1255060.447094287,2212961701318790,-683627335898412.62,-1092791797738590.1
0_11:30210331322,1,795,0.45717947448554469,0.067336354627597822,9.0441632227847149e-10,8966800.0821786001,26023136.193806864,25933452.9562787,0.0041824190173974547,48919771.46362336,89683.233345744928,-1186399.7731453567,2158057315787140.8,-654677946416818.12,-1046515626916001.1
0_11:30210331322,2,795,0.6462899894370786,0.036669397263367286,8.6487850502361722e-10,9366713.1832680944,25991581.580285609,25970501.957502883,0.0039995787537714161,49032484.975536481,21079.618783147089,-1117739.0991964261,2119435826596325.8,-628170389708096.62,-1004142774005850.8
0_11:30210331322,3,795,0.59561797967558283,0.083166903069338272,8.7547263122754452e-10,9259556.7907885425,26001294.354080983,25913632.947639391,0.0040485706547539061,48912946.260530978,87661.402393021024,-1188121.9368590261,2392011838177082.5,-633890732878212.88,-1013286855537256.9
0_11:30210331322,4,795,0.78472849462711669,0.1165358582492472,8.3593481397269025e-10,9659469.8918780386,26002984.734086957,25963589.13493878,0.0038657303911278679,49055490.501405001,39395.595282446222,-1109521.3370134188,2338696001056498,-609417762739037.38,-974166329440613.75
0_11:30210331322,5,795,0.97383900957865066,0.06350416723595867,7.9639699671783608e-10,10059382.992967533,26002880.047855198,25999086.741329066,0.0036828901275018297,49178571.749293894,3793.3028432418005,-1030920.7371678117,2303733905865922,-586658472865094.5,-937785155092290.88
0_11:30210331322,6,795,0.92316699981715478,0.056134180243673483,8.0699112292176327e-10,9952226.600487981,25968560.164211836,25968764.652448498,0.0037318820284843188,49105450.673164405,-204.49196854402891,-1121183.4266237649,2596058476434980,-592093405975046.88,-946473003005816
0_11:30210331322,7,796,0.1122775147686887,0.078666488195228451,8.1169631235758665e-10,9899448.519580191,25968256.888179984,26062959.903825257,0.0037536408947189178,49277457.596650228,-94703.019398913922,-1032642.900881481,2459128075033862,-954852032281894.88,-627194995837258
0_11:30210331322,8,796,0.30138802972022261,0.042887323038181741,8.4667758109706813e-10,9536887.8277834281,25954678.962393522,26157514.963667966,0.0039154096731285259,49409975.432032928,-202836.00518985384,-944102.37513919733,2280105367002838.5,-993817749191750.38,-652789644881119.12
0_11:30210331323,0,795,0.75635020953400756,0.033872240037642297,8.4186793435103122e-10,9599458.1680556182,25991494.844805073,25997114.80940577,0.003893167750330283,49111101.431865402,-5619.9684938649098,-1076300.701506858,2106952280509155.2,-613922758145329.5,-981367653569024.12
0_11:30210331323,1,795,0.94546072448554153,0.047350589578748513,8.0233011709617696e-10,9999371.2691451143,26010392.151935812,26032690.213471279,0.0037103274867042444,49233212.420933731,-22298.06524579395,-1002558.6668488265,2100711470415804.5,-590835061439944.75,-944461514414767.25
0_11:30210331323,2,796,0.13457123943707541,0.02568691134608168,8.1582015906187334e-10,9856707.2249431983,26008543.301584885,26092605.768593658,0.0037727113763720895,49327746.633805759,-84062.470781484619,-928816.63219079515,2003429961876387.5,-959971202691656.62,-630557525271444.62
0_11:30210331323,3,796,0.083899229675579584,0.058683272193015126,8.0644695635291347e-10,9953855.0695174076,26000121.725845952,26050476.541895758,0.0037293655628366671,49261305.423795015,-50354.819779172336,-992768.51480545034,2229368631188345.2,-949321657453455.12,-623562366591852.88
0_11:30210331323,4,796,0.27300974462711353,0.082089930944038908,8.4142822509239495e-10,9591294.3777206447,25999100.097743545,26129436.150712978,0.0038911343412462748,49363477.493510932,-130336.05686056771,-940259.32019240141,2080635834129435,-987250384277930,-648475868221984
0_11:30210331323,5,796,0.46212025957864739,0.044582412481583879,8.7640949383187643e-10,9228733.6859238818,26002823.079566807,26195538.922253348,0.0040529031196558825,49447226.739916332,-192715.8467394445,-887750.12557935226,1944020962234319.8,-1027776328213647.5,-675095353104181.5
0_11:30210331323,6,796,0.41144824981715161,0.039642205958095429,8.6703629112291645e-10,9325881.5304980893,25966031.304162394,26200519.065407671,0.0040095573061204601,49467061.119016454,-234487.76525483408,-909236.32810404303,2185359741723674,-1017477936457135.1,-668330849750273.75
0_11:30210331323,7,796,0.60055876476868553,0.055479216234964712,9.0201755986239793e-10,8963320.8387013264,25990367.651656799,26243591.644301027,0.0041713260845300673,49511548.752962127,-253223.99681555413,-877959.97353597626,2036161184558916.5,-1059586349792196.5,-695989780384042
0_11:30210331323,8,796,0.78966927972021939,0.030156123841076254,9.369988286018794e-10,8600760.1469045635,26006190.000265688,26282925.949462883,0.0043330948629396755,49554732.724534206,-276735.95353029034,-846683.61896790948,1899568908669811,-1105215805347243.2,-725961509216740.25
0_11:30210331330,0,795,0.39890352615076513,0.019131811893290766,9.1660022329637271e-10,8843563.5967644192,26093378.93915128,26056567.471862882,0.0042387627366206777,49140241.140254512,36811.463049634513,-981179.57998564735,1706604414999381.2,-666792581062887.88,-1065881109655842.8
0_11:30210331330,1,795,0.58801404110229905,0.02653933433553899,8.7706240604151855e-10,9243476.6978539135,26082439.809574142,26074958.546297438,0.00405592247299464,49215662.833174914,7481.2592207811831,-935346.89267314551,1720449906820111.2,-638923360002697.25,-1021331609387665.4
0_11:30210331330,2,795,0.7771245560538329,0.014229059726751512,8.3752458878666438e-10,9643389.7989434097,26075464.328384921,26085354.57518433,0.0038730822093686022,49283457.694666125,-9890.2506724915984,-889514.20536064368,1743550146280416.2,-613270715778709.62,-980325350968465
0_11:30210331330,3,795,0.72645254629233713,0.033299272480060434,8.4811871499059157e-10,9536233.4064638577,26063155.391031612,26050845.667253118,0.0039220741103510913,49204627.532662474,12309.719856419591,-947683.71024640533,1848895556664899.2,-619169928376498.88,-989755358812589.88
0_11:30210331330,4,795,0.91556306124387099,0.046266928070322851,8.0858089773573741e-10,9936146.507553352,26069723.163982075,26065057.259807065,0.0037392338467250536,49285209.628924109,4665.9004357757321,-902252.27375141275,1869864186754505,-595222583716948.88,-951475055425973.75
0_11:30210331330,5,796,0.10467357619540493,0.02486424011249239,8.1028975165535004e-10,9914026.7106988411,26065196.64612554,26103198.304022033,0.0037471363391450669,49355523.028726652,-38001.66164362897,-856820.8372564204,1820322823169977.5,-954958413342237.75,-627264872285590.5
0_11:30210331330,6,796,0.054001566433909111,0.022573556245841859,8.0091654894639027e-10,10011174.555273052,26036982.839121267,26075206.145975772,0.003703790525609645,49316080.077949926,-38223.31055829562,-914187.84050716343,1971582196469178.2,-944935794805263.38,-620681510697561.5
0_11:30210331330,7,796,0.24311208138544302,0.03140415547318031,8.3589781768587165e-10,9648613.8634762876,26036496.241081685,26141014.961436633,0.0038655593040192522,49392395.443775468,-104518.7242205075,-869157.65482968022,1853037601787997.8,-981960341451900.25,-645001101162713.5
0_11:30210331330,8,796,0.43222259633697696,0.016909009515321451,8.7087908642535302e-10,9286053.1716795228,26041416.805495735,26196767.868517831,0.0040273280824288599,49455650.047955476,-155351.06704942379,-824127.46915219713,1743463471172556.8,-1021606232870422.4,-671042523144903.25
0_11:30210331331,0,795,0.88718477615076186,0.013018660403669075,8.1451401811407838e-10,9876134.7837309334,26079660.64434829,26090902.395022906,0.0037666712059274687,49325507.557200737,-11241.754441287751,-864417.67758542998,1763224845857570,-599329056581963.38,-958039333401526.88
0_11:30210331331,1,796,0.076295291102295826,0.017893936957749618,8.0504039565067696e-10,9968433.2606360577,26086381.011160322,26115643.467145,0.0037228610072628167,49386561.255025491,-29262.459707539128,-824006.35617459391,1747802895785122.2,-950343628684016.38,-624233648863898.62
0_11:30210331331,2,796,0.26540580605382974,0.0094674392110051936,8.4002166439015834e-10,9605872.5688392948,26088151.047840122,26168070.567986596,0.0038846297856724239,49438243.940992802,-79919.524031104025,-783595.03476375784,1652612445387331.5,-987245130923159.25,-648472417553490.75
0_11:30210331331,3,796,0.21473379629233391,0.022782049212556159,8.3064846168119847e-10,9703020.4134135041,26066110.570713498,26139824.880992629,0.0038412839721370016,49396974.022640988,-73714.314120414914,-834730.74831451452,1759330612607285.8,-976544831722959.38,-641443921110656
0_11:30210331331,4,796,0.40384431124386783,0.031394263335106386,8.6562973042067994e-10,9340459.7216167413,26070444.73748491,26188429.63137345,0.0040030527505466092,49445837.99761799,-117984.89789159331,-804249.77810252737,1662839182314706.2,-1015454047542988.1,-667001457387721.12
0_11:30210331331,5,796,0.59295482619540174,0.016671385814116944,9.0061099916016131e-10,8977899.0298199765,26076675.305952571,26230738.960216515,0.0041648215289562165,49488667.341089062,-154063.65842876496,-773768.80789053999,1573258098948288.2,-1057376922599720.8,-694538517118176.62
0_11:30210331331,6,796,0.54228281643390597,0.015511125136071445,8.9123779645120155e-10,9075046.8743941858,26048850.901232157,26222034.790709496,0.0041214757154207941,49481591.622250587,-173183.89359881435,-805043.81904359907,1684995131486289.2,-1045908202925775.6,-687005283334331.88
0_11:30210331331,7,796,0.73139333138543983,0.021419030412727261,9.2621906519068292e-10,8712486.182597423,26060937.416913416,26252247.647039186,0.0042832444938304013,49505821.783942185,-191310.23440901446,-784493.2000304606,1592554458016628.2,-1089966015541612.8,-715944677780769.88
0_11:30210331331,8,796,0.92050384633697369,0.011408382465143314,9.612003339301644e-10,8349925.4908006592,26069705.073548209,26279750.048961196,0.0044450132722400094,49530669.669146091,-210044.97985800044,-763942.58101732226,1506687962907802.8,-1137864072616891.5,-747406538563690.88
0_11:30210331332,0,796,0.24463145953400439,0.023672071945355585,8.3617886908772177e-10,9645700.9276578613,26018751.161957201,26135718.554730698,0.0038668590093640241,49382026.533793002,-116967.39664035686,-895358.75452880096,1929671071744439,-982050682289696.25,-645060441583500.88
0_11:30210331332,1,796,0.43374197448553831,0.032956263406680737,8.7116013782720314e-10,9283140.2358610984,26034554.723059304,26188165.767354455,0.004028627787773631,49439096.881609783,-153611.04832377858,-854123.07120166637,1813157494973019,-1021584754061393.2,-671028414779330.25
0_11:30210331332,2,796,0.62285248943707217,0.017763930594583976,9.0614140656668472e-10,8920579.5440643355,26047700.443506006,26235383.633040015,0.0041903965661832399,49492110.327927381,-187683.19372440508,-812887.38787453203,1705591115545153,-1064245169481612.4,-699049928236193.12
0_11:30210331332,3,796,0.57218047967557639,0.041113622960351481,8.9676820385772475e-10,9017727.388638543,26011529.72968147,26224277.763182934,0.0041470507526478167,49480258.307993464,-212748.03764851563,-864148.62709124596,1871409267716015.5,-1052527959605140.6,-691353473548721.38
0_11:30210331332,4,796,0.76129099462711025,0.0573077035583716,9.3174947259720622e-10,8655166.6968417801,26024804.362480532,26258031.458065115,0.0043088195310574239,49512077.241781078,-233227.09989340208,-835551.46867714811,1757094509525934,-1097323034671324.4,-720777139174193.25
0_11:30210331332,5,796,0.95040150957864422,0.030945549802597394,9.667307413366877e-10,8292606.0050450163,26032987.953612819,26289736.531341877,0.004470588309467032,49545746.713992044,-256748.58219964584,-806954.31026305025,1651594208528509,-1146077883188044.2,-752801783808831.88
0_11:30210331332,6,796,0.89972949981714834,0.027824353690056921,9.5735753862772773e-10,8389753.8496192265,26012057.818172127,26294229.465194255,0.0044272424959316088,49560647.052519009,-282171.65144937061,-832938.49965369131,1826960137435313.8,-1133147732574049,-744308608440980.25
0_11:30210331333,0,796,0.73291270953400123,0.016306214589385404,9.2650011659253304e-10,8709573.2467789967,26053708.471381661,26253795.190348804,0.0042845441991751733,49508500.265292458,-200086.72325168765,-795757.05944796046,1648117935232280.5,-1090389548708053.4,-716222875735617.38
0_11:30210331333,1,796,0.92202322448553509,0.02254357510598835,9.6148138533201452e-10,8347012.5549822338,26061133.053735405,26276805.19355442,0.0044463129775847814,49524925.672800556,-215672.14426532781,-778124.51177965023,1557502176240699.5,-1138129161376710.2,-747580662237296.75
0_11:30210332033,7,795,0.10065799830167368,0.50083490548629406,9.78955175797015e-10,8212862.0519097,26241142.586177263,27429651.893465854,0.0045271194731627482,51677556.864546403,-1188509.3118157103,1827302.6339715775,7313174521374670,-755071754136509.25,-1206997111284447.5
0_11:30210332033,8,795,0.28976851325320757,0.3500097815245089,9.3941735854216104e-10,8612775.1529991962,26348212.332711082,27443848.748410337,0.0043442792095367113,51735247.719918609,-1095636.4200435339,1822268.1402693882,8078465878155913,-720815641989194.12,-1152238039475531
0_11:30210332112,8,795,0.063156396486719807,0.42469552791658438,9.8679573125054959e-10,8133557.1973833134,26161078.019778792,25812952.460106585,0.0045633776514242917,48626753.235379659,348125.55510882899,-1351931.9263348759,9363626746298814,-717423382234986.75,-1146815445262962.2
0_11:30210332113,4,795,0.0347781113936107,0.88698138525144499,9.9272885162889046e-10,8073545.473560892,26124318.388697963,25745748.388644498,0.0045908150106267059,48496610.682445139,378569.99546265037,-1504057.6425032469,7855329983295824,-720821731127411.25,-1152247773083228.8
0_11:30210332113,5,795,0.22388862634514461,0.50063492073612903,9.531910343740363e-10,8473458.5746503882,26206468.166676357,25628342.934555747,0.0044079747470006682,48301921.418317653,578125.227712636,-1644584.3693055003,7257917160159321,-684044689302301.12,-1093458945397231.1
0_11:30210332113,6,795,0.17321661658364879,0.40532414429629787,9.6378516057796349e-10,8366302.1821708344,26252649.003417037,25686001.563841209,0.0044569666479831573,48402798.125162706,566647.43511886196,-1475363.7758459183,9016324233638702,-694252897318999.5,-1109776967519030.8
0_11:30210332113,7,795,0.3623271315351827,0.58807377751555856,9.2424734332310922e-10,8766215.2832603306,26416174.411575839,25618743.489668306,0.0042741263843571195,48307628.116320997,797430.91763340659,-1534251.4548996324,8344119842122915,-661278437013327.38,-1057066641490977
0_11:30210332113,8,795,0.55143764648671656,0.33370592314102959,8.8470952606825516e-10,9166128.3843498267,26351372.865985807,25596978.194574904,0.0040912861207310818,48305194.528875776,754394.66731961723,-1593139.1339533464,7754504862283632,-632395365610894,-1010896481427676.8
0_11:30210332121,5,795,0.093054059728390079,0.80314574567346286,9.8054495061098924e-10,8196781.958975073,26197094.222023014,26469854.122980695,0.0045344712914034829,49868245.33709833,-272759.90549215255,-198005.60118873106,10882641018894384,-730064925006089.75,-1167023201046847.2
0_11:30210332121,6,795,0.042382049966894229,0.49106013622980343,9.9113907681491643e-10,8089625.5664955201,26151426.421264805,26836724.678575825,0.004583463192385972,50552628.304021314,-685298.26189448324,714243.70344464364,10677495821191904,-749887473039891.38,-1198709935564491.8
0_11:30210332121,7,795,0.23149256491842815,0.79811919984262569,9.5160125956006226e-10,8489538.6675850153,26503695.508865099,26615921.494134486,0.0044006229287599343,50164474.533790559,-112225.98967000925,345216.26191095368,10868942920507902,-709076276963907.88,-1133472432635902.8
0_11:30210332121,8,795,0.42060307986996209,0.50673318007953727,9.120634423052081e-10,8889451.7686745115,26717271.518301938,26449353.070578765,0.0042177826651338965,49885364.572247826,267918.44350538997,-23811.179622736374,11069851381189198,-673409054681459,-1076457673407241.5
0_11:30210332122,2,795,0.12295172297006031,0.47199232181013573,9.7429416997142889e-10,8260006.7205668334,26199522.686368454,27031183.085411612,0.0045055649313826742,50930050.407777101,-831660.40354872262,943938.29190101556,10344132712818380,-739902482456139.75,-1182748730917692.2
0_11:30210332122,3,795,0.072279713208564481,0.6246384148659524,9.8488829617535608e-10,8152850.3280872796,26117102.383925516,27346426.257284004,0.0045545568323651633,51516775.134679846,-1229323.877913045,1495478.3162774215,8782692624331123,-758263198807913,-1212098698621155.2
0_11:30210332122,4,795,0.26139022816009838,1.0789062399743838,9.4535047892050192e-10,8552763.4291767757,26342926.365233444,27186395.603904445,0.0043717165687391256,51244841.726015829,-843469.24304271757,1236084.677765731,9424686589559152,-718992691209768.62,-1149324016652234.8
0_11:30210332122,5,795,0.4505007431116323,0.72859530462462718,9.0581266166564765e-10,8952676.5302662719,26508624.754973937,27040048.490261555,0.0041888763051130878,51005770.770146929,-531423.73947649414,976691.03925404046,10126793169935574,-683671066487674,-1092861701949181.9
0_11:30210332122,6,795,0.39982873335013658,0.37062474926364897,9.1640678786957484e-10,8845520.1377867181,26434796.936144035,27368091.339532658,0.0042378682060955769,51613842.69531069,-933294.40762649139,1717746.9816588971,8504441515721167,-700202403866648.12,-1119287371235286.8
0_11:30210332122,7,795,0.58893924830167044,0.6453610532368983,8.7686897061472067e-10,9245433.2388762143,26579671.864903659,27160723.60739819,0.0040550279424695392,51265236.571486756,-581051.74654955894,1363595.3841329813,9184597702038364,-665390319209866.38,-1063639566389803.6
0_11:30210332122,8,795,0.77804976325320441,0.43942729458102703,8.3733115335986651e-10,9645346.3399657104,26682659.608978007,26937724.86813679,0.003872187678843501,50894116.533889443,-255065.26303097035,1009443.7866070656,9933295541418866,-633184875084888.12,-1012158527914281.5
0_11:30210332123,0,795,0.23301194306698927,0.48477842743635319,9.5128359929884279e-10,8492751.7053543553,26323175.083615147,26918070.071722504,0.0043991539279415407,50734205.776492715,-594894.99250651116,787986.65121905983,10615414034838226,-716858134840835.5,-1145911886140052.2
0_11:30210332123,1,795,0.42212245801852322,0.79315084262172153,9.1174578204398862e-10,8892664.8064438514,26503774.38593467,26731403.766070738,0.004216313664315503,50417644.944277003,-227629.38435238256,416695.81610612333,10874038476838466,-680348469196900,-1087550464560211
0_11:30210332123,2,795,0.61123297297005708,0.5069505313790218,8.7220796478913446e-10,9292577.9075333476,26575930.395317636,26573627.65419184,0.0040334734006894652,50162498.42654366,2302.7370923225894,45404.980993186829,11144438653276134,-647774320413041.38,-1035480044405732.5
0_11:30210332123,3,795,0.5605609632085613,0.7525766069047779,8.8280209099306165e-10,9185421.5150537938,26647949.756954566,26847691.162337687,0.0040824653016719543,50667614.162549086,-199741.40946558653,800594.26166879863,10440892952812230,-661930119605385.12,-1058108368984793.2
0_11:30210332123,4,795,0.74967147816009516,1.2449843343340421,8.4326427373820748e-10,9585334.61614329,26951999.747753769,26626903.021809846,0.0038996250380459161,50298994.962051064,325096.72204429796,454832.79034840991,10802858962708646,-629698716560357.25,-1006585834662896.1
0_11:30210332123,5,795,0.93878199311162902,0.80467288355409583,8.0372645648335332e-10,9985247.7172327861,27225780.125626948,26361904.659519933,0.0037167847744198784,49853725.522947282,863875.4623902298,109071.31902802116,11180179713989750,-599127913473900.62,-957717802170810.5
0_11:30210332123,6,795,0.88810998335013336,0.45643941135626387,8.1432058268728041e-10,9878091.3247532323,26803637.991492275,26742550.807767261,0.003765776675402367,50557748.822530471,61087.179959237656,813201.87211853743,10291639790304320,-614179717113539.25,-981778407554521
0_11:30210332123,7,796,0.077220498301667148,0.76341180529035435,8.0521153854925775e-10,9966659.4631169438,26993433.142138921,26668354.393057525,0.0037236524473287297,50431525.158546194,325078.74535774312,492969.76459069649,10701490114222748,-970624541749365.75,-637555175923121.88
0_11:30210332123,8,796,0.26633101325320108,0.498928246412084,8.4019280728873912e-10,9604098.771320181,26824823.145315647,26516595.320475504,0.0038854212257383369,50096477.375881761,308227.82095472212,172737.65706285546,11043657419389238,-1000574328977698.4,-657227707415891.75
0_11:30210332130,1,795,0.064675774635280944,0.73735550715019693,9.8647807098933011e-10,8136770.2351526525,26202701.487302884,25984403.484078504,0.0045619086506058981,48949930.681202449,218297.99866247165,-920236.86200683459,10064413443384058,-721906259632611.88,-1153981413317698.5
0_11:30210332130,2,795,0.25378628958681487,0.43550956225207371,9.4694025373447595e-10,8536683.3362421487,26343049.663004871,25832725.731018167,0.0043790683869798603,48691984.785302378,510323.92760763608,-1276579.599367467,9624256955924194,-684461594928358.5,-1094125377274165.6
0_11:30210332130,3,795,0.20311427982531904,0.79320283820147397,9.5753437993840314e-10,8429526.9437625948,26329130.309886817,26310549.025348589,0.0044280602879623494,49584345.229556479,18581.280110167776,-372458.89438940276,10786796655629724,-705865829671324.88,-1128340469233947.8
0_11:30210332130,4,795,0.39222479477685296,1.2113772523177415,9.1799656268354897e-10,8829440.044852091,26575934.145420454,26126590.349004637,0.0042452200243363108,49270989.305563241,449343.79217059695,-636246.23926592548,10402108729480380,-669636163721928.5,-1070426632695683.9
0_11:30210332130,5,795,0.58133530972838687,0.72291867085922912,8.7845874542869481e-10,9229353.1459415872,26654444.408826515,25979104.710939191,0.0040623797607102731,49033183.849664569,675339.69382494409,-900033.58414244838,10046558303132840,-637528507402497.25,-1019101909958590.2
0_11:30210332130,6,795,0.5306632999668911,0.50373701557738981,8.89052871632622e-10,9122196.7534620333,26765118.849273659,26300914.401603669,0.0041113716616927622,49628906.483544283,464204.44355861872,-181023.66413260327,11040662541618456,-652853970987258.38,-1043599966169228.6
0_11:30210332130,7,795,0.71977381491842496,0.77748577217200932,8.4951505437776773e-10,9522109.8545515295,26896934.213435709,26254311.684788119,0.0039285313980667244,49587162.901512653,642622.524719059,-352255.61652501661,10763406012078216,-624909105341046.75,-998929546536353.12
0_11:30210332130,8,795,0.90888432986995893,0.46885181200507509,8.0997723712291356e-10,9922022.9556410257,26920291.995234266,26198209.45041531,0.0037456911344406862,49534939.204893515,722082.54107326525,-523487.56891742995,10506055356352530,-599090159323948.75,-957657451416486.75
0_11:30210332131,0,795,0.36384650968374382,0.41676192308854521,9.2392968306188995e-10,8769428.3210296705,26279301.870414197,25740301.812891021,0.004272657383538726,48537126.33041887,539000.05325051874,-1385420.4983890513,9293119401373980,-664176578437834.38,-1061699377794924.8
0_11:30210332131,1,795,0.55295702463527774,0.60690837500808692,8.8439186580703568e-10,9169341.4221191667,26288683.33885115,25793830.264961999,0.0040898171199126882,48677024.621191233,494853.0697993341,-1403108.6042092151,8638840319598192,-637039936136389.75,-1018320919140674.2
0_11:30210332131,2,795,0.74206753958681171,0.34565045899875757,8.4485404855218162e-10,9569254.5232086629,26193723.1546955,25830025.380369633,0.0039069768562866505,48791651.17228733,363697.77041888941,-1420796.7100293795,8061995993906625,-611854542179957,-978061569502123.88
0_11:30210332131,3,795,0.69139552982531594,0.69536059221139246,8.5544817475610881e-10,9462098.130729109,26653783.347552005,25910468.896911822,0.0039559687572691396,48930422.767618075,743314.44668421417,-964498.31421194552,9751304744622306,-620543598017353.5,-991951196862798.38
0_11:30210332131,4,795,0.88050604477684979,1.0200502814101204,8.1591035750125454e-10,9862011.2318186052,26814246.209287845,26005450.894149512,0.0037731284936431014,49161974.571484566,808795.31136520405,-922243.47742812836,9135655312252242,-598197514355892.12,-956230540805747.25
0_11:30210332131,5,796,0.069616559728383612,0.58513516821406819,8.0380497784702114e-10,9981237.6542355958,26689432.27335861,26075778.426320273,0.0037171478917548783,49312958.436271824,613653.84332118824,-879988.64064431097,8536014049835918,-947709964730285.25,-622503725486608.75
0_11:30210332131,6,796,0.018944549966887794,0.45332631157240899,7.9443177513806137e-10,10078385.498809803,26953468.113828398,26299063.64817182,0.0036738020782194564,49749141.602540419,654404.46198277641,-543576.13003484008,10245445204907296,-946876658479327.25,-621956367893043.5
0_11:30210332131,7,796,0.20805506491842171,0.6699338195678447,8.2941304387754274e-10,9715824.8070130404,26724999.919176206,26515939.139345542,0.0038355708566290636,50109375.369336702,209060.77599509354,-441378.35064704134,9527446108605926,-989322985488876.88,-649837257279056.62
0_11:30210332131,8,796,0.3971655798699556,0.38709589770001418,8.6439431261702422e-10,9353264.1152162775,26529422.590438306,26639714.278303437,0.0039973396350386717,50299338.704954267,-110291.69186247024,-339180.57125924272,8866523686773107,-1031568002760080.8,-677585916271003.38
0_11:30210332132,0,795,0.72129319306698614,0.50589294383084482,8.4919739411654846e-10,9525322.8923208695,26637273.747983284,26463645.435855396,0.0039270623972483317,49982941.636277214,173628.30820082579,-100541.03255317431,11157862739011130,-629684328298050.5,-1006562834741437.6
0_11:30210332132,1,795,0.91040370801851989,0.78586882644098122,8.096595768616943e-10,9925235.9934103657,26972029.46129939,26445558.93636898,0.0037442221336222935,50003089.600109562,526470.52118618798,-230792.457714989,10948401139150136,-604556335417837.25,-966395241856867.38
0_11:30210332132,2,796,0.09951422297005387,0.47694228217378964,8.0933538525354444e-10,9923918.168479953,26975766.753611092,26342519.391856149,0.0037427229289819009,49809393.621538162,633247.35801221977,-361043.88287680369,10670654742540052,-962779568958690.5,-632402201943444.25
0_11:30210332132,3,796,0.048842213208558041,0.80835210506603872,7.9996218254458447e-10,10021066.013054162,27291652.106276054,26298994.444509696,0.0036993771154464781,49740741.835971504,992657.65806698066,-15398.369557792646,11227974784838058,-952131909933783.62,-625408282223921.12
0_11:30210332132,4,796,0.23795272816009194,1.2703244041409911,8.3494345128406594e-10,9658505.3212573975,27180268.00521607,26406019.715049747,0.0038611458938560858,49894354.705251902,774248.28630517621,-97375.946616364774,10995131027083164,-990923829018709.88,-650888772086675.88
0_11:30210332132,5,796,0.4270632431116258,0.77985301825019249,8.6992472002354742e-10,9295944.6294606347,27015181.603015769,26474423.277508236,0.0040229146722656935,49980902.329964295,540758.32148461812,-179353.52367493688,10768813299851970,-1031357781304782.9,-677447832211565.12
0_11:30210332132,6,796,0.37639123335013003,0.50454838105408428,8.6055151731458755e-10,9393092.474034844,26853559.978025109,26518900.774392691,0.0039795688587302711,50075732.078130133,334659.19965284923,69744.293437589018,11115399253528456,-1022627564053135.6,-671713385001226.12
0_11:30210332132,7,796,0.56550174830166389,0.80213435684661072,8.9553278605406902e-10,9030531.7822380792,26936851.819460277,26542655.108045232,0.0041413376371398792,50082221.761550993,394196.70727370732,36040.564482259462,10997208141920900,-1063822194796886.6,-698772097120316.75
0_11:30210332132,8,796,0.75461226325319786,0.49814355934986548,9.305140547935505e-10,8667971.0904413164,26889699.419809066,26601172.161883153,0.0043031064155494864,50160142.434379853,288527.25362280634,2336.8355269299068,10885654507941556,-1110043740620272.6,-729132740717639.75
0_11:30210332133,0,796,0.20957444306698284,0.46266190548944075,8.2969409527939286e-10,9712911.8711946141,26906049.57199461,26448223.801203035,0.0038368705619738356,49981032.887035735,457825.76695470477,-371331.59153253143,10364645286355458,-987085026514646.38,-648367252899245
0_11:30210332133,1,796,0.39868495801851678,0.6870534660288391,8.6467536401887424e-10,9350351.1793978512,26896986.03543748,26584310.481728472,0.0039986393403834428,50194401.494902365,312675.54971036845,-276433.79150144232,9673179190058638,-1029736585846326.6,-676382949230284.62
0_11:30210332133,2,796,0.58779547297005064,0.39888078225027035,8.9965663275835571e-10,8987790.4876010884,26820760.220991828,26703164.79960797,0.0041604081187930509,50380927.015661158,117595.41722344961,-181535.99147035315,9037417708570964,-1075256309350435.5,-706282600514939.75
0_11:30210332133,3,796,0.53712346320855475,0.76109893686134944,8.9028343004939574e-10,9084938.3321752977,26935210.27049429,26606015.899704736,0.0041170623052576277,50207162.482120968,329194.36667249165,-200336.85340886269,10517891741967708,-1060089368576970.4,-696320188503788.25
0_11:30210332133,4,796,0.72623397816008872,1.1407645852245818,9.2526469878887722e-10,8722377.6403785329,26835350.81982097,26690452.950494159,0.0042788310836672358,50333009.00911361,144897.86504798019,-190468.31425491592,9892127514321610,-1106921425704077.9,-727081846731285.25
0_11:30210332133,5,796,0.91534449311162258,0.6683448273916196,9.602459675283588e-10,8359816.9485817701,26637511.306965899,26793258.514599238,0.0044405998620768439,50499176.473215401,-155747.21207393872,-180599.77510096919,9312789947706890,-1158740837903110.5,-761119451427785.75
0_11:30210332133,6,796,0.86467248335012681,0.48914144369950163,9.5087276481939882e-10,8456964.7931559794,26832549.843361076,26669652.173287127,0.0043972540485414206,50273021.66878245,162897.66567669474,-29342.115285193842,10687403963756862,-1140300335600901.8,-749006799023380.38
0_11:30210332201,8,795,0.15893394663645308,0.15601981947475535,9.6677127477911378e-10,8336098.53732388,26110591.637343016,27464436.969173785,0.0044707757539395251,51751836.937312447,-1353845.3363015456,1863319.1137466498,4325593079318139.5,-744978448534291.5,-1190862762941461.2
0_11:30210332202,5,795,0.1888316098781232,0.15718581444277038,9.6052049413955343e-10,8399323.2989156414,26045924.260940444,27330264.04160253,0.0044418693939187164,51503750.695411444,-1284339.7851039553,1596980.8133507522,3221550303418616,-735826353885411.62,-1176232958895841
0_11:30210332202,6,795,0.13815960011662737,0.06964264493079457,9.7111462034348062e-10,8292166.9064360876,26089039.738549072,27255317.164614875,0.0044908612949012055,51354613.490867734,-1166277.4305566638,1502517.3947197855,2655508592405840,-743176911702055.25,-1187982970735661.8
0_11:30210332202,7,795,0.32727011506816128,0.12747971459765128,9.3157680308862646e-10,8692080.0075255837,26065505.451136082,27249037.629622541,0.0043080210312751678,51374980.722258464,-1183532.1827944799,1539946.1608815081,2904252695136613.5,-709265337254663.62,-1133774649244524
0_11:30210332202,8,795,0.51638063001969525,0.090949766035776855,8.9203898583377229e-10,9091993.1086150799,26009072.47573239,27246648.224121109,0.00412518076764913,51410167.012172438,-1237575.7525138995,1577374.9270432307,3182229926796757.5,-678532565360864.88,-1084647706415097.8
0_11:30210332203,1,795,0.16045332478501409,0.20930363152177578,9.6645361451789451e-10,8339311.5750932209,26073690.006252449,27415218.733402602,0.0044693067531211324,51659331.009764656,-1341528.73161946,1746326.7352815589,3841036218939550,-743360288193228.25,-1188276101678397.8
0_11:30210332203,2,795,0.34956383973654798,0.14929370999507569,9.2691579726304035e-10,8739224.6761827171,26028749.009973519,27456019.930981025,0.0042864664894950947,51769542.444919072,-1427270.9252939729,1826693.8879349374,4254827712229838.5,-710856928844446.88,-1136318839833946.8
0_11:30210332203,3,795,0.2988918299750522,0.16978765743922142,9.3750992346696733e-10,8632068.2837031633,26021333.228348374,27336204.470109683,0.0043354583904775821,51533999.914037645,-1314871.2460967666,1611442.8801138827,3406064580247349.5,-716406907039100.75,-1145190589587451.5
0_11:30210332203,4,795,0.48800234492658606,0.31029853684325748,8.9797210621211337e-10,9031981.3847926594,26008448.363889899,27283454.02824619,0.0041526181268515452,51473165.558218852,-1275005.6685089094,1597776.0947654743,3753867061299442.5,-683877984517218.12,-1093192464505938.2
0_11:30210332203,5,795,0.67711285987811998,0.22134721461371909,8.584342889572591e-10,9431894.4858821556,25983220.942977462,27211231.070432555,0.0039697778632255074,51383037.288969606,-1228010.1314248708,1584109.3094170657,4145266695042962.5,-653734820101869.25,-1045008020875272.8
0_11:30210332203,6,795,0.6264408501166242,0.098255542587708175,8.6902841516118629e-10,9324738.0934026018,25964462.127871655,27206300.746471293,0.0040187697642079965,51360610.138852,-1241838.6226184082,1556926.1775995851,3358839135102048.5,-660958680886507.38,-1056555505007228.2
0_11:30210332203,7,795,0.81555136506815806,0.17965126744148741,8.2949059790633202e-10,9724651.1944920979,25943757.647780798,27088691.096721996,0.0038359295005819579,51190208.61040993,-1144933.4527771268,1449225.4542493897,3692697022088205.5,-631674936770983.38,-1009744861698962.9
0_11:30210332203,8,796,0.0046618800196920043,0.12817829539126668,7.9178979663216903e-10,10105768.08352799,25933014.01319332,26940675.777955528,0.0036615844071376676,50966965.063929774,-1007661.7684237923,1341524.7308991943,4063476477217665.5,-967427060915104.75,-635454909168972.12
0_11:30210332210,4,795,0.13055566154334397,0.52702801274556021,9.7270439515745465e-10,8276086.8135014614,26102773.559730221,27471387.470368769,0.0044982131131419394,51760585.728794128,-1368613.9151367615,1793202.0873808805,5272147904222004,-750507304838871.38,-1199700748936535.8
0_11:30210332210,5,795,0.31966617649487788,0.37422250186949313,9.3316657790260069e-10,8675999.9145909566,26107865.865430109,27486344.5014228,0.0043153728495159025,51820944.937533356,-1378478.6403080637,1808509.0339936584,5866608214914143,-716748129033091.25,-1145736039683812.5
0_11:30210332210,6,795,0.26899416673338206,0.16829228157358628,9.4376070410652768e-10,8568843.5221114028,26120949.158834007,27483282.723088048,0.0043643647504983908,51805814.980586186,-1362333.5686184065,1876745.8068317226,4594634384826207,-725499432607330.25,-1159725171281191.8
0_11:30210332210,7,795,0.45810468168491597,0.30618602440284232,9.0422288685167362e-10,8968756.623200899,26138619.156898443,27413182.836968113,0.0041815244868723539,51711273.877574995,-1274563.6842511946,1818645.4949912741,5093826444914639,-691884778897595.88,-1105991483453238.2
0_11:30210332210,8,795,0.64721519663644989,0.21772797268267965,8.6468506959681935e-10,9368669.7242903952,26093888.530143555,27342726.839120839,0.0039986842232463153,51623494.598689049,-1248838.3129759678,1760545.1831508256,5661412917194998,-661226499961644.62,-1056983619088130.8
0_11:30210332211,0,795,0.10217737645023468,0.26943484237774756,9.7863751553579573e-10,8216075.08967904,26122771.001614921,27530558.638316885,0.0045256504723443555,51867885.028207593,-1407787.6412276144,1869264.2600024412,6483900476486486,-757556307989135.75,-1210968719686592.2
0_11:30210332211,1,795,0.29128789140176858,0.48253557704383992,9.3909969828094157e-10,8615988.1907685362,26207406.984789375,27489533.893662754,0.0043428102087183177,51821649.624124542,-1282126.9132161895,1824507.5091817693,7154032139156444,-721750207972332,-1153731961656797.2
0_11:30210332211,2,795,0.4803984063533025,0.3380241667596634,8.9956188102608751e-10,9015901.2918580323,26210960.59418679,27460144.787186407,0.0041599699450922799,51804802.065851644,-1249184.1971595862,1779750.7583610974,7911908336630495,-689511715192506.38,-1102198094253807.1
0_11:30210332211,3,795,0.42972639659180689,0.40171514038609274,9.1015600723001449e-10,8908744.8993784785,26120926.245072272,27435806.812021572,0.0042089618460747682,51747820.900525257,-1314880.5711582622,1758650.9776755886,6228701719683591,-697037787186100,-1114228668971801.5
0_11:30210332211,4,795,0.61883691154334075,0.72185344742686675,8.7061818997516032e-10,9308658.0004679747,26245349.277794614,27263089.235012118,0.0040261215824487304,51465892.548999019,-1017739.9612436249,1572007.2356886286,6876841514771449,-663457661152722.75,-1060550174316409.4
0_11:30210332211,5,795,0.80794742649487472,0.50734017197779191,8.3108037272030616e-10,9708571.1015574709,26381600.18835222,27036776.713433739,0.0038432813188226927,51089879.769104585,-655176.52892480034,1385363.4937016689,7608161993537116,-631481081639861.62,-1009434980443320.8
0_11:30210332211,6,795,0.75727541673337884,0.2340500577920902,8.4167449892423335e-10,9601414.709077917,26056688.443089776,27207759.393875077,0.0038922732198051818,51398388.863427348,-1151070.9546775748,1648037.6953487364,6008052328351242,-642384504657491.12,-1026864317474264.6
0_11:30210332211,7,795,0.94638593168491281,0.42200073009905709,8.0213668166937918e-10,10001327.810167413,26236939.432735194,26996015.719482556,0.003709432956179144,51055359.279614173,-759076.29045679537,1319506.9621954884,6641288490115155,-612582313308020.25,-979224926023456.38
0_11:30210332211,8,796,0.1354964466364465,0.29758259576155577,8.1599130196045403e-10,9854933.4274240844,26200108.220340103,26740669.066893794,0.003773502816438002,50552659.077833869,-540560.8503271935,990976.22904224042,7246657289009114,-983986397885661.38,-646331917261520
0_11:30210332212,0,795,0.45962405983347698,0.16107857788645974,9.0390522659045425e-10,8971969.660970239,25994993.126861248,27436694.512280859,0.0041800554860539603,51755958.547910273,-1441701.3895996665,1822642.6510725012,4515643151210725,-692234657783365,-1106550771762076.9
0_11:30210332212,1,795,0.64873457478501084,0.29327687710854022,8.6436740933560008e-10,9371882.7620597351,26011242.329794705,27329947.758886904,0.0039972152224279226,51599761.322097689,-1318705.4330894139,1728353.4566755909,5002041524712626,-660695919717154.38,-1056135476088613.1
0_11:30210332212,2,795,0.83784508973654481,0.20867805523815053,8.2482959208074591e-10,9771795.8631492313,26045898.130405907,27179480.038026694,0.0038143749588018848,51368407.843410604,-1133581.9114351626,1634064.2622786809,5552521259847911,-630815706723318.12,-1008371365498397.4
0_11:30210332212,3,795,0.78717307997504893,0.23888610372089936,8.3542371828467311e-10,9664639.4706696775,25982968.975426335,27104057.760408666,0.0038633668597843735,51210989.751166224,-1121088.7888456979,1537866.9407536846,4391221769278881,-635855293025669.62,-1016427243732067
0_11:30210332212,4,795,0.9762835949265829,0.43533222035883978,7.9588590102981894e-10,10064552.571759174,26134375.559590369,26920831.354380645,0.0036805265961583357,50922901.324524336,-786455.79847080202,1392622.211245792,4855563905757360,-607154818360275.12,-970548968159119.5
0_11:30210332212,5,796,0.16539410987811681,0.3099704043296137,8.2152170936697733e-10,9797613.9416684434,26094524.530965418,26742662.17504099,0.0037990778536650246,50548651.470230646,-648137.64787465031,1247377.4817378994,5247660794566034,-989664601444905.12,-650061647876631.25
0_11:30210332212,6,796,0.11472210011662098,0.13838395892833633,8.1214850665801746e-10,9894761.7862426527,25880907.965334285,26859794.94967632,0.0037557320401296022,50783385.453196362,-978886.988097767,1253091.230434868,4212894575079510,-984498574866225.75,-646668340946376.5
0_11:30210332212,7,796,0.3038326150681549,0.25244123129859436,8.4712977539749883e-10,9532201.094445888,25925441.338820584,26714799.417941082,0.0039175008185392095,50462082.758625343,-789358.08303799899,1056890.965815993,4510157253565890,-1015478566095750.6,-667017562410361.25
0_11:30210332212,8,796,0.49294313001968881,0.17989160343471,8.8211104413698031e-10,9169640.4026491251,25978853.124827601,26519417.155224495,0.0040792695969488176,50052373.185422271,-540564.03447616322,860690.70119711827,4862943413673674,-1047059001303219.1,-687761185776960
0_11:30210332213,0,795,0.94790530983347376,0.22446600268891953,8.0181902140815981e-10,10004540.847936753,26128459.229846869,26991121.352478325,0.0037079639553607505,51046593.798716575,-862662.12633942068,1509055.998693628,5889461922378913,-612280439715605.5,-978742375124125.62
0_11:30210332213,1,796,0.13701582478500771,0.40537436785252834,8.1627235336230415e-10,9852020.4916056581,26282260.055772036,26749993.924164467,0.003774802521782774,50569888.396295696,-467733.8721672328,1173755.3362113505,6399897354572146,-984612792682015.5,-646743364971122.62
0_11:30210332213,2,796,0.32612633973654159,0.28630368640169929,8.5125362210178563e-10,9489459.7998088971,26323515.758031178,26470980.488419306,0.0039365713001923812,49996429.318817489,-147464.73432469857,838454.67372907302,6950205250555338,-1010639535978981.2,-663839043256256.88
0_11:30210332213,3,796,0.27545432997504576,0.33369633134347088,8.4188041939282565e-10,9586607.6443831045,26130475.654992193,26634785.550044287,0.0038932254866569588,50317598.793144338,-504309.89894531952,1142059.837751375,5487527464536060,-1006824419053201.9,-661333081951797.38
0_11:30210332213,4,796,0.46456484492657968,0.60395094753351242,8.7686168813230723e-10,9224046.9525863416,26274748.024682477,26499837.232494548,0.0040549942650665669,50021128.176441915,-225089.21186706511,925381.36066867469,5943294668391092,-1040233325610932.5,-683277737564382.5
0_11:30210332213,5,796,0.65367535987811365,0.42742690197001926,9.118429568717886e-10,8861486.2607895788,26340891.061381571,26367277.573132236,0.0042167630434761742,49735564.836762376,-26386.515967427604,708702.88358597422,6478593210365643,-1076612136906026.4,-707173176467375.62
0_11:30210332213,6,796,0.60300335011661776,0.19383188437861312,9.0246975416282884e-10,8958634.1053637881,26079702.629969336,26433437.186665989,0.0041734172299407518,49869273.430409297,-353734.56087007059,775063.67680912185,5092786625304090,-1067800271628692.6,-701385098713874.88
0_11:30210332213,7,796,0.79211386506815173,0.35160558866507569,9.3745102290231011e-10,8596073.4135670234,26277463.644368261,26350153.333063066,0.004335186008350359,49681121.541374214,-72689.693029990915,677007.38512599864,5532542970338964,-1108638766815473.6,-728209883028845.38
0_11:30210332213,8,796,0.98122438001968559,0.24936531135135173,9.7243229164179158e-10,8233512.7217702605,26341639.288246561,26303532.991272654,0.0044969547867599663,49568035.406197593,38106.292476951669,578951.09344287554,6048955808029442,-1154822749760060,-758545853431981.38
0_11:30210332220,0,795,0.32878949321672229,0.066588008007321717,9.3125914282740709e-10,8695293.0452949218,26030148.53744325,27229312.37285446,0.0043065520304567742,51338079.6636483,-1199163.8397177616,1475831.7994493507,2653157729498461.5,-708493998260775.62,-1132541648629226.8
0_11:30210332220,1,795,0.51790000816825621,0.12190553319544925,8.9172132557255292e-10,9095206.1463844199,25986033.215336055,27198886.527125526,0.0041237117668307365,51320397.170238972,-1212853.3159131834,1492221.3664113344,2897637946057084.5,-677108461277772,-1082371247912915.8
0_11:30210332220,2,795,0.70701052311979007,0.086971067640869787,8.5218350831769875e-10,9495119.2474739142,25938203.589136735,27155131.461286262,0.0039408715032046987,51285092.950653911,-1216927.8760903985,1508610.9333733185,3169764646817244.5,-648143996572207.25,-1036070979047082.1
0_11:30210332220,3,795,0.65633851335829463,0.098672437883766506,8.6277763452162595e-10,9387962.8549943622,25981182.123824224,27071765.150957946,0.0039898634041871878,51114264.695313491,-1090583.0311235853,1351859.2774300983,2661903521641478.5,-653358482892238.25,-1044406438413202
0_11:30210332220,4,795,0.8454490283098286,0.18067524834171764,8.2323981726677178e-10,9787875.9560838584,25977772.398523804,26984741.959772881,0.00380702314056115,51002630.505193077,-1006969.5650561005,1321884.6027274639,2900170230967532,-625294916633349.62,-999546273506683.12
0_11:30210332220,5,796,0.034559543261362118,0.12888541733872011,7.9732020403869223e-10,10048448.597772347,25972782.378783159,26880856.28076037,0.0036871594443646898,50845266.232744023,-908073.90566437063,1291909.9280248296,3136619292813631.5,-970622368947841.5,-637553748717443.12
0_11:30210332220,6,795,0.98388753349974079,0.05705526628163738,7.9429612621587107e-10,10080632.664693534,25944333.894941989,26900300.789692964,0.0036731747779177228,50886572.715973392,-955966.89842414984,1227886.7554108466,2694068073903142.5,-605753861226599.25,-968309510512721.5
0_11:30210332220,7,796,0.17299804845127434,0.10450802162290614,8.2292827006919057e-10,9783035.7505500354,25910572.951167256,26845611.234975498,0.0038055824092387675,50741284.940973245,-935038.28761382494,1151547.8390435935,2792127139378962.5,-994916436373269.75,-653511318060776.75
0_11:30210332220,8,796,0.36210856340280823,0.074555109128765937,8.5790953880867195e-10,9420475.0587532707,25882688.40582747,26761255.027130302,0.0039673511876483752,50536539.283698872,-878566.62527018308,1075208.9226763407,2900179877124753.5,-1029038158946914,-675924187200713.75
0_11:30210332221,0,795,0.81707074321671913,0.093961866289519261,8.2917293764511276e-10,9727864.2322614379,25925900.657669861,27085636.675866246,0.0038344604997635652,51184883.519678354,-1159736.0220308458,1476604.409373526,3342349145903994,-631400610817537.5,-1009306346244576.5
0_11:30210332221,1,796,0.0061812581682530029,0.171832615527513,7.9207084803401905e-10,10102855.147709565,25990278.315640368,26929457.480001744,0.0036628841124824391,50945303.701083235,-939179.16802426043,1350224.6892012609,3664289143741184.5,-967294714510774.38,-635367977372519.12
0_11:30210332221,2,796,0.1952917731197869,0.12260439485439426,8.2705211677350053e-10,9740294.4559128005,25939434.588761337,26783079.907544926,0.0038246528908920468,50617421.176588543,-843645.32260824158,1223844.9690289963,3877574949249042.5,-996842887503076.75,-654776708369945.88
0_11:30210332221,3,796,0.1446197633582911,0.13924857454251494,8.1767891406454066e-10,9837442.3004870098,25950889.687486067,26827127.74814672,0.0037813070773566244,50713710.101182334,-876238.06444195984,1255096.0242100053,3216918322885100.5,-988876305778770.5,-649543855506374.38
0_11:30210332221,4,796,0.33373027830982499,0.25469597587698595,8.5266018280402203e-10,9474881.6086902469,25969010.650318202,26750365.891614132,0.0039430758557662321,50522373.864644714,-781355.24523900589,1158560.024998555,3386273762566846.5,-1022842444874822.8,-671854529567616.75
0_11:30210332221,5,796,0.5228407932613589,0.18171388306052766,8.8764145154350361e-10,9112320.9168934841,25980019.689294957,26653278.657773551,0.0041048446341758402,50299117.637607835,-673258.97258343862,1062024.0257871049,3591210348844008,-1058839527821829.5,-695499230029893.12
0_11:30210332221,6,796,0.47216878349973723,0.080559080927843058,8.7826824883452037e-10,9209468.7614679337,25898651.097594611,26707183.424825307,0.0040614988206403094,50410959.860124215,-808532.33129219443,1033587.6390464846,2977426805090890,-1049999695376378.4,-689692782029173
0_11:30210332221,7,796,0.66127929845127109,0.14739785527364177,9.1324951757400185e-10,8846908.0696711708,25979305.337761406,26634146.091107313,0.0042232675990499175,50237637.288797311,-654840.75756917428,966895.360795849,3139145668807206,-1089272343239047.2,-715489038810320.88
0_11:30210332221,8,796,0.85038981340280506,0.10516865036830458,9.4823078631348322e-10,8484347.3778744061,26027402.511686113,26565137.535723612,0.0043850363774595247,50077997.603217214,-537735.0284225354,900203.0825452134,3333976380260842,-1132210814307654.5,-743693193247500.5
0_11:30210332222,0,796,0.17451742660008743,0.054544164820745304,8.2320932147108723e-10,9780122.8147311267,25948571.476781022,26825441.453483179,0.0038068821145837545,50702771.722253561,-876869.98050903948,1162606.6788556895,2584152785819755,-994457386798306.38,-653209791136683.5
0_11:30210332222,1,796,0.36362794155162137,0.099926452105642202,8.581905902105686e-10,9417562.1229343619,25958859.919580042,26763403.283060279,0.0039686508929933622,50540257.3043769,-804543.36744888732,1083054.0555534801,2668105280725433,-1029432180333223,-676183000329230.88
0_11:30210332222,2,796,0.55273845650315523,0.071287168273000148,8.9317185895005008e-10,9055001.4311375991,25965427.697499692,26688139.123152457,0.0041304196714029694,50359143.495544188,-722711.42978318443,1003501.4322512709,2774502281683781.5,-1066813731661403.4,-700737089483378.12
0_11:30210332222,3,796,0.50206644674153322,0.08080846761779123,8.8379865624106684e-10,9152149.2757120505,25964542.91766642,26759987.24903325,0.0040870738578674395,50504597.018405057,-795444.33545390342,1062244.7613735709,2395653101983957.5,-1058538359086062.5,-695301407207519
0_11:30210332222,4,796,0.69117696169306708,0.14808292069080062,9.1877992498054831e-10,8789588.5839152876,25982177.17092061,26722330.025739513,0.0042488426362770467,50398891.139603496,-740152.85906774551,1018012.5026142069,2478916104011458,-1099894978443909.1,-722466521622157.38
0_11:30210332222,5,796,0.88028747664460105,0.10563848671749222,9.5376119372002969e-10,8427027.8921185229,25983235.079863232,26687893.206348915,0.004410611414686654,50305260.247349434,-704658.13089629449,973780.24385484296,2582771787874195.5,-1145085074978900,-752149657280794.62
0_11:30210332222,6,796,0.82961546688297938,0.046703411599145206,9.4438799101104655e-10,8524175.7366929743,25991804.150723986,26716630.449792467,0.0043672656011511241,50366546.229015924,-724826.30343574635,961882.84389145277,2227547069974712.5,-1133413971478168.8,-744483487587398.38
0_11:30210332223,0,796,0.66279867660008429,0.077031431668315747,9.135305689758985e-10,8843995.133852262,25977475.901603222,26653543.456475031,0.0042245673043949036,50273963.783484928,-676067.55909637606,965126.87115483964,2850744177295768,-1090419020400440.6,-716242234230294.12
0_11:30210332223,1,796,0.85190919155161815,0.14096321424457542,9.4851183771537987e-10,8481434.4420554973,26015551.897067007,26606178.144269109,0.0043863360828045109,50155149.858627602,-590626.25158843817,912805.63479015336,3008841847077076,-1134344600770978.5,-745094771865691.25
0_11:30210332223,3,796,0.99034769674153,0.11415495854854771,9.7411990374587821e-10,8216021.5948331859,25985201.549325284,26675083.258307688,0.004504759047678589,50267123.610319681,-689881.71348716342,951370.39752443659,2656150922376060,-1173603100012378,-770881735118461.75
0_11:30210332230,0,796,0.30535199321671591,0.13238455468988169,8.4741082679934895e-10,9529288.1586274635,25965834.909066349,26691524.236483287,0.0039188005238839814,50417764.672881141,-725689.3313357383,1132665.3440267812,4022187557695145.5,-1014896868164298.9,-666635473856992.88
0_11:30210332230,1,796,0.49446250816824983,0.24160352266054888,8.8239209553883033e-10,9166727.4668306988,26075435.85734779,26556724.199956913,0.0040805693022935886,50122483.422801502,-481288.34668969171,945707.04212221445,4311329468976766.5,-1048858848976185.2,-688943416547371.5
0_11:30210332230,2,796,0.68357302311978374,0.17222200532609433,9.173733642783118e-10,8804166.7750339359,26127720.16583135,26419496.896785125,0.0042423380807031959,49829004.754301272,-291776.73519611341,758748.74021764775,4655479298534907,-1085657251933719.6,-713114464426499.62
0_11:30210332230,3,796,0.63290101335828786,0.19623284165799418,9.0800016156935193e-10,8901314.6196081452,26008898.425882827,26600416.028659988,0.0041989922671677735,50178951.178643465,-591517.60697615298,1003598.4984780736,3729885932641757,-1081349822827243.6,-710285127640098.12
0_11:30210332230,4,796,0.82201152830982183,0.35830477319538773,9.4298143030883341e-10,8538753.9278113823,26094934.361723144,26535674.871524408,0.0043607610455773816,50026503.310520217,-440740.51416202588,899355.65959534445,4006168362403710.5,-1123839870320395.4,-738194734845840.12
0_11:30210332230,6,796,0.96045003349973401,0.11359485472146741,9.6858949633933175e-10,8273341.0805890691,26057094.991732296,26539790.192635436,0.0044791840104514589,50015760.854635648,-482695.205382324,874531.65292936622,3465956143284008,-1159644135584830,-761712782924784.12
0_11:30210332231,0,796,0.79363324321671269,0.18564007451917516,9.3773207430416023e-10,8593160.4777485989,26170810.815042447,26375675.939136542,0.0043364857136951309,49729016.418151803,-204865.12843058081,686807.29974808067,4880249457006880,-1110083717424612.6,-729158999499926.25
0_11:30210332231,1,796,0.98274375816824666,0.33709671695357263,9.727133430436415e-10,8230599.7859518351,26244554.655825764,26353515.115311857,0.0044982544921047373,49662045.49979762,-108960.46398434787,626539.4405278936,5310396274710499,-1157422456302881,-760253471868322.75
0_11:30210332300,0,795,0.59045862645023151,0.35861043682308802,8.765513103535013e-10,9248646.2766455542,26260925.889546219,27335312.384092033,0.0040535589416511456,51595143.413693018,-1074386.4985993726,1660079.3506280184,8337890762267969,-669439652825955.88,-1070112506147477.6
0_11:30210332300,1,795,0.77956914140176536,0.6270428369350477,8.3701349309864714e-10,9648559.3777350504,26514240.540969718,27111056.263464626,0.0038707186780251078,51222030.405674256,-596815.72636562632,1293586.3052653647,9033690103945574,-637052309996712.38,-1018340699000777.5
0_11:30210332300,2,795,0.96867965635329933,0.42876575988241805,7.9747567584379297e-10,10048472.478824547,26826731.461166251,26799318.807331733,0.0036878784143990701,50690566.940200895,27412.650146639629,927093.25990271161,9798718730580846,-605351858728852.25,-967666901580720.5
0_11:30210332300,3,795,0.91800764659180367,0.53971893381920566,8.0806980204772016e-10,9941316.0863449927,26534632.149263319,26815278.244288869,0.0037368703153815592,50704535.228511341,-280646.09876242088,1239636.3514013106,8027478345301091,-612045490998382.88,-978366804959523.38
0_11:30210332300,4,796,0.10711816154333741,0.94960444797579779,8.1074194595578095e-10,9909339.9773613028,26777197.01528902,26619860.073473293,0.0037492274845557518,50331766.7339103,157336.93806649899,925489.98232789023,8654441572412827,-974307917515883,-639974602986629.25
0_11:30210332300,5,796,0.29622867649487133,0.65344312335949495,8.4572321469526232e-10,9546779.2855645381,26750390.952288572,26406789.559756614,0.0039109962629653586,49882031.73994986,343601.38862096122,611343.6132544697,9294253986825900,-1002273014956877.4,-658343490081289.5
0_11:30210332300,6,796,0.24555666673337548,0.31744373912352575,8.3635001198630245e-10,9643927.1301387474,26220509.095500205,26584748.071348205,0.0038676504494299367,50230219.763120718,-364238.97971565096,819193.35217460303,7579600778067744,-999102264837209.5,-656260781409294
0_11:30210332300,7,796,0.43466718168490942,0.56198189076859284,8.7133128072578393e-10,9281366.4383419827,26423943.84042751,26424143.404988069,0.0040294192278395443,49884392.643386699,-199.56858997787475,557393.65939041541,8156474364740705,-1030983120302870.5,-677201735960428.25
0_11:30210332300,8,796,0.62377769663644334,0.38913928941358289,9.063125494652654e-10,8918805.7465452217,26561846.730869438,26245584.414917663,0.0041911880062491516,49511191.372650124,316262.31176058773,295593.9666062278,8816623676644611,-1064867217195535.2,-699458520562704.88
0_11:30210332301,0,796,0.078739876450228286,0.44669082089194961,8.0549258995110777e-10,9963746.5272985194,26899058.967927795,26597904.104887612,0.0037249521526735007,50297886.470866099,301154.85931523057,740360.13201518916,10113928266125662,-968335493632047.88,-636051613616215
0_11:30210332301,1,796,0.2678503914017622,0.75158686046467649,8.4047385869058914e-10,9601185.8355017547,27042510.753555294,26481392.881922629,0.0038867209310831079,50029610.950309142,561117.86774594442,465146.33829976182,10482333737096328,-999541971746042,-656549603094257.75
0_11:30210332301,2,796,0.45696090635329611,0.49419005788158921,8.7545512743007062e-10,9238625.1437049918,27085330.089806125,26356311.162906095,0.004048489709492716,49751752.663760744,729018.92285153945,189932.54458433439,10883050026475552,-1032998816917588.9,-678525747207339.75
0_11:30210332301,3,796,0.40628889659180029,0.68390924649721752,8.6608192472111075e-10,9335772.9882792011,26838506.623565909,26376816.717038196,0.0040051438959572937,49801008.02052962,461689.90252256906,477432.48824590963,9621840042601966,-1023261504376185.8,-672129788993503.75
0_11:30210332301,4,796,0.5953994115433342,1.161778706564653,9.0106319346059222e-10,8973212.2964824382,26941270.353650004,26369474.91254691,0.0041669126743669009,49749973.147080868,571795.43693618069,331394.39129146351,10069649924030510,-1063515180220741,-698570434455005.62
0_11:30210332301,5,796,0.78450992649486817,0.77136586228217052,9.360444622000736e-10,8610651.6046856735,26870670.842807114,26409906.321527876,0.0043286814527765081,49794919.053441733,460764.51695055672,185356.29433701737,10560820202493642,-1109296897863326.4,-728642176709817
0_11:30210332301,6,796,0.73383791673337229,0.40914531381854702,9.2667125949111383e-10,8707799.4492598828,26722358.422863953,26249058.110354252,0.0042853356392410866,49499421.407263331,473300.308224365,214504.84447663001,9169358905285258,-1090411667279627.9,-716237404329512
0_11:30210332301,7,796,0.92294843168490626,0.70163299450952299,9.6165252823059531e-10,8345238.7574631199,26769222.250913277,26259474.18271026,0.0044471044176506939,49492143.551043928,509748.06375591271,197642.44428316518,9683044764824872,-1137617549070945,-747244609459341.62
0_11:30210332302,0,796,0.4361865598334706,0.30582083077389688,8.7161233212763395e-10,9278453.5025235582,26440837.103136964,26355620.16081892,0.0040307189331843154,49754717.097242594,85216.938287325669,677676.11185305903,7282672942876182,-1028625889523632.2,-675653387840732
0_11:30210332302,1,796,0.62529707478500451,0.54307635656584419,9.0659360086711542e-10,8915892.8107267953,26639208.058479,26245146.517787829,0.0041924877115939235,49510098.970331222,394061.53649868316,460462.58523482509,7864241700083656,-1065191620252391.8,-699671604859554.88
0_11:30210332302,2,796,0.81440758973653837,0.37721949051393894,9.415748696065969e-10,8553332.1189300325,26641597.655368164,26185316.893189147,0.0043542564900035307,49367081.066944838,456280.75782476057,243249.05861659115,8533420543137837,-1107135812535848.2,-727222666820172.12
0_11:30210332302,3,796,0.7637355799750426,0.4574183266398002,9.3220166689763713e-10,8650479.9635042399,26412355.687679894,26349380.890763082,0.0043109106764681092,49683950.261364095,62974.792605901981,611796.29311416356,6806334466183192,-1101728791936353.8,-723671062856689.38
0_11:30210332302,4,796,0.95284609492657646,0.81589968688602721,9.671829356371184e-10,8287919.271707477,26471726.466843903,26337737.97789022,0.0044726794548777156,49635910.048915952,133988.48448100407,495456.07897161518,7385392489031640,-1148812790065171.8,-754598208646841.88
0_11:30210332303,0,796,0.92446780983346744,0.39754366502817096,9.6193357963244522e-10,8342325.8216446945,26645904.156017721,26231152.422998451,0.0044484041229954649,49438571.789233662,414751.72857086587,182932.62141824453,8896686339596180,-1136782956355952.8,-746696406851284.5
0_11:30210332310,0,796,0.56702112645022507,0.50163733445847081,8.9581383745591915e-10,9027618.8464196548,27144374.12346096,26408031.58429854,0.0041426373424846511,49827923.71976874,736342.53501978237,103436.90946869139,10995481150078026,-1058762039334124,-695448331681164
0_11:30210332310,1,796,0.75613164140175904,0.80292498593217621,9.3079510619540042e-10,8665058.1546228919,27083909.592127044,26451585.301126171,0.0043044061208942575,49877840.090024486,632324.28669646673,81409.173349394769,10948213906938890,-1104167454572485.2,-725272899528976.25
0_11:30210332310,2,796,0.94524215635329289,0.50201898307613391,9.6577637493488189e-10,8302497.4628261272,26840148.855276715,26563106.884764817,0.0044661748993038656,50061584.21416261,277041.96604572347,59381.437230098134,10908101292731314,-1156630453037374.5,-759733244159716.12
0_11:30210332310,3,796,0.89457014659179712,0.78789499952789976,9.5640317222592212e-10,8399645.3074003365,26834478.741471827,26496280.797355268,0.0044228290857684432,49942166.659509189,338197.9396937298,134078.64090927353,10734162564883384,-1140526071929921.2,-749155074034746.62
0_11:30210333000,7,795,0.0048804481519404046,0.37232988749469409,9.9897963226845081e-10,8010320.7119691316,26099201.378230173,25557680.639949903,0.0046197213706475147,48138816.570217401,541520.73366054893,-1815753.0349232645,5660349989048670,-721151123032285.62,-1152774312548499
0_11:30210333000,8,795,0.19399096310347433,0.20557993441290306,9.5944181501359664e-10,8410233.8130586278,26098061.928451661,25486679.500301506,0.0044368811070214769,48030304.670024551,611382.42371327349,-1886059.3049637931,5187778062221925,-685311549164514.5,-1095484045906840.9
0_11:30210333001,2,795,0.027174172820327115,0.12622897239481637,9.943186264428647e-10,8057465.380626265,26085143.554068819,25648411.005604029,0.0045981668288674416,48312339.754276037,436732.54386662313,-1639752.8600584771,3631629473820875,-719515910167374.25,-1150160392489285.2
0_11:30210333001,4,795,0.16561267801036519,0.39766104176883593,9.6537493539193752e-10,8350222.0892362082,26091085.165090863,25637695.068155609,0.0044643184662238912,48310645.245797224,453390.09247093514,-1648480.304824518,4225326785014377.5,-694265509854824.5,-1109797128906638.5
0_11:30210333001,5,795,0.35472319296189914,0.21798685569550522,9.2583711813708335e-10,8750135.1903257035,26026457.112940241,25655425.548575077,0.0042814782025978534,48375390.107608423,371031.56008368527,-1578519.9107922725,3914896979630150.5,-663422958043704.62,-1060494700711274.8
0_11:30210333001,6,795,0.30405118320040331,0.190908081446094,9.3643124434101054e-10,8642978.7978461497,26088458.213787973,25494143.610838708,0.0043304701035803425,48062252.119687065,594314.59861879528,-1857079.2102114554,4938460465074867,-667300497663805.5,-1066693024373513.9
0_11:30210333001,7,795,0.49316169815193722,0.26803271108845617,8.9689342708615638e-10,9042891.8989356458,26078145.829562455,25595068.78695998,0.0041476298399543048,48288933.287424773,483077.0384548459,-1687183.0858687619,4553537359862834,-640797858554887.25,-1024328032343769.1
0_11:30210333001,8,795,0.68227221310347108,0.14702885745599001,8.5735560983130221e-10,9442805.000025142,25977337.034166671,25699066.426369652,0.003964789576328267,48528904.309832118,278270.60383222962,-1517286.9615260684,4230252541904001,-616708939313293.5,-985821419191727.75
0_11:30210333002,0,795,0.0063998263005015854,0.27443046376988051,9.9866197200723134e-10,8013533.7497384725,26122200.496839263,25555697.82309692,0.0046182523698291211,48135257.335417889,566502.66912409035,-1768894.7030143696,6459543456712853,-720808678163627.75,-1152226907662831.2
0_11:30210333002,1,795,0.19551034125203551,0.38799530530308313,9.5912415475237738e-10,8413446.8508279677,26166669.222757425,25515950.272974692,0.0044354121062030842,48085697.191568352,650718.94534732075,-1797129.232226311,5896492691927347,-685839889525580,-1096328608408467.5
0_11:30210333002,2,795,0.38462085620356939,0.21451320232846188,9.1958633749752311e-10,8813359.9519174639,26033922.798850611,25513657.260927867,0.0042525718425770456,48113641.707512841,520265.53367017186,-1825363.7614382529,5415331484469989,-655099851646572.5,-1047190050758185
0_11:30210333002,3,795,0.33394884644207357,0.4691665789587891,9.301804637014502e-10,8706203.5594379101,26200816.625144839,25582763.85728579,0.0043015637435595347,48234605.469654657,618052.76355748542,-1655017.2424365694,6910867072395981,-664830128694149.38,-1062744090786941.4
0_11:30210333002,4,795,0.52305936139360754,0.66512146091955937,8.9064264644659603e-10,9106116.6605274063,26226081.160512857,25642443.466358531,0.0041187234799334969,48384733.1927711,583637.69003560243,-1550342.9972757832,6332809944630307,-637611174632802.88,-1019234055158870.9
0_11:30210333002,5,795,0.71216987634514139,0.36876800182160008,8.5110482919174186e-10,9506029.7616169024,26131254.805086568,25706978.550862938,0.0039358832163074583,48551440.001737319,424276.2502877466,-1445668.7521149968,5839155304547703,-612891678432713.75,-979719452285088.5
0_11:30210333002,6,795,0.66149786658364562,0.31345435675236244,8.6169895539566906e-10,9398873.3691373486,26286534.684949696,25651864.286589783,0.0039848751172899474,48434613.314940467,634670.39437503822,-1541139.7818587697,7406951315368566,-618387664161090.62,-988504894014924.75
0_11:30210333002,7,795,0.85060838153517948,0.44556040111703754,8.2216113814081489e-10,9798786.4702268448,26312390.475719634,25876842.983078565,0.0038020348536639101,48910126.482398413,435547.48883903417,-1303556.7623252552,6819238393290381,-598973034575415.62,-957470225192800.12
0_11:30210333002,8,796,0.039718896486713416,0.2477173600378911,7.9827457044049794e-10,10038557.139991235,26201517.389653035,26060259.689580865,0.0036915728545278562,49291692.949412361,141257.69638059646,-1065973.7427917405,6286765853740719,-941892252213363.12,-618682358348589.12
0_11:30210333003,0,795,0.4946810763004984,0.19930590482092783,8.9657576682493701e-10,9046104.9367049877,25954996.703813199,25569540.299012404,0.0041461608391359121,48241091.003768973,385456.40065463417,-1778961.2072707929,5161279866890206,-639935611693675.5,-1022949713707169.1
0_11:30210333003,1,795,0.68379159125203226,0.27995169916800794,8.5703794957008284e-10,9446018.037794482,25926158.03339193,25744951.535013888,0.0039633205755098735,48615933.619796127,181206.49441472156,-1591264.6870516308,4768304175032739,-617604766191678.62,-987253416148968.12
0_11:30210333003,2,795,0.87290210620356623,0.15365624461453969,8.1750013231522868e-10,9845931.1388839781,25883092.936105207,25869746.409678724,0.0037804803118838362,48903196.149330676,13346.522646002633,-1403568.1668324694,4437583044713235,-596020543448522.62,-952750609816208.25
0_11:30210333003,3,795,0.82223009644207035,0.34301399728897325,8.2809425851915587e-10,9738774.7464044243,26113545.278347809,25791283.017754409,0.0038294722128663253,48740336.989246003,322262.25676392717,-1371870.8292910235,5576289790321031,-600571868870527.62,-960025993389730.75
0_11:30210333003,4,796,0.01134061139360412,0.48234927366112185,7.9302521443582476e-10,10092963.689928453,26191782.91322596,25959538.265355814,0.0036672975226456055,49108973.152801491,232244.64420284823,-1222939.1271748766,5155806706376226,-933342254686199.5,-613066288547027.62
0_11:30210333003,5,796,0.20045112634513804,0.26509477836453083,8.2800648317530623e-10,9730402.9981316905,26014878.385651734,26134600.771429081,0.0038290663010552132,49390589.901597485,-119722.3896064131,-1074007.4250587299,4663624055315636,-973670856461815.5,-639556149140750
0_11:30210333003,6,796,0.1497791165836424,0.2306671324539746,8.1863328046634636e-10,9827550.842705898,26120255.648977298,26243929.45372726,0.0037857204875197908,49609918.680884682,-123673.80853568243,-964780.45131125441,5931631136990196,-968326910155361.25,-636045975555612.12
0_11:30210333003,7,796,0.33888963153517632,0.32469560717963791,8.5361454920582773e-10,9464990.1509091351,26081926.815122839,26402363.770267088,0.0039474892659293976,49863957.572145253,-320436.95909173816,-854613.56729812245,5345990512310201,-1010567584243782.5,-663791781725953.75
0_11:30210333003,8,796,0.52800014648671023,0.17866444716144866,8.8859581794530921e-10,9102429.4591123722,26044841.610208701,26514557.771077957,0.0041092580443390057,50036330.108135253,-469716.16497851373,-744446.68328499049,4828643375535742,-1054452236913675.4,-692617435982389.75
0_11:30210333010,0,795,0.13723439291725609,0.1168899125836957,9.7130805577027839e-10,8290210.3654137878,26066985.594269186,25651267.647108007,0.0044917558254263064,48332123.765895717,415717.94266942324,-1624662.6280562459,3482099525198240,-699602104190470.38,-1118327780347292.2
0_11:30210333010,1,795,0.32634490786879,0.16382252857638444,9.3177023851542443e-10,8690123.466503283,26024125.868898273,25701563.219295613,0.0043089155618002695,48457226.915445812,322562.64529374347,-1542829.8351571725,3260593610522928.5,-669134449014843.38,-1069624631827788.6
0_11:30210333010,2,795,0.51545542282032397,0.089566709800759189,8.9223242126057016e-10,9090036.5675927792,25930512.580618951,25760642.723611142,0.0041260752981742308,48606105.808018357,169869.85288173368,-1460997.0422580992,3076867346919075.5,-641661491915622.38,-1025708567327240.2
0_11:30210333010,3,795,0.46478341305882809,0.20191436132433246,9.0282654746449736e-10,8982880.1751132254,26003532.627731238,25694823.855903707,0.0041750671991567199,48471195.863771051,308708.76765246294,-1520035.775389052,3758504306680240.5,-647513618821370.38,-1035063307762717.6
0_11:30210333010,4,795,0.65389392801036206,0.28302114569425019,8.6328873020964309e-10,9382793.2762027215,25992381.122979753,25789669.631402321,0.0039922269355306822,48692935.521873802,202711.48758520462,-1389015.9250994606,3526911046668745,-622751222155594.88,-995480127647272.38
0_11:30210333010,5,795,0.84300444296189592,0.15479603257729155,8.2375091295478902e-10,9782706.3772922177,25958606.858221747,25867082.955542002,0.0038093866719046444,48889492.690547042,91523.898870358433,-1257996.0748098691,3336181453836270.5,-599704477330156.88,-958639450881890
0_11:30210333010,6,795,0.79233243320040014,0.13621446266541853,8.3434503915871611e-10,9675549.9848126639,25951923.110801514,25790507.820293903,0.0038583785728871331,48730555.960954122,161415.28664923232,-1415408.9227218588,4068257015459562,-604374990259264.5,-966105358039410.88
0_11:30210333010,7,795,0.981442948151934,0.19092732511407254,7.9480722190386205e-10,10075463.08590216,25998554.912171587,25954481.659524925,0.0036755383092610958,49096613.268533289,44073.248971123983,-1235202.0150417488,3829109444151751,-584746051598021.75,-934728111927492
0_11:30210333010,8,796,0.17055346310346792,0.10445062290372138,8.2247607576878303e-10,9787722.4838873316,25912618.976092413,26121700.080057267,0.0038034912638281911,49373621.70787666,-209081.1077683453,-1054995.1073616389,3500688990543384.5,-967636236199712.62,-635592306050712.25
0_11:30210333011,0,795,0.62551564291725292,0.082899400319893457,8.6922185058798417e-10,9322781.5523803029,25905875.835828915,25818504.557316285,0.0040196642947330974,48740477.810044311,87371.274492966317,-1398599.136903794,2989126053204603.5,-627371886338095.75,-1002866350598853.9
0_11:30210333011,1,795,0.81462615786878678,0.11620157546409289,8.2968403333313e-10,9722694.6534697972,25915783.700710565,25920229.125790149,0.0038368240311070596,48981875.241826661,-4445.4289164081529,-1266002.047633684,2866497115098472,-604546261977342.5,-966379139263291
0_11:30210333011,2,796,0.0037366728203207214,0.06346291999790514,7.9161865373358825e-10,10107541.881047104,25932129.670144301,25987602.252160363,0.0036607929670717547,49164177.321570352,-55472.585676854957,-1133404.9583635742,2767778514910192,-933043758899052,-612870221452181.5
0_11:30210333011,3,795,0.95306466305882487,0.1432908565565017,8.0074034228220292e-10,10015451.36207974,25972698.495319273,25931321.673003614,0.0037029756684635105,49043867.10851267,41376.818612683703,-1192805.5705073001,3245957266137699,-587617822935934.88,-939318695127223
0_11:30210333011,4,796,0.14217517801035881,0.20085981745265338,8.1722671976410985e-10,9842129.0338245481,25961843.214724269,26055202.794157352,0.00377921593194594,49255094.006514244,-93359.583212299462,-1099798.7955956822,3009074360870318.5,-959977122091425.62,-630561413431900.88
0_11:30210333011,5,796,0.3312856929618927,0.10973351187378955,8.5220798850359133e-10,9479568.3420277853,25936762.084966417,26166881.665038951,0.0039409847103555476,49420915.410574555,-230119.58401351806,-1006792.0206840642,2762964936979136.5,-1000048376003230,-656882234963113.88
0_11:30210333011,6,796,0.28061368320039692,0.096690696696861145,8.4283478579463146e-10,9576716.1866019946,25913136.042461485,26209077.191014722,0.0038976388968201257,49512163.01042103,-295941.15245087619,-987012.00411080639,3319967269952432.5,-991731409037465.12,-651419231392806.38
0_11:30210333011,7,796,0.46972419815193084,0.13552085103609324,8.7781605453411283e-10,9214155.4948052317,25940606.684726473,26284720.787572414,0.0040594076752297325,49614034.4658968,-344114.10690534842,-933595.54355768033,3034766556743698,-1032875063380901.1,-678444459639943.38
0_11:30210333011,8,796,0.65883471310346475,0.074048701633496125,9.1279732327359441e-10,8851594.803008467,25961719.695288446,26347273.612458337,0.0042211764536393406,49696951.036766887,-385553.92139106774,-880179.08300455427,2778935289946241,-1076978430315013,-707413776461257
0_11:30210333012,0,795,0.98296232630049518,0.14238203829230023,7.9448956164264268e-10,10078676.123671502,25939600.828938596,25956646.545613926,0.0036740693084427027,49101192.471546903,-17045.72034939926,-1300464.223913268,4271258931539809.5,-584614158543602,-934517278275178.75
0_11:30210333012,1,796,0.17207284125202893,0.19959076325626804,8.2275712717063305e-10,9784809.5480689071,25945626.512082517,26120810.285101648,0.0038047909691729621,49371559.452400975,-175183.77682392224,-1133844.9028264349,3888677500026231,-967883872695067.62,-635754966196391.88
0_11:30210333012,2,796,0.36118335620356284,0.10921600115222424,8.5773839591011443e-10,9422248.8562721424,25941859.698469244,26256919.844965551,0.0039665597475825693,49584344.286156863,-315060.15046286688,-967225.5817396018,3536376483584944,-1009459243888349,-663063767854578.38
0_11:30210333012,3,796,0.31051134644206702,0.24576116716788854,8.4836519320115466e-10,9519396.7008463535,26009390.556991979,26255228.376316302,0.0039232139340471478,49592466.369901612,-245837.82324753597,-1010084.5762573263,4402422437063128.5,-999321123051018.38,-656404538527525.75
0_11:30210333012,4,796,0.49962186139360093,0.34462308602505198,8.8334646194063603e-10,9156836.0090495888,26015547.722278953,26355256.72514762,0.0040849827124567551,49741222.137170061,-339709.00695364998,-939345.94074638223,3985302416591741,-1042004994472675.8,-684441459069703.75
0_11:30210333012,5,796,0.68873237634513484,0.18868692153165778,9.1832773068011751e-10,8794275.3172528259,26000890.393347457,26435489.083880845,0.0042467514908663623,49858308.3271299,-434598.69478013989,-868607.3052354384,3615318034621527,-1087517531152410.1,-714336389685468.38
0_11:30210333012,6,796,0.63806036658363918,0.16570107367248274,9.0895452797115774e-10,8891423.1618270352,26073042.143506601,26549069.861580346,0.0042034056773309408,50081186.387218468,-476027.72227715002,-719704.92860138451,4550135610908263,-1080443631820673.6,-709689895661343
0_11:30210333012,7,796,0.82717088153517315,0.23240432652116644,9.4393579671063901e-10,8528862.4700302705,26099270.169697739,26536959.472442493,0.0043651744557405472,50028179.762582242,-437689.30710992811,-744846.97866632976,4106158147197588,-1125180963031417.1,-739075632208855.12
0_11:30210333013,0,796,0.4712435763004918,0.10110850452442446,8.7809710593596285e-10,9211242.5589868054,25980980.54611738,26316394.075173788,0.0040607073805745044,49673514.071489602,-335413.53311711492,-908605.7077411178,3350172946643810.5,-1034440346817534.2,-679472616784016.38
0_11:30210333013,1,796,0.66035409125202571,0.14171002514266215,9.1307837467544433e-10,8848681.8671900425,26020355.114916742,26351282.226696413,0.0042224761589841116,49704253.506236322,-330927.11600214732,-873778.31995377212,3056733504157455,-1077491268792806.9,-707750634650872.38
0_11:30210333013,2,796,0.84946460620355968,0.07744119941924929,9.480596434149258e-10,8486121.1753932796,26017740.687197041,26393469.908374436,0.0043842449373937198,49754515.733632855,-375729.22556164034,-838950.93216642644,2794784121107844.5,-1124662099936528.4,-738734816746734.62
0_11:30210333013,3,796,0.7987925964420638,0.17471222575039169,9.3868644070596604e-10,8583269.0199674889,26013344.160583653,26451307.107833244,0.0043408991238582974,49870845.606159143,-437962.95159049047,-844956.68954427529,3418979474016443.5,-1114532643335440.4,-732081278527236.5
0_11:30210333013,4,796,0.98790311139359777,0.24488317691177008,9.7366770944544731e-10,8220708.3281707251,26012122.071602818,26449046.234188419,0.0045026679022679046,49841461.202088349,-436924.16708826914,-834420.18116876087,3111299187516224.5,-1163001598846820.2,-763918134210046.12
0_11:30210333020,0,795,0.85212775968374066,0.32520047327346496,8.2184347787959552e-10,9801999.5079961866,26215074.390283056,25935172.016305309,0.0038005658528455165,49020814.380866878,279902.37017718097,-1357435.8024406866,7717833184870354,-600131778823715.75,-959322500758339
0_11:30210333020,1,796,0.041238274635274595,0.46316772597834527,7.9855562184234806e-10,10035644.204172811,26332180.318203636,26142402.228287492,0.0036928725598726281,49446645.587601453,189778.08622327101,-1122008.4652916859,7090704073891816,-945127422905460.88,-620807381703164.75
0_11:30210333020,2,796,0.23034878958680852,0.25802247739908651,8.3353689058182954e-10,9673083.5123760477,26157112.987544946,26299801.659168363,0.0038546413382822358,49695488.602388419,-142688.67547805759,-886581.12814268516,6430884797784872,-985486803376133.38,-647317459296867.5
0_11:30210333020,3,796,0.1796767798253126,0.55231917996152524,8.2416368787286956e-10,9770231.356950257,26555903.730847698,26258195.713938694,0.003811295524746813,49629327.083875775,297708.01309770771,-840016.06743222824,8115016931276287,-974388891722140.12,-640027790931189.75
0_11:30210333020,4,796,0.36878729477684652,0.7898907028719242,8.5914495661235104e-10,9407670.6651534941,26442961.670680504,26457603.963847972,0.0039730643031564202,49961648.69044973,-14642.297140532464,-744905.48922019429,7361679313963331,-1018716736001477.4,-669144555799786.12
0_11:30210333020,5,796,0.55789780972838043,0.44186119372500249,8.9412622535183241e-10,9045109.9733567294,26318814.151194919,26599799.9230299,0.0041348330815660275,50191476.097592562,-280985.77596981375,-649794.91100816056,6691094101953652,-1064424597628491.6,-699167785696857.75
0_11:30210333020,6,796,0.50722579996688455,0.36659093687553496,8.8475302264287254e-10,9142257.8179309405,26499468.897793092,26739267.115838408,0.0040914872680306051,50464466.628966875,-239798.2221368039,-322596.33242376993,8445104076158777,-1058841630926782.8,-695500611455347.38
0_11:30210333020,7,796,0.69633631491841852,0.52643818587604885,9.1973429138235402e-10,8779697.1261341758,26517707.093339533,26748900.231960241,0.0042532560464402132,50448140.629104421,-231193.14287396419,-367802.51314870291,7671124902964896,-1102210173158221.2,-723987258333305.62
0_11:30210333020,8,796,0.88544682986995249,0.29570504972884437,9.5471556012183549e-10,8417136.4343374129,26424198.917227905,26770110.798687015,0.0044150248248498213,50459533.497315012,-345911.88587413431,-413008.69387363596,6983220244071264,-1149946537021510.5,-755342910855687.75
0_11:30210333021,0,796,0.3404090096837375,0.24046016563971345,8.5389560060767786e-10,9462077.2150907107,26206874.151590362,26433157.221456319,0.0039487889712741695,49921773.990056708,-226283.07381474588,-796022.95866390958,6065705665208095,-1012050788045094.4,-664766024823878.38
0_11:30210333021,1,796,0.52951952463527141,0.33876859114952745,8.8887686934715933e-10,9099516.5232939459,26254222.652393058,26513148.27846681,0.0041105577496837777,50033377.054597355,-258925.63018430935,-720247.90046758391,5461231994364622,-1054727536218223.9,-692798266456989.75
0_11:30210333021,2,796,0.71863003958680527,0.18658518525156706,9.2385813808664081e-10,8736955.8314971831,26215675.205273438,26593281.759014677,0.0042723265280933849,50150990.962469563,-377606.55801356555,-644472.84227125812,4929674143988879,-1101078199685777.1,-723243721038170
0_11:30210333021,3,796,0.66795802982530939,0.41250583326414064,9.1448493537768094e-10,8834103.6760713924,26301403.021672286,26654925.104368325,0.0042289807145579625,50275686.229196638,-353522.08692501992,-623179.61838721822,6310859879255988,-1091677352583831.2,-717068770302734
0_11:30210333021,4,796,0.85706854477684336,0.58227032194424844,9.4946620411716231e-10,8471542.9842746295,26272621.565139558,26657357.031506896,0.0043907494929675698,50250903.373274535,-384735.47075808735,-626826.9651301651,5678132799050714,-1137837231115063.2,-747388907710890.38
0_11:30210333021,6,796,0.99550704996688144,0.27653448446697737,9.7507427014768381e-10,8206130.1370520741,26336884.824014667,26724926.037133288,0.0045091724578417546,50360440.020627245,-388041.21762779268,-450336.27811052679,6586030597007603,-1177199046061955,-773243733932252.38
0_11:30210333022,0,796,0.69785569306697959,0.37859067341536995,9.2001534278420414e-10,8776784.1903157495,26753442.574415483,26759136.452188417,0.0042545557517849851,50467192.777996272,-5693.8820274904865,-178932.53550169949,8620284719746040,-1102992383563235.5,-724501053597001.38
0_11:30210333022,1,796,0.88696620801851356,0.54524998177501738,9.5499661152368562e-10,8414223.4985189866,26638196.344109766,26731190.385048218,0.0044163245301945923,50385965.847806416,-92994.045354776419,-264883.5807752182,7843984175260294,-1148667490267957.2,-754502768408325.25
0_11:30210333030,0,796,0.82869025968373433,0.17310748877533697,9.4421684811248913e-10,8525949.5342118461,26190854.76109067,26588935.616790853,0.0043664741610853191,50125947.468901291,-398080.86006665783,-636759.80857212492,4641690917795618,-1127765026285165.5,-740772975343586.5
0_11:30210333100,0,796,0.1137968929172497,0.058717159211570912,8.1197736375943667e-10,9896535.5837617666,25933160.333197594,26059170.228673618,0.0037549406000636893,49269897.414703988,-126009.89923096519,-1071361.6578204115,2641236416148371.5,-954986545235042.62,-627283350732296.5
0_11:30210333100,1,796,0.30290740786878362,0.082293174647196501,8.4695863249891805e-10,9533974.8919650018,25956857.740559515,26148524.47391523,0.003916709378473297,49392646.328484386,-191666.73727242526,-990747.46140207152,2442739211654232,-993772733463917.25,-652760076279622.38
0_11:30210333100,2,796,0.49201792282031753,0.044876812796640041,8.8193990123839952e-10,9171414.200168239,25978235.336970773,26226119.879550185,0.0040784781568829042,49498990.180845365,-247884.54665789061,-910133.26498373167,2262389391367726.5,-1035282366469217,-680025697778848.62
0_11:30210333100,3,796,0.4413459130588217,0.10154215590561073,8.7256669852943965e-10,9268562.0447424483,25948060.702812713,26222128.851105593,0.0040351323433474818,49501647.769639567,-274068.15232801286,-967088.07442365016,2633426042202279,-1024486121537973.8,-672934179338523.25
0_11:30210333100,4,796,0.63045642801035562,0.1423359777678373,9.0754796726892113e-10,8906001.3529456854,25969588.729352549,26273692.950060893,0.0041969011217570899,49563047.786558889,-304104.22490524524,-923652.56862199749,2429880090319216,-1067515115793671,-701197793972707.88
0_11:30210333100,5,796,0.81956694296188948,0.07765743152184805,9.425292360084025e-10,8543440.6611489207,25978997.912150528,26321077.399243876,0.0043586699001666972,49622284.223657697,-342079.49145201797,-880217.06282034505,2245522150719008.2,-1114147602191221.6,-731828364074859.88
0_11:30210333100,6,796,0.7688949332003937,0.068524162317587733,9.3315603329944273e-10,8640588.50572313,25980827.135939617,26362278.866804007,0.0043153240866312748,49707481.315172248,-381451.7351797148,-862814.49102688872,2643742903395641.5,-1103512406730285.8,-724842631053053.75
0_11:30210333100,7,796,0.95800544815192756,0.09605223806091763,9.68137302038924e-10,8278027.8139263671,25993195.744840775,26363783.630854458,0.004477092865040882,49684364.055041857,-370587.89049077581,-856557.67584192357,2432440187991340,-1151308310250686.8,-756237392226548.38
0_11:30210333101,0,796,0.60207814291724648,0.04148777132861263,9.0229861126424795e-10,8960407.902882902,25994023.877328649,26255343.261957284,0.0041726257898748384,49533447.330318682,-261319.38880126068,-879790.58896345133,2166794743839177.8,-1060399609590221,-696523970455793.38
0_11:30210333101,1,796,0.79118865786878045,0.058077383964990278,9.3727988000372932e-10,8597847.2110861391,26011346.327695649,26281914.617297214,0.0043343945682844456,49552600.157236211,-270568.29393595899,-856132.43189841427,2016721717801137.5,-1105542671941190.5,-726176211689059.62
0_11:30210333101,2,796,0.98029917282031431,0.031583963192855169,9.72261148743211e-10,8235286.5192893744,26013862.899828959,26311349.696740925,0.0044961633466940546,49582874.931980327,-297486.80140812939,-832474.27483337733,1879678721774533,-1154919665418475.2,-758609512526711.5
0_11:30210333101,3,796,0.92962716305881854,0.071812618876635675,9.6288794603425103e-10,8332434.3638635837,25985877.288703628,26331146.673952386,0.0044528175331586322,49626379.431394376,-345269.38970157545,-862132.73829983128,2147855014957402.2,-1142455981408642.8,-750422735961988.25
0_11:30210333102,0,796,0.95952482630048863,0.071666938747638798,9.6841835344077433e-10,8275114.8781079417,26008852.39048665,26395911.55240133,0.0044783925703856548,49744725.973241344,-387059.16639307275,-829650.72071950685,2656389108669047.5,-1153112809787975.2,-757422678576175.88
0_11:30211220023,5,795,0.032333526045678233,0.0020290198525460511,9.9323994731690771e-10,8068375.8947692523,26222709.149038419,26264914.831682377,0.0045931785419702003,49474247.488105945,-42205.687237135979,-664840.76341310283,1269555475539598.5,-735823837728736.12,-1176228936769702.2
0_11:30211220023,7,795,0.17077203123571633,0.0033005353939068783,9.6429625626598073e-10,8361132.6033791937,26207732.929508496,26239298.564198006,0.0044593301793266517,49445062.004510127,-31565.639148840048,-694074.50167073542,1321392322427044.2,-709640827662905.5,-1134374878077850.2
0_11:30211220023,8,795,0.35988254618725024,0.0015138785461414883,9.2475843901112657e-10,8761045.7044686899,26203510.50029292,26232766.366436779,0.0042764899157006139,49464988.034960717,-29255.870420349838,-677286.33829249046,1366227185460397.8,-677520969776106.38,-1083030650894343.9
0_11:30211220030,8,795,0.0024358628040077588,0.00024066269239416392,9.9949072795646805e-10,8005151.1331774918,26240549.966228545,26293528.659121636,0.0046220849019910091,49524523.443685509,-52978.697515176493,-615544.74125258683,1243351942917178.2,-742389034815244.38,-1186723533971912
0_11:30211220031,6,795,0.11249608290093674,0.00015358492338591668,9.7648015728388216e-10,8237896.1179650137,26238812.411255356,26290113.858176678,0.0045156738985498764,49532308.838890329,-51301.451436996394,-608752.93756495882,1271074745720482.8,-721527752306514.88,-1153376361881598.5
0_11:30211220031,7,795,0.30160659785247063,0.00013814956729046651,9.3694234002902779e-10,8637809.219054509,26235680.75601919,26281588.108741876,0.0043328336349238369,49546327.999966696,-45907.357055519416,-596789.65925990534,1323675033759103.2,-688317236057338.38,-1100288695765863.4
0_11:30211220032,1,795,0.0039552409525691213,0.00089301944947974433,9.9917306769524858e-10,8008364.1709468318,26234975.195806205,26283635.308234662,0.0046206159011726155,49506068.795411065,-48660.117049072447,-632931.00798781402,1249362738079233.8,-741814650418877.25,-1185805369170508.8
0_11:30211220032,2,795,0.19306575590410305,0.00030060511740585838,9.5963525044039441e-10,8408277.2720363289,26231383.064651225,26277358.879771568,0.0044377756375465777,49520215.714586392,-45975.819558118754,-620521.85291223123,1295834836425681.8,-706734483666065.88,-1129729029800032
0_11:30211220032,3,795,0.14239374614260722,0.001657509615121445,9.7022937664432161e-10,8301120.8795567742,26220579.758755505,26262080.654449701,0.0044867675385290668,49483768.403620288,-41500.900180963763,-656331.94795675878,1294888669708593,-715330605338380.38,-1143470100062418.8
0_11:30211220032,4,795,0.33150426109414111,0.0018720178593447873,9.3069155938946744e-10,8701033.9806462713,26217138.111655124,26254861.941648833,0.0043039272749030291,49501351.688008718,-37723.834297637193,-641403.24678552907,1343694182056631.2,-682695393309695.75,-1091302069105116.5
0_11:30211220032,5,795,0.52061477604567508,0.00069217988623205488,8.9115374213461327e-10,9100947.0817357656,26214490.559449311,26243997.339271158,0.0041210870112769913,49519261.15265011,-29506.783942933645,-626474.54561429936,1397472901953121,-652932589948779.5,-1043725640131906.4
0_11:30211220032,6,795,0.46994276628417919,0.0012547384409253121,9.0174786833854047e-10,8993790.6892562136,26201831.821235575,26227954.67574203,0.0041700789122594804,49477993.931184113,-26122.858676534273,-667323.73285012075,1395749343684427.5,-660161337188529.62,-1055280935358863.5
0_11:30211220032,7,795,0.65905328123571316,0.0014502237857662932,8.622100510836863e-10,9393703.7903457098,26199540.461452473,26216783.688479338,0.0039872386486334427,49500652.719884135,-17243.231014103534,-649875.48558324424,1452638780556782.2,-632346098206590.38,-1010817726508890.2
0_11:30211220032,8,795,0.84816379618724702,0.00056581464984617263,8.2267223382883213e-10,9793616.8914352041,26198403.200780597,26201174.455035836,0.0038043983850074045,49522435.906574056,-2771.2580596373055,-632427.23831636773,1515759795965723.8,-606791748646285.88,-969968594050858.62
0_11:30211220033,0,795,0.30312597600103203,0.00020154751733365725,9.3662467976780831e-10,8641022.2568238508,26229567.004070599,26272462.940189037,0.0043313646341054434,49529395.811096162,-42895.940449803471,-613305.12330852868,1325877280235148.2,-687826154142444.75,-1099503691626278.5
0_11:30211220033,1,795,0.49223649095256594,0.00018575638002268915,8.9708686251295425e-10,9040935.357913347,26226876.731597617,26260865.519294012,0.0041485243704794065,49544858.064824194,-33988.79184491944,-600914.04719394713,1382938123620831.2,-657606358176080.25,-1051196750947879.5
0_11:30211220033,2,795,0.6813470059040998,3.1153908885365052e-05,8.5754904525810009e-10,9440848.4590028431,26225638.500315048,26245019.202029716,0.0039656841068533687,49559618.853001729,-19380.70568035253,-588522.97107936558,1445400722409836.8,-629937859263942.12,-1006968108997527.8
0_11:30211220033,3,795,0.63067499614260403,0.00049705210890012101,8.6814317146202728e-10,9333692.0665232893,26213493.021176934,26236163.00846808,0.0040146760078358578,49530200.592049547,-22669.991305822077,-618459.9747418823,1432274011562884.5,-636791704506588.25,-1017924115977983.2
0_11:30211220033,4,795,0.81978551109413789,0.00047881418271371442,8.2860535420717311e-10,9733605.1676127855,26212575.523973059,26218386.760660116,0.0038318357442098197,49546778.586257763,-5811.240518892464,-605846.66984655056,1498465916193204,-610832978651133.75,-976428580025920.88
0_11:30211220033,5,796,0.0088960260456718392,0.00010314583605734745,7.9257302013539395e-10,10097650.423265994,26212861.434179451,26198837.892780591,0.0036652063772349211,49562352.417612374,14023.537733654137,-593233.36495121894,1564571449454495.5,-941521767922078.25,-618439005571745.88
0_11:30211220033,6,795,0.95822401628417597,0.00042059064286705975,7.9966166315624614e-10,10026361.876222728,26198633.602462083,26189963.684007026,0.003697987381566271,49534663.506573372,8669.914757069464,-623614.82617523591,1556666274746946,-592852452657272.38,-947686354118153.38
0_11:30211220033,7,796,0.14733453123570991,0.00041332212259947461,8.1818108616591556e-10,9832237.57604344,26199225.365862392,26212746.91391623,0.0037836293421091064,49551597.092286125,-13521.551837467654,-610779.29249915411,1519024139120408.2,-966727511930417.5,-634995410097173.12
0_11:30211220033,8,796,0.33644504618724386,9.7856257999536428e-05,8.5316235490539693e-10,9469676.8842466753,26201074.102429204,26244988.793658409,0.0039453981205187141,49567281.449995816,-43914.695174603701,-597943.75882307242,1454331139828871.5,-1004057825018978.8,-659515843390099.88
0_11:30211220122,3,796,0.11895624614260082,4.1158750920566879e-05,8.1293173016124238e-10,9886644.1259806566,26213523.434962139,26218700.745137777,0.0037593540102268557,49570174.185711309,-5177.313934992656,-586700.50612062484,1524918658458817.8,-961768012046249.75,-631737760321037.75
0_11:30211220122,6,796,0.44650526628417281,4.5682107653652114e-05,8.7352106493124535e-10,9258670.5869613364,26202357.73889095,26261317.73633321,0.0040395457535106483,49574569.16720023,-58960.001481806139,-591340.59412568912,1419689043144064.5,-1027091420133646.1,-674645470917347.88
0_11:30211220200,2,795,0.062231189287348707,0.0032718893909088856,9.8698916667734736e-10,8131600.6563610127,26203967.475789502,26227300.518017851,0.0045642721819493925,49407186.94139865,-23333.046792620735,-726830.65696728847,1314109464009853,-729113037976956.38,-1165501590831475
0_11:30211220200,3,795,0.011559179525852885,0.0089644766907252538,9.9758329288127455e-10,8024444.2638814608,26190477.936832763,26203856.353848502,0.0046132640829318816,49356706.241473146,-13378.421629002869,-776275.13326795038,1344184278957234.5,-738094525418530.12,-1179858675886807.5
0_11:30211220200,4,795,0.20066969447738681,0.01189459896951209,9.5804547562642038e-10,8424357.364970956,26185449.228497773,26202730.643977702,0.0044304238193058438,49380767.672085695,-17281.419910352073,-754715.02878633491,1377544737452472.5,-703399142812411.75,-1124397421574118
0_11:30211220200,5,795,0.38978020942892072,0.0059753787645175568,9.1850765837156622e-10,8824270.4660604522,26179652.280149981,26198757.972890336,0.0042475835556798061,49406609.082773954,-19105.696987938241,-733154.92430471955,1416259254039174,-671872733051127.88,-1074001832939557.6
0_11:30211220200,6,795,0.33910819966742489,0.0062270755325154331,9.2910178457549331e-10,8717114.0735808983,26165373.2409526,26169078.232955705,0.0042965754566622943,49341013.294718176,-3704.9962996810373,-794865.35116989701,1446884095365840.2,-679228834122504.75,-1085760705781546
0_11:30211220200,7,795,0.52821871461895875,0.0083085270300435402,8.8956396732063914e-10,9117027.1746703945,26160763.247258719,26168376.976435587,0.0041137351930362566,49378266.537699915,-7613.733290602946,-767172.27140602388,1487137501154172.5,-649925189421916.5,-1038918250995028.6
0_11:30211220200,8,795,0.71732922957049272,0.0042092232778871532,8.5002615006578497e-10,9516940.2757598907,26156443.798821721,26163278.50297061,0.0039308949294102188,49414583.199405774,-6834.708079783517,-739479.19164215063,1533919839799214.5,-623072483000096.5,-995993669451952.62
0_11:30211220201,0,795,0.17229140938427767,0.0028552906707205281,9.6397859600476126e-10,8364345.6411485355,26200483.533048637,26225551.175354883,0.0044578611785082581,49419386.938495584,-25067.646764107041,-717035.51339842484,1336322125372698.8,-708999880047759.38,-1133350310656638
0_11:30211220201,1,795,0.36140192433581159,0.0036088363166564192,9.244407787499072e-10,8764258.7422380317,26195130.734970778,26221053.333633166,0.0042750209148822212,49443189.716560349,-25922.602937408494,-698801.71328652708,1380297534283775.5,-676974124229680.62,-1082156507488451
0_11:30211220201,2,795,0.5505124392873455,0.0016764224574100685,8.8490296149505293e-10,9164171.8433275279,26190522.168318626,26212740.482540127,0.0040921806512561826,49467015.608496286,-22218.318313682001,-680567.91317462933,1429625204623007.8,-647743799657044.62,-1035431256374501.5
0_11:30211220201,3,795,0.49984042952584967,0.0052503430987352849,8.9549708769898022e-10,9057015.450847974,26177434.667156588,26195831.193057045,0.0041411725522386717,49423810.877036676,-18396.530041629605,-720850.09829969087,1442617593783655.5,-654835023799275.62,-1046766718214060.9
0_11:30211220201,4,795,0.68895094447738359,0.0067173948434661847,8.5595927044412595e-10,9456928.5519374702,26175091.544816211,26187450.388085514,0.003958332288612634,49452857.366235554,-12358.84722763573,-700124.77067603474,1494611143787662,-627512037409522.25,-1003090384854444.1
0_11:30211220201,5,795,0.87806145942891756,0.0031850834721310218,8.1642145318927179e-10,9856841.6530269664,26173770.02208931,26174322.672388375,0.0037754920249865962,49480489.307345368,-552.65407455683999,-679399.44305237883,1553279516765041.5,-602388933660824.62,-962930607343159.75
0_11:30211220201,6,795,0.82738944966742167,0.0037179942806820645,8.2701557939319898e-10,9749685.2605474126,26155965.980065737,26159172.587295722,0.0038244839259690849,49437049.564791359,-3206.6110544692228,-724664.68320095667,1565630144173358.2,-608474982585826.12,-972659276746259.38
0_11:30211220201,7,796,0.016499964618955601,0.0048007948881325473,7.9397958083763046e-10,10083072.232147343,26157180.912601002,26151957.58228182,0.003671710932808772,49471544.969292536,5223.3266474701522,-701447.8280655425,1615159192535771.5,-941155490972372.75,-618198416389150.88
0_11:30211220201,8,796,0.2056104795704895,0.0023110318642147448,8.2896084957711194e-10,9720511.5403505787,26156898.184560765,26194475.974946197,0.0038334797112183796,49502478.377546281,-37577.794218912255,-678230.97293012822,1537157189557196,-976869629858557.88,-641657264915159.12
0_11:30211220202,0,795,0.52973809276752015,0.0066213233990006469,8.8924630705941977e-10,9120240.2124397345,26144502.007865321,26153290.900533762,0.004112266192217863,49350139.251616761,-8788.8967807071294,-796506.78150293301,1514193991533291.8,-649326136682686.5,-1037960653360371.4
0_11:30211220202,1,795,0.71884860771905412,0.0088627282672023629,8.497084898045656e-10,9520153.3135292307,26141528.543470677,26152277.408215884,0.0039294259285918252,49394204.817187779,-10748.868674633059,-767634.56010946515,1559328896862420.5,-622605331000409.62,-995246917754430
0_11:30211220202,2,795,0.90795912267058798,0.0045114197997742182,8.1017067254971144e-10,9920066.4146187268,26141148.137789812,26144658.114101872,0.0037465856649657875,49433404.157792479,-3509.980058645574,-738762.33871599752,1611781584474003.8,-597980081264138.5,-955882969714382.12
0_11:30211220202,3,795,0.85728711290909221,0.011768622671275507,8.2076479875363853e-10,9812910.022139173,26125441.447663542,26126490.592314154,0.0037955775659482762,49383938.341037922,-1049.1484461895925,-783557.3252724444,1645039367045593.8,-603905081750592.88,-965354200007836.38
0_11:30211220202,4,796,0.046397627860625346,0.015836390018597823,7.9950998824415376e-10,10025752.746391702,26127638.316850606,26133060.501042739,0.0036972859700357946,49427567.602771826,-5422.1878894181746,-756765.96876972273,1664003899211134.2,-945694872334592.12,-621180111121241.62
0_11:30211220202,5,796,0.23550814281215926,0.0081247548928901157,8.3449125698363514e-10,9663192.0545949377,26126109.555086721,26179295.624594186,0.0038590547484454018,49466543.694550581,-53186.073366519515,-729974.61226700107,1579165625544404,-981950828277526.75,-644994852429758.12
0_11:30211220202,6,796,0.18483613305066343,0.0081142682298903073,8.2511805427467527e-10,9760339.8991691489,26102852.633268721,26157301.08266823,0.0038157089349099794,49437347.334467575,-54448.453215217472,-770607.8690419558,1653251866616046,-971603348942647.25,-638198105877461
0_11:30211220202,7,796,0.37394664800219735,0.010965370069269835,8.6009932301415674e-10,9397779.2073723841,26106378.41960565,26199866.3793566,0.0039774777133195867,49473826.882120587,-93487.963728428047,-745897.3774299802,1569248518646832.2,-1009831824008771.5,-663308497277752.88
0_11:30211220202,8,796,0.56305716295373132,0.0056610728055699923,8.9508059175363812e-10,9035218.5155756194,26112071.851247355,26237278.655001242,0.0041392464917291939,49506472.237600453,-125206.80789313286,-721186.88581800461,1491131018605920.2,-1051046923211040.5,-690380654113219.38
0_11:30211220203,0,796,0.018019342767516235,0.0039968381467220555,7.9426063223948048e-10,10080159.296328917,26143512.284416687,26143749.443695512,0.003673010638153543,49455595.375550419,-237.16295183556358,-723728.4802764738,1633183021704737.8,-941123947815970,-618177697252384.5
0_11:30211220203,1,796,0.20712985771905015,0.0051882106935952589,8.2924190097896196e-10,9717598.6045321561,26145261.015540309,26186338.708935142,0.0038347794165631507,49486728.418014355,-41077.697229611731,-700936.97232789837,1554013816982579.8,-976851556177202.25,-641645393209262
0_11:30211220203,2,796,0.39624037267058404,0.0025188864458010464,8.6422316971844333e-10,9355037.9127353914,26148880.14924464,26224399.795414057,0.0039965481949727584,49515366.371785685,-75519.650165964806,-678145.46437932306,1480595712929079.8,-1015297297776692.2,-666898496231756
0_11:30211220203,3,796,0.34556836290908821,0.0072336138764209417,8.5484996700948346e-10,9452185.7573096007,26128210.994014472,26203556.511963625,0.003953202381437336,49487005.414755844,-75345.521902355118,-716696.64182088675,1533806665980852.8,-1004286701191414.8,-659666180809055.88
0_11:30211220203,4,796,0.53467887786062218,0.0094728518453468125,8.8983123574896504e-10,9089625.065512836,26132064.962819435,26237302.998587996,0.0041149711598469441,49511842.815130293,-105238.03988353223,-697858.36344981962,1461896550626534,-1044869150122791.9,-686322781023597.25
0_11:30211220203,5,796,0.72378939281215604,0.0046634219589296432,9.2481250448844631e-10,8727064.3737160731,26136804.833642751,26267107.84249391,0.0042767399382565505,49535051.286656439,-130303.01312789931,-679020.0850787526,1394863500597803,-1088787742299570,-715170728460714.5
0_11:30211220203,6,796,0.67311738305066027,0.005059776281782077,9.1543930177948654e-10,8824212.2182902824,26116089.395526655,26254547.610172376,0.004233394124721129,49519640.701198377,-138458.21887911516,-709664.80336529983,1449226457975683.2,-1076466022068933.9,-707077200869540.88
0_11:30211220203,7,796,0.86222789800219413,0.0066715011173211387,9.5042057051896791e-10,8461651.5264935195,26121692.845271729,26278236.890095055,0.0043951629031307362,49535527.589009553,-156544.04921848906,-694779.75457174098,1382827148906680.8,-1122950059094064.8,-737610261933256.38
0_11:30211220210,0,795,0.66057265938427445,0.0014009921987275418,8.6189239082246693e-10,9396916.8281150497,26189195.094100568,26206869.475217465,0.0039857696478150491,49482314.844836347,-17674.385102666514,-670097.23904537514,1462106067750104.2,-631895706379789.5,-1010097766278731.1
0_11:30211220210,1,795,0.84968317433580842,0.001642201347025925,8.2235457356761266e-10,9796829.9292045459,26188464.908869687,26192520.444190517,0.0038029293841890105,49506522.141798802,-4055.5391237589843,-652348.65470030776,1524675749138098,-606397815654271.12,-969338884383139.38
0_11:30211220210,2,796,0.038793689287342316,0.00066065565157719314,7.9810342754191725e-10,10040330.937510351,26188978.097624216,26185431.438123036,0.0036907814144619437,49528703.009913348,3546.6558103986381,-634600.07035524026,1564099665448214.2,-946253966658255.12,-621547352484455.12
0_11:30211220210,3,795,0.98812167952584651,0.0026977099659339539,7.9341088251668569e-10,10089586.637814488,26174178.434748814,26164985.118729178,0.0036690810215454618,49496959.238579005,9193.3123505546264,-668636.58509730652,1591909016700739.8,-588689005354543.75,-941031001378697.38
0_11:30211220210,4,796,0.17723219447738039,0.0032374134306596305,8.2371149357243886e-10,9774918.0902877953,26174322.175858196,26199992.30412164,0.003809204379336129,49519930.55464866,-25670.132072648088,-652375.44097955839,1527165021827660,-971774917916610,-638310801036786.62
0_11:30211220210,5,796,0.36634270942891434,0.0013667132678522524,8.5869276231192023e-10,9412357.3984910324,26176154.811423957,26234596.876118667,0.0039709731577457366,49541062.002347723,-58442.068665683233,-636114.29686181026,1458694954223613,-1009638000611205.1,-663181184290065
0_11:30211220210,6,796,0.31567069966741851,0.0019762659208270956,8.4931955960296036e-10,9509505.2430652417,26158319.65447202,26216241.857241891,0.0039276273442103143,49517655.856982321,-57922.206697499147,-667175.93114923791,1495408234269038.8,-998851532715616.5,-656096087900098.62
0_11:30211220210,7,796,0.50478121461895242,0.0024104487226865238,8.8430082834244184e-10,9146944.5512684789,26161289.313355152,26247391.192123562,0.0040893961226199215,49536635.495686688,-86101.88285780666,-652402.22725880914,1429292078410755.8,-1038841391188657.4,-682363444799986.12
0_11:30211220210,8,796,0.69389172957048628,0.0010502316772858366,9.1928209708192331e-10,8784383.8594717141,26165278.406792983,26274880.761436608,0.0042511649010295296,49554545.8439558,-109602.35889478918,-637628.52336838027,1367751428443951.2,-1082108928365337.1,-710783746461348.12
0_11:30211220211,0,796,0.14885390938427129,0.00050154894021548434,8.1846213756776558e-10,9829324.6402250119,26189854.510546699,26206945.682995722,0.0037849290474538779,49540242.805398218,-17091.176233951577,-625749.74616244563,1522814412384225.2,-966792420898378.88,-635038045582582.38
0_11:30211220211,1,796,0.3379644243358052,0.00050617283092687726,8.5344340630724705e-10,9466763.948428249,26191760.501892209,26239231.21189025,0.003946697825863486,49556068.709339425,-47470.713944739218,-613084.26511470589,1457708045239576,-1004139574583335.6,-659569540628984
0_11:30211220211,2,796,0.52707493928733906,0.00013348986771896518,8.8842467504672853e-10,9104203.2566314861,26194702.208843298,26267880.312755335,0.0041084666042730932,49570995.541363597,-73178.108020503467,-600418.78406696615,1397468679149679.2,-1044442369423741.2,-686042449925463.75
0_11:30211220211,3,796,0.47640292952584329,0.0010728464664597449,8.7905147233776866e-10,9201351.1012056954,26177737.734129608,26251962.70471276,0.0040651207907376708,49550864.027724877,-74224.974648272822,-627931.52948788134,1422052650073062.5,-1032995464038047,-678523544866873.12
0_11:30211220211,4,796,0.66551344447737726,0.0011391856667674299,9.1403274107725013e-10,8838790.4094089326,26180694.386385061,26277736.702119619,0.004226889569147279,49564657.468701169,-97042.319961447371,-616072.66166217811,1364179059556113.5,-1075667528911977.4,-706552710272755.38
0_11:30211220211,5,796,0.85462395942891112,0.00035657777882254591,9.4901400981673161e-10,8476229.7176121678,26184413.086112361,26300242.887147631,0.0043886583475568862,49578056.974223375,-115829.80542392844,-604213.79383647465,1310308380050629,-1121981172907682.5,-736973848596854.25
0_11:30211220211,6,796,0.80395194966741534,0.00084143574597335803,9.3964080710777164e-10,8573377.5621863771,26167476.534075398,26287970.970337261,0.0043453125340214638,49562136.731638812,-120494.44060717506,-630113.31281331705,1334756881071597.8,-1108911422139432.2,-728388976803580.75
0_11:30211220211,7,796,0.9930624646189492,0.00091962263972271885,9.7462207584725311e-10,8210816.8703896133,26171134.604328655,26307264.903041542,0.0045070813124310711,49573682.79277847,-136130.30321996819,-619061.05820965022,1282618043077517.8,-1158146777057650.2,-760729242288674.5
0_11:30211220212,0,796,0.50630059276751305,0.0021657746185637428,8.8458187974429175e-10,9144031.6154500544,26151734.15743557,26243090.263774935,0.0040906958279646926,49528222.362540416,-91356.110430061075,-667391.51980920776,1441231973086118.8,-1038995836509267.2,-682464892279744.25
0_11:30211220212,1,796,0.69541110771904691,0.0026668542260840583,9.1956314848377323e-10,8781470.9236532897,26155826.502408389,26269629.230484795,0.0042524646063743007,49544392.208681747,-113802.73232887044,-653227.18678956269,1378868687361774.5,-1082246083242890.8,-710873836705645.75
0_11:30211220212,2,796,0.88452162267058088,0.0011827619613674623,9.5454441722325471e-10,8418910.2318565268,26160118.865111861,26293102.360442936,0.0044142333847839079,49560533.886067018,-132983.49974530842,-639062.85376991774,1320661868837139,-1129220835226831.8,-741729224115374
0_11:30211220212,3,796,0.83384961290908499,0.0040455617347802675,9.4517121451429494e-10,8516058.0764307361,26139794.506023943,26280784.771850109,0.0043708875712484864,49544283.268070519,-140990.27019705324,-669593.04239207797,1358870905657459.8,-1115973086340733.9,-733027434176662
0_11:30211220213,0,796,0.99458184276750983,0.00095885621080247065,9.7490312724910303e-10,8207903.9345711889,26162191.331895482,26304062.562636312,0.0045083810177758421,49567472.131291501,-141871.23524921131,-631750.92678500828,1289446442821164,-1158412650625725.5,-760903881463943.88
0_11:30211220220,0,796,0.37546602615075869,0.0085915532956280967,8.6038037441600676e-10,9394866.271553956,26094650.812478464,26195144.705865178,0.0039787774186643586,49464582.263215005,-100493.89736549158,-765133.56605172588,1601791599103253.8,-1009956174101259,-663390176693100.25
0_11:30211220220,1,796,0.56457654110229261,0.01163857213928741,8.9536164315548824e-10,9032305.579757195,26102681.086707003,26230359.865158837,0.0041405461970739658,49493136.069782555,-127678.78259238007,-742102.20396039949,1521209564071308.8,-1051102663094821.2,-690417266881474.38
0_11:30211220220,2,796,0.75368705605382658,0.0060299592267940745,9.3034291189496971e-10,8669744.8879604302,26109339.719873831,26262382.50755278,0.0043023149754835739,49521451.079750173,-153042.79198126451,-719070.84186907311,1446187417379078,-1095685284631328.1,-719701382308427.25
0_11:30211220220,3,796,0.70301504629233069,0.015163443075039633,9.2096970918600974e-10,8766892.7325346395,26082042.291742321,26249487.066491909,0.0042589691619481507,49505163.495922558,-167444.77900855738,-759270.62564024271,1525292621028923.8,-1083187380682063.2,-711492128360775.25
0_11:30211220220,4,796,0.89212556124386466,0.020624658488856681,9.5595097792549122e-10,8404332.0407378767,26089070.17258279,26274486.860694781,0.0044207379403577588,49524435.490701638,-185416.69253272863,-739928.71327394363,1449420301847597,-1130355669595595.8,-742474640591570.5
0_11:30211220221,0,796,0.86374727615075553,0.005401386544457566,9.5070162192081804e-10,8458738.5906750932,26112124.967043377,26276081.774693549,0.0043964626084755081,49531257.172965899,-163956.81204663383,-708317.39590011444,1405913116973976.8,-1123239927492029.9,-737800662123556.5
0_11:30211220300,0,796,0.63713515938426812,7.1615979319602461e-05,9.0878338507257685e-10,8893196.9593461491,26196443.65513055,26282113.086835772,0.0042026142372650274,49577769.402911246,-85669.435907835767,-593847.50534992374,1365221260389896.5,-1069369658776718.9,-702415951382660.62
0_11:30211220300,1,796,0.82624567433580198,6.4658876990725622e-05,9.4376465381205843e-10,8530636.2675493844,26198952.271490168,26303891.438816261,0.0043643830156746355,49588925.894824825,-104939.17169047573,-583930.84180490323,1314367308219291.2,-1115069821515297.1,-732434124261327.88
0_11:30211220300,3,796,0.96468417952584007,0.00022556478488882181,9.6937271984257993e-10,8265223.4203268308,26186541.192959741,26311169.835089844,0.0044828059805488204,49584400.339485295,-124628.64661290894,-597822.3968921511,1281474747004767.5,-1150771911992062.2,-755885058784076.25
0_11:30212100131,5,795,0.022940026794347645,0.00010181969840966296,9.9520387014202351e-10,8048511.4075055793,26253113.571016189,26784795.73067743,0.0046022605852395794,50452348.725515179,-531682.16426350141,699867.2660030768,1268605747169983.5,-752222992660513,-1202443309803423.8
0_11:30212100131,8,795,0.35048904693579302,2.0938160338265697e-05,9.2672236183626874e-10,8741181.2172047477,26244045.534277502,26753453.246763617,0.0042855719589701144,50444998.729861304,-509407.71677168633,695315.26363948651,1361245344140168.5,-692514339706338.88,-1106997848839531.6
0_11:30212100133,2,795,0.54111894003614081,7.5745620265006155e-06,8.8686688432014236e-10,9144307.3560641203,26239243.883957896,26729111.304804508,0.0041012626945254394,50439300.577034891,-489867.42494787398,692171.30123284634,1421984701397871.8,-661910118022020.88,-1058076396058764
0_11:30212101003,5,795,0.15377459341110197,0.0032859617355538505,9.6784995390507057e-10,8325188.0231808936,26214388.425075039,26827662.337915562,0.0044757640408367647,50551164.391463846,-613273.91731628682,796746.24022346933,1345082252100114.5,-728648192411930.5,-1164758526015309
0_11:30212101003,6,795,0.10310258364948027,0.00088322947809679254,9.7844408010902402e-10,8218031.6307010734,26231677.034238987,26809913.754448913,0.0045247559418193752,50510312.288411379,-578236.72473468236,756861.78016793006,1307488684793180.2,-737552643973920.25,-1178992467695705.5
0_11:30212101003,7,795,0.29221309860101419,0.0020842707355839337,9.3890626285417006e-10,8617944.7317905705,26217006.396000996,26800871.205147006,0.0043419156781933383,50523589.42128703,-583864.8134879251,773037.80371290527,1370220135334697.5,-703511614474833.75,-1124577209747759.9
0_11:30212101003,8,795,0.4813236135525481,0.0017336084557132195,8.9936844559931579e-10,9017857.8328800667,26201540.21440525,26787886.603498545,0.0041590754145672997,50536758.945379488,-586346.39325237018,789213.82725788059,1437978227856675.5,-672488374212032.62,-1074985947493875.4
0_11:30212101010,8,795,0.12387693016930562,0.0046168771607674975,9.7410073454465718e-10,8261963.2615888659,26197297.953262169,26868113.579885982,0.0045046704008576948,50622942.157200634,-670815.63112848345,865780.64533272374,1387622311166390.8,-735266707787225.75,-1175338353555154.5
0_11:30212101011,4,795,0.095498645076322386,0.017956150451739039,9.8003385492297199e-10,8201951.5377667118,26182804.218414545,26894421.271793362,0.0045321077600599885,50668455.9045038,-711617.05791092443,905996.15216238843,1426818140977799.5,-741312374623827.62,-1185002471392421
0_11:30212101011,5,795,0.2846091600278563,0.013272577694310136,9.4049603766811783e-10,8601864.638856208,26162127.123134844,26890908.139518533,0.0043492674964339508,50691957.653355278,-728781.02073295636,929421.92282559699,1506311476735609,-707175552421865.12,-1130434086917069
0_11:30212101011,6,795,0.2339371502662346,0.0051824213917213867,9.5109016387207128e-10,8494708.2463763896,26187128.497359727,26865784.339986719,0.0043982593974165613,50635814.964403778,-678655.84702525206,877743.64670842944,1430222462509546,-715303114147903.88,-1143426154851504.5
0_11:30212101011,7,795,0.42304766521776849,0.010090886283969317,9.1155234661721712e-10,8894621.3474658839,26166636.815807197,26853094.431483086,0.0042154191337905236,50647355.128168285,-686457.61989130813,895727.3411542197,1509798383726006.2,-683297899162984.75,-1092265186610794.4
0_11:30212101011,8,795,0.61215818016930246,0.007493815007046596,8.7201452936236285e-10,9294534.4485553801,26143739.169012375,26836193.812713191,0.0040325788701644849,50658367.517152004,-692454.64773339464,913711.03560000996,1595822144254529.5,-654040027445987.88,-1045495900842542
0_11:30212101012,1,795,0.12539630831811874,0.005624176116902798,9.7378307428338518e-10,8265176.2993587395,26203510.988989886,26852654.534667898,0.0045032014000390575,50594036.666946501,-649143.55018121342,837562.33740785124,1366208387877488.8,-734561206223459.75,-1174210595372164.5
0_11:30212101012,2,795,0.31450682326965262,0.0043099471053605846,9.3424525702853101e-10,8665089.4004482348,26185733.911696207,26846756.722871512,0.0043203611364130198,50614153.365003325,-661022.81549566658,858899.55231938546,1436935933614269,-700938166080960.75,-1120463501665808.8
0_11:30212101012,3,795,0.26383481350803095,0.0038321481527676064,9.4483938323248467e-10,8557933.0079684164,26204921.437874533,26823396.423556257,0.0043693530373956312,50561033.156911507,-618474.99005107686,806583.27282809292,1383679953260053,-708969963834869.88,-1133302488999503.5
0_11:30212101012,4,795,0.45294532845956487,0.0079281089059958822,9.0530156597763051e-10,8957846.1090579126,26187666.281469278,26809458.159864768,0.0041865127737695934,50571327.128444523,-621791.88258200313,822441.77799651865,1455829650447897.8,-677456685070760.62,-1082927890523257.4
0_11:30212101012,5,795,0.64205584341109878,0.0061241993129449931,8.6576374872277624e-10,9357759.2101474088,26170205.495662689,26790638.675240532,0.0040036725101435557,50579836.316382036,-620433.18358151487,838300.2831649445,1533843333286834.5,-648614021323527,-1036822322894825.2
0_11:30212101012,6,795,0.59138383364947711,0.0020441116572961623,8.763578749267298e-10,9250602.8176675886,26191643.517728075,26777072.294086348,0.0040526644111261662,50541694.20028381,-585428.78041093727,796941.42315986881,1480949752371169,-655632600642744.88,-1048041660550098.2
0_11:30212101012,7,795,0.78049434860101097,0.0043013562634061052,8.3682005767187553e-10,9650515.9187570848,26174433.734113444,26751728.535273783,0.003869824147500128,50543399.141595274,-577294.80503016338,807321.21858518617,1561458183744807.8,-628484676535205.75,-1004645167705995.5
0_11:30212101012,8,795,0.96960486355254494,0.0033575091725602277,7.9728224041702136e-10,10050429.019846581,26157776.341565192,26720834.710986551,0.0036869838838740903,50542415.882664062,-563058.37310834299,817701.01401050354,1649121090311505,-603465122998859,-964650917254220
0_11:30212101013,0,795,0.42456704336658163,0.0048504152545791593,9.1123468635594512e-10,8897834.3852357585,26174133.011047363,26839929.562000029,0.0042139501329718871,50622839.70352947,-665796.55516661564,869458.82116154802,1481724390211473.8,-682720532859095,-1091342255171325.2
0_11:30212101013,1,795,0.61367755831811555,0.0094835808847016957,8.7169686910109095e-10,9297747.4863252547,26153656.66031979,26819757.988045048,0.0040311098693458494,50627716.844036691,-666101.33175636758,884408.44570016896,1565476929213290.5,-653418421821742.88,-1044502251975779.8
0_11:30212101013,2,795,0.8027880732696494,0.0070625682103694987,8.3215905184623668e-10,9697660.587414749,26133830.676767889,26793561.867907919,0.0038482696057198108,50628801.639875814,-659731.19498829916,899358.07023878966,1656235118398644.2,-626486110707662.62,-1001450420759972
0_11:30212101013,3,795,0.75211606350802773,0.0069236283810597734,8.4275317805019024e-10,9590504.1949349307,26159545.310994193,26775023.025050301,0.0038972615067024217,50579473.399248414,-615477.7179533696,845814.82194732421,1583278359108431.8,-632868737502591.12,-1011653175745417.4
0_11:30212101013,4,795,0.9412265784595617,0.013636622384364531,8.0321536079533607e-10,9990417.2960244268,26144231.785739388,26741978.621303026,0.003714421243076384,50573272.293975398,-597746.83927805861,855779.96673176065,1676081109019089.2,-607460726634924.12,-971037968577684.5
0_11:30212101013,5,796,0.13033709341109559,0.010205247687413214,8.1503693555864843e-10,9864824.8852051962,26125518.722134046,26744803.757675987,0.003769089406274836,50561833.760851957,-619285.03931102983,865745.11151619721,1673031825439481.2,-983178157247135.5,-645801024026989.88
0_11:30212101013,6,796,0.079665083649473153,0.0038180451447491922,8.0566373284966519e-10,9961972.7297796495,26146735.302076794,26724756.118372072,0.0037257435927393057,50537517.233115874,-578020.82002102095,822170.82273310027,1641299642807476.2,-973122108059852.75,-639195703500955.62
0_11:30212101013,7,796,0.26877559860100708,0.0075898815923568248,8.4064500158914656e-10,9599412.0379828829,26130087.648296565,26744037.071580321,0.0038875123711489129,50525586.580909498,-613949.42717126815,827151.48776335246,1593411604010166.5,-1009637600862273.2,-663180921714795.38
0_11:30212101013,8,796,0.457886113552541,0.005715205507358637,8.7562627032862814e-10,9236851.3461861201,26114952.812780853,26757037.428720422,0.004049281149558521,50507996.274845317,-642084.61998884985,832132.15279360476,1551483137272612.2,-1048902138405489.1,-688971851228886.62
0_11:30212101020,2,795,0.18367225665289832,0.00059698769733979235,9.6159917326548395e-10,8388412.7847729214,26231956.555458404,26795919.390553705,0.0044468576808158345,50495965.992854804,-563962.839542159,743856.74231554766,1324242817078701,-722366621593618.88,-1154717311004291.2
0_11:30212101020,3,795,0.13300024689127662,0.0001926051275897982,9.7219329946943741e-10,8281256.3922931012,26246341.774316076,26780851.2858909,0.004495849581798445,50459861.340059347,-534509.51607067301,707494.13949130417,1299882792498849.8,-731190602409957.75,-1168822618608507.2
0_11:30212101020,4,795,0.32211076184281051,0.0007392879467237024,9.3265548221458324e-10,8681169.4933825973,26233642.170293093,26770094.990953457,0.0043130093181724073,50471028.300488457,-536452.82497337321,721193.02894464054,1358414492165517.8,-697661402489547,-1115225530350458.4
0_11:30212101020,5,795,0.51122127679434448,0.00073466045507387414,8.9311766495972908e-10,9081082.5944720935,26220747.128332466,26755153.814162768,0.0041301690545463695,50481631.673752211,-534406.68996047159,734891.91839797702,1421865017602669,-667077875837607.88,-1066337158987665
0_11:30212101020,6,795,0.46054926703272203,6.123648243195366e-05,9.0371179116368274e-10,8973926.2019922715,26237127.869665138,26744842.565530259,0.0041791609555289809,50451062.656633027,-507714.70004428172,702209.30169760238,1396834905112548,-674634588366923.12,-1078416713207145.8
0_11:30212101020,7,795,0.64965978198425589,0.00030613402406131198,8.6417397390882857e-10,9373839.3030817676,26224334.130988043,26725528.271588016,0.0039963206919029432,50458833.951062143,-501194.14459629421,714068.19808900438,1463405265780502.2,-645952353978836.12,-1032567595077710.9
0_11:30212101020,8,795,0.83877029693578986,0.00032261424529043725,8.246361566539743e-10,9773752.4041712638,26211528.847208619,26701630.466781314,0.003813480428276905,50465559.217280023,-490101.62338617578,725927.09448040626,1536111239575076.5,-619604461449103.38,-990449968510963.38
0_11:30212101021,0,795,0.29373247674982728,0.00077122026500880156,9.3858860259289785e-10,8621157.7695604432,26224062.963765562,26790495.714876898,0.0043404466773747001,50504303.175460845,-566432.75545178272,752683.52173996018,1359986023678767.2,-702980971547067.38,-1123728966547787.5
0_11:30212101021,1,795,0.48284299170136119,0.0018630584345058945,8.9905078533804369e-10,9021070.8706499394,26209118.300202385,26775903.228576709,0.0041576064137486624,50514484.091571957,-566784.93253193039,767477.79321700544,1426956703969633.8,-671952549785162.62,-1074129421565253.5
0_11:30212101021,2,795,0.67195350665289511,0.0015677963350680473,8.5951296808318952e-10,9420983.9717394356,26194041.867172364,26756809.323917583,0.0039747661501226246,50523612.752719335,-562767.46071998461,782272.06469405105,1499560668633270.5,-643544987410304.75,-1028719372073603.1
0_11:30212101021,3,795,0.62128149689127343,0.00097493034191493077,8.7010709428714308e-10,9313827.5792596154,26212830.488697246,26744048.430731408,0.004023758051105236,50486678.78981775,-531217.94605792058,742316.68056888029,1462255008935505,-650473168968044.75,-1039794207121842.1
0_11:30212101021,4,795,0.81039201184280729,0.0024548197536244567,8.3056927703228891e-10,9713740.6803491116,26198796.704227213,26719548.168705564,0.0038409177874791983,50491136.267913826,-520751.46831926896,754132.92449062841,1538135414182122.2,-623748361921642,-997074075256320.75
0_11:30212101021,5,795,0.99950252679434126,0.0021066528860533688,7.9103145977743465e-10,10113653.781438608,26185549.099665679,26689799.778628826,0.0036580775238531597,50493522.971415937,-504250.68262122461,765949.16841237643,1621022929650518,-599112484227218.12,-957693138215268.5
0_11:30212101021,6,795,0.94883051703271881,0.00044918051345027175,8.0162558598138841e-10,10006497.388958786,26203784.637718197,26684800.567360796,0.0037070694248357719,50467564.506872416,-481015.93334966851,731949.83939780039,1582513739129233,-605216889967722.12,-967451151350487
0_11:30212101021,7,796,0.13794103198425273,0.0012098176833935622,8.1644349626086167e-10,9850246.6940867882,26190475.54010937,26696221.572316036,0.0037755939618485793,50467991.37529324,-505746.03598225967,740788.05576425116,1559838635267764.5,-982805771612750.5,-645556422352058.38
0_11:30212101021,8,796,0.32705154693578664,0.0010694656910161999,8.5142476500034304e-10,9487686.0022900254,26177442.184642076,26719744.322245616,0.0039373627402581862,50466064.287333965,-542302.14154090267,749626.27213070192,1502289383166714.2,-1020323569123111.1,-670200004873530
0_11:30212101022,0,795,0.65117916013306976,4.019771213557901e-05,8.6385631364755637e-10,9377052.3408516422,26232366.852375228,26717642.43384926,0.0039948516910843059,50444330.983435504,-485275.58546888392,698673.60649918707,1460628512956230,-645545421883747.88,-1031917106087002.9
0_11:30212101022,1,795,0.84028967508460373,0.00023926011521602987,8.243184963927021e-10,9776965.4419411384,26220090.359150566,26693242.981765658,0.0038120114274582673,50450155.35605941,-473152.62642710295,709642.70161788026,1532919729299713.8,-619211775812767.62,-989822252765931.88
0_11:30212101022,2,796,0.029400190036136871,0.00025971481992746373,7.9636583763690979e-10,10058340.055553216,26208079.541740593,26673541.679555919,0.0036827460342016313,50454578.748304576,-465462.14149807248,720611.79673657345,1588873568928267.8,-962217066650551.62,-632032722044062.75
0_11:30212101022,3,795,0.97872818027451514,4.3024530239304077e-05,7.9537480534180159e-10,10069722.150550812,26225462.436168604,26660474.114440363,0.0036781630648148409,50431212.017967492,-435011.68194992235,691808.0571849019,1585654727727263,-600983705881750.62,-960684322985749.75
0_11:30212101022,4,796,0.16783869522604983,0.00026375884807118598,8.2197390366740834e-10,9792927.2083309032,26214066.069863796,26682694.877220467,0.0038011689990757099,50434674.737538546,-468628.81115783949,701559.35070114862,1535922745141823.8,-987905682070907.75,-648906300878190.12
0_11:30212101022,5,796,0.35694921017758374,0.00028732472801917786,8.5695517240688971e-10,9430366.5165341385,26203035.838348705,26707799.18421562,0.0039629377774853172,50436743.110661484,-504763.34982985264,711310.64421739546,1474832261697262.2,-1025928862474412.2,-673881844385076.5
0_11:30212101022,7,796,0.49538771536749521,9.0679157037886957e-05,8.8256323843738775e-10,9164953.669311827,26209888.62751561,26714501.541108597,0.0040813607423593936,50420083.210249126,-504612.91767434753,693475.99978441698,1429313781591123.5,-1055290599805824.9,-693168115033043.62
0_11:30212101022,8,796,0.68449823031902912,9.9883941571551148e-05,9.1754450717686933e-10,8802392.9775150642,26199979.134647537,26733209.51900363,0.0042431295207690017,50420532.468465589,-533230.38859922218,702009.49169821746,1375702322338069.2,-1098766625992444.6,-721725362796315.12
0_11:30212101023,0,796,0.13946041013306584,0.00037323738030297575,8.1672454766275822e-10,9847333.7582678795,26200765.356182117,26689575.774367899,0.0037768936671935655,50455030.241028339,-488810.42196267535,726156.78090249735,1551578701935354.8,-982844017225809,-645581544000556.88
0_11:30212101023,1,796,0.32857092508459979,0.0010497747605260513,8.5170581640223959e-10,9484773.0664711148,26188633.54039152,26713501.428867832,0.0039386624456031732,50453925.88028872,-524867.89241497463,734242.97769749374,1493529527384525,-1020391438070916.6,-670244584623058.88
0_11:30212101023,2,796,0.5176814400361337,0.0009444278901945129,8.8668708514172117e-10,9122212.3746743519,26176845.200434327,26733390.202855576,0.0041004312240127813,50451312.421100192,-556545.00652167993,742329.17449249036,1440549720652157,-1060891756537511.5,-696847237404096.75
0_11:30212101023,3,796,0.46700943027451269,0.00043480441290037839,8.7731388243273814e-10,9219360.2192488015,26196531.523831651,26720203.600554191,0.0040570854104772514,50436590.714991063,-523672.08077962539,716615.82479266531,1442448029728914.8,-1049406437114541,-689303100067482.75
0_11:30212101023,4,796,0.65611994522604666,0.0013165544849803748,9.1229515117221962e-10,8856799.5274520386,26185502.382005364,26738647.998077821,0.0042188541888868595,50435642.113807552,-553145.62029131153,725095.74014764559,1391955648200085.5,-1092344245507515.4,-717506819225868.75
0_11:30212101023,5,796,0.84523046017758052,0.0012173493629968324,9.4727641991170099e-10,8494238.8356552739,26174813.727624211,26753583.155286878,0.0043806229672964667,50433968.61303848,-578769.43204328988,733575.65550262574,1345593607322876.5,-1138931123796349.2,-748107431620868.38
0_11:30212101023,6,796,0.79455845041595807,0.00017097212096113624,9.3790321720271765e-10,8591386.6802297272,26194095.125859246,26742392.186157711,0.0043372771537609359,50420288.30865328,-548297.06463574234,707074.8686828335,1347236611576155.2,-1125747118280295.5,-739447511544038.5
0_11:30212101023,7,796,0.98366896536749204,0.0005980709941336591,9.7288448594219912e-10,8228825.9884329624,26184044.41572395,26755521.108617242,0.0044990459321705431,50419497.487821206,-571476.69739233865,715948.50259779731,1302775892963199.5,-1175328912524375,-772015335859396.62
0_11:30212101030,0,795,0.78201372674982406,0.0018611176776138791,8.3650239741060353e-10,9653728.9565269575,26185029.267863773,26741945.05875317,0.0038683551466814916,50525344.163348019,-556915.79475775245,789115.70041608484,1545652938301909.2,-628051067918011.12,-1003952035767852.2
0_11:30212101030,1,795,0.97112424170135803,0.00395745007314946,7.9696458015574926e-10,10053642.057616454,26170708.918280955,26710132.814742208,0.003685514883055453,50522667.144971296,-539423.90014676703,797839.5261115639,1632205274026189,-603036541775921,-963965821705084.38
0_11:30212101030,2,796,0.16023475665289191,0.0031084992337354245,8.2056734296519499e-10,9807505.3994493112,26154550.878825299,26724813.506689277,0.0037946644435019662,50516243.623528369,-570262.63165864151,806563.35180704296,1598583303125972,-988032609593203.88,-648989673279490.75
0_11:30212101030,3,796,0.10956274689126951,0.0025306330575145205,8.1119414025621165e-10,9904653.2440237626,26177123.212896377,26704880.667482235,0.0037513186299664354,50491866.903063647,-527757.45833717636,771864.51903927745,1586380827048596.8,-977869585085988,-642314085965439.38
0_11:30212101030,4,796,0.29867326184280341,0.0054821221390625192,8.4617540899569313e-10,9542092.5522269998,26163426.662630066,26727747.314409554,0.003913087408376043,50487744.132995211,-564320.65569257515,780376.32829036354,1532647991940780.5,-1014941771573877.5,-666664968682192.62
0_11:30212101030,5,796,0.48778377679433732,0.0043531326653642333,8.811566777351745e-10,9179531.860430235,26150007.564655304,26746129.085592721,0.0040748561867856503,50481303.690093957,-596121.52501227288,788888.13754144963,1484339085740681,-1054893980109011,-692907595203078.12
0_11:30212101030,6,796,0.43711176703271565,0.0013069605598836033,8.7178347502619147e-10,9276679.7050046884,26170270.869023554,26731010.786911506,0.0040315103732501212,50463193.361199751,-560739.9219194625,754613.33766247006,1472149717634594,-1043472367822597.6,-685405303928363.75
0_11:30212101030,7,796,0.62622228198424956,0.0029055686940362741,9.0676474376567294e-10,8914119.0132079236,26159303.469708655,26747840.392563723,0.0041932791516597285,50458239.630331069,-588536.92704834719,762913.13046916318,1425932045998633.8,-1085806537650916.9,-713212522818387.25
0_11:30212101030,8,796,0.81533279693578342,0.0023414030210356968,9.4174601250515432e-10,8551558.3214111608,26148491.445248205,26760872.291743252,0.0043550479300693357,50452037.264865667,-612380.85085009516,771212.92327585618,1384152865896580.2,-1131702385347108.8,-743359231451314.25
0_11:30212101031,0,796,0.27029497674982089,0.0035474447268701074,8.4092605299104342e-10,9596499.1021639742,26145557.380956665,26735620.631341401,0.0038888120764939008,50509322.977816001,-590063.25427354884,810351.76522319776,1569521543648487,-1009618978445781.9,-663168689571972.25
0_11:30212101031,1,796,0.45940549170135481,0.007091781905244776,8.7590732173052479e-10,9233938.4103672095,26132470.923924927,26751151.491028275,0.004050580854903508,50496571.888141498,-618680.57115392957,814646.79068660922,1526131643564643.8,-1048995699137078,-689033306638390.5
0_11:30212101031,2,796,0.64851600665288878,0.005359927791336312,9.1088859047000627e-10,8871377.7185704466,26119110.54234292,26762260.501027126,0.0042123496333131161,50481505.099806905,-643149.96289655566,818941.81615002058,1488128751144160.8,-1091540890471076.4,-716979135101312.62
0_11:30212101031,3,796,0.59784399689126633,0.0049989924923069225,9.0151538776102303e-10,8968525.563144898,26142623.53818801,26754639.304352958,0.0041690038197775853,50476195.400623083,-612015.77033395111,793379.67172070814,1459582333762202.2,-1079603659316818.4,-709138159336501.25
0_11:30212101031,4,796,0.78695451184280019,0.010093883434464934,9.364966565005043e-10,8605964.8713481352,26130940.492195092,26766820.651140042,0.0043307725981871917,50467496.221229553,-635880.16327572207,800302.98227610462,1422737342844054.2,-1124892381732154.1,-738886077449928.38
0_11:30212101031,5,796,0.97606502679433416,0.0076783041655967858,9.7147792523998598e-10,8243404.1795513714,26118366.603957325,26775879.590838734,0.0044925413765968007,50458776.785881981,-657512.99137395027,807226.29283150111,1390391318953438.2,-1174164402164044.2,-771250426694513
0_11:30212101031,6,796,0.92539301703271248,0.0027111249595453829,9.6210472253100285e-10,8340552.0241258219,26142411.366775859,26767139.152315065,0.0044491955630612708,50448641.075567991,-624727.7899884017,776407.57821821852,1362802875065779.5,-1160255035686419.2,-762114052937016.12
0_11:30212101032,0,796,0.62774166013306265,0.0011665181097986802,9.0704579516756949e-10,8911206.0773890149,26170034.660830129,26743133.328500815,0.0041945788570047155,50449089.265241861,-573098.67186526465,747090.97047702747,1412813462075445,-1085964500772152,-713316280967101.38
0_11:30212101032,1,796,0.81685217508459651,0.0026355283550035884,9.4202706390705097e-10,8548645.385592252,26158904.845767859,26757314.162082087,0.0043563476354143227,50445105.713159628,-598409.32067057549,755368.64593191189,1370277449356950.5,-1131932474569425.5,-743510365662641.5
0_11:30212101032,3,796,0.95529068027450947,0.0015317653239567805,9.6763512993754931e-10,8283232.5383699369,26168502.968619596,26760694.78433536,0.0044747706002884009,50432707.144291364,-592191.82019053434,738491.59965903289,1321319291958545.2,-1167914936639787.8,-767145462395380.62
0_11:30212101100,0,795,0.067120359983339151,0.010041756914760568,9.8596697530128661e-10,8141939.8139445586,26171536.983783379,26931018.91143984,0.0045595451192622823,50733511.161747828,-759481.93221600563,961734.11180223338,1478660325592630.8,-747735175229378.12,-1195269445007558.8
0_11:30212101100,1,795,0.25623087493487307,0.01893728189120809,9.4642915804643244e-10,8541852.9150340538,26148034.032888561,26928126.341242261,0.0043767048556362436,50757122.811050974,-780092.31273040455,989916.50015176984,1567374723478930,-713059361820265.12,-1139839472442764.5
0_11:30212101100,2,795,0.44534138988640698,0.013756422024683426,9.0689134079157827e-10,8941766.0161235519,26120338.501707692,26921574.829506241,0.0041938645920102059,50781195.428086884,-801236.33199241373,1018098.8885013064,1663265596233875.8,-681491428908676,-1089377508232379.5
0_11:30212101100,3,795,0.39466938012478525,0.014636651064291182,9.1748546699553183e-10,8834609.6236437317,26148254.98078806,26884902.181661014,0.0042428564929928173,50701548.022522464,-736647.2051158105,940803.77737107663,1556691418794622.5,-688675502381117.75,-1100861391560009.1
0_11:30212101100,4,795,0.58377989507631922,0.027697929270551248,8.7794764974067756e-10,9234522.7247332279,26125279.48947487,26863583.301142767,0.0040600162293667787,50703144.822969563,-738303.81572791305,956491.6550778863,1650959706557823,-658872257735149.75,-1053220316393947.9
0_11:30212101100,5,795,0.77289041002785308,0.020168384212771055,8.384098324858234e-10,9634435.8258227222,26102779.17059559,26834947.943190012,0.0038771759657407413,50698480.809198052,-732168.77647159807,972179.5327846962,1753099074217202.8,-631465221803084,-1009409628181007.8
0_11:30212101100,6,795,0.72221840026623141,0.0082856712338714947,8.4900395868977696e-10,9527279.4333429039,26128218.317808881,26819804.402850464,0.0039261678667233523,50655883.418959565,-691586.08896775043,919873.44293991977,1650273478095276,-638030984280198,-1019905129171266.9
0_11:30212101100,7,795,0.91132891521776527,0.01574595333858738,8.0946614143492269e-10,9927192.5344324,26107868.471093498,26783559.489469405,0.0037433276030973137,50642467.706254281,-675691.02211923467,923066.810004003,1752500903189721.8,-612165984440843,-978559416106982.25
0_11:30212101100,8,796,0.10043943016929922,0.011499474652053017,8.0950652815210186e-10,9922144.3709610812,26082949.337124553,26771209.637708742,0.0037435143690477059,50619727.429033004,-688260.30432770401,926260.17706808611,1783471347380489.8,-978617653388942.5,-642805454973720.5
0_11:30212101101,0,795,0.55540160998333599,0.015022318909540998,8.8388077011899228e-10,9174511.0009110738,26102955.471281156,26910327.719658572,0.0040874535885690724,50784606.136081561,-807372.25246486987,1028486.7679594221,1724043939124151.5,-664247520462855.5,-1061812780022991.4
0_11:30212101101,1,795,0.74451212493486985,0.02797924267682287,8.4434295286413811e-10,9574424.1020005699,26078119.982939508,26876926.091767494,0.0039046133249430346,50769869.187921345,-798806.11273259914,1036002.2408689047,1838061999165556.2,-636317932758335.88,-1017166782481642
0_11:30212101101,2,795,0.93362263988640382,0.020150307012834375,8.0480513560928384e-10,9974337.2030900642,26056834.849748302,26832677.369918391,0.0037217730613169965,50742372.890981577,-775842.5238918619,1043517.7137783875,1962051751739719.2,-610474468214804.12,-975855494013042.25
0_11:30212101101,3,795,0.88295063012478203,0.022054009781943325,8.153992618132373e-10,9867180.8106102459,26090279.506167233,26809633.593254067,0.003770764962299607,50682988.59171126,-719354.09085759893,977192.06233100593,1817850713549563.2,-616381944178142.38,-985298711010194.75
0_11:30212101101,4,796,0.072061145076315988,0.04116602898338128,8.0425717214745205e-10,9976550.9208980557,26074189.289960478,26784155.010106873,0.0037192390371655632,50651926.0322598,-709965.7238656343,978729.70067127584,1882388764900655.8,-973899910266826.12,-639706603237744.38
0_11:30212101101,5,796,0.26117166002784992,0.029691342060616254,8.3923844088693342e-10,9613990.2291012909,26046569.089200906,26787369.85717978,0.0038810078155751705,50609278.515716545,-740800.77185988089,980267.33901154564,1862909926437399.2,-1009776489927133,-663272151060821.25
0_11:30212101101,6,796,0.21049965026622822,0.01259550222843216,8.2986523817795028e-10,9711138.0736757424,26067240.856048059,26775225.006819248,0.0038376620020396405,50598758.538071617,-707984.15460885153,925897.3567025899,1765473929022444.8,-999467134462030.88,-656500446189892.5
0_11:30212101101,7,796,0.3996101652177621,0.023574135449865349,8.6484650691743166e-10,9348577.3818789776,26051933.742689185,26778320.317952875,0.0039994307804492478,50560514.935695313,-726386.57926312101,921457.16047364695,1743656234884314.8,-1037444198847431.1,-681445698369112.5
0_11:30212101101,8,796,0.58872068016929602,0.01703489819885582,8.9982777565691313e-10,8986016.6900822148,26040292.396785911,26772949.630396143,0.004161199558858855,50512419.190587863,-732657.23777143098,917016.96424470388,1729560347447769.2,-1078275489195330.1,-708265750182355
0_11:30212101102,0,795,0.91284829336657847,0.0078211765120150076,8.0914848117365069e-10,9930405.5722022727,26123053.621897027,26771018.87614648,0.0037418586022786773,50619230.454530619,-647965.25799131219,903846.26031813945,1713718974419512.8,-611687113804240.75,-977793931936913.12
0_11:30212101102,1,796,0.10195880831811234,0.014901140611332473,8.0978757955399861e-10,9919231.4351421706,26106153.747224446,26759036.12354349,0.0037448140743926933,50596300.542680405,-652882.38006385742,904320.26361451077,1740344947731969,-978452000876056.75,-642696646044569.88
0_11:30212101102,2,796,0.29106932326964624,0.010901781199268677,8.4476884829347999e-10,9556670.7433454078,26084921.379598755,26767718.564344052,0.0039065828528023006,50565033.731808469,-682797.18865187967,904794.26691088208,1705153848923720.5,-1014944894309391.4,-666667019852448.75
0_11:30212101102,3,796,0.24039731350802454,0.011332816199636917,8.3539564558449685e-10,9653818.5879198592,26114983.952592332,26753711.596273124,0.0038632370392667707,50550723.383837,-638727.64754402929,869699.31512623548,1648397080801743.5,-1004447001705331.1,-659771474275226
0_11:30212101102,4,796,0.42950782845955848,0.021688909816355351,8.7037691432397833e-10,9291257.8961230945,26100021.0278248,26766241.877838805,0.0040250058176763788,50531307.12642891,-666220.85403901071,873322.75812145218,1613638963782097,-1043241375441859.1,-685253576477012.38
0_11:30212101102,5,796,0.61861834341109234,0.015917011115667918,9.053581830634597e-10,8928697.2043263316,26085014.731106427,26773788.96834841,0.004186774596085986,50508552.506965682,-688774.24142875802,876946.20111666888,1585189839519112.2,-1085114614716973.4,-712758032921520.88
0_11:30212101102,6,796,0.56794633364947,0.0063686443574681702,8.9598498035447646e-10,9025845.0489007831,26108346.7074719,26762735.83040278,0.0041434287825504552,50497022.29038316,-654389.12707430939,835552.36993433163,1530921839266917,-1073190158176276.9,-704925448167493
0_11:30212101102,7,796,0.75705684860100386,0.012256191466343882,9.3096624909395794e-10,8663284.3571040202,26099279.337419517,26771037.339505199,0.0043051975609600624,50480062.487544082,-671758.00639087951,842325.25262839359,1502251649806949.2,-1117727920553325.4,-734180097834958
0_11:30212101102,8,796,0.94616736355253783,0.0090292146313472113,9.6594751783343931e-10,8300723.6653072555,26088732.918902118,26776088.167558402,0.0044669663393696697,50462858.297723055,-687355.25312325044,849098.13532245555,1478928901756672.8,-1166150694206214.2,-765986618942812.62
0_11:30212101103,0,796,0.40112954336657525,0.011952742259054246,8.6512755831932841e-10,9345664.4460600708,26076024.667893969,26769853.61807885,0.0040007304857942348,50544199.751720548,-693828.95418561215,903670.97284768231,1689460083021142,-1037432684896257.2,-681438135424997
0_11:30212101103,1,796,0.59024005831810911,0.022407327028904449,9.0010882705880989e-10,8983103.754263306,26065448.025486417,26771457.774162885,0.0041624992642038429,50509323.958480187,-706009.7528389669,899336.77885667805,1671014340881036.8,-1078559045218369.2,-708452004086286.62
0_11:30212101103,2,796,0.77935057326964308,0.016209894458843816,9.3509009579829116e-10,8620543.0624665432,26051988.282054942,26769308.308967192,0.0043242680426134493,50473346.516129881,-717320.03123651771,895002.58486567391,1659797293298955.8,-1123120256728912.4,-737722056327854.38
0_11:30212101103,3,796,0.7286785635080214,0.017482041665824264,9.2571689308930812e-10,8717690.9070409928,26077845.151310049,26776998.247116711,0.0042809222290779202,50495821.156556152,-699153.10008758423,878584.89543550194,1572901623859646,-1111099002580095.9,-729825890020487
0_11:30212101103,4,796,0.91778907845955526,0.032866375722094048,9.606981618287895e-10,8355130.2152442299,26066440.66291957,26779457.652573641,0.0044426910074875274,50472845.519066416,-713016.99409676262,880592.8118217173,1559260586901162.5,-1158786300835209.8,-761149313775610.12
0_11:30212101110,0,796,0.043682859983332753,0.021898059159624166,7.9900781614280213e-10,10030957.47083503,26042995.371464007,26807081.096200045,0.0036949637052834197,50703156.934089422,-764085.72843100235,1039212.4681835881,2005725712236680.8,-969597298896952.38,-636880430983842
0_11:30212101110,1,796,0.23279337493486665,0.040464692842345697,8.3398908488228361e-10,9668396.7790382672,26024567.363500297,26797089.177637726,0.0038567324836930278,50634549.683279902,-772521.81799416151,1016902.054636911,2002080752579523.2,-1004595601499798.4,-659869082118453.38
0_11:30212101110,2,796,0.4219038898864006,0.02898995041114507,8.6897035362176498e-10,9305836.0872415043,26005984.530990761,26776455.232218541,0.0040185012621026346,50552203.123954207,-770470.70524628169,994591.64109023393,2009444478585713.8,-1042037802050813.5,-684463008742467.62
0_11:30212101110,3,796,0.37123188012477887,0.032293733251774225,8.5959715091278184e-10,9402983.9318159539,26036383.628798343,26785511.889524531,0.0039751554485671046,50580316.438484587,-749128.26470134279,977799.75350334251,1857504369107744.2,-1031845402456435.5,-677768126388925.75
0_11:30212101110,4,796,0.56034239507631278,0.059756134919120192,8.9457841965226332e-10,9040423.2400191911,26027288.896286819,26779284.390355628,0.0041369242269767128,50529683.506810285,-751995.49820573314,967782.27811146085,1859045229031789,-1072152593254877.1,-704243923172460
0_11:30212101110,5,796,0.74945291002784675,0.042847624692473184,9.295596883917448e-10,8677862.5482224263,26015129.780915242,26769289.378120605,0.00429869300538632,50477963.883959718,-754159.60150405625,957764.80271957954,1870332325647476,-1115803828090267.4,-732916256817125.75
0_11:30212101110,6,796,0.69878090026622497,0.018547492979315527,9.2018648568276166e-10,8775010.3927968778,26039178.336962577,26770292.439431712,0.0042553471918507901,50488078.652669631,-731114.10672448226,916387.0388230969,1726811471011946.5,-1103671910829507.6,-724947401393866.12
0_11:30212101110,7,796,0.88789141521775894,0.034379003072419707,9.5516775442224303e-10,8412449.701000113,26036860.66669159,26764913.114348024,0.0044171159702603973,50449404.988000341,-728052.45207354997,918662.50158601103,1731844661621582.5,-1150356241723703.8,-755612025577444.75
0_11:30212101111,0,796,0.53196410998332955,0.031411075126383081,8.893290636476134e-10,9094829.7899561655,26001353.554103624,26764201.261083879,0.0041126488950945696,50506667.735395961,-762847.7110929034,981750.28618846147,2021228201038881.2,-1065253392266422.2,-699712179835334.38
0_11:30212101111,1,796,0.72107462493486352,0.057762862729704302,9.2431033238709488e-10,8732269.0981594026,26002714.341251366,26742912.750686314,0.0042744176735041769,50432774.82010182,-740198.41370936576,959931.49054382811,2055309854968794.5,-1107859123235502.1,-727697773785357.25
0_11:30212101111,2,796,0.91018513988639738,0.041264394232539685,9.5929160112657636e-10,8369708.4063626388,25994726.753723525,26721071.312510431,0.004436186451913785,50363796.082891487,-726344.5632230927,938112.69489919487,2102619536521570.8,-1154268687422703.8,-758181917331283.62
0_11:30212101111,3,796,0.8595131301247757,0.046448817792791974,9.4991839841759322e-10,8466856.2509370893,26010823.135191239,26764727.666495636,0.0043928406383782551,50452961.547561198,-753904.53569723736,952047.68411189329,1883673903381141.8,-1143044828192437,-750809520242300.25
0_11:30212101112,0,796,0.88941079336657203,0.017660370486417155,9.5544880582413969e-10,8409536.7651812062,26044998.774841938,26769123.409022346,0.0044184156756053843,50457135.56441275,-724124.63859882369,895325.19864567241,1658391992190284,-1150931042682425.2,-755989583851108.38
0_11:30212101120,0,796,0.75857622674981773,0.005985204430980713,9.3124730049585469e-10,8660371.4212851096,26111710.157441303,26767792.836291313,0.0043064972663050503,50473706.479865305,-656082.68315650732,822426.5418300475,1469602119273581.5,-1117963089052587.1,-734334568371678.88
0_11:30212101120,1,796,0.94768674170135159,0.011556933644106579,9.6622856923533617e-10,8297810.7294883458,26099630.548437953,26775368.493607599,0.0044682660447146576,50461311.009754755,-675737.94963791233,830106.74714909913,1443926784853778,-1166524300944489,-766232022700394.88
0_11:30212101200,1,796,0.68601760846784154,6.1401609967156242e-05,9.1782555857876587e-10,8799480.0416961573,26208392.319843009,26729001.456981715,0.0042444292261139879,50412339.854530603,-520609.14138313493,689348.56008047506,1373880796230284.8,-1098951763264471.5,-721846970298454.12
0_11:30212101200,2,796,0.8751281234193754,6.8173116192824052e-05,9.5280682731824725e-10,8436919.3498993926,26198810.789937597,26744460.876856085,0.0044061980045235951,50412593.530411169,-545650.09132468619,697481.50742132298,1324044415310416.5,-1146182909571622.2,-752870770437109.38
0_11:30212101201,0,796,0.98518834351630435,0.00012886837237422301,9.7316553734409577e-10,8225913.0526140556,26192983.195570916,26751973.064510472,0.0045003456375155302,50412629.893807717,-558989.87343990186,702406.57428127446,1297535668033148.2,-1175584969320963.8,-772183526883807.62
