5000 120.14295120000001
0 0.59999999999999998 0
1.0599014562805766 0.59999994075868135 764.037968612393
2.1198031567541755 0.59999976303474889 1528.0754531736718
3.1797053456369886 0.59999946682827277 2292.1119696507835
4.2396082670685802 0.5999990521393701 3056.147033958157
5.2995121652358703 0.59999851896820433 3820.1801620484348
6.3594172843047332 0.5999978673149865 4584.2108698645261
7.4193238684729321 0.59999709717997352 5348.2386733791245
8.47923216191184 0.59999620856346991 6112.2630885540548
9.5391424088130901 0.59999520146582652 6876.2836313752614
10.599054853344395 0.59999407588744091 7640.2998178223215
11.658969739672894 0.59999283182875773 8404.3111638866285
12.718887311972308 0.59999146929026825 9168.3171855779128
13.778807814415925 0.59998998827251082 9932.3173989205497
14.838731491176457 0.5999883887760703 10696.311319954802
15.898658586420092 0.59998667080157819 11460.2984647339
16.95858934431126 0.59998483434971317 12224.278349328837
18.018524009010061 0.59998287942120032 12988.250489827866
19.078462824674443 0.59998080601681203 13752.214402339436
20.138406035461585 0.59997861413736697 14516.169602994549
21.198353885523396 0.59997630378373079 15280.115607944856
22.258306619008703 0.59997387495681609 16044.051933365619
23.318264480063679 0.5999713276575821 16807.978095457358
24.378227712831247 0.59996866188703479 17571.893610446783
25.438196561447896 0.59996587764622689 18335.797994585864
26.498171270046694 0.59996297493625816 19099.690764155352
27.558152082757726 0.59995995375827493 19863.571435466449
28.618139243706096 0.59995681411347046 20627.43952486074
29.678132997012096 0.59995355600308464 21391.294548711656
30.738133586790767 0.59995017942840434 22155.136023425526
31.798141257152178 0.59994668439076293 22918.963465443128
32.858156252202363 0.59994307089154109 23682.776391241721
33.918178816041269 0.59993933893216556 24446.574317334926
34.978209192762634 0.59993548851411049 25210.356760273993
36.038247626455323 0.59993151963889646 25974.12323665011
37.098294361201226 0.59992743230809087 26737.873263094265
38.15834964107728 0.59992322652330821 27501.60635628003
39.21841371015411 0.59991890228620937 28265.322032923963
40.278486812495125 0.5999144595985022 29029.019809786296
41.338569192157379 0.5999098984619412 29792.699203672921
42.398661093191805 0.59990521887832804 30556.359731436889
43.458762759642056 0.59990042084951067 31320.000909978971
44.518874435543836 0.59989550437738393 32083.622256248487
45.578996364926262 0.5998904694638898 32847.223287245652
46.63912879181111 0.5998853161110167 33610.803520022419
47.699271960211867 0.59988004432079978 34374.362471683075
48.759426114134079 0.59987465409532115 35137.899659385956
49.819591497575914 0.59986914543670977 35901.414600345081
50.879768354527108 0.59986351834714113 36664.906811830835
51.939956928968719 0.59985777282883768 37428.375811171107
53.000157464873297 0.59985190888406836 38191.821115752748
54.060370206204432 0.59984592651514923 38955.242243022643
55.120595396916741 0.59983982572444294 39718.638710489009
56.180833280956442 0.59983360651435924 40482.010035723193
57.241084102260054 0.59982726888735394 41245.355736360034
58.301348104754112 0.59982081284593014 42008.675330099075
59.361625532355902 0.5998142383926377 42771.968334706369
60.421916628972802 0.59980754553007309 43535.234268015447
61.482221638502324 0.59980073426087965 44298.472647928567
62.542540804831717 0.59979380458774745 45061.682992417911
63.602874371837757 0.59978675651341329 45824.864819526687
64.663222583386897 0.59977959004066084 46588.017647370623
65.723585683334633 0.59977230517232005 47351.140994138834
66.783963915525248 0.59976490191126841 48114.23437809504
67.844357523792468 0.5997573802604298 48877.297317579294
68.904766751958704 0.59974974022277461 49640.32933100887
69.965191843834617 0.59974198180132032 50403.329936879229
71.025633043219429 0.59973410499913116 51166.298653765611
72.086090593900593 0.59972610981931784 51929.235000324181
73.146564739653542 0.59971799626503808 52692.138495293104
74.207055724241428 0.59970976433949619 53455.008657493781
75.267563791414972 0.59970141404594324 54217.84500583203
76.32808918491267 0.59969294538767748 54980.647059299634
77.388632148460289 0.59968435836804312 55743.414336975242
78.449192925770532 0.5996756529904318 56506.146358025544
79.509771760543273 0.59966682925828152 57268.842641706724
80.57036889646497 0.59965788717507718 58031.502707365406
81.630984577208736 0.59964882674435038 58794.126074440042
82.691619046434027 0.59963964796967939 59556.712262462032
83.752272547786575 0.59963035085468941 60319.260791056979
84.812945324898308 0.59962093540305228 61081.771179946008
85.873637621386862 0.59961140161848647 61844.242948946747
86.934349680855604 0.5996017495047572 62606.675617974659
87.995081746893462 0.59959197906567674 63369.068707044265
89.055834063074613 0.59958209030510345 64131.421736270262
90.116606872958442 0.59957208322694333 64893.73422586883
91.177400420089469 0.59956195783514832 65656.005696158929
92.238214947996866 0.59955171413371722 66418.235667563175
93.299050700194471 0.59954135212669601 67180.423660609376
94.359907920180632 0.59953087181817699 67942.569195931617
95.420786851437867 0.59952027321229906 68704.671794271344
96.48168773743275 0.5995095563132482 69466.730976478648
97.542610821615952 0.59949872112525715 70228.746263513662
98.603556347421858 0.59948776765260492 70990.717176447564
99.664524558268269 0.5994766958996175 71752.643236463671
100.72551569755639 0.59946550587066771 72514.523964858818
101.78653000867079 0.59945419757017504 73276.358883044668
102.84756773497902 0.59944277100260546 74038.147512548647
103.90862911983143 0.59943122617247191 74799.889375015278
104.969714406561 0.59941956308433375 75561.583992207306
106.03082383848329 0.59940778174279741 76323.230886007004
107.09195765889621 0.59939588215251582 77084.829578417368
108.15311611107978 0.59938386431818858 77846.379591563178
109.21429943829592 0.59937172824456197 78607.880447692267
110.27550788378836 0.59935947393642908 79369.33166917674
111.33674169078253 0.5993471013986299 80130.732778514182
112.39800110248524 0.59933461063605042 80892.083298328798
113.45928636208451 0.59932200165362415 81653.382751372657
114.52059771274956 0.59930927445633075 82414.630660526833
115.5819353976303 0.59929642904919656 83175.82654880255
116.64329965985746 0.59928346543729494 83936.969939342438
117.70469074254247 0.59927038362574603 84698.060355421883
118.76610888877694 0.59925718361971592 85459.097320449946
119.82755434163272 0.5992438654244181 86220.080357970612
120.88902734416178 0.59923042904511259 86981.008991664174
121.95052813939581 0.5992168744871057 87741.882745348179
123.01205697034617 0.59920320175575081 88502.701142978636
124.07361408000371 0.59918941085644795 89263.463708651412
125.13519971133857 0.59917550179464352 90024.169966603164
126.1968141073001 0.59916147457583113 90784.819441212705
127.25845751081654 0.59914732920555036 91545.411657002114
128.3201301647949 0.59913306568938807 92305.946138637868
129.38183231212085 0.59911868403297741 93066.422410932122
130.44356419565847 0.59910418424199841 93826.83999884389
131.50532605825001 0.59908956632217736 94587.198427480034
132.56711814271577 0.59907483027928776 95347.497222096688
133.62894069185413 0.59905997611914963 96107.735908100323
134.69079394844101 0.59904500384762904 96867.914011048953
135.75267815522989 0.5990299134706395 97628.031056653199
136.81459355495164 0.59901470499414078 98388.086570777625
137.87654039031437 0.59899937842413931 99148.080079441876
138.93851890400316 0.59898393376668824 99908.011108821767
140.00052933867983 0.59896837102788725 100667.87918525049
141.06257193698298 0.59895269021388287 101427.68383521987
142.12464694152766 0.59893689133086792 102187.42458538144
143.18675459490521 0.59892097438508218 102947.1009625476
144.24889513968307 0.59890493938281186 103706.71249369289
145.31106881840466 0.59888878633038978 104466.25870595503
146.37327587358917 0.59887251523419571 105225.7391266362
147.43551654773142 0.59885612610065553 105985.15328320416
148.49779108330165 0.59883961893624227 106744.50070329339
149.56009972274532 0.59882299374747505 107503.78091470629
150.62244270848288 0.59880625054091985 108262.99344541431
151.68482028290984 0.59878938932318948 109022.13782355914
152.74723268839631 0.59877241010094295 109781.21357745388
153.80968016728696 0.59875531288088624 110540.22023558419
154.87216296190087 0.5987380976697716 111299.15732660941
155.9346813145313 0.59872076447439826 112058.02437936379
156.99723546744551 0.59870331330161153 112816.8209228576
158.05982566288458 0.59868574415830378 113575.54648627827
159.12245214306324 0.59866805705141379 114334.20059899158
160.18511515016976 0.59865025198792687 115092.78279054283
161.24781492636572 0.59863232897487517 115851.29259065798
162.3105517137858 0.59861428801933725 116609.72952924478
163.37332575453775 0.59859612912843807 117368.09313639396
164.43613729070194 0.59857785230934935 118126.38294238031
165.49898656433143 0.59855945756928941 118884.59847766389
166.5618738174517 0.59854094491552312 119642.73927289118
167.62479929206057 0.59852231435536196 120400.80485889621
168.68776323012787 0.59850356589616394 121158.7947667017
169.7507658735953 0.59848469954533345 121916.70852752023
170.81380746437637 0.59846571531032167 122674.54567275531
171.87688824435611 0.59844661319862635 123432.30573400267
172.94000845539094 0.59842739321779181 124189.98824305127
174.00316833930856 0.59840805537540853 124947.59273188449
175.06636813790757 0.59838859967911417 125705.11873268127
176.12960809295754 0.59836902613659237 126462.56577781722
177.19288844619868 0.5983493347555735 127219.9333998658
178.25620943934169 0.59832952554383478 127977.22113159944
179.31957131406764 0.59830959850919951 128734.42850599067
180.38297431202776 0.59828955365953784 129491.55505621328
181.4464186748433 0.59826939100276622 130248.60031564346
182.50990464410521 0.59824911054684771 131005.56381786082
183.57343246137418 0.59822871229979202 131762.44509664967
184.6370023681803 0.59820819626965516 132519.243686
185.70061460602301 0.59818756246453997 133275.95912010886
186.76426941637078 0.59816681089259527 134032.59093338114
187.82796704066109 0.59814594156201706 134789.13866043102
188.89170772030016 0.59812495448104752 135545.60183608287
189.95549169666282 0.59810384965797503 136301.97999537253
191.01931921109227 0.59808262710113502 137058.27267354829
192.08319050489996 0.59806128681890902 137814.47940607212
193.14710581936546 0.59803982881972539 138570.59972862079
194.21106539573623 0.5980182531120587 139326.63317708689
195.27506947522738 0.59799655970443 140082.57928758004
196.33911829902161 0.59797474860540734 140838.43759642803
197.40321210826903 0.59795281982360415 141594.20764017783
198.46735114408688 0.59793077336768163 142349.88895559675
199.53153564755942 0.59790860924634659 143105.4810796736
200.5957658597379 0.59788632746835257 143860.98354961979
201.66004202164004 0.59786392804249966 144616.39590287034
202.7243643742502 0.59784141097763444 145371.71767708511
203.78873315851905 0.59781877628264968 146126.94841014995
204.85314861536338 0.59779602396648457 146882.08764017757
205.91761098566602 0.59777315403812559 147637.13490550892
206.98212051027559 0.5977501665066044 148392.08974471412
208.0466774300063 0.59772706138100007 149146.95169659363
209.1112819856379 0.59770383867043764 149901.72030017938
210.17593441791536 0.59768049838408888 150656.39509473575
211.2406349675488 0.59765704053117186 151410.97561976084
212.30538387521335 0.59763346512095084 152165.46141498745
213.37018138154883 0.59760977216273714 152919.85202038419
214.43502772715965 0.59758596166588762 153674.14697615663
215.49992315261468 0.59756203363980642 154428.34582274832
216.56486789844703 0.59753798809394354 155182.4481008419
217.62986220515393 0.59751382503779571 155936.45335136031
218.69490631319647 0.59748954448090585 156690.36111546768
219.7600004629995 0.5974651464328633 157444.1709345706
220.82514489495142 0.59744063090330402 158197.88235031909
221.89033984940406 0.59741599790191036 158951.4949046078
222.9555855666724 0.59739124743841054 159705.00813957691
224.02088228703451 0.59736637952257976 160458.42159761334
225.08623025073135 0.59734139416423948 161211.73482135194
226.15162969796657 0.59731629137325737 161964.9473536764
227.21708086890629 0.59729107115954772 162718.0587377203
228.28258400367906 0.59726573353307089 163471.06851686834
229.34813934237562 0.59724027850383377 164223.97623475737
230.41374712504864 0.59721470608188976 164976.7814352774
231.47940759171277 0.59718901627733845 165729.48366257272
232.5451209823442 0.59716320910032561 166482.08246104297
233.61088753688065 0.59713728456104398 167234.57737534426
234.67670749522122 0.59711124266973192 167986.96795039013
235.74258109722609 0.59708508343667455 168739.25373135271
236.80850858271651 0.59705880687220347 169491.43426366377
237.87449019147448 0.59703241298669607 170243.50909301575
238.94052616324265 0.59700590179057644 170995.47776536286
240.00661673772413 0.59697927329431533 171747.33982692211
241.07276215458236 0.59695252750842909 172499.09482417451
242.13896265344093 0.59692566444348094 173250.74230386579
243.20521847388329 0.59689868411008018 174002.28181300787
244.27152985545271 0.59687158651888239 174753.71289887969
245.33789703765217 0.59684437168058968 175505.03510902828
246.40432025994397 0.59681703960595034 176256.24799126983
247.47079976174976 0.59678959030575884 177007.35109369078
248.53733578245021 0.59676202379085608 177758.34396464887
249.603928561385 0.59673434007212933 178509.22615277406
250.67057833785259 0.59670653916051208 179259.99720696986
251.7372853511099 0.59667862106698388 180010.65667641399
252.80404984037244 0.59665058580257113 180761.2041105598
253.87087204481384 0.59662243337834575 181511.63905913712
254.93775220356579 0.59659416380542651 182261.96107215324
256.00469055571807 0.59656577709497827 183012.16969989415
257.07168734031802 0.59653727325821204 183762.26449292543
258.13874279637059 0.59650865230638517 184512.24500209335
259.20585716283813 0.59647991425080138 185262.11077852582
260.27303067864023 0.59645105910281049 186011.86137363355
261.34026358265356 0.59642208687380871 186761.49633911104
262.40755611371168 0.59639299757523823 187511.01522693757
263.47490851060479 0.59636379121858774 188260.41758937825
264.54232101207975 0.59633446781539201 189009.70297898509
265.60979385683964 0.59630502737723212 189758.87094859796
266.677327283544 0.59627546991573543 190507.92105134565
267.7449215308082 0.59624579544257528 191256.85284064693
268.81257683720349 0.5962160039694715 192005.66587021152
269.88029344125687 0.5961860955081898 192754.35969404105
270.94807158145096 0.59615607007054239 193502.93386643028
272.01591149622357 0.59612592766838757 194251.38794196793
273.08381342396791 0.59609566831363003 194999.72147553775
274.15177760303203 0.59606529201822023 195747.93402231965
275.21980427171894 0.59603479879415511 196496.02513779042
276.28789366828619 0.59600418865347782 197243.99437772509
277.35604603094612 0.59597346160827747 197991.84129819766
278.42426159786515 0.59594261767068946 198739.56545558234
279.49254060716402 0.5959116568528956 199487.1664065544
280.56088329691755 0.59588057916712323 200234.64370809114
281.62928990515417 0.59584938462564652 200981.99691747312
282.69776066985622 0.59581807324078551 201729.2255922849
283.76629582895941 0.59578664502490608 202476.32929041618
284.83489562035288 0.59575509999042098 203223.30757006278
285.90356028187887 0.59572343814978845 203970.15998972763
286.97229005133266 0.59569165951551295 204716.88610822181
288.04108516646232 0.59565976410014554 205463.48548466541
289.10994586496867 0.59562775191628281 206209.95767848863
290.17887238450498 0.59559562297656787 206956.3022494328
291.24786496267683 0.59556337729368969 207702.51875755124
292.31692383704205 0.59553101488038351 208448.60676321047
293.38604924511037 0.59549853574943046 209194.5658270909
294.45524142434334 0.59546593991365804 209940.39551018801
295.52450061215427 0.59543322738593973 210686.09537381327
296.59382704590797 0.59540039817919521 211431.66497959514
297.66322096292043 0.59536745230638977 212177.10388948012
298.73268260045893 0.59533438978053554 212922.41166573358
299.80221219574179 0.59530121061468988 213667.58787094077
300.87180998593794 0.59526791482195685 214412.63206800789
301.94147620816716 0.59523450241548659 215157.54382016297
303.01121109949975 0.59520097340847478 215902.32269095691
304.08101489695616 0.59516732781416326 216646.96824426434
305.15088783750713 0.59513356564584052 217391.48004428472
306.22083015807328 0.59509968691684034 218135.85765554316
307.29084209552525 0.59506569164054313 218880.10064289154
308.36092388668317 0.5950315798303748 219624.20857150943
309.43107576831676 0.59499735149980781 220368.18100690484
310.50129797714499 0.59496300666236013 221112.0175149155
311.57159074983605 0.594928545331596 221855.71766170961
312.64195432300704 0.59489396752112589 222599.28101378682
313.71238893322413 0.59485927324460564 223342.70713797933
314.78289481700176 0.59482446251573773 224085.99560145257
315.85347221080326 0.5947895353482705 224829.14597170643
316.92412135104001 0.59475449175599793 225572.15781657596
317.99484247407173 0.59471933175276037 226315.03070423254
319.06563581620605 0.59468405535244384 227057.76420318469
320.1365016136985 0.59464866256898052 227800.357882279
321.20744010275229 0.59461315341634857 228542.81131070116
322.27845151951794 0.5945775279085721 229285.12405797673
323.34953610009364 0.59454178605972097 230027.29569397232
324.42069408052447 0.59450592788391121 230769.32578889641
325.49192569680264 0.59446995339530484 231511.21391330016
326.56323118486728 0.59443386260810949 232252.95963807852
327.63461078060402 0.59439765553657908 232994.5625344711
328.70606471984513 0.59436133219501319 233736.02217406302
329.77759323836926 0.59432489259775745 234477.33812878595
330.84919657190113 0.59428833675920367 235218.50997091905
331.92087495611162 0.59425166469378898 235959.53727308975
332.99262862661732 0.59421487641599668 236700.41960827471
334.0644578189806 0.59417797194035638 237441.15654980089
335.13636276870938 0.59414095128144273 238181.74767134624
336.20834371125693 0.59410381445387717 238922.19254694082
337.28040088202169 0.59406656147232628 239662.49075096758
338.35253451634713 0.5940291923515032 240402.64185816326
339.42474484952163 0.59399170710616611 241142.64544361949
340.49703211677837 0.59395410575111984 241882.50108278339
341.56939655329484 0.59391638830121463 242622.20835145871
342.64183839419309 0.59387855477134688 243361.76682580673
343.71435787453947 0.59384060517645831 244101.17608234697
344.78695522934413 0.59380253953153694 244840.43569795831
345.85963069356137 0.59376435785161674 245579.54524987983
346.93238450208901 0.59372606015177687 246318.50431571147
348.00521688976863 0.59368764644714289 247057.31247341537
349.07812809138505 0.59364911675288623 247795.96930131633
350.15111834166646 0.59361047108422349 248534.47437810301
351.22418787528409 0.59357170945641768 249272.82728282857
352.29733692685198 0.59353283188477735 250011.02759491181
353.37056573092707 0.59349383838465686 250749.07489413786
354.44387452200891 0.59345472897145657 251486.9687606591
355.51726353453932 0.59341550366062212 252224.70877499608
356.59073300290254 0.59337616246764546 252962.29451803843
357.66428316142481 0.59333670540806416 253699.72557104562
358.73791424437439 0.59329713249746108 254437.00151564795
359.81162648596126 0.59325744375146572 255174.1219338474
360.88542012033707 0.59321763918575254 255911.08640801845
361.95929538159493 0.59317771881604209 256647.89452090894
363.03325250376918 0.59313768265810074 257384.54585564104
364.10729172083535 0.59309753072774019 258121.03999571205
365.18141326670997 0.59305726304081852 258857.37652499514
366.25561737525032 0.59301687961323868 259593.55502774057
367.32990428025431 0.59297638046095014 260329.57508857606
368.40427421546053 0.59293576559994754 261065.43629250809
369.47872741454762 0.59289503504627139 261801.1382249225
370.55326411113458 0.59285418881600804 262536.68047158537
371.62788453878034 0.59281322692528926 263272.06261864392
372.70258893098372 0.59277214939029266 264007.28425262746
373.77737752118321 0.59273095622724148 264742.34496044798
374.85225054275679 0.59268964745240471 265477.24432940118
375.92720822902186 0.59264822308209697 266211.98194716737
377.00225081323498 0.59260668313267817 266946.55740181211
378.07737852859185 0.59256502762055452 267680.97028178722
379.15259160822694 0.59252325656217741 268415.22017593158
380.22789028521345 0.5924813699740441 269149.30667347182
381.30327479256317 0.59243936787269724 269883.22936402337
382.37874536322641 0.59239725027472523 270616.98783759121
383.45430223009151 0.59235501719676209 271350.58168457058
384.52994562598502 0.5923126686554876 272084.01049574802
385.60567578367142 0.5922702046676267 272817.27386230207
386.68149293585299 0.59222762524995021 273550.37137580407
387.7573973151695 0.59218493041927489 274283.30262821901
388.83338915419819 0.59214212019246248 275016.06721190637
389.9094686854537 0.59209919458642057 275748.66471962107
390.98563614138777 0.59205615361810249 276481.09474451392
392.06189175438902 0.59201299730450641 277213.35688013281
393.13823575678299 0.59196972566267725 277945.45072042331
394.21466838083171 0.59192633870970424 278677.3758597296
395.29118985873396 0.59188283646272288 279409.13189279509
396.36780042262455 0.59183921893891422 280140.71841476345
397.44450030457483 0.59179548615550459 280872.13502117939
398.52128973659183 0.59175163812976583 281603.38130798918
399.59816895061863 0.59170767487901521 282334.4568715418
400.67513817853398 0.59166359642061617 283065.36130858952
401.75219765215206 0.59161940277197655 283796.09421628882
402.82934760322274 0.59157509395055063 284526.6551922012
403.90658826343076 0.59153066997383785 285257.04383429361
404.98391986439623 0.59148613085938306 285987.25974093989
406.06134263767393 0.59144147662477642 286717.30251092097
407.13885681475358 0.59139670728765403 287447.17174342601
408.21646262705951 0.59135182286569732 288176.86703805294
409.29416030595036 0.59130682337663265 288906.38799480937
410.37195008271902 0.59126170883823237 289635.73421411344
411.44983218859272 0.59121647926831411 290364.90529679437
412.52780685473249 0.59117113468474103 291093.90084409347
413.60587431223337 0.59112567510542147 291822.72045766487
414.68403479212378 0.59108010054830962 292551.36373957602
415.76228852536588 0.59103441103140442 293279.83029230894
416.84063574285506 0.59098860657275054 294008.11971876048
417.91907667542 0.59094268719043852 294736.23162224347
418.99761155382225 0.59089665290260363 295464.16560648731
420.07624060875639 0.59085050372742665 296191.92127563868
421.15496407084964 0.590804239683134 296919.49823426252
422.23378217066198 0.59075786078799719 297646.89608734247
423.3126951386854 0.59071136706033334 298374.11444028188
424.39170320534458 0.59066475851850453 299101.15289890434
425.47080660099601 0.59061803518091871 299828.01106945483
426.55000555592829 0.59057119706602879 300554.68855859997
427.62930030036171 0.59052424419233296 301281.18497342907
428.7086910644482 0.59047717657837517 302007.49992145476
429.78817807827136 0.59042999424274412 302733.63301061379
430.86776157184579 0.59038269720407432 303459.58384926774
431.94744177511745 0.5903352854810453 304185.35204620368
433.02721891796335 0.59028775909238196 304910.93721063517
434.10709323019131 0.59024011805685439 305636.33895220264
435.18706494153986 0.5901923623932781 306361.55688097439
436.26713428167801 0.59014449212051368 307086.59060744703
437.34730148020526 0.59009650725746743 307811.43974254664
438.42756676665135 0.59004840782309032 308536.10389762907
439.50793037047617 0.59000019383637892 309260.58268448093
440.5883925210693 0.589951865316375 309984.87571532011
441.66895344775037 0.58990342228216552 310708.98260279663
442.74961337976856 0.58985486475288262 311432.90295999346
443.8303725463025 0.58980619274770396 312156.63640042697
444.91123117646009 0.58975740628585172 312880.18253804767
445.99218949927854 0.58970850538659403 313603.54098724126
447.07324774372393 0.58965949006924379 314326.71136282891
448.15440613869129 0.58961036035315939 315049.69328006823
449.23566491300431 0.5895611162577441 315772.48635465384
450.31702429541537 0.58951175780244636 316495.09020271816
451.398484514605 0.58946228500676023 317217.50444083201
452.48004579918222 0.58941269789022432 317939.72868600546
453.56170837768406 0.58936299647242274 318661.76255568833
454.64347247857557 0.58931318077298467 319383.60566777096
455.72533833024937 0.58926325081158459 320105.25764058507
456.80730616102602 0.58921320660794185 320826.71809290408
457.88937619915328 0.58916304818182075 321547.98664394423
458.97154867280648 0.58911277555303121 322269.06291336479
460.05382381008815 0.58906238874142813 322989.94652126922
461.13620183902765 0.58901188776691116 323710.63708820555
462.21868298758136 0.58896127264942533 324431.13423516694
463.30126748363239 0.58891054340896076 325151.43758359284
464.38395555499039 0.58885970006555255 325871.54675536917
465.46674742939149 0.58880874263928074 326591.46137282922
466.54964333449811 0.58875767115027056 327311.18105875433
467.63264349789875 0.58870648561869254 328030.70543637429
468.71574814710783 0.58865518606476175 328750.03412936843
469.7989575095657 0.58860377250873874 329469.16676186607
470.88227181263835 0.58855224497092884 330188.10295844701
471.96569128361733 0.5885006034716822 330906.84234414244
473.0492161497196 0.58844884803139452 331625.38454443554
474.13284663808719 0.58839697867050611 332343.72918526211
475.21658297578739 0.58834499540950236 333061.87589301105
476.30042538981223 0.58829289826891362 333779.82429452526
477.38437410707871 0.58824068726931533 334497.57401710219
478.46842935442834 0.58818836243132766 335215.12468849448
479.55259135862713 0.58813592377561608 335932.4759369106
480.63686034636532 0.58808337132289079 336649.62739101541
481.72123654425764 0.58803070509390676 337366.57867993106
482.80572017884242 0.58797792510946423 338083.32943323714
483.89031147658227 0.58792503139040853 338799.87928097195
484.97501066386332 0.58787202395762905 339516.22785363259
486.05981796699524 0.58781890283206106 340232.3747821757
487.14473361221121 0.58776566803468422 340948.31969801837
488.22975782566778 0.58771231958652337 341664.06223303854
489.31489083344451 0.58765885750864766 342379.60201957554
490.40013286154397 0.58760528182217187 343094.93869043083
491.48548413589168 0.58755159254825506 343810.07187886868
492.57094488233577 0.58749778970810163 344525.00121861667
493.6565153266468 0.58744387332296044 345239.72634386626
494.74219569451793 0.58738984341412537 345954.24688927364
495.82798621156445 0.587335700002935 346668.56248995999
496.91388710332387 0.58728144311077302 347382.67278151237
497.99989859525533 0.58722707275906771 348096.57739998418
499.08602091274031 0.58717258896929214 348810.2759818958
500.17225428108151 0.5871179917629642 349523.76816423528
501.25859892550329 0.58706328116164697 350237.05358445877
502.34505507115142 0.5870084571869475 350950.13188049116
503.4316229430928 0.58695351986051836 351663.00269072672
504.51830276631551 0.58689846920405653 352375.6656540297
505.6050947657285 0.58684330523930406 353088.12040973495
506.69199916616145 0.58678802798804719 353800.36659764824
507.77901619236479 0.58673263747211735 354512.40385804727
508.86614606900935 0.5866771337133907 355224.23183168186
509.9533890206863 0.58662151673378782 355935.85015977483
511.04074527190704 0.58656578655527447 356647.25848402234
512.12821504710314 0.58650994319986072 357358.45644659468
513.21579857062579 0.58645398668960114 358069.44369013648
514.30349606674599 0.58639791704659583 358780.21985776775
515.39130775965475 0.58634173429298875 359490.78459308424
516.47923387346225 0.58628543845096881 360201.13754015783
517.56727463219772 0.5862290295427699 360911.27834353736
518.65543025981003 0.58617250759066997 361621.20664824895
519.74370098016698 0.58611587261699205 362330.92209979682
520.83208701705507 0.5860591246441037 363040.42434416374
521.92058859417978 0.58600226369441699 363749.71302781143
523.00920593516503 0.58594528979038873 364458.78779768129
524.09793926355314 0.58588820295452049 365167.64830119489
525.18678880280504 0.58583100320935799 365876.29418625461
526.27575477629944 0.58577369057749207 366584.72510124394
527.36483740733343 0.58571626508155761 367292.94069502823
528.45403691912179 0.58565872674423458 368000.94061695528
529.54335353479701 0.58560107558824737 368708.72451685561
530.63278747740924 0.58554331163636464 369416.29204504332
531.72233896992611 0.58548543491139982 370123.64285231644
532.81200823523261 0.58542744543621095 370830.77658995736
533.9017954961306 0.58536934323370049 371537.69290973351
534.9917009753392 0.58531112832681553 372244.39146389801
536.08172489549452 0.58525280073854757 372950.87190518994
537.17186747914923 0.58519436049193252 373657.13388683496
538.26212894877256 0.58513580761005102 374363.1770625459
539.35250952675028 0.5850771421160279 375069.00108652306
540.4430094353844 0.58501836403303276 375774.60561345512
541.53362889689322 0.58495947338427945 376479.99029851909
542.62436813341094 0.5849004701930266 377185.15479738143
543.71522736698773 0.58484135448257679 377890.09876619815
544.80620681958931 0.58478212627627746 378594.82186161546
545.89730671309735 0.58472278559752022 379299.32374077017
546.98852726930875 0.58466333246974123 380003.60406129033
548.07986870993557 0.58460376691642102 380707.66248129576
549.17133125660541 0.5845440889610849 381411.49865939823
550.26291513086062 0.58448429862730156 382115.11225470243
551.3546205541586 0.58442439593868512 382818.50292680605
552.44644774787139 0.58436438091889364 383521.67033580045
553.53839693328575 0.58430425359162952 384224.61414227111
554.63046833160286 0.58424401398063963 384927.33400729822
555.72266216393825 0.58418366210971506 385629.82959245704
556.81497865132167 0.5841231980026913 386332.1005598185
557.90741801469665 0.58406262168344825 387034.14657194936
558.99998047492113 0.58400193317590998 387735.96729191311
560.09266625276632 0.583941132504045 388437.5623832703
561.18547556891747 0.5838802196918661 389138.93151007878
562.27840864397308 0.58381919476343014 389840.07433689456
563.37146569844504 0.58375805774283862 390540.990528772
564.46464695275847 0.5836968086542369 391241.67975126422
565.55795262725155 0.58363544752181507 391942.14167042385
566.65138294217559 0.58357397436980729 392642.3759528033
567.74493811769423 0.58351238922249149 393342.38226545521
568.83861837388429 0.58345069210419065 394042.16027593304
569.93242393073479 0.58338888303927128 394741.70965229126
571.02635500814722 0.58332696205214452 395441.03006308619
572.12041182593532 0.58326492916726547 396140.12117737607
573.21459460382493 0.58320278440913376 396838.98266472167
574.3089035614538 0.58314052780229275 397537.61419518688
575.40333891837167 0.58307815937133034 398236.01543933881
576.49790089403984 0.58301567914087826 398934.18606824859
577.59258970783105 0.58295308713561278 399632.12575349148
578.68740557902959 0.5828903833802539 400329.83416714758
579.78234872683117 0.58282756789956636 401027.31098180212
580.87741937034241 0.58276464071835832 401724.55587054591
581.9726177285811 0.58270160186148245 402421.56850697583
583.06794402047569 0.58263845135383541 403118.34856519511
584.16339846486562 0.582575189220358 403814.89571981394
585.25898128050062 0.58251181548603526 404511.20964594977
586.35469268604129 0.58244833017589592 405207.29001922777
587.45053290005819 0.58238473331501317 405903.13651578123
588.54650214103208 0.58232102492850402 406598.74881225184
589.642600627354 0.58225720504152956 407294.12658579054
590.73882857732474 0.58219327367929496 407989.26951405732
591.83518620915493 0.5821292308670496 408684.1772752222
592.9316737409647 0.58206507663008644 409378.84954796522
594.02829139078403 0.58200081099374279 410073.28601147712
595.12503937655174 0.58193643398339978 410767.48634545936
596.22191791611647 0.58187194562448286 411461.45023012522
597.31892722723558 0.58180734594246086 412155.17734619934
598.41606752757536 0.58174263496284706 412848.66737491876
599.51333903471118 0.58167781271119867 413541.91999803297
600.61074196612708 0.58161287921311655 414234.93489780452
601.70827653921538 0.58154783449424574 414927.71175700921
602.80594297127709 0.58148267858027503 415620.2502589366
603.9037414795215 0.58141741149693749 416312.55008739053
605.00167228106602 0.58135203327000962 417004.610926689
606.09973559293599 0.58128654392531232 417696.43246166507
607.19793163206475 0.58122094348870956 418388.01437766704
608.29626061529336 0.58115523198611019 419079.35636055883
609.39472275937044 0.58108940944346621 419770.45809672016
610.49331828095217 0.58102347588677405 420461.3192730475
611.59204739660231 0.58095743134207323 421151.93957695377
612.69091032279141 0.58089127583544764 421842.31869636895
613.78990727589735 0.58082500939302484 422532.45631974068
614.8890384722049 0.58075863204097655 423222.35213603417
615.98830412790596 0.5806921438055177 423912.00583473302
617.08770445909863 0.58062554471290728 424601.41710583924
618.1872396817879 0.58055883478944825 425290.58563987364
619.28691001188508 0.58049201406148709 425979.51112787653
620.38671566520782 0.58042508255541392 426668.19326140749
621.48665685747983 0.58035804029766325 427356.63173254632
622.58673380433106 0.58029088731471234 428044.82623389293
623.6869467212972 0.58022362363308322 428732.77645856777
624.78729582381959 0.58015624927934095 429420.48210021236
625.88778132724565 0.58008876428009459 430107.94285298954
626.98840344682787 0.5800211686619966 430795.15841158375
628.08916239772441 0.57995346245174351 431482.12847120123
629.19005839499835 0.57988564567607526 432168.85272757075
630.2910916536182 0.57981771836177554 432855.3308769436
631.39226238845731 0.579749680535672 433541.56261609396
632.493570814294 0.57968153222463514 434227.5476423194
633.59501714581108 0.57961327345558 434913.28565344104
634.69660159759633 0.57954490425546479 435598.77634780377
635.79832438414155 0.57947642465129123 436284.01942427701
636.90018571984319 0.57940783467010482 436969.0145822544
638.00218581900185 0.57933913433899487 437653.76152165455
639.10432489582217 0.57927032368509368 438338.2599429214
640.20660316441274 0.57920140273557774 439022.50954702415
641.30902083878584 0.57913237151766683 439706.5100354579
642.4115781328577 0.57906323005862403 440390.26111024385
643.51427526044802 0.5789939783857565 441073.7624739295
644.61711243527975 0.57892461652641458 441757.01382958906
645.72008987097934 0.57885514450799203 442440.01488082379
646.82320778107623 0.57878556235792633 443122.76533176203
647.92646637900339 0.57871587010369874 443805.26488705998
649.02986587809596 0.57864606777283323 444487.5132519016
650.1334064915925 0.57857615539289764 445169.51013199886
651.23708843263387 0.57850613299150377 445851.25523359235
652.34091191426376 0.57843600059630618 446532.74826345133
653.44487714942773 0.57836575823500302 447213.98892887391
654.54898435097437 0.57829540593533602 447894.97693768772
655.65323373165381 0.57822494372509026 448575.71199824981
656.75762550411855 0.57815437163209416 449256.19381944707
657.86215988092283 0.57808368968421986 449936.42211069644
658.96683707452257 0.57801289790938237 450616.39658194548
660.07165729727581 0.57794199633554055 451296.11694367207
661.17662076144143 0.57787098499069622 451975.58290688513
662.28172767918011 0.57779986390289484 452654.7941831249
663.38697826255384 0.57772863310022515 453333.75048446277
664.49237272352559 0.57765729261081944 454012.45152350212
665.5979112739592 0.57758584246285249 454690.89701337798
666.70359412561982 0.5775142826845433 455369.08666775789
667.80942149017312 0.57744261330415403 456047.02020084159
668.91539357918521 0.57737083434998959 456724.69732736173
670.02151060412314 0.57729894585039876 457402.11776258377
671.12777277635394 0.57722694783377315 458079.28122230642
672.23418030714515 0.57715484032854802 458756.18742286181
673.3407334076644 0.5770826233632016 459432.83608111576
674.44743228897937 0.57701029696625517 460109.2269144681
675.55427716205747 0.57693786116627377 460785.35964085284
676.66126823776608 0.57686531599186519 461461.23397873825
677.76840572687195 0.57679266147168062 462136.84964712721
678.87568984004167 0.57671989763441445 462812.20636555756
679.98312078784102 0.57664702450880401 463487.30385410227
681.09069878073501 0.57657404212363017 464162.1418333695
682.19842402908796 0.57650095050771666 464836.72002450301
683.3062967431631 0.57642774968993038 465511.03814918245
684.41431713312249 0.57635443969918154 466185.09592962317
685.52248540902724 0.57628102056442321 466858.89308857697
686.63080178083692 0.57620749231465185 467532.42934933188
687.73926645840947 0.5761338549789069 468205.70443571266
688.84787965150144 0.57606010858627044 468878.71807208093
689.95664156976784 0.57598625316586849 469551.46998333524
691.06555242276136 0.57591228874686951 470223.95989491144
692.17461241993306 0.57583821535848512 470896.18753278285
693.2838217706319 0.57576403302996992 471568.15262346045
694.39318068410455 0.57568974179062193 472239.85489399312
695.50268936949533 0.57561534166978168 472911.29407196766
696.61234803584637 0.57554083269683298 473582.46988550929
697.72215689209679 0.57546621490120242 474253.38206328143
698.83211614708341 0.57539148831235998 474924.03033448634
699.94222600954004 0.57531665295981804 475594.41442886507
701.05248668809759 0.57524170887313242 476264.5340766976
702.16289839128399 0.57516665608190187 476934.38900880318
703.27346132752393 0.57509149461576736 477603.97895654041
704.38417570513877 0.57501622450441381 478273.30365180742
705.49504173234641 0.57494084577756843 478942.36282704206
706.60605961726151 0.57486535846500131 479611.15621522214
707.71722956789461 0.5747897625965257 480279.6835498655
708.82855179215289 0.57471405820199761 480947.94456503034
709.94002649783943 0.5746382453113158 481615.93899531511
711.05165389265335 0.57456232395442197 482283.66657585895
712.16343418418955 0.57448629416130093 482951.12704234169
713.2753675799388 0.57441015596197975 483618.3201309843
714.38745428728748 0.57433390938652862 484285.24557854852
715.4996945135174 0.57425755446506066 484951.90312233754
716.61208846580587 0.57418109122773153 485618.29250019579
717.7246363512254 0.57410451970473997 486284.41345050943
718.83733837674356 0.574027839926327 486950.26571220608
719.95019474922321 0.57395105192277707 487615.84902475541
721.06320567542173 0.57387415572441669 488281.16312816902
722.17637136199176 0.57379715136161547 488946.20776300062
723.28969201548023 0.57372003886478573 489610.98267034633
724.40316784232891 0.57364281826438246 490275.4875918444
725.51679904887385 0.57356548959090325 490939.72226967599
726.63058584134546 0.57348805287488858 491603.68644656485
727.74452842586857 0.5734105081469214 492267.37986577745
728.85862700846167 0.57333285543762724 492930.80227112339
729.97288179503755 0.57325509477767467 493593.95340695535
731.08729299140293 0.57317722619777445 494256.8330181691
732.20186080325789 0.57309924972868032 494919.44085020386
733.31658543619653 0.57302116540118853 495581.77664904244
734.43146709570624 0.57294297324613774 496243.84016121092
735.54650598716785 0.57286467329440927 496905.63113377959
736.66170231585556 0.57278626557692702 497567.14931436221
737.77705628693661 0.5727077501246578 498228.3944511165
738.89256810547147 0.57262912696861024 498889.36629274458
740.00823797641317 0.57255039613983638 499550.06458849239
741.12406610460789 0.57247155766943014 500210.48908815038
742.24005269479449 0.57239261158852806 500870.63954205334
743.35619795160437 0.57231355792830951 501530.51570108044
744.4725020795612 0.57223439671999587 502190.11731665576
745.58896528308139 0.57215512799485135 502849.44414074777
746.70558776647329 0.57207575178418246 503508.49592587003
747.82236973393742 0.57199626811933835 504167.27242508071
748.93931138956646 0.57191667703171034 504825.77339198312
750.05641293734482 0.5718369785527323 505483.99858072581
751.17367458114893 0.57175717271388049 506141.94774600229
752.29109652474642 0.5716772595466737 506799.62064305146
753.40867897179714 0.5715972390826729 507457.01702765765
754.52642212585181 0.5715171113534816 508114.13665615034
755.64432619035279 0.5714368763907457 508770.97928540508
756.76239136863353 0.57135653422615318 509427.54467284237
757.88061786391881 0.57127608489143478 510083.83257642889
758.99900587932405 0.57119552841836296 510739.84275467694
760.11755561785583 0.57111486483875329 511395.57496664446
761.23626728241129 0.57103409418446305 512051.02897193562
762.35514107577842 0.57095321648739183 512706.2045307004
763.47417720063561 0.57087223177948188 513361.10140363488
764.59337585955188 0.57079114009271725 514015.71935198118
765.71273725498634 0.57070994145912446 514670.05813752767
766.83226158928846 0.57062863591077262 515324.11752260884
767.95194906469771 0.57054722347977227 515977.89727010578
769.0717998833436 0.57046570419827691 516631.3971434455
770.19181424724547 0.57038407809848191 517284.61690660176
771.31199235831241 0.57030234521262468 517937.55632409465
772.4323344183432 0.57022050557298498 518590.21516099083
773.55284062902626 0.57013855921188505 519242.59318290348
774.6735111919395 0.57005650616168868 519894.69015599252
775.79434630854973 0.56997434645480205 520546.50584696431
776.91534618021342 0.56989208012367365 521198.0400230721
778.03651100817581 0.56980970720079382 521849.2924521158
779.15784099357131 0.56972722771869511 522500.26290244213
780.27933633742339 0.56964464170995222 523150.95114294474
781.40099724064396 0.56956194920718162 523801.35694306385
782.52282390403366 0.56947915024304241 524451.4800727868
783.64481652828192 0.5693962448502351 525101.320302648
784.76697531396633 0.56931323306150272 525750.87740372843
785.88930046155292 0.56923011490962994 526400.15114765638
787.01179217139611 0.56914689042744371 527049.14130660694
788.13445064373809 0.56906355964781286 527697.84765330225
789.25727607870931 0.56898012260364828 528346.26996101171
790.38026867632811 0.56889657932790272 528994.40800355154
791.50342863650064 0.56881292985357101 529642.26155528508
792.6267561590206 0.56872917421368974 530289.83039112296
793.75025144356948 0.56864531244133765 530937.11428652273
794.87391468971589 0.56856134456963503 531584.11301748909
795.99774609691622 0.5684772706317448 532230.82636057411
797.12174586451385 0.56839309066087096 532877.25409287668
798.2459141917393 0.56830880469025979 533523.39599204308
799.37025127771028 0.56822441275319935 534169.2518362666
800.49475732143151 0.56813991488301963 534814.82140428782
801.61943252179424 0.56805531111309238 535460.10447539436
802.74427707757661 0.56797060147683121 536105.10082942096
803.86929118744331 0.56788578600769124 536749.81024674966
804.99447504994578 0.56780086473917035 537394.23250830965
806.11982886352166 0.56771583770480682 538038.36739557714
807.24535282649458 0.5676307049381818 538682.21469057526
808.37104713707504 0.56754546647291759 539325.77417587477
809.49691199335928 0.56746012234267862 539969.04563459312
810.6229475933294 0.5673746725811708 540612.028850395
811.74915413485348 0.56728911722214193 541254.72360749228
812.87553181568558 0.5672034562993814 541897.12969064363
814.0020808334649 0.56711768984671995 542539.24688515463
815.12880138571666 0.56703181789803103 543181.07497687836
816.25569366985167 0.56694584048722851 543822.61375221447
817.3827578831656 0.5668597576482689 544463.86299810966
818.50999422283974 0.56677356941514978 545104.82250205777
819.63740288594045 0.56668727582191036 545745.4920520992
820.7649840694188 0.56660087690263194 546385.87143682118
821.8927379701114 0.56651437269143678 547025.96044535807
823.0206647847391 0.56642776322248911 547665.7588673908
824.14876470990794 0.56634104852999489 548305.26649314712
825.27703794210834 0.56625422864820107 548944.48311340134
826.40548467771532 0.56616730361139678 549583.40851947467
827.5341051129883 0.5660802734539121 550222.0425032347
828.66289944407117 0.5659931382101191 550860.38485709578
829.79186786699165 0.56590589791443102 551498.4353740185
830.92101057766195 0.56581855260130287 552136.19384751015
832.05032777187819 0.56573110230523094 552773.66007162444
833.17981964532032 0.56564354706075304 553410.83384096134
834.30948639355233 0.5655558869024484 554047.71495066723
835.43932821202156 0.56546812186493767 554684.30319643463
836.56934529605917 0.565380251982883 555320.59837450203
837.69953784087988 0.56529227729098808 555956.60028165462
838.82990604158158 0.56520419782399745 556592.3087152231
839.96045009314582 0.56511601361669772 557227.72347308451
841.09117019043697 0.56502772470391638 557862.84435366164
842.22206652820284 0.56493933112052264 558497.67115592328
843.35313930107372 0.56485083290142657 559132.20367938373
844.48438870356347 0.56476223008158 559766.44172410329
845.61581493006838 0.56467352269597604 560400.38509068789
846.74741817486756 0.56458471077964856 561034.03358028876
847.87919863212244 0.56449579436767361 561667.38699460297
849.01115649587734 0.56440677349516777 562300.44513587258
850.14329196005883 0.56431764819728925 562933.20780688524
851.27560521847579 0.56422841850923722 563565.67481097404
852.40809646481898 0.56413908446625227 564197.84595201665
853.54076589266174 0.5640496461036163 564829.72103443614
854.67361369545927 0.56396010345665226 565461.29986320087
855.80664006654854 0.56387045656072421 566092.58224382333
856.93984519914841 0.56378070545123771 566723.56798236165
858.07322928635961 0.56369085016363896 567354.25688541785
859.20679252116429 0.5636008907334159 567984.64876013913
860.34053509642592 0.56351082719609691 568614.74341421679
861.47445720488986 0.5634206595872524 569244.54065588699
862.60855903918241 0.56333038794249279 569874.04029392963
863.74284079181132 0.56324001229747045 570503.24213766924
864.87730265516541 0.5631495326878786 571132.14599697432
866.01194482151436 0.56305894914945132 571760.75168225716
867.14676748300883 0.56296826171796399 572389.05900447408
868.28177083168043 0.56287747042923264 573017.06777512515
869.41695505944153 0.5627865753191148 573644.7778062541
870.5523203580849 0.56269557642350887 574272.18891044823
871.68786691928426 0.56260447377835388 574899.30090083811
872.8235949345933 0.56251326741963015 575526.11359109764
873.95950459544645 0.56242195738335898 576152.62679544394
875.09559609315806 0.56233054370560265 576778.84032863716
876.23186961892293 0.56223902642246404 577404.75400598056
877.36832536381576 0.56214740557008747 578030.36764331977
878.50496351879121 0.56205568118465765 578655.68105704361
879.64178427468391 0.56196385330240051 579280.69406408304
880.77878782220807 0.56187192195958258 579905.40648191154
881.91597435195797 0.5617798871925116 580529.81812854507
883.05334405440692 0.56168774903753593 581153.92882254149
884.19089711990841 0.56159550753104492 581777.73838300083
885.32863373869452 0.56150316270946843 582401.24662956491
886.46655410087737 0.56141071460927738 583024.45338241721
887.60465839644792 0.56131816326698336 583647.35846228315
888.74294681527624 0.56122550871913901 584269.96169042925
889.88141954711148 0.56113275100233739 584892.26288866345
891.02007678158179 0.56103989015321232 585514.26187933481
892.15891870819405 0.56094692620843856 586135.95848533337
893.29794551633393 0.56085385920473152 586757.35253009037
894.43715739526579 0.56076068917884725 587378.44383757724
895.57655453413236 0.56066741616758253 587999.23223230627
896.71613712195506 0.56057404020777468 588619.71753933013
897.85590534763355 0.56048056133630209 589239.89958424168
898.99585939994586 0.56038697959008321 589859.77819317405
900.13599946754823 0.5602932950060775 590479.35319279996
901.27632573897461 0.56019950762128501 591098.62441033206
902.41683840263761 0.56010561747274612 591717.59167352284
903.55753764682731 0.5600116245975425 592336.25481066387
904.69842365971158 0.55991752903279535 592954.61365058611
905.83949662933617 0.55982333081566726 593572.66802265972
906.98075674362451 0.55972902998336105 594190.41775679355
908.12220419037737 0.5596346265731198 594807.86268343567
909.26383915727308 0.5595401206222278 595425.00263357209
910.40566183186763 0.55944551216800931 596041.83743872785
911.54767240159379 0.5593508012478291 596658.3669309658
912.68987105376164 0.5592559878990927 597274.59094288701
913.8322579755586 0.55916107215924571 597890.50930763048
914.974833354049 0.55906605406577436 598506.12185887294
916.11759737617376 0.5589709336562052 599121.42843082827
917.26055022875119 0.55887571096810562 599736.42885824817
918.40369209847574 0.55878038603908275 600351.12297642103
919.54702317191902 0.55868495890678449 600965.51062117261
920.69054363552868 0.55858942960889924 601579.59162886511
921.83425367562938 0.55849379818315537 602193.3658363974
922.97815347842175 0.55839806466732167 602806.83308120479
924.12224322998281 0.55830222909920757 603419.99320125859
925.26652311626606 0.55820629151666246 604032.84603506641
926.41099332310068 0.55811025195757591 604645.39142167137
927.5556540361921 0.55801411045987848 605257.62920065224
928.70050544112155 0.55791786706154001 605869.55921212316
929.84554772334639 0.55782152180057132 606481.18129673367
930.99078106819934 0.55772507471502319 607092.49529566779
932.13620566088912 0.55762852584298661 607703.50105064479
933.28182168649982 0.55753187522259284 608314.19840391842
934.4276293299913 0.55743512289201325 608924.58719827642
935.57362877619869 0.55733826888945937 609534.66727704136
936.71982020983228 0.55724131325318293 610144.43848406896
937.86620381547755 0.55714425602147588 610753.9006637492
939.01277977759571 0.5570470972326701 611363.05366100546
940.15954828052236 0.55694983692513789 611971.89732129406
941.30650950846848 0.55685247513729108 612580.431490605
942.45366364551955 0.55675501190758225 613188.65601546038
943.60101087563635 0.55665744727450372 613796.5707429155
944.74855138265411 0.55655978127658767 614404.17552055791
945.89628535028271 0.55646201395240691 615011.47019650729
947.0442129621066 0.55636414534057321 615618.45461941534
948.19233440158473 0.55626617547973967 616225.12863846519
949.34064985205032 0.55616810440859843 616831.49210337177
950.48915949671095 0.55606993216588185 617437.5448643812
951.63786351864837 0.55597165879036248 618043.28677227057
952.78676210081858 0.55587328432085226 618648.71767834772
953.93585542605149 0.55577480879620367 619253.83743445133
955.08514367705106 0.55567623225530893 619858.64589294989
956.23462703639518 0.5555775547370998 620463.1429067424
957.38430568653519 0.55547877628054854 621067.32832925755
958.53417980979646 0.55537989692466661 621671.20201445359
959.68424958837795 0.55528091670850566 622274.76381681813
960.83451520435187 0.55518183567115709 622878.01359136798
961.98497683966445 0.55508265385175259 623480.95119364851
963.13563467613471 0.55498337128946285 624083.57647973415
964.28648889545525 0.55488398802349881 624685.88930622744
965.43753967919167 0.5547845040931112 625287.88953025895
966.58878720878306 0.55468491953759025 625889.57700948732
967.74023166554139 0.55458523439626628 626490.95160209865
968.8918732306513 0.55448544870850902 627092.01316680643
970.0437120851708 0.55438556251372828 627692.76156285114
971.19574841003032 0.55428557585137295 628293.19665000029
972.34798238603298 0.55418548876093221 628893.31828854792
973.50041419385502 0.55408530128193456 629493.12633931427
974.65304401404444 0.55398501345394835 630092.62066364568
975.80587202702236 0.55388462531658156 630691.80112341419
976.95889841308224 0.55378413690948136 631290.66758101748
978.1121233523894 0.55368354827233535 631889.2198993786
979.26554702498197 0.55358285944486973 632487.45794194541
980.4191696107697 0.55348207046685105 633085.38157269033
981.5729912895348 0.55338118137808501 633682.99065611057
982.72701224093112 0.55328019221841696 634280.28505722724
983.88123264448473 0.55317910302773166 634877.26464158541
985.03565267959323 0.55307791384595384 635473.9292752539
986.19027252552632 0.5529766247130472 636070.27882482461
987.34509236142503 0.55287523566901486 636666.31315741281
988.50011236630223 0.5527737467538999 637262.03214065626
989.65533271904212 0.55267215800778458 637857.43564271554
990.81075359840054 0.55257046947079036 638452.52353227313
991.9663751830044 0.55246868118307846 639047.29567853361
993.12219765135194 0.55236679318484938 639641.75195122324
994.27822118181291 0.55226480551634294 640235.89222058945
995.4344459526277 0.55216271821783824 640829.71635740099
996.59087214190811 0.55206053132965405 641423.2242329471
997.74749992763668 0.5519582448921484 642016.41571903776
998.90432948766693 0.55185585894571809 642609.29068800306
1000.0613609997233 0.55175337353080001 643201.84901269304
1001.2185946414005 0.55165078868786988 643794.09056647716
1002.3760305901646 0.55154810445744251 644386.01522324455
1003.5336690233515 0.5514453208800727 644977.62285740289
1004.6915101181683 0.55134243799635363 645568.91334387893
1005.8495540516917 0.55123945584691825 646159.88655811769
1007.0078010008697 0.55113637447243857 646750.54237608251
1008.1662511425197 0.5510331939136256 647340.88067425403
1009.3249046533298 0.55092991421122994 647930.90132963087
1010.4837617098582 0.55082653540604087 648520.60421972873
1011.6428224885327 0.55072305753888717 649109.9892225801
1012.8020871656515 0.55061948065063659 649699.05621673388
1013.9615559173826 0.55051580478219597 650287.80508125573
1015.1212289197636 0.55041202997451122 650876.23569572682
1016.2811063487021 0.55030815626856744 651464.34794024413
1017.4411883799753 0.55020418370538882 652052.14169542002
1018.6014751892296 0.55010011232603839 652639.61684238177
1019.7619669519815 0.5499959421716184 653226.77326277131
1020.9226638436168 0.54989167328326993 653813.61083874514
1022.08356603939 0.54978730570217316 654400.1294529736
1023.244673714426 0.54968283946954744 654986.3289886408
1024.4059870437179 0.54957827462665065 655572.20932944445
1025.5675062021287 0.54947361121478 656157.77035959519
1026.72923136439 0.54936884927527152 656743.01196381624
1027.8911627051023 0.5492639888494999 657327.93402734364
1029.0533003987352 0.54915902997887911 657912.5364359254
1030.2156446196275 0.54905397270486178 658496.8190758212
1031.3781955419861 0.54894881706893939 659080.78183380212
1032.540953339887 0.54884356311264237 659664.42459715053
1033.7039181872749 0.54873821087754027 660247.74725365965
1034.8670902579627 0.54863276040524045 660830.74969163281
1036.0304697256322 0.54852721173739027 661413.43179988384
1037.194056763833 0.54842156491567517 661995.79346773622
1038.357851545984 0.54831581998181955 662577.83458502276
1039.5218542453713 0.54820997697758655 663159.55504208559
1040.6860650351498 0.54810403594477797 663740.9547297752
1041.8504840883425 0.54799799692523454 664322.03353945108
1043.0151115778403 0.54789185996083523 664902.79136298026
1044.1799476764018 0.54778562509349837 665483.22809273773
1045.3449925566542 0.54767929236518043 666063.34362160601
1046.5102463910919 0.54757286181787668 666643.13784297451
1047.6757093520773 0.54746633349362095 667222.61065073917
1048.8413816118407 0.5473597074344857 667801.76193930267
1050.0072633424795 0.54725298368258235 668380.5916035733
1051.1733547159592 0.54714616228006041 668959.09953896538
1052.3396559041125 0.54703924326910813 669537.28564139805
1053.5061670786395 0.54693222669195229 670115.14980729588
1054.6728884111076 0.54682511259085853 670692.69193358754
1055.8398200729516 0.54671790100813045 671269.91191770637
1057.0069622354738 0.54661059198611051 671846.80965758942
1058.174315069843 0.54650318556717947 672423.38505167712
1059.3418787470953 0.54639568179375675 672999.63799891307
1060.5096534381339 0.54628808070830004 673575.56839874375
1061.6776393137291 0.54618038235330579 674151.17615111836
1062.8458365445174 0.54607258677130821 674726.46115648746
1064.0142453010026 0.54596469400488068 675301.42331580399
1065.1828657535557 0.54585670409663423 675876.06253052189
1066.3516980724132 0.54574861708921907 676450.37870259606
1067.5207424276789 0.54564043302532306 677024.37173448212
1068.6899989893232 0.54553215194767246 677598.04152913589
1069.8594679271825 0.54542377389903252 678171.387990013
1071.0291494109597 0.54531529892220576 678744.41102106846
1072.1990436102244 0.54520672706003392 679317.11052675673
1073.3691506944122 0.54509805835539638 679889.48641203064
1074.5394708328245 0.544989292851211 680461.53858234186
1075.7100041946294 0.54488043059043401 681033.26694363949
1076.8807509488609 0.54477147161605965 681604.67140237056
1078.0517112644186 0.54466241597112031 682175.75186547928
1079.2228853100687 0.54455326369868673 682746.50824040687
1080.3942732544424 0.54444401484186777 683316.94043509068
1081.5658752660374 0.54433466944381015 683887.04835796449
1082.7376915132168 0.54422522754769942 684456.83191795764
1083.9097221642089 0.54411568919675846 685026.29102449468
1085.0819673871088 0.54400605443424888 685595.42558749544
1086.2544273498759 0.54389632330346971 686164.23551737401
1087.4271022203357 0.54378649584775851 686732.72072503855
1088.5999921661787 0.54367657211049081 687300.88112189155
1089.7730973549612 0.54356655213508032 687868.71661982825
1090.9464179541044 0.54345643596497806 688436.22713123728
1092.1199541308945 0.54334622364367413 689003.41256899969
1093.2937060524837 0.54323591521469561 689570.27284648898
1094.4676738858882 0.54312551072160797 690136.80787757016
1095.64185779799 0.5430150102080149 690703.01757660008
1096.8162579555355 0.54290441371755749 691268.90185842616
1097.9908745251362 0.5427937212939149 691834.46063838678
1099.1657076732683 0.54268293298080439 692399.69383231027
1100.3407575662729 0.54257204882198073 692964.6013565152
1101.5160243703558 0.54246106886123702 693529.18312780908
1102.6915082515875 0.54234999314240351 694093.43906348909
1103.8672093759023 0.54223882170934912 694657.36908134026
1105.0431279091003 0.54212755460597983 695220.97309963661
1106.2192640168448 0.54201619187623995 695784.25103713956
1107.3956178646642 0.54190473356411106 696347.20281309797
1108.5721896179507 0.54179317971361296 696909.82834724768
1109.7489794419614 0.54168153036880284 697472.12755981146
1110.925987501817 0.54156978557377589 698034.10037149792
1112.1032139625027 0.54145794537266445 698595.74670350179
1113.2806589888673 0.54134600980963943 699157.06647750281
1114.4583227456244 0.54123397892890845 699718.05961566605
1115.6362053973505 0.54112185277471747 700278.72604064073
1116.8143071084867 0.54100963139134983 700839.06567556073
1117.9926280433376 0.54089731482312653 701399.07844404294
1119.1711683660717 0.54078490311440575 701958.76427018829
1120.3499282407213 0.54067239630958419 702518.12307858025
1121.5289078311819 0.5405597944530951 703077.15479428484
1122.7081073012132 0.54044709758940979 703635.85934284993
1123.8875268144377 0.54033430576303698 704194.23665030545
1125.067166534342 0.54022141901852305 704752.28664316214
1126.2470266242756 0.54010843740045156 705310.00924841186
1127.4271072474517 0.5399953609534438 705867.40439352673
1128.6074085669466 0.53988218972215851 706424.47200645856
1129.7879307456997 0.5397689237512916 706981.21201563918
1130.9686739465137 0.53965556308557661 707537.6243499791
1132.1496383320546 0.53954210776978451 708093.70893886767
1133.3308240648507 0.53942855784872368 708649.46571217268
1134.5122313072943 0.53931491336723958 709204.89460023935
1135.6938602216399 0.5392011743702152 709759.99553389056
1136.875710970005 0.53908734090257093 710314.76844442601
1138.0577837143701 0.53897341300926438 710869.21326362202
1139.2400786165781 0.53885939073529054 711423.32992373116
1140.4225958383349 0.53874527412568163 711977.1183574812
1141.6053355412091 0.5386310632255068 712530.57849807572
1142.7882978866312 0.53851675807987309 713083.71027919266
1143.9714830358953 0.5384023587339245 713636.5136349845
1145.1548911501568 0.53828786523284178 714188.98850007763
1146.3385223904345 0.53817327762184342 714741.1348095719
1147.5223769176089 0.5380585959461851 715292.9524990404
1148.7064548924229 0.53794382025115894 715844.4415045284
1149.890756475482 0.53782895058209501 716395.60176255368
1151.0752818272533 0.53771398698436035 716946.43321010575
1152.2600311080664 0.53759892950335864 717496.93578464538
1153.4450044781129 0.53748377818453108 718047.1094241041
1154.6302020974463 0.53736853307335575 718596.95406688377
1155.8156241259824 0.53725319421534778 719146.46965185634
1157.001270723498 0.5371377616560592 719695.65611836337
1158.1871420496329 0.53702223544107941 720244.51340621512
1159.3732382638877 0.53690661561603448 720793.04145569098
1160.5595595256257 0.53679090222658754 721341.24020753801
1161.7461059940706 0.53667509531843882 721889.10960297135
1162.9328778283093 0.53655919493732507 722436.64958367322
1164.1198751872887 0.53644320112902044 722983.86009179277
1165.3070982298182 0.53632711393933585 723530.74106994539
1166.4945471145684 0.53621093341411885 724077.29246121249
1167.6822220000711 0.53609465959925395 724623.51420914079
1168.8701230447198 0.53597829254066287 725169.40625774243
1170.0582504067688 0.53586183228430351 725714.96855149348
1171.2466042443343 0.53574527887617129 726260.20103533461
1172.435184715393 0.53562863236229774 726805.10365466995
1173.6239919777834 0.53551189278875166 727349.67635536683
1174.8130261892045 0.53539506020163841 727893.91908375523
1176.0022875072168 0.53527813464710006 728437.83178662765
1177.1917760892411 0.53516111617131545 728981.41441123793
1178.3814920925599 0.53504400482050019 729524.66690530186
1179.571435674316 0.53492680064090636 730067.58921699552
1180.7616069915134 0.53480950367882296 730610.1812949559
1181.9520062010167 0.53469211398057526 731152.44308827957
1183.142633459551 0.53457463159252561 731694.37454652286
1184.3334889237026 0.53445705656107279 732235.97561970109
1185.5245727499178 0.53433938893265198 732777.24625828792
1186.7158850945036 0.53422162875373513 733318.18641321547
1187.9074261136282 0.5341037760708307 733858.79603587324
1189.0991959633191 0.53398583093048368 734399.07507810777
1190.2911947994648 0.5338677933792757 734939.02349222277
1191.4834227778147 0.53374966346382458 735478.64123097772
1192.6758800539774 0.53363144123078465 736017.9282475881
1193.8685667834225 0.53351312672684736 736556.88449572457
1195.0614831214793 0.53339471999873966 737095.50992951263
1196.2546292233378 0.53327622109322548 737633.80450353213
1197.4480052440479 0.53315763005710515 738171.76817281684
1198.6416113385192 0.53303894693721499 738709.40089285385
1199.8354476615216 0.53292017178042828 739246.70261958323
1201.0295143676849 0.53280130463365405 739783.6733093973
1202.2238116114991 0.53268234554383809 740320.31291914068
1203.4183395473135 0.53256329455796236 740856.62140610919
1204.6130983293376 0.53244415172304527 741392.5987280499
1205.8080881116402 0.53232491708614094 741928.24484316015
1207.0033090481506 0.53220559069434048 742463.5597100876
1208.1987612926571 0.53208617259477076 742998.54328792938
1209.3944449988076 0.53196666283459504 743533.19553623162
1210.5903603201098 0.5318470614610129 744067.51641498914
1211.7865074099309 0.53172736852125957 744601.50588464504
1212.9828864214976 0.53160758406260744 745135.16390608996
1214.1794975078956 0.5314877081323639 745668.49044066144
1215.3763408220705 0.53136774077787319 746201.48545014428
1216.5734165168271 0.53124768204651551 746734.14889676892
1217.7707247448291 0.53112753198570717 747266.48074321169
1218.9682656585999 0.53100729064290042 747798.48095259455
1220.1660394105218 0.5308869580655835 748330.14948848344
1221.3640461528362 0.53076653430128107 748861.48631488928
1222.5622860376438 0.53064601939755329 749392.49139626615
1223.7607592169043 0.53052541340199677 749923.16469751205
1224.9594658424357 0.53040471636224373 750453.50618396711
1226.1584060659161 0.53028392832596261 750983.51582141407
1227.3575800388817 0.53016304934085778 751513.19357607758
1228.5569879127279 0.53004207945466941 752042.53941462352
1229.7566298387089 0.5299210187151735 752571.55330415862
1230.9565059679371 0.5297998671701819 753100.23521222966
1232.1566164513845 0.52967862486754291 753628.58510682359
1233.3569614398809 0.52955729185513978 754156.60295636673
1234.5575410841157 0.52943586818089228 754684.28872972401
1235.7583555346357 0.52931435389275561 755211.6423961987
1236.9594049418472 0.52919274903872093 755738.66392553214
1238.1606894560146 0.52907105366681517 756265.35328790289
1239.3622092272608 0.52894926782510088 756791.71045392647
1240.5639644055668 0.52882739156167646 757317.73539465468
1241.7659551407726 0.52870542492467576 757843.4280815752
1242.9681815825757 0.52858336796226901 758368.7884866111
1244.1706438805327 0.52846122072266133 758893.81658212026
1245.3733421840577 0.52833898325409379 759418.51234089502
1246.5762766424234 0.5282166556048431 759942.87573616148
1247.7794474047605 0.52809423782322185 760466.90674157918
1248.9828546200581 0.5279717299575778 760990.60533124057
1250.1864984371628 0.52784913205629458 761513.97147967026
1251.3903790047793 0.52772644416779102 762037.00516182499
1252.5944964714708 0.5276036663405218 762559.70635309268
1253.798850985658 0.52748079862297736 763082.07502929214
1255.0034426956192 0.527357841063683 763604.11116667243
1256.2082717494914 0.52723479371119997 764125.81474191265
1257.4133382952682 0.52711165661412485 764647.185732121
1258.618642480802 0.52698842982108973 765168.22411483468
1259.8241844538024 0.52686511338076181 765688.92986801907
1261.0299643618366 0.52674170734184433 766209.30297006748
1262.23598235233 0.52661821175307522 766729.34339980036
1263.4422385725645 0.5264946266632281 767249.05113646528
1264.648733169681 0.52637095212111218 767768.42615973565
1265.8554662906765 0.52624718817557159 768287.46844971098
1267.0624380824063 0.5261233348754859 768806.17798691604
1268.2696486915829 0.52599939226976999 769324.55475230003
1269.4770982647765 0.52587536040737415 769842.59872723673
1270.6847869484136 0.52575123933728363 770360.30989352334
1271.892714888779 0.52562702910851911 770877.68823338067
1273.1008822320146 0.52550272977013646 771394.73372945189
1274.3092891241192 0.52537834137122685 771911.44636480254
1275.5179357109489 0.52525386396091622 772427.82612291956
1276.7268221382169 0.52512929758836613 772943.87298771145
1277.9359485514938 0.52500464230277299 773459.58694350696
1279.1453150962068 0.52487989815336855 773974.96797505533
1280.3549219176405 0.5247550651894195 774490.01606752514
1281.5647691609363 0.52463014346022763 775004.73120650416
1282.7748569710925 0.52450513301512958 775519.1133779987
1283.9851854929643 0.52438003390349763 776033.16256843321
1285.1957548712639 0.52425484617473839 776546.8787646495
1286.4065652505599 0.52412956987829373 777060.26195390651
1287.6176167752785 0.52400420506364087 777573.31212387967
1288.8289095897019 0.52387875178029142 778086.02926266054
1290.0404438379694 0.52375321007779219 778598.41335875576
1291.2522196640766 0.52362758000572485 779110.46440108714
1292.464237211876 0.52350186161370615 779622.18237899092
1293.6764966250769 0.52337605495138739 780133.56728221744
1294.8889980472445 0.52325016006845504 780644.61910092982
1296.1017416218015 0.52312417701463021 781155.3378257046
1297.3147274920259 0.5229981058396691 781665.72344753041
1298.5279558010532 0.52287194659336234 782175.77595780755
1299.7414266918747 0.5227456993255355 782685.49534834793
1300.9551403073383 0.52261936408604914 783194.88161137386
1302.1690967901479 0.52249294092479825 783703.9347395181
1303.3832962828642 0.52236642989171267 784212.65472582297
1304.5977389279037 0.52223983103675697 784721.04156374012
1305.8124248675397 0.52211314440993029 785229.09524712979
1307.0273542439008 0.52198637006126658 785736.81577026017
1308.242527198973 0.52185950804083436 786244.20312780736
1309.4579438745968 0.52173255839873667 786751.25731485407
1310.6736044124705 0.52160552118511161 787257.97832689015
1311.8895089541472 0.52147839645013105 787764.36615981092
1313.1056576410365 0.52135118424400229 788270.4208099175
1314.3220506144039 0.52122388461696667 788776.14227391582
1315.5386880153708 0.5210964976193001 789281.5305489162
1316.7555699849145 0.52096902330131312 789786.58563243283
1317.9726966638686 0.52084146171335088 790291.30752238375
1319.1900681929217 0.52071381290579244 790795.69621708896
1320.4076847126191 0.52058607692905201 791299.7517152715
1321.6255463633609 0.52045825383357791 791803.4740160557
1322.8436532854037 0.52033034366985265 792306.86311896739
1324.0620056188598 0.52020234648839347 792809.91902393289
1325.2806035036965 0.52007426233975185 793312.64173127897
1326.4994470797374 0.51994609127451352 793815.03124173172
1327.7185364866614 0.51981783334329879 794317.08755641652
1328.9378718640032 0.51968948859676201 794818.81067685748
1330.1574533511525 0.51956105708559197 795320.20060497615
1331.3772810873552 0.51943253886051166 795821.25734309223
1332.5973552117121 0.51930393397227836 796321.98089392204
1333.8176758631794 0.51917524247168367 796822.37126057839
1335.0382431805695 0.51904646440955304 797322.42844656983
1336.2590573025493 0.51891759983674646 797822.15245580056
1337.4801183676414 0.51878864880415809 798321.54329256923
1338.7014265142234 0.51865961136271599 798820.60096156923
1339.9229818805288 0.5185304875633826 799319.32546788733
1341.1447846046458 0.51840127745715414 799817.71681700344
1342.366834824518 0.51827198109506123 800315.77501479036
1343.589132677944 0.51814259852816869 800813.50006751297
1344.811678302578 0.51801312980757475 801310.89198182768
1346.0344718359286 0.51788357498441229 801807.95076478203
1347.2575134153601 0.51775393410984794 802304.6764238138
1348.4808031780917 0.51762420723508229 802801.0689667511
1349.7043412611974 0.51749439441134992 803297.12840181135
1350.9281278016065 0.5173644956899196 803792.85473760066
1352.152162936103 0.5172345111220934 804288.24798311363
1353.376446801326 0.51710444075920825 804783.30814773263
1354.6009795337693 0.51697428465263384 805278.03524122748
1355.8257612697821 0.51684404285377472 805772.42927375447
1357.0507921455676 0.51671371541406874 806266.49025585607
1358.2760722971843 0.51658330238498762 806760.21819846053
1359.5016018605454 0.51645280381803704 807253.61311288108
1360.7273809714193 0.51632221976475634 807746.67501081561
1361.9534097654282 0.51619155027671859 808239.40390434582
1363.1796883780496 0.51606079540553085 808731.7998059371
1364.4062169446156 0.51592995520283358 809223.86272843764
1365.6329956003131 0.51579902972030123 809715.59268507804
1366.860024480183 0.51566801900964176 810206.98968947073
1368.0873037191213 0.51553692312259658 810698.0537556092
1369.3148334518785 0.51540574211094126 811188.78489786794
1370.5426138130595 0.51527447602648457 811679.18313100166
1371.7706449371235 0.51514312492106906 812169.24847014458
1372.9989269583846 0.51501168884657089 812658.98093080998
1374.2274600110113 0.51488016785489954 813148.38052888995
1375.456244229026 0.51474856199799823 813637.44728065422
1376.6852797463057 0.51461687132784373 814126.18120275019
1377.9145666965824 0.51448509589644631 814614.58231220231
1379.1441052134412 0.51435323575584935 815102.65062641108
1380.3738954303226 0.51422129095813029 815590.3861631531
1381.6039374805207 0.51408926155539947 816077.78894057998
1382.8342314971844 0.51395714759980105 816564.85897721839
1384.0647776133162 0.51382494914351218 817051.59629196883
1385.2955759617732 0.51369266623874366 817538.00090410572
1386.5266266752665 0.5135602989377398 818024.07283327612
1387.7579298863614 0.51342784729277768 818509.81209950009
1388.9894857274774 0.51329531135616846 818995.21872316964
1390.2212943308878 0.51316269118025559 819480.29272504791
1391.4533558287203 0.51302998681741685 819965.03412626893
1392.6856703529565 0.51289719832006264 820449.44294833753
1393.9182380354318 0.51276432574063668 820933.51921312767
1395.151059007836 0.512631369131616 821417.26294288307
1396.3841334017125 0.5124983285455107 821900.67416021589
1397.6174613484588 0.51236520403486419 822383.75288810662
1398.8510429793259 0.51223199565225286 822866.49914990284
1400.0848784254197 0.51209870345028641 823348.91296931962
1401.3189678176986 0.51196532748160739 823830.99437043839
1402.5533112869762 0.51183186779889189 824312.7433777065
1403.7879089639187 0.51169832445484842 824794.16001593659
1405.0227609790468 0.51156469750221922 825275.24431030592
1406.257867462735 0.51143098699377887 825755.99628635682
1407.493228545211 0.51129719298233534 826236.41596999438
1408.7288443565565 0.51116331552072969 826716.50338748749
1409.9647150267072 0.51102935466183563 827196.25856546732
1411.2008406854518 0.51089531045856007 827675.68153092731
1412.4372214624334 0.51076118296384254 828154.77231122227
1413.6738574871481 0.51062697223065578 828633.53093406791
1414.910748888946 0.51049267831200518 829111.95742754044
1416.1478957970303 0.51035830126092907 829590.05182007584
1417.3852983404583 0.51022384113049879 830067.81414046965
1418.6229566481404 0.51008929797381808 830545.24441787566
1419.8608708488409 0.50995467184402377 831022.34268180619
1421.0990410711772 0.50981996279428543 831499.10896213131
1422.3374674436204 0.50968517087780518 831975.54328907793
1423.5761500944948 0.50955029614781822 832451.64569322928
1424.8150891519783 0.50941533865759225 832927.41620552493
1426.0542847441022 0.50928029846042766 833402.85485725978
1427.293736998751 0.50914517560965733 833877.96168008354
1428.5334460436627 0.50900997015864702 834352.73670600005
1429.7734120064285 0.50887468216079534 834827.17996736721
1431.0136350144933 0.50873931166953279 835301.29149689584
1432.2541151951548 0.50860385873832326 835775.07132764952
1433.4948526755641 0.50846832342066273 836248.51949304389
1434.7358475827255 0.50833270577007961 836721.63602684636
1435.9771000434969 0.50819700584013516 837194.42096317466
1437.2186101845887 0.50806122368442308 837666.87433649763
1438.4603781325654 0.50792535935656935 838138.99618163379
1439.7024040138438 0.50778941291023261 838610.78653375048
1440.944687954694 0.50765338439910368 839082.24542836414
1442.1872300812397 0.50751727387690593 839553.37290133978
1443.4300305194572 0.50738108139739546 840024.16898888932
1444.6730893951762 0.50724480701435992 840494.63372757216
1445.9164068340795 0.50710845078162037 840964.76715429418
1447.1599829617026 0.50697201275302928 841434.56930630712
1448.4038179034339 0.50683549298247177 841904.04022120824
1449.6479117845156 0.50669889152386538 842373.17993693962
1450.8922647300421 0.50656220843115973 842841.98849178758
1452.1368768649613 0.50642544375833665 843310.46592438221
1453.3817483140733 0.50628859755941036 843778.61227369669
1454.6268792020321 0.50615166988842719 844246.42757904693
1455.8722696533439 0.50601466079946567 844713.91188009072
1457.1179197923677 0.50587757034663638 845181.06521682767
1458.3638297433163 0.50574039858408226 845647.88762959791
1459.6099996302544 0.50560314556597796 846114.37915908243
1460.8564295770996 0.50546581134653068 846580.53984630154
1462.1031197076229 0.50532839597997947 847046.36973261507
1463.3500701454477 0.50519089952059537 847511.86885972181
1464.5972810140504 0.50505332202268149 847977.03726965829
1465.8447524367598 0.50491566354057316 848441.87500479876
1467.0924845367574 0.50477792412863742 848906.38210785459
1468.3404774370781 0.50464010384127334 849370.5586218735
1469.5887312606092 0.50450220273291202 849834.40459023952
1470.8372461300903 0.50436422085801613 850297.92005667149
1472.0860221681139 0.50422615827108108 850761.1050652233
1473.3350594971255 0.50408801502663303 851223.95966028306
1474.5843582394225 0.503949791179231 851686.48388657277
1475.833918517156 0.50381148678346521 852148.67778914724
1477.083740452329 0.50367310189395786 852610.54141339404
1478.3338241667968 0.5035346365653629 853072.07480503269
1479.584169782268 0.50339609085236647 853533.27801011433
1480.8347774203032 0.50325746480968581 853994.15107502067
1482.0856472023158 0.50311875849207022 854454.69404646393
1483.3367792495721 0.50297997195430066 854914.90697148605
1484.5881736831902 0.50284110525118997 855374.78989745828
1485.8398306241411 0.50270215843758226 855834.34287208051
1487.0917501932483 0.50256313156835353 856293.56594338082
1488.3439325111876 0.5024240246984113 856752.4591597144
1489.5963776984875 0.50228483788269485 857211.02256976429
1490.8490858755285 0.50214557117617487 857669.25622253888
1492.1020571625443 0.50200622463385358 858127.16016737325
1493.3552916796198 0.50186679831076486 858584.73445392714
1494.6087895466937 0.50172729226197399 859041.97913218581
1495.862550883556 0.50158770654257789 859498.89425245801
1497.1165758098498 0.50144804120770481 859955.4798653766
1498.3708644450696 0.50130829631251439 860411.73602189706
1499.6254169085637 0.50116847191219782 860867.66277329775
1500.8802333195313 0.5010285680619776 861323.26017117884
1502.1353137970245 0.50088858481710785 861778.52826746204
1503.3906584599481 0.50074852223287358 862233.46711438952
1504.6462674270585 0.50060838036459154 862688.07676452422
1505.9021408169649 0.50046815926760968 863142.35727074824
1507.1582787481284 0.50032785899730714 863596.30868626374
1508.4146813388622 0.50018747960909449 864049.93106459046
1509.6713487073325 0.50004702115841337 864503.22445956664
1510.9282809715569 0.49990648370073676 864956.18892534799
1512.1854782494054 0.49976586729156902 865408.82451640721
1513.4429406586007 0.49962517198644524 865861.13128753309
1514.7006683167169 0.49948439784093202 866313.1092938307
1515.9586613411811 0.49934354491062699 866764.75859072001
1517.216919849272 0.49920261325115889 867216.07923393568
1518.4754439581204 0.49906160291818763 867667.07127952669
1519.7342337847094 0.498920513967404 868117.7347838555
1520.9932894458748 0.49877934645453004 868568.06980359741
1522.2526110583035 0.49863810043531887 869018.0763957405
1523.5121987385351 0.49849677596555442 869467.75461758464
1524.7720526029609 0.49835537310105149 869917.10452674085
1526.0321727678247 0.4982138918976563 870366.126181131
1527.2925593492225 0.49807233241124554 870814.81963898754
1528.5532124631015 0.49793069469772716 871263.18495885213
1529.8141322252623 0.49778897881303974 871711.22219957563
1531.0753187513558 0.4976471848131529 872158.93142031762
1532.3367721568864 0.49750531275406706 872606.31268054573
1533.59849255721 0.49736336269181364 873053.36604003457
1534.8604800675344 0.49722133468245433 873500.0915588662
1536.1227348029195 0.49707922878208222 873946.48929742852
1537.385256878277 0.4969370450468209 874392.55931641569
1538.6480464083709 0.49679478353282486 874838.30167682667
1539.911103507817 0.49665244429627881 875283.71643996506
1541.1744282910829 0.49651002739339872 875728.8036674388
1542.4380208724886 0.49636753288043101 876173.56342115928
1543.7018813662053 0.49622496081365275 876617.99576334073
1544.9660098862569 0.49608231124937174 877062.10075649992
1546.2304065465189 0.4959395842439262 877505.87846345548
1547.4950714607185 0.49579677985368492 877949.32894732757
1548.7600047424353 0.49565389813504768 878392.45227153646
1550.0252065051002 0.49551093914444438 878835.24849980313
1551.2906768619964 0.49536790293833527 879277.71769614809
1552.5564159262585 0.4952247895732117 879719.85992489103
1553.8224238108739 0.49508159910559507 880161.67525064992
1555.088700628681 0.49493833159203737 880603.16373834084
1556.3552464923703 0.4947949870891209 881044.32545317721
1557.6220615144841 0.49465156565345836 881485.16046066943
1558.8891458074168 0.49450806734169306 881925.66882662417
1560.1564994834141 0.49436449221049855 882365.85061714356
1561.4241226545739 0.49422084031657865 882805.70589862543
1562.6920154328463 0.49407711171666741 883245.23473776167
1563.9601779300324 0.49393330646752953 883684.43720153859
1565.2286102577852 0.49378942462595959 884123.3133572361
1566.4973125276101 0.4936454662487828 884561.86327242688
1567.7662848508642 0.49350143139285407 885000.08701497596
1569.0355273387554 0.49335732011505906 885437.98465304042
1570.3050401023447 0.49321313247231341 885875.55625506863
1571.5748232525439 0.49306886852156273 886312.80188979942
1572.8448769001168 0.49292452831978306 886749.72162626218
1574.1152011556794 0.49278011192398041 887186.31553377584
1575.385796129699 0.49263561939119083 887622.58368194813
1576.6566619324942 0.49249105077848054 888058.52614067553
1577.9277986742366 0.49234640614294589 888494.1429801425
1579.1992064649482 0.49220168554171301 888929.43427082116
1580.4708854145038 0.49205688903193801 889364.40008347004
1581.7428356326288 0.49191201667080753 889799.04048913391
1583.0150572289017 0.49176706851553731 890233.35555914405
1584.2875503127511 0.49162204462337378 890667.34536511614
1585.5603149934589 0.49147694505159317 891101.00997895095
1586.8333513801576 0.49133176985750093 891534.34947283333
1588.1066595818318 0.49118651909843319 891967.36391923134
1589.3802397073175 0.49104119283175535 892400.05339089641
1590.6540918653027 0.4908957911148632 892832.41796086216
1591.9282161643271 0.49075031400518176 893264.4577024444
1593.2026127127817 0.49060476156016608 893696.17268924008
1594.4772816189093 0.49045913383730111 894127.56299512694
1595.752222990805 0.49031343089410118 894558.6286942627
1597.0274369364142 0.49016765278811059 894989.36986108532
1598.3029235635354 0.49002179957690334 895419.78657031117
1599.578682979818 0.48987587131808291 895849.87889693619
1600.8547152927633 0.48972986806928259 896279.64691623347
1602.1310206097237 0.48958378988816503 896709.09070375387
1603.4075990379038 0.48943763683242292 897138.21033532498
1604.6844506843595 0.48929140895977818 897567.00588705111
1605.9615756559988 0.48914510632798219 897995.47743531235
1607.2389740595813 0.48899872899481622 898423.62505676411
1608.5166460017174 0.48885227701809064 898851.44882833608
1609.7945915888702 0.48870575045564579 899278.9488272327
1611.0728109273534 0.488559149365351 899706.1251309315
1612.351304123333 0.48841247380510516 900132.97781718324
1613.6300712828265 0.48826572383283673 900559.50696401147
1614.9091125117031 0.48811889950650356 900985.71264971164
1616.1884279156836 0.48797200088409254 901411.59495285049
1617.4680176003399 0.48782502802362016 901837.15395226574
1618.7478816710961 0.48767798098313242 902262.38972706522
1620.0280202332276 0.4875308598207041 902687.30235662695
1621.3084333918616 0.4873836645944396 903111.89192059787
1622.5891212519766 0.48723639536247276 903536.15849889372
1623.8700839184035 0.48708905218296611 903960.10217169847
1625.1513214958234 0.48694163511411181 904383.72301946313
1626.4328340887701 0.48679414421413097 904807.02112290636
1627.7146218016287 0.48664657954127422 905229.99656301329
1628.9966847386363 0.48649894115382081 905652.64942103496
1630.2790230038806 0.48635122911007933 906074.97977848747
1631.5616367013017 0.48620344346838784 906496.98771715211
1632.8445259346911 0.4860555842871126 906918.67331907433
1634.1276908076918 0.48590765162464988 907340.03666656348
1635.4111314237982 0.48575964553942436 907761.07784219226
1636.6948478863574 0.48561156608988976 908181.79692879552
1637.9788402985664 0.48546341333452897 908602.19400947064
1639.2631087634747 0.4853151873318538 909022.26916757668
1640.5476533839837 0.48516688814040498 909442.02248673339
1641.8324742628461 0.48501851581875194 909861.45405082137
1643.1175715026654 0.48487007042549346 910280.56394398084
1644.402945205898 0.48472155201925637 910699.35225061176
1645.6885954748511 0.48457296065869743 911117.81905537285
1646.9745224116834 0.48442429640250129 911535.96444318083
1648.2607261184062 0.48427555930938176 911953.7884992105
1649.5472066968809 0.48412674943808143 912371.29130889405
1650.8339642488218 0.48397786684737149 912788.47295792005
1652.1209988757935 0.48382891159605212 913205.33353223326
1653.4083106792139 0.48367988374295201 913621.87311803433
1654.6958997603508 0.48353078334692834 914038.09180177853
1655.9837662203247 0.48338161046686728 914453.98967017606
1657.2719101601074 0.4832323651616835 914869.56681019091
1658.5603316805218 0.48308304749032016 915284.82330904063
1659.8490308822438 0.48293365751174916 915699.75925419549
1661.1380078657992 0.48278419528497091 916114.3747333783
1662.4272627315663 0.48263466086901441 916528.66983456351
1663.716795579775 0.48248505432293692 916942.64464597695
1665.0066065105066 0.48233537570582441 917356.2992560952
1666.2966956236939 0.48218562507679141 917769.633753645
1667.5870630191221 0.48203580249498063 918182.64822760283
1668.8777087964268 0.48188590801956338 918595.34276719426
1670.1686330550967 0.48173594170973916 919007.71746189333
1671.4598358944706 0.48158590362473619 919419.77240142226
1672.7513174137396 0.48143579382381074 919831.50767575065
1674.0430777119468 0.4812856123662474 920242.92337509524
1675.3351168879863 0.48113535931135937 920654.01958991913
1676.6274350406047 0.48098503471848775 921064.79641093139
1677.9200322683992 0.48083463864700204 921475.25392908626
1679.2129086698189 0.48068417115630002 921885.39223558293
1680.5060643431652 0.4805336323058077 922295.21142186457
1681.7994993865905 0.48038302215497919 922704.71157961874
1683.0932138980995 0.48023234076329668 923113.89280077559
1684.3872079755474 0.48008158819027075 923522.75517750822
1685.6814817166423 0.47993076449543981 923931.2988022319
1686.9760352189435 0.47977986973837061 924339.52376760333
1688.2708685798616 0.47962890397865776 924747.43016652064
1689.5659818966592 0.47947786727592406 925155.01809212205
1690.8613752664508 0.47932675968982008 925562.28763778601
1692.1570487862023 0.4791755812800248 925969.23889713036
1693.4530025527315 0.47902433210624495 926375.87196401204
1694.7492366627077 0.47887301222821504 926782.18693252618
1696.045751212652 0.47872162170569765 927188.18389700609
1697.3425462989369 0.47857016059848356 927593.86295202188
1698.6396220177869 0.47841862896639076 927999.22419238079
1699.9369784652786 0.47826702686926581 928404.26771312649
1701.2346157373393 0.47811535436698249 928808.9936095383
1702.5325339297492 0.47796361151944278 929213.40197713033
1703.8307331381393 0.47781179838657639 929617.49291165196
1705.129213457993 0.47765991502834071 930021.26650908648
1706.4279749846453 0.47750796150472069 930424.72286565078
1707.7270178132821 0.47735593787572933 930827.86207779462
1709.0263420389424 0.47720384420140716 931230.68424220069
1710.3259477565157 0.47705168054182251 931633.18945578334
1711.6258350607443 0.47689944695707082 932035.37781568884
1712.9260040462218 0.47674714350727593 932437.24941929418
1714.2264548073936 0.47659477025258873 932838.80436420674
1715.5271874385569 0.47644232725318797 933240.04274826404
1716.8282020338609 0.47628981456927949 933640.96466953272
1718.1294986873058 0.47613723226109722 934041.57022630819
1719.4310774927451 0.47598458038890246 934441.85951711459
1720.7329385438825 0.47583185901298364 934841.83264070365
1722.0350819342748 0.47567906819365691 935241.48969605425
1723.3375077573296 0.47552620799126588 935640.83078237239
1724.640216106307 0.47537327846618138 936039.85599908978
1725.9432070743187 0.47522027967880176 936438.56544586411
1727.2464807543288 0.47506721168955279 936836.95922257844
1728.5500372391521 0.47491407455888723 937235.0374293403
1729.8538766214563 0.47476086834728565 937632.80016648094
1731.1579989937607 0.47460759311525558 938030.24753455597
1732.462404448436 0.4744542489233316 938427.37963434332
1733.7670930777051 0.47430083583207611 938824.19656684413
1735.0720649736434 0.47414735390207835 939220.69843328116
1736.3773202281773 0.47399380319395457 939616.88533509872
1737.6828589330855 0.47384018376834863 940012.75737396232
1738.988681179999 0.4736864956859313 940408.3146517576
1740.2947870603998 0.47353273900740034 940803.55727059045
1741.6011766656229 0.47337891379348096 941198.48533278622
1742.9078500868545 0.47322502010492506 941593.09894088854
1744.214807415133 0.47307105800251176 941987.39819766011
1745.5220487413487 0.47291702754704723 942381.38320608146
1746.8295741562442 0.47276292879936443 942775.05406934978
1748.1373837504136 0.47260876182032369 943168.41089087981
1749.4454776143034 0.47245452667081184 943561.45377430227
1750.7538558382116 0.47230022341174294 943954.18282346346
1752.0625185122888 0.47214585210405779 944346.59814242553
1753.3714657265375 0.47199141280872414 944738.69983546482
1754.6806975708118 0.47183690558673669 945130.48800707224
1755.9902141348186 0.47168233049911673 945521.96276195196
1757.3000155081156 0.47152768760691238 945913.12420502165
1758.6101017801141 0.4713729769711989 946303.97244141181
1759.9204730400763 0.47121819865307779 946694.50757646502
1761.2311293771172 0.47106335271367755 947084.72971573519
1762.5420708802033 0.47090843921415365 947474.63896498759
1763.8532976381537 0.47075345821568748 947864.23543019814
1765.1648097396396 0.47059840977948797 948253.51921755285
1766.4766072731841 0.47044329396679019 948642.49043344718
1767.7886903271624 0.47028811083885569 949031.14918448578
1769.1010589898017 0.47013286045697311 949419.49557748158
1770.413713349182 0.46997754288245713 949807.52971945598
1771.7266534932351 0.46982215817664941 950195.25171763776
1773.0398795097444 0.46966670640091779 950582.66167946241
1774.3533914863467 0.46951118761665678 950969.75971257233
1775.6671895105299 0.4693556018852873 951356.5459248157
1776.9812736696349 0.46919994926825659 951743.02042424621
1778.2956440508542 0.46904422982703858 952129.18331912265
1779.610300741233 0.46888844362313337 952515.03471790801
1780.9252438276687 0.4687325907180675 952900.57472926949
1782.2404733969104 0.46857667117339374 953285.80346207728
1783.5559895355605 0.46842068505069151 953670.7210254051
1784.8717923300728 0.46826463241156624 954055.32752852887
1786.1878818667537 0.46810851331764947 954439.62308092613
1787.5042582317622 0.46795232783059948 954823.60779227619
1788.820921511109 0.46779607601210038 955207.28177245916
1790.1378717906575 0.46763975792386264 955590.64513155539
1791.4551091561236 0.46748337362762277 955973.69797984522
1792.7726336930752 0.46732692318514352 956356.44042780844
1794.090445486933 0.46717040665821391 956738.87258612353
1795.4085446229697 0.46701382410864872 957120.99456566758
1796.7269311863106 0.46685717559828915 957502.80647751514
1798.0456052619336 0.46670046118900205 957884.30843293865
1799.3645669346683 0.46654368094268095 958265.50054340693
1800.6838162891977 0.46638683492124466 958646.38292058534
1802.0033534100567 0.46622992318663831 959026.95567633514
1803.3231783816323 0.46607294580083303 959407.21892271249
1804.6432912881648 0.46591590282582585 959787.172771969
1805.9636922137468 0.46575879432363954 960166.81733655045
1807.284381242323 0.46560162035632291 960546.15272909612
1808.605358457691 0.46544438098595053 960925.1790624389
1809.9266239435008 0.46528707627462296 961303.8964496043
1811.248177783255 0.46512970628446643 961682.30500381067
1812.5700200603085 0.46497227107763295 962060.4048384676
1813.892150857869 0.46481477071630029 962438.19606717606
1815.2145702589974 0.46465720526267196 962815.67880372819
1816.5372783466057 0.46449957477897724 963192.85316210624
1817.8602752034603 0.46434187932747106 963569.71925648232
1819.1835609121788 0.46418411897043393 963946.27720121772
1820.5071355552325 0.46402629377017218 964322.52711086278
1821.8309992149443 0.4638684037890175 964698.46910015598
1823.1551519734908 0.4637104490893274 965074.10328402405
1824.4795939129006 0.46355242973348482 965449.42977758031
1825.8043251150552 0.46339434578389826 965824.44869612576
1827.1293456616895 0.4632361973030017 966199.16015514696
1828.4546556343901 0.46307798435325465 966573.56427031697
1829.7802551145967 0.46291970699714197 966947.66115749395
1831.1061441836021 0.46276136529717415 967321.45093272068
1832.4323229225517 0.46260295931588707 967694.93371222494
1833.7587914124438 0.46244448911584179 968068.10961241752
1835.0855497341292 0.46228595475962503 968440.97874989349
1836.412597968312 0.46212735630984847 968813.54124143021
1837.7399361955486 0.46196869382914951 969185.79720398737
1839.0675644962489 0.46180996738019053 969557.74675470707
1840.3954829506752 0.46165117702565944 969929.39001091255
1841.7236916389427 0.46149232282826902 970300.72709010786
1843.0521906410199 0.46133340485075752 970671.75810997759
1844.380980036728 0.46117442315588858 971042.48318838631
1845.7100599057412 0.46101537780645058 971412.902443378
1847.0394303275866 0.46085626886525721 971783.01599317545
1848.3690913816445 0.46069709639514744 972152.82395618036
1849.6990431471477 0.46053786045898498 972522.32645097189
1851.0292857031827 0.46037856111965897 972891.52359630715
1852.3598191286887 0.4602191984400833 973260.41551111976
1853.6906435024575 0.46005977248319702 973629.00231452042
1855.0217589031352 0.45990028331196436 973997.28412579536
1856.3531654092194 0.45974073098937401 974365.26106440672
1857.6848630990621 0.45958111557844022 974732.93324999162
1859.016852050868 0.45942143714220157 975100.30080236157
1860.3491323426947 0.459261695743722 975467.36384150246
1861.6817040524534 0.45910189144608993 975834.12248757354
1863.0145672579079 0.45894202431241904 976200.57686090725
1864.3477220366758 0.45878209440584722 976566.72708200896
1865.6811684662277 0.45862210178953799 976932.57327155571
1867.0149066238871 0.45846204652667882 977298.1155503965
1868.3489365868311 0.45830192868048247 977663.35403955146
1869.68325843209 0.45814174831418619 978028.28886021138
1871.0178722365476 0.45798150549105188 978392.92013373761
1872.3527780769409 0.45782120027436612 978757.24798166088
1873.68797602986 0.45766083272744046 979121.27252568118
1875.0234661717482 0.45750040291361055 979484.99388766754
1876.3592485789027 0.45733991089623699 979848.41218965722
1877.6953233274735 0.45717935673870475 980211.52755385521
1879.0316904934648 0.45701874050442359 980574.34010263393
1880.3683501527335 0.45685806225682751 980936.84995853249
1881.7053023809901 0.45669732205937508 981299.05724425695
1883.0425472537988 0.45653651997554945 981660.96208267868
1884.3800848465771 0.45637565606885822 982022.56459683471
1885.7179152345959 0.45621473040283306 982383.86490992713
1887.05603849298 0.45605374304103063 982744.86314532242
1888.3944546967068 0.45589269404703131 983105.55942655099
1889.7331639206086 0.45573158348444037 983465.95387730724
1891.0721662393705 0.45557041141688703 983826.04662144801
1892.4114617275311 0.45540917790802488 984185.83778299321
1893.7510504594829 0.45524788302153207 984545.3274861247
1895.0909325094717 0.45508652682111045 984904.5158551858
1896.4311079515976 0.45492510937048658 985263.40301468153
1897.7715768598139 0.45476363073341092 985621.98908927699
1899.1123393079274 0.45460209097365811 985980.2742037978
1900.4533953695991 0.45444049015502719 986338.25848322955
1901.7947451183436 0.45427882834134103 986695.94205271697
1903.136388627529 0.45411710559644669 987053.32503756322
1904.4783259703775 0.45395532198421529 987410.40756323049
1905.8205572199647 0.45379347756854205 987767.18975533836
1907.1630824492206 0.45363157241334595 988123.67173966416
1908.5059017309288 0.45346960658257057 988479.8536421418
1909.8490151377266 0.45330758014018258 988835.73558886221
1911.1924227421052 0.45314549315017327 989191.31770607177
1912.53612461641 0.45298334567655774 989546.60012017284
1913.8801208328398 0.45282113778337457 989901.58295772236
1915.2244114634477 0.4526588695346867 990256.26634543226
1916.5689965801409 0.4524965409945807 990610.65041016869
1917.9138762546806 0.45233415222716683 990964.73527895124
1919.2590505586813 0.45217170329657913 991318.52107895282
1920.6045195636125 0.45200919426697583 991672.00793749909
1921.9502833407973 0.4518466252025386 992025.19598206796
1923.2963419614127 0.45168399616747257 992378.08534028952
1924.6426954964904 0.45152130722600692 992730.67613994482
1925.9893440169155 0.45135855844239425 993082.9685089658
1927.3362875934274 0.45119574988091105 993434.96257543506
1928.6835262966204 0.45103288160585725 993786.65846758499
1930.0310601969418 0.45086995368155641 994138.05631379783
1931.3788893646943 0.45070696617235551 994489.1562426046
1932.7270138700342 0.45054391914262537 994839.95838268509
1934.0754337829719 0.45038081265676 995190.46286286705
1935.4241491733724 0.45021764677917708 995540.66981212597
1936.7731601109547 0.45005442157431774 995890.5793595846
1938.1224666652927 0.44989113710664624 996240.19163451262
1939.472068905814 0.44972779344065078 996589.50676632591
1940.8219669018013 0.44956439064084247 996938.52488458634
1942.1721607223913 0.44940092877175608 997287.24611900083
1943.5226504365744 0.44923740789794958 997635.6705994216
1944.8734361131965 0.44907382808400415 997983.7984558451
1946.2245178209578 0.44891018939452432 998331.62981841201
1947.5758956284126 0.44874649189413812 998679.16481740645
1948.9275696039699 0.44858273564749646 999026.40358325606
1950.279539815893 0.44841892071927358 999373.34624653065
1951.6318063323006 0.44825504717416681 999719.9929379425
1952.984369221165 0.44809111507689681 1000066.3437883457
1954.3372285503133 0.44792712449220728 1000412.3989287354
1955.6903843874275 0.44776307548486499 1000758.1584902483
1957.0438368000441 0.44759896811965988 1001103.6226041606
1958.3975858555548 0.44743480246140477 1001448.7914018892
1959.751631621205 0.44727057857493552 1001793.66501499
1961.1059741640956 0.44710629652511114 1002138.2435751586
1962.4606135511822 0.44694195637681366 1002482.5272142286
1963.8155498492747 0.44677755819494774 1002826.5160641723
1965.1707831250385 0.44661310204444116 1003170.2102570991
1966.5263134449929 0.44644858799024473 1003513.6099252562
1967.882140875513 0.44628401609733181 1003856.7152010277
1969.2382654828282 0.44611938643069898 1004199.5262169337
1970.5946873330231 0.44595469905536517 1004542.0431056306
1971.9514064920368 0.4457899540363725 1004884.26599991
1973.3084230256641 0.44562515143878573 1005226.1950326989
1974.6657369995539 0.44546029132769238 1005567.8303370585
1976.0233484792107 0.44529537376820266 1005909.1720461845
1977.3812575299935 0.44513039882544925 1006250.2202934062
1978.7394642171173 0.44496536656458802 1006590.9752121862
1980.0979686056512 0.44480027705079678 1006931.4369361202
1981.4567707605197 0.44463513034927671 1007271.6055989356
1982.8158707465025 0.44446992652525102 1007611.4813344926
1984.1752686282348 0.44430466564396559 1007951.0642767823
1985.5349644702067 0.44413934777068909 1008290.3545599276
1986.894958336763 0.44397397297071239 1008629.3523181812
1988.2552502921044 0.44380854130934899 1008968.0576859264
1989.6158404002865 0.44364305285193473 1009306.4707976762
1990.9767287252205 0.44347750766382821 1009644.5917880732
1992.3379153306726 0.44331190581041002 1009982.4207918886
1993.6994002802646 0.44314624735708336 1010319.9579440221
1995.0611836374733 0.44298053236927348 1010657.2033795014
1996.4232654656314 0.44281476091242866 1010994.1572334819
1997.7856458279261 0.44264893305201886 1011330.8196412461
1999.1483247874016 0.44248304885353634 1011667.1907382031
2000.5113024069558 0.44231710838249577 1012003.2706598886
2001.8745787493438 0.44215111170443422 1012339.0595419637
2003.2381538771745 0.44198505888491074 1012674.5575202154
2004.6020278529138 0.44181894998950649 1013009.7647305552
2005.9662007388824 0.44165278508382483 1013344.6813090194
2007.3306725972568 0.44148656423349136 1013679.3073917687
2008.695443490069 0.4413202875041537 1014013.6431150866
2010.060513479207 0.44115395496148141 1014347.6886153809
2011.425882626414 0.44098756667116634 1014681.4440291815
2012.7915509932898 0.44082112269892232 1015014.9094931412
2014.1575186412886 0.44065462311048492 1015348.0851440344
2015.5237856317215 0.44048806797161189 1015680.971118757
2016.8903520257545 0.44032145734808292 1016013.5675543266
2018.2572178844105 0.44015479130569962 1016345.8745878808
2019.624383268567 0.43998806991028516 1016677.8923566777
2020.9918482389589 0.43982129322768521 1017009.6209980955
2022.3596128561755 0.43965446132376657 1017341.0606496313
2023.727677180663 0.43948757426441837 1017672.2114489016
2025.0960412727231 0.43932063211555133 1018003.0735336413
2026.4647051925135 0.43915363494309795 1018333.6470417035
2027.8336690000478 0.43898658281301228 1018663.9321110586
2029.2029327551968 0.43881947579127045 1018993.928879795
2030.5724965176857 0.43865231394387 1019323.6374861175
2031.9423603470971 0.43848509733683017 1019653.0580683475
2033.3125243028685 0.43831782603619185 1019982.1907649222
2034.682988444295 0.43815050010801743 1020311.0357143948
2036.0537528305269 0.43798311961839115 1020639.593055433
2037.4248175205707 0.43781568463341847 1020967.8629268201
2038.7961825732898 0.4376481952192266 1021295.8454674531
2040.1678480474034 0.43748065144196407 1021623.5408163435
2041.5398140014868 0.43731305336780113 1021950.9491126155
2042.9120804939726 0.4371454010629291 1022278.070495507
2044.2846475831484 0.43697769459356106 1022604.9051043685
2045.6575153271594 0.43680993402593149 1022931.4530786625
2047.0306837840062 0.43664211942629588 1023257.7145579637
2048.4041530115469 0.43647425086093145 1023583.6896819577
2049.7779230674955 0.43630632839613642 1023909.3785904417
2051.1519940094222 0.43613835209823065 1024234.781423323
2052.5263658947542 0.43597032203355474 1024559.8983206191
2053.9010387807753 0.4358022382684712 1024884.7294224579
2055.2760127246261 0.43563410086936311 1025209.2748690756
2056.6512877833029 0.43546590990263528 1025533.5348008184
2058.0268640136596 0.43529766543471321 1025857.5093581403
2059.402741472406 0.43512936753204368 1026181.1986816035
2060.7789202161098 0.43496101626109468 1026504.6029118783
2062.1554003011943 0.43479261168835531 1026827.7221897419
2063.5321817839399 0.43462415388033554 1027150.5566560786
2064.9092647204839 0.43445564290356659 1027473.1064518788
2066.2866491668206 0.43428707882460027 1027795.3717182394
2067.6643351788011 0.4341184617100099 1028117.3525963628
2069.0423228121335 0.43394979162638941 1028439.0492275567
2070.4206121223824 0.4337810686403536 1028760.4617532333
2071.7992031649692 0.43361229281853836 1029081.5903149098
2073.1780959951734 0.43344346422760044 1029402.435054207
2074.5572906681305 0.43327458293421728 1029722.9961128492
2075.9367872388329 0.43310564900508736 1030043.2736326646
2077.3165857621316 0.43293666250692964 1030363.2677555834
2078.6966862927325 0.43276762350648396 1030682.9786236387
2080.0770888852007 0.43259853207051108 1031002.4063789655
2081.4577935939569 0.43242938826579236 1031321.5511638004
2082.8388004732806 0.4322601921591297 1031640.4131204808
2084.2201095773066 0.43209094381734575 1031958.9923914458
2085.6017209600291 0.43192164330728405 1032277.2891192341
2086.9836346752982 0.43175229069580817 1032595.3034464845
2088.3658507768209 0.43158288604980283 1032913.0355159357
2089.748369318163 0.43141342943617289 1033230.4854704255
2091.1311903527471 0.4312439209218441 1033547.6534528901
2092.5143139338525 0.43107436057376236 1033864.5396063648
2093.8977401146176 0.43090474845889426 1034181.1440739823
2095.2814689480365 0.43073508464422666 1034497.4669989729
2096.6655004869617 0.43056536919676713 1034813.5085246646
2098.0498347841035 0.43039560218354328 1035129.2687944819
2099.4344718920293 0.43022578367160341 1035444.7479519455
2100.8194118631641 0.43005591372801588 1035759.9461406725
2102.2046547497916 0.42988599241986947 1036074.8635043756
2103.590200604051 0.42971601981427338 1036389.5001868623
2104.9760494779416 0.42954599597835691 1036703.8563320352
2106.3622014233188 0.42937592097926969 1037017.9320838914
2107.7486564918968 0.42920579488418131 1037331.727586522
2109.1354147352467 0.42903561776028193 1037645.2429841117
2110.5224762047983 0.42886538967478155 1037958.4784209385
2111.9098409518388 0.4286951106949104 1038271.4340413733
2113.2975090275131 0.4285247808879189 1038584.1099898794
2114.6854804828254 0.42835440032107741 1038896.5064110124
2116.0737553686358 0.42818396906167649 1039208.623449419
2117.4623337356634 0.42801348717702664 1039520.4612498381
2118.8512156344864 0.42784295473445816 1039832.0199570988
2120.240401115539 0.4276723718013215 1040143.2997161209
2121.6298902291155 0.42750173844498718 1040454.3006719146
2123.0196830253667 0.42733105473284544 1040765.0229695797
2124.4097795543025 0.42716032073230648 1041075.4667543053
2125.8001798657911 0.42698953651080035 1041385.6321713694
2127.1908840095584 0.426818702135777 1041695.519366139
2128.581892035189 0.42664781767470594 1042005.1284840689
2129.9732039921255 0.42647688319507687 1042314.459670702
2131.364819929669 0.42630589876439895 1042623.5130716685
2132.7567398969791 0.42613486445020093 1042932.2888326857
2134.1489639430733 0.42596378032003174 1043240.7870995576
2135.5414921168281 0.42579264644145948 1043549.0080181744
2136.934324466979 0.42562146288207231 1043856.9517345126
2138.3274610421181 0.42545022970947771 1044164.6183946338
2139.7209018906983 0.42527894699130303 1044472.0081446847
2141.1146470610292 0.42510761479519482 1044779.1211308972
2142.5086966012805 0.42493623318881946 1045085.9574995873
2143.9030505594792 0.42476480223986279 1045392.5173971551
2145.2977089835122 0.42459332201603017 1045698.8009700845
2146.6926719211242 0.42442179258504625 1046004.8083649422
2148.0879394199192 0.42425021401465529 1046310.5397283784
2149.4835115273604 0.42407858637262097 1046615.9952071253
2150.879388290768 0.42390690972672607 1046921.1749479977
2152.2755697573239 0.42373518414477307 1047226.0790978917
2153.6720559740656 0.42356340969458378 1047530.707803785
2155.0688469878928 0.42339158644399894 1047835.0612127362
2156.4659428455611 0.42321971446087875 1048139.1394718848
2157.8633435936881 0.42304779381310287 1048442.9427284505
2159.2610492787476 0.42287582456856981 1048746.4711297324
2160.6590599470742 0.42270380679519776 1049049.72482311
2162.0573756448612 0.42253174056092363 1049352.703956041
2163.4559964181603 0.42235962593370352 1049655.4086760625
2164.8549223128844 0.42218746298151277 1049957.8391307897
2166.2541533748031 0.422015251772346 1050259.9954679164
2167.6536896495472 0.42184299237421646 1050561.877835213
2169.0535311826052 0.42167068485515663 1050863.486380528
2170.4536780193262 0.42149832928321829 1051164.821251787
2171.854130204918 0.42132592572647154 1051465.8825969915
2173.2548877844474 0.42115347425300598 1051766.6705642194
2174.6559508028422 0.42098097493092995 1052067.1853016247
2176.0573193048876 0.4208084278283708 1052367.4269574366
2177.4589933352299 0.42063583301347446 1052667.3956799598
2178.8609729383738 0.42046319055440601 1052967.0916175728
2180.263258158684 0.42029050051934919 1053266.5149187294
2181.6658490403847 0.42011776297650655 1053565.6657319569
2183.0687456275605 0.41994497799409963 1053864.5442058567
2184.4719479641544 0.41977214564036819 1054163.1504891028
2185.8754560939701 0.41959926598357117 1054461.4847304425
2187.2792700606706 0.41942633909198601 1054759.5470786958
2188.6833899077787 0.41925336503390881 1055057.3376827547
2190.0878156786766 0.4190803438776543 1055354.8566915831
2191.4925474166075 0.41890727569155584 1055652.1042542157
2192.8975851646733 0.41873416054396539 1055949.0805197596
2194.3029289658361 0.41856099850325329 1056245.7856373915
2195.7085788629188 0.41838778963780865 1056542.219756359
2197.1145348986033 0.41821453401603897 1056838.3830259799
2198.5207971154318 0.41804123170637003 1057134.2755956412
2199.9273655558072 0.41786788277724635 1057429.8976147994
2201.334240261991 0.4176944872971306 1057725.2492329802
2202.7414212761059 0.41752104533450418 1058020.3305997774
2204.1489086401348 0.41734755695786646 1058315.1418648537
2205.5567023959211 0.41717402223573524 1058609.6831779392
2206.9648025851675 0.41700044123664692 1058903.9546888312
2208.3732092494374 0.41682681402915572 1059197.9565473953
2209.7819224301552 0.41665314068183446 1059491.688903563
2211.1909421686046 0.41647942126327409 1059785.1519073327
2212.6002685059307 0.41630565584208357 1060078.3457087686
2214.0099014831376 0.41613184448689039 1060371.2704580009
2215.4198411410916 0.41595798726633981 1060663.9263052254
2216.8300875205186 0.41578408424909546 1060956.3134007023
2218.2406406620048 0.41561013550383885 1061248.4318947573
2219.6515006059976 0.41543614109926985 1061540.2819377799
2221.0626673928045 0.41526210110410605 1061831.8636802242
2222.4741410625938 0.41508801558708325 1062123.1772726073
2223.8859216553951 0.41491388461695505 1062414.22286551
2225.2980092110979 0.41473970826249323 1062705.0006095762
2226.7104037694526 0.41456548659248732 1062995.5106555121
2228.1231053700712 0.41439121967574477 1063285.7531540864
2229.5361140524255 0.41421690758109092 1063575.7282561294
2230.9494298558484 0.41404255037736903 1063865.4361125338
2232.3630528195345 0.41386814813343992 1064154.8768742529
2233.7769829825388 0.41369370091818264 1064444.0506923008
2235.1912203837769 0.41351920880049364 1064732.9577177525
2236.6057650620269 0.41334467184928714 1065021.5981017433
2238.0206170559254 0.4131700901334952 1065309.9719954678
2239.4357764039733 0.41299546372206747 1065598.079550181
2240.8512431445297 0.41282079268397126 1065885.9209171962
2242.2670173158172 0.41264607708819162 1066173.4962478862
2243.6830989559176 0.41247131700373107 1066460.8056936821
2245.0994881027759 0.41229651249960952 1066747.8494060731
2246.5161847941977 0.41212166364486491 1067034.6275366065
2247.9331890678486 0.41194677050855216 1067321.1402368862
2249.3505009612572 0.41177183315974419 1067607.3876585749
2250.7681205118138 0.41159685166753107 1067893.3699533904
2252.1860477567689 0.41142182610102018 1068179.0872731078
2253.6042827332349 0.41124675652933668 1068464.5397695587
2255.022825478186 0.41107164302162286 1068749.7275946299
2256.441676028458 0.41089648564703846 1069034.6509002636
2257.8608344207482 0.41072128447476036 1069319.309838458
2259.2803006916151 0.410546039573983 1069603.704561265
2260.7000748774799 0.41037075101391807 1069887.8352207916
2262.1201570146245 0.41019541886379413 1070171.7019691986
2263.5405471391932 0.41002004319285751 1070455.3049587014
2264.9612452871916 0.40984462407037137 1070738.6443415678
2266.3822514944877 0.40966916156561606 1071021.7202701191
2267.8035657968117 0.40949365574788904 1071304.5328967299
2269.2251882297546 0.40931810668650509 1071587.0823738268
2270.6471188287705 0.40914251445079591 1071869.3688538885
2272.0693576291742 0.40896687911011026 1072151.3924894459
2273.4919046661444 0.40879120073381386 1072433.1534330812
2274.9147599747198 0.4086154793912895 1072714.6518374274
2276.3379235898024 0.40843971515193717 1072995.8878551689
2277.761395546157 0.40826390808517332 1073276.8616390403
2279.1851758784096 0.40808805826043165 1073557.5733418264
2280.6092646210482 0.40791216574716271 1073838.0231163618
2282.0336618084239 0.40773623061483366 1074118.2111155312
2283.4583674747496 0.40756025293292902 1074398.1374922674
2284.883381654101 0.40738423277094948 1074677.8023995529
2286.3087043804162 0.40720817019841304 1074957.2059904188
2287.7343356874949 0.40703206528485408 1075236.3484179438
2289.1602756090001 0.40685591809982402 1075515.2298352553
2290.5865241784577 0.40667972871289054 1075793.8503955272
2292.0130814292547 0.40650349719363849 1076072.2102519819
2293.4399473946423 0.40632722361166901 1076350.309557888
2294.8671221077338 0.40615090803660009 1076628.148466561
2296.2946056015044 0.40597455053806591 1076905.7271313621
2297.7223979087935 0.40579815118571771 1077183.0457056994
2299.1504990623016 0.40562171004922298 1077460.1043430259
2300.5789090945937 0.40544522719826576 1077736.9031968405
2302.0076280380968 0.40526870270254645 1078013.4424206868
2303.4366559250998 0.40509213663178212 1078289.7221681532
2304.8659927877566 0.40491552905570616 1078565.7425928724
2306.2956386580827 0.40473888004406827 1078841.5038485208
2307.7255935679568 0.4045621896666346 1079117.0060888198
2309.1558575491208 0.4043854579931877 1079392.2494675328
2310.58643063318 0.4042086850935262 1079667.2341384671
2312.0173128516021 0.4040318710374653 1079941.9602554729
2313.4485042357192 0.40385501589483636 1080216.4279724422
2314.880004816725 0.40367811973548678 1080490.6374433099
2316.3118146256775 0.40350118262928036 1080764.5888220521
2317.7439336934981 0.40332420464609703 1081038.2822626873
2319.176362050971 0.40314718585583287 1081311.7179192745
2320.6090997287438 0.40297012632839996 1081584.8959459139
2322.0421467573283 0.40279302613372681 1081857.8164967464
2323.4755031670993 0.40261588534175735 1082130.4797259532
2324.9091689882944 0.40243870402245224 1082402.8857877553
2326.3431442510155 0.40226148224578789 1082675.0348364133
2327.7774289852282 0.40208422008175654 1082946.927026228
2329.2120232207617 0.40190691760036634 1083218.5625115382
2330.6469269873082 0.40172957487164168 1083489.941446722
2332.0821403144246 0.40155219196562258 1083761.0639861959
2333.5176632315302 0.40137476895236518 1084031.9302844147
2334.9534957679102 0.40119730590194108 1084302.5404958706
2336.3896379527114 0.40101980288443817 1084572.894775094
2337.8260898149456 0.4008422599699597 1084842.9932766519
2339.2628513834889 0.40066467722862492 1085112.8361551487
2340.6999226870807 0.40048705473056861 1085382.4235652247
2342.1373037543249 0.40030939254594139 1085651.7556615577
2343.5749946136884 0.40013169074490967 1085920.8325988606
2345.0129952935031 0.39995394939765544 1086189.6545318821
2346.4513058219654 0.39977616857437603 1086458.2216154067
2347.8899262271352 0.39959834834528463 1086726.5340042538
2349.3288565369362 0.39942048878061004 1086994.5918532775
2350.7680967791575 0.3992425899505963 1087262.3953173668
2352.2076469814519 0.39906465192550339 1087529.9445514444
2353.6475071713362 0.39888667477560646 1087797.2397104669
2355.087677376192 0.39870865857119614 1088064.2809494254
2356.528157623266 0.39853060338257851 1088331.0684233431
2357.9689479396679 0.3983525092800751 1088597.6022872771
2359.4100483523735 0.39817437633402269 1088863.882696317
2360.8514588882213 0.3979962046147737 1089129.9098055847
2362.2931795739164 0.39781799419269542 1089395.683770234
2363.735210436027 0.39763974513817074 1089661.2047454512
2365.1775515009872 0.39746145752159767 1089926.4728864534
2366.6202027950944 0.39728313141338961 1090191.4883484894
2368.0631643445126 0.39710476688397506 1090456.2512868391
2369.5064361752684 0.39692636400379744 1090720.7618568125
2370.9500183132559 0.39674792284331589 1090985.0202137504
2372.3939107842316 0.39656944347300405 1091249.0265130235
2373.8381136138182 0.39639092596335118 1091512.7809100321
2375.2826268275035 0.39621237038486129 1091776.2835602064
2376.7274504506404 0.39603377680805346 1092039.5346190054
2378.1725845084457 0.39585514530346178 1092302.5342419175
2379.6180290260027 0.39567647594163546 1092565.2825844595
2381.0637840282589 0.39549776879313842 1092827.7798021757
2382.5098495400275 0.3953190239285499 1093090.02605064
2383.9562255859873 0.39514024141846338 1093352.0214854528
2385.4029121906815 0.39496142133348794 1093613.7662622426
2386.8499093785194 0.39478256374424708 1093875.2605366644
2388.2972171737752 0.39460366872137914 1094136.5044644009
2389.7448356005884 0.39442473633553726 1094397.4982011609
2391.1927646829649 0.39424576665738953 1094658.2419026801
2392.6410044447748 0.39406675975761857 1094918.7357247192
2394.089554909755 0.3938877157069216 1095178.9798230655
2395.5384161015068 0.39370863457601085 1095438.9743535314
2396.9875880434984 0.39352951643561279 1095698.7194719545
2398.4370707590624 0.39335036135646889 1095958.2153341977
2399.8868642713978 0.393171169409335 1096217.4620961477
2401.3369686035703 0.39299194066498166 1096476.4599137164
2402.7873837785091 0.39281267519419366 1096735.2089428392
2404.2381098190112 0.39263337306777063 1096993.7093394753
2405.6891467477394 0.39245403435652632 1097251.9612596075
2407.1404945872209 0.39227465913128945 1097509.9648592421
2408.5921533598512 0.39209524746290264 1097767.7202944078
2410.0441230878896 0.39191579942222315 1098025.2277211561
2411.4964037934628 0.39173631508012263 1098282.487295561
2412.9489954985638 0.39155679450748698 1098539.4991737187
2414.4018982250504 0.39137723777521649 1098796.2635117471
2415.8551119946478 0.3911976449542256 1099052.7804657852
2417.3086368289473 0.39101801611544307 1099309.0501919938
2418.7624727494062 0.39083835132981187 1099565.0728465547
2420.2166197773486 0.39065865066828931 1099820.8485856703
2421.6710779339637 0.39047891420184661 1100076.377565563
2423.1258472403092 0.39029914200146948 1100331.6599424761
2424.5809277173075 0.3901193341381573 1100586.6958726721
2426.0363193857484 0.38993949068292394 1100841.4855124338
2427.4920222662881 0.38975961170679713 1101096.0290180626
2428.9480363794496 0.38957969728081859 1101350.3265458795
2430.4043617456218 0.389399747476044 1101604.3782522241
2431.8609983850615 0.38921976236354339 1101858.1842934545
2433.3179463178917 0.38903974201440022 1102111.7448259473
2434.7752055641008 0.38885968649971225 1102365.0600060965
2436.2327761435467 0.38867959589059092 1102618.1299903146
2437.6906580759519 0.38849947025816173 1102870.954935031
2439.1488513809077 0.38831930967356365 1103123.5349966923
2440.6073560778705 0.38813911420794983 1103375.8703317621
2442.0661721861647 0.38795888393248701 1103627.9610967208
2443.5252997249827 0.3877786189183558 1103879.8074480649
2444.9847387133818 0.38759831923675037 1104131.409542307
2446.4444891702883 0.38741798495887858 1104382.7675359761
2447.9045511144946 0.38723761615596236 1104633.8815856162
2449.3649245646611 0.3870572128992365 1104884.7518477864
2450.8256095393153 0.38687677525995018 1105135.3784790614
2452.2866060568517 0.38669630330936555 1105385.7616360304
2453.7479141355325 0.38651579711875883 1105635.9014752971
2455.2095337934866 0.38633525675941943 1105885.7981534796
2456.671465048712 0.38615468230265038 1106135.4518272101
2458.1337079190721 0.38597407381976795 1106384.8626531342
2459.5962624222998 0.38579343138210237 1106634.030787911
2461.0591285759947 0.38561275506099663 1106882.9563882132
2462.5223063976237 0.38543204492780775 1107131.6396107257
2463.9857959045221 0.38525130105390532 1107380.0806121468
2465.4495971138927 0.38507052351067317 1107628.2795491868
2466.9137100428056 0.38488971236950775 1107876.2365785684
2468.3781347081995 0.38470886770181889 1108123.951857026
2469.8428711268812 0.38452798957902995 1108371.4255413059
2471.3079193155236 0.38434707807257729 1108618.6577881654
2472.77327929067 0.38416613325391041 1108865.6487543732
2474.2389510687299 0.38398515519449211 1109112.3985967091
2475.7049346659819 0.38380414396579826 1109358.9074719632
2477.1712300985723 0.38362309963931773 1109605.1755369359
2478.6378373825155 0.38344202228655261 1109851.2029484378
2480.1047565336944 0.3832609119790179 1110096.9898632895
2481.5719875678597 0.38307976878824196 1110342.536438321
2483.0395305006305 0.38289859278576549 1110587.8428303716
2484.5073853474951 0.38271738404314265 1110832.9091962897
2485.9755521238085 0.38253614263194063 1111077.7356929332
2487.4440308447956 0.38235486862373907 1111322.3224771675
2488.9128215255496 0.38217356209013081 1111566.6697058671
2490.3819241810315 0.38199222310272118 1111810.777535914
2491.8513388260712 0.38181085173312906 1112054.6461241988
2493.3210654753675 0.38162944805298532 1112298.2756276189
2494.7911041434877 0.38144801213393392 1112541.6662030797
2496.2614548448678 0.38126654404763155 1112784.8180074932
2497.7321175938123 0.38108504386574765 1113027.7311977781
2499.2030924044948 0.38090351165996444 1113270.4059308604
2500.6743792909574 0.38072194750197635 1113512.8423636719
2502.1459782671118 0.38054035146349097 1113755.0406531505
2503.6178893467381 0.38035872361622808 1113997.0009562401
2505.0901125434857 0.38017706403192003 1114238.7234298901
2506.5626478708728 0.37999537278231216 1114480.2082310554
2508.0354953422866 0.37981364993916178 1114721.4555166957
2509.5086549709831 0.37963189557423904 1114962.465443776
2510.9821267700891 0.3794501097593263 1115203.2381692652
2512.4559107525984 0.37926829256621841 1115443.7738501374
2513.9300069313754 0.37908644406672276 1115684.0726433704
2515.4044153191535 0.37890456433265873 1115924.1347059461
2516.8791359285356 0.37872265343585859 1116163.9601948494
2518.354168771994 0.37854071144816642 1116403.5492670697
2519.829513861871 0.37835873844143891 1116642.9020795985
2521.3051712103761 0.37817673448754485 1116882.0187894308
2522.7811408295915 0.37799469965836519 1117120.8995535641
2524.2574227314672 0.37781263402579318 1117359.5445289987
2525.7340169278232 0.37763053766173416 1117597.9538727361
2527.2109234303489 0.37744841063810569 1117836.1277417808
2528.688142250604 0.37726625302683747 1118074.0662931388
2530.1656734000171 0.37708406489987101 1118311.7696838174
2531.6435168898884 0.37690184632916041 1118549.2380708249
2533.1216727313858 0.37671959738667121 1118786.471611171
2534.6001409355486 0.37653731814438118 1119023.4704618661
2536.0789215132859 0.37635500867428018 1119260.2347799209
2537.5580144753758 0.37617266904836993 1119496.764722347
2539.037419832468 0.37599029933866385 1119733.0604461553
2540.5171375950813 0.37580789961718764 1119969.1221083568
2541.9971677736044 0.37562546995597856 1120204.9498659624
2543.4775103782972 0.37544301042708567 1120440.5438759821
2544.9581654192893 0.37526052110256997 1120675.9042954249
2546.4391329065811 0.37507800205450426 1120911.031281299
2547.9204128500428 0.37489545335497293 1121145.9249906109
2549.4020052594146 0.37471287507607215 1121380.585580366
2550.8839101443086 0.3745302672899099 1121615.0132075674
2552.3661275142063 0.37434763006860544 1121849.2080292166
2553.8486573784594 0.37416496348429007 1122083.1702023125
2555.3314997462908 0.37398226760910652 1122316.8998838519
2556.8146546267949 0.37379954251520903 1122550.3972308282
2558.2981220289348 0.37361678827476352 1122783.6624002326
2559.7819019615463 0.37343400495994722 1123016.6955490527
2561.265994433335 0.37325119264294898 1123249.4968342725
2562.750399452877 0.37306835139596917 1123482.0664128731
2564.2351170286202 0.37288548129121951 1123714.4044418309
2565.7201471688827 0.37270258240092297 1123946.511078119
2567.2054898818542 0.37251965479731414 1124178.3864787058
2568.6911451755955 0.37233669855263879 1124410.0308005547
2570.1771130580369 0.37215371373915412 1124641.4442006249
2571.6633935369819 0.37197070042912844 1124872.6268358708
2573.1499866201038 0.37178765869484137 1125103.5788632408
2574.636892314948 0.37160458860858409 1125334.3004396786
2576.1241106289303 0.37142149024265841 1125564.7917221219
2577.6116415693386 0.37123836366937751 1125795.0528675024
2579.099485143332 0.3710552089610662 1126025.0840327465
2580.5876413579408 0.3708720261900596 1126254.8853747728
2582.0761102200668 0.37068881542870441 1126484.4570504948
2583.5648917364829 0.3705055767493583 1126713.7992168185
2585.0539859138344 0.37032231022438994 1126942.9120306429
2586.5433927586378 0.37013901592617909 1127171.7956488598
2588.0331122772809 0.3699556939271163 1127400.450228354
2589.5231444760243 0.3697723442996031 1127628.8759260022
2591.0134893609988 0.3695889671160521 1127857.0728986731
2592.5041469382086 0.3694055624488865 1128085.0413032279
2593.9951172135279 0.3692221303705408 1128312.7812965191
2595.4864001927053 0.36903867095345982 1128540.2930353906
2596.9779958813588 0.3688551842700995 1128767.5766766779
2598.4699042849802 0.36867167039292631 1128994.6323772073
2599.962125408932 0.36848812939441794 1129221.4602937957
2601.4546592584497 0.36830456134706219 1129448.0605832511
2602.9475058386411 0.368120966323358 1129674.4334023716
2604.4406651544855 0.36793734439581455 1129900.5789079459
2605.9341372108347 0.36775369563695204 1130126.4972567521
2607.4279220124126 0.36757002011930101 1130352.1886055579
2608.9220195638159 0.36738631791540283 1130577.6531111216
2610.4164298695136 0.36720258909780895 1130802.8909301898
2611.911152933847 0.36701883373908195 1131027.9022194985
2613.4061887610292 0.36683505191179433 1131252.687135773
2614.9015373551474 0.36665124368852925 1131477.2458357266
2616.3971987201603 0.36646740914188053 1131701.5784760618
2617.8931728598991 0.36628354834445215 1131925.685213469
2619.3894597780682 0.36609966136885824 1132149.5662046263
2620.8860594782445 0.36591574828772372 1132373.2216062006
2622.3829719638775 0.36573180917368348 1132596.6515748457
2623.8801972382903 0.36554784409938296 1132819.8562672026
2625.3777353046776 0.36536385313747766 1133042.8358399007
2626.875586166108 0.3651798363606335 1133265.5904495551
2628.3737498255232 0.36499579384152608 1133488.1202527685
2629.8722262857373 0.36481172565284192 1133710.4254061303
2631.3710155494373 0.36462763186727709 1133932.5060662152
2632.8701176191844 0.36444351255753821 1134154.3623895859
2634.3695324974124 0.36425936779634144 1134375.9945327893
2635.8692601864277 0.36407519765641344 1134597.4026523596
2637.3693006884109 0.36389100221049087 1134818.5869048154
2638.8696540054157 0.36370678153132019 1135039.5474466609
2640.3703201393682 0.36352253569165782 1135260.2844343863
2641.8712990920694 0.36333826476427028 1135480.7980244658
2643.3725908651932 0.3631539688219339 1135701.0883733586
2644.8741954602865 0.36296964793743502 1135921.155637509
2646.3761128787705 0.36278530218356952 1136140.9999733448
2647.8783431219399 0.36260093163314361 1136360.6215372791
2649.3808861909624 0.36241653635897253 1136580.0204857078
2650.8837420868804 0.36223211643388215 1136799.1969750111
2652.3869108106096 0.36204767193070753 1137018.1511615529
2653.8903923629387 0.36186320292229351 1137236.8832016801
2655.3941867445319 0.36167870948149466 1137455.3932517229
2656.898293955926 0.36149419168117541 1137673.6814679946
2658.4027139975328 0.36130964959420936 1137891.7480067911
2659.9074468696367 0.3611250832934802 1138109.5930243912
2661.4124925723982 0.36094049285188073 1138327.2166770555
2662.9178511058499 0.3607558783423136 1138544.6191210272
2664.4235224698996 0.36057123983769074 1138761.8005125313
2665.929506664329 0.36038657741093377 1138978.7610077746
2667.4358036887947 0.36020189113497375 1139195.5007629457
2668.9424135428267 0.36001718108275099 1139412.0199342144
2670.4493362258299 0.3598324473272152 1139628.3186777316
2671.9565717370838 0.35964768994132545 1139844.3971496292
2673.4641200757414 0.35946290899805056 1140060.2555060203
2674.9719812408321 0.35927810457036785 1140275.8939029982
2676.4801552312574 0.35909327673126479 1140491.3124966368
2677.9886420457951 0.35890842555373742 1140706.51144299
2679.4974416830978 0.35872355111079135 1140921.4908980923
2681.0065541416916 0.35853865347544134 1141136.2510179572
2682.5159794199785 0.35835373272071108 1141350.7919585789
2684.0257175162346 0.35816878891963372 1141565.1138759302
2685.5357684286114 0.35798382214525132 1141779.2169259633
2687.0461321551343 0.357798832470615 1141993.10126461
2688.5568086937051 0.35761381996878494 1142206.7670477801
2690.0677980421001 0.35742878471283052 1142420.2144313632
2691.5791001979696 0.35724372677582988 1142633.4435712267
2693.0907151588412 0.35705864623087019 1142846.4546232165
2694.6026429221151 0.35687354315104763 1143059.2477431567
2696.1148834850692 0.35668841760946701 1143271.8230868494
2697.6274368448544 0.35650326967924245 1143484.1808100739
2699.1403029984986 0.35631809943349646 1143696.3210685879
2700.6534819429044 0.35613290694536065 1143908.244018126
2702.1669736748504 0.3559476922879754 1144119.9498144004
2703.6807781909897 0.35576245553448971 1144331.4386131
2705.1948954878512 0.35557719675806138 1144542.7105698904
2706.7093255618397 0.35539191603185677 1144753.7658404144
2708.2240684092362 0.35520661342905135 1144964.6045802906
2709.7391240261959 0.35502128902282876 1145175.2269451146
2711.254492408751 0.35483594288638137 1145385.6330904574
2712.7701735528085 0.35465057509291015 1145595.8231718666
2714.2861674541523 0.35446518571562491 1145805.797344865
2715.8024741084409 0.35427977482774337 1146015.5557649513
2717.3190935112098 0.35409434250249233 1146225.0985875996
2718.8360256578699 0.35390888881310673 1146434.4259682586
2720.3532705437092 0.35372341383283001 1146643.5380623529
2721.8708281638901 0.35353791763491427 1146852.4350252813
2723.3886985134523 0.3533524002926195 1147061.1170124174
2724.9068815873111 0.35316686187921448 1147269.5841791097
2726.4253773802584 0.3529813024679761 1147477.8366806805
2727.9441858869623 0.35279572213218952 1147685.8746724261
2729.4633071019666 0.35261012094514838 1147893.6983096173
2730.9827410196935 0.35242449898015432 1148101.3077474986
2732.5024876344391 0.35223885631051716 1148308.7031412874
2734.0225469403772 0.35205319300955523 1148515.8846461752
2735.5429189315587 0.35186750915059473 1148722.8524173265
2737.0636036019096 0.35168180480696992 1148929.6066098793
2738.5846009452339 0.35149608005202337 1149136.1473789434
2740.105910955212 0.35131033495910552 1149342.4748796027
2741.6275336253998 0.35112456960157518 1149548.5892669123
2743.1494689492324 0.35093878405279849 1149754.4906959007
2744.6717169200197 0.35075297838615038 1149960.179321568
2746.194277530949 0.35056715267501309 1150165.6552988868
2747.7171507750854 0.3503813069927772 1150370.9187828011
2749.2403366453696 0.35019544141284081 1150575.9699282267
2750.76383513462 0.35000955600861022 1150780.808890051
2752.2876462355325 0.34982365085349937 1150985.4358231325
2753.8117699406803 0.34963772602093007 1151189.8508823013
2755.3362062425131 0.34945178158433171 1151394.0542223579
2756.8609551333575 0.34926581761714176 1151598.0459980741
2758.3860166054183 0.34907983419280514 1151801.8263641924
2759.9113906507778 0.34889383138477459 1152005.3954754251
2761.4370772613947 0.34870780926651035 1152208.7534864554
2762.9630764291064 0.34852176791148054 1152411.9005519368
2764.4893881456264 0.3483357073931605 1152614.8368264921
2766.0160124025469 0.34814962778503361 1152817.5624647145
2767.5429491913374 0.34796352916059048 1153020.0776211666
2769.0701985033447 0.34777741159332914 1153222.3824503804
2770.5977603297943 0.34759127515675553 1153424.4771068573
2772.1256346617884 0.34740511992438255 1153626.3617450681
2773.6538214903067 0.3472189459697308 1153828.036519452
2775.1823208062083 0.34703275336632822 1154029.5015844172
2776.7111326002296 0.34684654218771022 1154230.7570943411
2778.2402568629846 0.34666031250741924 1154431.8032035688
2779.7696935849649 0.34647406439900535 1154632.6400664141
2781.2994427565418 0.34628779793602577 1154833.2678371591
2782.8295043679632 0.34610151319204491 1155033.6866700535
2784.3598784093556 0.34591521024063454 1155233.8967193146
2785.8905648707241 0.34572888915537348 1155433.8981391285
2787.4215637419516 0.34554255000984785 1155633.6910836478
2788.9528750128002 0.34535619287765074 1155833.2757069925
2790.484498672909 0.34516981783238254 1156032.6521632499
2792.016434711797 0.34498342494765061 1156231.8206064748
2793.5486831188609 0.34479701429706905 1156430.7811906883
2795.0812438833755 0.34461058595425964 1156629.5340698783
2796.6141169944949 0.34442413999285071 1156828.0793979992
2798.1473024412521 0.34423767648647746 1157026.4173289719
2799.6808002125586 0.34405119550878238 1157224.5480166837
2801.2146102972038 0.34386469713341444 1157422.4716149871
2802.7487326838573 0.34367818143402995 1157620.1882777016
2804.2831673610658 0.34349164848429176 1157817.698158612
2805.8179143172565 0.34330509835786949 1158015.0014114687
2807.3529735407355 0.3431185311284396 1158212.098189987
2808.8883450196868 0.34293194686968553 1158408.9886478486
2810.4240287421744 0.34274534565529724 1158605.6729386989
2811.9600246961404 0.34255872755897121 1158802.1512161496
2813.4963328694075 0.34237209265441099 1158998.4236337766
2815.0329532496771 0.3421854410153265 1159194.4903451204
2816.5698858245287 0.34199877271543427 1159390.351503686
2818.107130581423 0.34181208782845751 1159586.0072629428
2819.6446875076986 0.34162538642812601 1159781.4577763246
2821.1825565905747 0.34143866858817601 1159976.7031972287
2822.7207378171483 0.34125193438235019 1160171.7436790171
2824.2592311743974 0.34106518388439783 1160366.5793750146
2825.7980366491802 0.34087841716807449 1160561.2104385102
2827.3371542282325 0.34069163430714217 1160755.637022756
2828.8765838981708 0.34050483537536941 1160949.8592809679
2830.4163256454917 0.34031802044653098 1161143.8773663244
2831.9563794565715 0.34013118959440786 1161337.6914319671
2833.4967453176655 0.33994434289278758 1161531.3016310001
2835.0374232149102 0.33975748041546344 1161724.7081164909
2836.5784131343207 0.33957060223623575 1161917.9110414691
2838.1197150617932 0.33938370842891025 1162110.9105589264
2839.6613289831034 0.33919679906729944 1162303.7068218177
2841.203254883907 0.33900987422522144 1162496.2999830586
2842.7454927497406 0.33882293397650087 1162688.6901955276
2844.2880425660196 0.33863597839496828 1162880.8776120648
2845.8309043180416 0.33844900755446022 1163072.8623854718
2847.3740779909826 0.33826202152881957 1163264.6446685118
2848.9175635699003 0.3380750203918948 1163456.2246139091
2850.4613610397323 0.33788800421754067 1163647.6023743495
2852.0054703852966 0.33770097307961761 1163838.7781024796
2853.5498915912917 0.33751392705199224 1164029.7519509071
2855.0946246422977 0.33732686620853675 1164220.5240722005
2856.6396695227736 0.33713979062312954 1164411.0946188888
2858.185026217061 0.33695270036965441 1164601.4637434613
2859.7306947093798 0.33676559552200136 1164791.6315983678
2861.2766749838333 0.33657847615406594 1164981.5983360186
2862.8229670244036 0.33639134233974949 1165171.3641087834
2864.3695708149553 0.33620419415295888 1165360.9290689924
2865.9164863392325 0.33601703166760699 1165550.2933689347
2867.4637135808607 0.33582985495761214 1165739.4571608603
2869.011252523348 0.33564266409689819 1165928.4205969775
2870.5591031500812 0.33545545915939484 1166117.1838294545
2872.1072654443301 0.33526824021903706 1166305.7470104187
2873.6557393892449 0.33508100734976565 1166494.1102919565
2875.2045249678563 0.33489376062552667 1166682.273826113
2876.753622163078 0.33470650012027175 1166870.2377648922
2878.3030309577043 0.33451922590795796 1167058.0022602568
2879.8527513344106 0.33433193806254774 1167245.5674641279
2881.4027832757547 0.33414463665800903 1167432.9335283851
2882.9531267641742 0.33395732176831489 1167620.1006048662
2884.5037817819898 0.33376999346744413 1167807.0688453668
2886.0547483114033 0.33358265182938018 1167993.8384016408
2887.6060263344984 0.33339529692811248 1168180.4094253997
2889.1576158332409 0.33320792883763539 1168366.7820683126
2890.7095167894772 0.33302054763194827 1168552.9564820065
2892.261729184936 0.33283315338505592 1168738.9328180652
2893.8142530012287 0.33264574617096826 1168924.7112280303
2895.3670882198485 0.33245832606370029 1169110.2918634005
2896.9202348221693 0.33227089313727198 1169295.674875631
2898.4736927894483 0.33208344746570861 1169480.8604161344
2900.0274621028243 0.33189598912304047 1169665.8486362796
2901.5815427433186 0.33170851818330255 1169850.6396873924
2903.1359346918343 0.33152103472053512 1170035.2337207552
2904.6906379291572 0.33133353880878319 1170219.6308876062
2906.2456524359554 0.33114603052209696 1170403.8313391402
2907.8009781927785 0.33095850993453135 1170587.8352265079
2909.3566151800596 0.33077097712014591 1170771.6427008156
2910.9125633781146 0.33058343215300556 1170955.2539131262
2912.4688227671395 0.33039587510717955 1171138.6690144576
2914.0253933272161 0.33020830605674206 1171321.8881557835
2915.5822750383068 0.3300207250757719 1171504.9114880331
2917.1394678802571 0.32983313223835281 1171687.7391620907
2918.6969718327955 0.32964552761857319 1171870.3713287953
2920.2547868755332 0.32945791129052587 1172052.8081389421
2921.812912987964 0.3292702833283086 1172235.0497432798
2923.3713501494649 0.32908264380602331 1172417.0962925132
2924.9300983392959 0.32889499279777695 1172598.9479373004
2926.4891575365996 0.32870733037768074 1172780.604828255
2928.048527720402 0.32851965661985061 1172962.0671159443
2929.608208869613 0.32833197159840655 1173143.3349508906
2931.1682009630231 0.32814427538747359 1173324.4084835697
2932.7285039793092 0.32795656806118073 1173505.2878644117
2934.2891178970294 0.32776884969366132 1173685.9732438002
2935.8500426946257 0.32758112035905357 1173866.4647720731
2937.4112783504238 0.32739338013149955 1174046.7625995213
2938.9728248426322 0.32720562908514572 1174226.8668763901
2940.5346821493436 0.32701786729414301 1174406.7777528767
2942.0968502485334 0.32683009483264641 1174586.4953791331
2943.6593291180616 0.32664231177481517 1174766.0199052633
2945.2221187356704 0.32645451819481269 1174945.351481325
2946.7852190789881 0.32626671416680669 1175124.4902573286
2948.3486301255239 0.32607889976496868 1175303.4363832369
2949.9123518526731 0.3258910750634747 1175482.1900089656
2951.4763842377129 0.32570324013650453 1175660.7512843828
2953.0407272578059 0.32551539505824201 1175839.1203593093
2954.6053808899987 0.32532753990287527 1176017.297383518
2956.1703451112207 0.3251396747445961 1176195.2825067334
2957.735619898287 0.3249517996576004 1176373.075878633
2959.301205227895 0.32476391471608784 1176550.6776488451
2960.8671010766275 0.32457601999426222 1176728.0879669511
2962.4333074209512 0.32438811556633113 1176905.3069824826
2963.9998242372171 0.32420020150650591 1177082.334844924
2965.566651501661 0.32401227788900155 1177259.1717037102
2967.1337891904022 0.3238243447880374 1177435.8177082282
2968.7012372794447 0.32363640227783574 1177612.2730078155
2970.2689957446773 0.32344845043262321 1177788.5377517606
2971.8370645618734 0.32326048932662976 1177964.612089304
2973.4054437066911 0.32307251903408946 1178140.4961696358
2974.9741331546725 0.32288453962923924 1178316.1901418974
2976.5431328812447 0.32269655118632051 1178491.6941551811
2978.11244286172 0.32250855377957749 1178667.0083585286
2979.6820630712955 0.3223205474832585 1178842.1329009333
2981.2519934850525 0.32213253237161515 1179017.0679313377
2982.8222340779575 0.32194450851890238 1179191.8135986354
2984.3927848248622 0.3217564759993789 1179366.3700516694
2985.9636457005031 0.32156843488730641 1179540.7374392326
2987.534816679502 0.32138038525695056 1179714.9159100684
2989.1062977363658 0.32119232718257995 1179888.9056128687
2990.6780888454869 0.3210042607384665 1180062.7066962759
2992.2501899811418 0.32081618599888578 1180236.3193088814
2993.8226011174938 0.32062810303811634 1180409.7435992262
2995.39532222859 0.32044001193044008 1180582.9797158006
2996.9683532883641 0.32025191275014209 1180756.0278070434
2998.5416942706356 0.32006380557151071 1180928.8880213432
3000.1153451491077 0.31987569046883729 1181101.5605070367
3001.6893058973715 0.31968756751641642 1181274.0454124105
3003.2635764889014 0.31949943678854592 1181446.3428856984
3004.8381568970594 0.31931129835952637 1181618.4530750841
3006.4130470950922 0.31912315230366151 1181790.3761286989
3007.9882470561324 0.31893499869525843 1181962.1121946226
3009.5637567531985 0.31874683760862677 1182133.6614208834
3011.1395761591948 0.31855866911807912 1182305.0239554576
3012.7157052469124 0.31837049329793138 1182476.1999462694
3014.2921439890265 0.31818231022250193 1182647.1895411906
3015.8688923581008 0.31799411996611221 1182817.992888042
3017.445950326583 0.3178059226030866 1182988.6101345904
3019.0233178668082 0.31761771820775209 1183159.0414285515
3020.6009949509971 0.31742950685443849 1183329.2869175875
3022.1789815512566 0.31724128861747847 1183499.3467493088
3023.7572776395805 0.31705306357120727 1183669.2210712724
3025.3358831878486 0.31686483178996289 1183838.9100309832
3026.9147981678275 0.31667659334808612 1184008.413775892
3028.49402255117 0.31648834831992007 1184177.7324533977
3030.0735563094149 0.31630009677981075 1184346.8662108455
3031.6533994139886 0.31611183880210658 1184515.8151955272
3033.2335518362029 0.31592357446115854 1184684.5795546812
3034.8140135472581 0.3157353038313202 1184853.1594354929
3036.3947845182392 0.31554702698694759 1185021.5549850941
3037.9758647201197 0.31535874400239905 1185189.766350562
3039.5572541237589 0.31517045495203555 1185357.7936789209
3041.1389526999033 0.31498215991022033 1185525.6371171412
3042.7209604191871 0.31479385895131906 1185693.2968121388
3044.3032772521301 0.31460555214969976 1185860.7729107756
3045.88590316914 0.31441723957973255 1186028.0655598596
3047.4688381405122 0.31422892131579028 1186195.1749061446
3049.0520821364275 0.31404059743224749 1186362.1010963293
3050.635635126956 0.31385226800348137 1186528.8442770583
3052.2194970820537 0.31366393310387114 1186695.4045949217
3053.8036679715647 0.31347559280779796 1186861.7821964552
3055.3881477652199 0.31328724718964579 1187027.9772281386
3056.9729364326381 0.31309889632379984 1187193.989836398
3058.5580339433259 0.31291054028464804 1187359.8201676039
3060.143440266676 0.3127221791465799 1187525.4683680716
3061.7291553719706 0.31253381298398736 1187690.9345840616
3063.3151792283784 0.31234544187126412 1187856.2189617783
3064.9015118049556 0.3121570658828059 1188021.3216473719
3066.4881530706475 0.31196868509301023 1188186.2427869362
3068.0751029942862 0.31178029957627656 1188350.9825265098
3069.6623615445915 0.31159190940700643 1188515.541012075
3071.2499286901716 0.31140351465960298 1188679.918389559
3072.8378043995231 0.31121511540847119 1188844.1148048332
3074.4259886410296 0.31102671172801788 1189008.1304037124
3076.0144813829638 0.3108383036926517 1189171.9653319556
3077.6032825934853 0.31064989137678278 1189335.6197352654
3079.192392240644 0.31046147485482312 1189499.0937592888
3080.7818102923752 0.31027305420118634 1189662.3875496157
3082.3715367165055 0.31008462949028787 1189825.5012517797
3083.9615714807474 0.30989620079654429 1189988.4350112581
3085.5519145527037 0.30970776819437412 1190151.1889734718
3087.1425658998642 0.30951933175819746 1190313.7632837838
3088.7335254896084 0.30933089156243548 1190476.1580875015
3090.3247932892032 0.30914244768151161 1190638.3735298747
3091.9163692658058 0.30895400018984992 1190800.4097560965
3093.5082533864597 0.30876554916187643 1190962.2669113029
3095.1004456180999 0.30857709467201827 1191123.945140572
3096.692945927548 0.30838863679470413 1191285.4445889257
3098.2857542815159 0.30820017560436402 1191446.7654013277
3099.878870646603 0.30801171117542908 1191607.9077226843
3101.4722949892989 0.30782324358233198 1191768.8716978445
3103.0660272759819 0.3076347728995063 1191929.6574715993
3104.6600674729189 0.30744629920138733 1192090.2651886824
3106.2544155462665 0.30725782256241108 1192250.6949937691
3107.8490714620698 0.30706934305701494 1192410.9470314775
3109.444035186264 0.30688086075963755 1192571.0214463666
3111.0393066846732 0.30669237574471825 1192730.9183829385
3112.6348859230106 0.3065038880866981 1192890.6379856362
3114.2307728668789 0.30631539786001832 1193050.1803988446
3115.8269674817707 0.30612690513912205 1193209.5457668907
3117.4234697330676 0.30593840999845273 1193368.7342340422
3119.0202795860405 0.3057499125124552 1193527.7459445088
3120.6173970058508 0.30556141275557502 1193686.5810424418
3122.2148219575488 0.3053729108022587 1193845.2396719325
3123.8125544060745 0.30518440672695357 1194003.721977015
3125.410594316259 0.30499590060410775 1194162.0281016638
3127.0089416528212 0.30480739250817046 1194320.158189794
3128.607596380371 0.3046188825135912 1194478.112385262
3130.2065584634088 0.30443037069482082 1194635.8908318654
3131.8058278663234 0.3042418571263103 1194793.4936733413
3133.4054045533949 0.30405334188251187 1194950.9210533693
3135.0052884887932 0.30386482503787782 1195108.1731155682
3136.6054796365784 0.30367630666686168 1195265.2500034976
3138.2059779607007 0.30348778684391714 1195422.1518606576
3139.806783425 0.30329926564349863 1195578.8788304885
3141.4078959932071 0.3031107431400612 1195735.4310563712
3143.009315628944 0.30292221940806024 1195891.8086816266
3144.6110422957217 0.30273369452195165 1196048.0118495151
3146.2130759569422 0.30254516855619207 1196204.0407032382
3147.8154165758983 0.30235664158523812 1196359.8953859361
3149.4180641157732 0.30216811368354723 1196515.5760406901
3151.02101853964 0.3019795849255768 1196671.08281052
3152.6242798104636 0.30179105538578493 1196826.4158383855
3154.2278478910994 0.30160252513863001 1196981.5752671869
3155.8317227442935 0.30141399425857018 1197136.5612397632
3157.4359043326822 0.30122546282006457 1197291.3738988924
3159.0403926187937 0.301036930897572 1197446.0133872929
3160.6451875650473 0.30084839856555184 1197600.4798476214
3162.2502891337517 0.30065986589846322 1197754.7734224743
3163.8556972871088 0.30047133297076589 1197908.8942543871
3165.4614119872099 0.30028279985691925 1198062.8424858341
3167.0674331960381 0.30009426663138306 1198216.6182592288
3168.6737608754684 0.29990573336861698 1198370.2217169232
3170.2803949872659 0.29971720014308073 1198523.6530012081
3171.8873354930884 0.2995286670292342 1198676.9122543135
3173.4945823544836 0.29934013410153676 1198829.9996184076
3175.1021355328912 0.29915160143444819 1198982.9152355972
3176.7099949896433 0.29896306910242798 1199135.6592479278
3178.318160685963 0.29877453717993546 1199288.2317973829
3179.926632582964 0.29858600574142979 1199440.6330258844
3181.535410641653 0.29839747486137008 1199592.8630752927
3183.1444948229278 0.29820894461421499 1199744.9220874065
3184.7538850875785 0.29802041507442317 1199896.810203962
3186.3635813962865 0.29783188631645274 1200048.5275666337
3187.973583709625 0.29764335841476186 1200200.0743170341
3189.5838919880598 0.29745483144380791 1200351.4505967137
3191.1945061919482 0.29726630547804833 1200502.6565471604
3192.8054262815399 0.29707778059193979 1200653.6923098001
3194.4166522169758 0.29688925685993883 1200804.5580259962
3196.0281839582899 0.29670073435650141 1200955.2538370497
3197.6400214654082 0.29651221315608284 1201105.7798841991
3199.2521646981486 0.2963236933331384 1201256.1363086205
3200.864613616222 0.29613517496212222 1201406.3232514267
3202.4773681792312 0.29594665811748816 1201556.3408536685
3204.0904283466716 0.29575814287368968 1201706.1892563337
3205.703794077931 0.29556962930517916 1201855.8686003471
3207.3174653322894 0.29538111748640883 1202005.3790265706
3208.9314420689198 0.29519260749182963 1202154.7206758028
3210.5457242468879 0.29500409939589223 1202303.8936887796
3212.1603118251519 0.29481559327304652 1202452.8982061737
3213.7752047625631 0.29462708919774144 1202601.7343685944
3215.390403017866 0.29443858724442501 1202750.402316588
3217.0059065496957 0.29425008748754483 1202898.9021906366
3218.6217153165826 0.29406159000154736 1203047.23413116
3220.2378292769495 0.29387309486087804 1203195.3982785135
3221.8542483891119 0.29368460213998171 1203343.3947729897
3223.4709726112783 0.29349611191330205 1203491.2237548165
3225.0880019015513 0.29330762425528173 1203638.8853641592
3226.7053362179249 0.29311913924036254 1203786.3797411185
3228.3229755182879 0.29293065694298503 1203933.7070257314
3229.9409197604218 0.2927421774375889 1204080.8673579709
3231.5591689020016 0.2925537007986127 1204227.8608777465
3233.1777229005957 0.29236522710049367 1204374.6877249032
3234.7965817136655 0.2921767564176681 1204521.3480392217
3236.4157452985664 0.29198828882457095 1204667.8419604192
3238.035213612548 0.29179982439563595 1204814.1696281477
3239.6549866127521 0.29161136320529585 1204960.3311819953
3241.275064256215 0.29142290532798171 1205106.3267614862
3242.8954464998669 0.2912344508381236 1205252.1565060792
3244.5161333005308 0.29104599981015006 1205397.8205551691
3246.1371246149247 0.29085755231848848 1205543.3190480862
3247.7584203996607 0.29066910843756444 1205688.6521240957
3249.3800206112433 0.29048066824180263 1205833.8199223985
3251.0019252060724 0.29029223180562591 1205978.8225821308
3252.6241341404407 0.29010379920345569 1206123.6602423629
3254.2466473705367 0.28991537050971217 1206268.3330421015
3255.8694648524415 0.28972694579881364 1206412.8411202871
3257.4925865421314 0.28953852514517692 1206557.1846157964
3259.1160123954764 0.28935010862321719 1206701.3636674401
3260.7397423682414 0.28916169630734839 1206845.3784139641
3262.3637764160853 0.28897328827198215 1206989.2289940484
3263.9881144945621 0.28878488459152879 1207132.9155463087
3265.6127565591182 0.28859648534039711 1207276.4382092946
3267.2377025650976 0.28840809059299355 1207419.7971214906
3268.8629524677358 0.28821970042372341 1207562.9924213155
3270.4885062221656 0.28803131490698985 1207706.0242471227
3272.114363783413 0.28784293411719414 1207848.8927372
3273.7405251063997 0.28765455812873586 1207991.5980297693
3275.3669901459411 0.28746618701601256 1208134.1402629868
3276.9937588567486 0.28727782085342013 1208276.519574943
3278.6208311934274 0.28708945971535205 1208418.7361036623
3280.2482071104782 0.2869011036762002 1208560.789987104
3281.8758865622976 0.28671275281035424 1208702.6813631603
3283.5038695031762 0.28652440719220196 1208844.4103696579
3285.1321558872996 0.28633606689612895 1208985.9771443575
3286.7607456687492 0.28614773199651866 1209127.3818249532
3288.3896388015023 0.28595940256775249 1209268.6245490734
3290.0188352394302 0.28577107868420976 1209409.7054542797
3291.6483349362998 0.28558276042026737 1209550.6246780679
3293.2781378457739 0.28539444785030021 1209691.382357867
3294.9082439214108 0.28520614104868097 1209831.9786310394
3296.5386531166641 0.28501784008977965 1209972.4136348816
3298.1693653848829 0.28482954504796454 1210112.6875066229
3299.8003806793122 0.28464125599760098 1210252.8003834265
3301.4316989530917 0.28445297301305245 1210392.7524023883
3303.0633201592586 0.28426469616867978 1210532.5437005379
3304.6952442507445 0.28407642553884149 1210672.174414838
3306.327471180377 0.28388816119789345 1210811.6446821843
3307.9600009008809 0.28369990322018934 1210950.9546394059
3309.5928333648749 0.28351165168007997 1211090.1044232647
3311.225968524875 0.28332340665191386 1211229.0941704554
3312.8594063332939 0.28313516821003709 1211367.9240176061
3314.4931467424394 0.28294693642879271 1211506.5941012774
3316.1271897045149 0.28275871138252157 1211645.1045579624
3317.7615351716204 0.28257049314556154 1211783.4555240877
3319.3961830957542 0.282382281792248 1211921.6471360121
3321.0311334288081 0.28219407739691349 1212059.6795300273
3322.6663861225716 0.28200588003388788 1212197.5528423572
3324.3019411287314 0.28181768977749816 1212335.2672091587
3325.9377983988693 0.28162950670206865 1212472.822766521
3327.5739578844637 0.28144133088192091 1212610.2196504653
3329.2104195368906 0.28125316239137327 1212747.4579969458
3330.8471833074227 0.28106500130474155 1212884.5379418489
3332.4842491472291 0.28087684769633847 1213021.4596209931
3334.1216170073744 0.28068870164047371 1213158.2231701289
3335.7592868388215 0.28050056321145417 1213294.8287249396
3337.3972585924307 0.28031243248358356 1213431.2764210398
3339.0355322189571 0.2801243095311628 1213567.566393977
3340.6741076690546 0.27993619442848933 1213703.69877923
3342.312984893274 0.27974808724985789 1213839.67371221
3343.9521638420624 0.27955998806955989 1213975.4913282602
3345.5916444657637 0.27937189696188369 1214111.1517626548
3347.2314267146216 0.27918381400111419 1214246.6551506007
3348.8715105387741 0.27899573926153348 1214382.0016272361
3350.5118958882576 0.27880767281742008 1214517.1913276317
3352.1525827130063 0.27861961474304942 1214652.2243867887
3353.7935709628514 0.27843156511269351 1214787.1009396403
3355.4348605875211 0.27824352400062119 1214921.8211210519
3357.0764515366427 0.27805549148109759 1215056.3850658194
3358.7183437597387 0.27786746762838477 1215190.7929086708
3360.360537206232 0.27767945251674142 1215325.0447842653
3362.0030318254408 0.27749144622042249 1215459.1408271936
3363.6458275665832 0.27730344881367958 1215593.0811719778
3365.2889243787727 0.27711546037076079 1215726.8659530708
3366.9323222110229 0.27692748096591069 1215860.4953048571
3368.5760210122439 0.27673951067337021 1215993.9693616522
3370.2200207312444 0.27655154956737688 1216127.2882577027
3371.8643213167306 0.27636359772216423 1216260.4521271863
3373.5089227173075 0.27617565521196269 1216393.4611042121
3375.1538248814782 0.27598772211099842 1216526.3153228196
3376.7990277576432 0.27579979849349412 1216659.0149169795
3378.4445312941011 0.27561188443366891 1216791.5600205935
3380.0903354390498 0.27542398000573776 1216923.950767494
3381.7364401405862 0.27523608528391214 1217056.187291444
3383.3828453467036 0.27504820034239974 1217188.2697261376
3385.0295510052947 0.27486032525540399 1217320.1982051996
3386.6765570641505 0.27467246009712482 1217451.9728621852
3388.3238634709614 0.27448460494175803 1217583.5938305801
3389.9714701733151 0.2742967598634955 1217715.0612438011
3391.6193771186995 0.27410892493652528 1217846.3752351953
3393.2675842545004 0.2739211002350313 1217977.5359380399
3394.9160915280013 0.27373328583319334 1218108.543485543
3396.5648988863863 0.27354548180518728 1218239.398010843
3398.214006276738 0.2733576882251848 1218370.0996470083
3399.8634136460373 0.27316990516735357 1218500.6485270383
3401.5131209411647 0.27298213270585703 1218631.0447838618
3403.1631281088999 0.27279437091485426 1218761.2885503385
3404.8134350959208 0.27260661986850049 1218891.3799592583
3406.4640418488052 0.27241887964094647 1219021.3191433407
3408.1149483140302 0.27223115030633871 1219151.1062352355
3409.7661544379712 0.27204343193881936 1219280.7413675226
3411.4176601669037 0.27185572461252644 1219410.2246727122
3413.0694654470035 0.27166802840159343 1219539.5562832439
3414.7215702243434 0.27148034338014948 1219668.736331488
3416.3739744448981 0.27129266962231924 1219797.7649497436
3418.0266780545408 0.27110500720222303 1219926.6422702405
3419.6796809990446 0.27091735619397667 1220055.3684251381
3421.3329832240815 0.27072971667169149 1220183.9435465257
3422.9865846752241 0.27054208870947416 1220312.3677664215
3424.640485297944 0.27035447238142685 1220440.6412167747
3426.2946850376134 0.27016686776164717 1220568.7640294633
3427.9491838395038 0.26997927492422819 1220696.7363362948
3429.6039816487869 0.26979169394325808 1220824.5582690067
3431.2590784105346 0.26960412489282054 1220952.229959266
3432.9144740697179 0.26941656784699447 1221079.7515386688
3434.5701685712088 0.26922902287985406 1221207.1231387407
3436.2261618597786 0.26904149006546874 1221334.3448909372
3437.8824538801 0.26885396947790302 1221461.4169266429
3439.5390445767453 0.26866646119121679 1221588.3393771714
3441.195933894187 0.26847896527946497 1221715.112373766
3442.8531217767977 0.26829148181669754 1221841.7360475992
3444.5106081688509 0.26810401087695962 1221968.2105297726
3446.1683930145205 0.26791655253429131 1222094.5359513171
3447.826476257881 0.26772910686272805 1222220.7124431925
3449.4848578429073 0.26754167393629974 1222346.7401362879
3451.1435377134744 0.26735425382903177 1222472.6191614217
3452.8025158133596 0.26716684661494405 1222598.3496493406
3454.4617920862388 0.26697945236805165 1222723.9317307211
3456.1213664756897 0.26679207116236459 1222849.3655361682
3457.7812389251917 0.26660470307188744 1222974.651196216
3459.4414093781238 0.26641734817061974 1223099.7888413277
3461.1018777777667 0.26623000653255602 1223224.7786018944
3462.7626440673012 0.26604267823168504 1223349.6206082376
3464.4237081898104 0.265855363341991 1223474.3149906059
3466.0850700882775 0.26566806193745229 1223598.8618791779
3467.7467297055878 0.26548077409204202 1223723.2614040603
3469.4086869845264 0.26529349987972822 1223847.5136952887
3471.0709418677816 0.26510623937447336 1223971.618882827
3472.733494297941 0.26491899265023433 1224095.5770965684
3474.3963442174959 0.26473175978096292 1224219.388466334
3476.0594915688366 0.26454454084060519 1224343.0531218739
3477.7229362942562 0.26435733590310184 1224466.5711928662
3479.3866783359499 0.26417014504238789 1224589.9428089182
3481.0507176360134 0.26398296833239299 1224713.168099565
3482.715054136444 0.26379580584704115 1224836.2471942701
3484.379687779141 0.2636086576602506 1224959.1802224261
3486.0446185059068 0.26342152384593409 1225081.967313353
3487.7098462584436 0.26323440447799862 1225204.6085962998
3489.3753709783559 0.26304729963034557 1225327.1042004437
3491.0411926071511 0.26286020937687055 1225449.4542548896
3492.707311086238 0.26267313379146323 1225571.6588886715
3494.3737263569274 0.26248607294800774 1225693.7182307506
3496.0404383604318 0.26229902692038237 1225815.6324100173
3497.7074470378666 0.26211199578245931 1225937.401555289
3499.3747523302491 0.26192497960810518 1226059.0257953121
3501.042354178498 0.26173797847118047 1226180.5052587609
3502.7102525234363 0.26155099244553975 1226301.840074237
3504.3784473057876 0.26136402160503175 1226423.0303702713
3506.0469384661787 0.26117706602349916 1226544.0762753212
3507.7157259451383 0.26099012577477865 1226664.9779177732
3509.384809683098 0.26080320093270065 1226785.7354259414
3511.0541896203918 0.26061629157108968 1226906.3489280671
3512.7238656972572 0.26042939776376423 1227026.8185523208
3514.3938378538328 0.26024251958453654 1227147.1444267994
3516.0641060301609 0.26005565710721251 1227267.3266795285
3517.7346701661863 0.25986881040559212 1227387.3654384611
3519.4055302017573 0.259681979553469 1227507.2608314781
3521.0766860766244 0.25949516462463057 1227627.0129863878
3522.7481377304407 0.25930836569285781 1227746.6220309269
3524.4198851027641 0.25912158283192555 1227866.0880927588
3526.091928133053 0.25893481611560215 1227985.4112994752
3527.7642667606706 0.25874806561764979 1228104.5917785952
3529.436900924883 0.25856133141182397 1228223.6296575654
3531.1098305648597 0.25837461357187402 1228342.5250637601
3532.7830556196732 0.25818791217154252 1228461.278124481
3534.4565760282981 0.25800122728456582 1228579.8889669571
3536.1303917296154 0.25781455898467359 1228698.3577183452
3537.8045026624063 0.25762790734558905 1228816.6845057297
3539.478908765358 0.25744127244102888 1228934.8694561215
3541.1536099770587 0.25725465434470279 1229052.9126964598
3542.828606236003 0.25706805313031444 1229170.8143536111
3544.5038974805866 0.25688146887156038 1229288.5745543684
3546.1794836491117 0.2566949016421306 1229406.193425453
3547.8553646797814 0.25650835151570828 1229523.671093513
3549.5315405107044 0.25632181856597003 1229641.0076851237
3551.208011079892 0.25613530286658548 1229758.2033267878
3552.8847763252606 0.25594880449121765 1229875.2581449351
3554.5618361846309 0.25576232351352257 1229992.1722659227
3556.2391905957256 0.25557586000714938 1230108.9458160347
3557.9168394961735 0.25538941404574034 1230225.5789214824
3559.5947828235066 0.25520298570293093 1230342.0717084042
3561.273020515162 0.25501657505234954 1230458.4243028655
3562.9515525084789 0.25483018216761744 1230574.6368308591
3564.6303787407037 0.25464380712234924 1230690.7094183045
3566.3094991489843 0.25445744999015213 1230806.6421910482
3567.988913670375 0.25427111084462645 1230922.4352748638
3569.6686222418334 0.25408478975936549 1231038.0887954521
3571.3486248002228 0.25389848680795513 1231153.6028784404
3573.0289212823104 0.25371220206397427 1231268.977649383
3574.7095116247669 0.25352593560099468 1231384.2132337613
3576.3903957641701 0.25333968749258085 1231499.3097569838
3578.0715736370012 0.25315345781228987 1231614.2673443849
3579.7530451796456 0.25296724663367176 1231729.0861212271
3581.4348103283942 0.25278105403026924 1231843.766212699
3583.1168690194422 0.25259488007561748 1231958.3077439156
3584.7992211888914 0.2524087248432445 1232072.7108399197
3586.4818667727468 0.25222258840667083 1232186.9756256798
3588.1648057069192 0.25203647083940955 1232301.1022260918
3589.8480379272241 0.25185037221496642 1232415.0907659782
3591.5315633693831 0.25166429260683948 1232528.9413700881
3593.2153819690216 0.2514782320885196 1232642.6541630973
3594.8994936616714 0.25129219073348968 1232756.2292696082
3596.5838983827693 0.2511061686152255 1232869.6668141494
3598.2685960676577 0.25092016580719489 1232982.9669211768
3599.9535866515835 0.25073418238285827 1233096.1297150725
3601.6388700696998 0.25054821841566827 1233209.1553201454
3603.3244462570656 0.25036227397907002 1233322.0438606311
3605.0103151486455 0.25017634914650067 1233434.7954606907
3606.6964766793076 0.24999044399138978 1233547.4102444132
3608.3829307838291 0.24980455858715922 1233659.8883358131
3610.0696773968907 0.24961869300722284 1233772.2298588317
3611.7567164530792 0.24943284732498691 1233884.4349373367
3613.4440478868869 0.24924702161384965 1233996.5036951224
3615.1316716327128 0.24906121594720154 1234108.436255909
3616.8195876248633 0.24887543039842497 1234220.232743344
3618.5077957975473 0.24868966504089446 1234331.8932810004
3620.1962960848819 0.2485039199479766 1234443.4179923781
3621.8850884208905 0.24831819519303008 1234554.8070009029
3623.5741727395016 0.24813249084940531 1234666.0604299272
3625.2635489745517 0.24794680699044475 1234777.1784027296
3626.9532170597804 0.24776114368948279 1234888.1610425152
3628.6431769288379 0.24757550101984571 1234999.0084724152
3630.3334285152773 0.2473898790548516 1235109.720815487
3632.0239717525596 0.24720427786781043 1235220.2981947144
3633.7148065740521 0.24701869753202393 1235330.740733007
3635.4059329130287 0.24683313812078556 1235441.0485532011
3637.0973507026697 0.24664759970738057 1235551.2217780591
3638.7890598760628 0.24646208236508579 1235661.2605302697
3640.4810603662008 0.24627658616716996 1235771.164932447
3642.173352105985 0.24609111118689336 1235880.9351071322
3643.8659350282223 0.24590565749750773 1235990.571176792
3645.558809065627 0.24572022517225672 1236100.0732638196
3647.2519741508208 0.24553481428437518 1236209.4414905338
3648.9454302163317 0.24534942490708986 1236318.6759791798
3650.6391771945941 0.24516405711361863 1236427.7768519295
3652.3332150179513 0.24497871097717125 1236536.7442308795
3654.0275436186521 0.24479338657094862 1236645.5782380532
3655.7221629288533 0.24460808396814318 1236754.2789954003
3657.4170728806189 0.24442280324193871 1236862.8466247958
3659.11227340592 0.24423754446551033 1236971.2812480414
3660.8077644366349 0.24405230771202466 1237079.5829868645
3662.5035459045494 0.24386709305463936 1237187.7519629179
3664.1996177413566 0.24368190056650357 1237295.788297781
3665.8959798786582 0.24349673032075758 1237403.6921129595
3667.5926322479618 0.24331158239053294 1237511.4635298839
3669.2895747806838 0.24312645684895245 1237619.1026699117
3670.9868074081478 0.24294135376912984 1237726.6096543253
3672.6843300615856 0.24275627322417012 1237833.984604334
3674.3821426721361 0.24257121528716952 1237941.2276410724
3676.0802451708464 0.24238618003121509 1238048.3388856007
3677.7786374886718 0.24220116752938509 1238155.3184589059
3679.4773195564744 0.24201617785474883 1238262.1664818996
3681.1762913050252 0.24183121108036632 1238368.8830754203
3682.8755526650034 0.24164626727928895 1238475.4683602315
3684.5751035669964 0.24146134652455872 1238581.9224570233
3686.2749439414983 0.24127644888920863 1238688.245486411
3687.9750737189133 0.24109157444626256 1238794.4375689358
3689.6754928295527 0.24090672326873525 1238900.4988250646
3691.3762012036364 0.24072189542963207 1239006.4293751905
3693.0771987712928 0.2405370910019495 1239112.2293396317
3694.7784854625588 0.24035231005867447 1239217.8988386325
3696.4800612073795 0.24016755267278486 1239323.4379923632
3698.181925935608 0.23998281891724904 1239428.8469209191
3699.884079577007 0.2397981088650262 1239534.1257443216
3701.5865220612477 0.23961342258906621 1239639.274582518
3703.2892533179092 0.23942876016230924 1239744.293555381
3704.9922732764808 0.23924412165768646 1239849.1827827091
3706.6955818663578 0.23905950714811933 1239953.9423842262
3708.3991790168475 0.23887491670651984 1240058.5724795824
3710.1030646571644 0.23869035040579059 1240163.0731883529
3711.8072387164325 0.23850580831882462 1240267.4446300385
3713.5117011236844 0.23832129051850531 1240371.6869240664
3715.2164518078621 0.23813679707770652 1240475.8001897885
3716.9214906978164 0.23795232806929253 1240579.7845464828
3718.6268177223069 0.23776788356611786 1240683.6401133528
3720.3324328100043 0.23758346364102745 1240787.3670095277
3722.0383358894865 0.23739906836685648 1240890.9653540622
3723.7445268892407 0.23721469781643045 1240994.4352659364
3725.4510057376656 0.23703035206256495 1241097.7768640562
3727.1577723630671 0.23684603117806605 1241200.990267253
3728.8648266936611 0.23666173523572975 1241304.0755942839
3730.5721686575735 0.23647746430834221 1241407.032963831
3732.2797981828403 0.23629321846867987 1241509.8624945024
3733.9877151974056 0.23610899778950917 1241612.5643048319
3735.695919629125 0.23592480234358659 1241715.1385132784
3737.4044114057619 0.23574063220365857 1241817.5852382265
3739.1131904549907 0.23555648744246185 1241919.9045979863
3740.8222567043958 0.23537236813272286 1242022.0967107934
3742.5316100814712 0.23518827434715814 1242124.1616948091
3744.2412505136203 0.23500420615847389 1242226.0996681198
3745.9511779281579 0.23482016363936659 1242327.9107487374
3747.661392252307 0.23463614686252235 1242429.5950545999
3749.3718934132025 0.23445215590061705 1242531.15270357
3751.0826813378885 0.23426819082631661 1242632.5838134363
3752.7937559533184 0.23408425171227634 1242733.8885019124
3754.5051171863583 0.23390033863114185 1242835.0668866383
3756.2167649637827 0.233716451655548 1242936.1190851782
3757.9286992122775 0.2335325908581195 1243037.0452150232
3759.6409198584383 0.2333487563114707 1243137.8453935883
3761.3534268287717 0.2331649480882057 1243238.519738215
3763.0662200496945 0.23298116626091811 1243339.0683661697
3764.779299447534 0.23279741090219103 1243439.4913946448
3766.4926649485283 0.23261368208459723 1243539.7889407573
3768.206316478826 0.23242997988069894 1243639.9611215503
3769.920253964488 0.232246304363048 1243740.0080539922
3771.6344773314836 0.23206265560418546 1243839.9298549762
3773.3489865056945 0.23187903367664209 1243939.7266413218
3775.0637814129127 0.23169543865293782 1244039.3985297733
3776.7788619788412 0.23151187060558204 1244138.9456370007
3778.4942281290946 0.23132832960707359 1244238.368079599
3780.2098797891981 0.23114481572990053 1244337.6659740892
3781.9258168845872 0.23096132904654026 1244436.8394369171
3783.6420393406102 0.23077786962945929 1244535.8885844541
3785.358547082526 0.23059443755111345 1244634.8135329972
3787.0753400355043 0.23041103288394793 1244733.6143987684
3788.7924181246262 0.23022765570039694 1244832.2912979154
3790.509781274885 0.2300443060728837 1244930.8443465109
3792.2274294111844 0.22986098407382094 1245029.2736605534
3793.9453624583402 0.22967768977561004 1245127.5793559663
3795.66358034108 0.22949442325064176 1245225.761548599
3797.382082984042 0.22931118457129571 1245323.8203542253
3799.1008703117773 0.22912797380994046 1245421.7558885454
3800.8199422487473 0.22894479103893386 1245519.5682671845
3802.5392987193259 0.22876163633062246 1245617.2576056926
3804.2589396477993 0.22857850975734165 1245714.8240195459
3805.9788649583652 0.22839541139141595 1245812.2676241451
3807.6990745751323 0.22821234130515855 1245909.5885348171
3809.4195684221227 0.22802929957087159 1246006.7868668137
3811.1403464232694 0.22784628626084591 1246103.862735312
3812.8614085024187 0.22766330144736119 1246200.8162554146
3814.5827545833276 0.22748034520268584 1246297.6475421493
3816.3043845896668 0.22729741759907701 1246394.3567104698
3818.0262984450164 0.22711451870878052 1246490.9438752541
3819.748496072873 0.22693164860403081 1246587.4091513066
3821.470977396642 0.22674880735705102 1246683.7526533564
3823.1937423396425 0.22656599504005281 1246779.9744960582
3824.9167908251061 0.22638321172523651 1246876.0747939919
3826.6401227761762 0.22620045748479095 1246972.0536616626
3828.3637381159101 0.22601773239089348 1247067.9112135016
3830.0876367672772 0.22583503651570991 1247163.6475638645
3831.8118186531583 0.22565236993139459 1247259.2628270327
3833.5362836963482 0.22546973271009013 1247354.7571172132
3835.2610318195543 0.22528712492392783 1247450.1305485377
3836.986062945397 0.22510454664502705 1247545.3832350639
3838.711376996408 0.22492199794549575 1247640.5152907744
3840.4369738950345 0.22473947889742998 1247735.5268295775
3842.1628535636337 0.22455698957291437 1247830.4179653064
3843.8890159244784 0.22437453004402147 1247925.1888117201
3845.6154608997531 0.22419210038281231 1248019.839482503
3847.3421884115551 0.22400970066133616 1248114.3700912641
3849.069198381897 0.2238273309516301 1248208.7807515392
3850.7964907327014 0.22364499132571983 1248303.0715767876
3852.5240653858068 0.22346268185561882 1248397.2426803955
3854.2519222629649 0.2232804026133289 1248491.294175674
3855.9800612858389 0.22309815367083971 1248585.2261758591
3857.7084823760069 0.22291593510012905 1248679.0387941129
3859.4371854549599 0.2227337469731627 1248772.7321435222
3861.1661704441035 0.22255158936189443 1248866.3063370998
3862.8954372647549 0.22236946233826596 1248959.7614877834
3864.6249858381466 0.22218736597420696 1249053.0977084364
3866.3548160854239 0.22200530034163488 1249146.3151118471
3868.0849279276472 0.22182326551245515 1249239.4138107297
3869.8153212857887 0.22164126155856104 1249332.393917724
3871.5459960807366 0.2214592885518335 1249425.2555453945
3873.276952233291 0.22127734656414136 1249517.9988062312
3875.0081896641673 0.22109543566734127 1249610.6238126503
3876.7397082939942 0.2209135559332773 1249703.1306769925
3878.4715080433152 0.22073170743378159 1249795.5195115241
3880.2035888325868 0.22054989024067376 1249887.7904284373
3881.9359505821808 0.22036810442576096 1249979.943539849
3883.6685932123819 0.22018635006083823 1250071.9789578023
3885.401516643391 0.22000462721768782 1250163.8967942651
3887.1347207953213 0.21982293596807995 1250255.6971611308
3888.8682055882023 0.21964127638377204 1250347.3801702186
3890.6019709419761 0.21945964853650909 1250438.9459332731
3892.3360167764995 0.21927805249802368 1250530.3945619641
3894.0703430115464 0.21909648834003562 1250621.7261678868
3895.8049495668015 0.21891495613425235 1250712.9408625616
3897.5398363618665 0.21873345595236851 1250804.0387574355
3899.2750033162574 0.21855198786606619 1250895.0199638798
3901.0104503494049 0.21837055194701482 1250985.884593192
3902.7461773806535 0.21818914826687094 1251076.6327565943
3904.4821843292643 0.21800777689727879 1251167.2645652352
3906.2184711144128 0.2178264379098693 1251257.7801301882
3907.9550376551879 0.21764513137626093 1251348.1795624527
3909.6918838705947 0.2174638573680594 1251438.462972953
3911.4290096795535 0.2172826159568573 1251528.6304725395
3913.1664150009001 0.21710140721423454 1251618.6821719876
3914.9040997533843 0.2169202312117581 1251708.6181819988
3916.6420638556724 0.21673908802098199 1251798.4386131996
3918.3803072263436 0.2165579777134474 1251888.1435761424
3920.1188297838953 0.21637690036068233 1251977.733181305
3921.8576314467391 0.21619585603420183 1252067.2075390904
3923.5967121332019 0.21601484480550792 1252156.5667598278
3925.3360717615251 0.21583386674608959 1252245.8109537715
3927.0757102498669 0.21565292192742277 1252334.9402311014
3928.8156275163019 0.21547201042097008 1252423.9547019235
3930.5558234788177 0.21529113229818114 1252512.8544762686
3932.2962980553202 0.21511028763049231 1252601.6396640937
3934.0370511636288 0.21492947648932684 1252690.3103752809
3935.7780827214801 0.21474869894609461 1252778.8667196385
3937.5193926465272 0.21456795507219237 1252867.3088068997
3939.260980856337 0.2143872449390033 1252955.6367467241
3941.0028472683939 0.21420656861789766 1253043.8506486963
3942.744991800098 0.21402592618023197 1253131.9506223269
3944.4874143687648 0.21384531769734963 1253219.936777052
3946.2301148916267 0.21366474324058063 1253307.809222233
3947.9730932858315 0.21348420288124118 1253395.5680671579
3949.7163494684437 0.21330369669063445 1253483.2134210395
3951.4598833564432 0.21312322474004988 1253570.7453930166
3953.2036948667283 0.21294278710076356 1253658.1640921538
3954.9477839161113 0.21276238384403778 1253745.4696274414
3956.6921504213228 0.2125820150411214 1253832.662107795
3958.4367942990079 0.21240168076324967 1253919.7416420563
3960.1817154657292 0.21222138108164421 1254006.7083389927
3961.9269138379664 0.212041116067513 1254093.562307297
3963.6723893321155 0.21186088579205017 1254180.3036555885
3965.418141864488 0.21168069032643641 1254266.9324924115
3967.1641713513141 0.21150052974183842 1254353.4489262362
3968.9104777087387 0.21132040410940914 1254439.8530654588
3970.6570608528255 0.21114031350028781 1254526.1450184016
3972.4039206995535 0.21096025798559984 1254612.3248933114
3974.15105716482 0.21078023763645673 1254698.3927983625
3975.8984701644372 0.21060025252395603 1254784.3488416539
3977.6461596141366 0.21042030271918152 1254870.1931312105
3979.3941254295655 0.21024038829320293 1254955.9257749838
3981.1423675262881 0.21006050931707609 1255041.5468808501
3982.8908858197869 0.20988066586184273 1255127.0565566125
3984.6396802254608 0.20970085799853058 1255212.4549099992
3986.3887506586266 0.20952108579815332 1255297.7420486647
3988.1380970345176 0.20934134933171072 1255382.9180801895
3989.8877192682849 0.20916164867018813 1255467.9831120796
3991.6376172749965 0.20898198388455699 1255552.9372517671
3993.3877909696394 0.20880235504577443 1255637.78060661
3995.1382402671165 0.20862276222478357 1255722.5132838928
3996.8889650822489 0.20844320549251297 1255807.1353908246
3998.6399653297758 0.20826368491987735 1255891.6470345419
4000.391240924354 0.20808420057777688 1255976.0483221062
4002.1427917805568 0.20790475253709742 1256060.3393605056
4003.8946178128767 0.20772534086871056 1256144.5202566537
4005.6467189357236 0.20754596564347363 1256228.5911173904
4007.3990950634252 0.20736662693222951 1256312.5520494815
4009.1517461102276 0.2071873248058064 1256396.4031596191
4010.904671990294 0.20700805933501837 1256480.1445544206
4012.6578726177058 0.20682883059066492 1256563.7763404306
4014.4113479064636 0.20664963864353114 1256647.2986241188
4016.1650977704844 0.20647048356438724 1256730.7115118813
4017.9191221236051 0.20629136542398924 1256814.0151100403
4019.673420879581 0.20611228429307843 1256897.2095248443
4021.4279939520834 0.20593324024238147 1256980.2948624673
4023.1828412547047 0.20575423334261045 1257063.2712290105
4024.937962700953 0.20557526366446269 1257146.1387305004
4026.6933582042575 0.20539633127862092 1257228.8974728896
4028.4490276779643 0.20521743625575298 1257311.5475620572
4030.2049710353385 0.20503857866651201 1257394.0891038086
4031.9611881895639 0.20485975858153663 1257476.522203875
4033.7176790537428 0.20468097607145022 1257558.8469679141
4035.4744435408961 0.20450223120686156 1257641.0635015101
4037.2314815639638 0.20432352405836463 1257723.1719101726
4038.9887930358059 0.20414485469653823 1257805.172299338
4040.7463778691977 0.20396622319194657 1257887.0647743689
4042.5042359768368 0.20378762961513872 1257968.8494405546
4044.2623672713389 0.2036090740366488 1258050.5264031098
4046.0207716652376 0.20343055652699596 1258132.0957671762
4047.7794490709875 0.20325207715668414 1258213.5576378217
4049.5383994009608 0.20307363599620259 1258294.9121200403
4051.2976225674493 0.20289523311602506 1258376.1593187526
4053.057118482664 0.20271686858661042 1258457.2993388055
4054.816887058736 0.20253854247840239 1258538.3322849721
4056.576928207714 0.20236025486182929 1258619.2582619521
4058.3372418415679 0.20218200580730464 1258700.0773743715
4060.0978278721855 0.20200379538522639 1258780.7897267831
4061.8586862113752 0.20182562366597734 1258861.3954236654
4063.6198167708649 0.20164749071992497 1258941.8945694242
4065.3812194623015 0.20146939661742153 1259022.2872683911
4067.1428941972513 0.20129134142880387 1259102.5736248244
4068.9048408872018 0.20111332522439354 1259182.7537429091
4070.6670594435586 0.20093534807449662 1259262.8277267567
4072.4295497776475 0.20075741004940367 1259342.7956804046
4074.1923118007144 0.20057951121939002 1259422.6577078176
4075.9553454239253 0.20040165165471543 1259502.4139128868
4077.7186505583659 0.20022383142562403 1259582.0643994296
4079.4822271150415 0.2000460506023447 1259661.6092711906
4081.2460750048785 0.19986830925509033 1259741.0486318399
4083.010194138722 0.19969060745405867 1259820.3825849758
4084.7745844273381 0.19951294526943156 1259899.6112341217
4086.5392457814137 0.1993353227713752 1259978.7346827285
4088.3041781115544 0.19915774003004041 1260057.753034174
4090.0693813282878 0.19898019711556189 1260136.666391762
4091.8348553420601 0.1988026940980589 1260215.4748587233
4093.6006000632387 0.19862523104763485 1260294.1785382156
4095.366615402113 0.19844780803437742 1260372.7775333233
4097.1329012688893 0.19827042512835844 1260451.2719470572
4098.8994575736988 0.19809308239963372 1260529.6618823556
4100.6662842265905 0.19791577991824363 1260607.9474420829
4102.4333811375336 0.19773851775421211 1260686.1287290305
4104.2007482164199 0.19756129597754771 1260764.2058459169
4105.9683853730612 0.19738411465824263 1260842.1788953871
4107.7362925171901 0.19720697386627331 1260920.0479800133
4109.5044695584593 0.19702987367160005 1260997.8132022941
4111.272916406444 0.19685281414416717 1261075.4746646557
4113.0416329706395 0.19667579535390298 1261153.0324694505
4114.8106191604611 0.19649881737071964 1261230.4867189585
4116.5798748852476 0.19632188026451328 1261307.8375153863
4118.349400054256 0.19614498410516373 1261385.084960867
4120.1191945766668 0.19596812896253465 1261462.2291574618
4121.8892583615807 0.19579131490647378 1261539.2702071581
4123.6595913180199 0.19561454200681236 1261616.2082118702
4125.4301933549277 0.19543781033336541 1261693.0432734403
4127.20106438117 0.19526111995593176 1261769.775493637
4128.9722043055317 0.19508447094429396 1261846.4049741558
4130.7436130367205 0.19490786336821789 1261922.9318166201
4132.5152904833658 0.19473129729745356 1261999.3561225799
4134.2872365540188 0.1945547728017343 1262075.677993512
4136.0594511571517 0.19437828995077705 1262151.8975308212
4137.8319342011591 0.19420184881428229 1262228.0148358385
4139.6046855943559 0.19402544946193412 1262304.0300098229
4141.3777052449805 0.19384909196339997 1262379.9431539606
4143.1509930611919 0.19367277638833102 1262455.7543693646
4144.9245489510713 0.19349650280636152 1262531.4637570751
4146.6983728226214 0.19332027128710946 1262607.0714180602
4148.4724645837696 0.19314408190017604 1262682.5774532147
4150.2468241423603 0.19296793471514595 1262757.9819633607
4152.0214514061645 0.19279182980158699 1262833.285049248
4153.7963462828739 0.19261576722905058 1262908.4868115538
4155.5715086801001 0.19243974706707109 1262983.5873508821
4157.3469385053813 0.19226376938516637 1263058.5867677652
4159.1226356661746 0.1920878342528374 1263133.4851626619
4160.8986000698596 0.19191194173956841 1263208.2826359584
4162.6748316237399 0.19173609191482671 1263282.9792879694
4164.4513302350406 0.1915602848480629 1263357.5752189362
4166.2280958109095 0.19138452060871045 1263432.0705290281
4168.0051282584163 0.19120879926618611 1263506.465318341
4169.7824274845561 0.19103312088988983 1263580.7596868994
4171.5599933962412 0.19085748554920409 1263654.9537346547
4173.3378259003121 0.19068189331349489 1263729.0475614863
4175.115924903529 0.19050634425211097 1263803.0412672008
4176.8942903125744 0.190330838434384 1263876.9349515329
4178.6729220340558 0.19015537592962864 1263950.7287141443
4180.4518199745035 0.1899799568071425 1264024.4226546248
4182.2309840403677 0.1898045811362058 1264098.0168724919
4184.0104141380252 0.18962924898608197 1264171.5114671902
4185.7901101737734 0.18945396042601698 1264244.906538093
4187.5700720538343 0.18927871552523964 1264318.2021845006
4189.3502996843526 0.18910351435296163 1264391.3985056414
4191.1307929713967 0.18892835697837712 1264464.4956006713
4192.9115518209546 0.18875324347066333 1264537.4935686742
4194.6925761389439 0.18857817389897988 1264610.3925086621
4196.4738658311999 0.18840314833246902 1264683.1925195742
4198.2554208034853 0.18822816684025584 1264755.8937002781
4200.0372409614829 0.18805322949144787 1264828.4961495691
4201.8193262108025 0.18787833635513518 1264900.9999661702
4203.6016764569731 0.18770348750039054 1264973.4052487328
4205.3842916054509 0.18752868299626904 1265045.7120958362
4207.1671715616158 0.18735392291180841 1265117.9206059868
4208.9503162307683 0.18717920731602875 1265190.0308776204
4210.7337255181346 0.18700453627793256 1265262.0430091
4212.5173993288654 0.1868299098665048 1265333.9570987164
4214.3013375680339 0.1866553281507129 1265405.7732446892
4216.0855401406379 0.18648079119950636 1265477.4915451657
4217.870006951598 0.18630629908181731 1265549.1120982212
4219.6547379057611 0.18613185186656001 1265620.6350018592
4221.4397329078965 0.18595744962263103 1265692.0603540116
4223.2249918626967 0.18578309241890908 1265763.3882525382
4225.0105146747801 0.18560878032425529 1265834.6187952273
4226.796301248688 0.18543451340751269 1265905.7520797951
4228.5823514888871 0.18526029173750672 1265976.7882038862
4230.3686652997694 0.18508611538304492 1266047.7272650737
4232.1552425856471 0.18491198441291676 1266118.5693608583
4233.9420832507603 0.18473789889589393 1266189.3145886697
4235.7291871992729 0.18456385890073018 1266259.9630458658
4237.5165543352732 0.18438986449616115 1266330.5148297327
4239.3041845627731 0.18421591575090462 1266400.9700374852
4241.09207778571 0.18404201273366025 1266471.3287662661
4242.8802339079457 0.18386815551310964 1266541.5911131466
4244.6686528332675 0.18369434415791647 1266611.7571751268
4246.4573344653863 0.18352057873672598 1266681.8270491352
4248.2462787079376 0.18334685931816555 1266751.8008320285
4250.0354854644829 0.18317318597084425 1266821.6786205922
4251.8249546385077 0.18299955876335314 1266891.4605115403
4253.6146861334228 0.18282597776426474 1266961.1466015151
4255.4046798525642 0.1826524430421336 1267030.7369870879
4257.1949356991918 0.18247895466549582 1267100.2317647585
4258.9854535764916 0.18230551270286932 1267169.6310309551
4260.7762333875744 0.18213211722275363 1267238.934882035
4262.567275035477 0.18195876829362997 1267308.1434142839
4264.3585784231609 0.18178546598396111 1267377.2567239164
4266.1501434535121 0.18161221036219136 1267446.2749070758
4267.941970029342 0.18143900149674669 1267515.1980598336
4269.7340580533892 0.18126583945603464 1267584.0262781915
4271.5264074283159 0.18109272430844414 1267652.7596580784
4273.3190180567099 0.1809196561223457 1267721.3982953529
4275.1118898410859 0.18074663496609122 1267789.9422858029
4276.9050226838826 0.18057366090801399 1267858.3917251441
4278.6984164874657 0.18040073401642881 1267926.7467090217
4280.4920711541245 0.18022785435963179 1267995.0073330102
4282.2859865860764 0.18005502200590037 1268063.1736926124
4284.0801626854636 0.17988223702349337 1268131.2458832606
4285.8745993543544 0.17970949948065076 1268199.2240003156
4287.6692964947415 0.17953680944559403 1268267.1081390679
4289.464254008546 0.17936416698652555 1268334.8983947365
4291.2594717976135 0.17919157217162923 1268402.5948624697
4293.0549497637148 0.17901902506907008 1268470.1976373447
4294.85068780855 0.17884652574699406 1268537.7068143687
4296.6466858337399 0.17867407427352855 1268605.1224884773
4298.4429437408362 0.17850167071678183 1268672.4447545351
4300.2394614313171 0.17832931514484332 1268739.6737073364
4302.0362388065823 0.1781570076257836 1268806.8094416049
4303.8332757679636 0.177984748227654 1268873.8520519929
4305.6305722167135 0.17781253701848723 1268940.8016330828
4307.4281280540163 0.17764037406629662 1269007.6582793857
4309.2259431809789 0.17746825943907651 1269074.4220853425
4311.0240174986357 0.17729619320480228 1269141.093145323
4312.8223509079498 0.17712417543143014 1269207.6715536271
4314.6209433098084 0.17695220618689725 1269274.1574044833
4316.4197946050253 0.17678028553912128 1269340.5507920501
4318.2189046943431 0.17660841355600115 1269406.8518104153
4320.0182734784285 0.17643659030541634 1269473.0605535964
4321.8179008578782 0.17626481585522688 1269539.1771155403
4323.6177867332126 0.17609309027327388 1269605.2015901231
4325.4179310048812 0.17592141362737906 1269671.1340711515
4327.2183335732589 0.17574978598534469 1269736.9746523607
4329.0189943386504 0.17557820741495378 1269802.7234274158
4330.8199132012833 0.17540667798396989 1269868.3804899126
4332.621090061315 0.17523519776013721 1269933.9459333748
4334.4225248188304 0.17506376681118058 1269999.4198512577
4336.2242173738396 0.1748923852048053 1270064.802336945
4338.0261676262817 0.17472105300869709 1270130.0934837505
4339.8283754760232 0.17454977029052232 1270195.2933849182
4341.630840822856 0.1743785371179277 1270260.4021336217
4343.4335635665011 0.17420735355854053 1270325.4198229644
4345.2365436066075 0.1740362196799683 1270390.3465459794
4347.0397808427497 0.17386513554979907 1270455.1823956301
4348.8432751744313 0.17369410123560111 1270519.9274648097
4350.647026501083 0.17352311680492308 1270584.5818463413
4352.4510347220621 0.17335218232529401 1270649.1456329781
4354.2552997366565 0.17318129786422296 1270713.6189174033
4356.0598214440788 0.17301046348919957 1270778.0017922299
4357.8645997434705 0.1728396792676935 1270842.2943500015
4359.6696345339024 0.17266894526715459 1270906.496683191
4361.4749257143703 0.17249826155501288 1270970.6088842025
4363.2804731837996 0.17232762819867858 1271034.6310453694
4365.0862768410452 0.17215704526554196 1271098.5632589557
4366.8923365848877 0.17198651282297342 1271162.4056171556
4368.6986523140358 0.17181603093832346 1271226.1582120932
4370.5052239271272 0.17164559967892257 1271289.8211358234
4372.3120513227286 0.17147521911208113 1271353.3944803309
4374.1191343993332 0.17130488930508964 1271416.8783375309
4375.9264730553641 0.17113461032521851 1271480.2727992693
4377.7340671891707 0.17096438223971819 1271543.5779573221
4379.5419166990332 0.17079420511581869 1271606.7939033958
4381.3500214831593 0.1706240790207304 1271669.9207291268
4383.1583814396836 0.17045400402164312 1271732.958526083
4384.9669964666718 0.1702839801857266 1271795.9073857618
4386.775866462116 0.17011400758013054 1271858.7673995921
4388.584991323939 0.16994408627198418 1271921.5386589321
4390.3943709499908 0.16977421632839668 1271984.2212550719
4392.2040052380498 0.16960439781645678 1272046.8152792316
4394.0138940858242 0.16943463080323293 1272109.3208225619
4395.8240373909512 0.1692649153557734 1272171.7379761441
4397.6344350509962 0.16909525154110583 1272234.0668309904
4399.4450869634538 0.16892563942623767 1272296.3074780439
4401.2559930257485 0.16875607907815593 1272358.4600081779
4403.06715313523 0.16858657056382706 1272420.5245121974
4404.8785671891828 0.16841711395019723 1272482.5010808371
4406.6902350848159 0.16824770930419189 1272544.3898047635
4408.5021567192707 0.16807835669271598 1272606.1907745735
4410.3143319896144 0.1679090561826542 1272667.9040807947
4412.1267607928467 0.16773980784087034 1272729.5298138862
4413.9394430258944 0.16757061173420768 1272791.0680642379
4415.7523785856156 0.1674014679294889 1272852.5189221704
4417.5655673687961 0.16723237649351605 1272913.8824779356
4419.379009272152 0.16706333749307045 1272975.1588217164
4421.1927041923291 0.1668943509949127 1273036.3480436269
4423.0066520259015 0.16672541706578267 1273097.4502337119
4424.8208526693743 0.16655653577239957 1273158.4654819474
4426.6353060191814 0.16638770718146162 1273219.3938782415
4428.4500119716877 0.16621893135964644 1273280.2355124322
4430.2649704231853 0.16605020837361062 1273340.9904742895
4432.0801812698992 0.16588153828999014 1273401.6588535146
4433.8956444079831 0.16571292117539974 1273462.2407397397
4435.7113597335183 0.16554435709643342 1273522.7362225286
4437.5273271425185 0.16537584611966441 1273583.1453913765
4439.3435465309285 0.16520738831164464 1273643.4683357095
4441.1600177946202 0.1650389837389053 1273703.7051448857
4442.9767408293974 0.16487063246795636 1273763.8559081946
4444.7937155309919 0.16470233456528685 1273823.9207148564
4446.6109417950702 0.16453409009736469 1273883.8996540236
4448.428419517224 0.16436589913063676 1273943.7928147803
4450.2461485929789 0.1641977617315287 1274003.6002861417
4452.0641289177893 0.16402967796644513 1274063.3221570547
4453.8823603870387 0.16386164790176938 1274122.9585163982
4455.7008428960426 0.1636936716038635 1274182.5094529821
4457.5195763400488 0.1635257491390685 1274241.9750555484
4459.338560614231 0.16335788057370407 1274301.3554127708
4461.157795613698 0.16319006597406849 1274360.6506132549
4462.9772812334868 0.16302230540643883 1274419.8607455378
4464.7970173685653 0.16285459893707088 1274478.9858980887
4466.6170039138333 0.1626869466321989 1274538.0261593079
4468.4372407641185 0.16251934855803593 1274596.9816175285
4470.2577278141835 0.16235180478077343 1274655.8523610153
4472.0784649587176 0.16218431536658148 1274714.6384779643
4473.8994520923452 0.1620168803816088 1274773.3400565046
4475.7206891096193 0.16184949989198252 1274831.9571846966
4477.5421759050214 0.16168217396380816 1274890.4899505326
4479.3639123729708 0.16151490266316976 1274948.9384419373
4481.1858984078108 0.16134768605613006 1275007.3027467676
4483.0081339038206 0.16118052420872955 1275065.5829528125
4484.830618755208 0.16101341718698778 1275123.7791477924
4486.6533528561131 0.16084636505690217 1275181.8914193609
4488.4763361006089 0.16067936788444875 1275239.9198551034
4490.2995683826957 0.16051242573558169 1275297.8645425371
4492.1230495963091 0.16034553867623347 1275355.7255691125
4493.9467796353147 0.16017870677231491 1275413.5030222114
4495.770758393508 0.16001193008971482 1275471.1969891486
4497.5949857646183 0.15984520869430049 1275528.807557171
4499.4194616423065 0.15967854265191708 1275586.3348134581
4501.2441859201635 0.15951193202838809 1275643.7788451214
4503.0691584917131 0.15934537688951514 1275701.1397392054
4504.8943792504097 0.15917887730107771 1275758.417582687
4506.7198480896404 0.15901243332883364 1275815.612462475
4508.5455649027253 0.15884604503851868 1275872.7244654116
4510.3715295829143 0.15867971249584648 1275929.7536782713
4512.1977420233889 0.15851343576650875 1275986.7001877611
4514.0242021172653 0.15834721491617532 1276043.564080521
4515.8509097575889 0.15818105001049365 1276100.3454431233
4517.6778648373383 0.15801494111508937 1276157.0443620733
4519.5050672494253 0.15784888829556581 1276213.6609238086
4521.3325168866922 0.15768289161750423 1276270.1952147004
4523.1602136419142 0.1575169511464638 1276326.6473210522
4524.9881574077981 0.15735106694798121 1276383.0173290998
4526.8163480769845 0.15718523908757137 1276439.3053250134
4528.6447855420438 0.15701946763072655 1276495.5113948949
4530.473469695482 0.15685375264291682 1276551.6356247794
4532.3024004297358 0.15668809418959007 1276607.6781006351
4534.1315776371739 0.15652249233617188 1276663.6389083632
4535.9610012100993 0.15635694714806528 1276719.5181337979
4537.790671040746 0.15619145869065107 1276775.3158627069
4539.6205870212807 0.15602602702928772 1276831.0321807903
4541.4507490438027 0.15586065222931098 1276886.6671736818
4543.281157000346 0.15569533435603441 1276942.2209269484
4545.1118107828752 0.15553007347474909 1276997.6935260899
4546.9427102832888 0.15536486965072341 1277053.0850565396
4548.7738553934178 0.15519972294920323 1277108.395603664
4550.6052460050259 0.15503463343541213 1277163.625252763
4552.4368820098107 0.15486960117455079 1277218.77408907
4554.2687632994021 0.1547046262317974 1277273.8421977514
4556.1008897653628 0.1545397086723076 1277328.8296639072
4557.9332612991893 0.15437484856121422 1277383.7365725709
4559.7658777923098 0.15421004596362747 1277438.5630087096
4561.5987391360886 0.15404530094463478 1277493.3090572236
4563.4318452218213 0.15388061356930111 1277547.9748029469
4565.2651959407349 0.15371598390266816 1277602.5603306473
4567.0987911839948 0.15355141200975528 1277657.0657250257
4568.9326308426953 0.15338689795555885 1277711.4910707171
4570.7667148078654 0.15322244180505226 1277765.83645229
4572.6010429704693 0.1530580436231864 1277820.1019542469
4574.4356152214023 0.15289370347488884 1277874.2876610234
4576.2704314514949 0.15272942142506454 1277928.3936569896
4578.1054915515106 0.15256519753859529 1277982.420026449
4579.9407954121461 0.15240103188034013 1278036.3668536393
4581.776342924034 0.15223692451513501 1278090.2342227316
4583.6121339777374 0.15207287550779267 1278144.0222178309
4585.4481684637558 0.15190888492310317 1278197.730922977
4587.2844462725216 0.1517449528258332 1278251.3604221425
4589.1209672944024 0.15158107928072648 1278304.9107992351
4590.9577314196968 0.15141726435250361 1278358.3821380958
4592.7947385386396 0.15125350810586188 1278411.7745225001
4594.6319885414005 0.15108981060547563 1278465.0880361574
4596.4694813180813 0.15092617191599586 1278518.3227627114
4598.3072167587188 0.15076259210205048 1278571.47878574
4600.1451947532842 0.1505990712282439 1278624.5561887552
4601.983415191683 0.15043560935915751 1278677.5550552034
4603.8218779637546 0.15027220655934923 1278730.4754684649
4605.6605829592727 0.15010886289335373 1278783.3175118549
4607.4995300679457 0.14994557842568229 1278836.0812686225
4609.3387191794163 0.14978235322082289 1278888.7668219516
4611.178150183262 0.14961918734323992 1278941.3742549606
4613.0178229689955 0.14945608085737458 1278993.9036507015
4614.8577374260612 0.14929303382764442 1279046.3550921616
4616.6978934438412 0.14913004631844359 1279098.7286622624
4618.5382909116515 0.14896711839414276 1279151.0244438604
4620.3789297187423 0.14880425011908893 1279203.2425197463
4622.2198097542987 0.14864144155760575 1279255.3829726453
4624.0609309074407 0.14847869277399314 1279307.445885218
4625.9022930672236 0.14831600383252749 1279359.4313400586
4627.7438961226371 0.14815337479746143 1279411.3394196972
4629.5857399626066 0.14799080573302409 1279463.1702065975
4631.4278244759907 0.14782829670342079 1279514.9237831593
4633.2701495515848 0.14766584777283329 1279566.6002317162
4635.1127150781185 0.14750345900541936 1279618.1996345369
4636.9555209442578 0.1473411304653133 1279669.7220738255
4638.7985670386033 0.14717886221662543 1279721.1676317207
4640.6418532496882 0.1470166543234423 1279772.5363902962
4642.4853794659866 0.14685450684982668 1279823.8284315607
4644.3291455759027 0.1466924198598174 1279875.0438374579
4646.1731514677795 0.14653039341742949 1279926.182689867
4648.017397029892 0.14636842758665397 1279977.2450706016
4649.8618821504542 0.14620652243145804 1280028.2310614111
4651.7066067176147 0.14604467801578475 1280079.14074398
4653.5515706194556 0.14588289440355334 1280129.9741999274
4655.396773743998 0.145721171658659 1280180.7315108087
4657.242215979195 0.14555950984497282 1280231.412758114
4659.0878972129376 0.14539790902634189 1280282.0180232683
4660.9338173330525 0.14523636926658914 1280332.547387633
4662.7799762273025 0.14507489062951345 1280383.0009325042
4664.6263737833851 0.14491347317888953 1280433.3787391137
4666.4730098889349 0.14475211697846793 1280483.6808886286
4668.3198844315211 0.14459082209197502 1280533.9074621517
4670.166997298651 0.14442958858311294 1280584.0585407212
4672.0143483777647 0.14426841651555961 1280634.1342053111
4673.8619375562412 0.14410730595296861 1280684.1345368307
4675.709764721395 0.14394625695896934 1280734.0596161252
4677.557829760477 0.14378526959716684 1280783.9095239756
4679.4061325606717 0.14362434393114179 1280833.6843410979
4681.2546730091044 0.14346348002445047 1280883.3841481451
4683.103450992834 0.14330267794062487 1280933.0090257053
4684.952466398855 0.14314193774317246 1280982.5590543018
4686.8017191140998 0.14298125949557636 1281032.0343143952
4688.6512090254382 0.14282064326129518 1281081.4348863806
4690.5009360196727 0.14266008910376299 1281130.76085059
4692.3508999835476 0.1424995970863894 1281180.012287291
4694.2011008037398 0.14233916727255949 1281229.1892766873
4696.0515383668644 0.1421787997256338 1281278.2918989186
4697.9022125594729 0.14201849450894813 1281327.3202340605
4699.7531232680531 0.14185825168581381 1281376.2743621254
4701.6042703790308 0.14169807131951748 1281425.1543630613
4703.4556537787676 0.1415379534733211 1281473.9603167521
4705.3072733535619 0.14137789821046196 1281522.6923030189
4707.1591289896514 0.14121790559415268 1281571.3504016178
4709.0112205732066 0.14105797568758099 1281619.9346922426
4710.8635479903378 0.14089810855391 1281668.4452545221
4712.7161111270925 0.14073830425627798 1281716.8821680225
4714.5689098694538 0.14057856285779835 1281765.2455122459
4716.4219441033438 0.14041888442155975 1281813.5353666311
4718.2752137146208 0.14025926901062599 1281861.751810553
4720.1287185890797 0.14009971668803572 1281909.8949233233
4721.9824586124541 0.13994022751680302 1281957.9647841908
4723.8364336704135 0.13978080155991682 1282005.9614723395
4725.690643648566 0.1396214388803412 1282053.8850668916
4727.5450884324573 0.13946213954101513 1282101.7356469049
4729.3997679075692 0.1393029036048527 1282149.5132913743
4731.2546819593226 0.13914373113474282 1282197.2180792312
4733.109830473074 0.13898462219354946 1282244.8500893442
4734.9652133341197 0.13882557684411143 1282292.4094005185
4736.8208304276923 0.13866659514924246 1282339.8960914956
4738.6766816389627 0.13850767717173104 1282387.3102409553
4740.5327668530399 0.13834882297434065 1282434.6519275131
4742.3890859549692 0.1381900326198095 1282481.9212297215
4744.245638829736 0.13803130617085055 1282529.1182260704
4746.1024253622618 0.13787264369015154 1282576.2429949867
4747.9594454374064 0.13771404524037503 1282623.2956148344
4749.8166989399688 0.13755551088415824 1282670.2761639145
4751.674185754684 0.13739704068411299 1282717.184720465
4753.5319057662273 0.13723863470282591 1282764.0213626616
4755.3898588592101 0.13708029300285812 1282810.7861686163
4757.248044918184 0.1369220156467455 1282857.4792163793
4759.1064638276375 0.13676380269699842 1282904.100583938
4760.9651154719959 0.1366056542161018 1282950.6503492163
4762.8239997356277 0.13644757026651519 1282997.1285900762
4764.6831165028334 0.13628955091067257 1283043.5353843172
4766.542465657858 0.13613159621098248 1283089.8708096757
4768.4020470848809 0.13597370622982785 1283136.1349438257
4770.2618606680207 0.13581588102956607 1283182.3278643792
4772.121906291336 0.135658120672529 1283228.4496488853
4773.9821838388234 0.13550042522102282 1283274.5003748308
4775.8426931944168 0.1353427947373281 1283320.48011964
4777.7034342419902 0.13518522928369978 1283366.3889606751
4779.5644068653564 0.13502772892236711 1283412.2269752359
4781.4256109482667 0.13487029371553361 1283457.9942405601
4783.2870463744102 0.13471292372537702 1283503.6908338228
4785.1487130274163 0.13455561901404944 1283549.3168321373
4787.0106107908532 0.13439837964367712 1283594.8723125544
4788.8727395482274 0.13424120567636047 1283640.3573520633
4790.7350991829853 0.13408409717417416 1283685.7720275905
4792.5976895785107 0.13392705419916692 1283731.1164160012
4794.460510618128 0.1337700768133617 1283776.3905940978
4796.3235621850999 0.1336131650787554 1283821.5946386212
4798.1868441626293 0.13345631905731908 1283866.7286262503
4800.0503564338587 0.1332995388109979 1283911.7926336022
4801.9140988818681 0.13314282440171091 1283956.786737232
4803.7780713896764 0.13298617589135134 1284001.7110136331
4805.6422738402453 0.13282959334178618 1284046.5655392371
4807.5067061164727 0.13267307681485649 1284091.3503904138
4809.3713681011986 0.13251662637237729 1284136.0656434714
4811.2362596771991 0.13236024207613745 1284180.7113746563
4813.101380727192 0.13220392398789962 1284225.2876601536
4814.9667311338353 0.13204767216940053 1284269.7945760866
4816.832310779726 0.13189148668235051 1284314.2321985168
4818.6981195474009 0.13173536758843382 1284358.600603445
4820.5641573193361 0.13157931494930847 1284402.8998668094
4822.4304239779467 0.13142332882660618 1284447.1300644875
4824.2969194055904 0.13126740928193253 1284491.2912722954
4826.1636434845614 0.13111155637686667 1284535.3835659877
4828.0305960970963 0.13095577017296142 1284579.4070212576
4829.8977771253712 0.13080005073174339 1284623.3617137372
4831.765186451501 0.13064439811471273 1284667.2477189971
4833.6328239575432 0.1304888123833432 1284711.0651125473
4835.5006895254919 0.13033329359908216 1284754.8139698359
4837.3687830372846 0.13017784182335057 1284798.49436625
4839.2371043747971 0.13002245711754282 1284842.1063771162
4841.1056534198469 0.12986713954302689 1284885.6500776997
4842.9744300541888 0.12971188916114426 1284929.1255432041
4844.8434341595221 0.12955670603320985 1284972.5328487731
4846.7126656174851 0.12940159022051201 1285015.8720694885
4848.5821243096534 0.12924654178431244 1285059.143280372
4850.4518101175481 0.12909156078584641 1285102.3465563839
4852.3217229226266 0.12893664728632237 1285145.4819724241
4854.1918626062889 0.12878180134692221 1285188.5496033309
4856.0622290498759 0.12862702302880111 1285231.549523883
4857.9328221346677 0.12847231239308757 1285274.4818087977
4859.8036417418871 0.12831766950088327 1285317.3465327315
4861.6746877526966 0.12816309441326326 1285360.143770281
4863.5459600481981 0.12800858719127578 1285402.8735959814
4865.417458509437 0.12785414789594216 1285445.5360843078
4867.2891830173976 0.12769977658825707 1285488.1313096746
4869.1611334530062 0.12754547332918814 1285530.6593464359
4871.033309697129 0.12739123817967632 1285573.1202688855
4872.9057116305758 0.12723707120063554 1285615.5141512561
4874.7783391340927 0.1270829724529528 1285657.8410677209
4876.6511920883731 0.12692894199748825 1285700.1010923923
4878.524270374046 0.12677497989507494 1285742.2942993226
4880.3975738716854 0.12662108620651899 1285784.4207625035
4882.2711024618038 0.12646726099259958 1285826.4805558671
4884.1448560248573 0.12631350431406871 1285868.4737532849
4886.0188344412418 0.12615981623165134 1285910.4004285685
4887.8930375912942 0.12600619680604541 1285952.2606554688
4889.7674653552958 0.12585264609792171 1285994.0545076779
4891.6421176134672 0.1256991641679239 1286035.7820588266
4893.5169942459688 0.12554575107666838 1286077.4433824865
4895.3920951329055 0.12539240688474446 1286119.038552169
4897.2674201543232 0.1252391316527143 1286160.5676413258
4899.1429691902076 0.12508592544111269 1286202.0307233483
4901.0187421204901 0.12493278831044721 1286243.4278715686
4902.894738825039 0.12477972032119819 1286284.7591592588
4904.7709591836674 0.1246267215338186 1286326.0246596311
4906.6474030761301 0.12447379200873411 1286367.2244458385
4908.5240703821228 0.12432093180634303 1286408.3585909738
4910.4009609812838 0.12416814098701634 1286449.4271680701
4912.2780747531924 0.12401541961109751 1286490.430250102
4914.1554115773715 0.12386276773890266 1286531.367909983
4916.0329713332849 0.12371018543072049 1286572.2402205684
4917.9107539003389 0.12355767274681212 1286613.0472546532
4919.7887591578829 0.12340522974741124 1286653.789084973
4921.6669869852058 0.12325285649272405 1286694.4657842051
4923.5454372615422 0.12310055304292913 1286735.077424966
4925.4241098660668 0.12294831945817754 1286775.6240798139
4927.3030046778958 0.12279615579859278 1286816.105821247
4929.1821215760901 0.12264406212427062 1286856.522721705
4931.0614604396533 0.12249203849527929 1286896.8748535679
4932.9410211475288 0.1223400849716593 1286937.1622891568
4934.8208035786038 0.12218820161342353 1286977.3851007335
4936.700807611709 0.12203638848055712 1287017.5433605006
4938.5810331256171 0.12188464563301746 1287057.6371406026
4940.4614799990422 0.12173297313073418 1287097.6665131235
4942.3421481106434 0.12158137103360914 1287137.6315500899
4944.2230373390203 0.12142983940151642 1287177.532323468
4946.1041475627171 0.12127837829430221 1287217.3689051664
4947.98547866022 0.12112698777178493 1287257.1413670341
4949.8670305099577 0.12097566789375501 1287296.8497808615
4951.7488029903025 0.1208244187199751 1287336.4942183804
4953.6307959795704 0.12067324031017986 1287376.0747512635
4955.5130093560183 0.12052213272407605 1287415.5914511252
4957.3954429978485 0.12037109602134231 1287455.0443895215
4959.2780967832041 0.12022013026162948 1287494.4336379487
4961.1609705901728 0.12006923550456022 1287533.7592678459
4963.0440642967851 0.1199184118097293 1287573.0213505928
4964.9273777810158 0.11976765923670335 1287612.2199575109
4966.8109109207808 0.11961697784502087 1287651.3551598634
4968.6946635939421 0.11946636769419233 1287690.4270288546
4970.5786356783019 0.1193158288437 1287729.4356356312
4972.4628270516087 0.119165361352998 1287768.3810512808
4974.3472375915526 0.11901496528151233 1287807.2633468334
4976.2318671757675 0.11886464068864067 1287846.0825932599
4978.1167156818319 0.1187143876337526 1287884.8388614743
4980.0017829872668 0.1185642061761893 1287923.532222331
4981.8870689695377 0.11841409637526386 1287962.1627466273
4983.772573506054 0.11826405829026085 1288000.7305051021
4985.6582964741665 0.11811409198043674 1288039.2355684359
4987.5442377511717 0.11796419750501944 1288077.6780072516
4989.4303972143107 0.11781437492320865 1288116.0578921142
4991.316774740767 0.11766462429417562 1288154.3752935308
4993.2033702076678 0.11751494567706317 1288192.6302819501
4995.090183492086 0.11736533913098568 1288230.8229277632
4996.9772144710378 0.1172158047150291 1288268.953301304
4998.8644630214812 0.11706634248825086 1288307.0214728476
5000.7519290203218 0.1169169525096799 1288345.0275126123
5002.6396123444074 0.11676763483831659 1288382.971490758
5004.5275128705289 0.11661838953313275 1288420.8534773877
5006.4156304754251 0.11646921665307169 1288458.6735425459
5008.303965035775 0.11632011625704806 1288496.4317562203
5010.1925164282047 0.11617108840394788 1288534.1281883407
5012.0812845292821 0.11602213315262848 1288571.7629087793
5013.9702692155233 0.11587325056191862 1288609.3359873516
5015.8594703633853 0.11572444069061828 1288646.8474938145
5017.7488878492713 0.11557570359749873 1288684.2974978685
5019.6385215495284 0.11542703934130258 1288721.6860691563
5021.5283713404478 0.11527844798074355 1288759.0132772638
5023.4184370982684 0.11512992957450663 1288796.2791917191
5025.3087186991688 0.11498148418124803 1288833.4838819932
5027.1992160192758 0.11483311185959506 1288870.6274175004
5029.0899289346617 0.11468481266814619 1288907.7098675971
5030.9808573213386 0.11453658666547106 1288944.7313015833
5032.8720010552697 0.11438843391011032 1288981.6917887018
5034.76336001236 0.11424035446057575 1289018.5913981381
5036.6549340684587 0.11409234837535014 1289055.430199021
5038.5467230993609 0.11394441571288738 1289092.2082604226
5040.4387269808076 0.11379655653161228 1289128.9256513573
5042.3309455884837 0.11364877088992062 1289165.5824407835
5044.2233787980194 0.11350105884617927 1289202.1786976026
5046.1160264849905 0.11335342045872582 1289238.7144906588
5048.008888524917 0.11320585578586902 1289275.1898887402
5049.9019647932664 0.11305836488588826 1289311.6049605776
5051.795255165448 0.11291094781703398 1289347.9597748457
5053.68875951682 0.11276360463752733 1289384.2544001623
5055.5824777226835 0.11261633540556037 1289420.4889050887
5057.4764096582867 0.11246914017929598 1289456.6633581296
5059.3705551988223 0.11232201901686766 1289492.7778277337
5061.2649142194277 0.11217497197637982 1289528.8323822925
5063.1594865951884 0.11202799911590748 1289564.8270901414
5065.0542722011332 0.11188110049349648 1289600.76201956
5066.9492709122369 0.11173427616716321 1289636.6372387707
5068.8444826034211 0.1115875261948948 1289672.4528159401
5070.739907149552 0.11144085063464902 1289708.2088191784
5072.6355444254414 0.1112942495443542 1289743.9053165398
5074.5313943058491 0.11114772298190928 1289779.5423760223
5076.4274566654785 0.11100127100518382 1289815.1200655675
5078.3237313789787 0.11085489367201783 1289850.6384530612
5080.2202183209474 0.11070859104022189 1289886.0976063332
5082.1169173659246 0.11056236316757707 1289921.497593157
5084.0138283883998 0.11041621011183494 1289956.8384812507
5085.9109512628065 0.1102701319307175 1289992.1203382758
5087.8082858635253 0.11012412868191712 1290027.3432318382
5089.7058320648821 0.10997820042309669 1290062.5072294883
5091.6035897411493 0.10983234721188943 1290097.6123987206
5093.5015587665457 0.10968656910589888 1290132.6588069734
5095.3997390152381 0.10954086616269897 1290167.6465216293
5097.2981303613369 0.10939523843983395 1290202.575610016
5099.1967326788999 0.1092496859948183 1290237.4461394048
5101.0955458419312 0.10910420888513685 1290272.2581770117
5102.9945697243829 0.10895880716824462 1290307.0117899973
5104.893804200151 0.10881348090156688 1290341.7070454664
5106.7932491430802 0.1086682301424991 1290376.3440104686
5108.6929044269609 0.10852305494840693 1290410.9227519976
5110.5927699255308 0.1083779553766261 1290445.4433369925
5112.4928455124737 0.10823293148446264 1290479.9058323363
5114.3931310614198 0.10808798332919257 1290514.3103048571
5116.2936264459468 0.10794311096806197 1290548.6568213277
5118.1943315395793 0.10779831445828711 1290582.9454484654
5120.0952462157875 0.10765359385705416 1290617.1762529328
5121.9963703479907 0.10750894922151941 1290651.3493013368
5123.8977038095536 0.10736438060880914 1290685.4646602299
5125.7992464737872 0.10721988807601958 1290719.5223961088
5127.7009982139525 0.1070754716802169 1290753.5225754154
5129.6029589032541 0.10693113147843721 1290787.4652645371
5131.5051284148467 0.10678686752768658 1290821.350529806
5133.4075066218302 0.10664267988494087 1290855.1784374989
5135.3100933972528 0.10649856860714589 1290888.9490538386
5137.212888614109 0.10635453375121724 1290922.6624449925
5139.1158921453416 0.10621057537404034 1290956.3186770731
5141.0191038638404 0.10606669353247043 1290989.9178161386
5142.9225236424418 0.10592288828333254 1291023.4599281924
5144.826151353931 0.10577915968342134 1291056.9450791832
5146.7299868710397 0.1056355077895014 1291090.373335005
5148.6340300664478 0.10549193265830688 1291123.7447614975
5150.5382808127824 0.10534843434654159 1291157.0594244453
5152.4427389826187 0.10520501291087912 1291190.317389579
5154.3474044484792 0.10506166840796262 1291223.5187225749
5156.2522770828327 0.10491840089440486 1291256.6634890544
5158.1573567580999 0.10477521042678821 1291289.7517545852
5160.0626433466441 0.10463209706166467 1291322.7835846795
5161.9681367207795 0.10448906085555566 1291355.7590447967
5163.8738367527676 0.10434610186495226 1291388.6782003408
5165.7797433148189 0.10420322014631497 1291421.5411166623
5167.6858562790894 0.10406041575607382 1291454.3478590569
5169.5921755176851 0.10391768875062823 1291487.098492767
5171.498700902659 0.10377503918634717 1291519.7930829802
5173.4054323060118 0.10363246711956893 1291552.4316948303
5175.3123695996956 0.10348997260660124 1291585.0143933974
5177.2195126556062 0.10334755570372117 1291617.5412437071
5179.1268613455914 0.10320521646717516 1291650.0123107317
5181.0344155414441 0.10306295495317898 1291682.4276593891
5182.9421751149075 0.10292077121791768 1291714.7873545436
5184.8501399376728 0.10277866531754561 1291747.0914610056
5186.7583098813793 0.10263663730818638 1291779.340043532
5188.6666848176155 0.10249468724593284 1291811.5331668258
5190.5752646179171 0.10235281518684704 1291843.6708955362
5192.4840491537689 0.10221102118696022 1291875.7532942591
5194.3930382966055 0.10206930530227282 1291907.7804275369
5196.3022319178071 0.10192766758875441 1291939.7523598578
5198.2116298887067 0.10178610810234368 1291971.6691556571
5200.1212320805835 0.10164462689894854 1292003.5308793164
5202.0310383646647 0.10150322403444569 1292035.3375951638
5203.9410486121278 0.10136189956468118 1292067.0893674747
5205.8512626940983 0.10122065354546995 1292098.78626047
5207.7616804816516 0.10107948603259609 1292130.4283383184
5209.6723018458115 0.10093839708181247 1292162.0156651346
5211.5831266575506 0.1007973867488412 1292193.5483049806
5213.4941547877897 0.1006564550893731 1292225.0263218647
5215.4053861074008 0.10051560215906806 1292256.4497797424
5217.3168204872045 0.10037482801355484 1292287.8187425165
5219.2284577979672 0.10023413270843105 1292319.1332740355
5221.1402979104087 0.10009351629926325 1292350.3934380966
5223.052340695197 0.099952978841586673 1292381.5992984427
5224.9645860229475 0.099812520390905629 1292412.7509187642
5226.8770337642263 0.099672141002692963 1292443.8483626987
5228.7896837895505 0.099531840732390436 1292474.8916938312
5230.7025359693826 0.09939161963540856 1292505.8809756932
5232.6155901741377 0.099251477767126547 1292536.8162717642
5234.5288462741801 0.099111415182892293 1292567.6976454703
5236.4423041398222 0.098971431938022464 1292598.5251601853
5238.3559636413265 0.098831528087802267 1292629.2988792306
5240.2698246489063 0.098691703687485713 1292660.0188658743
5242.1838870327247 0.098551958792295266 1292690.685183333
5244.0981506628905 0.09841229345742214 1292721.2978947696
5246.0126154094678 0.09827270773802603 1292751.8570632953
5247.927281142468 0.0981332016892352 1292782.3627519689
5249.8421477318498 0.097993775366146493 1292812.8150237962
5251.7572150475271 0.097854428823825182 1292843.2139417313
5253.6724829593586 0.097715162117305174 1292873.5595686757
5255.5879513371565 0.097575975301588735 1292903.8519674784
5257.503620050682 0.09743686843164652 1292934.0912009368
5259.4194889696446 0.097297841562417789 1292964.277331796
5261.3355579637064 0.097158894748810065 1292994.4104227482
5263.2518269024786 0.097020028045699314 1293024.4905364341
5265.1682956555223 0.096881241507929816 1293054.5177354426
5267.0849640923489 0.096742535190314241 1293084.4920823101
5269.0018320824202 0.096603909147633574 1293114.4136395212
5270.9188994951492 0.096465363434637033 1293144.2824695087
5272.836166199897 0.096326898106042225 1293174.0986346533
5274.7536320659783 0.096188513216534863 1293203.8621972839
5276.6712969626551 0.096050208820769034 1293233.5732196777
5278.589160759142 0.095911984973366948 1293263.23176406
5280.5072233246028 0.095773841728919007 1293292.8378926045
5282.4254845281521 0.095635779141983818 1293322.3916674333
5284.3439442388562 0.095497797267088097 1293351.8931506164
5286.2626023257317 0.09535989615872674 1293381.342404173
5288.1814586577439 0.09522207587136261 1293410.7394900699
5290.10051310381 0.095084336459426849 1293440.0844702227
5292.0197655328011 0.094946677977318511 1293469.3774064961
5293.9392158135342 0.09480910047940469 1293498.6183607024
5295.8588638147794 0.094671604020020617 1293527.8073946028
5297.7787094052583 0.094534188653469353 1293556.9445699078
5299.6987524536426 0.094396854434022071 1293586.029948276
5301.6189928285548 0.09425960141591784 1293615.0635913147
5303.5394303985695 0.094122429653363607 1293644.0455605802
5305.4600650322118 0.093985339200534312 1293672.9759175775
5307.380896597957 0.093848330111572745 1293701.8547237606
5309.3019249642321 0.093711402440589606 1293730.6820405319
5311.2231499994159 0.093574556241663345 1293759.4579292438
5313.1445715718392 0.0934377915688403 1293788.1824511965
5315.0661895497815 0.093301108476134625 1293816.85566764
5316.9880038014771 0.093164507017528236 1293845.4776397732
5318.9100141951076 0.093027987246970742 1293874.0484287436
5320.8322205988088 0.092891549218379624 1293902.5680956487
5322.7546228806677 0.092755192985639959 1293931.0367015346
5324.677220908723 0.092618918602604614 1293959.4543073969
5326.6000145509624 0.092482726123094022 1293987.8209741802
5328.5230036753283 0.092346615600896395 1294016.1367627787
5330.4461881497136 0.092210587089767468 1294044.4017340362
5332.3695678419635 0.092074640643430641 1294072.6159487448
5334.2931426198729 0.09193877631557687 1294100.7794676477
5336.2169123511912 0.091802994159864745 1294128.8923514357
5338.140876903617 0.091667294229920357 1294156.9546607509
5340.0650361448024 0.091531676579337293 1294184.9664561837
5341.9893899423505 0.091396141261676653 1294212.9277982751
5343.9139381638179 0.091260688330467132 1294240.8387475149
5345.8386806767112 0.091125317839204703 1294268.699364343
5347.7636173484898 0.090990029841352946 1294296.5097091487
5349.6887480465648 0.090854824390342731 1294324.2698422715
5351.6140726383019 0.090719701539572456 1294351.9798240007
5353.5395909910139 0.09058466134240778 1294379.6397145754
5355.4653029719711 0.090449703852181762 1294407.2495741842
5357.3912084483918 0.090314829122194809 1294434.8094629662
5359.3173072874506 0.09018003720571463 1294462.3194410102
5361.2435993562704 0.090045328155976254 1294489.7795683551
5363.1700845219293 0.089910702026181927 1294517.1899049897
5365.0967626514557 0.089776158869501202 1294544.5505108531
5367.0236336118332 0.08964169873907081 1294571.8614458344
5368.9506972699946 0.089507321687994759 1294599.122769773
5370.8779534928271 0.089373027769344193 1294626.3345424589
5372.8054021471717 0.089238817036157422 1294653.4968236317
5374.7330430998181 0.089104689541439935 1294680.6096729815
5376.6608762175129 0.088970645338164317 1294707.6731501492
5378.588901366953 0.088836684479270303 1294734.6873147259
5380.5171184147885 0.088702807017664628 1294761.6522262525
5382.4455272276227 0.088569013006221164 1294788.5679442214
5384.3741276720102 0.088435302497780796 1294815.4345280747
5386.3029196144607 0.08830167554515149 1294842.2520372057
5388.2319029214359 0.088168132201108057 1294869.0205309577
5390.1610774593491 0.088034672518392476 1294895.7400686252
5392.0904430945693 0.087901296549713584 1294922.4107094528
5394.0199996934152 0.087768004347747106 1294949.0325126369
5395.9497471221621 0.087634795965135806 1294975.6055373237
5397.879685247035 0.087501671454489324 1295002.1298426101
5399.8098139342155 0.08736863086838402 1295028.6054875448
5401.7401330498351 0.087235674259363322 1295055.0325311266
5403.6706424599815 0.087102801679937364 1295081.4110323056
5405.6013420306936 0.086970013182583114 1295107.7410499826
5407.5322316279635 0.086837308819744344 1295134.0226430101
5409.4633111177382 0.086704688643831643 1295160.2558701907
5411.394580365918 0.086572152707222252 1295186.4407902788
5413.3260392383545 0.086439701062260246 1295212.5774619801
5415.2576876008561 0.08630733376125628 1295238.6659439506
5417.1895253191815 0.086175050856487856 1295264.7062947985
5419.1215522590446 0.086042852400199002 1295290.6985730827
5421.0537682861132 0.08591073844460051 1295316.6428373135
5422.9861732660074 0.085778709041869697 1295342.539145953
5424.9187670643032 0.085646764244150575 1295368.3875574144
5426.851549546529 0.085514904103553724 1295394.1881300618
5428.7845205781659 0.085383128672156208 1295419.9409222119
5430.7176800246498 0.085251438002001703 1295445.6459921319
5432.6510277513726 0.085119832145100466 1295471.3033980413
5434.5845636236763 0.084988311153429127 1295496.9131981111
5436.5182875068595 0.084856875078930874 1295522.4754504631
5438.4521992661739 0.08472552397351539 1295547.9902131723
5440.3862987668244 0.084594257889058708 1295573.4575442642
5442.320585873973 0.08446307687740337 1295598.8775017164
5444.2550604527314 0.084331980990358366 1295624.2501434586
5446.189722368169 0.084200970279698792 1295649.5755273723
5448.1245714853085 0.084070044797166427 1295674.8537112908
5450.0596076691254 0.083939204594469172 1295700.084752999
5451.9948307845516 0.083808449723281428 1295725.2687102347
5453.9302406964725 0.083677780235243734 1295750.4056406869
5455.8658372697273 0.083547196181963032 1295775.4956019968
5457.8016203691104 0.083416697615012456 1295800.5386517581
5459.73758985937 0.083286284585931333 1295825.5348475163
5461.6737456052097 0.083155957146225298 1295850.4842467695
5463.6100874712865 0.083025715347366177 1295875.3869069677
5465.5466153222133 0.08289555924079188 1295900.242885513
5467.4833290225552 0.082765488877906565 1295925.0522397603
5469.4202284368348 0.082635504310080529 1295949.8150270167
5471.3573134295284 0.082505605588650097 1295974.5313045415
5473.2945838650676 0.082375792764917799 1295999.2011295466
5475.2320396078358 0.082246065890152154 1296023.8245591966
5477.1696805221754 0.082116425015587774 1296048.4016506088
5479.1075064723818 0.081986870192425315 1296072.932460852
5481.0455173227047 0.081857401471831417 1296097.4170469486
5482.9837129373491 0.081728018904938735 1296121.8554658736
5484.9220931804766 0.081598722542845906 1296146.2477745546
5486.8606579162015 0.0814695124366175 1296170.5940298717
5488.7994070085933 0.081340388637284031 1296194.8942886579
5490.7383403216809 0.081211351195841927 1296219.1486076992
5492.6774577194419 0.081082400163253521 1296243.3570437343
5494.6167590658124 0.08095353559044699 1296267.5196534549
5496.5562442246846 0.080824757528316388 1296291.6364935057
5498.4959130599045 0.0806960660277216 1296315.7076204841
5500.4357654352743 0.080567461139488331 1296339.7330909406
5502.3758012145518 0.080438942914408049 1296363.7129613797
5504.3160202614472 0.080310511403238 1296387.6472882577
5506.256422439631 0.080182166656701276 1296411.5361279848
5508.1970076127254 0.080053908725486539 1296435.3795369242
5510.1377756443108 0.079925737660248256 1296459.1775713924
5512.07872639792 0.079797653511606628 1296482.9302876589
5514.0198597370454 0.079669656330147429 1296506.6377419473
5515.9611755251308 0.079541746166422192 1296530.2999904337
5517.9026736255792 0.079413923070947995 1296553.9170892483
5519.844353901748 0.079286187094207539 1296577.4890944744
5521.7862162169504 0.079158538286649191 1296601.0160621486
5523.7282604344546 0.079030976698686833 1296624.4980482617
5525.6704864174872 0.078903502380699889 1296647.9351087576
5527.6128940292274 0.078776115383033349 1296671.3272995336
5529.5554831328127 0.078648815755997706 1296694.6746764416
5531.4982535913359 0.07852160354986891 1296717.9772952858
5533.4412052678463 0.078394478814888494 1296741.2352118255
5535.3843380253475 0.078267441601263296 1296764.4484817733
5537.3276517268014 0.078140491959165684 1296787.6171607953
5539.2711462351253 0.078013629938733481 1296810.7413045117
5541.214821413193 0.077886855590069762 1296833.8209684968
5543.1586771238335 0.077760168963243087 1296856.856208279
5545.1027132298332 0.07763357010828735 1296879.8470793401
5547.0469295939329 0.077507059075201765 1296902.7936371164
5548.9913260788335 0.077380635913950835 1296925.6959369984
5550.9359025471886 0.077254300674464454 1296948.55403433
5552.8806588616108 0.077128053406637698 1296971.3679844101
5554.8255948846663 0.077001894160330916 1296994.1378424917
5556.7707104788815 0.076875822985369741 1297016.8636637817
5558.716005506737 0.076749839931544966 1297039.5455034412
5560.6614798306709 0.076623945048612627 1297062.1834165861
5562.6071333130767 0.076498138386293879 1297084.7774582864
5564.5529658163059 0.076372419994275131 1297107.3276835666
5566.4989772026656 0.076246789922207833 1297129.8341474058
5568.445167334422 0.076121248219708573 1297152.2969047371
5570.3915360737956 0.075995794936359093 1297174.716010449
5572.3380832829653 0.075870430121706189 1297197.0915193839
5574.2848088240653 0.075745153825261646 1297219.4234863389
5576.231712559189 0.075619966096502442 1297241.7119660659
5578.178794350385 0.075494866984870401 1297263.957013272
5580.1260540596595 0.075369856539772476 1297286.1586826181
5582.0734915489747 0.075244934810580547 1297308.3170287204
5584.0211066802531 0.07512010184663144 1297330.4321061501
5585.9688993153713 0.074995357697226997 1297352.5039694333
5587.9168693161628 0.074870702411633933 1297374.5326730502
5589.8650165444215 0.074746136039083838 1297396.5182714374
5591.813340861896 0.074621658628773249 1297418.460818985
5593.7618421302932 0.074497270229863508 1297440.3603700395
5595.7105202112762 0.074372970891480872 1297462.2169789015
5597.6593749664662 0.074248760662716365 1297484.0306998275
5599.6084062574437 0.074124639592625829 1297505.8015870282
5601.5576139457435 0.074000607730229928 1297527.5296946703
5603.5069978928595 0.073876665124514046 1297549.2150768759
5605.456557960244 0.07375281182442836 1297570.8577877218
5607.4062940093054 0.073629047878887743 1297592.4578812404
5609.3562059014093 0.073505373336771776 1297614.0154114198
5611.3062934978807 0.073381788246924776 1297635.5304322026
5613.2565566600024 0.073258292658155699 1297657.0029974882
5615.2069952490137 0.073134886619238115 1297678.4331611304
5617.1576091261122 0.073011570178910315 1297699.8209769393
5619.1083981524534 0.072888343385875118 1297721.1664986799
5621.0593621891503 0.072765206288800011 1297742.4697800733
5623.0105010972748 0.072642158936316981 1297763.7308747962
5624.961814737856 0.072519201377022641 1297784.9498364814
5626.9133029718814 0.07239633365947809 1297806.1267187165
5628.8649656602956 0.072273555832209013 1297827.2615750458
5630.8168026640024 0.072150867943705468 1297848.3544589691
5632.7688138438634 0.072028270042422141 1297869.4054239423
5634.7209990606989 0.071905762176778076 1297890.4145233769
5636.6733581752869 0.071783344395156767 1297911.3818106405
5638.625891048363 0.071661016745906206 1297932.3073390566
5640.5785975406206 0.071538779277338704 1297953.1911619054
5642.5314775127154 0.071416632037730979 1297974.0333324221
5644.484530825257 0.071294575075324135 1297994.8339037993
5646.4377573388165 0.071172608438323612 1298015.5929291847
5648.39115691392 0.071050732174899156 1298036.3104616827
5650.3447294110547 0.070928946333184847 1298056.986554354
5652.2984746906677 0.070807250961279045 1298077.6212602158
5654.2523926131598 0.070685646107244371 1298098.2146322408
5656.2064830388963 0.070564131819107714 1298118.7667233592
5658.1607458281969 0.070442708144860186 1298139.2775864571
5660.1151808413415 0.070321375132457106 1298159.7472743769
5662.0697879385689 0.070200132829817991 1298180.175839918
5664.0245669800761 0.070078981284826536 1298200.5633358357
5665.9795178260201 0.069957920545330593 1298220.9098148423
5667.9346403365162 0.069836950659142125 1298241.215329607
5669.8899343716366 0.069716071674037275 1298261.4799327555
5671.8453997914157 0.069595283637756203 1298281.7036768701
5673.8010364558459 0.069474586598003235 1298301.8866144896
5675.7568442248767 0.069353980602446685 1298322.0287981101
5677.7128229584196 0.069233465698718952 1298342.1302801843
5679.6689725163424 0.069113041934416461 1298362.1911131223
5681.6252927584746 0.068992709357099585 1298382.2113492903
5683.5817835446032 0.068872468014292795 1298402.1910410121
5685.5384447344759 0.068752317953484396 1298422.130240568
5687.4952761877976 0.068632259222126762 1298442.0290001961
5689.4522777642342 0.068512291867636091 1298461.8873720909
5691.4094493234106 0.068392415937392606 1298481.7054084048
5693.3667907249101 0.068272631478740312 1298501.4831612466
5695.3243018282774 0.06815293853898724 1298521.2206826827
5697.2819824930157 0.068033337165404995 1298540.9180247367
5699.2398325785862 0.067913827405229318 1298560.5752393894
5701.1978519444128 0.067794409305659581 1298580.1923785796
5703.1560404498759 0.067675082913859097 1298599.7694942025
5705.1143979543176 0.067555848276954836 1298619.3066381114
5707.072924317039 0.067436705442037601 1298638.8038621172
5709.0316193973013 0.067317654456161877 1298658.2612179876
5710.9904830543237 0.06719869536634597 1298677.6787574487
5712.9495151472884 0.067079828219571813 1298697.0565321834
5714.9087155353345 0.066961053062785034 1298716.3945938332
5716.8680840775623 0.066842369942894955 1298735.6929939967
5718.827620633032 0.066723778906774556 1298754.9517842298
5720.7873250607645 0.066605280001260397 1298774.1710160472
5722.7471972197391 0.066486873273152711 1298793.3507409208
5724.7072369688958 0.066368558769215311 1298812.4910102803
5726.6674441671348 0.066250336536175569 1298831.5918755138
5728.6278186733171 0.066132206620724401 1298850.6533879666
5730.5883603462626 0.066014169069516321 1298869.6755989424
5732.5490690447523 0.065896223929169342 1298888.6585597033
5734.5099446275271 0.065778371246264913 1298907.6023214688
5736.470986953289 0.065660611067348065 1298926.5069354167
5738.4321958806986 0.065542943438927248 1298945.3724526833
5740.3935712683779 0.065425368407474357 1298964.1989243627
5742.3551129749103 0.065307886019424735 1298982.9864015074
5744.3168208588377 0.065190496321177113 1299001.7349351281
5746.2786947786635 0.065073199359093628 1299020.444576194
5748.2407345928523 0.064955995179499806 1299039.1153756324
5750.2029401598274 0.064838883828684496 1299057.7473843291
5752.1653113379753 0.064721865352899935 1299076.3406531282
5754.1278479856419 0.064604939798361613 1299094.895232833
5756.0905499611317 0.064488107211248369 1299113.4111742044
5758.0534171227137 0.064371367637702293 1299131.8885279624
5760.0164493286147 0.064254721123828823 1299150.3273447854
5761.9796464370238 0.064138167715696498 1299168.7276753108
5763.9430083060915 0.064021707459337246 1299187.0895701339
5765.9065347939277 0.063905340400746066 1299205.4130798099
5767.8702257586028 0.063789066585881252 1299223.6982548514
5769.8340810581512 0.063672886060664208 1299241.9451457311
5771.7981005505653 0.063556798870979522 1299260.1538028799
5773.7622840937993 0.063440805062674938 1299278.3242766876
5775.72663154577 0.063324904681561267 1299296.4566175032
5777.6911427643536 0.063209097773412465 1299314.5508756342
5779.6558176073877 0.063093384383965556 1299332.607101348
5781.6206559326711 0.062977764558920624 1299350.6253448704
5783.5856575979651 0.062862238343940821 1299368.6056563864
5785.5508224609912 0.062746805784652318 1299386.5480860402
5787.5161503794334 0.062631466926644286 1299404.4526839352
5789.481641210934 0.062516221815468898 1299422.3195001343
5791.4472948131006 0.062401070496641307 1299440.148584659
5793.4131110435001 0.062286013015639623 1299457.9399874911
5795.3790897596618 0.062171049417904897 1299475.6937585708
5797.3452308190754 0.062056179748841062 1299493.4099477981
5799.3115340791928 0.061941404053815041 1299511.0886050328
5801.2779993974273 0.061826722378156534 1299528.7297800935
5803.2446266311545 0.061712134767158228 1299546.3335227591
5805.211415637712 0.061597641266075545 1299563.8998827673
5807.1783662743983 0.061483241920126802 1299581.4289098161
5809.1454783984727 0.061368936774493149 1299598.9206535623
5811.1127518671592 0.061254725874318475 1299616.3751636236
5813.0801865376416 0.061140609264709482 1299633.7924895762
5815.0477822670646 0.061026586990735619 1299651.172680957
5817.0155389125366 0.060912659097429107 1299668.515787262
5818.9834563311297 0.060798825629784857 1299685.8218579479
5820.951534379873 0.060685086632760496 1299703.0909424305
5822.9197729157622 0.060571442151276363 1299720.323090086
5824.8881717957529 0.060457892230215429 1299737.5183502506
5826.8567308767642 0.060344436914423344 1299754.6767722201
5828.8254500156763 0.060231076248708403 1299771.7984052508
5830.7943290693311 0.060117810277841494 1299788.8832985591
5832.763367894534 0.060004639046556132 1299805.9315013213
5834.7325663480524 0.059891562599548406 1299822.943062674
5836.7019242866154 0.059778580981476953 1299839.9180317144
5838.6714415669157 0.059665694236962989 1299856.8564574993
5840.641118045608 0.059552902410590226 1299873.7583890462
5842.6109535793084 0.059440205546904934 1299890.6238753332
5844.5809480245971 0.059327603690415821 1299907.4529652982
5846.5511012380148 0.059215096885594135 1299924.2457078402
5848.5214130760669 0.059102685176873532 1299941.0021518182
5850.4918833952206 0.058990368608650132 1299957.7223460518
5852.4625120519049 0.058878147225282479 1299974.4063393218
5854.4332989025133 0.058766021071091537 1299991.0541803683
5856.4042438034003 0.058653990190360647 1300007.6659178934
5858.3753466108838 0.058542054627335506 1300024.2416005593
5860.3466071812454 0.058430214426224189 1300040.7812769888
5862.3180253707278 0.058318469631197106 1300057.2849957659
5864.2896010355389 0.058206820286386976 1300073.7528054346
5866.2613340318467 0.058095266435888859 1300090.1847545011
5868.2332242157845 0.057983808123760021 1300106.5808914315
5870.2052714434485 0.057872445394020089 1300122.9412646526
5872.1774755708966 0.057761178290650854 1300139.2659225536
5874.1498364541503 0.057650006857596428 1300155.5549134829
5876.1223539491939 0.057538931138763058 1300171.8082857514
5878.0950279119761 0.057427951178019243 1300188.0260876305
5880.0678581984084 0.057317067019195637 1300204.2083673528
5882.0408446643642 0.057206278706085058 1300220.3551731121
5884.013987165682 0.057095586282442497 1300236.4665530636
5885.9872855581634 0.056984989791985019 1300252.5425553236
5887.9607396975725 0.056874489278391879 1300268.5832279697
5889.9343494396362 0.056764084785304376 1300284.588619041
5891.9081146400476 0.056653776356325874 1300300.5587765377
5893.88203515446 0.056543564035021851 1300316.493748422
5895.8561108384929 0.056433447864919738 1300332.3935826172
5897.8303415477267 0.056323427889509114 1300348.258327008
5899.8047271377091 0.056213504152241467 1300364.088029441
5901.7792674639477 0.056103676696530304 1300379.8827377243
5903.7539623819166 0.055993945565751137 1300395.6424996278
5905.7288117470516 0.055884310803241403 1300411.3673628827
5907.7038154147531 0.055774772452300496 1300427.0573751822
5909.6789732403859 0.055665330556189697 1300442.712584181
5911.6542850792766 0.055555985158132253 1300458.3330374961
5913.6297507867193 0.055446736301313249 1300473.9187827059
5915.6053702179679 0.055337584028879672 1300489.4698673512
5917.5811432282444 0.055228528383940344 1300504.9863389342
5919.5570696727309 0.05511956940956593 1300520.4682449196
5921.5331494065758 0.055010707148788925 1300535.9156327334
5923.5093822848921 0.05490194164460363 1300551.3285497646
5925.4857681627545 0.054793272939966109 1300566.7070433635
5927.4623068952033 0.054684701077794218 1300582.0511608431
5929.4389983372439 0.054576226100967566 1300597.3609494783
5931.4158423438448 0.054467848052327461 1300612.6364565063
5933.3928387699398 0.054359566974677011 1300627.8777291265
5935.3699874704243 0.054251382910780924 1300643.0848145005
5937.3472883001623 0.054143295903365668 1300658.2577597529
5939.3247411139791 0.054035305995119368 1300673.3966119699
5941.302345766665 0.053927413228691767 1300688.5014182008
5943.2801021129744 0.053819617646694247 1300703.5722254566
5945.2580100076284 0.053711919291699946 1300718.6090807118
5947.2360693053097 0.053604318206243305 1300733.6120309024
5949.2142798606683 0.053496814432820582 1300748.5811229281
5951.1926415283169 0.053389408013889583 1300763.5164036504
5953.1711541628338 0.053282098991869607 1300778.4179198935
5955.1498176187624 0.053174887409141502 1300793.2857184452
5957.1286317506092 0.053067773308047642 1300808.1198460553
5959.1075964128468 0.052960756730891907 1300822.9203494366
5961.0867114599132 0.05285383771993965 1300837.6872752646
5963.0659767462093 0.052747016317417676 1300852.4206701778
5965.0453921261023 0.052640292565514279 1300867.120580778
5967.0249574539257 0.052533666506379147 1300881.7870536295
5969.0046725839748 0.052427138182123419 1300896.4201352596
5970.984537370512 0.052320707634819608 1300911.0198721592
5972.9645516677647 0.052214374906501604 1300925.5863107815
5974.9447153299252 0.052108140039164703 1300940.1194975437
5976.9250282111489 0.052002003074765539 1300954.6194788255
5978.9054901655609 0.051895964055222031 1300969.0863009701
5980.8861010472474 0.051790023022413485 1300983.5200102839
5982.8668607102618 0.051684180018180481 1300997.920653037
5984.8477690086229 0.051578435084324852 1301012.2882754621
5986.828825796314 0.051472788262609759 1301026.622923756
5988.8100309272841 0.051367239594759549 1301040.9246440786
5990.7913842554472 0.051261789122459864 1301055.1934825531
5992.7728856346839 0.051156436887357527 1301069.4294852666
5994.7545349188395 0.051051182931060569 1301083.6326982698
5996.7363319617252 0.050946027295138231 1301097.803167576
5998.7182766171163 0.050840970021120889 1301111.9409391636
6000.7003687387578 0.050736011150500075 1301126.046058974
6002.6826081803547 0.050631150724728478 1301140.1185729119
6004.6649947955821 0.050526388785219922 1301154.1585268464
6006.6475284380786 0.050421725373349276 1301168.1659666104
6008.6302089614501 0.050317160530452522 1301182.1409380001
6010.6130362192662 0.050212694297826758 1301196.0834867761
6012.5960100650655 0.05010832671673008 1301209.9936586625
6014.5791303523492 0.050004057828381632 1301223.8714993477
6016.5623969345861 0.049899887673961613 1301237.7170544839
6018.545809665211 0.049795816294611189 1301251.5303696878
6020.5293683976251 0.049691843731432539 1301265.3114905397
6022.5130729851944 0.049587970025488814 1301279.060462584
6024.4969232812509 0.049484195217804103 1301292.7773313299
6026.4809191390941 0.049380519349363453 1301306.4621422498
6028.4650604119906 0.049276942461112819 1301320.1149407811
6030.449346953169 0.049173464593959104 1301333.7357723259
6032.4337786158285 0.049070085788770069 1301347.3246822492
6034.4183552531331 0.048966806086374361 1301360.8817158816
6036.4030767182112 0.04886362552756144 1301374.4069185178
6038.3879428641612 0.048760544153081738 1301387.9003354171
6040.3729535440452 0.048657562003646362 1301401.3620118031
6042.3581086108916 0.048554679119927315 1301414.7919928634
6044.3434079176977 0.04845189554255741 1301428.1903237517
6046.3288513174248 0.048349211312130179 1301441.5570495846
6048.314438663002 0.048246626469199992 1301454.8922154442
6050.3001698073258 0.048144141054281872 1301468.195866378
6052.2860446032564 0.048041755107851657 1301481.4680473967
6054.2720629036248 0.047939468670345868 1301494.708803477
6056.2582245612248 0.047837281782161727 1301507.9181795602
6058.2445294288191 0.047735194483657123 1301521.096220552
6060.2309773591369 0.047633206815150674 1301534.2429713234
6062.2175682048746 0.047531318816921561 1301547.3584767103
6064.2043018186951 0.047429530529209653 1301560.4427815136
6066.1911780532264 0.047327841992215465 1301573.4959304989
6068.1781967610668 0.047226253246100046 1301586.5179683976
6070.1653577947791 0.047124764330985093 1301599.5089399058
6072.152661006895 0.047023375286952857 1301612.4688896846
6074.1401062499117 0.046922086154046118 1301625.3978623608
6076.1276933762929 0.046820896972268246 1301638.2959025258
6078.1154222384721 0.046719807781583106 1301651.1630547366
6080.1032926888483 0.04661881862191506 1301663.9993635158
6082.091304579787 0.046517929533149004 1301676.8048733508
6084.0794577636225 0.046417140555130271 1301689.5796286948
6086.0677520926547 0.046316451727664701 1301702.3236739663
6088.0561874191544 0.046215863090518526 1301715.0370535494
6090.0447635953551 0.046115374683418441 1301727.7198117939
6092.0334804734603 0.046014986546051573 1301740.3719930148
6094.0223379056406 0.045914698718065396 1301752.9936414927
6096.0113357440341 0.045814511239067796 1301765.5848014741
6098.000473840747 0.045714424148627059 1301778.1455171711
6099.9897520478507 0.045614437486271774 1301790.6758327615
6101.979170217387 0.045514551291490901 1301803.1757923891
6103.9687282013647 0.04541476560373367 1301815.6454401631
6105.9584258517589 0.045315080462409708 1301828.0848201588
6107.9482630205139 0.045215495906888829 1301840.4939764175
6109.9382395595421 0.045116011976501162 1301852.8729529465
6111.9283553207215 0.04501662871053716 1301865.2217937184
6113.9186101559008 0.044917346148247411 1301877.5405426729
6115.9090039168941 0.044818164328842794 1301889.8292437149
6117.8995364554839 0.044719083291494405 1301902.0879407157
6119.8902076234217 0.044620103075333484 1301914.3166775128
6121.8810172724279 0.044521223719451511 1301926.5154979096
6123.8719652541877 0.044422445262900109 1301938.6844456766
6125.863051420356 0.044323767744691038 1301950.8235645492
6127.8542756225579 0.044225191203796234 1301962.9328982302
6129.845637712383 0.0441267156791477 1301975.0124903882
6131.8371375413908 0.044028341209637584 1301987.0623846587
6133.8287749611109 0.043930067834118097 1301999.0826246431
6135.8205498230373 0.043831895591401521 1302011.0732539094
6137.8124619786349 0.043733824520260242 1302023.0343159921
6139.804511279337 0.043635854659426654 1302034.9658543926
6141.7966975765448 0.043537986047593145 1302046.8679125786
6143.7890207216269 0.043440218723412194 1302058.7405339843
6145.7814805659218 0.043342552725496218 1302070.583762011
6147.7740769607362 0.043244988092417634 1302082.3976400262
6149.7668097573442 0.043147524862708835 1302094.1822113644
6151.7596788069914 0.043050163074862133 1302105.9375193273
6153.7526839608872 0.042952902767329826 1302117.6636071827
6155.7458250702139 0.042855743978524076 1302129.3605181659
6157.7391019861207 0.042758686746817022 1302141.0282954786
6159.732514559727 0.04266173111054062 1302152.6669822896
6161.7260626421175 0.042564877107986739 1302164.2766217354
6163.7197460843508 0.042468124777407128 1302175.8572569184
6165.7135647374507 0.042371474157013332 1302187.4089309091
6167.7075184524092 0.042274925284976762 1302198.9316867443
6169.7016070801901 0.042178478199428653 1302210.4255674286
6171.6958304717245 0.042082132938459978 1302221.8906159333
6173.6901884779136 0.041985889540121578 1302233.3268751975
6175.6846809496255 0.041889748042424006 1302244.734388127
6177.6793077377006 0.041793708483337591 1302256.1131975953
6179.6740686929452 0.041697770900792401 1302267.4633464434
6181.6689636661367 0.041601935332678253 1302278.7848774793
6183.6639925080208 0.041506201816844605 1302290.0778334788
6185.6591550693129 0.041410570391100687 1302301.3422571849
6187.6544512006976 0.041315041093215377 1302312.5781913083
6189.6498807528296 0.041219613960917202 1302323.7856785273
6191.6454435763308 0.04112428903189437 1302334.9647614877
6193.6411395217938 0.041029066343794697 1302346.1154828027
6195.6369684397814 0.040933945934225661 1302357.2378850542
6197.6329301808246 0.04083892784075429 1302368.3320107907
6199.6290245954251 0.040744012100907237 1302379.3979025288
6201.6252515340529 0.040649198752170802 1302390.4356027534
6203.6216108471472 0.040554487831990643 1302401.4451539165
6205.6181023851186 0.04045987937777213 1302412.4265984388
6207.6147259983472 0.040365373426880152 1302423.3799787085
6209.6114815371802 0.040270970016639089 1302434.3053370812
6211.6083688519384 0.040176669184332825 1302445.2027158819
6213.6053877929089 0.040082470967204693 1302456.0721574025
6215.6025382103498 0.039988375402457595 1302466.9137039036
6217.5998199544911 0.039894382527253802 1302477.7273976135
6219.5972328755288 0.039800492378715073 1302488.5132807291
6221.5947768236329 0.039706704993922572 1302499.2713954153
6223.5924516489395 0.039613020409916884 1302510.0017838052
6225.5902572015575 0.039519438663698003 1302520.7044880006
6227.588193331565 0.03942595979222531 1302531.3795500712
6229.5862598890089 0.039332583832417528 1302542.027012055
6231.5844567239092 0.039239310821152791 1302552.6469159592
6233.5827836862527 0.039146140795268507 1302563.2393037584
6235.5812406259984 0.039053073791561456 1302573.8042173968
6237.5798273930759 0.03896010984678773 1302584.341698786
6239.5785438373832 0.038867248997662689 1302594.8517898072
6241.5773898087891 0.038774491280861009 1302605.3345323098
6243.5763651571351 0.03868183673301661 1302615.7899681118
6245.57546973223 0.038589285390722684 1302626.218139
6247.5747033838543 0.038496837290531639 1302636.6190867298
6249.5740659617595 0.03840449246895513 1302646.9928530257
6251.5735573156671 0.038312250962464031 1302657.339479581
6253.5731772952677 0.038220112807488389 1302667.6590080576
6255.5729257502253 0.038128078040417443 1302677.9514800862
6257.5728025301714 0.038036146697599589 1302688.2169372672
6259.572807484712 0.037944318815342395 1302698.4554211691
6261.5729404634194 0.037852594429912567 1302708.6669733301
6263.5732013158404 0.037760973577535925 1302718.851635257
6265.57358989149 0.037669456294397406 1302729.0094484263
6267.574106039855 0.037578042616641029 1302739.1404542828
6269.5747496103932 0.0374867325803699 1302749.2446942413
6271.575520452534 0.037395526221646221 1302759.3222096856
6273.5764184156751 0.037304423576491219 1302769.3730419683
6275.5774433491879 0.037213424680885156 1302779.3972324121
6277.5785951024136 0.037122529570767344 1302789.3948223086
6279.5798735246644 0.03703173828203607 1302799.3658529185
6281.5812784652235 0.036941050850548662 1302809.3103654729
6283.5828097733465 0.036850467312121382 1302819.2284011713
6285.5844672982566 0.036759987702529508 1302829.1200011836
6287.5862508891532 0.036669612057507232 1302838.9852066487
6289.5881603952039 0.03657934041274772 1302848.824058675
6291.5901956655471 0.036489172803903035 1302858.6365983412
6293.592356549294 0.036399109266584163 1302868.4228666951
6295.5946428955267 0.036309149836360993 1302878.1829047545
6297.5970545532982 0.036219294548762299 1302887.9167535068
6299.5995913716324 0.036129543439275706 1302897.6244539092
6301.6022531995277 0.036039896543347723 1302907.3060468892
6303.6050398859497 0.035950353896383666 1302916.9615733435
6305.6079512798387 0.03586091553374772 1302926.5910741391
6307.6109872301049 0.035771581490762851 1302936.1945901129
6309.6141475856311 0.035682351802710829 1302945.7721620717
6311.6174321952712 0.03559322650483223 1302955.3238307924
6313.6208409078508 0.035504205632326376 1302964.8496370225
6315.6243735721664 0.035415289220351379 1302974.3496214785
6317.628030036989 0.035326477304024051 1302983.823824848
6319.6318101510587 0.035237769918419974 1302993.2722877888
6321.6357137630876 0.035149167098573422 1303002.6950509283
6323.6397407217601 0.03506066887947739 1303012.0921548645
6325.6438908757345 0.034972275296083551 1303021.463640166
6327.6481640736374 0.03488398638330225 1303030.8095473717
6329.6525601640706 0.034795802176002505 1303040.1299169904
6331.6570789956058 0.034707722709011964 1303049.4247895018
6333.6617204167878 0.034619748017116932 1303058.6942053561
6335.6664842761329 0.034531878135062304 1303067.9382049737
6337.6713704221302 0.034444113097551611 1303077.156828746
6339.6763787032405 0.034356452939246954 1303086.3501170347
6341.6815089678967 0.034268897694769034 1303095.5181101724
6343.6867610645049 0.034181447398697093 1303104.660848462
6345.6921348414407 0.034094102085568956 1303113.7783721776
6347.6976301470568 0.034006861789880931 1303122.8707215637
6349.7032468296729 0.033919726546087922 1303131.9379368359
6351.7089847375855 0.033832696388603284 1303140.9800581802
6353.7148437190617 0.03374577135179891 1303149.9971257539
6355.7208236223405 0.033658951470005145 1303158.9891796852
6357.7269242956345 0.033572236777510825 1303167.956260073
6359.7331455871272 0.033485627308563227 1303176.8984069875
6361.7394873449766 0.033399123097368096 1303185.8156604699
6363.7459494173136 0.033312724178089559 1303194.7080605326
6365.7525316522397 0.033226430584850211 1303203.5756471585
6367.7592338978302 0.033140242351731027 1303212.4184603025
6369.7660560021322 0.033054159512771367 1303221.2365398901
6371.7729978131683 0.032968182101968967 1303230.0299258183
6373.780059178931 0.032882310153279928 1303238.7986579556
6375.7872399473872 0.032796543700618706 1303247.5427761413
6377.794539966475 0.03271088277785808 1303256.2623201867
6379.8019590841077 0.032625327418829161 1303264.9573298742
6381.8094971481705 0.032539877657321359 1303273.6278449574
6383.8171540065214 0.032454533527082385 1303282.2739051618
6385.8249295069909 0.032369295061818251 1303290.8955501844
6387.8328234973842 0.032284162295193181 1303299.4928196934
6389.8408358254783 0.032199135260829723 1303308.0657533291
6391.8489663390237 0.032114213992308606 1303316.6143907029
6393.8572148857447 0.032029398523168849 1303325.1387713985
6395.8655813133373 0.03194468888690763 1303333.6389349708
6397.874065469473 0.031860085116980359 1303342.114920947
6399.8826672017931 0.031775587246800623 1303350.5667688255
6401.8913863579173 0.031691195309740204 1303358.994518077
6403.9002227854344 0.031606909339129019 1303367.3982081439
6405.9091763319075 0.031522729368255155 1303375.7778784405
6407.9182468448753 0.03143865543036483 1303384.1335683535
6409.9274341718474 0.031354687558662379 1303392.4653172411
6411.936738160307 0.031270825786310255 1303400.7731644339
6413.9461586577127 0.031187070146429005 1303409.057149234
6415.9556955114967 0.031103420672097253 1303417.3173109165
6417.9653485690633 0.031019877396351703 1303425.5536887283
6419.9751176777909 0.030936440352187122 1303433.7663218877
6421.9850026850327 0.030853109572556305 1303441.9552495866
6423.9950034381127 0.030769885090370087 1303450.1205109886
6426.0051197843322 0.030686766938497329 1303458.2621452294
6428.0153515709653 0.030603755149764881 1303466.3801914172
6430.0256986452596 0.0305208497569576 1303474.4746886331
6432.0361608544345 0.030438050792818319 1303482.5456759299
6434.0467380456876 0.030355358290047828 1303490.5931923334
6436.0574300661865 0.030272772281304892 1303498.6172768415
6438.068236763077 0.030190292799206202 1303506.6179684252
6440.0791579834749 0.030107919876326369 1303514.5953060281
6442.0901935744723 0.030025653545197945 1303522.5493285658
6444.101343383134 0.02994349383831137 1303530.480074927
6446.1126072565021 0.029861440788114955 1303538.3875839734
6448.1239850415886 0.029779494427014924 1303546.2718945392
6450.135476585383 0.029697654787375329 1303554.133045431
6452.1470817348472 0.02961592190151811 1303561.9710754291
6454.158800336917 0.02953429580172302 1303569.7860232862
6456.1706322385053 0.029452776520227701 1303577.5779277277
6458.1825772864977 0.029371364089227435 1303585.3468274525
6460.1946353277526 0.02929005854087547 1303593.0927611319
6462.2068062091057 0.029208859907282808 1303600.8157674111
6464.2190897773671 0.029127768220518206 1303608.5158849079
6466.2314858793197 0.029046783512608178 1303616.1931522128
6468.2439943617201 0.028965905815536999 1303623.8476078901
6470.256615071301 0.028885135161246689 1303631.4792904772
6472.2693478547726 0.028804471581636969 1303639.0882384845
6474.2821925588141 0.028723915108565298 1303646.6744903962
6476.2951490300848 0.028643465773846803 1303654.238084669
6478.3082171152146 0.028563123609254327 1303661.7790597337
6480.32139666081 0.028482888646518371 1303669.2974539942
6482.334687513453 0.028402760917327099 1303676.7933058278
6484.3480895197008 0.028322740453326341 1303684.2666535855
6486.3616025260808 0.028242827286119532 1303691.7175355917
6488.3752263791021 0.028163021447267761 1303699.1459901445
6490.3889609252446 0.028083322968289703 1303706.5520555151
6492.4028060109649 0.028003731880661648 1303713.9357699493
6494.4167614826938 0.027924248215817484 1303721.2971716656
6496.4308271868376 0.027844872005148638 1303728.6362988567
6498.4450029697764 0.027765603280004127 1303735.9531896892
6500.4592886778682 0.027686442071690513 1303743.2478823029
6502.473684157444 0.027607388411471888 1303750.5204148125
6504.4881892548101 0.02752844233056987 1303757.7708253055
6506.5028038162509 0.0274496038601636 1303764.9991518438
6508.5175276880218 0.027370873031389704 1303772.2054324632
6510.5323607163573 0.027292249875342307 1303779.3897051739
6512.5473027474636 0.027213734423073 1303786.5520079592
6514.562353627527 0.027135326705590854 1303793.6923787775
6516.5775132027047 0.02705702675386237 1303800.8108555609
6518.5927813191329 0.026978834598811494 1303807.9074762152
6520.6081578229214 0.026900750271319603 1303814.9822786213
6522.6236425601555 0.026822773802225499 1303822.0353006336
6524.6392353768979 0.026744905222325359 1303829.0665800811
6526.6549361191846 0.026667144562372774 1303836.0761547675
6528.6707446330292 0.026589491853078708 1303843.0640624701
6530.6866607644206 0.026511947125111474 1303850.0303409409
6532.702684359323 0.026434510409096768 1303856.9750279067
6534.7188152636763 0.026357181735617595 1303863.8981610681
6536.7350533233957 0.026279961135214313 1303870.7997781006
6538.7513983843746 0.026202848638384589 1303877.6799166545
6540.7678502924791 0.026125844275583402 1303884.5386143541
6542.7844088935562 0.026048948077223012 1303891.375908799
6544.801074033423 0.025972160073672968 1303898.1918375632
6546.8178455578754 0.025895480295260089 1303904.9864381952
6548.834723312686 0.025818908772268445 1303911.7597482183
6550.8517071436036 0.025742445534939363 1303918.5118051311
6552.8687968963513 0.025666090613471387 1303925.2426464064
6554.8859924166291 0.025589844038020299 1303931.952309492
6556.9032935501145 0.025513705838699084 1303938.6408318111
6558.9207001424602 0.025437676045577919 1303945.3082507614
6560.9382120392938 0.025361754688684183 1303951.9546037153
6562.9558290862224 0.025285941798002403 1303958.5799280214
6564.9735511288272 0.025210237403474292 1303965.1842610019
6566.9913780126681 0.025134641534998697 1303971.7676399553
6569.0093095832781 0.025059154222431625 1303978.3301021543
6571.0273456861687 0.024983775495586179 1303984.8716848476
6573.0454861668268 0.024908505384232608 1303991.3924252586
6575.0637308707173 0.024833343918098241 1303997.892360586
6577.0820796432818 0.024758291126867508 1304004.3715280043
6579.100532329936 0.024683347040181918 1304010.8299646631
6581.1190887760758 0.024608511687640052 1304017.2677076869
6583.1377488270718 0.024533785098797542 1304023.6847941761
6585.1565123282699 0.024459167303167054 1304030.0812612067
6587.1753791249957 0.024384658330218318 1304036.4571458299
6589.1943490625508 0.024310258209378058 1304042.8124850728
6591.2134219862128 0.024235966970030005 1304049.1473159371
6593.2325977412347 0.024161784641514913 1304055.4616754013
6595.2518761728516 0.0240877112531305 1304061.7556004194
6597.2712571262691 0.024013746834131468 1304068.0291279205
6599.290740446675 0.02393989141372949 1304074.2822948096
6601.3103259792315 0.023866145021093181 1304080.5151379679
6603.3300135690797 0.023792507685348085 1304086.727694252
6605.3498030613337 0.023718979435576701 1304092.9200004947
6607.36969430109 0.023645560300818425 1304099.0920935043
6609.3896871334191 0.023572250310069574 1304105.2440100654
6611.4097814033703 0.023499049492283344 1304111.3757869385
6613.4299769559675 0.023425957876369825 1304117.4874608601
6615.4502736362165 0.023352975491195974 1304123.5790685422
6617.4706712890948 0.023280102365585607 1304129.650646674
6619.4911697595626 0.023207338528319393 1304135.7022319201
6621.5117688925548 0.023134684008134839 1304141.7338609213
6623.5324685329833 0.023062138833726275 1304147.7455702948
6625.5532685257376 0.022989703033744837 1304153.7373966342
6627.5741687156869 0.022917376636798485 1304159.7093765086
6629.5951689476751 0.022845159671451953 1304165.6615464645
6631.6162690665269 0.022773052166226774 1304171.5939430241
6633.6374689170398 0.022701054149601222 1304177.5066026861
6635.6587683439939 0.022629165650010358 1304183.399561926
6637.6801671921439 0.02255738669584598 1304189.2728571952
6639.7016653062256 0.022485717315456611 1304195.1265249224
6641.7232625309471 0.022414157537147521 1304200.9606015123
6643.7449587109995 0.022342707389180674 1304206.7751233461
6645.7667536910494 0.022271366899774735 1304212.5701267819
6647.7886473157414 0.02220013609710508 1304218.3456481546
6649.8106394296983 0.022129015009303754 1304224.101723776
6651.8327298775221 0.022058003664459466 1304229.8383899336
6653.8549185037891 0.021987102090617581 1304235.5556828931
6655.8772051530577 0.021916310315780133 1304241.2536388962
6657.8995896698625 0.021845628367905764 1304246.9322941615
6659.9220718987171 0.021775056274909752 1304252.5916848851
6661.9446516841108 0.021704594064664004 1304258.2318472392
6663.9673288705153 0.021634241764996991 1304263.8528173738
6665.9901033023762 0.021563999403693818 1304269.4546314154
6668.0129748241197 0.021493867008496152 1304275.0373254679
6670.0359432801506 0.021423844607102217 1304280.6009356121
6672.0590085148506 0.021353932227166823 1304286.1454979063
6674.0821703725796 0.021284129896301303 1304291.6710483853
6676.1054286976787 0.021214437642073546 1304297.1776230617
6678.1287833344632 0.021144855492007959 1304302.6652579254
6680.1522341272321 0.021075383473585455 1304308.1339889434
6682.1757809202563 0.021006021614243468 1304313.5838520601
6684.1994235577913 0.020936769941375919 1304319.0148831974
6686.2231618840678 0.020867628482333211 1304324.4271182544
6688.2469957432977 0.020798597264422205 1304329.8205931077
6690.270924979669 0.020729676314906256 1304335.1953436118
6692.2949494373479 0.020660865661005137 1304340.5514055982
6694.3190689604835 0.020592165329895083 1304345.8888148761
6696.3432833931993 0.020523575348708745 1304351.207607233
6698.3675925795997 0.020455095744535193 1304356.507818433
6700.3919963637672 0.020386726544419909 1304361.7894842187
6702.4164945897655 0.020318467775364776 1304367.0526403103
6704.4410871016325 0.020250319464328047 1304372.2973224053
6706.465773743389 0.020182281638224369 1304377.5235661792
6708.4905543590339 0.020114354323924739 1304382.7314072861
6710.5154287925443 0.020046537548256516 1304387.9208813573
6712.5403968878782 0.019978831338003412 1304393.0920240018
6714.5654584889699 0.019911235719905447 1304398.2448708073
6716.5906134397346 0.019843750720659033 1304403.3794573389
6718.6158615840668 0.019776376366916738 1304408.4958191402
6720.6412027658398 0.019709112685287588 1304413.5939917327
6722.6666368289061 0.019641959702336842 1304418.6740106158
6724.6921636170964 0.019574917444586042 1304423.7359112676
6726.7177829742241 0.019507985938512995 1304428.7797291439
6728.7434947440788 0.019441165210551777 1304433.8054996792
6730.7692987704304 0.019374455287092699 1304438.8132582856
6732.7951948970267 0.019307856194482335 1304443.8030403545
6734.8211829675993 0.019241367959023464 1304448.7748812546
6736.8472628258542 0.019174990606975088 1304453.7288163339
6738.8734343154811 0.019108724164552428 1304458.6648809186
6740.899697280146 0.019042568657926882 1304463.5831103129
6742.9260515634969 0.018976524113226059 1304468.4835398002
6744.9524970091607 0.01891059055653372 1304473.3662046422
6746.9790334607424 0.018844768013889807 1304478.2311400787
6749.0056607618299 0.018779056511290425 1304483.0783813291
6751.0323787559882 0.018713456074687801 1304487.9079635907
6753.0591872867635 0.01864796672999032 1304492.7199220399
6755.0860861976798 0.018582588503062481 1304497.5142918315
6757.113075332245 0.01851732141972489 1304502.2911080997
6759.1401545339422 0.018452165505754282 1304507.050405957
6761.1673236462384 0.018387120786883461 1304511.7922204947
6763.1945825125767 0.018322187288801337 1304516.5165867836
6765.221930976385 0.018257365037152872 1304521.2235398728
6767.2493688810664 0.018192654057539111 1304525.9131147906
6769.2768960700078 0.018128054375517146 1304530.5853465449
6771.3045123865741 0.018063566016600113 1304535.2402701217
6773.3322176741112 0.017999189006257174 1304539.8779204867
6775.3600117759452 0.017934923369913532 1304544.498332585
6777.3878945353817 0.017870769132950388 1304549.1015413399
6779.4158657957068 0.017806726320704947 1304553.6875816549
6781.4439254001882 0.017742794958470434 1304558.2564884124
6783.4720731920725 0.017678975071496014 1304562.8082964739
6785.5003090145883 0.01761526668498686 1304567.3430406807
6787.5286327109425 0.017551669824104093 1304571.8607558529
6789.5570441243226 0.017488184513964798 1304576.3614767904
6791.5855430978991 0.017424810779641996 1304580.8452382723
6793.6141294748213 0.01736154864616464 1304585.3120750578
6795.6428030982179 0.017298398138517614 1304589.7620218846
6797.6715638112 0.017235359281641719 1304594.195113471
6799.7004114568581 0.017172432100433645 1304598.6113845143
6801.729345878266 0.017109616619745999 1304603.0108696918
6803.7583669184751 0.01704691286438725 1304607.3936036602
6805.7874744205192 0.016984320859121754 1304611.7596210558
6807.8166682274114 0.016921840628669735 1304616.1089564951
6809.8459481821483 0.016859472197707261 1304620.441644574
6811.8753141277039 0.016797215590866259 1304624.7577198686
6813.9047659070357 0.016735070832734483 1304629.0572169349
6815.9343033630821 0.016673037947855514 1304633.340170308
6817.9639263387598 0.016611116960728756 1304637.6066145042
6819.99363467697 0.016549307895809415 1304641.856584019
6822.0234282205938 0.016487610777508488 1304646.0901133281
6824.0533068124905 0.016426025630192773 1304650.3072368873
6826.083270295504 0.016364552478184833 1304654.5079891323
6828.11331851246 0.01630319134576301 1304658.6924044793
6830.1434513061622 0.016241942257161395 1304662.8605173246
6832.1736685193973 0.01618080523656984 1304667.0123620445
6834.2039699949328 0.016119780308133925 1304671.1479729961
6836.2343555755178 0.016058867495954962 1304675.2673845161
6838.2648251038827 0.015998066824089996 1304679.3706309218
6840.2953784227393 0.015937378316551763 1304683.4577465111
6842.3260153747806 0.015876801997308714 1304687.5287655622
6844.3567358026812 0.015816337890284998 1304691.5837223339
6846.3875395490977 0.015755986019360426 1304695.6226510652
6848.4184264566647 0.015695746408370501 1304699.6455859756
6850.4493963680052 0.015635619081106382 1304703.6525612657
6852.4804491257173 0.015575604061314878 1304707.6436111161
6854.511584572384 0.015515701372698455 1304711.6187696883
6856.5428025505698 0.015455911038915204 1304715.5780711249
6858.5741029028195 0.015396233083578851 1304719.5215495483
6860.6054854716622 0.015336667530258733 1304723.4492390624
6862.6369500996052 0.01527721440247979 1304727.361173752
6864.6684966291386 0.015217873723722571 1304731.2573876819
6866.700124902738 0.015158645517423214 1304735.137914899
6868.7318347628561 0.015099529806973426 1304739.0027894301
6870.7636260519312 0.015040526615720494 1304742.8520452832
6872.7954986123787 0.014981635966967263 1304746.6857164477
6874.8274522866022 0.014922857883972135 1304750.5038368935
6876.8594869169829 0.014864192389949047 1304754.3064405723
6878.8916023458869 0.014805639508067469 1304758.093561416
6880.923798415658 0.014747199261452409 1304761.8652333384
6882.9560749686279 0.014688871673184381 1304765.621490234
6884.9884318471068 0.014630656766299396 1304769.3623659788
6887.0208688933872 0.014572554563788991 1304773.0878944297
6889.0533859497455 0.014514565088600159 1304776.7981094259
6891.0859828584389 0.014456688363635391 1304780.4930447866
6893.1186594617075 0.014398924411752648 1304784.1727343134
6895.1514156017738 0.014341273255765341 1304787.8372117889
6897.1842511208424 0.014283734918442339 1304791.4865109774
6899.2171658611014 0.014226309422507966 1304795.120665624
6901.2501596647198 0.01416899679064196 1304798.7397094562
6903.2832323738503 0.014111797045479492 1304802.3436761829
6905.3163838306273 0.014054710209611162 1304805.932599494
6907.3496138771688 0.013997736305582952 1304809.5065130619
6909.3829223555731 0.013940875355896267 1304813.06545054
6911.4163091079236 0.013884127383007887 1304816.609445564
6913.4497739762846 0.013827492409329975 1304820.138531751
6915.4833168027071 0.013770970457230075 1304823.6527427
6917.5169374292182 0.013714561549031079 1304827.1521119918
6919.550635697834 0.013658265707011246 1304830.636673189
6921.5844114505499 0.013602082953404177 1304834.1064598367
6923.6182645293438 0.013546013310398801 1304837.5615054613
6925.6521947761794 0.013490056800139386 1304841.0018435712
6927.6862020330018 0.013434213444725512 1304844.4275076573
6929.7202861417372 0.01337848326621208 1304847.8385311924
6931.7544469442992 0.013322866286609282 1304851.2349476311
6933.7886842825792 0.013267362527882602 1304854.6167904104
6935.8229979984553 0.013211972011952813 1304857.9840929497
6937.8573879337891 0.013156694760695966 1304861.3368886502
6939.8918539304223 0.013101530795943372 1304864.6752108957
6941.9263958301808 0.013046480139481613 1304867.9990930522
6943.9610134748773 0.012991542813052504 1304871.3085684681
6945.9957067063033 0.012936718838353107 1304874.6036704741
6948.030475366234 0.012882008237035732 1304877.8844323831
6950.0653192964292 0.012827411030707883 1304881.1508874912
6952.1002383386331 0.012772927240932312 1304884.4030690759
6954.1352323345718 0.012718556889226957 1304887.6410103983
6956.1703011259551 0.012664299997064954 1304890.8647447014
6958.2054445544754 0.012610156585874643 1304894.074305211
6960.2406624618116 0.012556126677039538 1304897.2697251355
6962.2759546896223 0.012502210291898321 1304900.4510376665
6964.3113210795518 0.012448407451744846 1304903.6182759774
6966.3467614732281 0.012394718177828119 1304906.771473225
6968.3822757122625 0.0123411424913523 1304909.9106625486
6970.4178636382494 0.012287680413476684 1304913.0358770711
6972.4535250927684 0.012234331965315695 1304916.1471498967
6974.4892599173809 0.012181097167938923 1304919.2445141145
6976.5250679536339 0.012127976042370953 1304922.3280027951
6978.560949043057 0.012074968609591593 1304925.3976489925
6980.5969030271654 0.01202207489053571 1304928.4534857438
6982.6329297474558 0.011969294906093272 1304931.4955460695
6984.6690290454089 0.011916628677109303 1304934.5238629722
6986.7052007624934 0.011864076224383928 1304937.5384694387
6988.741444740157 0.011811637568672317 1304940.539398439
6990.777760819833 0.011759312730684708 1304943.5266829252
6992.8141488429419 0.011707101731086378 1304946.5003558339
6994.8506086508842 0.01165500459049766 1304949.4604500842
6996.8871400850458 0.011603021329493899 1304952.4069985789
6998.9237429867981 0.011551151968605478 1304955.3400342043
7000.9604171974952 0.011499396528317796 1304958.2595898299
7002.9971625584767 0.011447755029071251 1304961.1656983083
7005.033978911064 0.011396227491261252 1304964.0583924763
7007.0708660965665 0.011344813935238193 1304966.9377051538
7009.1078239562758 0.011293514381307447 1304969.8036691444
7011.1448523314693 0.011242328849729378 1304972.6563172352
7013.1819510634059 0.0111912573607193 1304975.4956821974
7015.2191199933313 0.0111402999344475 1304978.3217967849
7017.256358962476 0.011089456591039217 1304981.1346937362
7019.293667812055 0.011038727350574618 1304983.9344057732
7021.3310463832659 0.01098811223308882 1304986.720965602
7023.3684945172927 0.010937611258571872 1304989.4944059118
7025.4060120553049 0.010887224446968734 1304992.2547593764
7027.4435988384557 0.010836951818179275 1304995.0020586529
7029.4812547078809 0.010786793392058278 1304997.736336383
7031.5189795047036 0.010736749188415414 1305000.4576251919
7033.5567730700322 0.010686819227015252 1305003.1659576888
7035.5946352449582 0.010637003527577238 1305005.8613664671
7037.6325658705582 0.010587302109775681 1305008.5438841044
7039.6705647878944 0.010537714993239777 1305011.2135431624
7041.7086318380143 0.010488242197553557 1305013.8703761874
7043.7467668619502 0.010438883742255923 1305016.5144157086
7045.7849697007177 0.010389639646840596 1305019.1456942409
7047.8232401953192 0.010340509930756149 1305021.7642442826
7049.8615781867429 0.010291494613405975 1305024.370098317
7051.8999835159602 0.010242593714148296 1305026.963288811
7053.9384560239296 0.010193807252296122 1305029.5438482165
7055.9769955515931 0.010145135247117295 1305032.1118089699
7058.0156019398773 0.010096577717834431 1305034.6672034913
7060.0542750296963 0.01004813468362495 1305037.2100641862
7062.0930146619503 0.009999806163621042 1305039.7404234444
7064.1318206775195 0.00995159217690968 1305042.2583136403
7066.1706929172769 0.0099034927425325978 1305044.7637671323
7068.2096312220747 0.0098555078794862871 1305047.2568162645
7070.2486354327548 0.0098076376067219844 1305049.7374933651
7072.2877053901411 0.0097598819431456915 1305052.205830747
7074.3268409350449 0.00971224090761812 1305054.6618607084
7076.3660419082644 0.0096647145189547243 1305057.1056155318
7078.4053081505799 0.009617302795925679 1305059.5371274848
7080.4446395027608 0.0095700057572558703 1305061.95642882
7082.4840358055608 0.0095228234216248927 1305064.3635517745
7084.5234968997174 0.0094757558076670328 1305066.7585285709
7086.5630226259582 0.0094288029339712805 1305069.1413914163
7088.6026128249923 0.0093819648190813006 1305071.5121725034
7090.6422673375173 0.0093352414814954366 1305073.8709040098
7092.681986004216 0.0092886329396667019 1305076.2176180978
7094.721768665755 0.0092421392120027781 1305078.5523469157
7096.7616151627908 0.0091957603168659908 1305080.875122596
7098.8015253359617 0.0091494962725733233 1305083.1859772576
7100.8414990258952 0.0091033470973963942 1305085.4849430034
7102.8815360732042 0.009057312809561454 1305087.7720519227
7104.9216363184851 0.0090113934272493881 1305090.0473360897
7106.9617996023253 0.0089655889685956915 1305092.3108275635
7109.0020257652941 0.0089198994516904752 1305094.56255839
7111.0423146479479 0.0088743248945784489 1305096.8025605991
7113.0826660908297 0.0088288653152589353 1305099.0308662071
7115.1230799344685 0.0087835207316858278 1305101.2475072152
7117.1635560193818 0.0087382911617676154 1305103.452515611
7119.2040941860696 0.008693176623367365 1305105.645923367
7121.2446942750221 0.0086481771343027009 1305107.8277624417
7123.285356126712 0.0086032927123458232 1305109.9980647794
7125.3260795816022 0.0085585233752234775 1305112.1568623099
7127.3668644801373 0.0085138691406169611 1305114.3041869488
7129.4077106627537 0.008469330026162113 1305116.4400705972
7131.4486179698715 0.0084249060494493034 1305118.5645451432
7133.4895862418989 0.0083805972280234352 1305120.677642459
7135.5306153192287 0.0083364035793839289 1305122.7793944047
7137.5717050422409 0.0082923251209847133 1305124.8698328247
7139.6128552513037 0.0082483618702342346 1305126.9489895504
7141.6540657867699 0.0082045138444954268 1305129.0168963985
7143.6953364889805 0.0081607810610857257 1305131.0735851726
7145.7366671982627 0.0081171635372770494 1305133.1190876618
7147.7780577549311 0.0080736612902957954 1305135.1534356417
7149.8195079992865 0.0080302743373228298 1305137.1766608739
7151.8610177716173 0.0079870026954934926 1305139.1887951063
7153.902586912197 0.007943846381897577 1305141.1898700728
7155.9442152612892 0.0079008054135793291 1305143.1799174938
7157.9859026591403 0.0078578798075374379 1305145.1589690766
7160.0276489459884 0.0078150695807250384 1305147.1270565139
7162.0694539620572 0.0077723747500496859 1305149.0842114855
7164.1113175475557 0.0077297953323733721 1305151.0304656574
7166.1532395426793 0.0076873313445125014 1305152.9658506818
7168.1952197876144 0.0076449828032378927 1305154.8903981978
7170.2372581225318 0.0076027497252747663 1305156.8041398313
7172.2793543875905 0.0075606321273027468 1305158.7071071945
7174.3215084229378 0.0075186300259558443 1305160.599331886
7176.3637200687053 0.0074767434378224615 1305162.4808454914
7178.4059891650159 0.0074349723794453733 1305164.3516795833
7180.4483155519765 0.0073933168673217331 1305166.2118657203
7182.4906990696818 0.0073517769179030548 1305168.0614354485
7184.5331395582161 0.0073103525475952148 1305169.9004203002
7186.5756368576513 0.0072690437727584442 1305171.728851795
7188.6181908080434 0.007227850609707316 1305173.5467614394
7190.6608012494389 0.007186773074710745 1305175.3541807269
7192.7034680218712 0.0071458111839919815 1305177.1511411376
7194.7461909653612 0.0071049649537286014 1305178.9376741389
7196.7889699199186 0.0070642344000525024 1305180.7138111854
7198.8318047255389 0.0070236195390498933 1305182.4795837183
7200.8746952222073 0.0069831203867612972 1305184.2350231663
7202.9176412498946 0.0069427369591815316 1305185.9801609456
7204.9606426485598 0.0069024692722597161 1305187.7150284587
7207.0036992581518 0.0068623173418992552 1305189.4396570963
7209.0468109186058 0.006822281183957838 1305191.1540782356
7211.0899774698464 0.0067823608142474285 1305192.8583232416
7213.1331987517842 0.0067425562485342663 1305194.5524234667
7215.1764746043173 0.006702867502538846 1305196.2364102502
7217.2198048673354 0.0066632945919359258 1305197.9103149197
7219.263189380712 0.0066238375323545194 1305199.5741687892
7221.3066279843115 0.0065844963393778769 1305201.228003161
7223.3501205179873 0.0065452710285434958 1305202.8718493246
7225.3936668215783 0.0065061616153431027 1305204.5057385573
7227.4372667349126 0.0064671681152226514 1305206.1297021236
7229.4809200978061 0.0064282905435823203 1305207.7437712764
7231.5246267500643 0.0063895289157764965 1305209.3479772555
7233.5683865314795 0.0063508832471137833 1305210.9423512889
7235.6121992818335 0.0063123535528569778 1305212.5269245924
7237.6560648408968 0.0062739398482231142 1305214.1017283692
7239.6999830484274 0.0062356421483833217 1305215.6667938111
7241.7439537441724 0.0061974604684630055 1305217.2221520969
7243.7879767678669 0.0061593948235417178 1305218.7678343938
7245.8320519592335 0.0061214452286531863 1305220.3038718572
7247.8761791579855 0.006083611698785304 1305221.8302956296
7249.9203582038235 0.0060458942488801262 1305223.3471368428
7251.9645889364383 0.006008292893833863 1305224.8544266154
7254.0088711955068 0.0059708076484968715 1305226.3521960552
7256.0532048206969 0.0059334385276736557 1305227.8404762575
7258.0975896516629 0.005896185546122857 1305229.319298306
7260.1420255280518 0.0058590487185572427 1305230.7886932725
7262.1865122894942 0.0058220280596437152 1305232.2486922173
7264.2310497756152 0.005785123584003289 1305233.6993261885
7266.2756378260256 0.0057483353062110975 1305235.1406262235
7268.320276280323 0.0057116632407963807 1305236.5726233467
7270.3649649780982 0.0056751074022424819 1305237.9953485723
7272.409703758929 0.0056386678049868428 1305239.4088329019
7274.4544924623824 0.0056023444634209921 1305240.8131073259
7276.4993309280162 0.0055661373918905526 1305242.208202824
7278.5442189953728 0.0055300466046952186 1305243.5941503632
7280.5891565039883 0.0054940721160887619 1305244.9709808999
7282.6341432933859 0.0054582139402790239 1305246.338725379
7284.6791792030781 0.0054224720914279115 1305247.6974147339
7286.7242640725681 0.0053868465836513823 1305249.047079887
7288.7693977413464 0.0053513374310194522 1305250.387751749
7290.8145800488937 0.0053159446475561818 1305251.7194612199
7292.8598108346805 0.0052806682472396711 1305253.0422391882
7294.9050899381664 0.0052455082440020558 1305254.356116531
7296.9504171987992 0.0052104646517295043 1305255.6611241153
7298.9957924560185 0.0051755374842622085 1305256.9572927959
7301.0412155492513 0.0051407267553943729 1305258.2446534175
7303.0866863179153 0.0051060324788742241 1305259.5232368126
7305.1322046014175 0.005071454668403994 1305260.7930738044
7307.1777702391546 0.0050369933376399152 1305262.0541952038
7309.2233830705109 0.0050026485001922203 1305263.3066318114
7311.2690429348659 0.0049684201696251293 1305264.5504144172
7313.3147496715819 0.0049343083594568567 1305265.7855737996
7315.3605031200159 0.0049003130831595876 1305267.0121407271
7317.4063031195128 0.0048664343541594936 1305268.2301459571
7319.4521495094077 0.0048326721858367094 1305269.4396202362
7321.4980421290247 0.0047990265915253353 1305270.6405943006
7323.5439808176807 0.004765497584513439 1305271.8330988756
7325.589965414677 0.004732085178043033 1305273.017164676
7327.6359957593113 0.0046987893853100877 1305274.1928224065
7329.6820716908669 0.0046656102194645123 1305275.3601027611
7331.7281930486179 0.004632547693610157 1305276.5190364227
7333.7743596718283 0.0045996018208048061 1305277.6696540643
7335.820571399755 0.0045667726140601736 1305278.8119863491
7337.8668280716429 0.0045340600863418941 1305279.9460639283
7339.9131295267252 0.0045014642505695254 1305281.0719174447
7341.9594756042288 0.0044689851196165345 1305282.1895775297
7344.0058661433695 0.0044366227063102979 1305283.2990748046
7346.0523009833523 0.0044043770234320958 1305284.4004398806
7348.098779963374 0.0043722480837171101 1305285.493703359
7350.1453029226195 0.0043402358998544067 1305286.5788958303
7352.1918697002693 0.0043083404844869513 1305287.6560478755
7354.2384801354874 0.0042765618502115825 1305288.7251900653
7356.2851340674324 0.0042449000095790253 1305289.7863529609
7358.3318313352547 0.0042133549750938701 1305290.8395671123
7360.3785717780911 0.0041819267592145843 1305291.8848630611
7362.425355235071 0.0041506153743534916 1305292.9222713381
7364.4721815453149 0.0041194208328767775 1305293.9518224641
7366.5190505479341 0.0040883431471044791 1305294.9735469506
7368.5659620820306 0.0040573823293104851 1305295.9874752988
7370.612915986695 0.0040265383917225265 1305296.9936380005
7372.6599121010095 0.0039958113465221748 1305297.9920655377
7374.7069502640497 0.0039652012058448314 1305298.9827883833
7376.7540303148789 0.0039347079817797339 1305299.965836999
7378.8011520925538 0.0039043316863699379 1305300.9412418387
7380.8483154361184 0.0038740723316123228 1305301.9090333455
7382.8955201846111 0.0038439299294575841 1305302.8692419536
7384.9427661770587 0.0038139044918102231 1305303.8218980872
7386.9900532524825 0.0037839960305285523 1305304.7670321616
7389.037381249891 0.0037542045574246829 1305305.7046745825
7391.0847500082855 0.0037245300842645222 1305306.6348557458
7393.132159366658 0.0036949726227677696 1305307.5576060389
7395.1796091639935 0.0036655321846079105 1305308.4729558392
7397.227099239265 0.0036362087814122163 1305309.3809355148
7399.2746294314384 0.0036070024247617325 1305310.2815754253
7401.3221995794711 0.0035779131261912812 1305311.1749059202
7403.3698095223099 0.0035489408971894495 1305312.0609573405
7405.4174590988969 0.0035200857491985925 1305312.9397600179
7407.4651481481606 0.0034913476936148232 1305313.8113442746
7409.5128765090267 0.003462726741788011 1305314.6757404248
7411.5606440204065 0.0034342229050217752 1305315.5329787727
7413.6084505212057 0.0034058361945734808 1305316.3830896136
7415.65629585032 0.0033775666216542361 1305317.2261032343
7417.7041798466389 0.003349414197428886 1305318.0620499128
7419.7521023490426 0.0033213789330160102 1305318.8909599178
7421.8000631964014 0.0032934608394879134 1305319.7128635093
7423.8480622275802 0.0032656599278706273 1305320.5277909387
7425.8960992814309 0.0032379762091439045 1305321.3357724485
7427.9441741968012 0.003210409694241211 1305322.1368382722
7429.9922868125304 0.0031829603940497237 1305322.9310186356
7432.0404369674479 0.0031556283194103278 1305323.7183437548
7434.0886245003749 0.0031284134811176124 1305324.498843838
7436.1368492501242 0.0031013158899198608 1305325.2725490846
7438.1851110555017 0.0030743355565190553 1305326.0394896851
7440.2334097553066 0.0030474724915708659 1305326.7996958222
7442.2817451883266 0.0030207267056846488 1305327.5531976698
7444.3301171933426 0.0029940982094234401 1305328.3000253935
7446.3785256091287 0.0029675870133039563 1305329.0402091502
7448.4269702744496 0.0029411931277965849 1305329.7737790889
7450.4754510280645 0.0029149165633253825 1305330.5007653499
7452.5239677087229 0.0028887573302680707 1305331.2211980659
7454.572520155165 0.0028627154389560361 1305331.9351073608
7456.6211082061254 0.0028367908996743138 1305332.6425233502
7458.6697317003309 0.0028109837226615998 1305333.3434761423
7460.7183904764997 0.0027852939181102344 1305334.0379958365
7462.7670843733413 0.0027597214961662024 1305334.726112524
7464.8158132295603 0.0027342664669291325 1305335.4078562886
7466.8645768838533 0.0027089288404522861 1305336.083257206
7468.9133751749068 0.0026837086267425606 1305336.7523453434
7470.9622079414021 0.0026586058357604804 1305337.4151507604
7473.011075022011 0.0026336204774201955 1305338.0717035092
7475.0599762553993 0.0026087525615894756 1305338.7220336332
7477.1089114802235 0.002584002098089708 1305339.3661711686
7479.1578805351382 0.0025593690966958941 1305340.0041461436
7481.2068832587829 0.0025348535671366446 1305340.6359885791
7483.255919489794 0.0025104555190941726 1305341.2617284874
7485.3049890668017 0.0024861749622042953 1305341.8813958743
7487.3540918284261 0.00246201190605643 1305342.4950207372
7489.4032276132821 0.0024379663601935826 1305343.102633066
7491.4523962599742 0.0024140383341123531 1305343.7042628431
7493.5015976071045 0.0023902278372629287 1305344.2999400436
7495.550831493264 0.0023665348790490744 1305344.8896946346
7497.6000977570411 0.0023429594688281555 1305345.4735565761
7499.6493962370114 0.0023195016159110616 1305346.051555821
7501.6987267717468 0.0022961613295623034 1305346.6237223146
7503.7480891998111 0.0022729386189999433 1305347.1900859943
7505.7974833597636 0.0022498334933956079 1305347.7506767912
7507.8469090901535 0.002226845961874484 1305348.3055246284
7509.8963662295246 0.0022039760335153171 1305348.8546594223
7511.9458546164142 0.0021812237173504047 1305349.3981110814
7513.9953740893516 0.0021585890223655949 1305349.935909508
7516.0449244868614 0.002136071957500282 1305350.4680845966
7518.0945056474602 0.0021136725316474037 1305350.9946662346
7520.1441174096562 0.0020913907536534372 1305351.5156843029
7522.1937596119533 0.0020692266323183947 1305352.0311686751
7524.2434320928478 0.0020471801763958216 1305352.5411492179
7526.2931346908299 0.0020252513945927916 1305353.0456557909
7528.3428672443833 0.0020034402955699054 1305353.5447182471
7530.3926295919837 0.0019817468879412834 1305354.0383664325
7532.4424215721028 0.0019601711802745671 1305354.5266301862
7534.4922430232036 0.0019387131810909121 1305355.0095393409
7536.5420937837425 0.0019173728988649858 1305355.4871237217
7538.5919736921733 0.0018961503420249653 1305355.9594131482
7540.6418825869396 0.0018750455189525312 1305356.4264374324
7542.6918203064788 0.0018540584379828683 1305356.8882263803
7544.7417866892238 0.0018331891074046581 1305357.3448097911
7546.7917815736018 0.0018124375354600791 1305357.7962174569
7548.8418047980304 0.0017918037303448005 1305358.2424791642
7550.8918562009239 0.0017712877002079813 1305358.6836246925
7552.9419356206899 0.0017508894531522664 1305359.1196838149
7554.9920428957303 0.0017306089972337825 1305359.5506862982
7557.0421778644404 0.0017104463404621357 1305359.9766619031
7559.0923403652068 0.001690401490800409 1305360.3976403833
7561.142530236415 0.0016704744561651579 1305360.8136514865
7563.1927473164424 0.001650665244426407 1305361.2247249547
7565.2429914436598 0.0016309738634076492 1305361.6308905229
7567.2932624564328 0.0016114003208858401 1305362.0321779202
7569.3435601931214 0.0015919446245913967 1305362.42861687
7571.3938844920795 0.0015726067822081921 1305362.8202370887
7573.4442351916532 0.001553386801373556 1305363.2070682873
7575.4946121301855 0.0015342846896782669 1305363.589140171
7577.5450151460145 0.0015153004546665546 1305363.9664824381
7579.5954440774703 0.0014964341038360928 1305364.339124782
7581.6458987628776 0.001477685644637998 1305364.7070968894
7583.6963790405562 0.0014590550844768269 1305365.070428441
7585.7468847488208 0.001440542430710572 1305365.4291491127
7587.7974157259787 0.0014221476906506605 1305365.7832885734
7589.8479718103335 0.00140387087156195 1305366.132876487
7591.8985528401818 0.0013857119806627266 1305366.4779425114
7593.9491586538179 0.0013676710251247005 1305366.8185162989
7595.9997890895283 0.0013497480120730056 1305367.1546274959
7598.0504439855922 0.0013319429485861946 1305367.4863057432
7600.1011231802859 0.0013142558416962373 1305367.8135806767
7602.151826511883 0.0012966866983885163 1305368.1364819258
7604.2025538186463 0.0012792355256018273 1305368.4550391149
7606.2533049388376 0.0012619023302283736 1305368.769281863
7608.3040797107114 0.001244687119113764 1305369.0792397833
7610.354877972517 0.0012275898990570101 1305369.3849424839
7612.4056995624996 0.0012106106768105247 1305369.6864195673
7614.4565443188994 0.0011937494590801183 1305369.9837006312
7616.5074120799518 0.0011770062525249955 1305370.2768152673
7618.5583026838858 0.0011603810637577535 1305370.5657930626
7620.6092159689251 0.0011438738993443803 1305370.8506635984
7622.6601517732906 0.0011274847658042507 1305371.1314564513
7624.7111099351969 0.0011112136696101232 1305371.4082011925
7626.7620902928538 0.0010950606171881397 1305371.6809273881
7628.8130926844688 0.0010790256149178206 1305371.9496645993
7630.8641169482398 0.0010631086691320641 1305372.2144423821
7632.9151629223634 0.0010473097861171423 1305372.4752902878
7634.9662304450303 0.0010316289721126993 1305372.7322378622
7637.0173193544279 0.0010160662333117501 1305372.9853146465
7639.0684294887351 0.001000621575860675 1305373.2345501774
7641.1195606861311 0.00098529500585921997 1305373.479973986
7643.1707127847885 0.00097008652936049326 1305373.7216155992
7645.2218856228737 0.0009549961523709628 1305373.9595045389
7647.2730790385513 0.00094002388085045411 1305374.1936703222
7649.3242928699801 0.00092516972071214826 1305374.4241424615
7651.3755269553149 0.00091043367782257833 1305374.6509504649
7653.4267811327045 0.00089581575800162815 1305374.8741238355
7655.4780552402945 0.00088131596702253076 1305375.0936920717
7657.5293491162274 0.00086693431061186411 1305375.309684668
7659.5806625986397 0.00085267079444955034 1305375.5221311136
7661.631995525664 0.00083852542416885229 1305375.7310608937
7663.6833477354303 0.00082449820535637286 1305375.936503489
7665.7347190660603 0.00081058914355205155 1305376.1384883758
7667.7861093556758 0.00079679824424916303 1305376.3370450258
7669.837518442394 0.00078312551289431401 1305376.5322029071
7671.8889461643248 0.00076957095488744268 1305376.7239914825
7673.9403923595755 0.00075613457558181387 1305376.912440211
7675.9918568662542 0.00074281638028402084 1305377.0975785481
7678.0433395224572 0.00072961637425397947 1305377.2794359438
7680.0948401662827 0.00071653456270492802 1305377.4580418449
7682.1463586358195 0.00070357095080342518 1305377.6334256935
7684.1978947691587 0.00069072554366934728 1305377.8056169283
7686.2494484043837 0.00067799834637588682 1305377.9746449837
7688.3010193795753 0.00066538936394954992 1305378.1405392897
7690.35260753281 0.00065289860137015513 1305378.3033292729
7692.4042127021603 0.00064052606357083055 1305378.4630443556
7694.4558347256971 0.00062827175543801283 1305378.6197139563
7696.5074734414857 0.00061613568181144397 1305378.7733674902
7698.559128687587 0.0006041178474841711 1305378.9240343678
7700.6108003020618 0.00059221825720254316 1305379.0717439963
7702.6624881229618 0.00058043691566620923 1305379.2165257796
7704.7141919883416 0.00056877382752811771 1305379.358409117
7706.7659117362464 0.00055722899739451355 1305379.4974234046
7708.8176472047226 0.00054580242982493613 1305379.633598035
7710.86939823181 0.0005344941293322186 1305379.7669623971
7712.9211646555459 0.00052330410038248492 1305379.8975458762
7714.9729463139665 0.00051223234739514916 1305380.025377854
7717.0247430451018 0.00050127887474291273 1305380.1504877089
7719.0765546869789 0.00049044368675176355 1305380.2729048159
7721.1283810776222 0.0004797267877009736 1305380.3926585463
7723.1802220550535 0.00046912818182309789 1305380.5097782686
7725.2320774572909 0.00045864787330397234 1305380.6242933476
7727.2839471223506 0.00044828586628271227 1305380.7362331445
7729.3358308882434 0.0004380421648517106 1305380.8456270178
7731.3877285929775 0.00042791677305663669 1305380.9525043226
7733.4396400745591 0.00041790969489643434 1305381.0568944106
7735.4915651709898 0.00040802093432331992 1305381.1588266308
7737.5435037202724 0.0003982504952427819 1305381.2583303289
7739.5954555604003 0.00038859838151357804 1305381.3554348471
7741.6474205293707 0.00037906459694773482 1305381.4501695256
7743.6993984651735 0.00036964914531054512 1305381.5425637001
7745.7513892057959 0.00036035203032056754 1305381.632646705
7747.803392589225 0.00035117325564962444 1305381.7204478709
7749.8554084534417 0.00034211282492280058 1305381.8059965251
7751.9074366364275 0.00033317074171844175 1305381.8893219931
7753.9594769761607 0.00032434700956815313 1305381.9704535967
7756.0115293106155 0.00031564163195679844 1305382.0494206552
7758.0635934777629 0.00030705461232249785 1305382.1262524859
7760.1156693155745 0.00029858595405662719 1305382.200978402
7762.1677566620147 0.00029023566050382222 1305382.2736277154
7764.2198553550497 0.00028200373496195384 1305382.3442297345
7766.2719652326414 0.00027389018068216204 1305382.4128137655
7768.3240861327495 0.00026589500086883136 1305382.4794091117
7770.3762178933302 0.0002580181986795948 1305382.5440450744
7772.42836035234 0.00025025977722533364 1305382.6067509521
7774.4805133477312 0.00024261973957017527 1305382.6675560409
7776.5326767174538 0.0002350980887314922 1305382.7264896345
7778.5848502994568 0.00022769482767990147 1305382.7835810243
7780.6370339316845 0.00022040995933926259 1305382.8388594994
7782.6892274520806 0.00021324348658667685 1305382.8923543463
7784.7414306985866 0.00020619541225248633 1305382.94409485
7786.7936435091424 0.0001992657391202724 1305382.9941102921
7788.8458657216861 0.00019245446992685502 1305383.0424299531
7790.8980971741512 0.00018576160736229124 1305383.0890831109
7792.9503377044721 0.0001791871540698744 1305383.1340990411
7795.0025871505804 0.00017273111264613301 1305383.177507018
7797.0548453504034 0.00016639348564082985 1305383.219336313
7799.1071121418718 0.00016017427555696076 1305383.2596161957
7801.1593873629081 0.00015407348485075382 1305383.2983759341
7803.2116708514368 0.00014809111593166825 1305383.3356447942
7805.2639624453805 0.00014222717116239351 1305383.3714520396
7807.3162619826589 0.00013648165285884843 1305383.405826933
7809.3685693011903 0.0001308545632901802 1305383.4387987342
7811.4208842388934 0.00012534590467876356 1305383.4703967022
7813.473206633681 0.00011995567920019977 1305383.5006500937
7815.5255363234673 0.00011468388898331601 1305383.5295881636
7817.5778731461651 0.00010953053611016427 1305383.5572401655
7819.6302169396831 0.00010449562261602065 1305383.5836353512
7821.6825675419313 9.9579150489384642e-05 1305383.6088029712
7823.7349247908169 9.4781121671978143e-05 1305383.6327722738
7825.787288524245 9.0101538058744894e-05 1305383.6555725066
7827.8396585801202 8.5540401497849532e-05 1305383.6772329151
7829.8920347963476 8.109771379067705e-05 1305383.6977827435
7831.9444170108272 7.6773476691831982e-05 1305383.7172512349
7833.9968050614589 7.2567691909137676e-05 1305383.7356676306
7836.0491987861433 6.8480361103635717e-05 1305383.7530611707
7838.1015980227785 6.4511485889585233e-05 1305383.7694610944
7840.1540026092607 6.0661067834462217e-05 1305383.7848966389
7842.2064123834862 5.6929108458958953e-05 1305383.7993970411
7844.2588271833474 5.3315609236983406e-05 1305383.812991536
7846.3112468467398 4.982057159565865e-05 1305383.8257093574
7848.3636712115558 4.6443996915322248e-05 1305383.8375797386
7850.4161001156845 4.3185886529525796e-05 1305383.8486319114
7852.4685333970183 4.0046241725034326e-05 1305383.8588951067
7854.5209708934462 3.7025063741825829e-05 1305383.8683985544
7856.5734124428573 3.4122353773090747e-05 1305383.8771714834
7858.6258578831394 3.1338112965231513e-05 1305383.8852431215
7860.6783070521769 2.867234241786213e-05 1305383.8926426962
7862.730759787858 2.6125043183807666e-05 1305383.8993994333
7864.783215928067 2.3696216269103888e-05 1305383.9055425585
7866.8356753106873 2.1385862632996867e-05 1305383.9111012965
7868.8881377736052 1.9193983187942567e-05 1305383.9161048711
7870.9406031547023 1.7120578799606512e-05 1305383.9205825056
7872.9930712918604 1.516565028686344e-05 1305383.9245634223
7875.0455420229609 1.3329198421796974e-05 1305383.9280768435
7877.0980151858876 1.1611223929699298e-05 1305383.9311519905
7879.1504906185201 1.0011727489070923e-05 1305383.9338180837
7881.2029681587373 8.5307097316203654e-06 1305383.936104344
7883.2554476444202 7.1681712422639235e-06 1305383.9380399906
7885.3079289134484 5.9241125591254423e-06 1305383.9396542432
7887.360411803701 4.7985341735361033e-06 1305383.9409763205
7889.412896153055 3.7914365300342218e-06 1305383.9420354413
7891.4653817993913 2.9028200263650818e-06 1305383.9428608236
7893.5178685805849 2.1326850134807718e-06 1305383.9434816854
7895.5703563345151 1.481031795540051e-06 1305383.9439272443
7897.6228448990596 9.4786062990822438e-07 1305383.9442267183
7899.6753341120948 5.3317172715704538e-07 1305383.9444093241
7901.7278238114995 2.3696525106462953e-07 1305383.9445042792
7903.780313835151 5.9241318615391998e-08 1305383.9445408003
7905.8328040209244 2.2496396739927864e-33 1305383.9445481044
