1156
21132.486540518701 0 27065836.353130095 50000000 501306.67281057994 128152481.19788472 6647.4620472536817
21182.466708623288 86.568190527976824 27010103.799077611 50000000 452713.50111465744 128152481.19788472 11111.332785414132
21232.446876727874 173.13638105595365 26995759.700000234 50000000 439209.36280455173 128152481.19788472 12348.330749205879
21282.427044832461 259.70457158393043 26975167.944860142 50000000 418919.11930595885 128152481.19788472 12638.718762215678
21332.407212937047 346.2727621119073 27013121.115034051 50000000 456898.64673320454 128152481.19788472 12692.396019696464
21382.387381041633 432.84095263988411 27057130.927989103 50000000 500912.72705170914 128152481.19788472 12692.497357965785
21432.36754914622 519.40914316786086 27041131.319541421 50000000 484911.75239633978 128152481.19788472 12692.177636799823
21482.347717250803 605.97733369583773 27046042.116090626 50000000 489823.4123801298 128152481.19788472 12692.886545787844
21532.327885355389 692.5455242238146 27049410.900966205 50000000 493191.12728966086 128152481.19788472 12691.642102940792
21582.308053459976 779.11371475179146 27039594.246659942 50000000 483375.73546812055 128152481.19788472 12693.202196550281
21632.288221564562 865.68190527976822 27050403.607730754 50000000 494183.94425445789 128152481.19788472 12691.760898916944
21682.268389669149 952.25009580774508 27040145.338685896 50000000 483926.50783310761 128152481.19788472 12692.805637934893
21732.248557773735 1038.8182863357217 27045119.252421685 50000000 488899.86836660205 128152481.19788472 12692.110734243326
21782.228725878322 1125.3864768636988 27046084.16745301 50000000 489865.34351905005 128152481.19788472 12692.81471466274
21832.208893982908 1211.9546673916755 27042845.961293999 50000000 486626.58548385947 128152481.19788472 12692.120998381215
21882.189062087495 1298.5228579196523 27052414.148703199 50000000 496195.13267601997 128152481.19788472 12692.573260968127
21932.169230192081 1385.0910484476292 27039953.641678173 50000000 483734.29515467107 128152481.19788472 12692.157805774716
21982.149398296668 1471.6592389756061 27049481.736639552 50000000 493263.0218685462 128152481.19788472 12692.951971763514
22032.129566401254 1558.2274295035829 27045983.874367788 50000000 489764.10022196564 128152481.19788472 12691.620270724885
22082.109734505841 1644.7956200315596 27041933.741069753 50000000 485715.14159089851 128152481.19788472 12693.096908658592
22132.089902610427 1731.3638105595364 27048581.837123323 50000000 492362.37126095378 128152481.19788472 12692.007789598681
22182.070070715014 1817.9320010875133 27040407.917646077 50000000 484188.96810581739 128152481.19788472 12692.656843209374
22232.050238819596 1904.5001916154902 27051245.630962994 50000000 495026.32543457352 128152481.19788472 12692.209338876901
22282.030406924183 1991.0683821434668 27041924.976456113 50000000 485705.90725059598 128152481.19788472 12692.506414047031
22332.010575028769 2077.6365726714434 27046335.85343786 50000000 490116.8140688634 128152481.19788472 12692.543920915288
22381.990743133356 2164.2047631994205 27050888.681189615 50000000 494669.37702317309 128152481.19788472 12692.211052032198
22431.970911237942 2250.7729537273976 27039666.880710475 50000000 483447.69016744226 128152481.19788472 12692.353883334876
22481.951079342529 2337.3411442553743 27050168.17629477 50000000 493949.32505358843 128152481.19788472 12692.780415395502
22531.931247447115 2423.9093347833509 27039895.750326511 50000000 483676.23701301072 128152481.19788472 12691.948144032491
22581.911415551702 2510.4775253113276 27045876.159943864 50000000 489657.21253791236 128152481.19788472 12692.659525707686
22631.891583656288 2597.0457158393046 27045463.568263035 50000000 489244.43300468731 128152481.19788472 12692.423382733064
22681.871751760875 2683.6139063672817 27042180.436700214 50000000 485961.18520828051 128152481.19788472 12692.277257188985
22731.851919865461 2770.1820968952584 27052339.503784757 50000000 496120.89430367347 128152481.19788472 12693.084367740968
22781.832087970048 2856.750287423235 27042018.363450333 50000000 485800.19088397507 128152481.19788472 12693.633604546911
22831.812256074634 2943.3184779512121 27042604.838963412 50000000 486389.07014615368 128152481.19788472 12696.656562279684
22881.792424179221 3029.8866684791888 27040477.979270048 50000000 484264.51769000455 128152481.19788472 12699.55944878604
22931.772592283804 3116.4548590071659 27044156.378610577 50000000 487946.08180878643 128152481.19788472 12703.543671861884
22981.75276038839 3203.0230495351425 27042090.872290604 50000000 485882.29145463032 128152481.19788472 12705.704647213497
23031.732928492976 3289.5912400631191 27032644.70515357 50000000 476440.57829286379 128152481.19788472 12711.318209208826
23081.713096597563 3376.1594305910958 27042000.335014079 50000000 485797.78663551499 128152481.19788472 12713.307546982491
23131.693264702149 3462.7276211190729 27033373.132802546 50000000 477160.51739695831 128152481.19788472 12700.622716395215
23181.673432806736 3549.29581164705 27049648.993374608 50000000 493429.74289757456 128152481.19788472 12692.278322381619
23231.653600911322 3635.8640021750266 27049234.841267042 50000000 493016.11902226636 128152481.19788472 12692.942637259059
23281.633769015909 3722.4321927030028 27040054.767769177 50000000 483835.03175907844 128152481.19788472 12691.668190404373
23331.613937120495 3809.0003832309803 27051545.448465232 50000000 495326.86732570344 128152481.19788472 12693.119967982682
23381.594105225082 3895.568573758957 27042058.00620525 50000000 485838.48267347104 128152481.19788472 12691.935296221996
23431.574273329668 3982.1367642869336 27045927.144854434 50000000 489708.16535314539 128152481.19788472 12692.619179289215
23481.554441434255 4068.7049548149103 27045454.26429753 50000000 489234.94725055248 128152481.19788472 12692.194858975765
23531.534609538841 4155.2731453428869 27039976.88149374 50000000 483758.02421856183 128152481.19788472 12692.772830221236
23581.514777643424 4241.841335870864 27050420.744114693 50000000 494201.3387238711 128152481.19788472 12692.083805969349
23631.494945748011 4328.4095263988411 27039280.11900264 50000000 483061.2118105308 128152481.19788472 12692.710078355207
23681.475113852597 4414.9777169268182 27051605.62931044 50000000 495386.13148977573 128152481.19788472 12691.967616869846
23731.455281957184 4501.5459074547953 27045217.65685745 50000000 488999.0860267664 128152481.19788472 12693.132921835069
23781.43545006177 4588.1140979827715 27043602.62840043 50000000 487382.75491841487 128152481.19788472 12691.495404270416
23831.415618166357 4674.6822885107485 27047196.389694512 50000000 490977.82025439799 128152481.19788472 12693.134669928348
23881.395786270943 4761.2504790387247 27039750.668554425 50000000 483531.16992545681 128152481.19788472 12691.966600361375
23931.37595437553 4847.8186695667018 27049121.083849899 50000000 492902.20439929364 128152481.19788472 12692.744952385281
23981.356122480116 4934.3868600946789 27041442.714434139 50000000 485223.32236174104 128152481.19788472 12692.100548006745
24031.336290584703 5020.9550506226551 27046665.04235683 50000000 490446.12833203579 128152481.19788472 12692.701490212956
24081.316458689289 5107.5232411506331 27048860.343909733 50000000 492641.09340750414 128152481.19788472 12692.278510191529
24131.296626793875 5194.0914316786093 27040222.316983022 50000000 484003.25459884683 128152481.19788472 12692.514988434905
24181.276794898462 5280.6596222065864 27052618.809066851 50000000 496399.34339518775 128152481.19788472 12692.008030487857
24231.256963003048 5367.2278127345635 27042187.291018948 50000000 485968.66152216779 128152481.19788472 12693.059172923493
24281.237131107635 5453.7960032625397 27046797.091604818 50000000 490577.41997290321 128152481.19788472 12691.749131801274
24331.217299212218 5540.3641937905168 27044476.738765299 50000000 488257.93161804747 128152481.19788472 12692.835845064785
24381.197467316804 5626.932384318493 27040546.744373489 50000000 484327.44191073289 128152481.19788472 12692.213192055477
24431.177635421391 5713.50057484647 27050286.017969474 50000000 494067.02929775947 128152481.19788472 12692.607651921549
24481.157803525977 5800.0687653744471 27039588.227278624 50000000 483369.01303618768 128152481.19788472 12692.324091552899
24531.137971630564 5886.6369559024242 27049827.975142505 50000000 493608.71387041447 128152481.19788472 12692.264972387
24581.11813973515 5973.2051464304013 27045071.091249883 50000000 488852.11580358283 128152481.19788472 12692.624277697685
24631.098307839737 6059.7733369583775 27043263.356238578 50000000 487044.19287694577 128152481.19788472 12692.388052343893
24681.078475944323 6146.3415274863537 27050699.022689007 50000000 494479.66826938925 128152481.19788472 12692.147880092009
24731.05864404891 6232.9097180143317 27039872.791722547 50000000 483653.96419057297 128152481.19788472 12692.810221182457
24781.038812153496 6319.4779085423079 27049491.124824073 50000000 493271.80786815879 128152481.19788472 12692.194973874019
24831.018980258083 6406.046099070285 27041775.55683355 50000000 485556.40711757593 128152481.19788472 12692.405205809288
24880.999148362669 6492.6142895982621 27042915.815317418 50000000 486696.74401813402 128152481.19788472 12692.503781720625
24930.979316467256 6579.1824801262383 27048392.758271843 50000000 492173.48174627515 128152481.19788472 12692.24579720542
24980.959484571838 6665.7506706542154 27040873.370443475 50000000 484654.55520170688 128152481.19788472 12692.825669554455
25030.939652676425 6752.3188611821915 27052609.449111421 50000000 496389.81899972027 128152481.19788472 12691.801324357695
25080.919820781011 6838.8870517101686 27041658.216214642 50000000 485439.45849853742 128152481.19788472 12692.897986338137
25130.899988885598 6925.4552422381457 27046615.011008583 50000000 490395.72730671475 128152481.19788472 12692.236775987049
25180.880156990184 7012.0234327661228 27048787.563795254 50000000 492568.35709526745 128152481.19788472 12692.33357382788
25230.860325094771 7098.5916232940999 27040027.914490733 50000000 483808.74455836642 128152481.19788472 12692.379790698409
25280.840493199357 7185.1598138220761 27050089.08699609 50000000 493870.13729322748 128152481.19788472 12692.656644721843
25330.820661303944 7271.7280043500532 27040158.494418878 50000000 483939.1301936243 128152481.19788472 12692.135534871888
25380.80082940853 7358.2961948780303 27045192.734612312 50000000 488973.9543815658 128152481.19788472 12692.869748477548
25430.780997513117 7444.8643854060056 27047670.339558844 50000000 491454.48725126352 128152481.19788472 12696.550895174454
25480.761165617703 7531.4325759339827 27036421.630985912 50000000 480212.94741826155 128152481.19788472 12705.574794157848
25530.74133372229 7618.0007664619607 27045349.117364444 50000000 489137.11376975133 128152481.19788472 12701.394786033545
25580.721501826876 7704.5689569899378 27045941.273447946 50000000 489727.18562136311 128152481.19788472 12698.77133617272
25630.701669931463 7791.1371475179139 27045427.617840484 50000000 489209.93483313435 128152481.19788472 12694.249073586911
25680.681838036049 7877.705338045891 27043309.785496097 50000000 487091.20582755108 128152481.19788472 12693.121862589958
25730.662006140632 7964.2735285738672 27043308.426464103 50000000 487089.18509452132 128152481.19788472 12692.289976654367
25780.642174245218 8050.8417191018452 27047699.355924372 50000000 491480.4715637904 128152481.19788472 12692.738785408945
25830.622342349805 8137.4099096298205 27041058.553163785 50000000 484839.19926651259 128152481.19788472 12692.14853477151
25880.602510454391 8223.9781001577976 27052170.445080239 50000000 495951.58722649101 128152481.19788472 12692.772101321441
25930.582678558978 8310.5462906857738 27041193.461728055 50000000 484973.79673281353 128152481.19788472 12691.757473798678
25980.562846663564 8397.1144812137518 27047228.097138144 50000000 491009.57878849719 128152481.19788472 12693.198897934284
26030.543014768151 8483.682671741728 27050165.341025505 50000000 493945.61204665422 128152481.19788472 12691.677045524586
26080.523182872737 8570.250862269706 27040035.495331649 50000000 483816.71981229278 128152481.19788472 12692.875603978147
26130.503350977324 8656.8190527976822 27049855.936030719 50000000 493636.55730115727 128152481.19788472 12692.117320011101
26180.48351908191 8743.3872433256583 27039686.254612055 50000000 483467.38610518083 128152481.19788472 12692.758710565895
26230.463687186497 8829.9554338536364 27046601.204350602 50000000 490381.85209241416 128152481.19788472 12692.150597038204
26280.443855291083 8916.5236243816125 27044653.073799126 50000000 488434.00320150936 128152481.19788472 12692.504663524845
26330.42402339567 9003.0918149095905 27042969.4119878 50000000 486750.17858203495 128152481.19788472 12692.300001839967
26380.404191500253 9089.6600054375649 27051562.806242134 50000000 495343.94242586533 128152481.19788472 12692.764606092929
26430.384359604843 9176.2281959655429 27039225.253527857 50000000 483005.6025215101 128152481.19788472 12691.775059105334
26480.364527709426 9262.7963864935209 27051144.340449013 50000000 494925.69283639971 128152481.19788472 12693.036399331306
26530.344695814012 9349.3645770214971 27043895.82880374 50000000 487676.37317830964 128152481.19788472 12692.020658461824
26580.324863918599 9435.9327675494733 27043611.605347294 50000000 487392.61154422804 128152481.19788472 12692.601200723842
26630.305032023185 9522.5009580774495 27047465.620118871 50000000 491246.3776926421 128152481.19788472 12692.288662516014
26680.285200127772 9609.0691486054275 27039597.713692546 50000000 483378.58813978662 128152481.19788472 12692.435580867685
26730.265368232358 9695.6373391334037 27049133.033639248 50000000 492914.04764983564 128152481.19788472 12692.611023541545
26780.245536336944 9782.2055296613817 27041083.293600198 50000000 484863.86825324962 128152481.19788472 12692.058721401523
26830.225704441531 9868.7737201893578 27048564.651384119 50000000 492345.6674642362 128152481.19788472 12692.613625836862
26880.205872546117 9955.3419107173358 27048858.774087586 50000000 492639.77295181208 128152481.19788472 12692.591983641767
26930.186040650704 10041.91010124531 27040367.633011222 50000000 484148.2014481285 128152481.19788472 12692.050907782195
26980.16620875529 10128.478291773286 27051614.479940951 50000000 495395.49918250082 128152481.19788472 12692.617599035659
27030.146376859877 10215.046482301266 27041406.281335715 50000000 485187.14734419965 128152481.19788472 12692.424973029065
27080.12654496446 10301.614672829241 27046970.273893494 50000000 490751.04411565181 128152481.19788472 12692.30456188553
27130.106713069046 10388.182863357219 27043690.66099019 50000000 487471.64230601443 128152481.19788472 12692.569924719015
27180.086881173633 10474.751053885195 27044172.206136957 50000000 487952.8628745444 128152481.19788472 12692.161899461285
27230.067049278223 10561.319244413173 27049469.377146564 50000000 493250.94104808761 128152481.19788472 12693.302316314426
27280.047217382806 10647.887434941149 27040015.680248465 50000000 483796.2480031469 128152481.19788472 12692.050042912926
27330.027385487392 10734.455625469127 27051822.658731356 50000000 495603.72839298 128152481.19788472 12692.680980827319
27380.007553591979 10821.023815997103 27044236.240028109 50000000 488017.11267275637 128152481.19788472 12692.433328055889
27429.987721696565 10907.592006525079 27045615.1207937 50000000 489395.80832135479 128152481.19788472 12692.20055929608
27479.967889801152 10994.160197053056 27038602.516547848 50000000 482385.07108038379 128152481.19788472 12694.54791281719
27529.948057905738 11080.728387581034 27046720.831550874 50000000 490505.18850236054 128152481.19788472 12696.814594500609
27579.928226010325 11167.296578109012 27043480.11896839 50000000 487268.38129839726 128152481.19788472 12701.729534096863
27629.908394114911 11253.864768636986 27037584.748695817 50000000 481373.42028525838 128152481.19788472 12702.244134213779
27679.888562219498 11340.432959164964 27046213.962041557 50000000 489995.32138641021 128152481.19788472 12693.044460609113
27729.868730324084 11427.00114969294 27048167.648761224 50000000 491949.0735524919 128152481.19788472 12693.127622225989
27779.848898428671 11513.569340220918 27040846.913417816 50000000 484627.2840969878 128152481.19788472 12691.802263284822
27829.829066533253 11600.137530748894 27052525.834039718 50000000 496306.95799808786 128152481.19788472 12692.749251628315
27879.80923463784 11686.70572127687 27041760.24046753 50000000 485540.88160660572 128152481.19788472 12692.142292208478
27929.789402742426 11773.273911804848 27047335.372649007 50000000 491116.53084658802 128152481.19788472 12692.792282174591
27979.769570847013 11859.842102332825 27043978.005314771 50000000 487758.58856113284 128152481.19788472 12692.069522167614
28029.749738951599 11946.410292860803 27040835.909152471 50000000 484616.98151987995 128152481.19788472 12692.684382998632
28079.729907056186 12032.978483388779 27050214.161668539 50000000 493994.73517185787 128152481.19788472 12692.057274338154
28129.710075160772 12119.546673916755 27039403.356909275 50000000 483184.71753807459 128152481.19788472 12693.046758194001
28179.690243265359 12206.114864444731 27052344.522700433 50000000 496124.68999305461 128152481.19788472 12691.546657586003
28229.670411369945 12292.683054972707 27043710.787131432 50000000 487492.24292774237 128152481.19788472 12693.166396364015
28279.650579474532 12379.251245500685 27044202.955952402 50000000 487983.42900931381 128152481.19788472 12691.931008455309
28329.630747579118 12465.819436028663 27050290.690703545 50000000 494071.78851923154 128152481.19788472 12692.716373668914
28379.610915683705 12552.38762655664 27039726.394442104 50000000 483507.03308542608 128152481.19788472 12692.139159492501
28429.591083788291 12638.955817084616 27049873.533094466 50000000 493654.57703345816 128152481.19788472 12692.648646746136
28479.571251892874 12725.524007612592 27041270.266066376 50000000 485051.08208168799 128152481.19788472 12692.362127355649
28529.551419997464 12812.09219814057 27043479.83101571 50000000 487260.65871718188 128152481.19788472 12692.376818326122
28579.531588102047 12898.660388668546 27047801.893707059 50000000 491582.605449486 128152481.19788472 12692.2310492505
28629.511756206633 12985.228579196524 27041330.60846417 50000000 485111.86367919168 128152481.19788472 12692.914242314662
28679.49192431122 13071.7967697245 27052629.181818273 50000000 496409.54423148604 128152481.19788472 12691.791928003971
28729.472092415806 13158.364960252477 27041130.298464961 50000000 484911.48632736551 128152481.19788472 12692.829571806176
28779.452260520393 13244.933150780453 27047435.039077602 50000000 491215.75737888837 128152481.19788472 12692.23929412743
28829.432428624979 13331.501341308431 27048069.284753788 50000000 491850.22693513072 128152481.19788472 12692.520728037396
28879.412596729566 13418.069531836409 27040442.107839759 50000000 484222.94618470606 128152481.19788472 12692.390197706292
28929.392764834152 13504.637722364383 27049864.849971473 50000000 493645.54678046878 128152481.19788472 12692.212277295923
28979.372932938739 13591.205912892361 27039776.490656212 50000000 483557.62118255533 128152481.19788472 12692.757495826241
29029.353101043325 13677.774103420337 27050667.021193709 50000000 494447.71779720864 128152481.19788472 12692.212019236946
29079.333269147912 13764.342293948317 27043458.461999249 50000000 487239.27105507627 128152481.19788472 12692.353378875518
29129.313437252498 13850.910484476291 27044438.837473735 50000000 488219.87582986947 128152481.19788472 12692.641628907482
29179.293605357081 13937.478675004268 27052041.238161888 50000000 495821.97144162934 128152481.19788472 12692.258123501917
29229.273773461671 14024.046865532246 27039347.878952343 50000000 483128.66982276493 128152481.19788472 12692.330518783592
29279.253941566254 14110.61505606022 27050338.571633924 50000000 494119.57876010268 128152481.19788472 12692.602369360515
29329.234109670844 14197.1832465882 27040567.736645732 50000000 484348.43174284208 128152481.19788472 12692.210124612886
29379.214277775427 14283.751437116174 27044378.616025705 50000000 488159.81647185551 128152481.19788472 12692.845390763952
29429.194445880014 14370.319627644152 27047088.421202388 50000000 490868.74535010435 128152481.19788472 12691.743826678807
29479.1746139846 14456.887818172128 27041212.547206584 50000000 484993.91308688611 128152481.19788472 12693.05336135084
29529.154782089186 14543.456008700106 27051603.269430369 50000000 495383.82243370661 128152481.19788472 12692.031505802281
29579.134950193773 14630.024199228083 27040533.139413521 50000000 484314.05887755565 128152481.19788472 12692.492170308951
29629.115118298359 14716.592389756061 27048725.944643661 50000000 492506.70061606943 128152481.19788472 12692.286649194493
29679.095286402946 14803.160580284039 27046741.270777576 50000000 490522.35507603991 128152481.19788472 12692.699382446257
29729.075454507529 14889.728770812011 27041396.674844664 50000000 485177.27603647701 128152481.19788472 12692.092080731798
29779.055622612119 14976.296961339989 27049151.618583579 50000000 492932.73523179122 128152481.19788472 12692.740048186457
29829.035790716702 15062.865151867965 27039755.519976806 50000000 483536.01745016646 128152481.19788472 12691.961700885906
29879.015958821292 15149.433342395945 27047157.968652118 50000000 490939.40448486846 128152481.19788472 12693.141298910319
29928.996126925878 15236.001532923921 27043656.87814334 50000000 487437.00865032233 128152481.19788472 12691.500418444359
29978.976295030461 15322.569723451898 27045137.555935275 50000000 488918.96974542399 128152481.19788472 12693.11361325607
30028.956463135051 15409.137913979876 27051726.897051569 50000000 495507.40601310763 128152481.19788472 12691.976142475873
30078.936631239634 15495.706104507852 27038952.448052134 50000000 482733.53772962966 128152481.19788472 12692.706143084042
30128.916799344221 15582.274295035828 27051602.445072636 50000000 495383.04126105085 128152481.19788472 12692.085791227708
30178.896967448807 15668.842485563804 27043165.274605282 50000000 486946.41692391376 128152481.19788472 12692.772319742151
30228.877135553394 15755.410676091782 27044419.069641951 50000000 488199.76524962607 128152481.19788472 12692.210766547018
30278.85730365798 15841.978866619758 27046778.82402309 50000000 490559.8565152887 128152481.19788472 12692.634256010833
30328.837471762567 15928.547057147734 27039787.271211717 50000000 483567.72976767126 128152481.19788472 12691.912781134428
30378.817639867153 16015.115247675714 27049503.554852508 50000000 493284.98762476631 128152481.19788472 12693.137452332769
30428.79780797174 16101.68343820369 27040493.585181151 50000000 484273.83074822905 128152481.19788472 12691.645049230427
30478.777976076326 16188.251628731665 27049600.263398554 50000000 493381.53484220069 128152481.19788472 12692.934642168337
30528.758144180909 16274.819819259641 27047622.611078348 50000000 491403.23233174672 128152481.19788472 12692.117298478503
30578.738312285499 16361.388009787619 27041711.418454856 50000000 485492.51120621659 128152481.19788472 12692.710008290354
30628.718480390082 16447.956200315595 27048666.727917105 50000000 492447.41402453074 128152481.19788472 12692.198824858066
30678.698648494668 16534.524390843573 27039529.891503908 50000000 483310.76145651675 128152481.19788472 12692.429930882165
30728.678816599255 16621.092581371548 27048035.69508661 50000000 491816.6036303594 128152481.19788472 12692.478443030501
30778.658984703845 16707.660771899529 27042953.400872126 50000000 486734.34674029145 128152481.19788472 12692.52536250471
30828.639152808428 16794.228962427504 27044623.326138619 50000000 488403.84021143144 128152481.19788472 12691.982569074451
30878.619320913014 16880.797152955478 27050695.583747968 50000000 494476.85392265621 128152481.19788472 12692.933048835994
30928.599489017601 16967.365343483456 27039261.82000079 50000000 483042.39293006295 128152481.19788472 12692.056553396529
30978.579657122187 17053.933534011434 27052287.134788733 50000000 496068.08617903304 128152481.19788472 12692.532304431092
31028.559825226774 17140.501724539412 27043765.313604448 50000000 487546.17230398767 128152481.19788472 12692.415784629757
31078.53999333136 17227.06991506739 27045004.252770372 50000000 488785.11253274576 128152481.19788472 12692.41712105702
31128.520161435947 17313.638105595364 27046019.102908362 50000000 489800.15990633657 128152481.19788472 12692.665062540085
31178.500329540533 17400.206296123342 27039891.904817797 50000000 483672.39855132223 128152481.19788472 12691.957002120413
31228.48049764512 17486.774486651317 27050018.20494803 50000000 493799.33429397497 128152481.19788472 12692.756011747308
31278.460665749706 17573.342677179295 27040217.985380989 50000000 483998.81706843007 128152481.19788472 12692.381828204332
31328.440833854289 17659.910867707273 27048435.60990344 50000000 492216.29381246475 128152481.19788472 12692.196062428609
31378.421001958875 17746.479058235247 27046957.072100457 50000000 490738.02554711746 128152481.19788472 12692.534889211243
31428.401170063462 17833.047248763225 27041742.595047187 50000000 485523.51770310377 128152481.19788472 12692.496183162333
31478.381338168052 17919.615439291203 27051265.707344837 50000000 495046.4231427823 128152481.19788472 12692.23614741806
31528.361506272639 18006.183629819181 27040522.253465053 50000000 484303.30391109345 128152481.19788472 12692.656826181175
31578.341674377221 18092.751820347155 27048163.010513388 50000000 491943.51614518318 128152481.19788472 12691.971955436908
31628.321842481808 18179.32001087513 27043404.963617276 50000000 487186.46349733078 128152481.19788472 12693.221819292468
31678.302010586394 18265.888201403111 27040593.453245901 50000000 484373.29974417598 128152481.19788472 12691.143395450852
31728.282178690981 18352.456391931086 27052889.703428634 50000000 496672.89441470098 128152481.19788472 12695.34789958128
31778.262346795567 18439.024582459064 27032307.403516795 50000000 476095.25450891093 128152481.19788472 12701.211475569587
31828.242514900154 18525.592772987042 27050966.320889749 50000000 494752.42221139092 128152481.19788472 12699.009427944495
31878.22268300474 18612.160963515016 27045201.23379688 50000000 488983.63002671336 128152481.19788472 12694.348697058858
31928.202851109327 18698.729154042994 27049786.950745974 50000000 493569.26405695901 128152481.19788472 12694.244609250711
31978.183019213913 18785.297344570969 27049187.229967657 50000000 492967.61008101096 128152481.19788472 12691.814120654379
32028.163187318496 18871.865535098947 27039836.433421366 50000000 483617.68383345689 128152481.19788472 12692.908225778423
32078.143355423083 18958.433725626925 27049740.165752072 50000000 493520.42841256707 128152481.19788472 12691.666490677404
32128.123523527669 19045.001916154899 27042991.854335751 50000000 486774.30996451667 128152481.19788472 12694.423481860642
32178.103691632259 19131.570106682881 27052257.664322428 50000000 496038.81440893706 128152481.19788472 12692.782085503886
32228.083859736842 19218.138297210855 27044911.605605472 50000000 488693.12037975359 128152481.19788472 12693.240562778576
32278.064027841428 19304.706487738833 27042578.631063931 50000000 486359.17429584742 128152481.19788472 12692.019213827551
32328.044195946015 19391.274678266807 27052398.251518689 50000000 496179.42351649964 128152481.19788472 12692.80963073947
32378.024364050601 19477.842868794785 27040543.633069366 50000000 484324.21661677852 128152481.19788472 12692.069900422604
32428.004532155188 19564.411059322763 27048850.683931313 50000000 492631.73464300239 128152481.19788472 12692.657160142011
32477.984700259774 19650.979249850738 27042422.966859903 50000000 486203.63829501631 128152481.19788472 12692.180380154448
32527.964868364361 19737.547440378716 27042238.03727844 50000000 486019.23125127627 128152481.19788472 12692.837252350579
32577.945036468947 19824.11563090669 27049074.300707493 50000000 492854.57018226886 128152481.19788472 12691.675102449411
32627.925204573534 19910.683821434672 27040046.484715682 50000000 483827.9171847835 128152481.19788472 12693.137071422379
32677.905372678117 19997.252011962646 27050922.108790763 50000000 494702.56751288933 128152481.19788472 12691.912989315468
32727.885540782703 20083.82020249062 27042809.784665935 50000000 486590.86848663265 128152481.19788472 12692.69878100618
32777.865708887293 20170.388393018598 27045195.602838531 50000000 488976.28940734093 128152481.19788472 12692.199404422385
32827.84587699188 20256.956583546573 27051667.482330658 50000000 495448.47685583535 128152481.19788472 12692.586529175713
32877.826045096466 20343.524774074554 27039348.62937355 50000000 483129.50426704669 128152481.19788472 12692.436141653328
32927.806213201053 20430.092964602532 27050387.268884566 50000000 494167.97472931014 128152481.19788472 12692.223636680808
32977.786381305639 20516.661155130507 27040239.558637936 50000000 484020.4208920495 128152481.19788472 12692.420253163744
33027.766549410218 20603.229345658481 27044982.401748747 50000000 488763.51754625997 128152481.19788472 12692.738979564967
33077.746717514812 20689.797536186459 27046375.638911266 50000000 490156.08253004187 128152481.19788472 12691.894006130889
33127.726885619391 20776.365726714437 27041698.863982413 50000000 485480.0102845474 128152481.19788472 12692.777326683701
33177.707053723978 20862.933917242415 27051639.171476718 50000000 495419.96686951839 128152481.19788472 12692.336203541176
33227.687221828564 20949.50210777039 27040058.723611373 50000000 483839.57679841627 128152481.19788472 12692.408854983209
33277.667389933151 21036.070298298368 27049569.062959045 50000000 493349.96721512167 128152481.19788472 12692.473053037667
33327.647558037745 21122.638488826346 27045864.628053281 50000000 489645.28000077343 128152481.19788472 12692.155883182171
33377.627726142324 21209.206679354324 27042003.754352141 50000000 485784.99026646401 128152481.19788472 12692.889979464389
33427.60789424691 21295.774869882298 27048761.64099725 50000000 492542.11314312724 128152481.19788472 12691.92986531594
33477.588062351497 21382.343060410272 27039564.848549441 50000000 483345.85897388629 128152481.19788472 12692.606515817017
33527.568230456083 21468.911250938254 27047869.251734253 50000000 491650.15525803622 128152481.19788472 12692.472130779783
33577.54839856067 21555.479441466228 27042790.337755073 50000000 486571.16166260646 128152481.19788472 12692.372055786973
33627.528566665256 21642.047631994206 27046054.248270508 50000000 489834.84349459334 128152481.19788472 12692.084553825027
33677.508734769843 21728.615822522184 27051250.257337328 50000000 495032.08357846254 128152481.19788472 12693.632192893054
33727.488902874429 21815.184013050159 27042985.694905613 50000000 486767.51770614041 128152481.19788472 12693.627711251158
33777.469070979016 21901.752203578137 27040429.770689301 50000000 484214.73283476272 128152481.19788472 12697.576141191777
33827.449239083602 21988.320394106111 27042306.939978506 50000000 486093.39629802469 128152481.19788472 12699.456042613587
33877.429407188189 22074.888584634089 27042864.486356661 50000000 486655.34544696572 128152481.19788472 12704.999348221952
33927.409575292775 22161.456775162067 27041570.240823213 50000000 485360.98265821033 128152481.19788472 12704.851475212223
33977.389743397362 22248.024965690041 27038572.232215147 50000000 482357.06783779012 128152481.19788472 12697.416372348514
34027.369911501948 22334.593156218023 27052589.471148416 50000000 496370.45132258331 128152481.19788472 12692.568423521472
34077.350079606535 22421.161346745997 27039089.997270558 50000000 482871.04534684098 128152481.19788472 12692.65386606983
34127.330247711121 22507.729537273972 27050810.331102949 50000000 494590.93781776936 128152481.19788472 12692.09901857469
34177.310415815708 22594.29772780195 27046445.027318895 50000000 490226.16697038943 128152481.19788472 12692.768967489177
34227.290583920294 22680.865918329928 27042594.391209606 50000000 486374.93385187938 128152481.19788472 12692.01847963902
34277.27075202488 22767.434108857906 27047996.417531397 50000000 491777.78701393068 128152481.19788472 12693.057888141084
34327.250920129467 22854.00229938588 27039688.832960419 50000000 483468.9767901795 128152481.19788472 12691.517164960815
34377.231088234053 22940.570489913858 27048417.260803256 50000000 492198.73161436111 128152481.19788472 12693.185271453904
34427.21125633864 23027.138680441836 27042399.853935461 50000000 486180.29261382623 128152481.19788472 12691.887793065313
34477.191424443219 23113.706870969811 27045392.33387981 50000000 489173.48835835111 128152481.19788472 12692.78760481533
34527.171592547806 23200.275061497789 27050042.605649143 50000000 493823.20860500226 128152481.19788472 12692.094297715696
34577.151760652392 23286.843252025763 27039549.00670189 50000000 483330.13339010434 128152481.19788472 12692.752670979407
34627.131928756979 23373.411442553741 27052513.084376935 50000000 496293.79425067187 128152481.19788472 12692.228699715753
34677.112096861565 23459.979633081719 27043034.626091551 50000000 486815.55000276194 128152481.19788472 12692.497761083285
34727.092264966152 23546.547823609697 27045840.262414362 50000000 489620.85817570565 128152481.19788472 12692.085254285852
34777.072433070738 23633.116014137675 27045315.291549735 50000000 489096.63524236839 128152481.19788472 12693.0254684219
34827.052601175325 23719.684204665649 27040126.081105419 50000000 483906.35391721164 128152481.19788472 12691.679296646458
34877.032769279911 23806.252395193624 27050347.866125774 50000000 494129.15524975554 128152481.19788472 12692.9568688783
34927.012937384497 23892.820585721605 27039400.109650034 50000000 483180.7428989872 128152481.19788472 12692.132377610626
34976.993105489084 23979.38877624958 27051468.005319882 50000000 495249.03452911298 128152481.19788472 12692.630129521296
35026.97327359367 24065.956966777558 27045521.302661657 50000000 489302.03216668713 128152481.19788472 12692.253378431637
35076.953441698257 24152.525157305532 27042516.761030864 50000000 486297.5774298539 128152481.19788472 12692.362610032349
35126.933609802843 24239.09334783351 27051018.74096483 50000000 494799.75153633527 128152481.19788472 12692.606700563361
35176.91377790743 24325.661538361488 27040224.252557993 50000000 484005.01773836126 128152481.19788472 12692.298225036979
35226.893946012016 24412.229728889462 27048786.961174808 50000000 492567.66444535222 128152481.19788472 12692.220399894826
35276.874114116603 24498.79791941744 27042607.794861171 50000000 486388.95281858149 128152481.19788472 12692.791979725009
35326.854282221189 24585.366109945415 27042052.951779567 50000000 485833.56729465787 128152481.19788472 12692.110086052404
35376.834450325776 24671.934300473393 27049207.054964099 50000000 492987.97094678006 128152481.19788472 12692.487794268936
35426.814618430362 24758.502491001371 27040217.038594414 50000000 483997.93848339841 128152481.19788472 12692.467563174248
35476.794786534949 24845.070681529349 27052607.133801546 50000000 496387.91455752315 128152481.19788472 12692.317803797549
35526.774954639535 24931.638872057327 27042166.414308134 50000000 485947.5029467601 128152481.19788472 12692.704837779134
35576.755122744114 25018.207062585298 27046816.604026165 50000000 490597.04119716224 128152481.19788472 12691.885900361076
35626.735290848708 25104.775253113279 27044390.652917575 50000000 488171.9158984308 128152481.19788472 12692.924005150493
35676.715458953295 25191.343443641254 27040602.128690515 50000000 484382.78037908778 128152481.19788472 12692.155558163106
35726.695627057881 25277.911634169232 27050257.185718697 50000000 494038.00928036863 128152481.19788472 12692.371614301888
35776.675795162468 25364.47982469721 27039616.563790124 50000000 483397.43422213092 128152481.19788472 12692.430533267456
35826.655963267047 25451.048015225184 27049793.128014367 50000000 493574.11416111555 128152481.19788472 12692.575996389061
35876.636131371641 25537.616205753166 27045169.988753416 50000000 488950.6336131799 128152481.19788472 12692.146974312856
35926.616299476227 25624.18439628114 27042835.90155502 50000000 486616.98836784076 128152481.19788472 12692.702541977902
35976.596467580806 25710.752586809114 27052498.886788756 50000000 496279.42080754181 128152481.19788472 12692.007640790083
36026.576635685393 25797.320777337092 27039932.717856228 50000000 483714.12585235358 128152481.19788472 12693.106302947426
36076.556803789979 25883.88896786507 27049540.798212875 50000000 493320.95762376406 128152481.19788472 12691.536758371338
36126.536971894566 25970.457158393048 27041738.95325277 50000000 485520.36379474867 128152481.19788472 12693.109476394633
36176.517139999152 26057.025348921023 27042608.242837813 50000000 486388.65275370481 128152481.19788472 12691.851739087933
36226.497308103739 26143.593539449001 27049869.291102435 50000000 493650.97658871976 128152481.19788472 12693.454759045633
36276.477476208325 26230.161729976979 27044069.276016995 50000000 487857.84127008362 128152481.19788472 12702.109548615241
36326.457644312912 26316.729920504953 27033508.029310826 50000000 477304.34169455338 128152481.19788472 12711.871185491491
36376.437812417498 26403.298111032931 27039905.437244896 50000000 483697.80962055008 128152481.19788472 12706.905818950472
36426.417980522085 26489.866301560905 27040124.983943917 50000000 483915.40589536919 128152481.19788472 12704.448766448662
36476.398148626671 26576.434492088883 27041838.370968878 50000000 485625.99978257326 128152481.19788472 12700.931974845895
36526.378316731258 26663.002682616861 27047051.726392161 50000000 490837.49903507833 128152481.19788472 12698.595716285738
36576.358484835844 26749.570873144839 27044869.938361127 50000000 488651.27853387326 128152481.19788472 12693.020810120239
36626.338652940431 26836.139063672817 27042822.451732438 50000000 486604.20527646784 128152481.19788472 12693.540821835904
36676.318821045017 26922.707254200788 27044998.457330007 50000000 488779.10186654341 128152481.19788472 12692.146535314636
36726.298989149604 27009.275444728766 27045508.781385724 50000000 489289.89710105467 128152481.19788472 12692.738884552438
36776.27915725419 27095.843635256748 27043482.986725688 50000000 487263.59739906742 128152481.19788472 12692.103997814464
36826.259325358777 27182.411825784722 27052315.953637239 50000000 496096.96394710313 128152481.19788472 12692.606371798922
36876.239493463363 27268.9800163127 27039464.034576502 50000000 483244.81347578374 128152481.19788472 12692.315469971818
36926.21966156795 27355.548206840675 27050359.815407835 50000000 494140.85364257457 128152481.19788472 12692.641474815033
36976.199829672536 27442.116397368653 27045002.473652761 50000000 488782.88916914695 128152481.19788472 12691.858679972522
37026.179997777122 27528.684587896634 27042639.175032899 50000000 486420.54739416356 128152481.19788472 12693.061508935833
37076.160165881709 27615.252778424605 27048231.58565186 50000000 492012.04810249252 128152481.19788472 12691.917676813193
37126.140333986295 27701.820968952583 27039549.622407854 50000000 483330.6855373049 128152481.19788472 12692.672770358786
37176.120502090875 27788.389159480557 27048433.30033927 50000000 492214.04893139296 128152481.19788472 12692.277371695989
37226.100670195461 27874.957350008535 27042057.481061313 50000000 485838.42159172706 128152481.19788472 12692.518653034185
37276.080838300055 27961.525540536517 27047156.581038009 50000000 490937.5053079176 128152481.19788472 12692.498211497859
37326.061006404641 28048.093731064491 27050053.268342368 50000000 493833.89207765803 128152481.19788472 12692.120420390627
37376.041174509228 28134.661921592469 27040172.723174103 50000000 483953.72818980418 128152481.19788472 12692.599716527613
37426.021342613807 28221.23011212044 27049783.189784002 50000000 493564.14513575286 128152481.19788472 12692.537284575876
37476.001510718394 28307.798302648422 27039726.090187903 50000000 483506.67795393284 128152481.19788472 12692.075204701208
37525.981678822987 28394.3664931764 27046600.362069201 50000000 490381.47439580248 128152481.19788472 12692.734616659476
37575.961846927574 28480.934683704378 27044616.756982092 50000000 488397.54955215729 128152481.19788472 12692.332655166252
37625.942015032153 28567.502874232348 27042972.023878939 50000000 486752.81080482062 128152481.19788472 12692.325560217103
37675.922183136739 28654.071064760326 27051604.447357167 50000000 495385.41284868325 128152481.19788472 12692.550030822871
37725.902351241326 28740.639255288304 27039127.565605629 50000000 482908.18819969951 128152481.19788472 12692.118984285953
37775.882519345912 28827.207445816279 27051374.775996182 50000000 495156.07870396611 128152481.19788472 12692.973945902313
37825.862687450499 28913.775636344257 27045647.198843397 50000000 489427.53750331723 128152481.19788472 12691.762069673247
37875.842855555085 29000.343826872235 27043172.919038959 50000000 486954.07658522931 128152481.19788472 12692.79146203082
37925.823023659672 29086.912017400213 27047594.035687707 50000000 491374.89965961501 128152481.19788472 12692.422412133397
37975.803191764258 29173.480207928191 27039521.518222835 50000000 483302.01865868428 128152481.19788472 12691.965430445234
38025.783359868845 29260.048398456165 27049020.906920504 50000000 492803.19728704856 128152481.19788472 12694.215568926109
38075.763527973431 29346.616588984143 27040868.448497482 50000000 484654.27679598838 128152481.19788472 12698.665789945788
38125.743696078018 29433.184779512121 27045239.70781748 50000000 489022.83332914265 128152481.19788472 12695.265873135102
38175.723864182604 29519.752970040096 27049378.919688176 50000000 493160.0460628834 128152481.19788472 12692.752241143706
38225.704032287191 29606.321160568077 27040635.14567329 50000000 484415.71317142877 128152481.19788472 12692.04973351726
38275.684200391777 29692.889351096052 27051455.039090589 50000000 495236.46878524462 128152481.19788472 12693.133582447845
38325.664368496356 29779.457541624022 27041509.88815685 50000000 485290.25505002227 128152481.19788472 12691.797568114094
38375.64453660095 29866.025732152004 27046893.941025365 50000000 490674.9921388845 128152481.19788472 12692.657630413469
38425.624704705537 29952.593922679978 27037451.141082872 50000000 481233.97619630472 128152481.19788472 12694.900706564054
38475.604872810123 30039.162113207956 27047925.951128323 50000000 491710.951873991 128152481.19788472 12697.624604597509
38525.585040914702 30125.730303735931 27049245.390728217 50000000 493027.16829358129 128152481.19788472 12693.570839761271
38575.565209019289 30212.298494263909 27039494.177926026 50000000 483275.01235285372 128152481.19788472 12692.385293376758
38625.545377123883 30298.86668479189 27051932.803825032 50000000 495713.49204702355 128152481.19788472 12692.201477765286
38675.525545228469 30385.434875319865 27044665.24823036 50000000 488446.48081980826 128152481.19788472 12692.88579909779
38725.505713333056 30472.003065847843 27043303.10065978 50000000 487083.32472973724 128152481.19788472 12691.6180265613
38775.485881437635 30558.571256375817 27050650.961326145 50000000 494432.46574082173 128152481.19788472 12693.227517605672
38825.466049542221 30645.139446903795 27040051.080548886 50000000 483831.50333099958 128152481.19788472 12691.867810738018
38875.446217646815 30731.707637431777 27049246.024932608 50000000 493027.1439892365 128152481.19788472 12692.743075851184
38925.426385751402 30818.275827959751 27042052.046963811 50000000 485832.69183140912 128152481.19788472 12692.146983274211
38975.406553855988 30904.844018487729 27042614.483646967 50000000 486395.57196364523 128152481.19788472 12692.704433901139
39025.386721960567 30991.412209015703 27048659.393291563 50000000 492440.14421070117 128152481.19788472 12692.280296930796
39075.366890065154 31077.980399543678 27040616.132710978 50000000 484396.95844472205 128152481.19788472 12692.374344637159
39125.34705816974 31164.548590071656 27052707.128225315 50000000 496487.86614068807 128152481.19788472 12692.263950389428
39175.327226274327 31251.11678059963 27041556.137091812 50000000 485337.36106613296 128152481.19788472 12692.874968557282
39225.307394378913 31337.684971127608 27047521.326827254 50000000 491301.65249698667 128152481.19788472 12691.745740763385
39275.2875624835 31424.253161655583 27043804.779656671 50000000 487586.0514655388 128152481.19788472 12692.935101944278
39325.267730588086 31510.821352183564 27041005.066290617 50000000 484785.72168054484 128152481.19788472 12692.160210556547
39375.247898692673 31597.389542711542 27050067.287625104 50000000 493848.24686023296 128152481.19788472 12692.542166006891
39425.228066797259 31683.957733239517 27039622.696286656 50000000 483403.49156884546 128152481.19788472 12692.33606483951
39475.208234901846 31770.525923767495 27050214.690363009 50000000 493995.45415412594 128152481.19788472 12692.296477986811
39525.188403006432 31857.094114295469 27044424.089476101 50000000 488205.20545524027 128152481.19788472 12692.7392081449
39575.168571111019 31943.662304823451 27043489.079669811 50000000 487269.681241435 128152481.19788472 12692.092559191631
39625.148739215605 32030.230495351429 27052328.718111016 50000000 496109.61552950955 128152481.19788472 12692.464457545604
39675.128907320192 32116.798685879403 27039653.021261767 50000000 483434.04620259762 128152481.19788472 12692.624764303082
39725.109075424778 32203.366876407381 27049949.036689971 50000000 493729.69849511515 128152481.19788472 12692.168276259668
39775.089243529364 32289.935066935355 27041203.020183526 50000000 484983.89699283103 128152481.19788472 12692.43854905674
39825.069411633951 32376.50325746333 27043498.474798858 50000000 487279.42564281449 128152481.19788472 12692.531620848122
39875.049579738537 32463.071447991308 27048078.400229163 50000000 491859.19545388222 128152481.19788472 12692.335981396036
39925.029747843117 32549.639638519282 27040024.135853551 50000000 483805.26814839046 128152481.19788472 12692.759757959338
39975.009915947703 32636.20782904726 27053919.438677147 50000000 497700.85068717267 128152481.19788472 12693.111240600398
40024.990084052297 32722.776019575238 27037732.098443687 50000000 481516.92465411441 128152481.19788472 12697.404984139896
40074.970252156876 32809.344210103212 27041411.855067447 50000000 485199.1548524308 128152481.19788472 12700.517804110805
40124.950420261463 32895.91240063119 27037417.773908425 50000000 481207.29063022108 128152481.19788472 12703.308789759214
40174.930588366056 32982.480591159176 27044091.407965936 50000000 487883.20030507504 128152481.19788472 12706.175073267506
40224.910756470636 33069.048781687146 27037971.840160105 50000000 481766.73211416899 128152481.19788472 12710.080521764052
40274.890924575229 33155.616972215124 27037167.815965462 50000000 480955.46058363648 128152481.19788472 12700.950805767232
40324.871092679808 33242.185162743095 27044433.446118001 50000000 488215.09987338976 128152481.19788472 12693.414997137234
40374.851260784395 33328.75335327108 27045158.261145584 50000000 488938.68998453009 128152481.19788472 12691.875491262987
40424.831428888989 33415.321543799058 27043948.250835247 50000000 487729.6723252316 128152481.19788472 12693.123249281507
40474.811596993568 33501.889734327029 27052285.227967869 50000000 496065.37254678342 128152481.19788472 12691.518111369916
40524.791765098154 33588.457924855007 27038999.929106344 50000000 482781.37756902783 128152481.19788472 12693.157174754166
40574.771933202741 33675.026115382985 27051125.102299348 50000000 494905.55912366416 128152481.19788472 12691.91060467062
40624.752101307327 33761.594305910956 27044043.844091874 50000000 487824.92785929819 128152481.19788472 12692.698713346235
40674.732269411914 33848.162496438941 27043583.872352138 50000000 487364.48791807843 128152481.19788472 12692.110149608816
40724.7124375165 33934.730686966912 27047157.983966488 50000000 490939.14658531669 128152481.19788472 12692.797839285024
40774.692605621087 34021.29887749489 27041336.659422942 50000000 485117.29904932453 128152481.19788472 12692.14039480171
40824.672773725673 34107.867068022868 27051455.213202555 50000000 495236.24354948464 128152481.19788472 12692.631559292349
40874.65294183026 34194.435258550846 27040739.686497606 50000000 484520.21362949553 128152481.19788472 12691.998983582656
40924.633109934846 34281.003449078824 27048308.535947096 50000000 492089.9387811778 128152481.19788472 12693.099815645473
40974.613278039433 34367.571639606795 27049091.13722004 50000000 492871.31972547882 128152481.19788472 12691.565780893998
41024.593446144019 34454.13983013478 27040722.066883426 50000000 484503.42912488809 128152481.19788472 12693.048785633227
41074.573614248606 34540.708020662758 27049354.45654618 50000000 493135.02818724205 128152481.19788472 12692.054933221038
41124.553782353192 34627.276211190729 27039596.273506023 50000000 483377.35768133681 128152481.19788472 12692.699226948902
41174.533950457779 34713.844401718714 27047259.478961892 50000000 491040.14904988575 128152481.19788472 12692.178687514197
41224.514118562365 34800.412592246685 27043891.211522527 50000000 487672.16622581641 128152481.19788472 12692.536469259107
41274.494286666944 34886.980782774655 27043637.14027014 50000000 487418.02948647499 128152481.19788472 12692.4541468719
41324.474454771538 34973.548973302633 27051304.315987077 50000000 495085.18292771239 128152481.19788472 12692.426144285813
41374.454622876117 35060.117163830611 27039161.272819553 50000000 482941.86696313292 128152481.19788472 12692.083221270386
41424.434790980711 35146.685354358589 27051520.309581157 50000000 495301.58648463566 128152481.19788472 12692.941507573081
41474.41495908529 35233.25354488656 27043158.62114951 50000000 486939.10522590799 128152481.19788472 12691.944861890179
41524.395127189877 35319.821735414545 27044393.517914705 50000000 488174.55444069469 128152481.19788472 12692.639327043564
41574.375295294471 35406.389925942523 27046794.024237812 50000000 490574.82182851888 128152481.19788472 12692.338966390376
41624.35546339905 35492.958116470494 27039699.508651379 50000000 483480.3924654182 128152481.19788472 12692.447355661494
41674.335631503644 35579.526306998472 27049637.416123066 50000000 493418.37672557664 128152481.19788472 12692.543884798737
41724.315799608223 35666.09449752645 27040366.082158327 50000000 484146.66912699636 128152481.19788472 12692.074202014013
41774.295967712809 35752.662688054428 27049689.626104843 50000000 493470.76958224474 128152481.19788472 12692.773776842834
41824.276135817403 35839.230878582406 27047714.945140973 50000000 491495.70908458385 128152481.19788472 12692.296669543475
41874.256303921982 35925.799069110384 27041037.701376371 50000000 484818.41642805148 128152481.19788472 12692.235210235935
41924.236472026576 36012.367259638362 27051461.213876273 50000000 495242.2126420135 128152481.19788472 12692.591859586017
41974.216640131155 36098.935450166333 27041009.792248618 50000000 484790.64869503229 128152481.19788472 12692.412952411845
42024.196808235742 36185.503640694311 27047409.011476297 50000000 491189.73016752541 128152481.19788472 12692.239784852714
42074.176976340328 36272.071831222289 27044024.126502063 50000000 487805.15800108301 128152481.19788472 12692.633007814542
42124.157144444915 36358.64002175026 27040803.606547344 50000000 484584.20300067047 128152481.19788472 12692.086123611554
42174.137312549501 36445.208212278238 27050215.836714189 50000000 493997.17724092881 128152481.19788472 12693.021488329008
42224.117480654088 36531.776402806223 27039449.769822232 50000000 483230.00924662605 128152481.19788472 12691.637328287354
42274.097648758674 36618.344593334194 27052215.359470669 50000000 495996.68059574027 128152481.19788472 12692.997098235141
42324.077816863261 36704.912783862172 27043778.381137036 50000000 487559.01327264064 128152481.19788472 12692.130977552479
42374.057984967847 36791.48097439015 27045056.400541618 50000000 488837.32524069084 128152481.19788472 12692.498755562669
42424.038153072433 36878.049164918128 27045897.135442767 50000000 489677.84191634151 128152481.19788472 12692.224409950504
42474.01832117702 36964.617355446106 27040367.547879044 50000000 484148.60071959358 128152481.19788472 12692.659897333606
42523.998489281606 37051.185545974084 27048062.581495047 50000000 491843.66582133016 128152481.19788472 12692.69920047875
42573.978657386193 37137.753736502062 27048262.45342128 50000000 492048.52712618187 128152481.19788472 12698.974105290868
42623.958825490779 37224.321927030032 27036150.53163017 50000000 479942.03246790729 128152481.19788472 12705.807634246245
42673.938993595366 37310.89011755801 27039600.186422355 50000000 483391.13112880476 128152481.19788472 12705.107183214688
42723.919161699952 37397.458308085988 27036163.686109144 50000000 479950.50446074997 128152481.19788472 12699.911727557144
42773.899329804532 37484.026498613959 27049735.104448266 50000000 493520.8742352663 128152481.19788472 12698.592293441516
42823.879497909125 37570.594689141937 27046268.936411418 50000000 490051.24942391878 128152481.19788472 12694.24406618389
42873.859666013705 37657.162879669915 27051015.42391251 50000000 494797.34851625841 128152481.19788472 12693.755863233859
42923.839834118291 37743.731070197893 27042693.263382718 50000000 486473.6487458761 128152481.19788472 12691.820742622036
42973.820002222885 37830.299260725871 27041579.313602496 50000000 485360.47043521825 128152481.19788472 12692.790572843938
43023.800170327464 37916.867451253849 27049730.604744896 50000000 493511.27826064784 128152481.19788472 12692.182993508353
43073.780338432058 38003.435641781827 27039684.107473984 50000000 483465.22224609216 128152481.19788472 12692.737689593212
43123.760506536637 38090.003832309798 27050630.039483089 50000000 494410.38157804636 128152481.19788472 12691.766386551608
43173.740674641223 38176.572022837776 27043521.44471325 50000000 487302.89817110187 128152481.19788472 12693.163457428951
43223.720842745817 38263.140213365761 27044807.834743153 50000000 488588.20882002765 128152481.19788472 12691.806587729181
43273.701010850396 38349.708403893732 27049964.583029952 50000000 493745.71998998051 128152481.19788472 12692.765582055872
43323.681178954983 38436.27659442171 27039597.737902991 50000000 483378.41583751701 128152481.19788472 12692.188550272342
43373.661347059569 38522.844784949688 27050206.605605595 50000000 493987.64631429082 128152481.19788472 12692.64458623053
43423.641515164156 38609.412975477666 27040736.807253413 50000000 484517.62848851754 128152481.19788472 12692.368688908859
43473.621683268742 38695.981166005637 27044176.552197859 50000000 487957.2950377356 128152481.19788472 12692.270141367011
43523.601851373329 38782.549356533615 27047074.738080081 50000000 490855.65082848148 128152481.19788472 12692.483728901541
43573.582019477915 38869.117547061593 27041946.250812661 50000000 485727.30843967234 128152481.19788472 12692.665853242795
43623.562187582502 38955.685737589571 27052594.419441964 50000000 496374.86464567826 128152481.19788472 12691.89599866539
43673.542355687088 39042.253928117541 27040535.923279971 50000000 484317.13703613431 128152481.19788472 12692.862123648603
43723.522523791675 39128.822118645527 27048405.96795762 50000000 492186.65931845322 128152481.19788472 12692.205428509047
43773.502691896261 39215.390309173497 27047124.656014517 50000000 490905.54222892207 128152481.19788472 12692.450372919418
43823.482860000848 39301.958499701475 27041091.707425982 50000000 484872.57783705008 128152481.19788472 12692.430507111505
43873.463028105434 39388.526690229461 27049395.598536637 50000000 493176.32034611289 128152481.19788472 12692.243704316266
43923.443196210021 39475.094880757431 27039699.255146425 50000000 483480.44211945578 128152481.19788472 12692.828454235827
43973.423364314607 39561.663071285409 27047014.501845211 50000000 490794.94720788964 128152481.19788472 12691.896198283326
44023.403532419194 39648.23126181338 27043791.13552437 50000000 487572.21952234075 128152481.19788472 12692.699004208665
44073.38370052378 39734.799452341365 27044973.77075908 50000000 488754.65065640537 128152481.19788472 12692.442432069645
44123.363868628367 39821.367642869343 27051707.476056896 50000000 495488.20118073461 128152481.19788472 12692.247871693025
44173.344036732946 39907.935833397307 27039353.003366679 50000000 483133.831752425 128152481.19788472 12692.377677204773
44223.324204837532 39994.504023925292 27050325.35863442 50000000 494106.41024235397 128152481.19788472 12692.658289834508
44273.304372942119 40081.072214453263 27040405.637812197 50000000 484186.21351380658 128152481.19788472 12692.060028671383
44323.284541046705 40167.640404981241 27044319.727784466 50000000 488101.35847871995 128152481.19788472 12693.386296032886
44373.264709151299 40254.208595509226 27049759.412602156 50000000 493541.36460894579 128152481.19788472 12693.790319524378
44423.244877255878 40340.776786037197 27041668.732110161 50000000 485451.5847983468 128152481.19788472 12694.922774764125
44473.225045360465 40427.344976565175 27052265.443582214 50000000 496045.65153282095 128152481.19788472 12691.597692852951
44523.205213465051 40513.913167093146 27039824.672112595 50000000 483605.88513457077 128152481.19788472 12692.861226903753
44573.185381569638 40600.481357621131 27049529.846861858 50000000 493310.32689025713 128152481.19788472 12691.939725920618
44623.165549674231 40687.049548149109 27047969.721010737 50000000 491751.82850723306 128152481.19788472 12693.985830240332
44673.145717778811 40773.61773867708 27045399.322618678 50000000 489181.0582084413 128152481.19788472 12693.5180063688
44723.125885883397 40860.185929205065 27035801.029465027 50000000 479586.6098673357 128152481.19788472 12698.353922751347
44773.106053987984 40946.754119733036 27041434.308019154 50000000 485221.59970926179 128152481.19788472 12700.507495639999
44823.08622209257 41033.322310261014 27050475.125339057 50000000 494258.08629387926 128152481.19788472 12695.058658086104
44873.066390197164 41119.890500788999 27042522.594687369 50000000 486302.42485307239 128152481.19788472 12691.12287393314
44923.046558301743 41206.458691316962 27044445.570817117 50000000 488227.15410282352 128152481.19788472 12693.326668231646
44973.02672640633 41293.02688184494 27050914.456738517 50000000 494694.80617441918 128152481.19788472 12691.775612741299
45023.006894510916 41379.595072372918 27039220.902159467 50000000 483002.04554460093 128152481.19788472 12692.773658820966
45072.987062615503 41466.163262900896 27051743.871356666 50000000 495524.49060204218 128152481.19788472 12692.114774551081
45122.967230720089 41552.731453428874 27042542.930867009 50000000 486324.07883736462 128152481.19788472 12692.779424585942
45172.947398824675 41639.299643956845 27045192.650165386 50000000 488973.31029060588 128152481.19788472 12692.166163176076
45222.927566929262 41725.86783448483 27046100.594703373 50000000 489881.54521575593 128152481.19788472 12692.5312004601
45272.907735033848 41812.436025012808 27039904.111597493 50000000 483684.74893637846 128152481.19788472 12692.137519704405
45322.887903138435 41899.004215540779 27049960.839152362 50000000 493742.14319318032 128152481.19788472 12692.975620600935
45372.868071243021 41985.572406068764 27039889.637694582 50000000 483669.87015582627 128152481.19788472 12691.628575858616
45422.848239347608 42072.140596596735 27050547.783219241 50000000 494329.14689821139 128152481.19788472 12693.05059357051
45472.828407452194 42158.708787124713 27046722.99599319 50000000 490503.57583330513 128152481.19788472 12692.065239998699
45522.808575556781 42245.276977652691 27041640.422211554 50000000 485421.45908640459 128152481.19788472 12692.639765588372
45572.788743661367 42331.845168180669 27051334.870518278 50000000 495115.58099975495 128152481.19788472 12692.229464753664
45622.768911765954 42418.413358708647 27040572.357195206 50000000 484353.24683176697 128152481.19788472 12692.454674768345
45672.74907987054 42504.981549236618 27048327.077528149 50000000 492108.05342496658 128152481.19788472 12692.56311156085
45722.72924797512 42591.549739764596 27042287.241938893 50000000 486067.94852247497 128152481.19788472 12692.224565239812
45772.709416079713 42678.117930292574 27045536.049563862 50000000 489316.8387339093 128152481.19788472 12692.328381029411
45822.689584184292 42764.686120820545 27049918.168460228 50000000 493699.31768811238 128152481.19788472 12692.781005418818
45872.669752288879 42851.25431134853 27039663.559733909 50000000 483444.08645121049 128152481.19788472 12691.998463693717
45922.649920393473 42937.822501876508 27052457.56291208 50000000 496238.57721837988 128152481.19788472 12692.611394925705
45972.630088498052 43024.390692404479 27043027.040835619 50000000 486807.89378696535 128152481.19788472 12692.40855903032
46022.610256602646 43110.958882932457 27045835.673923612 50000000 489616.48648748058 128152481.19788472 12692.357788884197
46072.590424707225 43197.527073460435 27045293.560319956 50000000 489074.56995766825 128152481.19788472 12692.605526099684
46122.570592811811 43284.095263988413 27040131.969338782 50000000 483912.49076803168 128152481.19788472 12691.991815710102
46172.550760916405 43370.663454516391 27050269.013517108 50000000 494050.28330447263 128152481.19788472 12692.932561941141
46222.530929020984 43457.231645044369 27039818.232408177 50000000 483598.80247683713 128152481.19788472 12692.052958234772
46272.511097125571 43543.799835572347 27049126.819665439 50000000 492907.71008769557 128152481.19788472 12692.455662567336
46322.491265230157 43630.368026100317 27046181.796531182 50000000 489962.69184215204 128152481.19788472 12692.461808065334
46372.471433334744 43716.936216628288 27041997.653248344 50000000 485778.56742842327 128152481.19788472 12692.48552816805
46422.45160143933 43803.504407156273 27052605.44310797 50000000 496386.10967450793 128152481.19788472 12692.174260922104
46472.431769543917 43890.072597684244 27040562.04656988 50000000 484343.13974593102 128152481.19788472 12692.71054203401
46522.411937648503 43976.640788212222 27048752.024784412 50000000 492532.61527422146 128152481.19788472 12692.078626900262
46572.39210575309 44063.2089787402 27042486.649823308 50000000 486267.98206803366 128152481.19788472 12693.011076248917
46622.372273857676 44149.777169268178 27042201.009045288 50000000 485981.2174768789 128152481.19788472 12691.598369910253
46672.352441962263 44236.345359796156 27049054.80282975 50000000 492836.2119989263 128152481.19788472 12693.107780035654
46722.332610066849 44322.913550324134 27040382.32357898 50000000 484162.8430472305 128152481.19788472 12691.989350235643
46772.312778171436 44409.481740852112 27052419.198821217 50000000 496200.21981415432 128152481.19788472 12692.619800395769
46822.292946276022 44496.049931380083 27042558.902912833 50000000 486339.55830708757 128152481.19788472 12692.160215882299
46872.273114380609 44582.618121908061 27045524.846910387 50000000 489306.00515735033 128152481.19788472 12692.792343428122
46922.253282485195 44669.186312436046 27049612.162885122 50000000 493392.76906883303 128152481.19788472 12692.098355639968
46972.233450589782 44755.754502964017 27039533.955090854 50000000 483315.0415786088 128152481.19788472 12692.702133290079
47022.213618694368 44842.322693491995 27050418.424873255 50000000 494198.89919504849 128152481.19788472 12691.932598967462
47072.193786798955 44928.890884019973 27040217.439231593 50000000 483998.88034440018 128152481.19788472 12693.14793653631
47122.173954903534 45015.459074547944 27044962.860079568 50000000 488743.00365755329 128152481.19788472 12691.516848657995
47172.15412300812 45102.027265075922 27046255.655713357 50000000 490037.05402740021 128152481.19788472 12693.094133011064
47222.134291112707 45188.5954556039 27042679.583651036 50000000 486460.11272625567 128152481.19788472 12692.001425458386
47272.114459217293 45275.163646131878 27052448.907272261 50000000 496230.04946245119 128152481.19788472 12692.772157311992
47322.094627321887 45361.731836659856 27040079.060088426 50000000 483859.65044128144 128152481.19788472 12692.078455639657
47372.074795426466 45448.300027187826 27049241.762047175 50000000 493022.82716955483 128152481.19788472 12692.675276122007
47422.054963531053 45534.868217715812 27046245.623166308 50000000 490026.38876823051 128152481.19788472 12692.298754285821
47472.035131635639 45621.436408243782 27041727.857094653 50000000 485508.81571361679 128152481.19788472 12692.541390850212
47522.015299740226 45708.00459877176 27048776.29773818 50000000 492556.79592814582 128152481.19788472 12691.9626031017
47571.995467844819 45794.572789299746 27040295.136788115 50000000 484076.51608728291 128152481.19788472 12693.070231079526
47621.975635949399 45881.140979827716 27051188.761722509 50000000 494969.14098296501 128152481.19788472 12691.813104245692
47671.955804053985 45967.709170355694 27042109.026827507 50000000 485890.16283762787 128152481.19788472 12692.764388084392
47721.935972158572 46054.277360883672 27046083.910291698 50000000 489864.63695984328 128152481.19788472 12692.249811470261
47771.916140263158 46140.84555141165 27051082.218364935 50000000 494863.22139116097 128152481.19788472 12692.597215916927
47821.896308367744 46227.413741939621 27039569.414005049 50000000 483350.24954212451 128152481.19788472 12692.386667397215
47871.876476472331 46313.981932467592 27050228.885233119 50000000 494009.5796126452 128152481.19788472 12692.209224053951
47921.856644576917 46400.550122995577 27039966.411443226 50000000 483747.43524699425 128152481.19788472 12692.623334910355
47971.836812681504 46487.118313523548 27045689.148729898 50000000 489470.02384912194 128152481.19788472 12692.436425581313
48021.81698078609 46573.686504051526 27045607.202659298 50000000 489387.82204917929 128152481.19788472 12692.114957762589
48071.797148890677 46660.254694579511 27042231.13803497 50000000 486012.26167416351 128152481.19788472 12692.748837644504
48121.777316995263 46746.822885107482 27051689.342840895 50000000 495470.07938565244 128152481.19788472 12692.262227600962
48171.75748509985 46833.39107563546 27039556.813117921 50000000 483337.63124522194 128152481.19788472 12692.364782584433
48221.737653204436 46919.959266163438 27050422.564422186 50000000 494203.51108365704 128152481.19788472 12692.526359714153
48271.717821309023 47006.527456691416 27044897.016881403 50000000 488677.7020143909 128152481.19788472 12692.197599440369
48321.697989413609 47093.095647219394 27042748.096696053 50000000 486529.33372281701 128152481.19788472 12692.891376913069
48371.678157518196 47179.663837747365 27048206.092944849 50000000 491986.43452234584 128152481.19788472 12691.765737211104
48421.658325622782 47266.23202827535 27039526.538985576 50000000 483307.77621872962 128152481.19788472 12692.891636803972
48471.638493727369 47352.800218803321 27048497.215078127 50000000 492277.95123420382 128152481.19788472 12692.261738693353
48521.618661831955 47439.368409331299 27041951.712698236 50000000 485732.52858789929 128152481.19788472 12692.361969991365
48571.598829936534 47525.936599859277 27047244.988020703 50000000 491025.76651146234 128152481.19788472 12692.314955939322
48621.578998041121 47612.504790387247 27050055.525411822 50000000 493836.59819998185 128152481.19788472 12692.684914256373
48671.559166145707 47699.072980915225 27039783.393366154 50000000 483564.03550807608 128152481.19788472 12692.143552845493
48721.539334250301 47785.641171443211 27051493.695065439 50000000 495274.80136603746 128152481.19788472 12692.727056154994
48771.51950235488 47872.209361971181 27042657.282571845 50000000 486437.73042410356 128152481.19788472 12691.89926538287
48821.499670459467 47958.777552499159 27043900.73517555 50000000 487682.15799313661 128152481.19788472 12693.125163911751
48871.479838564053 48045.34574302713 27052117.138565257 50000000 495899.08857676515 128152481.19788472 12693.786996760509
48921.46000666864 48131.913933555115 27036658.85198928 50000000 480448.51353194081 128152481.19788472 12703.490531270316
48971.440174773234 48218.482124083093 27037432.39500393 50000000 481221.1830078215 128152481.19788472 12702.391393078564
49021.420342877813 48305.050314611064 27038583.229888193 50000000 482368.29763435887 128152481.19788472 12697.708777278132
49071.400510982399 48391.618505139049 27051501.763373502 50000000 495284.40128076012 128152481.19788472 12694.652731203101
49121.380679086986 48478.18669566702 27045654.747693855 50000000 489435.80416250322 128152481.19788472 12692.664370649285
49171.360847191572 48564.754886194998 27043362.401496708 50000000 487143.21140329709 128152481.19788472 12692.354455474398
49221.341015296166 48651.323076722976 27047507.437488448 50000000 491288.56565362023 128152481.19788472 12692.754524911805
49271.321183400745 48737.891267250954 27039191.387755807 50000000 482971.7190748892 128152481.19788472 12691.752840095825
49321.301351505332 48824.459457778925 27051421.224162623 50000000 495202.75676392188 128152481.19788472 12693.262953250975
49371.281519609918 48911.027648306903 27041096.173916176 50000000 484876.50056253467 128152481.19788472 12691.746965639402
49421.261687714505 48997.595838834881 27046566.868191577 50000000 490348.0512654878 128152481.19788472 12692.823551847112
49471.241855819091 49084.164029362859 27049050.505270638 50000000 492831.13646772574 128152481.19788472 12692.129798242424
49521.222023923678 49170.73221989083 27040102.192153484 50000000 483883.31700601644 128152481.19788472 12692.750363212015
49571.202192028264 49257.300410418815 27052595.504434839 50000000 496376.18182315578 128152481.19788472 12692.187864105135
49621.182360132843 49343.868600946786 27042358.889701407 50000000 486139.79281990184 128152481.19788472 12692.471622761343
49671.162528237437 49430.436791474764 27046616.157700647 50000000 490396.94078001229 128152481.19788472 12692.320724713463
49721.142696342024 49517.004982002742 27044621.752957683 50000000 488402.91563647339 128152481.19788472 12692.797913232103
49771.12286444661 49603.57317253072 27040465.735692475 50000000 484246.07026946102 128152481.19788472 12691.75693761418
49821.103032551197 49690.141363058698 27050312.003658783 50000000 494093.33015141881 128152481.19788472 12693.003846077081
49871.083200655776 49776.709553586668 27039598.937084008 50000000 483379.52503338468 128152481.19788472 12692.075434120601
49921.063368760369 49863.277744114654 27049709.955885258 50000000 493490.93932741712 128152481.19788472 12692.572596130814
49971.043536864956 49949.845934642632 27045263.032657199 50000000 489043.80197787477 128152481.19788472 12692.303429151561
50021.023704969535 50036.414125170595 27043087.286287412 50000000 486868.1245698334 128152481.19788472 12692.390119011145
50071.003873074122 50122.98231569858 27050777.355414931 50000000 494558.41103633458 128152481.19788472 12692.663332178312
50120.984041178708 50209.550506226558 27039918.180423308 50000000 483698.7448677161 128152481.19788472 12692.045888986593
50170.964209283295 50296.118696754529 27049368.866545223 50000000 493149.84027093049 128152481.19788472 12692.560382136449
50220.944377387881 50382.686887282507 27041940.153459575 50000000 485721.16742371378 128152481.19788472 12692.610965512924
50270.924545492468 50469.255077810485 27042733.391601704 50000000 486513.98565258388 128152481.19788472 12692.083105633046
50320.904713597054 50555.823268338463 27048566.66786772 50000000 492347.6347206498 128152481.19788472 12692.551742101337
50370.884881701641 50642.391458866441 27040734.317072712 50000000 484515.22626546363 128152481.19788472 12692.479258897507
50420.865049806227 50728.959649394419 27052594.04497958 50000000 496374.79737045849 128152481.19788472 12692.282147116193
50470.845217910814 50815.527839922397 27041855.59834934 50000000 485636.63273549569 128152481.19788472 12692.636637117525
50520.8253860154 50902.096030450368 27046319.883418184 50000000 490100.38502579962 128152481.19788472 12691.966898529397
50570.805554119986 50988.664220978353 27049141.374513008 50000000 492922.73451035871 128152481.19788472 12693.045966362839
50620.785722224573 51075.232411506331 27039327.926397547 50000000 483108.32751209516 128152481.19788472 12691.840575725178
50670.765890329159 51161.800602034302 27052381.380143207 50000000 496162.48774676817 128152481.19788472 12692.728678844838
50720.746058433746 51248.36879256228 27039939.322403848 50000000 483720.14349762775 128152481.19788472 12692.368511294011
50770.726226538332 51334.936983090258 27045448.736077413 50000000 489229.6725193779 128152481.19788472 12692.51351384294
50820.706394642919 51421.505173618229 27045800.150181361 50000000 489580.89536981203 128152481.19788472 12692.273090559918
50870.686562747505 51508.073364146207 27042655.506592449 50000000 486436.59082945256 128152481.19788472 12692.699313694875
50920.666730852092 51594.641554674185 27054470.890171234 50000000 498253.02835357591 128152481.19788472 12694.024304021483
50970.646898956678 51681.209745202163 27036669.020826053 50000000 480454.03875286982 128152481.19788472 12697.646182407907
51020.627067061265 51767.777935730141 27040832.403986823 50000000 484620.07102245465 128152481.19788472 12700.980175443303
51070.607235165851 51854.346126258119 27033345.010211047 50000000 477135.43038184033 128152481.19788472 12704.445905697552
51120.587403270438 51940.914316786097 27051838.315919124 50000000 495621.44779927196 128152481.19788472 12695.273253802159
51170.567571375024 52027.482507314067 27045615.596697185 50000000 489396.60510777996 128152481.19788472 12692.604106914379
51220.547739479611 52114.050697842045 27041437.530544609 50000000 485218.20284572983 128152481.19788472 12692.181435872271
51270.527907584197 52200.618888370031 27051086.674899887 50000000 494867.82732234476 128152481.19788472 12692.785030225728
51320.508075688784 52287.187078898001 27041637.38904275 50000000 485418.00352037081 128152481.19788472 12692.108779375918
51370.48824379337 52373.755269425979 27046881.909629744 50000000 490662.94806595042 128152481.19788472 12692.64172882867
51420.468411897957 52460.323459953957 27050428.448971145 50000000 494209.02958361804 128152481.19788472 12692.066211059431
51470.448580002543 52546.891650481935 27039870.663340501 50000000 483652.01863271731 128152481.19788472 12693.040049231669
51520.428748107122 52633.459841009906 27049997.629394885 50000000 493777.79589145386 128152481.19788472 12691.545657683415
51570.408916211709 52720.028031537877 27039700.763687074 50000000 483482.19248950109 128152481.19788472 12693.132461742594
51620.389084316295 52806.596222065862 27046431.388588034 50000000 490211.90501320991 128152481.19788472 12691.985523914427
51670.369252420882 52893.164412593833 27044859.550434202 50000000 488640.6393302973 128152481.19788472 12692.70516130509
51720.349420525468 52979.732603121811 27042809.076821528 50000000 486589.71829508484 128152481.19788472 12692.142717097886
51770.329588630055 53066.300793649796 27051601.63253304 50000000 495382.64471471781 128152481.19788472 12692.608724690213
51820.309756734641 53152.868984177767 27039281.751048215 50000000 483062.60375014169 128152481.19788472 12692.408245231327
51870.289924839228 53239.437174705745 27050998.339505304 50000000 494779.15358872234 128152481.19788472 12692.359699322236
51920.270092943814 53326.005365233723 27044126.631800454 50000000 487907.30361323134 128152481.19788472 12692.18085556372
51970.250261048401 53412.573555761701 27043398.808884416 50000000 487180.07223344513 128152481.19788472 12692.924467768769
52020.230429152987 53499.141746289679 27047618.546024323 50000000 491398.94855954126 128152481.19788472 12691.842362157013
52070.210597257574 53585.70993681765 27039590.82697694 50000000 483371.95785488893 128152481.19788472 12692.757936487498
52120.19076536216 53672.278127345635 27048989.87767357 50000000 492770.63540249562 128152481.19788472 12692.288857312777
52170.170933466747 53758.846317873606 27041286.18961595 50000000 485067.1023650628 128152481.19788472 12692.483729328378
52220.151101571333 53845.414508401576 27048270.058809858 50000000 492050.96289299219 128152481.19788472 12692.472835558767
52270.13126967592 53931.982698929562 27049127.897136837 50000000 492908.56671368849 128152481.19788472 12692.178044619965
52320.111437780499 54018.550889457532 27040229.973987725 50000000 484011.12102914648 128152481.19788472 12692.778257056661
52370.091605885093 54105.11907998551 27051632.752417535 50000000 495413.43560211221 128152481.19788472 12692.195150790041
52420.071773989679 54191.687270513496 27041526.1565645 50000000 485306.93914852629 128152481.19788472 12692.32010245596
52470.051942094266 54278.255461041466 27046770.155221395 50000000 490551.17785673653 128152481.19788472 12692.621866033051
52520.032110198852 54364.823651569444 27043967.554904141 50000000 487748.33624788304 128152481.19788472 12692.318543052381
52570.012278303431 54451.391842097415 27043637.611421 50000000 487418.36428706371 128152481.19788472 12692.282744693401
52619.992446408025 54537.9600326254 27051320.900432292 50000000 495101.92042892927 128152481.19788472 12692.618548846092
52669.972614512611 54624.528223153378 27039058.136972241 50000000 482838.82011464651 128152481.19788472 12692.195096658053
52719.952782617198 54711.096413681349 27051899.398440823 50000000 495680.64673961379 128152481.19788472 12692.905547113693
52769.932950721784 54797.664604209334 27044754.944059093 50000000 488535.22835330741 128152481.19788472 12691.693730432367
52819.913118826364 54884.232794737305 27043983.929983445 50000000 487765.28354059363 128152481.19788472 12693.03786921523
52869.893286930957 54970.800985265283 27046920.113883629 50000000 490700.69273665006 128152481.19788472 12692.063999856575
52919.873455035544 55057.369175793268 27039650.880885419 50000000 483431.80573581671 128152481.19788472 12692.4989415296
52969.853623140123 55143.937366321232 27049577.57591312 50000000 493358.30819400697 128152481.19788472 12692.256867113045
53019.83379124471 55230.50555684921 27040833.587648436 50000000 484614.69324448961 128152481.19788472 12692.726155891709
53069.813959349296 55317.073747377181 27047436.342948142 50000000 491216.98133374972 128152481.19788472 12692.138835172942
53119.794127453883 55403.641937905166 27048073.971091788 50000000 491855.07913636236 128152481.19788472 12692.729232458947
53169.774295558469 55490.210128433144 27040784.003399059 50000000 484564.47083820496 128152481.19788472 12691.923946740097
53219.754463663056 55576.778318961115 27052491.684272703 50000000 496273.15070223087 128152481.19788472 12693.179763097154
53269.734631767642 55663.3465094891 27041929.914039563 50000000 485710.04652349558 128152481.19788472 12691.502903350123
53319.714799872228 55749.914700017071 27047135.565760959 50000000 490916.95663787733 128152481.19788472 12693.08478329581
53369.694967976815 55836.482890545049 27044159.228117984 50000000 487939.75916315161 128152481.19788472 12692.003902325341
53419.675136081401 55923.051081073034 27040709.577439941 50000000 484490.68279876432 128152481.19788472 12692.725856372897
53469.655304185988 56009.619271601005 27050276.265720583 50000000 494056.84566136706 128152481.19788472 12692.065367153442
53519.635472290574 56096.187462128983 27039349.220891815 50000000 483130.35375209001 128152481.19788472 12692.760429263293
53569.615640395161 56182.755652656953 27052291.187132988 50000000 496071.86926702311 128152481.19788472 12692.193829432998
53619.595808499747 56269.323843184939 27043893.957025427 50000000 487675.01938067301 128152481.19788472 12692.671796494447
53669.575976604334 56355.892033712909 27044029.218620408 50000000 487809.63960030139 128152481.19788472 12691.865546865345
53719.556144708913 56442.46022424088 27050354.388555646 50000000 494135.82733504701 128152481.19788472 12693.145004367958
53769.536312813507 56529.028414768865 27039787.43019437 50000000 483567.72426970536 128152481.19788472 12691.706024575935
53819.516480918093 56615.596605296843 27049775.655587114 50000000 493556.8839160956 128152481.19788472 12692.880442309295
53869.49664902268 56702.164795824814 27041401.584519349 50000000 485182.23122796521 128152481.19788472 12692.149297319096
53919.476817127266 56788.732986352799 27043324.429390501 50000000 487105.51013517863 128152481.19788472 12692.694914911683
53969.456985231853 56875.301176880777 27047965.035662979 50000000 491745.75189692876 128152481.19788472 12692.236695837439
54019.437153336439 56961.869367408755 27041190.94227244 50000000 484971.76452729688 128152481.19788472 12692.369971140481
54069.417321441018 57048.437557936719 27052642.186261065 50000000 496423.08600238245 128152481.19788472 12692.46737768574
54119.397489545605 57135.005748464697 27041257.575380173 50000000 485038.56123748136 128152481.19788472 12692.575632131253
54169.377657650191 57221.573938992675 27047212.458562825 50000000 490992.94456636545 128152481.19788472 12691.94728505929
54219.357825754778 57308.142129520653 27048291.259295665 50000000 492072.51292693819 128152481.19788472 12692.912251553771
54269.337993859364 57394.710320048631 27040282.533682473 50000000 484063.15468101017 128152481.19788472 12692.116978909369
54319.318161963951 57481.278510576609 27049997.317550957 50000000 493778.24208709627 128152481.19788472 12692.498546470993
54369.298330068537 57567.84670110458 27039708.179031778 50000000 483489.02513382543 128152481.19788472 12692.399948711238
54419.278498173124 57654.414891632558 27050583.565190438 50000000 494364.35771196336 128152481.19788472 12692.332594149542
54469.25866627771 57740.983082160543 27043669.483730316 50000000 487450.59872201062 128152481.19788472 12692.737966121562
54519.238834382297 57827.551272688514 27044220.073876854 50000000 488000.53343764786 128152481.19788472 12691.914045854457
54569.219002486883 57914.119463216492 27052120.750962775 50000000 495901.87828162941 128152481.19788472 12692.753463194127
54619.19917059147 58000.68765374447 27039386.473121747 50000000 483167.31933582679 128152481.19788472 12692.400089636596
54669.179338696056 58087.255844272448 27050284.702082586 50000000 494065.39387070062 128152481.19788472 12692.205966817182
54719.159506800643 58173.824034800426 27040687.458687417 50000000 484468.37389576202 128152481.19788472 12692.486820631002
54769.139674905229 58260.392225328404 27044203.311645247 50000000 487984.27676861471 128152481.19788472 12692.549568493805
54819.119843009816 58346.960415856382 27047250.991954286 50000000 491031.68551779166 128152481.19788472 12692.208197372986
54869.100011114402 58433.528606384352 27041129.482588988 50000000 484910.54576413735 128152481.19788472 12692.672827478238
54919.080179218989 58520.09679691233 27051550.038905308 50000000 495330.54774483247 128152481.19788472 12691.975989166202
54969.060347323575 58606.664987440308 27040703.165593114 50000000 484484.58360828296 128152481.19788472 12693.11889968496
55019.040515428162 58693.233177968286 27048453.563960336 50000000 492233.80396679515 128152481.19788472 12691.638065680238
55069.020683532748 58779.801368496264 27047078.480827376 50000000 490859.76037521759 128152481.19788472 12692.9448075652
55119.000851637335 58866.369559024242 27040919.74965588 50000000 484700.22442449344 128152481.19788472 12691.93323813524
55168.981019741921 58952.93774955222 27050314.585116062 50000000 494096.44085269532 128152481.19788472 12693.668878476965
55218.961187846508 59039.505940080191 27044057.235202242 50000000 487844.1638043616 128152481.19788472 12700.050439353796
55268.941355951094 59126.074130608176 27033968.525357023 50000000 477754.95247576886 128152481.19788472 12699.419377045177
55318.92152405568 59212.642321136154 27046108.169901252 50000000 489889.9836120804 128152481.19788472 12693.616131245179
55368.901692160267 59299.210511664125 27045391.341449775 50000000 489173.83361460036 128152481.19788472 12694.469511057665
55418.881860264853 59385.778702192103 27051936.071032256 50000000 495716.15063029865 128152481.19788472 12691.436347638057
55468.86202836944 59472.346892720081 27038868.055330347 50000000 482649.63711566362 128152481.19788472 12693.324809357749
55518.842196474019 59558.915083248045 27051692.134155542 50000000 495472.24959939189 128152481.19788472 12691.481430563972
55568.822364578606 59645.483273776023 27043515.172967285 50000000 487297.56098914391 128152481.19788472 12694.338487135632
55618.802532683192 59732.051464304008 27047545.77855311 50000000 491327.98287097085 128152481.19788472 12694.107577377956
55668.782700787779 59818.619654831979 27046478.468751352 50000000 490260.42795572849 128152481.19788472 12693.799319942411
55718.762868892365 59905.187845359957 27039866.666531473 50000000 483647.12029120338 128152481.19788472 12691.9067322093
55768.743036996952 59991.756035887935 27049347.598869279 50000000 493128.64412006363 128152481.19788472 12692.650299725383
55818.723205101538 60078.324226415913 27040684.243688304 50000000 484464.90059124987 128152481.19788472 12692.162111252937
55868.703373206125 60164.892416943891 27049300.909950558 50000000 493082.14730231866 128152481.19788472 12692.891784623012
55918.683541310711 60251.460607471861 27047949.033833336 50000000 491729.28305422654 128152481.19788472 12691.649643106528
55968.663709415297 60338.028797999847 27041493.329859227 50000000 485274.74107972009 128152481.19788472 12693.110359383341
56018.643877519884 60424.596988527817 27048800.320437755 50000000 492580.83034332457 128152481.19788472 12691.977328773397
56068.62404562447 60511.165179055795 27039547.940959677 50000000 483329.00069513335 128152481.19788472 12692.668503539289
56118.604213729057 60597.733369583781 27047877.685804546 50000000 491658.38067108247 128152481.19788472 12692.209835515921
56168.584381833643 60684.301560111751 27043148.037863709 50000000 486928.99206922972 128152481.19788472 12692.535843579864
56218.56454993823 60770.869750639729 27044409.839085132 50000000 488190.77287587832 128152481.19788472 12692.510180189478
56268.544718042816 60857.437941167707 27050841.719698112 50000000 494622.40548722155 128152481.19788472 12692.198425522573
56318.524886147403 60944.006131695685 27039207.125367217 50000000 482987.97004916047 128152481.19788472 12692.398163535099
56368.505054251989 61030.574322223663 27052227.359185014 50000000 496008.48880663619 128152481.19788472 12692.75635768692
56418.485222356576 61117.142512751634 27043943.53473435 50000000 487724.00155061076 128152481.19788472 12691.923167609973
56468.465390461162 61203.710703279619 27044811.891056366 50000000 488592.9916695563 128152481.19788472 12692.719885484659
56518.445558565749 61290.27889380759 27046181.440889113 50000000 489962.24063633435 128152481.19788472 12692.341696672453
56568.425726670335 61376.847084335568 27039857.625386193 50000000 483638.48506734124 128152481.19788472 12692.416946931988
56618.405894774922 61463.415274863553 27049926.920178544 50000000 493707.82582825725 128152481.19788472 12692.475072980484
56668.386062879508 61549.983465391524 27040322.84998269 50000000 484103.5524283385 128152481.19788472 12692.218356867039
56718.366230984095 61636.551655919502 27048285.147912916 50000000 492066.05107841204 128152481.19788472 12692.475439588692
56768.346399088681 61723.119846447473 27047021.977170296 50000000 490803.79031305097 128152481.19788472 12693.601620773965
56818.326567193268 61809.688036975458 27042199.61326807 50000000 485975.66568456561 128152481.19788472 12686.427518695364
56868.306735297854 61896.256227503436 27048774.835411724 50000000 492577.75447805767 128152481.19788472 12719.97332658929
56918.286903402441 61982.824418031407 27045125.21409082 50000000 489119.80303803779 128152481.19788472 12966.98696168373
56968.26707150702 62069.392608559378 27047418.983188774 50000000 491408.87280615408 128152481.19788472 12960.74484926617
57018.247239611606 62155.960799087356 27047850.168422189 50000000 491839.70558254316 128152481.19788472 12960.277040897676
57068.227407716193 62242.528989615326 27047428.986409847 50000000 491418.49741261732 128152481.19788472 12960.242335622797
57118.207575820779 62329.097180143312 27046761.815153908 50000000 490751.39255896537 128152481.19788472 12960.329338831803
57168.187743925366 62415.665370671282 27042602.843283173 50000000 486592.7279319145 128152481.19788472 12960.732052874037
57218.167912029952 62502.23356119926 27048338.517308533 50000000 492328.98710039904 128152481.19788472 12961.499096840957
57268.148080134539 62588.801751727238 27045515.937882561 50000000 489506.80046426441 128152481.19788472 12962.01403955004
57318.128248239125 62675.369942255216 27044609.953575369 50000000 488601.38845417643 128152481.19788472 12962.76439267091
57368.108416343712 62761.938132783194 27043717.172177773 50000000 487709.30574473779 128152481.19788472 12963.680575873683
57418.088584448298 62848.506323311165 27043454.666678809 50000000 487445.2099585078 128152481.19788472 12961.595413829824
57468.068752552885 62935.07451383915 27046242.571752861 50000000 490232.06846373988 128152481.19788472 12960.223571761986
57518.048920657471 63021.642704367128 27045126.966300894 50000000 489116.47194670746 128152481.19788472 12960.235281699936
57568.029088762058 63108.210894895099 27047542.873130783 50000000 491532.39124194148 128152481.19788472 12960.251619657098
57618.009256866644 63194.779085423084 27047595.447435092 50000000 491584.94817848201 128152481.19788472 12960.228856160016
57667.989424971231 63281.347275951055 27045221.869265184 50000000 489211.37715618132 128152481.19788472 12960.238224436674
57717.969593075817 63367.915466479033 27045769.269374199 50000000 489758.77733229497 128152481.19788472 12960.238312235013
57767.949761180404 63454.483657007011 27044452.224378545 50000000 488441.74094112491 128152481.19788472 12960.249590406896
57817.92992928499 63541.051847534989 27047132.020140052 50000000 491121.52475079452 128152481.19788472 12960.233924919708
57867.910097389577 63627.620038062967 27048413.971587699 50000000 492403.47430458077 128152481.19788472 12960.231442454024
57917.890265494163 63714.188228590938 27046897.033360094 50000000 490886.5516880221 128152481.19788472 12960.251904096805
57967.87043359875 63800.756419118923 27046425.910995878 50000000 490415.42066027573 128152481.19788472 12960.240549004446
58017.850601703336 63887.324609646901 27044371.034805473 50000000 488360.54643668217 128152481.19788472 12960.243126915382
58067.830769807922 63973.892800174872 27046106.827372506 50000000 490096.32471569051 128152481.19788472 12960.224399480101
58117.810937912509 64060.460990702857 27047269.363722507 50000000 491258.8805959046 128152481.19788472 12960.249997476416
58167.791106017095 64147.029181230828 27047799.894497175 50000000 491789.41269674175 128152481.19788472 12960.251735927559
58217.771274121682 64233.597371758806 27047426.032717951 50000000 491415.53960994637 128152481.19788472 12960.236915165937
58267.751442226268 64320.165562286784 27044685.253377531 50000000 488674.76378341136 128152481.19788472 12960.241520756203
58317.731610330855 64406.733752814762 27044636.686065763 50000000 488626.19409938465 128152481.19788472 12960.238411560495
58367.711778435441 64493.30194334274 27046494.853333205 50000000 490484.37661098834 128152481.19788472 12960.258391835194
58417.691946540028 64579.870133870711 27047464.264921647 50000000 491453.7737878653 128152481.19788472 12960.239502696106
58467.672114644607 64666.438324398681 27048170.386222471 50000000 492159.8993502548 128152481.19788472 12960.245088203936
58517.652282749194 64753.006514926659 27046164.723043941 50000000 490154.23381732742 128152481.19788472 12960.242002401674
58567.63245085378 64839.57470545463 27044393.704224404 50000000 488383.21752460429 128152481.19788472 12960.245314228796
58617.612618958367 64926.142895982615 27046448.963098694 50000000 490438.47936303611 128152481.19788472 12960.249199432265
58667.592787062953 65012.711086510593 27046935.094178274 50000000 490924.5997283053 128152481.19788472 12960.235156185789
58717.572955167539 65099.279277038564 27048463.954672944 50000000 492453.47466903966 128152481.19788472 12960.254090406039
58767.553123272126 65185.847467566542 27047367.695118915 50000000 491357.20636197121 128152481.19788472 12960.24261786311
58817.533291376712 65272.41565809452 27044280.189408496 50000000 488269.70415873767 128152481.19788472 12960.247214743731
58867.513459481299 65358.983848622498 27045788.582723539 50000000 489778.09133302589 128152481.19788472 12960.239166166464
58917.513459481299 65445.586389000942 27045260.096373945 50000000 489249.60980930499 128155213.65811208 12960.245491511178
58967.513459481299 65532.188929379387 27047631.565650411 50000000 491621.08984736749 128155374.4873362 12960.259596618998
59017.513459481299 65618.791469757824 27047660.17056746 50000000 491649.67383757501 128155370.4986137 12960.232168041526
59067.513459481299 65705.394010136268 27046877.914835408 50000000 490867.42558384786 128155344.87227692 12960.241969796747
59117.513459481299 65791.996550514712 27045536.676312551 50000000 489526.18270182476 128155329.11858256 12960.236256038559
59167.513459481299 65878.599090893156 27044439.15887044 50000000 488428.68226181949 128155317.33501871 12960.258540528379
59217.513459481299 65965.2016312716 27047148.373971164 50000000 491137.88181945309 128155286.757759 12960.238168690203
59267.513459481299 66051.804171650045 27048079.136248127 50000000 492068.63554559113 128155252.58007422 12960.226961091399
59317.513459481299 66138.406712028489 27048005.202862695 50000000 491994.71720262268 128155223.76980521 12960.246677224672
59367.513459481299 66225.009252406933 27046928.84549005 50000000 490918.35646567802 128155202.64969447 12960.242267603371
59417.513459481299 66311.611792785377 27044399.609830983 50000000 488389.12565851375 128155203.8236507 12960.248626715373
59467.513459481299 66398.214333163822 27046205.235439956 50000000 490194.7298488997 128155178.73587893 12960.220553572701
59517.513459481299 66484.816873542266 27047338.490095284 50000000 491328.00282478926 128155159.53085408 12960.244566195051
59567.513459481299 66571.41941392071 27047809.647062477 50000000 491799.16035708092 128155142.27480173 12960.245306954905
59617.513459481299 66658.021954299154 27047363.588041302 50000000 491353.09225357388 128155118.37501167 12960.233402937651
59667.513459481299 66744.624494677599 27044392.713151671 50000000 488382.17607750202 128155005.19510536 12960.179289019166
59717.513459481299 66831.227035056043 27042148.560276676 50000000 486138.97273857781 128154709.9887175 12961.423934536078
59767.513459481299 66917.829575434487 27043735.895426735 50000000 487728.15705723903 128154602.54265888 12963.848501539267
59817.513459481299 67004.432115812931 27040457.724592865 50000000 484449.85852051264 128155104.09073134 12963.681043402825
59867.513459481299 67091.034656191376 27046830.623874724 50000000 490822.09689768153 128155197.49262492 12962.814406721864
59917.513459481299 67177.63719656982 27050235.065201402 50000000 494225.96049046051 128155283.0116594 12962.056920167071
59967.513459481299 67264.239736948264 27046477.187418394 50000000 490467.7265024223 128155414.22540858 12961.589934659452
60017.513459481299 67350.842277326708 27045314.858926315 50000000 489304.82504996238 128155455.37004702 12960.838849651233
60067.513459481299 67437.444817705153 27046985.796036713 50000000 490975.37734856404 128155129.37777771 12960.334457449973
60117.513459481299 67524.047358083597 27048459.415052183 50000000 492448.93999002967 128154775.35147087 12960.260567509997
60167.513459481299 67610.649898462041 27047354.025931917 50000000 491343.53738492524 128154496.73557529 12960.242893084072
60217.513459481299 67697.252438840485 27046468.016109567 50000000 490457.52630163042 128154263.85736941 12960.241240583244
60267.513459481299 67783.85497921893 27044448.028453045 50000000 488437.53260690597 128154065.46884769 12960.233326314818
60317.513459481299 67870.457519597374 27045067.340317298 50000000 489056.85328566818 128153889.15753815 12960.244879408707
60367.513459481299 67957.060059975804 27047617.651710425 50000000 491607.17340605409 128153766.74474229 12960.256317855828
60417.513459481299 68043.662600354248 27047659.042142641 50000000 491648.54668944894 128153701.43799019 12960.233841219269
60467.513459481299 68130.265140732692 27046875.457473792 50000000 490864.97625184059 128153732.76270348 12960.252493758315
60517.513459481299 68216.867681111136 27045532.25593308 50000000 489521.76316196326 128153868.55556571 12960.237356595075
60567.513459481299 68303.470221489581 27044403.37032906 50000000 488392.89045267855 128154200.83539973 12960.254257847602
60617.513459481299 68390.072761868025 27046482.119588751 50000000 490471.62971885887 128154764.6914409 12960.241161146256
60667.513459481299 68476.675302246469 27047211.906326514 50000000 491201.41558231437 128155520.64426063 12960.240040299479
60717.513459481299 68563.277842624913 27048552.309748638 50000000 492541.8220445473 128156320.47006591 12960.244376197039
60767.513459481299 68649.880383003358 27047015.796690702 50000000 491005.23393308197 128156728.74108419 12960.150901772387
60817.513459481299 68736.482923381802 27044810.311742872 50000000 488798.82922856795 128155253.94547784 12959.01366702321
60867.513459481299 68823.085463760246 27050511.502621304 50000000 494361.16113472381 128155446.47926734 12779.188824574021
60917.513459481299 68909.68800413869 27042749.365633003 50000000 486514.86919923383 128165680.84388272 12673.101158356176
60967.513459481299 68996.290544517135 27046694.326571845 50000000 490479.18400091445 128163323.61718088 12697.449027435099
61017.513459481299 69082.893084895579 27044417.947854895 50000000 488197.84607029561 128164650.49549004 12691.206846819832
61067.513459481299 69169.495625274023 27040596.076293953 50000000 484376.96344464394 128165408.79953381 12692.451976575494
61117.513459481299 69256.098165652467 27050264.399928268 50000000 494045.65788787737 128165833.97525938 12692.917580723191
61167.513459481299 69342.700706030912 27039613.28773737 50000000 483393.59640822868 128166729.97852123 12691.724403231954
61217.513459481299 69429.303246409356 27049828.114053551 50000000 493609.34333852003 128166566.03368841 12692.881636473105
61267.513459481299 69515.9057867878 27045102.877252188 50000000 488883.5938134946 128167017.52355389 12692.23710850303
61317.513459481299 69602.508327166244 27042920.616371032 50000000 486701.49971142079 128167101.03465725 12692.44676255245
61367.513459481299 69689.110867544689 27052357.210959535 50000000 496137.94303930004 128166845.89876014 12692.256603724554
61417.513459481299 69775.713407923133 27040433.650096014 50000000 484214.60972942173 128167081.7303059 12692.542710386646
61467.513459481299 69862.315948301577 27047532.739457089 50000000 491314.05213934241 128166306.7884538 12692.986331777442
61517.513459481299 69948.918488680021 27049621.211918019 50000000 493406.24098423094 128166254.72826442 12697.66018593712
61567.513459481299 70035.521029058466 27037099.757564187 50000000 480882.662053284 128167165.09737551 12694.987985744307
61617.513459481299 70122.12356943691 27047085.181715529 50000000 490866.66610730684 128167301.00394282 12693.20233657471
61667.513459481299 70208.726109815354 27040967.367679115 50000000 484747.64545915078 128167102.14862223 12691.685543035303
61717.513459481299 70295.328650193798 27050957.586728152 50000000 494738.78365270136 128166636.98367125 12692.840964019919
61767.513459481299 70381.931190572242 27042118.152627729 50000000 485898.93446022482 128166948.25582597 12692.319155826601
61817.513459481299 70468.533730950672 27046703.238441709 50000000 490484.33927457902 128166861.98920105 12692.720172120818
61867.513459481299 70555.136271329116 27049128.133752473 50000000 492910.68692663754 128166236.0117075 12694.546089495288
61917.513459481299 70641.738811707561 27037278.832953852 50000000 481064.57334486354 128166232.00331368 12698.555196874442
61967.513459481299 70728.341352086005 27051176.830789592 50000000 494959.75493581645 128165044.23798274 12695.012606280372
62017.513459481299 70814.943892464449 27039446.258046549 50000000 483226.99875842064 128165668.57481021 12692.267424508387
62067.513459481299 70901.546432842893 27046082.152360544 50000000 489862.54171844973 128165715.71356162 12691.82581304726
62117.513459481299 70988.148973221338 27045066.810000539 50000000 488848.2423272212 128165461.56991874 12693.136889215462
62167.513459481299 71074.751513599782 27043708.66204134 50000000 487489.06698331871 128165561.34323305 12691.845386987779
62217.513459481299 71161.354053978226 27052275.379487764 50000000 496056.50291084923 128165213.62184662 12692.748564630443
62267.513459481299 71247.95659435667 27039365.889637683 50000000 483146.55177614593 128165472.50961657 12692.168693598576
62317.513459481299 71334.559134735115 27050541.720708616 50000000 494322.77986653091 128165151.08189251 12692.667778678277
62367.513459481299 71421.161675113559 27044776.087345 50000000 488556.87105597981 128165262.66095994 12692.321518582045
62417.513459481299 71507.764215492003 27042824.97003559 50000000 486605.74214580632 128165214.36248218 12692.306936308658
62467.513459481299 71594.366755870447 27048105.966186434 50000000 491886.79142361932 128165157.91159131 12692.373720203728
62517.513459481299 71680.969296248892 27039531.980677318 50000000 483313.11605522624 128165198.17667353 12692.763593634112
62567.513459481299 71767.571836627336 27048595.074735377 50000000 492375.4651182316 128165075.58416876 12691.827086993946
62617.513459481299 71854.17437700578 27041849.074114211 50000000 485630.31047557259 128165170.36763521 12692.890540603747
62667.513459481299 71940.776917384224 27047468.746399373 50000000 491249.42666657746 128165077.95908098 12692.19148302374
62717.513459481299 72027.379457762669 27049760.034711253 50000000 493540.94571183337 128164940.75218529 12692.48153124342
62767.513459481299 72113.981998141113 27040360.370282087 50000000 484141.22008257196 128165108.43567747 12692.404597995088
62817.513459481299 72200.584538519557 27049630.972968224 50000000 493411.71107886726 128165000.48676775 12692.264195933061
62867.513459481299 72287.187078898001 27039706.049779058 50000000 483487.22241833888 128165056.3936258 12692.810435563266
62917.513459481299 72373.789619276446 27046798.64695425 50000000 490579.13630381873 128165003.78394565 12691.951491395588
62967.513459481299 72460.39215965489 27044357.765528113 50000000 488138.79004980274 128165050.5268541 12692.624236633801
63017.513459481299 72546.994700033334 27043198.928308088 50000000 486979.85647865979 128165004.64360115 12692.503115567573
63067.513459481299 72633.597240411778 27051523.749089155 50000000 495304.44710657146 128164998.07643749 12692.213797143135
63117.513459481299 72720.199780790223 27039086.26445397 50000000 482867.11849883787 128165306.49618253 12692.409933110806
63167.513459481299 72806.802321168667 27051594.724196747 50000000 495375.72880871489 128165262.4339793 12692.599210018345
63217.513459481299 72893.404861547111 27045241.492022716 50000000 489022.1919196127 128165720.72918767 12692.216155999802
63267.513459481299 72980.007401925555 27043716.19072596 50000000 487497.29785425379 128166116.33162363 12692.728089459677
63317.513459481299 73066.609942304 27046511.198673911 50000000 490291.61716798443 128166816.15269771 12691.862388874737
63367.513459481299 73153.212482682444 27042518.967586942 50000000 486300.87356527185 128167520.81981957 12693.732452975728
63417.513459481299 73239.815023060888 27044224.098094113 50000000 488005.22799228382 128168965.0962929 12692.756494191637
63467.513459481299 73326.417563439318 27047509.874677151 50000000 491295.09644737205 128168540.02627894 12697.902626017258
63517.513459481299 73413.020103817762 27041167.873934247 50000000 484955.21517907112 128168738.34487861 12700.569939347419
63567.513459481299 73499.622644196206 27042430.042736854 50000000 486220.48174950562 128166274.95723791 12704.470300610768
63617.513459481299 73586.22518457465 27038637.966858812 50000000 482429.71467891545 128165961.63624488 12706.118855189352
63667.513459481299 73672.827724953095 27034150.160386022 50000000 477946.48524097516 128164826.01158114 12711.887078299473
63717.513459481299 73759.430265331539 27042494.85976645 50000000 486284.63052315573 128163766.12841533 12703.627630639387
63767.513459481299 73846.032805709983 27049893.703746017 50000000 493676.15440508584 128163226.58819507 12694.416663909282
63817.513459481299 73932.635346088427 27043618.273879606 50000000 487398.23802076367 128165063.34019342 12691.291401806397
63867.513459481299 74019.237886466872 27040685.697009463 50000000 484467.23812827043 128165035.89946638 12693.273626995859
63917.513459481299 74105.840426845316 27050371.21722658 50000000 494151.58498904516 128164864.70626415 12691.798658415346
63967.513459481299 74192.44296722376 27039255.683230162 50000000 483036.82646492223 128164884.76526158 12692.773467448578
64017.513459481299 74279.045507602204 27052141.377575558 50000000 495921.99468519824 128164752.17936757 12692.112090379829
64067.513459481299 74365.648047980649 27044293.304862581 50000000 488074.46979860478 128164731.79940854 12692.800752226249
64117.513459481299 74452.250588359093 27043647.310796551 50000000 487427.95874021488 128164885.87206964 12692.150850233382
64167.513459481299 74538.853128737537 27050511.555832103 50000000 494292.52350689989 128164593.45460558 12692.552775137781
64217.513459481299 74625.455669115981 27039914.091928646 50000000 483694.71762539446 128164938.70126107 12692.122884618615
64267.513459481299 74712.058209494426 27049508.890227742 50000000 493290.21021117351 128164772.01950237 12692.995662310557
64317.513459481299 74798.66074987287 27041728.726592127 50000000 485508.9435349062 128165015.58431615 12691.609068765129
64367.513459481299 74885.263290251314 27042975.771580607 50000000 486757.15198593657 128164900.57393089 12693.071620395376
64417.513459481299 74971.865830629758 27048279.485035818 50000000 492060.04453542148 128165040.41177876 12692.039671009417
64467.513459481299 75058.468371008203 27040925.401636567 50000000 484706.44471170835 128165039.55987437 12692.647560057325
64517.513459481299 75145.070911386647 27052710.073995441 50000000 496490.79593148606 128164937.60369618 12692.243863655478
64567.513459481299 75231.673451765091 27041248.161607906 50000000 485029.06333375926 128165189.58728659 12692.469872132739
64617.513459481299 75318.275992143535 27047907.338468671 50000000 491688.29988579976 128165013.01889975 12692.544908965048
64667.513459481299 75404.87853252198 27043405.592930242 50000000 487186.30233183812 128165125.2741289 12692.228107959472
64717.513459481299 75491.481072900424 27041335.818140414 50000000 485116.60336901085 128165222.44977537 12692.323426196866
64767.513459481299 75578.083613278854 27049850.329427741 50000000 493631.48449893529 128165034.59014931 12692.788351099354
64817.513459481299 75664.686153657298 27039700.12767294 50000000 483480.63387359434 128165227.97344311 12691.972673457198
64867.513459481299 75751.288694035742 27050431.277078763 50000000 494212.30976971722 128165011.01405378 12692.634506437287
64917.513459481299 75837.891234414186 27043958.303788763 50000000 487739.17298410984 128165201.92857908 12692.428979066119
64967.513459481299 75924.493774792631 27043939.155465435 50000000 487720.01202161377 128165191.46632671 12692.413090437169
65017.513459481299 76011.096315171075 27052214.396362092 50000000 495995.36734021053 128165002.67032978 12692.556927745502
65067.513459481299 76097.698855549519 27039449.181723073 50000000 483229.72990234965 128165258.34415261 12692.025441766411
65117.513459481299 76184.301395927963 27050201.754138887 50000000 493983.02035794075 128165015.7338137 12692.928076021384
65167.513459481299 76270.903936306408 27040845.56623923 50000000 484626.1146970113 128165240.73929885 12692.025792391492
65217.513459481299 76357.506476684852 27044015.492485169 50000000 487796.40219965309 128165104.42156686 12692.479914186706
65267.513459481299 76444.109017063296 27047277.977615263 50000000 491058.89554352354 128165039.03744452 12692.490240360199
65317.513459481299 76530.71155744174 27041787.409001473 50000000 485568.29578784958 128165170.63972689 12692.451091932227
65367.513459481299 76617.314097820185 27052636.090920523 50000000 496416.77025664272 128164947.56455649 12692.190313093768
65417.513459481299 76703.916638198629 27040628.179457963 50000000 484409.27553528833 128165065.80296972 12692.714189284001
65467.513459481299 76790.519178577073 27048195.44248103 50000000 491976.04973914317 128165066.64952728 12692.099705621398
65517.513459481299 76877.121718955517 27047319.36194329 50000000 491100.66060500627 128164841.20256959 12692.968858489799
65567.513459481299 76963.724259333962 27041007.560953867 50000000 484787.78664905077 128165101.66947509 12691.620070199253
65617.513459481299 77050.326799712406 27049416.286072351 50000000 493197.71000365366 128164835.94761166 12693.126338247715
65667.513459481299 77136.92934009085 27039810.968436018 50000000 483591.46603375807 128165069.34696062 12691.961857860026
65717.513459481299 77223.531880469294 27046801.955838606 50000000 490582.98087659624 128164891.71798983 12692.624885672129
65767.513459481299 77310.134420847739 27044082.605636526 50000000 487863.27287864184 128165111.24592218 12692.175108806272
65817.513459481299 77396.736961226183 27044682.234156832 50000000 488463.38570545864 128165064.53523804 12692.783924715777
65867.513459481299 77483.339501604627 27052012.163920328 50000000 495792.77025537577 128165177.91173221 12692.098539033312
65917.513459481299 77569.942041983071 27038742.463752352 50000000 482523.51815995795 128165358.69667259 12692.661831754438
65967.513459481299 77656.544582361515 27052168.340105217 50000000 495948.9835896701 128164946.93844606 12692.14514868368
66017.513459481299 77743.14712273996 27040164.087400265 50000000 483948.69048152835 128163992.20034714 12697.123896652838
66067.513459481299 77829.749663118404 27040930.642251924 50000000 484720.66027295304 128163699.61687696 12703.939928341139
66117.513459481299 77916.352203496848 27042250.662440404 50000000 486041.95985661197 128164745.86409669 12705.551406660232
66167.513459481299 78002.954743875292 27043500.220521219 50000000 487286.94293108606 128167513.42581271 12699.790929272742
66217.513459481299 78089.557284253737 27038900.733029816 50000000 482686.15111706546 128168310.94751082 12698.149744266533
66267.513459481299 78176.159824632166 27044190.695410814 50000000 487972.39999325218 128167737.2904433 12693.479022652155
66317.513459481299 78262.762365010611 27049340.484683547 50000000 493122.49652382673 128167104.3900878 12693.865559793379
66367.513459481299 78349.364905389055 27048098.461536713 50000000 491879.03393357969 128166591.11781433 12692.055847937894
66417.513459481299 78435.967445767499 27041357.727460135 50000000 485138.68883515825 128166056.99395339 12692.544865188487
66467.513459481299 78522.569986145943 27048928.310261335 50000000 492708.85846440785 128165669.22741005 12692.025468733242
66517.513459481299 78609.172526524388 27039532.643732741 50000000 483314.00421692693 128165455.18083735 12693.046578869356
66567.513459481299 78695.775066902832 27047781.732041061 50000000 491562.07503045612 128165260.22927919 12691.767510530424
66617.513459481299 78782.377607281276 27043277.253852438 50000000 487058.44656329282 128165204.19437769 12692.835666849989
66667.513459481299 78868.98014765972 27044281.63801318 50000000 488062.33912403492 128165130.77248439 12692.217684642199
66717.513459481299 78955.582688038165 27050898.763701122 50000000 494679.75419361528 128164904.24835296 12692.581459176072
66767.513459481299 79042.185228416609 27039311.315235063 50000000 483092.12152294361 128165204.45601861 12692.349899706993
66817.513459481299 79128.787768795053 27051659.514779873 50000000 495440.23558332224 128164951.16414869 12692.242440005139
66867.513459481299 79215.390309173497 27042625.313604046 50000000 486406.37103425432 128165014.25311716 12692.665606512977
66917.513459481299 79301.992849551942 27045070.454938062 50000000 488851.23809617839 128165099.21104109 12692.320824099146
66967.513459481299 79388.595389930386 27046169.244039927 50000000 489949.93410970538 128165015.78073576 12692.20380601314
67017.513459481299 79475.19793030883 27039834.31567939 50000000 483615.43027621304 128165138.4811742 12692.737470507373
67067.513459481299 79561.800470687274 27050016.675565947 50000000 493797.38190877129 128165039.25971328 12692.224262112892
67117.513459481299 79648.403011065719 27039847.805679422 50000000 483628.62966216949 128165172.12171468 12692.372143239927
67167.513459481299 79735.005551444163 27050572.856719922 50000000 494353.82378665626 128164950.27154183 12692.552011194366
67217.513459481299 79821.608091822607 27046710.325490404 50000000 490491.04485911364 128165106.19646011 12692.240635772627
67267.513459481299 79908.210632201051 27041687.344048195 50000000 485468.53551695176 128165143.15284538 12692.834105374088
67317.513459481299 79994.813172579496 27051291.608702112 50000000 495071.95652796188 128164991.54783459 12691.773591089381
67367.513459481299 80081.41571295794 27040608.613971107 50000000 484389.90485261352 128165172.70212193 12692.959078824699
67417.513459481299 80168.018253336384 27048061.15504121 50000000 491841.80601026805 128165113.45067134 12692.154653560321
67467.513459481299 80254.620793714828 27043349.311254501 50000000 487130.15410578781 128165105.19050135 12692.395862906355
67517.513459481299 80341.223334093273 27041363.836792991 50000000 485144.63476025191 128165260.01084529 12692.339439489613
67567.513459481299 80427.825874471717 27049792.987295691 50000000 493574.0430850822 128165009.46901216 12692.663544054316
67617.513459481299 80514.428414850161 27039801.47773378 50000000 483582.10396807996 128165352.95206203 12692.123559813881
67667.513459481299 80601.030955228605 27052261.543511104 50000000 496042.65170158673 128165057.43904367 12692.729418538738
67717.513459481299 80687.63349560705 27043577.368039358 50000000 487357.82584707014 128165402.5098355 12691.911829500026
67767.513459481299 80774.236035985494 27043905.467171796 50000000 487687.13715990121 128165237.6674372 12693.43569817037
67817.513459481299 80860.838576363938 27052241.208944838 50000000 496022.23408574035 128165099.19514313 12692.625004382247
67867.513459481299 80947.441116742382 27043466.506127305 50000000 487248.88872430532 128165446.78620921 12694.331661613722
67917.513459481299 81034.043657120827 27049668.535746332 50000000 493449.07491751801 128165872.88926606 12692.014081835234
67967.513459481299 81120.646197499271 27040025.808844872 50000000 483806.93871910847 128166130.31178047 12692.756692365916
68017.513459481299 81207.2487378777 27048541.053406499 50000000 492321.43620743765 128166480.1485507 12691.817514919967
68067.513459481299 81293.851278256145 27049884.999995586 50000000 493667.10082327988 128166580.09781051 12693.977425593383
68117.513459481299 81380.453818634589 27045782.160046466 50000000 489564.59577665897 128166664.47990571 12694.398411691302
68167.513459481299 81467.056359013033 27050810.027464747 50000000 494595.77282301412 128166391.96734022 12698.561498596646
68217.513459481299 81553.658899391477 27032820.394878544 50000000 476608.13641963847 128165282.08309992 12701.073796696697
68267.513459481299 81640.261439769922 27051860.606403634 50000000 495644.55556146457 128163725.24562958 12696.301510713382
68317.513459481299 81726.863980148366 27041637.98212558 50000000 485417.76322620636 128165318.22608288 12691.061094595245
68367.513459481299 81813.46652052681 27042377.580372609 50000000 486158.97111009486 128165307.189734 12693.084638334227
68417.513459481299 81900.069060905254 27049077.524349369 50000000 492858.10997495719 128165322.53100447 12692.072503937112
68467.513459481299 81986.671601283699 27040021.317291409 50000000 483802.43703853013 128165253.83524509 12692.743946661667
68517.513459481299 82073.274141662143 27050929.527107872 50000000 494710.18137032207 128165083.76914142 12692.158793396055
68567.513459481299 82159.876682040587 27042730.420629732 50000000 486511.33162133076 128165184.51194102 12692.481519792509
68617.513459481299 82246.479222419031 27045700.88741814 50000000 489481.72774197132 128165149.76099649 12692.392685300723
68667.513459481299 82333.081762797476 27049411.036206625 50000000 493192.04726519668 128164991.05680111 12692.607312288377
68717.513459481299 82419.68430317592 27039705.999711532 50000000 483486.45181134396 128165318.96180281 12691.904666368235
68767.513459481299 82506.286843554364 27050311.778586328 50000000 494093.09124279529 128165066.8517548 12692.986453297257
68817.513459481299 82592.889383932808 27040257.759397849 50000000 484038.30291820748 128165306.09983471 12692.019584712412
68867.513459481299 82679.491924311253 27045008.381530069 50000000 488789.37188514823 128165205.61214152 12692.581287068992
68917.513459481299 82766.094464689697 27046156.386005837 50000000 489937.18299822457 128165247.96985769 12692.338213087944
68967.513459481299 82852.697005068141 27042746.64952084 50000000 486527.50498909882 128165329.48426142 12692.411734026546
69017.513459481299 82939.299545446585 27052505.103070833 50000000 496286.13375115412 128165139.04586126 12692.631961268124
69067.513459481299 83025.90208582503 27039852.289955545 50000000 483632.82869666448 128165374.53307649 12692.013732916381
69117.513459481299 83112.504626203474 27049578.401224252 50000000 493359.48351540661 128165216.4711446 12692.696615183368
69167.513459481299 83199.107166581918 27045914.953420598 50000000 489695.82982991502 128165269.99447317 12692.440198119819
69217.513459481299 83285.709706960362 27041952.723781217 50000000 485733.36895498668 128165388.48263212 12692.143966605559
69267.513459481299 83372.312247338807 27048786.172383975 50000000 492567.14293965517 128165241.78707881 12692.586376280618
69317.513459481299 83458.914787717251 27039570.050807491 50000000 483350.97421185544 128165501.79071367 12692.449783389746
69367.513459481299 83545.517328095681 27047845.252498861 50000000 491625.64444468182 128165328.4748698 12692.247906163146
69417.513459481299 83632.119868474139 27042791.898231551 50000000 486573.44752907602 128165359.31058162 12692.624803052273
69467.513459481299 83718.722408852569 27046150.349900458 50000000 489926.2794064632 128165461.92099905 12692.033140705837
69517.513459481299 83805.324949231028 27050875.780495856 50000000 494664.45784861792 128165220.91090633 12693.068592265548
69567.513459481299 83891.927489609458 27039788.840754632 50000000 483504.15141329827 128165533.28400323 12691.671128781074
69617.513459481299 83978.530029987902 27049974.610070042 50000000 493858.18032103148 128165295.33636339 12692.899006430593
69667.513459481299 84065.132570366346 27041297.557286635 50000000 483726.28334193805 128165527.51500548 12692.199073305073
69717.513459481299 84151.73511074479 27068235.458073717 50000000 489688.46225348645 128165395.04765233 12692.527391130925
69767.513459481299 84238.337651123235 27105625.025469776 50000000 489187.63826920628 128165593.53088626 12692.147350620788
69817.513459481299 84324.940191501679 27159418.391525678 50000000 486167.6108442485 128165592.93590444 12692.819850622571
69867.513459481299 84411.542731880123 27251118.09516846 50000000 495544.29414822906 128165673.8800195 12692.123787717972
69917.513459481299 84498.145272258567 27159809.103926294 50000000 483068.23944940319 128165957.26712267 12692.808064034991
69967.513459481299 84584.747812637012 27115814.038105953 50000000 494610.26251909405 128165964.850107 12691.758317906699
70017.513459481299 84671.350353015456 27071850.784525674 50000000 490150.12946789141 128166233.12066008 12693.208793843913
70067.513459481299 84757.9528933939 27050124.909424447 50000000 486438.27043032314 128166659.81186447 12691.639235205957
70117.513459481299 84844.555433772344 27047272.066177964 50000000 491729.09605463548 128166674.41798036 12692.901481316776
70167.513459481299 84931.157974150789 27043030.641301531 50000000 483458.96913423081 128167377.45422089 12692.10304115311
70217.513459481299 85017.760514529233 27055393.080599591 50000000 492270.4429490965 128167405.44666608 12692.790031154515
70267.513459481299 85104.363054907677 27042370.165285423 50000000 486094.85118384269 128167960.82482789 12692.056856150984
70317.513459481299 85190.965595286121 27048404.296409495 50000000 489275.29986765271 128168076.06477776 12692.681821815775
70367.513459481299 85277.568135664565 27052830.43697802 50000000 493685.43046275724 128168555.12398876 12692.174428777847
70417.513459481299 85364.17067604301 27044222.748413362 50000000 483588.61527657905 128169007.7383617 12692.819113294576
70467.513459481299 85450.773216421454 27054293.051084019 50000000 495520.95189782232 128169278.03054136 12691.686702865243
70517.513459481299 85537.375756799898 27046826.431368258 50000000 485552.14441612718 128169768.24464799 12693.167861781292
70567.513459481299 85623.978297178342 27051771.918445155 50000000 490034.99718888121 128170325.16159484 12691.867892906443
70617.513459481299 85710.580837556787 27044092.110629342 50000000 488935.77208954713 128170716.36476518 12692.722246516261
70667.513459481299 85797.183377935216 27046321.709648658 50000000 483957.56016340927 128171492.31390211 12692.194809443892
70717.513459481299 85883.785918313675 27054999.561395746 50000000 494133.35575735493 128171567.45562454 12692.621364451114
70767.513459481299 85970.388458692105 27041467.471951351 50000000 483165.75971536263 128172594.33548294 12692.413104765292
70817.513459481299 86056.990999070564 27053698.624870244 50000000 495344.68195522414 128172766.34140581 12692.247276671749
70867.513459481299 86143.593539448993 27049573.314128216 50000000 489147.01434002316 128173507.80312954 12692.410940127655
70917.513459481299 86230.196079827438 27046054.282322049 50000000 486422.95792294957 128174382.76914187 12692.733413454211
70967.513459481299 86316.798620205882 27056092.007344011 50000000 494766.26281818963 128174731.54659307 12691.869802996382
71017.513459481299 86403.401160584326 27043908.874146067 50000000 483873.61777078995 128175843.96505846 12692.836054155145
71067.513459481299 86490.00370096277 27054922.866024602 50000000 493022.5020029443 128176538.89425151 12692.238721084292
71117.513459481299 86576.606241341215 27041337.303770546 50000000 484961.58617413614 128177552.21400727 12692.450632647113
71167.513459481299 86663.208781719659 27047340.524542779 50000000 490820.75769230106 128178100.04466423 12692.446286302869
71217.513459481299 86749.811322098103 27029004.725610495 50000000 492262.14754491072 128179279.88276479 12692.205548659982
71267.513459481299 86836.413862476547 26984277.405469295 50000000 484276.85245454649 128180261.47426228 12692.860015806235
71317.513459481299 86923.016402854992 26935137.839195803 50000000 496371.44278213952 128180539.46909405 12691.908786676448
71367.513459481299 87009.618943233436 26849468.669439532 50000000 485762.42703122541 128181750.63686329 12692.653980320034
71417.513459481299 87096.22148361188 26928039.093139432 50000000 490819.75629085797 128181911.48336239 12692.460871674508
71467.513459481299 87182.824023990324 26982313.023682345 50000000 487984.07768531988 128182550.65810244 12692.278017351313
71517.513459481299 87269.426564368769 27020159.148070555 50000000 484504.82802294113 128183143.18265121 12692.356628911602
71567.513459481299 87356.029104747213 27048226.997218877 50000000 493989.04151915433 128182563.93839763 12692.64305811878
71617.513459481299 87442.631645125657 27039759.777119886 50000000 483387.64087800891 128183330.80932264 12692.190987837137
71667.513459481299 87529.234185504101 27049829.190307081 50000000 493708.79752775189 128182460.01554555 12692.764840768183
71717.513459481299 87615.836725882546 27044954.689448971 50000000 488724.07439423195 128183005.60530086 12691.806784957675
71767.513459481299 87702.43926626099 27043014.157340709 50000000 486802.72311585455 128182703.77591836 12693.164395242995
71817.513459481299 87789.041806639434 27052486.165910669 50000000 496265.71887486463 128182607.845972 12691.765049924788
71867.513459481299 87875.644347017878 27039773.950539999 50000000 483555.57231969928 128182825.27225721 12692.728925132436
71917.513459481299 87962.246887396323 27049755.183360953 50000000 493535.81664292305 128182705.49678932 12692.203253582025
71967.513459481299 88048.849427774767 27041409.313183159 50000000 485190.45237684145 128182761.94822702 12692.722261662826
72017.513459481299 88135.451968153211 27043310.984730452 50000000 487091.54921821284 128182945.5880253 12692.051056796276
72067.513459481299 88222.054508531655 27048003.448035099 50000000 491784.58985001984 128182669.23492131 12692.768378216797
72117.513459481299 88308.6570489101 27041213.484314796 50000000 484994.06398073793 128183304.84492062 12692.065383455334
72167.513459481299 88395.259589288544 27052523.392657802 50000000 496304.69639207947 128182638.61612424 12692.975010466276
72217.513459481299 88481.862129666988 27041437.976116419 50000000 485218.17820419179 128183353.85286738 12691.59037182562
72267.513459481299 88568.464670045432 27047221.380382601 50000000 491002.80477545346 128183224.53328884 12693.127089904019
72317.513459481299 88655.067210423877 27047280.375612557 50000000 491061.6261717676 128180156.50601271 12692.907740629682
72367.513459481299 88741.669750802306 27037236.996036023 50000000 481025.32346939325 128180176.38383916 12701.810895304301
72417.513459481299 88828.272291180765 27043110.951801222 50000000 486899.40445603238 128184635.75985035 12701.969129608618
72467.513459481299 88914.874831559195 27047329.407657962 50000000 491113.92392243643 128187266.01790738 12697.015005709
72517.513459481299 89001.477371937654 27038118.004541714 50000000 481900.69497451093 128188362.14959107 12694.718801941544
72567.513459481299 89088.079912316083 27046005.152328487 50000000 489785.84979748953 128187268.49211979 12692.213050558266
72617.513459481299 89174.682452694527 27043637.37570418 50000000 487418.11199231312 128185923.50195134 12692.261919774977
72667.513459481299 89261.284993072972 27052058.808174647 50000000 495840.05922008498 128184437.25412294 12692.908999690715
72717.513459481299 89347.887533451416 27040150.685104027 50000000 483931.10360756813 128184446.10094018 12691.862426977148
72767.513459481299 89434.49007382986 27049122.46849915 50000000 492904.04284935741 128183362.4630318 12693.315450555729
72817.513459481299 89521.092614208304 27044764.047227282 50000000 488544.75392464479 128183622.30686595 12692.22470256079
72867.513459481299 89607.695154586749 27043052.973606862 50000000 486833.97753641405 128183318.97810644 12692.598351879527
72917.513459481299 89694.297694965193 27047584.275514133 50000000 491365.00816835265 128183126.606979 12692.257336950266
72967.513459481299 89780.900235343637 27041007.503574945 50000000 484788.3610242483 128183227.47336242 12692.41421313605
73017.513459481299 89867.502775722081 27051511.530554395 50000000 495292.53697743302 128182588.20570132 12692.601485476296
73067.513459481299 89954.105316100526 27040905.434721287 50000000 484686.11525200115 128183135.83626074 12692.191815404309
73117.513459481299 90040.70785647897 27047934.407515146 50000000 491715.2176750814 128182880.7538356 12692.354766773813
73167.513459481299 90127.310396857414 27049474.712944113 50000000 493255.83461499593 128182746.0673469 12692.74636354943
73217.513459481299 90213.912937235858 27040507.864935987 50000000 484288.42813048343 128183205.10128047 12692.044317275273
73267.513459481299 90300.515477614303 27049533.048980895 50000000 493314.03084867966 128182669.36702801 12692.570616966905
73317.513459481299 90387.118017992747 27039671.748387821 50000000 483452.62539168855 128183285.6844046 12692.438794744763
73367.513459481299 90473.720558371191 27046951.87265227 50000000 490732.66893556487 128182954.54642338 12692.33732275466
73417.513459481299 90560.323098749635 27044208.437669285 50000000 487989.45936775388 128183005.45989598 12692.62068759047
73467.513459481299 90646.92563912808 27043326.742711436 50000000 487107.24216970953 128183155.3331288 12691.964197310166
73517.513459481299 90733.528179506524 27051449.61127571 50000000 495230.91185272794 128182513.10299788 12692.971267849885
73567.513459481299 90820.130719884968 27039154.761402126 50000000 482935.28930462181 128183285.68462653 12691.999953477645
73617.513459481299 90906.733260263412 27051392.977435112 50000000 495173.90736350283 128182507.44885966 12692.505324735224
73667.513459481299 90993.335800641842 27043444.46203446 50000000 487225.32425404072 128182891.6475431 12692.420209834212
73717.513459481299 91079.938341020301 27044102.1076671 50000000 487883.04896884057 128182907.33869249 12692.519622021737
73767.513459481299 91166.540881398731 27047076.102918141 50000000 490856.74804621155 128182970.03059237 12692.147311455126
73817.513459481299 91253.143421777189 27039616.80292847 50000000 483397.90557899186 128182960.24263424 12692.722452280745
73867.513459481299 91339.745962155619 27049510.535863649 50000000 493291.12639158085 128182867.50445627 12692.078674790811
73917.513459481299 91426.348502534063 27040503.128825888 50000000 484284.4481140229 128183054.88703914 12692.994788237595
73967.513459481299 91512.951042912508 27049430.850243386 50000000 493211.06856897398 128182795.55943163 12691.610805808858
74017.513459481299 91599.553583290952 27047997.067650668 50000000 491778.52440069214 128182961.54254058 12693.167596046376
74067.513459481299 91686.156123669396 27040743.346587747 50000000 484523.81239698071 128183719.07974833 12691.921898091858
74117.513459481299 91772.75866404784 27052220.81977313 50000000 496001.87137004622 128183094.73377083 12692.658272901615
74167.513459481299 91859.361204426285 27041395.47138894 50000000 485176.12992356956 128184570.29636088 12692.164162111138
74217.513459481299 91945.963744804729 27047264.924180616 50000000 491046.04720732314 128185025.63112652 12692.748073495728
74267.513459481299 92032.566285183173 27043663.819060761 50000000 487444.57447060046 128186559.7651763 12692.285923623593
74317.513459481299 92119.168825561617 27043166.68651646 50000000 486948.13360427559 128187817.1375611 12693.155515339669
74367.513459481299 92205.771365940062 27045389.011533994 50000000 489171.09983330016 128189633.61392482 12693.961481443597
74417.513459481299 92292.373906318506 27046087.75565438 50000000 489873.73250978079 128187886.76199581 12698.852724194909
74467.513459481299 92378.97644669695 27045077.999011382 50000000 488865.76834228792 128184501.13116422 12701.108920794415
74517.513459481299 92465.578987075394 27037058.435137294 50000000 480849.81063957239 128179587.25157738 12705.64922571575
74567.513459481299 92552.181527453838 27046882.79397919 50000000 490667.25667991262 128179640.13777228 12696.947188112759
74617.513459481299 92638.784067832283 27045721.542428218 50000000 489502.78338556219 128182229.64958774 12692.896345446214
74667.513459481299 92725.386608210727 27040016.565472968 50000000 483797.18082398042 128183685.96125241 12692.109871538842
74717.513459481299 92811.989148589171 27049901.371421177 50000000 493682.41079541598 128182785.43967222 12692.642910349346
74767.513459481299 92898.591688967615 27040310.781449363 50000000 484091.58515018248 128183218.55590892 12692.346646622404
74817.513459481299 92985.19422934606 27048336.910554446 50000000 492117.79785328149 128182454.67443003 12692.451736479519
74867.513459481299 93071.796769724504 27047132.894323532 50000000 490913.47671695205 128182417.67322911 12692.068450416215
74917.513459481299 93158.399310102948 27041302.262683608 50000000 485083.5857356122 128182626.46448967 12692.999521192474
74967.513459481299 93245.001850481392 27052630.848457277 50000000 496411.23020892561 128182208.9881617 12691.816236243592
75017.513459481299 93331.604390859837 27041160.576993864 50000000 484941.72247771354 128182546.52314951 12692.776297383227
75067.513459481299 93418.206931238281 27048036.730286215 50000000 491817.46299186209 128182512.61932702 12692.257401508612
75117.513459481299 93504.809471616725 27043274.895309582 50000000 487055.85206965904 128182550.95942332 12692.539054537601
75167.513459481299 93591.412011995169 27041457.082778223 50000000 485237.93759037124 128182646.79603629 12692.410898068603
75217.513459481299 93678.014552373599 27049743.824247796 50000000 493524.49576919578 128182441.63660823 12692.18048957784
75267.513459481299 93764.617092752058 27039752.685733546 50000000 483533.78590517846 128182757.30872393 12692.719336957673
75317.513459481299 93851.219633130488 27050542.077999029 50000000 494322.84700600407 128182213.60571046 12692.303034812428
75367.513459481299 93937.822173508946 27043631.611928504 50000000 487412.31635020627 128182748.49358076 12692.221847493611
75417.513459481299 94024.424713887376 27044682.976704132 50000000 488464.05144489661 128182459.79531927 12692.687367437091
75467.513459481299 94111.02725426582 27050043.104409002 50000000 493823.85692801391 128182328.20850903 12692.282308247479
75517.513459481299 94197.629794644265 27039577.990200303 50000000 483358.77504503028 128182901.87181479 12692.322944119811
75567.513459481299 94284.232335022709 27050212.504071169 50000000 493993.49099782883 128182132.12038153 12692.576976977232
75617.513459481299 94370.834875401153 27040740.165335532 50000000 484520.84678936447 128182817.36661145 12692.192974087378
75667.513459481299 94457.437415779597 27044177.93014184 50000000 487959.16877186223 128182484.11307465 12692.893392458984
75717.513459481299 94544.039956158042 27047119.357894786 50000000 490899.6766450521 128182348.76502147 12691.737041746112
75767.513459481299 94630.642496536486 27041911.612270389 50000000 485692.93920665118 128182335.8604131 12693.004404518662
75817.513459481299 94717.24503691493 27052637.232938517 50000000 496417.85860071203 128182066.48492686 12692.122841241098
75867.513459481299 94803.847577293374 27040476.73084145 50000000 484257.60770707816 128182266.99692482 12692.438621068939
75917.513459481299 94890.450117671819 27048439.062761463 50000000 492219.82249927591 128182147.72894964 12692.291382583215
75967.513459481299 94977.052658050263 27047085.868005812 50000000 490866.96013358724 128181793.2262695 12692.709224526827
76017.513459481299 95063.655198428707 27041150.533068653 50000000 484931.14067773131 128182240.00491688 12692.100147354735
76067.513459481299 95150.257738807151 27049325.286975078 50000000 493106.43153602455 128181564.13679801 12692.775137464294
76117.513459481299 95236.860279185596 27039782.659443691 50000000 483563.12672037072 128182151.27643792 12691.923742021921
76167.513459481299 95323.46281956404 27046943.77434675 50000000 490725.24677004188 128181297.69238052 12693.187298645154
76217.513459481299 95410.065359942484 27043907.016072538 50000000 487687.15641790937 128181535.30797303 12691.512784900409
76267.513459481299 95496.667900320928 27044886.077736069 50000000 488667.45223964617 128181222.49795644 12693.064199931794
76317.513459481299 95583.270440699373 27051805.488569796 50000000 495586.03055630485 128180835.98378378 12692.017656225587
76367.513459481299 95669.872981077817 27039217.584464844 50000000 482998.67927434732 128181035.66310738 12692.712594721426
76417.513459481299 95756.475521456261 27050464.837681018 50000000 494245.42002372991 128180679.93429044 12692.068386452313
76467.513459481299 95843.078061834705 27040067.39882426 50000000 483848.54417807469 128180557.71261436 12692.776135119086
76517.513459481299 95929.68060221315 27045230.311628677 50000000 489010.98066155694 128180607.44429849 12692.177360270754
76567.513459481299 96016.283142591594 27046166.36534173 50000000 489947.42999881209 128180148.30891027 12692.674690367168
76617.513459481299 96102.885682970038 27041898.429459028 50000000 485678.85342298337 128180470.66549625 12691.869296741834
76667.513459481299 96189.488223348482 27051517.759322412 50000000 495299.2089078594 128179971.65258114 12693.158592578922
76717.513459481299 96276.090763726927 27040229.77406574 50000000 484010.04023787781 128180789.15143944 12691.670935541764
76767.513459481299 96362.693304105371 27048933.849507809 50000000 492715.10420753865 128180233.32844178 12692.913645880921
76817.513459481299 96449.295844483815 27049919.200627033 50000000 493699.92215711705 128178062.46441771 12692.243159603015
76867.513459481299 96535.898384862259 27033487.169762272 50000000 477274.40852765203 128174820.99082406 12700.439163653333
76917.513459481299 96622.500925240704 27041911.342631653 50000000 485708.72003716952 128178660.65312897 12713.213930063213
76967.513459481299 96709.103465619148 27032625.926129509 50000000 476421.8800317698 128181109.5560659 12711.420039522851
77017.513459481299 96795.706005997577 27042131.362689979 50000000 485922.79061755131 128183118.90740062 12705.715684846076
77067.513459481299 96882.308546376036 27044019.039366618 50000000 487808.86479293008 128185821.13237764 12703.697583657899
77117.513459481299 96968.911086754466 27040620.242380116 50000000 484406.72982841759 128190139.91243184 12699.495294325236
77167.513459481299 97055.51362713291 27042456.51409011 50000000 486240.83088193729 128189819.80227128 12696.764258868632
77217.513459481299 97142.116167511354 27042046.668551471 50000000 485828.49306296784 128186886.33560424 12693.629921962067
77267.513459481299 97228.718707889799 27052300.285434496 50000000 496081.70436805207 128184147.43827108 12693.12009266735
77317.513459481299 97315.321248268243 27042312.827420432 50000000 486093.53996173694 128182238.5643657 12692.232043401671
77367.513459481299 97401.923788646687 27045294.22208095 50000000 489075.07133855036 128180370.00225481 12692.403918574459
77417.513459481299 97488.526329025131 27046024.094922066 50000000 489805.17402710265 128178814.39051977 12692.692852749427
77467.513459481299 97575.128869403576 27039855.588946693 50000000 483636.07629040058 128178058.69286112 12691.948969984503
77517.513459481299 97661.73140978202 27050104.811073519 50000000 493885.92722489365 128176944.80233042 12692.739424534768
77567.513459481299 97748.333950160464 27039748.349335395 50000000 483529.19847972656 128176668.58310725 12692.403773108153
77617.513459481299 97834.936490538908 27050748.27671678 50000000 494528.95227079542 128175471.16686712 12692.185559476584
77667.513459481299 97921.539030917353 27046502.748947512 50000000 490283.69551789481 128175083.42812061 12692.52624528575
77717.513459481299 98008.141571295797 27041814.867983934 50000000 485595.79643151542 128174699.43648113 12692.503463864397
77767.513459481299 98094.744111674241 27051277.005046248 50000000 495057.72741285129 128173608.95439072 12692.244404617861
77817.513459481299 98181.346652052685 27040463.180787768 50000000 484244.22582881979 128173095.02338251 12692.650031380057
77867.513459481299 98267.94919243113 27048486.827684373 50000000 492267.35154308123 128172292.68549508 12691.9948686026
77917.513459481299 98354.551732809574 27042040.796784852 50000000 485822.19795372558 128171026.14793573 12693.097723067196
77967.513459481299 98441.154273188018 27045853.171257757 50000000 489633.4146715033 128169521.19178618 12691.642343250118
78017.513459481299 98527.756813566462 27049595.406774785 50000000 493376.66256897402 128167866.11818148 12692.914968970139
78067.513459481299 98614.359353944907 27039892.812340129 50000000 483673.49972138071 128166542.56421305 12692.200426255607
78117.513459481299 98700.961894323336 27052405.820433348 50000000 496186.80023873941 128163098.44098301 12692.568022053028
78167.513459481299 98787.564434701781 27042911.717046659 50000000 486692.34324993391 128160872.3112988 12692.123529540761
78217.513459481299 98874.166975080225 27046012.041113842 50000000 489793.20420456998 128156397.99741679 12692.798403148488
78267.513459481299 98960.769515458669 27045179.442543682 50000000 488960.06211259466 128150632.53433524 12692.115289938209
78317.513459481299 99047.372055837113 27040120.804154746 50000000 483901.97915253456 128143547.3367494 12692.812992301589
78367.513459481299 99133.974596215558 27050396.247877885 50000000 494176.56903519575 128133194.75459981 12691.741584049769
78417.513459481299 99220.577136594002 27039610.971379437 50000000 483392.46173059399 128119350.19980885 12693.204134240312
78467.513459481299 99307.179676972446 27049378.292269487 50000000 493158.52792966319 128100974.69713584 12691.653846755402
78517.513459481299 99393.78221735089 27046082.150745407 50000000 489863.43621403916 128077070.87300776 12692.872914250986
78567.513459481299 99480.384757729335 27041103.926284611 50000000 484884.36028942018 128043208.03714091 12692.179201913743
78617.513459481299 99566.987298107779 27057128.7353701 50000000 500910.52716280159 128019551.95795214 12692.487778796805
78667.513459481299 99653.589838486223 27013243.501979843 50000000 457021.04071914643 127929644.9121273 12692.406016817018
78717.513459481299 99740.192378864667 26975147.844363857 50000000 418899.1533916528 128018333.15112172 12638.882731720747
78767.513459481299 99826.794919243112 26995750.598845735 50000000 439200.64530165528 127375476.29253237 12348.809151376963
78817.513459481299 99913.397459621556 27010092.199152052 50000000 452703.10636601975 130528746.39375477 11112.499801003665
78867.513459481299 100000 27065829.496720187 50000000 501300.89905615262 126518614.29384311 6647.7667264488373
