path	classification	action	bytes	sha256	reason
benchmarks/reconstructed_fault/.gitignore	maintained benchmark	keep	77	035efc64fcda32c38b41dde8e509a277cbaf7401c677fb888f280a7e76ccf9d5	benchmark or regression build/run/check dependency
benchmarks/reconstructed_fault/CLEANUP.md	maintained benchmark	keep	16115	aa98067ba8578915a653207d9cf2050cdb7c641656e3d09068a4c6f53ca0663e	benchmark or regression build/run/check dependency
benchmarks/reconstructed_fault/bp3/BP3_PLUGIN_CLEANUP_INSTRUCTIONS.md	required dependency	keep	14183	5f0f295f385a0b4b7c5b375cec7c556a4cdb479fdf6840fa144c064024e0b4c5	current launcher/analysis or registered legacy/optional-target dependency; role documented in entry point
benchmarks/reconstructed_fault/bp3/CLEANUP.md	required dependency	keep	4477	2e65b939758161961b8eb9dc1609b38c972f2299b178aeeef14197133d040b51	current launcher/analysis or registered legacy/optional-target dependency; role documented in entry point
benchmarks/reconstructed_fault/bp3/CMakeLists.txt	maintained benchmark	keep	1631	36760fa43cc044b409c981be31791562081229802260de113bfbf4016cc17c9a	benchmark or regression build/run/check dependency
benchmarks/reconstructed_fault/bp3/COMMITTED_BASELINE.md	required dependency	keep	2266	6017b2fe92937ec961733fdb9b411b62dcf5e50aaad15528130ea70fbec282c2	current launcher/analysis or registered legacy/optional-target dependency; role documented in entry point
benchmarks/reconstructed_fault/bp3/LONG_RUN.md	required dependency	keep	15930	a72cf7e5af7b30eecf6607b4cc41c8186e6294b148143b03a9e1aa71e0fd4a45	current launcher/analysis or registered legacy/optional-target dependency; role documented in entry point
benchmarks/reconstructed_fault/bp3/README.md	required dependency	keep	27454	9cbae5c1b041bd6929331870a63d6b673ce167a59b03961971f14a9a845fd03a	incoming local/R7 content protected; current launcher/analysis or registered legacy/optional-target dependency; role documented in entry point
benchmarks/reconstructed_fault/bp3/README_150x50.md	required dependency	keep	2767	8cdeffd8531b0ac617ead48a0e73d781d3e583d9460e78151b7aacdc75026262	current launcher/analysis or registered legacy/optional-target dependency; role documented in entry point
benchmarks/reconstructed_fault/bp3/README_first_cycle.md	required dependency	keep	9016	306bef79c76d685bfb2539212d246161c77d67201cd3c211a368d7634887ab08	current launcher/analysis or registered legacy/optional-target dependency; role documented in entry point
benchmarks/reconstructed_fault/bp3/amg_gmg_server_comparison.md	required dependency	keep	7491	6c257b808cf03a8e5df95879503cb0c528818f5cc66d11bfafb5484f921445b9	current launcher/analysis or registered legacy/optional-target dependency; role documented in entry point
benchmarks/reconstructed_fault/bp3/analyze_bottom_completion.py	required dependency	keep	6421	6c7f7641a6e869ae98670c66aab187899d1628c21e9cdbc4602aa161014a407d	current launcher/analysis or registered legacy/optional-target dependency; role documented in entry point
benchmarks/reconstructed_fault/bp3/analyze_bottom_source.py	required dependency	keep	9041	4e1cae22f6be63a6803ecf918237a6d6c46107d4620a0ea8d8636c8f89749cbf	current launcher/analysis or registered legacy/optional-target dependency; role documented in entry point
benchmarks/reconstructed_fault/bp3/analyze_cache_audit.py	required dependency	keep	2434	fe64b569efe71b4757e6561505c91baa86e541e331dbc6a32f3fd26d4c054646	current launcher/analysis or registered legacy/optional-target dependency; role documented in entry point
benchmarks/reconstructed_fault/bp3/analyze_contact_subdivision.py	required dependency	keep	9185	ad554e91cf3c391fefac04bb022c4151c25b1e8f5ff1cb94fa1afc04b8f363cd	current launcher/analysis or registered legacy/optional-target dependency; role documented in entry point
benchmarks/reconstructed_fault/bp3/analyze_coupled_substeps.py	required dependency	keep	4922	fcc0720cfce78df714923a6358d56353e9df03880962edca788a065c93ce438d	current launcher/analysis or registered legacy/optional-target dependency; role documented in entry point
benchmarks/reconstructed_fault/bp3/analyze_deep_mesh_feature.py	required dependency	keep	14094	af53cdd52e634edcf09ab205b9f5f333c82ff63e1f8a1e8f47ed3b069588244d	current launcher/analysis or registered legacy/optional-target dependency; role documented in entry point
benchmarks/reconstructed_fault/bp3/analyze_disturbance.py	required dependency	keep	7572	05778af788a58c0920100f04a6335ae6f3a2e454828144f3df98d599054aa824	current launcher/analysis or registered legacy/optional-target dependency; role documented in entry point
benchmarks/reconstructed_fault/bp3/analyze_disturbance_transient.py	required dependency	keep	18082	269e8c62199feaae2783d378a078f765c34c2c76eb066ddf82abd34744bfe4e2	current launcher/analysis or registered legacy/optional-target dependency; role documented in entry point
benchmarks/reconstructed_fault/bp3/analyze_early_trace.py	required dependency	keep	12104	d0b1c3843b5085fba1a2c1f22af1f0e3f6be6f9ae25c9e5eb848a3146946e388	current launcher/analysis or registered legacy/optional-target dependency; role documented in entry point
benchmarks/reconstructed_fault/bp3/analyze_fault_grid.py	required dependency	keep	14950	e3e9ac596fa8f48a2cc2bdeb1e9b3cf25ee5a8c342529d26d2f66ad086181703	current launcher/analysis or registered legacy/optional-target dependency; role documented in entry point
benchmarks/reconstructed_fault/bp3/analyze_free_trace.py	required dependency	keep	11895	df41a03af4e214d9722193e935e872ed3eb75ec64ffc2a7cc2e2b5f4ac8d7049	current launcher/analysis or registered legacy/optional-target dependency; role documented in entry point
benchmarks/reconstructed_fault/bp3/analyze_frozen_bulk_refinement.py	required dependency	keep	8505	bdae7be46cadba7fb1fb3ccc8340634279ba4b95ec6bd47f6e8198973084bf51	current launcher/analysis or registered legacy/optional-target dependency; role documented in entry point
benchmarks/reconstructed_fault/bp3/analyze_frozen_cohesion.py	required dependency	keep	20750	f5a497e6db44411977b2e9714a679c373b5886db55f290e4ac979a832c76940a	current launcher/analysis or registered legacy/optional-target dependency; role documented in entry point
benchmarks/reconstructed_fault/bp3/analyze_fully_frictional.py	required dependency	keep	10703	b8e590dc5e39416d801887117a12b1ce1ea89a74986921ebba4d2feb1aa9966c	current launcher/analysis or registered legacy/optional-target dependency; role documented in entry point
benchmarks/reconstructed_fault/bp3/analyze_gradient_kink.py	required dependency	keep	5379	46cfb06ae883137dc52c84328060a5f0d54ba613a3d797bbad08783d8ca3a5de	current launcher/analysis or registered legacy/optional-target dependency; role documented in entry point
benchmarks/reconstructed_fault/bp3/analyze_history_load.py	required dependency	keep	7638	4977ad64ad3b47439776bb3b435eb3b469fba88a636402e5baf4a12f6b55faf3	current launcher/analysis or registered legacy/optional-target dependency; role documented in entry point
benchmarks/reconstructed_fault/bp3/analyze_history_mechanics.py	required dependency	keep	2984	f41e891ca2769082d6ed9d0213491b2f75ff9bcbab4eb0fc8b7635cf96808eac	current launcher/analysis or registered legacy/optional-target dependency; role documented in entry point
benchmarks/reconstructed_fault/bp3/analyze_initialization.py	required dependency	keep	5637	cd8ccb5ae4825ef858e13266267763f042e7cd233408837cfe484d8d3327be2c	current launcher/analysis or registered legacy/optional-target dependency; role documented in entry point
benchmarks/reconstructed_fault/bp3/analyze_length_coupled.py	required dependency	keep	11557	0786fd3e63a28264acd54f058551e0f82c6754d6084d10540646695946122b70	current launcher/analysis or registered legacy/optional-target dependency; role documented in entry point
benchmarks/reconstructed_fault/bp3/analyze_length_scale.py	required dependency	keep	10910	41fe30273465320f8051ee3693e2edbca9c803f28b263dc68a06a188a2c17683	current launcher/analysis or registered legacy/optional-target dependency; role documented in entry point
benchmarks/reconstructed_fault/bp3/analyze_long_run_fault.py	required dependency	keep	12579	9b9aab4da49838fbfc432c30653d7caf1b60b3e0d0ef6794f93b84a23d1867cc	current launcher/analysis or registered legacy/optional-target dependency; role documented in entry point
benchmarks/reconstructed_fault/bp3/analyze_matched_resolution.py	required dependency	keep	10453	0bfda84736cdbac6114a6ead59b050b39f2e5e8877cfc524ad1f4ab7578bf4cf	current launcher/analysis or registered legacy/optional-target dependency; role documented in entry point
benchmarks/reconstructed_fault/bp3/analyze_mature_fault.py	required dependency	keep	10447	2841fc26184851e8f36672bb0d9da29b69dc7a47077c041d09ad15f6fdcc565d	current launcher/analysis or registered legacy/optional-target dependency; role documented in entry point
benchmarks/reconstructed_fault/bp3/analyze_mechanical_modes.py	required dependency	keep	8236	f1c70e305af643e631165fc05623973e24c3f0b2834a218abb8741a17fb00ca7	current launcher/analysis or registered legacy/optional-target dependency; role documented in entry point
benchmarks/reconstructed_fault/bp3/analyze_mechanical_velocity.py	required dependency	keep	13840	4fd9c0605ce53f8d5396cef586c1ba737356cb4db4fffb77b35b3ba6d56bb9df	current launcher/analysis or registered legacy/optional-target dependency; role documented in entry point
benchmarks/reconstructed_fault/bp3/analyze_mechanical_width.py	required dependency	keep	12236	0d939a5947bb27d299bd70b788888769caa1aa18bb47716a7e833b6ddb46a7d7	current launcher/analysis or registered legacy/optional-target dependency; role documented in entry point
benchmarks/reconstructed_fault/bp3/analyze_normal_stress.py	required dependency	keep	8022	07ab841b4972babf163c0592d5fe7865ecf1f8cd42fd3d240082ccfafd918912	current launcher/analysis or registered legacy/optional-target dependency; role documented in entry point
benchmarks/reconstructed_fault/bp3/analyze_notch_mechanism.py	required dependency	keep	19364	a78db8af0a1d1d893db4632c170b2bdcf11625a2540d7bda4f612321c94b9fc3	current launcher/analysis or registered legacy/optional-target dependency; role documented in entry point
benchmarks/reconstructed_fault/bp3/analyze_perturbation.py	required dependency	keep	14717	925e2fe84bf90ec14cb1dcbe234e785a059c38dab640359c41a9508507e2b3d4	current launcher/analysis or registered legacy/optional-target dependency; role documented in entry point
benchmarks/reconstructed_fault/bp3/analyze_research_restart_ih.py	required dependency	keep	2571	363476e917e67580820d344393fa6080e9fa59eb17e56b67392ae8f849038f35	current launcher/analysis or registered legacy/optional-target dependency; role documented in entry point
benchmarks/reconstructed_fault/bp3/analyze_restore_150x50.py	required dependency	keep	2602	5a07238013691dffd62c98df396c06dd0f43f98a20d4d0fff6dc5a49a7d9ba90	current launcher/analysis or registered legacy/optional-target dependency; role documented in entry point
benchmarks/reconstructed_fault/bp3/analyze_saved_junction.py	required dependency	keep	2932	952deb4201c75d21fc2da13d53753765a9ccf0edd6c16e24d138cb810d8a1a26	current launcher/analysis or registered legacy/optional-target dependency; role documented in entry point
benchmarks/reconstructed_fault/bp3/analyze_theta_exact.py	required dependency	keep	8479	92aec954ebae3dd433b473ca908eb4270a3cbff03260b4a3d7f639e6bc616ed8	current launcher/analysis or registered legacy/optional-target dependency; role documented in entry point
benchmarks/reconstructed_fault/bp3/analyze_theta_history.py	required dependency	keep	12654	2aae6fb036b4572f3a8e825bb8633ab5fe6bd96c92a1de9e30ef292c8b15868b	current launcher/analysis or registered legacy/optional-target dependency; role documented in entry point
benchmarks/reconstructed_fault/bp3/analyze_theta_interpolation.py	required dependency	keep	14536	7af6e3b78d30f70970bd3eeec14cef41dbfab118cc9fc4db5a4012208e48d85e	current launcher/analysis or registered legacy/optional-target dependency; role documented in entry point
benchmarks/reconstructed_fault/bp3/analyze_top_source.py	required dependency	keep	10884	c2bce8d695e5c0d505ad38178a4e856f66cc1544b5077c2066d7e917020c326c	current launcher/analysis or registered legacy/optional-target dependency; role documented in entry point
benchmarks/reconstructed_fault/bp3/analyze_trace_replay.py	required dependency	keep	11546	d3d1ff3f4de20fe3af6371ff3e5c8cd942d2821cf4129bb8c7ccb2d9a9e9b413	current launcher/analysis or registered legacy/optional-target dependency; role documented in entry point
benchmarks/reconstructed_fault/bp3/analyze_uniform_sliding.py	required dependency	keep	15207	a328c8777aa541c91318c05e1223d69ba1019a93e539ee434580457811be73ae	current launcher/analysis or registered legacy/optional-target dependency; role documented in entry point
benchmarks/reconstructed_fault/bp3/analyze_within_step.py	required dependency	keep	6209	4b23ab9d2270a98a008c4580060b086b70c51b95d0eaac2311c0b37b2242af8f	current launcher/analysis or registered legacy/optional-target dependency; role documented in entry point
benchmarks/reconstructed_fault/bp3/analyze_work_halfdt.py	required dependency	keep	13339	c1a90cc691170f3f706394ad0d839906e892d94ecc510b865dd179d13534400e	current launcher/analysis or registered legacy/optional-target dependency; role documented in entry point
benchmarks/reconstructed_fault/bp3/analyze_work_measure.py	required dependency	keep	3166	4b185a8ff0a1968b675d6d3fea1c0fd37ab553f793fd35ce157d6331ee37880f	current launcher/analysis or registered legacy/optional-target dependency; role documented in entry point
benchmarks/reconstructed_fault/bp3/analyze_work_replay.py	required dependency	keep	13522	f202edd591ac9ce8fda25a1d973377b5d32331d9a9b73a92e8bc365eb14cce74	current launcher/analysis or registered legacy/optional-target dependency; role documented in entry point
benchmarks/reconstructed_fault/bp3/bottom-completion-50-local4/clock.csv	required dependency	keep	661	8583cc9b17e3f5ffeebe4a872ea52dcf4fb2cbefbd3e4df8113302c099bb6ef9	legacy replay sequence/input; retained at original path rather than treating CSV as disposable
benchmarks/reconstructed_fault/bp3/bottom-completion-50-local4/completion.txt	uncertain or active research	keep	165157	1514da180927b74f3ddcbb1fda1da641aeb9b3a1bfee31445c752bbc003acb39	legacy manual input/workflow dependency; keep absent a bounded migration
benchmarks/reconstructed_fault/bp3/bottom-completion-50-local4/run.prm	uncertain or active research	keep	219	66b2e4484a3d8069778d7c9ec8376ce6564571188dcceb36f4b148e6a0807bfb	legacy manual input/workflow dependency; keep absent a bounded migration
benchmarks/reconstructed_fault/bp3/bottom-source-complete-wedge-50-local4/clock.csv	required dependency	keep	661	8583cc9b17e3f5ffeebe4a872ea52dcf4fb2cbefbd3e4df8113302c099bb6ef9	legacy replay sequence/input; retained at original path rather than treating CSV as disposable
benchmarks/reconstructed_fault/bp3/bottom-source-complete-wedge-50-local4/run.prm	uncertain or active research	keep	435	2d156442a1b2b363eaa0ff0264b7336e159716bd5c31f5215341e2f885fa2bf0	legacy manual input/workflow dependency; keep absent a bounded migration
benchmarks/reconstructed_fault/bp3/bottom_completion.py	required dependency	keep	5360	332b6055c45e756b18ab537c28b28bf10bf1c5749008b1f8933467948f91ab41	current launcher/analysis or registered legacy/optional-target dependency; role documented in entry point
benchmarks/reconstructed_fault/bp3/bottom_continuation.md	required dependency	keep	4058	a499b9e8ae8617c32965d01807428236b0dbd32e11216b1255e4a44431fd4609	current launcher/analysis or registered legacy/optional-target dependency; role documented in entry point
benchmarks/reconstructed_fault/bp3/bottom_source_support.py	required dependency	keep	11480	6ccc6150f168b5254cf51747217eb82fe701cd198d7f354e4047cbc9f20d850e	current launcher/analysis or registered legacy/optional-target dependency; role documented in entry point
benchmarks/reconstructed_fault/bp3/bound_contact_followup.py	required dependency	keep	1373	8ffb598d6d69048435523476a41d5bdba35710d0f8e34693c45ab091b6a9eda2	current launcher/analysis or registered legacy/optional-target dependency; role documented in entry point
benchmarks/reconstructed_fault/bp3/bound_roundoff_audit.py	required dependency	keep	1855	35d4fe2e0d1628b200ea3c4c318f69a1b5fb7135899c35ae55751e99bd29a66a	current launcher/analysis or registered legacy/optional-target dependency; role documented in entry point
benchmarks/reconstructed_fault/bp3/bp3.cc	required dependency	keep	54367	95b05ad29da5240593cac0eaf1ce907898b34d716488f4bf28752ef04e5f4663	current launcher/analysis or registered legacy/optional-target dependency; role documented in entry point
benchmarks/reconstructed_fault/bp3/bp3_150x50_filter20.prm	required dependency	keep	7232	92d7e960a748a0e790c4e19b140633b42895d5b9bd6ad333e42d0049ed9791c8	current launcher/analysis or registered legacy/optional-target dependency; role documented in entry point
benchmarks/reconstructed_fault/bp3/bp3_150x50_filter40.prm	required dependency	keep	7232	29a4b4b234c4076efd850453ddfd4994edeb0d955708a9c68c1955f6df2f1bc4	current launcher/analysis or registered legacy/optional-target dependency; role documented in entry point
benchmarks/reconstructed_fault/bp3/bp3_150x50_first_event.prm	required dependency	keep	730	23743000ec027177562699c93e7e49682273eb822b5e8463608bc7ee792075c4	current launcher/analysis or registered legacy/optional-target dependency; role documented in entry point
benchmarks/reconstructed_fault/bp3/bp3_150x50_particle_lifecycle.prm	required dependency	keep	746	482ee592aa0051fd15e40c5c66dabd84c095caaca5f9648f54251e893759234b	current launcher/analysis or registered legacy/optional-target dependency; role documented in entry point
benchmarks/reconstructed_fault/bp3/bp3_150x50_raw.prm	required dependency	keep	7220	a9bb3d1ded31ab6f04b8d4cbd08a688526cc1cab0c2ef3c0ef23d4129af30259	current launcher/analysis or registered legacy/optional-target dependency; role documented in entry point
benchmarks/reconstructed_fault/bp3/bp3_constrained_reference.prm	required dependency	keep	440	2059ecf04ed091a50bd6c4d15672c07ba451d43616c3a8df91cea27059bd8eba	current launcher/analysis or registered legacy/optional-target dependency; role documented in entry point
benchmarks/reconstructed_fault/bp3/bp3_dc024_ell25.prm	required dependency	keep	6748	cc27c6e950bd94739531d4f8e0cf31bcf80a259546683bc29406e29e8e3f888c	current launcher/analysis or registered legacy/optional-target dependency; role documented in entry point
benchmarks/reconstructed_fault/bp3/bp3_dc024_ell50.prm	required dependency	keep	6748	6fc09833e859cd792aacaf74e04383ee7e3b2e678375e18488bbb20b917e4803	current launcher/analysis or registered legacy/optional-target dependency; role documented in entry point
benchmarks/reconstructed_fault/bp3/bp3_first_cycle_coarse.prm	required dependency	keep	1309	fcd1dbc079b07890be53da28cc07b11c4cc4b2d9c9bf04ff04673c31afe037d9	current launcher/analysis or registered legacy/optional-target dependency; role documented in entry point
benchmarks/reconstructed_fault/bp3/bp3_length_scale_instructions.md	required dependency	keep	13494	b7a52ef49c0306be0da1a0d927dcf11750e38fb12f0f776a550e5f336c28de14	current launcher/analysis or registered legacy/optional-target dependency; role documented in entry point
benchmarks/reconstructed_fault/bp3/bp3_model.h	required dependency	keep	4129	d8266d04c7afbb88133546b6209b7befe79b06a2f07fae3f5a68b6875ec573d4	current launcher/analysis or registered legacy/optional-target dependency; role documented in entry point
benchmarks/reconstructed_fault/bp3/bp3_modified_fully_frictional.prm	required dependency	keep	6352	5e9a059a76ccbca530d3f8f7d2e9bff99148674366904f407a4dac26bbf8b439	current launcher/analysis or registered legacy/optional-target dependency; role documented in entry point
benchmarks/reconstructed_fault/bp3/bp3_modified_long_run.prm	required dependency	keep	6822	c9dfe83ef1add102be31a4cf0fe45e00a51266c1ff0857e52f916631477a97e8	current launcher/analysis or registered legacy/optional-target dependency; role documented in entry point
benchmarks/reconstructed_fault/bp3/bp3_modified_wide.prm	required dependency	keep	745	ebedbd577a62d44023c942387b54461b402e20584501104d787bf239f4be6550	current launcher/analysis or registered legacy/optional-target dependency; role documented in entry point
benchmarks/reconstructed_fault/bp3/bp3_notes.md	required dependency	keep	6263	5315ee4b0b7760f3b67815c5affbb64cf87c84717ee5517d682cc50dab9e07be	current launcher/analysis or registered legacy/optional-target dependency; role documented in entry point
benchmarks/reconstructed_fault/bp3/bp3_pilot.prm	required dependency	keep	747	ceb75e7125a6cdd1ce64ea86962a52016a6747d8cea393d2e614f55f861869f3	current launcher/analysis or registered legacy/optional-target dependency; role documented in entry point
benchmarks/reconstructed_fault/bp3/bp3_restore_150x50_instructions.md	required dependency	keep	20582	b577a24a6c4ddc2448ef6de16b556a2348af9e774383c1b0cf03d1970281a620	current launcher/analysis or registered legacy/optional-target dependency; role documented in entry point
benchmarks/reconstructed_fault/bp3/bp3_rotated_bottom_local_test.md	required dependency	keep	13765	1f61c866e8a7d970631cd27cdb9eda596751dc00fd2b5a065cb22a3b03dae9ff	current launcher/analysis or registered legacy/optional-target dependency; role documented in entry point
benchmarks/reconstructed_fault/bp3/bp3_smoke.prm	required dependency	keep	5515	6c45ca58875782eab032576e7b359415385f1af3e48e2e83578bdf19be17c03a	current launcher/analysis or registered legacy/optional-target dependency; role documented in entry point
benchmarks/reconstructed_fault/bp3/branch_output.sh	required dependency	keep	1804	cfa71d4a98e3073695a59b37f4f37097b8aa7b08c1dc639ade545729fe0f62f3	current launcher/analysis or registered legacy/optional-target dependency; role documented in entry point
benchmarks/reconstructed_fault/bp3/check_cumulative_slip.py	required dependency	keep	4461	da96b3204817f4feeca3fa66c7efb5f01299d4dab56ad0b50360944bd6a52b2a	current launcher/analysis or registered legacy/optional-target dependency; role documented in entry point
benchmarks/reconstructed_fault/bp3/check_depth.cc	required dependency	keep	916	490b4e6f4d5cd6833e61d2ba97cb80939014370ba0c05a7845afd291e3ed0fd4	current launcher/analysis or registered legacy/optional-target dependency; role documented in entry point
benchmarks/reconstructed_fault/bp3/check_endpoint_weak_form.py	required dependency	keep	4141	80bdf415d01ff7c5c199a26881145b7bcca2c042fabb00dda5047ba5181119fd	current launcher/analysis or registered legacy/optional-target dependency; role documented in entry point
benchmarks/reconstructed_fault/bp3/check_execution_cleanup.py	required dependency	keep	2441	228947701f5bfe0c32327f574aabc6414cd4f027c30793fe8e6c5fc9bb2d6729	current launcher/analysis or registered legacy/optional-target dependency; role documented in entry point
benchmarks/reconstructed_fault/bp3/check_first_cycle_restart.py	required dependency	keep	4413	fb0f6d3dc4dabcbb4f43d7bf84dbbc47c9320f761aeae9b86de33ea5ce7f0d7a	current launcher/analysis or registered legacy/optional-target dependency; role documented in entry point
benchmarks/reconstructed_fault/bp3/check_gradient_kink_nonlinear.py	required dependency	keep	3189	ae197215c20e896176b89e259e62b10e6f3585e5b7c3062e9c700d2723b91b44	current launcher/analysis or registered legacy/optional-target dependency; role documented in entry point
benchmarks/reconstructed_fault/bp3/check_long_run.py	required dependency	keep	6562	7495afbbf4db4e19db50396f1994c453300fbbd6f5ef31ae35692c301878fdf2	current launcher/analysis or registered legacy/optional-target dependency; role documented in entry point
benchmarks/reconstructed_fault/bp3/check_research_cleanup.py	required dependency	keep	4838	ecdc826555e02078cefea925ae93d41634fd1ebca9ec6908def60e6bc8949c61	current launcher/analysis or registered legacy/optional-target dependency; role documented in entry point
benchmarks/reconstructed_fault/bp3/check_research_restart.py	required dependency	keep	8976	20205ee765ddfb10603644a80a480f32db10c8d230ec7286f070543b4120f588	current launcher/analysis or registered legacy/optional-target dependency; role documented in entry point
benchmarks/reconstructed_fault/bp3/cohesion_snapshot_test.cc	required dependency	keep	1439	c3783fd01b852264df7ccc26a8a65e214f076445e12e2789b8cd72d52b407938	current launcher/analysis or registered legacy/optional-target dependency; role documented in entry point
benchmarks/reconstructed_fault/bp3/compare_box_width.py	required dependency	keep	13067	061a77cd208440e60e333df1f43b0bfafd2762d9035c69e8d45f2e310c9cbf76	current launcher/analysis or registered legacy/optional-target dependency; role documented in entry point
benchmarks/reconstructed_fault/bp3/compare_disturbance_wavelengths.py	required dependency	keep	11340	1cb53e7032d78b116d1a478d80bfdf11a614e4d98bdc230db30ae067c58c1bba	current launcher/analysis or registered legacy/optional-target dependency; role documented in entry point
benchmarks/reconstructed_fault/bp3/compare_first_cycle_baseline.py	required dependency	keep	2019	7e1c2e8ad675f93aeb4c8239a892ee81f36344bc38c72c85cc0b94d469475aa7	current launcher/analysis or registered legacy/optional-target dependency; role documented in entry point
benchmarks/reconstructed_fault/bp3/compare_history_mechanics.py	required dependency	keep	5857	8199784500d0be33a7188cbf77057f1cd5a2754631bdd490f504abef15c30845	current launcher/analysis or registered legacy/optional-target dependency; role documented in entry point
benchmarks/reconstructed_fault/bp3/compare_junction_diagnostic.py	required dependency	keep	4759	2e7869124d15df7c5a289cacca4d66b6ac957036f91a457320c6eeb5c47081e3	current launcher/analysis or registered legacy/optional-target dependency; role documented in entry point
benchmarks/reconstructed_fault/bp3/compare_junction_resolution.py	required dependency	keep	7300	8fac231305e57f502dd027d82ba0cce235bfb2f40707f14c8e79cd553045e926	current launcher/analysis or registered legacy/optional-target dependency; role documented in entry point
benchmarks/reconstructed_fault/bp3/compare_restored_filters.py	required dependency	keep	7833	ac217899d784f130df14fca6aba9bb639f728800af9d2da5b9fcd374d56c5dab	current launcher/analysis or registered legacy/optional-target dependency; role documented in entry point
benchmarks/reconstructed_fault/bp3/coupled-substeps-50-local4/analysis.log	historical experiment/evidence	untrack-keep-local	3264	386f92f0f5344b2b34833eed9c8421ada770736fb57277029a5dc7710c67a569	completed local4 campaign exports; historical analysis paths remain locally usable
benchmarks/reconstructed_fault/bp3/coupled-substeps-50-local4/comparison.csv	historical experiment/evidence	untrack-keep-local	675	1000a85a9f0f01813b642d398a460a865eceb3783dac3affe8fa28f34ed22876	completed local4 campaign exports; historical analysis paths remain locally usable
benchmarks/reconstructed_fault/bp3/coupled-substeps-50-local4/comparison.json	uncertain or active research	keep	3264	386f92f0f5344b2b34833eed9c8421ada770736fb57277029a5dc7710c67a569	legacy manual input/workflow dependency; keep absent a bounded migration
benchmarks/reconstructed_fault/bp3/coupled-substeps-50-local4/coupled-substeps-unit.log	historical experiment/evidence	untrack-keep-local	947	f953f8cf2f50aa23342646473bd1f40ffdf2f2cf2f9771acd185955bd3dad4d8	completed local4 campaign exports; historical analysis paths remain locally usable
benchmarks/reconstructed_fault/bp3/coupled-substeps-50-local4/substeps2-failed-audit-order/checkpoint_retime.json	uncertain or active research	keep	811	82b2dd79e2ba8e16e0f55564cc1f27900c5d461cdffbf82be3b4e20c49409eb3	legacy manual input/workflow dependency; keep absent a bounded migration
benchmarks/reconstructed_fault/bp3/coupled-substeps-50-local4/substeps2-failed-audit-order/clock.csv	required dependency	keep	469	e284498487ef00ecd60c4204d86c1e7fb64627518bfdaf29931c15517d85fc0c	legacy replay sequence/input; retained at original path rather than treating CSV as disposable
benchmarks/reconstructed_fault/bp3/coupled-substeps-50-local4/substeps2-failed-audit-order/derivatives.csv	historical experiment/evidence	untrack-keep-local	574	61fb3c2ff1d94c053c3de05fa7961eb4789b66dce289cc07c1a5d68bf18c0290	completed local4 campaign exports; historical analysis paths remain locally usable
benchmarks/reconstructed_fault/bp3/coupled-substeps-50-local4/substeps2-failed-audit-order/execution.json	uncertain or active research	keep	237	0d090fba7837993916738e4e22b1ee99bfbb447e1ec31cafc2968846ca1d900d	legacy manual input/workflow dependency; keep absent a bounded migration
benchmarks/reconstructed_fault/bp3/coupled-substeps-50-local4/substeps2-failed-audit-order/provenance.json	uncertain or active research	keep	2533	8da6ff33a101890dfef7b54fa5b27b4c3d3f1f366ec260a8b60eedcdfa8c0ec1	legacy manual input/workflow dependency; keep absent a bounded migration
benchmarks/reconstructed_fault/bp3/coupled-substeps-50-local4/substeps2-failed-audit-order/run.log	historical experiment/evidence	untrack-keep-local	19927	178666a8ee40dfefa9f8b30cd2473cc77543aebce99dbab2890861e976618675	completed local4 campaign exports; historical analysis paths remain locally usable
benchmarks/reconstructed_fault/bp3/coupled-substeps-50-local4/substeps2-failed-audit-order/run.prm	uncertain or active research	keep	349	fa8f56f74b20b6d10adf133a60d38ed9b1ab152f1fd9ff5fbf4f872e863e38c4	legacy manual input/workflow dependency; keep absent a bounded migration
benchmarks/reconstructed_fault/bp3/coupled-substeps-50-local4/substeps2-failed-audit-order/state_qp_rank0.csv	historical experiment/evidence	untrack-keep-local	86	321e7096d4931bb6030efdf604970f4594752fdf0111fa5a40399684bbfeb754	completed local4 campaign exports; historical analysis paths remain locally usable
benchmarks/reconstructed_fault/bp3/coupled-substeps-50-local4/substeps2-failed-audit-order/state_qp_rank1.csv	historical experiment/evidence	untrack-keep-local	86	321e7096d4931bb6030efdf604970f4594752fdf0111fa5a40399684bbfeb754	completed local4 campaign exports; historical analysis paths remain locally usable
benchmarks/reconstructed_fault/bp3/coupled-substeps-50-local4/substeps2-failed-audit-order/state_qp_rank2.csv	historical experiment/evidence	untrack-keep-local	168277	e6328f3ac119384278c8d22d22e30dd600d1ae69aa17792c8b057e39e8f7ca53	completed local4 campaign exports; historical analysis paths remain locally usable
benchmarks/reconstructed_fault/bp3/coupled-substeps-50-local4/substeps2-failed-audit-order/state_qp_rank3.csv	historical experiment/evidence	untrack-keep-local	86	321e7096d4931bb6030efdf604970f4594752fdf0111fa5a40399684bbfeb754	completed local4 campaign exports; historical analysis paths remain locally usable
benchmarks/reconstructed_fault/bp3/coupled-substeps-50-local4/substeps2/accepted_steps.csv	required dependency	keep	516	92fe0ce67f9ee36670af94ba3eabae8561fc710406eb96bfa4cbce71e2b56153	legacy replay sequence/input; retained at original path rather than treating CSV as disposable
benchmarks/reconstructed_fault/bp3/coupled-substeps-50-local4/substeps2/candidate_commit_10.csv	historical experiment/evidence	untrack-keep-local	90	486089e50edcf40405d61f98f28db5680363a7f50b7fea212a9ab845f24eced6	completed local4 campaign exports; historical analysis paths remain locally usable
benchmarks/reconstructed_fault/bp3/coupled-substeps-50-local4/substeps2/candidate_commit_11.csv	historical experiment/evidence	untrack-keep-local	90	3b534866a70fcec9cff35d451dbaa34db0377225780d7ca54359bcb55424b355	completed local4 campaign exports; historical analysis paths remain locally usable
benchmarks/reconstructed_fault/bp3/coupled-substeps-50-local4/substeps2/checkpoint_retime.json	uncertain or active research	keep	811	82b2dd79e2ba8e16e0f55564cc1f27900c5d461cdffbf82be3b4e20c49409eb3	legacy manual input/workflow dependency; keep absent a bounded migration
benchmarks/reconstructed_fault/bp3/coupled-substeps-50-local4/substeps2/clock.csv	required dependency	keep	469	e284498487ef00ecd60c4204d86c1e7fb64627518bfdaf29931c15517d85fc0c	legacy replay sequence/input; retained at original path rather than treating CSV as disposable
benchmarks/reconstructed_fault/bp3/coupled-substeps-50-local4/substeps2/derivatives.csv	historical experiment/evidence	untrack-keep-local	574	61fb3c2ff1d94c053c3de05fa7961eb4789b66dce289cc07c1a5d68bf18c0290	completed local4 campaign exports; historical analysis paths remain locally usable
benchmarks/reconstructed_fault/bp3/coupled-substeps-50-local4/substeps2/execution.json	uncertain or active research	keep	236	72c3c69e8ec99ebaddac6cb4c681d4d1f2b7d9a1a7b3a296e052a48c1082654d	legacy manual input/workflow dependency; keep absent a bounded migration
benchmarks/reconstructed_fault/bp3/coupled-substeps-50-local4/substeps2/fault_10.csv	historical experiment/evidence	untrack-keep-local	443765	68150fc9719915ff1900fc14e1ecf84f00f47548fff2923a3b84a121ff4ad187	completed local4 campaign exports; historical analysis paths remain locally usable
benchmarks/reconstructed_fault/bp3/coupled-substeps-50-local4/substeps2/fault_11.csv	historical experiment/evidence	untrack-keep-local	443326	8b9bca663b2b10f9047f2c4c805b1c862b353711d1e3547f486e6b6c25cca618	completed local4 campaign exports; historical analysis paths remain locally usable
benchmarks/reconstructed_fault/bp3/coupled-substeps-50-local4/substeps2/history_10.csv	historical experiment/evidence	untrack-keep-local	138	7dc3329587922d53f96ab0c65a14ddb9398934ce8c5c949de4d9e87c1dfdd64a	completed local4 campaign exports; historical analysis paths remain locally usable
benchmarks/reconstructed_fault/bp3/coupled-substeps-50-local4/substeps2/history_11.csv	historical experiment/evidence	untrack-keep-local	138	caf5ec8d6fc15742513e78828ad0dac81d08879fafb679edf3a5c46a386fb54e	completed local4 campaign exports; historical analysis paths remain locally usable
benchmarks/reconstructed_fault/bp3/coupled-substeps-50-local4/substeps2/provenance.json	uncertain or active research	keep	2533	45e74ab844504c51a2b1a246ad84a3d064e8ef66e1cedfb785a0c8deb8879202	legacy manual input/workflow dependency; keep absent a bounded migration
benchmarks/reconstructed_fault/bp3/coupled-substeps-50-local4/substeps2/run.log	historical experiment/evidence	untrack-keep-local	22827	23c951c511865fe6fdc4cf075d716adb554e80a1e5a69aba63c2fa10acaf8d26	completed local4 campaign exports; historical analysis paths remain locally usable
benchmarks/reconstructed_fault/bp3/coupled-substeps-50-local4/substeps2/run.prm	uncertain or active research	keep	349	fa8f56f74b20b6d10adf133a60d38ed9b1ab152f1fd9ff5fbf4f872e863e38c4	legacy manual input/workflow dependency; keep absent a bounded migration
benchmarks/reconstructed_fault/bp3/coupled-substeps-50-local4/substeps2/state_qp_rank0.csv	historical experiment/evidence	untrack-keep-local	86	321e7096d4931bb6030efdf604970f4594752fdf0111fa5a40399684bbfeb754	completed local4 campaign exports; historical analysis paths remain locally usable
benchmarks/reconstructed_fault/bp3/coupled-substeps-50-local4/substeps2/state_qp_rank1.csv	historical experiment/evidence	untrack-keep-local	86	321e7096d4931bb6030efdf604970f4594752fdf0111fa5a40399684bbfeb754	completed local4 campaign exports; historical analysis paths remain locally usable
benchmarks/reconstructed_fault/bp3/coupled-substeps-50-local4/substeps2/state_qp_rank2.csv	historical experiment/evidence	untrack-keep-local	168273	506d98289beb2b2ef2cda28f3c8231d375a0487a5fbb6d0ce9a499d864dc2893	completed local4 campaign exports; historical analysis paths remain locally usable
benchmarks/reconstructed_fault/bp3/coupled-substeps-50-local4/substeps2/state_qp_rank3.csv	historical experiment/evidence	untrack-keep-local	86	321e7096d4931bb6030efdf604970f4594752fdf0111fa5a40399684bbfeb754	completed local4 campaign exports; historical analysis paths remain locally usable
benchmarks/reconstructed_fault/bp3/coupled-substeps-50-local4/substeps2/state_qp_step10_rank0.csv	historical experiment/evidence	untrack-keep-local	86	321e7096d4931bb6030efdf604970f4594752fdf0111fa5a40399684bbfeb754	completed local4 campaign exports; historical analysis paths remain locally usable
benchmarks/reconstructed_fault/bp3/coupled-substeps-50-local4/substeps2/state_qp_step10_rank1.csv	historical experiment/evidence	untrack-keep-local	86	321e7096d4931bb6030efdf604970f4594752fdf0111fa5a40399684bbfeb754	completed local4 campaign exports; historical analysis paths remain locally usable
benchmarks/reconstructed_fault/bp3/coupled-substeps-50-local4/substeps2/state_qp_step10_rank2.csv	historical experiment/evidence	untrack-keep-local	168277	e6328f3ac119384278c8d22d22e30dd600d1ae69aa17792c8b057e39e8f7ca53	completed local4 campaign exports; historical analysis paths remain locally usable
benchmarks/reconstructed_fault/bp3/coupled-substeps-50-local4/substeps2/state_qp_step10_rank3.csv	historical experiment/evidence	untrack-keep-local	86	321e7096d4931bb6030efdf604970f4594752fdf0111fa5a40399684bbfeb754	completed local4 campaign exports; historical analysis paths remain locally usable
benchmarks/reconstructed_fault/bp3/coupled-substeps-50-local4/substeps2/state_qp_step11_rank0.csv	historical experiment/evidence	untrack-keep-local	86	321e7096d4931bb6030efdf604970f4594752fdf0111fa5a40399684bbfeb754	completed local4 campaign exports; historical analysis paths remain locally usable
benchmarks/reconstructed_fault/bp3/coupled-substeps-50-local4/substeps2/state_qp_step11_rank1.csv	historical experiment/evidence	untrack-keep-local	86	321e7096d4931bb6030efdf604970f4594752fdf0111fa5a40399684bbfeb754	completed local4 campaign exports; historical analysis paths remain locally usable
benchmarks/reconstructed_fault/bp3/coupled-substeps-50-local4/substeps2/state_qp_step11_rank2.csv	historical experiment/evidence	untrack-keep-local	168273	506d98289beb2b2ef2cda28f3c8231d375a0487a5fbb6d0ce9a499d864dc2893	completed local4 campaign exports; historical analysis paths remain locally usable
benchmarks/reconstructed_fault/bp3/coupled-substeps-50-local4/substeps2/state_qp_step11_rank3.csv	historical experiment/evidence	untrack-keep-local	86	321e7096d4931bb6030efdf604970f4594752fdf0111fa5a40399684bbfeb754	completed local4 campaign exports; historical analysis paths remain locally usable
benchmarks/reconstructed_fault/bp3/coupled-substeps-50-local4/substeps4/accepted_steps.csv	required dependency	keep	878	8213dc3fd40f83204fc5c3bdb237b0d43166da92d571bf0e2b0c2789223c98de	legacy replay sequence/input; retained at original path rather than treating CSV as disposable
benchmarks/reconstructed_fault/bp3/coupled-substeps-50-local4/substeps4/candidate_commit_10.csv	historical experiment/evidence	untrack-keep-local	90	e63ec325ce9394c1f4222d6101a1daa45c49a6bc3c591c400d7696833fbeb450	completed local4 campaign exports; historical analysis paths remain locally usable
benchmarks/reconstructed_fault/bp3/coupled-substeps-50-local4/substeps4/candidate_commit_11.csv	historical experiment/evidence	untrack-keep-local	90	9b1f80cbe05dee84fb0ebea8ce96b47872e6cfada569f54e2d1787bbda206af2	completed local4 campaign exports; historical analysis paths remain locally usable
benchmarks/reconstructed_fault/bp3/coupled-substeps-50-local4/substeps4/candidate_commit_12.csv	historical experiment/evidence	untrack-keep-local	90	a61ac22a09fafa0faef752b926ddd216587cb795d05bb72b1815ddc2fbcf08f3	completed local4 campaign exports; historical analysis paths remain locally usable
benchmarks/reconstructed_fault/bp3/coupled-substeps-50-local4/substeps4/candidate_commit_13.csv	historical experiment/evidence	untrack-keep-local	90	18e36639db58dd292d98d38bca728fee6c7f5db3b0f22111d1d463ba37dc1d47	completed local4 campaign exports; historical analysis paths remain locally usable
benchmarks/reconstructed_fault/bp3/coupled-substeps-50-local4/substeps4/checkpoint_retime.json	uncertain or active research	keep	811	aa8b5bddaa95e696ba208e9fdcc268b404d84dd2ef64f72daf9c8a3cf78f7ab6	legacy manual input/workflow dependency; keep absent a bounded migration
benchmarks/reconstructed_fault/bp3/coupled-substeps-50-local4/substeps4/clock.csv	required dependency	keep	551	871ea675971d78c11ac5c9b22f858b8e7d3d4bb5a2841f289154dd5b6e2fc1a3	legacy replay sequence/input; retained at original path rather than treating CSV as disposable
benchmarks/reconstructed_fault/bp3/coupled-substeps-50-local4/substeps4/derivatives.csv	historical experiment/evidence	untrack-keep-local	574	1605dcff21385a46f08e950973c65ff004992f6561e20350b490c400e0d17f6c	completed local4 campaign exports; historical analysis paths remain locally usable
benchmarks/reconstructed_fault/bp3/coupled-substeps-50-local4/substeps4/execution.json	uncertain or active research	keep	236	1a18bde1938d1b87ad9fa21282fe81090380e99c3bace5a202664f48416fb96f	legacy manual input/workflow dependency; keep absent a bounded migration
benchmarks/reconstructed_fault/bp3/coupled-substeps-50-local4/substeps4/fault_10.csv	historical experiment/evidence	untrack-keep-local	443751	b609fbe22e92f53a8cbbfe241ff9d4e57468d89c024ca1b65eac30136a1a3ea2	completed local4 campaign exports; historical analysis paths remain locally usable
benchmarks/reconstructed_fault/bp3/coupled-substeps-50-local4/substeps4/fault_11.csv	historical experiment/evidence	untrack-keep-local	443404	464c7328ea2b0fb444191287ac9fd401fcc90f0619da6d8e2eec77a4d8ae7045	completed local4 campaign exports; historical analysis paths remain locally usable
benchmarks/reconstructed_fault/bp3/coupled-substeps-50-local4/substeps4/fault_12.csv	historical experiment/evidence	untrack-keep-local	443221	953f238ad589e73921418277bca33685e29c5430342eac7c0991b9d10cbf71b6	completed local4 campaign exports; historical analysis paths remain locally usable
benchmarks/reconstructed_fault/bp3/coupled-substeps-50-local4/substeps4/fault_13.csv	historical experiment/evidence	untrack-keep-local	443225	7cbd056e63bf6d734c6dc3e199663893f835df96210b13d394979a2791e99621	completed local4 campaign exports; historical analysis paths remain locally usable
benchmarks/reconstructed_fault/bp3/coupled-substeps-50-local4/substeps4/history_10.csv	historical experiment/evidence	untrack-keep-local	138	7be9fc9d59193f582c6c3b5e9a42358c11c4158f5cc79fd4fddd9dbee414815d	completed local4 campaign exports; historical analysis paths remain locally usable
benchmarks/reconstructed_fault/bp3/coupled-substeps-50-local4/substeps4/history_11.csv	historical experiment/evidence	untrack-keep-local	138	b035f5bff4a96e3fe526f58f74e697046d0fd53aa2b60dd1e1bc6132d398f868	completed local4 campaign exports; historical analysis paths remain locally usable
benchmarks/reconstructed_fault/bp3/coupled-substeps-50-local4/substeps4/history_12.csv	historical experiment/evidence	untrack-keep-local	138	73e284d46fadeccc98f2a3a11b46cd29235b0e9384fb40355c3b49d7621ea3fb	completed local4 campaign exports; historical analysis paths remain locally usable
benchmarks/reconstructed_fault/bp3/coupled-substeps-50-local4/substeps4/history_13.csv	historical experiment/evidence	untrack-keep-local	138	b2a181126ab002cb450559283c7d61379465241d6ef43440d81b7186fa1ea7c9	completed local4 campaign exports; historical analysis paths remain locally usable
benchmarks/reconstructed_fault/bp3/coupled-substeps-50-local4/substeps4/provenance.json	uncertain or active research	keep	2533	f282357f739c7a2ddc7d6f41ba29683f58bf5061748474d26f84eb97055db267	legacy manual input/workflow dependency; keep absent a bounded migration
benchmarks/reconstructed_fault/bp3/coupled-substeps-50-local4/substeps4/run.log	historical experiment/evidence	untrack-keep-local	35139	047cc53b6f38b829f786c3c87ac8aae20bcac005b10259aa40157e1ef8b57272	completed local4 campaign exports; historical analysis paths remain locally usable
benchmarks/reconstructed_fault/bp3/coupled-substeps-50-local4/substeps4/run.prm	uncertain or active research	keep	349	ba9707bed708f60e60f3707787d421154cbe49736f4bc2fd2b3ad945f52dbda4	legacy manual input/workflow dependency; keep absent a bounded migration
benchmarks/reconstructed_fault/bp3/coupled-substeps-50-local4/substeps4/state_qp_rank0.csv	historical experiment/evidence	untrack-keep-local	86	321e7096d4931bb6030efdf604970f4594752fdf0111fa5a40399684bbfeb754	completed local4 campaign exports; historical analysis paths remain locally usable
benchmarks/reconstructed_fault/bp3/coupled-substeps-50-local4/substeps4/state_qp_rank1.csv	historical experiment/evidence	untrack-keep-local	86	321e7096d4931bb6030efdf604970f4594752fdf0111fa5a40399684bbfeb754	completed local4 campaign exports; historical analysis paths remain locally usable
benchmarks/reconstructed_fault/bp3/coupled-substeps-50-local4/substeps4/state_qp_rank2.csv	historical experiment/evidence	untrack-keep-local	168262	b16e30eb5f476b54d1821d4d4b2849426b8de14b2fc2f9539876442a8f45c0a1	completed local4 campaign exports; historical analysis paths remain locally usable
benchmarks/reconstructed_fault/bp3/coupled-substeps-50-local4/substeps4/state_qp_rank3.csv	historical experiment/evidence	untrack-keep-local	86	321e7096d4931bb6030efdf604970f4594752fdf0111fa5a40399684bbfeb754	completed local4 campaign exports; historical analysis paths remain locally usable
benchmarks/reconstructed_fault/bp3/coupled-substeps-50-local4/substeps4/state_qp_step10_rank0.csv	historical experiment/evidence	untrack-keep-local	86	321e7096d4931bb6030efdf604970f4594752fdf0111fa5a40399684bbfeb754	completed local4 campaign exports; historical analysis paths remain locally usable
benchmarks/reconstructed_fault/bp3/coupled-substeps-50-local4/substeps4/state_qp_step10_rank1.csv	historical experiment/evidence	untrack-keep-local	86	321e7096d4931bb6030efdf604970f4594752fdf0111fa5a40399684bbfeb754	completed local4 campaign exports; historical analysis paths remain locally usable
benchmarks/reconstructed_fault/bp3/coupled-substeps-50-local4/substeps4/state_qp_step10_rank2.csv	historical experiment/evidence	untrack-keep-local	168383	f790b1788a99afb2c5e9b1e587a2cc5b337a143cd964e8d618d3167cd8227cdf	completed local4 campaign exports; historical analysis paths remain locally usable
benchmarks/reconstructed_fault/bp3/coupled-substeps-50-local4/substeps4/state_qp_step10_rank3.csv	historical experiment/evidence	untrack-keep-local	86	321e7096d4931bb6030efdf604970f4594752fdf0111fa5a40399684bbfeb754	completed local4 campaign exports; historical analysis paths remain locally usable
benchmarks/reconstructed_fault/bp3/coupled-substeps-50-local4/substeps4/state_qp_step11_rank0.csv	historical experiment/evidence	untrack-keep-local	86	321e7096d4931bb6030efdf604970f4594752fdf0111fa5a40399684bbfeb754	completed local4 campaign exports; historical analysis paths remain locally usable
benchmarks/reconstructed_fault/bp3/coupled-substeps-50-local4/substeps4/state_qp_step11_rank1.csv	historical experiment/evidence	untrack-keep-local	86	321e7096d4931bb6030efdf604970f4594752fdf0111fa5a40399684bbfeb754	completed local4 campaign exports; historical analysis paths remain locally usable
benchmarks/reconstructed_fault/bp3/coupled-substeps-50-local4/substeps4/state_qp_step11_rank2.csv	historical experiment/evidence	untrack-keep-local	168343	90d66cbd89bd8839597f0a27d4a0bb963f4a61b1e263c60ae76df31882da163e	completed local4 campaign exports; historical analysis paths remain locally usable
benchmarks/reconstructed_fault/bp3/coupled-substeps-50-local4/substeps4/state_qp_step11_rank3.csv	historical experiment/evidence	untrack-keep-local	86	321e7096d4931bb6030efdf604970f4594752fdf0111fa5a40399684bbfeb754	completed local4 campaign exports; historical analysis paths remain locally usable
benchmarks/reconstructed_fault/bp3/coupled-substeps-50-local4/substeps4/state_qp_step12_rank0.csv	historical experiment/evidence	untrack-keep-local	86	321e7096d4931bb6030efdf604970f4594752fdf0111fa5a40399684bbfeb754	completed local4 campaign exports; historical analysis paths remain locally usable
benchmarks/reconstructed_fault/bp3/coupled-substeps-50-local4/substeps4/state_qp_step12_rank1.csv	historical experiment/evidence	untrack-keep-local	86	321e7096d4931bb6030efdf604970f4594752fdf0111fa5a40399684bbfeb754	completed local4 campaign exports; historical analysis paths remain locally usable
benchmarks/reconstructed_fault/bp3/coupled-substeps-50-local4/substeps4/state_qp_step12_rank2.csv	historical experiment/evidence	untrack-keep-local	168398	2e4288d5f916ea936e3a658112e5c445e50165265d1e7008df46582f0357a306	completed local4 campaign exports; historical analysis paths remain locally usable
benchmarks/reconstructed_fault/bp3/coupled-substeps-50-local4/substeps4/state_qp_step12_rank3.csv	historical experiment/evidence	untrack-keep-local	86	321e7096d4931bb6030efdf604970f4594752fdf0111fa5a40399684bbfeb754	completed local4 campaign exports; historical analysis paths remain locally usable
benchmarks/reconstructed_fault/bp3/coupled-substeps-50-local4/substeps4/state_qp_step13_rank0.csv	historical experiment/evidence	untrack-keep-local	86	321e7096d4931bb6030efdf604970f4594752fdf0111fa5a40399684bbfeb754	completed local4 campaign exports; historical analysis paths remain locally usable
benchmarks/reconstructed_fault/bp3/coupled-substeps-50-local4/substeps4/state_qp_step13_rank1.csv	historical experiment/evidence	untrack-keep-local	86	321e7096d4931bb6030efdf604970f4594752fdf0111fa5a40399684bbfeb754	completed local4 campaign exports; historical analysis paths remain locally usable
benchmarks/reconstructed_fault/bp3/coupled-substeps-50-local4/substeps4/state_qp_step13_rank2.csv	historical experiment/evidence	untrack-keep-local	168262	b16e30eb5f476b54d1821d4d4b2849426b8de14b2fc2f9539876442a8f45c0a1	completed local4 campaign exports; historical analysis paths remain locally usable
benchmarks/reconstructed_fault/bp3/coupled-substeps-50-local4/substeps4/state_qp_step13_rank3.csv	historical experiment/evidence	untrack-keep-local	86	321e7096d4931bb6030efdf604970f4594752fdf0111fa5a40399684bbfeb754	completed local4 campaign exports; historical analysis paths remain locally usable
benchmarks/reconstructed_fault/bp3/deep-mesh-shift48-uniform-local4/clock.csv	required dependency	keep	661	8583cc9b17e3f5ffeebe4a872ea52dcf4fb2cbefbd3e4df8113302c099bb6ef9	legacy replay sequence/input; retained at original path rather than treating CSV as disposable
benchmarks/reconstructed_fault/bp3/deep-mesh-shift48-uniform-local4/completion.txt	uncertain or active research	keep	165395	a3dae8570a6b7bb68e9c2557823ef3eb2c6b9f9db3ea74891c3cf7bcab253667	legacy manual input/workflow dependency; keep absent a bounded migration
benchmarks/reconstructed_fault/bp3/deep-mesh-shift48-uniform-local4/run.prm	uncertain or active research	keep	558	96df7fdf75567b612a492532e00afa5341cbb76488182c8635230e971139b976	legacy manual input/workflow dependency; keep absent a bounded migration
benchmarks/reconstructed_fault/bp3/deep-mesh-shift48-uniform-local4/target_cells.txt	uncertain or active research	keep	748603	aa99bc688134b4dcc33186799ca75f8aea3977ed6c6e0abbe5fd9abbcca3e845	legacy manual input/workflow dependency; keep absent a bounded migration
benchmarks/reconstructed_fault/bp3/disturbance_diagnostic.h	required dependency	keep	18759	28d8acef869334e3e3aa6461d57496288eccf41afd5728a2c775a7d15c7da57a	current launcher/analysis or registered legacy/optional-target dependency; role documented in entry point
benchmarks/reconstructed_fault/bp3/environment.sh	required dependency	keep	948	c3068dea47f3b9718e3697814a8201226c1ab36b709ea7a2cec1ed44595b1730	current launcher/analysis or registered legacy/optional-target dependency; role documented in entry point
benchmarks/reconstructed_fault/bp3/evidence/README.md	maintained benchmark	keep	1251	8c7d8d996e742972c956ebe6707ba557bd67bc9a06d075799f7e89c988183021	benchmark or regression build/run/check dependency
benchmarks/reconstructed_fault/bp3/evidence/completed/airy_dt0/README.md	maintained benchmark	keep	1773	af9ecb2c56ded8c00e1201702738358fffdc62642b4be6c0daa8cc44f76190f4	benchmark or regression build/run/check dependency
benchmarks/reconstructed_fault/bp3/evidence/completed/prestress_audit/README.md	maintained benchmark	keep	1389	b4c4ed8e5489643a7032b01a2b1249a1bb6cc0c9dc0f4d5705ade2f30af57c1e	benchmark or regression build/run/check dependency
benchmarks/reconstructed_fault/bp3/execution_environment.h	required dependency	keep	877	1adf06fa550340a253f22b93d5aee8fcc5e29ef850fb3ebca00c2e3540f46a8f	current launcher/analysis or registered legacy/optional-target dependency; role documented in entry point
benchmarks/reconstructed_fault/bp3/export_profile_slip.py	required dependency	keep	2253	519c52a4f8296741d2ee503a2dfdf5f54758fbe2a584f142ca43e9dad9cc1c1b	current launcher/analysis or registered legacy/optional-target dependency; role documented in entry point
benchmarks/reconstructed_fault/bp3/fault-grid-50-local4/fault.txt	uncertain or active research	keep	51645	857f292f6c17b43bf3d469f866a50adb1be04b0f94fb67c4c0f51b7172a4d5cd	legacy manual input/workflow dependency; keep absent a bounded migration
benchmarks/reconstructed_fault/bp3/fault-grid-50-local4/run.prm	uncertain or active research	keep	747	a50520537bf5ae5e292ead99ce5c7d5612f4b8059b0fbc57fca2e4ea212243aa	legacy manual input/workflow dependency; keep absent a bounded migration
benchmarks/reconstructed_fault/bp3/fault.txt	maintained benchmark	keep	195	c6d1e5e387623cdda2eba89edff49e14f0ea88f10b90ce238c4e4e19aafab890	benchmark or regression build/run/check dependency
benchmarks/reconstructed_fault/bp3/filter-test/comparison/README.md	maintained benchmark	keep	6914	de77d9761c0bff0574bdf9642bf9b3209d59ba3628ec9128a50260110c2150ed	benchmark or regression build/run/check dependency
benchmarks/reconstructed_fault/bp3/first_cycle_readiness.json	maintained benchmark	keep	747	85bb0df26e403bdeec4d89fea0376b00da1bc721bb84ce93a55fa91843184af3	benchmark or regression build/run/check dependency
benchmarks/reconstructed_fault/bp3/first_event.h	required dependency	keep	1143	3b5dd203e4385f5aa0f3dab1d718706e564b5ace782aed7cd166a1d145692c5e	current launcher/analysis or registered legacy/optional-target dependency; role documented in entry point
benchmarks/reconstructed_fault/bp3/first_long_run/mechanical-width-comparison/README.md	maintained benchmark	keep	1151	b5e03d5ccbe44b58e83b5c1ce30303f7a69c9919f959cf3f3660d366ad728e0f	benchmark or regression build/run/check dependency
benchmarks/reconstructed_fault/bp3/fixtures/bp3_150x50/completion.txt	required dependency	keep	3101653	f3c869982e38716d1c85ed0897f70ac01ad5e6ee9f8985dc9832d951b71bad88	registered unit/plugin or frozen-GMG/historical replay fixtures; exact geometry/profile bytes
benchmarks/reconstructed_fault/bp3/fixtures/bp3_150x50/fault.txt	required dependency	keep	117	5460e34da479ef16e7dcc95f62669250a891ee8c969df5064dd3e4320bea4a24	registered unit/plugin or frozen-GMG/historical replay fixtures; exact geometry/profile bytes
benchmarks/reconstructed_fault/bp3/fixtures/bp3_150x50/mesh_inventory.txt	required dependency	keep	641	c7cd0d0f5228e18a53b89c3389256cb8801bc8d0d30f27d1108b09608d7d2ac2	registered unit/plugin or frozen-GMG/historical replay fixtures; exact geometry/profile bytes
benchmarks/reconstructed_fault/bp3/fixtures/bp3_150x50/preparation.json	required dependency	keep	762	9be691ff032e249afc3d8dd799a66b0b9a271e8dd805626e7a8c3cad784e50f6	registered unit/plugin or frozen-GMG/historical replay fixtures; exact geometry/profile bytes
benchmarks/reconstructed_fault/bp3/fixtures/bp3_150x50/profile.txt	required dependency	keep	290352	2f598b2d70cdb7fc0e5cbfe405c65a9b9c83253b3fad902b8eb7f730156c5607	registered unit/plugin or frozen-GMG/historical replay fixtures; exact geometry/profile bytes
benchmarks/reconstructed_fault/bp3/fixtures/bp3_150x50/surface_vertices.csv	required dependency	keep	97766	b9221ff24ced10f5b5ef339324c41556939585d8ee3df2d53e00934ba29f817e	registered unit/plugin or frozen-GMG/historical replay fixtures; exact geometry/profile bytes
benchmarks/reconstructed_fault/bp3/fixtures/bp3_150x50/target_cells.txt	required dependency	keep	8486155	02158ccda7c5503568d8de772436975403e1ea89e8e5912553c8bacea53f8923	registered unit/plugin or frozen-GMG/historical replay fixtures; exact geometry/profile bytes
benchmarks/reconstructed_fault/bp3/fixtures/modified_bp3/README.md	required dependency	keep	716	cadff3ed5002f8883dd01fbbdd57583991ce1cc9f2664759e9f4cc2ce5444faf	registered unit/plugin or frozen-GMG/historical replay fixtures; exact geometry/profile bytes
benchmarks/reconstructed_fault/bp3/fixtures/modified_bp3/completion.txt	required dependency	keep	165395	a3dae8570a6b7bb68e9c2557823ef3eb2c6b9f9db3ea74891c3cf7bcab253667	registered unit/plugin or frozen-GMG/historical replay fixtures; exact geometry/profile bytes
benchmarks/reconstructed_fault/bp3/fixtures/modified_bp3/continuation.md	required dependency	keep	4757	eea85d6bf9721cd7852f93c72f24baddd16a45edf180bebe3c22c0d2f00fb15b	registered unit/plugin or frozen-GMG/historical replay fixtures; exact geometry/profile bytes
benchmarks/reconstructed_fault/bp3/fixtures/modified_bp3/fault.txt	required dependency	keep	51645	857f292f6c17b43bf3d469f866a50adb1be04b0f94fb67c4c0f51b7172a4d5cd	registered unit/plugin or frozen-GMG/historical replay fixtures; exact geometry/profile bytes
benchmarks/reconstructed_fault/bp3/fixtures/modified_bp3/manifest.json	required dependency	keep	782	2ef55a142ea92952f2dbbd11d722611170c3c08b601e3544216481d61bcd167a	registered unit/plugin or frozen-GMG/historical replay fixtures; exact geometry/profile bytes
benchmarks/reconstructed_fault/bp3/fixtures/modified_bp3/prestress.txt	required dependency	keep	151299	0f4889001a63b78ee87759066392db7177db4bb28e2a52307167f403be829563	registered unit/plugin or frozen-GMG/historical replay fixtures; exact geometry/profile bytes
benchmarks/reconstructed_fault/bp3/fixtures/modified_bp3/seven_step_clock.csv	required dependency	keep	307	e3e5777962b17cb71b7c77cb28907dcffcd5c11f8ead58879dd4d7f8b78554d9	registered unit/plugin or frozen-GMG/historical replay fixtures; exact geometry/profile bytes
benchmarks/reconstructed_fault/bp3/fixtures/modified_bp3/target_cells.txt	required dependency	keep	678879	7e140756d90be9d37dd0b5ef31de3df1cfb3003f3bce912c107bb40da095bca6	registered unit/plugin or frozen-GMG/historical replay fixtures; exact geometry/profile bytes
benchmarks/reconstructed_fault/bp3/fixtures/modified_bp3_dc024_ell25/README.md	required dependency	keep	1197	7bd6806081bc68df84ea6fb979479ca58d7f928e0fa0f83384f7a2b717096951	registered unit/plugin or frozen-GMG/historical replay fixtures; exact geometry/profile bytes
benchmarks/reconstructed_fault/bp3/fixtures/modified_bp3_dc024_ell25/completion.txt	required dependency	keep	154197	f4162b55380da16e0833127217d77bc7c3cd488546800d67ce3d9971fe88995d	registered unit/plugin or frozen-GMG/historical replay fixtures; exact geometry/profile bytes
benchmarks/reconstructed_fault/bp3/fixtures/modified_bp3_dc024_ell25/fault.txt	required dependency	keep	66801	ca4760dfb25a0fac454eb559198db7c8669f3bcf29cd7d1f3addfcc3ed9415ca	registered unit/plugin or frozen-GMG/historical replay fixtures; exact geometry/profile bytes
benchmarks/reconstructed_fault/bp3/fixtures/modified_bp3_dc024_ell25/manifest.json	required dependency	keep	1137	4bdbb4325ca47178247188af56e70f5236cdb038640539d7bbd4418305364a00	registered unit/plugin or frozen-GMG/historical replay fixtures; exact geometry/profile bytes
benchmarks/reconstructed_fault/bp3/fixtures/modified_bp3_dc024_ell25/prestress.txt	required dependency	keep	141521	a5de2127a03cb99a820d3eb2b1d15ece0c2a6164006fe4bf6d43ab5af9cdd96e	registered unit/plugin or frozen-GMG/historical replay fixtures; exact geometry/profile bytes
benchmarks/reconstructed_fault/bp3/fixtures/modified_bp3_dc024_ell25/target_cells.txt	required dependency	keep	8517854	d28c054a3ab341498e97abfd5e56f399d473ac03e33e195a93ce52810d433a08	registered unit/plugin or frozen-GMG/historical replay fixtures; exact geometry/profile bytes
benchmarks/reconstructed_fault/bp3/fixtures/modified_bp3_dc024_ell50/README.md	required dependency	keep	3911	a4636a155cb312472e43713565c1cd470ae223d7378794ecee063cd02b52f5be	registered unit/plugin or frozen-GMG/historical replay fixtures; exact geometry/profile bytes
benchmarks/reconstructed_fault/bp3/fixtures/modified_bp3_dc024_ell50/completion.txt	required dependency	keep	154231	276c4030ec4e91ddd5f0b88c6e5e8b028fc4acd3cc9df7a166beeebb6e119ad2	registered unit/plugin or frozen-GMG/historical replay fixtures; exact geometry/profile bytes
benchmarks/reconstructed_fault/bp3/fixtures/modified_bp3_dc024_ell50/fault.txt	required dependency	keep	66801	ca4760dfb25a0fac454eb559198db7c8669f3bcf29cd7d1f3addfcc3ed9415ca	registered unit/plugin or frozen-GMG/historical replay fixtures; exact geometry/profile bytes
benchmarks/reconstructed_fault/bp3/fixtures/modified_bp3_dc024_ell50/manifest.json	required dependency	keep	1136	2a04daae33c35342ef01af965bf0ede0ba3bd6daff4360a20171a8431309d713	registered unit/plugin or frozen-GMG/historical replay fixtures; exact geometry/profile bytes
benchmarks/reconstructed_fault/bp3/fixtures/modified_bp3_dc024_ell50/prestress.txt	required dependency	keep	141521	a5de2127a03cb99a820d3eb2b1d15ece0c2a6164006fe4bf6d43ab5af9cdd96e	registered unit/plugin or frozen-GMG/historical replay fixtures; exact geometry/profile bytes
benchmarks/reconstructed_fault/bp3/fixtures/modified_bp3_dc024_ell50/target_cells.txt	required dependency	keep	4023246	9ad6a00e679e27451c07b82d6d1c8294d450dac9dee428ee25475255383db79b	registered unit/plugin or frozen-GMG/historical replay fixtures; exact geometry/profile bytes
benchmarks/reconstructed_fault/bp3/fixtures/modified_bp3_long_run/README.md	required dependency	keep	1783	3d6594b380e3079ffc2a6560b77af2136257c2ef7ff56fab0c59df2f20457798	registered unit/plugin or frozen-GMG/historical replay fixtures; exact geometry/profile bytes
benchmarks/reconstructed_fault/bp3/fixtures/modified_bp3_long_run/completion.txt	required dependency	keep	154637	b6881506dc6e6b83001c63664119cb9bd4669233535061732acdf473e8e0dffe	registered unit/plugin or frozen-GMG/historical replay fixtures; exact geometry/profile bytes
benchmarks/reconstructed_fault/bp3/fixtures/modified_bp3_long_run/fault.txt	required dependency	keep	66801	ca4760dfb25a0fac454eb559198db7c8669f3bcf29cd7d1f3addfcc3ed9415ca	registered unit/plugin or frozen-GMG/historical replay fixtures; exact geometry/profile bytes
benchmarks/reconstructed_fault/bp3/fixtures/modified_bp3_long_run/manifest.json	required dependency	keep	551	d3b75ca58273afe5022c8e6e928c0f8deeff7b544315839436fd27983a7f2cc7	registered unit/plugin or frozen-GMG/historical replay fixtures; exact geometry/profile bytes
benchmarks/reconstructed_fault/bp3/fixtures/modified_bp3_long_run/ordinary_central_cells.txt	required dependency	keep	562100	96bcbc5879944c521426379abf6d714799018abd1dd4dbffa273d5b468be351a	registered unit/plugin or frozen-GMG/historical replay fixtures; exact geometry/profile bytes
benchmarks/reconstructed_fault/bp3/fixtures/modified_bp3_long_run/preparation.json	required dependency	keep	403	def6235acdc077a476f5a97b3fc0d085aefedee9bcc21b0376dc8feb6d03546f	registered unit/plugin or frozen-GMG/historical replay fixtures; exact geometry/profile bytes
benchmarks/reconstructed_fault/bp3/fixtures/modified_bp3_long_run/prestress.txt	required dependency	keep	141521	a5de2127a03cb99a820d3eb2b1d15ece0c2a6164006fe4bf6d43ab5af9cdd96e	registered unit/plugin or frozen-GMG/historical replay fixtures; exact geometry/profile bytes
benchmarks/reconstructed_fault/bp3/fixtures/modified_bp3_long_run/target_cells.txt	required dependency	keep	495978	2796300dd020a7cfd6d4e7dd18bd4644ba214beb439a32b0fbbd5ce811688a80	registered unit/plugin or frozen-GMG/historical replay fixtures; exact geometry/profile bytes
benchmarks/reconstructed_fault/bp3/fixtures/modified_bp3_long_run_300km/README.md	required dependency	keep	1126	2a8ce7c07b3d5fea9e9044d763b77feb537e79898cd00c14e7e99aad162d51a0	registered unit/plugin or frozen-GMG/historical replay fixtures; exact geometry/profile bytes
benchmarks/reconstructed_fault/bp3/fixtures/modified_bp3_long_run_300km/completion.txt	required dependency	keep	154637	b6881506dc6e6b83001c63664119cb9bd4669233535061732acdf473e8e0dffe	registered unit/plugin or frozen-GMG/historical replay fixtures; exact geometry/profile bytes
benchmarks/reconstructed_fault/bp3/fixtures/modified_bp3_long_run_300km/fault.txt	required dependency	keep	66801	ca4760dfb25a0fac454eb559198db7c8669f3bcf29cd7d1f3addfcc3ed9415ca	registered unit/plugin or frozen-GMG/historical replay fixtures; exact geometry/profile bytes
benchmarks/reconstructed_fault/bp3/fixtures/modified_bp3_long_run_300km/manifest.json	required dependency	keep	431	b400d812abf22166adef284e58ecc6c2c52bc61931828f191f797a07a1ffabe7	registered unit/plugin or frozen-GMG/historical replay fixtures; exact geometry/profile bytes
benchmarks/reconstructed_fault/bp3/fixtures/modified_bp3_long_run_300km/preparation.json	required dependency	keep	290	af4dbaf778c9d339d5aabf5df06ae9110c568b22183dd554e804e059fb00cc14	registered unit/plugin or frozen-GMG/historical replay fixtures; exact geometry/profile bytes
benchmarks/reconstructed_fault/bp3/fixtures/modified_bp3_long_run_300km/prestress.txt	required dependency	keep	141521	a5de2127a03cb99a820d3eb2b1d15ece0c2a6164006fe4bf6d43ab5af9cdd96e	registered unit/plugin or frozen-GMG/historical replay fixtures; exact geometry/profile bytes
benchmarks/reconstructed_fault/bp3/fixtures/modified_bp3_long_run_300km/target_cells.txt	required dependency	keep	496646	4dc834083b312316d78c76e740e4af239e34c4405186f0a9c1ffde30cf90ca73	registered unit/plugin or frozen-GMG/historical replay fixtures; exact geometry/profile bytes
benchmarks/reconstructed_fault/bp3/fixtures/modified_bp3_wide/README.md	required dependency	keep	4688	50e3ad62f59d96d2ff02863dfec6684f76012a2d41c34e28f5afc51930a69036	registered unit/plugin or frozen-GMG/historical replay fixtures; exact geometry/profile bytes
benchmarks/reconstructed_fault/bp3/fixtures/modified_bp3_wide/manifest.json	required dependency	keep	214	229c6d7b805d498bebb3e4b4c600527374db47029650957676f6f676a17498cb	registered unit/plugin or frozen-GMG/historical replay fixtures; exact geometry/profile bytes
benchmarks/reconstructed_fault/bp3/fixtures/modified_bp3_wide/target_cells.txt	required dependency	keep	607449	747900473112d36c76bedc7eddbaf6adb152098425a13bf6a3270f2029ae54cf	registered unit/plugin or frozen-GMG/historical replay fixtures; exact geometry/profile bytes
benchmarks/reconstructed_fault/bp3/frozen mechanical width comparison.md	required dependency	keep	2462	e99c94a5386550f54e29194c98fa073da79fd14aaaf83dba5b20936e25f9851f	current launcher/analysis or registered legacy/optional-target dependency; role documented in entry point
benchmarks/reconstructed_fault/bp3/gmg-bp5-cleanup-evidence/README.md	maintained benchmark	keep	6083	21169af8728519a52da6adb97e9662a9e706a1688f923edf261b83d23941527e	benchmark or regression build/run/check dependency
benchmarks/reconstructed_fault/bp3/history_common_tests.h	required dependency	keep	6817	2ed407d86060800b2035132f1c46bebd77125369298473541ddbc699bc592195	current launcher/analysis or registered legacy/optional-target dependency; role documented in entry point
benchmarks/reconstructed_fault/bp3/investigations/README.md	maintained benchmark	keep	1872	d8707bb60c660bfaed881ab62f873f639e13c3c0fea799b9603154a8bfae9c88	benchmark or regression build/run/check dependency
benchmarks/reconstructed_fault/bp3/investigations/cohesion_diagnostic.h	maintained benchmark	keep	4647	71eb7dab880716172a88ded7d9bbf7aec938caa32117dd8706ab8b9bfe609ce9	benchmark or regression build/run/check dependency
benchmarks/reconstructed_fault/bp3/investigations/fault_cohesion_diagnostic.h	maintained benchmark	keep	1610	926671fc7113e940fe228956870f20855aba634eb995aa69bca011c6fe0d2043	benchmark or regression build/run/check dependency
benchmarks/reconstructed_fault/bp3/investigations/fault_theta_history_diagnostic.h	maintained benchmark	keep	3131	d765a1f59f81227effdd168a089ed64262488bdcc4d454f8286c7061ac0f8753	benchmark or regression build/run/check dependency
benchmarks/reconstructed_fault/bp3/investigations/history_load_diagnostic.h	maintained benchmark	keep	11461	4929370273e1687ee3ba2760dc392b94b0d8358bb742f95788b03e4e950b653d	benchmark or regression build/run/check dependency
benchmarks/reconstructed_fault/bp3/investigations/history_mechanics_diagnostic.h	maintained benchmark	keep	7201	d943cd40a769eed414016893c832388801f5b0fc1361e615d8b8ee64b1f14367	benchmark or regression build/run/check dependency
benchmarks/reconstructed_fault/bp3/investigations/junction_diagnostic.h	maintained benchmark	keep	8427	87167a0e003d8d72b00c981dfd81744bc3ae858d46464a569d9408dbf5621523	benchmark or regression build/run/check dependency
benchmarks/reconstructed_fault/bp3/investigations/theta_exact_diagnostic.h	maintained benchmark	keep	9189	71be07baff735480a13fd2bae9edca82bb3edb70fea29ee586c93ce77efa4320	benchmark or regression build/run/check dependency
benchmarks/reconstructed_fault/bp3/investigations/theta_history_diagnostic.h	maintained benchmark	keep	2152	540eedecbef861804dd2bf1edf8fc1ba99bedfd72b5850735340253102db391f	benchmark or regression build/run/check dependency
benchmarks/reconstructed_fault/bp3/investigations/within_step_diagnostic.h	maintained benchmark	keep	21125	aa968b2ac957db5b21904fe8e448ce0c8e417012671c221235cdaf2dbdb837b8	benchmark or regression build/run/check dependency
benchmarks/reconstructed_fault/bp3/investigations/work_measure_diagnostic.h	maintained benchmark	keep	14803	e2d25187c5868657df314ad069ba1c8c31c2a63a881f28d3052600aaa51562dc	benchmark or regression build/run/check dependency
benchmarks/reconstructed_fault/bp3/junction-matched-qualified-local4/refined/run.prm	uncertain or active research	keep	613	d9041cec5ed90634fdeaf13018393528ba6e7960164e3ed57f3b669dd97dca83	legacy manual input/workflow dependency; keep absent a bounded migration
benchmarks/reconstructed_fault/bp3/junction-matched-qualified-local4/refined/target_cells.txt	uncertain or active research	keep	678879	7e140756d90be9d37dd0b5ef31de3df1cfb3003f3bce912c107bb40da095bca6	legacy manual input/workflow dependency; keep absent a bounded migration
benchmarks/reconstructed_fault/bp3/length_coupled.py	required dependency	keep	6335	f4d156da02b321180a3e61b0e6d4de9597a9e3d35be400af6959051a6fe680b4	current launcher/analysis or registered legacy/optional-target dependency; role documented in entry point
benchmarks/reconstructed_fault/bp3/length_initial_normal.py	required dependency	keep	4330	df82ab3064a2e23c725860acfba0ddc179703ebf99aaadfb5982d2799523a547	current launcher/analysis or registered legacy/optional-target dependency; role documented in entry point
benchmarks/reconstructed_fault/bp3/length_scale_study.py	required dependency	keep	9723	6fbb4ea1f19ba7d68c779fe4773edf536cb7c988751de96ac1d950062f57ad9e	current launcher/analysis or registered legacy/optional-target dependency; role documented in entry point
benchmarks/reconstructed_fault/bp3/long-run-cleanup/clean-300km/fresh_execution.json	maintained benchmark	keep	84	98bcf28fe316f6cc6f9f2fc593149c0b9d7533f6f208b001d5f26e3b2ab504ba	benchmark or regression build/run/check dependency
benchmarks/reconstructed_fault/bp3/long-run-cleanup/clean-300km/mesh_output_verification.json	maintained benchmark	keep	1230	bdfd4a5c0578d13de62833fb519fd54bb7586280c17a553ea4f641aafd4e4c73	benchmark or regression build/run/check dependency
benchmarks/reconstructed_fault/bp3/long-run-output-check/fresh-mpi/cumulative_slip_verification.json	maintained benchmark	keep	154	64c9eaa5445c649655bb37f66a42c1fdb43de101abc0f39e2acd5231d8352710	benchmark or regression build/run/check dependency
benchmarks/reconstructed_fault/bp3/long-run-output-check/fresh-mpi/fresh_execution.json	maintained benchmark	keep	84	b12daede69a3207dbbe15fc5cc1302e645358636fc581e2b7f27e0731a43b6e8	benchmark or regression build/run/check dependency
benchmarks/reconstructed_fault/bp3/long-run-output-check/fresh-mpi/long_run_equivalence.json	maintained benchmark	keep	23760	b7fa75ceac69d44bcee674b7d681ab7af21a366b1b5bac4952b666adcf29f7e2	benchmark or regression build/run/check dependency
benchmarks/reconstructed_fault/bp3/long-run-output-check/resumed/cumulative_slip_verification.json	maintained benchmark	keep	154	64c9eaa5445c649655bb37f66a42c1fdb43de101abc0f39e2acd5231d8352710	benchmark or regression build/run/check dependency
benchmarks/reconstructed_fault/bp3/long-run-output-check/resumed/fresh_execution.json	maintained benchmark	keep	84	b12daede69a3207dbbe15fc5cc1302e645358636fc581e2b7f27e0731a43b6e8	benchmark or regression build/run/check dependency
benchmarks/reconstructed_fault/bp3/long-run-output-check/resumed/long_run_equivalence.json	maintained benchmark	keep	8750	b6323e5ec1445873ed0bd221c3f1289adafbdec8a475cdf8b105de9b954232c4	benchmark or regression build/run/check dependency
benchmarks/reconstructed_fault/bp3/long-run-output-check/resumed/resume_execution.json	maintained benchmark	keep	84	e717d3969273a5b0b3a76078bf99682e485f82781e3b6b24fe36536085950531	benchmark or regression build/run/check dependency
benchmarks/reconstructed_fault/bp3/manufactured_gradient_kink.py	required dependency	keep	11886	f9576532fcb02e39703d615a79fad62e4f8ef5090cbae84b22fec7e28e96e99d	current launcher/analysis or registered legacy/optional-target dependency; role documented in entry point
benchmarks/reconstructed_fault/bp3/manufactured_trace_comparison.py	required dependency	keep	6090	f0e43d782f4fcc375def0d110a57892d5b727d6dc0b6883be399240e1930952a	current launcher/analysis or registered legacy/optional-target dependency; role documented in entry point
benchmarks/reconstructed_fault/bp3/matched_resolution.h	required dependency	keep	3331	55e9a76f5b19e3efcf39cdf0d95cccf47dc8c711cb200f10479306b948e547f2	current launcher/analysis or registered legacy/optional-target dependency; role documented in entry point
benchmarks/reconstructed_fault/bp3/mature-fault-50-local4/clock.csv	required dependency	keep	2156	7bf7791e78f06bae1e6d59e2b6b55c258effd5db1a1072daea73c98393e53b26	legacy replay sequence/input; retained at original path rather than treating CSV as disposable
benchmarks/reconstructed_fault/bp3/mature-fault-50-local4/prestress.txt	uncertain or active research	keep	151299	0f4889001a63b78ee87759066392db7177db4bb28e2a52307167f403be829563	legacy manual input/workflow dependency; keep absent a bounded migration
benchmarks/reconstructed_fault/bp3/mature-fault-50-local4/run.prm	uncertain or active research	keep	630	b75eb312395df61ec032a22013abaeb66862b1442cdb3f6bb6c7d8b125df4eca	legacy manual input/workflow dependency; keep absent a bounded migration
benchmarks/reconstructed_fault/bp3/mature_fault.h	required dependency	keep	2414	085d17d08c92d1a7c6c2588372f8990dcc3d3177f136b267d9e753c7e69466c5	current launcher/analysis or registered legacy/optional-target dependency; role documented in entry point
benchmarks/reconstructed_fault/bp3/normal_stress_fresh_local4.prm	required dependency	keep	570	be9126ac1d7b5e457ac5c30493121aa6a7c6fa1f82228afef64b59b14e8061cc	current launcher/analysis or registered legacy/optional-target dependency; role documented in entry point
benchmarks/reconstructed_fault/bp3/output-cleanup-evidence/REPORT.md	maintained benchmark	keep	11696	1658cbf9c8f6fcf7e261f147a499593a7f48d539a4a45286b19e5870ae01f944	benchmark or regression build/run/check dependency
benchmarks/reconstructed_fault/bp3/output-cleanup-evidence/after.prm	maintained benchmark	keep	559	8f7d2c6f172190e8d04fc3e5c701112973ae4af5e8d8df05afc5e76460b5adcb	benchmark or regression build/run/check dependency
benchmarks/reconstructed_fault/bp3/output-cleanup-evidence/before.prm	maintained benchmark	keep	349	9989ddb9a49ebf55a40a9760854f554584a6e48c78f4c819fd795cb332f27200	benchmark or regression build/run/check dependency
benchmarks/reconstructed_fault/bp3/output-cleanup-evidence/compare.sh	maintained benchmark	keep	826	32878f9af0a2a63be9ef175e49af01ef2f266c433f629120454749c9add18d3f	benchmark or regression build/run/check dependency
benchmarks/reconstructed_fault/bp3/output-cleanup-evidence/diagnostics.prm	maintained benchmark	keep	384	fc019a478601fed0942b95805415a138906b1c0e59f0ffab9727784b8ab84fd6	benchmark or regression build/run/check dependency
benchmarks/reconstructed_fault/bp3/output-cleanup-evidence/fixture-base.prm	maintained benchmark	keep	1856	9a21ec094ff301335031f8bb946894e1087c046ea586d51a61fe9f8ed2fce6cb	benchmark or regression build/run/check dependency
benchmarks/reconstructed_fault/bp3/output-cleanup-evidence/map_measurement.cc	maintained benchmark	keep	1314	219c34f31bcfd12a5c13d69cdf2717006b0d55e46cc31ec8e89bd0d819854c37	benchmark or regression build/run/check dependency
benchmarks/reconstructed_fault/bp3/output-cleanup-evidence/prepare_fixture.cc	maintained benchmark	keep	4817	fda25cbb608b989b8f2adc375e42cc334988a993e275f2d2a72729773fb0d8de	benchmark or regression build/run/check dependency
benchmarks/reconstructed_fault/bp3/output-cleanup-evidence/production-cadence.prm	maintained benchmark	keep	343	3aade149b8f59b26cd7d58e0a2ed9d5ff214dbeb9a170b6d2c690f3701366064	benchmark or regression build/run/check dependency
benchmarks/reconstructed_fault/bp3/output-cleanup-evidence/production-parse.prm	maintained benchmark	keep	190	9b3e242f55fc9da4a582a7f4217833e6613ea96158cab2de60118c49183499a7	benchmark or regression build/run/check dependency
benchmarks/reconstructed_fault/bp3/output-cleanup-evidence/restart-thin.prm	maintained benchmark	keep	326	bb711ed83cfc73240b3ef372150cab71d8d3b99fb529b35386025cab65d5a4cf	benchmark or regression build/run/check dependency
benchmarks/reconstructed_fault/bp3/output-cleanup-evidence/restart-v5.prm	maintained benchmark	keep	238	fa313a660407f1995fb596428d5ca8f7535fd9586c957639bae5c5425e03fb66	benchmark or regression build/run/check dependency
benchmarks/reconstructed_fault/bp3/output-cleanup-evidence/sizes.sh	maintained benchmark	keep	950	546892f0024b7187299f7b1ffa452367fd94cb244c184fe8facf0dd5518b5ba5	benchmark or regression build/run/check dependency
benchmarks/reconstructed_fault/bp3/output-cleanup-evidence/slip-trigger.prm	maintained benchmark	keep	333	0098c675a7e5551b796a8e9e8dd62a2fcfe2143714c3363fa1e614c4d88bf682	benchmark or regression build/run/check dependency
benchmarks/reconstructed_fault/bp3/output-cleanup-evidence/test_output_files.cc	maintained benchmark	keep	2227	7dd46a510d56b07025e6e9addc9200153b0c387fe736b24bea6b483e33c62bae	benchmark or regression build/run/check dependency
benchmarks/reconstructed_fault/bp3/output-cleanup-evidence/thin.prm	maintained benchmark	keep	288	59dd1bd98489b5625aadf66394d4e063e67107a6938c1f39cf04f5259c76bcc7	benchmark or regression build/run/check dependency
benchmarks/reconstructed_fault/bp3/output-first-event/fault_evolution/REPORT.md	maintained benchmark	keep	4481	7ffc8954bea2c77a2f1f6a76101c68f1153dc2914192973271f32821647ee9dd	benchmark or regression build/run/check dependency
benchmarks/reconstructed_fault/bp3/output_schedule.h	required dependency	keep	1213	3be33f4a64ffc9f394f855336a45b9ffabddfb69e97d5e0de226512ee6a91fcc	current launcher/analysis or registered legacy/optional-target dependency; role documented in entry point
benchmarks/reconstructed_fault/bp3/output_test_amg_timestep_analysis.md	required dependency	keep	5448	e7681d78c88d141888d6a551c396546502f156d5db299c2064df5f8773e3c3ae	current launcher/analysis or registered legacy/optional-target dependency; role documented in entry point
benchmarks/reconstructed_fault/bp3/particle_policy.prm	required dependency	keep	677	55d4394afc5b2b378eccb8c45721e667c9e22bf90f8f7eb53422a38cd124053c	current launcher/analysis or registered legacy/optional-target dependency; role documented in entry point
benchmarks/reconstructed_fault/bp3/plot_cumulative_slip.py	required dependency	keep	15930	61c66b7ff374cb93b486b3bfabbc8e170b6b16567f9a48946e95cd9ee491cc92	current launcher/analysis or registered legacy/optional-target dependency; role documented in entry point
benchmarks/reconstructed_fault/bp3/plot_fault_evolution.py	required dependency	keep	18992	2663792680740cd17944a9c5e3bdacfe1f5833ac4485c8ed4bc2060fc65f1dde	current launcher/analysis or registered legacy/optional-target dependency; role documented in entry point
benchmarks/reconstructed_fault/bp3/plot_recorded_slip.py	required dependency	keep	2130	28de2e582d921f656b60f7caf815ff5f19a48f0aa708384ca47a5d1c45156202	current launcher/analysis or registered legacy/optional-target dependency; role documented in entry point
benchmarks/reconstructed_fault/bp3/plugin/CMakeLists.txt	maintained benchmark	keep	965	7b9d3a3a3c74cf36ac4324a913935f64629ba149ffa6dd2913b75e3deb875cd6	benchmark or regression build/run/check dependency
benchmarks/reconstructed_fault/bp3/plugin/README.md	maintained benchmark	keep	7711	83efc0dc27d85963c84c24f0184b27a929f8666d250734b10cc04f5dd5aff546	incoming local/R7 content protected; benchmark or regression build/run/check dependency
benchmarks/reconstructed_fault/bp3/plugin/bottom_constraint.cc	maintained benchmark	keep	9446	946e4e1eaa3b897448d9393f608087ef667ed17e55534903fb5fd29a2bab4662	benchmark or regression build/run/check dependency
benchmarks/reconstructed_fault/bp3/plugin/bp3.cc	maintained benchmark	keep	18807	109c49b33bb6553cbaa3ac6dac51bff81f2dc03029ecfdbb6d563ddf63def98d	benchmark or regression build/run/check dependency
benchmarks/reconstructed_fault/bp3/plugin/bp3_model.h	maintained benchmark	keep	3529	c1d21316548fc5b14b50ecd3841cdcc0b7760ec251a41530ac86ef70412fc33f	benchmark or regression build/run/check dependency
benchmarks/reconstructed_fault/bp3/plugin/configuration.cc	maintained benchmark	keep	4885	7a12f62bd55b6f60d82319e51669b1512436fc609566a357250ea8eacb0bc0ee	benchmark or regression build/run/check dependency
benchmarks/reconstructed_fault/bp3/plugin/configuration.h	maintained benchmark	keep	435	6b6172ffec1a3e85de693595edca07c0a1a03c8c0a721b32facdede97c3c6d13	benchmark or regression build/run/check dependency
benchmarks/reconstructed_fault/bp3/plugin/execution_environment.h	maintained benchmark	keep	821	1bbb921379e7577278c9c2bae38cb63764da0fee852a81aa1f43411b24a09680	benchmark or regression build/run/check dependency
benchmarks/reconstructed_fault/bp3/plugin/first_event.h	maintained benchmark	keep	1143	3b5dd203e4385f5aa0f3dab1d718706e564b5ace782aed7cd166a1d145692c5e	benchmark or regression build/run/check dependency
benchmarks/reconstructed_fault/bp3/plugin/geometry.cc	maintained benchmark	keep	8436	5bbb2b7e30aec45d813eb61a5fa83c6ffcf3c60d1930cbce779a0ab63abe0391	benchmark or regression build/run/check dependency
benchmarks/reconstructed_fault/bp3/plugin/geometry.h	maintained benchmark	keep	1759	ba506a4411ea0574b3a4e5967a76a688662a47a66f2c01518e6d87e4b6bcce45	benchmark or regression build/run/check dependency
benchmarks/reconstructed_fault/bp3/plugin/mesh.cc	maintained benchmark	keep	7063	efe8851df3b6bdf525dfe0da3fc4906684eb8d82dd83b422fcb98084efaf5060	benchmark or regression build/run/check dependency
benchmarks/reconstructed_fault/bp3/plugin/monitor.cc	maintained benchmark	keep	15103	3c46675910c1e328e7c194aed230b515833cc8ad6ac60e20621d00c5f7d63f7e	benchmark or regression build/run/check dependency
benchmarks/reconstructed_fault/bp3/plugin/output.cc	maintained benchmark	keep	38190	08c688e406b36fe8f93062f501bd65972d8112381d3bda8ed5f3826dca2f477e	benchmark or regression build/run/check dependency
benchmarks/reconstructed_fault/bp3/plugin/output_files.h	maintained benchmark	keep	4071	c27589833d7819a0eae6579aac7ae8628c14bc0053efc6cbec58bffdf80f2a74	benchmark or regression build/run/check dependency
benchmarks/reconstructed_fault/bp3/plugin/output_schedule.h	maintained benchmark	keep	1213	3be33f4a64ffc9f394f855336a45b9ffabddfb69e97d5e0de226512ee6a91fcc	benchmark or regression build/run/check dependency
benchmarks/reconstructed_fault/bp3/plugin/particle_history.cc	maintained benchmark	keep	10654	f5369143d9ca5fe33ce6e763cb1a4d9d23f654126e60250f4dcb2327f05640db	benchmark or regression build/run/check dependency
benchmarks/reconstructed_fault/bp3/plugin/particle_initialization.cc	maintained benchmark	keep	4238	24f2152c179c26b252781a9d01a74e4dd48a237461b290215de93a997be24423	benchmark or regression build/run/check dependency
benchmarks/reconstructed_fault/bp3/plugin/particle_initialization.h	maintained benchmark	keep	1478	5bd60037cc9f01b8d99f9ae88b39e0b702d29e01814227d80659432b008a78dc	benchmark or regression build/run/check dependency
benchmarks/reconstructed_fault/bp3/plugin/profile.cc	maintained benchmark	keep	5516	fa69c634557d9d66a2dfa9395e92d5cc106db2549f0c472f01e7e6a119277979	benchmark or regression build/run/check dependency
benchmarks/reconstructed_fault/bp3/plugin/profile.h	maintained benchmark	keep	721	20e485b0501f0bdced1f14c7358899ab5dea9664ae57669bec47b2cbb69f1ab6	benchmark or regression build/run/check dependency
benchmarks/reconstructed_fault/bp3/plugin/runtime.h	maintained benchmark	keep	2319	60e69e7d2580618dfaa642c2e807eba6ac181c3d65b29cb64b3ccf452c5679d9	benchmark or regression build/run/check dependency
benchmarks/reconstructed_fault/bp3/plugin/work_audit.cc	maintained benchmark	keep	16121	95a51399f179b01b16eec80d56009ff13098326233ab5f91eadc3b8c162ec608	benchmark or regression build/run/check dependency
benchmarks/reconstructed_fault/bp3/plugin_cleanup_report.md	required dependency	keep	8104	0a41ea0a891c562d627fbcc9ef58fe2e7b2fddcdb6b7a9fb87c9846ab3f3d433	current launcher/analysis or registered legacy/optional-target dependency; role documented in entry point
benchmarks/reconstructed_fault/bp3/prepare_300km_fixture.py	required dependency	keep	2699	7f8ab2955ba14b2c19eb81b4aaa5a88c3a6b5af3de22851f28c5d33782fce318	current launcher/analysis or registered legacy/optional-target dependency; role documented in entry point
benchmarks/reconstructed_fault/bp3/prepare_long_fixture.py	required dependency	keep	4145	56b0adde35ad258dcbb62495532211e29f7c43ec80389d4342325d9c8dc1efd8	current launcher/analysis or registered legacy/optional-target dependency; role documented in entry point
benchmarks/reconstructed_fault/bp3/prepare_normal_stress_replay.py	required dependency	keep	3319	e56adc001dac31a72145673e90ccf9f8386a2619b65425356c329be5d6822e52	current launcher/analysis or registered legacy/optional-target dependency; role documented in entry point
benchmarks/reconstructed_fault/bp3/prepare_restore_150x50.py	required dependency	keep	9678	db2c0f633059a80e6d274cebc6c05e77f6db6dfb5c1bbebfdebd0299ff871173	current launcher/analysis or registered legacy/optional-target dependency; role documented in entry point
benchmarks/reconstructed_fault/bp3/prepare_wide_fixture.py	required dependency	keep	3541	327371284f18ac702064c64576b2e2fd76c8c59f61a8cf749ad86698b2c5aec0	current launcher/analysis or registered legacy/optional-target dependency; role documented in entry point
benchmarks/reconstructed_fault/bp3/production/README.md	maintained benchmark	keep	6107	8c251c603c3a21b00a0d9b2a69f657300144b7ae25044b9a918fbfc1678b30fd	incoming local/R7 content protected; benchmark or regression build/run/check dependency
benchmarks/reconstructed_fault/bp3/production/bp3_fresh.prm	maintained benchmark	keep	8192	3096f0995801ce27331ad05aa33a1110fcf2a93ed606b5bccd85a42cd0aa5cbc	incoming local/R7 content protected; benchmark or regression build/run/check dependency
benchmarks/reconstructed_fault/bp3/production/fault.txt	maintained benchmark	keep	117	5460e34da479ef16e7dcc95f62669250a891ee8c969df5064dd3e4320bea4a24	benchmark or regression build/run/check dependency
benchmarks/reconstructed_fault/bp3/qualify_free_trace.py	required dependency	keep	7448	df8dbc8efe0146af57b36264452197b6b9784fc36ee6d7970b92de535f4b2e41	current launcher/analysis or registered legacy/optional-target dependency; role documented in entry point
benchmarks/reconstructed_fault/bp3/reference_200km/README.md	required dependency	keep	1092	0b7ba99964bdbe0c6433fc535ebf0b6121e939db0ad2e821f618b4e81e81e7e6	registered unit/plugin or frozen-GMG/historical replay fixtures; exact geometry/profile bytes
benchmarks/reconstructed_fault/bp3/reference_200km/bp3.cc	required dependency	keep	66943	81a5227dd78d660945dc06abfc13232e1397e5274188bbd0f641e76264832124	registered unit/plugin or frozen-GMG/historical replay fixtures; exact geometry/profile bytes
benchmarks/reconstructed_fault/bp3/reference_200km/bp3_model.h	required dependency	keep	5216	90de0ee616e534adfc08185e2b34dbc6f18df641315ae15df29d47df6893a0b1	registered unit/plugin or frozen-GMG/historical replay fixtures; exact geometry/profile bytes
benchmarks/reconstructed_fault/bp3/reference_200km/bp3_modified_long_run.prm	required dependency	keep	2188	1f7751a0ee6f76dd688177bd35b774fd2f6b6bb92285e6b0d2e3791480edf807	registered unit/plugin or frozen-GMG/historical replay fixtures; exact geometry/profile bytes
benchmarks/reconstructed_fault/bp3/reference_200km/first_event.h	required dependency	keep	1143	3b5dd203e4385f5aa0f3dab1d718706e564b5ace782aed7cd166a1d145692c5e	registered unit/plugin or frozen-GMG/historical replay fixtures; exact geometry/profile bytes
benchmarks/reconstructed_fault/bp3/reference_200km/matched_resolution.h	required dependency	keep	5852	f9a5fc0d8ceb585e3cdfd4adafebb1bab00f38a540ac71678aebeaa1f881c512	registered unit/plugin or frozen-GMG/historical replay fixtures; exact geometry/profile bytes
benchmarks/reconstructed_fault/bp3/reference_200km/mature_fault.h	required dependency	keep	3113	110c7475f4bd231d58ba4d194c46cf9aeb51c9608b6ae2c746041f8f2a9a0fec	registered unit/plugin or frozen-GMG/historical replay fixtures; exact geometry/profile bytes
benchmarks/reconstructed_fault/bp3/reference_200km/output_schedule.h	required dependency	keep	1213	3be33f4a64ffc9f394f855336a45b9ffabddfb69e97d5e0de226512ee6a91fcc	registered unit/plugin or frozen-GMG/historical replay fixtures; exact geometry/profile bytes
benchmarks/reconstructed_fault/bp3/reference_200km/refresh_check.h	required dependency	keep	2625	95ee37910aa10c3b7200af973892b133c6191c912180e9822d76707fb112fdfb	registered unit/plugin or frozen-GMG/historical replay fixtures; exact geometry/profile bytes
benchmarks/reconstructed_fault/bp3/reference_200km/replay_stop.h	required dependency	keep	433	ef1faeceb0ada24d0c2d43158ff0388e866760d8fed6585177260e8751b09f3e	registered unit/plugin or frozen-GMG/historical replay fixtures; exact geometry/profile bytes
benchmarks/reconstructed_fault/bp3/reference_200km/replay_time_step.h	required dependency	keep	3676	a9702d64a370748fce701b1ba257c5d35a1912d6fadd8c19c843d7c81ab21b2b	registered unit/plugin or frozen-GMG/historical replay fixtures; exact geometry/profile bytes
benchmarks/reconstructed_fault/bp3/reference_200km/run_long.py	required dependency	keep	7981	8049476cc1cc1ff20d89c2d5d31cb3fa43bf7646bd5f06e6f7480f7e8b99505f	registered unit/plugin or frozen-GMG/historical replay fixtures; exact geometry/profile bytes
benchmarks/reconstructed_fault/bp3/reference_200km/uniform_sliding.h	required dependency	keep	11934	a78025ab16ba6f69f35103249a137c0e35e925151726d7b1331257edb1f0c72f	registered unit/plugin or frozen-GMG/historical replay fixtures; exact geometry/profile bytes
benchmarks/reconstructed_fault/bp3/reference_200km/work_checks.h	required dependency	keep	4532	0b39e5ad3fafcc5f87f3f4ef75a97cd22940432419692d672bbad12dcb74cdcd	registered unit/plugin or frozen-GMG/historical replay fixtures; exact geometry/profile bytes
benchmarks/reconstructed_fault/bp3/reference_200km/work_replay.h	required dependency	keep	15555	a7e3d8261ab7d04c4923cdbbe88fa93bd7b2d82e09cd86da7bba776356f2a513	registered unit/plugin or frozen-GMG/historical replay fixtures; exact geometry/profile bytes
benchmarks/reconstructed_fault/bp3/restore_150x50.h	required dependency	keep	13775	8007f660d4cfad634fb15a3d6c8fee56ab2bc95c91c83327c6d7e8531daa8fd4	current launcher/analysis or registered legacy/optional-target dependency; role documented in entry point
benchmarks/reconstructed_fault/bp3/restore_150x50_preflight.md	required dependency	keep	4195	3131edad550423fca329438147ef1f69a4a9d0622e5cd875daa7b24bab661aa0	current launcher/analysis or registered legacy/optional-target dependency; role documented in entry point
benchmarks/reconstructed_fault/bp3/restore_150x50_report.md	required dependency	keep	8383	8f8c2786e626f3b0a7e8176d212ecef9f49174e55c4076be984cdf728f88e82b	current launcher/analysis or registered legacy/optional-target dependency; role documented in entry point
benchmarks/reconstructed_fault/bp3/restore_archived.py	required dependency	keep	3107	0c0ea18221aeb503a881bb1fd1dd8e4326ffce81a1c86c28d3f4e4472901a10e	current launcher/analysis or registered legacy/optional-target dependency; role documented in entry point
benchmarks/reconstructed_fault/bp3/restore_mesh.cc	required dependency	keep	4167	c51c2b053454699399ab6c3190b47696e62cca94581bcbd229aa4871f03f6701	current launcher/analysis or registered legacy/optional-target dependency; role documented in entry point
benchmarks/reconstructed_fault/bp3/restore_shear_test.prm	required dependency	keep	272	b9435d2ebf70901f265a949028e4c7f176a2c00e589ebf64f3acf716600fd040	current launcher/analysis or registered legacy/optional-target dependency; role documented in entry point
benchmarks/reconstructed_fault/bp3/restore_shear_test_two.prm	required dependency	keep	143	354961bd5e33546c9cb76632badbc8b2b965cf27f1e08013cd2a643c2579cf26	current launcher/analysis or registered legacy/optional-target dependency; role documented in entry point
benchmarks/reconstructed_fault/bp3/reuse_mechanical_modes.py	required dependency	keep	13027	a7905ac03d4398f99dca0585cff54a210101ce73afcfbf70016c0b34af54380e	current launcher/analysis or registered legacy/optional-target dependency; role documented in entry point
benchmarks/reconstructed_fault/bp3/rotated_bottom_local/A-half.prm	maintained benchmark	keep	298	cc0fd26a50cceeb56bc88c23e94ff082e2de307fe97260e8397ef56bdb79c929	benchmark or regression build/run/check dependency
benchmarks/reconstructed_fault/bp3/rotated_bottom_local/A.prm	maintained benchmark	keep	310	8729e167b15f0696878bf67bb5221f8e59869662547fcffe114ee925bf55dc65	benchmark or regression build/run/check dependency
benchmarks/reconstructed_fault/bp3/rotated_bottom_local/B-half.prm	maintained benchmark	keep	298	305f6bdffc6c89f13e6887f0f241ad7931918ba8a0ea7e3007743687ca22f79c	benchmark or regression build/run/check dependency
benchmarks/reconstructed_fault/bp3/rotated_bottom_local/B.prm	maintained benchmark	keep	467	c609d9fc82503ab32ee289b8585b022bc7429726c2587531d182d4864ce6922c	benchmark or regression build/run/check dependency
benchmarks/reconstructed_fault/bp3/rotated_bottom_local/CMakeLists.txt	maintained benchmark	keep	524	c3c80e529d72c964ef6f945736f9a034a60d811fc508e091ee607c8d6d6a73db	benchmark or regression build/run/check dependency
benchmarks/reconstructed_fault/bp3/rotated_bottom_local/README.md	maintained benchmark	keep	6384	5b4f0035baf5fa3724008eaa21b831cc4f6b1cfb5b5e30975156aef86e93d47a	benchmark or regression build/run/check dependency
benchmarks/reconstructed_fault/bp3/rotated_bottom_local/REPORT.md	maintained benchmark	keep	14418	c9e458ea4c23aa2a00e87233cba1366fce413899462d97551512542dc3089e1b	benchmark or regression build/run/check dependency
benchmarks/reconstructed_fault/bp3/rotated_bottom_local/analyze.sh	maintained benchmark	keep	1213	34bc52bfb49dc2e7f349d698df65323bcbf31a3a8287af347ef678ae3e476d71	benchmark or regression build/run/check dependency
benchmarks/reconstructed_fault/bp3/rotated_bottom_local/audit.cc	maintained benchmark	keep	15534	75266ad0633bf2908a28a1ec6be12b244fb5cb651da4cb3172412defbc9469f7	benchmark or regression build/run/check dependency
benchmarks/reconstructed_fault/bp3/rotated_bottom_local/base_revision.txt	maintained benchmark	keep	41	748783839be9eaefef5c21d652d2d9d9ec3c10d0c7f2581fa9900b41c54239b0	benchmark or regression build/run/check dependency
benchmarks/reconstructed_fault/bp3/rotated_bottom_local/common.prm	maintained benchmark	keep	2556	fa24bb09e151000d84936b537fcec9daa140e4ac7a604ce17e8bfc7d81cc93ac	benchmark or regression build/run/check dependency
benchmarks/reconstructed_fault/bp3/rotated_bottom_local/core_executable_sha256.txt	maintained benchmark	keep	91	b1cd6b61d6f06cc6d878c9d3edfc9c798b8b892b6807f79a82edca30b3522c9b	benchmark or regression build/run/check dependency
benchmarks/reconstructed_fault/bp3/rotated_bottom_local/half-step.prm	maintained benchmark	keep	385	d179236e27481c76927f46c7d64124c00de8968d7dd10cd191b46c0a4d284bdb	benchmark or regression build/run/check dependency
benchmarks/reconstructed_fault/bp3/rotated_bottom_local/integrate_metrics.awk	maintained benchmark	keep	1282	f2b667eaefb249cca42b2f59d2fdd8451cc7a69363c4d76203ece3a6598bc757	benchmark or regression build/run/check dependency
benchmarks/reconstructed_fault/bp3/rotated_bottom_local/plots.gnuplot	maintained benchmark	keep	3775	6382aca2c654090a26960725bf9c54388306368f73a06c38d55c59dfa2632bfa	benchmark or regression build/run/check dependency
benchmarks/reconstructed_fault/bp3/rotated_bottom_local/prepare_fixture.cc	maintained benchmark	keep	8741	4cbf5711fa04ef8132a00d608a94f52228a570fcf6d37eb0f08051ab03d77f15	benchmark or regression build/run/check dependency
benchmarks/reconstructed_fault/bp3/rotated_bottom_local/production-validation.prm	maintained benchmark	keep	448	f45cf63953612e85efc52ddc63940947ab231f416f3d1c301f0b5bbcd8a4946e	benchmark or regression build/run/check dependency
benchmarks/reconstructed_fault/bp3/rotated_bottom_local/run.sh	maintained benchmark	keep	998	20733f913e351b0d790f809c2d9ca42f93a16af356366ad3eb5da9c4a8663360	benchmark or regression build/run/check dependency
benchmarks/reconstructed_fault/bp3/rotated_bottom_local/source_and_input_sha256.txt	maintained benchmark	keep	4701	8be2328b918932fcd427504a15bf3dc55721e9015189e3f7e65201b525a98166	benchmark or regression build/run/check dependency
benchmarks/reconstructed_fault/bp3/rotated_bottom_local/uniform-A.prm	maintained benchmark	keep	383	ffee1c2699f407a0b71e87deccb6289b4e6f9e7093b2ed09c5d0e42680b8cfaf	benchmark or regression build/run/check dependency
benchmarks/reconstructed_fault/bp3/rotated_bottom_local/uniform-B-mpi2.prm	maintained benchmark	keep	217	a8e25605bb864dc3bfde03bbb897a5b76ba5208a5f70572919f591a727e66e1b	benchmark or regression build/run/check dependency
benchmarks/reconstructed_fault/bp3/rotated_bottom_local/uniform-B.prm	maintained benchmark	keep	383	e743a255a5479e5afe4b360c24e6f2f5f3e689a5ca881652dad99729344d5b1b	benchmark or regression build/run/check dependency
benchmarks/reconstructed_fault/bp3/run.py	required dependency	keep	2553	d16724ff9a92a61544a03cbffa22a5ee44305169d2274e61a22a0b9794d0d158	current launcher/analysis or registered legacy/optional-target dependency; role documented in entry point
benchmarks/reconstructed_fault/bp3/run_bottom_completion.py	required dependency	keep	2093	d3853278924c10dfe6dc4455dde309059339ceaa8950234787ad754debd8f293	current launcher/analysis or registered legacy/optional-target dependency; role documented in entry point
benchmarks/reconstructed_fault/bp3/run_bottom_source.py	required dependency	keep	3002	2c40f854df423f426dbe2bbc1df78890ac855645fc7a6987a27cc37f355b3b32	current launcher/analysis or registered legacy/optional-target dependency; role documented in entry point
benchmarks/reconstructed_fault/bp3/run_contact_subdivision.py	required dependency	keep	5811	96e7d1dedd0115859b0177fef5f79e0307123cc559dcd5c6e181dc57021ed3a3	current launcher/analysis or registered legacy/optional-target dependency; role documented in entry point
benchmarks/reconstructed_fault/bp3/run_coupled_substeps.py	required dependency	keep	6136	d4e551bec7d229277421fd455c5d4b8e7f7a30658ce3135ef1261c8ec34d2068	current launcher/analysis or registered legacy/optional-target dependency; role documented in entry point
benchmarks/reconstructed_fault/bp3/run_deep_mesh_shift.py	required dependency	keep	4893	cd742f8ece9e79578452cef90f3be3006addd1f23bffa2c29e2425f82ef25694	current launcher/analysis or registered legacy/optional-target dependency; role documented in entry point
benchmarks/reconstructed_fault/bp3/run_disturbance.py	required dependency	keep	7698	265319a8c87d15a4c724203a66aa91afe33e8069cae7627f9e568db03c442f39	current launcher/analysis or registered legacy/optional-target dependency; role documented in entry point
benchmarks/reconstructed_fault/bp3/run_early_trace.py	required dependency	keep	6118	ace6bde65edd0e29e851d77c9cf3a6f6f29c34b241db06bb32da415e28db8b5a	current launcher/analysis or registered legacy/optional-target dependency; role documented in entry point
benchmarks/reconstructed_fault/bp3/run_fault_grid.py	required dependency	keep	4800	0048552148b9371ed91a550cb226e588433e63ed57a329f570d6958223af05ab	current launcher/analysis or registered legacy/optional-target dependency; role documented in entry point
benchmarks/reconstructed_fault/bp3/run_frozen_bulk_refinement.py	required dependency	keep	6027	692e24d3c2a487ffaacf5eda93dbeea79aad1596e23a570722017d343143d2ac	current launcher/analysis or registered legacy/optional-target dependency; role documented in entry point
benchmarks/reconstructed_fault/bp3/run_frozen_cohesion.py	required dependency	keep	2644	0236544b4a76b50bca85c13492f13a5c0df203f507def6eed45e857b62ccfb8f	current launcher/analysis or registered legacy/optional-target dependency; role documented in entry point
benchmarks/reconstructed_fault/bp3/run_history_load_diagnostic.py	required dependency	keep	2940	6526dae0b7df5ec9fd457a44448a1c766e5c444a7817ea384f40572c9c088e63	current launcher/analysis or registered legacy/optional-target dependency; role documented in entry point
benchmarks/reconstructed_fault/bp3/run_history_mechanics.py	required dependency	keep	4141	ffe61df47e3a2d584d8289f802c878dea007189c5fe8c5228bd29932aa9659f5	current launcher/analysis or registered legacy/optional-target dependency; role documented in entry point
benchmarks/reconstructed_fault/bp3/run_junction_diagnostic.py	required dependency	keep	2792	487caa11b31256a973b1e0638dd78cdb0192b474f11c9ae4ceaa391844e2267d	current launcher/analysis or registered legacy/optional-target dependency; role documented in entry point
benchmarks/reconstructed_fault/bp3/run_junction_refinement.py	required dependency	keep	1883	59d23dd6f945679b76768955f2e1aec7da47dbc16503be56e38bbc587d31863b	current launcher/analysis or registered legacy/optional-target dependency; role documented in entry point
benchmarks/reconstructed_fault/bp3/run_long.py	required dependency	keep	9418	3f137688814e93e15778235dd1093633cf22f8ec0e0e55328d4d837d8dabdb47	current launcher/analysis or registered legacy/optional-target dependency; role documented in entry point
benchmarks/reconstructed_fault/bp3/run_matched_mesh_check.py	required dependency	keep	1119	5c973e70120a97639cb2057f376a28e30cd4cb5f475db32a4185ccd7cf1eb4f3	current launcher/analysis or registered legacy/optional-target dependency; role documented in entry point
benchmarks/reconstructed_fault/bp3/run_matched_resolution.py	required dependency	keep	5336	759794d2f54ebfc972e06105ab2d294982655ce70a82dea26803959d576685e2	current launcher/analysis or registered legacy/optional-target dependency; role documented in entry point
benchmarks/reconstructed_fault/bp3/run_mature_fault.py	required dependency	keep	4265	96c202eb00278b78a4f86235319bd3b6be9e8fb30c35b4447c5f639b2f98f48e	current launcher/analysis or registered legacy/optional-target dependency; role documented in entry point
benchmarks/reconstructed_fault/bp3/run_mechanical_modes.py	required dependency	keep	5262	9b40f868472c2d14ddb02f31f20d0b802d1e8d7680c501fde2500c23f5f55fe7	current launcher/analysis or registered legacy/optional-target dependency; role documented in entry point
benchmarks/reconstructed_fault/bp3/run_mechanical_width.py	required dependency	keep	8418	f56a4239a29354910be28e269e75926132d220f1001de66be16881231e6e902e	current launcher/analysis or registered legacy/optional-target dependency; role documented in entry point
benchmarks/reconstructed_fault/bp3/run_normal_stress_local4.py	required dependency	keep	2058	14447c8f446a7db2f1d20055c0f07d5e7bf800ec0f903324ea4d1f90796b4a15	current launcher/analysis or registered legacy/optional-target dependency; role documented in entry point
benchmarks/reconstructed_fault/bp3/run_notch_probe.py	required dependency	keep	6490	1f42ee821f9038eb7eeeb2ec55320fd0bf418bf73d6804268b27331b84d6287e	current launcher/analysis or registered legacy/optional-target dependency; role documented in entry point
benchmarks/reconstructed_fault/bp3/run_research.py	required dependency	keep	10375	d1e1e82487d7f6a0ec448fb18723c9c110223b2c8485f2ccf236e826f0b0e78c	current launcher/analysis or registered legacy/optional-target dependency; role documented in entry point
benchmarks/reconstructed_fault/bp3/run_theta_exact.py	required dependency	keep	7235	2b463ae05216fb7c0d3201d0cac310d782595754c1d4c0e6e1a4e28979c3f863	current launcher/analysis or registered legacy/optional-target dependency; role documented in entry point
benchmarks/reconstructed_fault/bp3/run_theta_history.py	required dependency	keep	2238	4a5028ecdd3f0dd4a5ad5121b0a26916cbe26ecfead69464e6b34cc0e6b2960f	current launcher/analysis or registered legacy/optional-target dependency; role documented in entry point
benchmarks/reconstructed_fault/bp3/run_top_source.py	required dependency	keep	4351	032b29a82a82353863ebb265e9aa50806d4c4b6a6119c2fcac75db831f382e01	current launcher/analysis or registered legacy/optional-target dependency; role documented in entry point
benchmarks/reconstructed_fault/bp3/run_trace_replay.py	required dependency	keep	4695	87827abdaaf4d60ffa59517b12d4d9a80dda2c06e214bda224eec90cdf126cb9	current launcher/analysis or registered legacy/optional-target dependency; role documented in entry point
benchmarks/reconstructed_fault/bp3/run_uniform_sliding.py	required dependency	keep	2582	a43e523ae15d02829339e4d6b35e69f99c3f16a1ef75e7211ccdcc3c11e6e0ae	current launcher/analysis or registered legacy/optional-target dependency; role documented in entry point
benchmarks/reconstructed_fault/bp3/run_within_step.py	required dependency	keep	3988	2eb484aa4c330bd61e75e5ebbfd6602756dc597f7ded6b55e15e2514403f933e	current launcher/analysis or registered legacy/optional-target dependency; role documented in entry point
benchmarks/reconstructed_fault/bp3/run_work_measure.py	required dependency	keep	2814	045df467b99567e9aa6498960c1c4f924b33bbf9fb00a7a728c4f605e22b0699	current launcher/analysis or registered legacy/optional-target dependency; role documented in entry point
benchmarks/reconstructed_fault/bp3/run_work_replay.py	required dependency	keep	5381	5456f353d107f5efa9f4d15499b88cffc71779bb37c0a06914dcbe6f26de37ce	current launcher/analysis or registered legacy/optional-target dependency; role documented in entry point
benchmarks/reconstructed_fault/bp3/runtime_cleanup_report.md	required dependency	keep	5659	d83d5fc708466e560929676a039c61687712520781ebcf44e8f1cb16234c72ff	current launcher/analysis or registered legacy/optional-target dependency; role documented in entry point
benchmarks/reconstructed_fault/bp3/slip_history.py	required dependency	keep	3131	e1d6c54145eb13be8850e146dc4867a6ceefc47395a7a2ce7c944223ee838c94	current launcher/analysis or registered legacy/optional-target dependency; role documented in entry point
benchmarks/reconstructed_fault/bp3/stage_K5_bottom_normalization_task.md	required dependency	keep	3581	e24f32651ad6551c7631feba2ac51dd09a4703feab152a50782386f8f7aef810	current launcher/analysis or registered legacy/optional-target dependency; role documented in entry point
benchmarks/reconstructed_fault/bp3/stage_K5_fault_grid_task.md	required dependency	keep	2791	0a5a2b99fea5ba497a4ef143c40f8ff896da4a3d0d17e41898b297b494af50dd	current launcher/analysis or registered legacy/optional-target dependency; role documented in entry point
benchmarks/reconstructed_fault/bp3/stage_K5_mature_fault_codex_task.md	required dependency	keep	3734	e658340908232f9103560ff8ef9b371d716a70505df20f9b39c6087ac36be5af	current launcher/analysis or registered legacy/optional-target dependency; role documented in entry point
benchmarks/reconstructed_fault/bp3/stage_K5_work_measure_codex_task.md	required dependency	keep	4289	de48f6838a4f7e05865e850dc293783038c5156bda095687c9bb840e2e8a764b	current launcher/analysis or registered legacy/optional-target dependency; role documented in entry point
benchmarks/reconstructed_fault/bp3/stampede3_first_cycle.sh	required dependency	keep	3444	3320ecff48beb89be90d886ed1e9aba3524cc97bc0f53d4216345aaaa6dbb36b	current launcher/analysis or registered legacy/optional-target dependency; role documented in entry point
benchmarks/reconstructed_fault/bp3/stations.txt	maintained benchmark	keep	125	9d1d4d469f29f9f2666fd826a3aeaafc2af05a55318dc04b1ed7a510ba34ca17	benchmark or regression build/run/check dependency
benchmarks/reconstructed_fault/bp3/summarize_disturbance.py	required dependency	keep	10105	95b325a14410978f81c6ef0fe51d17ea603bb0c0b0ac316c476fbc917db54f37	current launcher/analysis or registered legacy/optional-target dependency; role documented in entry point
benchmarks/reconstructed_fault/bp3/summarize_normal_stress.py	required dependency	keep	12607	c8dbe8d5545f7b7a9cbb89a7c3d4bb613a7f1bf01d5d0362eca6bbf6f3ad4471	current launcher/analysis or registered legacy/optional-target dependency; role documented in entry point
benchmarks/reconstructed_fault/bp3/test_execution_environment.cc	required dependency	keep	1239	29cf57b2f1dbd5303bfa461859f7d6235217ad296fc2808f685cc0bc806d4a28	current launcher/analysis or registered legacy/optional-target dependency; role documented in entry point
benchmarks/reconstructed_fault/bp3/test_first_event.cc	required dependency	keep	1124	d847e5587867ba514ec638e5fb32955c0e4a6e2a1835d16e45d8b51be1ce9fe9	current launcher/analysis or registered legacy/optional-target dependency; role documented in entry point
benchmarks/reconstructed_fault/bp3/test_manufactured_gradient_kink.py	required dependency	keep	3449	24d2fd78a51fcefe41895ddc2e9fe0f63ee308eb83afcca554e4283fd4832ad6	current launcher/analysis or registered legacy/optional-target dependency; role documented in entry point
benchmarks/reconstructed_fault/bp3/test_model.cc	required dependency	keep	4176	cbf01d9405341a9b506d1b462a9b363bdb1a3e46b1f2313caa5b199d283cbd92	current launcher/analysis or registered legacy/optional-target dependency; role documented in entry point
benchmarks/reconstructed_fault/bp3/test_output_schedule.cc	required dependency	keep	1213	131b600947438be18ac63e4eeb7b14fdebed5e838a9911232c2f74fe50491a96	current launcher/analysis or registered legacy/optional-target dependency; role documented in entry point
benchmarks/reconstructed_fault/bp3/test_plot_cumulative_slip.py	required dependency	keep	7756	82f5f1bdba0bec982fca82225cdf48f1b3da7c91da79afc689323651124512e1	current launcher/analysis or registered legacy/optional-target dependency; role documented in entry point
benchmarks/reconstructed_fault/bp3/test_plot_fault_evolution.py	required dependency	keep	3033	2c54f6508461169379af97d74816c6080286a9064b71d537f7c752b52cd6b7ec	current launcher/analysis or registered legacy/optional-target dependency; role documented in entry point
benchmarks/reconstructed_fault/bp3/test_replay_stop.cc	required dependency	keep	729	7e11245f9ba0690ea9e1091cf4c76acc045aa22ae16bb55664e76371e0bb8d1a	current launcher/analysis or registered legacy/optional-target dependency; role documented in entry point
benchmarks/reconstructed_fault/bp3/test_research_launcher.py	required dependency	keep	1924	c7915e80c8388234c23d44dfc21934303839104ddee7e55cb413c4121a725896	current launcher/analysis or registered legacy/optional-target dependency; role documented in entry point
benchmarks/reconstructed_fault/bp3/test_restored_model.cc	required dependency	keep	2447	1c1983dce96e49ac27a8bf65b47f78d359bbb16ab390e7578d15f29c6643bd01	current launcher/analysis or registered legacy/optional-target dependency; role documented in entry point
benchmarks/reconstructed_fault/bp3/test_slip_history.py	required dependency	keep	2232	29f3c559c85c65e68b5bae0add299777257d5ec0c1a8fbae3756044d5f9d373a	current launcher/analysis or registered legacy/optional-target dependency; role documented in entry point
benchmarks/reconstructed_fault/bp3/test_theta_audit.cc	required dependency	keep	1834	8e443d1a472b829a6695673fc6b1bbef741060f7dad1f6782ebfc876c317d474	current launcher/analysis or registered legacy/optional-target dependency; role documented in entry point
benchmarks/reconstructed_fault/bp3/test_theta_history.cc	required dependency	keep	2133	65e1d40460fc549b7696a045674c6ee55ee490a64f5be994e9c0c3506828a9b9	current launcher/analysis or registered legacy/optional-target dependency; role documented in entry point
benchmarks/reconstructed_fault/bp3/top-source-control-50-local4/clock.csv	required dependency	keep	661	8583cc9b17e3f5ffeebe4a872ea52dcf4fb2cbefbd3e4df8113302c099bb6ef9	legacy replay sequence/input; retained at original path rather than treating CSV as disposable
benchmarks/reconstructed_fault/bp3/top-source-control-50-local4/run.prm	uncertain or active research	keep	436	191601c67ac06f991aa70890b0fb40b8efbcf64aeac86b22c21bd3b000e64102	legacy manual input/workflow dependency; keep absent a bounded migration
benchmarks/reconstructed_fault/bp3/top-source-paired-50-local4/clock.csv	required dependency	keep	661	8583cc9b17e3f5ffeebe4a872ea52dcf4fb2cbefbd3e4df8113302c099bb6ef9	legacy replay sequence/input; retained at original path rather than treating CSV as disposable
benchmarks/reconstructed_fault/bp3/top-source-paired-50-local4/completion.txt	uncertain or active research	keep	165395	a3dae8570a6b7bb68e9c2557823ef3eb2c6b9f9db3ea74891c3cf7bcab253667	legacy manual input/workflow dependency; keep absent a bounded migration
benchmarks/reconstructed_fault/bp3/top-source-paired-50-local4/run.prm	uncertain or active research	keep	435	d088c67aefd3805a4bcaf51017cc70c53265bb099046897409ce94b113e47be5	legacy manual input/workflow dependency; keep absent a bounded migration
benchmarks/reconstructed_fault/bp3/top_continuation.md	required dependency	keep	2728	3efb5dd5ed220e3bec99ccab35672934f3a54675772396d9d3198660e883bdc0	current launcher/analysis or registered legacy/optional-target dependency; role documented in entry point
benchmarks/reconstructed_fault/bp3/uniform-sliding-50-local4/clock.csv	required dependency	keep	661	8583cc9b17e3f5ffeebe4a872ea52dcf4fb2cbefbd3e4df8113302c099bb6ef9	legacy replay sequence/input; retained at original path rather than treating CSV as disposable
benchmarks/reconstructed_fault/bp3/uniform-sliding-50-local4/run.prm	uncertain or active research	keep	303	4b78184d8e006dae8872d983bdf09b816e12026c6133a7e882bd3838b1ed8cef	legacy manual input/workflow dependency; keep absent a bounded migration
benchmarks/reconstructed_fault/bp3/verify_long_mesh_output.py	required dependency	keep	3335	e6364eb9a7e27a9011fcc84f52d277230d2e50c65d0b005cc3c7381595e91bc1	current launcher/analysis or registered legacy/optional-target dependency; role documented in entry point
benchmarks/reconstructed_fault/bp3/within-step-50-local4/A-preflight-frozen-Ih/execution.json	uncertain or active research	keep	2119	560ddb78eed2c1c44531a6e41ab08b84534275b2943e10efbb7d90be24cb1cea	legacy manual input/workflow dependency; keep absent a bounded migration
benchmarks/reconstructed_fault/bp3/within-step-50-local4/A-preflight-frozen-Ih/incoming_rank0.txt	uncertain or active research	keep	20	6d37a947ee1c8c5868805ba46fa37987d4b29909782f379932df0e776e29821c	legacy manual input/workflow dependency; keep absent a bounded migration
benchmarks/reconstructed_fault/bp3/within-step-50-local4/A-preflight-frozen-Ih/incoming_rank1.txt	uncertain or active research	keep	19	2682a7409d0d0db2f19b72abd6925e34de358f9d65732f62c3020f0d6ae076bb	legacy manual input/workflow dependency; keep absent a bounded migration
benchmarks/reconstructed_fault/bp3/within-step-50-local4/A-preflight-frozen-Ih/incoming_rank2.txt	uncertain or active research	keep	21	a2810f668dab19630c56714c8786afd99e03295d8bb0e4a3e3b33fbbb532b3aa	legacy manual input/workflow dependency; keep absent a bounded migration
benchmarks/reconstructed_fault/bp3/within-step-50-local4/A-preflight-frozen-Ih/incoming_rank3.txt	uncertain or active research	keep	21	6daeba6047e2ffe72b452760d1ba03fdaf39ca319e8925de86bee103da696105	legacy manual input/workflow dependency; keep absent a bounded migration
benchmarks/reconstructed_fault/bp3/within-step-50-local4/A-preflight-frozen-Ih/provenance.json	uncertain or active research	keep	1882	e248914f54ff0ffd72306c1a9eb088ed5cd7dcfdc484f32869d87042f1889e67	legacy manual input/workflow dependency; keep absent a bounded migration
benchmarks/reconstructed_fault/bp3/within-step-50-local4/A-preflight-frozen-Ih/run.log	historical experiment/evidence	untrack-keep-local	6676	2cae8de34786b3bb3758711c63716a5e2d23794b9acaf9485642bf46129763ed	completed local4 campaign exports; historical analysis paths remain locally usable
benchmarks/reconstructed_fault/bp3/within-step-50-local4/A-preflight-frozen-Ih/run.prm	uncertain or active research	keep	338	d9240b12045d4365d72a667e47d861be638d265fe3cbcdd8c6952e0aa051960e	legacy manual input/workflow dependency; keep absent a bounded migration
benchmarks/reconstructed_fault/bp3/within-step-50-local4/A-preflight-frozen-Ih/state_qp_rank0.csv	historical experiment/evidence	untrack-keep-local	0	e3b0c44298fc1c149afbf4c8996fb92427ae41e4649b934ca495991b7852b855	completed local4 campaign exports; historical analysis paths remain locally usable
benchmarks/reconstructed_fault/bp3/within-step-50-local4/A-preflight-frozen-Ih/state_qp_rank1.csv	historical experiment/evidence	untrack-keep-local	0	e3b0c44298fc1c149afbf4c8996fb92427ae41e4649b934ca495991b7852b855	completed local4 campaign exports; historical analysis paths remain locally usable
benchmarks/reconstructed_fault/bp3/within-step-50-local4/A-preflight-frozen-Ih/state_qp_rank2.csv	historical experiment/evidence	untrack-keep-local	139343	c5799f4f72fc0f44c091348b1f8ab9df18bf84a771ad7556df264ab054343494	completed local4 campaign exports; historical analysis paths remain locally usable
benchmarks/reconstructed_fault/bp3/within-step-50-local4/A-preflight-frozen-Ih/state_qp_rank3.csv	historical experiment/evidence	untrack-keep-local	86	321e7096d4931bb6030efdf604970f4594752fdf0111fa5a40399684bbfeb754	completed local4 campaign exports; historical analysis paths remain locally usable
benchmarks/reconstructed_fault/bp3/within-step-50-local4/A-preflight-mpi-failure/execution.json	uncertain or active research	keep	2118	e73cdedaade0ff934a3316b6f064a439bf98486631c1174c1788e41a30c26e41	legacy manual input/workflow dependency; keep absent a bounded migration
benchmarks/reconstructed_fault/bp3/within-step-50-local4/A-preflight-mpi-failure/incoming_rank0.txt	uncertain or active research	keep	20	6d37a947ee1c8c5868805ba46fa37987d4b29909782f379932df0e776e29821c	legacy manual input/workflow dependency; keep absent a bounded migration
benchmarks/reconstructed_fault/bp3/within-step-50-local4/A-preflight-mpi-failure/incoming_rank1.txt	uncertain or active research	keep	19	2682a7409d0d0db2f19b72abd6925e34de358f9d65732f62c3020f0d6ae076bb	legacy manual input/workflow dependency; keep absent a bounded migration
benchmarks/reconstructed_fault/bp3/within-step-50-local4/A-preflight-mpi-failure/incoming_rank2.txt	uncertain or active research	keep	21	a2810f668dab19630c56714c8786afd99e03295d8bb0e4a3e3b33fbbb532b3aa	legacy manual input/workflow dependency; keep absent a bounded migration
benchmarks/reconstructed_fault/bp3/within-step-50-local4/A-preflight-mpi-failure/incoming_rank3.txt	uncertain or active research	keep	21	6daeba6047e2ffe72b452760d1ba03fdaf39ca319e8925de86bee103da696105	legacy manual input/workflow dependency; keep absent a bounded migration
benchmarks/reconstructed_fault/bp3/within-step-50-local4/A-preflight-mpi-failure/provenance.json	uncertain or active research	keep	1882	1436f4ac9a57fd3fec2b814451b92899a565835cfa5a4dfd8e91355fb0e173a1	legacy manual input/workflow dependency; keep absent a bounded migration
benchmarks/reconstructed_fault/bp3/within-step-50-local4/A-preflight-mpi-failure/run.log	historical experiment/evidence	untrack-keep-local	2909	229887259be35716f4f9029ee32dbcae7938ae5733c3e35422c2f936619e5990	completed local4 campaign exports; historical analysis paths remain locally usable
benchmarks/reconstructed_fault/bp3/within-step-50-local4/A-preflight-mpi-failure/run.prm	uncertain or active research	keep	338	d9240b12045d4365d72a667e47d861be638d265fe3cbcdd8c6952e0aa051960e	legacy manual input/workflow dependency; keep absent a bounded migration
benchmarks/reconstructed_fault/bp3/within-step-50-local4/A-preflight-mpi-failure/state_qp_rank0.csv	historical experiment/evidence	untrack-keep-local	0	e3b0c44298fc1c149afbf4c8996fb92427ae41e4649b934ca495991b7852b855	completed local4 campaign exports; historical analysis paths remain locally usable
benchmarks/reconstructed_fault/bp3/within-step-50-local4/A-preflight-mpi-failure/state_qp_rank1.csv	historical experiment/evidence	untrack-keep-local	0	e3b0c44298fc1c149afbf4c8996fb92427ae41e4649b934ca495991b7852b855	completed local4 campaign exports; historical analysis paths remain locally usable
benchmarks/reconstructed_fault/bp3/within-step-50-local4/A-preflight-mpi-failure/state_qp_rank2.csv	historical experiment/evidence	untrack-keep-local	139343	c5799f4f72fc0f44c091348b1f8ab9df18bf84a771ad7556df264ab054343494	completed local4 campaign exports; historical analysis paths remain locally usable
benchmarks/reconstructed_fault/bp3/within-step-50-local4/A-preflight-mpi-failure/state_qp_rank3.csv	historical experiment/evidence	untrack-keep-local	86	321e7096d4931bb6030efdf604970f4594752fdf0111fa5a40399684bbfeb754	completed local4 campaign exports; historical analysis paths remain locally usable
benchmarks/reconstructed_fault/bp3/within-step-50-local4/A/analysis.json	uncertain or active research	keep	3578	b0a194fed196f9f4dbaa933924372d68558351540b8fc76d91e6d64281752131	legacy manual input/workflow dependency; keep absent a bounded migration
benchmarks/reconstructed_fault/bp3/within-step-50-local4/A/analysis.log	historical experiment/evidence	untrack-keep-local	4907	2542278e84f8c1847fd99a231741510b5e0d37347c7881993766fa15d798accb	completed local4 campaign exports; historical analysis paths remain locally usable
benchmarks/reconstructed_fault/bp3/within-step-50-local4/A/derivatives.csv	historical experiment/evidence	untrack-keep-local	572	0ad281f9268e6a557487d5d516851caf701452a95e386da5830b19ee1e321d0d	completed local4 campaign exports; historical analysis paths remain locally usable
benchmarks/reconstructed_fault/bp3/within-step-50-local4/A/element_balance.csv	historical experiment/evidence	untrack-keep-local	894	74f1853f64570930831cb1f83c0df1f63a404fc4e2b37e3e2f8dd022b7f648d6	completed local4 campaign exports; historical analysis paths remain locally usable
benchmarks/reconstructed_fault/bp3/within-step-50-local4/A/execution.json	uncertain or active research	keep	2118	264f5b9be26df37a552a6080c7eb953ed85340bb10500c3c16308bc87efd1192	legacy manual input/workflow dependency; keep absent a bounded migration
benchmarks/reconstructed_fault/bp3/within-step-50-local4/A/incoming_rank0.txt	uncertain or active research	keep	20	6d37a947ee1c8c5868805ba46fa37987d4b29909782f379932df0e776e29821c	legacy manual input/workflow dependency; keep absent a bounded migration
benchmarks/reconstructed_fault/bp3/within-step-50-local4/A/incoming_rank1.txt	uncertain or active research	keep	19	2682a7409d0d0db2f19b72abd6925e34de358f9d65732f62c3020f0d6ae076bb	legacy manual input/workflow dependency; keep absent a bounded migration
benchmarks/reconstructed_fault/bp3/within-step-50-local4/A/incoming_rank2.txt	uncertain or active research	keep	21	a2810f668dab19630c56714c8786afd99e03295d8bb0e4a3e3b33fbbb532b3aa	legacy manual input/workflow dependency; keep absent a bounded migration
benchmarks/reconstructed_fault/bp3/within-step-50-local4/A/incoming_rank3.txt	uncertain or active research	keep	21	6daeba6047e2ffe72b452760d1ba03fdaf39ca319e8925de86bee103da696105	legacy manual input/workflow dependency; keep absent a bounded migration
benchmarks/reconstructed_fault/bp3/within-step-50-local4/A/nodes.csv	historical experiment/evidence	untrack-keep-local	562	64be6271da6404775f818837f14158f5c773f0855b124b87ec6ea4a99d26ca42	completed local4 campaign exports; historical analysis paths remain locally usable
benchmarks/reconstructed_fault/bp3/within-step-50-local4/A/noncommitting_history.csv	historical experiment/evidence	untrack-keep-local	155168	882a8ce421cb06f706041d4b1692c38ff263a1bee890e36006dd47c1f2890e2a	completed local4 campaign exports; historical analysis paths remain locally usable
benchmarks/reconstructed_fault/bp3/within-step-50-local4/A/noncommitting_surface.csv	historical experiment/evidence	untrack-keep-local	236796	2e513cbdfe6fa7b5578952662b01bfff9faa00adce1cbaf7349d02bb53747c9a	completed local4 campaign exports; historical analysis paths remain locally usable
benchmarks/reconstructed_fault/bp3/within-step-50-local4/A/provenance.json	uncertain or active research	keep	1882	4236ac4a2f70dce663ca827071abf7c4281c89ac60f5208129a6b1aa2b69b7d8	legacy manual input/workflow dependency; keep absent a bounded migration
benchmarks/reconstructed_fault/bp3/within-step-50-local4/A/run.log	historical experiment/evidence	untrack-keep-local	11090	08b6f3451a4ed0726e540305e75746200c4262775ce4903bbc0a6874f382a05e	completed local4 campaign exports; historical analysis paths remain locally usable
benchmarks/reconstructed_fault/bp3/within-step-50-local4/A/run.prm	uncertain or active research	keep	338	d9240b12045d4365d72a667e47d861be638d265fe3cbcdd8c6952e0aa051960e	legacy manual input/workflow dependency; keep absent a bounded migration
benchmarks/reconstructed_fault/bp3/within-step-50-local4/A/state_qp_rank0.csv	historical experiment/evidence	untrack-keep-local	86	321e7096d4931bb6030efdf604970f4594752fdf0111fa5a40399684bbfeb754	completed local4 campaign exports; historical analysis paths remain locally usable
benchmarks/reconstructed_fault/bp3/within-step-50-local4/A/state_qp_rank1.csv	historical experiment/evidence	untrack-keep-local	86	321e7096d4931bb6030efdf604970f4594752fdf0111fa5a40399684bbfeb754	completed local4 campaign exports; historical analysis paths remain locally usable
benchmarks/reconstructed_fault/bp3/within-step-50-local4/A/state_qp_rank2.csv	historical experiment/evidence	untrack-keep-local	147172	28487b393f19643746d5f58b0eb59b8854022463f2f8ecd1ea73674a3a20cbef	completed local4 campaign exports; historical analysis paths remain locally usable
benchmarks/reconstructed_fault/bp3/within-step-50-local4/A/state_qp_rank3.csv	historical experiment/evidence	untrack-keep-local	86	321e7096d4931bb6030efdf604970f4594752fdf0111fa5a40399684bbfeb754	completed local4 campaign exports; historical analysis paths remain locally usable
benchmarks/reconstructed_fault/bp3/within-step-50-local4/B/analysis.json	uncertain or active research	keep	3562	5322e0e742443f89123060ba6a9ef6231bd7e2ac6adbc2e6206e731848fa474a	legacy manual input/workflow dependency; keep absent a bounded migration
benchmarks/reconstructed_fault/bp3/within-step-50-local4/B/analysis.log	historical experiment/evidence	untrack-keep-local	4891	5464036c127fe248a2fb7972973f61e46a98a33b75dcee88dca39c740f991feb	completed local4 campaign exports; historical analysis paths remain locally usable
benchmarks/reconstructed_fault/bp3/within-step-50-local4/B/derivatives.csv	historical experiment/evidence	untrack-keep-local	574	5f9cf33dc8dded2691abced82cb616142cc0eab151a93500302cb3791e1d9147	completed local4 campaign exports; historical analysis paths remain locally usable
benchmarks/reconstructed_fault/bp3/within-step-50-local4/B/element_balance.csv	historical experiment/evidence	untrack-keep-local	894	60b574436b1d31b7955686df2864ee60052f8ae5a79a7ff3921bd35d3a3f9946	completed local4 campaign exports; historical analysis paths remain locally usable
benchmarks/reconstructed_fault/bp3/within-step-50-local4/B/execution.json	uncertain or active research	keep	2162	f96ebcfd005a8a5284afddae19547564a7bae473bf57661e5df505e423280770	legacy manual input/workflow dependency; keep absent a bounded migration
benchmarks/reconstructed_fault/bp3/within-step-50-local4/B/incoming_rank0.txt	uncertain or active research	keep	20	6d37a947ee1c8c5868805ba46fa37987d4b29909782f379932df0e776e29821c	legacy manual input/workflow dependency; keep absent a bounded migration
benchmarks/reconstructed_fault/bp3/within-step-50-local4/B/incoming_rank1.txt	uncertain or active research	keep	19	2682a7409d0d0db2f19b72abd6925e34de358f9d65732f62c3020f0d6ae076bb	legacy manual input/workflow dependency; keep absent a bounded migration
benchmarks/reconstructed_fault/bp3/within-step-50-local4/B/incoming_rank2.txt	uncertain or active research	keep	21	a2810f668dab19630c56714c8786afd99e03295d8bb0e4a3e3b33fbbb532b3aa	legacy manual input/workflow dependency; keep absent a bounded migration
benchmarks/reconstructed_fault/bp3/within-step-50-local4/B/incoming_rank3.txt	uncertain or active research	keep	21	6daeba6047e2ffe72b452760d1ba03fdaf39ca319e8925de86bee103da696105	legacy manual input/workflow dependency; keep absent a bounded migration
benchmarks/reconstructed_fault/bp3/within-step-50-local4/B/nodes.csv	historical experiment/evidence	untrack-keep-local	562	09d97586420e47e477dbbf2f08156bd0c7c9d7e36cd988d1a0e214dfce878576	completed local4 campaign exports; historical analysis paths remain locally usable
benchmarks/reconstructed_fault/bp3/within-step-50-local4/B/noncommitting_history.csv	historical experiment/evidence	untrack-keep-local	155168	882a8ce421cb06f706041d4b1692c38ff263a1bee890e36006dd47c1f2890e2a	completed local4 campaign exports; historical analysis paths remain locally usable
benchmarks/reconstructed_fault/bp3/within-step-50-local4/B/noncommitting_surface.csv	historical experiment/evidence	untrack-keep-local	236852	68f867f5a16ac75e45c952eef8f8c3665a50a9d41ce11e17c3cc3196f816cf48	completed local4 campaign exports; historical analysis paths remain locally usable
benchmarks/reconstructed_fault/bp3/within-step-50-local4/B/provenance.json	uncertain or active research	keep	1925	87947bc5e4916410e1ac159c1db6a6a49644325eb3a17963bb8697a75f10be3f	legacy manual input/workflow dependency; keep absent a bounded migration
benchmarks/reconstructed_fault/bp3/within-step-50-local4/B/run.log	historical experiment/evidence	untrack-keep-local	13999	f19ae4504bf00bb30abfb4239c146f97fa56409a0937ebcd1020f45df2501bc5	completed local4 campaign exports; historical analysis paths remain locally usable
benchmarks/reconstructed_fault/bp3/within-step-50-local4/B/run.prm	uncertain or active research	keep	338	aed901d65194343f019a275aea1b9a49679843ebf13d0c968956069f574a68b8	legacy manual input/workflow dependency; keep absent a bounded migration
benchmarks/reconstructed_fault/bp3/within-step-50-local4/B/state_qp_rank0.csv	historical experiment/evidence	untrack-keep-local	86	321e7096d4931bb6030efdf604970f4594752fdf0111fa5a40399684bbfeb754	completed local4 campaign exports; historical analysis paths remain locally usable
benchmarks/reconstructed_fault/bp3/within-step-50-local4/B/state_qp_rank1.csv	historical experiment/evidence	untrack-keep-local	86	321e7096d4931bb6030efdf604970f4594752fdf0111fa5a40399684bbfeb754	completed local4 campaign exports; historical analysis paths remain locally usable
benchmarks/reconstructed_fault/bp3/within-step-50-local4/B/state_qp_rank2.csv	historical experiment/evidence	untrack-keep-local	168308	5003a16b45e003a0a07007a89de178362ce148a4d4396dcd20ac5fb0de5c9757	completed local4 campaign exports; historical analysis paths remain locally usable
benchmarks/reconstructed_fault/bp3/within-step-50-local4/B/state_qp_rank3.csv	historical experiment/evidence	untrack-keep-local	86	321e7096d4931bb6030efdf604970f4594752fdf0111fa5a40399684bbfeb754	completed local4 campaign exports; historical analysis paths remain locally usable
benchmarks/reconstructed_fault/bp3/within-step-50-local4/unit-one.log	historical experiment/evidence	untrack-keep-local	163	7d44173f2ec14362769ba8edd57c478ff5a7ebde19a24b49fcfe6ea8e2af30af	completed local4 campaign exports; historical analysis paths remain locally usable
benchmarks/reconstructed_fault/bp3/within-step-50-local4/unit-two.log	historical experiment/evidence	untrack-keep-local	436	6dda908e432c64c34dc31f78a65dd04a1ebd866b0a249da743e6ab0488054579	completed local4 campaign exports; historical analysis paths remain locally usable
benchmarks/reconstructed_fault/bp3/work-measure-free-top-local4/run.prm	uncertain or active research	keep	308	8c8d1461f0e253867453ccea6ad773a6eb9c955bba6a5fe67bbf03202dfdde63	legacy manual input/workflow dependency; keep absent a bounded migration
benchmarks/reconstructed_fault/bp3/work-replay-50-local4/accepted_steps.csv	required dependency	keep	2334	8fca1febfd02ef864f9c81594d3bb335c45011295bba9cb063d569017c3efac8	legacy replay sequence/input; retained at original path rather than treating CSV as disposable
benchmarks/reconstructed_fault/bp3/work-replay-50-local4/clock.csv	required dependency	keep	2156	7bf7791e78f06bae1e6d59e2b6b55c258effd5db1a1072daea73c98393e53b26	legacy replay sequence/input; retained at original path rather than treating CSV as disposable
benchmarks/reconstructed_fault/bp3/work-replay-50-local4/execution.json	uncertain or active research	keep	114	4efd1cfc054c062bc6d7beb4c98f8281b09e1edc5d3a2c4b3849fab2f6d0c0df	legacy manual input/workflow dependency; keep absent a bounded migration
benchmarks/reconstructed_fault/bp3/work-replay-50-local4/fault_10.csv	historical experiment/evidence	untrack-keep-local	443736	7ab1127423e5c99abb237538b8752ed22493eaa2a9542cd00dfee297463dac77	completed local4 campaign exports; historical analysis paths remain locally usable
benchmarks/reconstructed_fault/bp3/work-replay-50-local4/fault_9.csv	historical experiment/evidence	untrack-keep-local	443738	7aef4f611eaea64f3f12c6003ac6004fb63fcbd3e8975281bfdb53d9d2733060	completed local4 campaign exports; historical analysis paths remain locally usable
benchmarks/reconstructed_fault/bp3/work-replay-50-local4/launch-preflight-no-time/provenance.json	uncertain or active research	keep	2635	b9815915d14411707667953730469f15851debd0022e3ff25496b905063dc8e3	legacy manual input/workflow dependency; keep absent a bounded migration
benchmarks/reconstructed_fault/bp3/work-replay-50-local4/launch-preflight-no-time/run.log	historical experiment/evidence	untrack-keep-local	0	e3b0c44298fc1c149afbf4c8996fb92427ae41e4649b934ca495991b7852b855	completed local4 campaign exports; historical analysis paths remain locally usable
benchmarks/reconstructed_fault/bp3/work-replay-50-local4/pressure-extraction-9/export/execution.json	uncertain or active research	keep	2916	c58b8df7e8c8088b5f9236c415ddf1c09ea145e3075afb3c5fdbfc3b2af0cc3d	legacy manual input/workflow dependency; keep absent a bounded migration
benchmarks/reconstructed_fault/bp3/work-replay-50-local4/pressure-extraction-9/export/provenance.json	uncertain or active research	keep	2733	a48c9bb1288234171415af2b359606264c49185745e207b321a0dcdbab77cd3f	legacy manual input/workflow dependency; keep absent a bounded migration
benchmarks/reconstructed_fault/bp3/work-replay-50-local4/pressure-extraction-9/export/run.log	historical experiment/evidence	untrack-keep-local	3116	1f6265a092ac7ef0e7d8f77a88e4835e1d2d8ed5f50a804717fb043d12d4ae6b	completed local4 campaign exports; historical analysis paths remain locally usable
benchmarks/reconstructed_fault/bp3/work-replay-50-local4/pressure-extraction-9/export/verification.json	uncertain or active research	keep	163	0d5d5ee4da6717ac56861bb880dce8df73175d6e6075f8c5368a1f7477008403	legacy manual input/workflow dependency; keep absent a bounded migration
benchmarks/reconstructed_fault/bp3/work-replay-50-local4/provenance.json	uncertain or active research	keep	2604	5adcdf11de575255081cbb0d0597a35a88a3b3c21ef8d211801658f07a3d5003	legacy manual input/workflow dependency; keep absent a bounded migration
benchmarks/reconstructed_fault/bp3/work-replay-50-local4/run.log	historical experiment/evidence	untrack-keep-local	110541	224383e4428ce15e5665171ad6fd0f9cd4cbf7fc798b45951155b30f98985980	completed local4 campaign exports; historical analysis paths remain locally usable
benchmarks/reconstructed_fault/bp3/work-replay-50-local4/run.prm	uncertain or active research	keep	597	6740ae84ab3364a6a46993bbd43ccbf8f451a8a82c52e29a398fdd1473bd0dc6	legacy manual input/workflow dependency; keep absent a bounded migration
benchmarks/reconstructed_fault/bp3/work-replay-halfdt-50-local4/accepted_steps.csv	required dependency	keep	3911	8bbd2b33a575fa68f2ff7a2b9476a6d5235fd11c50b54ac8661416f53d451b81	legacy replay sequence/input; retained at original path rather than treating CSV as disposable
benchmarks/reconstructed_fault/bp3/work-replay-halfdt-50-local4/clock.csv	required dependency	keep	834	0f91decce5bda423dd676207559aba20ca9b6854693b8326d7850a60600bbf58	legacy replay sequence/input; retained at original path rather than treating CSV as disposable
benchmarks/reconstructed_fault/bp3/work-replay-halfdt-50-local4/comparison/nodes.csv	historical experiment/evidence	untrack-keep-local	12972	0fd686e1f84331524385e7cce22b2b9186b3d8ed27ea2f611fda89ed50e7ab5d	completed local4 campaign exports; historical analysis paths remain locally usable
benchmarks/reconstructed_fault/bp3/work-replay-halfdt-50-local4/execution.json	uncertain or active research	keep	115	309cad2ec36819bf5aaa4159683dae52812bba821de0d0f7cadd43034000169e	legacy manual input/workflow dependency; keep absent a bounded migration
benchmarks/reconstructed_fault/bp3/work-replay-halfdt-50-local4/provenance.json	uncertain or active research	keep	3266	436a59e4e319eb9a874ee260bbb0f12b48fcc097a3d846553c2e52038733f9db	legacy manual input/workflow dependency; keep absent a bounded migration
benchmarks/reconstructed_fault/bp3/work-replay-halfdt-50-local4/run.log	historical experiment/evidence	untrack-keep-local	139233	aaa73d5930c01f6666e424808b2b019963a3530fbbde9ea212316a304c58b519	completed local4 campaign exports; historical analysis paths remain locally usable
benchmarks/reconstructed_fault/bp3/work-replay-halfdt-50-local4/run.prm	uncertain or active research	keep	624	49416fc57cf8cbfd8200e640d984be697dd52161cc1f6d6eb3afa8700ef427c6	legacy manual input/workflow dependency; keep absent a bounded migration
benchmarks/reconstructed_fault/bp3/work_replay.h	required dependency	keep	16458	c8b45321202817ad85b9b57f65f092acdce1017a1be9c69a24a7f0cec60f896e	current launcher/analysis or registered legacy/optional-target dependency; role documented in entry point
benchmarks/reconstructed_fault/bp3_birth_completion/.gitignore	maintained benchmark	keep	17	1dedaf78cf4d8920a18a8248c8ec8c3853f1760382ca88406d162222cfab8c33	benchmark or regression build/run/check dependency
benchmarks/reconstructed_fault/bp3_birth_completion/PLAN.md	maintained benchmark	keep	1732	f966674aec62d7ddb7646456c02a7dbc18e46670e599525e0379d437a931568a	benchmark or regression build/run/check dependency
benchmarks/reconstructed_fault/bp3_birth_completion/README.md	maintained benchmark	keep	10692	e17c0634d659adacb42afb42c04cd38214a8dd9cd8dbd5d4b07e6dc547abca5e	benchmark or regression build/run/check dependency
benchmarks/reconstructed_fault/bp3_birth_completion/compare_births.py	maintained benchmark	keep	3358	e7384a719a476ac48062a6a3358006de76ba306d3ed50034dec13500b03be589	benchmark or regression build/run/check dependency
benchmarks/reconstructed_fault/bp3_birth_completion/compare_lifecycle.py	maintained benchmark	keep	4287	aab887b3d3002644be7603711d578682e5a020281bbd4a037ff59db303f3a059	benchmark or regression build/run/check dependency
benchmarks/reconstructed_fault/bp3_birth_completion/compare_local.py	maintained benchmark	keep	1633	dbca4793adcdd90dc4546065066cc01567b4435c2868612b877d969d8a75c73e	benchmark or regression build/run/check dependency
benchmarks/reconstructed_fault/bp3_birth_completion/evidence/birth-comparison-all-columns.log	generated/rebuildable artifact	untrack-keep-local	1356	45c4b2bc8d18a62f9775ff330d7b64711e7ddaa19a92b24c28d6e3c7983a1125	completed run log/expanded input/export; archive exact bytes, retain local comparison paths
benchmarks/reconstructed_fault/bp3_birth_completion/evidence/birth-comparison-matched-initialization.log	generated/rebuildable artifact	untrack-keep-local	28	f28b9affe2682efec29afefc977e6c0d5b08c07f111e85d784ba3a8e4b6b85dd	completed run log/expanded input/export; archive exact bytes, retain local comparison paths
benchmarks/reconstructed_fault/bp3_birth_completion/evidence/birth-comparison.log	generated/rebuildable artifact	untrack-keep-local	28	92b916c724d73a9a1845fe821acbf12dcf92f167a7e610f88ae04779ead47d36	completed run log/expanded input/export; archive exact bytes, retain local comparison paths
benchmarks/reconstructed_fault/bp3_birth_completion/evidence/core-build-gcc12.log	generated/rebuildable artifact	untrack-keep-local	31563	5e82bc8854ccffb78231c1e654d8ce8bcdaf9bd9e0dca2f4a13d37463baf1f6f	completed run log/expanded input/export; archive exact bytes, retain local comparison paths
benchmarks/reconstructed_fault/bp3_birth_completion/evidence/core-build.log	generated/rebuildable artifact	untrack-keep-local	2614	3eb5e6758d963e893592bf9ea29c700f8b583cd155edf34a74942c8a7268e465	completed run log/expanded input/export; archive exact bytes, retain local comparison paths
benchmarks/reconstructed_fault/bp3_birth_completion/evidence/create-np2.json	deliberate test reference	keep	696	2f40a8a3308af8df3da5b0ece8e3f8b038ef89f36d365875cce27089249c9cdd	compact qualification summary/provenance retained with regression
benchmarks/reconstructed_fault/bp3_birth_completion/evidence/create-np2.log	generated/rebuildable artifact	untrack-keep-local	21740	36841ce9b42497635464e07c191d0c61f8afa789dd136a1675b1338cfa82055f	completed run log/expanded input/export; archive exact bytes, retain local comparison paths
benchmarks/reconstructed_fault/bp3_birth_completion/evidence/create-np2.prm	generated/rebuildable artifact	untrack-keep-local	7370	d14b7641e2db3735b37d54213c28c356537037333e3b92249c240fcf5bde4f07	completed run log/expanded input/export; archive exact bytes, retain local comparison paths
benchmarks/reconstructed_fault/bp3_birth_completion/evidence/direct-final-np1.json	deliberate test reference	keep	696	a79a681a5b81dbb0dafd6ac7ca2a572b6ce19df4f86f121d7fbe5fe0c9d233cd	compact qualification summary/provenance retained with regression
benchmarks/reconstructed_fault/bp3_birth_completion/evidence/direct-final-np1.log	generated/rebuildable artifact	untrack-keep-local	21640	ace9a6f06554888d77410cd99cccd33a11cf1125704a470ade0f20a3c62c86ce	completed run log/expanded input/export; archive exact bytes, retain local comparison paths
benchmarks/reconstructed_fault/bp3_birth_completion/evidence/direct-final-np1.prm	generated/rebuildable artifact	untrack-keep-local	7279	3ff5a6e6cdd18695f5db1a18427caa7fc9733067aef6772f753c5d9877cafce9	completed run log/expanded input/export; archive exact bytes, retain local comparison paths
benchmarks/reconstructed_fault/bp3_birth_completion/evidence/direct-np1.json	deliberate test reference	keep	635	2101708585fcb9aa8ed5b288df2ee87da53166108b8428d787b60472405a3ef1	compact qualification summary/provenance retained with regression
benchmarks/reconstructed_fault/bp3_birth_completion/evidence/direct-np1.log	generated/rebuildable artifact	untrack-keep-local	20563	3fcd064836be27daaf89f14c28a5b7461de09bf2f60174f71b08932052e061a5	completed run log/expanded input/export; archive exact bytes, retain local comparison paths
benchmarks/reconstructed_fault/bp3_birth_completion/evidence/direct-np1.prm	generated/rebuildable artifact	untrack-keep-local	7273	529aa18acf42325224b1fcf3cfad6c06f964bc942ffe0748a773362f4378c3ac	completed run log/expanded input/export; archive exact bytes, retain local comparison paths
benchmarks/reconstructed_fault/bp3_birth_completion/evidence/direct2-np2.json	deliberate test reference	keep	697	c41ef26655ad363d020ed7a1790ff00c997c782be57d1e7bc3252e65abdac303	compact qualification summary/provenance retained with regression
benchmarks/reconstructed_fault/bp3_birth_completion/evidence/direct2-np2.log	generated/rebuildable artifact	untrack-keep-local	17454	d4448b9cf7498b9940f147bad00e142e2982dc019450e75b3e372619677f2a34	completed run log/expanded input/export; archive exact bytes, retain local comparison paths
benchmarks/reconstructed_fault/bp3_birth_completion/evidence/direct2-np2.prm	generated/rebuildable artifact	untrack-keep-local	7440	290e1ecebeb56b5fbf869aa8ac00bb6d82fbc1f2948f11257ac4de3d4b767108	completed run log/expanded input/export; archive exact bytes, retain local comparison paths
benchmarks/reconstructed_fault/bp3_birth_completion/evidence/direct2-prepared-np2.json	deliberate test reference	keep	696	3a4c593dc6fd53a087590ff55c52f791dd159119a2d213087a0ea5990ac73972	compact qualification summary/provenance retained with regression
benchmarks/reconstructed_fault/bp3_birth_completion/evidence/direct2-prepared-np2.log	generated/rebuildable artifact	untrack-keep-local	18898	04af3234608741297b88d0db745b2fa551fb913e9ceccda3b01ae8c5be8c3221	completed run log/expanded input/export; archive exact bytes, retain local comparison paths
benchmarks/reconstructed_fault/bp3_birth_completion/evidence/direct2-prepared-np2.prm	generated/rebuildable artifact	untrack-keep-local	7446	416e9d21482136d89fd6fd1cbee72b63e4828d507ebf37de113339f323f5947b	completed run log/expanded input/export; archive exact bytes, retain local comparison paths
benchmarks/reconstructed_fault/bp3_birth_completion/evidence/incoming-local-diagnostics.cc	generated/rebuildable artifact	untrack-keep-local	13638	01559e54466bd0aa7dfa467546201be36f64b10a2c601fa4eec6fb74ebbb0f44	completed run log/expanded input/export; archive exact bytes, retain local comparison paths
benchmarks/reconstructed_fault/bp3_birth_completion/evidence/incoming-tracked.patch	generated/rebuildable artifact	untrack-keep-local	14964	0b3edc494a391e1d9c47eed11c3f33d8133ff94608574fad43137b476efaf3c6	completed run log/expanded input/export; archive exact bytes, retain local comparison paths
benchmarks/reconstructed_fault/bp3_birth_completion/evidence/local-A-final-np2.json	deliberate test reference	keep	698	ea565719c6880ceb953828e82f3e12e15bff7a8b549f8dd82edf7d32dcd1103c	compact qualification summary/provenance retained with regression
benchmarks/reconstructed_fault/bp3_birth_completion/evidence/local-A-final-np2.log	generated/rebuildable artifact	untrack-keep-local	20835	6168d1dafa90980a9bc16e4d7c7b58b104eab59ac00d241e6a42e813ff706da5	completed run log/expanded input/export; archive exact bytes, retain local comparison paths
benchmarks/reconstructed_fault/bp3_birth_completion/evidence/local-A-final-np2.prm	generated/rebuildable artifact	untrack-keep-local	7650	7ec579a81da8237c66b0c2539aefbe0ae23ada04da1f2ea685c0f651a71d71e7	completed run log/expanded input/export; archive exact bytes, retain local comparison paths
benchmarks/reconstructed_fault/bp3_birth_completion/evidence/local-A-np2.json	deliberate test reference	keep	698	3117495b922e5f0a5399a3c92b113590b24a2180e4c376b2d9ffd0481600fb66	compact qualification summary/provenance retained with regression
benchmarks/reconstructed_fault/bp3_birth_completion/evidence/local-A-np2.log	generated/rebuildable artifact	untrack-keep-local	20817	d4bbf5989d5bdb7995b8ac2f24dabd1da40fceed0167507137f8ccf2730df142	completed run log/expanded input/export; archive exact bytes, retain local comparison paths
benchmarks/reconstructed_fault/bp3_birth_completion/evidence/local-A-np2.prm	generated/rebuildable artifact	untrack-keep-local	7644	d2079b4e2f558f0554e1d6402d632a6d88ad20128c78668957ed8908e97c2510	completed run log/expanded input/export; archive exact bytes, retain local comparison paths
benchmarks/reconstructed_fault/bp3_birth_completion/evidence/local-B-final-np2.json	deliberate test reference	keep	699	775e67a9a9ef940f964e289ac5a0875260d7818d2834f09d35855c0f701f9ec4	compact qualification summary/provenance retained with regression
benchmarks/reconstructed_fault/bp3_birth_completion/evidence/local-B-final-np2.log	generated/rebuildable artifact	untrack-keep-local	20834	d937a01d6fdc5dcfcd9663608073339cd525e764356219139447abcc4ae74238	completed run log/expanded input/export; archive exact bytes, retain local comparison paths
benchmarks/reconstructed_fault/bp3_birth_completion/evidence/local-B-final-np2.prm	generated/rebuildable artifact	untrack-keep-local	7650	5d7dd3419e34bf9aba8af9b0e6792cf2cf6a34a9d173e410e3e9c8fd672b8bfe	completed run log/expanded input/export; archive exact bytes, retain local comparison paths
benchmarks/reconstructed_fault/bp3_birth_completion/evidence/local-B-np2.json	deliberate test reference	keep	699	941e96732743b54427c6253227747f7e3b680ec165781b2f6cefb8bffdf412ac	compact qualification summary/provenance retained with regression
benchmarks/reconstructed_fault/bp3_birth_completion/evidence/local-B-np2.log	generated/rebuildable artifact	untrack-keep-local	20816	5765e7d676d1c04375527a234d6d6a59d95a86b703a8bc4528f123a2609e7b2f	completed run log/expanded input/export; archive exact bytes, retain local comparison paths
benchmarks/reconstructed_fault/bp3_birth_completion/evidence/local-B-np2.prm	generated/rebuildable artifact	untrack-keep-local	7644	65dc775637da6926c60c722370857ae20a2a75e4a59bfde0982e183d99b9f39e	completed run log/expanded input/export; archive exact bytes, retain local comparison paths
benchmarks/reconstructed_fault/bp3_birth_completion/evidence/local-build-birth-path.log	generated/rebuildable artifact	untrack-keep-local	274	3f3f0dd006aed75d45d6fa2642dc9e9d4fdc7de4fdcf8d7af15f270f4c3706af	completed run log/expanded input/export; archive exact bytes, retain local comparison paths
benchmarks/reconstructed_fault/bp3_birth_completion/evidence/local-build.log	generated/rebuildable artifact	untrack-keep-local	1125	d13ebd86a651b6b7ba30b64abdf90844ed81ab70db2b4db54d5d217134f552e0	completed run log/expanded input/export; archive exact bytes, retain local comparison paths
benchmarks/reconstructed_fault/bp3_birth_completion/evidence/local-configure.log	generated/rebuildable artifact	untrack-keep-local	890	714710384982ebf220f4752f2992dcb5a961952f9de740c6b6e0612a29ddab39	completed run log/expanded input/export; archive exact bytes, retain local comparison paths
benchmarks/reconstructed_fault/bp3_birth_completion/evidence/observer-build.log	generated/rebuildable artifact	untrack-keep-local	823	080ca30eff65cf36dcf41b215d8158b42a4c1b924a64083da0d969efe7fcb7ac	completed run log/expanded input/export; archive exact bytes, retain local comparison paths
benchmarks/reconstructed_fault/bp3_birth_completion/evidence/observer-configure.log	generated/rebuildable artifact	untrack-keep-local	896	7ba821daf255e30b440b6700a062438916fa9d3fa79c9954fe13f595d58cfbd7	completed run log/expanded input/export; archive exact bytes, retain local comparison paths
benchmarks/reconstructed_fault/bp3_birth_completion/evidence/plugin-build-deferred-audit.log	generated/rebuildable artifact	untrack-keep-local	189	c441f86c99071e720c32de4fd1aee4ef46bff278130f15d5d2097fb0539ec716	completed run log/expanded input/export; archive exact bytes, retain local comparison paths
benchmarks/reconstructed_fault/bp3_birth_completion/evidence/plugin-build.log	generated/rebuildable artifact	untrack-keep-local	957	ba91a5043e249ae2a5725be2e480b6445558dad586a5a2a92f3333ff000614f3	completed run log/expanded input/export; archive exact bytes, retain local comparison paths
benchmarks/reconstructed_fault/bp3_birth_completion/evidence/plugin-configure.log	generated/rebuildable artifact	untrack-keep-local	895	d57fefdc447fa0749d2c3948888d4d99fd869d33fba08dd0a414252d854bd3a2	completed run log/expanded input/export; archive exact bytes, retain local comparison paths
benchmarks/reconstructed_fault/bp3_birth_completion/evidence/production-initial-material-np2.json	deliberate test reference	keep	702	903a1c9e9546cc6f24577107b3fa696c0aa4b91b308d9168fdf9af3674253ca0	compact qualification summary/provenance retained with regression
benchmarks/reconstructed_fault/bp3_birth_completion/evidence/production-initial-material-np2.log	generated/rebuildable artifact	untrack-keep-local	21957	898bb20d929397143d56843fa2c9543fc1877f85850fb3c178dccc2598dadbd5	completed run log/expanded input/export; archive exact bytes, retain local comparison paths
benchmarks/reconstructed_fault/bp3_birth_completion/evidence/production-initial-material-np2.prm	generated/rebuildable artifact	untrack-keep-local	7802	b4c0d845a1924974d81bb523e1b2733b535460808ff8664803a889dafdb60c2f	completed run log/expanded input/export; archive exact bytes, retain local comparison paths
benchmarks/reconstructed_fault/bp3_birth_completion/evidence/production-mesh-np1.json	deliberate test reference	keep	705	c243c7652ec8766394b1a51e6aa6d043bdc4c8b4802e851aa223e01a46cf0977	compact qualification summary/provenance retained with regression
benchmarks/reconstructed_fault/bp3_birth_completion/evidence/production-mesh-np1.log	generated/rebuildable artifact	untrack-keep-local	17309	3125b3b69865bd53646b84035454e45ea8bc005ddb887e38084b94aea881aa57	completed run log/expanded input/export; archive exact bytes, retain local comparison paths
benchmarks/reconstructed_fault/bp3_birth_completion/evidence/production-mesh-np1.prm	generated/rebuildable artifact	untrack-keep-local	7842	46efa8a9390fe53f1d12ccb69f8c9cc1e1d9ac11b11a61ec39783d1702eca52a	completed run log/expanded input/export; archive exact bytes, retain local comparison paths
benchmarks/reconstructed_fault/bp3_birth_completion/evidence/production-normal-timing-np2.json	deliberate test reference	keep	721	5d8d528a617cd5a164353cfa9e0e6a4700754a4c72a5b396c2e06c6c5ae94583	compact qualification summary/provenance retained with regression
benchmarks/reconstructed_fault/bp3_birth_completion/evidence/production-normal-timing-np2.log	generated/rebuildable artifact	untrack-keep-local	14697	bc21f6bac18f12e30105a1ecc6f80ca4a36bb2f0e6f6680e7ad6108ec872c9b6	completed run log/expanded input/export; archive exact bytes, retain local comparison paths
benchmarks/reconstructed_fault/bp3_birth_completion/evidence/production-normal-timing-np2.prm	generated/rebuildable artifact	untrack-keep-local	7800	b4a60be68333992a41f2dfc4e360245050517d2f6c565b566ac7de564d552feb	completed run log/expanded input/export; archive exact bytes, retain local comparison paths
benchmarks/reconstructed_fault/bp3_birth_completion/evidence/production-np2.json	deliberate test reference	keep	701	56bcbfdaa7566f7b68d9b719e8518de1014b78f6c3b4dda4eb8c92753c2a6683	compact qualification summary/provenance retained with regression
benchmarks/reconstructed_fault/bp3_birth_completion/evidence/production-np2.log	generated/rebuildable artifact	untrack-keep-local	17984	dd62e2b3f2d689c330086d2896c2743a6c0ae7b03b33649988ec23502611bded	completed run log/expanded input/export; archive exact bytes, retain local comparison paths
benchmarks/reconstructed_fault/bp3_birth_completion/evidence/production-np2.prm	generated/rebuildable artifact	untrack-keep-local	7794	93f0e259113573ab0d5a1c0e4cf2fe91df11546f56eea0b3317da5b0b6b56d91	completed run log/expanded input/export; archive exact bytes, retain local comparison paths
benchmarks/reconstructed_fault/bp3_birth_completion/evidence/production-parse-np1.json	deliberate test reference	keep	723	61442c1bfdcb19269d9c8017b664b03d167817bce2367c19088fed83b90d4f1d	compact qualification summary/provenance retained with regression
benchmarks/reconstructed_fault/bp3_birth_completion/evidence/production-parse-np1.log	generated/rebuildable artifact	untrack-keep-local	845	cea01b1d9b29d51593a192332742ee52ffbf88260d449e8c9d8e88fc65514042	completed run log/expanded input/export; archive exact bytes, retain local comparison paths
benchmarks/reconstructed_fault/bp3_birth_completion/evidence/production-parse-np1.prm	generated/rebuildable artifact	untrack-keep-local	205	71305659a6b2697d804f27166ee338a15d345a4f3ddf11cdb7dff65bb9d69140	completed run log/expanded input/export; archive exact bytes, retain local comparison paths
benchmarks/reconstructed_fault/bp3_birth_completion/evidence/production-phase-entry-np2.json	deliberate test reference	keep	704	426924764a80193d212a269523f2e0ae059afaae4b840d658e4d0e9ce6d7a2f1	compact qualification summary/provenance retained with regression
benchmarks/reconstructed_fault/bp3_birth_completion/evidence/production-phase-entry-np2.log	generated/rebuildable artifact	untrack-keep-local	14977	409535a8f47c0f7859fc3921144665ea6721f5e9c0519db3501b52cafcde1fe3	completed run log/expanded input/export; archive exact bytes, retain local comparison paths
benchmarks/reconstructed_fault/bp3_birth_completion/evidence/production-phase-entry-np2.prm	generated/rebuildable artifact	untrack-keep-local	7804	92be21b0b26705a5fac431d5077733737d3d734cf3d50193031fd0eef71a1679	completed run log/expanded input/export; archive exact bytes, retain local comparison paths
benchmarks/reconstructed_fault/bp3_birth_completion/evidence/production-progress-backtrace.log	generated/rebuildable artifact	untrack-keep-local	18622	be9f610974b503106980d6048becb3b024d5c9d0197202b5a23c60c4fb0a38e8	completed run log/expanded input/export; archive exact bytes, retain local comparison paths
benchmarks/reconstructed_fault/bp3_birth_completion/evidence/qualification-build-final.log	generated/rebuildable artifact	untrack-keep-local	204	885c6cdd11f7b8a5c96309a7104d1e3dd62f5d6c6497a1f40ed52940f81390f4	completed run log/expanded input/export; archive exact bytes, retain local comparison paths
benchmarks/reconstructed_fault/bp3_birth_completion/evidence/qualification-build-initial-material.log	generated/rebuildable artifact	untrack-keep-local	254	7268994b3b999391cf91b629e64b5d738512f309a80072459a9264096f4f5059	completed run log/expanded input/export; archive exact bytes, retain local comparison paths
benchmarks/reconstructed_fault/bp3_birth_completion/evidence/qualification-build-normal-timing.log	generated/rebuildable artifact	untrack-keep-local	254	7268994b3b999391cf91b629e64b5d738512f309a80072459a9264096f4f5059	completed run log/expanded input/export; archive exact bytes, retain local comparison paths
benchmarks/reconstructed_fault/bp3_birth_completion/evidence/qualification-build-phase-entry.log	generated/rebuildable artifact	untrack-keep-local	254	7268994b3b999391cf91b629e64b5d738512f309a80072459a9264096f4f5059	completed run log/expanded input/export; archive exact bytes, retain local comparison paths
benchmarks/reconstructed_fault/bp3_birth_completion/evidence/qualification-build.log	generated/rebuildable artifact	untrack-keep-local	204	885c6cdd11f7b8a5c96309a7104d1e3dd62f5d6c6497a1f40ed52940f81390f4	completed run log/expanded input/export; archive exact bytes, retain local comparison paths
benchmarks/reconstructed_fault/bp3_birth_completion/evidence/qualification-configure.log	generated/rebuildable artifact	untrack-keep-local	904	d4197dc4bfec54246a2690aeced358ba11de651b088475822a0d52a26f117d52	completed run log/expanded input/export; archive exact bytes, retain local comparison paths
benchmarks/reconstructed_fault/bp3_birth_completion/evidence/resume-np2.json	deliberate test reference	keep	695	3bed8c25f0112042af5d0267a96741318dcbdfe9fd11a1d9c507156db25d0db2	compact qualification summary/provenance retained with regression
benchmarks/reconstructed_fault/bp3_birth_completion/evidence/resume-np2.log	generated/rebuildable artifact	untrack-keep-local	18913	14bb0e933f3e2efc16b3a182438454fabda37e941ab9a2d7465e6064b4d2576c	completed run log/expanded input/export; archive exact bytes, retain local comparison paths
benchmarks/reconstructed_fault/bp3_birth_completion/evidence/resume-np2.prm	generated/rebuildable artifact	untrack-keep-local	7369	421aacd472199e5da2ff903d0d3aafd55b94d805e6b438eccf64983e2249f942	completed run log/expanded input/export; archive exact bytes, retain local comparison paths
benchmarks/reconstructed_fault/bp3_birth_completion/evidence/retry-np1.json	deliberate test reference	keep	695	705d2acc26a1cbc8a1beb0f4f7e38cd87fdf9b2d1d8875a1b4b19434ab3503c2	compact qualification summary/provenance retained with regression
benchmarks/reconstructed_fault/bp3_birth_completion/evidence/retry-np1.log	generated/rebuildable artifact	untrack-keep-local	22148	89e11b1966f380c4e535f007431e68ba3974a530d59f9a2d0caeca4a1f9110da	completed run log/expanded input/export; archive exact bytes, retain local comparison paths
benchmarks/reconstructed_fault/bp3_birth_completion/evidence/retry-np1.prm	generated/rebuildable artifact	untrack-keep-local	7343	a20ac1893882be9d258298a9644c6fc83dbea7ce7bd4e54a8c0b0171c578fa58	completed run log/expanded input/export; archive exact bytes, retain local comparison paths
benchmarks/reconstructed_fault/bp3_birth_completion/evidence/retry-reuse-comparison-final.log	generated/rebuildable artifact	untrack-keep-local	25	a66c9e2aed45217ca5ccf60620b7b54ebafa682e1410684c693cec7d9bc16239	completed run log/expanded input/export; archive exact bytes, retain local comparison paths
benchmarks/reconstructed_fault/bp3_birth_completion/evidence/retry-reuse-comparison.log	generated/rebuildable artifact	untrack-keep-local	28	92b916c724d73a9a1845fe821acbf12dcf92f167a7e610f88ae04779ead47d36	completed run log/expanded input/export; archive exact bytes, retain local comparison paths
benchmarks/reconstructed_fault/bp3_birth_completion/evidence/retry2-np2.json	deliberate test reference	keep	694	2281d27b3e6c9c5d291791630926fb4de12191e19fc322dac0af1635a1844dea	compact qualification summary/provenance retained with regression
benchmarks/reconstructed_fault/bp3_birth_completion/evidence/retry2-np2.log	generated/rebuildable artifact	untrack-keep-local	19408	6482a6523bf54051cefb738dfe4d275b71b88470d49e94364ddc5f5f1717a27c	completed run log/expanded input/export; archive exact bytes, retain local comparison paths
benchmarks/reconstructed_fault/bp3_birth_completion/evidence/retry2-np2.prm	generated/rebuildable artifact	untrack-keep-local	7438	3feb9d18a580bd9dc5012bbc8324eb4828ce3d114305c1eb9459b6f05510354e	completed run log/expanded input/export; archive exact bytes, retain local comparison paths
benchmarks/reconstructed_fault/bp3_birth_completion/evidence/staggered-np2.json	deliberate test reference	keep	699	a85cf7936155a11fc1d44021c3c4c41c82bbb3909df43366b5498a47342df685	compact qualification summary/provenance retained with regression
benchmarks/reconstructed_fault/bp3_birth_completion/evidence/staggered-np2.log	generated/rebuildable artifact	untrack-keep-local	22998	d4b1e1a990bd546d5a67562813f2d3a728b4b6707d2a21dffb6b1ea8bedc1b81	completed run log/expanded input/export; archive exact bytes, retain local comparison paths
benchmarks/reconstructed_fault/bp3_birth_completion/evidence/staggered-np2.prm	generated/rebuildable artifact	untrack-keep-local	7373	c07905077d989a97334ceb061a20e21ba76cf8cae7b7e669b0667b32733c6bdb	completed run log/expanded input/export; archive exact bytes, retain local comparison paths
benchmarks/reconstructed_fault/bp3_birth_completion/evidence/transport-A-audit-np2.json	deliberate test reference	keep	702	a144835bc87688101fa09e43ff0d0ed55f70833103fee662e532263a0f96c18d	compact qualification summary/provenance retained with regression
benchmarks/reconstructed_fault/bp3_birth_completion/evidence/transport-A-audit-np2.log	generated/rebuildable artifact	untrack-keep-local	5268	f680b432094d7d72976d6d26b724d0dadeb539622403582023003f187350dc62	completed run log/expanded input/export; archive exact bytes, retain local comparison paths
benchmarks/reconstructed_fault/bp3_birth_completion/evidence/transport-A-audit-np2.prm	generated/rebuildable artifact	untrack-keep-local	6730	2c666db330896df4ffef6b5812cf89d8db993949c7ca3ca294fbe24c92b82586	completed run log/expanded input/export; archive exact bytes, retain local comparison paths
benchmarks/reconstructed_fault/bp3_birth_completion/evidence/transport-A-final-np2.json	deliberate test reference	keep	702	729db61fab58f1962778cae147febbac789b0461bd1c4b04b30553f0fe30ab39	compact qualification summary/provenance retained with regression
benchmarks/reconstructed_fault/bp3_birth_completion/evidence/transport-A-final-np2.log	generated/rebuildable artifact	untrack-keep-local	5658	e38093895e617f9b4daec145bacc0efdcde40d30bcf065e2b0f277f4a5c72364	completed run log/expanded input/export; archive exact bytes, retain local comparison paths
benchmarks/reconstructed_fault/bp3_birth_completion/evidence/transport-A-final-np2.prm	generated/rebuildable artifact	untrack-keep-local	6736	a1abfbb923ad95cb4406ff07b97f68cbf6afc716c248b6a968309313e0358e21	completed run log/expanded input/export; archive exact bytes, retain local comparison paths
benchmarks/reconstructed_fault/bp3_birth_completion/evidence/transport-A-np2.json	deliberate test reference	keep	642	fb6555cc33f92be9543a3a49185206d618aaa16de1bcfd79c7b055563dbd6158	compact qualification summary/provenance retained with regression
benchmarks/reconstructed_fault/bp3_birth_completion/evidence/transport-A-np2.log	generated/rebuildable artifact	untrack-keep-local	557	e407a03f8956042d8a3115abee638d4b9b123b038d3b12b2e5dcadee0e4a2c7d	completed run log/expanded input/export; archive exact bytes, retain local comparison paths
benchmarks/reconstructed_fault/bp3_birth_completion/evidence/transport-A-np2.prm	generated/rebuildable artifact	untrack-keep-local	6730	2c666db330896df4ffef6b5812cf89d8db993949c7ca3ca294fbe24c92b82586	completed run log/expanded input/export; archive exact bytes, retain local comparison paths
benchmarks/reconstructed_fault/bp3_birth_completion/evidence/transport-A-resume-np2.json	deliberate test reference	keep	708	5a2caaf10ac7d53ee3583459ec7c3d8d0722657d3fd5cbfb0569169eeb668ea5	compact qualification summary/provenance retained with regression
benchmarks/reconstructed_fault/bp3_birth_completion/evidence/transport-A-resume-np2.log	generated/rebuildable artifact	untrack-keep-local	4083	55e215a914f21265aa486a414f3401c0f306d7648c2adbfb92a67794dbbb4514	completed run log/expanded input/export; archive exact bytes, retain local comparison paths
benchmarks/reconstructed_fault/bp3_birth_completion/evidence/transport-A-resume-np2.prm	generated/rebuildable artifact	untrack-keep-local	6736	b951165b6baeb62296780f4a631ff5b22066ee3f3330de1e55164d9b2ae40c8c	completed run log/expanded input/export; archive exact bytes, retain local comparison paths
benchmarks/reconstructed_fault/bp3_birth_completion/evidence/transport-A-serial-np1.json	deliberate test reference	keep	708	309b99b37e689d995c877e55ec8cd1092a87c64122aa913d9de0299f28c746fe	compact qualification summary/provenance retained with regression
benchmarks/reconstructed_fault/bp3_birth_completion/evidence/transport-A-serial-np1.log	generated/rebuildable artifact	untrack-keep-local	5583	1371bd97640c79a3b08ebd99292104f971f9f1fad850b99916612684bad0afe0	completed run log/expanded input/export; archive exact bytes, retain local comparison paths
benchmarks/reconstructed_fault/bp3_birth_completion/evidence/transport-A-serial-np1.prm	generated/rebuildable artifact	untrack-keep-local	6737	c8578adb332b1e3f3707c47b390239e93d78d2e223f882d9323633805e89785a	completed run log/expanded input/export; archive exact bytes, retain local comparison paths
benchmarks/reconstructed_fault/bp3_birth_completion/evidence/transport-A-serial-resume-np1.json	deliberate test reference	keep	715	6d66d1a4bdc1a655e47f8c05e7cb21f20088ac1ca9a61bf7ba70a0d5ce6f2777	compact qualification summary/provenance retained with regression
benchmarks/reconstructed_fault/bp3_birth_completion/evidence/transport-A-serial-resume-np1.log	generated/rebuildable artifact	untrack-keep-local	4014	8659da87b1a81a76c5510732864bdbadebb7c8ea0703397658b1719768f80667	completed run log/expanded input/export; archive exact bytes, retain local comparison paths
benchmarks/reconstructed_fault/bp3_birth_completion/evidence/transport-A-serial-resume-np1.prm	generated/rebuildable artifact	untrack-keep-local	6743	5d4201788b37dc84d4363f2c45258a9dd6e06928c2794fb6fe605ebd057b8b04	completed run log/expanded input/export; archive exact bytes, retain local comparison paths
benchmarks/reconstructed_fault/bp3_birth_completion/evidence/transport-A-sockets-np2.json	deliberate test reference	keep	640	a8e0e677a586b1bf57d62a1ef4f6b5193d5a8cdfb06ddf9be81f340c70cead2d	compact qualification summary/provenance retained with regression
benchmarks/reconstructed_fault/bp3_birth_completion/evidence/transport-A-sockets-np2.log	generated/rebuildable artifact	untrack-keep-local	7699	fe0b51bd18d2363f0720a9e2f5b7b565a30e372a4933372aa121bde95dba15b4	completed run log/expanded input/export; archive exact bytes, retain local comparison paths
benchmarks/reconstructed_fault/bp3_birth_completion/evidence/transport-A-sockets-np2.prm	generated/rebuildable artifact	untrack-keep-local	6730	2c666db330896df4ffef6b5812cf89d8db993949c7ca3ca294fbe24c92b82586	completed run log/expanded input/export; archive exact bytes, retain local comparison paths
benchmarks/reconstructed_fault/bp3_birth_completion/evidence/transport-build-control.log	generated/rebuildable artifact	untrack-keep-local	231	479be832d601d59f5de08cf290178b22c3a5ce8bcdc0e537445b929cd5ad10b9	completed run log/expanded input/export; archive exact bytes, retain local comparison paths
benchmarks/reconstructed_fault/bp3_birth_completion/evidence/transport-build-deferred-audit.log	generated/rebuildable artifact	untrack-keep-local	277	9ff638349cefab65beb22fffe85fd6692ca5b83a16bcc38b7b89da1c513f1122	completed run log/expanded input/export; archive exact bytes, retain local comparison paths
benchmarks/reconstructed_fault/bp3_birth_completion/evidence/transport-build-retry-test.log	generated/rebuildable artifact	untrack-keep-local	231	479be832d601d59f5de08cf290178b22c3a5ce8bcdc0e537445b929cd5ad10b9	completed run log/expanded input/export; archive exact bytes, retain local comparison paths
benchmarks/reconstructed_fault/bp3_birth_completion/evidence/transport-build-startup.log	generated/rebuildable artifact	untrack-keep-local	231	479be832d601d59f5de08cf290178b22c3a5ce8bcdc0e537445b929cd5ad10b9	completed run log/expanded input/export; archive exact bytes, retain local comparison paths
benchmarks/reconstructed_fault/bp3_birth_completion/evidence/transport-build.log	generated/rebuildable artifact	untrack-keep-local	1181	bdda83d73a5b4a46c3374730461a9ba836a92a0438d4468395603634f8395e01	completed run log/expanded input/export; archive exact bytes, retain local comparison paths
benchmarks/reconstructed_fault/bp3_birth_completion/evidence/transport-configure.log	generated/rebuildable artifact	untrack-keep-local	895	9ad9e4e7ce68036f1275cce21b2fcaec9265f478e95e4d16a1bb9cbd0b74f869	completed run log/expanded input/export; archive exact bytes, retain local comparison paths
benchmarks/reconstructed_fault/bp3_birth_completion/evidence/transport-control-1-np1.json	deliberate test reference	keep	709	925e2712fea264483e21a760bbdb4f2b1b5110238993763c4acd43d1fa4be664	compact qualification summary/provenance retained with regression
benchmarks/reconstructed_fault/bp3_birth_completion/evidence/transport-control-1-np1.log	generated/rebuildable artifact	untrack-keep-local	5635	7fcb5ad012364aa386171e4276f33836362b158703636928826cca051ab68f1f	completed run log/expanded input/export; archive exact bytes, retain local comparison paths
benchmarks/reconstructed_fault/bp3_birth_completion/evidence/transport-control-1-np1.prm	generated/rebuildable artifact	untrack-keep-local	6808	182542286ac046ce5c61a13483d8d34f4eab77a3686bf269bb5b83aa1d744856	completed run log/expanded input/export; archive exact bytes, retain local comparison paths
benchmarks/reconstructed_fault/bp3_birth_completion/evidence/transport-control-2-np2.json	deliberate test reference	keep	709	e732a1afa3b2e27dfe75bc01f2c168431958ba68be85cad14b885939ce24c98e	compact qualification summary/provenance retained with regression
benchmarks/reconstructed_fault/bp3_birth_completion/evidence/transport-control-2-np2.log	generated/rebuildable artifact	untrack-keep-local	5712	994f563e7f89366295f5aac6ed7f50671f7076de047d7bbe0e3b014eedf164db	completed run log/expanded input/export; archive exact bytes, retain local comparison paths
benchmarks/reconstructed_fault/bp3_birth_completion/evidence/transport-control-2-np2.prm	generated/rebuildable artifact	untrack-keep-local	6808	dcf99ee612b1c345d4587a7a63fc94d0b1137242696ccc70d29df980b61133af	completed run log/expanded input/export; archive exact bytes, retain local comparison paths
benchmarks/reconstructed_fault/bp3_birth_completion/evidence/transport-retry-1-np1.json	deliberate test reference	keep	706	46891e7bb2b713ac14ee5f4e82177c72dfc0ec9f1cfef41156a9091cdff767d0	compact qualification summary/provenance retained with regression
benchmarks/reconstructed_fault/bp3_birth_completion/evidence/transport-retry-1-np1.log	generated/rebuildable artifact	untrack-keep-local	5642	d984df3943deaf35a44dd32fb8caef16a134a45360393d63eaec5443425c453a	completed run log/expanded input/export; archive exact bytes, retain local comparison paths
benchmarks/reconstructed_fault/bp3_birth_completion/evidence/transport-retry-1-np1.prm	generated/rebuildable artifact	untrack-keep-local	6802	22350f59a9206d03e18e0083496183c27fd131b2874ccc03a12e29a7d5b1d57a	completed run log/expanded input/export; archive exact bytes, retain local comparison paths
benchmarks/reconstructed_fault/bp3_birth_completion/evidence/transport-retry-2-np2.json	deliberate test reference	keep	707	30b4eb692ee2ec957c1e4270276bfacbeb9b5a0c65318a4f0ef1b991ec4e93ee	compact qualification summary/provenance retained with regression
benchmarks/reconstructed_fault/bp3_birth_completion/evidence/transport-retry-2-np2.log	generated/rebuildable artifact	untrack-keep-local	5719	3ab5eb76a9c7124705e2f1bc29d5e71b7eaf1b82a8d4070bf108bc60fc5c4092	completed run log/expanded input/export; archive exact bytes, retain local comparison paths
benchmarks/reconstructed_fault/bp3_birth_completion/evidence/transport-retry-2-np2.prm	generated/rebuildable artifact	untrack-keep-local	6802	85ccc6a563328f25ebcf211806a3d6aa663d84824023befa5bf442151e1dadcf	completed run log/expanded input/export; archive exact bytes, retain local comparison paths
benchmarks/reconstructed_fault/bp3_birth_completion/inputs/create.prm	maintained benchmark	keep	7370	d14b7641e2db3735b37d54213c28c356537037333e3b92249c240fcf5bde4f07	benchmark or regression build/run/check dependency
benchmarks/reconstructed_fault/bp3_birth_completion/inputs/direct.prm	maintained benchmark	keep	7279	3ff5a6e6cdd18695f5db1a18427caa7fc9733067aef6772f753c5d9877cafce9	benchmark or regression build/run/check dependency
benchmarks/reconstructed_fault/bp3_birth_completion/inputs/direct2.prm	maintained benchmark	keep	7446	416e9d21482136d89fd6fd1cbee72b63e4828d507ebf37de113339f323f5947b	benchmark or regression build/run/check dependency
benchmarks/reconstructed_fault/bp3_birth_completion/inputs/local-A.prm	maintained benchmark	keep	7650	7ec579a81da8237c66b0c2539aefbe0ae23ada04da1f2ea685c0f651a71d71e7	benchmark or regression build/run/check dependency
benchmarks/reconstructed_fault/bp3_birth_completion/inputs/local-B.prm	maintained benchmark	keep	7650	5d7dd3419e34bf9aba8af9b0e6792cf2cf6a34a9d173e410e3e9c8fd672b8bfe	benchmark or regression build/run/check dependency
benchmarks/reconstructed_fault/bp3_birth_completion/inputs/model-only.prm	maintained benchmark	keep	7076	70d86e2c3cee1754d9c8bb8863a9d4cd85971c4df2e7b224c50f2aefb476ea07	benchmark or regression build/run/check dependency
benchmarks/reconstructed_fault/bp3_birth_completion/inputs/production-mesh.prm	maintained benchmark	keep	7842	46efa8a9390fe53f1d12ccb69f8c9cc1e1d9ac11b11a61ec39783d1702eca52a	benchmark or regression build/run/check dependency
benchmarks/reconstructed_fault/bp3_birth_completion/inputs/production-parse.prm	maintained benchmark	keep	205	71305659a6b2697d804f27166ee338a15d345a4f3ddf11cdb7dff65bb9d69140	benchmark or regression build/run/check dependency
benchmarks/reconstructed_fault/bp3_birth_completion/inputs/production.prm	maintained benchmark	keep	7804	92be21b0b26705a5fac431d5077733737d3d734cf3d50193031fd0eef71a1679	benchmark or regression build/run/check dependency
benchmarks/reconstructed_fault/bp3_birth_completion/inputs/resume.prm	maintained benchmark	keep	7369	421aacd472199e5da2ff903d0d3aafd55b94d805e6b438eccf64983e2249f942	benchmark or regression build/run/check dependency
benchmarks/reconstructed_fault/bp3_birth_completion/inputs/retry.prm	maintained benchmark	keep	7343	a20ac1893882be9d258298a9644c6fc83dbea7ce7bd4e54a8c0b0171c578fa58	benchmark or regression build/run/check dependency
benchmarks/reconstructed_fault/bp3_birth_completion/inputs/retry2.prm	maintained benchmark	keep	7438	3feb9d18a580bd9dc5012bbc8324eb4828ce3d114305c1eb9459b6f05510354e	benchmark or regression build/run/check dependency
benchmarks/reconstructed_fault/bp3_birth_completion/inputs/staggered.prm	maintained benchmark	keep	7373	c07905077d989a97334ceb061a20e21ba76cf8cae7b7e669b0667b32733c6bdb	benchmark or regression build/run/check dependency
benchmarks/reconstructed_fault/bp3_birth_completion/inputs/transport-A-resume.prm	maintained benchmark	keep	6736	b951165b6baeb62296780f4a631ff5b22066ee3f3330de1e55164d9b2ae40c8c	benchmark or regression build/run/check dependency
benchmarks/reconstructed_fault/bp3_birth_completion/inputs/transport-A-serial-resume.prm	maintained benchmark	keep	6743	5d4201788b37dc84d4363f2c45258a9dd6e06928c2794fb6fe605ebd057b8b04	benchmark or regression build/run/check dependency
benchmarks/reconstructed_fault/bp3_birth_completion/inputs/transport-A-serial.prm	maintained benchmark	keep	6737	c8578adb332b1e3f3707c47b390239e93d78d2e223f882d9323633805e89785a	benchmark or regression build/run/check dependency
benchmarks/reconstructed_fault/bp3_birth_completion/inputs/transport-A.prm	maintained benchmark	keep	6736	a1abfbb923ad95cb4406ff07b97f68cbf6afc716c248b6a968309313e0358e21	benchmark or regression build/run/check dependency
benchmarks/reconstructed_fault/bp3_birth_completion/inputs/transport-control-1.prm	maintained benchmark	keep	6808	182542286ac046ce5c61a13483d8d34f4eab77a3686bf269bb5b83aa1d744856	benchmark or regression build/run/check dependency
benchmarks/reconstructed_fault/bp3_birth_completion/inputs/transport-control-2.prm	maintained benchmark	keep	6808	dcf99ee612b1c345d4587a7a63fc94d0b1137242696ccc70d29df980b61133af	benchmark or regression build/run/check dependency
benchmarks/reconstructed_fault/bp3_birth_completion/inputs/transport-retry-1.prm	maintained benchmark	keep	6802	22350f59a9206d03e18e0083496183c27fd131b2874ccc03a12e29a7d5b1d57a	benchmark or regression build/run/check dependency
benchmarks/reconstructed_fault/bp3_birth_completion/inputs/transport-retry-2.prm	maintained benchmark	keep	6802	85ccc6a563328f25ebcf211806a3d6aa663d84824023befa5bf442151e1dadcf	benchmark or regression build/run/check dependency
benchmarks/reconstructed_fault/bp3_birth_completion/observer/CMakeLists.txt	maintained benchmark	keep	535	55ce076f8e085c9c0c46cbcc6c7fc4245b98df206fba6043d959b8de7f7e00a0	benchmark or regression build/run/check dependency
benchmarks/reconstructed_fault/bp3_birth_completion/prepare_branches.py	maintained benchmark	keep	541	92229acbe9bc29e793f375529a442a321c3c1061795a0179d599c176f250093f	benchmark or regression build/run/check dependency
benchmarks/reconstructed_fault/bp3_birth_completion/prepare_inputs.py	maintained benchmark	keep	3322	b50904db3d69d54ba77f05720ec0a3fdd9b2a65224ba700a3da13fe323ef636a	benchmark or regression build/run/check dependency
benchmarks/reconstructed_fault/bp3_birth_completion/qualification/CMakeLists.txt	maintained benchmark	keep	396	daca32e471939dd5d17dad21924a7c3e93fae977cd587379fa5e1c4e3161d794	benchmark or regression build/run/check dependency
benchmarks/reconstructed_fault/bp3_birth_completion/qualification/qualification.cc	maintained benchmark	keep	8458	1d3d933abdb01b165869740505b33054047837e5d1c6b6e626cb79969fdaec6a	benchmark or regression build/run/check dependency
benchmarks/reconstructed_fault/bp3_birth_completion/results/artifacts.json	deliberate test reference	keep	1459	0d69a0011744c13625483e4dbf58f17718be7390fc125c0248976201de031049	compact qualification summary/provenance retained with regression
benchmarks/reconstructed_fault/bp3_birth_completion/results/birth_checks.json	deliberate test reference	keep	40922	066308d7bbe249aa88b7c64055b650e6fc0c17f286fe4bb201e791963d8d2a14	compact qualification summary/provenance retained with regression
benchmarks/reconstructed_fault/bp3_birth_completion/results/birth_counts.json	deliberate test reference	keep	1349	982b15ed58250bef597926faf2c4712c503a744746cd2b8d284960d5832ebebc	compact qualification summary/provenance retained with regression
benchmarks/reconstructed_fault/bp3_birth_completion/results/comparison.json	deliberate test reference	keep	107107	d772df3d750e907aec69f9d7c5847a14659393bd9821eb95685b1686c6fa91f3	compact qualification summary/provenance retained with regression
benchmarks/reconstructed_fault/bp3_birth_completion/results/historical_transport_comparison.json	deliberate test reference	keep	41150	4f286be56331bd68b1f64baf7e206fd8ab6f97145df9086cc1cb67cf63ed9a4c	compact qualification summary/provenance retained with regression
benchmarks/reconstructed_fault/bp3_birth_completion/results/local_comparison.json	deliberate test reference	keep	3001	13190d9a180ce53bcca6a27f807a7a7639fb14155398a70aa44820a323166fd4	compact qualification summary/provenance retained with regression
benchmarks/reconstructed_fault/bp3_birth_completion/results/production-mesh-footprints.csv	deliberate test reference	keep	257	a1fe0149a6c31092faeaef4297e232b6b10e64f02af4cdebf317a8054772df5f	compact qualification summary/provenance retained with regression
benchmarks/reconstructed_fault/bp3_birth_completion/results/production-qualified-footprints.csv	deliberate test reference	keep	257	a1fe0149a6c31092faeaef4297e232b6b10e64f02af4cdebf317a8054772df5f	compact qualification summary/provenance retained with regression
benchmarks/reconstructed_fault/bp3_birth_completion/results/production_qualification.json	deliberate test reference	keep	842	b2d89ea0c2ec445451f09a859328aeea7b3beb350f45685878eb07e225b0b161	compact qualification summary/provenance retained with regression
benchmarks/reconstructed_fault/bp3_birth_completion/results/retry_reuse_checks.json	deliberate test reference	keep	479	76d86fde6301fa344de9fbe7bba68ae89fcbb6fc02cd9ad43fc169f18ad0f4d3	compact qualification summary/provenance retained with regression
benchmarks/reconstructed_fault/bp3_birth_completion/results/reused_ids.json	deliberate test reference	keep	394	ef2f0c3405973f94efae37c0dc228439fc5f285aaee9504180069816ad229c0a	compact qualification summary/provenance retained with regression
benchmarks/reconstructed_fault/bp3_birth_completion/results/run_inventory.json	deliberate test reference	keep	22908	4d5addd9ceea33884bd3054c3420f8b2d68cfd2ab75721bf50cca9414454cc89	compact qualification summary/provenance retained with regression
benchmarks/reconstructed_fault/bp3_birth_completion/results/source_hashes.json	deliberate test reference	keep	5028	49a2e3529ae416e1383286460f80a1fe5034a82a54e2483086697fc734dba917	compact qualification summary/provenance retained with regression
benchmarks/reconstructed_fault/bp3_birth_completion/results/summary.json	deliberate test reference	keep	435	dcbea96c3265686a3e1287365b680fa44c3ce7b0b00a8055b107d08ce6423074	compact qualification summary/provenance retained with regression
benchmarks/reconstructed_fault/bp3_birth_completion/run_cases.py	maintained benchmark	keep	1371	995bbc460253dd267ceb1b4231f44ac04daf98e5470f3614dc5ce958216a8f16	benchmark or regression build/run/check dependency
benchmarks/reconstructed_fault/bp3_birth_completion/run_logged.py	maintained benchmark	keep	2359	4064161766c92a3efb98fd1a383cdee1479f6238a001aae716e3338dbc0d0aed	benchmark or regression build/run/check dependency
benchmarks/reconstructed_fault/bp3_birth_completion/transport/CMakeLists.txt	maintained benchmark	keep	533	911a9c5d10120bf279e4a09d1bad5d9536f93d36ece0a7d4fa1f6f3590b6afa9	benchmark or regression build/run/check dependency
benchmarks/reconstructed_fault/bp3_birth_completion/transport/audit.cc	maintained benchmark	keep	6005	7582e759a9d2a74b33cd22a4fda089335ec70796df0587d00351377921ad4c4e	benchmark or regression build/run/check dependency
benchmarks/reconstructed_fault/bp3_birth_completion/verify_retry.py	maintained benchmark	keep	1045	a3e666e1da3ef460a9ee5dce4309066f6e2c0a48a99462b47a248ceaece696f0	benchmark or regression build/run/check dependency
benchmarks/reconstructed_fault/bp3_geometry/.gitignore	maintained benchmark	keep	44	64daa640a09ea45f4f2ec24d5f35c51062a2bf89007aa5ab3b4eb6033be3bbbf	benchmark or regression build/run/check dependency
benchmarks/reconstructed_fault/bp3_geometry/PROFILE_ROUNDOFF.md	maintained benchmark	keep	2136	f2b61b2e4b33613a077367fd1687c822bac14f7334da5cd16070877ab43e64b3	benchmark or regression build/run/check dependency
benchmarks/reconstructed_fault/bp3_geometry/README.md	maintained benchmark	keep	11025	0a99db47e74f5ad1a1351c26e8bbbccddcb862cb9364b2d5973b835cc513966e	benchmark or regression build/run/check dependency
benchmarks/reconstructed_fault/bp3_geometry/compare.py	maintained benchmark	keep	9034	bc50c64f903420c5494cd564c2073a5637d23f984e60f63ea24b42829fe6cf60	benchmark or regression build/run/check dependency
benchmarks/reconstructed_fault/bp3_geometry/diagnosis/README.md	maintained benchmark	keep	7320	52a31461d05de887b406ff563d88568a1db01b40544dbfc1d773b0585b05529c	benchmark or regression build/run/check dependency
benchmarks/reconstructed_fault/bp3_geometry/diagnosis/analyze.py	maintained benchmark	keep	9449	aaa05071f822d0036d049c7edea2488da053ba1b8fc38e0c121731346bc19394	benchmark or regression build/run/check dependency
benchmarks/reconstructed_fault/bp3_geometry/diagnosis/results/analysis.json	deliberate test reference	keep	25951	bbfc98f6741acfbd6b0b91f251f65ab4f6827a6f5bdee90032983464358f9888	compact qualification summary/provenance retained with regression
benchmarks/reconstructed_fault/bp3_geometry/diagnosis/results/analysis.log	deliberate test reference	keep	6070	ba1a9fce3827cd667e3bcce8cd0e5016c29f068ce74873a76efacfe79ea2460e	compact qualification summary/provenance retained with regression
benchmarks/reconstructed_fault/bp3_geometry/diagnosis/results/artifacts.json	deliberate test reference	keep	5522	06cbb00feeae7acf6f4d9919cf1131690f1b02b6b42c6a6c8d1fb60ab1b019a0	compact qualification summary/provenance retained with regression
benchmarks/reconstructed_fault/bp3_geometry/diagnosis/results/development_runs.json	deliberate test reference	keep	4172	c91e88f7e48bbcab63e34075df5f0abda910a85ece8bd93f4f3ec3a066f52b9e	compact qualification summary/provenance retained with regression
benchmarks/reconstructed_fault/bp3_geometry/diagnosis/results/endpoint-t0-forward-np1.log	deliberate test reference	keep	7780	8fcd493618f5dc1a1fc1429c2195516aa37e9edc1917471622ed841daf851942	compact qualification summary/provenance retained with regression
benchmarks/reconstructed_fault/bp3_geometry/diagnosis/results/endpoint-t0-reverse-np1.log	deliberate test reference	keep	7780	2f2673c9faf9561a54e94a6d623a0492ba7d423000c71136a6f671ce22c67f75	compact qualification summary/provenance retained with regression
benchmarks/reconstructed_fault/bp3_geometry/diagnosis/results/endpoint-t0-reverse-tight-np1.log	deliberate test reference	keep	7798	10833cbba7becbcb5f47a3a6c4a13a813a99df282675313502e6b9bd6f0a1242	compact qualification summary/provenance retained with regression
benchmarks/reconstructed_fault/bp3_geometry/diagnosis/results/endpoint-t0-tight-np1.log	deliberate test reference	keep	7774	6637ac33dd261da74dba0c0ac70907dc36c2d0c8c690a198f8bfd3ec3ab0005e	compact qualification summary/provenance retained with regression
benchmarks/reconstructed_fault/bp3_geometry/diagnosis/results/forward-G_probes.csv	generated/rebuildable artifact	untrack-keep-local	8285	4bad900db3e0b3bda702763eabb7c15e6c3e35358c7ade9bc5ea806324c5da4c	completed run log/expanded input/export; archive exact bytes, retain local comparison paths
benchmarks/reconstructed_fault/bp3_geometry/diagnosis/results/forward-KV.csv	generated/rebuildable artifact	untrack-keep-local	12500	075d5f5b85ad120c16d881558a527e66af287d1e9ff03e85e1514afef501154a	completed run log/expanded input/export; archive exact bytes, retain local comparison paths
benchmarks/reconstructed_fault/bp3_geometry/diagnosis/results/forward-accepted_steps.csv	generated/rebuildable artifact	untrack-keep-local	472	5e816e574a69a8e82b651cb3a56dde34a7495f91f1bf15cc7e872780d072951d	completed run log/expanded input/export; archive exact bytes, retain local comparison paths
benchmarks/reconstructed_fault/bp3_geometry/diagnosis/results/forward-nodes_0.csv	generated/rebuildable artifact	untrack-keep-local	14719	ad9dc6add08aafffca028128016f7efecbe375872f48b8ba6cd2c1dd8613c925	completed run log/expanded input/export; archive exact bytes, retain local comparison paths
benchmarks/reconstructed_fault/bp3_geometry/diagnosis/results/forward-nodes_2.csv	generated/rebuildable artifact	untrack-keep-local	16056	bbfcdfb1e0f186639641162e2d6b4e5e0c661793da7a9d9753ca6e21c7ab39f2	completed run log/expanded input/export; archive exact bytes, retain local comparison paths
benchmarks/reconstructed_fault/bp3_geometry/diagnosis/results/forward-samples_final.csv.gz	deliberate test reference	keep	250767	f1c5343a6e2a04a70e4d681a68c8aefea80c270226da836ed59085085f15c560	compact qualification summary/provenance retained with regression
benchmarks/reconstructed_fault/bp3_geometry/diagnosis/results/matched_locations.csv	generated/rebuildable artifact	untrack-keep-local	2348	0990770ce1592c47562358b326d70d31275be176be8c151d79f1530b2603c19e	completed run log/expanded input/export; archive exact bytes, retain local comparison paths
benchmarks/reconstructed_fault/bp3_geometry/diagnosis/results/preservation.json	deliberate test reference	keep	6112	b18922d3e84a2f9b211b4d51cff204b14b9f5e37827858433ee31e514b4b3fe5	compact qualification summary/provenance retained with regression
benchmarks/reconstructed_fault/bp3_geometry/diagnosis/results/reverse-G_probes.csv	generated/rebuildable artifact	untrack-keep-local	8281	45035a4168570258bc8693fd2a0e94e9965ef60d2ce01cd4358bee9f549f1ea4	completed run log/expanded input/export; archive exact bytes, retain local comparison paths
benchmarks/reconstructed_fault/bp3_geometry/diagnosis/results/reverse-KV.csv	generated/rebuildable artifact	untrack-keep-local	12501	209e77d05c79fa677616ba7be32b8224bc3a4074700c4195e882c1ca3b7a9688	completed run log/expanded input/export; archive exact bytes, retain local comparison paths
benchmarks/reconstructed_fault/bp3_geometry/diagnosis/results/reverse-accepted_steps.csv	generated/rebuildable artifact	untrack-keep-local	474	5cf0d42d20746780cabb2f70a2c70c574b5c74494b7cf387ea724f345027cb94	completed run log/expanded input/export; archive exact bytes, retain local comparison paths
benchmarks/reconstructed_fault/bp3_geometry/diagnosis/results/reverse-nodes_0.csv	generated/rebuildable artifact	untrack-keep-local	14699	5e211b76d63be696b25f7e1f1a8164721f0a41e831a1a8c1453a56c553f939db	completed run log/expanded input/export; archive exact bytes, retain local comparison paths
benchmarks/reconstructed_fault/bp3_geometry/diagnosis/results/reverse-nodes_2.csv	generated/rebuildable artifact	untrack-keep-local	16075	5774976a09a2f593476725a6535d50db70b74087ffec87c80921828f3f4aa654	completed run log/expanded input/export; archive exact bytes, retain local comparison paths
benchmarks/reconstructed_fault/bp3_geometry/diagnosis/results/reverse-samples_final.csv.gz	deliberate test reference	keep	250904	172a632d2f946a21e866d20e13813cec62445a190ca2df768b5b7fcfe409c9b7	compact qualification summary/provenance retained with regression
benchmarks/reconstructed_fault/bp3_geometry/diagnosis/results/reverse-tight-G_probes.csv	generated/rebuildable artifact	untrack-keep-local	8281	45035a4168570258bc8693fd2a0e94e9965ef60d2ce01cd4358bee9f549f1ea4	completed run log/expanded input/export; archive exact bytes, retain local comparison paths
benchmarks/reconstructed_fault/bp3_geometry/diagnosis/results/reverse-tight-KV.csv	generated/rebuildable artifact	untrack-keep-local	12501	209e77d05c79fa677616ba7be32b8224bc3a4074700c4195e882c1ca3b7a9688	completed run log/expanded input/export; archive exact bytes, retain local comparison paths
benchmarks/reconstructed_fault/bp3_geometry/diagnosis/results/reverse-tight-accepted_steps.csv	generated/rebuildable artifact	untrack-keep-local	473	be08b3afe59cd8fa02ed9f1d15d6b6b9b60225390da7858669abb78eed3e5cca	completed run log/expanded input/export; archive exact bytes, retain local comparison paths
benchmarks/reconstructed_fault/bp3_geometry/diagnosis/results/reverse-tight-nodes_0.csv	generated/rebuildable artifact	untrack-keep-local	14699	5e211b76d63be696b25f7e1f1a8164721f0a41e831a1a8c1453a56c553f939db	completed run log/expanded input/export; archive exact bytes, retain local comparison paths
benchmarks/reconstructed_fault/bp3_geometry/diagnosis/results/reverse-tight-nodes_2.csv	generated/rebuildable artifact	untrack-keep-local	16069	24df8ab32f80917fd1d48e1dba75d0536b8a2ccd86764853c5859f29cc0cc0ba	completed run log/expanded input/export; archive exact bytes, retain local comparison paths
benchmarks/reconstructed_fault/bp3_geometry/diagnosis/results/reverse-tight-samples_final.csv.gz	deliberate test reference	keep	250940	1220fcf366860837d1558ce2008711c92454171496767fb50718cf7d8d350ace	compact qualification summary/provenance retained with regression
benchmarks/reconstructed_fault/bp3_geometry/diagnosis/results/runs.json	deliberate test reference	keep	2874	c8686c332a9a63e4723bca0d70913995038c2aee5eb6bd0dc6fd15c1797671d9	compact qualification summary/provenance retained with regression
benchmarks/reconstructed_fault/bp3_geometry/diagnosis/results/tight-G_probes.csv	generated/rebuildable artifact	untrack-keep-local	8285	4bad900db3e0b3bda702763eabb7c15e6c3e35358c7ade9bc5ea806324c5da4c	completed run log/expanded input/export; archive exact bytes, retain local comparison paths
benchmarks/reconstructed_fault/bp3_geometry/diagnosis/results/tight-KV.csv	generated/rebuildable artifact	untrack-keep-local	12500	075d5f5b85ad120c16d881558a527e66af287d1e9ff03e85e1514afef501154a	completed run log/expanded input/export; archive exact bytes, retain local comparison paths
benchmarks/reconstructed_fault/bp3_geometry/diagnosis/results/tight-accepted_steps.csv	generated/rebuildable artifact	untrack-keep-local	474	ad6c0c408d1253f3f3e96d67d196e7ad1d4a708971e1fbba613bace119105e49	completed run log/expanded input/export; archive exact bytes, retain local comparison paths
benchmarks/reconstructed_fault/bp3_geometry/diagnosis/results/tight-nodes_0.csv	generated/rebuildable artifact	untrack-keep-local	14719	ad9dc6add08aafffca028128016f7efecbe375872f48b8ba6cd2c1dd8613c925	completed run log/expanded input/export; archive exact bytes, retain local comparison paths
benchmarks/reconstructed_fault/bp3_geometry/diagnosis/results/tight-nodes_2.csv	generated/rebuildable artifact	untrack-keep-local	16063	d42d60526f90ea1ffe490c8afa7560c46472781eb496519e9f81d72240013452	completed run log/expanded input/export; archive exact bytes, retain local comparison paths
benchmarks/reconstructed_fault/bp3_geometry/diagnosis/results/tight-samples_final.csv.gz	deliberate test reference	keep	250856	ab696e6f79f2020192eea6851760890046a1cc545375a5f9d91aec0f43535293	compact qualification summary/provenance retained with regression
benchmarks/reconstructed_fault/bp3_geometry/endpoint/README.md	maintained benchmark	keep	5934	1c98c1aab153fb7d7e3f7e091a56d7b2d763ba3c2f7ec4f577a6d043afd002b2	benchmark or regression build/run/check dependency
benchmarks/reconstructed_fault/bp3_geometry/endpoint/compare_associations.py	maintained benchmark	keep	2440	e2bc0ef8bcb89f02b5ed5d9dded5313693bbaed69ac6ff448bda8db418d04a2e	benchmark or regression build/run/check dependency
benchmarks/reconstructed_fault/bp3_geometry/endpoint/results/artifacts.json	deliberate test reference	keep	4507	c2e57581434bc7bf7c7b2ee9a35f2bdf5492223b9c9454d9c41dcdb3a7b8960e	compact qualification summary/provenance retained with regression
benchmarks/reconstructed_fault/bp3_geometry/endpoint/results/birth_counts.json	deliberate test reference	keep	1621	49db9c7eb35d99e407832239ab1d0d49792cd19310be7f70cae105a1d3389a29	compact qualification summary/provenance retained with regression
benchmarks/reconstructed_fault/bp3_geometry/endpoint/results/checks.json	deliberate test reference	keep	101032	2600c0fe3b39e6fcefb45a0f5777170a94f836edeb2ac00f40917e7f56b00a4c	compact qualification summary/provenance retained with regression
benchmarks/reconstructed_fault/bp3_geometry/endpoint/results/comparison_metrics.json	deliberate test reference	keep	69798	7c5bcb28ffdbbeb07c9889763a77e1bb8c3580a8cbefd3f43947e13b4d5168b8	compact qualification summary/provenance retained with regression
benchmarks/reconstructed_fault/bp3_geometry/endpoint/results/create-birth_H_rank0.csv	generated/rebuildable artifact	untrack-keep-local	1488	b019c92eb03a12cf5e8309122f2410f793ca40cb6e65b5c8aed3d0397bb6d5e5	completed run log/expanded input/export; archive exact bytes, retain local comparison paths
benchmarks/reconstructed_fault/bp3_geometry/endpoint/results/create-birth_H_rank1.csv	generated/rebuildable artifact	untrack-keep-local	11367	3a9ce9aab6d19b569cb647bcaea8041025bcc763a9c24b4a2cdbda0b18b90297	completed run log/expanded input/export; archive exact bytes, retain local comparison paths
benchmarks/reconstructed_fault/bp3_geometry/endpoint/results/create-lifecycle_rank0.csv	generated/rebuildable artifact	untrack-keep-local	4398	1bd3d53a700e6bdbc27ba8a639efcce3a7ec581bb7555f5c30abc23f7356d815	completed run log/expanded input/export; archive exact bytes, retain local comparison paths
benchmarks/reconstructed_fault/bp3_geometry/endpoint/results/create-lifecycle_rank1.csv	generated/rebuildable artifact	untrack-keep-local	4466	4db1285f5db281305837ac2c38dc23edb5267e041741ab4ab68fb19da8990d29	completed run log/expanded input/export; archive exact bytes, retain local comparison paths
benchmarks/reconstructed_fault/bp3_geometry/endpoint/results/direct-birth_H_rank0.csv	generated/rebuildable artifact	untrack-keep-local	25621	6ff43bfdc36e161d8a64367c493190e47b6eaff0ac7cbd9ac5c014647170671d	completed run log/expanded input/export; archive exact bytes, retain local comparison paths
benchmarks/reconstructed_fault/bp3_geometry/endpoint/results/direct-lifecycle_rank0.csv	generated/rebuildable artifact	untrack-keep-local	4415	73ba535a872687ed1710cd060dd967fcf2b18158f573dc0edfba320c534d48a9	completed run log/expanded input/export; archive exact bytes, retain local comparison paths
benchmarks/reconstructed_fault/bp3_geometry/endpoint/results/direct2-birth_H_rank0.csv	generated/rebuildable artifact	untrack-keep-local	2570	edebe70f20ec06ae6f59742dfab815877abb390f72d1ebcbd0e356285f763a84	completed run log/expanded input/export; archive exact bytes, retain local comparison paths
benchmarks/reconstructed_fault/bp3_geometry/endpoint/results/direct2-birth_H_rank1.csv	generated/rebuildable artifact	untrack-keep-local	23200	4a75b810940ae0d2334b5db127edd92e80b26bca25661cb9ae37470702a7b4a1	completed run log/expanded input/export; archive exact bytes, retain local comparison paths
benchmarks/reconstructed_fault/bp3_geometry/endpoint/results/direct2-lifecycle_rank0.csv	generated/rebuildable artifact	untrack-keep-local	2979	339bc3cd3e660d48f82a922279c0dd306e9486015479efa3c9594646cffbd68e	completed run log/expanded input/export; archive exact bytes, retain local comparison paths
benchmarks/reconstructed_fault/bp3_geometry/endpoint/results/direct2-lifecycle_rank1.csv	generated/rebuildable artifact	untrack-keep-local	3012	674de7882d128b50a2b32de73b6bb43b3dd91105898aca03de4b6b9188c85edb	completed run log/expanded input/export; archive exact bytes, retain local comparison paths
benchmarks/reconstructed_fault/bp3_geometry/endpoint/results/endpoint-points-1-np1.log	deliberate test reference	keep	7804	990179349dae86ea300b62e3a36ada853257743c9fdfabdebdfcd80a080c7871	compact qualification summary/provenance retained with regression
benchmarks/reconstructed_fault/bp3_geometry/endpoint/results/endpoint-points-2-np2.log	deliberate test reference	keep	7913	4f71d3f759a9e29ab42f3b817d512fab8d0ef35c525b2b15cd5cc36e06165232	compact qualification summary/provenance retained with regression
benchmarks/reconstructed_fault/bp3_geometry/endpoint/results/endpoint-points-reverse-1-np1.log	deliberate test reference	keep	7828	a4698f9438709e72019282a8b484540379acd342f66d9c54c0331b8dc2b8e845	compact qualification summary/provenance retained with regression
benchmarks/reconstructed_fault/bp3_geometry/endpoint/results/endpoint-points-reverse-2-np2.log	deliberate test reference	keep	7937	1fa221746db5c7854fd3d67c12bada6ba6dc94cffa417cae226f0499b5792124	compact qualification summary/provenance retained with regression
benchmarks/reconstructed_fault/bp3_geometry/endpoint/results/endpoint-unit-np2.log	deliberate test reference	keep	710	d876cfdbdef64cfa141a2c365fca6932baeeb770609f40f28ae1ab482d5d48a3	compact qualification summary/provenance retained with regression
benchmarks/reconstructed_fault/bp3_geometry/endpoint/results/full_association_comparison.json	deliberate test reference	keep	5292	449bfea8f2692ade176e972f128000702e1a27b1d22046560efda847c804fd1d	compact qualification summary/provenance retained with regression
benchmarks/reconstructed_fault/bp3_geometry/endpoint/results/full_association_differences.json	deliberate test reference	keep	44	a66bad16e542d1258f01553e846fea6562c58ea5d979dbdb65c098b9cea75453	compact qualification summary/provenance retained with regression
benchmarks/reconstructed_fault/bp3_geometry/endpoint/results/guard-45-qualified-geometry.csv	generated/rebuildable artifact	untrack-keep-local	206	1a1050ad9254f486c05a2a52cc101da51c145c8b84f8ffadb8d094fc26eda458	completed run log/expanded input/export; archive exact bytes, retain local comparison paths
benchmarks/reconstructed_fault/bp3_geometry/endpoint/results/guard-45-reverse-qualified-geometry.csv	generated/rebuildable artifact	untrack-keep-local	206	1a1050ad9254f486c05a2a52cc101da51c145c8b84f8ffadb8d094fc26eda458	completed run log/expanded input/export; archive exact bytes, retain local comparison paths
benchmarks/reconstructed_fault/bp3_geometry/endpoint/results/guard-60-qualified-geometry.csv	generated/rebuildable artifact	untrack-keep-local	220	ebc04ea31891b2d1fc11d067b746b24fe0698b25c4925da71c665f9e2282707b	completed run log/expanded input/export; archive exact bytes, retain local comparison paths
benchmarks/reconstructed_fault/bp3_geometry/endpoint/results/guard-60-reverse-qualified-geometry.csv	generated/rebuildable artifact	untrack-keep-local	220	ebc04ea31891b2d1fc11d067b746b24fe0698b25c4925da71c665f9e2282707b	completed run log/expanded input/export; archive exact bytes, retain local comparison paths
benchmarks/reconstructed_fault/bp3_geometry/endpoint/results/guard-left-qualified-geometry.csv	generated/rebuildable artifact	untrack-keep-local	208	d10e0f4de1af8bd09b0b0c4729b4ad4f91b976b5f2e57d0750d81082e75f3874	completed run log/expanded input/export; archive exact bytes, retain local comparison paths
benchmarks/reconstructed_fault/bp3_geometry/endpoint/results/guard-small-qualified-geometry.csv	generated/rebuildable artifact	untrack-keep-local	187	6bc69ecd9241b23337e8810c20b018565d9622a544328b13aff832f164e4b49b	completed run log/expanded input/export; archive exact bytes, retain local comparison paths
benchmarks/reconstructed_fault/bp3_geometry/endpoint/results/mpi-birth_H_rank0.csv	generated/rebuildable artifact	untrack-keep-local	3523	2715fd349e5bf461f7c56b26abb14543b25ae0394d859626d2d9bf40a7a41400	completed run log/expanded input/export; archive exact bytes, retain local comparison paths
benchmarks/reconstructed_fault/bp3_geometry/endpoint/results/mpi-birth_H_rank1.csv	generated/rebuildable artifact	untrack-keep-local	23293	0e71736638154c66f82dad465955a87e9724f189dc00098bc81adaac4bb9fa1b	completed run log/expanded input/export; archive exact bytes, retain local comparison paths
benchmarks/reconstructed_fault/bp3_geometry/endpoint/results/mpi-lifecycle_rank0.csv	generated/rebuildable artifact	untrack-keep-local	6561	73b763f73b47c57b05b40fa1e22d3c3ae73c356bee202421cba1c4024075f3d9	completed run log/expanded input/export; archive exact bytes, retain local comparison paths
benchmarks/reconstructed_fault/bp3_geometry/endpoint/results/mpi-lifecycle_rank1.csv	generated/rebuildable artifact	untrack-keep-local	6644	6b0b69316bf3f588efccaa43464899fe77519b7e55743e33bddfb2691fabba7e	completed run log/expanded input/export; archive exact bytes, retain local comparison paths
benchmarks/reconstructed_fault/bp3_geometry/endpoint/results/preservation.json	deliberate test reference	keep	3388	fdac2a822bcdb4df811a95c133b4a9fa8873e4d7902c05bb04437c4687a40923	compact qualification summary/provenance retained with regression
benchmarks/reconstructed_fault/bp3_geometry/endpoint/results/resume-birth_H_rank0.csv	generated/rebuildable artifact	untrack-keep-local	3116	2e96aa7f28946f208f9a176007ad11918ef13622543eab0f310dde05f2460af1	completed run log/expanded input/export; archive exact bytes, retain local comparison paths
benchmarks/reconstructed_fault/bp3_geometry/endpoint/results/resume-birth_H_rank1.csv	generated/rebuildable artifact	untrack-keep-local	23308	aebe06b2356b993570b38b5ebc9ed8f6610b3002ee6296102e5b11cfd3e1d5da	completed run log/expanded input/export; archive exact bytes, retain local comparison paths
benchmarks/reconstructed_fault/bp3_geometry/endpoint/results/resume-lifecycle_rank0.csv	generated/rebuildable artifact	untrack-keep-local	2994	e017bd49d4cef67f8a515ba6f119b822efdf213bb6deb73573e45e621926c9c0	completed run log/expanded input/export; archive exact bytes, retain local comparison paths
benchmarks/reconstructed_fault/bp3_geometry/endpoint/results/resume-lifecycle_rank1.csv	generated/rebuildable artifact	untrack-keep-local	3010	bd6c0a9addf475b7aa59711ca64defb89c1cf383e160345914f66034bd950353	completed run log/expanded input/export; archive exact bytes, retain local comparison paths
benchmarks/reconstructed_fault/bp3_geometry/endpoint/results/retry-birth_H_rank0.csv	generated/rebuildable artifact	untrack-keep-local	52125	f33e76fff39a16234d55c572c34141c1826eaf4a64a6af0c7568bbc4a68119f6	completed run log/expanded input/export; archive exact bytes, retain local comparison paths
benchmarks/reconstructed_fault/bp3_geometry/endpoint/results/retry-lifecycle_rank0.csv	generated/rebuildable artifact	untrack-keep-local	5966	11937a20d810390756c9d48ef0aa5b95dec38a430718de45b43579465c89942d	completed run log/expanded input/export; archive exact bytes, retain local comparison paths
benchmarks/reconstructed_fault/bp3_geometry/endpoint/results/retry2-birth_H_rank0.csv	generated/rebuildable artifact	untrack-keep-local	4198	1d7d83ab491711ea9e9e5ebdd053a5bf8771e26117a3e808dbdb1c8111ecb0c9	completed run log/expanded input/export; archive exact bytes, retain local comparison paths
benchmarks/reconstructed_fault/bp3_geometry/endpoint/results/retry2-birth_H_rank1.csv	generated/rebuildable artifact	untrack-keep-local	35141	b2df7e32bb05dce532e85c59370b26735e0ad0f5bea36c43eb4e3d64b699fc5a	completed run log/expanded input/export; archive exact bytes, retain local comparison paths
benchmarks/reconstructed_fault/bp3_geometry/endpoint/results/retry2-lifecycle_rank0.csv	generated/rebuildable artifact	untrack-keep-local	4893	15fe41b1c076273319f220cfa2b646212a515d81ce448aa99ab4f233927b68bd	completed run log/expanded input/export; archive exact bytes, retain local comparison paths
benchmarks/reconstructed_fault/bp3_geometry/endpoint/results/retry2-lifecycle_rank1.csv	generated/rebuildable artifact	untrack-keep-local	4941	7a10137998d448aef5575607a2e1dbe109ad7d1f0383419de5a7f12da65b47bd	completed run log/expanded input/export; archive exact bytes, retain local comparison paths
benchmarks/reconstructed_fault/bp3_geometry/endpoint/results/runs.json	deliberate test reference	keep	21145	e559b96930217b83ced804010180f291498d3e5f144723a3fd50ee40554eb39a	compact qualification summary/provenance retained with regression
benchmarks/reconstructed_fault/bp3_geometry/endpoint/results/serial-fixed-birth_H_rank0.csv	generated/rebuildable artifact	untrack-keep-local	26869	5c58b46bd5e19f1e3095ef8e550f3dc7c709940d0375d9fa8f494392e6707223	completed run log/expanded input/export; archive exact bytes, retain local comparison paths
benchmarks/reconstructed_fault/bp3_geometry/endpoint/results/serial-fixed-lifecycle_rank0.csv	generated/rebuildable artifact	untrack-keep-local	6628	79e85127f4e176954d47891d770e2dddcfeee90fd805f6341c4aba77fe15c12d	completed run log/expanded input/export; archive exact bytes, retain local comparison paths
benchmarks/reconstructed_fault/bp3_geometry/endpoint/results/staggered-birth_H_rank0.csv	generated/rebuildable artifact	untrack-keep-local	3116	2e96aa7f28946f208f9a176007ad11918ef13622543eab0f310dde05f2460af1	completed run log/expanded input/export; archive exact bytes, retain local comparison paths
benchmarks/reconstructed_fault/bp3_geometry/endpoint/results/staggered-birth_H_rank1.csv	generated/rebuildable artifact	untrack-keep-local	23308	aebe06b2356b993570b38b5ebc9ed8f6610b3002ee6296102e5b11cfd3e1d5da	completed run log/expanded input/export; archive exact bytes, retain local comparison paths
benchmarks/reconstructed_fault/bp3_geometry/endpoint/results/staggered-lifecycle_rank0.csv	generated/rebuildable artifact	untrack-keep-local	6572	5e6506670092500a7f6927ec118a51ea1334bdd97fa288ce4bfbff6afba41cb2	completed run log/expanded input/export; archive exact bytes, retain local comparison paths
benchmarks/reconstructed_fault/bp3_geometry/endpoint/results/staggered-lifecycle_rank1.csv	generated/rebuildable artifact	untrack-keep-local	6655	685a9a7f5fbabf89a8c2deeeeb0aa64c77ad2ac69a37497eff1e5c99bf711442	completed run log/expanded input/export; archive exact bytes, retain local comparison paths
benchmarks/reconstructed_fault/bp3_geometry/filter_derivative/README.md	maintained benchmark	keep	5071	6f6fc6f64928b13119056f46ac0fc53e0cae0ab902405af82237b159c5f61d17	benchmark or regression build/run/check dependency
benchmarks/reconstructed_fault/bp3_geometry/filter_derivative/check_matrices.py	maintained benchmark	keep	1749	277e0011f6ca32203cc7006e75b04a9584244d45a7fa8ff7f96e3cfc8588f98d	benchmark or regression build/run/check dependency
benchmarks/reconstructed_fault/bp3_geometry/filter_derivative/results/artifacts.json	deliberate test reference	keep	4508	68d89ff5aece6c4316cb6eba59acce3572f4b4158c7a65f3baae33e698eec181	compact qualification summary/provenance retained with regression
benchmarks/reconstructed_fault/bp3_geometry/filter_derivative/results/birth_counts.json	deliberate test reference	keep	1621	49db9c7eb35d99e407832239ab1d0d49792cd19310be7f70cae105a1d3389a29	compact qualification summary/provenance retained with regression
benchmarks/reconstructed_fault/bp3_geometry/filter_derivative/results/checks.json	deliberate test reference	keep	100987	c23cdfaa197c42e158223154dc9debe34d40396f880364af0307c2dd5216a4fb	compact qualification summary/provenance retained with regression
benchmarks/reconstructed_fault/bp3_geometry/filter_derivative/results/comparison_metrics.json	deliberate test reference	keep	69763	8e9240d90f99313738726cb10c9f4f9b9387bb134e4ff45993045074a2d53ae2	compact qualification summary/provenance retained with regression
benchmarks/reconstructed_fault/bp3_geometry/filter_derivative/results/correction.patch	deliberate test reference	keep	8049	0222009a569a88c891a26f8e30b3d9aed5524858c25cc74256536d3e2e292729	compact qualification summary/provenance retained with regression
benchmarks/reconstructed_fault/bp3_geometry/filter_derivative/results/create-birth_H_rank0.csv	generated/rebuildable artifact	untrack-keep-local	1488	b019c92eb03a12cf5e8309122f2410f793ca40cb6e65b5c8aed3d0397bb6d5e5	completed run log/expanded input/export; archive exact bytes, retain local comparison paths
benchmarks/reconstructed_fault/bp3_geometry/filter_derivative/results/create-birth_H_rank1.csv	generated/rebuildable artifact	untrack-keep-local	11367	3a9ce9aab6d19b569cb647bcaea8041025bcc763a9c24b4a2cdbda0b18b90297	completed run log/expanded input/export; archive exact bytes, retain local comparison paths
benchmarks/reconstructed_fault/bp3_geometry/filter_derivative/results/create-lifecycle_rank0.csv	generated/rebuildable artifact	untrack-keep-local	4398	1bd3d53a700e6bdbc27ba8a639efcce3a7ec581bb7555f5c30abc23f7356d815	completed run log/expanded input/export; archive exact bytes, retain local comparison paths
benchmarks/reconstructed_fault/bp3_geometry/filter_derivative/results/create-lifecycle_rank1.csv	generated/rebuildable artifact	untrack-keep-local	4466	4db1285f5db281305837ac2c38dc23edb5267e041741ab4ab68fb19da8990d29	completed run log/expanded input/export; archive exact bytes, retain local comparison paths
benchmarks/reconstructed_fault/bp3_geometry/filter_derivative/results/direct-birth_H_rank0.csv	generated/rebuildable artifact	untrack-keep-local	25621	6ff43bfdc36e161d8a64367c493190e47b6eaff0ac7cbd9ac5c014647170671d	completed run log/expanded input/export; archive exact bytes, retain local comparison paths
benchmarks/reconstructed_fault/bp3_geometry/filter_derivative/results/direct-lifecycle_rank0.csv	generated/rebuildable artifact	untrack-keep-local	4415	73ba535a872687ed1710cd060dd967fcf2b18158f573dc0edfba320c534d48a9	completed run log/expanded input/export; archive exact bytes, retain local comparison paths
benchmarks/reconstructed_fault/bp3_geometry/filter_derivative/results/direct2-birth_H_rank0.csv	generated/rebuildable artifact	untrack-keep-local	2570	edebe70f20ec06ae6f59742dfab815877abb390f72d1ebcbd0e356285f763a84	completed run log/expanded input/export; archive exact bytes, retain local comparison paths
benchmarks/reconstructed_fault/bp3_geometry/filter_derivative/results/direct2-birth_H_rank1.csv	generated/rebuildable artifact	untrack-keep-local	23200	4a75b810940ae0d2334b5db127edd92e80b26bca25661cb9ae37470702a7b4a1	completed run log/expanded input/export; archive exact bytes, retain local comparison paths
benchmarks/reconstructed_fault/bp3_geometry/filter_derivative/results/direct2-lifecycle_rank0.csv	generated/rebuildable artifact	untrack-keep-local	2979	339bc3cd3e660d48f82a922279c0dd306e9486015479efa3c9594646cffbd68e	completed run log/expanded input/export; archive exact bytes, retain local comparison paths
benchmarks/reconstructed_fault/bp3_geometry/filter_derivative/results/direct2-lifecycle_rank1.csv	generated/rebuildable artifact	untrack-keep-local	3012	674de7882d128b50a2b32de73b6bb43b3dd91105898aca03de4b6b9188c85edb	completed run log/expanded input/export; archive exact bytes, retain local comparison paths
benchmarks/reconstructed_fault/bp3_geometry/filter_derivative/results/filter-first-unit-np2.log	deliberate test reference	keep	2152	1348b52c271cef55bb2f1bfc492389d1351b8a4964d8d5229eeee74956511a58	compact qualification summary/provenance retained with regression
benchmarks/reconstructed_fault/bp3_geometry/filter_derivative/results/filter-points-1-np1.log	deliberate test reference	keep	7797	2289b53870017d1274e6e7bb3a579b68c7535d7b429b504e6a4ad98f84ea6941	compact qualification summary/provenance retained with regression
benchmarks/reconstructed_fault/bp3_geometry/filter_derivative/results/filter-points-2-np2.log	deliberate test reference	keep	7907	56fa4db3a8beb44aabe280c0114cdf835686fec372e02605b37ecea8efdbdf3f	compact qualification summary/provenance retained with regression
benchmarks/reconstructed_fault/bp3_geometry/filter_derivative/results/filter-points-reverse-1-np1.log	deliberate test reference	keep	7822	b74795df8a4a5904a90d8ea5f9b97fbf622c36ef2567ffb7e082d06ceb3bf363	compact qualification summary/provenance retained with regression
benchmarks/reconstructed_fault/bp3_geometry/filter_derivative/results/filter-points-reverse-2-np2.log	deliberate test reference	keep	7931	07c0eb5854e209fe9a0f4bf1af3d7d2f3052cf8cc8513136ec92f268d62f61c3	compact qualification summary/provenance retained with regression
benchmarks/reconstructed_fault/bp3_geometry/filter_derivative/results/filter-t0-forward-np1.log	deliberate test reference	keep	7774	1f1e98d20b5d3edb803f4302b4147fb2466c50b52a5ebaf45c79d127f24e74ae	compact qualification summary/provenance retained with regression
benchmarks/reconstructed_fault/bp3_geometry/filter_derivative/results/filter-t0-reverse-np1.log	deliberate test reference	keep	7774	605a168da490e98755ac479297f799a641b94e4f45f327098649498adc390964	compact qualification summary/provenance retained with regression
benchmarks/reconstructed_fault/bp3_geometry/filter_derivative/results/filter-unit-np2.log	deliberate test reference	keep	2152	1348b52c271cef55bb2f1bfc492389d1351b8a4964d8d5229eeee74956511a58	compact qualification summary/provenance retained with regression
benchmarks/reconstructed_fault/bp3_geometry/filter_derivative/results/forward-G_probes.csv	generated/rebuildable artifact	untrack-keep-local	8289	5481c415c05e2a99147ff9bbe407ff8bba2053863dbcd4ff9568999da3b99147	completed run log/expanded input/export; archive exact bytes, retain local comparison paths
benchmarks/reconstructed_fault/bp3_geometry/filter_derivative/results/forward-KV.csv	generated/rebuildable artifact	untrack-keep-local	12500	4c6d33c4535e9b2c7db8eb9789660eaf3734b6b5070b321fd42aa68d463111fd	completed run log/expanded input/export; archive exact bytes, retain local comparison paths
benchmarks/reconstructed_fault/bp3_geometry/filter_derivative/results/forward-accepted_steps.csv	generated/rebuildable artifact	untrack-keep-local	475	dff6542e45504535f6dbc088ec9d45d370ceae8c5bea971acc5bfd3128cfcf1c	completed run log/expanded input/export; archive exact bytes, retain local comparison paths
benchmarks/reconstructed_fault/bp3_geometry/filter_derivative/results/forward-nodes_0.csv	generated/rebuildable artifact	untrack-keep-local	14712	c6a7b89229c53b53be9b6a4893acd6a3838726b375a0b09b9db7c9f24d6fd883	completed run log/expanded input/export; archive exact bytes, retain local comparison paths
benchmarks/reconstructed_fault/bp3_geometry/filter_derivative/results/forward-nodes_1.csv	generated/rebuildable artifact	untrack-keep-local	15907	03baa91597ac58b8ce5946bfa8b8090926f2c999a2d04d4fea5958099b5c91d5	completed run log/expanded input/export; archive exact bytes, retain local comparison paths
benchmarks/reconstructed_fault/bp3_geometry/filter_derivative/results/forward-nodes_2.csv	generated/rebuildable artifact	untrack-keep-local	16063	79b026faf35af8e66e87860bbae980dc1a35db028ae9ad71c6d9e26aa56519f8	completed run log/expanded input/export; archive exact bytes, retain local comparison paths
benchmarks/reconstructed_fault/bp3_geometry/filter_derivative/results/full_association_comparison.json	deliberate test reference	keep	503	59dc56cf835097fb67dbc91d80bb066200ac8ad870e770a00d83659011a85578	compact qualification summary/provenance retained with regression
benchmarks/reconstructed_fault/bp3_geometry/filter_derivative/results/guard-45-qualified-geometry.csv	generated/rebuildable artifact	untrack-keep-local	206	1a1050ad9254f486c05a2a52cc101da51c145c8b84f8ffadb8d094fc26eda458	completed run log/expanded input/export; archive exact bytes, retain local comparison paths
benchmarks/reconstructed_fault/bp3_geometry/filter_derivative/results/guard-45-reverse-qualified-geometry.csv	generated/rebuildable artifact	untrack-keep-local	206	1a1050ad9254f486c05a2a52cc101da51c145c8b84f8ffadb8d094fc26eda458	completed run log/expanded input/export; archive exact bytes, retain local comparison paths
benchmarks/reconstructed_fault/bp3_geometry/filter_derivative/results/guard-60-qualified-geometry.csv	generated/rebuildable artifact	untrack-keep-local	220	ebc04ea31891b2d1fc11d067b746b24fe0698b25c4925da71c665f9e2282707b	completed run log/expanded input/export; archive exact bytes, retain local comparison paths
benchmarks/reconstructed_fault/bp3_geometry/filter_derivative/results/guard-60-reverse-qualified-geometry.csv	generated/rebuildable artifact	untrack-keep-local	220	ebc04ea31891b2d1fc11d067b746b24fe0698b25c4925da71c665f9e2282707b	completed run log/expanded input/export; archive exact bytes, retain local comparison paths
benchmarks/reconstructed_fault/bp3_geometry/filter_derivative/results/guard-left-qualified-geometry.csv	generated/rebuildable artifact	untrack-keep-local	208	d10e0f4de1af8bd09b0b0c4729b4ad4f91b976b5f2e57d0750d81082e75f3874	completed run log/expanded input/export; archive exact bytes, retain local comparison paths
benchmarks/reconstructed_fault/bp3_geometry/filter_derivative/results/guard-small-qualified-geometry.csv	generated/rebuildable artifact	untrack-keep-local	187	6bc69ecd9241b23337e8810c20b018565d9622a544328b13aff832f164e4b49b	completed run log/expanded input/export; archive exact bytes, retain local comparison paths
benchmarks/reconstructed_fault/bp3_geometry/filter_derivative/results/matrix_checks.json	deliberate test reference	keep	2295	8103f375a69b1b5605979a16839059ac4139bb94007f70341ba672492e80c956	compact qualification summary/provenance retained with regression
benchmarks/reconstructed_fault/bp3_geometry/filter_derivative/results/mpi-birth_H_rank0.csv	generated/rebuildable artifact	untrack-keep-local	3523	2715fd349e5bf461f7c56b26abb14543b25ae0394d859626d2d9bf40a7a41400	completed run log/expanded input/export; archive exact bytes, retain local comparison paths
benchmarks/reconstructed_fault/bp3_geometry/filter_derivative/results/mpi-birth_H_rank1.csv	generated/rebuildable artifact	untrack-keep-local	23293	0e71736638154c66f82dad465955a87e9724f189dc00098bc81adaac4bb9fa1b	completed run log/expanded input/export; archive exact bytes, retain local comparison paths
benchmarks/reconstructed_fault/bp3_geometry/filter_derivative/results/mpi-lifecycle_rank0.csv	generated/rebuildable artifact	untrack-keep-local	6561	73b763f73b47c57b05b40fa1e22d3c3ae73c356bee202421cba1c4024075f3d9	completed run log/expanded input/export; archive exact bytes, retain local comparison paths
benchmarks/reconstructed_fault/bp3_geometry/filter_derivative/results/mpi-lifecycle_rank1.csv	generated/rebuildable artifact	untrack-keep-local	6644	6b0b69316bf3f588efccaa43464899fe77519b7e55743e33bddfb2691fabba7e	completed run log/expanded input/export; archive exact bytes, retain local comparison paths
benchmarks/reconstructed_fault/bp3_geometry/filter_derivative/results/preservation.json	deliberate test reference	keep	3467	a34f5988df62a1537a57ecbf22987a613dfa5dbaff988eb9477bc83457ccab74	compact qualification summary/provenance retained with regression
benchmarks/reconstructed_fault/bp3_geometry/filter_derivative/results/reference.json	deliberate test reference	keep	598	03187a6e98c58a908aaea0aeaba7ace055e4aaff6f908f5a503c337b14bbe564	compact qualification summary/provenance retained with regression
benchmarks/reconstructed_fault/bp3_geometry/filter_derivative/results/resume-birth_H_rank0.csv	generated/rebuildable artifact	untrack-keep-local	3116	2e96aa7f28946f208f9a176007ad11918ef13622543eab0f310dde05f2460af1	completed run log/expanded input/export; archive exact bytes, retain local comparison paths
benchmarks/reconstructed_fault/bp3_geometry/filter_derivative/results/resume-birth_H_rank1.csv	generated/rebuildable artifact	untrack-keep-local	23308	aebe06b2356b993570b38b5ebc9ed8f6610b3002ee6296102e5b11cfd3e1d5da	completed run log/expanded input/export; archive exact bytes, retain local comparison paths
benchmarks/reconstructed_fault/bp3_geometry/filter_derivative/results/resume-lifecycle_rank0.csv	generated/rebuildable artifact	untrack-keep-local	2994	e017bd49d4cef67f8a515ba6f119b822efdf213bb6deb73573e45e621926c9c0	completed run log/expanded input/export; archive exact bytes, retain local comparison paths
benchmarks/reconstructed_fault/bp3_geometry/filter_derivative/results/resume-lifecycle_rank1.csv	generated/rebuildable artifact	untrack-keep-local	3010	bd6c0a9addf475b7aa59711ca64defb89c1cf383e160345914f66034bd950353	completed run log/expanded input/export; archive exact bytes, retain local comparison paths
benchmarks/reconstructed_fault/bp3_geometry/filter_derivative/results/retry-birth_H_rank0.csv	generated/rebuildable artifact	untrack-keep-local	52125	f33e76fff39a16234d55c572c34141c1826eaf4a64a6af0c7568bbc4a68119f6	completed run log/expanded input/export; archive exact bytes, retain local comparison paths
benchmarks/reconstructed_fault/bp3_geometry/filter_derivative/results/retry-lifecycle_rank0.csv	generated/rebuildable artifact	untrack-keep-local	5966	11937a20d810390756c9d48ef0aa5b95dec38a430718de45b43579465c89942d	completed run log/expanded input/export; archive exact bytes, retain local comparison paths
benchmarks/reconstructed_fault/bp3_geometry/filter_derivative/results/retry2-birth_H_rank0.csv	generated/rebuildable artifact	untrack-keep-local	4198	1d7d83ab491711ea9e9e5ebdd053a5bf8771e26117a3e808dbdb1c8111ecb0c9	completed run log/expanded input/export; archive exact bytes, retain local comparison paths
benchmarks/reconstructed_fault/bp3_geometry/filter_derivative/results/retry2-birth_H_rank1.csv	generated/rebuildable artifact	untrack-keep-local	35141	b2df7e32bb05dce532e85c59370b26735e0ad0f5bea36c43eb4e3d64b699fc5a	completed run log/expanded input/export; archive exact bytes, retain local comparison paths
benchmarks/reconstructed_fault/bp3_geometry/filter_derivative/results/retry2-lifecycle_rank0.csv	generated/rebuildable artifact	untrack-keep-local	4893	15fe41b1c076273319f220cfa2b646212a515d81ce448aa99ab4f233927b68bd	completed run log/expanded input/export; archive exact bytes, retain local comparison paths
benchmarks/reconstructed_fault/bp3_geometry/filter_derivative/results/retry2-lifecycle_rank1.csv	generated/rebuildable artifact	untrack-keep-local	4941	7a10137998d448aef5575607a2e1dbe109ad7d1f0383419de5a7f12da65b47bd	completed run log/expanded input/export; archive exact bytes, retain local comparison paths
benchmarks/reconstructed_fault/bp3_geometry/filter_derivative/results/reverse-G_probes.csv	generated/rebuildable artifact	untrack-keep-local	8287	8f4960f2ab8f75805310529fa765c40b59bcd98d083c3909a9a8efb54373ac2e	completed run log/expanded input/export; archive exact bytes, retain local comparison paths
benchmarks/reconstructed_fault/bp3_geometry/filter_derivative/results/reverse-KV.csv	generated/rebuildable artifact	untrack-keep-local	12510	d338528c49da70274d8a7c2a42f3d08a13806438b1a08d28d6a5cf59bdc0a23b	completed run log/expanded input/export; archive exact bytes, retain local comparison paths
benchmarks/reconstructed_fault/bp3_geometry/filter_derivative/results/reverse-accepted_steps.csv	generated/rebuildable artifact	untrack-keep-local	474	99db45d6226d990a5baf1458b240e6f06a7a0c291223024fa24ea72f13961adb	completed run log/expanded input/export; archive exact bytes, retain local comparison paths
benchmarks/reconstructed_fault/bp3_geometry/filter_derivative/results/reverse-nodes_0.csv	generated/rebuildable artifact	untrack-keep-local	14707	02fd41d9a04186fcd6b7fb8d685f2674112f28c1ba3fb7741a4cee1a23cd7006	completed run log/expanded input/export; archive exact bytes, retain local comparison paths
benchmarks/reconstructed_fault/bp3_geometry/filter_derivative/results/reverse-nodes_1.csv	generated/rebuildable artifact	untrack-keep-local	15914	8645b568085b4e7170bce1f879de038fcae457fe5ccb0faa436c5aa623d37770	completed run log/expanded input/export; archive exact bytes, retain local comparison paths
benchmarks/reconstructed_fault/bp3_geometry/filter_derivative/results/reverse-nodes_2.csv	generated/rebuildable artifact	untrack-keep-local	16082	cbf88314ded6c2649dd74e34e716d5e361b72f9e6eab73f3ce7335108b389e96	completed run log/expanded input/export; archive exact bytes, retain local comparison paths
benchmarks/reconstructed_fault/bp3_geometry/filter_derivative/results/runs.json	deliberate test reference	keep	18983	8f37ae4e19b47879188b2d24d665905c5a544ef802f22e0f418e390c71d21201	compact qualification summary/provenance retained with regression
benchmarks/reconstructed_fault/bp3_geometry/filter_derivative/results/serial-fixed-birth_H_rank0.csv	generated/rebuildable artifact	untrack-keep-local	26869	5c58b46bd5e19f1e3095ef8e550f3dc7c709940d0375d9fa8f494392e6707223	completed run log/expanded input/export; archive exact bytes, retain local comparison paths
benchmarks/reconstructed_fault/bp3_geometry/filter_derivative/results/serial-fixed-lifecycle_rank0.csv	generated/rebuildable artifact	untrack-keep-local	6628	79e85127f4e176954d47891d770e2dddcfeee90fd805f6341c4aba77fe15c12d	completed run log/expanded input/export; archive exact bytes, retain local comparison paths
benchmarks/reconstructed_fault/bp3_geometry/filter_derivative/results/staggered-birth_H_rank0.csv	generated/rebuildable artifact	untrack-keep-local	3116	2e96aa7f28946f208f9a176007ad11918ef13622543eab0f310dde05f2460af1	completed run log/expanded input/export; archive exact bytes, retain local comparison paths
benchmarks/reconstructed_fault/bp3_geometry/filter_derivative/results/staggered-birth_H_rank1.csv	generated/rebuildable artifact	untrack-keep-local	23308	aebe06b2356b993570b38b5ebc9ed8f6610b3002ee6296102e5b11cfd3e1d5da	completed run log/expanded input/export; archive exact bytes, retain local comparison paths
benchmarks/reconstructed_fault/bp3_geometry/filter_derivative/results/staggered-lifecycle_rank0.csv	generated/rebuildable artifact	untrack-keep-local	6572	5e6506670092500a7f6927ec118a51ea1334bdd97fa288ce4bfbff6afba41cb2	completed run log/expanded input/export; archive exact bytes, retain local comparison paths
benchmarks/reconstructed_fault/bp3_geometry/filter_derivative/results/staggered-lifecycle_rank1.csv	generated/rebuildable artifact	untrack-keep-local	6655	685a9a7f5fbabf89a8c2deeeeb0aa64c77ad2ac69a37497eff1e5c99bf711442	completed run log/expanded input/export; archive exact bytes, retain local comparison paths
benchmarks/reconstructed_fault/bp3_geometry/inputs/base.prm	maintained benchmark	keep	687	065409b128c58b20cf80f79eb7fe3e062e1f45f6d4df88a0662d6ea431d32c96	benchmark or regression build/run/check dependency
benchmarks/reconstructed_fault/bp3_geometry/inputs/create.prm	maintained benchmark	keep	514	af289243ad7434b588b510e4fcc0dabc8078f4575fce081f99e97b10c6e21d5f	benchmark or regression build/run/check dependency
benchmarks/reconstructed_fault/bp3_geometry/inputs/dip-45-reverse.prm	maintained benchmark	keep	430	76b43ab6ff9d73cf0bee8b8b2153808973c413f955f8222bede4179b113ee50f	benchmark or regression build/run/check dependency
benchmarks/reconstructed_fault/bp3_geometry/inputs/dip-45.prm	maintained benchmark	keep	414	4da1547ac981d0e4e2bb91c0b1a01164833eed29f29a81c316225e809747a8f5	benchmark or regression build/run/check dependency
benchmarks/reconstructed_fault/bp3_geometry/inputs/dip-60-reverse.prm	maintained benchmark	keep	430	9e151f0bb2b2e766a65e082a7c9e900f24ef75f7f9380e325179735c7a3a5bb7	benchmark or regression build/run/check dependency
benchmarks/reconstructed_fault/bp3_geometry/inputs/dip-60.prm	maintained benchmark	keep	414	fc9a15e0336b76f106761eb84d274a5866b9d536b9b5ea767c774f42719999bc	benchmark or regression build/run/check dependency
benchmarks/reconstructed_fault/bp3_geometry/inputs/direct.prm	maintained benchmark	keep	342	497c5cfc9596170ec6532e2f8e5dbf80807efbb59353c51d8de9800a16a93549	benchmark or regression build/run/check dependency
benchmarks/reconstructed_fault/bp3_geometry/inputs/direct2.prm	maintained benchmark	keep	543	43b7781827c81ca3828ac88819c5c2e71bd069793e2b7c8ef14bcfa0c9b1b211	benchmark or regression build/run/check dependency
benchmarks/reconstructed_fault/bp3_geometry/inputs/endpoint-create.prm	maintained benchmark	keep	208	7ae2ca7aa34237544bdee41cf7826b3df86b6261e3bd4d7cc9bc0210e4711a0e	benchmark or regression build/run/check dependency
benchmarks/reconstructed_fault/bp3_geometry/inputs/endpoint-dip-45-reverse-serial.prm	maintained benchmark	keep	836	9d6de62c04454e3636b5d02b9792815b6c52fd3a55663b857439c0b92769c24b	benchmark or regression build/run/check dependency
benchmarks/reconstructed_fault/bp3_geometry/inputs/endpoint-dip-45-reverse.prm	maintained benchmark	keep	822	8b1cfb03b6e5ef0266344b6470b216dab16b6201b36cd079a5e5d5e9962e6216	benchmark or regression build/run/check dependency
benchmarks/reconstructed_fault/bp3_geometry/inputs/endpoint-dip-45-serial.prm	maintained benchmark	keep	820	d380c6af6c26ed688e583e94f2c127ea83831d4eb52a89285ae0c85f4845769f	benchmark or regression build/run/check dependency
benchmarks/reconstructed_fault/bp3_geometry/inputs/endpoint-dip-45.prm	maintained benchmark	keep	806	553914b6453cad3d4f44c2f77e61ff821c56985a3c6190d21aa312d06b5c65c4	benchmark or regression build/run/check dependency
benchmarks/reconstructed_fault/bp3_geometry/inputs/endpoint-dip-60-reverse.prm	maintained benchmark	keep	224	63fd56ffe9f1db5ec328363a3483579c53f5ccb69f021d982c44e85b0b6ea161	benchmark or regression build/run/check dependency
benchmarks/reconstructed_fault/bp3_geometry/inputs/endpoint-dip-60.prm	maintained benchmark	keep	208	43f0f261bdfd650a40b00d73325ed07e20d4b79fbe419a7d719869ad0bb1ea00	benchmark or regression build/run/check dependency
benchmarks/reconstructed_fault/bp3_geometry/inputs/endpoint-direct.prm	maintained benchmark	keep	208	e6f334ab04c3b03ea14dfb6330cb1fad04f0447165bd27bc4f15024693050a02	benchmark or regression build/run/check dependency
benchmarks/reconstructed_fault/bp3_geometry/inputs/endpoint-direct2.prm	maintained benchmark	keep	210	174c081b71674e31d9ba771d7a29677a974022e1d92474c270656b104f107962	benchmark or regression build/run/check dependency
benchmarks/reconstructed_fault/bp3_geometry/inputs/endpoint-dump-reverse.prm	maintained benchmark	keep	971	ec73711f15300e5b02d932a3d84e7a0fa7bf7cd5a905990d7928c1fd562adcd7	benchmark or regression build/run/check dependency
benchmarks/reconstructed_fault/bp3_geometry/inputs/endpoint-dump.prm	maintained benchmark	keep	955	48a2ddd4947e710efb6f76fdd35d0f1752cbab72bbcfc01147d10c527de547a4	benchmark or regression build/run/check dependency
benchmarks/reconstructed_fault/bp3_geometry/inputs/endpoint-mpi.prm	maintained benchmark	keep	202	0b706947341aee1347673ae868f9a53fa7cd00534a86475ccbfe86f81ad72ffe	benchmark or regression build/run/check dependency
benchmarks/reconstructed_fault/bp3_geometry/inputs/endpoint-points-1.prm	maintained benchmark	keep	226	df576ba756c90430b093fd49af0ee9b16f0fe26522f0511f4ec6b18d48c4d3b4	benchmark or regression build/run/check dependency
benchmarks/reconstructed_fault/bp3_geometry/inputs/endpoint-points-2.prm	maintained benchmark	keep	226	93f3edc74d46b0881c0855b0280a2d4ba521c4ddbff46e6b8bd9713ff5d2314d	benchmark or regression build/run/check dependency
benchmarks/reconstructed_fault/bp3_geometry/inputs/endpoint-points-reverse-1.prm	maintained benchmark	keep	242	a945f1e69bc24aba2061341936af03cad9c5baa63023e7905599bb6a1a5d0ced	benchmark or regression build/run/check dependency
benchmarks/reconstructed_fault/bp3_geometry/inputs/endpoint-points-reverse-2.prm	maintained benchmark	keep	242	7b8748f74e3f1dae728381723e950cb1ad4254f721aad3954e8b82aa9a5538fb	benchmark or regression build/run/check dependency
benchmarks/reconstructed_fault/bp3_geometry/inputs/endpoint-resume.prm	maintained benchmark	keep	208	13638dc8a9b4af9bbfb1b06e2767372bd6c962b6c10a8cd3a71597965974a6ba	benchmark or regression build/run/check dependency
benchmarks/reconstructed_fault/bp3_geometry/inputs/endpoint-retry.prm	maintained benchmark	keep	206	48bd3988b93a68356bceb4e97dc0c6dac039fb3dafdd2a435c826e3584923395	benchmark or regression build/run/check dependency
benchmarks/reconstructed_fault/bp3_geometry/inputs/endpoint-retry2.prm	maintained benchmark	keep	208	3dcf364fb6f87c5cdf3ab76094d4bfb80a6ebb11bc9317a30228b71bd0730b13	benchmark or regression build/run/check dependency
benchmarks/reconstructed_fault/bp3_geometry/inputs/endpoint-serial-fixed.prm	maintained benchmark	keep	220	8df039e6cb63f8913e4180802100c937ea76e60c189d7f445a7c5c15a0bfc7ea	benchmark or regression build/run/check dependency
benchmarks/reconstructed_fault/bp3_geometry/inputs/endpoint-staggered.prm	maintained benchmark	keep	214	ccc97ba2d49a2ef95286381260f4ff532f0bc1cb32eb2ea95aef5ddcd299fa20	benchmark or regression build/run/check dependency
benchmarks/reconstructed_fault/bp3_geometry/inputs/endpoint-t0-forward.prm	maintained benchmark	keep	834	0a1f592fdacd834ff60620fb2738176b615a053744cd777d6484578a22d74403	benchmark or regression build/run/check dependency
benchmarks/reconstructed_fault/bp3_geometry/inputs/endpoint-t0-reverse-tight.prm	maintained benchmark	keep	1000	57d467433ca1b37861a71e7ea5f41a309badeec03201d8a5737599718a165b32	benchmark or regression build/run/check dependency
benchmarks/reconstructed_fault/bp3_geometry/inputs/endpoint-t0-reverse.prm	maintained benchmark	keep	842	ee0b67889bd8c9d7789d776fdea49d3f74946fd61c294457145a108f06e4ef1d	benchmark or regression build/run/check dependency
benchmarks/reconstructed_fault/bp3_geometry/inputs/endpoint-t0-tight.prm	maintained benchmark	keep	984	eaa2b2019b9ac3c53bbad71f30a3dc44feafb0391b547ff9505cebc960799d9f	benchmark or regression build/run/check dependency
benchmarks/reconstructed_fault/bp3_geometry/inputs/fault-left.txt	maintained benchmark	keep	23	c67e0bf50367ee4d0db6ccfa1fac63d4cf7676f2c91d0b961d163608cbb68f44	benchmark or regression build/run/check dependency
benchmarks/reconstructed_fault/bp3_geometry/inputs/fault-small.txt	maintained benchmark	keep	35	3b3cb6ad9743a0b5c95a33b92e71770ecc2b9aa503957b89c33a01c5beb708a3	benchmark or regression build/run/check dependency
benchmarks/reconstructed_fault/bp3_geometry/inputs/fault45-reverse.txt	maintained benchmark	keep	37	7958ba014256c6dee2f77feef8bf4137034dee442d1631c1bc52cac6bcf8e3e1	benchmark or regression build/run/check dependency
benchmarks/reconstructed_fault/bp3_geometry/inputs/fault45.txt	maintained benchmark	keep	103	faca04159b824072318408ffe97d5fcc2818ee0a33cb8d06f7cc4028d3f0f85d	benchmark or regression build/run/check dependency
benchmarks/reconstructed_fault/bp3_geometry/inputs/fault60-reverse.txt	maintained benchmark	keep	117	242983d171b863c4d1f712083cebddd5ea7eec14f0c814b4a48311f7b917931c	benchmark or regression build/run/check dependency
benchmarks/reconstructed_fault/bp3_geometry/inputs/fault60.txt	maintained benchmark	keep	117	5460e34da479ef16e7dcc95f62669250a891ee8c969df5064dd3e4320bea4a24	benchmark or regression build/run/check dependency
benchmarks/reconstructed_fault/bp3_geometry/inputs/filter-create.prm	maintained benchmark	keep	205	3fae7ff32d07129c5e72c11d07688bf7822a9946967702e454499efa58c885df	benchmark or regression build/run/check dependency
benchmarks/reconstructed_fault/bp3_geometry/inputs/filter-dip-45-reverse-serial.prm	maintained benchmark	keep	235	a73f88a475a67c9ab6caea0bbd0501524fa49faa76d27615aedd2c0c99802a48	benchmark or regression build/run/check dependency
benchmarks/reconstructed_fault/bp3_geometry/inputs/filter-dip-45-reverse.prm	maintained benchmark	keep	221	5989bf4a5c8f7423fe63f28018dee9e690c2c8fac18c685c43d9054f889cb263	benchmark or regression build/run/check dependency
benchmarks/reconstructed_fault/bp3_geometry/inputs/filter-dip-45-serial.prm	maintained benchmark	keep	219	226bce2ec2129731cb882557adf7ca452d3550d997146c8bf777cdde9ce23b9e	benchmark or regression build/run/check dependency
benchmarks/reconstructed_fault/bp3_geometry/inputs/filter-dip-45.prm	maintained benchmark	keep	205	b8a0fcf6ac253c21766e459bf08542bb4b1a761c7a41219cebfed1e5fd9e3467	benchmark or regression build/run/check dependency
benchmarks/reconstructed_fault/bp3_geometry/inputs/filter-dip-60-reverse.prm	maintained benchmark	keep	221	2d98e07c14e6bed16ae067b4076ede8372cced4f929e8b759390ea23caa8dd22	benchmark or regression build/run/check dependency
benchmarks/reconstructed_fault/bp3_geometry/inputs/filter-dip-60.prm	maintained benchmark	keep	205	3f0f54393d43f0c2442aa5927f8589f58c6b62e521c89543712416eae8d726f2	benchmark or regression build/run/check dependency
benchmarks/reconstructed_fault/bp3_geometry/inputs/filter-direct.prm	maintained benchmark	keep	205	10a51e88dc7bc56db6c20be927ce0230f4b575527e883c79e945599ceb55e20f	benchmark or regression build/run/check dependency
benchmarks/reconstructed_fault/bp3_geometry/inputs/filter-direct2.prm	maintained benchmark	keep	207	87f060f32b9ba0611fe8d393d6b94c66c7749d6c0004c2a98ad0414b0ea292d7	benchmark or regression build/run/check dependency
benchmarks/reconstructed_fault/bp3_geometry/inputs/filter-dump-reverse.prm	maintained benchmark	keep	217	ad0cfdcc06e80f3e24ebf71734036b347ff195267644c1ed8a4f3863d34299c3	benchmark or regression build/run/check dependency
benchmarks/reconstructed_fault/bp3_geometry/inputs/filter-dump.prm	maintained benchmark	keep	201	dea0b7f7a4cd27825f43ab16cac4f0afece24d4ec44c540418863a10bf8c9ff4	benchmark or regression build/run/check dependency
benchmarks/reconstructed_fault/bp3_geometry/inputs/filter-mpi.prm	maintained benchmark	keep	199	da20759857d676dbf8df7c7339199345510b92034a40a60e08070ef7f4591f48	benchmark or regression build/run/check dependency
benchmarks/reconstructed_fault/bp3_geometry/inputs/filter-points-1.prm	maintained benchmark	keep	209	4c5ca93787f92a61409471ff727eedcc392f1a8c0a9490702dba089cb3a4fa95	benchmark or regression build/run/check dependency
benchmarks/reconstructed_fault/bp3_geometry/inputs/filter-points-2.prm	maintained benchmark	keep	209	44b107ccf141ba9d0ff1e2ea73b84edc5182ac7acab4ee358a6343b52293b76d	benchmark or regression build/run/check dependency
benchmarks/reconstructed_fault/bp3_geometry/inputs/filter-points-reverse-1.prm	maintained benchmark	keep	225	ae86e0791d5d1e42bb258b735b8ba4d0372e48614e47136878d32a751e59a5a7	benchmark or regression build/run/check dependency
benchmarks/reconstructed_fault/bp3_geometry/inputs/filter-points-reverse-2.prm	maintained benchmark	keep	225	659e35b1b9087bdf9f21b39f7cead2e170aa103a5aacc028bf00f67aa57ebd46	benchmark or regression build/run/check dependency
benchmarks/reconstructed_fault/bp3_geometry/inputs/filter-resume.prm	maintained benchmark	keep	205	9e0a1a69d149d791dd7ea40da45d267e885fc886d40c6ca63f02fff532f5e051	benchmark or regression build/run/check dependency
benchmarks/reconstructed_fault/bp3_geometry/inputs/filter-retry.prm	maintained benchmark	keep	203	234cee4c04851a1aafce69dc5b90bf6fa15b397af69b5f834ec6f310518d07d9	benchmark or regression build/run/check dependency
benchmarks/reconstructed_fault/bp3_geometry/inputs/filter-retry2.prm	maintained benchmark	keep	205	0be11b22dd0c7776dc1f97130d4515357a42b3b0e5a4ceeec7681976ed02dd92	benchmark or regression build/run/check dependency
benchmarks/reconstructed_fault/bp3_geometry/inputs/filter-serial-fixed.prm	maintained benchmark	keep	217	3f7450c4cf6c262ef50f0bbd073c297953fb4ed1b8d758e8a8ffd992980b29c8	benchmark or regression build/run/check dependency
benchmarks/reconstructed_fault/bp3_geometry/inputs/filter-staggered.prm	maintained benchmark	keep	211	b7363d2b118bf57d0ece2a0c3069a8d42e5955eee985765d5563455766291e3c	benchmark or regression build/run/check dependency
benchmarks/reconstructed_fault/bp3_geometry/inputs/filter-t0-forward.prm	maintained benchmark	keep	213	3b85194e0e54b85df3428edff696ff0814f46e915e3501898a940f46cf5693a1	benchmark or regression build/run/check dependency
benchmarks/reconstructed_fault/bp3_geometry/inputs/filter-t0-reverse.prm	maintained benchmark	keep	213	2788b3162a8f8b125baa427cc74792f56fc0871a83850d34f1dd44fe40a5d74a	benchmark or regression build/run/check dependency
benchmarks/reconstructed_fault/bp3_geometry/inputs/guard-45-qualified.prm	maintained benchmark	keep	203	a96205cd34f21264775d90221145dca3e507ad4dac8725d93874f3c1d7680f26	benchmark or regression build/run/check dependency
benchmarks/reconstructed_fault/bp3_geometry/inputs/guard-45-reverse-qualified.prm	maintained benchmark	keep	219	c8781f84f8d051a297ff580e76d820be7013213099f29500195bcfec9bfc9d50	benchmark or regression build/run/check dependency
benchmarks/reconstructed_fault/bp3_geometry/inputs/guard-45-reverse.prm	maintained benchmark	keep	955	05abb7cb6f7676814483e117d7ed567f53b54ca2e894b87095b4243c004a2939	benchmark or regression build/run/check dependency
benchmarks/reconstructed_fault/bp3_geometry/inputs/guard-45.prm	maintained benchmark	keep	939	fda33962e35b2eee180b6e592222763dda3c83357410737d884451ea5b52d338	benchmark or regression build/run/check dependency
benchmarks/reconstructed_fault/bp3_geometry/inputs/guard-60-qualified.prm	maintained benchmark	keep	203	4b6da819d0a00cce31b2b7639c3df4979d231d7d30662e853ed01aafaf39db48	benchmark or regression build/run/check dependency
benchmarks/reconstructed_fault/bp3_geometry/inputs/guard-60-reverse-qualified.prm	maintained benchmark	keep	219	4658650b2a1e8e4710b844cc6642d82f86200a7d07356a1be7203fcdf3cab9c3	benchmark or regression build/run/check dependency
benchmarks/reconstructed_fault/bp3_geometry/inputs/guard-60-reverse.prm	maintained benchmark	keep	955	eb5f73a7325d784af54a8323a4312c637d823c2a22983238d52434cd4227cf07	benchmark or regression build/run/check dependency
benchmarks/reconstructed_fault/bp3_geometry/inputs/guard-60.prm	maintained benchmark	keep	939	94c0058b68f7e0da6b3e52efa596e06dd6f34deae0666a0190eae668dd75b141	benchmark or regression build/run/check dependency
benchmarks/reconstructed_fault/bp3_geometry/inputs/guard-left-qualified.prm	maintained benchmark	keep	207	2724829cdf847a0a910c1368262b553c4f839c91244f5433b56a3bc84a90adc4	benchmark or regression build/run/check dependency
benchmarks/reconstructed_fault/bp3_geometry/inputs/guard-left.prm	maintained benchmark	keep	944	9f0d5331e74fdf1e22db4529b8f6b7112572d5f6602695d997e627c63effcb20	benchmark or regression build/run/check dependency
benchmarks/reconstructed_fault/bp3_geometry/inputs/guard-small-qualified.prm	maintained benchmark	keep	209	51805bfe736c14515513197832aad8d66836e80e58a45b8b1412ac50e26fb3ef	benchmark or regression build/run/check dependency
benchmarks/reconstructed_fault/bp3_geometry/inputs/guard-small.prm	maintained benchmark	keep	652	73531c9c607844b13c7e7df853a2341e6b573786f04c385ffd57d3d8fc3246a2	benchmark or regression build/run/check dependency
benchmarks/reconstructed_fault/bp3_geometry/inputs/mpi.prm	maintained benchmark	keep	184	3c364d5efdcfa2f96f49076777cafbb88300452bf224dfe06c0a6e3d02a53fb8	benchmark or regression build/run/check dependency
benchmarks/reconstructed_fault/bp3_geometry/inputs/qualified-changed-resume.prm	maintained benchmark	keep	365	872be0860f7d6b165c468020aafbd685b9846ae24143a693ba16167bf812bb38	benchmark or regression build/run/check dependency
benchmarks/reconstructed_fault/bp3_geometry/inputs/qualified-create.prm	maintained benchmark	keep	199	1905fa1f8e12bb1337c414ee9ba2f9817571471a4427eeaad53223dc4c1c763f	benchmark or regression build/run/check dependency
benchmarks/reconstructed_fault/bp3_geometry/inputs/qualified-dip-45-reverse-serial.prm	maintained benchmark	keep	232	7094b2cd2c0f3b4fb8622b087b2d00d7fcbaf3fd2dfd771281afa0ae3a6fb5e8	benchmark or regression build/run/check dependency
benchmarks/reconstructed_fault/bp3_geometry/inputs/qualified-dip-45-reverse.prm	maintained benchmark	keep	215	298653645485ddf4292f9556497f04a26bda08b6a423228690bf6ea75265982d	benchmark or regression build/run/check dependency
benchmarks/reconstructed_fault/bp3_geometry/inputs/qualified-dip-45-serial.prm	maintained benchmark	keep	216	a0502697f2419f5291f31a9b7f21bf88d0a0bef7c28c5ca20d54c5c74ffeee05	benchmark or regression build/run/check dependency
benchmarks/reconstructed_fault/bp3_geometry/inputs/qualified-dip-45.prm	maintained benchmark	keep	199	40deed1e7cd2e50073e382d7284179f2049dbf3b8487cb52163010dcf79559a6	benchmark or regression build/run/check dependency
benchmarks/reconstructed_fault/bp3_geometry/inputs/qualified-dip-60-reverse.prm	maintained benchmark	keep	215	4a6528a55fb99e52ac651cbb735ffc91cab743255347ab5d5d164279006cba9a	benchmark or regression build/run/check dependency
benchmarks/reconstructed_fault/bp3_geometry/inputs/qualified-dip-60.prm	maintained benchmark	keep	199	adb1eb2fc68d0d2a4d20368ed193526c2c610cd41d3b940276e5f7846cd6c542	benchmark or regression build/run/check dependency
benchmarks/reconstructed_fault/bp3_geometry/inputs/qualified-direct.prm	maintained benchmark	keep	199	021da43b03bb7e9184a831c0092cda47922e9a6c2599eb969fc73613141b7b7a	benchmark or regression build/run/check dependency
benchmarks/reconstructed_fault/bp3_geometry/inputs/qualified-direct2.prm	maintained benchmark	keep	201	a6c7103da92678d4af73f3256e63f49c7a1f5a775a17474afc733ca7b6ce1fdc	benchmark or regression build/run/check dependency
benchmarks/reconstructed_fault/bp3_geometry/inputs/qualified-endpoint-dump-reverse.prm	maintained benchmark	keep	467	039bf498e15689d6b584456dd7cb7315f304cf076bbbd71bdb37793f84170207	benchmark or regression build/run/check dependency
benchmarks/reconstructed_fault/bp3_geometry/inputs/qualified-endpoint-dump.prm	maintained benchmark	keep	451	efd89b336e673ee3f90dc409e69e32f3830a913e5946eb492a8949d057a7b969	benchmark or regression build/run/check dependency
benchmarks/reconstructed_fault/bp3_geometry/inputs/qualified-evolving.prm	maintained benchmark	keep	740	14f4c8236de493afa94ca06ac5183151b7f693d702b02d3e05be7839efe3b9e3	benchmark or regression build/run/check dependency
benchmarks/reconstructed_fault/bp3_geometry/inputs/qualified-mpi.prm	maintained benchmark	keep	193	533cda9c5a43d67e600fbb04505f53f1f1505520fd3b9da7429bdc1ea4b36228	benchmark or regression build/run/check dependency
benchmarks/reconstructed_fault/bp3_geometry/inputs/qualified-old-resume.prm	maintained benchmark	keep	213	dc1a1f18e06a6d6560d19e1509d5102d90e32dbba585a51208066e78d8bc552c	benchmark or regression build/run/check dependency
benchmarks/reconstructed_fault/bp3_geometry/inputs/qualified-resume.prm	maintained benchmark	keep	199	03b3a8db09bfef370b0cf3556a5aca9ea4f062150d93c26dc23a76616fb27359	benchmark or regression build/run/check dependency
benchmarks/reconstructed_fault/bp3_geometry/inputs/qualified-retry.prm	maintained benchmark	keep	197	71131866fc38ab96dec343767bbf273c4fd07216cb3913b03f2f45206cc9b492	benchmark or regression build/run/check dependency
benchmarks/reconstructed_fault/bp3_geometry/inputs/qualified-retry2.prm	maintained benchmark	keep	199	94a009025c72de531e763e59119e9e5bc26816594e05e0851988a2b644db9458	benchmark or regression build/run/check dependency
benchmarks/reconstructed_fault/bp3_geometry/inputs/qualified-serial-fixed.prm	maintained benchmark	keep	211	e188e1735dbe2bab816d32cecb53ef6956b0528192d19597ecbed13a7ef8fac3	benchmark or regression build/run/check dependency
benchmarks/reconstructed_fault/bp3_geometry/inputs/qualified-staggered.prm	maintained benchmark	keep	205	4a62b93086927dda5c5488d13862e0076eedc494e7869601918070377ae2ac21	benchmark or regression build/run/check dependency
benchmarks/reconstructed_fault/bp3_geometry/inputs/resume.prm	maintained benchmark	keep	449	02605db04e9b6e43b8f3619a11258b91cbf0c1cadfff2337e9238fc330cb5206	benchmark or regression build/run/check dependency
benchmarks/reconstructed_fault/bp3_geometry/inputs/retry.prm	maintained benchmark	keep	427	129dde22806abea097eedc334eeaf39e9108930a74a9af70998f5d0357eb2865	benchmark or regression build/run/check dependency
benchmarks/reconstructed_fault/bp3_geometry/inputs/retry2.prm	maintained benchmark	keep	595	31b5f8058527b5b6495a61b6236967bdf3f57b80ff763dad41c88000842b4c1d	benchmark or regression build/run/check dependency
benchmarks/reconstructed_fault/bp3_geometry/inputs/serial-fixed.prm	maintained benchmark	keep	193	d36f0294b53d2d7c9335595db6a5e2e765c144fccb56d799f0e88c1804b55d0e	benchmark or regression build/run/check dependency
benchmarks/reconstructed_fault/bp3_geometry/inputs/staggered.prm	maintained benchmark	keep	422	688a36ca32400336bdc2638e280c7420296215e5bac0b9f70624df822b9213df	benchmark or regression build/run/check dependency
benchmarks/reconstructed_fault/bp3_geometry/plugin/CMakeLists.txt	maintained benchmark	keep	1180	83052187dfbdb7f6b2262e540a89f88002504e3dd6bfa6bf107faf1ff7abc967	benchmark or regression build/run/check dependency
benchmarks/reconstructed_fault/bp3_geometry/plugin/endpoint_check.cc	maintained benchmark	keep	4295	43ef982f51f07ab31f7864ebefa5f53190fb53b9b7302886a9f6fd2c399a7955	benchmark or regression build/run/check dependency
benchmarks/reconstructed_fault/bp3_geometry/plugin/endpoint_dump.cc	maintained benchmark	keep	1792	54723de99de0f432497b330615816e7eae1456b400f536a89e8eb41cd4bddfa3	benchmark or regression build/run/check dependency
benchmarks/reconstructed_fault/bp3_geometry/plugin/geometry_check.cc	maintained benchmark	keep	4847	697eaeb2fa7fd02b843356e6e8d013307a4db083cb39828c4aa547e1d5699b55	benchmark or regression build/run/check dependency
benchmarks/reconstructed_fault/bp3_geometry/plugin/timestep_zero.cc	maintained benchmark	keep	8946	1ba63f8506a0ea2c0798ece1d029e73322875a8132776a9f7532dd16a1351f27	benchmark or regression build/run/check dependency
benchmarks/reconstructed_fault/bp3_geometry/prepare_restart.py	maintained benchmark	keep	571	e09bbb7161b1a7b3455715ff7d882f8edb6830c51a513768364d0685b1dc4606	benchmark or regression build/run/check dependency
benchmarks/reconstructed_fault/bp3_geometry/results/artifacts.json	deliberate test reference	keep	11951	4774a43c852e4106798bd4c7aaff360153c7e0e7ad4181cbee9287d42956cde4	compact qualification summary/provenance retained with regression
benchmarks/reconstructed_fault/bp3_geometry/results/baseline.json	deliberate test reference	keep	215	12b9485c7e546aae562c38fa558dc5405fd73a82e877d9628fe5710c5d06daa5	compact qualification summary/provenance retained with regression
benchmarks/reconstructed_fault/bp3_geometry/results/birth_counts.json	deliberate test reference	keep	1621	49db9c7eb35d99e407832239ab1d0d49792cd19310be7f70cae105a1d3389a29	compact qualification summary/provenance retained with regression
benchmarks/reconstructed_fault/bp3_geometry/results/checks.json	deliberate test reference	keep	84712	ce0c2b5971c3bf728bd79e2a7c9f6e64b98c5d258f7ff5cb6060ec818f2a6984	compact qualification summary/provenance retained with regression
benchmarks/reconstructed_fault/bp3_geometry/results/compare-final.log	deliberate test reference	keep	1003	6efadbc8719dd76fb8d10683c35ef045c9b3aa243b01f4ca3a966f511c2d4c3f	compact qualification summary/provenance retained with regression
benchmarks/reconstructed_fault/bp3_geometry/results/comparison_metrics.json	deliberate test reference	keep	56408	eebcf9ecb84704812c6dbe6e5b83b858b6e13f8b896dc2d589f9dc91637e1b6b	compact qualification summary/provenance retained with regression
benchmarks/reconstructed_fault/bp3_geometry/results/create-birth_H_rank0.csv	generated/rebuildable artifact	untrack-keep-local	1488	b019c92eb03a12cf5e8309122f2410f793ca40cb6e65b5c8aed3d0397bb6d5e5	completed run log/expanded input/export; archive exact bytes, retain local comparison paths
benchmarks/reconstructed_fault/bp3_geometry/results/create-birth_H_rank1.csv	generated/rebuildable artifact	untrack-keep-local	11367	3a9ce9aab6d19b569cb647bcaea8041025bcc763a9c24b4a2cdbda0b18b90297	completed run log/expanded input/export; archive exact bytes, retain local comparison paths
benchmarks/reconstructed_fault/bp3_geometry/results/create-lifecycle_rank0.csv	generated/rebuildable artifact	untrack-keep-local	4398	1bd3d53a700e6bdbc27ba8a639efcce3a7ec581bb7555f5c30abc23f7356d815	completed run log/expanded input/export; archive exact bytes, retain local comparison paths
benchmarks/reconstructed_fault/bp3_geometry/results/create-lifecycle_rank1.csv	generated/rebuildable artifact	untrack-keep-local	4466	4db1285f5db281305837ac2c38dc23edb5267e041741ab4ab68fb19da8990d29	completed run log/expanded input/export; archive exact bytes, retain local comparison paths
benchmarks/reconstructed_fault/bp3_geometry/results/dip-45-accepted_steps.csv	generated/rebuildable artifact	untrack-keep-local	996	057449d50088970e5e68e5c29470bf7d6fbdbc61151e52bf593bac44080f55bc	completed run log/expanded input/export; archive exact bytes, retain local comparison paths
benchmarks/reconstructed_fault/bp3_geometry/results/dip-45-profiles-fault_0.csv	generated/rebuildable artifact	untrack-keep-local	5346	9742da900be48e891ff3b24080cc5ad31fbec6af9122669a9909def071429e2d	completed run log/expanded input/export; archive exact bytes, retain local comparison paths
benchmarks/reconstructed_fault/bp3_geometry/results/dip-45-profiles-fault_2.csv	generated/rebuildable artifact	untrack-keep-local	6227	7fa8af740529000886fbe04fe8196165518181c9e8b882daa67d919137545229	completed run log/expanded input/export; archive exact bytes, retain local comparison paths
benchmarks/reconstructed_fault/bp3_geometry/results/dip-45-restored_growth.csv	generated/rebuildable artifact	untrack-keep-local	663	5b39a4fd80f89ae47c0e32e0820e3a99809078134fdc9b23748546c3e0559815	completed run log/expanded input/export; archive exact bytes, retain local comparison paths
benchmarks/reconstructed_fault/bp3_geometry/results/dip-45-reverse-accepted_steps.csv	generated/rebuildable artifact	untrack-keep-local	999	44581b363ceda1d4c827742b906353e309f4dfa504f54324a993372ba46636e6	completed run log/expanded input/export; archive exact bytes, retain local comparison paths
benchmarks/reconstructed_fault/bp3_geometry/results/dip-45-reverse-profiles-fault_0.csv	generated/rebuildable artifact	untrack-keep-local	5348	5f2603134a89625d5fbc125a69529f7ae586dd4b2e1327e0e0c98d300798aaf7	completed run log/expanded input/export; archive exact bytes, retain local comparison paths
benchmarks/reconstructed_fault/bp3_geometry/results/dip-45-reverse-profiles-fault_2.csv	generated/rebuildable artifact	untrack-keep-local	6223	d8c3f54973d343a708ea806afe0478b0d013d590d2cd4cd5f42d80869aff7bbf	completed run log/expanded input/export; archive exact bytes, retain local comparison paths
benchmarks/reconstructed_fault/bp3_geometry/results/dip-45-reverse-restored_growth.csv	generated/rebuildable artifact	untrack-keep-local	666	51258be3b2b67264a605b1c34dab6ab1f04fe2d189995e23e02e7f537bcec198	completed run log/expanded input/export; archive exact bytes, retain local comparison paths
benchmarks/reconstructed_fault/bp3_geometry/results/dip-45-reverse-serial-accepted_steps.csv	generated/rebuildable artifact	untrack-keep-local	997	27a96b04e8d0b535170a552bb534c095d4ce38ff4fba9210a635dd09a59ac073	completed run log/expanded input/export; archive exact bytes, retain local comparison paths
benchmarks/reconstructed_fault/bp3_geometry/results/dip-45-reverse-serial-profiles-fault_0.csv	generated/rebuildable artifact	untrack-keep-local	5345	b5628dce423c8fadf74bb455ab310016cf35d0bd5c27fc687d3dfc29b582408d	completed run log/expanded input/export; archive exact bytes, retain local comparison paths
benchmarks/reconstructed_fault/bp3_geometry/results/dip-45-reverse-serial-profiles-fault_2.csv	generated/rebuildable artifact	untrack-keep-local	6220	d55b7fca693ba94eed125cc291c73ceac59619bc86bb79cd05ce7f2e7af74aa9	completed run log/expanded input/export; archive exact bytes, retain local comparison paths
benchmarks/reconstructed_fault/bp3_geometry/results/dip-45-reverse-serial-restored_growth.csv	generated/rebuildable artifact	untrack-keep-local	656	316bf44905ec3d9912b7e917a2acca57d7399e49980b4b65a29433536d9d63c7	completed run log/expanded input/export; archive exact bytes, retain local comparison paths
benchmarks/reconstructed_fault/bp3_geometry/results/dip-45-serial-accepted_steps.csv	generated/rebuildable artifact	untrack-keep-local	991	4b9d3a5bdaf2950382d0aa7644b4ce951ac7c7c851891413edbe46153f3a77e3	completed run log/expanded input/export; archive exact bytes, retain local comparison paths
benchmarks/reconstructed_fault/bp3_geometry/results/dip-45-serial-profiles-fault_0.csv	generated/rebuildable artifact	untrack-keep-local	5351	7d4d83530e0bbfd3a1d6813ed2d4e101580d7ad22c9e831124f73eea09b1e6c6	completed run log/expanded input/export; archive exact bytes, retain local comparison paths
benchmarks/reconstructed_fault/bp3_geometry/results/dip-45-serial-profiles-fault_2.csv	generated/rebuildable artifact	untrack-keep-local	6224	5d9dd29fde3433426568e7513720eb2cc9d8f5f66e753ea223b5fa28beadba84	completed run log/expanded input/export; archive exact bytes, retain local comparison paths
benchmarks/reconstructed_fault/bp3_geometry/results/dip-45-serial-restored_growth.csv	generated/rebuildable artifact	untrack-keep-local	666	c9b7e5b2bab84a5a62fabd8f0bf2bcec8badcafaa97a2e7276b1cf8c099989aa	completed run log/expanded input/export; archive exact bytes, retain local comparison paths
benchmarks/reconstructed_fault/bp3_geometry/results/dip-60-accepted_steps.csv	generated/rebuildable artifact	untrack-keep-local	998	2a777fc2e23c7ecc9bdc43162578a9948e59246e703ef82bf101a4b088eb90b4	completed run log/expanded input/export; archive exact bytes, retain local comparison paths
benchmarks/reconstructed_fault/bp3_geometry/results/dip-60-profiles-fault_0.csv	generated/rebuildable artifact	untrack-keep-local	4428	e09bb95e03beb1d0ce139b4dc5a9649aa9015520c837e1806a424148c7f248ae	completed run log/expanded input/export; archive exact bytes, retain local comparison paths
benchmarks/reconstructed_fault/bp3_geometry/results/dip-60-profiles-fault_2.csv	generated/rebuildable artifact	untrack-keep-local	5191	b434cca0afeabfbce63ebb819da87d5a28625aa9786a50498023566c1ce293a7	completed run log/expanded input/export; archive exact bytes, retain local comparison paths
benchmarks/reconstructed_fault/bp3_geometry/results/dip-60-restored_growth.csv	generated/rebuildable artifact	untrack-keep-local	673	de2891d838fcc24bc8580b569080a933db8009fcd2a0acaadc20e5cbc0cc0273	completed run log/expanded input/export; archive exact bytes, retain local comparison paths
benchmarks/reconstructed_fault/bp3_geometry/results/dip-60-reverse-accepted_steps.csv	generated/rebuildable artifact	untrack-keep-local	994	eea648eca7e30dcebe7f93ade1d12630c3074970d1cf0c49e9a858206041decd	completed run log/expanded input/export; archive exact bytes, retain local comparison paths
benchmarks/reconstructed_fault/bp3_geometry/results/dip-60-reverse-profiles-fault_0.csv	generated/rebuildable artifact	untrack-keep-local	4431	23f0437e4e3ef7f022e864a8fe69195839cdb2bed512901644125b4a6430960e	completed run log/expanded input/export; archive exact bytes, retain local comparison paths
benchmarks/reconstructed_fault/bp3_geometry/results/dip-60-reverse-profiles-fault_2.csv	generated/rebuildable artifact	untrack-keep-local	5187	9b1ffb40330afe3f56a4a95ab14746827f724b01582302fa2a6e24b3e34d0f04	completed run log/expanded input/export; archive exact bytes, retain local comparison paths
benchmarks/reconstructed_fault/bp3_geometry/results/dip-60-reverse-restored_growth.csv	generated/rebuildable artifact	untrack-keep-local	667	cf4dcac26f87d2936f2e0a55f79b48833d84034aaca07fb9e6b010315405789a	completed run log/expanded input/export; archive exact bytes, retain local comparison paths
benchmarks/reconstructed_fault/bp3_geometry/results/direct-birth_H_rank0.csv	generated/rebuildable artifact	untrack-keep-local	25621	6ff43bfdc36e161d8a64367c493190e47b6eaff0ac7cbd9ac5c014647170671d	completed run log/expanded input/export; archive exact bytes, retain local comparison paths
benchmarks/reconstructed_fault/bp3_geometry/results/direct-lifecycle_rank0.csv	generated/rebuildable artifact	untrack-keep-local	4415	73ba535a872687ed1710cd060dd967fcf2b18158f573dc0edfba320c534d48a9	completed run log/expanded input/export; archive exact bytes, retain local comparison paths
benchmarks/reconstructed_fault/bp3_geometry/results/direct2-birth_H_rank0.csv	generated/rebuildable artifact	untrack-keep-local	2570	edebe70f20ec06ae6f59742dfab815877abb390f72d1ebcbd0e356285f763a84	completed run log/expanded input/export; archive exact bytes, retain local comparison paths
benchmarks/reconstructed_fault/bp3_geometry/results/direct2-birth_H_rank1.csv	generated/rebuildable artifact	untrack-keep-local	23200	4a75b810940ae0d2334b5db127edd92e80b26bca25661cb9ae37470702a7b4a1	completed run log/expanded input/export; archive exact bytes, retain local comparison paths
benchmarks/reconstructed_fault/bp3_geometry/results/direct2-lifecycle_rank0.csv	generated/rebuildable artifact	untrack-keep-local	2979	339bc3cd3e660d48f82a922279c0dd306e9486015479efa3c9594646cffbd68e	completed run log/expanded input/export; archive exact bytes, retain local comparison paths
benchmarks/reconstructed_fault/bp3_geometry/results/direct2-lifecycle_rank1.csv	generated/rebuildable artifact	untrack-keep-local	3012	674de7882d128b50a2b32de73b6bb43b3dd91105898aca03de4b6b9188c85edb	completed run log/expanded input/export; archive exact bytes, retain local comparison paths
benchmarks/reconstructed_fault/bp3_geometry/results/endpoint_plane_gap.json	deliberate test reference	keep	402	b429a192b43c5bffddab0e0b2ad8e09823a72ddfe89a3f445e4ada1d42e86e93	compact qualification summary/provenance retained with regression
benchmarks/reconstructed_fault/bp3_geometry/results/endpoint_plane_mpi_comparison.json	deliberate test reference	keep	599	1037eb4b1bf38228329a630daf6cd26aa078768e45ae8bb937c7eedfa53c2c6a	compact qualification summary/provenance retained with regression
benchmarks/reconstructed_fault/bp3_geometry/results/guard-45-qualified-geometry.csv	generated/rebuildable artifact	untrack-keep-local	206	1a1050ad9254f486c05a2a52cc101da51c145c8b84f8ffadb8d094fc26eda458	completed run log/expanded input/export; archive exact bytes, retain local comparison paths
benchmarks/reconstructed_fault/bp3_geometry/results/guard-45-reverse-qualified-geometry.csv	generated/rebuildable artifact	untrack-keep-local	206	1a1050ad9254f486c05a2a52cc101da51c145c8b84f8ffadb8d094fc26eda458	completed run log/expanded input/export; archive exact bytes, retain local comparison paths
benchmarks/reconstructed_fault/bp3_geometry/results/guard-60-qualified-geometry.csv	generated/rebuildable artifact	untrack-keep-local	220	ebc04ea31891b2d1fc11d067b746b24fe0698b25c4925da71c665f9e2282707b	completed run log/expanded input/export; archive exact bytes, retain local comparison paths
benchmarks/reconstructed_fault/bp3_geometry/results/guard-60-reverse-qualified-geometry.csv	generated/rebuildable artifact	untrack-keep-local	220	ebc04ea31891b2d1fc11d067b746b24fe0698b25c4925da71c665f9e2282707b	completed run log/expanded input/export; archive exact bytes, retain local comparison paths
benchmarks/reconstructed_fault/bp3_geometry/results/guard-left-qualified-geometry.csv	generated/rebuildable artifact	untrack-keep-local	208	d10e0f4de1af8bd09b0b0c4729b4ad4f91b976b5f2e57d0750d81082e75f3874	completed run log/expanded input/export; archive exact bytes, retain local comparison paths
benchmarks/reconstructed_fault/bp3_geometry/results/guard-small-qualified-geometry.csv	generated/rebuildable artifact	untrack-keep-local	187	6bc69ecd9241b23337e8810c20b018565d9622a544328b13aff832f164e4b49b	completed run log/expanded input/export; archive exact bytes, retain local comparison paths
benchmarks/reconstructed_fault/bp3_geometry/results/mpi-accepted_steps.csv	generated/rebuildable artifact	untrack-keep-local	996	561bdc617906c3521e05ffa383e55435caaa05672a680357987f041830684909	completed run log/expanded input/export; archive exact bytes, retain local comparison paths
benchmarks/reconstructed_fault/bp3_geometry/results/mpi-birth_H_rank0.csv	generated/rebuildable artifact	untrack-keep-local	3523	2715fd349e5bf461f7c56b26abb14543b25ae0394d859626d2d9bf40a7a41400	completed run log/expanded input/export; archive exact bytes, retain local comparison paths
benchmarks/reconstructed_fault/bp3_geometry/results/mpi-birth_H_rank1.csv	generated/rebuildable artifact	untrack-keep-local	23293	0e71736638154c66f82dad465955a87e9724f189dc00098bc81adaac4bb9fa1b	completed run log/expanded input/export; archive exact bytes, retain local comparison paths
benchmarks/reconstructed_fault/bp3_geometry/results/mpi-lifecycle_rank0.csv	generated/rebuildable artifact	untrack-keep-local	6561	73b763f73b47c57b05b40fa1e22d3c3ae73c356bee202421cba1c4024075f3d9	completed run log/expanded input/export; archive exact bytes, retain local comparison paths
benchmarks/reconstructed_fault/bp3_geometry/results/mpi-lifecycle_rank1.csv	generated/rebuildable artifact	untrack-keep-local	6644	6b0b69316bf3f588efccaa43464899fe77519b7e55743e33bddfb2691fabba7e	completed run log/expanded input/export; archive exact bytes, retain local comparison paths
benchmarks/reconstructed_fault/bp3_geometry/results/mpi-profiles-fault_0.csv	generated/rebuildable artifact	untrack-keep-local	4428	e09bb95e03beb1d0ce139b4dc5a9649aa9015520c837e1806a424148c7f248ae	completed run log/expanded input/export; archive exact bytes, retain local comparison paths
benchmarks/reconstructed_fault/bp3_geometry/results/mpi-profiles-fault_2.csv	generated/rebuildable artifact	untrack-keep-local	5186	e633260ec02eb485bbb1f9430f04350b413b0bb91cc0b523ad3b501a4f0b85c9	completed run log/expanded input/export; archive exact bytes, retain local comparison paths
benchmarks/reconstructed_fault/bp3_geometry/results/mpi-restored_growth.csv	generated/rebuildable artifact	untrack-keep-local	670	403cb01a4f485f8cdba561bc2ce160034e6ac7bfda80cc7223a8723650147232	completed run log/expanded input/export; archive exact bytes, retain local comparison paths
benchmarks/reconstructed_fault/bp3_geometry/results/order-45-association-differences.json	deliberate test reference	keep	7576	05a5855edd4d79750f5b65eda5f33bb77657a51638fcf47580891e219bf1e70d	compact qualification summary/provenance retained with regression
benchmarks/reconstructed_fault/bp3_geometry/results/order-60-association-differences.json	deliberate test reference	keep	85	803c0fbc6079d1d3d7fc2b31680f1b6730f4ff167a06f2e87c333f823c52c38a	compact qualification summary/provenance retained with regression
benchmarks/reconstructed_fault/bp3_geometry/results/preservation.json	deliberate test reference	keep	1572	60c159fbbdad77433b9348b4e2936d4f2020b61bc81e6923044f5473b61f1fc6	compact qualification summary/provenance retained with regression
benchmarks/reconstructed_fault/bp3_geometry/results/profile_roundoff_reproduction.json	deliberate test reference	keep	671	3768468fbb3f7c4b5e0e7b7fbbcc5cf94016266c2b74702c6808f0427b88c04d	compact qualification summary/provenance retained with regression
benchmarks/reconstructed_fault/bp3_geometry/results/resume-birth_H_rank0.csv	generated/rebuildable artifact	untrack-keep-local	3116	2e96aa7f28946f208f9a176007ad11918ef13622543eab0f310dde05f2460af1	completed run log/expanded input/export; archive exact bytes, retain local comparison paths
benchmarks/reconstructed_fault/bp3_geometry/results/resume-birth_H_rank1.csv	generated/rebuildable artifact	untrack-keep-local	23308	aebe06b2356b993570b38b5ebc9ed8f6610b3002ee6296102e5b11cfd3e1d5da	completed run log/expanded input/export; archive exact bytes, retain local comparison paths
benchmarks/reconstructed_fault/bp3_geometry/results/resume-lifecycle_rank0.csv	generated/rebuildable artifact	untrack-keep-local	2994	e017bd49d4cef67f8a515ba6f119b822efdf213bb6deb73573e45e621926c9c0	completed run log/expanded input/export; archive exact bytes, retain local comparison paths
benchmarks/reconstructed_fault/bp3_geometry/results/resume-lifecycle_rank1.csv	generated/rebuildable artifact	untrack-keep-local	3010	bd6c0a9addf475b7aa59711ca64defb89c1cf383e160345914f66034bd950353	completed run log/expanded input/export; archive exact bytes, retain local comparison paths
benchmarks/reconstructed_fault/bp3_geometry/results/retry-birth_H_rank0.csv	generated/rebuildable artifact	untrack-keep-local	52125	f33e76fff39a16234d55c572c34141c1826eaf4a64a6af0c7568bbc4a68119f6	completed run log/expanded input/export; archive exact bytes, retain local comparison paths
benchmarks/reconstructed_fault/bp3_geometry/results/retry-lifecycle_rank0.csv	generated/rebuildable artifact	untrack-keep-local	5966	11937a20d810390756c9d48ef0aa5b95dec38a430718de45b43579465c89942d	completed run log/expanded input/export; archive exact bytes, retain local comparison paths
benchmarks/reconstructed_fault/bp3_geometry/results/retry2-birth_H_rank0.csv	generated/rebuildable artifact	untrack-keep-local	4198	1d7d83ab491711ea9e9e5ebdd053a5bf8771e26117a3e808dbdb1c8111ecb0c9	completed run log/expanded input/export; archive exact bytes, retain local comparison paths
benchmarks/reconstructed_fault/bp3_geometry/results/retry2-birth_H_rank1.csv	generated/rebuildable artifact	untrack-keep-local	35141	b2df7e32bb05dce532e85c59370b26735e0ad0f5bea36c43eb4e3d64b699fc5a	completed run log/expanded input/export; archive exact bytes, retain local comparison paths
benchmarks/reconstructed_fault/bp3_geometry/results/retry2-lifecycle_rank0.csv	generated/rebuildable artifact	untrack-keep-local	4893	15fe41b1c076273319f220cfa2b646212a515d81ce448aa99ab4f233927b68bd	completed run log/expanded input/export; archive exact bytes, retain local comparison paths
benchmarks/reconstructed_fault/bp3_geometry/results/retry2-lifecycle_rank1.csv	generated/rebuildable artifact	untrack-keep-local	4941	7a10137998d448aef5575607a2e1dbe109ad7d1f0383419de5a7f12da65b47bd	completed run log/expanded input/export; archive exact bytes, retain local comparison paths
benchmarks/reconstructed_fault/bp3_geometry/results/runs.json	deliberate test reference	keep	37452	6d4504e6176be199a3c9047febaf5679eca2bee7a7d04684c319a08b3a9e25bd	compact qualification summary/provenance retained with regression
benchmarks/reconstructed_fault/bp3_geometry/results/serial-fixed-accepted_steps.csv	generated/rebuildable artifact	untrack-keep-local	997	81a43d07c737aa65e39eb9f9dd1426ab6d9fd69a258e4339464b3d292587d011	completed run log/expanded input/export; archive exact bytes, retain local comparison paths
benchmarks/reconstructed_fault/bp3_geometry/results/serial-fixed-birth_H_rank0.csv	generated/rebuildable artifact	untrack-keep-local	26869	5c58b46bd5e19f1e3095ef8e550f3dc7c709940d0375d9fa8f494392e6707223	completed run log/expanded input/export; archive exact bytes, retain local comparison paths
benchmarks/reconstructed_fault/bp3_geometry/results/serial-fixed-lifecycle_rank0.csv	generated/rebuildable artifact	untrack-keep-local	6628	79e85127f4e176954d47891d770e2dddcfeee90fd805f6341c4aba77fe15c12d	completed run log/expanded input/export; archive exact bytes, retain local comparison paths
benchmarks/reconstructed_fault/bp3_geometry/results/serial-fixed-profiles-fault_0.csv	generated/rebuildable artifact	untrack-keep-local	4424	74d7f2caa183fecf3f96bfb42c7ca7c7e5f0135fd2ee6581c5eedda01e499c57	completed run log/expanded input/export; archive exact bytes, retain local comparison paths
benchmarks/reconstructed_fault/bp3_geometry/results/serial-fixed-profiles-fault_2.csv	generated/rebuildable artifact	untrack-keep-local	5192	9bcd2371cb363b1d6935e004a4d4ac8443a5cdf6628da73aab8089f0c9c10657	completed run log/expanded input/export; archive exact bytes, retain local comparison paths
benchmarks/reconstructed_fault/bp3_geometry/results/serial-fixed-restored_growth.csv	generated/rebuildable artifact	untrack-keep-local	669	2aed0fb3277d7e257240a1fe0d796d11077c62896154941adfcf0592fdb4f08d	completed run log/expanded input/export; archive exact bytes, retain local comparison paths
benchmarks/reconstructed_fault/bp3_geometry/results/staggered-accepted_steps.csv	generated/rebuildable artifact	untrack-keep-local	997	ce29c4a69a262dc2edf76674d9d3dfb34d004bdcf930717afef6ab73e04b03f0	completed run log/expanded input/export; archive exact bytes, retain local comparison paths
benchmarks/reconstructed_fault/bp3_geometry/results/staggered-birth_H_rank0.csv	generated/rebuildable artifact	untrack-keep-local	3116	2e96aa7f28946f208f9a176007ad11918ef13622543eab0f310dde05f2460af1	completed run log/expanded input/export; archive exact bytes, retain local comparison paths
benchmarks/reconstructed_fault/bp3_geometry/results/staggered-birth_H_rank1.csv	generated/rebuildable artifact	untrack-keep-local	23308	aebe06b2356b993570b38b5ebc9ed8f6610b3002ee6296102e5b11cfd3e1d5da	completed run log/expanded input/export; archive exact bytes, retain local comparison paths
benchmarks/reconstructed_fault/bp3_geometry/results/staggered-lifecycle_rank0.csv	generated/rebuildable artifact	untrack-keep-local	6572	5e6506670092500a7f6927ec118a51ea1334bdd97fa288ce4bfbff6afba41cb2	completed run log/expanded input/export; archive exact bytes, retain local comparison paths
benchmarks/reconstructed_fault/bp3_geometry/results/staggered-lifecycle_rank1.csv	generated/rebuildable artifact	untrack-keep-local	6655	685a9a7f5fbabf89a8c2deeeeb0aa64c77ad2ac69a37497eff1e5c99bf711442	completed run log/expanded input/export; archive exact bytes, retain local comparison paths
benchmarks/reconstructed_fault/bp3_geometry/results/staggered-profiles-fault_0.csv	generated/rebuildable artifact	untrack-keep-local	4428	e09bb95e03beb1d0ce139b4dc5a9649aa9015520c837e1806a424148c7f248ae	completed run log/expanded input/export; archive exact bytes, retain local comparison paths
benchmarks/reconstructed_fault/bp3_geometry/results/staggered-profiles-fault_2.csv	generated/rebuildable artifact	untrack-keep-local	5191	709c95d305f28ff4b006b0995157964e2a191d743c481eebca7504d7fd9da34b	completed run log/expanded input/export; archive exact bytes, retain local comparison paths
benchmarks/reconstructed_fault/bp3_geometry/results/staggered-restored_growth.csv	generated/rebuildable artifact	untrack-keep-local	672	d3f71eb8d99a4fcd0667779728801acedae0e9a87e58f1c2769cbc450102eef7	completed run log/expanded input/export; archive exact bytes, retain local comparison paths
benchmarks/reconstructed_fault/bp3_geometry/results/unit-profile-bounds-np2.log	deliberate test reference	keep	616	36016bd7e623a2b9d39874e81fc17bdfbad9a2f71131d6a5728b99cd773b13c3	compact qualification summary/provenance retained with regression
benchmarks/reconstructed_fault/bp3_geometry/run_cases.py	maintained benchmark	keep	3445	2a46129ad1836c5888609bc7091e35ea5f30e0bb858a3e89efb32b06a9434910	benchmark or regression build/run/check dependency
benchmarks/reconstructed_fault/bp3_geometry/run_logged.py	maintained benchmark	keep	1485	4854696014c859945122f4329ed2c1abaa3037265b084f5e78ba53d2d5eec605	benchmark or regression build/run/check dependency
benchmarks/reconstructed_fault/bp3_local_tests/.gitignore	maintained benchmark	keep	30	c424b9fbc8dd14087c6391281a9fa9d1747bbae27d2095f254d05a06e8f532e5	benchmark or regression build/run/check dependency
benchmarks/reconstructed_fault/bp3_local_tests/CANDIDATE.md	maintained benchmark	keep	1227	9034cd92e47039f7dc4805fee4d71c3fe7d17c93b4718e8ed380b486dadaf5ba	benchmark or regression build/run/check dependency
benchmarks/reconstructed_fault/bp3_local_tests/PLAN.md	maintained benchmark	keep	5747	1d40d5aa1b1d3f8d0aaffd4278c990780ae905972d8ce86b6af05d0ac3c676e9	benchmark or regression build/run/check dependency
benchmarks/reconstructed_fault/bp3_local_tests/README.md	maintained benchmark	keep	12340	1bd718f77184d7deed18260634d14471c94959a080528f6b027952d4cbe00515	benchmark or regression build/run/check dependency
benchmarks/reconstructed_fault/bp3_local_tests/analyze.py	maintained benchmark	keep	16914	4622801c12f706f7ead1e65e34bd3802147b04b369981700f8b8997be85f7f86	benchmark or regression build/run/check dependency
benchmarks/reconstructed_fault/bp3_local_tests/clock/CMakeLists.txt	maintained benchmark	keep	234	531860abafeb31f5b2b6736e86ff16aade2d569f7da8e9200e1c658be7e5a8ac	benchmark or regression build/run/check dependency
benchmarks/reconstructed_fault/bp3_local_tests/clock/clock.cc	maintained benchmark	keep	2591	556a9d8da174c5b2d7f894e57d6e74c22d6625b22c1fa7c91ad9dfe0f85dcd5d	benchmark or regression build/run/check dependency
benchmarks/reconstructed_fault/bp3_local_tests/diagnostics.cc	maintained benchmark	keep	13855	66385df4f2f5d12544b9e37d44fb12236fb095fe549d30645f7b4a52bad3611d	benchmark or regression build/run/check dependency
benchmarks/reconstructed_fault/bp3_local_tests/evidence/A-np2.json	deliberate test reference	keep	630	89042a9c2c09e8c3aaaeec9b6e6ccbed51884145b335e05a6f9d51baf5fce3b1	compact qualification summary/provenance retained with regression
benchmarks/reconstructed_fault/bp3_local_tests/evidence/A-np2.log	generated/rebuildable artifact	untrack-keep-local	36331	ea060c54df462109ed9e0ccc16cbee08e1b4757f63a79f5fa8c6b90db2d7130c	completed run log/expanded input/export; archive exact bytes, retain local comparison paths
benchmarks/reconstructed_fault/bp3_local_tests/evidence/A-np2.prm	generated/rebuildable artifact	untrack-keep-local	7621	1521b2e26ac6773f125a0a63e3d754ec754f15daf3f9816a1d1330b6fb77d4ab	completed run log/expanded input/export; archive exact bytes, retain local comparison paths
benchmarks/reconstructed_fault/bp3_local_tests/evidence/A-replay-final-np2.json	deliberate test reference	keep	643	6f42c08ad729bfbd6e706492d8c5becf8e3f8ba5dac25f866de5a0c8e3f7c0e7	compact qualification summary/provenance retained with regression
benchmarks/reconstructed_fault/bp3_local_tests/evidence/A-replay-final-np2.log	generated/rebuildable artifact	untrack-keep-local	19303	cc92cc3e598b8868b6369e470a4dedeab95a017fdfa9581088fa923ae59ade1f	completed run log/expanded input/export; archive exact bytes, retain local comparison paths
benchmarks/reconstructed_fault/bp3_local_tests/evidence/A-replay-final-np2.prm	generated/rebuildable artifact	untrack-keep-local	7767	5196832c83cc5dc65d36c519f2ffbff4af269422ebcfb83c1c9a0cfd2350dfaf	completed run log/expanded input/export; archive exact bytes, retain local comparison paths
benchmarks/reconstructed_fault/bp3_local_tests/evidence/A-replay-np2.json	deliberate test reference	keep	636	d5f78a8264a190f07a959765ea5282f1286cf544c61f576613c4da9b778abe9c	compact qualification summary/provenance retained with regression
benchmarks/reconstructed_fault/bp3_local_tests/evidence/A-replay-np2.log	generated/rebuildable artifact	untrack-keep-local	5492	05b87dda6d96d93b04831fea6882d7e8da8f838a002d9130471d0323e4fe1ec3	completed run log/expanded input/export; archive exact bytes, retain local comparison paths
benchmarks/reconstructed_fault/bp3_local_tests/evidence/A-replay-np2.prm	generated/rebuildable artifact	untrack-keep-local	7761	4f286e94e3e89317d17478268bdaeae7149bfd4dc229821fe71ec2fa3842b96d	completed run log/expanded input/export; archive exact bytes, retain local comparison paths
benchmarks/reconstructed_fault/bp3_local_tests/evidence/A-replay-v2-np2.json	deliberate test reference	keep	637	9d105ee712f1fed766869ed7b62d7d4113fc9b17997cb0dba0c88c6b9a5c4cc9	compact qualification summary/provenance retained with regression
benchmarks/reconstructed_fault/bp3_local_tests/evidence/A-replay-v2-np2.log	generated/rebuildable artifact	untrack-keep-local	19290	949a382f86533e21ccf20aaaf0ab650bab15a754e7f6a51dd87ccadfb6d90388	completed run log/expanded input/export; archive exact bytes, retain local comparison paths
benchmarks/reconstructed_fault/bp3_local_tests/evidence/A-replay-v2-np2.prm	generated/rebuildable artifact	untrack-keep-local	7761	4f286e94e3e89317d17478268bdaeae7149bfd4dc229821fe71ec2fa3842b96d	completed run log/expanded input/export; archive exact bytes, retain local comparison paths
benchmarks/reconstructed_fault/bp3_local_tests/evidence/A-small-dt-np2.json	deliberate test reference	keep	638	7030bfbd9138ce374609371f581e454eae6273cf9c2189795010107be0fa9309	compact qualification summary/provenance retained with regression
benchmarks/reconstructed_fault/bp3_local_tests/evidence/A-small-dt-np2.log	generated/rebuildable artifact	untrack-keep-local	24705	488cf6ab4d7fc469d7671f608939c90f27dc6699afccc308014119d3970d0500	completed run log/expanded input/export; archive exact bytes, retain local comparison paths
benchmarks/reconstructed_fault/bp3_local_tests/evidence/A-small-dt-np2.prm	generated/rebuildable artifact	untrack-keep-local	7767	12f8ea635698230e3c5458fd16aaa7f5a87a32eee7ca6d4000852ec25a9012dd	completed run log/expanded input/export; archive exact bytes, retain local comparison paths
benchmarks/reconstructed_fault/bp3_local_tests/evidence/B-np2.json	deliberate test reference	keep	629	5464d979674141f3bcdee7f6d091e63d313cb1fd30e1b539ec7e6ac8366c8100	compact qualification summary/provenance retained with regression
benchmarks/reconstructed_fault/bp3_local_tests/evidence/B-np2.log	generated/rebuildable artifact	untrack-keep-local	36329	53fde6ddbe1e1ded515b42bbe3225b45bfc9655de6b3bd4f3cceee929f0f6469	completed run log/expanded input/export; archive exact bytes, retain local comparison paths
benchmarks/reconstructed_fault/bp3_local_tests/evidence/B-np2.prm	generated/rebuildable artifact	untrack-keep-local	7621	1846a9ec43399a28cb47da68bd758642c9a87b0481f495322de885e810ec45ab	completed run log/expanded input/export; archive exact bytes, retain local comparison paths
benchmarks/reconstructed_fault/bp3_local_tests/evidence/analysis-final-summary.log	generated/rebuildable artifact	untrack-keep-local	36103	783fb84d5b88908dd8a6b0bc80a1654fa13a75854e920eab10c54eda4de3511e	completed run log/expanded input/export; archive exact bytes, retain local comparison paths
benchmarks/reconstructed_fault/bp3_local_tests/evidence/analysis-final.log	generated/rebuildable artifact	untrack-keep-local	35149	eeb1551c9dca5e2a60a451ae6d73cbfdf013a93b6b3979c80f2894f1ea06640a	completed run log/expanded input/export; archive exact bytes, retain local comparison paths
benchmarks/reconstructed_fault/bp3_local_tests/evidence/analysis-v2.log	generated/rebuildable artifact	untrack-keep-local	30800	1f2093e99ee0c037f235c0093bdfddce63d3b1960d70310b8e051d93e79e5acc	completed run log/expanded input/export; archive exact bytes, retain local comparison paths
benchmarks/reconstructed_fault/bp3_local_tests/evidence/analysis.log	generated/rebuildable artifact	untrack-keep-local	30669	24659bcf72caca27d4d86e87d6068ea5b56ffe0c27bd3c9ce42fc5bdd839590f	completed run log/expanded input/export; archive exact bytes, retain local comparison paths
benchmarks/reconstructed_fault/bp3_local_tests/evidence/build-final.log	generated/rebuildable artifact	untrack-keep-local	274	3f3f0dd006aed75d45d6fa2642dc9e9d4fdc7de4fdcf8d7af15f270f4c3706af	completed run log/expanded input/export; archive exact bytes, retain local comparison paths
benchmarks/reconstructed_fault/bp3_local_tests/evidence/build-probes.log	generated/rebuildable artifact	untrack-keep-local	1727	c396e47272f7a5ef9b8b7ff5aa9857e6b296a61fce03b74d1e463ea4cd85dff0	completed run log/expanded input/export; archive exact bytes, retain local comparison paths
benchmarks/reconstructed_fault/bp3_local_tests/evidence/build.log	generated/rebuildable artifact	untrack-keep-local	957	f27874273d0fd82c854a4b2c0376daf7de64c253aa9e93d71186b8dda1d87ae7	completed run log/expanded input/export; archive exact bytes, retain local comparison paths
benchmarks/reconstructed_fault/bp3_local_tests/evidence/clock-build-final.log	generated/rebuildable artifact	untrack-keep-local	169	a8cb2b2c21b99802ca20c9c4b9b126b44690377693d7aac2cb0437cc1a9eb944	completed run log/expanded input/export; archive exact bytes, retain local comparison paths
benchmarks/reconstructed_fault/bp3_local_tests/evidence/clock-build-v2.log	generated/rebuildable artifact	untrack-keep-local	169	a8cb2b2c21b99802ca20c9c4b9b126b44690377693d7aac2cb0437cc1a9eb944	completed run log/expanded input/export; archive exact bytes, retain local comparison paths
benchmarks/reconstructed_fault/bp3_local_tests/evidence/clock-build.log	generated/rebuildable artifact	untrack-keep-local	169	a8cb2b2c21b99802ca20c9c4b9b126b44690377693d7aac2cb0437cc1a9eb944	completed run log/expanded input/export; archive exact bytes, retain local comparison paths
benchmarks/reconstructed_fault/bp3_local_tests/evidence/clock-configure.log	generated/rebuildable artifact	untrack-keep-local	882	6c352249ad482b17659c497065f7c04c4a9d289acb8cf1e07f5b567ef716030a	completed run log/expanded input/export; archive exact bytes, retain local comparison paths
benchmarks/reconstructed_fault/bp3_local_tests/evidence/configure.log	generated/rebuildable artifact	untrack-keep-local	879	9b263207fafc5dce4f45ffb488a1150ffb95e5bb1ab634f8c23f60a383a5d9c3	completed run log/expanded input/export; archive exact bytes, retain local comparison paths
benchmarks/reconstructed_fault/bp3_local_tests/evidence/default-build.log	generated/rebuildable artifact	untrack-keep-local	957	63657d42d5d02c061eac9b9679713352506361b0689a87b89be1c04aa6785a91	completed run log/expanded input/export; archive exact bytes, retain local comparison paths
benchmarks/reconstructed_fault/bp3_local_tests/evidence/default-configure.log	generated/rebuildable artifact	untrack-keep-local	887	54cc7588e537e98569d18b940da371946a2dc4aeb2f5defb0153ee870fd27917	completed run log/expanded input/export; archive exact bytes, retain local comparison paths
benchmarks/reconstructed_fault/bp3_local_tests/evidence/pilot-A-np2.json	deliberate test reference	keep	636	23c87441c04b636afecfd6125b0b067ec63a652bc5e97a857ba6c92156dc7096	compact qualification summary/provenance retained with regression
benchmarks/reconstructed_fault/bp3_local_tests/evidence/pilot-A-np2.log	generated/rebuildable artifact	untrack-keep-local	557	e407a03f8956042d8a3115abee638d4b9b123b038d3b12b2e5dcadee0e4a2c7d	completed run log/expanded input/export; archive exact bytes, retain local comparison paths
benchmarks/reconstructed_fault/bp3_local_tests/evidence/pilot-A-sockets-np2.json	deliberate test reference	keep	634	db48f119c09a568c6242d8f05023fe7339057c77579fa0e291a52f8e2242a3ce	compact qualification summary/provenance retained with regression
benchmarks/reconstructed_fault/bp3_local_tests/evidence/pilot-A-sockets-np2.log	generated/rebuildable artifact	untrack-keep-local	19738	c17f06f612b9f65f0563d46074c82ce6032f793b9e19cab507ad3a366a36db98	completed run log/expanded input/export; archive exact bytes, retain local comparison paths
benchmarks/reconstructed_fault/bp3_local_tests/evidence/transport-A-final-np2.json	deliberate test reference	keep	638	7c83de1ec27220312e385c22e5038529fb09acfe965d7c03ee27c46a55e90ef3	compact qualification summary/provenance retained with regression
benchmarks/reconstructed_fault/bp3_local_tests/evidence/transport-A-final-np2.log	generated/rebuildable artifact	untrack-keep-local	5207	4098b4c8535927ea8f3130f3dad25f87b1e5b19eb1986884ff08541114fdd183	completed run log/expanded input/export; archive exact bytes, retain local comparison paths
benchmarks/reconstructed_fault/bp3_local_tests/evidence/transport-A-final-np2.prm	generated/rebuildable artifact	untrack-keep-local	6704	ab4daaf8c954286dd4ede1ea2e3925f8f7051688211f995d7b1f662ec5e4fcd9	completed run log/expanded input/export; archive exact bytes, retain local comparison paths
benchmarks/reconstructed_fault/bp3_local_tests/evidence/transport-A-np2.json	deliberate test reference	keep	637	1163102908dbdfd74a1f6a66404b0058b980ece942c69bf2d71c200110faf4bb	compact qualification summary/provenance retained with regression
benchmarks/reconstructed_fault/bp3_local_tests/evidence/transport-A-np2.log	generated/rebuildable artifact	untrack-keep-local	5295	998d5b96442914503500e427a4724bdcd0af33dfa915d0df1ef5a0d0ed1d4f0f	completed run log/expanded input/export; archive exact bytes, retain local comparison paths
benchmarks/reconstructed_fault/bp3_local_tests/evidence/transport-A-np2.prm	generated/rebuildable artifact	untrack-keep-local	6624	95757558203e9126f0e8c649984f1a51d7d139f13574117a99b25f4a8fe5eb66	completed run log/expanded input/export; archive exact bytes, retain local comparison paths
benchmarks/reconstructed_fault/bp3_local_tests/evidence/transport-A-serial-final-np1.json	deliberate test reference	keep	646	4d5b104b950e5ffc94bb2ad5272464b62b2ecd991d62390d8323d0300db4e230	compact qualification summary/provenance retained with regression
benchmarks/reconstructed_fault/bp3_local_tests/evidence/transport-A-serial-final-np1.log	generated/rebuildable artifact	untrack-keep-local	5137	a91c64ff7ffe92f889307ac7b0a7a374d9d9cb04ef790b96a3676967e93f622e	completed run log/expanded input/export; archive exact bytes, retain local comparison paths
benchmarks/reconstructed_fault/bp3_local_tests/evidence/transport-A-serial-final-np1.prm	generated/rebuildable artifact	untrack-keep-local	6711	1f5b9f18ce92093fa4473463c8c1cafa94f7171194aec26528c24c7f5761daa2	completed run log/expanded input/export; archive exact bytes, retain local comparison paths
benchmarks/reconstructed_fault/bp3_local_tests/evidence/transport-A-serial-np1.json	deliberate test reference	keep	645	913e783a35f5f942e25a244cc0a620b940f72930bbc07b146cacf2f6d2dbe4fd	compact qualification summary/provenance retained with regression
benchmarks/reconstructed_fault/bp3_local_tests/evidence/transport-A-serial-np1.log	generated/rebuildable artifact	untrack-keep-local	5131	f5f47760b34c062fdbc29e62ab5d4f1c0c8b6be9b0a258839bf1cb514b71c814	completed run log/expanded input/export; archive exact bytes, retain local comparison paths
benchmarks/reconstructed_fault/bp3_local_tests/evidence/transport-A-serial-np1.prm	generated/rebuildable artifact	untrack-keep-local	6705	1b9fcbde31a2cd258ed5bb3b5f557111449d65f76460a5551336c7526ba1d7a8	completed run log/expanded input/export; archive exact bytes, retain local comparison paths
benchmarks/reconstructed_fault/bp3_local_tests/evidence/transport-A-v2-np2.json	deliberate test reference	keep	639	17201ce5f2b6d2274d467efda3b7328abeb35435e676309db32cf2b358da8372	compact qualification summary/provenance retained with regression
benchmarks/reconstructed_fault/bp3_local_tests/evidence/transport-A-v2-np2.log	generated/rebuildable artifact	untrack-keep-local	5204	d5186f0fafb03d79c10b323fdf9bc93febba7ce87ef83034517e31943b5ed2e3	completed run log/expanded input/export; archive exact bytes, retain local comparison paths
benchmarks/reconstructed_fault/bp3_local_tests/evidence/transport-A-v2-np2.prm	generated/rebuildable artifact	untrack-keep-local	6701	18e6f3b265fc7c72bbe25474e1c6b935a28eb21cb2ffa49e322f7092ce015570	completed run log/expanded input/export; archive exact bytes, retain local comparison paths
benchmarks/reconstructed_fault/bp3_local_tests/evidence/transport-A-v3-np2.json	deliberate test reference	keep	639	d9d0f6875c5433997b844c215cceb2bc73c828e469fe25a6280e7994f3454e48	compact qualification summary/provenance retained with regression
benchmarks/reconstructed_fault/bp3_local_tests/evidence/transport-A-v3-np2.log	generated/rebuildable artifact	untrack-keep-local	5204	219423c748e00781b978c92948f3c09840c60f9e41aa154a64c7c9dfa7b11221	completed run log/expanded input/export; archive exact bytes, retain local comparison paths
benchmarks/reconstructed_fault/bp3_local_tests/evidence/transport-A-v3-np2.prm	generated/rebuildable artifact	untrack-keep-local	6701	6e809d83b0588f1444bc17177d78caff7b2204a28a4c73d484fda425205b753e	completed run log/expanded input/export; archive exact bytes, retain local comparison paths
benchmarks/reconstructed_fault/bp3_local_tests/evidence/transport-B-final-np2.json	deliberate test reference	keep	639	0d55896238602493258def1972397667814c851ab941b86bb2457a40d86c0a6e	compact qualification summary/provenance retained with regression
benchmarks/reconstructed_fault/bp3_local_tests/evidence/transport-B-final-np2.log	generated/rebuildable artifact	untrack-keep-local	5206	ae7d988a02e72773c67e4fb0ec9707dcd4c60e305bf39a552f6ea048ec5b95f3	completed run log/expanded input/export; archive exact bytes, retain local comparison paths
benchmarks/reconstructed_fault/bp3_local_tests/evidence/transport-B-final-np2.prm	generated/rebuildable artifact	untrack-keep-local	6704	837d69e65e00310f2149b1e0a121ce2e24c741ef786b1182ab00456c57a633bd	completed run log/expanded input/export; archive exact bytes, retain local comparison paths
benchmarks/reconstructed_fault/bp3_local_tests/evidence/transport-B-np2.json	deliberate test reference	keep	639	fb805cb285ec44ba5f6bfc4e141ed78ed3520f34d020e6f832b822369c81155b	compact qualification summary/provenance retained with regression
benchmarks/reconstructed_fault/bp3_local_tests/evidence/transport-B-np2.log	generated/rebuildable artifact	untrack-keep-local	5200	388778bb66df57bdb7397ac1f3679842ea090deb302fc6b2250a110f07316702	completed run log/expanded input/export; archive exact bytes, retain local comparison paths
benchmarks/reconstructed_fault/bp3_local_tests/evidence/transport-B-np2.prm	generated/rebuildable artifact	untrack-keep-local	6698	fd294527fc6af4e3660894c8cf9b61524c2308e1f144b639340f13c781111a00	completed run log/expanded input/export; archive exact bytes, retain local comparison paths
benchmarks/reconstructed_fault/bp3_local_tests/evidence/transport-B-v2-np2.json	deliberate test reference	keep	639	95e66cb7521e31331bf71c0d7a488ba9f906030f46c0620d11c01426fd306109	compact qualification summary/provenance retained with regression
benchmarks/reconstructed_fault/bp3_local_tests/evidence/transport-B-v2-np2.log	generated/rebuildable artifact	untrack-keep-local	5203	c1ad900345a82f42751c3fc4c7cf18dbf20760190e25fa3f0311f4b22c674bc2	completed run log/expanded input/export; archive exact bytes, retain local comparison paths
benchmarks/reconstructed_fault/bp3_local_tests/evidence/transport-B-v2-np2.prm	generated/rebuildable artifact	untrack-keep-local	6701	6d359de796711afb78d86348c081272d78466cb3865d632e01fcf696ec2d0adb	completed run log/expanded input/export; archive exact bytes, retain local comparison paths
benchmarks/reconstructed_fault/bp3_local_tests/evidence/transport-build-final.log	generated/rebuildable artifact	untrack-keep-local	185	71fa1aa1e5fee6225d6663fed8f290de5691e722a9ca39fe9016df0d1669ffb9	completed run log/expanded input/export; archive exact bytes, retain local comparison paths
benchmarks/reconstructed_fault/bp3_local_tests/evidence/transport-build-v2.log	generated/rebuildable artifact	untrack-keep-local	1014	a73b12292357d10d92062e0a28848dc58e46d11be56c28f9e964580af6b8d7b0	completed run log/expanded input/export; archive exact bytes, retain local comparison paths
benchmarks/reconstructed_fault/bp3_local_tests/evidence/transport-build.log	generated/rebuildable artifact	untrack-keep-local	2639	5be0f494c1e1f3ff8f3e774afbd2fff8b24ad5f5c4d6003ac3c436b38904b496	completed run log/expanded input/export; archive exact bytes, retain local comparison paths
benchmarks/reconstructed_fault/bp3_local_tests/evidence/transport-configure.log	generated/rebuildable artifact	untrack-keep-local	890	f99d5d3197c7355dbd70f8d9dcd85ca9b8bc9e6728714946ee4739ed4594f053	completed run log/expanded input/export; archive exact bytes, retain local comparison paths
benchmarks/reconstructed_fault/bp3_local_tests/inputs/A-replay-final.prm	maintained benchmark	keep	7767	5196832c83cc5dc65d36c519f2ffbff4af269422ebcfb83c1c9a0cfd2350dfaf	benchmark or regression build/run/check dependency
benchmarks/reconstructed_fault/bp3_local_tests/inputs/A-replay.prm	maintained benchmark	keep	7761	4f286e94e3e89317d17478268bdaeae7149bfd4dc229821fe71ec2fa3842b96d	benchmark or regression build/run/check dependency
benchmarks/reconstructed_fault/bp3_local_tests/inputs/A-small-dt.prm	maintained benchmark	keep	7767	12f8ea635698230e3c5458fd16aaa7f5a87a32eee7ca6d4000852ec25a9012dd	benchmark or regression build/run/check dependency
benchmarks/reconstructed_fault/bp3_local_tests/inputs/A.prm	maintained benchmark	keep	7621	1521b2e26ac6773f125a0a63e3d754ec754f15daf3f9816a1d1330b6fb77d4ab	benchmark or regression build/run/check dependency
benchmarks/reconstructed_fault/bp3_local_tests/inputs/B.prm	maintained benchmark	keep	7621	1846a9ec43399a28cb47da68bd758642c9a87b0481f495322de885e810ec45ab	benchmark or regression build/run/check dependency
benchmarks/reconstructed_fault/bp3_local_tests/inputs/fault.txt	maintained benchmark	keep	54	682f9dd74298e871b85cb010c200ae85c40f0fd42d2b97e77fa6b9f252105d9d	benchmark or regression build/run/check dependency
benchmarks/reconstructed_fault/bp3_local_tests/inputs/pilot-A.prm	maintained benchmark	keep	7626	92ae7aab9f02addaed9b8de6c38b4052c359ab9e41dbb5fad278392a3a3a4277	benchmark or regression build/run/check dependency
benchmarks/reconstructed_fault/bp3_local_tests/inputs/pilot-B.prm	maintained benchmark	keep	7626	d5c374109a0821843143e1af56a80b1486d80bcac8d9f879f6f24690021f628c	benchmark or regression build/run/check dependency
benchmarks/reconstructed_fault/bp3_local_tests/inputs/transport-A-serial.prm	maintained benchmark	keep	6711	1f5b9f18ce92093fa4473463c8c1cafa94f7171194aec26528c24c7f5761daa2	benchmark or regression build/run/check dependency
benchmarks/reconstructed_fault/bp3_local_tests/inputs/transport-A.prm	maintained benchmark	keep	6704	ab4daaf8c954286dd4ede1ea2e3925f8f7051688211f995d7b1f662ec5e4fcd9	benchmark or regression build/run/check dependency
benchmarks/reconstructed_fault/bp3_local_tests/inputs/transport-B.prm	maintained benchmark	keep	6704	837d69e65e00310f2149b1e0a121ce2e24c741ef786b1182ab00456c57a633bd	benchmark or regression build/run/check dependency
benchmarks/reconstructed_fault/bp3_local_tests/prepare_branch.py	maintained benchmark	keep	1001	e64194a4237e8691655ca72114bf5722a0d0e500461e4726010d082b311d2935	benchmark or regression build/run/check dependency
benchmarks/reconstructed_fault/bp3_local_tests/prepare_inputs.py	maintained benchmark	keep	2214	e4f9c9d8ac111400ebeb5aa6ce9b974089da0ba9026186cdabdb3d67e5abbea7	benchmark or regression build/run/check dependency
benchmarks/reconstructed_fault/bp3_local_tests/prepare_transport.py	maintained benchmark	keep	2608	7c0b121c1632fb4dfe870ca71ae222b24a728f49babe0932dddb6dffdf3db1b7	benchmark or regression build/run/check dependency
benchmarks/reconstructed_fault/bp3_local_tests/results/A-accepted_steps.csv	generated/rebuildable artifact	untrack-keep-local	6248	fd8b0f82c1862e36fb90f031dd1a7b0fc3d71821431083fa70b20b0884c46996	completed run log/expanded input/export; archive exact bytes, retain local comparison paths
benchmarks/reconstructed_fault/bp3_local_tests/results/A-fault_0.csv	generated/rebuildable artifact	untrack-keep-local	57486	9cbba41b24d667ecbf754cd786ef122bda605544d1a6b86a3a55309ee9f29d45	completed run log/expanded input/export; archive exact bytes, retain local comparison paths
benchmarks/reconstructed_fault/bp3_local_tests/results/A-fault_1.csv	generated/rebuildable artifact	untrack-keep-local	57468	b07e4c77965994f7bdf4567be85ff8a1c43986e1ebab6259bad58da3a0cbb5e2	completed run log/expanded input/export; archive exact bytes, retain local comparison paths
benchmarks/reconstructed_fault/bp3_local_tests/results/A-fault_20.csv	generated/rebuildable artifact	untrack-keep-local	56961	85ce1faddf1fbb1ccce21ef171df06cc5cec37d5890d96d57415493bdd53a886	completed run log/expanded input/export; archive exact bytes, retain local comparison paths
benchmarks/reconstructed_fault/bp3_local_tests/results/A-local_summary.csv	generated/rebuildable artifact	untrack-keep-local	3430	a2ac150f5684bfe5f5ccc9a1e1d919a7ae0ba138ad05620e652f9885689898c4	completed run log/expanded input/export; archive exact bytes, retain local comparison paths
benchmarks/reconstructed_fault/bp3_local_tests/results/A-particle_summary.csv	generated/rebuildable artifact	untrack-keep-local	2351	86567237ae4190e7457cc04b91708d2d0a7989f366b690f64aa919bb8ec2360f	completed run log/expanded input/export; archive exact bytes, retain local comparison paths
benchmarks/reconstructed_fault/bp3_local_tests/results/A-replay-velocity_10_rank0.csv	generated/rebuildable artifact	untrack-keep-local	251543	d2e159ae1e1b385663057e34cf6833d26c7be422ad2c193309dfc19ee085704f	completed run log/expanded input/export; archive exact bytes, retain local comparison paths
benchmarks/reconstructed_fault/bp3_local_tests/results/A-replay-velocity_10_rank1.csv	generated/rebuildable artifact	untrack-keep-local	249915	e181b1f7b99abacc5ceb5cac99cd4f0dac67e7c0074c924f1661f93c4c5cfedb	completed run log/expanded input/export; archive exact bytes, retain local comparison paths
benchmarks/reconstructed_fault/bp3_local_tests/results/A-replay-velocity_11_rank0.csv	generated/rebuildable artifact	untrack-keep-local	251465	b6ad364a610a4db0a25f2e9b2c5d1495b9cd6e5801a3caf9d28b1d9c65bd6ae8	completed run log/expanded input/export; archive exact bytes, retain local comparison paths
benchmarks/reconstructed_fault/bp3_local_tests/results/A-replay-velocity_11_rank1.csv	generated/rebuildable artifact	untrack-keep-local	249804	b55771f398ed28d02e04aafb7ac126dc782bd0941e4a0634fe4e61559e4039ec	completed run log/expanded input/export; archive exact bytes, retain local comparison paths
benchmarks/reconstructed_fault/bp3_local_tests/results/A-restored_growth.csv	generated/rebuildable artifact	untrack-keep-local	4440	e8ef9afaa9066b41d1c77a113ea36b72c7a11cc618f52b02d0db2eab0be29f0a	completed run log/expanded input/export; archive exact bytes, retain local comparison paths
benchmarks/reconstructed_fault/bp3_local_tests/results/A-reused_ids_0_rank0.csv	generated/rebuildable artifact	untrack-keep-local	27	fe08c37efd02d0053f8e6eaadad7c68fd4ffce3c33e143b412f11af916e45f41	completed run log/expanded input/export; archive exact bytes, retain local comparison paths
benchmarks/reconstructed_fault/bp3_local_tests/results/A-reused_ids_0_rank1.csv	generated/rebuildable artifact	untrack-keep-local	27	fe08c37efd02d0053f8e6eaadad7c68fd4ffce3c33e143b412f11af916e45f41	completed run log/expanded input/export; archive exact bytes, retain local comparison paths
benchmarks/reconstructed_fault/bp3_local_tests/results/A-reused_ids_1_rank0.csv	generated/rebuildable artifact	untrack-keep-local	27	fe08c37efd02d0053f8e6eaadad7c68fd4ffce3c33e143b412f11af916e45f41	completed run log/expanded input/export; archive exact bytes, retain local comparison paths
benchmarks/reconstructed_fault/bp3_local_tests/results/A-reused_ids_1_rank1.csv	generated/rebuildable artifact	untrack-keep-local	27	fe08c37efd02d0053f8e6eaadad7c68fd4ffce3c33e143b412f11af916e45f41	completed run log/expanded input/export; archive exact bytes, retain local comparison paths
benchmarks/reconstructed_fault/bp3_local_tests/results/A-reused_ids_2_rank0.csv	generated/rebuildable artifact	untrack-keep-local	27	fe08c37efd02d0053f8e6eaadad7c68fd4ffce3c33e143b412f11af916e45f41	completed run log/expanded input/export; archive exact bytes, retain local comparison paths
benchmarks/reconstructed_fault/bp3_local_tests/results/A-reused_ids_2_rank1.csv	generated/rebuildable artifact	untrack-keep-local	27	fe08c37efd02d0053f8e6eaadad7c68fd4ffce3c33e143b412f11af916e45f41	completed run log/expanded input/export; archive exact bytes, retain local comparison paths
benchmarks/reconstructed_fault/bp3_local_tests/results/A-reused_ids_3_rank0.csv	generated/rebuildable artifact	untrack-keep-local	112	54b31379a4c31f3e0b64aa37d6b82c14d98f82e821a9016b61e53d215bf1b11d	completed run log/expanded input/export; archive exact bytes, retain local comparison paths
benchmarks/reconstructed_fault/bp3_local_tests/results/A-reused_ids_3_rank1.csv	generated/rebuildable artifact	untrack-keep-local	27	fe08c37efd02d0053f8e6eaadad7c68fd4ffce3c33e143b412f11af916e45f41	completed run log/expanded input/export; archive exact bytes, retain local comparison paths
benchmarks/reconstructed_fault/bp3_local_tests/results/A-reused_ids_4_rank0.csv	generated/rebuildable artifact	untrack-keep-local	27	fe08c37efd02d0053f8e6eaadad7c68fd4ffce3c33e143b412f11af916e45f41	completed run log/expanded input/export; archive exact bytes, retain local comparison paths
benchmarks/reconstructed_fault/bp3_local_tests/results/A-reused_ids_4_rank1.csv	generated/rebuildable artifact	untrack-keep-local	27	fe08c37efd02d0053f8e6eaadad7c68fd4ffce3c33e143b412f11af916e45f41	completed run log/expanded input/export; archive exact bytes, retain local comparison paths
benchmarks/reconstructed_fault/bp3_local_tests/results/A-serial-reused_ids_0_rank0.csv	generated/rebuildable artifact	untrack-keep-local	27	fe08c37efd02d0053f8e6eaadad7c68fd4ffce3c33e143b412f11af916e45f41	completed run log/expanded input/export; archive exact bytes, retain local comparison paths
benchmarks/reconstructed_fault/bp3_local_tests/results/A-serial-reused_ids_1_rank0.csv	generated/rebuildable artifact	untrack-keep-local	27	fe08c37efd02d0053f8e6eaadad7c68fd4ffce3c33e143b412f11af916e45f41	completed run log/expanded input/export; archive exact bytes, retain local comparison paths
benchmarks/reconstructed_fault/bp3_local_tests/results/A-serial-reused_ids_2_rank0.csv	generated/rebuildable artifact	untrack-keep-local	27	fe08c37efd02d0053f8e6eaadad7c68fd4ffce3c33e143b412f11af916e45f41	completed run log/expanded input/export; archive exact bytes, retain local comparison paths
benchmarks/reconstructed_fault/bp3_local_tests/results/A-serial-reused_ids_3_rank0.csv	generated/rebuildable artifact	untrack-keep-local	112	54b31379a4c31f3e0b64aa37d6b82c14d98f82e821a9016b61e53d215bf1b11d	completed run log/expanded input/export; archive exact bytes, retain local comparison paths
benchmarks/reconstructed_fault/bp3_local_tests/results/A-serial-reused_ids_4_rank0.csv	generated/rebuildable artifact	untrack-keep-local	27	fe08c37efd02d0053f8e6eaadad7c68fd4ffce3c33e143b412f11af916e45f41	completed run log/expanded input/export; archive exact bytes, retain local comparison paths
benchmarks/reconstructed_fault/bp3_local_tests/results/A-small-dt-velocity_10_rank0.csv	generated/rebuildable artifact	untrack-keep-local	251517	2ccfb881e3b477bea712813491b2d5dcd89edf0e38200ab8275a64e2b955bd26	completed run log/expanded input/export; archive exact bytes, retain local comparison paths
benchmarks/reconstructed_fault/bp3_local_tests/results/A-small-dt-velocity_10_rank1.csv	generated/rebuildable artifact	untrack-keep-local	249899	443aa48e370544c988e063042e5ac976a4592c5812a35601526193694bfc0596	completed run log/expanded input/export; archive exact bytes, retain local comparison paths
benchmarks/reconstructed_fault/bp3_local_tests/results/A-small-dt-velocity_11_rank0.csv	generated/rebuildable artifact	untrack-keep-local	251393	226733499491f9f011184d2b13f6aaec59eca8b308ece3fb4be65028181fc63c	completed run log/expanded input/export; archive exact bytes, retain local comparison paths
benchmarks/reconstructed_fault/bp3_local_tests/results/A-small-dt-velocity_11_rank1.csv	generated/rebuildable artifact	untrack-keep-local	249770	c3e950edf2ca5c5ad79d7fad6acca692632d6d390c265156c04e3e8f1271d0ad	completed run log/expanded input/export; archive exact bytes, retain local comparison paths
benchmarks/reconstructed_fault/bp3_local_tests/results/A-small-dt-velocity_12_rank0.csv	generated/rebuildable artifact	untrack-keep-local	251417	0fb64307142c796128437f76f3a813d1f6e9493faa8321391664877fd046c36f	completed run log/expanded input/export; archive exact bytes, retain local comparison paths
benchmarks/reconstructed_fault/bp3_local_tests/results/A-small-dt-velocity_12_rank1.csv	generated/rebuildable artifact	untrack-keep-local	249748	c34cc8fc32fdb160f227fd1fbbe4e01c940c317c616ce2d5ae900b3b98fc7671	completed run log/expanded input/export; archive exact bytes, retain local comparison paths
benchmarks/reconstructed_fault/bp3_local_tests/results/A-small-dt-velocity_13_rank0.csv	generated/rebuildable artifact	untrack-keep-local	251400	ba45e1eb40559fe0b3d151657ce618068ffd940dd9d688e9e270e428938976e1	completed run log/expanded input/export; archive exact bytes, retain local comparison paths
benchmarks/reconstructed_fault/bp3_local_tests/results/A-small-dt-velocity_13_rank1.csv	generated/rebuildable artifact	untrack-keep-local	249769	6868f48feb93824089f5160c1af2de49d3273d236d77503871ce6824645e8686	completed run log/expanded input/export; archive exact bytes, retain local comparison paths
benchmarks/reconstructed_fault/bp3_local_tests/results/A-small-dt-velocity_14_rank0.csv	generated/rebuildable artifact	untrack-keep-local	251377	a0e57063bf6945f4de0ca003e1ec1c36f7dd7a73f8f5627fb8ab88d225d432a4	completed run log/expanded input/export; archive exact bytes, retain local comparison paths
benchmarks/reconstructed_fault/bp3_local_tests/results/A-small-dt-velocity_14_rank1.csv	generated/rebuildable artifact	untrack-keep-local	249714	a80bd050cf09a1e11395f46b6c5100b9efaa8b7b1b2b9e47a592ab5b3f5708f3	completed run log/expanded input/export; archive exact bytes, retain local comparison paths
benchmarks/reconstructed_fault/bp3_local_tests/results/A-small-dt-velocity_15_rank0.csv	generated/rebuildable artifact	untrack-keep-local	251416	ec52ae483e060862713d2c4ce638924f86a646a0570d14ce87393691c645b4f0	completed run log/expanded input/export; archive exact bytes, retain local comparison paths
benchmarks/reconstructed_fault/bp3_local_tests/results/A-small-dt-velocity_15_rank1.csv	generated/rebuildable artifact	untrack-keep-local	249672	0e702cbcf90df2abbf3080337ca79b55e6094b4dda9ed66ac183a17e723ac6a0	completed run log/expanded input/export; archive exact bytes, retain local comparison paths
benchmarks/reconstructed_fault/bp3_local_tests/results/A-small-dt-velocity_16_rank0.csv	generated/rebuildable artifact	untrack-keep-local	251370	241cfa7e313409c3ba702e8162a74131a9ceb90b4d13fde5575203f4b618bb85	completed run log/expanded input/export; archive exact bytes, retain local comparison paths
benchmarks/reconstructed_fault/bp3_local_tests/results/A-small-dt-velocity_16_rank1.csv	generated/rebuildable artifact	untrack-keep-local	249665	999b32a576303bbea6afad2afd822cfafae0e570cd82b5a482e8aac27346de59	completed run log/expanded input/export; archive exact bytes, retain local comparison paths
benchmarks/reconstructed_fault/bp3_local_tests/results/A-small-dt-velocity_17_rank0.csv	generated/rebuildable artifact	untrack-keep-local	251365	92950e2625a794b74f93c9d8974d84e0c9ca57483aea7d9634b630cfa6484079	completed run log/expanded input/export; archive exact bytes, retain local comparison paths
benchmarks/reconstructed_fault/bp3_local_tests/results/A-small-dt-velocity_17_rank1.csv	generated/rebuildable artifact	untrack-keep-local	249652	7efc2369abd5bb83bb61b6a09d48fa43f82ecf101a1dbe6533359fbb5833290a	completed run log/expanded input/export; archive exact bytes, retain local comparison paths
benchmarks/reconstructed_fault/bp3_local_tests/results/A-velocity_0_rank0.csv	generated/rebuildable artifact	untrack-keep-local	126304	73973c44ae8ec011371a522ad129076e848f7587ebb037852446f5e2225d6861	completed run log/expanded input/export; archive exact bytes, retain local comparison paths
benchmarks/reconstructed_fault/bp3_local_tests/results/A-velocity_0_rank1.csv	generated/rebuildable artifact	untrack-keep-local	124312	bf7570f78ba2539fbc6d8b1af432c85e5c9df7dc3bdaf3756393c4242ea73ef0	completed run log/expanded input/export; archive exact bytes, retain local comparison paths
benchmarks/reconstructed_fault/bp3_local_tests/results/A-velocity_1_rank0.csv	generated/rebuildable artifact	untrack-keep-local	182658	24d644e01b725c9bcabea82367da220a354c1a6a3c91cf53b601187d7ad97a3f	completed run log/expanded input/export; archive exact bytes, retain local comparison paths
benchmarks/reconstructed_fault/bp3_local_tests/results/A-velocity_1_rank1.csv	generated/rebuildable artifact	untrack-keep-local	180828	a3d473ec855e34990bd7945e75613ffc028f235456d003aa245e40426c4a5c0e	completed run log/expanded input/export; archive exact bytes, retain local comparison paths
benchmarks/reconstructed_fault/bp3_local_tests/results/A-velocity_20_rank0.csv	generated/rebuildable artifact	untrack-keep-local	251037	fe403befb8d191de743c3ddb5bab7246d761b45464787f2066179954c3439cdf	completed run log/expanded input/export; archive exact bytes, retain local comparison paths
benchmarks/reconstructed_fault/bp3_local_tests/results/A-velocity_20_rank1.csv	generated/rebuildable artifact	untrack-keep-local	249411	c880e7426e3d8ac8c39326ff66957f5b515492cf912bd5e0287f38a2fe29968c	completed run log/expanded input/export; archive exact bytes, retain local comparison paths
benchmarks/reconstructed_fault/bp3_local_tests/results/B-accepted_steps.csv	generated/rebuildable artifact	untrack-keep-local	6252	e86b7a847ef616377bef9187f3b90375ec2157db035710f52cf701e2ca9ef0f1	completed run log/expanded input/export; archive exact bytes, retain local comparison paths
benchmarks/reconstructed_fault/bp3_local_tests/results/B-fault_0.csv	generated/rebuildable artifact	untrack-keep-local	57471	4cec1344b18497754f4623a98d2fdde960418db19ff9117e51e668d4843a8b35	completed run log/expanded input/export; archive exact bytes, retain local comparison paths
benchmarks/reconstructed_fault/bp3_local_tests/results/B-fault_1.csv	generated/rebuildable artifact	untrack-keep-local	57458	41c5c8a1d333067c9b334dc842549a4053b3d30b3f089a783ed2a0eb7100147a	completed run log/expanded input/export; archive exact bytes, retain local comparison paths
benchmarks/reconstructed_fault/bp3_local_tests/results/B-fault_20.csv	generated/rebuildable artifact	untrack-keep-local	57018	9dee41686a5c237dc73d73ea19cf90f8768c1c7e922f4c756218c0a9436cfbd1	completed run log/expanded input/export; archive exact bytes, retain local comparison paths
benchmarks/reconstructed_fault/bp3_local_tests/results/B-local_summary.csv	generated/rebuildable artifact	untrack-keep-local	3427	6758308744c33be897b37063828ba6f7c744eb583b666942684a4ff9f328771e	completed run log/expanded input/export; archive exact bytes, retain local comparison paths
benchmarks/reconstructed_fault/bp3_local_tests/results/B-particle_summary.csv	generated/rebuildable artifact	untrack-keep-local	2355	8cf60fd857541771b0e5cfe9d7f236c657dfb566fb9642435d46f62f9c818b6e	completed run log/expanded input/export; archive exact bytes, retain local comparison paths
benchmarks/reconstructed_fault/bp3_local_tests/results/B-restored_growth.csv	generated/rebuildable artifact	untrack-keep-local	4439	72026707ea9d8385785f958c4a320c25c8ea4cc218c4e9ed276dc062e16b20f7	completed run log/expanded input/export; archive exact bytes, retain local comparison paths
benchmarks/reconstructed_fault/bp3_local_tests/results/B-reused_ids_0_rank0.csv	generated/rebuildable artifact	untrack-keep-local	27	fe08c37efd02d0053f8e6eaadad7c68fd4ffce3c33e143b412f11af916e45f41	completed run log/expanded input/export; archive exact bytes, retain local comparison paths
benchmarks/reconstructed_fault/bp3_local_tests/results/B-reused_ids_0_rank1.csv	generated/rebuildable artifact	untrack-keep-local	27	fe08c37efd02d0053f8e6eaadad7c68fd4ffce3c33e143b412f11af916e45f41	completed run log/expanded input/export; archive exact bytes, retain local comparison paths
benchmarks/reconstructed_fault/bp3_local_tests/results/B-reused_ids_1_rank0.csv	generated/rebuildable artifact	untrack-keep-local	27	fe08c37efd02d0053f8e6eaadad7c68fd4ffce3c33e143b412f11af916e45f41	completed run log/expanded input/export; archive exact bytes, retain local comparison paths
benchmarks/reconstructed_fault/bp3_local_tests/results/B-reused_ids_1_rank1.csv	generated/rebuildable artifact	untrack-keep-local	27	fe08c37efd02d0053f8e6eaadad7c68fd4ffce3c33e143b412f11af916e45f41	completed run log/expanded input/export; archive exact bytes, retain local comparison paths
benchmarks/reconstructed_fault/bp3_local_tests/results/B-reused_ids_2_rank0.csv	generated/rebuildable artifact	untrack-keep-local	27	fe08c37efd02d0053f8e6eaadad7c68fd4ffce3c33e143b412f11af916e45f41	completed run log/expanded input/export; archive exact bytes, retain local comparison paths
benchmarks/reconstructed_fault/bp3_local_tests/results/B-reused_ids_2_rank1.csv	generated/rebuildable artifact	untrack-keep-local	27	fe08c37efd02d0053f8e6eaadad7c68fd4ffce3c33e143b412f11af916e45f41	completed run log/expanded input/export; archive exact bytes, retain local comparison paths
benchmarks/reconstructed_fault/bp3_local_tests/results/B-reused_ids_3_rank0.csv	generated/rebuildable artifact	untrack-keep-local	112	a3c87de6273a41a7cb319d05b47d4e84134323cb35127ad3033e9442936c2631	completed run log/expanded input/export; archive exact bytes, retain local comparison paths
benchmarks/reconstructed_fault/bp3_local_tests/results/B-reused_ids_3_rank1.csv	generated/rebuildable artifact	untrack-keep-local	27	fe08c37efd02d0053f8e6eaadad7c68fd4ffce3c33e143b412f11af916e45f41	completed run log/expanded input/export; archive exact bytes, retain local comparison paths
benchmarks/reconstructed_fault/bp3_local_tests/results/B-reused_ids_4_rank0.csv	generated/rebuildable artifact	untrack-keep-local	27	fe08c37efd02d0053f8e6eaadad7c68fd4ffce3c33e143b412f11af916e45f41	completed run log/expanded input/export; archive exact bytes, retain local comparison paths
benchmarks/reconstructed_fault/bp3_local_tests/results/B-reused_ids_4_rank1.csv	generated/rebuildable artifact	untrack-keep-local	27	fe08c37efd02d0053f8e6eaadad7c68fd4ffce3c33e143b412f11af916e45f41	completed run log/expanded input/export; archive exact bytes, retain local comparison paths
benchmarks/reconstructed_fault/bp3_local_tests/results/B-velocity_0_rank0.csv	generated/rebuildable artifact	untrack-keep-local	125867	c2fc3e1360b2393522176bc9c44e14dbb3327c8b64d6de77c459f38bc93941be	completed run log/expanded input/export; archive exact bytes, retain local comparison paths
benchmarks/reconstructed_fault/bp3_local_tests/results/B-velocity_0_rank1.csv	generated/rebuildable artifact	untrack-keep-local	123780	14be9d141d3010bf09d88c5476d1fa75cada99ac8137a41589a7e9f2ff2208d3	completed run log/expanded input/export; archive exact bytes, retain local comparison paths
benchmarks/reconstructed_fault/bp3_local_tests/results/B-velocity_1_rank0.csv	generated/rebuildable artifact	untrack-keep-local	182306	de868ff2cc17b3a84adb3004c008b13f72cfa888405a15e823b85ae4186295d6	completed run log/expanded input/export; archive exact bytes, retain local comparison paths
benchmarks/reconstructed_fault/bp3_local_tests/results/B-velocity_1_rank1.csv	generated/rebuildable artifact	untrack-keep-local	180261	76107a50adb9a30342334e37594a3e4d687b1ded06a9b767ba377ce40f83a186	completed run log/expanded input/export; archive exact bytes, retain local comparison paths
benchmarks/reconstructed_fault/bp3_local_tests/results/B-velocity_20_rank0.csv	generated/rebuildable artifact	untrack-keep-local	250658	6430021b6a338990d0fb72d7231601ff9a4b6991046473623830e780c4cecc91	completed run log/expanded input/export; archive exact bytes, retain local comparison paths
benchmarks/reconstructed_fault/bp3_local_tests/results/B-velocity_20_rank1.csv	generated/rebuildable artifact	untrack-keep-local	248846	81375827ffb8aa0ad596813c9aecde9cfe274a95f0acec8326a3e3fd59140500	completed run log/expanded input/export; archive exact bytes, retain local comparison paths
benchmarks/reconstructed_fault/bp3_local_tests/results/artifacts.json	deliberate test reference	keep	459	fda446ee1ce08c95d2feca5c9b16be79130f5aab9dcbfc09a7db50a524889364	compact qualification summary/provenance retained with regression
benchmarks/reconstructed_fault/bp3_local_tests/results/base-accepted_steps.csv	generated/rebuildable artifact	untrack-keep-local	3651	653c5d0c0636e86142e1d196ece08744db120a03899984c2b400498736d49c0c	completed run log/expanded input/export; archive exact bytes, retain local comparison paths
benchmarks/reconstructed_fault/bp3_local_tests/results/base-fault_10.csv	generated/rebuildable artifact	untrack-keep-local	57064	5e6f042c3776e56ad25ba5339a083b5a9e54b5cb61ec6c1c272d8f5eabe1b0b0	completed run log/expanded input/export; archive exact bytes, retain local comparison paths
benchmarks/reconstructed_fault/bp3_local_tests/results/base-fault_11.csv	generated/rebuildable artifact	untrack-keep-local	57073	a25fb58147994a502113c9ff7ce97d4bcc5401979f6ce498edc52c2827259700	completed run log/expanded input/export; archive exact bytes, retain local comparison paths
benchmarks/reconstructed_fault/bp3_local_tests/results/base-local_summary.csv	generated/rebuildable artifact	untrack-keep-local	446	6bab6a394882a1ea9537a7a691f1de5c4f6dd4f7724183dcc0592428f85854e4	completed run log/expanded input/export; archive exact bytes, retain local comparison paths
benchmarks/reconstructed_fault/bp3_local_tests/results/base-restored_growth.csv	generated/rebuildable artifact	untrack-keep-local	2576	1579679dabb428dccc47b8e104ca6f68d5f3051fb72ac796593170aa93c6711b	completed run log/expanded input/export; archive exact bytes, retain local comparison paths
benchmarks/reconstructed_fault/bp3_local_tests/results/checks.json	deliberate test reference	keep	3855	03d8867f5982ef535908fb3591581b7c41219630ec3975a20fbfb16aaf01b4e3	compact qualification summary/provenance retained with regression
benchmarks/reconstructed_fault/bp3_local_tests/results/comparison.json	deliberate test reference	keep	35722	592ec2dce18d289a5ee7de64cb9f53f4e460b6d857b90eb6881bbdab45efe57a	compact qualification summary/provenance retained with regression
benchmarks/reconstructed_fault/bp3_local_tests/results/final_artifacts.json	deliberate test reference	keep	661	b890abf764688138c24256a4ba40368db4c81e2904d4294838fe0dd338f24bf6	compact qualification summary/provenance retained with regression
benchmarks/reconstructed_fault/bp3_local_tests/results/matched_locations.csv	generated/rebuildable artifact	untrack-keep-local	2552	c039b7f87d4794199cb2dd5a4f5772eb0b87e89f92a3df0bd6243aff17dcdc21	completed run log/expanded input/export; archive exact bytes, retain local comparison paths
benchmarks/reconstructed_fault/bp3_local_tests/results/mesh_velocity.png	generated/rebuildable artifact	untrack-keep-local	106000	7eaaa3da5a9bd24ee7a35981152629139b1e1e68c73f22610cb67e4bcf42e9eb	completed run log/expanded input/export; archive exact bytes, retain local comparison paths
benchmarks/reconstructed_fault/bp3_local_tests/results/run_inventory.json	deliberate test reference	keep	6460	8ac06bfe15de1d233886a830f145d5cbac6f75a62a2a8ac6a2e017e31c076055	compact qualification summary/provenance retained with regression
benchmarks/reconstructed_fault/bp3_local_tests/results/small-accepted_steps.csv	generated/rebuildable artifact	untrack-keep-local	5391	30dadad8fed4fe15aa27f25e307251ec540c6bc77ccda8833d727a9b85fcaf9b	completed run log/expanded input/export; archive exact bytes, retain local comparison paths
benchmarks/reconstructed_fault/bp3_local_tests/results/small-fault_10.csv	generated/rebuildable artifact	untrack-keep-local	56999	9b6e0274ef65af686c9e1572772412cdb911f62726cdc41eb197a1662c524c35	completed run log/expanded input/export; archive exact bytes, retain local comparison paths
benchmarks/reconstructed_fault/bp3_local_tests/results/small-fault_11.csv	generated/rebuildable artifact	untrack-keep-local	56934	289d37343d3513f27b4251d9c62d2602931c64bf5391a4c4c53080adb2a20339	completed run log/expanded input/export; archive exact bytes, retain local comparison paths
benchmarks/reconstructed_fault/bp3_local_tests/results/small-fault_12.csv	generated/rebuildable artifact	untrack-keep-local	56968	94ad960f2d732f99a04d7dd9017d26c3cb4ab8b3d59cdcf68543b527ede2617d	completed run log/expanded input/export; archive exact bytes, retain local comparison paths
benchmarks/reconstructed_fault/bp3_local_tests/results/small-fault_13.csv	generated/rebuildable artifact	untrack-keep-local	56974	f81496261e8451754f373998a1be4ab90d23f1e5979f9784763d78d41844a769	completed run log/expanded input/export; archive exact bytes, retain local comparison paths
benchmarks/reconstructed_fault/bp3_local_tests/results/small-fault_14.csv	generated/rebuildable artifact	untrack-keep-local	56985	89f05e1f7907151379014d70c6102b229f1a47241ddf3ec8a2a1c62032566066	completed run log/expanded input/export; archive exact bytes, retain local comparison paths
benchmarks/reconstructed_fault/bp3_local_tests/results/small-fault_15.csv	generated/rebuildable artifact	untrack-keep-local	56991	a60b0ffd41e8ff24d15b9ea18f167ae2888d5829976aec8d04cbdace463ab875	completed run log/expanded input/export; archive exact bytes, retain local comparison paths
benchmarks/reconstructed_fault/bp3_local_tests/results/small-fault_16.csv	generated/rebuildable artifact	untrack-keep-local	56968	af90018f6cebc0438ddebbf07ad4532a12fb83bab1f72a4442177f796708c4ff	completed run log/expanded input/export; archive exact bytes, retain local comparison paths
benchmarks/reconstructed_fault/bp3_local_tests/results/small-fault_17.csv	generated/rebuildable artifact	untrack-keep-local	56979	837b60ff6d5e66d52000fef831a250fa58087235272f38b72a54733179e3babf	completed run log/expanded input/export; archive exact bytes, retain local comparison paths
benchmarks/reconstructed_fault/bp3_local_tests/results/small-local_summary.csv	generated/rebuildable artifact	untrack-keep-local	1421	d7f3b76fd5640db5705a3c5eef217b0f66a0e6845b773c19b8a4668ba4a25db0	completed run log/expanded input/export; archive exact bytes, retain local comparison paths
benchmarks/reconstructed_fault/bp3_local_tests/results/small-restored_growth.csv	generated/rebuildable artifact	untrack-keep-local	3819	985074a56326feb867c0e22bdca805c60a80c53a58c5c1efc0f2f9726382ee5d	completed run log/expanded input/export; archive exact bytes, retain local comparison paths
benchmarks/reconstructed_fault/bp3_local_tests/results/source_hashes.json	deliberate test reference	keep	3145	9f657f8fd21816365085bfc8e77361ed0af603ec585ca7fdf042061609b47164	compact qualification summary/provenance retained with regression
benchmarks/reconstructed_fault/bp3_local_tests/results/timestep_change.png	generated/rebuildable artifact	untrack-keep-local	75316	f72c743dbd77fb186cbdaf4e995c95924914a9e9dcf996d44c41d0782f8c1d3b	completed run log/expanded input/export; archive exact bytes, retain local comparison paths
benchmarks/reconstructed_fault/bp3_local_tests/results/transport.png	generated/rebuildable artifact	untrack-keep-local	44758	ed7a3f1982ea01c1c509713b4946dce863c83b653016ea0c1d5ef4b65a6c3c60	completed run log/expanded input/export; archive exact bytes, retain local comparison paths
benchmarks/reconstructed_fault/bp3_local_tests/run_cases.py	maintained benchmark	keep	1232	435913235068bc95d87b3624cb2fc77fed1afb9521a838ad7e132e3e75d06998	benchmark or regression build/run/check dependency
benchmarks/reconstructed_fault/bp3_local_tests/run_logged.py	maintained benchmark	keep	1485	4854696014c859945122f4329ed2c1abaa3037265b084f5e78ba53d2d5eec605	benchmark or regression build/run/check dependency
benchmarks/reconstructed_fault/bp3_local_tests/transport/CMakeLists.txt	maintained benchmark	keep	452	7367dd90d62421cce7740f2177f17fae2297c6a1319e5b4639e5dbf3ea2e5f32	benchmark or regression build/run/check dependency
benchmarks/reconstructed_fault/bp3_local_tests/transport/transport.cc	maintained benchmark	keep	12206	1b0ee851ebb540bfcdb51b24dbf330410a6a41df4daa083913311d5495023d6d	benchmark or regression build/run/check dependency
benchmarks/reconstructed_fault/bp3_packaging/.gitignore	maintained benchmark	keep	32	03aad068c6d2ce2a0f38d8c604acab14f856850cfa946afa3ae45b5c617ef2e7	benchmark or regression build/run/check dependency
benchmarks/reconstructed_fault/bp3_packaging/README.md	maintained benchmark	keep	7213	122fe4a1a4a72d845a680507de8c0b0bbb1c77f8886f8ab3dc1aece8a2797c27	benchmark or regression build/run/check dependency
benchmarks/reconstructed_fault/bp3_packaging/compare.py	maintained benchmark	keep	4656	9219a2d684ec99011d014eaf9d7315810ba882f1d7dc5728e54bf7b829d9234f	benchmark or regression build/run/check dependency
benchmarks/reconstructed_fault/bp3_packaging/evidence/branch-np2.json	deliberate test reference	keep	631	73ddedf359981e7a3054b9b1465a2deac92a17937af0004defec9514eba58709	compact qualification summary/provenance retained with regression
benchmarks/reconstructed_fault/bp3_packaging/evidence/branch-np2.log	generated/rebuildable artifact	untrack-keep-local	18775	aa4d2b9443b701564ecb63523740edb3f3257d31c74e1254a8d5ec88f5b5a8a7	completed run log/expanded input/export; archive exact bytes, retain local comparison paths
benchmarks/reconstructed_fault/bp3_packaging/evidence/branch-np2.prm	generated/rebuildable artifact	untrack-keep-local	7338	d1f7a4af1b49037cc03830c73f326860893cffb03a0b70730d85f578bdda5b7c	completed run log/expanded input/export; archive exact bytes, retain local comparison paths
benchmarks/reconstructed_fault/bp3_packaging/evidence/build-final.log	generated/rebuildable artifact	untrack-keep-local	882	a9a1d6a16d74bd7cd4ae8799a5f9a4507e796547a87eb06c5f4b5f14ae7cabfa	completed run log/expanded input/export; archive exact bytes, retain local comparison paths
benchmarks/reconstructed_fault/bp3_packaging/evidence/build.log	generated/rebuildable artifact	untrack-keep-local	1917	d21003b90191dddd943da9a08965d8b2cfc28df1a4ff8ecfd8d07c3cb0e829d6	completed run log/expanded input/export; archive exact bytes, retain local comparison paths
benchmarks/reconstructed_fault/bp3_packaging/evidence/configure.log	generated/rebuildable artifact	untrack-keep-local	878	472713ac69861c996b2fc5327c65bc9fe360072b61c7e1f9a4166ce08d92eebe	completed run log/expanded input/export; archive exact bytes, retain local comparison paths
benchmarks/reconstructed_fault/bp3_packaging/evidence/create-np2.json	deliberate test reference	keep	631	68496b936dace2ff92ff66d3774c7c1f9c105a1d710e0690a6b7fade0b89c201	compact qualification summary/provenance retained with regression
benchmarks/reconstructed_fault/bp3_packaging/evidence/create-np2.log	generated/rebuildable artifact	untrack-keep-local	21586	8e387efb05126dc0326ccfc5f1fcf75b19699e4a919c3afb71ceab3a08f361ee	completed run log/expanded input/export; archive exact bytes, retain local comparison paths
benchmarks/reconstructed_fault/bp3_packaging/evidence/create-np2.prm	generated/rebuildable artifact	untrack-keep-local	7339	18994392ad79d24597162d958d01723e01e7b423be53e2e287c9feafb50e9c9e	completed run log/expanded input/export; archive exact bytes, retain local comparison paths
benchmarks/reconstructed_fault/bp3_packaging/evidence/direct-np1.json	deliberate test reference	keep	631	cb6300fe0db24e1f1d83fcc7edfa1207170cccf43fd8ccc456f992ccc61ecbb8	compact qualification summary/provenance retained with regression
benchmarks/reconstructed_fault/bp3_packaging/evidence/direct-np1.log	generated/rebuildable artifact	untrack-keep-local	21457	8fbe396197d58d481178ead3b8302df1497a9dc2cadd269556a5cc46b5c2700e	completed run log/expanded input/export; archive exact bytes, retain local comparison paths
benchmarks/reconstructed_fault/bp3_packaging/evidence/direct-np1.prm	generated/rebuildable artifact	untrack-keep-local	7242	757f938f185cded5f52dd2910d7ed9ffc81945b467c624236496aab3a0920d0e	completed run log/expanded input/export; archive exact bytes, retain local comparison paths
benchmarks/reconstructed_fault/bp3_packaging/evidence/model-only-np1.json	deliberate test reference	keep	636	795594718c61a146a9181e2350f3c64cc94829d6fc5258bed805b8bc90d9c745	compact qualification summary/provenance retained with regression
benchmarks/reconstructed_fault/bp3_packaging/evidence/model-only-np1.log	generated/rebuildable artifact	untrack-keep-local	21015	e4d45834b07bf853ef079ad2a2ec4d9d765209392ba003342eb55859581c8212	completed run log/expanded input/export; archive exact bytes, retain local comparison paths
benchmarks/reconstructed_fault/bp3_packaging/evidence/model-only-np1.prm	generated/rebuildable artifact	untrack-keep-local	7052	29fb2ccecbd903612da5a0367b467e55366f75301e929b3c45e48bb6e9ba138c	completed run log/expanded input/export; archive exact bytes, retain local comparison paths
benchmarks/reconstructed_fault/bp3_packaging/evidence/observer-build.log	generated/rebuildable artifact	untrack-keep-local	645	6e4b2c9880df9be919a325858c9b5b4b0e0d8c21e6d37d3130047bd4d6392fda	completed run log/expanded input/export; archive exact bytes, retain local comparison paths
benchmarks/reconstructed_fault/bp3_packaging/evidence/observer-configure.log	generated/rebuildable artifact	untrack-keep-local	889	d7c6ffc98da326b3b8852a1492640eca0c69594b18fe7e555f3a921aefa75973	completed run log/expanded input/export; archive exact bytes, retain local comparison paths
benchmarks/reconstructed_fault/bp3_packaging/evidence/production-json-np1.json	deliberate test reference	keep	662	a14d217a6dcdceba37d82d539e19f6be9352053046fd03f3226666373a1cbd3f	compact qualification summary/provenance retained with regression
benchmarks/reconstructed_fault/bp3_packaging/evidence/production-json-np1.log	generated/rebuildable artifact	untrack-keep-local	1238523	ab4e4680b1f27401d35372ea79cd14e0ba067ef043f2a372a8607593146faee1	completed run log/expanded input/export; archive exact bytes, retain local comparison paths
benchmarks/reconstructed_fault/bp3_packaging/evidence/production-json-np1.prm	generated/rebuildable artifact	untrack-keep-local	198	643356b8e3459aa219e188c5f87bf36bd048f511417f5db6806c9355a0043184	completed run log/expanded input/export; archive exact bytes, retain local comparison paths
benchmarks/reconstructed_fault/bp3_packaging/evidence/production-parse-np1.json	deliberate test reference	keep	659	71551f2323d4ae324d6f68da555ee691af30e08b1bd716701fcb9b0319483672	compact qualification summary/provenance retained with regression
benchmarks/reconstructed_fault/bp3_packaging/evidence/production-parse-np1.log	generated/rebuildable artifact	untrack-keep-local	836	8814a4ec7ede02e0ffc6491bb73ee4738da97da2e1d9bb2441cae82b885510bc	completed run log/expanded input/export; archive exact bytes, retain local comparison paths
benchmarks/reconstructed_fault/bp3_packaging/evidence/production-parse-np1.prm	generated/rebuildable artifact	untrack-keep-local	198	643356b8e3459aa219e188c5f87bf36bd048f511417f5db6806c9355a0043184	completed run log/expanded input/export; archive exact bytes, retain local comparison paths
benchmarks/reconstructed_fault/bp3_packaging/evidence/quiet-np2.json	deliberate test reference	keep	631	8d2103c12a9f0bc709a26bc5fcc1333d1ec7f3933cdf8a66de38d76f07964bae	compact qualification summary/provenance retained with regression
benchmarks/reconstructed_fault/bp3_packaging/evidence/quiet-np2.log	generated/rebuildable artifact	untrack-keep-local	22136	2057c8d6d0b8d7d6a44a9018361d536ba79544610295cd7bbba090f1b29049a5	completed run log/expanded input/export; archive exact bytes, retain local comparison paths
benchmarks/reconstructed_fault/bp3_packaging/evidence/quiet-np2.prm	generated/rebuildable artifact	untrack-keep-local	7398	927858a0ca59b436455dabd278038ec4198cc98426b6e8b95df0985ba7eaf41e	completed run log/expanded input/export; archive exact bytes, retain local comparison paths
benchmarks/reconstructed_fault/bp3_packaging/evidence/reject-filter-np2.json	deliberate test reference	keep	639	c6ec0f8208f19fd8a5b87b00b18e2cea262ae65c7f565202614472e59721c891	compact qualification summary/provenance retained with regression
benchmarks/reconstructed_fault/bp3_packaging/evidence/reject-filter-np2.log	generated/rebuildable artifact	untrack-keep-local	23437	51a09143562bc82c31a5f01a827adfef4baf38b92c4646a9fe443c7dc8674903	completed run log/expanded input/export; archive exact bytes, retain local comparison paths
benchmarks/reconstructed_fault/bp3_packaging/evidence/reject-filter-np2.prm	generated/rebuildable artifact	untrack-keep-local	7345	37576a55680d48409e2dd08840b390bfd8ef3ae77c5a1123e9dd4f2e2350989a	completed run log/expanded input/export; archive exact bytes, retain local comparison paths
benchmarks/reconstructed_fault/bp3_packaging/evidence/reject-interpolator-np2.json	deliberate test reference	keep	645	3bfafd4915c92b0ebc0ee76d25032878fd69caaca85a0130e7e7a6244868389f	compact qualification summary/provenance retained with regression
benchmarks/reconstructed_fault/bp3_packaging/evidence/reject-interpolator-np2.log	generated/rebuildable artifact	untrack-keep-local	23202	2d77a4adbc4bc8418d7bf5ec62f32c5d648a6a656b5cdb54d7496208ffb2168a	completed run log/expanded input/export; archive exact bytes, retain local comparison paths
benchmarks/reconstructed_fault/bp3_packaging/evidence/reject-interpolator-np2.prm	generated/rebuildable artifact	untrack-keep-local	7339	019f0718a7c2bb91082bfc0417d9799ba5bd74392bf94d474776aceb56ccdead	completed run log/expanded input/export; archive exact bytes, retain local comparison paths
benchmarks/reconstructed_fault/bp3_packaging/evidence/reject-limiter-np2.json	deliberate test reference	keep	639	f1a5a244fb12a8432df8823f80506d7e7186730c23b5486fc4729e4ae255eae4	compact qualification summary/provenance retained with regression
benchmarks/reconstructed_fault/bp3_packaging/evidence/reject-limiter-np2.log	generated/rebuildable artifact	untrack-keep-local	23438	ae0cefb1b50bd1d330e13e08e6fd71703f4953abc293e16c04f1967bfbf401ea	completed run log/expanded input/export; archive exact bytes, retain local comparison paths
benchmarks/reconstructed_fault/bp3_packaging/evidence/reject-limiter-np2.prm	generated/rebuildable artifact	untrack-keep-local	7346	79702f6b4935a76fe54af0c8578260d4fca8252f5f0ef7d62f0b86533b7faf50	completed run log/expanded input/export; archive exact bytes, retain local comparison paths
benchmarks/reconstructed_fault/bp3_packaging/evidence/reject-material-np2.json	deliberate test reference	keep	640	8b0109c3113a90d095bc446755d4485a5643d35aa36c113dec4f773b8996423f	compact qualification summary/provenance retained with regression
benchmarks/reconstructed_fault/bp3_packaging/evidence/reject-material-np2.log	generated/rebuildable artifact	untrack-keep-local	23439	933f5e9bb237ad642b2f4a344064dcf5ae4bbc59cd593540f0923906d320ea49	completed run log/expanded input/export; archive exact bytes, retain local comparison paths
benchmarks/reconstructed_fault/bp3_packaging/evidence/reject-material-np2.prm	generated/rebuildable artifact	untrack-keep-local	7347	1c57cca1b3cf29438f66a22e7a773fbdb1736a68168276c377b2fe609bc07411	completed run log/expanded input/export; archive exact bytes, retain local comparison paths
benchmarks/reconstructed_fault/bp3_packaging/evidence/reject-mesh-np2.json	deliberate test reference	keep	637	cbd621fd183d0c1981c842dfed189b7d6bab6626fbd68414505595e80ed64517	compact qualification summary/provenance retained with regression
benchmarks/reconstructed_fault/bp3_packaging/evidence/reject-mesh-np2.log	generated/rebuildable artifact	untrack-keep-local	23435	3ece41581b9ef53d96504cd4399f98e0e1f7a729f228f1d004bc5955f248fdd6	completed run log/expanded input/export; archive exact bytes, retain local comparison paths
benchmarks/reconstructed_fault/bp3_packaging/evidence/reject-mesh-np2.prm	generated/rebuildable artifact	untrack-keep-local	7343	4e7b26edcc63a677332e9eafd4336dd742687f1ad831d576b3393186ce86589e	completed run log/expanded input/export; archive exact bytes, retain local comparison paths
benchmarks/reconstructed_fault/bp3_packaging/evidence/reschedule-np2.json	deliberate test reference	keep	635	297da434af2787ad207ae024293cd8a6b916d7056046ab2e764a90e635b07e66	compact qualification summary/provenance retained with regression
benchmarks/reconstructed_fault/bp3_packaging/evidence/reschedule-np2.log	generated/rebuildable artifact	untrack-keep-local	18628	eaa0aed29865464a0f5705e90cd8c86d5676ebefbe8033fcb2458857517bde61	completed run log/expanded input/export; archive exact bytes, retain local comparison paths
benchmarks/reconstructed_fault/bp3_packaging/evidence/reschedule-np2.prm	generated/rebuildable artifact	untrack-keep-local	7402	8c9c03e54ab8983619dc7bc5cafd6c0b77b4b7f2b078ae16bf69cfd76164ac60	completed run log/expanded input/export; archive exact bytes, retain local comparison paths
benchmarks/reconstructed_fault/bp3_packaging/evidence/resume-np2.json	deliberate test reference	keep	631	009cde2b8cfb386b19db811c8ed603059687e285da989a0d23fea5ce55933cf9	compact qualification summary/provenance retained with regression
benchmarks/reconstructed_fault/bp3_packaging/evidence/resume-np2.log	generated/rebuildable artifact	untrack-keep-local	18775	7175245d5d0980c16d4639e7cdebea1647821246065694dd008d4d509e1dddc9	completed run log/expanded input/export; archive exact bytes, retain local comparison paths
benchmarks/reconstructed_fault/bp3_packaging/evidence/resume-np2.prm	generated/rebuildable artifact	untrack-keep-local	7338	ba430a338e55f844eb44133b72c99122ba0c5a5e786abcbbbf80a3425865b452	completed run log/expanded input/export; archive exact bytes, retain local comparison paths
benchmarks/reconstructed_fault/bp3_packaging/evidence/retry-np1.json	deliberate test reference	keep	631	fcd5a2f44d5e0527f23ea8e737b6b150d467098efc0efe1603d7b9646d5a8175	compact qualification summary/provenance retained with regression
benchmarks/reconstructed_fault/bp3_packaging/evidence/retry-np1.log	generated/rebuildable artifact	untrack-keep-local	21996	6b385f42fcab799757b7b19710c3ed8c550e844b3e97430fa21841d47e99947a	completed run log/expanded input/export; archive exact bytes, retain local comparison paths
benchmarks/reconstructed_fault/bp3_packaging/evidence/retry-np1.prm	generated/rebuildable artifact	untrack-keep-local	7312	6d6196b8b9183d49191fec631bc7e697220d9d9361da7f7c009a8c86d7197ce3	completed run log/expanded input/export; archive exact bytes, retain local comparison paths
benchmarks/reconstructed_fault/bp3_packaging/evidence/staggered-np2.json	deliberate test reference	keep	635	db019355cd641625e32bd1b2a849d0cc7bca3f849261848ee0c9a6a4f27ba54c	compact qualification summary/provenance retained with regression
benchmarks/reconstructed_fault/bp3_packaging/evidence/staggered-np2.log	generated/rebuildable artifact	untrack-keep-local	22839	eccb1d78b45a9794b9556eb18988e438ad58fd81f5c82ee53d5e1ef90281595d	completed run log/expanded input/export; archive exact bytes, retain local comparison paths
benchmarks/reconstructed_fault/bp3_packaging/evidence/staggered-np2.prm	generated/rebuildable artifact	untrack-keep-local	7342	34464d6096ccb9b5ac0702df5be29ffb95fe42e69389bdde5665b99d6f701427	completed run log/expanded input/export; archive exact bytes, retain local comparison paths
benchmarks/reconstructed_fault/bp3_packaging/inputs/branch.prm	maintained benchmark	keep	7338	d1f7a4af1b49037cc03830c73f326860893cffb03a0b70730d85f578bdda5b7c	benchmark or regression build/run/check dependency
benchmarks/reconstructed_fault/bp3_packaging/inputs/create.prm	maintained benchmark	keep	7339	18994392ad79d24597162d958d01723e01e7b423be53e2e287c9feafb50e9c9e	benchmark or regression build/run/check dependency
benchmarks/reconstructed_fault/bp3_packaging/inputs/direct.prm	maintained benchmark	keep	7242	757f938f185cded5f52dd2910d7ed9ffc81945b467c624236496aab3a0920d0e	benchmark or regression build/run/check dependency
benchmarks/reconstructed_fault/bp3_packaging/inputs/model-only.prm	maintained benchmark	keep	7052	29fb2ccecbd903612da5a0367b467e55366f75301e929b3c45e48bb6e9ba138c	benchmark or regression build/run/check dependency
benchmarks/reconstructed_fault/bp3_packaging/inputs/production-json.prm	maintained benchmark	keep	198	643356b8e3459aa219e188c5f87bf36bd048f511417f5db6806c9355a0043184	benchmark or regression build/run/check dependency
benchmarks/reconstructed_fault/bp3_packaging/inputs/production-parse.prm	maintained benchmark	keep	198	643356b8e3459aa219e188c5f87bf36bd048f511417f5db6806c9355a0043184	benchmark or regression build/run/check dependency
benchmarks/reconstructed_fault/bp3_packaging/inputs/quiet.prm	maintained benchmark	keep	7398	927858a0ca59b436455dabd278038ec4198cc98426b6e8b95df0985ba7eaf41e	benchmark or regression build/run/check dependency
benchmarks/reconstructed_fault/bp3_packaging/inputs/reject-filter.prm	maintained benchmark	keep	7345	37576a55680d48409e2dd08840b390bfd8ef3ae77c5a1123e9dd4f2e2350989a	benchmark or regression build/run/check dependency
benchmarks/reconstructed_fault/bp3_packaging/inputs/reject-interpolator.prm	maintained benchmark	keep	7339	019f0718a7c2bb91082bfc0417d9799ba5bd74392bf94d474776aceb56ccdead	benchmark or regression build/run/check dependency
benchmarks/reconstructed_fault/bp3_packaging/inputs/reject-limiter.prm	maintained benchmark	keep	7346	79702f6b4935a76fe54af0c8578260d4fca8252f5f0ef7d62f0b86533b7faf50	benchmark or regression build/run/check dependency
benchmarks/reconstructed_fault/bp3_packaging/inputs/reject-material.prm	maintained benchmark	keep	7347	1c57cca1b3cf29438f66a22e7a773fbdb1736a68168276c377b2fe609bc07411	benchmark or regression build/run/check dependency
benchmarks/reconstructed_fault/bp3_packaging/inputs/reject-mesh.prm	maintained benchmark	keep	7343	4e7b26edcc63a677332e9eafd4336dd742687f1ad831d576b3393186ce86589e	benchmark or regression build/run/check dependency
benchmarks/reconstructed_fault/bp3_packaging/inputs/reschedule.prm	maintained benchmark	keep	7402	8c9c03e54ab8983619dc7bc5cafd6c0b77b4b7f2b078ae16bf69cfd76164ac60	benchmark or regression build/run/check dependency
benchmarks/reconstructed_fault/bp3_packaging/inputs/resume.prm	maintained benchmark	keep	7338	ba430a338e55f844eb44133b72c99122ba0c5a5e786abcbbbf80a3425865b452	benchmark or regression build/run/check dependency
benchmarks/reconstructed_fault/bp3_packaging/inputs/retry.prm	maintained benchmark	keep	7312	6d6196b8b9183d49191fec631bc7e697220d9d9361da7f7c009a8c86d7197ce3	benchmark or regression build/run/check dependency
benchmarks/reconstructed_fault/bp3_packaging/inputs/staggered.prm	maintained benchmark	keep	7342	34464d6096ccb9b5ac0702df5be29ffb95fe42e69389bdde5665b99d6f701427	benchmark or regression build/run/check dependency
benchmarks/reconstructed_fault/bp3_packaging/plugin/CMakeLists.txt	maintained benchmark	keep	506	262266d57a720820720c8a39e616239e91dd7e3fca45bb6673911809ea45bb40	benchmark or regression build/run/check dependency
benchmarks/reconstructed_fault/bp3_packaging/prepare_identity_checks.py	maintained benchmark	keep	768	c7c6f674308a6252194841cba4ecb260da4ae5fe7021f5b2bce9f0806fdeec28	benchmark or regression build/run/check dependency
benchmarks/reconstructed_fault/bp3_packaging/prepare_inputs.py	maintained benchmark	keep	5953	78aadebcdeaebfea2cf264e938e53da8c6c583ec7798ee6bbb062ad3667b77e0	benchmark or regression build/run/check dependency
benchmarks/reconstructed_fault/bp3_packaging/prepare_restart.py	maintained benchmark	keep	571	e09bbb7161b1a7b3455715ff7d882f8edb6830c51a513768364d0685b1dc4606	benchmark or regression build/run/check dependency
benchmarks/reconstructed_fault/bp3_packaging/results/branch/accepted_steps.csv	generated/rebuildable artifact	untrack-keep-local	996	e355a72673818b4961a5448d49aece8bc1f70d33fd484e2b7768801a05516091	completed run log/expanded input/export; archive exact bytes, retain local comparison paths
benchmarks/reconstructed_fault/bp3_packaging/results/branch/birth_H_rank0.csv	generated/rebuildable artifact	untrack-keep-local	1691	154dace5912d7a97ff58bfbe888ddee92cfd0d4b81e7f8fa983ae43dd75efd07	completed run log/expanded input/export; archive exact bytes, retain local comparison paths
benchmarks/reconstructed_fault/bp3_packaging/results/branch/birth_H_rank1.csv	generated/rebuildable artifact	untrack-keep-local	12004	57ac162339127a636fae913623b6d3dbde162de992f045575b8190ed57aeb0a8	completed run log/expanded input/export; archive exact bytes, retain local comparison paths
benchmarks/reconstructed_fault/bp3_packaging/results/branch/checkpoint-02-particle-summary.csv	generated/rebuildable artifact	untrack-keep-local	279	6bea0940c4829441767cd92773f6cbe7fb9d3122443c623851d5613e285494a0	completed run log/expanded input/export; archive exact bytes, retain local comparison paths
benchmarks/reconstructed_fault/bp3_packaging/results/branch/checkpoint-03-particle-summary.csv	generated/rebuildable artifact	untrack-keep-local	378	995c44a2565552ba971daf332e0d451faf76bc287b92a4fe29dc90fd564bd190	completed run log/expanded input/export; archive exact bytes, retain local comparison paths
benchmarks/reconstructed_fault/bp3_packaging/results/branch/heavy_outputs.csv	generated/rebuildable artifact	untrack-keep-local	64	e68d00759e4c12205c0127fc90bd3b6876342110128843b71623495bcb9d9faf	completed run log/expanded input/export; archive exact bytes, retain local comparison paths
benchmarks/reconstructed_fault/bp3_packaging/results/branch/lifecycle_rank0.csv	generated/rebuildable artifact	untrack-keep-local	3002	c0414c358143e373b33ab7b587c9776dd988ffaabd074cc2cdc875c3db387776	completed run log/expanded input/export; archive exact bytes, retain local comparison paths
benchmarks/reconstructed_fault/bp3_packaging/results/branch/lifecycle_rank1.csv	generated/rebuildable artifact	untrack-keep-local	3011	dda95b6b01271f201dd6c34edc02c9122496dd215a51c1b23eae174ca994689d	completed run log/expanded input/export; archive exact bytes, retain local comparison paths
benchmarks/reconstructed_fault/bp3_packaging/results/branch/particle_summary.csv	generated/rebuildable artifact	untrack-keep-local	378	995c44a2565552ba971daf332e0d451faf76bc287b92a4fe29dc90fd564bd190	completed run log/expanded input/export; archive exact bytes, retain local comparison paths
benchmarks/reconstructed_fault/bp3_packaging/results/branch/profiles.csv	generated/rebuildable artifact	untrack-keep-local	162	c2008976616bab40880f566997e80db6ae51ef974d6259a418ef02f463f468b7	completed run log/expanded input/export; archive exact bytes, retain local comparison paths
benchmarks/reconstructed_fault/bp3_packaging/results/branch/restored_growth.csv	generated/rebuildable artifact	untrack-keep-local	674	4198891902d2b3b16445bff7a6711194148ac6cb59795da486d4197edfde8392	completed run log/expanded input/export; archive exact bytes, retain local comparison paths
benchmarks/reconstructed_fault/bp3_packaging/results/checks.json	deliberate test reference	keep	15406	db77a7f600df2c1337da620638e3c161ca1f1fe997d5aa0e7f21ab0f97600e9a	compact qualification summary/provenance retained with regression
benchmarks/reconstructed_fault/bp3_packaging/results/create/accepted_steps.csv	generated/rebuildable artifact	untrack-keep-local	734	fbf89d8e4eea4d29666fc7db2fc882c6d1ccf356ec1eb154cf4a55fd2a96a348	completed run log/expanded input/export; archive exact bytes, retain local comparison paths
benchmarks/reconstructed_fault/bp3_packaging/results/create/birth_H_rank0.csv	generated/rebuildable artifact	untrack-keep-local	1488	b019c92eb03a12cf5e8309122f2410f793ca40cb6e65b5c8aed3d0397bb6d5e5	completed run log/expanded input/export; archive exact bytes, retain local comparison paths
benchmarks/reconstructed_fault/bp3_packaging/results/create/birth_H_rank1.csv	generated/rebuildable artifact	untrack-keep-local	11367	3a9ce9aab6d19b569cb647bcaea8041025bcc763a9c24b4a2cdbda0b18b90297	completed run log/expanded input/export; archive exact bytes, retain local comparison paths
benchmarks/reconstructed_fault/bp3_packaging/results/create/checkpoint-01-particle-summary.csv	generated/rebuildable artifact	untrack-keep-local	181	f1fe70489dc71d1b78101284705118a3b5d904b8087d0aa116769ed75d7656f0	completed run log/expanded input/export; archive exact bytes, retain local comparison paths
benchmarks/reconstructed_fault/bp3_packaging/results/create/checkpoint-02-particle-summary.csv	generated/rebuildable artifact	untrack-keep-local	279	6bea0940c4829441767cd92773f6cbe7fb9d3122443c623851d5613e285494a0	completed run log/expanded input/export; archive exact bytes, retain local comparison paths
benchmarks/reconstructed_fault/bp3_packaging/results/create/heavy_outputs.csv	generated/rebuildable artifact	untrack-keep-local	65	c1e739030dab9318e62d0081bd28319c254011ffca3993f4784b975ed56fbec8	completed run log/expanded input/export; archive exact bytes, retain local comparison paths
benchmarks/reconstructed_fault/bp3_packaging/results/create/lifecycle_rank0.csv	generated/rebuildable artifact	untrack-keep-local	4400	b20d7594909784d82e6ce2d192728d6569248bd42bc441fda09aaf7017e70d02	completed run log/expanded input/export; archive exact bytes, retain local comparison paths
benchmarks/reconstructed_fault/bp3_packaging/results/create/lifecycle_rank1.csv	generated/rebuildable artifact	untrack-keep-local	4466	f7d7c93c8d2e2963b16fba432b58fc79e047e18f4ba93e04bcf72021c85fbfc3	completed run log/expanded input/export; archive exact bytes, retain local comparison paths
benchmarks/reconstructed_fault/bp3_packaging/results/create/particle_summary.csv	generated/rebuildable artifact	untrack-keep-local	279	6bea0940c4829441767cd92773f6cbe7fb9d3122443c623851d5613e285494a0	completed run log/expanded input/export; archive exact bytes, retain local comparison paths
benchmarks/reconstructed_fault/bp3_packaging/results/create/profiles.csv	generated/rebuildable artifact	untrack-keep-local	112	199b46b9062bff60c5d4decbd6b4b8ae9ef3f34be26d6d421137f05074e7b66d	completed run log/expanded input/export; archive exact bytes, retain local comparison paths
benchmarks/reconstructed_fault/bp3_packaging/results/create/restored_growth.csv	generated/rebuildable artifact	untrack-keep-local	489	28f07c72740a25e766548203e33d7650591e7399a170d0694d56044e28709df8	completed run log/expanded input/export; archive exact bytes, retain local comparison paths
benchmarks/reconstructed_fault/bp3_packaging/results/direct/accepted_steps.csv	generated/rebuildable artifact	untrack-keep-local	734	0d517025eaa0f23a71b5f146599d9e125d5166d1227f9d6556c05f238b32dff2	completed run log/expanded input/export; archive exact bytes, retain local comparison paths
benchmarks/reconstructed_fault/bp3_packaging/results/direct/birth_H_rank0.csv	generated/rebuildable artifact	untrack-keep-local	25621	6ff43bfdc36e161d8a64367c493190e47b6eaff0ac7cbd9ac5c014647170671d	completed run log/expanded input/export; archive exact bytes, retain local comparison paths
benchmarks/reconstructed_fault/bp3_packaging/results/direct/checkpoint-01-particle-summary.csv	generated/rebuildable artifact	untrack-keep-local	181	f1fe70489dc71d1b78101284705118a3b5d904b8087d0aa116769ed75d7656f0	completed run log/expanded input/export; archive exact bytes, retain local comparison paths
benchmarks/reconstructed_fault/bp3_packaging/results/direct/checkpoint-02-particle-summary.csv	generated/rebuildable artifact	untrack-keep-local	281	7d181d107b03fca20788fa2fe30c4d1fd6899a4af51f643b7ea04b0fbb9863b8	completed run log/expanded input/export; archive exact bytes, retain local comparison paths
benchmarks/reconstructed_fault/bp3_packaging/results/direct/heavy_outputs.csv	generated/rebuildable artifact	untrack-keep-local	64	359abc7d36d5f50c8df2773735a2187d90b8986151f785472bf42b8000d41d78	completed run log/expanded input/export; archive exact bytes, retain local comparison paths
benchmarks/reconstructed_fault/bp3_packaging/results/direct/lifecycle_rank0.csv	generated/rebuildable artifact	untrack-keep-local	4413	c9472d9383918243a6121097e2f75f309d15eb2a17eba76f6c399635cdc3b610	completed run log/expanded input/export; archive exact bytes, retain local comparison paths
benchmarks/reconstructed_fault/bp3_packaging/results/direct/particle_summary.csv	generated/rebuildable artifact	untrack-keep-local	281	7d181d107b03fca20788fa2fe30c4d1fd6899a4af51f643b7ea04b0fbb9863b8	completed run log/expanded input/export; archive exact bytes, retain local comparison paths
benchmarks/reconstructed_fault/bp3_packaging/results/direct/profiles.csv	generated/rebuildable artifact	untrack-keep-local	111	746216f4a28aa0dd4904a02c03a6ce972ee2322e0b2426cac1974f7caf01be88	completed run log/expanded input/export; archive exact bytes, retain local comparison paths
benchmarks/reconstructed_fault/bp3_packaging/results/direct/restored_growth.csv	generated/rebuildable artifact	untrack-keep-local	486	e9b8601fb4fe181e1a43a98f7940439c974b6091fd9bc079557c3b16ea55af28	completed run log/expanded input/export; archive exact bytes, retain local comparison paths
benchmarks/reconstructed_fault/bp3_packaging/results/model-only/accepted_steps.csv	generated/rebuildable artifact	untrack-keep-local	736	c8b6f5f1ebcd68f8f9c1182f24f72c204db5054bf587f0170c569e8b0d3f7b87	completed run log/expanded input/export; archive exact bytes, retain local comparison paths
benchmarks/reconstructed_fault/bp3_packaging/results/model-only/checkpoint-01-particle-summary.csv	generated/rebuildable artifact	untrack-keep-local	181	f1fe70489dc71d1b78101284705118a3b5d904b8087d0aa116769ed75d7656f0	completed run log/expanded input/export; archive exact bytes, retain local comparison paths
benchmarks/reconstructed_fault/bp3_packaging/results/model-only/checkpoint-02-particle-summary.csv	generated/rebuildable artifact	untrack-keep-local	278	3f02e2b3afacd586257612c9fb2d23f4fce96a9004b5beecb218eb6473c3749a	completed run log/expanded input/export; archive exact bytes, retain local comparison paths
benchmarks/reconstructed_fault/bp3_packaging/results/model-only/heavy_outputs.csv	generated/rebuildable artifact	untrack-keep-local	65	642b5070ca3d9576dfa32d5f0f7275bbfc921473b553165b0f7ffd5a52b4325f	completed run log/expanded input/export; archive exact bytes, retain local comparison paths
benchmarks/reconstructed_fault/bp3_packaging/results/model-only/particle_summary.csv	generated/rebuildable artifact	untrack-keep-local	278	3f02e2b3afacd586257612c9fb2d23f4fce96a9004b5beecb218eb6473c3749a	completed run log/expanded input/export; archive exact bytes, retain local comparison paths
benchmarks/reconstructed_fault/bp3_packaging/results/model-only/profiles.csv	generated/rebuildable artifact	untrack-keep-local	112	d4f65267884844b7de2ca7355321925f4230fb4f05451940d3f6236c6ed6fd47	completed run log/expanded input/export; archive exact bytes, retain local comparison paths
benchmarks/reconstructed_fault/bp3_packaging/results/model-only/restored_growth.csv	generated/rebuildable artifact	untrack-keep-local	486	b07cdd9dd836f92d7f79caddf67e49870f29bb9178a15093e71b28edfa1ba430	completed run log/expanded input/export; archive exact bytes, retain local comparison paths
benchmarks/reconstructed_fault/bp3_packaging/results/production_changes.json	deliberate test reference	keep	5518	06fb041cc481028c86337f130f5300b75622bfe5fc1abc2672ecacf2c61b98a9	compact qualification summary/provenance retained with regression
benchmarks/reconstructed_fault/bp3_packaging/results/production_resolved.json	deliberate test reference	keep	17692	3ff1faec52c68f50befa0a13f1e8c4f6e3fc8d27afc9721a847d2f616730805a	compact qualification summary/provenance retained with regression
benchmarks/reconstructed_fault/bp3_packaging/results/quiet/accepted_steps.csv	generated/rebuildable artifact	untrack-keep-local	996	e355a72673818b4961a5448d49aece8bc1f70d33fd484e2b7768801a05516091	completed run log/expanded input/export; archive exact bytes, retain local comparison paths
benchmarks/reconstructed_fault/bp3_packaging/results/quiet/birth_H_rank0.csv	generated/rebuildable artifact	untrack-keep-local	3116	2e96aa7f28946f208f9a176007ad11918ef13622543eab0f310dde05f2460af1	completed run log/expanded input/export; archive exact bytes, retain local comparison paths
benchmarks/reconstructed_fault/bp3_packaging/results/quiet/birth_H_rank1.csv	generated/rebuildable artifact	untrack-keep-local	23308	aebe06b2356b993570b38b5ebc9ed8f6610b3002ee6296102e5b11cfd3e1d5da	completed run log/expanded input/export; archive exact bytes, retain local comparison paths
benchmarks/reconstructed_fault/bp3_packaging/results/quiet/checkpoint-01-particle-summary.csv	generated/rebuildable artifact	untrack-keep-local	181	f1fe70489dc71d1b78101284705118a3b5d904b8087d0aa116769ed75d7656f0	completed run log/expanded input/export; archive exact bytes, retain local comparison paths
benchmarks/reconstructed_fault/bp3_packaging/results/quiet/checkpoint-02-particle-summary.csv	generated/rebuildable artifact	untrack-keep-local	279	6bea0940c4829441767cd92773f6cbe7fb9d3122443c623851d5613e285494a0	completed run log/expanded input/export; archive exact bytes, retain local comparison paths
benchmarks/reconstructed_fault/bp3_packaging/results/quiet/checkpoint-03-particle-summary.csv	generated/rebuildable artifact	untrack-keep-local	378	995c44a2565552ba971daf332e0d451faf76bc287b92a4fe29dc90fd564bd190	completed run log/expanded input/export; archive exact bytes, retain local comparison paths
benchmarks/reconstructed_fault/bp3_packaging/results/quiet/heavy_outputs.csv	generated/rebuildable artifact	untrack-keep-local	64	e68d00759e4c12205c0127fc90bd3b6876342110128843b71623495bcb9d9faf	completed run log/expanded input/export; archive exact bytes, retain local comparison paths
benchmarks/reconstructed_fault/bp3_packaging/results/quiet/lifecycle_rank0.csv	generated/rebuildable artifact	untrack-keep-local	6580	2b7a49ef38ea448dc10883d3014799b19d2bfbb4aeff5722bea148f39d944631	completed run log/expanded input/export; archive exact bytes, retain local comparison paths
benchmarks/reconstructed_fault/bp3_packaging/results/quiet/lifecycle_rank1.csv	generated/rebuildable artifact	untrack-keep-local	6655	b2e48c312857f3f97cf33ee990d056d2f8806f014750ffa75d416a077bb4992a	completed run log/expanded input/export; archive exact bytes, retain local comparison paths
benchmarks/reconstructed_fault/bp3_packaging/results/quiet/particle_summary.csv	generated/rebuildable artifact	untrack-keep-local	378	995c44a2565552ba971daf332e0d451faf76bc287b92a4fe29dc90fd564bd190	completed run log/expanded input/export; archive exact bytes, retain local comparison paths
benchmarks/reconstructed_fault/bp3_packaging/results/quiet/profiles.csv	generated/rebuildable artifact	untrack-keep-local	111	a68bdaac13f663f3d94502d4c4945a45cc1658ab7e03c7447d7a4bf6d22e1785	completed run log/expanded input/export; archive exact bytes, retain local comparison paths
benchmarks/reconstructed_fault/bp3_packaging/results/quiet/restored_growth.csv	generated/rebuildable artifact	untrack-keep-local	674	4198891902d2b3b16445bff7a6711194148ac6cb59795da486d4197edfde8392	completed run log/expanded input/export; archive exact bytes, retain local comparison paths
benchmarks/reconstructed_fault/bp3_packaging/results/reschedule/accepted_steps.csv	generated/rebuildable artifact	untrack-keep-local	996	e355a72673818b4961a5448d49aece8bc1f70d33fd484e2b7768801a05516091	completed run log/expanded input/export; archive exact bytes, retain local comparison paths
benchmarks/reconstructed_fault/bp3_packaging/results/reschedule/birth_H_rank0.csv	generated/rebuildable artifact	untrack-keep-local	3116	2e96aa7f28946f208f9a176007ad11918ef13622543eab0f310dde05f2460af1	completed run log/expanded input/export; archive exact bytes, retain local comparison paths
benchmarks/reconstructed_fault/bp3_packaging/results/reschedule/birth_H_rank1.csv	generated/rebuildable artifact	untrack-keep-local	23308	aebe06b2356b993570b38b5ebc9ed8f6610b3002ee6296102e5b11cfd3e1d5da	completed run log/expanded input/export; archive exact bytes, retain local comparison paths
benchmarks/reconstructed_fault/bp3_packaging/results/reschedule/checkpoint-01-particle-summary.csv	generated/rebuildable artifact	untrack-keep-local	181	f1fe70489dc71d1b78101284705118a3b5d904b8087d0aa116769ed75d7656f0	completed run log/expanded input/export; archive exact bytes, retain local comparison paths
benchmarks/reconstructed_fault/bp3_packaging/results/reschedule/checkpoint-02-particle-summary.csv	generated/rebuildable artifact	untrack-keep-local	279	6bea0940c4829441767cd92773f6cbe7fb9d3122443c623851d5613e285494a0	completed run log/expanded input/export; archive exact bytes, retain local comparison paths
benchmarks/reconstructed_fault/bp3_packaging/results/reschedule/checkpoint-03-particle-summary.csv	generated/rebuildable artifact	untrack-keep-local	378	995c44a2565552ba971daf332e0d451faf76bc287b92a4fe29dc90fd564bd190	completed run log/expanded input/export; archive exact bytes, retain local comparison paths
benchmarks/reconstructed_fault/bp3_packaging/results/reschedule/heavy_outputs.csv	generated/rebuildable artifact	untrack-keep-local	94	9b80f0c5bad059eee686af3ec5139097ff656c7fcee3ef8b70e8e36956b753f6	completed run log/expanded input/export; archive exact bytes, retain local comparison paths
benchmarks/reconstructed_fault/bp3_packaging/results/reschedule/lifecycle_rank0.csv	generated/rebuildable artifact	untrack-keep-local	3002	c0414c358143e373b33ab7b587c9776dd988ffaabd074cc2cdc875c3db387776	completed run log/expanded input/export; archive exact bytes, retain local comparison paths
benchmarks/reconstructed_fault/bp3_packaging/results/reschedule/lifecycle_rank1.csv	generated/rebuildable artifact	untrack-keep-local	3011	dda95b6b01271f201dd6c34edc02c9122496dd215a51c1b23eae174ca994689d	completed run log/expanded input/export; archive exact bytes, retain local comparison paths
benchmarks/reconstructed_fault/bp3_packaging/results/reschedule/particle_summary.csv	generated/rebuildable artifact	untrack-keep-local	378	995c44a2565552ba971daf332e0d451faf76bc287b92a4fe29dc90fd564bd190	completed run log/expanded input/export; archive exact bytes, retain local comparison paths
benchmarks/reconstructed_fault/bp3_packaging/results/reschedule/profiles.csv	generated/rebuildable artifact	untrack-keep-local	162	c2008976616bab40880f566997e80db6ae51ef974d6259a418ef02f463f468b7	completed run log/expanded input/export; archive exact bytes, retain local comparison paths
benchmarks/reconstructed_fault/bp3_packaging/results/reschedule/restored_growth.csv	generated/rebuildable artifact	untrack-keep-local	674	4198891902d2b3b16445bff7a6711194148ac6cb59795da486d4197edfde8392	completed run log/expanded input/export; archive exact bytes, retain local comparison paths
benchmarks/reconstructed_fault/bp3_packaging/results/resume/accepted_steps.csv	generated/rebuildable artifact	untrack-keep-local	996	e355a72673818b4961a5448d49aece8bc1f70d33fd484e2b7768801a05516091	completed run log/expanded input/export; archive exact bytes, retain local comparison paths
benchmarks/reconstructed_fault/bp3_packaging/results/resume/birth_H_rank0.csv	generated/rebuildable artifact	untrack-keep-local	3116	2e96aa7f28946f208f9a176007ad11918ef13622543eab0f310dde05f2460af1	completed run log/expanded input/export; archive exact bytes, retain local comparison paths
benchmarks/reconstructed_fault/bp3_packaging/results/resume/birth_H_rank1.csv	generated/rebuildable artifact	untrack-keep-local	23308	aebe06b2356b993570b38b5ebc9ed8f6610b3002ee6296102e5b11cfd3e1d5da	completed run log/expanded input/export; archive exact bytes, retain local comparison paths
benchmarks/reconstructed_fault/bp3_packaging/results/resume/checkpoint-01-particle-summary.csv	generated/rebuildable artifact	untrack-keep-local	181	f1fe70489dc71d1b78101284705118a3b5d904b8087d0aa116769ed75d7656f0	completed run log/expanded input/export; archive exact bytes, retain local comparison paths
benchmarks/reconstructed_fault/bp3_packaging/results/resume/checkpoint-02-particle-summary.csv	generated/rebuildable artifact	untrack-keep-local	279	6bea0940c4829441767cd92773f6cbe7fb9d3122443c623851d5613e285494a0	completed run log/expanded input/export; archive exact bytes, retain local comparison paths
benchmarks/reconstructed_fault/bp3_packaging/results/resume/checkpoint-03-particle-summary.csv	generated/rebuildable artifact	untrack-keep-local	378	995c44a2565552ba971daf332e0d451faf76bc287b92a4fe29dc90fd564bd190	completed run log/expanded input/export; archive exact bytes, retain local comparison paths
benchmarks/reconstructed_fault/bp3_packaging/results/resume/heavy_outputs.csv	generated/rebuildable artifact	untrack-keep-local	94	9b80f0c5bad059eee686af3ec5139097ff656c7fcee3ef8b70e8e36956b753f6	completed run log/expanded input/export; archive exact bytes, retain local comparison paths
benchmarks/reconstructed_fault/bp3_packaging/results/resume/lifecycle_rank0.csv	generated/rebuildable artifact	untrack-keep-local	3002	c0414c358143e373b33ab7b587c9776dd988ffaabd074cc2cdc875c3db387776	completed run log/expanded input/export; archive exact bytes, retain local comparison paths
benchmarks/reconstructed_fault/bp3_packaging/results/resume/lifecycle_rank1.csv	generated/rebuildable artifact	untrack-keep-local	3011	dda95b6b01271f201dd6c34edc02c9122496dd215a51c1b23eae174ca994689d	completed run log/expanded input/export; archive exact bytes, retain local comparison paths
benchmarks/reconstructed_fault/bp3_packaging/results/resume/particle_summary.csv	generated/rebuildable artifact	untrack-keep-local	378	995c44a2565552ba971daf332e0d451faf76bc287b92a4fe29dc90fd564bd190	completed run log/expanded input/export; archive exact bytes, retain local comparison paths
benchmarks/reconstructed_fault/bp3_packaging/results/resume/profiles.csv	generated/rebuildable artifact	untrack-keep-local	162	c2008976616bab40880f566997e80db6ae51ef974d6259a418ef02f463f468b7	completed run log/expanded input/export; archive exact bytes, retain local comparison paths
benchmarks/reconstructed_fault/bp3_packaging/results/resume/restored_growth.csv	generated/rebuildable artifact	untrack-keep-local	674	4198891902d2b3b16445bff7a6711194148ac6cb59795da486d4197edfde8392	completed run log/expanded input/export; archive exact bytes, retain local comparison paths
benchmarks/reconstructed_fault/bp3_packaging/results/retry/accepted_steps.csv	generated/rebuildable artifact	untrack-keep-local	734	0d517025eaa0f23a71b5f146599d9e125d5166d1227f9d6556c05f238b32dff2	completed run log/expanded input/export; archive exact bytes, retain local comparison paths
benchmarks/reconstructed_fault/bp3_packaging/results/retry/birth_H_rank0.csv	generated/rebuildable artifact	untrack-keep-local	52125	f33e76fff39a16234d55c572c34141c1826eaf4a64a6af0c7568bbc4a68119f6	completed run log/expanded input/export; archive exact bytes, retain local comparison paths
benchmarks/reconstructed_fault/bp3_packaging/results/retry/checkpoint-01-particle-summary.csv	generated/rebuildable artifact	untrack-keep-local	181	f1fe70489dc71d1b78101284705118a3b5d904b8087d0aa116769ed75d7656f0	completed run log/expanded input/export; archive exact bytes, retain local comparison paths
benchmarks/reconstructed_fault/bp3_packaging/results/retry/checkpoint-02-particle-summary.csv	generated/rebuildable artifact	untrack-keep-local	281	7d181d107b03fca20788fa2fe30c4d1fd6899a4af51f643b7ea04b0fbb9863b8	completed run log/expanded input/export; archive exact bytes, retain local comparison paths
benchmarks/reconstructed_fault/bp3_packaging/results/retry/heavy_outputs.csv	generated/rebuildable artifact	untrack-keep-local	64	359abc7d36d5f50c8df2773735a2187d90b8986151f785472bf42b8000d41d78	completed run log/expanded input/export; archive exact bytes, retain local comparison paths
benchmarks/reconstructed_fault/bp3_packaging/results/retry/lifecycle_rank0.csv	generated/rebuildable artifact	untrack-keep-local	5964	764dc3da2e09a21b62aef6e9ca9608c5476de4e7926000de1c071d813874e955	completed run log/expanded input/export; archive exact bytes, retain local comparison paths
benchmarks/reconstructed_fault/bp3_packaging/results/retry/particle_summary.csv	generated/rebuildable artifact	untrack-keep-local	281	7d181d107b03fca20788fa2fe30c4d1fd6899a4af51f643b7ea04b0fbb9863b8	completed run log/expanded input/export; archive exact bytes, retain local comparison paths
benchmarks/reconstructed_fault/bp3_packaging/results/retry/profiles.csv	generated/rebuildable artifact	untrack-keep-local	111	746216f4a28aa0dd4904a02c03a6ce972ee2322e0b2426cac1974f7caf01be88	completed run log/expanded input/export; archive exact bytes, retain local comparison paths
benchmarks/reconstructed_fault/bp3_packaging/results/retry/restored_growth.csv	generated/rebuildable artifact	untrack-keep-local	486	e9b8601fb4fe181e1a43a98f7940439c974b6091fd9bc079557c3b16ea55af28	completed run log/expanded input/export; archive exact bytes, retain local comparison paths
benchmarks/reconstructed_fault/bp3_packaging/results/staggered/accepted_steps.csv	generated/rebuildable artifact	untrack-keep-local	996	e355a72673818b4961a5448d49aece8bc1f70d33fd484e2b7768801a05516091	completed run log/expanded input/export; archive exact bytes, retain local comparison paths
benchmarks/reconstructed_fault/bp3_packaging/results/staggered/birth_H_rank0.csv	generated/rebuildable artifact	untrack-keep-local	3116	2e96aa7f28946f208f9a176007ad11918ef13622543eab0f310dde05f2460af1	completed run log/expanded input/export; archive exact bytes, retain local comparison paths
benchmarks/reconstructed_fault/bp3_packaging/results/staggered/birth_H_rank1.csv	generated/rebuildable artifact	untrack-keep-local	23308	aebe06b2356b993570b38b5ebc9ed8f6610b3002ee6296102e5b11cfd3e1d5da	completed run log/expanded input/export; archive exact bytes, retain local comparison paths
benchmarks/reconstructed_fault/bp3_packaging/results/staggered/checkpoint-01-particle-summary.csv	generated/rebuildable artifact	untrack-keep-local	181	f1fe70489dc71d1b78101284705118a3b5d904b8087d0aa116769ed75d7656f0	completed run log/expanded input/export; archive exact bytes, retain local comparison paths
benchmarks/reconstructed_fault/bp3_packaging/results/staggered/checkpoint-02-particle-summary.csv	generated/rebuildable artifact	untrack-keep-local	279	6bea0940c4829441767cd92773f6cbe7fb9d3122443c623851d5613e285494a0	completed run log/expanded input/export; archive exact bytes, retain local comparison paths
benchmarks/reconstructed_fault/bp3_packaging/results/staggered/checkpoint-03-particle-summary.csv	generated/rebuildable artifact	untrack-keep-local	378	995c44a2565552ba971daf332e0d451faf76bc287b92a4fe29dc90fd564bd190	completed run log/expanded input/export; archive exact bytes, retain local comparison paths
benchmarks/reconstructed_fault/bp3_packaging/results/staggered/heavy_outputs.csv	generated/rebuildable artifact	untrack-keep-local	64	e68d00759e4c12205c0127fc90bd3b6876342110128843b71623495bcb9d9faf	completed run log/expanded input/export; archive exact bytes, retain local comparison paths
benchmarks/reconstructed_fault/bp3_packaging/results/staggered/lifecycle_rank0.csv	generated/rebuildable artifact	untrack-keep-local	6580	2b7a49ef38ea448dc10883d3014799b19d2bfbb4aeff5722bea148f39d944631	completed run log/expanded input/export; archive exact bytes, retain local comparison paths
benchmarks/reconstructed_fault/bp3_packaging/results/staggered/lifecycle_rank1.csv	generated/rebuildable artifact	untrack-keep-local	6655	b2e48c312857f3f97cf33ee990d056d2f8806f014750ffa75d416a077bb4992a	completed run log/expanded input/export; archive exact bytes, retain local comparison paths
benchmarks/reconstructed_fault/bp3_packaging/results/staggered/particle_summary.csv	generated/rebuildable artifact	untrack-keep-local	378	995c44a2565552ba971daf332e0d451faf76bc287b92a4fe29dc90fd564bd190	completed run log/expanded input/export; archive exact bytes, retain local comparison paths
benchmarks/reconstructed_fault/bp3_packaging/results/staggered/profiles.csv	generated/rebuildable artifact	untrack-keep-local	162	c2008976616bab40880f566997e80db6ae51ef974d6259a418ef02f463f468b7	completed run log/expanded input/export; archive exact bytes, retain local comparison paths
benchmarks/reconstructed_fault/bp3_packaging/results/staggered/restored_growth.csv	generated/rebuildable artifact	untrack-keep-local	674	4198891902d2b3b16445bff7a6711194148ac6cb59795da486d4197edfde8392	completed run log/expanded input/export; archive exact bytes, retain local comparison paths
benchmarks/reconstructed_fault/bp3_packaging/results/summary.json	deliberate test reference	keep	3284	a8ee90bed1f7787f65b52af69755dc61ca140fef6c9599d3578698f75842ed29	compact qualification summary/provenance retained with regression
benchmarks/reconstructed_fault/bp3_packaging/run_cases.py	maintained benchmark	keep	1428	d5501e5523ea2524b00285a09497ada82a0464830b7504a7e953295ca0821069	benchmark or regression build/run/check dependency
benchmarks/reconstructed_fault/bp3_packaging/run_logged.py	maintained benchmark	keep	1485	4854696014c859945122f4329ed2c1abaa3037265b084f5e78ba53d2d5eec605	benchmark or regression build/run/check dependency
benchmarks/reconstructed_fault/bp3_packaging/summarize.py	maintained benchmark	keep	3529	fe0fd8e32abb2dc775afee6a75f4197b49d4a74850a5714f849c92e29558aafc	benchmark or regression build/run/check dependency
benchmarks/reconstructed_fault/bp3_runtime/.gitignore	maintained benchmark	keep	32	03aad068c6d2ce2a0f38d8c604acab14f856850cfa946afa3ae45b5c617ef2e7	benchmark or regression build/run/check dependency
benchmarks/reconstructed_fault/bp3_runtime/README.md	maintained benchmark	keep	8158	9905d38d20b5248d5f6619d12fe9e59ae0d75531b9559e0e336c75ecd132c9c6	benchmark or regression build/run/check dependency
benchmarks/reconstructed_fault/bp3_runtime/compare.py	maintained benchmark	keep	5235	5b05846202001e15da16da96dbddce7c33c6f52399194f283fe8cb03211f1ba7	benchmark or regression build/run/check dependency
benchmarks/reconstructed_fault/bp3_runtime/evidence/baseline-graded-np2.json	deliberate test reference	keep	639	37e6bdc71713e8a78cc9a7263eea50bcce242ea207f29ba57ef30fb2cbbb0a8d	compact qualification summary/provenance retained with regression
benchmarks/reconstructed_fault/bp3_runtime/evidence/baseline-graded-np2.log	generated/rebuildable artifact	untrack-keep-local	10541	0444074cc2d0095395c723dc129f48bab2cd012aba4f0435e389ecbda4942e80	completed run log/expanded input/export; archive exact bytes, retain local comparison paths
benchmarks/reconstructed_fault/bp3_runtime/evidence/baseline-graded-np2.prm	generated/rebuildable artifact	untrack-keep-local	7523	bdfcf2eb68112d4cedd3519ce7ca346274fb54adad7b377619092365507e4cc6	completed run log/expanded input/export; archive exact bytes, retain local comparison paths
benchmarks/reconstructed_fault/bp3_runtime/evidence/build-final.log	generated/rebuildable artifact	untrack-keep-local	176	d64b567ecced3ebdc9cdc734b8bdf56a81d38c804105143ce689e69c78fdbe88	completed run log/expanded input/export; archive exact bytes, retain local comparison paths
benchmarks/reconstructed_fault/bp3_runtime/evidence/build-mesh-guard.log	generated/rebuildable artifact	untrack-keep-local	177	794bd0b12da53641af162505e3919c1489d9bcb629da9529a9427149f17ef878	completed run log/expanded input/export; archive exact bytes, retain local comparison paths
benchmarks/reconstructed_fault/bp3_runtime/evidence/build-startup.log	generated/rebuildable artifact	untrack-keep-local	177	794bd0b12da53641af162505e3919c1489d9bcb629da9529a9427149f17ef878	completed run log/expanded input/export; archive exact bytes, retain local comparison paths
benchmarks/reconstructed_fault/bp3_runtime/evidence/build.log	generated/rebuildable artifact	untrack-keep-local	877	7585bb243427ef160f5b43a45d9c8d226fcd6205f71bec3198e9cc4424e1dcb4	completed run log/expanded input/export; archive exact bytes, retain local comparison paths
benchmarks/reconstructed_fault/bp3_runtime/evidence/configure.log	generated/rebuildable artifact	untrack-keep-local	875	f2e7fb0e16694001be0417c04c5d157e2b9b2c34656b1024bd9bc56e2debbb1b	completed run log/expanded input/export; archive exact bytes, retain local comparison paths
benchmarks/reconstructed_fault/bp3_runtime/evidence/create-np2.json	deliberate test reference	keep	629	c34109a926883a04a9c75e9ddc336f9588913af4c303d7348e13b00c27de46e3	compact qualification summary/provenance retained with regression
benchmarks/reconstructed_fault/bp3_runtime/evidence/create-np2.log	generated/rebuildable artifact	untrack-keep-local	9700	e4cacc4f33a839928d632fa4eea8c3858c744514b186c9e70b72da513a9192d2	completed run log/expanded input/export; archive exact bytes, retain local comparison paths
benchmarks/reconstructed_fault/bp3_runtime/evidence/create-np2.prm	generated/rebuildable artifact	untrack-keep-local	7332	12070730789e2cfea0628a7ef37d4f725fe7d83978f06a95d43c6bc58282d56f	completed run log/expanded input/export; archive exact bytes, retain local comparison paths
benchmarks/reconstructed_fault/bp3_runtime/evidence/dip-45-reverse-serial-np1.json	deliberate test reference	keep	644	26d8d37f213150f08c4a69027271e16fd506f07ad63df4c1793e319a721ccc96	compact qualification summary/provenance retained with regression
benchmarks/reconstructed_fault/bp3_runtime/evidence/dip-45-reverse-serial-np1.log	generated/rebuildable artifact	untrack-keep-local	10925	3ef5fc45f4b64d037dccc7dbb6fc6bf114b8415aaa4ccc21751b4b6e81ea6009	completed run log/expanded input/export; archive exact bytes, retain local comparison paths
benchmarks/reconstructed_fault/bp3_runtime/evidence/dip-45-reverse-serial-np1.prm	generated/rebuildable artifact	untrack-keep-local	7277	a40202ba1d4535fe85d157fa5a5ee4409739ebea21c48fcb3c9170acb16f4fc2	completed run log/expanded input/export; archive exact bytes, retain local comparison paths
benchmarks/reconstructed_fault/bp3_runtime/evidence/dip-45-serial-np1.json	deliberate test reference	keep	637	d95985fa9c7142a74812be7bc7ac1a8363bced719a3f8cedb42ad340321c38fd	compact qualification summary/provenance retained with regression
benchmarks/reconstructed_fault/bp3_runtime/evidence/dip-45-serial-np1.log	generated/rebuildable artifact	untrack-keep-local	5468	778774ccf5a0576153e3cf179830e2caa6668820739e9f54e60301ff916f11dd	completed run log/expanded input/export; archive exact bytes, retain local comparison paths
benchmarks/reconstructed_fault/bp3_runtime/evidence/dip-45-serial-np1.prm	generated/rebuildable artifact	untrack-keep-local	7261	70d17802ee0f7acb883485869b465a76ae8c0f5f1ef24786f0858a5e32f5fbd0	completed run log/expanded input/export; archive exact bytes, retain local comparison paths
benchmarks/reconstructed_fault/bp3_runtime/evidence/dip-45-serial-registered-np1.json	deliberate test reference	keep	637	007c13ddb15e56ee7577b468965aae0414142ca801a6fd65d44d588a49bb694c	compact qualification summary/provenance retained with regression
benchmarks/reconstructed_fault/bp3_runtime/evidence/dip-45-serial-registered-np1.log	generated/rebuildable artifact	untrack-keep-local	10877	92606252b34902db3d3529e62ecb505ada67d139129e7a5eff7baa9047876b91	completed run log/expanded input/export; archive exact bytes, retain local comparison paths
benchmarks/reconstructed_fault/bp3_runtime/evidence/dip-45-serial-registered-np1.prm	generated/rebuildable artifact	untrack-keep-local	7261	70d17802ee0f7acb883485869b465a76ae8c0f5f1ef24786f0858a5e32f5fbd0	completed run log/expanded input/export; archive exact bytes, retain local comparison paths
benchmarks/reconstructed_fault/bp3_runtime/evidence/dip-60-authorized-np1.json	deliberate test reference	keep	630	6dda02c1c058c95c098ee98136403ff7f74dbba164e8e86d51836396a47e3669	compact qualification summary/provenance retained with regression
benchmarks/reconstructed_fault/bp3_runtime/evidence/dip-60-authorized-np1.log	generated/rebuildable artifact	untrack-keep-local	10603	7d54f78ab3d8439adacb55c06c52ba908ecec8106925f42519213560ea422d85	completed run log/expanded input/export; archive exact bytes, retain local comparison paths
benchmarks/reconstructed_fault/bp3_runtime/evidence/dip-60-authorized-np1.prm	generated/rebuildable artifact	untrack-keep-local	7211	785220f86ba2c8a91fecba9db78e122ca2fdacea30dac4ff7fab6d079ba0ed4e	completed run log/expanded input/export; archive exact bytes, retain local comparison paths
benchmarks/reconstructed_fault/bp3_runtime/evidence/dip-60-final-np1.json	deliberate test reference	keep	636	0ef6d1c18c2474b83d915c26c522924810883a98bf50b5a1a76384264adcb629	compact qualification summary/provenance retained with regression
benchmarks/reconstructed_fault/bp3_runtime/evidence/dip-60-final-np1.log	generated/rebuildable artifact	untrack-keep-local	10888	44abaea8e56e3e03e51e0228440ab5f946d520906f1e625dba5fca26b78e43c2	completed run log/expanded input/export; archive exact bytes, retain local comparison paths
benchmarks/reconstructed_fault/bp3_runtime/evidence/dip-60-final-np1.prm	generated/rebuildable artifact	untrack-keep-local	7236	ef17ccad338aced6d418218252844cfe8b14c6f9c8ec9e88c7bef1e8c9a694d0	completed run log/expanded input/export; archive exact bytes, retain local comparison paths
benchmarks/reconstructed_fault/bp3_runtime/evidence/dip-60-matched-np2.json	deliberate test reference	keep	637	0443084170d6bf35871fcc3e2ea9f5754096bc89746c979c17367d059153fd7f	compact qualification summary/provenance retained with regression
benchmarks/reconstructed_fault/bp3_runtime/evidence/dip-60-matched-np2.log	generated/rebuildable artifact	untrack-keep-local	10979	ea7e0dec7b05fab1f851e33f920ae2c496b942b57f6ed54660f916a784a612ef	completed run log/expanded input/export; archive exact bytes, retain local comparison paths
benchmarks/reconstructed_fault/bp3_runtime/evidence/dip-60-matched-np2.prm	generated/rebuildable artifact	untrack-keep-local	7238	2aca2e78b69f875b801365dad210c411490a929afd087a0760bc7bc84c6efacb	completed run log/expanded input/export; archive exact bytes, retain local comparison paths
benchmarks/reconstructed_fault/bp3_runtime/evidence/dip-60-np1.json	deliberate test reference	keep	630	bcb7f4fc921967660c402e3988319d55ca1a6b9bdb89757e9879e0c951df2b51	compact qualification summary/provenance retained with regression
benchmarks/reconstructed_fault/bp3_runtime/evidence/dip-60-np1.log	generated/rebuildable artifact	untrack-keep-local	557	6e70405fc20e1d9359057c24ae881f75dff7028eac38393abf2a8bfbdfee7e69	completed run log/expanded input/export; archive exact bytes, retain local comparison paths
benchmarks/reconstructed_fault/bp3_runtime/evidence/dip-60-np1.prm	generated/rebuildable artifact	untrack-keep-local	7211	785220f86ba2c8a91fecba9db78e122ca2fdacea30dac4ff7fab6d079ba0ed4e	completed run log/expanded input/export; archive exact bytes, retain local comparison paths
benchmarks/reconstructed_fault/bp3_runtime/evidence/direct-np1.json	deliberate test reference	keep	629	cc08f46f88bdd58ffaa15acc68d9341ab4d6ea93fcba83bc34f5c954ad9a9c25	compact qualification summary/provenance retained with regression
benchmarks/reconstructed_fault/bp3_runtime/evidence/direct-np1.log	generated/rebuildable artifact	untrack-keep-local	9572	1de30e13a1d117557a95c2c4014278900c90df47110ebe250ed8e31b69ed2fd2	completed run log/expanded input/export; archive exact bytes, retain local comparison paths
benchmarks/reconstructed_fault/bp3_runtime/evidence/direct-np1.prm	generated/rebuildable artifact	untrack-keep-local	7235	63407480b1b867daef69bf1cbea1683c8c2d43048a51725743f5877dbc6064c8	completed run log/expanded input/export; archive exact bytes, retain local comparison paths
benchmarks/reconstructed_fault/bp3_runtime/evidence/direct2-np2.json	deliberate test reference	keep	624	802f5c7cfbcf1344b74045a04ff93285b06843f6be20e8573356a25270879f54	compact qualification summary/provenance retained with regression
benchmarks/reconstructed_fault/bp3_runtime/evidence/direct2-np2.log	generated/rebuildable artifact	untrack-keep-local	6859	128aa644ecc3f9aec72c49925fca7560f93cfd437d3630926ddfeb998ceb9ba8	completed run log/expanded input/export; archive exact bytes, retain local comparison paths
benchmarks/reconstructed_fault/bp3_runtime/evidence/direct2-np2.prm	generated/rebuildable artifact	untrack-keep-local	7402	2134ef1cdde2d4672805a868cc1084a8360fb8834669873ff00baebb73c9117f	completed run log/expanded input/export; archive exact bytes, retain local comparison paths
benchmarks/reconstructed_fault/bp3_runtime/evidence/heterogeneous-np1.json	deliberate test reference	keep	637	79557c729bbeb0a6e4abd753c038ed80a8ed25911c3b954aaca005609366f897	compact qualification summary/provenance retained with regression
benchmarks/reconstructed_fault/bp3_runtime/evidence/heterogeneous-np1.log	generated/rebuildable artifact	untrack-keep-local	5541	7c5499807fa62e8a8fde70b0d9fc2e6e4fa7607865af70cc7a10fdc8d3ca0b42	completed run log/expanded input/export; archive exact bytes, retain local comparison paths
benchmarks/reconstructed_fault/bp3_runtime/evidence/heterogeneous-np1.prm	generated/rebuildable artifact	untrack-keep-local	7055	16ee131e2fd265ef1cd0061d72526b3d418a724464e2a27b1c7442db78f55e72	completed run log/expanded input/export; archive exact bytes, retain local comparison paths
benchmarks/reconstructed_fault/bp3_runtime/evidence/legacy-rejected-np1.json	deliberate test reference	keep	637	093948f042404df5f3dab514ce406c556f9fd9247b1fa291d75413a0781d1549	compact qualification summary/provenance retained with regression
benchmarks/reconstructed_fault/bp3_runtime/evidence/legacy-rejected-np1.log	generated/rebuildable artifact	untrack-keep-local	5876	28659ea2b2c46aedfebceaf96015e4cba57719668a3910810d75e479ac0aad86	completed run log/expanded input/export; archive exact bytes, retain local comparison paths
benchmarks/reconstructed_fault/bp3_runtime/evidence/legacy-rejected-np1.prm	generated/rebuildable artifact	untrack-keep-local	7038	67d22f26eb96b18e448853276ed846c20f469ac18045ac96aac68f1c9aac45d4	completed run log/expanded input/export; archive exact bytes, retain local comparison paths
benchmarks/reconstructed_fault/bp3_runtime/evidence/model-only-np1.json	deliberate test reference	keep	633	7dbfbb8f15f02fd35157e0a35d0054453c7dc0c5ceab6ea9d120aa5bcbc82404	compact qualification summary/provenance retained with regression
benchmarks/reconstructed_fault/bp3_runtime/evidence/model-only-np1.log	generated/rebuildable artifact	untrack-keep-local	9139	a4cfd52e34a710fe41ff1b21c2f9c9ffb506397c73c58050621497ce2960d5cd	completed run log/expanded input/export; archive exact bytes, retain local comparison paths
benchmarks/reconstructed_fault/bp3_runtime/evidence/model-only-np1.prm	generated/rebuildable artifact	untrack-keep-local	7047	0961cea2a51b4d1e4711965e1d0556ae79f5053e500193335cf3e9449b44d950	completed run log/expanded input/export; archive exact bytes, retain local comparison paths
benchmarks/reconstructed_fault/bp3_runtime/evidence/observer-build-final.log	generated/rebuildable artifact	untrack-keep-local	560	64b380fe835ba67953bd4c988b50bfa3d2ee6949b96d0247879cd6ae0204bdbd	completed run log/expanded input/export; archive exact bytes, retain local comparison paths
benchmarks/reconstructed_fault/bp3_runtime/evidence/observer-build.log	generated/rebuildable artifact	untrack-keep-local	469	76bed4af4c35b4b2ea76e83230734615ca1a0a83c342c68c6bda4f7b64ef81cc	completed run log/expanded input/export; archive exact bytes, retain local comparison paths
benchmarks/reconstructed_fault/bp3_runtime/evidence/observer-configure.log	generated/rebuildable artifact	untrack-keep-local	887	aec9c564e96872867131faf9edd2bbef9fa0ab9cccd51964292ac40af5046b7a	completed run log/expanded input/export; archive exact bytes, retain local comparison paths
benchmarks/reconstructed_fault/bp3_runtime/evidence/observer-endpoint-build.log	generated/rebuildable artifact	untrack-keep-local	655	c4826d456653b929276fcb6168b8d0550585a00c739b3c51b1c8bc2aebed2c7d	completed run log/expanded input/export; archive exact bytes, retain local comparison paths
benchmarks/reconstructed_fault/bp3_runtime/evidence/resume-np2.json	deliberate test reference	keep	629	659a487165ffec4218b1d608be9a027c0a57e83735321d0a36b8b58372bc86a2	compact qualification summary/provenance retained with regression
benchmarks/reconstructed_fault/bp3_runtime/evidence/resume-np2.log	generated/rebuildable artifact	untrack-keep-local	6892	f0c5b037fcbfbc09fdc0a252fcf88d3857a1390c4278d05a93ec3a2e58862cba	completed run log/expanded input/export; archive exact bytes, retain local comparison paths
benchmarks/reconstructed_fault/bp3_runtime/evidence/resume-np2.prm	generated/rebuildable artifact	untrack-keep-local	7331	f66756c202604dbccf65d4114de3296a8d0986f8bc3a5361995ad1206602b6b4	completed run log/expanded input/export; archive exact bytes, retain local comparison paths
benchmarks/reconstructed_fault/bp3_runtime/evidence/retry-np1.json	deliberate test reference	keep	629	2e7bf8375a29ab22c78a76d7b77a7b31093d4cdd7d4d7d27db9ee7a6550b5a81	compact qualification summary/provenance retained with regression
benchmarks/reconstructed_fault/bp3_runtime/evidence/retry-np1.log	generated/rebuildable artifact	untrack-keep-local	10105	796a91e34bd7eaf0c1cfe18a49ca6defff33b8720981ef4e51fb15b83ba25694	completed run log/expanded input/export; archive exact bytes, retain local comparison paths
benchmarks/reconstructed_fault/bp3_runtime/evidence/retry-np1.prm	generated/rebuildable artifact	untrack-keep-local	7305	a7ce950d4810b0d34912d87c55fb7340c9930f8569ac18b73409dba496f480d4	completed run log/expanded input/export; archive exact bytes, retain local comparison paths
benchmarks/reconstructed_fault/bp3_runtime/evidence/retry2-np2.json	deliberate test reference	keep	629	37ad7b667fc557de66db61ee55b3e59b084d63bf6c2a659aec1bae69a8b4d543	compact qualification summary/provenance retained with regression
benchmarks/reconstructed_fault/bp3_runtime/evidence/retry2-np2.log	generated/rebuildable artifact	untrack-keep-local	7383	238ca62fd1d47fcff8858fc90e2cb5c2e7fb23641e590ce5b8b39334519c11c7	completed run log/expanded input/export; archive exact bytes, retain local comparison paths
benchmarks/reconstructed_fault/bp3_runtime/evidence/retry2-np2.prm	generated/rebuildable artifact	untrack-keep-local	7400	f3fa8c5f3d19d46607df65091f4991b8a272932caf11cd36b6eeafbde24781fb	completed run log/expanded input/export; archive exact bytes, retain local comparison paths
benchmarks/reconstructed_fault/bp3_runtime/evidence/small-45-np1.json	deliberate test reference	keep	631	85c14c4e182d171218cd176edf383ae5ed4fca8e6e84ec94b6021c2d5dbd6cef	compact qualification summary/provenance retained with regression
benchmarks/reconstructed_fault/bp3_runtime/evidence/small-45-np1.log	generated/rebuildable artifact	untrack-keep-local	7213	52de2c76d459b2b4924ecff2208a280e682cab447bc38d9460dd09e03a45b6e6	completed run log/expanded input/export; archive exact bytes, retain local comparison paths
benchmarks/reconstructed_fault/bp3_runtime/evidence/small-45-np1.prm	generated/rebuildable artifact	untrack-keep-local	7316	88fcd5727e2252406581a11c96afd51647e2b7518698e5d62aa5123cc2bd1b18	completed run log/expanded input/export; archive exact bytes, retain local comparison paths
benchmarks/reconstructed_fault/bp3_runtime/evidence/small-45-reverse-startup-np2.json	deliberate test reference	keep	647	b5933ee78e4f437c1e338b8868bab324cf64ba5ca7d222e75fb0ef3701ea9972	compact qualification summary/provenance retained with regression
benchmarks/reconstructed_fault/bp3_runtime/evidence/small-45-reverse-startup-np2.log	generated/rebuildable artifact	untrack-keep-local	10722	1913d5543b20520403472ce73f72884d0ff68dafb0fd368849e0060e4fca5a57	completed run log/expanded input/export; archive exact bytes, retain local comparison paths
benchmarks/reconstructed_fault/bp3_runtime/evidence/small-45-reverse-startup-np2.prm	generated/rebuildable artifact	untrack-keep-local	7340	f525611be368718a68ffeebc0fc8ef3777e015db6fa5c18ad5caf6a2fb51274c	completed run log/expanded input/export; archive exact bytes, retain local comparison paths
benchmarks/reconstructed_fault/bp3_runtime/evidence/small-45-startup-np1.json	deliberate test reference	keep	639	223bbee7187a3ebfa3f0320a524867292025521b7f033f60cb633ccc2a2e9b3f	compact qualification summary/provenance retained with regression
benchmarks/reconstructed_fault/bp3_runtime/evidence/small-45-startup-np1.log	generated/rebuildable artifact	untrack-keep-local	7019	163523df02e7d26dde4b2059903bbfd34ac94cddcd6966f9778a92ac7cfad7e0	completed run log/expanded input/export; archive exact bytes, retain local comparison paths
benchmarks/reconstructed_fault/bp3_runtime/evidence/small-45-startup-np1.prm	generated/rebuildable artifact	untrack-keep-local	7324	eb1f3baa71a2160039ad33d3fe56b4e3ee094c9b24e3698d0da2af8a061fce97	completed run log/expanded input/export; archive exact bytes, retain local comparison paths
benchmarks/reconstructed_fault/bp3_runtime/evidence/small-60-final-np2.json	deliberate test reference	keep	638	d44ac66f819fad4e378b8e3d97e1798a9af432137bb0336ceaccfa3797940f4a	compact qualification summary/provenance retained with regression
benchmarks/reconstructed_fault/bp3_runtime/evidence/small-60-final-np2.log	generated/rebuildable artifact	untrack-keep-local	11192	9320fd7bebc8f1d63c14002b17b6596393e5d3de8e1cdc70f96c2627b1aa1c80	completed run log/expanded input/export; archive exact bytes, retain local comparison paths
benchmarks/reconstructed_fault/bp3_runtime/evidence/small-60-final-np2.prm	generated/rebuildable artifact	untrack-keep-local	7322	30fcf2356e0f786b98466edb03a3394d6acc0646e3b264dcfb45625c67a1e5ae	completed run log/expanded input/export; archive exact bytes, retain local comparison paths
benchmarks/reconstructed_fault/bp3_runtime/evidence/small-60-mesh-np2.json	deliberate test reference	keep	636	96d8128960e394ef1b91a16aad52df8d8df32ae4de2f14ad8fc77c2625e1530d	compact qualification summary/provenance retained with regression
benchmarks/reconstructed_fault/bp3_runtime/evidence/small-60-mesh-np2.log	generated/rebuildable artifact	untrack-keep-local	8039	6037382288f83d300c4997a1a672831ebf734cdc0ccc9d0af711ae26d5cdfce6	completed run log/expanded input/export; archive exact bytes, retain local comparison paths
benchmarks/reconstructed_fault/bp3_runtime/evidence/small-60-mesh-np2.prm	generated/rebuildable artifact	untrack-keep-local	7256	6a57227ffcb1a8183ce6274f9b3deb6f40b3cac69197ff7a16442580ca69f393	completed run log/expanded input/export; archive exact bytes, retain local comparison paths
benchmarks/reconstructed_fault/bp3_runtime/evidence/small-60-np2.json	deliberate test reference	keep	632	9c1908711d1b0dd2e420ccfb135d7eb7e315f470974588a890fc629b9a28c587	compact qualification summary/provenance retained with regression
benchmarks/reconstructed_fault/bp3_runtime/evidence/small-60-np2.log	generated/rebuildable artifact	untrack-keep-local	8771	647fc4ba4edbb675b9c3b431273888b4aee6ff9de42819c783482199c99e9f0c	completed run log/expanded input/export; archive exact bytes, retain local comparison paths
benchmarks/reconstructed_fault/bp3_runtime/evidence/small-60-np2.prm	generated/rebuildable artifact	untrack-keep-local	7305	bb7ef7f004ef7210c3129123bb6eb8782c19a45c087efa2d395518b1c7ef8774	completed run log/expanded input/export; archive exact bytes, retain local comparison paths
benchmarks/reconstructed_fault/bp3_runtime/evidence/small-60-startup-np2.json	deliberate test reference	keep	639	baf6b47107e8f0490fd69f3f71a7fe109f5fb8f1e1c959be0b64598d56af2b16	compact qualification summary/provenance retained with regression
benchmarks/reconstructed_fault/bp3_runtime/evidence/small-60-startup-np2.log	generated/rebuildable artifact	untrack-keep-local	10702	bef1e490ae9e4503fbd32601d06665650125a21a2162940c0f511c39fcbe14f0	completed run log/expanded input/export; archive exact bytes, retain local comparison paths
benchmarks/reconstructed_fault/bp3_runtime/evidence/small-60-startup-np2.prm	generated/rebuildable artifact	untrack-keep-local	7324	fc87e906632a235be9b080a281935a592645a626afdb16348c9324f6869c753e	completed run log/expanded input/export; archive exact bytes, retain local comparison paths
benchmarks/reconstructed_fault/bp3_runtime/evidence/staggered-np2.json	deliberate test reference	keep	633	17dc4ea7c82ee9a1e3e6fb5f0b6803992533737afafd081afbc2cc7fe3923416	compact qualification summary/provenance retained with regression
benchmarks/reconstructed_fault/bp3_runtime/evidence/staggered-np2.log	generated/rebuildable artifact	untrack-keep-local	10949	41903cc4619c0d42887b59d0cd87ec94c8248db610c6a0630d483e41d76442c0	completed run log/expanded input/export; archive exact bytes, retain local comparison paths
benchmarks/reconstructed_fault/bp3_runtime/evidence/staggered-np2.prm	generated/rebuildable artifact	untrack-keep-local	7335	f0fe0aca6b82f53f8ba8b47b1b232595d6e5861a376875b28151bea6454a06ab	completed run log/expanded input/export; archive exact bytes, retain local comparison paths
benchmarks/reconstructed_fault/bp3_runtime/inputs/baseline-graded.prm	maintained benchmark	keep	7523	bdfcf2eb68112d4cedd3519ce7ca346274fb54adad7b377619092365507e4cc6	benchmark or regression build/run/check dependency
benchmarks/reconstructed_fault/bp3_runtime/inputs/create.prm	maintained benchmark	keep	7332	12070730789e2cfea0628a7ef37d4f725fe7d83978f06a95d43c6bc58282d56f	benchmark or regression build/run/check dependency
benchmarks/reconstructed_fault/bp3_runtime/inputs/diagnostic-generated-leaves.txt	maintained benchmark	keep	122856	09475df787cdeab07d7637d5de08df06cdb16ebf1a6c60eb1b71e82a30abd52a	benchmark or regression build/run/check dependency
benchmarks/reconstructed_fault/bp3_runtime/inputs/dip-45-reverse-serial.prm	maintained benchmark	keep	7277	a40202ba1d4535fe85d157fa5a5ee4409739ebea21c48fcb3c9170acb16f4fc2	benchmark or regression build/run/check dependency
benchmarks/reconstructed_fault/bp3_runtime/inputs/dip-45-serial.prm	maintained benchmark	keep	7261	70d17802ee0f7acb883485869b465a76ae8c0f5f1ef24786f0858a5e32f5fbd0	benchmark or regression build/run/check dependency
benchmarks/reconstructed_fault/bp3_runtime/inputs/dip-60-final.prm	maintained benchmark	keep	7236	ef17ccad338aced6d418218252844cfe8b14c6f9c8ec9e88c7bef1e8c9a694d0	benchmark or regression build/run/check dependency
benchmarks/reconstructed_fault/bp3_runtime/inputs/dip-60-matched.prm	maintained benchmark	keep	7238	2aca2e78b69f875b801365dad210c411490a929afd087a0760bc7bc84c6efacb	benchmark or regression build/run/check dependency
benchmarks/reconstructed_fault/bp3_runtime/inputs/dip-60.prm	maintained benchmark	keep	7230	258b3519ed05db329acb752930dc8ac30db68005be6cd0f2ca878db65ec88c56	benchmark or regression build/run/check dependency
benchmarks/reconstructed_fault/bp3_runtime/inputs/direct.prm	maintained benchmark	keep	7235	63407480b1b867daef69bf1cbea1683c8c2d43048a51725743f5877dbc6064c8	benchmark or regression build/run/check dependency
benchmarks/reconstructed_fault/bp3_runtime/inputs/direct2.prm	maintained benchmark	keep	7402	2134ef1cdde2d4672805a868cc1084a8360fb8834669873ff00baebb73c9117f	benchmark or regression build/run/check dependency
benchmarks/reconstructed_fault/bp3_runtime/inputs/fault.txt	maintained benchmark	keep	117	5460e34da479ef16e7dcc95f62669250a891ee8c969df5064dd3e4320bea4a24	benchmark or regression build/run/check dependency
benchmarks/reconstructed_fault/bp3_runtime/inputs/fault45-reverse.txt	maintained benchmark	keep	37	7958ba014256c6dee2f77feef8bf4137034dee442d1631c1bc52cac6bcf8e3e1	benchmark or regression build/run/check dependency
benchmarks/reconstructed_fault/bp3_runtime/inputs/fault45.txt	maintained benchmark	keep	103	faca04159b824072318408ffe97d5fcc2818ee0a33cb8d06f7cc4028d3f0f85d	benchmark or regression build/run/check dependency
benchmarks/reconstructed_fault/bp3_runtime/inputs/fault60.txt	maintained benchmark	keep	117	5460e34da479ef16e7dcc95f62669250a891ee8c969df5064dd3e4320bea4a24	benchmark or regression build/run/check dependency
benchmarks/reconstructed_fault/bp3_runtime/inputs/heterogeneous.prm	maintained benchmark	keep	7055	16ee131e2fd265ef1cd0061d72526b3d418a724464e2a27b1c7442db78f55e72	benchmark or regression build/run/check dependency
benchmarks/reconstructed_fault/bp3_runtime/inputs/legacy-rejected.prm	maintained benchmark	keep	7038	67d22f26eb96b18e448853276ed846c20f469ac18045ac96aac68f1c9aac45d4	benchmark or regression build/run/check dependency
benchmarks/reconstructed_fault/bp3_runtime/inputs/model-only.prm	maintained benchmark	keep	7047	0961cea2a51b4d1e4711965e1d0556ae79f5053e500193335cf3e9449b44d950	benchmark or regression build/run/check dependency
benchmarks/reconstructed_fault/bp3_runtime/inputs/mpi.prm	maintained benchmark	keep	7234	49b86955e04b242ddc52cffbe0f46c59aaa04ca3afc6c64f49f5008987787564	benchmark or regression build/run/check dependency
benchmarks/reconstructed_fault/bp3_runtime/inputs/resume.prm	maintained benchmark	keep	7331	f66756c202604dbccf65d4114de3296a8d0986f8bc3a5361995ad1206602b6b4	benchmark or regression build/run/check dependency
benchmarks/reconstructed_fault/bp3_runtime/inputs/retry.prm	maintained benchmark	keep	7305	a7ce950d4810b0d34912d87c55fb7340c9930f8569ac18b73409dba496f480d4	benchmark or regression build/run/check dependency
benchmarks/reconstructed_fault/bp3_runtime/inputs/retry2.prm	maintained benchmark	keep	7400	f3fa8c5f3d19d46607df65091f4991b8a272932caf11cd36b6eeafbde24781fb	benchmark or regression build/run/check dependency
benchmarks/reconstructed_fault/bp3_runtime/inputs/serial-fixed.prm	maintained benchmark	keep	7243	c95fd5fc81ae69ee854aad685fb38551dd8bfe04463d931898d6896b6334b5bc	benchmark or regression build/run/check dependency
benchmarks/reconstructed_fault/bp3_runtime/inputs/small-45-fault.txt	maintained benchmark	keep	54	03f7645fab894804a65e9bc19362f237c3502811efd57eab635e3baabcce54c3	benchmark or regression build/run/check dependency
benchmarks/reconstructed_fault/bp3_runtime/inputs/small-45-reverse-fault.txt	maintained benchmark	keep	54	390bb6dc882d81c1ae3d7f42ca6d218bcc844559a51303ab391cb0edcb3eafe9	benchmark or regression build/run/check dependency
benchmarks/reconstructed_fault/bp3_runtime/inputs/small-45-reverse-startup.prm	maintained benchmark	keep	7340	f525611be368718a68ffeebc0fc8ef3777e015db6fa5c18ad5caf6a2fb51274c	benchmark or regression build/run/check dependency
benchmarks/reconstructed_fault/bp3_runtime/inputs/small-45-reverse.prm	maintained benchmark	keep	7332	b5c66320bdaeaa72cda4f74f564b30b79a1f1936b63f8d90b390bf4756ae70b4	benchmark or regression build/run/check dependency
benchmarks/reconstructed_fault/bp3_runtime/inputs/small-45-startup.prm	maintained benchmark	keep	7324	eb1f3baa71a2160039ad33d3fe56b4e3ee094c9b24e3698d0da2af8a061fce97	benchmark or regression build/run/check dependency
benchmarks/reconstructed_fault/bp3_runtime/inputs/small-45.prm	maintained benchmark	keep	7316	622898aa320967c8109bd27dc26e7dfcf512cedaf1b15f11f8c97c67f58127f2	benchmark or regression build/run/check dependency
benchmarks/reconstructed_fault/bp3_runtime/inputs/small-60-fault.txt	maintained benchmark	keep	54	682f9dd74298e871b85cb010c200ae85c40f0fd42d2b97e77fa6b9f252105d9d	benchmark or regression build/run/check dependency
benchmarks/reconstructed_fault/bp3_runtime/inputs/small-60-final.prm	maintained benchmark	keep	7322	30fcf2356e0f786b98466edb03a3394d6acc0646e3b264dcfb45625c67a1e5ae	benchmark or regression build/run/check dependency
benchmarks/reconstructed_fault/bp3_runtime/inputs/small-60-mesh.prm	maintained benchmark	keep	7256	6a57227ffcb1a8183ce6274f9b3deb6f40b3cac69197ff7a16442580ca69f393	benchmark or regression build/run/check dependency
benchmarks/reconstructed_fault/bp3_runtime/inputs/small-60-startup.prm	maintained benchmark	keep	7324	fc87e906632a235be9b080a281935a592645a626afdb16348c9324f6869c753e	benchmark or regression build/run/check dependency
benchmarks/reconstructed_fault/bp3_runtime/inputs/small-60.prm	maintained benchmark	keep	7316	267cff4fd5c149c943ea8e574d2e2f2318971de0ef9ba121dc09d5ff8adbf532	benchmark or regression build/run/check dependency
benchmarks/reconstructed_fault/bp3_runtime/inputs/staggered.prm	maintained benchmark	keep	7335	f0fe0aca6b82f53f8ba8b47b1b232595d6e5861a376875b28151bea6454a06ab	benchmark or regression build/run/check dependency
benchmarks/reconstructed_fault/bp3_runtime/plugin/CMakeLists.txt	maintained benchmark	keep	499	eaf132401bfd2b7986dc4066537dd16dfcc02ddd29febb3703e6543a4465232f	benchmark or regression build/run/check dependency
benchmarks/reconstructed_fault/bp3_runtime/plugin/profile_check.cc	maintained benchmark	keep	4209	ed5b25f17c8c04ad686b0363f03961c87e1891017a3e7973a091191ffa8c703b	benchmark or regression build/run/check dependency
benchmarks/reconstructed_fault/bp3_runtime/prepare_baseline_mesh.py	maintained benchmark	keep	1421	0619e95d615bd33cdc99d5ced0a2c2df03a4c4108c9ec1336982f7ec9b888f4d	benchmark or regression build/run/check dependency
benchmarks/reconstructed_fault/bp3_runtime/prepare_inputs.py	maintained benchmark	keep	2523	a63e10afa2c3c67dcb83a2f2f9210dd759c1a16f5c54522b6db7e7d2cb627264	benchmark or regression build/run/check dependency
benchmarks/reconstructed_fault/bp3_runtime/prepare_model_only.py	maintained benchmark	keep	1024	550ece8cd8a1868a30d31c9fe1cc169e3b700f089c1f3258b1f3a457be5fc638	benchmark or regression build/run/check dependency
benchmarks/reconstructed_fault/bp3_runtime/prepare_restart.py	maintained benchmark	keep	571	e09bbb7161b1a7b3455715ff7d882f8edb6830c51a513768364d0685b1dc4606	benchmark or regression build/run/check dependency
benchmarks/reconstructed_fault/bp3_runtime/prepare_small.py	maintained benchmark	keep	2071	e08c652dc3e9b322a1c07938fb29e5b7dfbc1df506024fb7a6fdae2d77ecd1a4	benchmark or regression build/run/check dependency
benchmarks/reconstructed_fault/bp3_runtime/results/baseline-graded-mesh.json	deliberate test reference	keep	146	e346e6af6e0bda1314725648f6959be70261a0c3df68b006c9a1054e0997f373	compact qualification summary/provenance retained with regression
benchmarks/reconstructed_fault/bp3_runtime/results/comparison.json	deliberate test reference	keep	222599	679ecf136c44c463c8112fa86aad2c28cf106d9f755def39b952a7ec55c4a469	compact qualification summary/provenance retained with regression
benchmarks/reconstructed_fault/bp3_runtime/results/create/accepted_steps.csv	generated/rebuildable artifact	untrack-keep-local	734	fbf89d8e4eea4d29666fc7db2fc882c6d1ccf356ec1eb154cf4a55fd2a96a348	completed run log/expanded input/export; archive exact bytes, retain local comparison paths
benchmarks/reconstructed_fault/bp3_runtime/results/create/birth_H_rank0.csv	generated/rebuildable artifact	untrack-keep-local	1488	b019c92eb03a12cf5e8309122f2410f793ca40cb6e65b5c8aed3d0397bb6d5e5	completed run log/expanded input/export; archive exact bytes, retain local comparison paths
benchmarks/reconstructed_fault/bp3_runtime/results/create/birth_H_rank1.csv	generated/rebuildable artifact	untrack-keep-local	11367	3a9ce9aab6d19b569cb647bcaea8041025bcc763a9c24b4a2cdbda0b18b90297	completed run log/expanded input/export; archive exact bytes, retain local comparison paths
benchmarks/reconstructed_fault/bp3_runtime/results/create/fault_0.csv	generated/rebuildable artifact	untrack-keep-local	4429	281d30707268a00f7a0c6dc3570f135f8f91e602bcda9fc9df70fdf226b63cbe	completed run log/expanded input/export; archive exact bytes, retain local comparison paths
benchmarks/reconstructed_fault/bp3_runtime/results/create/fault_1.csv	generated/rebuildable artifact	untrack-keep-local	5169	4252a27bfd277029e6e532a86d0b2fdcc73bd917b9f998ca5efbc0378f4f4806	completed run log/expanded input/export; archive exact bytes, retain local comparison paths
benchmarks/reconstructed_fault/bp3_runtime/results/create/lifecycle_rank0.csv	generated/rebuildable artifact	untrack-keep-local	4400	b20d7594909784d82e6ce2d192728d6569248bd42bc441fda09aaf7017e70d02	completed run log/expanded input/export; archive exact bytes, retain local comparison paths
benchmarks/reconstructed_fault/bp3_runtime/results/create/lifecycle_rank1.csv	generated/rebuildable artifact	untrack-keep-local	4466	f7d7c93c8d2e2963b16fba432b58fc79e047e18f4ba93e04bcf72021c85fbfc3	completed run log/expanded input/export; archive exact bytes, retain local comparison paths
benchmarks/reconstructed_fault/bp3_runtime/results/create/loading_profile.csv	generated/rebuildable artifact	untrack-keep-local	151742	93b20d8480a6687f4daebc43e73b041b368311387c069b6a0e5e2481ae1fbab9	completed run log/expanded input/export; archive exact bytes, retain local comparison paths
benchmarks/reconstructed_fault/bp3_runtime/results/create/restored_growth.csv	generated/rebuildable artifact	untrack-keep-local	489	28f07c72740a25e766548203e33d7650591e7399a170d0694d56044e28709df8	completed run log/expanded input/export; archive exact bytes, retain local comparison paths
benchmarks/reconstructed_fault/bp3_runtime/results/create/rng-accepted-0-rank0.txt	generated/rebuildable artifact	untrack-keep-local	13381	673d418334697e7b2233a21601f14cda4c8172e7a827ac3cf19ef62cef92ab60	completed run log/expanded input/export; archive exact bytes, retain local comparison paths
benchmarks/reconstructed_fault/bp3_runtime/results/create/rng-accepted-0-rank1.txt	generated/rebuildable artifact	untrack-keep-local	13382	6f7257842c8ce628eecf81e191c9bb8de2faedd8a67d2dba7dfa94245e721fb4	completed run log/expanded input/export; archive exact bytes, retain local comparison paths
benchmarks/reconstructed_fault/bp3_runtime/results/create/rng-accepted-1-rank0.txt	generated/rebuildable artifact	untrack-keep-local	13371	f4e5f693c092647920a69299050747d5cea4a9c498c884b81fb8c794fc89ce46	completed run log/expanded input/export; archive exact bytes, retain local comparison paths
benchmarks/reconstructed_fault/bp3_runtime/results/create/rng-accepted-1-rank1.txt	generated/rebuildable artifact	untrack-keep-local	13373	f5f6aab1b955fb45bec2d814791b452f9b74cf64f792cc8fad83d0f705d0a55d	completed run log/expanded input/export; archive exact bytes, retain local comparison paths
benchmarks/reconstructed_fault/bp3_runtime/results/create/rng-backup-0-rank0.txt	generated/rebuildable artifact	untrack-keep-local	13381	673d418334697e7b2233a21601f14cda4c8172e7a827ac3cf19ef62cef92ab60	completed run log/expanded input/export; archive exact bytes, retain local comparison paths
benchmarks/reconstructed_fault/bp3_runtime/results/create/rng-backup-0-rank1.txt	generated/rebuildable artifact	untrack-keep-local	13382	6f7257842c8ce628eecf81e191c9bb8de2faedd8a67d2dba7dfa94245e721fb4	completed run log/expanded input/export; archive exact bytes, retain local comparison paths
benchmarks/reconstructed_fault/bp3_runtime/results/create/rng-backup-1-rank0.txt	generated/rebuildable artifact	untrack-keep-local	13381	673d418334697e7b2233a21601f14cda4c8172e7a827ac3cf19ef62cef92ab60	completed run log/expanded input/export; archive exact bytes, retain local comparison paths
benchmarks/reconstructed_fault/bp3_runtime/results/create/rng-backup-1-rank1.txt	generated/rebuildable artifact	untrack-keep-local	13382	6f7257842c8ce628eecf81e191c9bb8de2faedd8a67d2dba7dfa94245e721fb4	completed run log/expanded input/export; archive exact bytes, retain local comparison paths
benchmarks/reconstructed_fault/bp3_runtime/results/create/rng-checkpoint-1-rank0.txt	generated/rebuildable artifact	untrack-keep-local	13381	673d418334697e7b2233a21601f14cda4c8172e7a827ac3cf19ef62cef92ab60	completed run log/expanded input/export; archive exact bytes, retain local comparison paths
benchmarks/reconstructed_fault/bp3_runtime/results/create/rng-checkpoint-1-rank1.txt	generated/rebuildable artifact	untrack-keep-local	13382	6f7257842c8ce628eecf81e191c9bb8de2faedd8a67d2dba7dfa94245e721fb4	completed run log/expanded input/export; archive exact bytes, retain local comparison paths
benchmarks/reconstructed_fault/bp3_runtime/results/create/rng-checkpoint-2-rank0.txt	generated/rebuildable artifact	untrack-keep-local	13371	f4e5f693c092647920a69299050747d5cea4a9c498c884b81fb8c794fc89ce46	completed run log/expanded input/export; archive exact bytes, retain local comparison paths
benchmarks/reconstructed_fault/bp3_runtime/results/create/rng-checkpoint-2-rank1.txt	generated/rebuildable artifact	untrack-keep-local	13373	f5f6aab1b955fb45bec2d814791b452f9b74cf64f792cc8fad83d0f705d0a55d	completed run log/expanded input/export; archive exact bytes, retain local comparison paths
benchmarks/reconstructed_fault/bp3_runtime/results/create/rng-generated-0-rank0.txt	generated/rebuildable artifact	untrack-keep-local	13381	673d418334697e7b2233a21601f14cda4c8172e7a827ac3cf19ef62cef92ab60	completed run log/expanded input/export; archive exact bytes, retain local comparison paths
benchmarks/reconstructed_fault/bp3_runtime/results/create/rng-generated-0-rank1.txt	generated/rebuildable artifact	untrack-keep-local	13382	6f7257842c8ce628eecf81e191c9bb8de2faedd8a67d2dba7dfa94245e721fb4	completed run log/expanded input/export; archive exact bytes, retain local comparison paths
benchmarks/reconstructed_fault/bp3_runtime/results/create/rng-incoming-0-rank0.txt	generated/rebuildable artifact	untrack-keep-local	13381	673d418334697e7b2233a21601f14cda4c8172e7a827ac3cf19ef62cef92ab60	completed run log/expanded input/export; archive exact bytes, retain local comparison paths
benchmarks/reconstructed_fault/bp3_runtime/results/create/rng-incoming-0-rank1.txt	generated/rebuildable artifact	untrack-keep-local	13382	6f7257842c8ce628eecf81e191c9bb8de2faedd8a67d2dba7dfa94245e721fb4	completed run log/expanded input/export; archive exact bytes, retain local comparison paths
benchmarks/reconstructed_fault/bp3_runtime/results/create/rng-incoming-1-rank0.txt	generated/rebuildable artifact	untrack-keep-local	13371	f4e5f693c092647920a69299050747d5cea4a9c498c884b81fb8c794fc89ce46	completed run log/expanded input/export; archive exact bytes, retain local comparison paths
benchmarks/reconstructed_fault/bp3_runtime/results/create/rng-incoming-1-rank1.txt	generated/rebuildable artifact	untrack-keep-local	13373	f5f6aab1b955fb45bec2d814791b452f9b74cf64f792cc8fad83d0f705d0a55d	completed run log/expanded input/export; archive exact bytes, retain local comparison paths
benchmarks/reconstructed_fault/bp3_runtime/results/create/rng-managed-0-rank0.txt	generated/rebuildable artifact	untrack-keep-local	13381	673d418334697e7b2233a21601f14cda4c8172e7a827ac3cf19ef62cef92ab60	completed run log/expanded input/export; archive exact bytes, retain local comparison paths
benchmarks/reconstructed_fault/bp3_runtime/results/create/rng-managed-0-rank1.txt	generated/rebuildable artifact	untrack-keep-local	13382	6f7257842c8ce628eecf81e191c9bb8de2faedd8a67d2dba7dfa94245e721fb4	completed run log/expanded input/export; archive exact bytes, retain local comparison paths
benchmarks/reconstructed_fault/bp3_runtime/results/create/rng-managed-1-rank0.txt	generated/rebuildable artifact	untrack-keep-local	13371	f4e5f693c092647920a69299050747d5cea4a9c498c884b81fb8c794fc89ce46	completed run log/expanded input/export; archive exact bytes, retain local comparison paths
benchmarks/reconstructed_fault/bp3_runtime/results/create/rng-managed-1-rank1.txt	generated/rebuildable artifact	untrack-keep-local	13373	f5f6aab1b955fb45bec2d814791b452f9b74cf64f792cc8fad83d0f705d0a55d	completed run log/expanded input/export; archive exact bytes, retain local comparison paths
benchmarks/reconstructed_fault/bp3_runtime/results/create/rng-restored_before_advection-0-rank0.txt	generated/rebuildable artifact	untrack-keep-local	13381	673d418334697e7b2233a21601f14cda4c8172e7a827ac3cf19ef62cef92ab60	completed run log/expanded input/export; archive exact bytes, retain local comparison paths
benchmarks/reconstructed_fault/bp3_runtime/results/create/rng-restored_before_advection-0-rank1.txt	generated/rebuildable artifact	untrack-keep-local	13382	6f7257842c8ce628eecf81e191c9bb8de2faedd8a67d2dba7dfa94245e721fb4	completed run log/expanded input/export; archive exact bytes, retain local comparison paths
benchmarks/reconstructed_fault/bp3_runtime/results/create/rng-restored_before_advection-1-rank0.txt	generated/rebuildable artifact	untrack-keep-local	13381	673d418334697e7b2233a21601f14cda4c8172e7a827ac3cf19ef62cef92ab60	completed run log/expanded input/export; archive exact bytes, retain local comparison paths
benchmarks/reconstructed_fault/bp3_runtime/results/create/rng-restored_before_advection-1-rank1.txt	generated/rebuildable artifact	untrack-keep-local	13382	6f7257842c8ce628eecf81e191c9bb8de2faedd8a67d2dba7dfa94245e721fb4	completed run log/expanded input/export; archive exact bytes, retain local comparison paths
benchmarks/reconstructed_fault/bp3_runtime/results/dip-45-reverse-serial/accepted_steps.csv	generated/rebuildable artifact	untrack-keep-local	995	04af5b8438b4484148af474c69e23a82f56f471f538095502b8228bb9a345b73	completed run log/expanded input/export; archive exact bytes, retain local comparison paths
benchmarks/reconstructed_fault/bp3_runtime/results/dip-45-reverse-serial/birth_H_rank0.csv	generated/rebuildable artifact	untrack-keep-local	63	4edf601f7ed72fd2c0db25f50017087425f0ec6b3664b7a823c0c8536ae477ec	completed run log/expanded input/export; archive exact bytes, retain local comparison paths
benchmarks/reconstructed_fault/bp3_runtime/results/dip-45-reverse-serial/fault_0.csv	generated/rebuildable artifact	untrack-keep-local	5347	f272cc37ca34fd2743a80f74810be796e6f7d886b8d3c6e6de1ff11d9dfdee54	completed run log/expanded input/export; archive exact bytes, retain local comparison paths
benchmarks/reconstructed_fault/bp3_runtime/results/dip-45-reverse-serial/fault_1.csv	generated/rebuildable artifact	untrack-keep-local	6231	5ca0a3e2fc72ed4d192538b981c59e30b9127bb1c78f0169c566ec52dd6699cd	completed run log/expanded input/export; archive exact bytes, retain local comparison paths
benchmarks/reconstructed_fault/bp3_runtime/results/dip-45-reverse-serial/fault_2.csv	generated/rebuildable artifact	untrack-keep-local	6228	b376f0bc65a7118cc5377d803330b4ed27614c017a9b9c86ac25e0140fb2252a	completed run log/expanded input/export; archive exact bytes, retain local comparison paths
benchmarks/reconstructed_fault/bp3_runtime/results/dip-45-reverse-serial/lifecycle_rank0.csv	generated/rebuildable artifact	untrack-keep-local	6621	b5b0a91086b14951804a2ca1cdd0465f1937a62af8c645c137e9b671982fb17b	completed run log/expanded input/export; archive exact bytes, retain local comparison paths
benchmarks/reconstructed_fault/bp3_runtime/results/dip-45-reverse-serial/loading_profile.csv	generated/rebuildable artifact	untrack-keep-local	151742	93b20d8480a6687f4daebc43e73b041b368311387c069b6a0e5e2481ae1fbab9	completed run log/expanded input/export; archive exact bytes, retain local comparison paths
benchmarks/reconstructed_fault/bp3_runtime/results/dip-45-reverse-serial/restored_growth.csv	generated/rebuildable artifact	untrack-keep-local	670	1086dfcccac71ae44208962b728322fa7e623b4c93c3122d62d89ed3824266d2	completed run log/expanded input/export; archive exact bytes, retain local comparison paths
benchmarks/reconstructed_fault/bp3_runtime/results/dip-45-reverse-serial/rng-accepted-0-rank0.txt	generated/rebuildable artifact	untrack-keep-local	13381	673d418334697e7b2233a21601f14cda4c8172e7a827ac3cf19ef62cef92ab60	completed run log/expanded input/export; archive exact bytes, retain local comparison paths
benchmarks/reconstructed_fault/bp3_runtime/results/dip-45-reverse-serial/rng-accepted-1-rank0.txt	generated/rebuildable artifact	untrack-keep-local	13381	673d418334697e7b2233a21601f14cda4c8172e7a827ac3cf19ef62cef92ab60	completed run log/expanded input/export; archive exact bytes, retain local comparison paths
benchmarks/reconstructed_fault/bp3_runtime/results/dip-45-reverse-serial/rng-accepted-2-rank0.txt	generated/rebuildable artifact	untrack-keep-local	13381	673d418334697e7b2233a21601f14cda4c8172e7a827ac3cf19ef62cef92ab60	completed run log/expanded input/export; archive exact bytes, retain local comparison paths
benchmarks/reconstructed_fault/bp3_runtime/results/dip-45-reverse-serial/rng-backup-0-rank0.txt	generated/rebuildable artifact	untrack-keep-local	13381	673d418334697e7b2233a21601f14cda4c8172e7a827ac3cf19ef62cef92ab60	completed run log/expanded input/export; archive exact bytes, retain local comparison paths
benchmarks/reconstructed_fault/bp3_runtime/results/dip-45-reverse-serial/rng-backup-1-rank0.txt	generated/rebuildable artifact	untrack-keep-local	13381	673d418334697e7b2233a21601f14cda4c8172e7a827ac3cf19ef62cef92ab60	completed run log/expanded input/export; archive exact bytes, retain local comparison paths
benchmarks/reconstructed_fault/bp3_runtime/results/dip-45-reverse-serial/rng-backup-2-rank0.txt	generated/rebuildable artifact	untrack-keep-local	13381	673d418334697e7b2233a21601f14cda4c8172e7a827ac3cf19ef62cef92ab60	completed run log/expanded input/export; archive exact bytes, retain local comparison paths
benchmarks/reconstructed_fault/bp3_runtime/results/dip-45-reverse-serial/rng-checkpoint-1-rank0.txt	generated/rebuildable artifact	untrack-keep-local	13381	673d418334697e7b2233a21601f14cda4c8172e7a827ac3cf19ef62cef92ab60	completed run log/expanded input/export; archive exact bytes, retain local comparison paths
benchmarks/reconstructed_fault/bp3_runtime/results/dip-45-reverse-serial/rng-checkpoint-2-rank0.txt	generated/rebuildable artifact	untrack-keep-local	13381	673d418334697e7b2233a21601f14cda4c8172e7a827ac3cf19ef62cef92ab60	completed run log/expanded input/export; archive exact bytes, retain local comparison paths
benchmarks/reconstructed_fault/bp3_runtime/results/dip-45-reverse-serial/rng-checkpoint-3-rank0.txt	generated/rebuildable artifact	untrack-keep-local	13381	673d418334697e7b2233a21601f14cda4c8172e7a827ac3cf19ef62cef92ab60	completed run log/expanded input/export; archive exact bytes, retain local comparison paths
benchmarks/reconstructed_fault/bp3_runtime/results/dip-45-reverse-serial/rng-generated-0-rank0.txt	generated/rebuildable artifact	untrack-keep-local	13381	673d418334697e7b2233a21601f14cda4c8172e7a827ac3cf19ef62cef92ab60	completed run log/expanded input/export; archive exact bytes, retain local comparison paths
benchmarks/reconstructed_fault/bp3_runtime/results/dip-45-reverse-serial/rng-incoming-0-rank0.txt	generated/rebuildable artifact	untrack-keep-local	13381	673d418334697e7b2233a21601f14cda4c8172e7a827ac3cf19ef62cef92ab60	completed run log/expanded input/export; archive exact bytes, retain local comparison paths
benchmarks/reconstructed_fault/bp3_runtime/results/dip-45-reverse-serial/rng-incoming-1-rank0.txt	generated/rebuildable artifact	untrack-keep-local	13381	673d418334697e7b2233a21601f14cda4c8172e7a827ac3cf19ef62cef92ab60	completed run log/expanded input/export; archive exact bytes, retain local comparison paths
benchmarks/reconstructed_fault/bp3_runtime/results/dip-45-reverse-serial/rng-incoming-2-rank0.txt	generated/rebuildable artifact	untrack-keep-local	13381	673d418334697e7b2233a21601f14cda4c8172e7a827ac3cf19ef62cef92ab60	completed run log/expanded input/export; archive exact bytes, retain local comparison paths
benchmarks/reconstructed_fault/bp3_runtime/results/dip-45-reverse-serial/rng-managed-0-rank0.txt	generated/rebuildable artifact	untrack-keep-local	13381	673d418334697e7b2233a21601f14cda4c8172e7a827ac3cf19ef62cef92ab60	completed run log/expanded input/export; archive exact bytes, retain local comparison paths
benchmarks/reconstructed_fault/bp3_runtime/results/dip-45-reverse-serial/rng-managed-1-rank0.txt	generated/rebuildable artifact	untrack-keep-local	13381	673d418334697e7b2233a21601f14cda4c8172e7a827ac3cf19ef62cef92ab60	completed run log/expanded input/export; archive exact bytes, retain local comparison paths
benchmarks/reconstructed_fault/bp3_runtime/results/dip-45-reverse-serial/rng-managed-2-rank0.txt	generated/rebuildable artifact	untrack-keep-local	13381	673d418334697e7b2233a21601f14cda4c8172e7a827ac3cf19ef62cef92ab60	completed run log/expanded input/export; archive exact bytes, retain local comparison paths
benchmarks/reconstructed_fault/bp3_runtime/results/dip-45-reverse-serial/rng-restored_before_advection-0-rank0.txt	generated/rebuildable artifact	untrack-keep-local	13381	673d418334697e7b2233a21601f14cda4c8172e7a827ac3cf19ef62cef92ab60	completed run log/expanded input/export; archive exact bytes, retain local comparison paths
benchmarks/reconstructed_fault/bp3_runtime/results/dip-45-reverse-serial/rng-restored_before_advection-1-rank0.txt	generated/rebuildable artifact	untrack-keep-local	13381	673d418334697e7b2233a21601f14cda4c8172e7a827ac3cf19ef62cef92ab60	completed run log/expanded input/export; archive exact bytes, retain local comparison paths
benchmarks/reconstructed_fault/bp3_runtime/results/dip-45-reverse-serial/rng-restored_before_advection-2-rank0.txt	generated/rebuildable artifact	untrack-keep-local	13381	673d418334697e7b2233a21601f14cda4c8172e7a827ac3cf19ef62cef92ab60	completed run log/expanded input/export; archive exact bytes, retain local comparison paths
benchmarks/reconstructed_fault/bp3_runtime/results/dip-45-serial/accepted_steps.csv	generated/rebuildable artifact	untrack-keep-local	998	877bb00239a8ca33e0b3010a57289b40216ba4ebd7f2a406f9ba6515ea91dbd9	completed run log/expanded input/export; archive exact bytes, retain local comparison paths
benchmarks/reconstructed_fault/bp3_runtime/results/dip-45-serial/birth_H_rank0.csv	generated/rebuildable artifact	untrack-keep-local	63	4edf601f7ed72fd2c0db25f50017087425f0ec6b3664b7a823c0c8536ae477ec	completed run log/expanded input/export; archive exact bytes, retain local comparison paths
benchmarks/reconstructed_fault/bp3_runtime/results/dip-45-serial/fault_0.csv	generated/rebuildable artifact	untrack-keep-local	5354	e646ac86963266debcb302c7a027d64419d6cea6afab31d6b4c16fe70a42f282	completed run log/expanded input/export; archive exact bytes, retain local comparison paths
benchmarks/reconstructed_fault/bp3_runtime/results/dip-45-serial/fault_1.csv	generated/rebuildable artifact	untrack-keep-local	6231	bfe9fd0d2c2d4e642a653e31bd497807d11291e6d2f2cdfc2057cfc304cf5822	completed run log/expanded input/export; archive exact bytes, retain local comparison paths
benchmarks/reconstructed_fault/bp3_runtime/results/dip-45-serial/fault_2.csv	generated/rebuildable artifact	untrack-keep-local	6227	d442ea6e6aa51a930ce63755f158fb2bb8466c84ed604308e6da58c95b4ba97b	completed run log/expanded input/export; archive exact bytes, retain local comparison paths
benchmarks/reconstructed_fault/bp3_runtime/results/dip-45-serial/lifecycle_rank0.csv	generated/rebuildable artifact	untrack-keep-local	6631	8890ee38cbbdcf5a737eff0fbb296622a4454fdbfc833b7f309c562ac0aeed21	completed run log/expanded input/export; archive exact bytes, retain local comparison paths
benchmarks/reconstructed_fault/bp3_runtime/results/dip-45-serial/loading_profile.csv	generated/rebuildable artifact	untrack-keep-local	151742	93b20d8480a6687f4daebc43e73b041b368311387c069b6a0e5e2481ae1fbab9	completed run log/expanded input/export; archive exact bytes, retain local comparison paths
benchmarks/reconstructed_fault/bp3_runtime/results/dip-45-serial/restored_growth.csv	generated/rebuildable artifact	untrack-keep-local	667	ec42c66ca01850e038746494dccde6a59af027eb8f2581b0846588751ed4d2b8	completed run log/expanded input/export; archive exact bytes, retain local comparison paths
benchmarks/reconstructed_fault/bp3_runtime/results/dip-45-serial/rng-accepted-0-rank0.txt	generated/rebuildable artifact	untrack-keep-local	13381	673d418334697e7b2233a21601f14cda4c8172e7a827ac3cf19ef62cef92ab60	completed run log/expanded input/export; archive exact bytes, retain local comparison paths
benchmarks/reconstructed_fault/bp3_runtime/results/dip-45-serial/rng-accepted-1-rank0.txt	generated/rebuildable artifact	untrack-keep-local	13381	673d418334697e7b2233a21601f14cda4c8172e7a827ac3cf19ef62cef92ab60	completed run log/expanded input/export; archive exact bytes, retain local comparison paths
benchmarks/reconstructed_fault/bp3_runtime/results/dip-45-serial/rng-accepted-2-rank0.txt	generated/rebuildable artifact	untrack-keep-local	13381	673d418334697e7b2233a21601f14cda4c8172e7a827ac3cf19ef62cef92ab60	completed run log/expanded input/export; archive exact bytes, retain local comparison paths
benchmarks/reconstructed_fault/bp3_runtime/results/dip-45-serial/rng-backup-0-rank0.txt	generated/rebuildable artifact	untrack-keep-local	13381	673d418334697e7b2233a21601f14cda4c8172e7a827ac3cf19ef62cef92ab60	completed run log/expanded input/export; archive exact bytes, retain local comparison paths
benchmarks/reconstructed_fault/bp3_runtime/results/dip-45-serial/rng-backup-1-rank0.txt	generated/rebuildable artifact	untrack-keep-local	13381	673d418334697e7b2233a21601f14cda4c8172e7a827ac3cf19ef62cef92ab60	completed run log/expanded input/export; archive exact bytes, retain local comparison paths
benchmarks/reconstructed_fault/bp3_runtime/results/dip-45-serial/rng-backup-2-rank0.txt	generated/rebuildable artifact	untrack-keep-local	13381	673d418334697e7b2233a21601f14cda4c8172e7a827ac3cf19ef62cef92ab60	completed run log/expanded input/export; archive exact bytes, retain local comparison paths
benchmarks/reconstructed_fault/bp3_runtime/results/dip-45-serial/rng-checkpoint-1-rank0.txt	generated/rebuildable artifact	untrack-keep-local	13381	673d418334697e7b2233a21601f14cda4c8172e7a827ac3cf19ef62cef92ab60	completed run log/expanded input/export; archive exact bytes, retain local comparison paths
benchmarks/reconstructed_fault/bp3_runtime/results/dip-45-serial/rng-checkpoint-2-rank0.txt	generated/rebuildable artifact	untrack-keep-local	13381	673d418334697e7b2233a21601f14cda4c8172e7a827ac3cf19ef62cef92ab60	completed run log/expanded input/export; archive exact bytes, retain local comparison paths
benchmarks/reconstructed_fault/bp3_runtime/results/dip-45-serial/rng-checkpoint-3-rank0.txt	generated/rebuildable artifact	untrack-keep-local	13381	673d418334697e7b2233a21601f14cda4c8172e7a827ac3cf19ef62cef92ab60	completed run log/expanded input/export; archive exact bytes, retain local comparison paths
benchmarks/reconstructed_fault/bp3_runtime/results/dip-45-serial/rng-generated-0-rank0.txt	generated/rebuildable artifact	untrack-keep-local	13381	673d418334697e7b2233a21601f14cda4c8172e7a827ac3cf19ef62cef92ab60	completed run log/expanded input/export; archive exact bytes, retain local comparison paths
benchmarks/reconstructed_fault/bp3_runtime/results/dip-45-serial/rng-incoming-0-rank0.txt	generated/rebuildable artifact	untrack-keep-local	13381	673d418334697e7b2233a21601f14cda4c8172e7a827ac3cf19ef62cef92ab60	completed run log/expanded input/export; archive exact bytes, retain local comparison paths
benchmarks/reconstructed_fault/bp3_runtime/results/dip-45-serial/rng-incoming-1-rank0.txt	generated/rebuildable artifact	untrack-keep-local	13381	673d418334697e7b2233a21601f14cda4c8172e7a827ac3cf19ef62cef92ab60	completed run log/expanded input/export; archive exact bytes, retain local comparison paths
benchmarks/reconstructed_fault/bp3_runtime/results/dip-45-serial/rng-incoming-2-rank0.txt	generated/rebuildable artifact	untrack-keep-local	13381	673d418334697e7b2233a21601f14cda4c8172e7a827ac3cf19ef62cef92ab60	completed run log/expanded input/export; archive exact bytes, retain local comparison paths
benchmarks/reconstructed_fault/bp3_runtime/results/dip-45-serial/rng-managed-0-rank0.txt	generated/rebuildable artifact	untrack-keep-local	13381	673d418334697e7b2233a21601f14cda4c8172e7a827ac3cf19ef62cef92ab60	completed run log/expanded input/export; archive exact bytes, retain local comparison paths
benchmarks/reconstructed_fault/bp3_runtime/results/dip-45-serial/rng-managed-1-rank0.txt	generated/rebuildable artifact	untrack-keep-local	13381	673d418334697e7b2233a21601f14cda4c8172e7a827ac3cf19ef62cef92ab60	completed run log/expanded input/export; archive exact bytes, retain local comparison paths
benchmarks/reconstructed_fault/bp3_runtime/results/dip-45-serial/rng-managed-2-rank0.txt	generated/rebuildable artifact	untrack-keep-local	13381	673d418334697e7b2233a21601f14cda4c8172e7a827ac3cf19ef62cef92ab60	completed run log/expanded input/export; archive exact bytes, retain local comparison paths
benchmarks/reconstructed_fault/bp3_runtime/results/dip-45-serial/rng-restored_before_advection-0-rank0.txt	generated/rebuildable artifact	untrack-keep-local	13381	673d418334697e7b2233a21601f14cda4c8172e7a827ac3cf19ef62cef92ab60	completed run log/expanded input/export; archive exact bytes, retain local comparison paths
benchmarks/reconstructed_fault/bp3_runtime/results/dip-45-serial/rng-restored_before_advection-1-rank0.txt	generated/rebuildable artifact	untrack-keep-local	13381	673d418334697e7b2233a21601f14cda4c8172e7a827ac3cf19ef62cef92ab60	completed run log/expanded input/export; archive exact bytes, retain local comparison paths
benchmarks/reconstructed_fault/bp3_runtime/results/dip-45-serial/rng-restored_before_advection-2-rank0.txt	generated/rebuildable artifact	untrack-keep-local	13381	673d418334697e7b2233a21601f14cda4c8172e7a827ac3cf19ef62cef92ab60	completed run log/expanded input/export; archive exact bytes, retain local comparison paths
benchmarks/reconstructed_fault/bp3_runtime/results/dip-60-matched/accepted_steps.csv	generated/rebuildable artifact	untrack-keep-local	994	98b06352e6a260414cd4ae3f741d47db64f39d164cbcca8ee7ea7036afb8f98e	completed run log/expanded input/export; archive exact bytes, retain local comparison paths
benchmarks/reconstructed_fault/bp3_runtime/results/dip-60-matched/birth_H_rank0.csv	generated/rebuildable artifact	untrack-keep-local	63	4edf601f7ed72fd2c0db25f50017087425f0ec6b3664b7a823c0c8536ae477ec	completed run log/expanded input/export; archive exact bytes, retain local comparison paths
benchmarks/reconstructed_fault/bp3_runtime/results/dip-60-matched/birth_H_rank1.csv	generated/rebuildable artifact	untrack-keep-local	63	4edf601f7ed72fd2c0db25f50017087425f0ec6b3664b7a823c0c8536ae477ec	completed run log/expanded input/export; archive exact bytes, retain local comparison paths
benchmarks/reconstructed_fault/bp3_runtime/results/dip-60-matched/fault_0.csv	generated/rebuildable artifact	untrack-keep-local	4429	281d30707268a00f7a0c6dc3570f135f8f91e602bcda9fc9df70fdf226b63cbe	completed run log/expanded input/export; archive exact bytes, retain local comparison paths
benchmarks/reconstructed_fault/bp3_runtime/results/dip-60-matched/fault_1.csv	generated/rebuildable artifact	untrack-keep-local	5169	4252a27bfd277029e6e532a86d0b2fdcc73bd917b9f998ca5efbc0378f4f4806	completed run log/expanded input/export; archive exact bytes, retain local comparison paths
benchmarks/reconstructed_fault/bp3_runtime/results/dip-60-matched/fault_2.csv	generated/rebuildable artifact	untrack-keep-local	5191	d9d76bd0176a56441c24d53aa528d9426ff221562dd34768c4211beb8118bd5c	completed run log/expanded input/export; archive exact bytes, retain local comparison paths
benchmarks/reconstructed_fault/bp3_runtime/results/dip-60-matched/lifecycle_rank0.csv	generated/rebuildable artifact	untrack-keep-local	6562	1f1829a6224fcc053f7ac82eaa07bbb19fa75c6835b13108058eec8e2462e109	completed run log/expanded input/export; archive exact bytes, retain local comparison paths
benchmarks/reconstructed_fault/bp3_runtime/results/dip-60-matched/lifecycle_rank1.csv	generated/rebuildable artifact	untrack-keep-local	6633	00dc9ff33052148329bc319ce1d85c6af783207503ab04a06d8f4b734f1d9521	completed run log/expanded input/export; archive exact bytes, retain local comparison paths
benchmarks/reconstructed_fault/bp3_runtime/results/dip-60-matched/loading_profile.csv	generated/rebuildable artifact	untrack-keep-local	151742	93b20d8480a6687f4daebc43e73b041b368311387c069b6a0e5e2481ae1fbab9	completed run log/expanded input/export; archive exact bytes, retain local comparison paths
benchmarks/reconstructed_fault/bp3_runtime/results/dip-60-matched/restored_growth.csv	generated/rebuildable artifact	untrack-keep-local	675	fd31ddc4b2ca6eebafe4bf60e6527d475969553ded76ab6ddc8c8ae59a87524e	completed run log/expanded input/export; archive exact bytes, retain local comparison paths
benchmarks/reconstructed_fault/bp3_runtime/results/dip-60-matched/rng-accepted-0-rank0.txt	generated/rebuildable artifact	untrack-keep-local	13381	673d418334697e7b2233a21601f14cda4c8172e7a827ac3cf19ef62cef92ab60	completed run log/expanded input/export; archive exact bytes, retain local comparison paths
benchmarks/reconstructed_fault/bp3_runtime/results/dip-60-matched/rng-accepted-0-rank1.txt	generated/rebuildable artifact	untrack-keep-local	13382	6f7257842c8ce628eecf81e191c9bb8de2faedd8a67d2dba7dfa94245e721fb4	completed run log/expanded input/export; archive exact bytes, retain local comparison paths
benchmarks/reconstructed_fault/bp3_runtime/results/dip-60-matched/rng-accepted-1-rank0.txt	generated/rebuildable artifact	untrack-keep-local	13381	673d418334697e7b2233a21601f14cda4c8172e7a827ac3cf19ef62cef92ab60	completed run log/expanded input/export; archive exact bytes, retain local comparison paths
benchmarks/reconstructed_fault/bp3_runtime/results/dip-60-matched/rng-accepted-1-rank1.txt	generated/rebuildable artifact	untrack-keep-local	13382	6f7257842c8ce628eecf81e191c9bb8de2faedd8a67d2dba7dfa94245e721fb4	completed run log/expanded input/export; archive exact bytes, retain local comparison paths
benchmarks/reconstructed_fault/bp3_runtime/results/dip-60-matched/rng-accepted-2-rank0.txt	generated/rebuildable artifact	untrack-keep-local	13381	673d418334697e7b2233a21601f14cda4c8172e7a827ac3cf19ef62cef92ab60	completed run log/expanded input/export; archive exact bytes, retain local comparison paths
benchmarks/reconstructed_fault/bp3_runtime/results/dip-60-matched/rng-accepted-2-rank1.txt	generated/rebuildable artifact	untrack-keep-local	13382	6f7257842c8ce628eecf81e191c9bb8de2faedd8a67d2dba7dfa94245e721fb4	completed run log/expanded input/export; archive exact bytes, retain local comparison paths
benchmarks/reconstructed_fault/bp3_runtime/results/dip-60-matched/rng-backup-0-rank0.txt	generated/rebuildable artifact	untrack-keep-local	13381	673d418334697e7b2233a21601f14cda4c8172e7a827ac3cf19ef62cef92ab60	completed run log/expanded input/export; archive exact bytes, retain local comparison paths
benchmarks/reconstructed_fault/bp3_runtime/results/dip-60-matched/rng-backup-0-rank1.txt	generated/rebuildable artifact	untrack-keep-local	13382	6f7257842c8ce628eecf81e191c9bb8de2faedd8a67d2dba7dfa94245e721fb4	completed run log/expanded input/export; archive exact bytes, retain local comparison paths
benchmarks/reconstructed_fault/bp3_runtime/results/dip-60-matched/rng-backup-1-rank0.txt	generated/rebuildable artifact	untrack-keep-local	13381	673d418334697e7b2233a21601f14cda4c8172e7a827ac3cf19ef62cef92ab60	completed run log/expanded input/export; archive exact bytes, retain local comparison paths
benchmarks/reconstructed_fault/bp3_runtime/results/dip-60-matched/rng-backup-1-rank1.txt	generated/rebuildable artifact	untrack-keep-local	13382	6f7257842c8ce628eecf81e191c9bb8de2faedd8a67d2dba7dfa94245e721fb4	completed run log/expanded input/export; archive exact bytes, retain local comparison paths
benchmarks/reconstructed_fault/bp3_runtime/results/dip-60-matched/rng-backup-2-rank0.txt	generated/rebuildable artifact	untrack-keep-local	13381	673d418334697e7b2233a21601f14cda4c8172e7a827ac3cf19ef62cef92ab60	completed run log/expanded input/export; archive exact bytes, retain local comparison paths
benchmarks/reconstructed_fault/bp3_runtime/results/dip-60-matched/rng-backup-2-rank1.txt	generated/rebuildable artifact	untrack-keep-local	13382	6f7257842c8ce628eecf81e191c9bb8de2faedd8a67d2dba7dfa94245e721fb4	completed run log/expanded input/export; archive exact bytes, retain local comparison paths
benchmarks/reconstructed_fault/bp3_runtime/results/dip-60-matched/rng-checkpoint-1-rank0.txt	generated/rebuildable artifact	untrack-keep-local	13381	673d418334697e7b2233a21601f14cda4c8172e7a827ac3cf19ef62cef92ab60	completed run log/expanded input/export; archive exact bytes, retain local comparison paths
benchmarks/reconstructed_fault/bp3_runtime/results/dip-60-matched/rng-checkpoint-1-rank1.txt	generated/rebuildable artifact	untrack-keep-local	13382	6f7257842c8ce628eecf81e191c9bb8de2faedd8a67d2dba7dfa94245e721fb4	completed run log/expanded input/export; archive exact bytes, retain local comparison paths
benchmarks/reconstructed_fault/bp3_runtime/results/dip-60-matched/rng-checkpoint-2-rank0.txt	generated/rebuildable artifact	untrack-keep-local	13381	673d418334697e7b2233a21601f14cda4c8172e7a827ac3cf19ef62cef92ab60	completed run log/expanded input/export; archive exact bytes, retain local comparison paths
benchmarks/reconstructed_fault/bp3_runtime/results/dip-60-matched/rng-checkpoint-2-rank1.txt	generated/rebuildable artifact	untrack-keep-local	13382	6f7257842c8ce628eecf81e191c9bb8de2faedd8a67d2dba7dfa94245e721fb4	completed run log/expanded input/export; archive exact bytes, retain local comparison paths
benchmarks/reconstructed_fault/bp3_runtime/results/dip-60-matched/rng-checkpoint-3-rank0.txt	generated/rebuildable artifact	untrack-keep-local	13381	673d418334697e7b2233a21601f14cda4c8172e7a827ac3cf19ef62cef92ab60	completed run log/expanded input/export; archive exact bytes, retain local comparison paths
benchmarks/reconstructed_fault/bp3_runtime/results/dip-60-matched/rng-checkpoint-3-rank1.txt	generated/rebuildable artifact	untrack-keep-local	13382	6f7257842c8ce628eecf81e191c9bb8de2faedd8a67d2dba7dfa94245e721fb4	completed run log/expanded input/export; archive exact bytes, retain local comparison paths
benchmarks/reconstructed_fault/bp3_runtime/results/dip-60-matched/rng-generated-0-rank0.txt	generated/rebuildable artifact	untrack-keep-local	13381	673d418334697e7b2233a21601f14cda4c8172e7a827ac3cf19ef62cef92ab60	completed run log/expanded input/export; archive exact bytes, retain local comparison paths
benchmarks/reconstructed_fault/bp3_runtime/results/dip-60-matched/rng-generated-0-rank1.txt	generated/rebuildable artifact	untrack-keep-local	13382	6f7257842c8ce628eecf81e191c9bb8de2faedd8a67d2dba7dfa94245e721fb4	completed run log/expanded input/export; archive exact bytes, retain local comparison paths
benchmarks/reconstructed_fault/bp3_runtime/results/dip-60-matched/rng-incoming-0-rank0.txt	generated/rebuildable artifact	untrack-keep-local	13381	673d418334697e7b2233a21601f14cda4c8172e7a827ac3cf19ef62cef92ab60	completed run log/expanded input/export; archive exact bytes, retain local comparison paths
benchmarks/reconstructed_fault/bp3_runtime/results/dip-60-matched/rng-incoming-0-rank1.txt	generated/rebuildable artifact	untrack-keep-local	13382	6f7257842c8ce628eecf81e191c9bb8de2faedd8a67d2dba7dfa94245e721fb4	completed run log/expanded input/export; archive exact bytes, retain local comparison paths
benchmarks/reconstructed_fault/bp3_runtime/results/dip-60-matched/rng-incoming-1-rank0.txt	generated/rebuildable artifact	untrack-keep-local	13381	673d418334697e7b2233a21601f14cda4c8172e7a827ac3cf19ef62cef92ab60	completed run log/expanded input/export; archive exact bytes, retain local comparison paths
benchmarks/reconstructed_fault/bp3_runtime/results/dip-60-matched/rng-incoming-1-rank1.txt	generated/rebuildable artifact	untrack-keep-local	13382	6f7257842c8ce628eecf81e191c9bb8de2faedd8a67d2dba7dfa94245e721fb4	completed run log/expanded input/export; archive exact bytes, retain local comparison paths
benchmarks/reconstructed_fault/bp3_runtime/results/dip-60-matched/rng-incoming-2-rank0.txt	generated/rebuildable artifact	untrack-keep-local	13381	673d418334697e7b2233a21601f14cda4c8172e7a827ac3cf19ef62cef92ab60	completed run log/expanded input/export; archive exact bytes, retain local comparison paths
benchmarks/reconstructed_fault/bp3_runtime/results/dip-60-matched/rng-incoming-2-rank1.txt	generated/rebuildable artifact	untrack-keep-local	13382	6f7257842c8ce628eecf81e191c9bb8de2faedd8a67d2dba7dfa94245e721fb4	completed run log/expanded input/export; archive exact bytes, retain local comparison paths
benchmarks/reconstructed_fault/bp3_runtime/results/dip-60-matched/rng-managed-0-rank0.txt	generated/rebuildable artifact	untrack-keep-local	13381	673d418334697e7b2233a21601f14cda4c8172e7a827ac3cf19ef62cef92ab60	completed run log/expanded input/export; archive exact bytes, retain local comparison paths
benchmarks/reconstructed_fault/bp3_runtime/results/dip-60-matched/rng-managed-0-rank1.txt	generated/rebuildable artifact	untrack-keep-local	13382	6f7257842c8ce628eecf81e191c9bb8de2faedd8a67d2dba7dfa94245e721fb4	completed run log/expanded input/export; archive exact bytes, retain local comparison paths
benchmarks/reconstructed_fault/bp3_runtime/results/dip-60-matched/rng-managed-1-rank0.txt	generated/rebuildable artifact	untrack-keep-local	13381	673d418334697e7b2233a21601f14cda4c8172e7a827ac3cf19ef62cef92ab60	completed run log/expanded input/export; archive exact bytes, retain local comparison paths
benchmarks/reconstructed_fault/bp3_runtime/results/dip-60-matched/rng-managed-1-rank1.txt	generated/rebuildable artifact	untrack-keep-local	13382	6f7257842c8ce628eecf81e191c9bb8de2faedd8a67d2dba7dfa94245e721fb4	completed run log/expanded input/export; archive exact bytes, retain local comparison paths
benchmarks/reconstructed_fault/bp3_runtime/results/dip-60-matched/rng-managed-2-rank0.txt	generated/rebuildable artifact	untrack-keep-local	13381	673d418334697e7b2233a21601f14cda4c8172e7a827ac3cf19ef62cef92ab60	completed run log/expanded input/export; archive exact bytes, retain local comparison paths
benchmarks/reconstructed_fault/bp3_runtime/results/dip-60-matched/rng-managed-2-rank1.txt	generated/rebuildable artifact	untrack-keep-local	13382	6f7257842c8ce628eecf81e191c9bb8de2faedd8a67d2dba7dfa94245e721fb4	completed run log/expanded input/export; archive exact bytes, retain local comparison paths
benchmarks/reconstructed_fault/bp3_runtime/results/dip-60-matched/rng-restored_before_advection-0-rank0.txt	generated/rebuildable artifact	untrack-keep-local	13381	673d418334697e7b2233a21601f14cda4c8172e7a827ac3cf19ef62cef92ab60	completed run log/expanded input/export; archive exact bytes, retain local comparison paths
benchmarks/reconstructed_fault/bp3_runtime/results/dip-60-matched/rng-restored_before_advection-0-rank1.txt	generated/rebuildable artifact	untrack-keep-local	13382	6f7257842c8ce628eecf81e191c9bb8de2faedd8a67d2dba7dfa94245e721fb4	completed run log/expanded input/export; archive exact bytes, retain local comparison paths
benchmarks/reconstructed_fault/bp3_runtime/results/dip-60-matched/rng-restored_before_advection-1-rank0.txt	generated/rebuildable artifact	untrack-keep-local	13381	673d418334697e7b2233a21601f14cda4c8172e7a827ac3cf19ef62cef92ab60	completed run log/expanded input/export; archive exact bytes, retain local comparison paths
benchmarks/reconstructed_fault/bp3_runtime/results/dip-60-matched/rng-restored_before_advection-1-rank1.txt	generated/rebuildable artifact	untrack-keep-local	13382	6f7257842c8ce628eecf81e191c9bb8de2faedd8a67d2dba7dfa94245e721fb4	completed run log/expanded input/export; archive exact bytes, retain local comparison paths
benchmarks/reconstructed_fault/bp3_runtime/results/dip-60-matched/rng-restored_before_advection-2-rank0.txt	generated/rebuildable artifact	untrack-keep-local	13381	673d418334697e7b2233a21601f14cda4c8172e7a827ac3cf19ef62cef92ab60	completed run log/expanded input/export; archive exact bytes, retain local comparison paths
benchmarks/reconstructed_fault/bp3_runtime/results/dip-60-matched/rng-restored_before_advection-2-rank1.txt	generated/rebuildable artifact	untrack-keep-local	13382	6f7257842c8ce628eecf81e191c9bb8de2faedd8a67d2dba7dfa94245e721fb4	completed run log/expanded input/export; archive exact bytes, retain local comparison paths
benchmarks/reconstructed_fault/bp3_runtime/results/direct/accepted_steps.csv	generated/rebuildable artifact	untrack-keep-local	734	0d517025eaa0f23a71b5f146599d9e125d5166d1227f9d6556c05f238b32dff2	completed run log/expanded input/export; archive exact bytes, retain local comparison paths
benchmarks/reconstructed_fault/bp3_runtime/results/direct/birth_H_rank0.csv	generated/rebuildable artifact	untrack-keep-local	25621	6ff43bfdc36e161d8a64367c493190e47b6eaff0ac7cbd9ac5c014647170671d	completed run log/expanded input/export; archive exact bytes, retain local comparison paths
benchmarks/reconstructed_fault/bp3_runtime/results/direct/fault_0.csv	generated/rebuildable artifact	untrack-keep-local	4426	48d25d18fb9bc23a66fb1e07074a00f7ec82de1a114903d29fe91cfdd20dcc94	completed run log/expanded input/export; archive exact bytes, retain local comparison paths
benchmarks/reconstructed_fault/bp3_runtime/results/direct/fault_1.csv	generated/rebuildable artifact	untrack-keep-local	5155	30aa823ed255a59112f559742a4bd3363457d053083ffbf23360bf6e38c97687	completed run log/expanded input/export; archive exact bytes, retain local comparison paths
benchmarks/reconstructed_fault/bp3_runtime/results/direct/lifecycle_rank0.csv	generated/rebuildable artifact	untrack-keep-local	4413	c9472d9383918243a6121097e2f75f309d15eb2a17eba76f6c399635cdc3b610	completed run log/expanded input/export; archive exact bytes, retain local comparison paths
benchmarks/reconstructed_fault/bp3_runtime/results/direct/loading_profile.csv	generated/rebuildable artifact	untrack-keep-local	151742	93b20d8480a6687f4daebc43e73b041b368311387c069b6a0e5e2481ae1fbab9	completed run log/expanded input/export; archive exact bytes, retain local comparison paths
benchmarks/reconstructed_fault/bp3_runtime/results/direct/restored_growth.csv	generated/rebuildable artifact	untrack-keep-local	486	e9b8601fb4fe181e1a43a98f7940439c974b6091fd9bc079557c3b16ea55af28	completed run log/expanded input/export; archive exact bytes, retain local comparison paths
benchmarks/reconstructed_fault/bp3_runtime/results/direct/rng-accepted-0-rank0.txt	generated/rebuildable artifact	untrack-keep-local	13381	673d418334697e7b2233a21601f14cda4c8172e7a827ac3cf19ef62cef92ab60	completed run log/expanded input/export; archive exact bytes, retain local comparison paths
benchmarks/reconstructed_fault/bp3_runtime/results/direct/rng-accepted-1-rank0.txt	generated/rebuildable artifact	untrack-keep-local	13372	feeb015c2fe841dbfbe98d79c07a32b720ff3cb699ef18ce40d2f025595db548	completed run log/expanded input/export; archive exact bytes, retain local comparison paths
benchmarks/reconstructed_fault/bp3_runtime/results/direct/rng-backup-0-rank0.txt	generated/rebuildable artifact	untrack-keep-local	13381	673d418334697e7b2233a21601f14cda4c8172e7a827ac3cf19ef62cef92ab60	completed run log/expanded input/export; archive exact bytes, retain local comparison paths
benchmarks/reconstructed_fault/bp3_runtime/results/direct/rng-backup-1-rank0.txt	generated/rebuildable artifact	untrack-keep-local	13381	673d418334697e7b2233a21601f14cda4c8172e7a827ac3cf19ef62cef92ab60	completed run log/expanded input/export; archive exact bytes, retain local comparison paths
benchmarks/reconstructed_fault/bp3_runtime/results/direct/rng-checkpoint-1-rank0.txt	generated/rebuildable artifact	untrack-keep-local	13381	673d418334697e7b2233a21601f14cda4c8172e7a827ac3cf19ef62cef92ab60	completed run log/expanded input/export; archive exact bytes, retain local comparison paths
benchmarks/reconstructed_fault/bp3_runtime/results/direct/rng-checkpoint-2-rank0.txt	generated/rebuildable artifact	untrack-keep-local	13372	feeb015c2fe841dbfbe98d79c07a32b720ff3cb699ef18ce40d2f025595db548	completed run log/expanded input/export; archive exact bytes, retain local comparison paths
benchmarks/reconstructed_fault/bp3_runtime/results/direct/rng-generated-0-rank0.txt	generated/rebuildable artifact	untrack-keep-local	13381	673d418334697e7b2233a21601f14cda4c8172e7a827ac3cf19ef62cef92ab60	completed run log/expanded input/export; archive exact bytes, retain local comparison paths
benchmarks/reconstructed_fault/bp3_runtime/results/direct/rng-incoming-0-rank0.txt	generated/rebuildable artifact	untrack-keep-local	13381	673d418334697e7b2233a21601f14cda4c8172e7a827ac3cf19ef62cef92ab60	completed run log/expanded input/export; archive exact bytes, retain local comparison paths
benchmarks/reconstructed_fault/bp3_runtime/results/direct/rng-incoming-1-rank0.txt	generated/rebuildable artifact	untrack-keep-local	13372	feeb015c2fe841dbfbe98d79c07a32b720ff3cb699ef18ce40d2f025595db548	completed run log/expanded input/export; archive exact bytes, retain local comparison paths
benchmarks/reconstructed_fault/bp3_runtime/results/direct/rng-managed-0-rank0.txt	generated/rebuildable artifact	untrack-keep-local	13381	673d418334697e7b2233a21601f14cda4c8172e7a827ac3cf19ef62cef92ab60	completed run log/expanded input/export; archive exact bytes, retain local comparison paths
benchmarks/reconstructed_fault/bp3_runtime/results/direct/rng-managed-1-rank0.txt	generated/rebuildable artifact	untrack-keep-local	13372	feeb015c2fe841dbfbe98d79c07a32b720ff3cb699ef18ce40d2f025595db548	completed run log/expanded input/export; archive exact bytes, retain local comparison paths
benchmarks/reconstructed_fault/bp3_runtime/results/direct/rng-restored_before_advection-0-rank0.txt	generated/rebuildable artifact	untrack-keep-local	13381	673d418334697e7b2233a21601f14cda4c8172e7a827ac3cf19ef62cef92ab60	completed run log/expanded input/export; archive exact bytes, retain local comparison paths
benchmarks/reconstructed_fault/bp3_runtime/results/direct/rng-restored_before_advection-1-rank0.txt	generated/rebuildable artifact	untrack-keep-local	13381	673d418334697e7b2233a21601f14cda4c8172e7a827ac3cf19ef62cef92ab60	completed run log/expanded input/export; archive exact bytes, retain local comparison paths
benchmarks/reconstructed_fault/bp3_runtime/results/direct2/accepted_steps.csv	generated/rebuildable artifact	untrack-keep-local	995	6ca112602ecf4ebd22a96aba37ebd822ce5446c8215b30e4ebdeaa06518eb51f	completed run log/expanded input/export; archive exact bytes, retain local comparison paths
benchmarks/reconstructed_fault/bp3_runtime/results/direct2/birth_H_rank0.csv	generated/rebuildable artifact	untrack-keep-local	2570	edebe70f20ec06ae6f59742dfab815877abb390f72d1ebcbd0e356285f763a84	completed run log/expanded input/export; archive exact bytes, retain local comparison paths
benchmarks/reconstructed_fault/bp3_runtime/results/direct2/birth_H_rank1.csv	generated/rebuildable artifact	untrack-keep-local	23200	4a75b810940ae0d2334b5db127edd92e80b26bca25661cb9ae37470702a7b4a1	completed run log/expanded input/export; archive exact bytes, retain local comparison paths
benchmarks/reconstructed_fault/bp3_runtime/results/direct2/fault_0.csv	generated/rebuildable artifact	untrack-keep-local	4429	281d30707268a00f7a0c6dc3570f135f8f91e602bcda9fc9df70fdf226b63cbe	completed run log/expanded input/export; archive exact bytes, retain local comparison paths
benchmarks/reconstructed_fault/bp3_runtime/results/direct2/fault_1.csv	generated/rebuildable artifact	untrack-keep-local	5169	4252a27bfd277029e6e532a86d0b2fdcc73bd917b9f998ca5efbc0378f4f4806	completed run log/expanded input/export; archive exact bytes, retain local comparison paths
benchmarks/reconstructed_fault/bp3_runtime/results/direct2/fault_2.csv	generated/rebuildable artifact	untrack-keep-local	5190	3fb939905ee540dad8b6a312dd7d7ebf9fdf40eb0811a9aead3a77c22c36e21a	completed run log/expanded input/export; archive exact bytes, retain local comparison paths
benchmarks/reconstructed_fault/bp3_runtime/results/direct2/lifecycle_rank0.csv	generated/rebuildable artifact	untrack-keep-local	2986	379506ff19683d6c046878c99ca5b84a631d08a8fa0351b35ff98f07b498a997	completed run log/expanded input/export; archive exact bytes, retain local comparison paths
benchmarks/reconstructed_fault/bp3_runtime/results/direct2/lifecycle_rank1.csv	generated/rebuildable artifact	untrack-keep-local	3017	636ea5bb84e8e74f0881ee81e92f17454b6bf2c1ab4e6341b3019e878ef6492d	completed run log/expanded input/export; archive exact bytes, retain local comparison paths
benchmarks/reconstructed_fault/bp3_runtime/results/direct2/loading_profile.csv	generated/rebuildable artifact	untrack-keep-local	151742	93b20d8480a6687f4daebc43e73b041b368311387c069b6a0e5e2481ae1fbab9	completed run log/expanded input/export; archive exact bytes, retain local comparison paths
benchmarks/reconstructed_fault/bp3_runtime/results/direct2/restored_growth.csv	generated/rebuildable artifact	untrack-keep-local	672	d4ee4bde3dc904e9aa026cb71e135a8d59bd31a1adc038dd2a56e73b4b5d4512	completed run log/expanded input/export; archive exact bytes, retain local comparison paths
benchmarks/reconstructed_fault/bp3_runtime/results/direct2/rng-accepted-2-rank0.txt	generated/rebuildable artifact	untrack-keep-local	13371	4ba5e15a3e4c206fc495d1113eedb6ff65210f42fd90951f41c2e369711ee038	completed run log/expanded input/export; archive exact bytes, retain local comparison paths
benchmarks/reconstructed_fault/bp3_runtime/results/direct2/rng-accepted-2-rank1.txt	generated/rebuildable artifact	untrack-keep-local	13373	67137d32f7de7d079f49913a547a46f4fe8babef1dd4ca73b12ff2c3dfc4e700	completed run log/expanded input/export; archive exact bytes, retain local comparison paths
benchmarks/reconstructed_fault/bp3_runtime/results/direct2/rng-backup-2-rank0.txt	generated/rebuildable artifact	untrack-keep-local	13371	f4e5f693c092647920a69299050747d5cea4a9c498c884b81fb8c794fc89ce46	completed run log/expanded input/export; archive exact bytes, retain local comparison paths
benchmarks/reconstructed_fault/bp3_runtime/results/direct2/rng-backup-2-rank1.txt	generated/rebuildable artifact	untrack-keep-local	13373	f5f6aab1b955fb45bec2d814791b452f9b74cf64f792cc8fad83d0f705d0a55d	completed run log/expanded input/export; archive exact bytes, retain local comparison paths
benchmarks/reconstructed_fault/bp3_runtime/results/direct2/rng-checkpoint-3-rank0.txt	generated/rebuildable artifact	untrack-keep-local	13371	4ba5e15a3e4c206fc495d1113eedb6ff65210f42fd90951f41c2e369711ee038	completed run log/expanded input/export; archive exact bytes, retain local comparison paths
benchmarks/reconstructed_fault/bp3_runtime/results/direct2/rng-checkpoint-3-rank1.txt	generated/rebuildable artifact	untrack-keep-local	13373	67137d32f7de7d079f49913a547a46f4fe8babef1dd4ca73b12ff2c3dfc4e700	completed run log/expanded input/export; archive exact bytes, retain local comparison paths
benchmarks/reconstructed_fault/bp3_runtime/results/direct2/rng-incoming-2-rank0.txt	generated/rebuildable artifact	untrack-keep-local	13371	4ba5e15a3e4c206fc495d1113eedb6ff65210f42fd90951f41c2e369711ee038	completed run log/expanded input/export; archive exact bytes, retain local comparison paths
benchmarks/reconstructed_fault/bp3_runtime/results/direct2/rng-incoming-2-rank1.txt	generated/rebuildable artifact	untrack-keep-local	13373	67137d32f7de7d079f49913a547a46f4fe8babef1dd4ca73b12ff2c3dfc4e700	completed run log/expanded input/export; archive exact bytes, retain local comparison paths
benchmarks/reconstructed_fault/bp3_runtime/results/direct2/rng-managed-2-rank0.txt	generated/rebuildable artifact	untrack-keep-local	13371	4ba5e15a3e4c206fc495d1113eedb6ff65210f42fd90951f41c2e369711ee038	completed run log/expanded input/export; archive exact bytes, retain local comparison paths
benchmarks/reconstructed_fault/bp3_runtime/results/direct2/rng-managed-2-rank1.txt	generated/rebuildable artifact	untrack-keep-local	13373	67137d32f7de7d079f49913a547a46f4fe8babef1dd4ca73b12ff2c3dfc4e700	completed run log/expanded input/export; archive exact bytes, retain local comparison paths
benchmarks/reconstructed_fault/bp3_runtime/results/direct2/rng-restored_before_advection-2-rank0.txt	generated/rebuildable artifact	untrack-keep-local	13371	f4e5f693c092647920a69299050747d5cea4a9c498c884b81fb8c794fc89ce46	completed run log/expanded input/export; archive exact bytes, retain local comparison paths
benchmarks/reconstructed_fault/bp3_runtime/results/direct2/rng-restored_before_advection-2-rank1.txt	generated/rebuildable artifact	untrack-keep-local	13373	f5f6aab1b955fb45bec2d814791b452f9b74cf64f792cc8fad83d0f705d0a55d	completed run log/expanded input/export; archive exact bytes, retain local comparison paths
benchmarks/reconstructed_fault/bp3_runtime/results/direct2/rng-resume-2-rank0.txt	generated/rebuildable artifact	untrack-keep-local	13371	f4e5f693c092647920a69299050747d5cea4a9c498c884b81fb8c794fc89ce46	completed run log/expanded input/export; archive exact bytes, retain local comparison paths
benchmarks/reconstructed_fault/bp3_runtime/results/direct2/rng-resume-2-rank1.txt	generated/rebuildable artifact	untrack-keep-local	13373	f5f6aab1b955fb45bec2d814791b452f9b74cf64f792cc8fad83d0f705d0a55d	completed run log/expanded input/export; archive exact bytes, retain local comparison paths
benchmarks/reconstructed_fault/bp3_runtime/results/model-only/accepted_steps.csv	generated/rebuildable artifact	untrack-keep-local	736	c8b6f5f1ebcd68f8f9c1182f24f72c204db5054bf587f0170c569e8b0d3f7b87	completed run log/expanded input/export; archive exact bytes, retain local comparison paths
benchmarks/reconstructed_fault/bp3_runtime/results/model-only/fault_0.csv	generated/rebuildable artifact	untrack-keep-local	4426	48d25d18fb9bc23a66fb1e07074a00f7ec82de1a114903d29fe91cfdd20dcc94	completed run log/expanded input/export; archive exact bytes, retain local comparison paths
benchmarks/reconstructed_fault/bp3_runtime/results/model-only/fault_1.csv	generated/rebuildable artifact	untrack-keep-local	5180	b5c91f6b4347e69ac2b5c27b70ca94b3bbaad770ee29f526da3df5b5d09c9b72	completed run log/expanded input/export; archive exact bytes, retain local comparison paths
benchmarks/reconstructed_fault/bp3_runtime/results/model-only/restored_growth.csv	generated/rebuildable artifact	untrack-keep-local	486	b07cdd9dd836f92d7f79caddf67e49870f29bb9178a15093e71b28edfa1ba430	completed run log/expanded input/export; archive exact bytes, retain local comparison paths
benchmarks/reconstructed_fault/bp3_runtime/results/preservation.json	deliberate test reference	keep	849	6dcec387c204ec0c6feedb9f7b922b6724a7c324eb0e0f59ee12d85d3e515556	compact qualification summary/provenance retained with regression
benchmarks/reconstructed_fault/bp3_runtime/results/resume/accepted_steps.csv	generated/rebuildable artifact	untrack-keep-local	996	e355a72673818b4961a5448d49aece8bc1f70d33fd484e2b7768801a05516091	completed run log/expanded input/export; archive exact bytes, retain local comparison paths
benchmarks/reconstructed_fault/bp3_runtime/results/resume/birth_H_rank0.csv	generated/rebuildable artifact	untrack-keep-local	3116	2e96aa7f28946f208f9a176007ad11918ef13622543eab0f310dde05f2460af1	completed run log/expanded input/export; archive exact bytes, retain local comparison paths
benchmarks/reconstructed_fault/bp3_runtime/results/resume/birth_H_rank1.csv	generated/rebuildable artifact	untrack-keep-local	23308	aebe06b2356b993570b38b5ebc9ed8f6610b3002ee6296102e5b11cfd3e1d5da	completed run log/expanded input/export; archive exact bytes, retain local comparison paths
benchmarks/reconstructed_fault/bp3_runtime/results/resume/fault_0.csv	generated/rebuildable artifact	untrack-keep-local	4429	281d30707268a00f7a0c6dc3570f135f8f91e602bcda9fc9df70fdf226b63cbe	completed run log/expanded input/export; archive exact bytes, retain local comparison paths
benchmarks/reconstructed_fault/bp3_runtime/results/resume/fault_1.csv	generated/rebuildable artifact	untrack-keep-local	5169	4252a27bfd277029e6e532a86d0b2fdcc73bd917b9f998ca5efbc0378f4f4806	completed run log/expanded input/export; archive exact bytes, retain local comparison paths
benchmarks/reconstructed_fault/bp3_runtime/results/resume/fault_2.csv	generated/rebuildable artifact	untrack-keep-local	5189	3f1f1de324ef867057d4e835d9c4eeb2b4a3246115964dfc040397ca82af4ace	completed run log/expanded input/export; archive exact bytes, retain local comparison paths
benchmarks/reconstructed_fault/bp3_runtime/results/resume/lifecycle_rank0.csv	generated/rebuildable artifact	untrack-keep-local	3002	c0414c358143e373b33ab7b587c9776dd988ffaabd074cc2cdc875c3db387776	completed run log/expanded input/export; archive exact bytes, retain local comparison paths
benchmarks/reconstructed_fault/bp3_runtime/results/resume/lifecycle_rank1.csv	generated/rebuildable artifact	untrack-keep-local	3011	dda95b6b01271f201dd6c34edc02c9122496dd215a51c1b23eae174ca994689d	completed run log/expanded input/export; archive exact bytes, retain local comparison paths
benchmarks/reconstructed_fault/bp3_runtime/results/resume/loading_profile.csv	generated/rebuildable artifact	untrack-keep-local	151742	93b20d8480a6687f4daebc43e73b041b368311387c069b6a0e5e2481ae1fbab9	completed run log/expanded input/export; archive exact bytes, retain local comparison paths
benchmarks/reconstructed_fault/bp3_runtime/results/resume/restored_growth.csv	generated/rebuildable artifact	untrack-keep-local	674	4198891902d2b3b16445bff7a6711194148ac6cb59795da486d4197edfde8392	completed run log/expanded input/export; archive exact bytes, retain local comparison paths
benchmarks/reconstructed_fault/bp3_runtime/results/resume/rng-accepted-2-rank0.txt	generated/rebuildable artifact	untrack-keep-local	13371	590d0f706ab43e93bd33630a0f46e9f7ae79e9f05052e0dcec4a69b844a7871f	completed run log/expanded input/export; archive exact bytes, retain local comparison paths
benchmarks/reconstructed_fault/bp3_runtime/results/resume/rng-accepted-2-rank1.txt	generated/rebuildable artifact	untrack-keep-local	13373	67137d32f7de7d079f49913a547a46f4fe8babef1dd4ca73b12ff2c3dfc4e700	completed run log/expanded input/export; archive exact bytes, retain local comparison paths
benchmarks/reconstructed_fault/bp3_runtime/results/resume/rng-backup-2-rank0.txt	generated/rebuildable artifact	untrack-keep-local	13371	f4e5f693c092647920a69299050747d5cea4a9c498c884b81fb8c794fc89ce46	completed run log/expanded input/export; archive exact bytes, retain local comparison paths
benchmarks/reconstructed_fault/bp3_runtime/results/resume/rng-backup-2-rank1.txt	generated/rebuildable artifact	untrack-keep-local	13373	f5f6aab1b955fb45bec2d814791b452f9b74cf64f792cc8fad83d0f705d0a55d	completed run log/expanded input/export; archive exact bytes, retain local comparison paths
benchmarks/reconstructed_fault/bp3_runtime/results/resume/rng-checkpoint-3-rank0.txt	generated/rebuildable artifact	untrack-keep-local	13371	590d0f706ab43e93bd33630a0f46e9f7ae79e9f05052e0dcec4a69b844a7871f	completed run log/expanded input/export; archive exact bytes, retain local comparison paths
benchmarks/reconstructed_fault/bp3_runtime/results/resume/rng-checkpoint-3-rank1.txt	generated/rebuildable artifact	untrack-keep-local	13373	67137d32f7de7d079f49913a547a46f4fe8babef1dd4ca73b12ff2c3dfc4e700	completed run log/expanded input/export; archive exact bytes, retain local comparison paths
benchmarks/reconstructed_fault/bp3_runtime/results/resume/rng-incoming-2-rank0.txt	generated/rebuildable artifact	untrack-keep-local	13371	590d0f706ab43e93bd33630a0f46e9f7ae79e9f05052e0dcec4a69b844a7871f	completed run log/expanded input/export; archive exact bytes, retain local comparison paths
benchmarks/reconstructed_fault/bp3_runtime/results/resume/rng-incoming-2-rank1.txt	generated/rebuildable artifact	untrack-keep-local	13373	67137d32f7de7d079f49913a547a46f4fe8babef1dd4ca73b12ff2c3dfc4e700	completed run log/expanded input/export; archive exact bytes, retain local comparison paths
benchmarks/reconstructed_fault/bp3_runtime/results/resume/rng-managed-2-rank0.txt	generated/rebuildable artifact	untrack-keep-local	13371	590d0f706ab43e93bd33630a0f46e9f7ae79e9f05052e0dcec4a69b844a7871f	completed run log/expanded input/export; archive exact bytes, retain local comparison paths
benchmarks/reconstructed_fault/bp3_runtime/results/resume/rng-managed-2-rank1.txt	generated/rebuildable artifact	untrack-keep-local	13373	67137d32f7de7d079f49913a547a46f4fe8babef1dd4ca73b12ff2c3dfc4e700	completed run log/expanded input/export; archive exact bytes, retain local comparison paths
benchmarks/reconstructed_fault/bp3_runtime/results/resume/rng-restored_before_advection-2-rank0.txt	generated/rebuildable artifact	untrack-keep-local	13371	f4e5f693c092647920a69299050747d5cea4a9c498c884b81fb8c794fc89ce46	completed run log/expanded input/export; archive exact bytes, retain local comparison paths
benchmarks/reconstructed_fault/bp3_runtime/results/resume/rng-restored_before_advection-2-rank1.txt	generated/rebuildable artifact	untrack-keep-local	13373	f5f6aab1b955fb45bec2d814791b452f9b74cf64f792cc8fad83d0f705d0a55d	completed run log/expanded input/export; archive exact bytes, retain local comparison paths
benchmarks/reconstructed_fault/bp3_runtime/results/resume/rng-resume-2-rank0.txt	generated/rebuildable artifact	untrack-keep-local	13371	f4e5f693c092647920a69299050747d5cea4a9c498c884b81fb8c794fc89ce46	completed run log/expanded input/export; archive exact bytes, retain local comparison paths
benchmarks/reconstructed_fault/bp3_runtime/results/resume/rng-resume-2-rank1.txt	generated/rebuildable artifact	untrack-keep-local	13373	f5f6aab1b955fb45bec2d814791b452f9b74cf64f792cc8fad83d0f705d0a55d	completed run log/expanded input/export; archive exact bytes, retain local comparison paths
benchmarks/reconstructed_fault/bp3_runtime/results/retry/accepted_steps.csv	generated/rebuildable artifact	untrack-keep-local	734	0d517025eaa0f23a71b5f146599d9e125d5166d1227f9d6556c05f238b32dff2	completed run log/expanded input/export; archive exact bytes, retain local comparison paths
benchmarks/reconstructed_fault/bp3_runtime/results/retry/birth_H_rank0.csv	generated/rebuildable artifact	untrack-keep-local	52125	f33e76fff39a16234d55c572c34141c1826eaf4a64a6af0c7568bbc4a68119f6	completed run log/expanded input/export; archive exact bytes, retain local comparison paths
benchmarks/reconstructed_fault/bp3_runtime/results/retry/fault_0.csv	generated/rebuildable artifact	untrack-keep-local	4426	48d25d18fb9bc23a66fb1e07074a00f7ec82de1a114903d29fe91cfdd20dcc94	completed run log/expanded input/export; archive exact bytes, retain local comparison paths
benchmarks/reconstructed_fault/bp3_runtime/results/retry/fault_1.csv	generated/rebuildable artifact	untrack-keep-local	5155	30aa823ed255a59112f559742a4bd3363457d053083ffbf23360bf6e38c97687	completed run log/expanded input/export; archive exact bytes, retain local comparison paths
benchmarks/reconstructed_fault/bp3_runtime/results/retry/lifecycle_rank0.csv	generated/rebuildable artifact	untrack-keep-local	5964	764dc3da2e09a21b62aef6e9ca9608c5476de4e7926000de1c071d813874e955	completed run log/expanded input/export; archive exact bytes, retain local comparison paths
benchmarks/reconstructed_fault/bp3_runtime/results/retry/loading_profile.csv	generated/rebuildable artifact	untrack-keep-local	151742	93b20d8480a6687f4daebc43e73b041b368311387c069b6a0e5e2481ae1fbab9	completed run log/expanded input/export; archive exact bytes, retain local comparison paths
benchmarks/reconstructed_fault/bp3_runtime/results/retry/restored_growth.csv	generated/rebuildable artifact	untrack-keep-local	486	e9b8601fb4fe181e1a43a98f7940439c974b6091fd9bc079557c3b16ea55af28	completed run log/expanded input/export; archive exact bytes, retain local comparison paths
benchmarks/reconstructed_fault/bp3_runtime/results/retry/rng-accepted-0-rank0.txt	generated/rebuildable artifact	untrack-keep-local	13381	673d418334697e7b2233a21601f14cda4c8172e7a827ac3cf19ef62cef92ab60	completed run log/expanded input/export; archive exact bytes, retain local comparison paths
benchmarks/reconstructed_fault/bp3_runtime/results/retry/rng-accepted-1-rank0.txt	generated/rebuildable artifact	untrack-keep-local	13372	feeb015c2fe841dbfbe98d79c07a32b720ff3cb699ef18ce40d2f025595db548	completed run log/expanded input/export; archive exact bytes, retain local comparison paths
benchmarks/reconstructed_fault/bp3_runtime/results/retry/rng-backup-0-rank0.txt	generated/rebuildable artifact	untrack-keep-local	13381	673d418334697e7b2233a21601f14cda4c8172e7a827ac3cf19ef62cef92ab60	completed run log/expanded input/export; archive exact bytes, retain local comparison paths
benchmarks/reconstructed_fault/bp3_runtime/results/retry/rng-backup-1-rank0.txt	generated/rebuildable artifact	untrack-keep-local	13381	673d418334697e7b2233a21601f14cda4c8172e7a827ac3cf19ef62cef92ab60	completed run log/expanded input/export; archive exact bytes, retain local comparison paths
benchmarks/reconstructed_fault/bp3_runtime/results/retry/rng-checkpoint-1-rank0.txt	generated/rebuildable artifact	untrack-keep-local	13381	673d418334697e7b2233a21601f14cda4c8172e7a827ac3cf19ef62cef92ab60	completed run log/expanded input/export; archive exact bytes, retain local comparison paths
benchmarks/reconstructed_fault/bp3_runtime/results/retry/rng-checkpoint-2-rank0.txt	generated/rebuildable artifact	untrack-keep-local	13372	feeb015c2fe841dbfbe98d79c07a32b720ff3cb699ef18ce40d2f025595db548	completed run log/expanded input/export; archive exact bytes, retain local comparison paths
benchmarks/reconstructed_fault/bp3_runtime/results/retry/rng-generated-0-rank0.txt	generated/rebuildable artifact	untrack-keep-local	13381	673d418334697e7b2233a21601f14cda4c8172e7a827ac3cf19ef62cef92ab60	completed run log/expanded input/export; archive exact bytes, retain local comparison paths
benchmarks/reconstructed_fault/bp3_runtime/results/retry/rng-incoming-0-rank0.txt	generated/rebuildable artifact	untrack-keep-local	13381	673d418334697e7b2233a21601f14cda4c8172e7a827ac3cf19ef62cef92ab60	completed run log/expanded input/export; archive exact bytes, retain local comparison paths
benchmarks/reconstructed_fault/bp3_runtime/results/retry/rng-incoming-1-rank0.txt	generated/rebuildable artifact	untrack-keep-local	13372	feeb015c2fe841dbfbe98d79c07a32b720ff3cb699ef18ce40d2f025595db548	completed run log/expanded input/export; archive exact bytes, retain local comparison paths
benchmarks/reconstructed_fault/bp3_runtime/results/retry/rng-managed-0-rank0.txt	generated/rebuildable artifact	untrack-keep-local	13381	673d418334697e7b2233a21601f14cda4c8172e7a827ac3cf19ef62cef92ab60	completed run log/expanded input/export; archive exact bytes, retain local comparison paths
benchmarks/reconstructed_fault/bp3_runtime/results/retry/rng-managed-1-rank0.txt	generated/rebuildable artifact	untrack-keep-local	13372	feeb015c2fe841dbfbe98d79c07a32b720ff3cb699ef18ce40d2f025595db548	completed run log/expanded input/export; archive exact bytes, retain local comparison paths
benchmarks/reconstructed_fault/bp3_runtime/results/retry/rng-rejected-1-rank0.txt	generated/rebuildable artifact	untrack-keep-local	13372	d145f211e01af0f7d7f21741aaf502ba5dbf540351463fe17e7473a815c5e037	completed run log/expanded input/export; archive exact bytes, retain local comparison paths
benchmarks/reconstructed_fault/bp3_runtime/results/retry/rng-restored-1-rank0.txt	generated/rebuildable artifact	untrack-keep-local	13381	673d418334697e7b2233a21601f14cda4c8172e7a827ac3cf19ef62cef92ab60	completed run log/expanded input/export; archive exact bytes, retain local comparison paths
benchmarks/reconstructed_fault/bp3_runtime/results/retry/rng-restored_before_advection-0-rank0.txt	generated/rebuildable artifact	untrack-keep-local	13381	673d418334697e7b2233a21601f14cda4c8172e7a827ac3cf19ef62cef92ab60	completed run log/expanded input/export; archive exact bytes, retain local comparison paths
benchmarks/reconstructed_fault/bp3_runtime/results/retry/rng-restored_before_advection-1-rank0.txt	generated/rebuildable artifact	untrack-keep-local	13381	673d418334697e7b2233a21601f14cda4c8172e7a827ac3cf19ef62cef92ab60	completed run log/expanded input/export; archive exact bytes, retain local comparison paths
benchmarks/reconstructed_fault/bp3_runtime/results/retry2/accepted_steps.csv	generated/rebuildable artifact	untrack-keep-local	995	6ca112602ecf4ebd22a96aba37ebd822ce5446c8215b30e4ebdeaa06518eb51f	completed run log/expanded input/export; archive exact bytes, retain local comparison paths
benchmarks/reconstructed_fault/bp3_runtime/results/retry2/birth_H_rank0.csv	generated/rebuildable artifact	untrack-keep-local	4198	1d7d83ab491711ea9e9e5ebdd053a5bf8771e26117a3e808dbdb1c8111ecb0c9	completed run log/expanded input/export; archive exact bytes, retain local comparison paths
benchmarks/reconstructed_fault/bp3_runtime/results/retry2/birth_H_rank1.csv	generated/rebuildable artifact	untrack-keep-local	35141	b2df7e32bb05dce532e85c59370b26735e0ad0f5bea36c43eb4e3d64b699fc5a	completed run log/expanded input/export; archive exact bytes, retain local comparison paths
benchmarks/reconstructed_fault/bp3_runtime/results/retry2/fault_0.csv	generated/rebuildable artifact	untrack-keep-local	4429	281d30707268a00f7a0c6dc3570f135f8f91e602bcda9fc9df70fdf226b63cbe	completed run log/expanded input/export; archive exact bytes, retain local comparison paths
benchmarks/reconstructed_fault/bp3_runtime/results/retry2/fault_1.csv	generated/rebuildable artifact	untrack-keep-local	5169	4252a27bfd277029e6e532a86d0b2fdcc73bd917b9f998ca5efbc0378f4f4806	completed run log/expanded input/export; archive exact bytes, retain local comparison paths
benchmarks/reconstructed_fault/bp3_runtime/results/retry2/fault_2.csv	generated/rebuildable artifact	untrack-keep-local	5190	3fb939905ee540dad8b6a312dd7d7ebf9fdf40eb0811a9aead3a77c22c36e21a	completed run log/expanded input/export; archive exact bytes, retain local comparison paths
benchmarks/reconstructed_fault/bp3_runtime/results/retry2/lifecycle_rank0.csv	generated/rebuildable artifact	untrack-keep-local	4905	7ef450bacf3ab194358a23fd38a3fc266049079ab197e107ff50969db15cb495	completed run log/expanded input/export; archive exact bytes, retain local comparison paths
benchmarks/reconstructed_fault/bp3_runtime/results/retry2/lifecycle_rank1.csv	generated/rebuildable artifact	untrack-keep-local	4946	67a46d6f0cf53b3f3609066901f4e0b1575fb0bccfb495c09255b5d89a7bfc54	completed run log/expanded input/export; archive exact bytes, retain local comparison paths
benchmarks/reconstructed_fault/bp3_runtime/results/retry2/loading_profile.csv	generated/rebuildable artifact	untrack-keep-local	151742	93b20d8480a6687f4daebc43e73b041b368311387c069b6a0e5e2481ae1fbab9	completed run log/expanded input/export; archive exact bytes, retain local comparison paths
benchmarks/reconstructed_fault/bp3_runtime/results/retry2/restored_growth.csv	generated/rebuildable artifact	untrack-keep-local	672	d4ee4bde3dc904e9aa026cb71e135a8d59bd31a1adc038dd2a56e73b4b5d4512	completed run log/expanded input/export; archive exact bytes, retain local comparison paths
benchmarks/reconstructed_fault/bp3_runtime/results/retry2/rng-accepted-2-rank0.txt	generated/rebuildable artifact	untrack-keep-local	13371	4ba5e15a3e4c206fc495d1113eedb6ff65210f42fd90951f41c2e369711ee038	completed run log/expanded input/export; archive exact bytes, retain local comparison paths
benchmarks/reconstructed_fault/bp3_runtime/results/retry2/rng-accepted-2-rank1.txt	generated/rebuildable artifact	untrack-keep-local	13373	67137d32f7de7d079f49913a547a46f4fe8babef1dd4ca73b12ff2c3dfc4e700	completed run log/expanded input/export; archive exact bytes, retain local comparison paths
benchmarks/reconstructed_fault/bp3_runtime/results/retry2/rng-backup-2-rank0.txt	generated/rebuildable artifact	untrack-keep-local	13371	f4e5f693c092647920a69299050747d5cea4a9c498c884b81fb8c794fc89ce46	completed run log/expanded input/export; archive exact bytes, retain local comparison paths
benchmarks/reconstructed_fault/bp3_runtime/results/retry2/rng-backup-2-rank1.txt	generated/rebuildable artifact	untrack-keep-local	13373	f5f6aab1b955fb45bec2d814791b452f9b74cf64f792cc8fad83d0f705d0a55d	completed run log/expanded input/export; archive exact bytes, retain local comparison paths
benchmarks/reconstructed_fault/bp3_runtime/results/retry2/rng-checkpoint-3-rank0.txt	generated/rebuildable artifact	untrack-keep-local	13371	4ba5e15a3e4c206fc495d1113eedb6ff65210f42fd90951f41c2e369711ee038	completed run log/expanded input/export; archive exact bytes, retain local comparison paths
benchmarks/reconstructed_fault/bp3_runtime/results/retry2/rng-checkpoint-3-rank1.txt	generated/rebuildable artifact	untrack-keep-local	13373	67137d32f7de7d079f49913a547a46f4fe8babef1dd4ca73b12ff2c3dfc4e700	completed run log/expanded input/export; archive exact bytes, retain local comparison paths
benchmarks/reconstructed_fault/bp3_runtime/results/retry2/rng-incoming-2-rank0.txt	generated/rebuildable artifact	untrack-keep-local	13371	4ba5e15a3e4c206fc495d1113eedb6ff65210f42fd90951f41c2e369711ee038	completed run log/expanded input/export; archive exact bytes, retain local comparison paths
benchmarks/reconstructed_fault/bp3_runtime/results/retry2/rng-incoming-2-rank1.txt	generated/rebuildable artifact	untrack-keep-local	13373	67137d32f7de7d079f49913a547a46f4fe8babef1dd4ca73b12ff2c3dfc4e700	completed run log/expanded input/export; archive exact bytes, retain local comparison paths
benchmarks/reconstructed_fault/bp3_runtime/results/retry2/rng-managed-2-rank0.txt	generated/rebuildable artifact	untrack-keep-local	13371	4ba5e15a3e4c206fc495d1113eedb6ff65210f42fd90951f41c2e369711ee038	completed run log/expanded input/export; archive exact bytes, retain local comparison paths
benchmarks/reconstructed_fault/bp3_runtime/results/retry2/rng-managed-2-rank1.txt	generated/rebuildable artifact	untrack-keep-local	13373	67137d32f7de7d079f49913a547a46f4fe8babef1dd4ca73b12ff2c3dfc4e700	completed run log/expanded input/export; archive exact bytes, retain local comparison paths
benchmarks/reconstructed_fault/bp3_runtime/results/retry2/rng-rejected-2-rank0.txt	generated/rebuildable artifact	untrack-keep-local	13371	590d0f706ab43e93bd33630a0f46e9f7ae79e9f05052e0dcec4a69b844a7871f	completed run log/expanded input/export; archive exact bytes, retain local comparison paths
benchmarks/reconstructed_fault/bp3_runtime/results/retry2/rng-rejected-2-rank1.txt	generated/rebuildable artifact	untrack-keep-local	13373	67137d32f7de7d079f49913a547a46f4fe8babef1dd4ca73b12ff2c3dfc4e700	completed run log/expanded input/export; archive exact bytes, retain local comparison paths
benchmarks/reconstructed_fault/bp3_runtime/results/retry2/rng-restored-2-rank0.txt	generated/rebuildable artifact	untrack-keep-local	13371	f4e5f693c092647920a69299050747d5cea4a9c498c884b81fb8c794fc89ce46	completed run log/expanded input/export; archive exact bytes, retain local comparison paths
benchmarks/reconstructed_fault/bp3_runtime/results/retry2/rng-restored-2-rank1.txt	generated/rebuildable artifact	untrack-keep-local	13373	f5f6aab1b955fb45bec2d814791b452f9b74cf64f792cc8fad83d0f705d0a55d	completed run log/expanded input/export; archive exact bytes, retain local comparison paths
benchmarks/reconstructed_fault/bp3_runtime/results/retry2/rng-restored_before_advection-2-rank0.txt	generated/rebuildable artifact	untrack-keep-local	13371	f4e5f693c092647920a69299050747d5cea4a9c498c884b81fb8c794fc89ce46	completed run log/expanded input/export; archive exact bytes, retain local comparison paths
benchmarks/reconstructed_fault/bp3_runtime/results/retry2/rng-restored_before_advection-2-rank1.txt	generated/rebuildable artifact	untrack-keep-local	13373	f5f6aab1b955fb45bec2d814791b452f9b74cf64f792cc8fad83d0f705d0a55d	completed run log/expanded input/export; archive exact bytes, retain local comparison paths
benchmarks/reconstructed_fault/bp3_runtime/results/retry2/rng-resume-2-rank0.txt	generated/rebuildable artifact	untrack-keep-local	13371	f4e5f693c092647920a69299050747d5cea4a9c498c884b81fb8c794fc89ce46	completed run log/expanded input/export; archive exact bytes, retain local comparison paths
benchmarks/reconstructed_fault/bp3_runtime/results/retry2/rng-resume-2-rank1.txt	generated/rebuildable artifact	untrack-keep-local	13373	f5f6aab1b955fb45bec2d814791b452f9b74cf64f792cc8fad83d0f705d0a55d	completed run log/expanded input/export; archive exact bytes, retain local comparison paths
benchmarks/reconstructed_fault/bp3_runtime/results/small-45-reverse-startup-mesh.json	deliberate test reference	keep	146	6612c8181ec6dec81af391107e1585c971c5aeb2513f079c72d602decdb4e072	compact qualification summary/provenance retained with regression
benchmarks/reconstructed_fault/bp3_runtime/results/small-45-startup-mesh.json	deliberate test reference	keep	146	6612c8181ec6dec81af391107e1585c971c5aeb2513f079c72d602decdb4e072	compact qualification summary/provenance retained with regression
benchmarks/reconstructed_fault/bp3_runtime/results/small-60-startup-mesh.json	deliberate test reference	keep	146	e346e6af6e0bda1314725648f6959be70261a0c3df68b006c9a1054e0997f373	compact qualification summary/provenance retained with regression
benchmarks/reconstructed_fault/bp3_runtime/results/staggered/accepted_steps.csv	generated/rebuildable artifact	untrack-keep-local	996	e355a72673818b4961a5448d49aece8bc1f70d33fd484e2b7768801a05516091	completed run log/expanded input/export; archive exact bytes, retain local comparison paths
benchmarks/reconstructed_fault/bp3_runtime/results/staggered/birth_H_rank0.csv	generated/rebuildable artifact	untrack-keep-local	3116	2e96aa7f28946f208f9a176007ad11918ef13622543eab0f310dde05f2460af1	completed run log/expanded input/export; archive exact bytes, retain local comparison paths
benchmarks/reconstructed_fault/bp3_runtime/results/staggered/birth_H_rank1.csv	generated/rebuildable artifact	untrack-keep-local	23308	aebe06b2356b993570b38b5ebc9ed8f6610b3002ee6296102e5b11cfd3e1d5da	completed run log/expanded input/export; archive exact bytes, retain local comparison paths
benchmarks/reconstructed_fault/bp3_runtime/results/staggered/fault_0.csv	generated/rebuildable artifact	untrack-keep-local	4429	281d30707268a00f7a0c6dc3570f135f8f91e602bcda9fc9df70fdf226b63cbe	completed run log/expanded input/export; archive exact bytes, retain local comparison paths
benchmarks/reconstructed_fault/bp3_runtime/results/staggered/fault_1.csv	generated/rebuildable artifact	untrack-keep-local	5169	4252a27bfd277029e6e532a86d0b2fdcc73bd917b9f998ca5efbc0378f4f4806	completed run log/expanded input/export; archive exact bytes, retain local comparison paths
benchmarks/reconstructed_fault/bp3_runtime/results/staggered/fault_2.csv	generated/rebuildable artifact	untrack-keep-local	5189	3f1f1de324ef867057d4e835d9c4eeb2b4a3246115964dfc040397ca82af4ace	completed run log/expanded input/export; archive exact bytes, retain local comparison paths
benchmarks/reconstructed_fault/bp3_runtime/results/staggered/lifecycle_rank0.csv	generated/rebuildable artifact	untrack-keep-local	6580	2b7a49ef38ea448dc10883d3014799b19d2bfbb4aeff5722bea148f39d944631	completed run log/expanded input/export; archive exact bytes, retain local comparison paths
benchmarks/reconstructed_fault/bp3_runtime/results/staggered/lifecycle_rank1.csv	generated/rebuildable artifact	untrack-keep-local	6655	b2e48c312857f3f97cf33ee990d056d2f8806f014750ffa75d416a077bb4992a	completed run log/expanded input/export; archive exact bytes, retain local comparison paths
benchmarks/reconstructed_fault/bp3_runtime/results/staggered/loading_profile.csv	generated/rebuildable artifact	untrack-keep-local	151742	93b20d8480a6687f4daebc43e73b041b368311387c069b6a0e5e2481ae1fbab9	completed run log/expanded input/export; archive exact bytes, retain local comparison paths
benchmarks/reconstructed_fault/bp3_runtime/results/staggered/restored_growth.csv	generated/rebuildable artifact	untrack-keep-local	674	4198891902d2b3b16445bff7a6711194148ac6cb59795da486d4197edfde8392	completed run log/expanded input/export; archive exact bytes, retain local comparison paths
benchmarks/reconstructed_fault/bp3_runtime/results/staggered/rng-accepted-0-rank0.txt	generated/rebuildable artifact	untrack-keep-local	13381	673d418334697e7b2233a21601f14cda4c8172e7a827ac3cf19ef62cef92ab60	completed run log/expanded input/export; archive exact bytes, retain local comparison paths
benchmarks/reconstructed_fault/bp3_runtime/results/staggered/rng-accepted-0-rank1.txt	generated/rebuildable artifact	untrack-keep-local	13382	6f7257842c8ce628eecf81e191c9bb8de2faedd8a67d2dba7dfa94245e721fb4	completed run log/expanded input/export; archive exact bytes, retain local comparison paths
benchmarks/reconstructed_fault/bp3_runtime/results/staggered/rng-accepted-1-rank0.txt	generated/rebuildable artifact	untrack-keep-local	13371	f4e5f693c092647920a69299050747d5cea4a9c498c884b81fb8c794fc89ce46	completed run log/expanded input/export; archive exact bytes, retain local comparison paths
benchmarks/reconstructed_fault/bp3_runtime/results/staggered/rng-accepted-1-rank1.txt	generated/rebuildable artifact	untrack-keep-local	13373	f5f6aab1b955fb45bec2d814791b452f9b74cf64f792cc8fad83d0f705d0a55d	completed run log/expanded input/export; archive exact bytes, retain local comparison paths
benchmarks/reconstructed_fault/bp3_runtime/results/staggered/rng-accepted-2-rank0.txt	generated/rebuildable artifact	untrack-keep-local	13371	590d0f706ab43e93bd33630a0f46e9f7ae79e9f05052e0dcec4a69b844a7871f	completed run log/expanded input/export; archive exact bytes, retain local comparison paths
benchmarks/reconstructed_fault/bp3_runtime/results/staggered/rng-accepted-2-rank1.txt	generated/rebuildable artifact	untrack-keep-local	13373	67137d32f7de7d079f49913a547a46f4fe8babef1dd4ca73b12ff2c3dfc4e700	completed run log/expanded input/export; archive exact bytes, retain local comparison paths
benchmarks/reconstructed_fault/bp3_runtime/results/staggered/rng-backup-0-rank0.txt	generated/rebuildable artifact	untrack-keep-local	13381	673d418334697e7b2233a21601f14cda4c8172e7a827ac3cf19ef62cef92ab60	completed run log/expanded input/export; archive exact bytes, retain local comparison paths
benchmarks/reconstructed_fault/bp3_runtime/results/staggered/rng-backup-0-rank1.txt	generated/rebuildable artifact	untrack-keep-local	13382	6f7257842c8ce628eecf81e191c9bb8de2faedd8a67d2dba7dfa94245e721fb4	completed run log/expanded input/export; archive exact bytes, retain local comparison paths
benchmarks/reconstructed_fault/bp3_runtime/results/staggered/rng-backup-1-rank0.txt	generated/rebuildable artifact	untrack-keep-local	13381	673d418334697e7b2233a21601f14cda4c8172e7a827ac3cf19ef62cef92ab60	completed run log/expanded input/export; archive exact bytes, retain local comparison paths
benchmarks/reconstructed_fault/bp3_runtime/results/staggered/rng-backup-1-rank1.txt	generated/rebuildable artifact	untrack-keep-local	13382	6f7257842c8ce628eecf81e191c9bb8de2faedd8a67d2dba7dfa94245e721fb4	completed run log/expanded input/export; archive exact bytes, retain local comparison paths
benchmarks/reconstructed_fault/bp3_runtime/results/staggered/rng-backup-2-rank0.txt	generated/rebuildable artifact	untrack-keep-local	13371	f4e5f693c092647920a69299050747d5cea4a9c498c884b81fb8c794fc89ce46	completed run log/expanded input/export; archive exact bytes, retain local comparison paths
benchmarks/reconstructed_fault/bp3_runtime/results/staggered/rng-backup-2-rank1.txt	generated/rebuildable artifact	untrack-keep-local	13373	f5f6aab1b955fb45bec2d814791b452f9b74cf64f792cc8fad83d0f705d0a55d	completed run log/expanded input/export; archive exact bytes, retain local comparison paths
benchmarks/reconstructed_fault/bp3_runtime/results/staggered/rng-checkpoint-1-rank0.txt	generated/rebuildable artifact	untrack-keep-local	13381	673d418334697e7b2233a21601f14cda4c8172e7a827ac3cf19ef62cef92ab60	completed run log/expanded input/export; archive exact bytes, retain local comparison paths
benchmarks/reconstructed_fault/bp3_runtime/results/staggered/rng-checkpoint-1-rank1.txt	generated/rebuildable artifact	untrack-keep-local	13382	6f7257842c8ce628eecf81e191c9bb8de2faedd8a67d2dba7dfa94245e721fb4	completed run log/expanded input/export; archive exact bytes, retain local comparison paths
benchmarks/reconstructed_fault/bp3_runtime/results/staggered/rng-checkpoint-2-rank0.txt	generated/rebuildable artifact	untrack-keep-local	13371	f4e5f693c092647920a69299050747d5cea4a9c498c884b81fb8c794fc89ce46	completed run log/expanded input/export; archive exact bytes, retain local comparison paths
benchmarks/reconstructed_fault/bp3_runtime/results/staggered/rng-checkpoint-2-rank1.txt	generated/rebuildable artifact	untrack-keep-local	13373	f5f6aab1b955fb45bec2d814791b452f9b74cf64f792cc8fad83d0f705d0a55d	completed run log/expanded input/export; archive exact bytes, retain local comparison paths
benchmarks/reconstructed_fault/bp3_runtime/results/staggered/rng-checkpoint-3-rank0.txt	generated/rebuildable artifact	untrack-keep-local	13371	590d0f706ab43e93bd33630a0f46e9f7ae79e9f05052e0dcec4a69b844a7871f	completed run log/expanded input/export; archive exact bytes, retain local comparison paths
benchmarks/reconstructed_fault/bp3_runtime/results/staggered/rng-checkpoint-3-rank1.txt	generated/rebuildable artifact	untrack-keep-local	13373	67137d32f7de7d079f49913a547a46f4fe8babef1dd4ca73b12ff2c3dfc4e700	completed run log/expanded input/export; archive exact bytes, retain local comparison paths
benchmarks/reconstructed_fault/bp3_runtime/results/staggered/rng-generated-0-rank0.txt	generated/rebuildable artifact	untrack-keep-local	13381	673d418334697e7b2233a21601f14cda4c8172e7a827ac3cf19ef62cef92ab60	completed run log/expanded input/export; archive exact bytes, retain local comparison paths
benchmarks/reconstructed_fault/bp3_runtime/results/staggered/rng-generated-0-rank1.txt	generated/rebuildable artifact	untrack-keep-local	13382	6f7257842c8ce628eecf81e191c9bb8de2faedd8a67d2dba7dfa94245e721fb4	completed run log/expanded input/export; archive exact bytes, retain local comparison paths
benchmarks/reconstructed_fault/bp3_runtime/results/staggered/rng-incoming-0-rank0.txt	generated/rebuildable artifact	untrack-keep-local	13381	673d418334697e7b2233a21601f14cda4c8172e7a827ac3cf19ef62cef92ab60	completed run log/expanded input/export; archive exact bytes, retain local comparison paths
benchmarks/reconstructed_fault/bp3_runtime/results/staggered/rng-incoming-0-rank1.txt	generated/rebuildable artifact	untrack-keep-local	13382	6f7257842c8ce628eecf81e191c9bb8de2faedd8a67d2dba7dfa94245e721fb4	completed run log/expanded input/export; archive exact bytes, retain local comparison paths
benchmarks/reconstructed_fault/bp3_runtime/results/staggered/rng-incoming-1-rank0.txt	generated/rebuildable artifact	untrack-keep-local	13371	f4e5f693c092647920a69299050747d5cea4a9c498c884b81fb8c794fc89ce46	completed run log/expanded input/export; archive exact bytes, retain local comparison paths
benchmarks/reconstructed_fault/bp3_runtime/results/staggered/rng-incoming-1-rank1.txt	generated/rebuildable artifact	untrack-keep-local	13373	f5f6aab1b955fb45bec2d814791b452f9b74cf64f792cc8fad83d0f705d0a55d	completed run log/expanded input/export; archive exact bytes, retain local comparison paths
benchmarks/reconstructed_fault/bp3_runtime/results/staggered/rng-incoming-2-rank0.txt	generated/rebuildable artifact	untrack-keep-local	13371	590d0f706ab43e93bd33630a0f46e9f7ae79e9f05052e0dcec4a69b844a7871f	completed run log/expanded input/export; archive exact bytes, retain local comparison paths
benchmarks/reconstructed_fault/bp3_runtime/results/staggered/rng-incoming-2-rank1.txt	generated/rebuildable artifact	untrack-keep-local	13373	67137d32f7de7d079f49913a547a46f4fe8babef1dd4ca73b12ff2c3dfc4e700	completed run log/expanded input/export; archive exact bytes, retain local comparison paths
benchmarks/reconstructed_fault/bp3_runtime/results/staggered/rng-managed-0-rank0.txt	generated/rebuildable artifact	untrack-keep-local	13381	673d418334697e7b2233a21601f14cda4c8172e7a827ac3cf19ef62cef92ab60	completed run log/expanded input/export; archive exact bytes, retain local comparison paths
benchmarks/reconstructed_fault/bp3_runtime/results/staggered/rng-managed-0-rank1.txt	generated/rebuildable artifact	untrack-keep-local	13382	6f7257842c8ce628eecf81e191c9bb8de2faedd8a67d2dba7dfa94245e721fb4	completed run log/expanded input/export; archive exact bytes, retain local comparison paths
benchmarks/reconstructed_fault/bp3_runtime/results/staggered/rng-managed-1-rank0.txt	generated/rebuildable artifact	untrack-keep-local	13371	f4e5f693c092647920a69299050747d5cea4a9c498c884b81fb8c794fc89ce46	completed run log/expanded input/export; archive exact bytes, retain local comparison paths
benchmarks/reconstructed_fault/bp3_runtime/results/staggered/rng-managed-1-rank1.txt	generated/rebuildable artifact	untrack-keep-local	13373	f5f6aab1b955fb45bec2d814791b452f9b74cf64f792cc8fad83d0f705d0a55d	completed run log/expanded input/export; archive exact bytes, retain local comparison paths
benchmarks/reconstructed_fault/bp3_runtime/results/staggered/rng-managed-2-rank0.txt	generated/rebuildable artifact	untrack-keep-local	13371	590d0f706ab43e93bd33630a0f46e9f7ae79e9f05052e0dcec4a69b844a7871f	completed run log/expanded input/export; archive exact bytes, retain local comparison paths
benchmarks/reconstructed_fault/bp3_runtime/results/staggered/rng-managed-2-rank1.txt	generated/rebuildable artifact	untrack-keep-local	13373	67137d32f7de7d079f49913a547a46f4fe8babef1dd4ca73b12ff2c3dfc4e700	completed run log/expanded input/export; archive exact bytes, retain local comparison paths
benchmarks/reconstructed_fault/bp3_runtime/results/staggered/rng-restored_before_advection-0-rank0.txt	generated/rebuildable artifact	untrack-keep-local	13381	673d418334697e7b2233a21601f14cda4c8172e7a827ac3cf19ef62cef92ab60	completed run log/expanded input/export; archive exact bytes, retain local comparison paths
benchmarks/reconstructed_fault/bp3_runtime/results/staggered/rng-restored_before_advection-0-rank1.txt	generated/rebuildable artifact	untrack-keep-local	13382	6f7257842c8ce628eecf81e191c9bb8de2faedd8a67d2dba7dfa94245e721fb4	completed run log/expanded input/export; archive exact bytes, retain local comparison paths
benchmarks/reconstructed_fault/bp3_runtime/results/staggered/rng-restored_before_advection-1-rank0.txt	generated/rebuildable artifact	untrack-keep-local	13381	673d418334697e7b2233a21601f14cda4c8172e7a827ac3cf19ef62cef92ab60	completed run log/expanded input/export; archive exact bytes, retain local comparison paths
benchmarks/reconstructed_fault/bp3_runtime/results/staggered/rng-restored_before_advection-1-rank1.txt	generated/rebuildable artifact	untrack-keep-local	13382	6f7257842c8ce628eecf81e191c9bb8de2faedd8a67d2dba7dfa94245e721fb4	completed run log/expanded input/export; archive exact bytes, retain local comparison paths
benchmarks/reconstructed_fault/bp3_runtime/results/staggered/rng-restored_before_advection-2-rank0.txt	generated/rebuildable artifact	untrack-keep-local	13371	f4e5f693c092647920a69299050747d5cea4a9c498c884b81fb8c794fc89ce46	completed run log/expanded input/export; archive exact bytes, retain local comparison paths
benchmarks/reconstructed_fault/bp3_runtime/results/staggered/rng-restored_before_advection-2-rank1.txt	generated/rebuildable artifact	untrack-keep-local	13373	f5f6aab1b955fb45bec2d814791b452f9b74cf64f792cc8fad83d0f705d0a55d	completed run log/expanded input/export; archive exact bytes, retain local comparison paths
benchmarks/reconstructed_fault/bp3_runtime/results/summary.json	deliberate test reference	keep	5430	8eaa4f699a0a08d8684b981248a0a3ad3df7fd73780160e6e515155274b0a455	compact qualification summary/provenance retained with regression
benchmarks/reconstructed_fault/bp3_runtime/run_cases.py	maintained benchmark	keep	1057	8e148e883bb1e10569c1c5964a3a21b9c0d3599cf4dbb49b217d5408981490cc	benchmark or regression build/run/check dependency
benchmarks/reconstructed_fault/bp3_runtime/run_logged.py	maintained benchmark	keep	1485	4854696014c859945122f4329ed2c1abaa3037265b084f5e78ba53d2d5eec605	benchmark or regression build/run/check dependency
benchmarks/reconstructed_fault/bp3_runtime/summarize.py	maintained benchmark	keep	5533	a5ee3523d14fe5edf99ef19d9b766259f594172b94bd73fc2323ab403d68dfb9	benchmark or regression build/run/check dependency
benchmarks/reconstructed_fault/bp5/CLEANUP.md	uncertain or active research	keep	3905	7be9148ed0efddec58c0ea8e4c4a46049a5f85ef87fdf4f705d84f5b0c23865a	normal-stress/performance research and manual server workflows; no activity/obsolescence assumption
benchmarks/reconstructed_fault/bp5/CMakeLists.txt	uncertain or active research	keep	2185	52c6a0e88d49e3999588de041e75176cb601bafd09c73e6ed4933a7498927c25	normal-stress/performance research and manual server workflows; no activity/obsolescence assumption
benchmarks/reconstructed_fault/bp5/README.md	uncertain or active research	keep	8837	23fdac5edb6fe32367393d3185d9dfcd0688dd18a5e8f44b0775e50a3f5a18cd	normal-stress/performance research and manual server workflows; no activity/obsolescence assumption
benchmarks/reconstructed_fault/bp5/analyze_clean_background.py	uncertain or active research	keep	9109	b28ef9b2403a3b469bb0c2cb161f5cc3675fc8b2d71c2ed56ad4c1adf40070d8	normal-stress/performance research and manual server workflows; no activity/obsolescence assumption
benchmarks/reconstructed_fault/bp5/analyze_clean_stress_cycle.py	uncertain or active research	keep	10236	b2890dd42e2291087009932826a87c77279251cd8ef95cb898a889db50cc6994	normal-stress/performance research and manual server workflows; no activity/obsolescence assumption
benchmarks/reconstructed_fault/bp5/analyze_coupled.py	uncertain or active research	keep	11360	31e5341fe568150d4250d9c37f24f0e23676997469e67255f10bcd8667793e63	normal-stress/performance research and manual server workflows; no activity/obsolescence assumption
benchmarks/reconstructed_fault/bp5/analyze_inclined_moment.py	uncertain or active research	keep	12567	dcdd38a6f96f40003d4266c2dfe38e19004e810c990c83b0bd6d09fe80788343	normal-stress/performance research and manual server workflows; no activity/obsolescence assumption
benchmarks/reconstructed_fault/bp5/analyze_loading_startup.py	uncertain or active research	keep	10591	8ec11a09546d48fc14d6bfff989a71bfb812e70901589f918c1646e14195e83f	normal-stress/performance research and manual server workflows; no activity/obsolescence assumption
benchmarks/reconstructed_fault/bp5/analyze_loading_tractions.py	uncertain or active research	keep	14606	0109698ceaeead7d2d2b332568b670e37b9d34c75f7d029852a520b72b567725	normal-stress/performance research and manual server workflows; no activity/obsolescence assumption
benchmarks/reconstructed_fault/bp5/analyze_moment_cycle.py	uncertain or active research	keep	7227	c19865de3bed9bc2d1d288bb314b1e6e8cc27492a10faf3afba9fc15562e5a98	normal-stress/performance research and manual server workflows; no activity/obsolescence assumption
benchmarks/reconstructed_fault/bp5/analyze_normal_control.py	uncertain or active research	keep	9248	2491c49f94ab8db5b5e6b125c9ce5852787e4bba0e945ef138c7159451b04df2	normal-stress/performance research and manual server workflows; no activity/obsolescence assumption
benchmarks/reconstructed_fault/bp5/analyze_normal_stress_experiment.py	uncertain or active research	keep	8230	0a8034650ddb88b5770772e7d0578618bd5c998b87f474c2c5369b4de85de268	normal-stress/performance research and manual server workflows; no activity/obsolescence assumption
benchmarks/reconstructed_fault/bp5/analyze_probes.py	uncertain or active research	keep	9176	8478d206ce7144540f5dc1fb33e9cc2bf0a987366f4dc9bddb48155338256740	normal-stress/performance research and manual server workflows; no activity/obsolescence assumption
benchmarks/reconstructed_fault/bp5/analyze_small_startup.py	uncertain or active research	keep	8909	100ba9ff7c912de9b1c06c157b8e7a1796b5ae78537391293607944bf32ed05b	normal-stress/performance research and manual server workflows; no activity/obsolescence assumption
benchmarks/reconstructed_fault/bp5/analyze_startup_30km.py	uncertain or active research	keep	2244	c3e6de3b49f5a14e08bbfa8ca6a28f4e5a7c3cb10d93fcc2c9d46c6d54f6b002	normal-stress/performance research and manual server workflows; no activity/obsolescence assumption
benchmarks/reconstructed_fault/bp5/analyze_startup_followup.py	uncertain or active research	keep	8724	1e703ba871a8fb24ee2828551631921bc7838f75866c83e0f0511265f23d75c0	normal-stress/performance research and manual server workflows; no activity/obsolescence assumption
benchmarks/reconstructed_fault/bp5/analyze_steady_large_step.py	uncertain or active research	keep	4925	6904180fda860f48fc5b038dc3a108c244f6d1b41503672dfdb647fcd5db598f	normal-stress/performance research and manual server workflows; no activity/obsolescence assumption
benchmarks/reconstructed_fault/bp5/analyze_steady_startup.py	uncertain or active research	keep	9305	80ead4ebb16ea8e7420faae6250fa76c47a5806ad096b2ba6753af7c6d568b23	normal-stress/performance research and manual server workflows; no activity/obsolescence assumption
benchmarks/reconstructed_fault/bp5/analyze_stress_cycle.py	uncertain or active research	keep	6759	fb041df3fba69ccef14ba2be2b12666ea6b7bd48cedc3c49bd87d2f8e2737bd9	normal-stress/performance research and manual server workflows; no activity/obsolescence assumption
benchmarks/reconstructed_fault/bp5/analyze_stress_cycle_cells.py	uncertain or active research	keep	15185	6fec827ee35f8b513edb26c9380964bba4c8bd4377276af279a86ac1e6cffcbf	normal-stress/performance research and manual server workflows; no activity/obsolescence assumption
benchmarks/reconstructed_fault/bp5/analyze_surface_quadrature.py	uncertain or active research	keep	7101	7e18a19b319f29d954291516963e80b86e7786e67173520a42fe63f118a7a7b1	normal-stress/performance research and manual server workflows; no activity/obsolescence assumption
benchmarks/reconstructed_fault/bp5/analyze_weak_initialization.py	uncertain or active research	keep	5313	e99e84b13cbdd606ffbc4eb887e7caf4fff8ad35aeb6d240c1b6900bc01cca0c	normal-stress/performance research and manual server workflows; no activity/obsolescence assumption
benchmarks/reconstructed_fault/bp5/audit_bound.py	uncertain or active research	keep	2108	bbfda5ecd02ce6ab6223a29364373ca43f3d4c4c58bc4e6ffd3f28a4e8ffcc08	normal-stress/performance research and manual server workflows; no activity/obsolescence assumption
benchmarks/reconstructed_fault/bp5/audit_inclined_traction.py	uncertain or active research	keep	8610	10224594a7972037189fb36d6111188c45c1e16c560ebfa3b0142cb1109aff11	normal-stress/performance research and manual server workflows; no activity/obsolescence assumption
benchmarks/reconstructed_fault/bp5/bp5_friction_dc010_ell100.prm	uncertain or active research	keep	407	7befb9a3d28a20ae884742d77640a47b1dc5626060347cb9dd1518b4031dd04a	normal-stress/performance research and manual server workflows; no activity/obsolescence assumption
benchmarks/reconstructed_fault/bp5/bp5_friction_dc010_ell100_short_test.md	uncertain or active research	keep	15592	908d5fdfc9252dbe8180315cf3e6d613f6a87d65bac0aadc598c5b33afcf57b9	normal-stress/performance research and manual server workflows; no activity/obsolescence assumption
benchmarks/reconstructed_fault/bp5/bp5_loading_driven_initialization_codex_task.md	uncertain or active research	keep	14737	0c92184490af928c6b9004908b1a69a970948b09ed9188d33fa7d45dff647d8a	normal-stress/performance research and manual server workflows; no activity/obsolescence assumption
benchmarks/reconstructed_fault/bp5/bp5_moment_consistency_instructions.md	uncertain or active research	keep	15079	8c987c6efd2866f35e99356e6e9a6420f66ffa4ed5dfd45f856394f0d5cab8f1	normal-stress/performance research and manual server workflows; no activity/obsolescence assumption
benchmarks/reconstructed_fault/bp5/bp5_normal_stress_diagnostic_instructions.md	uncertain or active research	keep	14247	423a3b8ee23226a14cabf73c91edeee07640a976b8a7c220441e6de6f2ef67f1	normal-stress/performance research and manual server workflows; no activity/obsolescence assumption
benchmarks/reconstructed_fault/bp5/bp5_normal_stress_filter_instructions.md	uncertain or active research	keep	17543	d3411061af3e023e544f6fd6ae2fcbd45e689899bec898e2c9d0f8bcce76f5d8	normal-stress/performance research and manual server workflows; no activity/obsolescence assumption
benchmarks/reconstructed_fault/bp5/check_startup_30km.py	uncertain or active research	keep	8339	fca31121f98bf2f4f8dcfabf2e4fb7b66ac5c7495028388af8f693faa8994e84	normal-stress/performance research and manual server workflows; no activity/obsolescence assumption
benchmarks/reconstructed_fault/bp5/clean-stress-cycle/README.md	uncertain or active research	keep	10298	e6834e0f37520d1b44782453b2070629cc797340d4d73975452ff63b2b945008	normal-stress/performance research and manual server workflows; no activity/obsolescence assumption
benchmarks/reconstructed_fault/bp5/clean_background.py	uncertain or active research	keep	2280	ce29a6d31f6ae0daf5a7037f7225f784049741a99c64ee3038e816f9125f8c5d	normal-stress/performance research and manual server workflows; no activity/obsolescence assumption
benchmarks/reconstructed_fault/bp5/clean_background_report.md	uncertain or active research	keep	9082	d7b1488fb4056ca3853e55fa1f547929e9f6a55c76747950718229229a8860d1	normal-stress/performance research and manual server workflows; no activity/obsolescence assumption
benchmarks/reconstructed_fault/bp5/clean_stress_control.prm	uncertain or active research	keep	311	1e90f5da08fad618c1e97643f6bf4f8302ca16faa0a020f319e8a6e14ebe159d	normal-stress/performance research and manual server workflows; no activity/obsolescence assumption
benchmarks/reconstructed_fault/bp5/clean_stress_cycle.cc	uncertain or active research	keep	12949	3f8f75e4a9f1d55852fc7760a57290a58d76783f0069e9de66de11c261ae13c4	normal-stress/performance research and manual server workflows; no activity/obsolescence assumption
benchmarks/reconstructed_fault/bp5/clean_stress_cycle.prm	uncertain or active research	keep	4864	b4b807a6a8fda1aeb46c2b0755abb028931521d12c0c0416aba08574cefd155a	normal-stress/performance research and manual server workflows; no activity/obsolescence assumption
benchmarks/reconstructed_fault/bp5/first_event.slurm	uncertain or active research	keep	966	e76a0dabb7911055f27b54d07b254f1386d70422eb769dda10c4c52a361dcb80	normal-stress/performance research and manual server workflows; no activity/obsolescence assumption
benchmarks/reconstructed_fault/bp5/first_event_source_files.md	uncertain or active research	keep	4116	8df24d75b3af5fab9bb57ad2421ee264aba1af14c5ca45bd7f096b38040cc107	normal-stress/performance research and manual server workflows; no activity/obsolescence assumption
benchmarks/reconstructed_fault/bp5/inclined_fault.txt	uncertain or active research	keep	151	2e0e8d0fa7e53789a0c420bac8269017cbf0f67cc26d8dccc9e4d96dc0fb78f2	normal-stress/performance research and manual server workflows; no activity/obsolescence assumption
benchmarks/reconstructed_fault/bp5/inclined_native_history_reference.prm	uncertain or active research	keep	5231	65da7510a975238d6990445542a8a580065a0279b522df58b4c8fcb499c65f53	normal-stress/performance research and manual server workflows; no activity/obsolescence assumption
benchmarks/reconstructed_fault/bp5/inclined_production.prm	uncertain or active research	keep	5203	36f9d79851bbb1f0f627544d75a1dfa0967b66a62be2d023563bc9057b461e82	normal-stress/performance research and manual server workflows; no activity/obsolescence assumption
benchmarks/reconstructed_fault/bp5/interpolation-inclined/A-two.prm	uncertain or active research	keep	159	689e4e8c95b1f09e8ec86d1cda54c2797ae4fa2adfad4b9d1fd3334641e51939	normal-stress/performance research and manual server workflows; no activity/obsolescence assumption
benchmarks/reconstructed_fault/bp5/interpolation-inclined/A.prm	uncertain or active research	keep	164	07cca165cde1b39a45c6d2a721ee81d94e066c60be93b551ac06cc2c8d5cb0fd	normal-stress/performance research and manual server workflows; no activity/obsolescence assumption
benchmarks/reconstructed_fault/bp5/interpolation-inclined/B-two.prm	uncertain or active research	keep	159	13b979e50d16278baa78836b1e77d2fb743fd6b3c289d7292f915d77cdecef08	normal-stress/performance research and manual server workflows; no activity/obsolescence assumption
benchmarks/reconstructed_fault/bp5/interpolation-inclined/B.prm	uncertain or active research	keep	251	9de64e77632098d92a184ed8a5572ccd97905557a8194568857177059440ed08	normal-stress/performance research and manual server workflows; no activity/obsolescence assumption
benchmarks/reconstructed_fault/bp5/interpolation-inclined/C-two.prm	uncertain or active research	keep	159	d7b9927238ba02fedfff44c503d8f58db3d8ee7479d651fd1f7c7db870614827	normal-stress/performance research and manual server workflows; no activity/obsolescence assumption
benchmarks/reconstructed_fault/bp5/interpolation-inclined/C.prm	uncertain or active research	keep	266	a60adf128486e7833bf3344ce05af20c09528b00203a21ac99f1d9dccca36d88	normal-stress/performance research and manual server workflows; no activity/obsolescence assumption
benchmarks/reconstructed_fault/bp5/interpolation-inclined/README.md	uncertain or active research	keep	11756	2b8738814fa0f04cac376c47c029f157a46552ddc15bd74d09dbe5e3b9aa0333	normal-stress/performance research and manual server workflows; no activity/obsolescence assumption
benchmarks/reconstructed_fault/bp5/interpolation-inclined/analyze.py	uncertain or active research	keep	13171	d409e534fbe4f11b852d5b05d2f793768b21618811a420a35388dd42a264dade	normal-stress/performance research and manual server workflows; no activity/obsolescence assumption
benchmarks/reconstructed_fault/bp5/interpolation-inclined/cleanup-A.prm	uncertain or active research	keep	169	37437e7c4c43599d50bf66452c9ba53e9b140b970c894a4eb9286f0dc44112af	normal-stress/performance research and manual server workflows; no activity/obsolescence assumption
benchmarks/reconstructed_fault/bp5/interpolation-inclined/cleanup-B.prm	uncertain or active research	keep	169	2534914569bb21fff940c849e5e57bfda6f200c17b20fb2de34485193f9cb1ae	normal-stress/performance research and manual server workflows; no activity/obsolescence assumption
benchmarks/reconstructed_fault/bp5/interpolation-inclined/common.prm	uncertain or active research	keep	798	d173a1d7cc1d52ebcf505e11c5dff30978dd68239531a64fd963ac6229130c5f	normal-stress/performance research and manual server workflows; no activity/obsolescence assumption
benchmarks/reconstructed_fault/bp5/interpolation-inclined/environment.sh	uncertain or active research	keep	347	ea4d4a4e57101621388b5f0f0021201fea4d78fc1e61ff7c61cb6e4aa3836e54	normal-stress/performance research and manual server workflows; no activity/obsolescence assumption
benchmarks/reconstructed_fault/bp5/interpolation-inclined/test_analysis.py	uncertain or active research	keep	1044	176c58ab94424f224a452949dde10a5dd55df5962d9c2bd3ea69f5357bc6548b	normal-stress/performance research and manual server workflows; no activity/obsolescence assumption
benchmarks/reconstructed_fault/bp5/loading_initialization_report.md	uncertain or active research	keep	12578	c4ee9556b5905fdd9f925a5b95963a6eae825688a3c7e29ee12e5dc5b3051a6f	normal-stress/performance research and manual server workflows; no activity/obsolescence assumption
benchmarks/reconstructed_fault/bp5/loading_normal_control_report.md	uncertain or active research	keep	9171	54b43b27e1b4cca671f125b510cb3fe4431f7dc143610f4e49e69a88a3db555f	normal-stress/performance research and manual server workflows; no activity/obsolescence assumption
benchmarks/reconstructed_fault/bp5/loading_quadrature_diagnosis.md	uncertain or active research	keep	10857	c1ca786f44ab11ac0fa164d93c2ad92f22c74f19163fd819bb4af18c90ac10ef	normal-stress/performance research and manual server workflows; no activity/obsolescence assumption
benchmarks/reconstructed_fault/bp5/loading_server_README.md	uncertain or active research	keep	4709	33564f7ba9375dc200398aa0b94ef3f08bae65eec2ed33c4aaf13c1bd5bb9268	normal-stress/performance research and manual server workflows; no activity/obsolescence assumption
benchmarks/reconstructed_fault/bp5/loading_surface_quadrature_report.md	uncertain or active research	keep	11595	ae49cfaf5d16ee232d412b54c0771ec99fc98da83007f472301ba13c7d04c35c	normal-stress/performance research and manual server workflows; no activity/obsolescence assumption
benchmarks/reconstructed_fault/bp5/loading_traction_diagnosis.md	uncertain or active research	keep	11004	78028449083a4804f99e42678106a88a99144a4abc124ba648ff7e2c21b5d373	normal-stress/performance research and manual server workflows; no activity/obsolescence assumption
benchmarks/reconstructed_fault/bp5/moment-consistency/report.md	uncertain or active research	keep	12956	391346556bda45ae9d9904885b215bce7f4ad1ea5ad0977a476e7cc65e3f6666	normal-stress/performance research and manual server workflows; no activity/obsolescence assumption
benchmarks/reconstructed_fault/bp5/moment-inclined/report.md	uncertain or active research	keep	11137	d692c1e65f1b5bc57e8abf46fe588ea6df0269bcfaff930d99f16d1c188882e0	normal-stress/performance research and manual server workflows; no activity/obsolescence assumption
benchmarks/reconstructed_fault/bp5/moment-inclined/traction-audit/report.md	uncertain or active research	keep	8761	689c17f83a741f26c52fa33b63b09c792ac467965e8ac6cb505a13f6402500cc	normal-stress/performance research and manual server workflows; no activity/obsolescence assumption
benchmarks/reconstructed_fault/bp5/moment-qualified-final/report.md	uncertain or active research	keep	11794	57876a706ee223f3db963b1e6da4ca760c954375ef40de072878bf46cd8a947d	normal-stress/performance research and manual server workflows; no activity/obsolescence assumption
benchmarks/reconstructed_fault/bp5/moment_cycle.cc	uncertain or active research	keep	25253	7431275765a99215fb72134f8f06c44f2b2cdfe4745443a9b7aab6979bc92da5	normal-stress/performance research and manual server workflows; no activity/obsolescence assumption
benchmarks/reconstructed_fault/bp5/moment_horizontal_moment_update.prm	uncertain or active research	keep	5042	e970b5cbcf4727c97db0d183b5ade3e6945d3e447f3d9143713ec145965cc488	normal-stress/performance research and manual server workflows; no activity/obsolescence assumption
benchmarks/reconstructed_fault/bp5/moment_native_history_reference.prm	uncertain or active research	keep	5042	f9a7f41bc9cdd6f4bc97e1ef838a63d9c6f2bcc87735c77ecfe0de81ed92fa7f	normal-stress/performance research and manual server workflows; no activity/obsolescence assumption
benchmarks/reconstructed_fault/bp5/moment_production.prm	uncertain or active research	keep	5014	0e07b85ece68b549706e20a3434e8cdbec99390f4bcad96fcf8fa47f27905c8c	normal-stress/performance research and manual server workflows; no activity/obsolescence assumption
benchmarks/reconstructed_fault/bp5/normal-filter/F1.prm	uncertain or active research	keep	7268	b6a898e3e881c572f3544edea1645e24011f8b00f15dc00847c9ff29d85b4e04	normal-stress/performance research and manual server workflows; no activity/obsolescence assumption
benchmarks/reconstructed_fault/bp5/normal-filter/F2.prm	uncertain or active research	keep	7268	62209c93bcb37d69f8ce6679a3301983a15b1bda1fd4267d0ee96fb937e68d27	normal-stress/performance research and manual server workflows; no activity/obsolescence assumption
benchmarks/reconstructed_fault/bp5/normal-filter/R.prm	uncertain or active research	keep	7150	acda3aae6c3ef7185a1d1a0af5b25ec77d2fb329e8aaba36a87109e4dcc80220	normal-stress/performance research and manual server workflows; no activity/obsolescence assumption
benchmarks/reconstructed_fault/bp5/normal-filter/README.md	uncertain or active research	keep	7743	bcf6d2b51580e90288ebb63e564e9ccbe0e9201679fb64b032ea3865177b9121	normal-stress/performance research and manual server workflows; no activity/obsolescence assumption
benchmarks/reconstructed_fault/bp5/normal-filter/analyze.py	uncertain or active research	keep	11820	309eecb5d01bc0aba6fa7a520ebc2d7fb1ec7c4f03ae03a34914066c6c0baa81	normal-stress/performance research and manual server workflows; no activity/obsolescence assumption
benchmarks/reconstructed_fault/bp5/normal-filter/assess_half.py	uncertain or active research	keep	10219	9a29b0777644664741dca3c4cf41db50083d9e201a5d830cd7b2049de663d923	normal-stress/performance research and manual server workflows; no activity/obsolescence assumption
benchmarks/reconstructed_fault/bp5/normal-filter/half/report.md	uncertain or active research	keep	8927	d1b6ecfdb09898c71dcf4347e72e511a2d45f438010d615f17e0a70178a3b640	normal-stress/performance research and manual server workflows; no activity/obsolescence assumption
benchmarks/reconstructed_fault/bp5/normal-filter/report.md	uncertain or active research	keep	7351	649b88b1ea0ecfb2fd41d166a4a47ca7328b39e41a6cfbd2a7a606e591bb2cf0	normal-stress/performance research and manual server workflows; no activity/obsolescence assumption
benchmarks/reconstructed_fault/bp5/normal-filter/run.py	uncertain or active research	keep	9081	bd2b8b0cfe901bfa52166cd9b3b08cc795b2f25fc1038199994f0819f8d84ce7	normal-stress/performance research and manual server workflows; no activity/obsolescence assumption
benchmarks/reconstructed_fault/bp5/normal-filter/server/F1-half.prm	uncertain or active research	keep	7373	68faa6775df4df93e8272028e4a4542daab081abb6060158e5bb46e5f896bbcb	normal-stress/performance research and manual server workflows; no activity/obsolescence assumption
benchmarks/reconstructed_fault/bp5/normal-filter/server/F1.prm	uncertain or active research	keep	7273	b1cf9c437972c1855fe1649013e011e856673bc3f748d582b21fbdf2511500e9	normal-stress/performance research and manual server workflows; no activity/obsolescence assumption
benchmarks/reconstructed_fault/bp5/normal-filter/server/F2-half.prm	uncertain or active research	keep	7373	13130a8aa76896edd9bb085203195b06928f3ab11652e5aeb3e80e240057e900	normal-stress/performance research and manual server workflows; no activity/obsolescence assumption
benchmarks/reconstructed_fault/bp5/normal-filter/server/F2.prm	uncertain or active research	keep	7273	e1620b2a4b9acc084934f474615735c3adaa887f6eb7e4e426e77a545514159a	normal-stress/performance research and manual server workflows; no activity/obsolescence assumption
benchmarks/reconstructed_fault/bp5/normal-filter/server/R-half.prm	uncertain or active research	keep	7365	ed252e179a31f3bc5d67a3af523af6d6347ad678d8cdcfcaa774867944f4e029	normal-stress/performance research and manual server workflows; no activity/obsolescence assumption
benchmarks/reconstructed_fault/bp5/normal-filter/server/R.prm	uncertain or active research	keep	7141	9f588f075a2f5c77bd736c1f0de069f5c85890cb3eb768a7e67c8c4cf563cba4	normal-stress/performance research and manual server workflows; no activity/obsolescence assumption
benchmarks/reconstructed_fault/bp5/normal-filter/server/README-half-retry.md	uncertain or active research	keep	5520	7787e7fb9888976f4f6e61a3531b4aa9d19f09534929445e2d239807ecf83a1e	normal-stress/performance research and manual server workflows; no activity/obsolescence assumption
benchmarks/reconstructed_fault/bp5/normal-filter/server/README.md	uncertain or active research	keep	7988	df09a560397ac00768826427578de8ad0c421b81eee63c7ae17e81fb7e791426	normal-stress/performance research and manual server workflows; no activity/obsolescence assumption
benchmarks/reconstructed_fault/bp5/normal-filter/server/checkpoint_selector.txt	uncertain or active research	keep	2	4355a46b19d348dc2f57c046f8ef63d4538ebb936000f3c9ee954a27460dd865	normal-stress/performance research and manual server workflows; no activity/obsolescence assumption
benchmarks/reconstructed_fault/bp5/normal-filter/server/environment.sh	uncertain or active research	keep	495	5bb44d6fe473f62244092b4b92bc2c95b1ee9b4678d7b9487c354b4d631b5ddd	normal-stress/performance research and manual server workflows; no activity/obsolescence assumption
benchmarks/reconstructed_fault/bp5/normal-filter/test_analysis.py	uncertain or active research	keep	4329	b18900c162d240e0e15c67863e7cd8ad9f4cd8c35cc93712fe17db28519533e2	normal-stress/performance research and manual server workflows; no activity/obsolescence assumption
benchmarks/reconstructed_fault/bp5/normal-stress-cycle/stress_cycle_report.md	uncertain or active research	keep	10966	f4e6ea21a3bbfe9cf5e2a5d3f913b9dfefbcf436faa1a4c8cf2aaf843351cec4	normal-stress/performance research and manual server workflows; no activity/obsolescence assumption
benchmarks/reconstructed_fault/bp5/normal_control_checks.h	uncertain or active research	keep	3512	3353a8ebbcbfb075c7f93210c3dbd8506fc61d309dc9c4cf1bb1b27e68148a28	normal-stress/performance research and manual server workflows; no activity/obsolescence assumption
benchmarks/reconstructed_fault/bp5/normal_filter_clock.cc	uncertain or active research	keep	2769	d0c485c34fbf62c60cf62504f646fae515a7044fe2e7c732109224c0ca4ae4f4	normal-stress/performance research and manual server workflows; no activity/obsolescence assumption
benchmarks/reconstructed_fault/bp5/normal_filter_test.prm	uncertain or active research	keep	578	758fe3232d183b4bd16b38466df6f5c598e3c7db2da9bbeeac6b9c4aeba69334	normal-stress/performance research and manual server workflows; no activity/obsolescence assumption
benchmarks/reconstructed_fault/bp5/normal_stress_12solve_README.md	uncertain or active research	keep	11901	970b32594a09b4965e024394112f2c58ccb05f8a2f1ccc6604267e83c6707992	normal-stress/performance research and manual server workflows; no activity/obsolescence assumption
benchmarks/reconstructed_fault/bp5/normal_stress_AB_README.md	uncertain or active research	keep	4083	40f4369a5b5d215688bac9c6365b90cbc6321254700b01b334a9cd3c9313725e	normal-stress/performance research and manual server workflows; no activity/obsolescence assumption
benchmarks/reconstructed_fault/bp5/normal_stress_clock.h	uncertain or active research	keep	5878	871843e7fddab17d8e5a4fe2e27b7c8fd91d158e6d0aa7ae6c1ef7ba214079ff	normal-stress/performance research and manual server workflows; no activity/obsolescence assumption
benchmarks/reconstructed_fault/bp5/normal_stress_diagnostic.cc	uncertain or active research	keep	38529	2ec46e0f02a6d007bf44e6993ae522191c4bf506c753f81857ad5b3c5c28a6a3	normal-stress/performance research and manual server workflows; no activity/obsolescence assumption
benchmarks/reconstructed_fault/bp5/normal_stress_diagnostic_README.md	uncertain or active research	keep	11933	b590e4e0affd2cd1004ce4700dceaeeb83359a1f83e8f9e87d85382f8bc70a57	normal-stress/performance research and manual server workflows; no activity/obsolescence assumption
benchmarks/reconstructed_fault/bp5/normal_stress_diagnostic_report.md	uncertain or active research	keep	9303	da8ccf6135b876cb620a0f378fda356ec6c4f63195930a194b8c60cf8e1e90ef	normal-stress/performance research and manual server workflows; no activity/obsolescence assumption
benchmarks/reconstructed_fault/bp5/normal_stress_diagnostic_restart.prm	uncertain or active research	keep	1470	2f3fab78e1c4338d1318184e328acd2988d711e87b773cace25c926f45c2ce8d	normal-stress/performance research and manual server workflows; no activity/obsolescence assumption
benchmarks/reconstructed_fault/bp5/normal_stress_experiment_A.prm	uncertain or active research	keep	7345	e3cd769c08a6b0d8ecb68b53f5b1f775cc33f8b7d0f6c598258946c00fc4ff5e	normal-stress/performance research and manual server workflows; no activity/obsolescence assumption
benchmarks/reconstructed_fault/bp5/normal_stress_experiment_B.prm	uncertain or active research	keep	7645	3b86e44e458be8c14bbac545c54606ca3fb6518518a877675b9e6a4df16694e9	normal-stress/performance research and manual server workflows; no activity/obsolescence assumption
benchmarks/reconstructed_fault/bp5/normal_stress_followup_report.md	uncertain or active research	keep	10650	b33b5a87a7d37dcf3ab0bc1120c34376d9ba4dfce1dbba95675f0906d3add889	normal-stress/performance research and manual server workflows; no activity/obsolescence assumption
benchmarks/reconstructed_fault/bp5/normal_stress_runtime_clock_verification.md	uncertain or active research	keep	4699	a114614da557bc0a1429d0c510743a879cd4889ab8233d6709465b5f547c2a2b	normal-stress/performance research and manual server workflows; no activity/obsolescence assumption
benchmarks/reconstructed_fault/bp5/package_30km.py	uncertain or active research	keep	7730	bcdfba6c13565626ac9d206252bca3ccef561652419f35c99f3eeddfacac2c6f	normal-stress/performance research and manual server workflows; no activity/obsolescence assumption
benchmarks/reconstructed_fault/bp5/package_loading.py	uncertain or active research	keep	8164	50240651961e0320302d349962f94810ebc26489dbc237e30b639bbaa7b553d1	normal-stress/performance research and manual server workflows; no activity/obsolescence assumption
benchmarks/reconstructed_fault/bp5/package_steady.py	uncertain or active research	keep	7454	811b9ddabc87d71c43326ec8e6b5b3ca9c090c4deb69ec58df0ff3392c780903	normal-stress/performance research and manual server workflows; no activity/obsolescence assumption
benchmarks/reconstructed_fault/bp5/plot_accepted.py	uncertain or active research	keep	1657	0ed9d807f9d018cdd88d8fe666af1e19fd30c41d87d32d29d43ae936c4ce5c7d	normal-stress/performance research and manual server workflows; no activity/obsolescence assumption
benchmarks/reconstructed_fault/bp5/plot_cumulative_slip.py	uncertain or active research	keep	3947	949a911a53e0ab17eb716d24c44fc39df317e4dd8aeb9dd88552469b3d4ec5f3	normal-stress/performance research and manual server workflows; no activity/obsolescence assumption
benchmarks/reconstructed_fault/bp5/plot_fault_evolution.py	uncertain or active research	keep	11156	6486d1412ddbf5cc2f6fcd675b5478277ad1fb013ab371210d68a36c31f164a1	normal-stress/performance research and manual server workflows; no activity/obsolescence assumption
benchmarks/reconstructed_fault/bp5/plot_normal_stress_diagnostic.py	uncertain or active research	keep	18575	24840773d125d334159b7b88a71926be4240ba1f46c5f90080d8d041e054a67e	normal-stress/performance research and manual server workflows; no activity/obsolescence assumption
benchmarks/reconstructed_fault/bp5/plot_saved_profiles.py	uncertain or active research	keep	6488	8274e4ca37d7d46ee80aa68f08ca79ef7b2ebc9b110db4593ddc699fa427bc73	normal-stress/performance research and manual server workflows; no activity/obsolescence assumption
benchmarks/reconstructed_fault/bp5/prepare_comparison.py	uncertain or active research	keep	4066	6fdba3b1b815382f92af45d77d62dbecc3077b9976cb1048ee7048316a71ad64	normal-stress/performance research and manual server workflows; no activity/obsolescence assumption
benchmarks/reconstructed_fault/bp5/prepare_normal_stress_experiment.py	uncertain or active research	keep	6983	9df7064d29bf727c98cad2495b0ec54ce471021e4c97b1363d22f88ff4b340c2	normal-stress/performance research and manual server workflows; no activity/obsolescence assumption
benchmarks/reconstructed_fault/bp5/prepare_stress_cycle.py	uncertain or active research	keep	2295	7a671048713bb18d523ea3bc5d9df3779fc1762689897fff096c19ad70919937	normal-stress/performance research and manual server workflows; no activity/obsolescence assumption
benchmarks/reconstructed_fault/bp5/qualify_moment_cycle.py	uncertain or active research	keep	9197	856ab5c4d51740e1d340eb9d4df8242c701897b92207a0ccd07c696d5db7d619	normal-stress/performance research and manual server workflows; no activity/obsolescence assumption
benchmarks/reconstructed_fault/bp5/reintegrate_initial_profile.py	uncertain or active research	keep	20687	9e6d3eff3b2abb30d570420dfa28e93cb55e8a82239ded9209cd0e87c00e0a86	normal-stress/performance research and manual server workflows; no activity/obsolescence assumption
benchmarks/reconstructed_fault/bp5/run_clean_stress_cycle.py	uncertain or active research	keep	1899	cd7e282b94b7a4f71902a28b5f3ca43b0b76d76339096582d39296671ee39583	normal-stress/performance research and manual server workflows; no activity/obsolescence assumption
benchmarks/reconstructed_fault/bp5/run_loading_startup.py	uncertain or active research	keep	1843	253607833abfd2be29d6f129c7e2b5cbe28d584ca214ae7a82ced7bed5361c07	normal-stress/performance research and manual server workflows; no activity/obsolescence assumption
benchmarks/reconstructed_fault/bp5/run_loading_surface.py	uncertain or active research	keep	2628	b70b424c949969d32ffb808f8ba798e379ff1a9402220805298c9427bcb98ef4	normal-stress/performance research and manual server workflows; no activity/obsolescence assumption
benchmarks/reconstructed_fault/bp5/run_moment_cycle.py	uncertain or active research	keep	2664	62104b8829cd63887089bf1a4052344d7ec3710be7e8ae113b14371ba2dd7233	normal-stress/performance research and manual server workflows; no activity/obsolescence assumption
benchmarks/reconstructed_fault/bp5/run_normal_control.py	uncertain or active research	keep	3132	28c3e83b1cbe9902597c3bbf9b2c68d84a853c2edec338a12f74f346b79a5988	normal-stress/performance research and manual server workflows; no activity/obsolescence assumption
benchmarks/reconstructed_fault/bp5/run_normal_stress_experiment.py	uncertain or active research	keep	3699	42cf9b1d7a3b0ef8b1b76e69d73acfb6542daba333355df7e04e8a53edf2efbc	normal-stress/performance research and manual server workflows; no activity/obsolescence assumption
benchmarks/reconstructed_fault/bp5/run_short.py	uncertain or active research	keep	8833	d4ea7cbab4cdac7c5f572e8a95a0944abe83207164af0ca55d560cd0f91570f9	normal-stress/performance research and manual server workflows; no activity/obsolescence assumption
benchmarks/reconstructed_fault/bp5/run_small_startup.py	uncertain or active research	keep	4401	dc42459d1e663365630afc7bc5564aaad048a0d4b32f78e02bb0dfe54bde4625	normal-stress/performance research and manual server workflows; no activity/obsolescence assumption
benchmarks/reconstructed_fault/bp5/run_startup_followup.py	uncertain or active research	keep	4899	aafd81c00ebab5fe588808b366d7d6942e182308576a6b5cf85e8a4296259833	normal-stress/performance research and manual server workflows; no activity/obsolescence assumption
benchmarks/reconstructed_fault/bp5/run_steady_large_step.py	uncertain or active research	keep	5432	785c3f663b99fccef4643a98ac6ca8bba160e6cdbbd898da1fa36bd5361ac81a	normal-stress/performance research and manual server workflows; no activity/obsolescence assumption
benchmarks/reconstructed_fault/bp5/run_steady_startup.py	uncertain or active research	keep	5662	374b41d5a8a31b5fc8690d29738ba8aaccbd1ae5a6d0dda14fb131c8124ee828	normal-stress/performance research and manual server workflows; no activity/obsolescence assumption
benchmarks/reconstructed_fault/bp5/run_stress_cycle.py	uncertain or active research	keep	3452	9fda4aa5e01461f713b60a06db5944faf70aba729bb9d23ed4e187747e19368f	normal-stress/performance research and manual server workflows; no activity/obsolescence assumption
benchmarks/reconstructed_fault/bp5/run_stress_transfer_tests.py	uncertain or active research	keep	2763	4ee857c4a0543dae01f113bf98526c53a05f63e2a83f019e285ce3c17d1d4c6b	normal-stress/performance research and manual server workflows; no activity/obsolescence assumption
benchmarks/reconstructed_fault/bp5/run_surface_quadrature.py	uncertain or active research	keep	3789	313378478b48e1d14b0ec28b5f77aa260d459861a98abcaa2ac67fd72f0a4e86	normal-stress/performance research and manual server workflows; no activity/obsolescence assumption
benchmarks/reconstructed_fault/bp5/run_weak_initialization.py	uncertain or active research	keep	1912	116aa9b5528befeb17eb536d1f87a0297e2d44624f8834dab99a6ca597a9659e	normal-stress/performance research and manual server workflows; no activity/obsolescence assumption
benchmarks/reconstructed_fault/bp5/server-30km-loading-surface8/first_event.prm	uncertain or active research	keep	6533	1c5bf69a24901aa71556f92086225f04440ab8d1e53d29d34c6670ae78db5180	normal-stress/performance research and manual server workflows; no activity/obsolescence assumption
benchmarks/reconstructed_fault/bp5/server-30km-loading-surface8/fixture/completion.txt	uncertain or active research	keep	1259679	d041eed27fcfc365aa1d505e5cc96c14c7c7f6b5b0401388633b09ca1b1aadb5	normal-stress/performance research and manual server workflows; no activity/obsolescence assumption
benchmarks/reconstructed_fault/bp5/server-30km-loading-surface8/fixture/fault.txt	uncertain or active research	keep	66819	4c3f5c126a12d8d9b8a97708a5dc5541354e89124a473ac809f0bcf011951a86	normal-stress/performance research and manual server workflows; no activity/obsolescence assumption
benchmarks/reconstructed_fault/bp5/server-30km-loading-surface8/fixture/target_cells.txt	uncertain or active research	keep	1890820	a1094dc62c98c91375de43eb5e87ba32e3a63f9b37cce8fa050459dc835bb842	normal-stress/performance research and manual server workflows; no activity/obsolescence assumption
benchmarks/reconstructed_fault/bp5/server-30km-loading-surface8/resume.prm	uncertain or active research	keep	6532	4214e44d1dd2259f6fc51a3901e81175f8959ce3423fa9269d7cdc597b3f3c99	normal-stress/performance research and manual server workflows; no activity/obsolescence assumption
benchmarks/reconstructed_fault/bp5/server_README.md	uncertain or active research	keep	5706	a33e560da0e78e76b84b7b9f449dcab7934f52e960a2080ed006793de48151a0	normal-stress/performance research and manual server workflows; no activity/obsolescence assumption
benchmarks/reconstructed_fault/bp5/server_environment.sh	uncertain or active research	keep	760	d5a79fbe012f53745262c48a2c7d41ac86b1dd706877873a67aba51d478d418f	normal-stress/performance research and manual server workflows; no activity/obsolescence assumption
benchmarks/reconstructed_fault/bp5/short_test_report.md	uncertain or active research	keep	15728	ac93cd4305f869d1063019a0e3971c1945b88745278c2f72a4d9c66c740b7d6c	normal-stress/performance research and manual server workflows; no activity/obsolescence assumption
benchmarks/reconstructed_fault/bp5/small_startup_report.md	uncertain or active research	keep	14014	a83fddfec52ee029b2066b2ad3db4b8a47d82f0ba16aab7e5a8a15c694821e88	normal-stress/performance research and manual server workflows; no activity/obsolescence assumption
benchmarks/reconstructed_fault/bp5/stage_normal_stress_diagnostic.py	uncertain or active research	keep	8665	6c79450ad06f2c786e7e3d4d215c3a55e5bb181734a07d9901c39ac8ed6bd7cc	normal-stress/performance research and manual server workflows; no activity/obsolescence assumption
benchmarks/reconstructed_fault/bp5/startup_30km.py	uncertain or active research	keep	8322	b9c7a28e5de7fddd6da8335ac959fb165080d9f656f2d3424d39a10b82749476	normal-stress/performance research and manual server workflows; no activity/obsolescence assumption
benchmarks/reconstructed_fault/bp5/startup_30km_report.md	uncertain or active research	keep	9727	411b5715ed6db98b20e4ed71aa526627a53c5f59f2a9b14d8d53a9944a7c9d6b	normal-stress/performance research and manual server workflows; no activity/obsolescence assumption
benchmarks/reconstructed_fault/bp5/startup_followup_report.md	uncertain or active research	keep	10638	9447c18091e24ff756486e9856e928a6658783bf02d081c2c0071845f97b07e7	normal-stress/performance research and manual server workflows; no activity/obsolescence assumption
benchmarks/reconstructed_fault/bp5/startup_predictor_preflight.py	uncertain or active research	keep	1689	5e2f60faf15774319a8f8a115fe6fe769185981452905549e08cd18818e9fd21	normal-stress/performance research and manual server workflows; no activity/obsolescence assumption
benchmarks/reconstructed_fault/bp5/startup_time_step.cc	uncertain or active research	keep	7707	c54c0bcb76234303363b25ba9df1b56d1ac647e1fa669c6399bb4f658fcde656	normal-stress/performance research and manual server workflows; no activity/obsolescence assumption
benchmarks/reconstructed_fault/bp5/steady_initialization.h	uncertain or active research	keep	8505	aa1a1c5faa18858384553a224ad85609e11aab4ac194cf0b9d53b723b458c1ec	normal-stress/performance research and manual server workflows; no activity/obsolescence assumption
benchmarks/reconstructed_fault/bp5/steady_large_step_report.md	uncertain or active research	keep	14770	341d1fe4edd1ef92e9045ffe9df59dbfccde50fe5e44753397856575ccc02d94	normal-stress/performance research and manual server workflows; no activity/obsolescence assumption
benchmarks/reconstructed_fault/bp5/steady_server_README.md	uncertain or active research	keep	5838	f5f8ed9c73c910c52dc25ca6e7f6a43046bceaa2cf841f8cfb3e61dae8909690	normal-stress/performance research and manual server workflows; no activity/obsolescence assumption
benchmarks/reconstructed_fault/bp5/steady_startup_report.md	uncertain or active research	keep	10429	67d278695f88143211c94beeff0bedc0c7d194471b94a1a007608e90a8d09640	normal-stress/performance research and manual server workflows; no activity/obsolescence assumption
benchmarks/reconstructed_fault/bp5/stress_cycle_README.md	uncertain or active research	keep	11112	a25f3b2e464d22da11b4e2e888f4199f1c840f09953d27d9a3fc02f6cdf8604d	normal-stress/performance research and manual server workflows; no activity/obsolescence assumption
benchmarks/reconstructed_fault/bp5/stress_cycle_diagnostic.cc	uncertain or active research	keep	11862	f8063b2d9d4981c7791e3cb4ac70a743994cdfe6daeada437574e07c110c13d8	normal-stress/performance research and manual server workflows; no activity/obsolescence assumption
benchmarks/reconstructed_fault/bp5/stress_cycle_env.sh	uncertain or active research	keep	340	b4b1d52a1498c09c82477301780cc311fcce847e4d150d0e3bede7ef7bc7221a	normal-stress/performance research and manual server workflows; no activity/obsolescence assumption
benchmarks/reconstructed_fault/bp5/stress_only_interpolator.cc	uncertain or active research	keep	182	f45b7e5dffd16626e0c018396972af242be2f80966b14a0008c3ea5798b917c2	normal-stress/performance research and manual server workflows; no activity/obsolescence assumption
benchmarks/reconstructed_fault/bp5/stress_transfer_test.prm	uncertain or active research	keep	2648	e37f835b60ffffce2e0eda28372f390786c79af9c18e07849363c1854409ce8f	normal-stress/performance research and manual server workflows; no activity/obsolescence assumption
benchmarks/reconstructed_fault/bp5/test_clean_stress_cycle.py	uncertain or active research	keep	996	f309aa1b49e189c0b11b7dc65dd7319bbd254f5c4639609c985b5b18f5935db6	normal-stress/performance research and manual server workflows; no activity/obsolescence assumption
benchmarks/reconstructed_fault/bp5/test_inclined_moment.py	uncertain or active research	keep	1105	f63b8197f18e28663760d7479f64b07cbb0d7ff58eaffe5c84af5832632cf91b	normal-stress/performance research and manual server workflows; no activity/obsolescence assumption
benchmarks/reconstructed_fault/bp5/test_moment_cycle.py	uncertain or active research	keep	1343	4d194c9e7bacfbc1711ce60b5b8dbe2362801a576a240f6cfea17714b9a9d687	normal-stress/performance research and manual server workflows; no activity/obsolescence assumption
benchmarks/reconstructed_fault/bp5/test_normal_stress_clock.cc	uncertain or active research	keep	3304	7ad39d3a3eee6d4c617e377ce3d2cef3385e74b37695dd0a3d892abee2233892	normal-stress/performance research and manual server workflows; no activity/obsolescence assumption
benchmarks/reconstructed_fault/bp5/test_normal_stress_diagnostic.py	uncertain or active research	keep	8582	32cfb10f0410eb396840f128b3766ca013e547912b92cd3bbc2f3893d1e4e2ce	normal-stress/performance research and manual server workflows; no activity/obsolescence assumption
benchmarks/reconstructed_fault/bp5/test_restart_clock.cc	uncertain or active research	keep	3387	ad966c9cc560edc918f3f827b3654cfc4acf2ce969b964059ec7f9176e73fe58	normal-stress/performance research and manual server workflows; no activity/obsolescence assumption
benchmarks/reconstructed_fault/bp5/test_restart_clock.prm	uncertain or active research	keep	1223	3323cd6781b7da8d631d2bec0a6662f3dcbbd57e741bcb45cdfc5c43315d7762	normal-stress/performance research and manual server workflows; no activity/obsolescence assumption
benchmarks/reconstructed_fault/bp5/test_restart_clock.py	uncertain or active research	keep	4183	3a5e61043bc57e1f2d76eb4aad9b2ebcb8c58b7e8c4aa51f4800f1bdfc2ce468	normal-stress/performance research and manual server workflows; no activity/obsolescence assumption
benchmarks/reconstructed_fault/bp5/test_steady_initialization.cc	uncertain or active research	keep	2224	cebcb860a3c1a43c82fa2acfb4ff173075b828ca0f54609463b2a987f6fda849	normal-stress/performance research and manual server workflows; no activity/obsolescence assumption
benchmarks/reconstructed_fault/bp5/test_stress_cycle_analysis.py	uncertain or active research	keep	1118	fc0778fe2b392e82b0f9c04abd59309f209804c0fe3d3b81e9ddde7a621cb8cb	normal-stress/performance research and manual server workflows; no activity/obsolescence assumption
benchmarks/reconstructed_fault/bp5/test_traction_projection.cc	uncertain or active research	keep	2067	db4746a4b7c5d05eac7e78b621862890d81063dcf82d307173a19368251c27ab	normal-stress/performance research and manual server workflows; no activity/obsolescence assumption
benchmarks/reconstructed_fault/bp5/verify_server_package.py	uncertain or active research	keep	1046	62a0a620216457d031d781b908e3ebf875768e45010fa33364f068446706da47	normal-stress/performance research and manual server workflows; no activity/obsolescence assumption
benchmarks/reconstructed_fault/bp5/weak_initialization.h	uncertain or active research	keep	10790	5fe0e4cc68f2828a0a9dd8db6ecb844a6b711e275955ea4a5efbc84c04c2aca2	normal-stress/performance research and manual server workflows; no activity/obsolescence assumption
benchmarks/reconstructed_fault/bp5/weak_initialization_report.md	uncertain or active research	keep	8806	475b43a585bad9b94254828cfc5fafa46f0b784d409ef029381b48eb9e312c12	normal-stress/performance research and manual server workflows; no activity/obsolescence assumption
benchmarks/reconstructed_fault/bp5/weakening30-dc010-ell100/loading-surface8/report.md	uncertain or active research	keep	8075	662d858d979d76df50a93c2b2e90214cbdc1a8582d56b61c8b774ddf9865e107	normal-stress/performance research and manual server workflows; no activity/obsolescence assumption
benchmarks/reconstructed_fault/frozen_gmg_repair/.gitignore	maintained benchmark	keep	57	105bbd4d12a017f7e9eaaa105b3b10e9960b97afbc9dd19d8740717e9c37b94e	benchmark or regression build/run/check dependency
benchmarks/reconstructed_fault/frozen_gmg_repair/README.md	maintained benchmark	keep	7644	265210dfa1b6d491894b02117e56dfd378360dffe867ec8db30756b9ab4bbb1d	benchmark or regression build/run/check dependency
benchmarks/reconstructed_fault/frozen_gmg_repair/clock.csv	maintained benchmark	keep	307	e3e5777962b17cb71b7c77cb28907dcffcd5c11f8ead58879dd4d7f8b78554d9	benchmark or regression build/run/check dependency
benchmarks/reconstructed_fault/frozen_gmg_repair/compare.py	maintained benchmark	keep	7062	0dc647a5d4d9f331b10fa6a4968954a456baf8fd1e3b3f450cb873e9db41d4e3	benchmark or regression build/run/check dependency
benchmarks/reconstructed_fault/frozen_gmg_repair/frozen.prm	maintained benchmark	keep	690	75a2d2b625dc22f2df0cc3e322c09e661d6e6ea512026d8a7ea33dfc6cc7df00	benchmark or regression build/run/check dependency
benchmarks/reconstructed_fault/frozen_gmg_repair/plugin/CMakeLists.txt	maintained benchmark	keep	534	0ea916435697faafcbcafda03758e204c3d6dc869d9013ea2da6361392774bde	benchmark or regression build/run/check dependency
benchmarks/reconstructed_fault/frozen_gmg_repair/prepare.py	maintained benchmark	keep	1580	81b22bacea48dffd49af12da517f158939e21a91a3f32762c4d62fa07789abbf	benchmark or regression build/run/check dependency
benchmarks/reconstructed_fault/frozen_gmg_repair/qualify.py	maintained benchmark	keep	2656	dc0d58b113b948e8a8f6fa660f66ff6d859e67a9f926ebb55c9785ff5943ebb1	benchmark or regression build/run/check dependency
benchmarks/reconstructed_fault/frozen_gmg_repair/run.py	maintained benchmark	keep	863	cdff8f1be3a66dca7c09e27bafa0fdc35839382fc9c66c11a9cb50297dd2622f	benchmark or regression build/run/check dependency
benchmarks/reconstructed_fault/frozen_gmg_repair/run_logged.py	maintained benchmark	keep	1379	174c746737457e8b83393c2c0b5c94dca1dd1017a8fc2c39b6d4ec278c9e6826	benchmark or regression build/run/check dependency
benchmarks/reconstructed_fault/frozen_particle_H/.gitignore	maintained benchmark	keep	44	5f16a3d7ba10c44be63a3863c8d862c9ac2a30866fec510252e9b65f16255f46	benchmark or regression build/run/check dependency
benchmarks/reconstructed_fault/frozen_particle_H/README.md	maintained benchmark	keep	6307	a83634e2838d4057653f7d5d4e4c7593e0cc6529f55b3712d9e94562c69f741a	benchmark or regression build/run/check dependency
benchmarks/reconstructed_fault/frozen_particle_H/compare.py	maintained benchmark	keep	6019	e46bb8ccf9296da975bdbadff1e27d5058d7f8ee028f244aa2b5d237bbcbae9f	benchmark or regression build/run/check dependency
benchmarks/reconstructed_fault/frozen_particle_H/inputs/base.prm	maintained benchmark	keep	697	42306aaeb3bdc38e32d0216e614e72866f1952e90d78f2dd942fdf84ff6315bd	benchmark or regression build/run/check dependency
benchmarks/reconstructed_fault/frozen_particle_H/inputs/create.prm	maintained benchmark	keep	524	221b0f5d9a40189e41f43ff738eb3b09da1403f9aae2d9f5bdba0181b5714a1d	benchmark or regression build/run/check dependency
benchmarks/reconstructed_fault/frozen_particle_H/inputs/direct.prm	maintained benchmark	keep	352	1c68bf54d9f58938dbf18ef2f89dd04621df5b622ea1e8555471635e64921233	benchmark or regression build/run/check dependency
benchmarks/reconstructed_fault/frozen_particle_H/inputs/direct2.prm	maintained benchmark	keep	553	a5107e5c80b7f0a1d2f1614dcce0d3cd66f7f817cc092789d23f6488d5f48003	benchmark or regression build/run/check dependency
benchmarks/reconstructed_fault/frozen_particle_H/inputs/evolving-base.prm	maintained benchmark	keep	4345	4bfbec785cce15305ea60d795979e04712152d3ec9d1d2d5723749a5a9be592f	benchmark or regression build/run/check dependency
benchmarks/reconstructed_fault/frozen_particle_H/inputs/evolving-fixed.prm	maintained benchmark	keep	746	d92a67f6a2528cfff20e734f0f7b1a72dfb9a72a1cc506e905ea16bffc104d99	benchmark or regression build/run/check dependency
benchmarks/reconstructed_fault/frozen_particle_H/inputs/evolving.prm	maintained benchmark	keep	702	c95405c642a14c4b64dad7a09479f655ff64b9270b503dfd06a3a44026925f26	benchmark or regression build/run/check dependency
benchmarks/reconstructed_fault/frozen_particle_H/inputs/mpi.prm	maintained benchmark	keep	194	88ca69dfe5181c2ebc305fe406bda5e79e0c8d822c9e8cb745862b796480f2c5	benchmark or regression build/run/check dependency
benchmarks/reconstructed_fault/frozen_particle_H/inputs/old-resume.prm	maintained benchmark	keep	463	d1964c5a732079a5523cf92d6979b2726a409a31028114c27e6c62fc42fdf979	benchmark or regression build/run/check dependency
benchmarks/reconstructed_fault/frozen_particle_H/inputs/resume.prm	maintained benchmark	keep	459	8108eb83b5e69c72b2f1376035fd9b7b1a758f16af85936a4776f817c52e4a2d	benchmark or regression build/run/check dependency
benchmarks/reconstructed_fault/frozen_particle_H/inputs/retry.prm	maintained benchmark	keep	437	c04dd91f7ca3a3763add2148a33e6f4cc90006a4d2bbd34a705a151116561e79	benchmark or regression build/run/check dependency
benchmarks/reconstructed_fault/frozen_particle_H/inputs/retry2.prm	maintained benchmark	keep	605	7fdc490cffb6d92f93d048d2211ba4ed0ba18f5c23ce7fd6afcd34779a9bc592	benchmark or regression build/run/check dependency
benchmarks/reconstructed_fault/frozen_particle_H/inputs/serial-fixed.prm	maintained benchmark	keep	203	64680b6b22ccae5231de2a355e2340a9762fae59a39fcf703552e2f2c210deb5	benchmark or regression build/run/check dependency
benchmarks/reconstructed_fault/frozen_particle_H/inputs/serial.prm	maintained benchmark	keep	197	7e517ebf33fe07c4876a3a4911392164ca56d024f140ae220caa98cc1216657a	benchmark or regression build/run/check dependency
benchmarks/reconstructed_fault/frozen_particle_H/inputs/staggered.prm	maintained benchmark	keep	432	9406a5b6cdd17c2ff5cb6c8d7398b409c47243a05e8c57ec4d7d918cc7b2ec38	benchmark or regression build/run/check dependency
benchmarks/reconstructed_fault/frozen_particle_H/plugin/CMakeLists.txt	maintained benchmark	keep	741	7421e38c0579e8e8eb933a07e371f94cdc9e50f80737454183e08bb853b06d5e	benchmark or regression build/run/check dependency
benchmarks/reconstructed_fault/frozen_particle_H/plugin/birth_check.cc	maintained benchmark	keep	3648	6c21a42c4a043a1038748055ebdd092f9602a04c41943eba5470e947022e2ef0	benchmark or regression build/run/check dependency
benchmarks/reconstructed_fault/frozen_particle_H/plugin/evolving_guard.cc	maintained benchmark	keep	2336	17e477a21ed67e51170982035b7d2788ba0c646ac2b81db977d81f002604dc48	benchmark or regression build/run/check dependency
benchmarks/reconstructed_fault/frozen_particle_H/prepare_restart.py	maintained benchmark	keep	571	e09bbb7161b1a7b3455715ff7d882f8edb6830c51a513768364d0685b1dc4606	benchmark or regression build/run/check dependency
benchmarks/reconstructed_fault/frozen_particle_H/results/H_differences.json	deliberate test reference	keep	1885	ada81de8903cecf925e4717eb82055cab04b8e3f9e4ecb5765519c8faf57118b	compact qualification summary/provenance retained with regression
benchmarks/reconstructed_fault/frozen_particle_H/results/artifacts.json	deliberate test reference	keep	5329	d338a34a7af2c7e399c5d2bef7c5e708fe571b32b9cf4d47c8664f7df1cf7ac3	compact qualification summary/provenance retained with regression
benchmarks/reconstructed_fault/frozen_particle_H/results/baseline.json	deliberate test reference	keep	1527	c0a5e12db29ec26f380fcfaa0e1741866a50b75624973c450bed8ce5157c713e	compact qualification summary/provenance retained with regression
benchmarks/reconstructed_fault/frozen_particle_H/results/birth_counts.json	deliberate test reference	keep	1826	3f620c547725724a6d801705a53b4145842526eb303db197653811a845369ea4	compact qualification summary/provenance retained with regression
benchmarks/reconstructed_fault/frozen_particle_H/results/checks.json	deliberate test reference	keep	15961	e7ccd7f2f8faf5832e957e78ce3ac023513912b4e318ecebea470def6e9a9ee5	compact qualification summary/provenance retained with regression
benchmarks/reconstructed_fault/frozen_particle_H/results/create-birth_H_rank0.csv	generated/rebuildable artifact	untrack-keep-local	1492	ca99c05b1e14d4f7464780364c8579f975fde1da0788d753fc75ee8d66259ecd	completed run log/expanded input/export; archive exact bytes, retain local comparison paths
benchmarks/reconstructed_fault/frozen_particle_H/results/create-birth_H_rank1.csv	generated/rebuildable artifact	untrack-keep-local	11367	3a9ce9aab6d19b569cb647bcaea8041025bcc763a9c24b4a2cdbda0b18b90297	completed run log/expanded input/export; archive exact bytes, retain local comparison paths
benchmarks/reconstructed_fault/frozen_particle_H/results/create-lifecycle_rank0.csv	generated/rebuildable artifact	untrack-keep-local	4423	57306236a7ba412d48e2bd9f61057dc18b0c2546555f5a8244c820ac06dc4c88	completed run log/expanded input/export; archive exact bytes, retain local comparison paths
benchmarks/reconstructed_fault/frozen_particle_H/results/create-lifecycle_rank1.csv	generated/rebuildable artifact	untrack-keep-local	4468	67bec8acef7d0d3884b1982357eefc865672cf22d60bd4e2c86ac5e1b3b5c68d	completed run log/expanded input/export; archive exact bytes, retain local comparison paths
benchmarks/reconstructed_fault/frozen_particle_H/results/direct-birth_H_rank0.csv	generated/rebuildable artifact	untrack-keep-local	25621	2f1e5408e8f2cfb26de4c27ffb98e5fcc1ff6345271d7f1873577ef01ec5dc77	completed run log/expanded input/export; archive exact bytes, retain local comparison paths
benchmarks/reconstructed_fault/frozen_particle_H/results/direct-lifecycle_rank0.csv	generated/rebuildable artifact	untrack-keep-local	4423	9c0396b92ab1a88925a541296da6d61e6542d98dcf9b3a1f803e6223427388e4	completed run log/expanded input/export; archive exact bytes, retain local comparison paths
benchmarks/reconstructed_fault/frozen_particle_H/results/direct2-birth_H_rank0.csv	generated/rebuildable artifact	untrack-keep-local	2574	d1eff5156b49bcb188ff16d4c9da2d6331ea8e9619401ae0f294d00f29859352	completed run log/expanded input/export; archive exact bytes, retain local comparison paths
benchmarks/reconstructed_fault/frozen_particle_H/results/direct2-birth_H_rank1.csv	generated/rebuildable artifact	untrack-keep-local	23200	4a75b810940ae0d2334b5db127edd92e80b26bca25661cb9ae37470702a7b4a1	completed run log/expanded input/export; archive exact bytes, retain local comparison paths
benchmarks/reconstructed_fault/frozen_particle_H/results/direct2-lifecycle_rank0.csv	generated/rebuildable artifact	untrack-keep-local	2994	6a4ff536cc4f89e9bec3ca61dc5ca10d1b21238ed54341e217dffacfe07aeefc	completed run log/expanded input/export; archive exact bytes, retain local comparison paths
benchmarks/reconstructed_fault/frozen_particle_H/results/direct2-lifecycle_rank1.csv	generated/rebuildable artifact	untrack-keep-local	3016	a9907c835cc64f26be6d727535ca684f6b7651d2bdbff7b46964782d1f508a79	completed run log/expanded input/export; archive exact bytes, retain local comparison paths
benchmarks/reconstructed_fault/frozen_particle_H/results/mpi-birth_H_rank0.csv	generated/rebuildable artifact	untrack-keep-local	3523	b24d0eb8fe5694df7ab1f315ca6d22a2476bc0defd05169700c305a49074c7ff	completed run log/expanded input/export; archive exact bytes, retain local comparison paths
benchmarks/reconstructed_fault/frozen_particle_H/results/mpi-birth_H_rank1.csv	generated/rebuildable artifact	untrack-keep-local	23293	0e71736638154c66f82dad465955a87e9724f189dc00098bc81adaac4bb9fa1b	completed run log/expanded input/export; archive exact bytes, retain local comparison paths
benchmarks/reconstructed_fault/frozen_particle_H/results/mpi-lifecycle_rank0.csv	generated/rebuildable artifact	untrack-keep-local	6564	748f07b1d28b53e23d62da6087c04efdd285eaee3051170d81e4f1f5703915c6	completed run log/expanded input/export; archive exact bytes, retain local comparison paths
benchmarks/reconstructed_fault/frozen_particle_H/results/mpi-lifecycle_rank1.csv	generated/rebuildable artifact	untrack-keep-local	6642	592b64f87d8eebe76069379268c0b47536d29d08c9563a32606c51dc5203fdaf	completed run log/expanded input/export; archive exact bytes, retain local comparison paths
benchmarks/reconstructed_fault/frozen_particle_H/results/old-resume-birth_H_rank0.csv	generated/rebuildable artifact	untrack-keep-local	1691	6d568fa5719f4be6d3cabbff8f75641052784946da375f913b39317eccd7c463	completed run log/expanded input/export; archive exact bytes, retain local comparison paths
benchmarks/reconstructed_fault/frozen_particle_H/results/old-resume-birth_H_rank1.csv	generated/rebuildable artifact	untrack-keep-local	12004	57ac162339127a636fae913623b6d3dbde162de992f045575b8190ed57aeb0a8	completed run log/expanded input/export; archive exact bytes, retain local comparison paths
benchmarks/reconstructed_fault/frozen_particle_H/results/old-resume-lifecycle_rank0.csv	generated/rebuildable artifact	untrack-keep-local	3001	2fe8ff524282fc7cd2256a1d2fab6ee058e7c76730b63d5c5cb4cb990a911e2f	completed run log/expanded input/export; archive exact bytes, retain local comparison paths
benchmarks/reconstructed_fault/frozen_particle_H/results/old-resume-lifecycle_rank1.csv	generated/rebuildable artifact	untrack-keep-local	3013	564ee7b834877b3d82d45057c478f5d9b0db795d734f314abff070d32da8d2a3	completed run log/expanded input/export; archive exact bytes, retain local comparison paths
benchmarks/reconstructed_fault/frozen_particle_H/results/resume-birth_H_rank0.csv	generated/rebuildable artifact	untrack-keep-local	3120	fa826c589fad4e018598328d401336b42be1a45267df0d09fb83a3fe2021bac2	completed run log/expanded input/export; archive exact bytes, retain local comparison paths
benchmarks/reconstructed_fault/frozen_particle_H/results/resume-birth_H_rank1.csv	generated/rebuildable artifact	untrack-keep-local	23308	aebe06b2356b993570b38b5ebc9ed8f6610b3002ee6296102e5b11cfd3e1d5da	completed run log/expanded input/export; archive exact bytes, retain local comparison paths
benchmarks/reconstructed_fault/frozen_particle_H/results/resume-lifecycle_rank0.csv	generated/rebuildable artifact	untrack-keep-local	3008	bd7b353bac27f649e7a3c97f8f142c41def4ab3694f9fba8ddbb4551df3abc9a	completed run log/expanded input/export; archive exact bytes, retain local comparison paths
benchmarks/reconstructed_fault/frozen_particle_H/results/resume-lifecycle_rank1.csv	generated/rebuildable artifact	untrack-keep-local	3023	022561f38b27b906664103ed150f0fd24411a28f086d791c7f428d6f23db1d53	completed run log/expanded input/export; archive exact bytes, retain local comparison paths
benchmarks/reconstructed_fault/frozen_particle_H/results/retry-birth_H_rank0.csv	generated/rebuildable artifact	untrack-keep-local	52123	3fbc91db2a5a4bd6cf3775a4871bf2f7513fe5ca1247586575a2fb0bd19d8c6d	completed run log/expanded input/export; archive exact bytes, retain local comparison paths
benchmarks/reconstructed_fault/frozen_particle_H/results/retry-lifecycle_rank0.csv	generated/rebuildable artifact	untrack-keep-local	5979	72cd4f2d9fe35dcc87d4a85b4b345b77d7e7d4e4bf1271efcd4be6b09647e93f	completed run log/expanded input/export; archive exact bytes, retain local comparison paths
benchmarks/reconstructed_fault/frozen_particle_H/results/retry2-birth_H_rank0.csv	generated/rebuildable artifact	untrack-keep-local	4202	93eb61132ee3d2ae0e1550745cf5218bf2b13d75f9acb049c597eb2706197daf	completed run log/expanded input/export; archive exact bytes, retain local comparison paths
benchmarks/reconstructed_fault/frozen_particle_H/results/retry2-birth_H_rank1.csv	generated/rebuildable artifact	untrack-keep-local	35141	b2df7e32bb05dce532e85c59370b26735e0ad0f5bea36c43eb4e3d64b699fc5a	completed run log/expanded input/export; archive exact bytes, retain local comparison paths
benchmarks/reconstructed_fault/frozen_particle_H/results/retry2-lifecycle_rank0.csv	generated/rebuildable artifact	untrack-keep-local	4915	f725baf5c153f222b3c02b6d951824d07c8ae0c99b66d82ab5bd448aa8b72796	completed run log/expanded input/export; archive exact bytes, retain local comparison paths
benchmarks/reconstructed_fault/frozen_particle_H/results/retry2-lifecycle_rank1.csv	generated/rebuildable artifact	untrack-keep-local	4951	9bd442c4fc46a3e1534aadbb2d11bc0dee9cf8960693fd6a55852b7d6fbe6a30	completed run log/expanded input/export; archive exact bytes, retain local comparison paths
benchmarks/reconstructed_fault/frozen_particle_H/results/runs.json	deliberate test reference	keep	14006	6de91a49ca106695bcb52e5c46f95f810a1bb179989e2ff9741ed4bfc6d7314e	compact qualification summary/provenance retained with regression
benchmarks/reconstructed_fault/frozen_particle_H/results/serial-fixed-birth_H_rank0.csv	generated/rebuildable artifact	untrack-keep-local	26869	e15eb3772042f39bdc6c1730c7e9fdeab74b9df8b98c8355f11ec6b11fd5f96c	completed run log/expanded input/export; archive exact bytes, retain local comparison paths
benchmarks/reconstructed_fault/frozen_particle_H/results/serial-fixed-lifecycle_rank0.csv	generated/rebuildable artifact	untrack-keep-local	6644	14bc34a5524111a32d94ec8124ec99a79fe46383fecab40c395e41cb5d2f8943	completed run log/expanded input/export; archive exact bytes, retain local comparison paths
benchmarks/reconstructed_fault/frozen_particle_H/results/staggered-birth_H_rank0.csv	generated/rebuildable artifact	untrack-keep-local	3120	fa826c589fad4e018598328d401336b42be1a45267df0d09fb83a3fe2021bac2	completed run log/expanded input/export; archive exact bytes, retain local comparison paths
benchmarks/reconstructed_fault/frozen_particle_H/results/staggered-birth_H_rank1.csv	generated/rebuildable artifact	untrack-keep-local	23308	aebe06b2356b993570b38b5ebc9ed8f6610b3002ee6296102e5b11cfd3e1d5da	completed run log/expanded input/export; archive exact bytes, retain local comparison paths
benchmarks/reconstructed_fault/frozen_particle_H/results/staggered-lifecycle_rank0.csv	generated/rebuildable artifact	untrack-keep-local	6604	666c0594997c121082d5b0a474c883a509273294cd7fe9482674759662ae80d7	completed run log/expanded input/export; archive exact bytes, retain local comparison paths
benchmarks/reconstructed_fault/frozen_particle_H/results/staggered-lifecycle_rank1.csv	generated/rebuildable artifact	untrack-keep-local	6662	0d16842d6cbebb5780141357d0114c39067e479fcf0160e253c46fbf37be6dac	completed run log/expanded input/export; archive exact bytes, retain local comparison paths
benchmarks/reconstructed_fault/frozen_particle_H/run_cases.py	maintained benchmark	keep	1153	4a4686547e972c8fc1d0919eaa96db34be0e81a1f838cae6fee439cb067f5ee8	benchmark or regression build/run/check dependency
benchmarks/reconstructed_fault/frozen_particle_H/run_logged.py	maintained benchmark	keep	1485	4854696014c859945122f4329ed2c1abaa3037265b084f5e78ba53d2d5eec605	benchmark or regression build/run/check dependency
benchmarks/reconstructed_fault/maxwell_cleanup/.gitignore	required dependency	keep	59	7de2ed430020739cc30b8d6a944a51f24b93568ebf3241193333a3602f4d542b	historical orchestration dependency chain; preserve at original path for recorded reproductions
benchmarks/reconstructed_fault/maxwell_cleanup/README.md	required dependency	keep	3387	80692bed0f00dd338f8a44046079030a8318c8e36319e61b3a2fe96e336312a5	historical orchestration dependency chain; preserve at original path for recorded reproductions
benchmarks/reconstructed_fault/maxwell_cleanup/compare_bp3.py	required dependency	keep	6852	65227664d32b5f18905755867cebfdc72729582b95db92b082d76359bd6546f4	historical orchestration dependency chain; preserve at original path for recorded reproductions
benchmarks/reconstructed_fault/maxwell_cleanup/compare_frozen.py	required dependency	keep	1288	979ad38f71c630a2209fe4b35b76d40641b707dc0874495953c6e7e11f8a7370	historical orchestration dependency chain; preserve at original path for recorded reproductions
benchmarks/reconstructed_fault/maxwell_cleanup/plugin/CMakeLists.txt	required dependency	keep	526	8117e10af74982178f258bf0a39c4efafff7ae11aaed03fbd95f6d39edb13bd6	historical orchestration dependency chain; preserve at original path for recorded reproductions
benchmarks/reconstructed_fault/maxwell_cleanup/qualify.py	required dependency	keep	1988	abdfb83ec07ba58e0b05cc476660e41acfe240333cab8491dafd9b6631193ed1	historical orchestration dependency chain; preserve at original path for recorded reproductions
benchmarks/reconstructed_fault/maxwell_cleanup/run_checks.sh	required dependency	keep	1323	9d0377550e2ff86ddcca8a56e8289dec3ffc933adfb0754552328202f92dd9a4	historical orchestration dependency chain; preserve at original path for recorded reproductions
benchmarks/reconstructed_fault/maxwell_cleanup/run_logged.py	required dependency	keep	1378	494bcd611f55a523fff2593f2d5625c9926d78a8a9ab38140661cc40f1822bac	historical orchestration dependency chain; preserve at original path for recorded reproductions
benchmarks/reconstructed_fault/maxwell_cleanup/verify_source.py	required dependency	keep	1793	9b5ebef0935f8c4d4c0ae0471828d2bf8a312c2c7193a9b821a6434c1e5fb2dc	historical orchestration dependency chain; preserve at original path for recorded reproductions
benchmarks/reconstructed_fault/particle_lifecycle/.gitignore	maintained benchmark	keep	44	5f16a3d7ba10c44be63a3863c8d862c9ac2a30866fec510252e9b65f16255f46	benchmark or regression build/run/check dependency
benchmarks/reconstructed_fault/particle_lifecycle/README.md	maintained benchmark	keep	10237	45858030b4181e3fed0b6a9064cc199f97a71dcfdd769c0fa86664ef6224b1e9	benchmark or regression build/run/check dependency
benchmarks/reconstructed_fault/particle_lifecycle/compare.py	maintained benchmark	keep	6965	e2a9f2a3ecafe498c9bbd7fa2ba78b84c7a00d2f64fc5bd917a3270cd11fa9a3	benchmark or regression build/run/check dependency
benchmarks/reconstructed_fault/particle_lifecycle/inputs/base.prm	maintained benchmark	keep	887	4e7ce9cf044b461558afc31d790b244652bc2a8c747e6f43684b9bd4e40ac897	benchmark or regression build/run/check dependency
benchmarks/reconstructed_fault/particle_lifecycle/inputs/candidate-parse.prm	maintained benchmark	keep	357	e7af5ae808b6d6ea56bacd62febf5df2561c28fdc52744a06807a8d4d79edb1c	benchmark or regression build/run/check dependency
benchmarks/reconstructed_fault/particle_lifecycle/inputs/changed-active.prm	maintained benchmark	keep	469	71d0e4e778b840187579d297f9ddff60cf0dfddadc1840a7550332b35450d253	benchmark or regression build/run/check dependency
benchmarks/reconstructed_fault/particle_lifecycle/inputs/changed-disabled.prm	maintained benchmark	keep	532	2c5cca62d48d4a86e2bf557555f67d3594f100e524e5c3869c9b591fbfeb0d5f	benchmark or regression build/run/check dependency
benchmarks/reconstructed_fault/particle_lifecycle/inputs/corrupt-missing.prm	maintained benchmark	keep	303	ec41097a33ab1120fabcddbd7a5547239035b455b3dd3b5f5ae7b2006055656c	benchmark or regression build/run/check dependency
benchmarks/reconstructed_fault/particle_lifecycle/inputs/corrupt-value.prm	maintained benchmark	keep	299	bfa384320fa25c73f238f2f7f241ac777254326212b28dce77dc2d7597ff97ee	benchmark or regression build/run/check dependency
benchmarks/reconstructed_fault/particle_lifecycle/inputs/final-create-fixed.prm	maintained benchmark	keep	538	305641b9c9cf8ab6202a0a1eb142635b075d987d8281713b4d1eb0064361b9a6	benchmark or regression build/run/check dependency
benchmarks/reconstructed_fault/particle_lifecycle/inputs/final-direct.prm	maintained benchmark	keep	360	564d39b29a6795eaf9e9f20eea4e96bcc47bd9583ccaa2d5b9dbdad6d0e7d752	benchmark or regression build/run/check dependency
benchmarks/reconstructed_fault/particle_lifecycle/inputs/final-direct2-fixed.prm	maintained benchmark	keep	567	7ced3da01d86deea1a5fa4ef0a356e23dc2516ea3c65c6f1de02c27ecba62640	benchmark or regression build/run/check dependency
benchmarks/reconstructed_fault/particle_lifecycle/inputs/final-mpi.prm	maintained benchmark	keep	202	8832d6a4de53bc884ee049665b060e749b634799f400103714294f00d0f1ad66	benchmark or regression build/run/check dependency
benchmarks/reconstructed_fault/particle_lifecycle/inputs/final-resume-fixed.prm	maintained benchmark	keep	473	7ce9191cc62bda6eee21ac6a2ddb0aa43e6b3acb9a864d10d3933df777d1cddd	benchmark or regression build/run/check dependency
benchmarks/reconstructed_fault/particle_lifecycle/inputs/final-retry.prm	maintained benchmark	keep	445	2b1e6fbd632063080227632ca4060c675dad1cca09b1882de5b5b367ce55a427	benchmark or regression build/run/check dependency
benchmarks/reconstructed_fault/particle_lifecycle/inputs/final-retry2-fixed.prm	maintained benchmark	keep	619	e86344510a3977a9aa41c66f98820023669f828184ad7c913dfaf7ee063211e0	benchmark or regression build/run/check dependency
benchmarks/reconstructed_fault/particle_lifecycle/inputs/final-rng-negative.prm	maintained benchmark	keep	473	87500dd53bb01bbcc617f91af309bdf035a22832ccb0499641d58788de5bfea8	benchmark or regression build/run/check dependency
benchmarks/reconstructed_fault/particle_lifecycle/inputs/final-serial.prm	maintained benchmark	keep	205	3da3b3c7dcd2d8d7c805a0d859810ebce0c5fa0478f3bb4bed5796d2448f6d47	benchmark or regression build/run/check dependency
benchmarks/reconstructed_fault/particle_lifecycle/inputs/final-staggered.prm	maintained benchmark	keep	440	a6c7c2d1d6c3a9e88379a384587dadd2c6607d36c78dd6f4e29c293c2cc94fca	benchmark or regression build/run/check dependency
benchmarks/reconstructed_fault/particle_lifecycle/inputs/legacy-active.prm	maintained benchmark	keep	468	d5834a43e536e4dfdff55be9fb08b63617b4afbbe998db849f19f9e4557639b6	benchmark or regression build/run/check dependency
benchmarks/reconstructed_fault/particle_lifecycle/inputs/legacy-disabled.prm	maintained benchmark	keep	531	34f0057c2ca33103852dae1cc0e8907e5381859be0f93e8581b5343613915ca0	benchmark or regression build/run/check dependency
benchmarks/reconstructed_fault/particle_lifecycle/inputs/migration-native.prm	maintained benchmark	keep	315	199759b44cdc17f137539ec2f449302468139113c1334da6a506447d434fc818	benchmark or regression build/run/check dependency
benchmarks/reconstructed_fault/particle_lifecycle/inputs/random-direct.prm	maintained benchmark	keep	428	12eecb70de5e0329a026a484c7f85f3f9727f568adc6395c4d73a6ef14e1bfa9	benchmark or regression build/run/check dependency
benchmarks/reconstructed_fault/particle_lifecycle/inputs/random-retry.prm	maintained benchmark	keep	513	901206f53cdf7dd2e48212ac47e0333e9c23fb0926656507e3fa769de16ce3b4	benchmark or regression build/run/check dependency
benchmarks/reconstructed_fault/particle_lifecycle/inputs/reordered-parse.prm	maintained benchmark	keep	336	0455be243e8ccff75f1dbe900e80fac537fc4893d923674b01eedc57b870ce88	benchmark or regression build/run/check dependency
benchmarks/reconstructed_fault/particle_lifecycle/inputs/reordered.prm	maintained benchmark	keep	413	f6a933602a21bd062f7d5057e9978877e98c849ed04797a9ec8a80764f3448f4	benchmark or regression build/run/check dependency
benchmarks/reconstructed_fault/particle_lifecycle/inputs/streams-base.prm	maintained benchmark	keep	1113	61d5bce7ae50032cf3777ac19d8a44dfa9f64685a9b82938b38da3415532fbed	benchmark or regression build/run/check dependency
benchmarks/reconstructed_fault/particle_lifecycle/inputs/streams-create.prm	maintained benchmark	keep	234	7a7fd6b3715da5a459f278a23737ca4ef4fc6cd1f2164efb0dcc99c5a8a6ffe8	benchmark or regression build/run/check dependency
benchmarks/reconstructed_fault/particle_lifecycle/inputs/streams-resume.prm	maintained benchmark	keep	264	3dac1de490265d80a83b34e2b54ef8d2533c7b21f48ca2ef786c15b709cbd70c	benchmark or regression build/run/check dependency
benchmarks/reconstructed_fault/particle_lifecycle/inputs/streams.prm	maintained benchmark	keep	227	f51a5910c426735850b4ae625558084a2f9fa0f4de03b1af560fa14e62b61156	benchmark or regression build/run/check dependency
benchmarks/reconstructed_fault/particle_lifecycle/perturb_rng_checkpoint.py	maintained benchmark	keep	1809	f98711c728cbadbf561d0d13beb9fa5a4dbb9b7414cef3938ef9e1a1ce9568ee	benchmark or regression build/run/check dependency
benchmarks/reconstructed_fault/particle_lifecycle/plugin/CMakeLists.txt	maintained benchmark	keep	438	0af4af99a119d24679dcc4ab630038d8c5a4211c0a0d04e6485beb7ab1748635	benchmark or regression build/run/check dependency
benchmarks/reconstructed_fault/particle_lifecycle/plugin/coupled.cc	maintained benchmark	keep	13091	86e122a057c1c8777d97446a53d4e7942979f4866ffaedab1b52eff217dbf955	benchmark or regression build/run/check dependency
benchmarks/reconstructed_fault/particle_lifecycle/plugin/streams.cc	maintained benchmark	keep	2097	e593e0eff601d6e9018bace1c5b939857cfcc1ad47cdbc2deef88afd9e9acc9f	benchmark or regression build/run/check dependency
benchmarks/reconstructed_fault/particle_lifecycle/prepare_restart.py	maintained benchmark	keep	571	e09bbb7161b1a7b3455715ff7d882f8edb6830c51a513768364d0685b1dc4606	benchmark or regression build/run/check dependency
benchmarks/reconstructed_fault/particle_lifecycle/results/artifacts.json	deliberate test reference	keep	7583	9bbedf7bdf4fe4efff96268dbae3531fd4a3fb664a172854e49afa704d288747	compact qualification summary/provenance retained with regression
benchmarks/reconstructed_fault/particle_lifecycle/results/checks.json	deliberate test reference	keep	38857	b42defe8059d11e5f50b80f483452797b512870d575290d36c5b5364736f56f5	compact qualification summary/provenance retained with regression
benchmarks/reconstructed_fault/particle_lifecycle/results/failures.json	deliberate test reference	keep	1473	d63b1fafce622490b110f53b500dc5661ba4433b733a407a530fcaa8bc1dd993	compact qualification summary/provenance retained with regression
benchmarks/reconstructed_fault/particle_lifecycle/results/final-create-fixed-accepted_steps.csv	generated/rebuildable artifact	untrack-keep-local	737	c324e97af7383ebfdfe09284b37610ecb02491627a4bd8a85bb9a2995892ee07	completed run log/expanded input/export; archive exact bytes, retain local comparison paths
benchmarks/reconstructed_fault/particle_lifecycle/results/final-create-fixed-lifecycle_rank0.csv	generated/rebuildable artifact	untrack-keep-local	2805	c0c9e40173ffaf57990ed7d54e2b6fcc69c86ed04c9443fb9d32680bcb117b68	completed run log/expanded input/export; archive exact bytes, retain local comparison paths
benchmarks/reconstructed_fault/particle_lifecycle/results/final-create-fixed-lifecycle_rank1.csv	generated/rebuildable artifact	untrack-keep-local	2831	ed3d90eb9020b356222ce688bf78612a95e7c629112aeade94fd709543844699	completed run log/expanded input/export; archive exact bytes, retain local comparison paths
benchmarks/reconstructed_fault/particle_lifecycle/results/final-create-fixed-restored_growth.csv	generated/rebuildable artifact	untrack-keep-local	481	2998daf21d6851a6bfcd348436457b1e3f911eba71b86b23ff2dc79e59272da2	completed run log/expanded input/export; archive exact bytes, retain local comparison paths
benchmarks/reconstructed_fault/particle_lifecycle/results/final-direct-accepted_steps.csv	generated/rebuildable artifact	untrack-keep-local	736	a6f14882d6a841aed7a3c29d914386c81ddbb9c48a87a1f76a6b50d6e6fd5c8d	completed run log/expanded input/export; archive exact bytes, retain local comparison paths
benchmarks/reconstructed_fault/particle_lifecycle/results/final-direct-lifecycle_rank0.csv	generated/rebuildable artifact	untrack-keep-local	2808	f323ab88702036f7c478cdb8d3a9ce912c4099d9f7b11453fbf7059ed92391e6	completed run log/expanded input/export; archive exact bytes, retain local comparison paths
benchmarks/reconstructed_fault/particle_lifecycle/results/final-direct-restored_growth.csv	generated/rebuildable artifact	untrack-keep-local	486	e56c77904ee08fcc435c55f7527eda642200ba9db6816fa6e2a902e082ae2832	completed run log/expanded input/export; archive exact bytes, retain local comparison paths
benchmarks/reconstructed_fault/particle_lifecycle/results/final-direct2-fixed-accepted_steps.csv	generated/rebuildable artifact	untrack-keep-local	998	e0ceb4b9359fa8f16de45a19805aed29ec350e886e4c617f63d7957657210722	completed run log/expanded input/export; archive exact bytes, retain local comparison paths
benchmarks/reconstructed_fault/particle_lifecycle/results/final-direct2-fixed-lifecycle_rank0.csv	generated/rebuildable artifact	untrack-keep-local	2363	a5f5d3e983a7f27662bdfe97bc59de28ffeffcec6f1c14418c5e857f360a6227	completed run log/expanded input/export; archive exact bytes, retain local comparison paths
benchmarks/reconstructed_fault/particle_lifecycle/results/final-direct2-fixed-lifecycle_rank1.csv	generated/rebuildable artifact	untrack-keep-local	2377	2fff0fd4548586e6affc7dc84c0c94dd5da756638b8fc2cd23f317d32a7e9ddd	completed run log/expanded input/export; archive exact bytes, retain local comparison paths
benchmarks/reconstructed_fault/particle_lifecycle/results/final-direct2-fixed-restored_growth.csv	generated/rebuildable artifact	untrack-keep-local	665	7b5344a0610eaf627a61391b858ac1aee9a3c7063ff00a39735f7c85ce723232	completed run log/expanded input/export; archive exact bytes, retain local comparison paths
benchmarks/reconstructed_fault/particle_lifecycle/results/final-mpi-accepted_steps.csv	generated/rebuildable artifact	untrack-keep-local	999	e68b194d97c39602230cbcf29577d944bb9de1c610e4724d718217e0deb73836	completed run log/expanded input/export; archive exact bytes, retain local comparison paths
benchmarks/reconstructed_fault/particle_lifecycle/results/final-mpi-lifecycle_rank0.csv	generated/rebuildable artifact	untrack-keep-local	4315	2576ee968f54df56e76859bee2a9e31b1d6962d782b9551e3a5f2eec7612e61f	completed run log/expanded input/export; archive exact bytes, retain local comparison paths
benchmarks/reconstructed_fault/particle_lifecycle/results/final-mpi-lifecycle_rank1.csv	generated/rebuildable artifact	untrack-keep-local	4377	8778af67d7467eea047f8cb5e00a63b41bc9c11ef577ceec43bb61552db64d99	completed run log/expanded input/export; archive exact bytes, retain local comparison paths
benchmarks/reconstructed_fault/particle_lifecycle/results/final-mpi-restored_growth.csv	generated/rebuildable artifact	untrack-keep-local	664	adc504a29d72d2a1ab679d681a19f4a2b032cd8beb59c339783f0b811fddacdc	completed run log/expanded input/export; archive exact bytes, retain local comparison paths
benchmarks/reconstructed_fault/particle_lifecycle/results/final-resume-fixed-accepted_steps.csv	generated/rebuildable artifact	untrack-keep-local	999	e1994c1d8f5126933bb9f3babcd8476b748033a687f167e5e3af8666cf2750d2	completed run log/expanded input/export; archive exact bytes, retain local comparison paths
benchmarks/reconstructed_fault/particle_lifecycle/results/final-resume-fixed-lifecycle_rank0.csv	generated/rebuildable artifact	untrack-keep-local	2369	57ce2e09c4c113df2aa97ac8592713ecba23449b45c5a2dea7b328f58322ed49	completed run log/expanded input/export; archive exact bytes, retain local comparison paths
benchmarks/reconstructed_fault/particle_lifecycle/results/final-resume-fixed-lifecycle_rank1.csv	generated/rebuildable artifact	untrack-keep-local	2379	ea4c9ec278e2e375dbf1770aed1e9068567639ea5afaf71ff9126654c58199ef	completed run log/expanded input/export; archive exact bytes, retain local comparison paths
benchmarks/reconstructed_fault/particle_lifecycle/results/final-resume-fixed-restored_growth.csv	generated/rebuildable artifact	untrack-keep-local	663	b15835c6be1b3d2589bd982acd1ceaf688f1fdc040e8f5aa92d1d886815fa683	completed run log/expanded input/export; archive exact bytes, retain local comparison paths
benchmarks/reconstructed_fault/particle_lifecycle/results/final-retry-accepted_steps.csv	generated/rebuildable artifact	untrack-keep-local	736	a6f14882d6a841aed7a3c29d914386c81ddbb9c48a87a1f76a6b50d6e6fd5c8d	completed run log/expanded input/export; archive exact bytes, retain local comparison paths
benchmarks/reconstructed_fault/particle_lifecycle/results/final-retry-lifecycle_rank0.csv	generated/rebuildable artifact	untrack-keep-local	3850	8762e7602e2782786bf08e3e4b3d4edf2a3ea64952a24e96132c8078e033af17	completed run log/expanded input/export; archive exact bytes, retain local comparison paths
benchmarks/reconstructed_fault/particle_lifecycle/results/final-retry-restored_growth.csv	generated/rebuildable artifact	untrack-keep-local	486	e56c77904ee08fcc435c55f7527eda642200ba9db6816fa6e2a902e082ae2832	completed run log/expanded input/export; archive exact bytes, retain local comparison paths
benchmarks/reconstructed_fault/particle_lifecycle/results/final-retry2-fixed-accepted_steps.csv	generated/rebuildable artifact	untrack-keep-local	998	e0ceb4b9359fa8f16de45a19805aed29ec350e886e4c617f63d7957657210722	completed run log/expanded input/export; archive exact bytes, retain local comparison paths
benchmarks/reconstructed_fault/particle_lifecycle/results/final-retry2-fixed-lifecycle_rank0.csv	generated/rebuildable artifact	untrack-keep-local	3648	d2e0ba20b57a3d6377d2c45b634f5051ec0e4146df94459e5cf4b7567b240192	completed run log/expanded input/export; archive exact bytes, retain local comparison paths
benchmarks/reconstructed_fault/particle_lifecycle/results/final-retry2-fixed-lifecycle_rank1.csv	generated/rebuildable artifact	untrack-keep-local	3667	654c4e64d2dd133560681e2d98aa12e8915951309af665a3f47b37eee87f812c	completed run log/expanded input/export; archive exact bytes, retain local comparison paths
benchmarks/reconstructed_fault/particle_lifecycle/results/final-retry2-fixed-restored_growth.csv	generated/rebuildable artifact	untrack-keep-local	665	7b5344a0610eaf627a61391b858ac1aee9a3c7063ff00a39735f7c85ce723232	completed run log/expanded input/export; archive exact bytes, retain local comparison paths
benchmarks/reconstructed_fault/particle_lifecycle/results/final-rng-negative-accepted_steps.csv	generated/rebuildable artifact	untrack-keep-local	999	02a41eaec3eb6e89ed274ba0ed9d4cc3bccb0f1a8f082e34235dc0790fc78213	completed run log/expanded input/export; archive exact bytes, retain local comparison paths
benchmarks/reconstructed_fault/particle_lifecycle/results/final-rng-negative-lifecycle_rank0.csv	generated/rebuildable artifact	untrack-keep-local	2363	d607aa6f616002fd9150ef97e640fe7ae48f6b0cd97b3e37ce8ca4378ad07e4b	completed run log/expanded input/export; archive exact bytes, retain local comparison paths
benchmarks/reconstructed_fault/particle_lifecycle/results/final-rng-negative-lifecycle_rank1.csv	generated/rebuildable artifact	untrack-keep-local	2367	5941bfb194d87f6feff1e6d100ac42b019fdefbf61cccbf3ef3deeae7f338d59	completed run log/expanded input/export; archive exact bytes, retain local comparison paths
benchmarks/reconstructed_fault/particle_lifecycle/results/final-rng-negative-restored_growth.csv	generated/rebuildable artifact	untrack-keep-local	666	a9987d2517bf622e0e3eec7c9b9d46ccd5125e1b0c676dabdb8050433f4d981a	completed run log/expanded input/export; archive exact bytes, retain local comparison paths
benchmarks/reconstructed_fault/particle_lifecycle/results/final-serial-accepted_steps.csv	generated/rebuildable artifact	untrack-keep-local	999	53b2202b9b691bfdfba76aa2f369a8aa06ca7cb6959c4c1333d08551bdbdd501	completed run log/expanded input/export; archive exact bytes, retain local comparison paths
benchmarks/reconstructed_fault/particle_lifecycle/results/final-serial-lifecycle_rank0.csv	generated/rebuildable artifact	untrack-keep-local	4375	3544290a97c448a8f2049c54e4d936f39f70234c51d8b980805d2b9b821b0784	completed run log/expanded input/export; archive exact bytes, retain local comparison paths
benchmarks/reconstructed_fault/particle_lifecycle/results/final-serial-restored_growth.csv	generated/rebuildable artifact	untrack-keep-local	666	29d260d718103c8ccad86d3acbdb209ffde3fa9f82715f42b07ad9b5bc5e4012	completed run log/expanded input/export; archive exact bytes, retain local comparison paths
benchmarks/reconstructed_fault/particle_lifecycle/results/final-staggered-accepted_steps.csv	generated/rebuildable artifact	untrack-keep-local	999	e1994c1d8f5126933bb9f3babcd8476b748033a687f167e5e3af8666cf2750d2	completed run log/expanded input/export; archive exact bytes, retain local comparison paths
benchmarks/reconstructed_fault/particle_lifecycle/results/final-staggered-lifecycle_rank0.csv	generated/rebuildable artifact	untrack-keep-local	4349	9fa3f6056d410ae9403b84bcb45a4afb3197cf921285c8758d96da39a1d73b39	completed run log/expanded input/export; archive exact bytes, retain local comparison paths
benchmarks/reconstructed_fault/particle_lifecycle/results/final-staggered-lifecycle_rank1.csv	generated/rebuildable artifact	untrack-keep-local	4384	a6795dc14f75d9991463ea9e48865dc3089a299acea4a79793f59494b6246789	completed run log/expanded input/export; archive exact bytes, retain local comparison paths
benchmarks/reconstructed_fault/particle_lifecycle/results/final-staggered-restored_growth.csv	generated/rebuildable artifact	untrack-keep-local	663	b15835c6be1b3d2589bd982acd1ceaf688f1fdc040e8f5aa92d1d886815fa683	completed run log/expanded input/export; archive exact bytes, retain local comparison paths
benchmarks/reconstructed_fault/particle_lifecycle/results/migration-native-accepted_steps.csv	generated/rebuildable artifact	untrack-keep-local	999	6b6b67722bd371c8666f3ba843e9995e4a900c93fa141cf67cc7ac2a41095a4f	completed run log/expanded input/export; archive exact bytes, retain local comparison paths
benchmarks/reconstructed_fault/particle_lifecycle/results/migration-native-lifecycle_rank0.csv	generated/rebuildable artifact	untrack-keep-local	4581	7ebc457939a2a41a49e774ad52fa7b73e1a133bffaacff5da9c485443e3d1489	completed run log/expanded input/export; archive exact bytes, retain local comparison paths
benchmarks/reconstructed_fault/particle_lifecycle/results/migration-native-lifecycle_rank1.csv	generated/rebuildable artifact	untrack-keep-local	4621	97af2ef429990f2c1a32cd5a507201f6388da93535cf1a01f620264423d9dc79	completed run log/expanded input/export; archive exact bytes, retain local comparison paths
benchmarks/reconstructed_fault/particle_lifecycle/results/migration-native-restored_growth.csv	generated/rebuildable artifact	untrack-keep-local	665	91bc9851d91d60b38bf1c252d3ff8a21b4a2188cb9ba7ae1e74ac7b473b172f1	completed run log/expanded input/export; archive exact bytes, retain local comparison paths
benchmarks/reconstructed_fault/particle_lifecycle/results/output-final-rng-negative-fixture.json	deliberate test reference	keep	459	0af0528f31d423f5126e1d876aecd73c798550a6c6afa216c5fcfa707e28f196	compact qualification summary/provenance retained with regression
benchmarks/reconstructed_fault/particle_lifecycle/results/preservation.json	deliberate test reference	keep	1637	1d99e88411848eecf578c5fb2b5bcc46c32b1540e0a2afa64fefd9cb1962c629	compact qualification summary/provenance retained with regression
benchmarks/reconstructed_fault/particle_lifecycle/results/random-direct-accepted_steps.csv	generated/rebuildable artifact	untrack-keep-local	736	0849dfac0cca5fb0539e00588b57e1cf79223b3f95a17e2879aac0051b7d53af	completed run log/expanded input/export; archive exact bytes, retain local comparison paths
benchmarks/reconstructed_fault/particle_lifecycle/results/random-direct-lifecycle_rank0.csv	generated/rebuildable artifact	untrack-keep-local	2777	e8f6df4aa205d504dd631025ed4f9cfaf6ed0d8b65f162d967d800690482e983	completed run log/expanded input/export; archive exact bytes, retain local comparison paths
benchmarks/reconstructed_fault/particle_lifecycle/results/random-direct-lifecycle_rank1.csv	generated/rebuildable artifact	untrack-keep-local	2803	b2042ee64a1f26dc8f41e220be4f4c038925dd983e03214bf66e69c57638b87a	completed run log/expanded input/export; archive exact bytes, retain local comparison paths
benchmarks/reconstructed_fault/particle_lifecycle/results/random-direct-restored_growth.csv	generated/rebuildable artifact	untrack-keep-local	484	b68a41756b85f6e71d85271d5933cb981cf82395b3342e705408c8084078f1f6	completed run log/expanded input/export; archive exact bytes, retain local comparison paths
benchmarks/reconstructed_fault/particle_lifecycle/results/random-retry-accepted_steps.csv	generated/rebuildable artifact	untrack-keep-local	736	0849dfac0cca5fb0539e00588b57e1cf79223b3f95a17e2879aac0051b7d53af	completed run log/expanded input/export; archive exact bytes, retain local comparison paths
benchmarks/reconstructed_fault/particle_lifecycle/results/random-retry-lifecycle_rank0.csv	generated/rebuildable artifact	untrack-keep-local	3805	0da8f88b727b10eb6fa49748304e3acb5ae27a662eab70d8e99d2240c72a5bed	completed run log/expanded input/export; archive exact bytes, retain local comparison paths
benchmarks/reconstructed_fault/particle_lifecycle/results/random-retry-lifecycle_rank1.csv	generated/rebuildable artifact	untrack-keep-local	3845	bfd9141fbae4dea1bde478399fc14ab3a0589e92c1d40bfa88badea9342f61bf	completed run log/expanded input/export; archive exact bytes, retain local comparison paths
benchmarks/reconstructed_fault/particle_lifecycle/results/random-retry-restored_growth.csv	generated/rebuildable artifact	untrack-keep-local	484	b68a41756b85f6e71d85271d5933cb981cf82395b3342e705408c8084078f1f6	completed run log/expanded input/export; archive exact bytes, retain local comparison paths
benchmarks/reconstructed_fault/particle_lifecycle/results/rng-negative-fixture.json	deliberate test reference	keep	459	e5524eef97a9f9ee2c76ed4aa018699f0e4ab79fe164382e9e0fd1c307cdadaa	compact qualification summary/provenance retained with regression
benchmarks/reconstructed_fault/particle_lifecycle/results/runs.json	deliberate test reference	keep	41709	76c3efbd44fd04cff77cb67a1245e52a5226d7cb115d03998ae83d9b9ee2dc05	compact qualification summary/provenance retained with regression
benchmarks/reconstructed_fault/particle_lifecycle/run_cases.py	maintained benchmark	keep	1199	5c645693daa9e0ca833963d0cd0d03036a9ad9b2dd4c86165dc7cb1e21d6037e	benchmark or regression build/run/check dependency
benchmarks/reconstructed_fault/particle_lifecycle/run_logged.py	maintained benchmark	keep	1485	4854696014c859945122f4329ed2c1abaa3037265b084f5e78ba53d2d5eec605	benchmark or regression build/run/check dependency
benchmarks/reconstructed_fault/particle_replenishment/.gitignore	maintained benchmark	keep	44	64daa640a09ea45f4f2ec24d5f35c51062a2bf89007aa5ab3b4eb6033be3bbbf	verify_evidence.py consumes historical failed-gate tables and RNG findings; do not discard
benchmarks/reconstructed_fault/particle_replenishment/README.md	maintained benchmark	keep	15864	b8e53d735ea7da9d82e90dbdac1a10d5eda5b95c5d501e3f24d5e0edbae4fe0c	verify_evidence.py consumes historical failed-gate tables and RNG findings; do not discard
benchmarks/reconstructed_fault/particle_replenishment/analyze.py	maintained benchmark	keep	4203	a301c5519a23818bf0c17b819be121b5fe4442f12f7a97e6a93f777e509a5bcd	verify_evidence.py consumes historical failed-gate tables and RNG findings; do not discard
benchmarks/reconstructed_fault/particle_replenishment/compare_lifecycle.py	maintained benchmark	keep	5803	8df81cc093a8f2744a00e118ea63207b89066342d384c3856b6fbe3c65f08f7c	verify_evidence.py consumes historical failed-gate tables and RNG findings; do not discard
benchmarks/reconstructed_fault/particle_replenishment/inputs/base.prm	maintained benchmark	keep	3966	58bc6a918d82c5ac02e902f2ce307a6a85a746d22d3686ab30ceb4f84141a0b2	verify_evidence.py consumes historical failed-gate tables and RNG findings; do not discard
benchmarks/reconstructed_fault/particle_replenishment/inputs/candidate-parse.prm	maintained benchmark	keep	339	e87c7ca4a405369ad035588f3296e87cf999fad7278d94a2013f4f38c40a8afa	verify_evidence.py consumes historical failed-gate tables and RNG findings; do not discard
benchmarks/reconstructed_fault/particle_replenishment/inputs/coupled-base.prm	maintained benchmark	keep	1369	eb8c38d6bb8c9fa2229ec71ed8b36ae6e626402e9922adf3e1e7da0a8c405ec2	verify_evidence.py consumes historical failed-gate tables and RNG findings; do not discard
benchmarks/reconstructed_fault/particle_replenishment/inputs/coupled-random-5433-Hlimited.prm	maintained benchmark	keep	609	7fb671f73a4bdc18274b85296cab7a3dd572feba88a914eac6cc67258c7d5c2a	verify_evidence.py consumes historical failed-gate tables and RNG findings; do not discard
benchmarks/reconstructed_fault/particle_replenishment/inputs/coupled-random-5433.prm	maintained benchmark	keep	464	259d598dc9a1f19e863dc388ac32641b4c1c76d5020dcc797d670b90a806fefc	verify_evidence.py consumes historical failed-gate tables and RNG findings; do not discard
benchmarks/reconstructed_fault/particle_replenishment/inputs/coupled-regular-Hlimited.prm	maintained benchmark	keep	369	06fcb8a87075a0a6273c2ecac32a9a6b82d04f176af4757f97e9d182a603e2a6	verify_evidence.py consumes historical failed-gate tables and RNG findings; do not discard
benchmarks/reconstructed_fault/particle_replenishment/inputs/coupled-regular.prm	maintained benchmark	keep	224	ce2724159d5d2041745ccda4853fa4324007cab441c63a8bbe514edffe9054aa	verify_evidence.py consumes historical failed-gate tables and RNG findings; do not discard
benchmarks/reconstructed_fault/particle_replenishment/inputs/crossing-after-create.prm	maintained benchmark	keep	638	86a1259134a3f155268db69c43ad30f027556276fffc623b8c29363aa723dbb5	verify_evidence.py consumes historical failed-gate tables and RNG findings; do not discard
benchmarks/reconstructed_fault/particle_replenishment/inputs/crossing-after-resume.prm	maintained benchmark	keep	573	b9c355a461eecedf92c3bfe0c30607f95dc6adf23cb3e5ff08e58e7a735f9cf1	verify_evidence.py consumes historical failed-gate tables and RNG findings; do not discard
benchmarks/reconstructed_fault/particle_replenishment/inputs/crossing-audit-original.prm	maintained benchmark	keep	448	b2fc68eb2b642a742aee9615878bc70eececc074fdd89950cf714fc0b245bc78	verify_evidence.py consumes historical failed-gate tables and RNG findings; do not discard
benchmarks/reconstructed_fault/particle_replenishment/inputs/crossing-create.prm	maintained benchmark	keep	630	8d433ffbcbf49fa0df2dac79125fddab0341efe73404c15c4e8657d6646084fe	verify_evidence.py consumes historical failed-gate tables and RNG findings; do not discard
benchmarks/reconstructed_fault/particle_replenishment/inputs/crossing-direct.prm	maintained benchmark	keep	691	50140f20243f20f3c540b5d2a71acacb56fca73d71663651fb23bff76085dcc5	verify_evidence.py consumes historical failed-gate tables and RNG findings; do not discard
benchmarks/reconstructed_fault/particle_replenishment/inputs/crossing-mpi.prm	maintained benchmark	keep	534	6ab125a0159a6038faa4ab0489269ebb6208a38d4108b63a05e9a2331567c8b9	verify_evidence.py consumes historical failed-gate tables and RNG findings; do not discard
benchmarks/reconstructed_fault/particle_replenishment/inputs/crossing-resume.prm	maintained benchmark	keep	567	891d265bf46ea9255e3d78b36831e69588dac41b8fba42eb8d475e0244a480f7	verify_evidence.py consumes historical failed-gate tables and RNG findings; do not discard
benchmarks/reconstructed_fault/particle_replenishment/inputs/crossing-retry.prm	maintained benchmark	keep	786	30ceee85d630675443fe32b9feaeb2a93e01d4b07cd1388f30b5dd0c684ec851	verify_evidence.py consumes historical failed-gate tables and RNG findings; do not discard
benchmarks/reconstructed_fault/particle_replenishment/inputs/crossing-serial.prm	maintained benchmark	keep	537	81cdf8becc5545d5987880cba2f910c9f530f631886ed83fe8df8178b799fef6	verify_evidence.py consumes historical failed-gate tables and RNG findings; do not discard
benchmarks/reconstructed_fault/particle_replenishment/inputs/proposed-bp3-12-24.inc.prm	maintained benchmark	keep	1449	b41eb85d0fecb26ed682f82dca48794c4169bc6062e90916d08c77b947c61855	verify_evidence.py consumes historical failed-gate tables and RNG findings; do not discard
benchmarks/reconstructed_fault/particle_replenishment/inputs/random-5432-limited.prm	maintained benchmark	keep	567	af4763cbacd7ea1ee00409cef8ced27f5866341809723e8bf406518d4aab9fac	verify_evidence.py consumes historical failed-gate tables and RNG findings; do not discard
benchmarks/reconstructed_fault/particle_replenishment/inputs/random-5432.prm	maintained benchmark	keep	439	148fb1e51afbd3818ecc6658d3f69068e33e6bdaf7b91df16fdebbdcdfec7852	verify_evidence.py consumes historical failed-gate tables and RNG findings; do not discard
benchmarks/reconstructed_fault/particle_replenishment/inputs/random-5433-limited.prm	maintained benchmark	keep	567	e1c2f6da70825e2f285ea304d13699b618294ba6d635a24a9f682b10831a0b9c	verify_evidence.py consumes historical failed-gate tables and RNG findings; do not discard
benchmarks/reconstructed_fault/particle_replenishment/inputs/random-5433.prm	maintained benchmark	keep	439	8b2747ce30f2f1a9fcb484354f8dbafa7c887a3c067b8ee0b1bd71699886081c	verify_evidence.py consumes historical failed-gate tables and RNG findings; do not discard
benchmarks/reconstructed_fault/particle_replenishment/inputs/random-5434-limited.prm	maintained benchmark	keep	567	71cb84a177aefa1f169164bac346620ebd7a853b0da07c8ad1edbc17b21e39fb	verify_evidence.py consumes historical failed-gate tables and RNG findings; do not discard
benchmarks/reconstructed_fault/particle_replenishment/inputs/random-5434.prm	maintained benchmark	keep	439	6190fb0ca58c266a129f686ca52d6fa79bc251ba4a2bf8efbc3dd406920d300c	verify_evidence.py consumes historical failed-gate tables and RNG findings; do not discard
benchmarks/reconstructed_fault/particle_replenishment/inputs/regular-limited.prm	maintained benchmark	keep	336	33a68db61490b6a8649aada7dbb4760c707839e41338e1f417e81673f84ae41b	verify_evidence.py consumes historical failed-gate tables and RNG findings; do not discard
benchmarks/reconstructed_fault/particle_replenishment/inputs/regular.prm	maintained benchmark	keep	208	d65dee564864038d9d258944ed669e07cde1759844a80c92c26eeb7aa166557c	verify_evidence.py consumes historical failed-gate tables and RNG findings; do not discard
benchmarks/reconstructed_fault/particle_replenishment/plot.py	maintained benchmark	keep	1582	800c108602978ad237bf3289de9df57330c4e66989bf16992ae312dd187f20ab	verify_evidence.py consumes historical failed-gate tables and RNG findings; do not discard
benchmarks/reconstructed_fault/particle_replenishment/plugin/CMakeLists.txt	maintained benchmark	keep	655	152168710373f7106b7f3eab14b6dc8494474aebdc4a9c182be04bdfe5a53d03	verify_evidence.py consumes historical failed-gate tables and RNG findings; do not discard
benchmarks/reconstructed_fault/particle_replenishment/plugin/coupled.cc	maintained benchmark	keep	9166	af9ddbe16a5c9b3c3c58b1e3856edd4f09137de37892990c36a6a5be5cce7c69	verify_evidence.py consumes historical failed-gate tables and RNG findings; do not discard
benchmarks/reconstructed_fault/particle_replenishment/plugin/replenishment.cc	maintained benchmark	keep	13516	50ab7bf1ef1d9ed91a8e56a2939b3d184b188c56ca32e5ae1138128845bc74ff	verify_evidence.py consumes historical failed-gate tables and RNG findings; do not discard
benchmarks/reconstructed_fault/particle_replenishment/prepare_coupled.py	maintained benchmark	keep	3693	3c4a221ac7e51fa74495dd73c06569d26ad02728d75e607f7849fc58bf1adf0c	verify_evidence.py consumes historical failed-gate tables and RNG findings; do not discard
benchmarks/reconstructed_fault/particle_replenishment/prepare_restart.py	maintained benchmark	keep	652	df797c102ff2f46ebbebeb47c75f18cab6863461691909a07da1bf8c21f4eb66	verify_evidence.py consumes historical failed-gate tables and RNG findings; do not discard
benchmarks/reconstructed_fault/particle_replenishment/results/comparison.csv	deliberate test reference	keep	1291	1640fcb7237c0a8ba3c15d57894cb1061df6fd0b751b2580c39abc3b35841512	verify_evidence.py consumes historical failed-gate tables and RNG findings; do not discard
benchmarks/reconstructed_fault/particle_replenishment/results/conditioning_and_error.png	deliberate test reference	keep	156333	e15cfcb08ba406266d52c82d6c1aec351cf3092fbd8eadaa90f9d5d2732cde88	verify_evidence.py consumes historical failed-gate tables and RNG findings; do not discard
benchmarks/reconstructed_fault/particle_replenishment/results/count_conditioned.csv	deliberate test reference	keep	11142	fd244863002564d7db1fb63243a84d398df1e7f465845929c65f3d622f4a0a41	verify_evidence.py consumes historical failed-gate tables and RNG findings; do not discard
benchmarks/reconstructed_fault/particle_replenishment/results/coupled-random-5433-Hlimited-accepted_steps.csv	deliberate test reference	keep	997	852a036d9bb3b361002d1fb7ab86afd71cad3fa2e61fb1964ef7d8d721287a10	verify_evidence.py consumes historical failed-gate tables and RNG findings; do not discard
benchmarks/reconstructed_fault/particle_replenishment/results/coupled-random-5433-Hlimited-restored_growth.csv	deliberate test reference	keep	670	19255c66fdf6a1ff570b6f2cbadcc4fbb5e3717806f728bb17b14bbf6a7bd0cc	verify_evidence.py consumes historical failed-gate tables and RNG findings; do not discard
benchmarks/reconstructed_fault/particle_replenishment/results/coupled-regular-Hlimited-accepted_steps.csv	deliberate test reference	keep	999	cb63446b7fd5ff91c87513ad686c3651a889c178f5b52600c1d99513293694bd	verify_evidence.py consumes historical failed-gate tables and RNG findings; do not discard
benchmarks/reconstructed_fault/particle_replenishment/results/coupled-regular-Hlimited-restored_growth.csv	deliberate test reference	keep	669	a8bdf2816411800d1f458a8925cca477a6c01a5c35dff5e40f3d5bc150244f22	verify_evidence.py consumes historical failed-gate tables and RNG findings; do not discard
benchmarks/reconstructed_fault/particle_replenishment/results/coupled_differences.csv	deliberate test reference	keep	27300	4043251a44c50d2890bec1fb86c4ef8f03bed7c9fc06062ccc42751ad7ef0ed8	verify_evidence.py consumes historical failed-gate tables and RNG findings; do not discard
benchmarks/reconstructed_fault/particle_replenishment/results/crossing-after-create-accepted_steps.csv	deliberate test reference	keep	737	ebc0a8f0cd0345edd5f02d5e05d25184c16d82aa868d36d8e07e60aefca3e4a3	verify_evidence.py consumes historical failed-gate tables and RNG findings; do not discard
benchmarks/reconstructed_fault/particle_replenishment/results/crossing-after-create-restored_growth.csv	deliberate test reference	keep	483	6e3b23d86370bdbff69df9f8b135498158c2cec39b4b3f27443f12b097952989	verify_evidence.py consumes historical failed-gate tables and RNG findings; do not discard
benchmarks/reconstructed_fault/particle_replenishment/results/crossing-after-resume-accepted_steps.csv	deliberate test reference	keep	999	53b2202b9b691bfdfba76aa2f369a8aa06ca7cb6959c4c1333d08551bdbdd501	verify_evidence.py consumes historical failed-gate tables and RNG findings; do not discard
benchmarks/reconstructed_fault/particle_replenishment/results/crossing-after-resume-restored_growth.csv	deliberate test reference	keep	666	29d260d718103c8ccad86d3acbdb209ffde3fa9f82715f42b07ad9b5bc5e4012	verify_evidence.py consumes historical failed-gate tables and RNG findings; do not discard
benchmarks/reconstructed_fault/particle_replenishment/results/crossing-create-accepted_steps.csv	deliberate test reference	keep	475	44c8a227ec7eeb868a121383ba718cba5c9ed221e69467eab8782c76d9849a5e	verify_evidence.py consumes historical failed-gate tables and RNG findings; do not discard
benchmarks/reconstructed_fault/particle_replenishment/results/crossing-create-restored_growth.csv	deliberate test reference	keep	302	e85433d125730e40debae1c3fa9e990e771e499794aa91784a7d5ccd3733c650	verify_evidence.py consumes historical failed-gate tables and RNG findings; do not discard
benchmarks/reconstructed_fault/particle_replenishment/results/crossing-direct-accepted_steps.csv	deliberate test reference	keep	736	a6f14882d6a841aed7a3c29d914386c81ddbb9c48a87a1f76a6b50d6e6fd5c8d	verify_evidence.py consumes historical failed-gate tables and RNG findings; do not discard
benchmarks/reconstructed_fault/particle_replenishment/results/crossing-direct-restored_growth.csv	deliberate test reference	keep	486	e56c77904ee08fcc435c55f7527eda642200ba9db6816fa6e2a902e082ae2832	verify_evidence.py consumes historical failed-gate tables and RNG findings; do not discard
benchmarks/reconstructed_fault/particle_replenishment/results/crossing-mpi-accepted_steps.csv	deliberate test reference	keep	999	e68b194d97c39602230cbcf29577d944bb9de1c610e4724d718217e0deb73836	verify_evidence.py consumes historical failed-gate tables and RNG findings; do not discard
benchmarks/reconstructed_fault/particle_replenishment/results/crossing-mpi-restored_growth.csv	deliberate test reference	keep	664	adc504a29d72d2a1ab679d681a19f4a2b032cd8beb59c339783f0b811fddacdc	verify_evidence.py consumes historical failed-gate tables and RNG findings; do not discard
benchmarks/reconstructed_fault/particle_replenishment/results/crossing-resume-accepted_steps.csv	deliberate test reference	keep	999	53b2202b9b691bfdfba76aa2f369a8aa06ca7cb6959c4c1333d08551bdbdd501	verify_evidence.py consumes historical failed-gate tables and RNG findings; do not discard
benchmarks/reconstructed_fault/particle_replenishment/results/crossing-resume-restored_growth.csv	deliberate test reference	keep	666	29d260d718103c8ccad86d3acbdb209ffde3fa9f82715f42b07ad9b5bc5e4012	verify_evidence.py consumes historical failed-gate tables and RNG findings; do not discard
benchmarks/reconstructed_fault/particle_replenishment/results/crossing-retry-accepted_steps.csv	deliberate test reference	keep	736	a6f14882d6a841aed7a3c29d914386c81ddbb9c48a87a1f76a6b50d6e6fd5c8d	verify_evidence.py consumes historical failed-gate tables and RNG findings; do not discard
benchmarks/reconstructed_fault/particle_replenishment/results/crossing-retry-restored_growth.csv	deliberate test reference	keep	486	e56c77904ee08fcc435c55f7527eda642200ba9db6816fa6e2a902e082ae2832	verify_evidence.py consumes historical failed-gate tables and RNG findings; do not discard
benchmarks/reconstructed_fault/particle_replenishment/results/crossing-serial-accepted_steps.csv	deliberate test reference	keep	999	53b2202b9b691bfdfba76aa2f369a8aa06ca7cb6959c4c1333d08551bdbdd501	verify_evidence.py consumes historical failed-gate tables and RNG findings; do not discard
benchmarks/reconstructed_fault/particle_replenishment/results/crossing-serial-restored_growth.csv	deliberate test reference	keep	666	29d260d718103c8ccad86d3acbdb209ffde3fa9f82715f42b07ad9b5bc5e4012	verify_evidence.py consumes historical failed-gate tables and RNG findings; do not discard
benchmarks/reconstructed_fault/particle_replenishment/results/insertion_summary.csv	deliberate test reference	keep	7944	2fff0388c00cb98b72983ecc5f2283e8845a5374e63b557e4f4a9d0fe11cd942	verify_evidence.py consumes historical failed-gate tables and RNG findings; do not discard
benchmarks/reconstructed_fault/particle_replenishment/results/lifecycle_checks.csv	deliberate test reference	keep	2094	85bfb9a050071aeca9ac02ef242497ce0aa5b3eaeb80eb63075fb48cc69d3215	verify_evidence.py consumes historical failed-gate tables and RNG findings; do not discard
benchmarks/reconstructed_fault/particle_replenishment/results/lifecycle_states.csv	deliberate test reference	keep	10895	bbb62b381bff8896af2f79f4d662c8623fac13dbdd67a9170e77e2e44d4e6f12	verify_evidence.py consumes historical failed-gate tables and RNG findings; do not discard
benchmarks/reconstructed_fault/particle_replenishment/results/limiter_tradeoff.png	deliberate test reference	keep	124158	52a23fddfc9f1d81ca7a9438378c529d0494fe71aa586a705ec67fd9a9512836	verify_evidence.py consumes historical failed-gate tables and RNG findings; do not discard
benchmarks/reconstructed_fault/particle_replenishment/results/mpi_supports.json	deliberate test reference	keep	638	da3b5a007c65ba9838aa4f27a84270b91339bee749977315cd12459bf4f86436	verify_evidence.py consumes historical failed-gate tables and RNG findings; do not discard
benchmarks/reconstructed_fault/particle_replenishment/results/negative_H_cloud.csv	deliberate test reference	keep	1083	6be6b1cff29e210e10323a9561ff1285e8373b74d503eaa6b67b0484b145f1f0	verify_evidence.py consumes historical failed-gate tables and RNG findings; do not discard
benchmarks/reconstructed_fault/particle_replenishment/results/negative_H_proposals.csv	deliberate test reference	keep	1598	77d1bb6a29991c3ba9b4c0b034472db2377231708b650013648f124892f0264c	verify_evidence.py consumes historical failed-gate tables and RNG findings; do not discard
benchmarks/reconstructed_fault/particle_replenishment/results/provenance.json	deliberate test reference	keep	1253	814c36d59f395716a45f6b92ba4538b26a44efe7bd33a4618583e5dbde6e9081	verify_evidence.py consumes historical failed-gate tables and RNG findings; do not discard
benchmarks/reconstructed_fault/particle_replenishment/results/random-5432-limited-worst_generated_step0_rank0.csv	deliberate test reference	keep	1534	dcc8a10f76b35e23b6c4698ea0cf97fa5c7b4133631973cf9c274d1f631a83a7	verify_evidence.py consumes historical failed-gate tables and RNG findings; do not discard
benchmarks/reconstructed_fault/particle_replenishment/results/random-5432-limited-worst_initial_management_step0_rank0.csv	deliberate test reference	keep	2107	bc4b10bd7e30c066bcd7ac562d88157c6557f397cb803d99bf640194ea943851	verify_evidence.py consumes historical failed-gate tables and RNG findings; do not discard
benchmarks/reconstructed_fault/particle_replenishment/results/random-5432-limited-worst_transport_step20_rank0.csv	deliberate test reference	keep	2218	fa39d86aa8b15ae92fbba112d31f158d29be06a8d8704e9996cdf17759212828	verify_evidence.py consumes historical failed-gate tables and RNG findings; do not discard
benchmarks/reconstructed_fault/particle_replenishment/results/random-5432-worst_generated_step0_rank0.csv	deliberate test reference	keep	1534	dcc8a10f76b35e23b6c4698ea0cf97fa5c7b4133631973cf9c274d1f631a83a7	verify_evidence.py consumes historical failed-gate tables and RNG findings; do not discard
benchmarks/reconstructed_fault/particle_replenishment/results/random-5432-worst_initial_management_step0_rank0.csv	deliberate test reference	keep	2107	bc4b10bd7e30c066bcd7ac562d88157c6557f397cb803d99bf640194ea943851	verify_evidence.py consumes historical failed-gate tables and RNG findings; do not discard
benchmarks/reconstructed_fault/particle_replenishment/results/random-5432-worst_transport_step20_rank0.csv	deliberate test reference	keep	2218	fa39d86aa8b15ae92fbba112d31f158d29be06a8d8704e9996cdf17759212828	verify_evidence.py consumes historical failed-gate tables and RNG findings; do not discard
benchmarks/reconstructed_fault/particle_replenishment/results/random-5433-limited-worst_generated_step0_rank0.csv	deliberate test reference	keep	988	42db4a6a71ad15db644cf3a1ae4031237b482ffa997d012202b064ba6dfe90dd	verify_evidence.py consumes historical failed-gate tables and RNG findings; do not discard
benchmarks/reconstructed_fault/particle_replenishment/results/random-5433-limited-worst_initial_management_step0_rank0.csv	deliberate test reference	keep	2788	8b81f609a5c7efd10233633c3d2bb76157645d57a4353dc00bbe5a2cd03d9e9d	verify_evidence.py consumes historical failed-gate tables and RNG findings; do not discard
benchmarks/reconstructed_fault/particle_replenishment/results/random-5433-limited-worst_transport_step20_rank0.csv	deliberate test reference	keep	2078	56a79e23b8f0939b3df7a180e0a03f64f912f28d9444a4397cec379410572408	verify_evidence.py consumes historical failed-gate tables and RNG findings; do not discard
benchmarks/reconstructed_fault/particle_replenishment/results/random-5433-worst_generated_step0_rank0.csv	deliberate test reference	keep	988	42db4a6a71ad15db644cf3a1ae4031237b482ffa997d012202b064ba6dfe90dd	verify_evidence.py consumes historical failed-gate tables and RNG findings; do not discard
benchmarks/reconstructed_fault/particle_replenishment/results/random-5433-worst_initial_management_step0_rank0.csv	deliberate test reference	keep	2788	8b81f609a5c7efd10233633c3d2bb76157645d57a4353dc00bbe5a2cd03d9e9d	verify_evidence.py consumes historical failed-gate tables and RNG findings; do not discard
benchmarks/reconstructed_fault/particle_replenishment/results/random-5433-worst_transport_step20_rank0.csv	deliberate test reference	keep	2078	56a79e23b8f0939b3df7a180e0a03f64f912f28d9444a4397cec379410572408	verify_evidence.py consumes historical failed-gate tables and RNG findings; do not discard
benchmarks/reconstructed_fault/particle_replenishment/results/random-5434-limited-worst_generated_step0_rank0.csv	deliberate test reference	keep	1259	e14682607bedf8cf17fed4dfed9176aba41953c17feaee2edb2a84733842f195	verify_evidence.py consumes historical failed-gate tables and RNG findings; do not discard
benchmarks/reconstructed_fault/particle_replenishment/results/random-5434-limited-worst_initial_management_step0_rank0.csv	deliberate test reference	keep	1810	9465835cabd36e3eadd13cc4247f76f7d9a16a6a93833144795f2a7df322c959	verify_evidence.py consumes historical failed-gate tables and RNG findings; do not discard
benchmarks/reconstructed_fault/particle_replenishment/results/random-5434-limited-worst_transport_step20_rank0.csv	deliberate test reference	keep	1938	398a377fce33e133ae48be12d427c50d74c8bdb8bfa0f338d69ff06e09f3a8c3	verify_evidence.py consumes historical failed-gate tables and RNG findings; do not discard
benchmarks/reconstructed_fault/particle_replenishment/results/random-5434-worst_generated_step0_rank0.csv	deliberate test reference	keep	1259	e14682607bedf8cf17fed4dfed9176aba41953c17feaee2edb2a84733842f195	verify_evidence.py consumes historical failed-gate tables and RNG findings; do not discard
benchmarks/reconstructed_fault/particle_replenishment/results/random-5434-worst_initial_management_step0_rank0.csv	deliberate test reference	keep	1810	9465835cabd36e3eadd13cc4247f76f7d9a16a6a93833144795f2a7df322c959	verify_evidence.py consumes historical failed-gate tables and RNG findings; do not discard
benchmarks/reconstructed_fault/particle_replenishment/results/random-5434-worst_transport_step20_rank0.csv	deliberate test reference	keep	1963	7ea86b92c05051c947066d53df114277caab25b87627837d812548c14779f0fb	verify_evidence.py consumes historical failed-gate tables and RNG findings; do not discard
benchmarks/reconstructed_fault/particle_replenishment/results/regular-limited-worst_generated_step0_rank0.csv	deliberate test reference	keep	1221	06fad5b5bb5d2cf15af3f03945880030fce033e595f90c7bd709a81a7304c7ef	verify_evidence.py consumes historical failed-gate tables and RNG findings; do not discard
benchmarks/reconstructed_fault/particle_replenishment/results/regular-limited-worst_initial_management_step0_rank0.csv	deliberate test reference	keep	1221	06fad5b5bb5d2cf15af3f03945880030fce033e595f90c7bd709a81a7304c7ef	verify_evidence.py consumes historical failed-gate tables and RNG findings; do not discard
benchmarks/reconstructed_fault/particle_replenishment/results/regular-limited-worst_transport_step20_rank0.csv	deliberate test reference	keep	1688	3dd9bed301ab6af19d9c13de95b78bbfe314cc512b88588f73bc41303775132e	verify_evidence.py consumes historical failed-gate tables and RNG findings; do not discard
benchmarks/reconstructed_fault/particle_replenishment/results/regular-worst_generated_step0_rank0.csv	deliberate test reference	keep	1221	06fad5b5bb5d2cf15af3f03945880030fce033e595f90c7bd709a81a7304c7ef	verify_evidence.py consumes historical failed-gate tables and RNG findings; do not discard
benchmarks/reconstructed_fault/particle_replenishment/results/regular-worst_initial_management_step0_rank0.csv	deliberate test reference	keep	1221	06fad5b5bb5d2cf15af3f03945880030fce033e595f90c7bd709a81a7304c7ef	verify_evidence.py consumes historical failed-gate tables and RNG findings; do not discard
benchmarks/reconstructed_fault/particle_replenishment/results/regular-worst_transport_step20_rank0.csv	deliberate test reference	keep	1799	c9d24840f6ca1bca24dcec6f1ab6eef1741028f680ca84e8b469c558a43db775	verify_evidence.py consumes historical failed-gate tables and RNG findings; do not discard
benchmarks/reconstructed_fault/particle_replenishment/results/run_events.txt	deliberate test reference	keep	47467	b950f16f263aa7f9b2e66f98e0332fb66d7d3f801a1bf283b5d8e16805179116	verify_evidence.py consumes historical failed-gate tables and RNG findings; do not discard
benchmarks/reconstructed_fault/particle_replenishment/results/run_metadata.json	deliberate test reference	keep	31591	86e7f8e46744742348ca9e3ed1fb49def37380473daf232c1a7cf05f360e7390	verify_evidence.py consumes historical failed-gate tables and RNG findings; do not discard
benchmarks/reconstructed_fault/particle_replenishment/results/runs.csv	deliberate test reference	keep	12116	3f7cddca6ef08f726aeec1de94ea2586361e8b1cacda652925aaf11f1bf00cb7	verify_evidence.py consumes historical failed-gate tables and RNG findings; do not discard
benchmarks/reconstructed_fault/particle_replenishment/results/stage_fields.csv	deliberate test reference	keep	356384	6c52d6a6c3a5cf4acbd153920856118d40648560c0c00faa18993ea1c531b9d5	verify_evidence.py consumes historical failed-gate tables and RNG findings; do not discard
benchmarks/reconstructed_fault/particle_replenishment/results/verification.json	deliberate test reference	keep	1482	acb75801f26c4013b42d1e63161f2ee9ba421cd094a4b095b21e584f06d22feb	verify_evidence.py consumes historical failed-gate tables and RNG findings; do not discard
benchmarks/reconstructed_fault/particle_replenishment/run_cases.py	maintained benchmark	keep	847	341b8bd3210abe73a2744016512be2483582b299a55b95c6d546f30e764632d6	verify_evidence.py consumes historical failed-gate tables and RNG findings; do not discard
benchmarks/reconstructed_fault/particle_replenishment/run_logged.py	maintained benchmark	keep	1485	4854696014c859945122f4329ed2c1abaa3037265b084f5e78ba53d2d5eec605	verify_evidence.py consumes historical failed-gate tables and RNG findings; do not discard
benchmarks/reconstructed_fault/particle_replenishment/verify_evidence.py	maintained benchmark	keep	2818	0d23df2851da6626ed27f7c09cac61d341e0eeab48c391ed66b250fb1e99f975	verify_evidence.py consumes historical failed-gate tables and RNG findings; do not discard
benchmarks/reconstructed_fault/performance/CMakeLists.txt	uncertain or active research	keep	1196	b9133b55c9a8c572f6805dc18f7fa86a5598580d1aab1dbfd64af5d6b94dad88	normal-stress/performance research and manual server workflows; no activity/obsolescence assumption
benchmarks/reconstructed_fault/performance/bound-cell-source-manifest.md	uncertain or active research	keep	1688	ff62dbd7838c83d18419e19c848b27e7aeda7cf91290267764d15048eeb22b0e	normal-stress/performance research and manual server workflows; no activity/obsolescence assumption
benchmarks/reconstructed_fault/performance/cell_rollback_one.prm	uncertain or active research	keep	422	7531d78c3b2df44885886673895bd3df844e385752e1aa758b05e643d58f2237	normal-stress/performance research and manual server workflows; no activity/obsolescence assumption
benchmarks/reconstructed_fault/performance/cell_rollback_two.prm	uncertain or active research	keep	195	714987c2a3550b63df028dbe0f5786fb0bccf58ac6b913cc5393f8276b77afd5	normal-stress/performance research and manual server workflows; no activity/obsolescence assumption
benchmarks/reconstructed_fault/performance/cell_stage_i.prm	uncertain or active research	keep	407	05668721220de666476fc9666c8ba9a0a3b4227aace2e725bb3b8f63dbe021fd	normal-stress/performance research and manual server workflows; no activity/obsolescence assumption
benchmarks/reconstructed_fault/performance/compare.py	uncertain or active research	keep	3011	cce37f9b541a11c4f041d7b2727e0cf69800cc58ee9667f4dcfa54bdf425e3d9	normal-stress/performance research and manual server workflows; no activity/obsolescence assumption
benchmarks/reconstructed_fault/performance/coupling-bp3-baseline-comparison.json	uncertain or active research	keep	17826	252ebbe686dce2684adedf40ebd79b7edb0cfce5af97f294c5c93a666902a16b	normal-stress/performance research and manual server workflows; no activity/obsolescence assumption
benchmarks/reconstructed_fault/performance/coupling-bp3-result.json	uncertain or active research	keep	39112	6c461f2fa58793cd735e8211f4c7d0169382560e31ba9221c872c1bc200136b2	normal-stress/performance research and manual server workflows; no activity/obsolescence assumption
benchmarks/reconstructed_fault/performance/coupling-k3-baseline-comparison.json	uncertain or active research	keep	47906	6d1f57a7afcd345d140babcf522002748d0c11ae96ef2d941b231da6102c02cb	normal-stress/performance research and manual server workflows; no activity/obsolescence assumption
benchmarks/reconstructed_fault/performance/coupling-k3-result.json	uncertain or active research	keep	48616	e2fea705bd83ff64aee533ce28efb82125338e1a162cb9dd059279ecfae03c5b	normal-stress/performance research and manual server workflows; no activity/obsolescence assumption
benchmarks/reconstructed_fault/performance/coupling_actions.prm	uncertain or active research	keep	197	d9c955d881d05679aee30e626c9d6947579d9308e87fc096b6a3fc94aa28ef0a	normal-stress/performance research and manual server workflows; no activity/obsolescence assumption
benchmarks/reconstructed_fault/performance/coupling_actions_two.prm	uncertain or active research	keep	197	5eef5eda478c039498cfc9dd27b98f20d5086904e21f9fa9fc4707f513da64ae	normal-stress/performance research and manual server workflows; no activity/obsolescence assumption
benchmarks/reconstructed_fault/performance/coupling_adiabatic_two.prm	uncertain or active research	keep	311	2d57d7bb511941ddcc7807b9ed6fd522d26fb8f2d2b2ccd8c63f583ca449a007	normal-stress/performance research and manual server workflows; no activity/obsolescence assumption
benchmarks/reconstructed_fault/performance/coupling_bp3.prm	uncertain or active research	keep	193	36eac03bd8866a1b4914411d80326ee6a28c2c39b86867853f6f6b6c6f631adb	normal-stress/performance research and manual server workflows; no activity/obsolescence assumption
benchmarks/reconstructed_fault/performance/coupling_k3.prm	uncertain or active research	keep	191	c0b966e9d2c4a8e24a8d0dde07d709cb72949972eb5a6fbd30ebbb390a605427	normal-stress/performance research and manual server workflows; no activity/obsolescence assumption
benchmarks/reconstructed_fault/performance/coupling_probes.prm	uncertain or active research	keep	192	40c339940aed98e7f729f39fce3370464806b545b54fa167237b3f07996c249e	normal-stress/performance research and manual server workflows; no activity/obsolescence assumption
benchmarks/reconstructed_fault/performance/coupling_random.prm	uncertain or active research	keep	192	de39906e1bbd3ade6ce3dddc20977ea883c4eb2abe711ab6d3fcf0e0f942be33	normal-stress/performance research and manual server workflows; no activity/obsolescence assumption
benchmarks/reconstructed_fault/performance/coupling_random_two.prm	uncertain or active research	keep	195	4f8db49f3804eff02438504f01556aa3f670280e9708e97e1ef1fc59a9ac8400	normal-stress/performance research and manual server workflows; no activity/obsolescence assumption
benchmarks/reconstructed_fault/performance/coupling_report.py	uncertain or active research	keep	4086	8e14b1c96790247752e2e1f2b41a82515cdb7837acae755f6a33907620915104	normal-stress/performance research and manual server workflows; no activity/obsolescence assumption
benchmarks/reconstructed_fault/performance/coupling_rollback.prm	uncertain or active research	keep	197	04da8ea305fb22f71e4de1cafc1b532f43bb99704a061f695e5d5ef91cf6157f	normal-stress/performance research and manual server workflows; no activity/obsolescence assumption
benchmarks/reconstructed_fault/performance/coupling_rollback_two.prm	uncertain or active research	keep	199	cabd7f9589a101d5b00553fd5fb9d03af2912f9ad70939b93dfcf07aead64056	normal-stress/performance research and manual server workflows; no activity/obsolescence assumption
benchmarks/reconstructed_fault/performance/gmg/check_trajectory.py	uncertain or active research	keep	3330	9ce65d654fcb8936e1f63cb981339389c828841cdbed7b066be19ec08f3f735f	normal-stress/performance research and manual server workflows; no activity/obsolescence assumption
benchmarks/reconstructed_fault/performance/gmg/coupling-one.prm	uncertain or active research	keep	197	d4d8dff926ed2104eac8fabbcbeaa0b4e2955b4cca210a9067d143c2d54b48e5	normal-stress/performance research and manual server workflows; no activity/obsolescence assumption
benchmarks/reconstructed_fault/performance/gmg/coupling-two.prm	uncertain or active research	keep	197	2b1aac5e6c8cf0849983a5cd65d8cd5473f20972aea99a563d8590ce6c71a762	normal-stress/performance research and manual server workflows; no activity/obsolescence assumption
benchmarks/reconstructed_fault/performance/gmg/rollback-gmg.prm	uncertain or active research	keep	309	06bb4dfc1be39175a19b145ca30c71ed43898e73ebcf64ad577c737b43e00979	normal-stress/performance research and manual server workflows; no activity/obsolescence assumption
benchmarks/reconstructed_fault/performance/gmg/rollback.prm	uncertain or active research	keep	305	1f204fb8aa2855a5cd0a0858eb0e34874bbd2e995583ba04850096334bf2f07f	normal-stress/performance research and manual server workflows; no activity/obsolescence assumption
benchmarks/reconstructed_fault/performance/gmg/run.py	uncertain or active research	keep	3092	2b84a807fa331350664506c16d00220e53a3a28ee847216cb45ca05408975079	normal-stress/performance research and manual server workflows; no activity/obsolescence assumption
benchmarks/reconstructed_fault/performance/interface-bp3-accepted-result.json	uncertain or active research	keep	103740	dcc09e6084abf5bbc8a581a8ba07b85b270647bc96a2361a197ab7c275602c8c	normal-stress/performance research and manual server workflows; no activity/obsolescence assumption
benchmarks/reconstructed_fault/performance/interface-k3-result.json	uncertain or active research	keep	134063	afe3c98606350e6ed7a386d8a43e5b1a7ce4360544173a082cb8308709f5ecf8	normal-stress/performance research and manual server workflows; no activity/obsolescence assumption
benchmarks/reconstructed_fault/performance/interface-zero-bp3-result.json	uncertain or active research	keep	101425	3704584a29d4ec7ad055eae3ea69783e551261870cb6956c4ee053c8af549ae6	normal-stress/performance research and manual server workflows; no activity/obsolescence assumption
benchmarks/reconstructed_fault/performance/interface-zero-k3-result.json	uncertain or active research	keep	142535	6c187c11b9fae461d789c9f9ced1e00865e119a12ae97afccaf9445f42b4777d	normal-stress/performance research and manual server workflows; no activity/obsolescence assumption
benchmarks/reconstructed_fault/performance/interface_bp3.prm	uncertain or active research	keep	186	9360d7a9f3bbe4df833359d43cc54faddbbcf49746d484b116194df3feb16256	normal-stress/performance research and manual server workflows; no activity/obsolescence assumption
benchmarks/reconstructed_fault/performance/interface_k3.prm	uncertain or active research	keep	184	7e012d1e68c5d081d1ca50501e3447e606bfd1e12d11c89d61c4230baebb98b0	normal-stress/performance research and manual server workflows; no activity/obsolescence assumption
benchmarks/reconstructed_fault/performance/interface_stage_i.prm	uncertain or active research	keep	296	6d06807ee31f28c0d74170435c65ec772e544a2f9111066c7db8b076fc659c67	normal-stress/performance research and manual server workflows; no activity/obsolescence assumption
benchmarks/reconstructed_fault/performance/interface_stage_i_two.prm	uncertain or active research	keep	199	33588027be8f7f7b0c17ddc2f25847707734c3a53e73bbbce7055f94cd9fcd6d	normal-stress/performance research and manual server workflows; no activity/obsolescence assumption
benchmarks/reconstructed_fault/performance/interface_zero_bp3.prm	uncertain or active research	keep	191	75e994cdba9e34dc52b2439586a1ad215b24c1380f4686e969da730ccc2d9c50	normal-stress/performance research and manual server workflows; no activity/obsolescence assumption
benchmarks/reconstructed_fault/performance/interface_zero_k3.prm	uncertain or active research	keep	189	8f5bb528cfa9df239b2afa55a0feb395e7ecdb43f82733a1738123bc93aef64d	normal-stress/performance research and manual server workflows; no activity/obsolescence assumption
benchmarks/reconstructed_fault/performance/interface_zero_rollback.prm	uncertain or active research	keep	201	0b48000ace8696b999119705ed55dd62dcadd809d0dfc9ec5e3decd2c1353b06	normal-stress/performance research and manual server workflows; no activity/obsolescence assumption
benchmarks/reconstructed_fault/performance/interface_zero_rollback_two.prm	uncertain or active research	keep	211	b4703cfe779801971c4856da8abe69c91eec0f645fedaf02f044cd87c5a5ac22	normal-stress/performance research and manual server workflows; no activity/obsolescence assumption
benchmarks/reconstructed_fault/performance/interface_zero_stage_i.prm	uncertain or active research	keep	200	916b5c712182eae03fb6203f6b35cdd910d252cc3e0105937904d8679ad58217	normal-stress/performance research and manual server workflows; no activity/obsolescence assumption
benchmarks/reconstructed_fault/performance/interface_zero_stage_i_two.prm	uncertain or active research	keep	209	7e3938810ce7bc975eec303064c96f40f0068a588ff330701b841364cf4574b1	normal-stress/performance research and manual server workflows; no activity/obsolescence assumption
benchmarks/reconstructed_fault/performance/k2_saved.prm	uncertain or active research	keep	1019	655caa74f6c23a1d7ea74ece07b33fc83bcb30059c6b2d940fa30975794f7aad	normal-stress/performance research and manual server workflows; no activity/obsolescence assumption
benchmarks/reconstructed_fault/performance/k2_saved_configured.prm	uncertain or active research	keep	327	1b51049d5fb139646447777b6b4a9a3212ae2358ede8953fb3ad85b0cbac0b46	normal-stress/performance research and manual server workflows; no activity/obsolescence assumption
benchmarks/reconstructed_fault/performance/k2_saved_particles.prm	uncertain or active research	keep	360	8b41d20077022634f2402c3878ada8fa651d6a21ad65616c00ed6d4e37eca881	normal-stress/performance research and manual server workflows; no activity/obsolescence assumption
benchmarks/reconstructed_fault/performance/k2_saved_ready.prm	uncertain or active research	keep	517	f431c37b769ab96b4ab8abd0e8913b412699d5e5da2d7ea7f25a67de41462d43	normal-stress/performance research and manual server workflows; no activity/obsolescence assumption
benchmarks/reconstructed_fault/performance/k3-cell-result.json	uncertain or active research	keep	45949	81bb1819f0c598ac377ea63615dca539d071e4ca394fc5ec88d819c5f1935cb1	normal-stress/performance research and manual server workflows; no activity/obsolescence assumption
benchmarks/reconstructed_fault/performance/k3_cell.prm	uncertain or active research	keep	293	8dcad86d20faecf30fd23ea2149f8769564ed8a451f966f191e780df4f158f66	normal-stress/performance research and manual server workflows; no activity/obsolescence assumption
benchmarks/reconstructed_fault/performance/k3_compare.prm	uncertain or active research	keep	178	01437682d2592ec4204c79a6195bdfe186e507dcfa9cfc5a38d44d5d9edaa3c1	normal-stress/performance research and manual server workflows; no activity/obsolescence assumption
benchmarks/reconstructed_fault/performance/k3_remote.prm	uncertain or active research	keep	288	06a1d2ca8ffd1c3320e2bd7099a8dbe442c3de5fd921513baea8450e5a771e4f	normal-stress/performance research and manual server workflows; no activity/obsolescence assumption
benchmarks/reconstructed_fault/performance/k3_remote_checked.prm	uncertain or active research	keep	348	0b5bd6c3e909db07197803d433841b579c892b988356274148c1ebe0f1880e76	normal-stress/performance research and manual server workflows; no activity/obsolescence assumption
benchmarks/reconstructed_fault/performance/mechanical-bp3-result.json	uncertain or active research	keep	66616	67142847d030a041f5d3f92df443606e896fa2f5a7d12dbce4ed099afadaff0e	normal-stress/performance research and manual server workflows; no activity/obsolescence assumption
benchmarks/reconstructed_fault/performance/mechanical-k3-result.json	uncertain or active research	keep	89300	bc31055b7791dfc05c75b88e6f26e92efe270773070194c521071751e8764993	normal-stress/performance research and manual server workflows; no activity/obsolescence assumption
benchmarks/reconstructed_fault/performance/mechanical-source-manifest.md	uncertain or active research	keep	1445	231f4c4002b3dd3d28585390b4c321605b32ef5619a191bc07e09eea7d08b169	normal-stress/performance research and manual server workflows; no activity/obsolescence assumption
benchmarks/reconstructed_fault/performance/mechanical_actions.prm	uncertain or active research	keep	187	60c12625c7cf79faf6584d2ee2ff202ca67acec167e4401acdb85901f029fb15	normal-stress/performance research and manual server workflows; no activity/obsolescence assumption
benchmarks/reconstructed_fault/performance/mechanical_actions_two.prm	uncertain or active research	keep	201	91437b8eccd42e6c712d1185c5e9f18d1a6079e38d0963534a23ce149aef86ae	normal-stress/performance research and manual server workflows; no activity/obsolescence assumption
benchmarks/reconstructed_fault/performance/mechanical_bp3_pivot.prm	uncertain or active research	keep	199	5680b07c5980ff7b090e3811a15245d321a6c59341dade69379f0f8ab74a131e	normal-stress/performance research and manual server workflows; no activity/obsolescence assumption
benchmarks/reconstructed_fault/performance/mechanical_bp3_umf.prm	uncertain or active research	keep	186	6ec06b05c3b3f185a82305eb6aae3c0cac26d96d9bf4c6ee277ff15008394988	normal-stress/performance research and manual server workflows; no activity/obsolescence assumption
benchmarks/reconstructed_fault/performance/mechanical_condensed.prm	uncertain or active research	keep	380	9c90393004444ceae3058a87c292df397936954e0bf84a5e1e36e2eb4b96e980	normal-stress/performance research and manual server workflows; no activity/obsolescence assumption
benchmarks/reconstructed_fault/performance/mechanical_condensed_two.prm	uncertain or active research	keep	205	f31314110988d18c9a0e1c03fd87fa790df02015175c5344931eda5e28331b38	normal-stress/performance research and manual server workflows; no activity/obsolescence assumption
benchmarks/reconstructed_fault/performance/mechanical_k1.prm	uncertain or active research	keep	455	e98409ff5b15b604184d95d71a1bcb4a95a4731d55353354cdcae6c603be40e4	normal-stress/performance research and manual server workflows; no activity/obsolescence assumption
benchmarks/reconstructed_fault/performance/mechanical_k2.prm	uncertain or active research	keep	364	1fbbfa0155dc25f973b2965aca0c5853a817171a28c9aa2ecfe9fb4f6d63c6f1	normal-stress/performance research and manual server workflows; no activity/obsolescence assumption
benchmarks/reconstructed_fault/performance/mechanical_k3_pivot.prm	uncertain or active research	keep	197	52ecfe9395d5be75ac515f7e23edbb71c421af47025be47d07985514dbadb1c8	normal-stress/performance research and manual server workflows; no activity/obsolescence assumption
benchmarks/reconstructed_fault/performance/mechanical_k3_umf.prm	uncertain or active research	keep	185	bf94bab48d502a21267c8d5181c98b0a16be130a1150b77a79a2f485b1d788b1	normal-stress/performance research and manual server workflows; no activity/obsolescence assumption
benchmarks/reconstructed_fault/performance/mechanical_report.py	uncertain or active research	keep	2910	4eefa3bf70602931d0d339d53882ddcace94f59f14a39b300c4518155b3cf26b	normal-stress/performance research and manual server workflows; no activity/obsolescence assumption
benchmarks/reconstructed_fault/performance/mechanical_rollback.prm	uncertain or active research	keep	197	09933005dd108b4beee05574ca9af56de54147daf82494e4840216f23b89df70	normal-stress/performance research and manual server workflows; no activity/obsolescence assumption
benchmarks/reconstructed_fault/performance/mechanical_rollback_two.prm	uncertain or active research	keep	203	7e15543d4ccc6eb2db66c25280756a446fe51662aa95ebf36cdc1bf6182f6ae2	normal-stress/performance research and manual server workflows; no activity/obsolescence assumption
benchmarks/reconstructed_fault/performance/run.py	uncertain or active research	keep	2598	c317c3a60d4479e6fe29d507b9f5c7ca0b50563644f379469ebbdd1185725aa2	normal-stress/performance research and manual server workflows; no activity/obsolescence assumption
benchmarks/reconstructed_fault/performance/test_mechanical_report.py	uncertain or active research	keep	1688	3d340314b9b1e2e17039703e7149c5c9bf818ee537f0ddf45f5ca583b42062b5	normal-stress/performance research and manual server workflows; no activity/obsolescence assumption
benchmarks/reconstructed_fault/post_r6_cleanup/.gitignore	maintained benchmark	keep	110	077dab41f64e3e1f6eadd094570c4a77bcd823285e634672c8be050c975f156d	benchmark or regression build/run/check dependency
benchmarks/reconstructed_fault/post_r6_cleanup/README.md	maintained benchmark	keep	11168	90a4a6e4155dda39dfc95178dd12eac14250555d824b180d52d6e7efa5a01d29	benchmark or regression build/run/check dependency
benchmarks/reconstructed_fault/post_r6_cleanup/compare.py	maintained benchmark	keep	4378	2d1662c87a6c6031e5ef5c726f5ed87e30eb778049e62d21dc4a3ced84d5c9e9	benchmark or regression build/run/check dependency
benchmarks/reconstructed_fault/post_r6_cleanup/evidence/baseline-crack-driving-force.json	deliberate test reference	keep	361	c3b40eb164bf26cf8baa53d9d4feb779e98ac0fe0d616f1c72d5d0f8827835f1	compact qualification summary/provenance retained with regression
benchmarks/reconstructed_fault/post_r6_cleanup/evidence/baseline-create.json	deliberate test reference	keep	700	138aee2053acf94ffe056567337ea739713081360426c418b8e8928a81e0e887	compact qualification summary/provenance retained with regression
benchmarks/reconstructed_fault/post_r6_cleanup/evidence/baseline-create.log	generated/rebuildable artifact	untrack-keep-local	21758	56fd75e8db06954defa1ab4ae8f260e91cabe9c756cd70da8630feab991063ab	completed run log/expanded input/export; archive exact bytes, retain local comparison paths
benchmarks/reconstructed_fault/post_r6_cleanup/evidence/baseline-direct.json	deliberate test reference	keep	698	c5169228921575ec9d4ad15cdc3e7286c1bc0f3bacd00b75ec38fd7453f5d760	compact qualification summary/provenance retained with regression
benchmarks/reconstructed_fault/post_r6_cleanup/evidence/baseline-direct.log	generated/rebuildable artifact	untrack-keep-local	21630	ae70a6d82aab14d90d3718a3e50f3241cac3d931c842bb5bd0f34b6af47b69bb	completed run log/expanded input/export; archive exact bytes, retain local comparison paths
benchmarks/reconstructed_fault/post_r6_cleanup/evidence/baseline-direct2.json	deliberate test reference	keep	700	0dc53d3ad47330fb2c133a0a6681a4235f6cdf810dfb6d0c9f2346b40e28798e	compact qualification summary/provenance retained with regression
benchmarks/reconstructed_fault/post_r6_cleanup/evidence/baseline-direct2.log	generated/rebuildable artifact	untrack-keep-local	18891	6f8aa79c59c819c8084ba705bf68e2441334f005d4af26b06747176d431353bb	completed run log/expanded input/export; archive exact bytes, retain local comparison paths
benchmarks/reconstructed_fault/post_r6_cleanup/evidence/baseline-manager-symbols.json	deliberate test reference	keep	15577	18acce9919e4692d3dbed1ece2bcfb67ac1d80d052c5ed58469a813652c8d25a	compact qualification summary/provenance retained with regression
benchmarks/reconstructed_fault/post_r6_cleanup/evidence/baseline-particle-domain-gcc12.log	generated/rebuildable artifact	untrack-keep-local	220995	7dcce427822260b0efc1535fa73aefa84ffd0837b338cd08fcd80ea5886c27ed	completed run log/expanded input/export; archive exact bytes, retain local comparison paths
benchmarks/reconstructed_fault/post_r6_cleanup/evidence/baseline-phase-field.json	deliberate test reference	keep	339	8bff8a52c9b7074ee4e8a8456f52f825b342125fbeb9e9364722ecf6f5d7d032	compact qualification summary/provenance retained with regression
benchmarks/reconstructed_fault/post_r6_cleanup/evidence/baseline-resume.json	deliberate test reference	keep	699	51f4120d24b90ead9f7ea94e03cfebc215f1f675483177c39652e0ef402cb4ef	compact qualification summary/provenance retained with regression
benchmarks/reconstructed_fault/post_r6_cleanup/evidence/baseline-resume.log	generated/rebuildable artifact	untrack-keep-local	18924	7daf4348506ea111cc9519d59dabc64b84a189bf7fa9b510e659ebc87e4765a3	completed run log/expanded input/export; archive exact bytes, retain local comparison paths
benchmarks/reconstructed_fault/post_r6_cleanup/evidence/baseline-retry.json	deliberate test reference	keep	699	469e7a7e15bab0c7a53d97788fb64ed00f6af5345c6d784805cabd3514d568a5	compact qualification summary/provenance retained with regression
benchmarks/reconstructed_fault/post_r6_cleanup/evidence/baseline-retry.log	generated/rebuildable artifact	untrack-keep-local	22167	c96b215cff53e4a6c3c489142a9163e4c3fe17248c2e7602c4b2da799816d2b5	completed run log/expanded input/export; archive exact bytes, retain local comparison paths
benchmarks/reconstructed_fault/post_r6_cleanup/evidence/baseline-retry2.json	deliberate test reference	keep	699	fdd5809f67186c31005c86320021a9806cbeda15f76662aefce12eb96ff2d2c8	compact qualification summary/provenance retained with regression
benchmarks/reconstructed_fault/post_r6_cleanup/evidence/baseline-retry2.log	generated/rebuildable artifact	untrack-keep-local	19419	cf68c9517b912c13a9b06f4185d82199b5289fffedae77a4ad4c382f4790aa5a	completed run log/expanded input/export; archive exact bytes, retain local comparison paths
benchmarks/reconstructed_fault/post_r6_cleanup/evidence/baseline-staggered.json	deliberate test reference	keep	703	327f32dd2d39cac9081f6bad53bf86c9c8b1e1c63e28a9b6b99ca3547c521dcb	compact qualification summary/provenance retained with regression
benchmarks/reconstructed_fault/post_r6_cleanup/evidence/baseline-staggered.log	generated/rebuildable artifact	untrack-keep-local	23021	c4a6f079a7e597409758de799f4e4261bfbc3ce91ed0d5f03c762f181cf42d8c	completed run log/expanded input/export; archive exact bytes, retain local comparison paths
benchmarks/reconstructed_fault/post_r6_cleanup/evidence/baseline-unit.json	deliberate test reference	keep	495	63c23ce644763aacd3dc55504a422ce7371fa50c252cfdc67ba4b98a4eb527ae	compact qualification summary/provenance retained with regression
benchmarks/reconstructed_fault/post_r6_cleanup/evidence/baseline-unit.log	generated/rebuildable artifact	untrack-keep-local	212	ee098bfae58e81a93e81a5f6dfbbde68ed78b260e69c62b6b5185961558cf284	completed run log/expanded input/export; archive exact bytes, retain local comparison paths
benchmarks/reconstructed_fault/post_r6_cleanup/evidence/baseline.json	deliberate test reference	keep	3946	28729e9e71d040edf9637d6c23a156f694a6c0e49baa57015568c15c2b19f834	compact qualification summary/provenance retained with regression
benchmarks/reconstructed_fault/post_r6_cleanup/evidence/build-gcc12-independent-final.log	generated/rebuildable artifact	untrack-keep-local	3916	8c0a3fd6b5753a847150a5e128bd1d507129e6e56ed9863585d8237741d9d23d	completed run log/expanded input/export; archive exact bytes, retain local comparison paths
benchmarks/reconstructed_fault/post_r6_cleanup/evidence/build-gcc12-independent-resume.log	generated/rebuildable artifact	untrack-keep-local	35490	2149190ba15c36ccb4367ca81d388d1fc8950e6fc48423aa0e51f883602fe922	completed run log/expanded input/export; archive exact bytes, retain local comparison paths
benchmarks/reconstructed_fault/post_r6_cleanup/evidence/build-gcc12-independent.log	generated/rebuildable artifact	untrack-keep-local	42805	fcd699c516139a5e034be732ffc9d48f5749caad1dcd47f28a4807b63197a487	completed run log/expanded input/export; archive exact bytes, retain local comparison paths
benchmarks/reconstructed_fault/post_r6_cleanup/evidence/build-gcc12-installed-consumer.log	generated/rebuildable artifact	untrack-keep-local	922	3c4a3cca73ed9fdb00b02d5d8859de7f6c7f81189744f02c22a53d959ebed63b	completed run log/expanded input/export; archive exact bytes, retain local comparison paths
benchmarks/reconstructed_fault/post_r6_cleanup/evidence/build-gcc12-observer.log	generated/rebuildable artifact	untrack-keep-local	823	f1453d958705122640970f0445717cff5d0cb3ff2ef8d14e50c51452cf7a7d0b	completed run log/expanded input/export; archive exact bytes, retain local comparison paths
benchmarks/reconstructed_fault/post_r6_cleanup/evidence/build-gcc12-plugin.log	generated/rebuildable artifact	untrack-keep-local	957	ba91a5043e249ae2a5725be2e480b6445558dad586a5a2a92f3333ff000614f3	completed run log/expanded input/export; archive exact bytes, retain local comparison paths
benchmarks/reconstructed_fault/post_r6_cleanup/evidence/build-gcc12-unity-final.log	generated/rebuildable artifact	untrack-keep-local	387	633baef5a4a8da7481de9fde05cd240f724ac9a5b0637678ff3ea967f0263b16	completed run log/expanded input/export; archive exact bytes, retain local comparison paths
benchmarks/reconstructed_fault/post_r6_cleanup/evidence/build-gcc12-unity-includes.log	generated/rebuildable artifact	untrack-keep-local	3018	8db57f3663ff8fcffa7b928f673f3f1b2ef9e8e9dc0c533693ead5e45b9c64fc	completed run log/expanded input/export; archive exact bytes, retain local comparison paths
benchmarks/reconstructed_fault/post_r6_cleanup/evidence/build-gcc12-unity-qualified.log	generated/rebuildable artifact	untrack-keep-local	387	3ffc17bd99827ad4c773903b56e4742116a35cdf197a9a5ed52fd033cd3be3f3	completed run log/expanded input/export; archive exact bytes, retain local comparison paths
benchmarks/reconstructed_fault/post_r6_cleanup/evidence/build-gcc12-unity.log	generated/rebuildable artifact	untrack-keep-local	34540	d92916495e46d70a09c4ffb95755694d1b228a0efc04654d5a49a93891afa05b	completed run log/expanded input/export; archive exact bytes, retain local comparison paths
benchmarks/reconstructed_fault/post_r6_cleanup/evidence/build-independent.log	generated/rebuildable artifact	untrack-keep-local	288634	43028f4569d2c8774f00c9011a3ab24a7b10e573667adbe36a776f7293bf64fa	completed run log/expanded input/export; archive exact bytes, retain local comparison paths
benchmarks/reconstructed_fault/post_r6_cleanup/evidence/build-installed-consumer-final.log	generated/rebuildable artifact	untrack-keep-local	305	c1a796dcc7949c1a81a533d735331b0385cde95080bc7c2d59209ec9eae538d4	completed run log/expanded input/export; archive exact bytes, retain local comparison paths
benchmarks/reconstructed_fault/post_r6_cleanup/evidence/build-installed-consumer.log	generated/rebuildable artifact	untrack-keep-local	922	004d7d3045a95b36f77d372f2d1503b6313f667d9b2a60a0cb6f77cb5f6f301b	completed run log/expanded input/export; archive exact bytes, retain local comparison paths
benchmarks/reconstructed_fault/post_r6_cleanup/evidence/build-observer.log	generated/rebuildable artifact	untrack-keep-local	823	a4cce1e89864470d55d9a93963323fcb27bb3e93dc7dd38bec05215127649f65	completed run log/expanded input/export; archive exact bytes, retain local comparison paths
benchmarks/reconstructed_fault/post_r6_cleanup/evidence/build-plugin.log	generated/rebuildable artifact	untrack-keep-local	957	63657d42d5d02c061eac9b9679713352506361b0689a87b89be1c04aa6785a91	completed run log/expanded input/export; archive exact bytes, retain local comparison paths
benchmarks/reconstructed_fault/post_r6_cleanup/evidence/build-properties-gcc16.json	deliberate test reference	keep	2032	10553df9971f2a92005b051e849c67bc1f76cccc00858e345a3a3186a27a8127	compact qualification summary/provenance retained with regression
benchmarks/reconstructed_fault/post_r6_cleanup/evidence/build-properties.json	deliberate test reference	keep	2116	f88b92ba948704260f6ccc0af3afcd1f671a3f358ea223bf7302b435e7999ae6	compact qualification summary/provenance retained with regression
benchmarks/reconstructed_fault/post_r6_cleanup/evidence/build-unity-final.log	generated/rebuildable artifact	untrack-keep-local	299	5ad6dc779b535dbcef71637baaa83de83a2cb3a08bebbfc0afe8d3f379d21499	completed run log/expanded input/export; archive exact bytes, retain local comparison paths
benchmarks/reconstructed_fault/post_r6_cleanup/evidence/build-unity.log	generated/rebuildable artifact	untrack-keep-local	23965	2cd5cad134d580dd45746c1a7b6049395436d73451b81673e59d454fa90ce904	completed run log/expanded input/export; archive exact bytes, retain local comparison paths
benchmarks/reconstructed_fault/post_r6_cleanup/evidence/clang-audit-0.log	generated/rebuildable artifact	untrack-keep-local	4136	cea39f1c023f8351b31a26b1df5fdcb9f3569f65f370ebc3ad5935ce219e8dba	completed run log/expanded input/export; archive exact bytes, retain local comparison paths
benchmarks/reconstructed_fault/post_r6_cleanup/evidence/clang-audit-1.log	generated/rebuildable artifact	untrack-keep-local	1938	8baee7cd025344684302de956e3f454bdfcf6161e47def3ec9432c9d44d0d049	completed run log/expanded input/export; archive exact bytes, retain local comparison paths
benchmarks/reconstructed_fault/post_r6_cleanup/evidence/clang-audit-2.log	generated/rebuildable artifact	untrack-keep-local	1924	74bbaf0d43ec445ecf2185dda1c99618bc0868acfff71c90f3b4840e988c1b79	completed run log/expanded input/export; archive exact bytes, retain local comparison paths
benchmarks/reconstructed_fault/post_r6_cleanup/evidence/clang-audit-3.log	generated/rebuildable artifact	untrack-keep-local	2034	fb939ee56674a0559d0e1724512a860813f1b418e34f187af6eea7e9fd730e56	completed run log/expanded input/export; archive exact bytes, retain local comparison paths
benchmarks/reconstructed_fault/post_r6_cleanup/evidence/clang-audit-4.log	generated/rebuildable artifact	untrack-keep-local	1909	2702f772e772c1ac912ce1256d449b33dd4d2ae6264fa0467d6817aa4eafe65f	completed run log/expanded input/export; archive exact bytes, retain local comparison paths
benchmarks/reconstructed_fault/post_r6_cleanup/evidence/clang-audit-5.log	generated/rebuildable artifact	untrack-keep-local	1941	2083f7ec65d6851745c1b3f1322cbf04e8fe8532e718c5847cbc9c776fcdc350	completed run log/expanded input/export; archive exact bytes, retain local comparison paths
benchmarks/reconstructed_fault/post_r6_cleanup/evidence/clang-audit-6.log	generated/rebuildable artifact	untrack-keep-local	1749	687a11a26ca243792f5bcd1a00b07c9ecdb64d8d222263d364dec4c12278f56e	completed run log/expanded input/export; archive exact bytes, retain local comparison paths
benchmarks/reconstructed_fault/post_r6_cleanup/evidence/clang-audit.json	deliberate test reference	keep	9371	c6048ca91902bc934d489430113b22473ab5a5aac1c516fb11e8f3b4995ca772	compact qualification summary/provenance retained with regression
benchmarks/reconstructed_fault/post_r6_cleanup/evidence/clang-baseline-collision.json	deliberate test reference	keep	1086	7594c2dc0b6dd743c4545c682460c26b901e9fbee1c478ed39f85c7b4f3b4a38	compact qualification summary/provenance retained with regression
benchmarks/reconstructed_fault/post_r6_cleanup/evidence/clang-baseline-collision.log	generated/rebuildable artifact	untrack-keep-local	4030	d20b633c0c938e43a75d19a1cdbbb9be4dabb506c1e7ed94b80d75151dd39484	completed run log/expanded input/export; archive exact bytes, retain local comparison paths
benchmarks/reconstructed_fault/post_r6_cleanup/evidence/clang-combined-members.json	deliberate test reference	keep	1131	1c4c7dd7ad67ffafd2b0fbf07d5ff9a554dfba15b6d2cf8ec448b32d79049124	compact qualification summary/provenance retained with regression
benchmarks/reconstructed_fault/post_r6_cleanup/evidence/clang-combined-members.log	generated/rebuildable artifact	untrack-keep-local	1571	e37dd82872694aa0b59ece887dc6a2d1cacdfdee08aedeb3718b88e461da9336	completed run log/expanded input/export; archive exact bytes, retain local comparison paths
benchmarks/reconstructed_fault/post_r6_cleanup/evidence/comparison-gcc12-independent.json	deliberate test reference	keep	107107	d772df3d750e907aec69f9d7c5847a14659393bd9821eb95685b1686c6fa91f3	compact qualification summary/provenance retained with regression
benchmarks/reconstructed_fault/post_r6_cleanup/evidence/comparison-gcc12-qualified-unity.json	deliberate test reference	keep	107107	d772df3d750e907aec69f9d7c5847a14659393bd9821eb95685b1686c6fa91f3	compact qualification summary/provenance retained with regression
benchmarks/reconstructed_fault/post_r6_cleanup/evidence/comparison-gcc12-unity-final.json	deliberate test reference	keep	107107	d772df3d750e907aec69f9d7c5847a14659393bd9821eb95685b1686c6fa91f3	compact qualification summary/provenance retained with regression
benchmarks/reconstructed_fault/post_r6_cleanup/evidence/comparison-gcc12-unity.json	deliberate test reference	keep	107107	d772df3d750e907aec69f9d7c5847a14659393bd9821eb95685b1686c6fa91f3	compact qualification summary/provenance retained with regression
benchmarks/reconstructed_fault/post_r6_cleanup/evidence/comparison-summary.json	deliberate test reference	keep	285	098f31cbb918f30878480fc6d40abda2f9f95b8ec5e8292c10880129a18b0ac3	compact qualification summary/provenance retained with regression
benchmarks/reconstructed_fault/post_r6_cleanup/evidence/comparison-unity.json	deliberate test reference	keep	107107	d772df3d750e907aec69f9d7c5847a14659393bd9821eb95685b1686c6fa91f3	compact qualification summary/provenance retained with regression
benchmarks/reconstructed_fault/post_r6_cleanup/evidence/configure-gcc12-independent.log	generated/rebuildable artifact	untrack-keep-local	6330	4dfc514ceb4de273b6fd50d946a5e3f8d378afcfcb38fd337cb3513a37d4bb32	completed run log/expanded input/export; archive exact bytes, retain local comparison paths
benchmarks/reconstructed_fault/post_r6_cleanup/evidence/configure-gcc12-installed-consumer.log	generated/rebuildable artifact	untrack-keep-local	1423	949bef1c79e5e33a8369e339d5d0756fbd41267c3fa5f6afeb77be11f663ff67	completed run log/expanded input/export; archive exact bytes, retain local comparison paths
benchmarks/reconstructed_fault/post_r6_cleanup/evidence/configure-gcc12-observer.log	generated/rebuildable artifact	untrack-keep-local	913	dfcf14414958143a420c6a6fc0092e2af097a1b596631cb5791134cbfa8fd57b	completed run log/expanded input/export; archive exact bytes, retain local comparison paths
benchmarks/reconstructed_fault/post_r6_cleanup/evidence/configure-gcc12-plugin.log	generated/rebuildable artifact	untrack-keep-local	912	8f3273439b1150fd7902ce2ea52a7a9599a29a35991d57d05ce1d418b7fd78aa	completed run log/expanded input/export; archive exact bytes, retain local comparison paths
benchmarks/reconstructed_fault/post_r6_cleanup/evidence/configure-gcc12-unity.log	generated/rebuildable artifact	untrack-keep-local	6405	e1a19dbd1b7386d33f86027a7705d15858a2b09d07bed125b7c9c9b825de4bd7	completed run log/expanded input/export; archive exact bytes, retain local comparison paths
benchmarks/reconstructed_fault/post_r6_cleanup/evidence/configure-independent.log	generated/rebuildable artifact	untrack-keep-local	5991	2d3a4193a7873dd53d9dc57157a70a59924fb2ff2978d4b40eec4267d9d25bae	completed run log/expanded input/export; archive exact bytes, retain local comparison paths
benchmarks/reconstructed_fault/post_r6_cleanup/evidence/configure-installed-consumer.log	generated/rebuildable artifact	untrack-keep-local	1417	66247b7a9e69f2579a3bb50c86174b61ea7de8bd60b45c4ff942d44da9bda44f	completed run log/expanded input/export; archive exact bytes, retain local comparison paths
benchmarks/reconstructed_fault/post_r6_cleanup/evidence/configure-observer.log	generated/rebuildable artifact	untrack-keep-local	901	6c47190c69a865b9842eb1a7d5746d6e4fea1c34594a939348099f9df8370c9c	completed run log/expanded input/export; archive exact bytes, retain local comparison paths
benchmarks/reconstructed_fault/post_r6_cleanup/evidence/configure-plugin.log	generated/rebuildable artifact	untrack-keep-local	900	81c3d951e1d8ffd451c70f20fc51dc8eb6e9b6b75f763b4d0cff8a2450e45a5d	completed run log/expanded input/export; archive exact bytes, retain local comparison paths
benchmarks/reconstructed_fault/post_r6_cleanup/evidence/configure-unity-final.log	generated/rebuildable artifact	untrack-keep-local	3279	56dcc0e2cec6d3df8aa4827b199007f4df600728eed624289cf3a1aa51f2355a	completed run log/expanded input/export; archive exact bytes, retain local comparison paths
benchmarks/reconstructed_fault/post_r6_cleanup/evidence/configure-unity.log	generated/rebuildable artifact	untrack-keep-local	6066	551e40670d1e4385f81b233e03e29825d4f0b9da99365fbdfd98fb78a4ea8fc1	completed run log/expanded input/export; archive exact bytes, retain local comparison paths
benchmarks/reconstructed_fault/post_r6_cleanup/evidence/gcc12-independent-create.json	deliberate test reference	keep	706	f93a3f506382db590dd95c6a3e0fcfb62be9b3e537305f3794bae533463a839d	compact qualification summary/provenance retained with regression
benchmarks/reconstructed_fault/post_r6_cleanup/evidence/gcc12-independent-create.log	generated/rebuildable artifact	untrack-keep-local	21806	5643c27e97232d1c21631c6d01cbe123eb8a09d7d631688dec169edb75a06f11	completed run log/expanded input/export; archive exact bytes, retain local comparison paths
benchmarks/reconstructed_fault/post_r6_cleanup/evidence/gcc12-independent-direct.json	deliberate test reference	keep	706	b5167190b9b4db81a0600d80d718fdaf01b3913f1b96b93b6726da7b61da6ba9	compact qualification summary/provenance retained with regression
benchmarks/reconstructed_fault/post_r6_cleanup/evidence/gcc12-independent-direct.log	generated/rebuildable artifact	untrack-keep-local	21677	010cc0457d4e5cb45bbaa4387f8e7c8d7bf99ed4ef2f429eb31a4f6732988708	completed run log/expanded input/export; archive exact bytes, retain local comparison paths
benchmarks/reconstructed_fault/post_r6_cleanup/evidence/gcc12-independent-direct2.json	deliberate test reference	keep	707	ce15b72a51c466dac173ff1c90f297085ee9c584790aa03dd1546fbd7a01d84c	compact qualification summary/provenance retained with regression
benchmarks/reconstructed_fault/post_r6_cleanup/evidence/gcc12-independent-direct2.log	generated/rebuildable artifact	untrack-keep-local	18920	ab0320895b67e6314aa1b9f7c8d8292b13b2ba3a93df793f6e755c8b17bd1676	completed run log/expanded input/export; archive exact bytes, retain local comparison paths
benchmarks/reconstructed_fault/post_r6_cleanup/evidence/gcc12-independent-resume.json	deliberate test reference	keep	706	6d79fdc03105d0e2aa9889c0010ba905d6dfe206bf9eb3a36b7a68362ee1a71a	compact qualification summary/provenance retained with regression
benchmarks/reconstructed_fault/post_r6_cleanup/evidence/gcc12-independent-resume.log	generated/rebuildable artifact	untrack-keep-local	18953	662246b4fe1581d78453820149a0e672bb1109c0a2737393ea08d6fd2af74be5	completed run log/expanded input/export; archive exact bytes, retain local comparison paths
benchmarks/reconstructed_fault/post_r6_cleanup/evidence/gcc12-independent-retry.json	deliberate test reference	keep	705	34dd93123539905f9dcf064da19e522fa5dd9e1516e795e035c316b261b5a8a3	compact qualification summary/provenance retained with regression
benchmarks/reconstructed_fault/post_r6_cleanup/evidence/gcc12-independent-retry.log	generated/rebuildable artifact	untrack-keep-local	22215	7b07c2c2403bc4637bee0f6e81244889413059aa7227f70649c5c84ac4c8f149	completed run log/expanded input/export; archive exact bytes, retain local comparison paths
benchmarks/reconstructed_fault/post_r6_cleanup/evidence/gcc12-independent-retry2.json	deliberate test reference	keep	706	e215c4de8319cc838b703fa54d58b5404b3a8ba50588866404737c67c2c2ad61	compact qualification summary/provenance retained with regression
benchmarks/reconstructed_fault/post_r6_cleanup/evidence/gcc12-independent-retry2.log	generated/rebuildable artifact	untrack-keep-local	19447	6e10154c389d3c30576169ed0b6a796c2e57db2a98cac8a15015ad17814bfc2e	completed run log/expanded input/export; archive exact bytes, retain local comparison paths
benchmarks/reconstructed_fault/post_r6_cleanup/evidence/gcc12-independent-staggered.json	deliberate test reference	keep	709	d56dd1453143e3a3dc3a848e51a613dd2281f3dd3e41fe0e093b502f8d450cf1	compact qualification summary/provenance retained with regression
benchmarks/reconstructed_fault/post_r6_cleanup/evidence/gcc12-independent-staggered.log	generated/rebuildable artifact	untrack-keep-local	23076	15f6ead9ad9fcae3bc89fe538b69a3fedb412d5377ba9841275c4b63e866b4c0	completed run log/expanded input/export; archive exact bytes, retain local comparison paths
benchmarks/reconstructed_fault/post_r6_cleanup/evidence/gcc12-independent-unit.json	deliberate test reference	keep	493	357e74357b3acf9a463c2de7bd085b772eb5540413fa044b5e243156cef37b3f	compact qualification summary/provenance retained with regression
benchmarks/reconstructed_fault/post_r6_cleanup/evidence/gcc12-independent-unit.log	generated/rebuildable artifact	untrack-keep-local	212	ee098bfae58e81a93e81a5f6dfbbde68ed78b260e69c62b6b5185961558cf284	completed run log/expanded input/export; archive exact bytes, retain local comparison paths
benchmarks/reconstructed_fault/post_r6_cleanup/evidence/gcc12-qualified-unity-create.json	deliberate test reference	keep	704	0bfcda7479d9b90d98e1869e1425d10ceb4cdebd5a3caad7def623367f981a99	compact qualification summary/provenance retained with regression
benchmarks/reconstructed_fault/post_r6_cleanup/evidence/gcc12-qualified-unity-create.log	generated/rebuildable artifact	untrack-keep-local	21826	918f309df5a8effa021a2066d5becb6fa9b1d469ec6a9683e815cd37321e5b9f	completed run log/expanded input/export; archive exact bytes, retain local comparison paths
benchmarks/reconstructed_fault/post_r6_cleanup/evidence/gcc12-qualified-unity-direct.json	deliberate test reference	keep	704	408b74b8ff31c77f52ab7b71c3620d4918b65e9924119e972f596bbf85280601	compact qualification summary/provenance retained with regression
benchmarks/reconstructed_fault/post_r6_cleanup/evidence/gcc12-qualified-unity-direct.log	generated/rebuildable artifact	untrack-keep-local	21697	490467216edb958fe660b0a65da0f80683888ac4a5434fc6631efef7aea617f1	completed run log/expanded input/export; archive exact bytes, retain local comparison paths
benchmarks/reconstructed_fault/post_r6_cleanup/evidence/gcc12-qualified-unity-direct2.json	deliberate test reference	keep	705	fb947ef3942eb0dcf6901a5dba002b27be2ad973cebebd7589a2665ca7fcefa3	compact qualification summary/provenance retained with regression
benchmarks/reconstructed_fault/post_r6_cleanup/evidence/gcc12-qualified-unity-direct2.log	generated/rebuildable artifact	untrack-keep-local	18932	0493f92585c86881876a68e16b41ca3bf08b61b1ef7434fa4a329000120fbbb7	completed run log/expanded input/export; archive exact bytes, retain local comparison paths
benchmarks/reconstructed_fault/post_r6_cleanup/evidence/gcc12-qualified-unity-resume.json	deliberate test reference	keep	704	25cf4dde542477db543f34947299bd542ad9e415dcaab88bf993ba6575e66290	compact qualification summary/provenance retained with regression
benchmarks/reconstructed_fault/post_r6_cleanup/evidence/gcc12-qualified-unity-resume.log	generated/rebuildable artifact	untrack-keep-local	18965	60542c5223311178e5bba1fce63550a840229febedc581b85ad124f88123fbdd	completed run log/expanded input/export; archive exact bytes, retain local comparison paths
benchmarks/reconstructed_fault/post_r6_cleanup/evidence/gcc12-qualified-unity-retry.json	deliberate test reference	keep	702	2c5d3b60c2224ec407d6fdf467d3a35bc794d43b5d56f249400af3e04b831ce9	compact qualification summary/provenance retained with regression
benchmarks/reconstructed_fault/post_r6_cleanup/evidence/gcc12-qualified-unity-retry.log	generated/rebuildable artifact	untrack-keep-local	22235	22eac7dbb9a4ca14a8abbdb32fefcb861e9c54e21d6440cbaa006aeacc734e88	completed run log/expanded input/export; archive exact bytes, retain local comparison paths
benchmarks/reconstructed_fault/post_r6_cleanup/evidence/gcc12-qualified-unity-retry2.json	deliberate test reference	keep	704	c0dddd469f00c735219462cc278a88cd25e3122fd473ab53d3daf9f4aa2d60bd	compact qualification summary/provenance retained with regression
benchmarks/reconstructed_fault/post_r6_cleanup/evidence/gcc12-qualified-unity-retry2.log	generated/rebuildable artifact	untrack-keep-local	19459	a9665020ca2126d2c6274f875a7e3bbc857e5fa30d68dd87e02bcf357ada03a8	completed run log/expanded input/export; archive exact bytes, retain local comparison paths
benchmarks/reconstructed_fault/post_r6_cleanup/evidence/gcc12-qualified-unity-staggered.json	deliberate test reference	keep	707	4416f3c7979f67b1536c167dee0754a08cc1925371a100a965ae88da4986c5ee	compact qualification summary/provenance retained with regression
benchmarks/reconstructed_fault/post_r6_cleanup/evidence/gcc12-qualified-unity-staggered.log	generated/rebuildable artifact	untrack-keep-local	23101	0f39d5e3616a3d6318e720da884a24585d7dafe783be0c226b7c91737c5813b8	completed run log/expanded input/export; archive exact bytes, retain local comparison paths
benchmarks/reconstructed_fault/post_r6_cleanup/evidence/gcc12-qualified-unity-unit.json	deliberate test reference	keep	487	8c7c83937efbc5fbff5333ab9faf913ae802dd4c31d1ed0bd1596a4e6d5b0cde	compact qualification summary/provenance retained with regression
benchmarks/reconstructed_fault/post_r6_cleanup/evidence/gcc12-qualified-unity-unit.log	generated/rebuildable artifact	untrack-keep-local	212	ee098bfae58e81a93e81a5f6dfbbde68ed78b260e69c62b6b5185961558cf284	completed run log/expanded input/export; archive exact bytes, retain local comparison paths
benchmarks/reconstructed_fault/post_r6_cleanup/evidence/gcc12-unity-create.json	deliberate test reference	keep	694	f47384e601641fa5d80c6864e825cbdded3a760d581a9b1f0ec88dc6437d3b42	compact qualification summary/provenance retained with regression
benchmarks/reconstructed_fault/post_r6_cleanup/evidence/gcc12-unity-create.log	generated/rebuildable artifact	untrack-keep-local	21775	a4090723aef3eefb94f0f37dda3f63565b9b3e75433e521ebd43722e198380eb	completed run log/expanded input/export; archive exact bytes, retain local comparison paths
benchmarks/reconstructed_fault/post_r6_cleanup/evidence/gcc12-unity-direct.json	deliberate test reference	keep	694	761905ee9d12134216053b42fb41a6dd09130f4a3437debcb877d025aff1d366	compact qualification summary/provenance retained with regression
benchmarks/reconstructed_fault/post_r6_cleanup/evidence/gcc12-unity-direct.log	generated/rebuildable artifact	untrack-keep-local	21647	7dc6f09b1dd409d2887030854c66c2884f2794b5e2d371e256d5507de86f6b3c	completed run log/expanded input/export; archive exact bytes, retain local comparison paths
benchmarks/reconstructed_fault/post_r6_cleanup/evidence/gcc12-unity-direct2.json	deliberate test reference	keep	694	61377de117ab8920d46911d968fa67df54f6600644ef6fd26590fdcd64aeea48	compact qualification summary/provenance retained with regression
benchmarks/reconstructed_fault/post_r6_cleanup/evidence/gcc12-unity-direct2.log	generated/rebuildable artifact	untrack-keep-local	18903	5aa2b02e0902656b6413d795d848e195deeb926e451b6024a4ab63ac56f35ed6	completed run log/expanded input/export; archive exact bytes, retain local comparison paths
benchmarks/reconstructed_fault/post_r6_cleanup/evidence/gcc12-unity-final-create.json	deliberate test reference	keep	700	c837038d9f8dbe29d2e11bc48e5fd92fee8178d4620f6ec9f7185c7eac210a59	compact qualification summary/provenance retained with regression
benchmarks/reconstructed_fault/post_r6_cleanup/evidence/gcc12-unity-final-create.log	generated/rebuildable artifact	untrack-keep-local	21806	037b2f8156bd915dfdc864e754da94826727363fb5a5a843c3bedf3056f2e561	completed run log/expanded input/export; archive exact bytes, retain local comparison paths
benchmarks/reconstructed_fault/post_r6_cleanup/evidence/gcc12-unity-final-direct.json	deliberate test reference	keep	700	c77a1f91c9ba0e69bdd844a8b57ad11410175274a9bcb2459a73bdfe50eac408	compact qualification summary/provenance retained with regression
benchmarks/reconstructed_fault/post_r6_cleanup/evidence/gcc12-unity-final-direct.log	generated/rebuildable artifact	untrack-keep-local	21677	facdb5862359130701d2fcca8dc22531dea27b89fb40b445b05093bcffa584f9	completed run log/expanded input/export; archive exact bytes, retain local comparison paths
benchmarks/reconstructed_fault/post_r6_cleanup/evidence/gcc12-unity-final-direct2.json	deliberate test reference	keep	700	b2eef4b2909cf1a9b9a19b495cb7de4d46e5a27eae76710ceb029d19da63b9a0	compact qualification summary/provenance retained with regression
benchmarks/reconstructed_fault/post_r6_cleanup/evidence/gcc12-unity-final-direct2.log	generated/rebuildable artifact	untrack-keep-local	18920	55c4df05958e4748945ad817583cf03fb8389c216cf1a71078b341020293deb5	completed run log/expanded input/export; archive exact bytes, retain local comparison paths
benchmarks/reconstructed_fault/post_r6_cleanup/evidence/gcc12-unity-final-resume.json	deliberate test reference	keep	699	b9c127b64750dbfae91e8780e4ef192ef3feb9b00b9301ca9a5a4c5998d5ac33	compact qualification summary/provenance retained with regression
benchmarks/reconstructed_fault/post_r6_cleanup/evidence/gcc12-unity-final-resume.log	generated/rebuildable artifact	untrack-keep-local	18953	df887142af33a1b11ec1a878b3e62f562ebf289255d070e67ea025659b20e0d5	completed run log/expanded input/export; archive exact bytes, retain local comparison paths
benchmarks/reconstructed_fault/post_r6_cleanup/evidence/gcc12-unity-final-retry.json	deliberate test reference	keep	699	959780a256854948366c8afd70d9eb89f81729d9f399c28482f46ece1de642ec	compact qualification summary/provenance retained with regression
benchmarks/reconstructed_fault/post_r6_cleanup/evidence/gcc12-unity-final-retry.log	generated/rebuildable artifact	untrack-keep-local	22215	d50d203fbede6f83944572f5dce472aed56957652640b8e95b112f46827224a2	completed run log/expanded input/export; archive exact bytes, retain local comparison paths
benchmarks/reconstructed_fault/post_r6_cleanup/evidence/gcc12-unity-final-retry2.json	deliberate test reference	keep	699	352072aeabc4eac0155f30f4120eb9b4f23899489467832d4c10664337f03b3f	compact qualification summary/provenance retained with regression
benchmarks/reconstructed_fault/post_r6_cleanup/evidence/gcc12-unity-final-retry2.log	generated/rebuildable artifact	untrack-keep-local	19448	ebf0e070415de34f7c364e41ac2881a9a43310aca317302971faa7fb3a44dbb3	completed run log/expanded input/export; archive exact bytes, retain local comparison paths
benchmarks/reconstructed_fault/post_r6_cleanup/evidence/gcc12-unity-final-staggered.json	deliberate test reference	keep	703	f2954599e778aa8f91986f9b611417f419d8b50fcb7e1a3dbb6446ef91a328b9	compact qualification summary/provenance retained with regression
benchmarks/reconstructed_fault/post_r6_cleanup/evidence/gcc12-unity-final-staggered.log	generated/rebuildable artifact	untrack-keep-local	23077	6c415fb0289f1d554cc1456921f1c9182105449c361bd3cf9a8e3a5f64abece1	completed run log/expanded input/export; archive exact bytes, retain local comparison paths
benchmarks/reconstructed_fault/post_r6_cleanup/evidence/gcc12-unity-final-unit.json	deliberate test reference	keep	486	b39f4c5686dd4972f88137d5c8f73c35c31434f65486f105036b0c903a495842	compact qualification summary/provenance retained with regression
benchmarks/reconstructed_fault/post_r6_cleanup/evidence/gcc12-unity-final-unit.log	generated/rebuildable artifact	untrack-keep-local	212	ee098bfae58e81a93e81a5f6dfbbde68ed78b260e69c62b6b5185961558cf284	completed run log/expanded input/export; archive exact bytes, retain local comparison paths
benchmarks/reconstructed_fault/post_r6_cleanup/evidence/gcc12-unity-resume.json	deliberate test reference	keep	693	76c662e0b27d2ebe2d8cf6158d5d8c4146dabdeb19551a43f07b7017df45e3dd	compact qualification summary/provenance retained with regression
benchmarks/reconstructed_fault/post_r6_cleanup/evidence/gcc12-unity-resume.log	generated/rebuildable artifact	untrack-keep-local	18936	3f3eda46f9da8d0596d6ca3e9faa74df0215a2592a03e4584748febdf2e011b6	completed run log/expanded input/export; archive exact bytes, retain local comparison paths
benchmarks/reconstructed_fault/post_r6_cleanup/evidence/gcc12-unity-retry.json	deliberate test reference	keep	693	e91005aa5f6aba8bc1a7105f0ab6dae9252634b56070a413d41f77474880f724	compact qualification summary/provenance retained with regression
benchmarks/reconstructed_fault/post_r6_cleanup/evidence/gcc12-unity-retry.log	generated/rebuildable artifact	untrack-keep-local	22185	8bd2fa6436e74fa60448e6630fdf27b2bc0a84313d41886620ff2c02b89f2dab	completed run log/expanded input/export; archive exact bytes, retain local comparison paths
benchmarks/reconstructed_fault/post_r6_cleanup/evidence/gcc12-unity-retry2.json	deliberate test reference	keep	694	bd91d3cf366e17091fe3e6004a2db9604a673beb640f4a39a2a4523f369affcb	compact qualification summary/provenance retained with regression
benchmarks/reconstructed_fault/post_r6_cleanup/evidence/gcc12-unity-retry2.log	generated/rebuildable artifact	untrack-keep-local	19430	3757b966524855bc724e2b22e5b2c08d2984d86b98ab3329ca750e8922ed2b85	completed run log/expanded input/export; archive exact bytes, retain local comparison paths
benchmarks/reconstructed_fault/post_r6_cleanup/evidence/gcc12-unity-staggered.json	deliberate test reference	keep	697	d5901c77318ba178899bc70d50ce639007439e2106c2ec207caa1548115b1ac5	compact qualification summary/provenance retained with regression
benchmarks/reconstructed_fault/post_r6_cleanup/evidence/gcc12-unity-staggered.log	generated/rebuildable artifact	untrack-keep-local	23042	b2ca925c98dff37ecea1669214b8ece3fefd53795c4aa0bc0c2d0974a735971b	completed run log/expanded input/export; archive exact bytes, retain local comparison paths
benchmarks/reconstructed_fault/post_r6_cleanup/evidence/gcc12-unity-unit.json	deliberate test reference	keep	486	f49fcd133ef2c5bc6350a2c99c96e496b0d4472a44833e1b67292136731c047d	compact qualification summary/provenance retained with regression
benchmarks/reconstructed_fault/post_r6_cleanup/evidence/gcc12-unity-unit.log	generated/rebuildable artifact	untrack-keep-local	212	ee098bfae58e81a93e81a5f6dfbbde68ed78b260e69c62b6b5185961558cf284	completed run log/expanded input/export; archive exact bytes, retain local comparison paths
benchmarks/reconstructed_fault/post_r6_cleanup/evidence/header-checks.json	deliberate test reference	keep	872	c1864b8b08ef9f28c72e8d2e5437ff571e789804411877f6be4329da78c6085f	compact qualification summary/provenance retained with regression
benchmarks/reconstructed_fault/post_r6_cleanup/evidence/header_mapping.json	deliberate test reference	keep	1021	0630829342624655e13130b3354c2e7449ab2c893fa31318fe19e2acb55418f1	compact qualification summary/provenance retained with regression
benchmarks/reconstructed_fault/post_r6_cleanup/evidence/independent-build-properties.json	deliberate test reference	keep	1817	eb09c1796a03e00400877b07ed9bf1328ae927df7aa75e1b42fa817d10a16ac0	compact qualification summary/provenance retained with regression
benchmarks/reconstructed_fault/post_r6_cleanup/evidence/install-gcc12.log	generated/rebuildable artifact	untrack-keep-local	109059	76db1a4b8fc21ddd8bdd1a62b0d401b8203ed202f14f0cf036ba320fe0a0f372	completed run log/expanded input/export; archive exact bytes, retain local comparison paths
benchmarks/reconstructed_fault/post_r6_cleanup/evidence/install-headers-final.log	generated/rebuildable artifact	untrack-keep-local	109059	b77914fe72300293141f5f3e0261ef0d165e0147ed8f1affb7a909eb69ae4956	completed run log/expanded input/export; archive exact bytes, retain local comparison paths
benchmarks/reconstructed_fault/post_r6_cleanup/evidence/install-headers.log	generated/rebuildable artifact	untrack-keep-local	109059	170b6da351ac3662700684dfb7b06ce875c6c9b1db6243e42c64ebcf24b614e6	completed run log/expanded input/export; archive exact bytes, retain local comparison paths
benchmarks/reconstructed_fault/post_r6_cleanup/evidence/manager-gcc12-syntax.log	generated/rebuildable artifact	untrack-keep-local	0	e3b0c44298fc1c149afbf4c8996fb92427ae41e4649b934ca495991b7852b855	completed run log/expanded input/export; archive exact bytes, retain local comparison paths
benchmarks/reconstructed_fault/post_r6_cleanup/evidence/move-checks.json	deliberate test reference	keep	1168	5cbc6ff9d01bf8116492ff234fa0dd0bc94b2bd17f7d3cff358109a0fe1e9359	compact qualification summary/provenance retained with regression
benchmarks/reconstructed_fault/post_r6_cleanup/evidence/particle_domain-gcc12-syntax.log	generated/rebuildable artifact	untrack-keep-local	2456	c8b9112eef868e844381f6d3e5ca79daae58e7f5b6757edb6674d6686fff8391	completed run log/expanded input/export; archive exact bytes, retain local comparison paths
benchmarks/reconstructed_fault/post_r6_cleanup/evidence/qualified-manifest.json	deliberate test reference	keep	7735	b628d5c85e735f9d2144f991c2ae9bdcb3a0da842ff2970b95b57758376235db	compact qualification summary/provenance retained with regression
benchmarks/reconstructed_fault/post_r6_cleanup/evidence/required-member-symbols.json	deliberate test reference	keep	13551	1dfb01746c2f90b3b84e141e27b0d55631ef0a2a897860ee12a6e0b218c47220	compact qualification summary/provenance retained with regression
benchmarks/reconstructed_fault/post_r6_cleanup/evidence/structural-checks.json	deliberate test reference	keep	7277	a9c7a93b214ef5f4dc89ea64833ed35629d5bf5e1d942ce0e44727a74d6a9a59	compact qualification summary/provenance retained with regression
benchmarks/reconstructed_fault/post_r6_cleanup/evidence/symbols-initial.json	deliberate test reference	keep	301	9fbdfea752a7bba871fd2f6d0aa46e7f2a97adf3d4c47052d12edc067a01bf79	compact qualification summary/provenance retained with regression
benchmarks/reconstructed_fault/post_r6_cleanup/evidence/symbols.json	deliberate test reference	keep	991	6f42c84d885ca00beba9b4c69d43c771cc96f87960db1e1ce98f3ee27586dac6	compact qualification summary/provenance retained with regression
benchmarks/reconstructed_fault/post_r6_cleanup/evidence/unity-before-direct-include.json	deliberate test reference	keep	140	244786ff6bca5510f79c7464c1772d45c75a4e3c04e982124a7e8becd1d65c42	compact qualification summary/provenance retained with regression
benchmarks/reconstructed_fault/post_r6_cleanup/evidence/unity-create.json	deliberate test reference	keep	682	a2c009a3b492da434abfa3c7bb8a2b3156bf8e85bd628f7d42b27f6e7c73574d	compact qualification summary/provenance retained with regression
benchmarks/reconstructed_fault/post_r6_cleanup/evidence/unity-create.log	generated/rebuildable artifact	untrack-keep-local	21734	6c1effb6af7a81506e132afb210dc62177542dabd47219f2a759d81ff04057ae	completed run log/expanded input/export; archive exact bytes, retain local comparison paths
benchmarks/reconstructed_fault/post_r6_cleanup/evidence/unity-direct-include-equivalence.json	deliberate test reference	keep	248	09bdf07ea6a2cb4f61468c59b212fa0175cea3e3c570712488a3c7dd7e97f932	compact qualification summary/provenance retained with regression
benchmarks/reconstructed_fault/post_r6_cleanup/evidence/unity-direct.json	deliberate test reference	keep	682	e75fb087ca3acbfc220da8e07d4cf3857e0bf900fa4430adbf229ba6128d4dc1	compact qualification summary/provenance retained with regression
benchmarks/reconstructed_fault/post_r6_cleanup/evidence/unity-direct.log	generated/rebuildable artifact	untrack-keep-local	21604	5a193c648cd0f51777e1d82224dcbebd83e7aeb10f3ca26007861dda4330fc32	completed run log/expanded input/export; archive exact bytes, retain local comparison paths
benchmarks/reconstructed_fault/post_r6_cleanup/evidence/unity-direct2.json	deliberate test reference	keep	681	862361808bb6584ae078830f1845294574562b1bf714db70b3a06c851a53713e	compact qualification summary/provenance retained with regression
benchmarks/reconstructed_fault/post_r6_cleanup/evidence/unity-direct2.log	generated/rebuildable artifact	untrack-keep-local	18873	aeebb26aefc158b31c74b50e2509fab4c930ff0e6b9e2c047f49eebe56f922f6	completed run log/expanded input/export; archive exact bytes, retain local comparison paths
benchmarks/reconstructed_fault/post_r6_cleanup/evidence/unity-resume.json	deliberate test reference	keep	681	f3ab5b291c2080a4d784cf49c2b99c4bcc1dcedf7e09e7b74ba80061412d726a	compact qualification summary/provenance retained with regression
benchmarks/reconstructed_fault/post_r6_cleanup/evidence/unity-resume.log	generated/rebuildable artifact	untrack-keep-local	18906	a26238baf63ab3c14b94364792852f875aa4eb407031b3dbec1ae222e079b892	completed run log/expanded input/export; archive exact bytes, retain local comparison paths
benchmarks/reconstructed_fault/post_r6_cleanup/evidence/unity-retry.json	deliberate test reference	keep	681	53316cc9ce78478ac2ddd98229473bb826fca5d00bdfa0c387fbe6d5df5ea0dd	compact qualification summary/provenance retained with regression
benchmarks/reconstructed_fault/post_r6_cleanup/evidence/unity-retry.log	generated/rebuildable artifact	untrack-keep-local	22143	2b60cdc3dc6d41da17d3cec4bb4946e3bda4db074f2776030c153a9d657b23ab	completed run log/expanded input/export; archive exact bytes, retain local comparison paths
benchmarks/reconstructed_fault/post_r6_cleanup/evidence/unity-retry2.json	deliberate test reference	keep	681	9f8acef8479977f07928d62becf425d794ba13b2338d83aedee6c964d3e14794	compact qualification summary/provenance retained with regression
benchmarks/reconstructed_fault/post_r6_cleanup/evidence/unity-retry2.log	generated/rebuildable artifact	untrack-keep-local	19400	fc0721405fac49ca1989b44222be112dee3e905cf3bdfa5de7843f417de9af5b	completed run log/expanded input/export; archive exact bytes, retain local comparison paths
benchmarks/reconstructed_fault/post_r6_cleanup/evidence/unity-staggered.json	deliberate test reference	keep	685	5721eb413ff3a3578889fd96a8a9825c0501b9271b98f3be2ebc64b1dc66537c	compact qualification summary/provenance retained with regression
benchmarks/reconstructed_fault/post_r6_cleanup/evidence/unity-staggered.log	generated/rebuildable artifact	untrack-keep-local	22994	642a1922049758cdd0ed9165910436d461ee5816f57537a0c57f079534b9466a	completed run log/expanded input/export; archive exact bytes, retain local comparison paths
benchmarks/reconstructed_fault/post_r6_cleanup/evidence/unity-unit.json	deliberate test reference	keep	481	86b186c39a0a0e028a20888d3b58b2ba4f24fb585ac017f44a56857b1f3c30b4	compact qualification summary/provenance retained with regression
benchmarks/reconstructed_fault/post_r6_cleanup/evidence/unity-unit.log	generated/rebuildable artifact	untrack-keep-local	212	ee098bfae58e81a93e81a5f6dfbbde68ed78b260e69c62b6b5185961558cf284	completed run log/expanded input/export; archive exact bytes, retain local comparison paths
benchmarks/reconstructed_fault/post_r6_cleanup/inputs/baseline-create.prm	maintained benchmark	keep	7399	b689fcc59534d453b9b65ee57d1a47c1a8358390f6f05de4615a1542393ed7c5	benchmark or regression build/run/check dependency
benchmarks/reconstructed_fault/post_r6_cleanup/inputs/baseline-direct.prm	maintained benchmark	keep	7302	f5175a9cf8e30cd510cd16b3045a7e09405bcf9bc701384c499dc58177ceed98	benchmark or regression build/run/check dependency
benchmarks/reconstructed_fault/post_r6_cleanup/inputs/baseline-direct2.prm	maintained benchmark	keep	7469	5bad2362233539a70bc6742ab428315e5cdddfc35165457c3e57cd3be4187d1d	benchmark or regression build/run/check dependency
benchmarks/reconstructed_fault/post_r6_cleanup/inputs/baseline-resume.prm	maintained benchmark	keep	7398	b293ed76fbb18cdb9bfcfbc67cac2d2cf2d68c842bbfa68391d006b1a1b015bf	benchmark or regression build/run/check dependency
benchmarks/reconstructed_fault/post_r6_cleanup/inputs/baseline-retry.prm	maintained benchmark	keep	7372	544dd50c76e9e11cd9f7d28be6e23ea6a530d77793dedc96e052e5fc946e85c7	benchmark or regression build/run/check dependency
benchmarks/reconstructed_fault/post_r6_cleanup/inputs/baseline-retry2.prm	maintained benchmark	keep	7467	b8f181827e5b61446e28a492a55c14178a64a3efe8696203d678df03450b3c0b	benchmark or regression build/run/check dependency
benchmarks/reconstructed_fault/post_r6_cleanup/inputs/baseline-staggered.prm	maintained benchmark	keep	7402	e74fd5dcf8035103bd6e09253d5a3fd6a573d735e75725e563ea53e5124fe5a8	benchmark or regression build/run/check dependency
benchmarks/reconstructed_fault/post_r6_cleanup/inputs/gcc12-independent-create.prm	maintained benchmark	keep	7460	375af7c09738a14acfacfa9e7738151eae8941ae7037fe34cc45d0b052e1b58e	benchmark or regression build/run/check dependency
benchmarks/reconstructed_fault/post_r6_cleanup/inputs/gcc12-independent-direct.prm	maintained benchmark	keep	7363	38cd3d37fd65dee5a54d0434a0f5368b062fb9d475bdaeb74a3e9255b6c8dfbd	benchmark or regression build/run/check dependency
benchmarks/reconstructed_fault/post_r6_cleanup/inputs/gcc12-independent-direct2.prm	maintained benchmark	keep	7530	b770bea7de986beb0ea731e3e3e2f7ba15557ed1a68e6b1c34b4b15be1a9ad84	benchmark or regression build/run/check dependency
benchmarks/reconstructed_fault/post_r6_cleanup/inputs/gcc12-independent-resume.prm	maintained benchmark	keep	7459	1ada6d9978ed7d5e144d544d12b0665479ea3df7c35e9d4114cda6ba2b4024ef	benchmark or regression build/run/check dependency
benchmarks/reconstructed_fault/post_r6_cleanup/inputs/gcc12-independent-retry.prm	maintained benchmark	keep	7433	9b10c838613d15fbb584bcffb4a275c2307e7a651b06f3f70f9449dd2293baa5	benchmark or regression build/run/check dependency
benchmarks/reconstructed_fault/post_r6_cleanup/inputs/gcc12-independent-retry2.prm	maintained benchmark	keep	7528	df6dfe4210332818fafc5b449d6632fed96e88b0bed8a7d6afe0bdbc4d610fc9	benchmark or regression build/run/check dependency
benchmarks/reconstructed_fault/post_r6_cleanup/inputs/gcc12-independent-staggered.prm	maintained benchmark	keep	7463	b5383254ab3b70cb2f3aa1acbea8b81b67b663efa45c0c399ee31bc409244cf6	benchmark or regression build/run/check dependency
benchmarks/reconstructed_fault/post_r6_cleanup/inputs/gcc12-qualified-unity-create.prm	maintained benchmark	keep	7464	6371c788973329fd112e5b6ab2b2b08bf481ed80b57c1d12135b5e73db8d666e	benchmark or regression build/run/check dependency
benchmarks/reconstructed_fault/post_r6_cleanup/inputs/gcc12-qualified-unity-direct.prm	maintained benchmark	keep	7367	5121b7b9ab5183ff27c1c2459bdc783e39a10d37c4c1f1ee59bbe2610eb13758	benchmark or regression build/run/check dependency
benchmarks/reconstructed_fault/post_r6_cleanup/inputs/gcc12-qualified-unity-direct2.prm	maintained benchmark	keep	7534	26ee0f40e614e2a9e6b5a605a0acd94219d8ef78660dc1ddfb46e14e1222f4d6	benchmark or regression build/run/check dependency
benchmarks/reconstructed_fault/post_r6_cleanup/inputs/gcc12-qualified-unity-resume.prm	maintained benchmark	keep	7463	7a87641333094fee7ab54d1d8d1d1fbc248264f425ef5affce151127248670d4	benchmark or regression build/run/check dependency
benchmarks/reconstructed_fault/post_r6_cleanup/inputs/gcc12-qualified-unity-retry.prm	maintained benchmark	keep	7437	4302208b43d1826d31529976c158665a7e60ec64eab5cebe5fe828a29299b0b2	benchmark or regression build/run/check dependency
benchmarks/reconstructed_fault/post_r6_cleanup/inputs/gcc12-qualified-unity-retry2.prm	maintained benchmark	keep	7532	7f09a17813bea87e7fd02cad0e9fc0d9fbac1fa4c773c8f655d54e321fd4ca4c	benchmark or regression build/run/check dependency
benchmarks/reconstructed_fault/post_r6_cleanup/inputs/gcc12-qualified-unity-staggered.prm	maintained benchmark	keep	7467	80f17476122f2e8018492c1f82fbcb19272c0a854e515a9799224861c5f9f58e	benchmark or regression build/run/check dependency
benchmarks/reconstructed_fault/post_r6_cleanup/inputs/gcc12-unity-create.prm	maintained benchmark	keep	7454	e46cad1680b8745334eaacef617327c7ee5da80dcf352c529d9dcf1d515530b8	benchmark or regression build/run/check dependency
benchmarks/reconstructed_fault/post_r6_cleanup/inputs/gcc12-unity-direct.prm	maintained benchmark	keep	7357	5ed65bb90237b6218ca59144bf6c08a0db3d03586495b1c2d4346c4e47e997d0	benchmark or regression build/run/check dependency
benchmarks/reconstructed_fault/post_r6_cleanup/inputs/gcc12-unity-direct2.prm	maintained benchmark	keep	7524	ba14e70e9f2dcf0e33175ca568a84ba184e77b020ce146326ba8a72e64951ad3	benchmark or regression build/run/check dependency
benchmarks/reconstructed_fault/post_r6_cleanup/inputs/gcc12-unity-final-create.prm	maintained benchmark	keep	7460	3544611346f126181cf02cbd0c7d8ce33fb2c739f211d96788a069f554628f6a	benchmark or regression build/run/check dependency
benchmarks/reconstructed_fault/post_r6_cleanup/inputs/gcc12-unity-final-direct.prm	maintained benchmark	keep	7363	30f8237ed6df732a5c47b11a415fe7294349ef7d1ed4ea183196a237d7f60220	benchmark or regression build/run/check dependency
benchmarks/reconstructed_fault/post_r6_cleanup/inputs/gcc12-unity-final-direct2.prm	maintained benchmark	keep	7530	331a1a0f0bb67401775a95649f60be080ae25a80f61015399c1774485ca2356b	benchmark or regression build/run/check dependency
benchmarks/reconstructed_fault/post_r6_cleanup/inputs/gcc12-unity-final-resume.prm	maintained benchmark	keep	7459	fcb41def63e3446f34c7c9cfff8929a069d14ae1d8fa998ac6a7bfb1ba013db1	benchmark or regression build/run/check dependency
benchmarks/reconstructed_fault/post_r6_cleanup/inputs/gcc12-unity-final-retry.prm	maintained benchmark	keep	7433	05d4548d0744eb8266ddf11a0ebc2e8b0726895ba785d6fac54f9afc86550162	benchmark or regression build/run/check dependency
benchmarks/reconstructed_fault/post_r6_cleanup/inputs/gcc12-unity-final-retry2.prm	maintained benchmark	keep	7528	03d1c562a0cfb3127956db46a368e7114476c2e1a2b5d0831a5729401b930ffd	benchmark or regression build/run/check dependency
benchmarks/reconstructed_fault/post_r6_cleanup/inputs/gcc12-unity-final-staggered.prm	maintained benchmark	keep	7463	1979c4b690a32ffdcdad2838127bbea5da4680d3a7254cb9d1fab79b7de4bc71	benchmark or regression build/run/check dependency
benchmarks/reconstructed_fault/post_r6_cleanup/inputs/gcc12-unity-resume.prm	maintained benchmark	keep	7453	18e502fcd42f56a9bb760d5f79f344d3d130acd33967b852c0ccb87d85180bfe	benchmark or regression build/run/check dependency
benchmarks/reconstructed_fault/post_r6_cleanup/inputs/gcc12-unity-retry.prm	maintained benchmark	keep	7427	e89190e9dfd1dea8cef6b53598c9e237a7441e4f22a95b5136d97d1472797ebe	benchmark or regression build/run/check dependency
benchmarks/reconstructed_fault/post_r6_cleanup/inputs/gcc12-unity-retry2.prm	maintained benchmark	keep	7522	cccb35426dae3ac6be1e9ecfc430e8efd250261d68a796096b31b50dfcd1481b	benchmark or regression build/run/check dependency
benchmarks/reconstructed_fault/post_r6_cleanup/inputs/gcc12-unity-staggered.prm	maintained benchmark	keep	7457	545f7afb3626710c15906b08ab22866c76b358a18542f2cdf66dd34a7ea283aa	benchmark or regression build/run/check dependency
benchmarks/reconstructed_fault/post_r6_cleanup/inputs/independent-create.prm	maintained benchmark	keep	7442	7715e2856a4ff60446c32113adaf51b08b9375fde244a9d89a2a0e8fc2270fd7	benchmark or regression build/run/check dependency
benchmarks/reconstructed_fault/post_r6_cleanup/inputs/independent-direct.prm	maintained benchmark	keep	7345	13816cd49f5f58a5ad55bd6dfa8738ebdc7024b87e9b14db1bd948932ff60e72	benchmark or regression build/run/check dependency
benchmarks/reconstructed_fault/post_r6_cleanup/inputs/independent-direct2.prm	maintained benchmark	keep	7512	3047045b2c27502abb7c3f4442c7c3c460f502723341662e057aaa80ae9fe171	benchmark or regression build/run/check dependency
benchmarks/reconstructed_fault/post_r6_cleanup/inputs/independent-resume.prm	maintained benchmark	keep	7441	d1c556ee5fb240ab88325888f73acc1c9fa600572d660ab208aeb3f2c6c9d848	benchmark or regression build/run/check dependency
benchmarks/reconstructed_fault/post_r6_cleanup/inputs/independent-retry.prm	maintained benchmark	keep	7415	1ff90d99941327fd7e5de9051f30a43c67f71da698793dd7183342f2b0163a88	benchmark or regression build/run/check dependency
benchmarks/reconstructed_fault/post_r6_cleanup/inputs/independent-retry2.prm	maintained benchmark	keep	7510	53eddc413ab68325f99770947fb332ccf7e55b48fec8e5d719bc95131be02958	benchmark or regression build/run/check dependency
benchmarks/reconstructed_fault/post_r6_cleanup/inputs/independent-staggered.prm	maintained benchmark	keep	7445	03cdaff6bf92a27d4ca92d9838c0b461d98d9e8749b77324ddbb78da6dcc01ad	benchmark or regression build/run/check dependency
benchmarks/reconstructed_fault/post_r6_cleanup/inputs/unity-create.prm	maintained benchmark	keep	7436	d370319dd349c27d6dfc6110f03e4ba39bc02ce9e85cc1a1db38cc80158a6f13	benchmark or regression build/run/check dependency
benchmarks/reconstructed_fault/post_r6_cleanup/inputs/unity-direct.prm	maintained benchmark	keep	7339	f840c5cf3a2fd287681b8bc85dedfd94ce11ad3064729f8ba29cbc4caaa3ea16	benchmark or regression build/run/check dependency
benchmarks/reconstructed_fault/post_r6_cleanup/inputs/unity-direct2.prm	maintained benchmark	keep	7506	b275cce0bde2fd7de5f1b508ea265afb38427bbb593cd8cfe1fd667ab58365f7	benchmark or regression build/run/check dependency
benchmarks/reconstructed_fault/post_r6_cleanup/inputs/unity-resume.prm	maintained benchmark	keep	7435	b3dc5329dc5e67d39ceaeaa97f8a23210c46d36612937fa3d3dc39f1dfb4e209	benchmark or regression build/run/check dependency
benchmarks/reconstructed_fault/post_r6_cleanup/inputs/unity-retry.prm	maintained benchmark	keep	7409	117eb6af45db5c41fe0836a38752e95f5aa4f0344a54065685cf63d3cb6f31bb	benchmark or regression build/run/check dependency
benchmarks/reconstructed_fault/post_r6_cleanup/inputs/unity-retry2.prm	maintained benchmark	keep	7504	97f05f3cf72d963fbbb87e440cd55a24355f22994abb04c87588138032a23c7c	benchmark or regression build/run/check dependency
benchmarks/reconstructed_fault/post_r6_cleanup/inputs/unity-staggered.prm	maintained benchmark	keep	7439	b5824b136377db57bf5c132dab6fba565e2e8289109e36e0c29b818f888efb3c	benchmark or regression build/run/check dependency
benchmarks/reconstructed_fault/post_r6_cleanup/installed_consumer/CMakeLists.txt	maintained benchmark	keep	1159	ef10e6982bad20459dffe69ae44aa8881fdec4170229cfe02d3bd872d15080cd	benchmark or regression build/run/check dependency
benchmarks/reconstructed_fault/post_r6_cleanup/run_cases.py	maintained benchmark	keep	1782	57599ddd4897f5be9b3b9a63dac12b8a19347e37935913c158d099450a5e9bd4	benchmark or regression build/run/check dependency
benchmarks/reconstructed_fault/post_r6_cleanup/run_logged.py	maintained benchmark	keep	2359	4064161766c92a3efb98fd1a383cdee1479f6238a001aae716e3338dbc0d0aed	benchmark or regression build/run/check dependency
benchmarks/reconstructed_fault/refactoring_boundary/.gitignore	required dependency	keep	59	7de2ed430020739cc30b8d6a944a51f24b93568ebf3241193333a3602f4d542b	historical orchestration dependency chain; preserve at original path for recorded reproductions
benchmarks/reconstructed_fault/refactoring_boundary/README.md	required dependency	keep	5206	abcb369f41895e4b8b7e5273ed18bb4209bf76bb217f6bb00a982cdd31c4a016	historical orchestration dependency chain; preserve at original path for recorded reproductions
benchmarks/reconstructed_fault/refactoring_boundary/compare_automatic.py	required dependency	keep	4576	5e97947a14d2a5f0eda20ec40392df3fa4675d20d839fa7c09ce594f144a562f	historical orchestration dependency chain; preserve at original path for recorded reproductions
benchmarks/reconstructed_fault/refactoring_boundary/compare_move.py	required dependency	keep	4762	7bf3fc6b808c9f481e68cea39d5bb2dd8a88f877e8496674290f16970d22da39	historical orchestration dependency chain; preserve at original path for recorded reproductions
benchmarks/reconstructed_fault/refactoring_boundary/run_automatic_bp3.sh	required dependency	keep	723	ffd673567b5ca67812bcac76252e66fcac190853dff8fe6da4560ac4af3c9656	historical orchestration dependency chain; preserve at original path for recorded reproductions
benchmarks/reconstructed_fault/refactoring_boundary/run_focused.sh	required dependency	keep	1413	b532a53cb5d7cb201888af9f38a72563b22c08dc1e25b8c4f305e7a818053f55	historical orchestration dependency chain; preserve at original path for recorded reproductions
benchmarks/reconstructed_fault/refactoring_boundary/run_legacy.sh	required dependency	keep	312	39ed68063fe11b146736b9a0be7e6b98ab625410e44adc0a911c8ad60976d0bf	historical orchestration dependency chain; preserve at original path for recorded reproductions
benchmarks/reconstructed_fault/refactoring_boundary/run_logged.py	required dependency	keep	1384	c6e4421f0304df276d7b51b0d14c7164c9b4f0a1305875c6c357f6b6da82f891	historical orchestration dependency chain; preserve at original path for recorded reproductions
benchmarks/reconstructed_fault/refactoring_boundary/run_move.sh	required dependency	keep	468	e9448f854b9c5f17972e3021306dffa85e0c1cd938c4c6d61c3d28b89ea0250d	historical orchestration dependency chain; preserve at original path for recorded reproductions
benchmarks/reconstructed_fault/refactoring_boundary/stage_inputs.py	required dependency	keep	3090	8fd84d326d718a1b6d8cf35f368367c4574bf77a5f5b971b6e7199775fe5210a	historical orchestration dependency chain; preserve at original path for recorded reproductions
benchmarks/reconstructed_fault/refactoring_boundary/verify_comparisons.py	required dependency	keep	5593	69af01b79bb3e2913cf709daafe4cbdcf7d1b79e0a43dbb23339651f03853279	historical orchestration dependency chain; preserve at original path for recorded reproductions
benchmarks/reconstructed_fault/refactoring_boundary/verify_scope.py	required dependency	keep	2860	84ea6e6e8703563764c2f166393d6e3a523b0b27e559ac5b3fb2b34d21ad2a1e	historical orchestration dependency chain; preserve at original path for recorded reproductions
benchmarks/reconstructed_fault/refactoring_r1/.gitignore	required dependency	keep	84	efcb7b41d946b70c973ffbd6e202a7de29286a9f0560c416d8202f9513898305	historical orchestration dependency chain; preserve at original path for recorded reproductions
benchmarks/reconstructed_fault/refactoring_r1/CMakeLists.txt	required dependency	keep	250	72926ca42c12534b3d39631ffe0680841c845e62f4a948bf4b78d676a3a5d149	historical orchestration dependency chain; preserve at original path for recorded reproductions
benchmarks/reconstructed_fault/refactoring_r1/README.md	required dependency	keep	4322	cb75494ebc357b389bc2e349404e0e7dd223b1df04e61c6d7d81060e7bf939b1	historical orchestration dependency chain; preserve at original path for recorded reproductions
benchmarks/reconstructed_fault/refactoring_r1/compare_states.py	required dependency	keep	5496	a83d5962b582af8ddcde8f9dc4f6c8bbdec433354459322a257296cf7bda4e1a	historical orchestration dependency chain; preserve at original path for recorded reproductions
benchmarks/reconstructed_fault/refactoring_r1/input_templates.json	required dependency	keep	7356	21d9069bcd2936937f0d33fc62daa47a2fab0284dd00af0c4a932a75af21cf21	historical orchestration dependency chain; preserve at original path for recorded reproductions
benchmarks/reconstructed_fault/refactoring_r1/limiter_probe.cc	required dependency	keep	4215	18a073019030c0c5ab21818bd035029439c178f230ccd7fc9b5bf5adec957f9a	historical orchestration dependency chain; preserve at original path for recorded reproductions
benchmarks/reconstructed_fault/refactoring_r1/run_focused.sh	required dependency	keep	1281	fa74892e89a5ade554f0d7c055af439101cac1e36e89ee47a9ecc87fdab378e9	historical orchestration dependency chain; preserve at original path for recorded reproductions
benchmarks/reconstructed_fault/refactoring_r1/run_logged.py	required dependency	keep	1367	4aa7159fdaa940fde5cbb65097adc1c7d0012229d8312e40c441267e128cbef2	historical orchestration dependency chain; preserve at original path for recorded reproductions
benchmarks/reconstructed_fault/refactoring_r1/run_trajectory.sh	required dependency	keep	1986	f6a344f92606ac5e80c53e986a4fe10d0873b15127129d026ec318223fad0c76	historical orchestration dependency chain; preserve at original path for recorded reproductions
benchmarks/reconstructed_fault/refactoring_r1/stage_inputs.py	required dependency	keep	1051	5c4b75d1460454196682f4720d9efccbb1e00b1e7926a3354ed03c4ce42343a0	historical orchestration dependency chain; preserve at original path for recorded reproductions
benchmarks/reconstructed_fault/refactoring_r2a/.gitignore	required dependency	keep	59	7de2ed430020739cc30b8d6a944a51f24b93568ebf3241193333a3602f4d542b	historical orchestration dependency chain; preserve at original path for recorded reproductions
benchmarks/reconstructed_fault/refactoring_r2a/README.md	required dependency	keep	3573	0143e0ae8a92fcae54705b033b1c0663313f84e3c4bac45ef2b984125c2277f5	historical orchestration dependency chain; preserve at original path for recorded reproductions
benchmarks/reconstructed_fault/refactoring_r2a/compare_states.py	required dependency	keep	6865	5d67ede627613317eb8f9d65b40a10651d80e510e07306202e11819e4e061cba	historical orchestration dependency chain; preserve at original path for recorded reproductions
benchmarks/reconstructed_fault/refactoring_r2a/run_checks.sh	required dependency	keep	2183	c254b7755583b9227d06910be4e72b2c727a8fbc7b80b6e7a14d7842d1039e90	historical orchestration dependency chain; preserve at original path for recorded reproductions
benchmarks/reconstructed_fault/refactoring_r2a/run_logged.py	required dependency	keep	1368	f0c0328de1674e00fc7c66d6b342d86fffcec049291184b25f0a59d6f35fab7c	historical orchestration dependency chain; preserve at original path for recorded reproductions
benchmarks/reconstructed_fault/refactoring_r2a/stage_inputs.py	required dependency	keep	1325	b638ccd369e2be365c056c5b06f47540f7885ec7be607584a683a7fced7569e0	historical orchestration dependency chain; preserve at original path for recorded reproductions
benchmarks/reconstructed_fault/refactoring_r2a/verify_move.py	required dependency	keep	2304	74b2ea17581ed43d1ad69c589325f64236567e06ac6b2989b1ecb09df35337a2	historical orchestration dependency chain; preserve at original path for recorded reproductions
benchmarks/reconstructed_fault/refactoring_r2b/.gitignore	required dependency	keep	59	7de2ed430020739cc30b8d6a944a51f24b93568ebf3241193333a3602f4d542b	historical orchestration dependency chain; preserve at original path for recorded reproductions
benchmarks/reconstructed_fault/refactoring_r2b/README.md	required dependency	keep	3217	7dbd70db5b4544a72941f0d6ad8eef58fd46a486aa5d2314928359973177fb3a	historical orchestration dependency chain; preserve at original path for recorded reproductions
benchmarks/reconstructed_fault/refactoring_r2b/compare_states.py	required dependency	keep	6761	92df8ec63962e816bbde3b95bd793bbfa5debd413380a6a0a7e15a0a5339e836	historical orchestration dependency chain; preserve at original path for recorded reproductions
benchmarks/reconstructed_fault/refactoring_r2b/run_checks.sh	required dependency	keep	1301	809878cd4c03791ad36da71916ec3f820b06bb41e8900ea2ea2b25982a49af43	historical orchestration dependency chain; preserve at original path for recorded reproductions
benchmarks/reconstructed_fault/refactoring_r2b/run_logged.py	required dependency	keep	1368	d8ad4c7db9d4dd06b30099a25b4a79ab393a744a142b1f7b00156465d66a4aa4	historical orchestration dependency chain; preserve at original path for recorded reproductions
benchmarks/reconstructed_fault/refactoring_r2b/stage_inputs.py	required dependency	keep	1362	7d40a5c718c557a9f6a2da6689d491870849ebe29c953af170f01f616840c3a3	historical orchestration dependency chain; preserve at original path for recorded reproductions
benchmarks/reconstructed_fault/refactoring_r2b/verify_extraction.py	required dependency	keep	3541	064f3ae230b36409113d5fc5f9a8a62dfeda8825249d97ad25722df8c901c750	historical orchestration dependency chain; preserve at original path for recorded reproductions
benchmarks/reconstructed_fault/refactoring_r2b_cache/.gitignore	required dependency	keep	59	1619673c0ce999e8f60cb54c30dfcabeb5e5925b140c5aa66de7277aef58e6ab	historical orchestration dependency chain; preserve at original path for recorded reproductions
benchmarks/reconstructed_fault/refactoring_r2b_cache/README.md	required dependency	keep	5014	d366c72efbd277acc59f9c7bebafd1fa565a621d94f17d50500994c03d6fae63	historical orchestration dependency chain; preserve at original path for recorded reproductions
benchmarks/reconstructed_fault/refactoring_r2b_cache/compare_results.py	required dependency	keep	6906	9a63bad79b585ac0277338fceb59098b8f0c4436dc89818cbeb45194b1b7bbe3	historical orchestration dependency chain; preserve at original path for recorded reproductions
benchmarks/reconstructed_fault/refactoring_r2b_cache/plugin/CMakeLists.txt	required dependency	keep	253	5100d621d25b6fa1e1e7a4ea23f8f4dffa4d397daaa60668e9a4655740d60935	historical orchestration dependency chain; preserve at original path for recorded reproductions
benchmarks/reconstructed_fault/refactoring_r2b_cache/plugin/cache_audit.cc	required dependency	keep	1529	b98498c30def80b1976a23e70d73d81bda7a19976570f56fdecee9f54cade16f	historical orchestration dependency chain; preserve at original path for recorded reproductions
benchmarks/reconstructed_fault/refactoring_r2b_cache/run_checks.sh	required dependency	keep	1013	3d3fa6e4fa701062cda46447da46ef01e06ac22cccd03c29e8cab98acd30da4b	historical orchestration dependency chain; preserve at original path for recorded reproductions
benchmarks/reconstructed_fault/refactoring_r2b_cache/run_logged.py	required dependency	keep	1385	f5dae1d290b00eb2f34a5af3c7ca7e31ba56ac6e2880094e468a4907051107c0	historical orchestration dependency chain; preserve at original path for recorded reproductions
benchmarks/reconstructed_fault/refactoring_r2b_cache/run_restart.sh	required dependency	keep	678	d11079aeda5149024ad59d195a156d13549ba3f58c974d53fa19a13db35dd906	historical orchestration dependency chain; preserve at original path for recorded reproductions
benchmarks/reconstructed_fault/refactoring_r2b_cache/stage_inputs.py	required dependency	keep	2670	9bc0494cfe67ab0464aedada4b67eb4c6b980eb5007d556df8b43ac55c2ccddb	historical orchestration dependency chain; preserve at original path for recorded reproductions
benchmarks/reconstructed_fault/refactoring_r2b_cache/verify_extraction.py	required dependency	keep	2244	8b04e4f133836a6f7056ba12f02776a1ed64fa1f7dd078bc54c4bc22ebd0a079	historical orchestration dependency chain; preserve at original path for recorded reproductions
benchmarks/reconstructed_fault/refactoring_r3a/.gitignore	required dependency	keep	59	7de2ed430020739cc30b8d6a944a51f24b93568ebf3241193333a3602f4d542b	historical orchestration dependency chain; preserve at original path for recorded reproductions
benchmarks/reconstructed_fault/refactoring_r3a/README.md	required dependency	keep	4750	9e881cd66dbce83dca0015bf88f354d73329e8c53924c3c38a95baf79ed5e8df	historical orchestration dependency chain; preserve at original path for recorded reproductions
benchmarks/reconstructed_fault/refactoring_r3a/compare_bp3.py	required dependency	keep	6869	3c8cf1359aa3900ca471190d1ee90720f5712bdd2f9fbaf65a7ed68a60f8108a	historical orchestration dependency chain; preserve at original path for recorded reproductions
benchmarks/reconstructed_fault/refactoring_r3a/compare_cohesive_checkpoint.py	required dependency	keep	1053	4e5628f69c8c6d2c72fb2fba7b106822cbbc182abbd5a001f955a82b9608bf30	historical orchestration dependency chain; preserve at original path for recorded reproductions
benchmarks/reconstructed_fault/refactoring_r3a/compare_lifecycle.py	required dependency	keep	2266	152aa64a3cc0fee43ebf21f1feb87ad615b95668298e17d7edf1659aab93cdd0	historical orchestration dependency chain; preserve at original path for recorded reproductions
benchmarks/reconstructed_fault/refactoring_r3a/compile_separate.py	required dependency	keep	307	d5084b4dceacbfed5095bc79045982ae637a7160606d5966ec0baf19a0aa03be	historical orchestration dependency chain; preserve at original path for recorded reproductions
benchmarks/reconstructed_fault/refactoring_r3a/move_methods.py	required dependency	keep	6334	4eb922b7932e235587913361f0867f5dda7a9170e9427261f95728ad80d4e153	historical orchestration dependency chain; preserve at original path for recorded reproductions
benchmarks/reconstructed_fault/refactoring_r3a/plugin/CMakeLists.txt	required dependency	keep	543	8f83c47d506e4ee9227d8d03dd56490709f087f08ec4ecbccb0e44c6569d6dbe	historical orchestration dependency chain; preserve at original path for recorded reproductions
benchmarks/reconstructed_fault/refactoring_r3a/run_checks.sh	required dependency	keep	1817	a362420523ddd7da23387e8bec0fdc6495ee33ccc4f3cefb889fd7cd61ec0bbf	historical orchestration dependency chain; preserve at original path for recorded reproductions
benchmarks/reconstructed_fault/refactoring_r3a/run_cohesive_restart.py	required dependency	keep	1267	22aa35a5202113e8a309da5a98858c0ac82393bb6a79cc23cdae142bcccdaed4	historical orchestration dependency chain; preserve at original path for recorded reproductions
benchmarks/reconstructed_fault/refactoring_r3a/run_logged.py	required dependency	keep	1378	1b9bcc8116e97207910eaafc2f73c6c98412ccc89e713723257caf6081c8b47e	historical orchestration dependency chain; preserve at original path for recorded reproductions
benchmarks/reconstructed_fault/refactoring_r3a/run_stage_j_open_top.sh	required dependency	keep	479	2694ef10ba6367491ac8059c8888ffd3d57094e3ccc37bb239686cced229703a	historical orchestration dependency chain; preserve at original path for recorded reproductions
benchmarks/reconstructed_fault/refactoring_r3a/stage_inputs.py	required dependency	keep	2348	41007613012ebec466bc9d26489fd3afd9540a198e0dcb7e49e94b79474bd3db	historical orchestration dependency chain; preserve at original path for recorded reproductions
benchmarks/reconstructed_fault/refactoring_r3a/verify_move.py	required dependency	keep	2905	3e98fd97b68719da66431110273964007dfb8588c87e9bb552197a36382f0c28	historical orchestration dependency chain; preserve at original path for recorded reproductions
benchmarks/reconstructed_fault/refactoring_r3b/.gitignore	required dependency	keep	44	1058d5e33b5a8a910599df995d5b8f80e0d929dd9b094c8c1caa9194978d4307	historical orchestration dependency chain; preserve at original path for recorded reproductions
benchmarks/reconstructed_fault/refactoring_r3b/README.md	required dependency	keep	7663	186eeb39442234ffd6995601ace54ee77670f12c343f6b0398da012888760047	historical orchestration dependency chain; preserve at original path for recorded reproductions
benchmarks/reconstructed_fault/refactoring_r3b/build.py	required dependency	keep	1065	51fdac62089f5599b926eb1834b9c400008cb26590e4e67a0a506fc469cf8ec2	historical orchestration dependency chain; preserve at original path for recorded reproductions
benchmarks/reconstructed_fault/refactoring_r3b/compare_bp3.py	required dependency	keep	6848	086ab74ec88702ef352064be3cdf952c3110e05583f4b5f44a7826ff7114eb5c	historical orchestration dependency chain; preserve at original path for recorded reproductions
benchmarks/reconstructed_fault/refactoring_r3b/compare_cohesive.py	required dependency	keep	3438	23c02ae618a373c044dfa70934d17ed36eeb1a0561b322843c44801a0af01e4f	historical orchestration dependency chain; preserve at original path for recorded reproductions
benchmarks/reconstructed_fault/refactoring_r3b/compare_lifecycle.py	required dependency	keep	2210	f39c2837e5c47b02b3e671d4c0c8e33b7a276b3065fbbb9487dcccee980781e8	historical orchestration dependency chain; preserve at original path for recorded reproductions
benchmarks/reconstructed_fault/refactoring_r3b/compile_separate.py	required dependency	keep	1274	007707220d0549086f7553025fda2f669a8c9f808696e31ad29994e7f9d96280	historical orchestration dependency chain; preserve at original path for recorded reproductions
benchmarks/reconstructed_fault/refactoring_r3b/extract.py	required dependency	keep	9218	3be7c732677eb77f08e05e451c0979f66d742fb0d47b970e72198a13e6f888ce	historical orchestration dependency chain; preserve at original path for recorded reproductions
benchmarks/reconstructed_fault/refactoring_r3b/qualify.py	required dependency	keep	2509	f01fb29c098737399b8207ac53a7b3de26ab291ce5e2e5c89c7cad2809283be2	historical orchestration dependency chain; preserve at original path for recorded reproductions
benchmarks/reconstructed_fault/refactoring_r3b/run_checks.sh	required dependency	keep	1989	64eea2ededbfc35354d62f7ed9c494b47b4223be6b8744383e54895184ccfba2	historical orchestration dependency chain; preserve at original path for recorded reproductions
benchmarks/reconstructed_fault/refactoring_r3b/run_logged.py	required dependency	keep	1378	494bcd611f55a523fff2593f2d5625c9926d78a8a9ab38140661cc40f1822bac	historical orchestration dependency chain; preserve at original path for recorded reproductions
benchmarks/reconstructed_fault/refactoring_r3b/stage_inputs.py	required dependency	keep	1442	3cbc8e10a69d93f817424a98cac7f516d2cd912e20ca724104f09615566a2316	historical orchestration dependency chain; preserve at original path for recorded reproductions
benchmarks/reconstructed_fault/refactoring_r3b/verify_source.py	required dependency	keep	4694	66e0f403cc7111a52e5388c3c9fa43c7fb2003c0593f7405990ccfd5e0f00088	historical orchestration dependency chain; preserve at original path for recorded reproductions
benchmarks/reconstructed_fault/refactoring_r4a/.gitignore	required dependency	keep	55	f775d79138067c11c5a246ea1f26097b56fcefb3901a57986557088f4a890dd8	historical orchestration dependency chain; preserve at original path for recorded reproductions
benchmarks/reconstructed_fault/refactoring_r4a/README.md	required dependency	keep	7235	4e911e3bc5273c97023083224b6ad0dfdf8d9a9d1ffbd7cf1730132a4b35e6d2	historical orchestration dependency chain; preserve at original path for recorded reproductions
benchmarks/reconstructed_fault/refactoring_r4a/compare_bp3.py	required dependency	keep	7313	ebf05da7603a1b0822305fcaf7bd0c5bb67b635e1e61f5d5d8388209af9b41fa	historical orchestration dependency chain; preserve at original path for recorded reproductions
benchmarks/reconstructed_fault/refactoring_r4a/compare_checks.py	required dependency	keep	2211	562f4a307edaaefb60950d4c82792dd83acf99c5904b6923bc2ed48cb29832bc	historical orchestration dependency chain; preserve at original path for recorded reproductions
benchmarks/reconstructed_fault/refactoring_r4a/compile_independent.py	required dependency	keep	1029	55f015660d93f455146d74ad378fc6eb705560e4a4987801b14370cf6a1ce384	historical orchestration dependency chain; preserve at original path for recorded reproductions
benchmarks/reconstructed_fault/refactoring_r4a/plugin/CMakeLists.txt	required dependency	keep	626	fe7434d052a315db41767e963482641c0f09e24f4af5df7e0b1f746ad3dc8ab7	historical orchestration dependency chain; preserve at original path for recorded reproductions
benchmarks/reconstructed_fault/refactoring_r4a/prepare_inputs.py	required dependency	keep	1521	81f5e945f69c228fb937a3554cb57dd94dcc10eb3c01886a9551e2f456e5b851	historical orchestration dependency chain; preserve at original path for recorded reproductions
benchmarks/reconstructed_fault/refactoring_r4a/qualify.py	required dependency	keep	4082	879cc4fc38a06367035bba4c2bee487a723cd8b71f4cde9b0a15fef82cbce2ad	historical orchestration dependency chain; preserve at original path for recorded reproductions
benchmarks/reconstructed_fault/refactoring_r4a/run_checks.sh	required dependency	keep	1157	f0368b1618c68416695668c82e1f7ad5c594bd210be09eecc68f2c6929ee1289	historical orchestration dependency chain; preserve at original path for recorded reproductions
benchmarks/reconstructed_fault/refactoring_r4a/run_logged.py	required dependency	keep	1379	5cfc6d67842b6fcaa6cbc6418f228fee6a721a0ec2434ed41e15933ec3ea2086	historical orchestration dependency chain; preserve at original path for recorded reproductions
benchmarks/reconstructed_fault/refactoring_r4a/verify_source.py	required dependency	keep	2126	c948466eee7c9a675168485bf28e898000f5977aac96a0b5be350917f291b742	historical orchestration dependency chain; preserve at original path for recorded reproductions
benchmarks/reconstructed_fault/refactoring_r4b_linear/.gitignore	required dependency	keep	79	c172f2a938465f01fac8aea995bf26b63669f48bf51631c8c04413fc519c8f04	historical orchestration dependency chain; preserve at original path for recorded reproductions
benchmarks/reconstructed_fault/refactoring_r4b_linear/README.md	required dependency	keep	10138	9fb7f527db48fcdacf50e0cbf227c89b75ba0dc5bc59c1759b6fbede25c8a78a	historical orchestration dependency chain; preserve at original path for recorded reproductions
benchmarks/reconstructed_fault/refactoring_r4b_linear/compare_bp3.py	required dependency	keep	7301	0d4066265c2078dd333f401602b1e232128744e4e90cbe93f59183e29e929b72	historical orchestration dependency chain; preserve at original path for recorded reproductions
benchmarks/reconstructed_fault/refactoring_r4b_linear/compare_checks.py	required dependency	keep	2960	936f7c959bde10c5b786cbab81a8f8b1dd55ebdd0f5e8ceb3af4dcf65ae82de8	historical orchestration dependency chain; preserve at original path for recorded reproductions
benchmarks/reconstructed_fault/refactoring_r4b_linear/plugin/CMakeLists.txt	required dependency	keep	1027	44d834b71720dc8dee4d34ef2d858bb8725ce797e7bce5c2665ef197ac6c2825	historical orchestration dependency chain; preserve at original path for recorded reproductions
benchmarks/reconstructed_fault/refactoring_r4b_linear/prepare_inputs.py	required dependency	keep	1399	f47950a3b9984cb5606f732bee7826347994374c1854ecfa861fe0c33dd68de9	historical orchestration dependency chain; preserve at original path for recorded reproductions
benchmarks/reconstructed_fault/refactoring_r4b_linear/qualify.py	required dependency	keep	3452	58bc30c6016a2cfcff10a51d8fc2d5e0a3ad598bce90e2c86653165381f9d191	historical orchestration dependency chain; preserve at original path for recorded reproductions
benchmarks/reconstructed_fault/refactoring_r4b_linear/run_checks.sh	required dependency	keep	1363	0550f3d2d538c890e1e525f9fe08a7e57107479b099b7906de39d32f9438c7ba	historical orchestration dependency chain; preserve at original path for recorded reproductions
benchmarks/reconstructed_fault/refactoring_r4b_linear/run_logged.py	required dependency	keep	1384	cffaab714b0f6110d9874687cfa2e6962ebd2d657d639e322ab6a87a7281a476	historical orchestration dependency chain; preserve at original path for recorded reproductions
benchmarks/reconstructed_fault/refactoring_r4b_linear/verify_source.py	required dependency	keep	3100	cff13fedac7f82a2c673733ea805443edd8e1e70a38cae4c10da99ba30f42a2f	historical orchestration dependency chain; preserve at original path for recorded reproductions
benchmarks/reconstructed_fault/refactoring_r4b_residual/.gitignore	required dependency	keep	79	c172f2a938465f01fac8aea995bf26b63669f48bf51631c8c04413fc519c8f04	historical orchestration dependency chain; preserve at original path for recorded reproductions
benchmarks/reconstructed_fault/refactoring_r4b_residual/README.md	required dependency	keep	8421	9cec1e092c6d7b4fe304f850ec161d33d47a6a43e6fd46deb703e572b2895101	historical orchestration dependency chain; preserve at original path for recorded reproductions
benchmarks/reconstructed_fault/refactoring_r4b_residual/compare_bp3.py	required dependency	keep	7314	444f5c2151f58f3da6450167f62c89c8436728f43517d27ed78666239b71dbb1	historical orchestration dependency chain; preserve at original path for recorded reproductions
benchmarks/reconstructed_fault/refactoring_r4b_residual/compare_checks.py	required dependency	keep	2862	90891b257a5e67c1d47d1bfbfd171b2bd88ca090209f99da3e8f9562339626a5	historical orchestration dependency chain; preserve at original path for recorded reproductions
benchmarks/reconstructed_fault/refactoring_r4b_residual/plugin/CMakeLists.txt	required dependency	keep	1029	5de2039796c4c7a91cb9b4adc4c12c0a86d85e20c58ca168ca77ddee4f56fd49	historical orchestration dependency chain; preserve at original path for recorded reproductions
benchmarks/reconstructed_fault/refactoring_r4b_residual/prepare_inputs.py	required dependency	keep	477	88eca4ddb938fe24f13763ab170e90953802b4b9d0eb4598447033a2ffb05db3	historical orchestration dependency chain; preserve at original path for recorded reproductions
benchmarks/reconstructed_fault/refactoring_r4b_residual/qualify.py	required dependency	keep	4162	346c8a0f3c23e6623ea1516deed9c9edf43926b270fca6f19c8ea9e63b9095ee	historical orchestration dependency chain; preserve at original path for recorded reproductions
benchmarks/reconstructed_fault/refactoring_r4b_residual/record_artifacts.py	required dependency	keep	748	fb022b8aae093ddcb0fbccb97a46b1cb1fd33b47312933ecc54dc5bc7675ad03	historical orchestration dependency chain; preserve at original path for recorded reproductions
benchmarks/reconstructed_fault/refactoring_r4b_residual/run_checks.sh	required dependency	keep	1287	67aa86172003d38e00a53350c89cc293d6a8cd44eb0a2e9c69f8eb5601aa8d19	historical orchestration dependency chain; preserve at original path for recorded reproductions
benchmarks/reconstructed_fault/refactoring_r4b_residual/run_logged.py	required dependency	keep	1377	79d49067bdcc0a886e6aece5a40147fbd9c64e0325bd1eeea9442b133b98314e	historical orchestration dependency chain; preserve at original path for recorded reproductions
benchmarks/reconstructed_fault/refactoring_r4b_residual/verify_source.py	required dependency	keep	3988	cd348fb1a2c5c0b67e5658fea1f8aedb79d9f1ff4c533409ac06c435911ac2d0	historical orchestration dependency chain; preserve at original path for recorded reproductions
benchmarks/reconstructed_fault/refactoring_r4c/.gitignore	required dependency	keep	79	831ef0f586ec0cc6aee679a70a3084e576719a42a5a62cb5ff268aedf00b2cef	historical orchestration dependency chain; preserve at original path for recorded reproductions
benchmarks/reconstructed_fault/refactoring_r4c/README.md	required dependency	keep	7816	2ad3ad737786ac1101e0b60eaa08225c3f6fb2a177a56dcb894090a9d8f2e8b0	historical orchestration dependency chain; preserve at original path for recorded reproductions
benchmarks/reconstructed_fault/refactoring_r4c/compare_bp3.py	required dependency	keep	7310	cc37614811ee35aff2f2dd1e360fe86d69db0e6ebef46441d43be4f5e5aca877	historical orchestration dependency chain; preserve at original path for recorded reproductions
benchmarks/reconstructed_fault/refactoring_r4c/compare_checks.py	required dependency	keep	2864	7ef5174daa99e42dc32825862eb8931a657325205c4fa4a45c06a760b728cf0f	historical orchestration dependency chain; preserve at original path for recorded reproductions
benchmarks/reconstructed_fault/refactoring_r4c/compare_extra.py	required dependency	keep	2080	6f72326dee6f1cf6f69179a2a7626658eada7f95760113882512b06f5abbd0b0	historical orchestration dependency chain; preserve at original path for recorded reproductions
benchmarks/reconstructed_fault/refactoring_r4c/compare_frozen.py	required dependency	keep	2099	52f1f831ed2d2488cea55c4f69c90e1fad89be21661e9f44b31beb47e86be923	historical orchestration dependency chain; preserve at original path for recorded reproductions
benchmarks/reconstructed_fault/refactoring_r4c/compile_independent.py	required dependency	keep	1101	3c2063bc71d36c4e58346d45cd493b2ce328f17ed5f290c51007efee3dabb6b3	historical orchestration dependency chain; preserve at original path for recorded reproductions
benchmarks/reconstructed_fault/refactoring_r4c/plugin/CMakeLists.txt	required dependency	keep	1619	05b4589d17dedd2813a4183966aa14c0a05542c7881041dc4b3f78caae761219	historical orchestration dependency chain; preserve at original path for recorded reproductions
benchmarks/reconstructed_fault/refactoring_r4c/prepare_extra_inputs.py	required dependency	keep	2405	a6b7f86054fcf3838a2d2baeaf3e96aa909bf29e367cad98887e2ced8c98eb99	historical orchestration dependency chain; preserve at original path for recorded reproductions
benchmarks/reconstructed_fault/refactoring_r4c/qualify.py	required dependency	keep	3071	8a96716509b1fdb08e311513c26d22309ba59b4916bc0b085fbcfc3617e14126	historical orchestration dependency chain; preserve at original path for recorded reproductions
benchmarks/reconstructed_fault/refactoring_r4c/run_checks.sh	required dependency	keep	1269	541cbaf66f3814e5e16430bbcfa2b3c1f43cba1718f968d54a19b976dc7e1884	historical orchestration dependency chain; preserve at original path for recorded reproductions
benchmarks/reconstructed_fault/refactoring_r4c/run_extra.py	required dependency	keep	689	968bc13a29034ad54788628a0383ec8bd3848b1871d18a441fad6f82a7feeadf	historical orchestration dependency chain; preserve at original path for recorded reproductions
benchmarks/reconstructed_fault/refactoring_r4c/run_frozen.py	required dependency	keep	559	c4d16c74f5931b52ddaba1906e2f97ceb8d10e41a1992f80020a383dea9bb85a	historical orchestration dependency chain; preserve at original path for recorded reproductions
benchmarks/reconstructed_fault/refactoring_r4c/run_logged.py	required dependency	keep	1368	201101031a3c3c1ebe61f5bc6e7aedf20a73d578b88c689fc64dba2e4cd78fe0	historical orchestration dependency chain; preserve at original path for recorded reproductions
benchmarks/reconstructed_fault/refactoring_r4c/verify_source.py	required dependency	keep	3266	9bb6d2ee6b0caf7ee844b7a60f46833d01f2ac3dbc55ba29d7faf85ff68307ce	historical orchestration dependency chain; preserve at original path for recorded reproductions
benchmarks/reconstructed_fault/refactoring_r5a1/.gitignore	required dependency	keep	79	c172f2a938465f01fac8aea995bf26b63669f48bf51631c8c04413fc519c8f04	historical orchestration dependency chain; preserve at original path for recorded reproductions
benchmarks/reconstructed_fault/refactoring_r5a1/README.md	required dependency	keep	10579	3fd62b682dc33b8426cf6f2b7fe389b733ea7b5dd32302ac16702b1fac4eae45	historical orchestration dependency chain; preserve at original path for recorded reproductions
benchmarks/reconstructed_fault/refactoring_r5a1/compare.py	required dependency	keep	3791	26eab8d8f4bbdff1570fdc2b4e7e9e9eb12c3a35ea6cfa620dd65ab769d83b66	historical orchestration dependency chain; preserve at original path for recorded reproductions
benchmarks/reconstructed_fault/refactoring_r5a1/compile_independent.py	required dependency	keep	891	f58a2adbdf4e1681a4ca2b20138418327f58280e10d62196cb977aa2d7884bbf	historical orchestration dependency chain; preserve at original path for recorded reproductions
benchmarks/reconstructed_fault/refactoring_r5a1/plugin/CMakeLists.txt	required dependency	keep	460	b211e98a3b7f41ead57ebb33f3b7a57bde8210b9955ee97560ff109f118c31fe	historical orchestration dependency chain; preserve at original path for recorded reproductions
benchmarks/reconstructed_fault/refactoring_r5a1/prepare_inputs.py	required dependency	keep	1322	042ddf98e6ae89b54192a0958a376879aa7c74156266ed0acccf25765adc6e46	historical orchestration dependency chain; preserve at original path for recorded reproductions
benchmarks/reconstructed_fault/refactoring_r5a1/qualify.py	required dependency	keep	2798	e2a69fd719f62b904ed60baad1bffcf8398d54fc8526cdc7886803ea2429db2a	historical orchestration dependency chain; preserve at original path for recorded reproductions
benchmarks/reconstructed_fault/refactoring_r5a1/run_checks.py	required dependency	keep	1163	95349bcafe4fe3b8cef0fdc3ff3c4542d8d9b0a5ad82ce7c595bb9f365cfe2d2	historical orchestration dependency chain; preserve at original path for recorded reproductions
benchmarks/reconstructed_fault/refactoring_r5a1/run_logged.py	required dependency	keep	1369	171059537be07ae22326b29d2d76d02d6c5f9ac7e1cbebbf11464f7a194ccf0a	historical orchestration dependency chain; preserve at original path for recorded reproductions
benchmarks/reconstructed_fault/refactoring_r5a1/run_restart.py	required dependency	keep	758	a74ab7ee942c55d9828557cd7d5722573f7d8cfe157e91d4af29342fd1d019dc	historical orchestration dependency chain; preserve at original path for recorded reproductions
benchmarks/reconstructed_fault/refactoring_r5a1/verify_move.py	required dependency	keep	2018	2fcfe742822920117b288f4c0fade8969b20ca0ebf7767714fda0a0b77636c45	historical orchestration dependency chain; preserve at original path for recorded reproductions
benchmarks/reconstructed_fault/refactoring_r5a1/verify_symbols.py	required dependency	keep	1066	4a702f3f95eeba503ebf1573323998e75711312c90f0deb210fa5443a2d4a2b5	historical orchestration dependency chain; preserve at original path for recorded reproductions
benchmarks/reconstructed_fault/refactoring_r5a2/.gitignore	required dependency	keep	74	b0417ce1b21054c06e76590ce8f8c345096de34aea67d48d09f66f6d2cf929f2	historical orchestration dependency chain; preserve at original path for recorded reproductions
benchmarks/reconstructed_fault/refactoring_r5a2/README.md	required dependency	keep	8541	27ea3b9feec1e0550161d916532a50e2cb5229c8e02c98d273c27267e5c4f4da	historical orchestration dependency chain; preserve at original path for recorded reproductions
benchmarks/reconstructed_fault/refactoring_r5a2/compare.py	required dependency	keep	5551	fda4f4afb3492b1f64879991ed4b04ee8cbb166f510b60fb8a5a314260e2bd59	historical orchestration dependency chain; preserve at original path for recorded reproductions
benchmarks/reconstructed_fault/refactoring_r5a2/compile_independent.py	required dependency	keep	901	19220c0ff5bce6474af65b0e092e0e4ded8aa1a1580429346ebef8e6fd5e94f9	historical orchestration dependency chain; preserve at original path for recorded reproductions
benchmarks/reconstructed_fault/refactoring_r5a2/plugin/CMakeLists.txt	required dependency	keep	718	5c111e41e1db4fcbcf6870d292c064d1d431f3f8aac4e31ea5d12ef5f38345cc	historical orchestration dependency chain; preserve at original path for recorded reproductions
benchmarks/reconstructed_fault/refactoring_r5a2/prepare_inputs.py	required dependency	keep	2338	05806a52a178dc3bfaca29a72308b139ff5f39ba69b32d3777068706d946a264	historical orchestration dependency chain; preserve at original path for recorded reproductions
benchmarks/reconstructed_fault/refactoring_r5a2/qualify.py	required dependency	keep	3796	2677692ad462ab76685bde07c68cbfaf98c3091334544f517ac2e35d5a37533f	historical orchestration dependency chain; preserve at original path for recorded reproductions
benchmarks/reconstructed_fault/refactoring_r5a2/run_checks.py	required dependency	keep	1844	2927139033e8a85b0f5b9e01f8625a182d143ac69adfe2bd2eb2061bfd016b94	historical orchestration dependency chain; preserve at original path for recorded reproductions
benchmarks/reconstructed_fault/refactoring_r5a2/run_logged.py	required dependency	keep	1369	2e2168ea191b2b9190d9cbf09f8dab168fc16b6a6419430a69a083a973ba1db7	historical orchestration dependency chain; preserve at original path for recorded reproductions
benchmarks/reconstructed_fault/refactoring_r5a2/verify_move.py	required dependency	keep	1786	f7c9363a1db72b862a89559028810a2f177ea500d4a0aa0145dabb386422f86c	historical orchestration dependency chain; preserve at original path for recorded reproductions
benchmarks/reconstructed_fault/refactoring_r5a2/verify_symbols.py	required dependency	keep	1092	c42127fb40097bf16da921c2fcaecf4fbec847c96d6e955fe274f444d21068ce	historical orchestration dependency chain; preserve at original path for recorded reproductions
benchmarks/reconstructed_fault/refactoring_r5b1/.gitignore	required dependency	keep	74	b0417ce1b21054c06e76590ce8f8c345096de34aea67d48d09f66f6d2cf929f2	historical orchestration dependency chain; preserve at original path for recorded reproductions
benchmarks/reconstructed_fault/refactoring_r5b1/README.md	required dependency	keep	13130	598799b34b142abd27e985f0d6ab881dabcb0a1a70d24d6aef884ca4be63f737	historical orchestration dependency chain; preserve at original path for recorded reproductions
benchmarks/reconstructed_fault/refactoring_r5b1/compare.py	required dependency	keep	4267	5a651eb1c015d9f368cc20c8275c5ff9ebcb963c8d28d723ef430f3acca96922	historical orchestration dependency chain; preserve at original path for recorded reproductions
benchmarks/reconstructed_fault/refactoring_r5b1/compile_independent.py	required dependency	keep	834	e9b00a9d90a249338ecc5ff0b0b3e62128e82fc45c49c91f5588f6d53ff6a5ab	historical orchestration dependency chain; preserve at original path for recorded reproductions
benchmarks/reconstructed_fault/refactoring_r5b1/plugin/CMakeLists.txt	required dependency	keep	1351	99aa0cf6ffc93b272d50f4c0b91343dfcd11fd6cda85a230e1278f512cd26d30	historical orchestration dependency chain; preserve at original path for recorded reproductions
benchmarks/reconstructed_fault/refactoring_r5b1/plugin/singular_current_diagnostic.py	required dependency	keep	905	cc6d216479e2501e40c7456c0e740d1fbef63991b122f1bb5244aeb1a01fad9a	historical orchestration dependency chain; preserve at original path for recorded reproductions
benchmarks/reconstructed_fault/refactoring_r5b1/prepare_inputs.py	required dependency	keep	2171	d457ebe713bb6a385f93f735f5fb41982cac56447a693f1306a6435cbb44162f	historical orchestration dependency chain; preserve at original path for recorded reproductions
benchmarks/reconstructed_fault/refactoring_r5b1/qualify.py	required dependency	keep	3688	d78129c0a59d491e65200c74ff256c092e981d0d98f4d956e12cdcee8787cc5e	historical orchestration dependency chain; preserve at original path for recorded reproductions
benchmarks/reconstructed_fault/refactoring_r5b1/run_checks.py	required dependency	keep	1643	a2501463a9cf6e503377c8d37c54da46efa507307fb117107d4e142dced11f56	historical orchestration dependency chain; preserve at original path for recorded reproductions
benchmarks/reconstructed_fault/refactoring_r5b1/run_logged.py	required dependency	keep	1369	2e2168ea191b2b9190d9cbf09f8dab168fc16b6a6419430a69a083a973ba1db7	historical orchestration dependency chain; preserve at original path for recorded reproductions
benchmarks/reconstructed_fault/refactoring_r5b1/verify_move.py	required dependency	keep	2903	dbc9cd931cfa9a548a56c79f88984949ff595da9795488bebf6867631c6d5906	historical orchestration dependency chain; preserve at original path for recorded reproductions
benchmarks/reconstructed_fault/refactoring_r5b1/verify_symbols.py	required dependency	keep	1305	75b7766b304ac7cfc59e0a531249d51fe2a6ed5f3c8e5a39de03f4b44ea7050e	historical orchestration dependency chain; preserve at original path for recorded reproductions
benchmarks/reconstructed_fault/refactoring_r5b2/.gitignore	required dependency	keep	74	b0417ce1b21054c06e76590ce8f8c345096de34aea67d48d09f66f6d2cf929f2	historical orchestration dependency chain; preserve at original path for recorded reproductions
benchmarks/reconstructed_fault/refactoring_r5b2/README.md	required dependency	keep	9266	8e23043597cce0f9ea4a6715c712b9b8adfd5f5ac5df28f1988e6467e321b6be	historical orchestration dependency chain; preserve at original path for recorded reproductions
benchmarks/reconstructed_fault/refactoring_r5b2/compare.py	required dependency	keep	4129	2a4411e1e543a6652fbd07d93728ea1b9dc6baaf4f413ebb5274b88ff7970221	historical orchestration dependency chain; preserve at original path for recorded reproductions
benchmarks/reconstructed_fault/refactoring_r5b2/compare_frozen.py	required dependency	keep	5566	47bec5ec612afcd531454433d21ee62df186d0e880b8f909051a2698b6086c21	historical orchestration dependency chain; preserve at original path for recorded reproductions
benchmarks/reconstructed_fault/refactoring_r5b2/compile_independent.py	required dependency	keep	779	27152aac780010600f94a214b7d2073b572abb69905a410d13a5c815fbeea4e4	historical orchestration dependency chain; preserve at original path for recorded reproductions
benchmarks/reconstructed_fault/refactoring_r5b2/plugin/CMakeLists.txt	required dependency	keep	1652	5aa535ca9b3f3dfc9a4c0d0049c66b802ea3b00c5034b85344a5062656ebeefb	historical orchestration dependency chain; preserve at original path for recorded reproductions
benchmarks/reconstructed_fault/refactoring_r5b2/plugin/singular_current_diagnostic.py	required dependency	keep	905	cc6d216479e2501e40c7456c0e740d1fbef63991b122f1bb5244aeb1a01fad9a	historical orchestration dependency chain; preserve at original path for recorded reproductions
benchmarks/reconstructed_fault/refactoring_r5b2/prepare_inputs.py	required dependency	keep	2611	10f540b7d467bd2f2166a91cbeea3cb2a25176a91a986c199f45ef7a77c16f73	historical orchestration dependency chain; preserve at original path for recorded reproductions
benchmarks/reconstructed_fault/refactoring_r5b2/qualify.py	required dependency	keep	3542	9ed25e9954183dcb23987d054bb69cb930dbeb89367474eabc353327bdd5d463	historical orchestration dependency chain; preserve at original path for recorded reproductions
benchmarks/reconstructed_fault/refactoring_r5b2/run_checks.py	required dependency	keep	2008	a59ea7d849218ad130ab3ae6dc8ec573737530035395b9c34a4ead942bf76056	historical orchestration dependency chain; preserve at original path for recorded reproductions
benchmarks/reconstructed_fault/refactoring_r5b2/run_logged.py	required dependency	keep	1369	89d0079689d58700f4112e2c1184d8a6a9de7f2f15f7dbd4adbcfb71d3b5df0e	historical orchestration dependency chain; preserve at original path for recorded reproductions
benchmarks/reconstructed_fault/refactoring_r5b2/verify_extraction.py	required dependency	keep	2134	66ce03cea5d8349b2ae29ffb3d0b09fa233a6a6f4e8b7adceb1c27038e125cd3	historical orchestration dependency chain; preserve at original path for recorded reproductions
benchmarks/reconstructed_fault/refactoring_r5b2/verify_symbols.py	required dependency	keep	1082	ea85012652778bb8ef338aeb268b91003e6c14e29aae69670a0f01ed65b40edf	historical orchestration dependency chain; preserve at original path for recorded reproductions
benchmarks/reconstructed_fault/refactoring_r6a/.gitignore	required dependency	keep	74	b0417ce1b21054c06e76590ce8f8c345096de34aea67d48d09f66f6d2cf929f2	historical orchestration dependency chain; preserve at original path for recorded reproductions
benchmarks/reconstructed_fault/refactoring_r6a/README.md	required dependency	keep	8032	21b9fb4da976100928484953dd5ec0cc87daf273aa2749c1ce4344db704f900d	historical orchestration dependency chain; preserve at original path for recorded reproductions
benchmarks/reconstructed_fault/refactoring_r6a/compare.py	required dependency	keep	4401	276547dc64ae9d04e7e6260ca30becea945fe3e207bcb197e64d6049616fea60	historical orchestration dependency chain; preserve at original path for recorded reproductions
benchmarks/reconstructed_fault/refactoring_r6a/compile_independent.py	required dependency	keep	651	44546622c3ecdddfe8fa63882b3f75956040203ad5e44d6bfbfc2f4c26d871b2	historical orchestration dependency chain; preserve at original path for recorded reproductions
benchmarks/reconstructed_fault/refactoring_r6a/plugin/CMakeLists.txt	required dependency	keep	698	4c7aa15106ed31a1e3413810039e73557d0cfec794ba96458f5473a2e8f3cb8a	historical orchestration dependency chain; preserve at original path for recorded reproductions
benchmarks/reconstructed_fault/refactoring_r6a/plugin/trace_cells.cc	required dependency	keep	1899	5dd826e4e96c3a71ca240fa27c65edaaf40df9fb4220c6abc943470d552947b3	historical orchestration dependency chain; preserve at original path for recorded reproductions
benchmarks/reconstructed_fault/refactoring_r6a/prepare_inputs.py	required dependency	keep	1762	46b16a3c5071f0fb60dec18e2a5822ebc5141588bd6cbc27d983ac47f3c2d9f4	historical orchestration dependency chain; preserve at original path for recorded reproductions
benchmarks/reconstructed_fault/refactoring_r6a/qualify.py	required dependency	keep	3159	0ba0ca50b72e6aaa997cfec9405baa62f5c6a9fd0036499afbe4bc0356da8f8b	historical orchestration dependency chain; preserve at original path for recorded reproductions
benchmarks/reconstructed_fault/refactoring_r6a/run_checks.py	required dependency	keep	1336	3d433090519ceb74048c679dfc4ffdf48907944045d4c6c17f9047df6a3ed683	historical orchestration dependency chain; preserve at original path for recorded reproductions
benchmarks/reconstructed_fault/refactoring_r6a/run_logged.py	required dependency	keep	1368	5bd01f543b312c5d284e4c90835dba2842b5d47a6320a3bd0ce8abb3f307bc6b	historical orchestration dependency chain; preserve at original path for recorded reproductions
benchmarks/reconstructed_fault/refactoring_r6a/switch_inventory.md	required dependency	keep	41680	06d17b8a3822e162b01485a7ee3cc8325e49543ca3e60d6cae42aff78f6d80be	historical orchestration dependency chain; preserve at original path for recorded reproductions
benchmarks/reconstructed_fault/refactoring_r6a/verify_source.py	required dependency	keep	4740	c06b60a87ce33942aee3991104d1c7fc237b6b86ca8ddacbbb214ac3269a8692	historical orchestration dependency chain; preserve at original path for recorded reproductions
benchmarks/reconstructed_fault/refactoring_r6a/verify_symbols.py	required dependency	keep	1027	e42760405fb0d645e682994b4de57840f03b75dbca7ee4225b79e13560540409	historical orchestration dependency chain; preserve at original path for recorded reproductions
benchmarks/reconstructed_fault/refactoring_r6b/.gitignore	required dependency	keep	49	c3628ed4de0c30c26a45113ca8fa14d0bde14981ec75d750e5e430ce3ce8a63a	historical orchestration dependency chain; preserve at original path for recorded reproductions
benchmarks/reconstructed_fault/refactoring_r6b/README.md	required dependency	keep	6956	d96095b17fb29f59d1f335706887324e4bec447a02111bc8ac3655d723f2e15b	historical orchestration dependency chain; preserve at original path for recorded reproductions
benchmarks/reconstructed_fault/refactoring_r6b/compare.py	required dependency	keep	4747	fb5390da7e2914f3d4e5c084d132db79a53427e4ef6b96ab9f7413a9db5a8102	historical orchestration dependency chain; preserve at original path for recorded reproductions
benchmarks/reconstructed_fault/refactoring_r6b/compile_independent.py	required dependency	keep	745	9975b2b2bb8dd00e9ca9aa78a8bee322b47526f464d91426cc8150941801d508	historical orchestration dependency chain; preserve at original path for recorded reproductions
benchmarks/reconstructed_fault/refactoring_r6b/prepare_inputs.py	required dependency	keep	1498	b390d2a25391f9c1c4898fd0f2d4a0cdd5f22d27c101e1d43b7eb2befcc89558	historical orchestration dependency chain; preserve at original path for recorded reproductions
benchmarks/reconstructed_fault/refactoring_r6b/qualify.py	required dependency	keep	2950	3460715e277ab5aa40576482b7249e6d0b1230a1e5da4edfa2a49a1ee8d2ec37	historical orchestration dependency chain; preserve at original path for recorded reproductions
benchmarks/reconstructed_fault/refactoring_r6b/run_checks.py	required dependency	keep	1275	4ace85da8d9551795824844f596c0ae6745242cd90119b6d3ab33c64833bf15c	historical orchestration dependency chain; preserve at original path for recorded reproductions
benchmarks/reconstructed_fault/refactoring_r6b/run_logged.py	required dependency	keep	1368	1e3f1e8b10f21aa166269976802a01c2d9825f8a42346c5711abd9579127871c	historical orchestration dependency chain; preserve at original path for recorded reproductions
benchmarks/reconstructed_fault/refactoring_r6b/verify_source.py	required dependency	keep	3350	71ba65ad34edea7d4e2f6fc9ec92b223a8b2456e726a2d88d68d14a39369464d	historical orchestration dependency chain; preserve at original path for recorded reproductions
benchmarks/reconstructed_fault/refactoring_r6b/verify_symbols.py	required dependency	keep	1403	fcda3795200e7fe1ef6c7a75e263376b39e485fd82dedc9a119cd27ca2cad66a	historical orchestration dependency chain; preserve at original path for recorded reproductions
benchmarks/reconstructed_fault/refactoring_r6c/.gitignore	required dependency	keep	25	e6823994f904d34c3b474851cb932f8bb30ced747364b36021596ca9dae1d89d	historical orchestration dependency chain; preserve at original path for recorded reproductions
benchmarks/reconstructed_fault/refactoring_r6c/README.md	required dependency	keep	11754	97e8ff4a74309fa50412866f801dc913b67a06cdde902e34dc5044db57fadf12	historical orchestration dependency chain; preserve at original path for recorded reproductions
benchmarks/reconstructed_fault/refactoring_r6c/verify_preservation.py	required dependency	keep	2651	f1f8555c9790a6610a7835a0972fa1fabe7aba0002f1867876b844ad97ad7d09	historical orchestration dependency chain; preserve at original path for recorded reproductions
benchmarks/reconstructed_fault/refactoring_r7b/.gitignore	deliberate test reference	keep	32	03aad068c6d2ce2a0f38d8c604acab14f856850cfa946afa3ae45b5c617ef2e7	incoming local/R7 content protected; accepted R7 evidence and exact runnable fixtures; preserve intact
benchmarks/reconstructed_fault/refactoring_r7b/README.md	deliberate test reference	keep	9194	23077bad5facf9140c3cbe3c9abcf798d05293d6a6c6cdf587a746096bfa90cd	incoming local/R7 content protected; accepted R7 evidence and exact runnable fixtures; preserve intact
benchmarks/reconstructed_fault/refactoring_r7b/check_cmake.py	deliberate test reference	keep	1697	e4b2cd5aa37e708386e352a0b040278d12519f025a47e7c10fb8baecdaeb78a0	incoming local/R7 content protected; accepted R7 evidence and exact runnable fixtures; preserve intact
benchmarks/reconstructed_fault/refactoring_r7b/compare.py	deliberate test reference	keep	7552	86fbb1fa7f9317f826cc16669733807823f1fdad0f5d0ed0e018d44ac34d9b68	incoming local/R7 content protected; accepted R7 evidence and exact runnable fixtures; preserve intact
benchmarks/reconstructed_fault/refactoring_r7b/debug/CMakeLists.txt	deliberate test reference	keep	619	21101796d59db583e8af928c5ec98940fbe5905b40f0305a1ab78456117bb518	incoming local/R7 content protected; accepted R7 evidence and exact runnable fixtures; preserve intact
benchmarks/reconstructed_fault/refactoring_r7b/debug/main.cc	deliberate test reference	keep	123	521524358791a25436881c69f233b78bebbc88fb17e6c0a36d50980a4326690f	incoming local/R7 content protected; accepted R7 evidence and exact runnable fixtures; preserve intact
benchmarks/reconstructed_fault/refactoring_r7b/evidence/baseline.json	deliberate test reference	keep	10377	2e141625d0f6fc52193365db18bc3bcbd95b8acbd6d5e0f1f30cf7872afb4777	incoming local/R7 content protected; accepted R7 evidence and exact runnable fixtures; preserve intact
benchmarks/reconstructed_fault/refactoring_r7b/evidence/build-core.log	deliberate test reference	keep	33221	de87cdd904c3f04b0e256dad75b4b3c62fe2a4f71cf7f5443aa9d3b8238069a0	incoming local/R7 content protected; accepted R7 evidence and exact runnable fixtures; preserve intact
benchmarks/reconstructed_fault/refactoring_r7b/evidence/build-debug.log	deliberate test reference	keep	580	8549a49ebc5dfd5db3d1b042f877b6fea33884557e0f2cf11fc46bba02e6c811	incoming local/R7 content protected; accepted R7 evidence and exact runnable fixtures; preserve intact
benchmarks/reconstructed_fault/refactoring_r7b/evidence/build-empty-owner-final.log	deliberate test reference	keep	1502	86da24e22c7cc43a6f46cdc234e75c1892c68409fdcf989afe6d5dbcee351122	incoming local/R7 content protected; accepted R7 evidence and exact runnable fixtures; preserve intact
benchmarks/reconstructed_fault/refactoring_r7b/evidence/build-empty-owner.log	deliberate test reference	keep	55	fedc3153d867aa1259b9fa51469e0db8f51cd6aef92f5e8892aafb5827f38de0	incoming local/R7 content protected; accepted R7 evidence and exact runnable fixtures; preserve intact
benchmarks/reconstructed_fault/refactoring_r7b/evidence/build-maintained.log	deliberate test reference	keep	39	94156bf826ec23a49526b10f18b0e1bd4b52431520195fba2183fa661a20a9be	incoming local/R7 content protected; accepted R7 evidence and exact runnable fixtures; preserve intact
benchmarks/reconstructed_fault/refactoring_r7b/evidence/build-plugin-final.log	deliberate test reference	keep	9671	878434b38430dc45a46077b369be6d6557dc702fea1eb601d1f148086165159e	incoming local/R7 content protected; accepted R7 evidence and exact runnable fixtures; preserve intact
benchmarks/reconstructed_fault/refactoring_r7b/evidence/build-plugin-qualified.log	deliberate test reference	keep	418	7e4cb2123cece6e03277d697493bcc63fc5059d0ebb131e889fd395d33fa487e	incoming local/R7 content protected; accepted R7 evidence and exact runnable fixtures; preserve intact
benchmarks/reconstructed_fault/refactoring_r7b/evidence/build-plugin.log	deliberate test reference	keep	20818	5d611884b4d6e369018186780988439415c0586e1ac75f98a6b8d718ed786772	incoming local/R7 content protected; accepted R7 evidence and exact runnable fixtures; preserve intact
benchmarks/reconstructed_fault/refactoring_r7b/evidence/candidate-amg.json	deliberate test reference	keep	689	0f387600f6a0b6e0b96a999e192d70178a735120b1dfa2216b0d2cfaf3f88e50	incoming local/R7 content protected; accepted R7 evidence and exact runnable fixtures; preserve intact
benchmarks/reconstructed_fault/refactoring_r7b/evidence/candidate-amg.log	deliberate test reference	keep	5235	658a895df2d460ad30816dac834476b27728be00b61ee842334822df0c39ad65	incoming local/R7 content protected; accepted R7 evidence and exact runnable fixtures; preserve intact
benchmarks/reconstructed_fault/refactoring_r7b/evidence/candidate-bfbt.json	deliberate test reference	keep	690	70938f2f20d3e727de969e5f696b7afbd70fbe62b62620c7d2b7d630a7e533ea	incoming local/R7 content protected; accepted R7 evidence and exact runnable fixtures; preserve intact
benchmarks/reconstructed_fault/refactoring_r7b/evidence/candidate-bfbt.log	deliberate test reference	keep	3443	1d1759012c2fcdc18993c42ad200b3f43a1d7ccd729db9e2bf9c4706a6b40fbe	incoming local/R7 content protected; accepted R7 evidence and exact runnable fixtures; preserve intact
benchmarks/reconstructed_fault/refactoring_r7b/evidence/candidate-cache.json	deliberate test reference	keep	690	a12c035812dd2104846159fc1232dbb08d536947e61e2e9d81d6049db95ee820	incoming local/R7 content protected; accepted R7 evidence and exact runnable fixtures; preserve intact
benchmarks/reconstructed_fault/refactoring_r7b/evidence/candidate-cache.log	deliberate test reference	keep	7010	66f4468f272e76380f5b79b8b0022058defffde5e5be32d5ba552d0fd25940a6	incoming local/R7 content protected; accepted R7 evidence and exact runnable fixtures; preserve intact
benchmarks/reconstructed_fault/refactoring_r7b/evidence/candidate-cohesive-cross-resume.json	deliberate test reference	keep	707	deeb164fc5915269d6fbc3f9a5523877ee7e2a393e9b7309625aa905930a440a	incoming local/R7 content protected; accepted R7 evidence and exact runnable fixtures; preserve intact
benchmarks/reconstructed_fault/refactoring_r7b/evidence/candidate-cohesive-cross-resume.log	deliberate test reference	keep	5892	751572a33665a63f1bafc16432804f4a8c16f9bebdef5dded4ad59274cd86e76	incoming local/R7 content protected; accepted R7 evidence and exact runnable fixtures; preserve intact
benchmarks/reconstructed_fault/refactoring_r7b/evidence/candidate-cohesive-resume.json	deliberate test reference	keep	700	e8d0c8e8dfc44cfbac3b62af5418b0364d0260fb993cbaadc5afa6cec6c0b590	incoming local/R7 content protected; accepted R7 evidence and exact runnable fixtures; preserve intact
benchmarks/reconstructed_fault/refactoring_r7b/evidence/candidate-cohesive-resume.log	deliberate test reference	keep	5886	31061d32f30e0b3f4e153076adfbaf412549f185bbfcb379b4746c3e1144cf42	incoming local/R7 content protected; accepted R7 evidence and exact runnable fixtures; preserve intact
benchmarks/reconstructed_fault/refactoring_r7b/evidence/candidate-cohesive.json	deliberate test reference	keep	693	8cd5fdaf7d27ec2c25148e156c13bccd100ab2f46b2583b8aca7d7e977e62c09	incoming local/R7 content protected; accepted R7 evidence and exact runnable fixtures; preserve intact
benchmarks/reconstructed_fault/refactoring_r7b/evidence/candidate-cohesive.log	deliberate test reference	keep	13122	4422157044b93b87cb33a4da553210633166d852881e0d9f8c034e07348cdc92	incoming local/R7 content protected; accepted R7 evidence and exact runnable fixtures; preserve intact
benchmarks/reconstructed_fault/refactoring_r7b/evidence/candidate-empty-cache.json	deliberate test reference	keep	696	cfbbec85430285ccb4baaefbc003a5e5d7d2a210a6a4996764282b4b771760ef	incoming local/R7 content protected; accepted R7 evidence and exact runnable fixtures; preserve intact
benchmarks/reconstructed_fault/refactoring_r7b/evidence/candidate-empty-cache.log	deliberate test reference	keep	8414	f920654fbb9ab9187a5aef69c7e28e136e38ee34dd0bc272c518b00c84868389	incoming local/R7 content protected; accepted R7 evidence and exact runnable fixtures; preserve intact
benchmarks/reconstructed_fault/refactoring_r7b/evidence/candidate-empty-fixed-cache.json	deliberate test reference	keep	703	656ec10ad86fed5c5ff21c6763dd258bb03a0cb6d58f7886e39ee6f3805568c6	incoming local/R7 content protected; accepted R7 evidence and exact runnable fixtures; preserve intact
benchmarks/reconstructed_fault/refactoring_r7b/evidence/candidate-empty-fixed-cache.log	deliberate test reference	keep	6391	bfac7f123fdecdc95671dd4e13d5eeb325c080e897779611f425d4006d160721	incoming local/R7 content protected; accepted R7 evidence and exact runnable fixtures; preserve intact
benchmarks/reconstructed_fault/refactoring_r7b/evidence/candidate-empty-owner-qualified.json	deliberate test reference	keep	707	d87e02f540793d9f69a528440827b4ce73e03a5a0cbf319daec98bebe078b1f9	incoming local/R7 content protected; accepted R7 evidence and exact runnable fixtures; preserve intact
benchmarks/reconstructed_fault/refactoring_r7b/evidence/candidate-empty-owner-qualified.log	deliberate test reference	keep	6026	a33463d6eedafe8a5eb99c4847ef8567814f7a653b30c7ef0889264374ecc8b5	incoming local/R7 content protected; accepted R7 evidence and exact runnable fixtures; preserve intact
benchmarks/reconstructed_fault/refactoring_r7b/evidence/candidate-empty-owner.json	deliberate test reference	keep	697	6f54433bf2b527dbb50db8123f472d08c69ef83bbc759c8e183360c170cf0f9d	incoming local/R7 content protected; accepted R7 evidence and exact runnable fixtures; preserve intact
benchmarks/reconstructed_fault/refactoring_r7b/evidence/candidate-empty-owner.log	deliberate test reference	keep	5197	ad4d7e8cfb6003fe74ce7fbb1c77575faf3b6b7da0ca828570722734cbbbf69b	incoming local/R7 content protected; accepted R7 evidence and exact runnable fixtures; preserve intact
benchmarks/reconstructed_fault/refactoring_r7b/evidence/candidate-gmg.json	deliberate test reference	keep	688	054179b22c03557aade0210ebc68c75912e6617236dd293688a168e38e6584b9	incoming local/R7 content protected; accepted R7 evidence and exact runnable fixtures; preserve intact
benchmarks/reconstructed_fault/refactoring_r7b/evidence/candidate-gmg.log	deliberate test reference	keep	3548	31e5776457b3b959e9d06a19d7b52e58a65f783d9449a8183b388f485fe7af93	incoming local/R7 content protected; accepted R7 evidence and exact runnable fixtures; preserve intact
benchmarks/reconstructed_fault/refactoring_r7b/evidence/candidate-melt.json	deliberate test reference	keep	690	afb5adc72fb881ac30655db541365a428937d6580715ae56f385d6365250463b	incoming local/R7 content protected; accepted R7 evidence and exact runnable fixtures; preserve intact
benchmarks/reconstructed_fault/refactoring_r7b/evidence/candidate-melt.log	deliberate test reference	keep	6662	e97c892e29cf40c3c8f33f2f4c6c85c1174ff8621f1e6196fc7ea7928b267e89	incoming local/R7 content protected; accepted R7 evidence and exact runnable fixtures; preserve intact
benchmarks/reconstructed_fault/refactoring_r7b/evidence/candidate-particles-cross-resume.json	deliberate test reference	keep	707	975797664ee012c1db342c60d1e460d3a53104bcf5c953ae712723539c8463da	incoming local/R7 content protected; accepted R7 evidence and exact runnable fixtures; preserve intact
benchmarks/reconstructed_fault/refactoring_r7b/evidence/candidate-particles-cross-resume.log	deliberate test reference	keep	5029	2d608fd9634e76c4df045d08abe40dc6ddcaa3c670d9383d3c0c7fa09ceae7be	incoming local/R7 content protected; accepted R7 evidence and exact runnable fixtures; preserve intact
benchmarks/reconstructed_fault/refactoring_r7b/evidence/candidate-particles-resume.json	deliberate test reference	keep	702	faa78af1bbdf7ac114f77a81d49919526593e3447db37e445cbb54da3d2773df	incoming local/R7 content protected; accepted R7 evidence and exact runnable fixtures; preserve intact
benchmarks/reconstructed_fault/refactoring_r7b/evidence/candidate-particles-resume.log	deliberate test reference	keep	4999	b4a75d7113f302e2e2f15b5377a9ce3ad3ab899e29a7c0c3ee3916abacb5bfec	incoming local/R7 content protected; accepted R7 evidence and exact runnable fixtures; preserve intact
benchmarks/reconstructed_fault/refactoring_r7b/evidence/candidate-particles.json	deliberate test reference	keep	695	0e509dcd7932382b9a87e00a4603a2b198f9f861405183477b1545d912ffe993	incoming local/R7 content protected; accepted R7 evidence and exact runnable fixtures; preserve intact
benchmarks/reconstructed_fault/refactoring_r7b/evidence/candidate-particles.log	deliberate test reference	keep	8594	1986cfe4606bbbcbc0633dc874e7fe0a09fedd43e7fe4ac694bd43b2bd80186d	incoming local/R7 content protected; accepted R7 evidence and exact runnable fixtures; preserve intact
benchmarks/reconstructed_fault/refactoring_r7b/evidence/candidate-singular.json	deliberate test reference	keep	693	8c5f2164ca73663f0c4e405cdceab18dd245835dc80e2a46b37d864c7ef9acfe	incoming local/R7 content protected; accepted R7 evidence and exact runnable fixtures; preserve intact
benchmarks/reconstructed_fault/refactoring_r7b/evidence/candidate-singular.log	deliberate test reference	keep	9395	0899c328eba28b008b6b6b9ea30bd4139e222fe2b4b6c10459d655b1637817b9	incoming local/R7 content protected; accepted R7 evidence and exact runnable fixtures; preserve intact
benchmarks/reconstructed_fault/refactoring_r7b/evidence/cmake-branches.json	deliberate test reference	keep	905	aa742d115c1d0c5de4e45e67c37a46a9220a7ed170a298ee8f37d36b38414989	incoming local/R7 content protected; accepted R7 evidence and exact runnable fixtures; preserve intact
benchmarks/reconstructed_fault/refactoring_r7b/evidence/cmake-new-both-epetra.log	deliberate test reference	keep	35	9026bebe9e02464a58f4baaa469c3ca19bb2c3344e13c9faa2763fbc6a57c9b0	incoming local/R7 content protected; accepted R7 evidence and exact runnable fixtures; preserve intact
benchmarks/reconstructed_fault/refactoring_r7b/evidence/cmake-new-both-tpetra.log	deliberate test reference	keep	34	04c18f200d260a0776e563865bff22a5765b22ab70df4e91e69c22d36e5cd0a1	incoming local/R7 content protected; accepted R7 evidence and exact runnable fixtures; preserve intact
benchmarks/reconstructed_fault/refactoring_r7b/evidence/cmake-new-epetra.log	deliberate test reference	keep	35	9026bebe9e02464a58f4baaa469c3ca19bb2c3344e13c9faa2763fbc6a57c9b0	incoming local/R7 content protected; accepted R7 evidence and exact runnable fixtures; preserve intact
benchmarks/reconstructed_fault/refactoring_r7b/evidence/cmake-new-forced-tpetra.log	deliberate test reference	keep	105	5e0feba1abc25de9e56932583cd692992a370a25ff77a104a9fb03218b78b086	incoming local/R7 content protected; accepted R7 evidence and exact runnable fixtures; preserve intact
benchmarks/reconstructed_fault/refactoring_r7b/evidence/cmake-new-muelu-missing.log	deliberate test reference	keep	255	ef23e0f02e8840c65f26f1c48a3719daf4875bd078b0f16b32bcf9e05b77d319	incoming local/R7 content protected; accepted R7 evidence and exact runnable fixtures; preserve intact
benchmarks/reconstructed_fault/refactoring_r7b/evidence/cmake-new-neither.log	deliberate test reference	keep	765	ded2be64d7cc480a3ca533d1fc972348ee92c248bd255f96eef3f456d7f89a28	incoming local/R7 content protected; accepted R7 evidence and exact runnable fixtures; preserve intact
benchmarks/reconstructed_fault/refactoring_r7b/evidence/cmake-new-tpetra-missing.log	deliberate test reference	keep	478	400e18eea2937d020d4ec82ddba3a6c4ca0f9240979e9965ef7a963318570921	incoming local/R7 content protected; accepted R7 evidence and exact runnable fixtures; preserve intact
benchmarks/reconstructed_fault/refactoring_r7b/evidence/cmake-old-epetra.log	deliberate test reference	keep	35	9026bebe9e02464a58f4baaa469c3ca19bb2c3344e13c9faa2763fbc6a57c9b0	incoming local/R7 content protected; accepted R7 evidence and exact runnable fixtures; preserve intact
benchmarks/reconstructed_fault/refactoring_r7b/evidence/cmake-old-tpetra-rejected.log	deliberate test reference	keep	235	2f075545b6682a80ce3031fa0f5abd06496b6d8a0fe4bc5d685f5bbef4230f59	incoming local/R7 content protected; accepted R7 evidence and exact runnable fixtures; preserve intact
benchmarks/reconstructed_fault/refactoring_r7b/evidence/comparison-development.json	deliberate test reference	keep	7269	fc77dc7d342cd281082dbe87b48c32276296592f628c411f7dbc8c291c688bdf	incoming local/R7 content protected; accepted R7 evidence and exact runnable fixtures; preserve intact
benchmarks/reconstructed_fault/refactoring_r7b/evidence/comparisons.json	deliberate test reference	keep	9288	2e44a3d46b88aa1f20ad7a55d86667d9be43d1eab59cd1739c7a095b4d0e5b2d	incoming local/R7 content protected; accepted R7 evidence and exact runnable fixtures; preserve intact
benchmarks/reconstructed_fault/refactoring_r7b/evidence/configure-debug.log	deliberate test reference	keep	1404	a440f18c000acf99c4ef0a948d8c0b4da885f6064a6e0f384875cf30093d8c58	incoming local/R7 content protected; accepted R7 evidence and exact runnable fixtures; preserve intact
benchmarks/reconstructed_fault/refactoring_r7b/evidence/configure-default.log	deliberate test reference	keep	3834	2ea2bc112f3da79046bfead2bf745f061894b2b6b4518852ba9a7b356d8df821	incoming local/R7 content protected; accepted R7 evidence and exact runnable fixtures; preserve intact
benchmarks/reconstructed_fault/refactoring_r7b/evidence/configure-empty-owner.log	deliberate test reference	keep	1680	a572325135f3523cfc11056097b8c90bd890f8c3e7a3095b5d3754ecac6f487a	incoming local/R7 content protected; accepted R7 evidence and exact runnable fixtures; preserve intact
benchmarks/reconstructed_fault/refactoring_r7b/evidence/configure-plugin-final.log	deliberate test reference	keep	1501	b230a86c8968804dcf54b7770b5d1b6488935dd72c1c62dae3c6cadb5610c74f	incoming local/R7 content protected; accepted R7 evidence and exact runnable fixtures; preserve intact
benchmarks/reconstructed_fault/refactoring_r7b/evidence/configure-plugin.log	deliberate test reference	keep	2239	fe135cfbeca9727936ab28c35fcde8794336196014e2010f85da941021a20b2e	incoming local/R7 content protected; accepted R7 evidence and exact runnable fixtures; preserve intact
benchmarks/reconstructed_fault/refactoring_r7b/evidence/configure-reject-tpetra.log	deliberate test reference	keep	996	b9b2d828e3da19304d12dd114cd42caadabea9e48f0601cc408522fe7669fd58	incoming local/R7 content protected; accepted R7 evidence and exact runnable fixtures; preserve intact
benchmarks/reconstructed_fault/refactoring_r7b/evidence/debug-unit.json	deliberate test reference	keep	445	e4ddccc9b8767d4afa8becc718ca1e111f2694ffa5afb8e4c64d4ceb02854d94	incoming local/R7 content protected; accepted R7 evidence and exact runnable fixtures; preserve intact
benchmarks/reconstructed_fault/refactoring_r7b/evidence/debug-unit.log	deliberate test reference	keep	130	b408b7b7df84d974ca0ff00304a102510b635092da666d57da4eca331f27a6ba	incoming local/R7 content protected; accepted R7 evidence and exact runnable fixtures; preserve intact
benchmarks/reconstructed_fault/refactoring_r7b/evidence/maintained-plugin-validate.json	deliberate test reference	keep	630	70143d4a4275cc6c14fb2349efee8928a64f02285d1b2a112eb2c793005e9e62	incoming local/R7 content protected; accepted R7 evidence and exact runnable fixtures; preserve intact
benchmarks/reconstructed_fault/refactoring_r7b/evidence/maintained-plugin-validate.log	deliberate test reference	keep	1027	e30e038893cadae3093c2eb7d79422eb2e07fd08b0669f3afa7d737c6bcd1137	incoming local/R7 content protected; accepted R7 evidence and exact runnable fixtures; preserve intact
benchmarks/reconstructed_fault/refactoring_r7b/evidence/qualified-manifest.json	deliberate test reference	keep	14515	c968cb9a7bf1e7a34ea70a1ee5c82142cca3ae8dc6bfe7053d67ff331a1a8bb1	incoming local/R7 content protected; accepted R7 evidence and exact runnable fixtures; preserve intact
benchmarks/reconstructed_fault/refactoring_r7b/evidence/reference-amg.json	deliberate test reference	keep	716	2b67b6fb5f4413b37b8494a355ac30ff15d40c233b74b8ecb42192a89bfcf34e	incoming local/R7 content protected; accepted R7 evidence and exact runnable fixtures; preserve intact
benchmarks/reconstructed_fault/refactoring_r7b/evidence/reference-amg.log	deliberate test reference	keep	5235	de49248dbc22d7cd69f17e832df6d0e0e6db7096ebbc116613bf72a2e3fdb82e	incoming local/R7 content protected; accepted R7 evidence and exact runnable fixtures; preserve intact
benchmarks/reconstructed_fault/refactoring_r7b/evidence/reference-bfbt.json	deliberate test reference	keep	718	f50621f17852a67260cc33d9eaa6702cd5b20bb64096cc2f554c2ce658d60c06	incoming local/R7 content protected; accepted R7 evidence and exact runnable fixtures; preserve intact
benchmarks/reconstructed_fault/refactoring_r7b/evidence/reference-bfbt.log	deliberate test reference	keep	3443	745df8a1959f99675d081ae137190e085770fa6558c778d6431c1f936e226d8b	incoming local/R7 content protected; accepted R7 evidence and exact runnable fixtures; preserve intact
benchmarks/reconstructed_fault/refactoring_r7b/evidence/reference-cache.json	deliberate test reference	keep	718	53d391a3b82ae1b5ab42ce1677720f1608cc60078bfc03857aab5eed53be64e3	incoming local/R7 content protected; accepted R7 evidence and exact runnable fixtures; preserve intact
benchmarks/reconstructed_fault/refactoring_r7b/evidence/reference-cache.log	deliberate test reference	keep	7010	b999874a9d17aaf43c283250750530698bdf60c491cf3a72c6eda4713d07cabd	incoming local/R7 content protected; accepted R7 evidence and exact runnable fixtures; preserve intact
benchmarks/reconstructed_fault/refactoring_r7b/evidence/reference-cohesive-resume.json	deliberate test reference	keep	729	527f19cd06f169c165fcb36f18c849b59e63793215ea94a63db107dba820f0d0	incoming local/R7 content protected; accepted R7 evidence and exact runnable fixtures; preserve intact
benchmarks/reconstructed_fault/refactoring_r7b/evidence/reference-cohesive-resume.log	deliberate test reference	keep	5886	7606d8d3f204751b87d100d2b5cdabc18d14f36daefe9f19a39e87277aca2a3e	incoming local/R7 content protected; accepted R7 evidence and exact runnable fixtures; preserve intact
benchmarks/reconstructed_fault/refactoring_r7b/evidence/reference-cohesive.json	deliberate test reference	keep	721	82637afeb2a37c6d2904c62bcb1f306c7a0eac3ef7031b78727f0e5c322608d7	incoming local/R7 content protected; accepted R7 evidence and exact runnable fixtures; preserve intact
benchmarks/reconstructed_fault/refactoring_r7b/evidence/reference-cohesive.log	deliberate test reference	keep	13122	a42ba0554e84d1774a22bd3ae96af2edde3756074f43d33f6a1cefef14cc6985	incoming local/R7 content protected; accepted R7 evidence and exact runnable fixtures; preserve intact
benchmarks/reconstructed_fault/refactoring_r7b/evidence/reference-empty-cache.json	deliberate test reference	keep	725	00d2f4648f60acd39dc35666028773b9fae4694121976d815c9320541b581025	incoming local/R7 content protected; accepted R7 evidence and exact runnable fixtures; preserve intact
benchmarks/reconstructed_fault/refactoring_r7b/evidence/reference-empty-cache.log	deliberate test reference	keep	8805	4e5fa5a0dc98697d576eff313052bd6ce51d401c9f19a9df0f5b3b356b7cdf27	incoming local/R7 content protected; accepted R7 evidence and exact runnable fixtures; preserve intact
benchmarks/reconstructed_fault/refactoring_r7b/evidence/reference-empty-fixed-cache.json	deliberate test reference	keep	731	21c9b6ef6b260fc4bb58096b15f2910434f93c0f6ff98d9835fae9147150c532	incoming local/R7 content protected; accepted R7 evidence and exact runnable fixtures; preserve intact
benchmarks/reconstructed_fault/refactoring_r7b/evidence/reference-empty-fixed-cache.log	deliberate test reference	keep	6531	4acc79715033958edcfe4637c3405e65c2fd7ad654b749be850ccbbaa2b2eb3b	incoming local/R7 content protected; accepted R7 evidence and exact runnable fixtures; preserve intact
benchmarks/reconstructed_fault/refactoring_r7b/evidence/reference-empty-owner-qualified.json	deliberate test reference	keep	734	cc19b8733960e65b237cfc5f42daa9c2546edca85e92e04800eecc7e39a1e5d6	incoming local/R7 content protected; accepted R7 evidence and exact runnable fixtures; preserve intact
benchmarks/reconstructed_fault/refactoring_r7b/evidence/reference-empty-owner-qualified.log	deliberate test reference	keep	6026	47a6138683c0602d294a9926013e145ebd4aa6042d1140e4e706d73f130b4d96	incoming local/R7 content protected; accepted R7 evidence and exact runnable fixtures; preserve intact
benchmarks/reconstructed_fault/refactoring_r7b/evidence/reference-empty-owner.json	deliberate test reference	keep	724	26ed14686b02f42cbb93006018b503ba790e518ab89f27d14a9f306793621314	incoming local/R7 content protected; accepted R7 evidence and exact runnable fixtures; preserve intact
benchmarks/reconstructed_fault/refactoring_r7b/evidence/reference-empty-owner.log	deliberate test reference	keep	5421	6469999cb9b656a0fd37e3178638797525be2ce2e910326b6a55087caf72366d	incoming local/R7 content protected; accepted R7 evidence and exact runnable fixtures; preserve intact
benchmarks/reconstructed_fault/refactoring_r7b/evidence/reference-gmg.json	deliberate test reference	keep	717	11aaab8f1c4836ef7c4f556ff878facc4fcae5dafa977fbe83b3cb07d9b98476	incoming local/R7 content protected; accepted R7 evidence and exact runnable fixtures; preserve intact
benchmarks/reconstructed_fault/refactoring_r7b/evidence/reference-gmg.log	deliberate test reference	keep	3548	31e427b3ddba712afc2af45a01aa3f838b05018c34dc336f55ce09b4f0b0e86b	incoming local/R7 content protected; accepted R7 evidence and exact runnable fixtures; preserve intact
benchmarks/reconstructed_fault/refactoring_r7b/evidence/reference-melt.json	deliberate test reference	keep	717	df18a66fa4ec3aa080d40042a7d7a072730acdc8997a56f8a7b3c7b2accb8562	incoming local/R7 content protected; accepted R7 evidence and exact runnable fixtures; preserve intact
benchmarks/reconstructed_fault/refactoring_r7b/evidence/reference-melt.log	deliberate test reference	keep	6662	90a8730b6e6658bf6b73b4f08556b907e70a4a7d5619c9752be9c82aafd9fb4f	incoming local/R7 content protected; accepted R7 evidence and exact runnable fixtures; preserve intact
benchmarks/reconstructed_fault/refactoring_r7b/evidence/reference-particles-resume.json	deliberate test reference	keep	730	4efa6d8d6549580aca7ad858b74e9df2cf2c15dbdb37836d854c53bad3c88274	incoming local/R7 content protected; accepted R7 evidence and exact runnable fixtures; preserve intact
benchmarks/reconstructed_fault/refactoring_r7b/evidence/reference-particles-resume.log	deliberate test reference	keep	4999	f06158f0c6a312dc0ae80ad016f18b805d45237db5ed9d78867348efa51b6fe8	incoming local/R7 content protected; accepted R7 evidence and exact runnable fixtures; preserve intact
benchmarks/reconstructed_fault/refactoring_r7b/evidence/reference-particles.json	deliberate test reference	keep	721	cb931b70c37e35d210c1baba1ab75d0008f0cd4cfbe2ffbaebe7b1b7090f3ac4	incoming local/R7 content protected; accepted R7 evidence and exact runnable fixtures; preserve intact
benchmarks/reconstructed_fault/refactoring_r7b/evidence/reference-particles.log	deliberate test reference	keep	8594	48069ee0b7679b81d9adeec63bccf650b7b5c9997b6ddade54f5b1a69678ed7e	incoming local/R7 content protected; accepted R7 evidence and exact runnable fixtures; preserve intact
benchmarks/reconstructed_fault/refactoring_r7b/evidence/reference-singular.json	deliberate test reference	keep	721	f6b88136d1e1cde03a04d27fbf932f9d90fe10077d1d13d3b7866c587d523474	incoming local/R7 content protected; accepted R7 evidence and exact runnable fixtures; preserve intact
benchmarks/reconstructed_fault/refactoring_r7b/evidence/reference-singular.log	deliberate test reference	keep	9759	3c7463feda41eff68e37b60552bbab30d63ff883cf8620895c29be7738256058	incoming local/R7 content protected; accepted R7 evidence and exact runnable fixtures; preserve intact
benchmarks/reconstructed_fault/refactoring_r7b/evidence/unit-mpi.json	deliberate test reference	keep	553	b6b98d0ee66e1133f8b235590e3c5cdbc1864d8d0e65335ad074afd923f8cb5e	incoming local/R7 content protected; accepted R7 evidence and exact runnable fixtures; preserve intact
benchmarks/reconstructed_fault/refactoring_r7b/evidence/unit-mpi.log	deliberate test reference	keep	787	01eb66f43c5add98c99430a7320d257b0a2a72507054f008f9015e6666824531	incoming local/R7 content protected; accepted R7 evidence and exact runnable fixtures; preserve intact
benchmarks/reconstructed_fault/refactoring_r7b/inputs/candidate-amg.prm	deliberate test reference	keep	342	6e8225e36876d3028179e78cd3657944d9ba5b2e19192629b652e428b45f3913	incoming local/R7 content protected; accepted R7 evidence and exact runnable fixtures; preserve intact
benchmarks/reconstructed_fault/refactoring_r7b/inputs/candidate-bfbt.prm	deliberate test reference	keep	462	8b9f6a98c2a2634e6e622a7f82cde286ad86522df39532a7557cf3441485e2dc	incoming local/R7 content protected; accepted R7 evidence and exact runnable fixtures; preserve intact
benchmarks/reconstructed_fault/refactoring_r7b/inputs/candidate-cache.prm	deliberate test reference	keep	388	10d555112e36da9086dc95e5c7b71a185fcf918690071ad9eced2a7f20b6d8c8	incoming local/R7 content protected; accepted R7 evidence and exact runnable fixtures; preserve intact
benchmarks/reconstructed_fault/refactoring_r7b/inputs/candidate-cohesive-cross-resume.prm	deliberate test reference	keep	588	d5627d5b316809f81f4990faca9739895f3bbb95b644313c6ba3584aab4f026c	incoming local/R7 content protected; accepted R7 evidence and exact runnable fixtures; preserve intact
benchmarks/reconstructed_fault/refactoring_r7b/inputs/candidate-cohesive-resume.prm	deliberate test reference	keep	582	c2bfd30b618411d0078e7752953f911d5a731f514e4fdcd3e83271e02932acdf	incoming local/R7 content protected; accepted R7 evidence and exact runnable fixtures; preserve intact
benchmarks/reconstructed_fault/refactoring_r7b/inputs/candidate-cohesive.prm	deliberate test reference	keep	544	aafb04af00303a0762bd73bcce5781d5d8ef2c7708ae8818e0967a9ebb23a32f	incoming local/R7 content protected; accepted R7 evidence and exact runnable fixtures; preserve intact
benchmarks/reconstructed_fault/refactoring_r7b/inputs/candidate-empty-cache.prm	deliberate test reference	keep	460	47eb9aaf3ac02bb89aca86a87473f5816884eb49296208c80e901f7d3da18d0e	incoming local/R7 content protected; accepted R7 evidence and exact runnable fixtures; preserve intact
benchmarks/reconstructed_fault/refactoring_r7b/inputs/candidate-empty-fixed-cache.prm	deliberate test reference	keep	588	d67faf185abdf6da058ba8d995d6c43a2d4cc12929f4f0563b07ec4a6bef7978	incoming local/R7 content protected; accepted R7 evidence and exact runnable fixtures; preserve intact
benchmarks/reconstructed_fault/refactoring_r7b/inputs/candidate-empty-owner-qualified.prm	deliberate test reference	keep	700	ba4570531259ebbb2bf8dff046e8768a164dbe7ba755904903f805b5e2b7dcdc	incoming local/R7 content protected; accepted R7 evidence and exact runnable fixtures; preserve intact
benchmarks/reconstructed_fault/refactoring_r7b/inputs/candidate-empty-owner.prm	deliberate test reference	keep	679	d0306d1812805375263994487dac4f6e611e569fa714ead1c10d703194afb9c8	incoming local/R7 content protected; accepted R7 evidence and exact runnable fixtures; preserve intact
benchmarks/reconstructed_fault/refactoring_r7b/inputs/candidate-gmg.prm	deliberate test reference	keep	343	3b946b6424f2dcb40fdff1774b2d6e5baf12a21309a6f4e61acf58355fb16a18	incoming local/R7 content protected; accepted R7 evidence and exact runnable fixtures; preserve intact
benchmarks/reconstructed_fault/refactoring_r7b/inputs/candidate-melt.prm	deliberate test reference	keep	512	da58bc32c08b5b30098b073f0cd3037ae8a4626ce20d9f20c4ae47ac6727b134	incoming local/R7 content protected; accepted R7 evidence and exact runnable fixtures; preserve intact
benchmarks/reconstructed_fault/refactoring_r7b/inputs/candidate-particles-cross-resume.prm	deliberate test reference	keep	812	628fddd24305f431f1151bfe330e4649c86a618876dedab91de128575f5c98d7	incoming local/R7 content protected; accepted R7 evidence and exact runnable fixtures; preserve intact
benchmarks/reconstructed_fault/refactoring_r7b/inputs/candidate-particles-resume.prm	deliberate test reference	keep	806	7fbb3edf05f5a3954e9838b506230cf10ebcbc7553ed3d5365c03a1b5fd4889f	incoming local/R7 content protected; accepted R7 evidence and exact runnable fixtures; preserve intact
benchmarks/reconstructed_fault/refactoring_r7b/inputs/candidate-particles.prm	deliberate test reference	keep	768	5c5d1453906d089a89d84fb7b6d0ccd88664979f50a2ed866b174ce3f5df4700	incoming local/R7 content protected; accepted R7 evidence and exact runnable fixtures; preserve intact
benchmarks/reconstructed_fault/refactoring_r7b/inputs/candidate-singular.prm	deliberate test reference	keep	373	a53e344303b473bdb60078f3ddef2c3cbf49a56dba58275d4e9b9a4f96609c94	incoming local/R7 content protected; accepted R7 evidence and exact runnable fixtures; preserve intact
benchmarks/reconstructed_fault/refactoring_r7b/inputs/reference-amg.prm	deliberate test reference	keep	342	c98fbee0832bb8abeec4a92ba25334c9965129ba9e045a12087f093bfdb8d5c7	incoming local/R7 content protected; accepted R7 evidence and exact runnable fixtures; preserve intact
benchmarks/reconstructed_fault/refactoring_r7b/inputs/reference-bfbt.prm	deliberate test reference	keep	462	15440f7f926d12b92a8a4ad597abf0c31f2e36aec48b0fbd9f57ed0cd8d599be	incoming local/R7 content protected; accepted R7 evidence and exact runnable fixtures; preserve intact
benchmarks/reconstructed_fault/refactoring_r7b/inputs/reference-cache.prm	deliberate test reference	keep	388	57f40dd762007328c349a0f4130328ef25cb3eea7ab347a68a59f96fb925231d	incoming local/R7 content protected; accepted R7 evidence and exact runnable fixtures; preserve intact
benchmarks/reconstructed_fault/refactoring_r7b/inputs/reference-cohesive-resume.prm	deliberate test reference	keep	582	3269aef2027017a3f9aad7507ca1f8a39a0df767dfb6e0e66594e50a321c0c55	incoming local/R7 content protected; accepted R7 evidence and exact runnable fixtures; preserve intact
benchmarks/reconstructed_fault/refactoring_r7b/inputs/reference-cohesive.prm	deliberate test reference	keep	544	4070b22b00e02391a2794b26770e0c3653cf3dd338481a90f9fecb95f6153395	incoming local/R7 content protected; accepted R7 evidence and exact runnable fixtures; preserve intact
benchmarks/reconstructed_fault/refactoring_r7b/inputs/reference-empty-cache.prm	deliberate test reference	keep	460	87efed8618c8d65fd110441e36480d01b1dcc1490a3a32adc6a2ae6a31af5a07	incoming local/R7 content protected; accepted R7 evidence and exact runnable fixtures; preserve intact
benchmarks/reconstructed_fault/refactoring_r7b/inputs/reference-empty-fixed-cache.prm	deliberate test reference	keep	588	c554c13d0a2bd2705166ad1ad5ecca8cd04de6f0d4257347d4a30af555699151	incoming local/R7 content protected; accepted R7 evidence and exact runnable fixtures; preserve intact
benchmarks/reconstructed_fault/refactoring_r7b/inputs/reference-empty-owner-qualified.prm	deliberate test reference	keep	700	9c1cbe005f34f1b9851e961538999555c04f9609dbabc4f626a14e9c3da912a5	incoming local/R7 content protected; accepted R7 evidence and exact runnable fixtures; preserve intact
benchmarks/reconstructed_fault/refactoring_r7b/inputs/reference-empty-owner.prm	deliberate test reference	keep	679	d4843433382a55f49426a5341c0365675360ad1ae864a0e8008b3c1992766fbb	incoming local/R7 content protected; accepted R7 evidence and exact runnable fixtures; preserve intact
benchmarks/reconstructed_fault/refactoring_r7b/inputs/reference-gmg.prm	deliberate test reference	keep	343	9a682c68d1ec47cd8f0e2e978168532c9c637671948022bdacd67a3d131462d8	incoming local/R7 content protected; accepted R7 evidence and exact runnable fixtures; preserve intact
benchmarks/reconstructed_fault/refactoring_r7b/inputs/reference-melt.prm	deliberate test reference	keep	512	e28ed9c7ac0d85e616a31a3ce9ee7445b1b4d6caaceed980a5a88121e3a55801	incoming local/R7 content protected; accepted R7 evidence and exact runnable fixtures; preserve intact
benchmarks/reconstructed_fault/refactoring_r7b/inputs/reference-particles-resume.prm	deliberate test reference	keep	806	d94da416855f74aa6a341f95363475be97c17233f0ffe1db88a48aac51bdf240	incoming local/R7 content protected; accepted R7 evidence and exact runnable fixtures; preserve intact
benchmarks/reconstructed_fault/refactoring_r7b/inputs/reference-particles.prm	deliberate test reference	keep	768	60c32360634ad7d2e750d5047792ddebeda479b3cd78f5d1109166bd347ce59a	incoming local/R7 content protected; accepted R7 evidence and exact runnable fixtures; preserve intact
benchmarks/reconstructed_fault/refactoring_r7b/inputs/reference-singular.prm	deliberate test reference	keep	373	4e48f30fa17c0fb48d4c1ed5424ce8387b28ba483ccd3698d0cc3e3a13904cdc	incoming local/R7 content protected; accepted R7 evidence and exact runnable fixtures; preserve intact
benchmarks/reconstructed_fault/refactoring_r7b/plugin/CMakeLists.txt	deliberate test reference	keep	1394	7f8adae52b655c95d0b0257ec8160452538641ca576d7de9cc422ed2544ec4d7	incoming local/R7 content protected; accepted R7 evidence and exact runnable fixtures; preserve intact
benchmarks/reconstructed_fault/refactoring_r7b/plugin/cache_lifecycle.cc	deliberate test reference	keep	7183	83a6e77cd23a8179f636424fd39f34023f51ad17e87cebfc8f0b4af5769ed3fb	incoming local/R7 content protected; accepted R7 evidence and exact runnable fixtures; preserve intact
benchmarks/reconstructed_fault/refactoring_r7b/plugin/ordinary_audit.cc	deliberate test reference	keep	1932	070f366596964ffa77b6112d3323dcc23c853e2650e0b0c0f3225a8c36dfabf5	incoming local/R7 content protected; accepted R7 evidence and exact runnable fixtures; preserve intact
benchmarks/reconstructed_fault/refactoring_r7b/record_manifest.py	deliberate test reference	keep	2334	cb4cecda25f3978d8ad184fbbf749ab46c4fe786c7c28b06fdcc8675aff4c159	incoming local/R7 content protected; accepted R7 evidence and exact runnable fixtures; preserve intact
benchmarks/reconstructed_fault/refactoring_r7b/run_checks.py	deliberate test reference	keep	1770	212a423818b1103cb31d5b09e2e1b89e1285348d3dc758d15d5e4ceabbb356a8	incoming local/R7 content protected; accepted R7 evidence and exact runnable fixtures; preserve intact
benchmarks/reconstructed_fault/refactoring_r7b/run_logged.py	deliberate test reference	keep	2359	4064161766c92a3efb98fd1a383cdee1479f6238a001aae716e3338dbc0d0aed	incoming local/R7 content protected; accepted R7 evidence and exact runnable fixtures; preserve intact
benchmarks/reconstructed_fault/restart_fix/.gitignore	required dependency	keep	44	1058d5e33b5a8a910599df995d5b8f80e0d929dd9b094c8c1caa9194978d4307	historical orchestration dependency chain; preserve at original path for recorded reproductions
benchmarks/reconstructed_fault/restart_fix/README.md	required dependency	keep	4284	b115a74d7f9f6c57804e3c6d5c2488cc72f8c3596de36ddf04bb7b1ee3cfd0b5	historical orchestration dependency chain; preserve at original path for recorded reproductions
benchmarks/reconstructed_fault/restart_fix/build.py	required dependency	keep	2039	7ddc708baffcacd0ac8cc04f9f910b949d8c3367ea646bea0cc584ef14461614	historical orchestration dependency chain; preserve at original path for recorded reproductions
benchmarks/reconstructed_fault/restart_fix/compare_bp3.py	required dependency	keep	6852	0e00fbedfa6593ed6768ec40eb95dc01e238a0934eeae6b5184ddcbb9e4cb98c	historical orchestration dependency chain; preserve at original path for recorded reproductions
benchmarks/reconstructed_fault/restart_fix/compare_cohesive.py	required dependency	keep	3430	d3c9928ba4da36ac641dc393d2b9ba6d772d1e34860fbf7c142e4a1d07a2e507	historical orchestration dependency chain; preserve at original path for recorded reproductions
benchmarks/reconstructed_fault/restart_fix/run_checks.sh	required dependency	keep	1432	6d682c95523b9dbe1b83219ef8406f064ee64779a7ae2d61b5b3f448766cd858	historical orchestration dependency chain; preserve at original path for recorded reproductions
benchmarks/reconstructed_fault/restart_fix/run_logged.py	required dependency	keep	1383	2b0734ec262cb1d4420c27c28f79ea87267f2f7eae77ae74705f83d928e63719	historical orchestration dependency chain; preserve at original path for recorded reproductions
benchmarks/reconstructed_fault/restart_fix/stage_inputs.py	required dependency	keep	1046	49b0d928acb5ba1eb57276463152188d7b6be081e177c1e77a49915b12141f12	historical orchestration dependency chain; preserve at original path for recorded reproductions
benchmarks/reconstructed_fault/restart_fix/verify.py	required dependency	keep	3134	7008a06935e104881775547c7367fa5e5f71002f43d8390105956ec5dc5ae5b7	historical orchestration dependency chain; preserve at original path for recorded reproductions
benchmarks/reconstructed_fault/restart_investigation/.gitignore	required dependency	keep	59	7de2ed430020739cc30b8d6a944a51f24b93568ebf3241193333a3602f4d542b	historical orchestration dependency chain; preserve at original path for recorded reproductions
benchmarks/reconstructed_fault/restart_investigation/README.md	required dependency	keep	3777	e4c4f4d079907f10c1b2940a7b2ab7ea290679b6dedbf898e1f22a1dc4998f57	historical orchestration dependency chain; preserve at original path for recorded reproductions
benchmarks/reconstructed_fault/restart_investigation/build_symbols.py	required dependency	keep	1728	0de0da9e54a10829b377c8c93091cf44c061c027b672efa5caf5d5e8200ce6be	historical orchestration dependency chain; preserve at original path for recorded reproductions
benchmarks/reconstructed_fault/restart_investigation/inspect_manager.gdb	required dependency	keep	2244	a7f07e6e84c42d13334ed60610507d439f9073e21e97f32f67ab152cc1aa480d	historical orchestration dependency chain; preserve at original path for recorded reproductions
benchmarks/reconstructed_fault/restart_investigation/plugin/CMakeLists.txt	required dependency	keep	268	11ed78d7b9bb7c7c15e068701fb9baf888dcf9db2b1503839909bc50ce98733f	historical orchestration dependency chain; preserve at original path for recorded reproductions
benchmarks/reconstructed_fault/restart_investigation/plugin/no_restore_observer.cc	required dependency	keep	4880	d8ff5a9adca0a8c68fb670b34a135c381bfafc4c80bba0aa78d5fa9948dd8837	historical orchestration dependency chain; preserve at original path for recorded reproductions
benchmarks/reconstructed_fault/restart_investigation/run_case.sh	required dependency	keep	457	b998c7a23c87b3ac05078eb23adf1af1b3d8e448b4a371cb8f963f916552b4f5	historical orchestration dependency chain; preserve at original path for recorded reproductions
benchmarks/reconstructed_fault/restart_investigation/run_gdb.sh	required dependency	keep	389	d5a555b38be9415c8889e240bc185cfd4b4a1885aba8b9fb437099f1604cc2a3	historical orchestration dependency chain; preserve at original path for recorded reproductions
benchmarks/reconstructed_fault/restart_investigation/run_logged.py	required dependency	keep	1395	fbdefe558a81fba38e159b83efbffa72041429c208899d318760ca9548c48297	historical orchestration dependency chain; preserve at original path for recorded reproductions
benchmarks/reconstructed_fault/restart_investigation/verify_evidence.py	required dependency	keep	2873	2750b0d55115ae4953a97876492224ac2a81cc903e3473ca592269a89a55fb11	historical orchestration dependency chain; preserve at original path for recorded reproductions
benchmarks/reconstructed_fault/server_gmg/CMakeLists.txt	uncertain or active research	keep	571	e939dc05c92bcd3a9b591571fd1f467a1a544e0b38bc9b05b6397153fc862b76	normal-stress/performance research and manual server workflows; no activity/obsolescence assumption
benchmarks/reconstructed_fault/server_gmg/README.md	uncertain or active research	keep	18922	e5d233362855c8d836851aae8412c1fa915a237cd27b1aed2d07fad25c82d793	normal-stress/performance research and manual server workflows; no activity/obsolescence assumption
benchmarks/reconstructed_fault/server_gmg/amg.prm	uncertain or active research	keep	193	04648a76fcb478cd510e9b07fe591bee9adb25a4c40fe4e57b950d54214a281d	normal-stress/performance research and manual server workflows; no activity/obsolescence assumption
benchmarks/reconstructed_fault/server_gmg/check_context_output.sh	uncertain or active research	keep	765	aafb1ed15efdb8e4c1d469275d28bd32ece73fc704e5545909a00cf0ff809e94	normal-stress/performance research and manual server workflows; no activity/obsolescence assumption
benchmarks/reconstructed_fault/server_gmg/check_diagnostics.cc	uncertain or active research	keep	1266	6efe9139b0a24e24f7f9e5179fb9f95a9c3055a77889b337fc30ccf685b588c8	normal-stress/performance research and manual server workflows; no activity/obsolescence assumption
benchmarks/reconstructed_fault/server_gmg/coarse.prm	uncertain or active research	keep	595	f41da1962483d10cf4b0c31950fcb96c5025c8672fb56aeb0cf41b6c7aa85ba9	normal-stress/performance research and manual server workflows; no activity/obsolescence assumption
benchmarks/reconstructed_fault/server_gmg/coarse_context.prm	uncertain or active research	keep	317	0b28d1bb766174ec6b5c1d19ca4dbdd25945054e533a87fa1669f601c6ab8582	normal-stress/performance research and manual server workflows; no activity/obsolescence assumption
benchmarks/reconstructed_fault/server_gmg/coarse_diagonal_probe.cc	uncertain or active research	keep	11959	131d6d7970addb1b6eed0e0df064acc13ffc9ec59cabfa207f35747adecaf754	normal-stress/performance research and manual server workflows; no activity/obsolescence assumption
benchmarks/reconstructed_fault/server_gmg/config_aspect.sh	uncertain or active research	keep	242	7a377ac69c7175ab5c0719584dc99e3c3bf33ad8998d0208a8ae15213ed85309	normal-stress/performance research and manual server workflows; no activity/obsolescence assumption
benchmarks/reconstructed_fault/server_gmg/fault_gmg_diagnostics.h	uncertain or active research	keep	2867	c004d7793f7807ccedb80403b2434ee105c14875269635a26b846d25ac32db89	normal-stress/performance research and manual server workflows; no activity/obsolescence assumption
benchmarks/reconstructed_fault/server_gmg/gmg.prm	uncertain or active research	keep	462	28619663f53605b18b85199407c34e413f44b72f31af883660e47fb1dbd35cbe	normal-stress/performance research and manual server workflows; no activity/obsolescence assumption
benchmarks/reconstructed_fault/server_gmg/gmg_q1.prm	uncertain or active research	keep	615	a50a3b244c7aa6534ea4603d612c647c089497832b6cf79ed2f8403766130ca2	normal-stress/performance research and manual server workflows; no activity/obsolescence assumption
benchmarks/reconstructed_fault/server_gmg/gmg_uninstrumented.prm	uncertain or active research	keep	157	c49ef2ac6d725a89eccf0f788daf4ce2a7d204fd5f8d09e6afe5e3acfd8e5d90	normal-stress/performance research and manual server workflows; no activity/obsolescence assumption
benchmarks/reconstructed_fault/server_gmg/mapping_cartesian_workaround.md	uncertain or active research	keep	11219	4620834a139456487de21b91ecd9a08d672dfef0ad988bcaee9cecfb4d1d662f	normal-stress/performance research and manual server workflows; no activity/obsolescence assumption
benchmarks/reconstructed_fault/server_gmg/run.sh	uncertain or active research	keep	3989	11c1c680e60d74429f20d00668795126945c0c735fcd107b9895cc65816c6a40	normal-stress/performance research and manual server workflows; no activity/obsolescence assumption
benchmarks/reconstructed_fault/server_gmg/server_context_analysis.md	uncertain or active research	keep	13229	984ddc9cebe8b4fbf5fa31096778f0897566f8e5aeb11cea44646efa5eaba75a	normal-stress/performance research and manual server workflows; no activity/obsolescence assumption
benchmarks/reconstructed_fault/server_gmg/server_debug_release_analysis.md	uncertain or active research	keep	11298	7892379e9dd6f2d313ca15597b9ff2c14bc9a680f9dab37a4c3220eae8ad605b	normal-stress/performance research and manual server workflows; no activity/obsolescence assumption
benchmarks/reconstructed_fault/server_gmg/verification-context-local/README.md	uncertain or active research	keep	1371	1e21d958fac030cd71af588ff46e5e3e4a389ddc2ac67069bbc23e6927f3d12f	normal-stress/performance research and manual server workflows; no activity/obsolescence assumption
benchmarks/reconstructed_fault/server_gmg/verification-context-selection-local/README.md	uncertain or active research	keep	1706	17380f0cdaa2d6d6974484289784ebd64763911d0436f42de22d61b2b6e66489	normal-stress/performance research and manual server workflows; no activity/obsolescence assumption
benchmarks/reconstructed_fault/server_gmg/verification-q1-local/README.md	uncertain or active research	keep	1307	dc7f9f97f22414e817df42615663dadb8f2da50e90e0db65b94d3f8bcbf14b00	normal-stress/performance research and manual server workflows; no activity/obsolescence assumption
benchmarks/reconstructed_fault/state_limiter/CMakeLists.txt	maintained benchmark	keep	292	9ff18e36280d3313827fa89340815a4eab5f724bd3983a8ffd96097afd0cf82d	benchmark or regression build/run/check dependency
benchmarks/reconstructed_fault/state_limiter/README.md	maintained benchmark	keep	4930	98cfaed38f13288bd3ec4d93be8f36989e333775003bc90c5512ff52255c8256	benchmark or regression build/run/check dependency
benchmarks/reconstructed_fault/state_limiter/mpi.prm	maintained benchmark	keep	188	9132f7fb0647495c190336a59633be6d664ae07571024de9b08d857263e6aa2b	benchmark or regression build/run/check dependency
benchmarks/reconstructed_fault/state_limiter/stateful.prm	maintained benchmark	keep	270	1e4f3da17e8001242e0e96fc42f3b4d63d88e959f4814e52dda5213f2c372fb2	benchmark or regression build/run/check dependency
benchmarks/reconstructed_fault/state_limiter/stateless.prm	maintained benchmark	keep	561	703b7ff95361a0d641706446414b0df7bb9362171004f8795d81d9a719772396	benchmark or regression build/run/check dependency
benchmarks/reconstructed_fault/stress_only_interpolator.cc	maintained benchmark	keep	3305	d7ffd385cf4769db34148ceab96e4164e5e3b4cad9909948612c0a51a31b56fa	benchmark or regression build/run/check dependency
benchmarks/reconstructed_fault/uniform_shear/CMakeLists.txt	deliberate test reference	keep	256	4515476ced1cd065ff97c9bd28d652d08fd2a8993a91598e69091c00e2914e37	independent uniform-shear verification and unresolved nonuniform research; retain references conservatively
benchmarks/reconstructed_fault/uniform_shear/README.md	maintained benchmark	keep	7491	39295c6dd874d7361e475a14492b83e72610f7b8fe21aa7a05a1a5deb7116750	independent uniform-shear verification and unresolved nonuniform research; retain references conservatively
benchmarks/reconstructed_fault/uniform_shear/REPRODUCIBILITY.md	maintained benchmark	keep	2259	1341b27b4db862bf89b3a7108119d8ae9ab536c9f59545c38da025b29794c190	independent uniform-shear verification and unresolved nonuniform research; retain references conservatively
benchmarks/reconstructed_fault/uniform_shear/analyze.py	maintained benchmark	keep	17577	d2d6ce403357bcdb3fa5b005f0170295eccfb0f6a031f7641f0adabb2b7094b8	independent uniform-shear verification and unresolved nonuniform research; retain references conservatively
benchmarks/reconstructed_fault/uniform_shear/analyze_convergence.py	maintained benchmark	keep	8502	9dae3970e13c458f5ae3be78424e33f126ce00c485fd868316e90c355c0c0562	independent uniform-shear verification and unresolved nonuniform research; retain references conservatively
benchmarks/reconstructed_fault/uniform_shear/analyze_coupled_residuals.py	maintained benchmark	keep	1690	079a03e1023e842a3c70ad2cf2b213195f48ede1bd6630d36f5f452a274d0394	independent uniform-shear verification and unresolved nonuniform research; retain references conservatively
benchmarks/reconstructed_fault/uniform_shear/analyze_line_search.py	maintained benchmark	keep	4689	d61ea078082e516d904940ec06047dceb516680e012fcca114a68241ab3e4f78	independent uniform-shear verification and unresolved nonuniform research; retain references conservatively
benchmarks/reconstructed_fault/uniform_shear/audit_gate_k1.py	maintained benchmark	keep	9971	b572a565ba4f355873804ab21ec44a6c9ad236d2e2a43a04f687b1dcd254dc62	independent uniform-shear verification and unresolved nonuniform research; retain references conservatively
benchmarks/reconstructed_fault/uniform_shear/audit_stress.py	maintained benchmark	keep	7937	9a1dcaa7307474498fc4d0550e5fa3a8c7cf94bf567d77341728ea786adc7199	independent uniform-shear verification and unresolved nonuniform research; retain references conservatively
benchmarks/reconstructed_fault/uniform_shear/compare_replays.py	maintained benchmark	keep	2193	7372d088194445b98a891337d80f93becc3b7346283a6a6c04c4cc68b13df8f6	independent uniform-shear verification and unresolved nonuniform research; retain references conservatively
benchmarks/reconstructed_fault/uniform_shear/convergence/audit_pressure.py	maintained benchmark	keep	2716	00b3767e984df8650e57303ee57b6680122a1f34db818fdffd71eaa35ad06a02	independent uniform-shear verification and unresolved nonuniform research; retain references conservatively
benchmarks/reconstructed_fault/uniform_shear/convergence/plot_partial.py	maintained benchmark	keep	1788	a2f2d9e0c1d86da18e93e8064c84c49ca58eb225c093f00434470244ca7b321b	independent uniform-shear verification and unresolved nonuniform research; retain references conservatively
benchmarks/reconstructed_fault/uniform_shear/convergence/release_check.prm	maintained benchmark	keep	260	b4bfdf9f70e6e6d579599554696da1eeea323c82c87f3fbebc4018f493e060ad	independent uniform-shear verification and unresolved nonuniform research; retain references conservatively
benchmarks/reconstructed_fault/uniform_shear/convergence/run_case.py	maintained benchmark	keep	2355	9fbc584dccc358126a7155f49224b924bfcbc769e1e4621e65a8616c04d87d4b	independent uniform-shear verification and unresolved nonuniform research; retain references conservatively
benchmarks/reconstructed_fault/uniform_shear/convergence/space16_dt05.prm	maintained benchmark	keep	436	1e8da3fdcc483545fa16947a18b433aaed89edb728139b6175c8ea27531607ae	independent uniform-shear verification and unresolved nonuniform research; retain references conservatively
benchmarks/reconstructed_fault/uniform_shear/convergence/space32_dt05.prm	maintained benchmark	keep	437	14822503d410aa69d5f2a2e941899e26cb3ba11c5c97ba5708f09acd0bb18d55	independent uniform-shear verification and unresolved nonuniform research; retain references conservatively
benchmarks/reconstructed_fault/uniform_shear/convergence/space64_dt05.prm	maintained benchmark	keep	438	38e73c8b548abd15237e4300b8a108aec588a8e2a08ba1a2b65e88fd5c160546	independent uniform-shear verification and unresolved nonuniform research; retain references conservatively
benchmarks/reconstructed_fault/uniform_shear/convergence/space64_dt1.prm	maintained benchmark	keep	435	8250fec25a9959d058be1d4f456bd7d0a339828758e2273d00b731d34dae5346	independent uniform-shear verification and unresolved nonuniform research; retain references conservatively
benchmarks/reconstructed_fault/uniform_shear/convergence/space64_dt2.prm	maintained benchmark	keep	435	42037e12bac9dedc665978592e8ec7470dfb2bfc7163aeda93df4845c2d5be50	independent uniform-shear verification and unresolved nonuniform research; retain references conservatively
benchmarks/reconstructed_fault/uniform_shear/diagnostics/.gitignore	maintained benchmark	keep	35	7237b04c3b198e2ec184606bc6a4a41b7a361dc32bed478418c1b9b1c0176237	independent uniform-shear verification and unresolved nonuniform research; retain references conservatively
benchmarks/reconstructed_fault/uniform_shear/diagnostics/CMakeLists.txt	deliberate test reference	keep	412	b2c43184ee1dc3f9697a39ba8889ab6de72cce476fc226eb465c4f10ce9c45c8	independent uniform-shear verification and unresolved nonuniform research; retain references conservatively
benchmarks/reconstructed_fault/uniform_shear/diagnostics/README.md	maintained benchmark	keep	6727	8c27fe2516140dc3bc182df527c7e173dcad4ed9cf66592640f3841ba20587cb	independent uniform-shear verification and unresolved nonuniform research; retain references conservatively
benchmarks/reconstructed_fault/uniform_shear/diagnostics/cause_probe.gdb	maintained benchmark	keep	992	8b4988402647d1c7989b7dea54ec37d4a6681f6129bf645e13c09e294d06aad7	independent uniform-shear verification and unresolved nonuniform research; retain references conservatively
benchmarks/reconstructed_fault/uniform_shear/diagnostics/check_cpdi_cause.py	maintained benchmark	keep	4382	9edd6b551321e500c455cbb71d5a9102325a9fbe8d314599ea9ae5233ef0667a	independent uniform-shear verification and unresolved nonuniform research; retain references conservatively
benchmarks/reconstructed_fault/uniform_shear/diagnostics/check_stationary_equation.py	maintained benchmark	keep	4557	9682f225b4a6e9ee07dbcb7233ca8296300f721e59b00748ccd9403deaf091f0	independent uniform-shear verification and unresolved nonuniform research; retain references conservatively
benchmarks/reconstructed_fault/uniform_shear/diagnostics/compare_ownership.py	maintained benchmark	keep	3587	0a4736bcfdc2b54e76267b2ddac5159f930d571ac2dc1587cc85e3e7e3ac4bfe	independent uniform-shear verification and unresolved nonuniform research; retain references conservatively
benchmarks/reconstructed_fault/uniform_shear/diagnostics/corrected_coupled_pilot.prm	maintained benchmark	keep	282	9c655f64330f0e3d52f399d6958845444f19e337b87384ef9985ae5c22896016	independent uniform-shear verification and unresolved nonuniform research; retain references conservatively
benchmarks/reconstructed_fault/uniform_shear/diagnostics/corrected_initialization.prm	maintained benchmark	keep	226	077647d2cae6c0ba6458269836edb2511e99f7b0587310bfc49ae49651ca03fa	independent uniform-shear verification and unresolved nonuniform research; retain references conservatively
benchmarks/reconstructed_fault/uniform_shear/diagnostics/corrected_pilot.prm	maintained benchmark	keep	280	3380305c551e9905183601ccb13cf56515c399f4e556841c69bcadc2a25277ba	independent uniform-shear verification and unresolved nonuniform research; retain references conservatively
benchmarks/reconstructed_fault/uniform_shear/diagnostics/coupled_residuals.gdb	maintained benchmark	keep	612	2c3cd0df3bd632fe137c1c593f72ad2d81e9e557cc8745f13901e45f8388bef0	independent uniform-shear verification and unresolved nonuniform research; retain references conservatively
benchmarks/reconstructed_fault/uniform_shear/diagnostics/diagnostic.cc	maintained benchmark	keep	7048	4abc7bdb4356b894eb9ebfe84ec93e316a396be5a45565c5ba8e826230c9eaa0	independent uniform-shear verification and unresolved nonuniform research; retain references conservatively
benchmarks/reconstructed_fault/uniform_shear/diagnostics/initialization.prm	maintained benchmark	keep	419	7c6492a821fad1eeea5a71438d51e25ec664f0482a5acd1b3aaaf86ddd371edb	independent uniform-shear verification and unresolved nonuniform research; retain references conservatively
benchmarks/reconstructed_fault/uniform_shear/diagnostics/line_search.gdb	maintained benchmark	keep	1632	f348ec08d749183e135797ee780e7db71ff8ac2c86b070e399d6d865f11a7957	independent uniform-shear verification and unresolved nonuniform research; retain references conservatively
benchmarks/reconstructed_fault/uniform_shear/diagnostics/line_search.prm	maintained benchmark	keep	280	29afb29006e88b94da577996ab4543f013a7e9a56084cfc6465036e5fef1cff4	independent uniform-shear verification and unresolved nonuniform research; retain references conservatively
benchmarks/reconstructed_fault/uniform_shear/diagnostics/old_dedup.gdb	maintained benchmark	keep	309	df24d0a60291471f1e765fcd0509d98bdd3af0dd5f112b370201a491e9c229c6	independent uniform-shear verification and unresolved nonuniform research; retain references conservatively
benchmarks/reconstructed_fault/uniform_shear/diagnostics/old_dedup_initialization.prm	maintained benchmark	keep	224	0ad9cbef0cd0057f7db0c7dcd115814021f39928dede135ea4a22670425ebbe1	independent uniform-shear verification and unresolved nonuniform research; retain references conservatively
benchmarks/reconstructed_fault/uniform_shear/diagnostics/refined_initial.prm	maintained benchmark	keep	354	7855efd72622632cfeb0d23c067c495abcc4cbc8d7d5e61f04afd178ebd6fe9b	independent uniform-shear verification and unresolved nonuniform research; retain references conservatively
benchmarks/reconstructed_fault/uniform_shear/diagnostics/stop_before_phase.gdb	maintained benchmark	keep	217	46a83766d20b05d551e8cf3ee5e828be0b05dbdd329cbf8a882974a086b060c5	independent uniform-shear verification and unresolved nonuniform research; retain references conservatively
benchmarks/reconstructed_fault/uniform_shear/diagnostics/test_packet.py	maintained benchmark	keep	2337	1494b2cb81c9c39e9f2874075fec9395d8d8794bd2fdd3659a1e1ff5ba14ab1c	independent uniform-shear verification and unresolved nonuniform research; retain references conservatively
benchmarks/reconstructed_fault/uniform_shear/diagnostics/visualize.py	maintained benchmark	keep	14819	02e0c9583a4d26d2d61791557f6e867ce7aba8668ebf67c17b4ebb28227db8ff	independent uniform-shear verification and unresolved nonuniform research; retain references conservatively
benchmarks/reconstructed_fault/uniform_shear/evolving/README.md	maintained benchmark	keep	5935	794f88ed73adeddf0c5c10489224812fd71a217eb4c0f77095eeeaacd702ee27	independent uniform-shear verification and unresolved nonuniform research; retain references conservatively
benchmarks/reconstructed_fault/uniform_shear/evolving/assess_adjustment.py	maintained benchmark	keep	3934	e44a0176bc241d0b7213f62ab85bcd9ea4b54637b8a60ed313bc9362101ebb3b	independent uniform-shear verification and unresolved nonuniform research; retain references conservatively
benchmarks/reconstructed_fault/uniform_shear/evolving/assess_coupled_fault_resolution.py	maintained benchmark	keep	4359	7f6774bf89909522f94b23e051e5f7b290035eab72b065a8ebe0512468d24b90	independent uniform-shear verification and unresolved nonuniform research; retain references conservatively
benchmarks/reconstructed_fault/uniform_shear/evolving/audit_ih_projection.py	maintained benchmark	keep	4364	fa782d47b7575ac31c509b63a1c282094c25bdfc6626a9db8443c2037a7bd4f8	independent uniform-shear verification and unresolved nonuniform research; retain references conservatively
benchmarks/reconstructed_fault/uniform_shear/evolving/audit_profile_identity.py	maintained benchmark	keep	6356	8983ec29fc4d1f2c3659905cc8ea4d3134ef79e25fab5f2e9104047e70c453fc	independent uniform-shear verification and unresolved nonuniform research; retain references conservatively
benchmarks/reconstructed_fault/uniform_shear/evolving/check_ih_impact.py	maintained benchmark	keep	3819	05ca17212f5240024cbd4d61b8040c79973eda6e347b6969c89deb22236ca996	independent uniform-shear verification and unresolved nonuniform research; retain references conservatively
benchmarks/reconstructed_fault/uniform_shear/evolving/check_smoke.py	maintained benchmark	keep	11986	df2be63474e274ac5c4054e7782e7f502041c8fbc3808570b6779399c15a7b43	independent uniform-shear verification and unresolved nonuniform research; retain references conservatively
benchmarks/reconstructed_fault/uniform_shear/evolving/common0375.prm	maintained benchmark	keep	306	736acf55cc7fd90fd44e43098b96e605673ccd10599d36b3292e11af1fd6f6f1	independent uniform-shear verification and unresolved nonuniform research; retain references conservatively
benchmarks/reconstructed_fault/uniform_shear/evolving/compare_normal_levels.py	maintained benchmark	keep	6686	68f16786b60d88cbfe8702610abdc6dc8a0e5e522bfa529eaf771bcea85b17bf	independent uniform-shear verification and unresolved nonuniform research; retain references conservatively
benchmarks/reconstructed_fault/uniform_shear/evolving/compare_smoke.py	maintained benchmark	keep	9162	f4dcb3bdd34d699f296d8aea05b12b081f4a8fe1da12a76f4fddce52ae4d712e	independent uniform-shear verification and unresolved nonuniform research; retain references conservatively
benchmarks/reconstructed_fault/uniform_shear/evolving/convergence_reference.py	maintained benchmark	keep	3312	f1e7f5596eb22a0b07834a66834582647f3b17994e36d0f97e421a30c757d29a	independent uniform-shear verification and unresolved nonuniform research; retain references conservatively
benchmarks/reconstructed_fault/uniform_shear/evolving/diagnose_timestep_support.py	maintained benchmark	keep	8877	b66ebfbbc115b364a803afc9f0530a4c43c69fbd9a2c3f7f34ab40ea3f366469	independent uniform-shear verification and unresolved nonuniform research; retain references conservatively
benchmarks/reconstructed_fault/uniform_shear/evolving/ih-feedback-impact.json	deliberate test reference	keep	12729	7d309c9d25f3889536c52d4a76607954cb2ab3a405f55ffe4d03ceb53235aafa	independent uniform-shear verification and unresolved nonuniform research; retain references conservatively
benchmarks/reconstructed_fault/uniform_shear/evolving/normal256.prm	maintained benchmark	keep	359	4874c3cde1fc7f0d7acb0823e899f6556b1def1b2cc183d6b16fa552f518b621	independent uniform-shear verification and unresolved nonuniform research; retain references conservatively
benchmarks/reconstructed_fault/uniform_shear/evolving/normal512-comparison.json	deliberate test reference	keep	55568	92ca40356f2ff511a7531c8d5987ed10fbc62a959f927fee7e5b140d80bb6660	independent uniform-shear verification and unresolved nonuniform research; retain references conservatively
benchmarks/reconstructed_fault/uniform_shear/evolving/normal512-errors.csv	deliberate test reference	keep	13418	10c192e2749d42fc1c6ddb432d085170577d5786887656c6ecfd3f7cf32b2d93	independent uniform-shear verification and unresolved nonuniform research; retain references conservatively
benchmarks/reconstructed_fault/uniform_shear/evolving/periodic-domains/CMakeLists.txt	deliberate test reference	keep	284	951c8b9a7bf32c16fd783e885a7fc1e1ba4aae839202e4c5a0be8d36301c83b4	independent uniform-shear verification and unresolved nonuniform research; retain references conservatively
benchmarks/reconstructed_fault/uniform_shear/evolving/periodic-domains/one-remote.prm	maintained benchmark	keep	402	da6eb6947943916e1ed3b285aba9a662bc2d689d9f3616f7e1d441f97ea54873	independent uniform-shear verification and unresolved nonuniform research; retain references conservatively
benchmarks/reconstructed_fault/uniform_shear/evolving/periodic-domains/one.prm	maintained benchmark	keep	1005	52ed7dca9797b48e4bfc5e689dc11a7f83e915343edb1e720ca0d8d98f4b4975	independent uniform-shear verification and unresolved nonuniform research; retain references conservatively
benchmarks/reconstructed_fault/uniform_shear/evolving/periodic-domains/run.py	maintained benchmark	keep	1528	264fba9f9547d65f0b928552f0f24144e983099979a1d5c69d9f2b38c6a6fdc3	independent uniform-shear verification and unresolved nonuniform research; retain references conservatively
benchmarks/reconstructed_fault/uniform_shear/evolving/periodic-domains/run_coupled.py	maintained benchmark	keep	2275	a3da312b5e82a2c863818669ec5eacc965bafa1cfa49f0a5b13c1081914dc9b4	independent uniform-shear verification and unresolved nonuniform research; retain references conservatively
benchmarks/reconstructed_fault/uniform_shear/evolving/periodic-domains/summarize.py	maintained benchmark	keep	4117	489337e28aa72ec45b16f63550a5988e71fb023d84e8eb56f3da2a5d6307bfeb	independent uniform-shear verification and unresolved nonuniform research; retain references conservatively
benchmarks/reconstructed_fault/uniform_shear/evolving/periodic-domains/summary.json	deliberate test reference	keep	10094	44b8fe58413ecce795e8d883f7db5d18a5aa74622275d493ad9925f5b08dbdbd	independent uniform-shear verification and unresolved nonuniform research; retain references conservatively
benchmarks/reconstructed_fault/uniform_shear/evolving/periodic-domains/two-remote.prm	maintained benchmark	keep	237	18f00341e0ca9e8848cccb0d16f1f419e2461296cfa5b1b504ceebd111f7cdb3	independent uniform-shear verification and unresolved nonuniform research; retain references conservatively
benchmarks/reconstructed_fault/uniform_shear/evolving/periodic-domains/two.prm	maintained benchmark	keep	223	a589cfaaddd31109c37fbad52ec450fb59f88dde1450dad259faee2073183c44	independent uniform-shear verification and unresolved nonuniform research; retain references conservatively
benchmarks/reconstructed_fault/uniform_shear/evolving/periodic_convergence_summary.py	maintained benchmark	keep	7184	d975b828dd0014ac7587e3107bbf9d471ef2411cc8087cf11b81a5d7c474e242	independent uniform-shear verification and unresolved nonuniform research; retain references conservatively
benchmarks/reconstructed_fault/uniform_shear/evolving/phase-floor/CMakeLists.txt	deliberate test reference	keep	236	1663295a397b70d585e0187d42bad115b0025501f9d2c3f9727be28134ef0f23	independent uniform-shear verification and unresolved nonuniform research; retain references conservatively
benchmarks/reconstructed_fault/uniform_shear/evolving/phase-floor/analyze.py	maintained benchmark	keep	5871	be328c53f84f387f0f449811c625742aff4e6337a68105e79dc48b3e29445807	independent uniform-shear verification and unresolved nonuniform research; retain references conservatively
benchmarks/reconstructed_fault/uniform_shear/evolving/phase-floor/audit.prm	maintained benchmark	keep	376	45fd2e42ce8d0bf88092a34ff9cc1e7dc0cd6d66fd683523806e7eaf7a5cb896	independent uniform-shear verification and unresolved nonuniform research; retain references conservatively
benchmarks/reconstructed_fault/uniform_shear/evolving/phase-floor/diagnostic.cc	maintained benchmark	keep	8001	3d3dc6631aba2c866282672ab51c2a5bcfca44218f31eedefdbad0b14d14d7de	independent uniform-shear verification and unresolved nonuniform research; retain references conservatively
benchmarks/reconstructed_fault/uniform_shear/evolving/phase-floor/one.prm	maintained benchmark	keep	469	5ec5b9d54b30046dc59dfcde5059261266345c448b994540c7c19a29ad7ed72b	independent uniform-shear verification and unresolved nonuniform research; retain references conservatively
benchmarks/reconstructed_fault/uniform_shear/evolving/phase-floor/refined.prm	maintained benchmark	keep	296	81f02447187a7a1cd8b753b0954ebdf974d4e34396ee28d3eb26cd2a9993ad95	independent uniform-shear verification and unresolved nonuniform research; retain references conservatively
benchmarks/reconstructed_fault/uniform_shear/evolving/phase-floor/replay-summary.json	deliberate test reference	keep	14238	3c85c83d11eb9de830620858dbfa08c64e4215517d945562a75e757105b3b42a	independent uniform-shear verification and unresolved nonuniform research; retain references conservatively
benchmarks/reconstructed_fault/uniform_shear/evolving/phase-floor/run.py	maintained benchmark	keep	1105	00f66b590122c5e12ce3603f76d03e42bfd5c78b5de26168649523b686a3ddf1	independent uniform-shear verification and unresolved nonuniform research; retain references conservatively
benchmarks/reconstructed_fault/uniform_shear/evolving/phase-floor/run_check.py	maintained benchmark	keep	1235	b7e1a34b091c31975147598ace4b3353afd7f5dbcb53981187927b19ef1812c9	independent uniform-shear verification and unresolved nonuniform research; retain references conservatively
benchmarks/reconstructed_fault/uniform_shear/evolving/phase-floor/summarize_replay.py	maintained benchmark	keep	3720	c1e1f33b7d02c55b4eccb1704373e950d8efd4711ba810c9299230cbbd2e9dd1	independent uniform-shear verification and unresolved nonuniform research; retain references conservatively
benchmarks/reconstructed_fault/uniform_shear/evolving/phase-floor/tests/CMakeLists.txt	deliberate test reference	keep	295	48c03621c1c09ec4f5ced32b0891435deb3b590e701d1c6ef095d0cb2bb21a04	independent uniform-shear verification and unresolved nonuniform research; retain references conservatively
benchmarks/reconstructed_fault/uniform_shear/evolving/phase-floor/two.prm	maintained benchmark	keep	213	d7c7c9dc64e6d9756605cfb28c283f400c9764961c288d56f385ecbbf0b2da0f	independent uniform-shear verification and unresolved nonuniform research; retain references conservatively
benchmarks/reconstructed_fault/uniform_shear/evolving/phase-floor/verification.json	deliberate test reference	keep	4009	c5e787d404776e4db0630a46ffa5732ca05c6b6f705411b49a585a7ab2346f89	independent uniform-shear verification and unresolved nonuniform research; retain references conservatively
benchmarks/reconstructed_fault/uniform_shear/evolving/phase-floor/verify.py	maintained benchmark	keep	2364	668d90f65b031ef2c3540654b0e1e3d379a2d28d9d376f03b9be4cf387538aa1	independent uniform-shear verification and unresolved nonuniform research; retain references conservatively
benchmarks/reconstructed_fault/uniform_shear/evolving/plot_common_spatial.py	maintained benchmark	keep	1568	ef156c5668af7609d062b40645be09b8cd69116da0a4dda28e391b97a57c043a	independent uniform-shear verification and unresolved nonuniform research; retain references conservatively
benchmarks/reconstructed_fault/uniform_shear/evolving/plot_coupled_fault_resolution.py	maintained benchmark	keep	2824	45e766a67992553eb268aec83f71d43b9939ee5d5b424743acb8991fb69c600c	independent uniform-shear verification and unresolved nonuniform research; retain references conservatively
benchmarks/reconstructed_fault/uniform_shear/evolving/plot_normal_refinement.py	maintained benchmark	keep	2778	c3fad302b6680ae3628e9596f4ae9389ab1a938146841902e3ca96fda09401ac	independent uniform-shear verification and unresolved nonuniform research; retain references conservatively
benchmarks/reconstructed_fault/uniform_shear/evolving/reference.py	maintained benchmark	keep	21761	3babaf9bd4c5ca60e0939edad2777564f02faaf9784723a36e2b8aff8fa06e1a	independent uniform-shear verification and unresolved nonuniform research; retain references conservatively
benchmarks/reconstructed_fault/uniform_shear/evolving/run_smoke.py	maintained benchmark	keep	2146	c40b91a328e510cdd199c1119f5574eb5293eeccd36a59c84fe508c7b4295ac6	independent uniform-shear verification and unresolved nonuniform research; retain references conservatively
benchmarks/reconstructed_fault/uniform_shear/evolving/seam-audit/CMakeLists.txt	deliberate test reference	keep	251	7292efc24dcefd4981f3a94da5135b4490c036070a0db7d097f8c9d0fb631811	independent uniform-shear verification and unresolved nonuniform research; retain references conservatively
benchmarks/reconstructed_fault/uniform_shear/evolving/seam-audit/analyze.py	maintained benchmark	keep	9423	5447d8158fa7dd6c887558e98c2bf3358051ea4be78d2d8cdc625bd4c9fe000f	independent uniform-shear verification and unresolved nonuniform research; retain references conservatively
benchmarks/reconstructed_fault/uniform_shear/evolving/seam-audit/audit-corrected.prm	maintained benchmark	keep	226	c8b7d794d0e9136fdc6356a46092777048d01ac650edcbacdcf8f50e506dafef	independent uniform-shear verification and unresolved nonuniform research; retain references conservatively
benchmarks/reconstructed_fault/uniform_shear/evolving/seam-audit/audit.prm	maintained benchmark	keep	447	602d5553a4271c6a9a83199e46ffd9f4736312ed087a9ddd15394d091fa19064	independent uniform-shear verification and unresolved nonuniform research; retain references conservatively
benchmarks/reconstructed_fault/uniform_shear/evolving/seam-audit/diagnostic.cc	maintained benchmark	keep	13997	ed610aa54baa0c0c2cfea4c77a036876439dfe62077e6b7f21770feaf81ced56	independent uniform-shear verification and unresolved nonuniform research; retain references conservatively
benchmarks/reconstructed_fault/uniform_shear/evolving/seam-audit/run.py	maintained benchmark	keep	1732	90dedbec0bb4fbfad710964d018354b8a77acc2919c6cd0c3ca98a3abca0385a	independent uniform-shear verification and unresolved nonuniform research; retain references conservatively
benchmarks/reconstructed_fault/uniform_shear/evolving/seam-audit/summary-corrected.json	deliberate test reference	keep	12905	82849fdc7c21f4214f45a2ed9d32783705f2a4ba6ca009266e4d0ff6385b7fb9	independent uniform-shear verification and unresolved nonuniform research; retain references conservatively
benchmarks/reconstructed_fault/uniform_shear/evolving/smoke.prm	maintained benchmark	keep	1316	880ef795696eb9c76eb297833869b39153e9cb43214f51497beaa886f5004da8	independent uniform-shear verification and unresolved nonuniform research; retain references conservatively
benchmarks/reconstructed_fault/uniform_shear/evolving/spatial0375_n128.prm	maintained benchmark	keep	209	e8584fe8e058cf2b287cf7745351502e11ac093eea8557782165eb22fd51de2b	independent uniform-shear verification and unresolved nonuniform research; retain references conservatively
benchmarks/reconstructed_fault/uniform_shear/evolving/spatial0375_n128_f32.prm	maintained benchmark	keep	369	ec57de6bb2a393e005f5c95b51258b4da75bd821bf4faaeb79a26d82bd2d7093	independent uniform-shear verification and unresolved nonuniform research; retain references conservatively
benchmarks/reconstructed_fault/uniform_shear/evolving/spatial0375_n128_f32_periodic.prm	maintained benchmark	keep	466	cc2ea123dbf38e68aa068e01ec28318ef0b030bfefbcb7af8b9978c5ae1948fd	independent uniform-shear verification and unresolved nonuniform research; retain references conservatively
benchmarks/reconstructed_fault/uniform_shear/evolving/spatial0375_n256.prm	maintained benchmark	keep	288	026592b3e9f1b90d75fdcaa2e120b74b0e6bb25b177f4f6cc06beadd1ccaa9de	independent uniform-shear verification and unresolved nonuniform research; retain references conservatively
benchmarks/reconstructed_fault/uniform_shear/evolving/spatial0375_n256_f32.prm	maintained benchmark	keep	386	30c5be10489265050488a392ec0dee5505a423614ddc6b87c4c1e333d761b281	independent uniform-shear verification and unresolved nonuniform research; retain references conservatively
benchmarks/reconstructed_fault/uniform_shear/evolving/spatial0375_n256_f32_periodic.prm	maintained benchmark	keep	471	a194e890fb2bb6c61f5d0d48696370be9bd4a242c8184e2f46f814375865a1e8	independent uniform-shear verification and unresolved nonuniform research; retain references conservatively
benchmarks/reconstructed_fault/uniform_shear/evolving/spatial0375_n256_f32_periodic_floor.prm	maintained benchmark	keep	482	05692fcfcc5f0bb8b99abf2f65a43addafc5f7d9b9e29fc8bbdd692f5e1a5ad8	independent uniform-shear verification and unresolved nonuniform research; retain references conservatively
benchmarks/reconstructed_fault/uniform_shear/evolving/spatial0375_n512_f32_periodic_floor.prm	maintained benchmark	keep	411	eb758cb917c80b743e698d33a8b1c162ce1fabacd9540e2cd67bd8627d9c8102	independent uniform-shear verification and unresolved nonuniform research; retain references conservatively
benchmarks/reconstructed_fault/uniform_shear/evolving/summarize_timestep_support.py	maintained benchmark	keep	4678	71eb168824c1e6029a937f9dc7262fb955db56cae1a880663cf335a46f6795df	independent uniform-shear verification and unresolved nonuniform research; retain references conservatively
benchmarks/reconstructed_fault/uniform_shear/evolving/test_reference.py	maintained benchmark	keep	5055	af3e895e8a829ea7920f12ecd64229d8d921e832de38f70866d782d535221516	independent uniform-shear verification and unresolved nonuniform research; retain references conservatively
benchmarks/reconstructed_fault/uniform_shear/evolving/test_smoke.py	maintained benchmark	keep	2713	64f4a21c67998bada1cb92b88566c2af0b4faf5800b284bb2367c4e5951df680	independent uniform-shear verification and unresolved nonuniform research; retain references conservatively
benchmarks/reconstructed_fault/uniform_shear/evolving/test_timestep_support.py	maintained benchmark	keep	1137	179dab433248568a7adf3d6a936a1bb7c2e6bc818848be0adc747df5a54253e9	independent uniform-shear verification and unresolved nonuniform research; retain references conservatively
benchmarks/reconstructed_fault/uniform_shear/fault.txt	deliberate test reference	keep	34	5ba0e87b58c9af145557b91525fa68b02cfa305f98d65cc65430dc9bd9162e06	independent uniform-shear verification and unresolved nonuniform research; retain references conservatively
benchmarks/reconstructed_fault/uniform_shear/finite-width/README.md	maintained benchmark	keep	2522	0ac6edaeb4d63ddc4a780c1e44cc30e67935a5b89e04cc255617a598d2bc5cbd	independent uniform-shear verification and unresolved nonuniform research; retain references conservatively
benchmarks/reconstructed_fault/uniform_shear/finite-width/analyze_production.py	maintained benchmark	keep	8520	3b2b03c9f0658ad0bda42b04e64c2d169a131698c4d15a14311766513662eb27	independent uniform-shear verification and unresolved nonuniform research; retain references conservatively
benchmarks/reconstructed_fault/uniform_shear/finite-width/compare_production.py	maintained benchmark	keep	5077	573ee05cdb0839337c75e73e4dcea11e2cd926847d83ba0f94a20f16fa860bb6	independent uniform-shear verification and unresolved nonuniform research; retain references conservatively
benchmarks/reconstructed_fault/uniform_shear/finite-width/k41/decision.json	deliberate test reference	keep	170695	f06c7109d0482210c5218fd466489bcbc666db9e73343b37d9ec67e9a20b549c	independent uniform-shear verification and unresolved nonuniform research; retain references conservatively
benchmarks/reconstructed_fault/uniform_shear/finite-width/k41/ell0-2048/dt0.5.json	deliberate test reference	keep	6626	0f31a6666c509b42438172d40b01c44a61cf41a0ce57f2f6150fc3f7537325bc	independent uniform-shear verification and unresolved nonuniform research; retain references conservatively
benchmarks/reconstructed_fault/uniform_shear/finite-width/k41/ell0-2048/initialization.json	deliberate test reference	keep	126646	a0183212593ff897af2ad273b33415d5660fd3fe67fa295a292841f7e1389691	independent uniform-shear verification and unresolved nonuniform research; retain references conservatively
benchmarks/reconstructed_fault/uniform_shear/finite-width/k41/ell0-4096/dt0.0625.json	deliberate test reference	keep	49838	77f439196044382acbe030f4511676eff4bb4de52b6b0fdf2ba0855289e91ac7	independent uniform-shear verification and unresolved nonuniform research; retain references conservatively
benchmarks/reconstructed_fault/uniform_shear/finite-width/k41/ell0-4096/dt0.125.json	deliberate test reference	keep	25088	4431089f32f7681378ff795723a40e40080966e8725011b349d3006ce82c8e86	independent uniform-shear verification and unresolved nonuniform research; retain references conservatively
benchmarks/reconstructed_fault/uniform_shear/finite-width/k41/ell0-4096/dt0.25.json	deliberate test reference	keep	12745	34d9f60b9c54cd80e5dc2d67267f2f3974468eeb920a243b8f5ac3f0d623c2f5	independent uniform-shear verification and unresolved nonuniform research; retain references conservatively
benchmarks/reconstructed_fault/uniform_shear/finite-width/k41/ell0-4096/dt0.5.json	deliberate test reference	keep	6612	d55f3cf9dfa1f7e605ad38919c347b29946fa7a4a24cf1f0a5d6e97b1bfd670d	independent uniform-shear verification and unresolved nonuniform research; retain references conservatively
benchmarks/reconstructed_fault/uniform_shear/finite-width/k41/ell0-4096/initialization.json	deliberate test reference	keep	126641	6d5679a06cc75074809a8d7061c43a8148d4183dc158ee6bc62fb3776d502b39	independent uniform-shear verification and unresolved nonuniform research; retain references conservatively
benchmarks/reconstructed_fault/uniform_shear/finite-width/k41/half-2048/dt0.5.json	deliberate test reference	keep	6637	9d6c4fefa8767aae73ee492a4a9ca7405888236f040393b2b95b898979bd91e2	independent uniform-shear verification and unresolved nonuniform research; retain references conservatively
benchmarks/reconstructed_fault/uniform_shear/finite-width/k41/half-2048/initialization.json	deliberate test reference	keep	126652	c276f8e29791fe48fbd0677edaaea705685d8f461c3512011d1c64fa6202f697	independent uniform-shear verification and unresolved nonuniform research; retain references conservatively
benchmarks/reconstructed_fault/uniform_shear/finite-width/k41/half-4096/dt0.0625.json	deliberate test reference	keep	50089	357ad42b86592df7b84d0cc9d834aa15956ba6e6ee8d4d43b7b49059db8a120f	independent uniform-shear verification and unresolved nonuniform research; retain references conservatively
benchmarks/reconstructed_fault/uniform_shear/finite-width/k41/half-4096/dt0.125.json	deliberate test reference	keep	25222	bd1bcecaf44af477c49ff0a1055f64a99d8b606b6cbcc0269731bba79aae343a	independent uniform-shear verification and unresolved nonuniform research; retain references conservatively
benchmarks/reconstructed_fault/uniform_shear/finite-width/k41/half-4096/dt0.25.json	deliberate test reference	keep	12829	2132656d80f2c02045447ebc983a3f244275c8b5ea2684d001628d18b84b3c87	independent uniform-shear verification and unresolved nonuniform research; retain references conservatively
benchmarks/reconstructed_fault/uniform_shear/finite-width/k41/half-4096/dt0.5.json	deliberate test reference	keep	6630	4b4a662818368e961e4456f724e9c4c7f328dbbfe7fe4c8ea09910e6675f6b30	independent uniform-shear verification and unresolved nonuniform research; retain references conservatively
benchmarks/reconstructed_fault/uniform_shear/finite-width/k41/half-4096/initialization.json	deliberate test reference	keep	126653	7db71ac614366f7eeac005ee972a3e39c67f86f6e6f4d5fa6cf8f7e6ffd07242	independent uniform-shear verification and unresolved nonuniform research; retain references conservatively
benchmarks/reconstructed_fault/uniform_shear/finite-width/k41/width-comparison.json	deliberate test reference	keep	149558	f88f672497a8e03f0f3c2e804642881264d67eda2ad844b7d131e6f6b8c69e50	independent uniform-shear verification and unresolved nonuniform research; retain references conservatively
benchmarks/reconstructed_fault/uniform_shear/finite-width/k41/width-profiles.png	maintained benchmark	keep	169571	64fe18c15b83b847e36e33e4d293d266353d6daf7f5c45545506ab6c42e9f7ff	independent uniform-shear verification and unresolved nonuniform research; retain references conservatively
benchmarks/reconstructed_fault/uniform_shear/finite-width/k41b/comparison.json	deliberate test reference	keep	538834	694165bdbe3c71f5cfb8a004947f9d7ec55334d493d55c0ce438b3bd24f7404b	independent uniform-shear verification and unresolved nonuniform research; retain references conservatively
benchmarks/reconstructed_fault/uniform_shear/finite-width/k41b/post-transient.json	deliberate test reference	keep	6532	66249bf303ebd60b17b1cf6f6b0137ec3e303c99c822067d099a8f162464f3b3	independent uniform-shear verification and unresolved nonuniform research; retain references conservatively
benchmarks/reconstructed_fault/uniform_shear/finite-width/k42-comparison.json	deliberate test reference	keep	171185	8e31a193d043cb54129f334d779c1d26516e32be504a336d2f7c275fb1ad758c	independent uniform-shear verification and unresolved nonuniform research; retain references conservatively
benchmarks/reconstructed_fault/uniform_shear/finite-width/k42-export-verification.json	deliberate test reference	keep	23941	6733310836ad4517354d551ff767f2f1a7d6f7d53ebdb86726abc7a27c008c3d	independent uniform-shear verification and unresolved nonuniform research; retain references conservatively
benchmarks/reconstructed_fault/uniform_shear/finite-width/k42-profiles.png	maintained benchmark	keep	177741	991d1fc5ffdddd114bbe0068e2901460da9f647efc25e83b9b2d7cca3d5a3f60	independent uniform-shear verification and unresolved nonuniform research; retain references conservatively
benchmarks/reconstructed_fault/uniform_shear/finite-width/k42_A-analysis.json	deliberate test reference	keep	179241	5eecbc871d989f8b7285b45a9da9a767563a48bf4d182e070dde3c16c46284f9	independent uniform-shear verification and unresolved nonuniform research; retain references conservatively
benchmarks/reconstructed_fault/uniform_shear/finite-width/k42_A.prm	maintained benchmark	keep	810	99522c14625a6f80df39247eb19cffd0ce905fa855ceee5ac508fca8ec56a24f	independent uniform-shear verification and unresolved nonuniform research; retain references conservatively
benchmarks/reconstructed_fault/uniform_shear/finite-width/k42_A.resources.json	deliberate test reference	keep	794	481ebc1b0b4c386ca2147fdad77bb9d7c3b5d9e4d9627e3ad6ba7906051fd2a2	independent uniform-shear verification and unresolved nonuniform research; retain references conservatively
benchmarks/reconstructed_fault/uniform_shear/finite-width/k42_B-analysis.json	deliberate test reference	keep	179059	87af3983db535d45c777c6cfe30ea91a8360a2d91ff3c05f0f9435d7473e12c1	independent uniform-shear verification and unresolved nonuniform research; retain references conservatively
benchmarks/reconstructed_fault/uniform_shear/finite-width/k42_B.prm	maintained benchmark	keep	338	408012810bfc14a1237c28076a6a653349842be02f4ffbac181bd11b18a72db6	independent uniform-shear verification and unresolved nonuniform research; retain references conservatively
benchmarks/reconstructed_fault/uniform_shear/finite-width/k42_B.resources.json	deliberate test reference	keep	793	f71be471363c12b734e15490a4413f465d5833b98558fbead83e2c3d30da4130	independent uniform-shear verification and unresolved nonuniform research; retain references conservatively
benchmarks/reconstructed_fault/uniform_shear/finite-width/k42_C-analysis.json	deliberate test reference	keep	179508	2f94e7a442d23936ab953c8163922338423a456ecc90dea133d3db6b31674d27	independent uniform-shear verification and unresolved nonuniform research; retain references conservatively
benchmarks/reconstructed_fault/uniform_shear/finite-width/k42_C.prm	maintained benchmark	keep	357	511c84cf441d0d3850c4e4fa757701eae69ba6e8e6b88cfa4c779cdcce9e7219	independent uniform-shear verification and unresolved nonuniform research; retain references conservatively
benchmarks/reconstructed_fault/uniform_shear/finite-width/k42_C.resources.json	deliberate test reference	keep	795	597663a7f8652f1fab74c3d4a71bcfb7c31bc2ff943f155ac8fb4971fc8841ca	independent uniform-shear verification and unresolved nonuniform research; retain references conservatively
benchmarks/reconstructed_fault/uniform_shear/finite-width/plot_production.py	maintained benchmark	keep	1666	277e29df1ad1a87e1f9d52a6a3d8672387841a29b4087d77da0099fbc794aa36	independent uniform-shear verification and unresolved nonuniform research; retain references conservatively
benchmarks/reconstructed_fault/uniform_shear/finite-width/post_transient.py	maintained benchmark	keep	3701	f37eab5329a84e4e4879c383210b5628ba37c491bff99ccc8a56053878131eec	independent uniform-shear verification and unresolved nonuniform research; retain references conservatively
benchmarks/reconstructed_fault/uniform_shear/finite-width/production.py	maintained benchmark	keep	7787	f39595efa216ed34a29353012bc38314065506cb76a0a4812233e7d57bfd6595	independent uniform-shear verification and unresolved nonuniform research; retain references conservatively
benchmarks/reconstructed_fault/uniform_shear/finite-width/reference_check.py	maintained benchmark	keep	9878	4747b0a3a7ed06bc12e4faab55d9e698628e00b448e914981c97142ebbc44c8e	independent uniform-shear verification and unresolved nonuniform research; retain references conservatively
benchmarks/reconstructed_fault/uniform_shear/finite-width/summarize.py	maintained benchmark	keep	4619	4903e2b266575e51e1054ecc9c3e2bd89dc14455ab3ed0e7f8ff6505515d12ca	independent uniform-shear verification and unresolved nonuniform research; retain references conservatively
benchmarks/reconstructed_fault/uniform_shear/finite-width/temporal_width.py	maintained benchmark	keep	6962	1c9f3f8d4c5588eab1e62f9925985344efe6be08694be83e0c4ec73a12546614	independent uniform-shear verification and unresolved nonuniform research; retain references conservatively
benchmarks/reconstructed_fault/uniform_shear/finite-width/test_post_transient.py	maintained benchmark	keep	1361	74a727d2e3d7fa719fb529f3de14d4a99aef40da81191f96ac07e13c1c6226ad	independent uniform-shear verification and unresolved nonuniform research; retain references conservatively
benchmarks/reconstructed_fault/uniform_shear/finite-width/test_production.py	maintained benchmark	keep	2157	faed03375ff9c766c3ac9a6ba5e735df2d05e887f939f02746a8e44bbe1ceee0	independent uniform-shear verification and unresolved nonuniform research; retain references conservatively
benchmarks/reconstructed_fault/uniform_shear/finite-width/test_reference_check.py	maintained benchmark	keep	2867	382020e73bc0ba0b2bc5d219d242e27df2fc81d18648927dbbbc1bbc04531d27	independent uniform-shear verification and unresolved nonuniform research; retain references conservatively
benchmarks/reconstructed_fault/uniform_shear/finite-width/test_temporal_width.py	maintained benchmark	keep	3072	51cea9f84198050e8b0e942f5f69730e03b31ff6e25e444e07a1a18d2a1d2f50	independent uniform-shear verification and unresolved nonuniform research; retain references conservatively
benchmarks/reconstructed_fault/uniform_shear/finite-width/verify_exports.py	maintained benchmark	keep	2817	1171aa6ba87c16f70afe53e98b4d10d781eb02b1bc6de132367a592dd7d084b1	independent uniform-shear verification and unresolved nonuniform research; retain references conservatively
benchmarks/reconstructed_fault/uniform_shear/linear-correction/README.md	maintained benchmark	keep	2082	156c5a7510b721d3e2ff791781ee8cdf858914038cd32c22e0e982bdaa1aa5b8	independent uniform-shear verification and unresolved nonuniform research; retain references conservatively
benchmarks/reconstructed_fault/uniform_shear/linear-correction/compare_ranks.py	maintained benchmark	keep	1882	f8247a1a2d9209c087109cfb3af7182d488212c8f40cd2bb09b47bdad715b34a	independent uniform-shear verification and unresolved nonuniform research; retain references conservatively
benchmarks/reconstructed_fault/uniform_shear/linear-correction/one.prm	maintained benchmark	keep	293	0c270d49718841601ca0568bdfc464d1429949793beb759b6ae96f7d3231c5d5	independent uniform-shear verification and unresolved nonuniform research; retain references conservatively
benchmarks/reconstructed_fault/uniform_shear/linear-correction/summarize.py	maintained benchmark	keep	1401	b0cdfb27328a60d9ad716c2ac8b6c86acb3b58a244060bc394aaa912920c1d4e	independent uniform-shear verification and unresolved nonuniform research; retain references conservatively
benchmarks/reconstructed_fault/uniform_shear/linear-correction/two.prm	maintained benchmark	keep	210	ba6c7fddace19af5d07ce0e4fa4c708c3893b1a85704e5bc541acf5ee903f9be	independent uniform-shear verification and unresolved nonuniform research; retain references conservatively
benchmarks/reconstructed_fault/uniform_shear/linearization-diagnosis/replay.prm	maintained benchmark	keep	299	6f2161aa792ddee0ea03afcfe27a964e701b51480ac9213a6cd0d2f2869467e1	independent uniform-shear verification and unresolved nonuniform research; retain references conservatively
benchmarks/reconstructed_fault/uniform_shear/linearization-diagnosis/summarize.py	maintained benchmark	keep	2650	26341816fe25a1a8d25bc530865020e0baaeb6d4ab6b2076eb28b13225f836b6	independent uniform-shear verification and unresolved nonuniform research; retain references conservatively
benchmarks/reconstructed_fault/uniform_shear/nonuniform/README.md	maintained benchmark	keep	5738	26dafb29e2e002ffc0e42b29e0ee8ff4692d653a4b84b894dab971677d647cd6	independent uniform-shear verification and unresolved nonuniform research; retain references conservatively
benchmarks/reconstructed_fault/uniform_shear/nonuniform/alignment/README.md	maintained benchmark	keep	2065	b9f1e0da7ad410985f412d3408c6c06ab91721a31c0ec86f61f87173a2932de1	independent uniform-shear verification and unresolved nonuniform research; retain references conservatively
benchmarks/reconstructed_fault/uniform_shear/nonuniform/alignment/check_preflight.py	maintained benchmark	keep	2974	6eb5e003841621ebc67a5569b1dcd4e6837f7ef9178f6c79be6cc27689da840f	independent uniform-shear verification and unresolved nonuniform research; retain references conservatively
benchmarks/reconstructed_fault/uniform_shear/nonuniform/alignment/compare_cases.py	maintained benchmark	keep	5766	a12b6aa890ce9a909e70e2336b5a852dd5cc6f3fff2e409c0cb7c40db734a2c9	independent uniform-shear verification and unresolved nonuniform research; retain references conservatively
benchmarks/reconstructed_fault/uniform_shear/nonuniform/alignment/comparison.json	deliberate test reference	keep	99226	d5afb7dfa9600864a381b22c24bf2a72c9e5ad0b54b315ec9b9fb0ca94c49c5d	independent uniform-shear verification and unresolved nonuniform research; retain references conservatively
benchmarks/reconstructed_fault/uniform_shear/nonuniform/alignment/homogeneous-geometry.json	deliberate test reference	keep	1545	f8e7d8f2905bd09f2110a26baf256dcd2c79f3036ba33951c73239f63de4c045	independent uniform-shear verification and unresolved nonuniform research; retain references conservatively
benchmarks/reconstructed_fault/uniform_shear/nonuniform/alignment/homogeneous-verification.json	deliberate test reference	keep	13381	0dc160e860752db3e505d8a13a2be735f5fcc3de24d87b00f61bae28448e0cf3	independent uniform-shear verification and unresolved nonuniform research; retain references conservatively
benchmarks/reconstructed_fault/uniform_shear/nonuniform/alignment/homogeneous.prm	maintained benchmark	keep	456	bcc27628b1f31b6486b7c4fb5e9a092b161ea08b8cfc4472f8c913828565031e	independent uniform-shear verification and unresolved nonuniform research; retain references conservatively
benchmarks/reconstructed_fault/uniform_shear/nonuniform/alignment/homogeneous.resources.json	deliberate test reference	keep	766	ef8ea1da59d8f95482780aa508ba598b94e02ca260d1674154b142b3eaf0c603	independent uniform-shear verification and unresolved nonuniform research; retain references conservatively
benchmarks/reconstructed_fault/uniform_shear/nonuniform/alignment/pilot-geometry.json	deliberate test reference	keep	1545	f8e7d8f2905bd09f2110a26baf256dcd2c79f3036ba33951c73239f63de4c045	independent uniform-shear verification and unresolved nonuniform research; retain references conservatively
benchmarks/reconstructed_fault/uniform_shear/nonuniform/alignment/pilot-verification.json	deliberate test reference	keep	13304	7d2be2938aad842408b90037c6c6d8b1e582a721c1d92699f5515bb12fc3a207	independent uniform-shear verification and unresolved nonuniform research; retain references conservatively
benchmarks/reconstructed_fault/uniform_shear/nonuniform/alignment/pilot.prm	maintained benchmark	keep	525	cd1eb7f0c50cf13b642253dc893989988aeca304c461d3a2f4d4e21843d6fc81	independent uniform-shear verification and unresolved nonuniform research; retain references conservatively
benchmarks/reconstructed_fault/uniform_shear/nonuniform/alignment/pilot.resources.json	deliberate test reference	keep	760	7ac158a9b1220f9c153412ae21c4ca1e7419db233d6597e4cd2f9737055b629e	independent uniform-shear verification and unresolved nonuniform research; retain references conservatively
benchmarks/reconstructed_fault/uniform_shear/nonuniform/alignment/verify_case.py	maintained benchmark	keep	2629	e39d7ecdfa4ebd7d9c5d40032e053c419b30ed617864c3723c8aa6049200b818	independent uniform-shear verification and unresolved nonuniform research; retain references conservatively
benchmarks/reconstructed_fault/uniform_shear/nonuniform/analyze_pilot.py	maintained benchmark	keep	10079	d8f4318f0b9420429e223a87aec359929c9aa4b016e948562e77347c7591309d	independent uniform-shear verification and unresolved nonuniform research; retain references conservatively
benchmarks/reconstructed_fault/uniform_shear/nonuniform/audit_convergence.py	maintained benchmark	keep	8642	b36ffa087964b3d2df7b71008a37111f6a8d850e557b65e40a6ef313208b1e41	independent uniform-shear verification and unresolved nonuniform research; retain references conservatively
benchmarks/reconstructed_fault/uniform_shear/nonuniform/audit_spatial.py	maintained benchmark	keep	4375	fc45fc9e36a029336a1fb0db3c4f920f47850da24687ccc85a0f6647902ed2fe	independent uniform-shear verification and unresolved nonuniform research; retain references conservatively
benchmarks/reconstructed_fault/uniform_shear/nonuniform/check_temporal_prefixes.py	maintained benchmark	keep	1447	c2883a0a41e61b1fbc1aebdff8d4624f301b5eda8cb947e75a8b714ab225f1a1	independent uniform-shear verification and unresolved nonuniform research; retain references conservatively
benchmarks/reconstructed_fault/uniform_shear/nonuniform/compare_cases.py	maintained benchmark	keep	5191	0112e985968c955ce8fb0d6ac9955df5f97f2524264923d90effe414dadffbaa	independent uniform-shear verification and unresolved nonuniform research; retain references conservatively
benchmarks/reconstructed_fault/uniform_shear/nonuniform/complete_temporal_measurements.py	maintained benchmark	keep	7259	c3df420c28858fddfc0db46a92083f6f9341c1689c41239067536d523fb2fa3d	independent uniform-shear verification and unresolved nonuniform research; retain references conservatively
benchmarks/reconstructed_fault/uniform_shear/nonuniform/diagnose_endpoint.py	maintained benchmark	keep	10010	4282548dfb82c74dfbcfd3ae064491c7c2af74b13443a0074d5f4fdac58fa1bd	independent uniform-shear verification and unresolved nonuniform research; retain references conservatively
benchmarks/reconstructed_fault/uniform_shear/nonuniform/diagnose_temporal_cancellation.py	maintained benchmark	keep	6476	4672f1fe6e1e46e9cb12408c89408cbf941e80586b875ec6f106d8177ead51c4	independent uniform-shear verification and unresolved nonuniform research; retain references conservatively
benchmarks/reconstructed_fault/uniform_shear/nonuniform/domain-convergence-completion/README.md	maintained benchmark	keep	2851	85e1a9a800300b07f703a85594c49a16d7327edcbb2a1779351cd64ca16db1e9	independent uniform-shear verification and unresolved nonuniform research; retain references conservatively
benchmarks/reconstructed_fault/uniform_shear/nonuniform/domain-convergence-completion/prefix-checks.json	deliberate test reference	keep	14727	c91f4cf2ce3f129640d73a659488da10f50cd9bcea067bc04f96a27a2bac38e6	independent uniform-shear verification and unresolved nonuniform research; retain references conservatively
benchmarks/reconstructed_fault/uniform_shear/nonuniform/domain-convergence-completion/temporal-audit.json	deliberate test reference	keep	303819	fb45dea4a93348008a10f6420cb666ca0680bab6033d235edca0c2f373f87785	independent uniform-shear verification and unresolved nonuniform research; retain references conservatively
benchmarks/reconstructed_fault/uniform_shear/nonuniform/domain-convergence-completion/temporal-bulk.json	deliberate test reference	keep	18102	348ad320bd4ec00a37b97db554ab492cbe506e0e4b671f4ba1abd47547223b14	independent uniform-shear verification and unresolved nonuniform research; retain references conservatively
benchmarks/reconstructed_fault/uniform_shear/nonuniform/domain-convergence-completion/temporal-cancellation.json	deliberate test reference	keep	40750	56b2b47c69b861aec7cf98096aebb54a10f65224e72b1c45688ce3b7a4f488e6	independent uniform-shear verification and unresolved nonuniform research; retain references conservatively
benchmarks/reconstructed_fault/uniform_shear/nonuniform/domain-convergence-completion/time0125.prm	maintained benchmark	keep	244	6280a0211bd612ba4ce0f18e0776d0042ec11c32a9d54daf43fb5efbb44deb27	independent uniform-shear verification and unresolved nonuniform research; retain references conservatively
benchmarks/reconstructed_fault/uniform_shear/nonuniform/domain-convergence-completion/time0125.resources.json	deliberate test reference	keep	784	95e3fc9165b297b357ac1d90bf1a1b133c7a54cdd8f368e9464a710bdf0ce502	independent uniform-shear verification and unresolved nonuniform research; retain references conservatively
benchmarks/reconstructed_fault/uniform_shear/nonuniform/domain-convergence-completion/time025.prm	maintained benchmark	keep	242	be6219f872950918e4356561a52af270c986733de2be7caa87c7a51a97ad8c61	independent uniform-shear verification and unresolved nonuniform research; retain references conservatively
benchmarks/reconstructed_fault/uniform_shear/nonuniform/domain-convergence-completion/time025.resources.json	deliberate test reference	keep	783	d2d5213dd3a46f0fb7d661e0791eb1cb7c2007bda3c5e7b06487931e827975f2	independent uniform-shear verification and unresolved nonuniform research; retain references conservatively
benchmarks/reconstructed_fault/uniform_shear/nonuniform/domain-convergence/README.md	maintained benchmark	keep	4824	f47652f9d8d43587882b680820e2f25a6ed6aa9860ca29904ee69e89ce70f8b9	independent uniform-shear verification and unresolved nonuniform research; retain references conservatively
benchmarks/reconstructed_fault/uniform_shear/nonuniform/domain-convergence/prefix64.json	deliberate test reference	keep	483	90bdbdefe11a6cf7b9ca7d8c0a8c9a97f5d5cf814c744ff8575b9fdc6a428d2c	independent uniform-shear verification and unresolved nonuniform research; retain references conservatively
benchmarks/reconstructed_fault/uniform_shear/nonuniform/domain-convergence/space128-residuals.json	deliberate test reference	keep	23149	a9473247c5bbc6ab51de0d9c8d679c36cc0334b3fa8b7bb9a5c8f9d140450138	independent uniform-shear verification and unresolved nonuniform research; retain references conservatively
benchmarks/reconstructed_fault/uniform_shear/nonuniform/domain-convergence/space128.prm	maintained benchmark	keep	233	2210700554f11632cb65ce1d7b8a3b1a990c9f0759f3b85a1133158e2b389a39	independent uniform-shear verification and unresolved nonuniform research; retain references conservatively
benchmarks/reconstructed_fault/uniform_shear/nonuniform/domain-convergence/space128.resources.json	deliberate test reference	keep	772	6d890db474d3e2fd441e12c12f5163db70d86cb252434ea56c15cac71472d142	independent uniform-shear verification and unresolved nonuniform research; retain references conservatively
benchmarks/reconstructed_fault/uniform_shear/nonuniform/domain-convergence/space32-residuals.json	deliberate test reference	keep	23205	e4196333769194f71f6dd2b7456abb33b89587babbbb28852c14f742c893cf66	independent uniform-shear verification and unresolved nonuniform research; retain references conservatively
benchmarks/reconstructed_fault/uniform_shear/nonuniform/domain-convergence/space32.prm	maintained benchmark	keep	231	578b142192f29873daee2f3de3936db367facfd9be52b67fd9220af1a3596126	independent uniform-shear verification and unresolved nonuniform research; retain references conservatively
benchmarks/reconstructed_fault/uniform_shear/nonuniform/domain-convergence/space32.resources.json	deliberate test reference	keep	770	8b49d205b9293ba34237a529c7f267ef09d4ccb99f5e21f8ace491930393dc5d	independent uniform-shear verification and unresolved nonuniform research; retain references conservatively
benchmarks/reconstructed_fault/uniform_shear/nonuniform/domain-convergence/space64-residuals.json	deliberate test reference	keep	23188	a9ad76918b0c1763ed2e160ce0d7807846f1e7b6cdefeaa2adef042dbf4dfb2b	independent uniform-shear verification and unresolved nonuniform research; retain references conservatively
benchmarks/reconstructed_fault/uniform_shear/nonuniform/domain-convergence/space64.prm	maintained benchmark	keep	218	405ac4b6cde2346b6a167df01544a626d8332f442fdc9965d983ea6b65546b93	independent uniform-shear verification and unresolved nonuniform research; retain references conservatively
benchmarks/reconstructed_fault/uniform_shear/nonuniform/domain-convergence/space64.resources.json	deliberate test reference	keep	772	d6cef405bcc4720d299da4ae515878c3b6dcbb71161c608b841aeb995407f7d6	independent uniform-shear verification and unresolved nonuniform research; retain references conservatively
benchmarks/reconstructed_fault/uniform_shear/nonuniform/domain-convergence/spatial-audit.json	deliberate test reference	keep	272957	4bf9c768b641041ac61cbb22011a48bc8b127910d9ee208ffe88420ae9d524dc	independent uniform-shear verification and unresolved nonuniform research; retain references conservatively
benchmarks/reconstructed_fault/uniform_shear/nonuniform/domain-convergence/spatial32-128.json	deliberate test reference	keep	24255	ca710a2ddea661e40f7f6456d85b036f0ed5174aa93cac108abf724e7ff3c874	independent uniform-shear verification and unresolved nonuniform research; retain references conservatively
benchmarks/reconstructed_fault/uniform_shear/nonuniform/domain-convergence/spatial32-64.json	deliberate test reference	keep	24268	819610ec3c1ed3af74bf72af1fab166ffec6c85e5c6ac8ae5931c6e6094851ce	independent uniform-shear verification and unresolved nonuniform research; retain references conservatively
benchmarks/reconstructed_fault/uniform_shear/nonuniform/domain-convergence/spatial64-128.json	deliberate test reference	keep	24340	490c7f6ef053b16448cf649ff465dde13ec541aad6623af146e27d352966321b	independent uniform-shear verification and unresolved nonuniform research; retain references conservatively
benchmarks/reconstructed_fault/uniform_shear/nonuniform/domain-convergence/temporal-bulk-decomposition.json	deliberate test reference	keep	7755	2a8dcdf47211b873600039fd57308df6cd03793d7e3486ed67cc80bbe04f7d9b	independent uniform-shear verification and unresolved nonuniform research; retain references conservatively
benchmarks/reconstructed_fault/uniform_shear/nonuniform/domain-convergence/temporal-cancellation.json	deliberate test reference	keep	23349	d45017bc0aa8ea24703b128f185c0db343a0bb530a1363cde00c2a7fbaa75bde	independent uniform-shear verification and unresolved nonuniform research; retain references conservatively
benchmarks/reconstructed_fault/uniform_shear/nonuniform/domain-convergence/temporal-partial-review.json	deliberate test reference	keep	213630	da7362844bb1e9ddfb7e4217274801cb99b8fddec5a1bfa96f677168a80f61ef	independent uniform-shear verification and unresolved nonuniform research; retain references conservatively
benchmarks/reconstructed_fault/uniform_shear/nonuniform/domain-convergence/temporal-saved-bulk.json	deliberate test reference	keep	12906	cfcfb53c8c6606db647946d018b765ee21f2d035702d42e8fdf39b13af4d45bd	independent uniform-shear verification and unresolved nonuniform research; retain references conservatively
benchmarks/reconstructed_fault/uniform_shear/nonuniform/domain-convergence/time0125-early-report.json	deliberate test reference	keep	2267	f546a7ba9ab76f1f0feddda2066990aff0c9ba19ce415e7250f1d037250187d5	independent uniform-shear verification and unresolved nonuniform research; retain references conservatively
benchmarks/reconstructed_fault/uniform_shear/nonuniform/domain-convergence/time0125.prm	maintained benchmark	keep	233	30511610b810d8f2c9d7364b9fdabc08b6c4c965d29e34ba3b358c55c57f5bc8	independent uniform-shear verification and unresolved nonuniform research; retain references conservatively
benchmarks/reconstructed_fault/uniform_shear/nonuniform/domain-convergence/time0125.resources.json	deliberate test reference	keep	771	aa1a539927990fdb4a693055f0ba46a2431d179eba8b61c713edfb3996cf221c	independent uniform-shear verification and unresolved nonuniform research; retain references conservatively
benchmarks/reconstructed_fault/uniform_shear/nonuniform/domain-convergence/time025-early-report.json	deliberate test reference	keep	2283	12de05b7c0e9cf933e59ca4e309b463e3cf871ffeb5ac1cb29b686ea06604205	independent uniform-shear verification and unresolved nonuniform research; retain references conservatively
benchmarks/reconstructed_fault/uniform_shear/nonuniform/domain-convergence/time025.prm	maintained benchmark	keep	231	b3ba91315bdec8d71ce6d5435c106946b8ad7cd0b478704a6f64d5357b507726	independent uniform-shear verification and unresolved nonuniform research; retain references conservatively
benchmarks/reconstructed_fault/uniform_shear/nonuniform/domain-convergence/time025.resources.json	deliberate test reference	keep	773	cee5b5c032c1b2c6496d2d5a9a58b65c324cdde7b4cc9afc5e9cc174f0841bda	independent uniform-shear verification and unresolved nonuniform research; retain references conservatively
benchmarks/reconstructed_fault/uniform_shear/nonuniform/endpoint/CMakeLists.txt	deliberate test reference	keep	857	09e4ed5e9d7233d331fe96b8a2079f714603327beb3717f013693492f767d307	independent uniform-shear verification and unresolved nonuniform research; retain references conservatively
benchmarks/reconstructed_fault/uniform_shear/nonuniform/endpoint/README.md	maintained benchmark	keep	2159	ba973ca27f6978c3a8e037deaed335c114a4eea0078795ae03e3f9d6354f8de0	independent uniform-shear verification and unresolved nonuniform research; retain references conservatively
benchmarks/reconstructed_fault/uniform_shear/nonuniform/endpoint/replay-comparison.json	deliberate test reference	keep	1091	3395b52612c5f90f4ee9cc9ca333a47f5252a7b9ef867dc21dda3f57d8bcd087	independent uniform-shear verification and unresolved nonuniform research; retain references conservatively
benchmarks/reconstructed_fault/uniform_shear/nonuniform/endpoint/replay64.prm	maintained benchmark	keep	304	62644cb465aba782adce42386cd810ed5dd8393b28b838150e1f093a0cce65c7	independent uniform-shear verification and unresolved nonuniform research; retain references conservatively
benchmarks/reconstructed_fault/uniform_shear/nonuniform/endpoint/summary.json	deliberate test reference	keep	5561	f9a09a7dd67c5fce99d623c7b6250a431caeaa5f803d98803dbe068d93134f09	independent uniform-shear verification and unresolved nonuniform research; retain references conservatively
benchmarks/reconstructed_fault/uniform_shear/nonuniform/endpoint/verify_plane_cuts.cc	maintained benchmark	keep	1168	c65f63b16d806f7edbc32f7068bc0a430eb095fcae7e95970f8dd6b7028e075a	independent uniform-shear verification and unresolved nonuniform research; retain references conservatively
benchmarks/reconstructed_fault/uniform_shear/nonuniform/endpoint/verify_voronoi_areas.cc	maintained benchmark	keep	1678	7c1924886248d85d8a034e61edbceac36aa3b783dff4527a3cb93edc318eb256	independent uniform-shear verification and unresolved nonuniform research; retain references conservatively
benchmarks/reconstructed_fault/uniform_shear/nonuniform/endpoint_moments.py	maintained benchmark	keep	11663	f275cda87b5e1a58b7cba1886e2573aaae1d2727844a6a8dadaa3111563e3c8a	independent uniform-shear verification and unresolved nonuniform research; retain references conservatively
benchmarks/reconstructed_fault/uniform_shear/nonuniform/global-accumulator/README.md	maintained benchmark	keep	4848	6c5a4962d1c69b3f5bdc00fb9aed405b2862cae8423fac4e88e4ed004075d425	independent uniform-shear verification and unresolved nonuniform research; retain references conservatively
benchmarks/reconstructed_fault/uniform_shear/nonuniform/global-accumulator/endpoint-comparison.json	deliberate test reference	keep	84743	2d3c8e0f82b6e790070fa472208f0779d033f7dc12c8316f9525ada1a0c6233e	independent uniform-shear verification and unresolved nonuniform research; retain references conservatively
benchmarks/reconstructed_fault/uniform_shear/nonuniform/global-accumulator/k1-short-analysis.json	deliberate test reference	keep	6345	82cb308b1b18f45db37ae52812b3f6595a5a6380af93a8834933a442f09b0490	independent uniform-shear verification and unresolved nonuniform research; retain references conservatively
benchmarks/reconstructed_fault/uniform_shear/nonuniform/global-accumulator/k1-short-errors.json	deliberate test reference	keep	7625	82c961334655fdc4e1925068c9b42578c912ea819a03a2941323daa6fd057447	independent uniform-shear verification and unresolved nonuniform research; retain references conservatively
benchmarks/reconstructed_fault/uniform_shear/nonuniform/global-accumulator/k1-short-residuals.json	deliberate test reference	keep	15728	83f42769bd711da2cee9a703c6182a1bc9ccc6e87701450ea3e5c316fc26310f	independent uniform-shear verification and unresolved nonuniform research; retain references conservatively
benchmarks/reconstructed_fault/uniform_shear/nonuniform/global-accumulator/k1_short.prm	maintained benchmark	keep	242	50459b821eac0e10d8a88a0f49b3e403b48dd4188fdb64914d58c2f4919474e7	independent uniform-shear verification and unresolved nonuniform research; retain references conservatively
benchmarks/reconstructed_fault/uniform_shear/nonuniform/global-accumulator/k1_short.resources.json	deliberate test reference	keep	772	c44daca252480f0113a396d746e807c7220ba1673781b589ada6a75c73b05e02	independent uniform-shear verification and unresolved nonuniform research; retain references conservatively
benchmarks/reconstructed_fault/uniform_shear/nonuniform/global-accumulator/k2-128-residuals.json	deliberate test reference	keep	15690	7ca5b499639d3b6f22426401444b3e3b2e8c46f37807d5121bd02605ff02d93d	independent uniform-shear verification and unresolved nonuniform research; retain references conservatively
benchmarks/reconstructed_fault/uniform_shear/nonuniform/global-accumulator/k2-128-rule-change.json	deliberate test reference	keep	15919	b9d2a55e09138507be8098cce3564a47c7dfa7fbf357867e6d146980723b7396	independent uniform-shear verification and unresolved nonuniform research; retain references conservatively
benchmarks/reconstructed_fault/uniform_shear/nonuniform/global-accumulator/k2-64-residuals.json	deliberate test reference	keep	15721	f12e1c80531053cfe1e852760513df7b678adf620332a66e3c7da94d573a3391	independent uniform-shear verification and unresolved nonuniform research; retain references conservatively
benchmarks/reconstructed_fault/uniform_shear/nonuniform/global-accumulator/k2-64-rule-change.json	deliberate test reference	keep	15838	99af063dd3e036d1a7ec5952b978c33329f8427cf3225bd95372c981c2995e01	independent uniform-shear verification and unresolved nonuniform research; retain references conservatively
benchmarks/reconstructed_fault/uniform_shear/nonuniform/global-accumulator/k2-64-vs128.json	deliberate test reference	keep	16133	50ac3c88d7c6e4920912e2b4096c282b8d272f0523a645c87fb83774ffe0cd6f	independent uniform-shear verification and unresolved nonuniform research; retain references conservatively
benchmarks/reconstructed_fault/uniform_shear/nonuniform/global-accumulator/k2-initial-comparison.json	deliberate test reference	keep	7923	1a864b4753ed0d535892bda518005caff7d8ac2f15aba1ddfe7e019d79af00c0	independent uniform-shear verification and unresolved nonuniform research; retain references conservatively
benchmarks/reconstructed_fault/uniform_shear/nonuniform/global-accumulator/k2_128.prm	maintained benchmark	keep	238	f6002dc631bc62de55d764b7241cd71a07f8b0c4054ca1c31efae781cc17f398	independent uniform-shear verification and unresolved nonuniform research; retain references conservatively
benchmarks/reconstructed_fault/uniform_shear/nonuniform/global-accumulator/k2_128.resources.json	deliberate test reference	keep	771	fd8f6876e095716a7d2d82bb2dea0a44dcea25502efcd37b14a021ce770f495f	independent uniform-shear verification and unresolved nonuniform research; retain references conservatively
benchmarks/reconstructed_fault/uniform_shear/nonuniform/global-accumulator/k2_64.prm	maintained benchmark	keep	236	e79a0bcb66a03af81fcfbf5334b3f001531e47cecc9609af81e130579ca3d921	independent uniform-shear verification and unresolved nonuniform research; retain references conservatively
benchmarks/reconstructed_fault/uniform_shear/nonuniform/global-accumulator/k2_64.resources.json	deliberate test reference	keep	769	d87381c8d8ecd55bd03dfeeeeaf07b2d699df04adfd64156b0565c926846f484	independent uniform-shear verification and unresolved nonuniform research; retain references conservatively
benchmarks/reconstructed_fault/uniform_shear/nonuniform/global-accumulator/summarize_replays.py	maintained benchmark	keep	6598	313c0c41bee8403f037ce5d074e80b2bf9505f396b41a9840dc85d50293d3e94	independent uniform-shear verification and unresolved nonuniform research; retain references conservatively
benchmarks/reconstructed_fault/uniform_shear/nonuniform/global-accumulator/test_summarize_replays.py	maintained benchmark	keep	1586	0afbd2e69b8b0e0c6b5a55e6f059df1f31ab117440e4c8c47dae620e6652656d	independent uniform-shear verification and unresolved nonuniform research; retain references conservatively
benchmarks/reconstructed_fault/uniform_shear/nonuniform/history-transfer/CMakeLists.txt	deliberate test reference	keep	342	f5c3888afa757804d005d916055948fc5e51bb9a27fdba062e733a1ea977af52	independent uniform-shear verification and unresolved nonuniform research; retain references conservatively
benchmarks/reconstructed_fault/uniform_shear/nonuniform/history-transfer/README.md	maintained benchmark	keep	3377	802e3c3a92f6f47a36181cb7c9aefc702a8d96ed717cf1db4c165f6e49c66271	independent uniform-shear verification and unresolved nonuniform research; retain references conservatively
benchmarks/reconstructed_fault/uniform_shear/nonuniform/history-transfer/average-comparison.json	deliberate test reference	keep	4392	cd63dd9eac418eb3092886e70679fb7f8f9e4a708c7af89c445eaf7f8c1b0ce9	independent uniform-shear verification and unresolved nonuniform research; retain references conservatively
benchmarks/reconstructed_fault/uniform_shear/nonuniform/history-transfer/average-one.prm	maintained benchmark	keep	149	b7d0b34fb84e944ab4346c664e2b219576d340e2b2bf97ff657de184b71a3527	independent uniform-shear verification and unresolved nonuniform research; retain references conservatively
benchmarks/reconstructed_fault/uniform_shear/nonuniform/history-transfer/average-two.prm	maintained benchmark	keep	149	a3b305d79dff8c4fce918917cffbb3962a00d0864081eb1c9123442e43f9ddfa	independent uniform-shear verification and unresolved nonuniform research; retain references conservatively
benchmarks/reconstructed_fault/uniform_shear/nonuniform/history-transfer/check_timeline.py	maintained benchmark	keep	7797	f35e02d22cb8d2c19d4f43b543b326f8178d1bf39fce93ecde23065225ae3e30	independent uniform-shear verification and unresolved nonuniform research; retain references conservatively
benchmarks/reconstructed_fault/uniform_shear/nonuniform/history-transfer/compare.py	maintained benchmark	keep	4783	fb90e9c6e4a6d08c608628f889a3cea7466f42d4a9778f032dfad6e9f018f57e	independent uniform-shear verification and unresolved nonuniform research; retain references conservatively
benchmarks/reconstructed_fault/uniform_shear/nonuniform/history-transfer/comparison.json	deliberate test reference	keep	3868	2852f50004fc8e9046ac09efee18e717a9f45f830472594c70ac7b95dfc5a9d8	independent uniform-shear verification and unresolved nonuniform research; retain references conservatively
benchmarks/reconstructed_fault/uniform_shear/nonuniform/history-transfer/dg-one.prm	maintained benchmark	keep	300	d7f6cdbdc101430bf640a7bbb7dbfc74cf3619d02a362936af28ef7f33592014	independent uniform-shear verification and unresolved nonuniform research; retain references conservatively
benchmarks/reconstructed_fault/uniform_shear/nonuniform/history-transfer/frozen.prm	maintained benchmark	keep	592	5442a18ff8abb1f8f0bc07b1ebcaf6f245393713b00af63fcbaf37838f5833c0	independent uniform-shear verification and unresolved nonuniform research; retain references conservatively
benchmarks/reconstructed_fault/uniform_shear/nonuniform/history-transfer/history_transfer.cc	maintained benchmark	keep	12510	e030dac51a21f8d873d5ccbfed5a9e8c66e4200bfe60b73abebbea2dde11066c	independent uniform-shear verification and unresolved nonuniform research; retain references conservatively
benchmarks/reconstructed_fault/uniform_shear/nonuniform/history-transfer/replay-plan.md	maintained benchmark	keep	2847	f09c250a098481d29a608adab429c37767f2178c243027e186fa26fb21997432	independent uniform-shear verification and unresolved nonuniform research; retain references conservatively
benchmarks/reconstructed_fault/uniform_shear/nonuniform/history-transfer/replay.prm	maintained benchmark	keep	566	e65d57f0e3ab1698077935654f59384476a8855a4131dfbe7c43fbbf56191bb0	independent uniform-shear verification and unresolved nonuniform research; retain references conservatively
benchmarks/reconstructed_fault/uniform_shear/nonuniform/history-transfer/timeline-verification.json	deliberate test reference	keep	5438	9eaa4fade762ef5a6d3cb1d8664ad75c26bab3f11ec7bd4a1b75ef25a15fbc37	independent uniform-shear verification and unresolved nonuniform research; retain references conservatively
benchmarks/reconstructed_fault/uniform_shear/nonuniform/history-transfer/timeline.cc	maintained benchmark	keep	8768	ab17ee66286eedbb87b31a463fa560e2a67a661b9f9b707c457a70f1e747747f	independent uniform-shear verification and unresolved nonuniform research; retain references conservatively
benchmarks/reconstructed_fault/uniform_shear/nonuniform/history-transfer/two.prm	maintained benchmark	keep	141	04a7c54054ad5ce66bf745e80cb60b380370311a19be7e0910a671c4a6dfb677	independent uniform-shear verification and unresolved nonuniform research; retain references conservatively
benchmarks/reconstructed_fault/uniform_shear/nonuniform/measure_case.py	maintained benchmark	keep	10166	3d5f011ad2bb3a2fb5d4f32c580f3c0fbbb5ce5ff87e72cff0a81ede1d5a6460	independent uniform-shear verification and unresolved nonuniform research; retain references conservatively
benchmarks/reconstructed_fault/uniform_shear/nonuniform/measure_saved_temporal_bulk.py	maintained benchmark	keep	6227	19786f503bb902d9529ef63acdf199b0ef6fb1f64486ab8e0559da5133c67d32	independent uniform-shear verification and unresolved nonuniform research; retain references conservatively
benchmarks/reconstructed_fault/uniform_shear/nonuniform/measurements/coupled_profiles.png	maintained benchmark	keep	166877	25661a916f578d2282f2e16df480bb280bde5adc8071dcfe0fdc42c6f568257b	independent uniform-shear verification and unresolved nonuniform research; retain references conservatively
benchmarks/reconstructed_fault/uniform_shear/nonuniform/measurements/normal_columns_0.csv	deliberate test reference	keep	19284	051485c509fdee797a7a201ecc90ad400848dfabea49c594b2cb2198157675c1	independent uniform-shear verification and unresolved nonuniform research; retain references conservatively
benchmarks/reconstructed_fault/uniform_shear/nonuniform/measurements/normal_columns_1.csv	deliberate test reference	keep	19284	bce6544f11cfe131a9d5c39406a8d1df06270507e2e8ac001e852ffc95bb1df5	independent uniform-shear verification and unresolved nonuniform research; retain references conservatively
benchmarks/reconstructed_fault/uniform_shear/nonuniform/measurements/normal_columns_2.csv	deliberate test reference	keep	19284	9f34a7fd074d38cf7d9ab8d9db39a1881bf1c458512c3a005957db1e1545a1ec	independent uniform-shear verification and unresolved nonuniform research; retain references conservatively
benchmarks/reconstructed_fault/uniform_shear/nonuniform/measurements/normal_columns_3.csv	deliberate test reference	keep	19284	d8eff793a70ae3c8df7d299afc86b86f1443737fb91b7ecb0f4dcce7ad7d35d9	independent uniform-shear verification and unresolved nonuniform research; retain references conservatively
benchmarks/reconstructed_fault/uniform_shear/nonuniform/measurements/normal_columns_4.csv	deliberate test reference	keep	19284	d75378f8fbb7beed9f328869abb17ab4f9d4195fb432a81d52ab99fb6903672a	independent uniform-shear verification and unresolved nonuniform research; retain references conservatively
benchmarks/reconstructed_fault/uniform_shear/nonuniform/measurements/report.json	deliberate test reference	keep	7278	d7dd889d7adf5826e60f362a2be2734307414b3b0a516b4d26d8ce0808ee5518	independent uniform-shear verification and unresolved nonuniform research; retain references conservatively
benchmarks/reconstructed_fault/uniform_shear/nonuniform/measurements/surface_0.csv	deliberate test reference	keep	9185	5e093e121270839fa714b6ea3b8bdf2a64a306fdfd99d8c9e7e418df48a1720f	independent uniform-shear verification and unresolved nonuniform research; retain references conservatively
benchmarks/reconstructed_fault/uniform_shear/nonuniform/measurements/surface_1.csv	deliberate test reference	keep	9194	06bd185d0847a5b0861d2a3fd356eeebbcd7bba5d3258b79ec6420a6c17eda0e	independent uniform-shear verification and unresolved nonuniform research; retain references conservatively
benchmarks/reconstructed_fault/uniform_shear/nonuniform/measurements/surface_2.csv	deliberate test reference	keep	9194	03b9e674de36ff19cba6f31ebdb95955af9d70148e4cf91980094a533b7a1004	independent uniform-shear verification and unresolved nonuniform research; retain references conservatively
benchmarks/reconstructed_fault/uniform_shear/nonuniform/measurements/surface_3.csv	deliberate test reference	keep	9194	f3c52044b3bcfdbf924bcad05d5717068dc56e90c6d9418cdb4bb7d6b854a8aa	independent uniform-shear verification and unresolved nonuniform research; retain references conservatively
benchmarks/reconstructed_fault/uniform_shear/nonuniform/measurements/surface_4.csv	deliberate test reference	keep	9192	3dc84cb99900df44d2b05eb6fdd3dfc1b997d2f1bb24426faabf04cbd97bb7b5	independent uniform-shear verification and unresolved nonuniform research; retain references conservatively
benchmarks/reconstructed_fault/uniform_shear/nonuniform/performance/README.md	maintained benchmark	keep	3315	c593b215ede9b23b74839a24d4fb11069ab3a432e883d8c30bf0b4ef0ba56f0d	independent uniform-shear verification and unresolved nonuniform research; retain references conservatively
benchmarks/reconstructed_fault/uniform_shear/nonuniform/performance/accounted.prm	maintained benchmark	keep	229	beee249a35a03e01feae5b3f542407a567dc2525d43cad7de22d4b6c37c3669e	independent uniform-shear verification and unresolved nonuniform research; retain references conservatively
benchmarks/reconstructed_fault/uniform_shear/nonuniform/performance/accounted.resources.json	deliberate test reference	keep	766	f03f8894ae035a51a0c8408cdd86e4c4fb02e5cf890ad17a8d64e321e31f26f3	independent uniform-shear verification and unresolved nonuniform research; retain references conservatively
benchmarks/reconstructed_fault/uniform_shear/nonuniform/performance/baseline.prm	maintained benchmark	keep	244	1c30659702012026dd0c9c239f267660bc4fbddc0acb2a0158b2e6de5bf5b4c8	independent uniform-shear verification and unresolved nonuniform research; retain references conservatively
benchmarks/reconstructed_fault/uniform_shear/nonuniform/performance/baseline.resources.json	deliberate test reference	keep	764	398bc20357dd52e32c37320e001c7cc2669021426fca779b913e86a7aab4a39e	independent uniform-shear verification and unresolved nonuniform research; retain references conservatively
benchmarks/reconstructed_fault/uniform_shear/nonuniform/performance/cartesian-prefix-comparison.json	deliberate test reference	keep	2608	23711d2f3f4cfb5cf55b52792438922330de0fdca9f094e405477a0bc20e7395	independent uniform-shear verification and unresolved nonuniform research; retain references conservatively
benchmarks/reconstructed_fault/uniform_shear/nonuniform/performance/cartesian-prefix.prm	maintained benchmark	keep	236	cc530e97b128608009cb3dea22b5b107f1643559b5a23489a0a78f3e81d04eb9	independent uniform-shear verification and unresolved nonuniform research; retain references conservatively
benchmarks/reconstructed_fault/uniform_shear/nonuniform/performance/cartesian-prefix.resources.json	deliberate test reference	keep	771	157b55587f43cdfaf4d1f5ace112fc3e9abc7aa0a605aa093e605667cbc98100	independent uniform-shear verification and unresolved nonuniform research; retain references conservatively
benchmarks/reconstructed_fault/uniform_shear/nonuniform/performance/cartesian-review.md	maintained benchmark	keep	1469	1e61712be5c251271353a72b25134954c40d1f3d6377487c339e1d9138025188	independent uniform-shear verification and unresolved nonuniform research; retain references conservatively
benchmarks/reconstructed_fault/uniform_shear/nonuniform/performance/cold-baseline-pre-retention.resources.json	deliberate test reference	keep	395	9e6414b335c10b5f87d6a0a2130fac86f7ce69e45b51330120dc9cd342fb68aa	independent uniform-shear verification and unresolved nonuniform research; retain references conservatively
benchmarks/reconstructed_fault/uniform_shear/nonuniform/performance/cold-baseline.resources.json	deliberate test reference	keep	396	19cd9cce471862363413e6baff2ae0e3bc09b95473c19f42947fba84f9e0ebad	independent uniform-shear verification and unresolved nonuniform research; retain references conservatively
benchmarks/reconstructed_fault/uniform_shear/nonuniform/performance/cold-cartesian-baseline.resources.json	deliberate test reference	keep	385	b1586fc04e82469f57e38d5df622d817f7b54048044ee78b8bb4e0ee5c38560e	independent uniform-shear verification and unresolved nonuniform research; retain references conservatively
benchmarks/reconstructed_fault/uniform_shear/nonuniform/performance/cold-cartesian-comparison.json	deliberate test reference	keep	1698	e537ec2f512810147cacc3ff2e08a01b106bc91af3e3f08ff3b17c77383cfb82	independent uniform-shear verification and unresolved nonuniform research; retain references conservatively
benchmarks/reconstructed_fault/uniform_shear/nonuniform/performance/cold-cartesian-rejection.resources.json	deliberate test reference	keep	385	e71455973003cd9708ccb0b3f2055e75f74f510789f5cc6c6860c6623681cc9e	independent uniform-shear verification and unresolved nonuniform research; retain references conservatively
benchmarks/reconstructed_fault/uniform_shear/nonuniform/performance/cold-comparison.json	deliberate test reference	keep	1711	97d70baac263dfc4bfb6d373a186fc7d22bab0fb2da31db187948b50f032063c	independent uniform-shear verification and unresolved nonuniform research; retain references conservatively
benchmarks/reconstructed_fault/uniform_shear/nonuniform/performance/cold-fallback-decision.md	maintained benchmark	keep	2273	6525fca24d48741332a9aac1407f651a6e997bca601e5fb63c18146c68cea323	independent uniform-shear verification and unresolved nonuniform research; retain references conservatively
benchmarks/reconstructed_fault/uniform_shear/nonuniform/performance/cold-fallback.gdb	maintained benchmark	keep	572	e37d51b93e58592363ae7cc8036a10d6bc7835f582df2e5857b4b45fc9f00c24	independent uniform-shear verification and unresolved nonuniform research; retain references conservatively
benchmarks/reconstructed_fault/uniform_shear/nonuniform/performance/cold-rejection-review.md	maintained benchmark	keep	4717	8dd7a4e2f44ef64a2077391372870838e49d15889bf8c645688acfc7e19c71ce	independent uniform-shear verification and unresolved nonuniform research; retain references conservatively
benchmarks/reconstructed_fault/uniform_shear/nonuniform/performance/cold-rejection.resources.json	deliberate test reference	keep	385	24754c872ed71353e5b06e7b1ecfe7bbb965b33b2d3ac666cc63e237667d119d	independent uniform-shear verification and unresolved nonuniform research; retain references conservatively
benchmarks/reconstructed_fault/uniform_shear/nonuniform/performance/compare.py	maintained benchmark	keep	6708	9b90d2196ab18b0a16b0eeaeb244d6fefa83ceb7d7a063eb57a96679a0976454	independent uniform-shear verification and unresolved nonuniform research; retain references conservatively
benchmarks/reconstructed_fault/uniform_shear/nonuniform/performance/compare_cartesian_prefix.py	maintained benchmark	keep	1706	5a4fc24675962efe1c52bcce9375608a8de9040a95bea46d150e162690e3565f	independent uniform-shear verification and unresolved nonuniform research; retain references conservatively
benchmarks/reconstructed_fault/uniform_shear/nonuniform/performance/compare_cold_rejection.py	maintained benchmark	keep	1422	6af4b29214b990615e8c41e1f9859904df377a59ba6bbfc1739951149b8855d9	independent uniform-shear verification and unresolved nonuniform research; retain references conservatively
benchmarks/reconstructed_fault/uniform_shear/nonuniform/performance/comparison.json	deliberate test reference	keep	34278	1820b1e4fa296a84cd15716f170434c083d71fbfde6157537864210b569a50d3	independent uniform-shear verification and unresolved nonuniform research; retain references conservatively
benchmarks/reconstructed_fault/uniform_shear/nonuniform/performance/fine-ih-flat-root-mesh.resources.json	deliberate test reference	keep	368	024ab964e761a07f45ab5c7a5784bd4b737ab4278c9c833a9ef563d2205eb6e5	independent uniform-shear verification and unresolved nonuniform research; retain references conservatively
benchmarks/reconstructed_fault/uniform_shear/nonuniform/performance/fine-ih-full-profile.resources.json	deliberate test reference	keep	368	37f0b198c2fc49d1f55198b1e1c5a458980dd8de51a428a7f02cabdad1618e2c	independent uniform-shear verification and unresolved nonuniform research; retain references conservatively
benchmarks/reconstructed_fault/uniform_shear/nonuniform/performance/fine-ih.resources.json	deliberate test reference	keep	365	6b66221068242cc92d6a46cbe1c53f503a18a3c0b38b9d7775fc9bb64d1192b5	independent uniform-shear verification and unresolved nonuniform research; retain references conservatively
benchmarks/reconstructed_fault/uniform_shear/nonuniform/performance/local-closed-stream.resources.json	deliberate test reference	keep	764	f9cf2fbbf921112d61a2b0f46072edc76af2682cb63b001a1f3492b565e66790	independent uniform-shear verification and unresolved nonuniform research; retain references conservatively
benchmarks/reconstructed_fault/uniform_shear/nonuniform/performance/local-mpi.prm	maintained benchmark	keep	229	931cfdecb8eb34d7981e6273b8e715ba35b86f22356f0518b7adfa822011f54b	independent uniform-shear verification and unresolved nonuniform research; retain references conservatively
benchmarks/reconstructed_fault/uniform_shear/nonuniform/performance/local-mpi.resources.json	deliberate test reference	keep	799	dfb08696052cd54a61f29b57fb4c7338254a4a73c191e2f68681f2aedb9fb1c1	independent uniform-shear verification and unresolved nonuniform research; retain references conservatively
benchmarks/reconstructed_fault/uniform_shear/nonuniform/performance/local.prm	maintained benchmark	keep	225	dfaa4a4e1004b8eaec5081b09ac1d3e554c399a4d02e90582638ed7639e2a06c	independent uniform-shear verification and unresolved nonuniform research; retain references conservatively
benchmarks/reconstructed_fault/uniform_shear/nonuniform/performance/local.resources.json	deliberate test reference	keep	761	f633f675048fb4a530b76a0c3f0c9a15117383036a77d75695d798c632786645	independent uniform-shear verification and unresolved nonuniform research; retain references conservatively
benchmarks/reconstructed_fault/uniform_shear/nonuniform/performance/optimized.prm	maintained benchmark	keep	228	e4012f5332868e852ade54ebaec5f6cf069c2c26bbf6248e69d6dac8ca43b134	independent uniform-shear verification and unresolved nonuniform research; retain references conservatively
benchmarks/reconstructed_fault/uniform_shear/nonuniform/performance/optimized.resources.json	deliberate test reference	keep	765	a8934c47da3d84503bb4897b0ebcd02f6c18dee85110371489aec8f954e96c16	independent uniform-shear verification and unresolved nonuniform research; retain references conservatively
benchmarks/reconstructed_fault/uniform_shear/nonuniform/performance/profile.prm	maintained benchmark	keep	243	1cacb672468562c65daa8cfa6597552351b01234c6b833d5e59409fc7d35fc62	independent uniform-shear verification and unresolved nonuniform research; retain references conservatively
benchmarks/reconstructed_fault/uniform_shear/nonuniform/performance/profile.resources.json	deliberate test reference	keep	764	eb5ad5aa408b13c45e0a2c91f7d005112a74b7885a2047b915f9302a5783bf8e	independent uniform-shear verification and unresolved nonuniform research; retain references conservatively
benchmarks/reconstructed_fault/uniform_shear/nonuniform/performance/run_cold_rejection.py	maintained benchmark	keep	1813	cf2ad25d58d3e0ed49a758c99d63415c761b63e6a8664c79dc704d58d27ff314	independent uniform-shear verification and unresolved nonuniform research; retain references conservatively
benchmarks/reconstructed_fault/uniform_shear/nonuniform/performance/run_kernel.py	maintained benchmark	keep	1158	1b57f937c0b43efcd9e6fdfe219d69ce84353fe4f258347263d2484fd88a42fd	independent uniform-shear verification and unresolved nonuniform research; retain references conservatively
benchmarks/reconstructed_fault/uniform_shear/nonuniform/pilot.prm	maintained benchmark	keep	787	ab26de7124022b8c400c2339a48961c4f4002f035d564753263f37dc61b01073	independent uniform-shear verification and unresolved nonuniform research; retain references conservatively
benchmarks/reconstructed_fault/uniform_shear/nonuniform/pilot.resources.json	deliberate test reference	keep	750	6888cb8dec1225cde7ee538aa117dbc7dc851e175492646148ca6022d9091020	independent uniform-shear verification and unresolved nonuniform research; retain references conservatively
benchmarks/reconstructed_fault/uniform_shear/nonuniform/polyline-quadrature/README.md	maintained benchmark	keep	2541	8669e59372f58d81cfd7d6d915d0c876bf4280ef53f1aba91fa3a2a5dc4d20ac	independent uniform-shear verification and unresolved nonuniform research; retain references conservatively
benchmarks/reconstructed_fault/uniform_shear/nonuniform/polyline-quadrature/k1_short.prm	maintained benchmark	keep	322	00ed9581e308eb59dbf1f4322b4a96a1e4e40066076ca2118a68ae32a3b6badf	independent uniform-shear verification and unresolved nonuniform research; retain references conservatively
benchmarks/reconstructed_fault/uniform_shear/nonuniform/polyline-quadrature/k2_128.prm	maintained benchmark	keep	325	1336efd833be67be40ea563578ca76257ae5827db3eed27aa367b770e221c4dd	independent uniform-shear verification and unresolved nonuniform research; retain references conservatively
benchmarks/reconstructed_fault/uniform_shear/nonuniform/polyline-quadrature/k2_64.prm	maintained benchmark	keep	305	adf90d7a41d390f48b5966ce9ec0f6d83878f398d9cf049d89140178e4f1972f	independent uniform-shear verification and unresolved nonuniform research; retain references conservatively
benchmarks/reconstructed_fault/uniform_shear/nonuniform/polyline-quadrature/stage_i_isolated.prm	maintained benchmark	keep	456	7e9a001d8283b281468719ba96046343a9b00d113b43b21f75f079e8c10e1efb	independent uniform-shear verification and unresolved nonuniform research; retain references conservatively
benchmarks/reconstructed_fault/uniform_shear/nonuniform/record_performance_baseline.py	maintained benchmark	keep	2140	ea00de9b2c250da39d93b36bfd63da416d1a797e2fcc4f6a250e35ea0e082c7b	independent uniform-shear verification and unresolved nonuniform research; retain references conservatively
benchmarks/reconstructed_fault/uniform_shear/nonuniform/refinement/README.md	maintained benchmark	keep	5170	6ee1321e4d656110a85e9c72b4b0078478c45916186f697e337849af4b3610a6	independent uniform-shear verification and unresolved nonuniform research; retain references conservatively
benchmarks/reconstructed_fault/uniform_shear/nonuniform/refinement/initial64.prm	maintained benchmark	keep	403	16937d385c8e7063ccaf5826ed5c72607e287e5864f950e6a02fd1cb7621273b	independent uniform-shear verification and unresolved nonuniform research; retain references conservatively
benchmarks/reconstructed_fault/uniform_shear/nonuniform/refinement/space128.prm	maintained benchmark	keep	403	83d4f28db654beea830859a4d25d2a50a84c5f3aa2928ec8d4ef9a8777499f8e	independent uniform-shear verification and unresolved nonuniform research; retain references conservatively
benchmarks/reconstructed_fault/uniform_shear/nonuniform/refinement/space32.prm	maintained benchmark	keep	400	577dae8460f072bfb975afb77a8467d7f305e1d2b6fcf0cd0a77411b089bd40f	independent uniform-shear verification and unresolved nonuniform research; retain references conservatively
benchmarks/reconstructed_fault/uniform_shear/nonuniform/refinement/time0125.prm	maintained benchmark	keep	405	9c8141379b0a622860d503618748c20d8bdb2eb73e01f73917ad4bece1067d51	independent uniform-shear verification and unresolved nonuniform research; retain references conservatively
benchmarks/reconstructed_fault/uniform_shear/nonuniform/refinement/time025.prm	maintained benchmark	keep	403	553759afb7d671e30776e510061866037edb416ee47ff79c5324395623fc340b	independent uniform-shear verification and unresolved nonuniform research; retain references conservatively
benchmarks/reconstructed_fault/uniform_shear/nonuniform/residual-audit/README.md	maintained benchmark	keep	3114	efbd27c37f37181b42bc8c365d6ea32fc16f17b9e1cbd39c0c0e1cc70e9ad300	independent uniform-shear verification and unresolved nonuniform research; retain references conservatively
benchmarks/reconstructed_fault/uniform_shear/nonuniform/residual-audit/stage_i.prm	maintained benchmark	keep	369	273ea1b034c28b143080abf8038778154c5aa53961002472c08a7c5e3c1135c3	independent uniform-shear verification and unresolved nonuniform research; retain references conservatively
benchmarks/reconstructed_fault/uniform_shear/nonuniform/residuals.json	deliberate test reference	keep	5809	42ef277acca771d05d040abd315c0fc375859686ae41bcaab84b0f178c9cb6af	independent uniform-shear verification and unresolved nonuniform research; retain references conservatively
benchmarks/reconstructed_fault/uniform_shear/nonuniform/summarize_endpoint.py	maintained benchmark	keep	4015	7256e11332786e25ebe135402cdb8188754ee1f457bc59f67de88b680df57558	independent uniform-shear verification and unresolved nonuniform research; retain references conservatively
benchmarks/reconstructed_fault/uniform_shear/nonuniform/test_convergence_audit.py	maintained benchmark	keep	1820	2b7f0780599c56f29a7cf680cb797884934e453df568b906570db6a826afc76a	independent uniform-shear verification and unresolved nonuniform research; retain references conservatively
benchmarks/reconstructed_fault/uniform_shear/nonuniform/test_diagnostics.py	maintained benchmark	keep	1293	0815122e96435c40264db1c021e4399ad96d87b2d6cc1706784090512a050118	independent uniform-shear verification and unresolved nonuniform research; retain references conservatively
benchmarks/reconstructed_fault/uniform_shear/nonuniform/test_endpoint.py	maintained benchmark	keep	1856	986e0a72cce4d831eae72c77f1c9ba71788a3a55610b6e9a65d5d28ae3cbbda3	independent uniform-shear verification and unresolved nonuniform research; retain references conservatively
benchmarks/reconstructed_fault/uniform_shear/nonuniform/test_endpoint_moments.py	maintained benchmark	keep	3922	571f97c718d3be0236ba07f538d47f1cad8f0b7cb2cd8c7531929d6131ea2e04	independent uniform-shear verification and unresolved nonuniform research; retain references conservatively
benchmarks/reconstructed_fault/uniform_shear/nonuniform/true-pressure/README.md	maintained benchmark	keep	5205	48ff65fab71627dd75b4138d373f0188fdf09683299ba77c7eb223cea0535e66	independent uniform-shear verification and unresolved nonuniform research; retain references conservatively
benchmarks/reconstructed_fault/uniform_shear/nonuniform/true-pressure/compare_spatial.py	maintained benchmark	keep	5354	274283f8cdf2914c97857018ba0366b541ffb5f6d7115e0bb5efa7d5ab25940a	independent uniform-shear verification and unresolved nonuniform research; retain references conservatively
benchmarks/reconstructed_fault/uniform_shear/nonuniform/true-pressure/comparison.json	deliberate test reference	keep	8184	543bb149d6febf0afd0b45047bd12bf23e162c01297718e58c95f5ba480727b2	independent uniform-shear verification and unresolved nonuniform research; retain references conservatively
benchmarks/reconstructed_fault/uniform_shear/nonuniform/true-pressure/endpoint-localization.json	deliberate test reference	keep	68081	b64bfe85aacd35e239e4e6c08df349f1e17431d9efb46d6fb4aad1b1e7322482	independent uniform-shear verification and unresolved nonuniform research; retain references conservatively
benchmarks/reconstructed_fault/uniform_shear/nonuniform/true-pressure/homogeneous-verification.json	deliberate test reference	keep	13365	0340b53f0c1ea032d88c45d47595ddaf4a9091d2b82a9d39e047951d3ca8144c	independent uniform-shear verification and unresolved nonuniform research; retain references conservatively
benchmarks/reconstructed_fault/uniform_shear/nonuniform/true-pressure/homogeneous.prm	maintained benchmark	keep	415	58282103f8eee1cad6cf214aaaa7ec2782247239ca7747d1f6b0b2b8953d485d	independent uniform-shear verification and unresolved nonuniform research; retain references conservatively
benchmarks/reconstructed_fault/uniform_shear/nonuniform/true-pressure/homogeneous.resources.json	deliberate test reference	keep	770	15df2668ee06d8205d5f48db88e7ca8b9f27b17caa1cb04bf10f1a77e7c1d5c3	independent uniform-shear verification and unresolved nonuniform research; retain references conservatively
benchmarks/reconstructed_fault/uniform_shear/nonuniform/true-pressure/homogeneous64-verification.json	deliberate test reference	keep	13396	b4959bcc160aa903b3a8d091e40f388bcfd620479a032d29fcf9f88e1f14b985	independent uniform-shear verification and unresolved nonuniform research; retain references conservatively
benchmarks/reconstructed_fault/uniform_shear/nonuniform/true-pressure/homogeneous64.prm	maintained benchmark	keep	410	e28c65a26022e082635f3135aaecabc6c2df9b705d0ea91ff1af9e4b87fb4e18	independent uniform-shear verification and unresolved nonuniform research; retain references conservatively
benchmarks/reconstructed_fault/uniform_shear/nonuniform/true-pressure/homogeneous64.resources.json	deliberate test reference	keep	773	86ea19caced0401fcca283348a532d671d63c79a9c3a57a0010def13cddfc615	independent uniform-shear verification and unresolved nonuniform research; retain references conservatively
benchmarks/reconstructed_fault/uniform_shear/nonuniform/true-pressure/localize_endpoints.py	maintained benchmark	keep	8188	b2cf11b95ae9066e95cfe604f6728fe361b95409c04ad8ed7068751c8383c69d	independent uniform-shear verification and unresolved nonuniform research; retain references conservatively
benchmarks/reconstructed_fault/uniform_shear/nonuniform/true-pressure/pilot-verification.json	deliberate test reference	keep	13297	a85022c401239f2fc72c91d5559de5609636bde93d9eea89b2979893e9748bb7	independent uniform-shear verification and unresolved nonuniform research; retain references conservatively
benchmarks/reconstructed_fault/uniform_shear/nonuniform/true-pressure/pilot.prm	maintained benchmark	keep	1019	e2d8ed7235f5cc76a9c082e21fe7adb583c466358789ea217fdbdcca59a2e9cd	independent uniform-shear verification and unresolved nonuniform research; retain references conservatively
benchmarks/reconstructed_fault/uniform_shear/nonuniform/true-pressure/pilot.resources.json	deliberate test reference	keep	763	10bbd265bebfe95aee95136b46c97409002a1fe394140eb947a9fe6c0fca0e5d	independent uniform-shear verification and unresolved nonuniform research; retain references conservatively
benchmarks/reconstructed_fault/uniform_shear/nonuniform/true-pressure/pilot64-verification.json	deliberate test reference	keep	13305	8c63f5b3ee0fdc0e83fada3c4dfba4a504bea24594a3dd9c1818bf2deb55a254	independent uniform-shear verification and unresolved nonuniform research; retain references conservatively
benchmarks/reconstructed_fault/uniform_shear/nonuniform/true-pressure/pilot64.prm	maintained benchmark	keep	441	5e4d869fefd066771c2ca5d43d3fbe2916d1eb51432a37a7fa02fc466792330b	independent uniform-shear verification and unresolved nonuniform research; retain references conservatively
benchmarks/reconstructed_fault/uniform_shear/nonuniform/true-pressure/pilot64.resources.json	deliberate test reference	keep	766	1c4d8f0967b9e3c0fc76f2051373c22de20c511c1271bf4cff5b6838471c0984	independent uniform-shear verification and unresolved nonuniform research; retain references conservatively
benchmarks/reconstructed_fault/uniform_shear/nonuniform/true-pressure/spatial-comparison.json	deliberate test reference	keep	24058	0d0170704b4d68747689cc2bc6a558e4440763fbffd722f63046512f796e8c71	independent uniform-shear verification and unresolved nonuniform research; retain references conservatively
benchmarks/reconstructed_fault/uniform_shear/nonuniform/true-pressure/verify_pilot.py	maintained benchmark	keep	9803	a8ae61fd04ad06bc19c69839d6acf755f33218cf3d5141f8b0c25b2ecb6ed43a	independent uniform-shear verification and unresolved nonuniform research; retain references conservatively
benchmarks/reconstructed_fault/uniform_shear/pilot.prm	maintained benchmark	keep	4553	9d272068a2dc5f244dc3b948021cd4a7dc2c953968b9b5117312ce48fe34104b	independent uniform-shear verification and unresolved nonuniform research; retain references conservatively
benchmarks/reconstructed_fault/uniform_shear/plot_corrected_pilot.py	maintained benchmark	keep	5515	0299d1250eaa2127e2c4452eba33399a4c5dbafb9e22d1e4f4445db14c0cb918	independent uniform-shear verification and unresolved nonuniform research; retain references conservatively
benchmarks/reconstructed_fault/uniform_shear/pressure-normalization/compare.py	maintained benchmark	keep	2563	44314c38572870efe8ef0d068be4c4ce40efb49a8a6ccb762e0ad2aed1c132cb	independent uniform-shear verification and unresolved nonuniform research; retain references conservatively
benchmarks/reconstructed_fault/uniform_shear/pressure-normalization/dt05.prm	maintained benchmark	keep	298	a95b938a7bff7909a9164f93e8ea42b5a3bb11f3a77587405314339e862e9682	independent uniform-shear verification and unresolved nonuniform research; retain references conservatively
benchmarks/reconstructed_fault/uniform_shear/pressure-normalization/dt2.prm	maintained benchmark	keep	280	95d91531cbd638329c9b8c837eb95bf972b669ad64d34e761e339d28bb991fa3	independent uniform-shear verification and unresolved nonuniform research; retain references conservatively
benchmarks/reconstructed_fault/uniform_shear/reference.py	maintained benchmark	keep	5599	af8bd090410721af61fbc31751a410afa096493b93523e8aaf16c8efa9fd49dc	independent uniform-shear verification and unresolved nonuniform research; retain references conservatively
benchmarks/reconstructed_fault/uniform_shear/residual-floor/convergence/case_summary.csv	deliberate test reference	keep	2305	d2aa087415677505ca05cf2dc07856e0374469be40d3fd71167e23cf38b48769	independent uniform-shear verification and unresolved nonuniform research; retain references conservatively
benchmarks/reconstructed_fault/uniform_shear/residual-floor/convergence/common_time_comparison.csv	deliberate test reference	keep	5590	d4f03b6dc79c0f3f488647a3fa8bc79576220dbdb084f8730b53b467048a5628	independent uniform-shear verification and unresolved nonuniform research; retain references conservatively
benchmarks/reconstructed_fault/uniform_shear/residual-floor/convergence/histories.png	maintained benchmark	keep	169501	ad87b2346411dc63284c70c44c221ff4c51e1e268510f950fe0d118b633f3a83	independent uniform-shear verification and unresolved nonuniform research; retain references conservatively
benchmarks/reconstructed_fault/uniform_shear/residual-floor/convergence/initial_profiles.png	maintained benchmark	keep	100684	922a4a7dcf71a87de4d7c228dc5e291002bd097ba9c8b82375beb32486b3a2c4	independent uniform-shear verification and unresolved nonuniform research; retain references conservatively
benchmarks/reconstructed_fault/uniform_shear/residual-floor/convergence/initialization_differences.json	deliberate test reference	keep	427	3edd5ff0fd9af99327c7d00f8102cefc31dfdf1fbfa5513a4f1c16804fdd9fb5	independent uniform-shear verification and unresolved nonuniform research; retain references conservatively
benchmarks/reconstructed_fault/uniform_shear/residual-floor/convergence/space16_dt05-analysis.json	deliberate test reference	keep	21161	1005681fa4de2fa5e493cc174df6182061fe4aa2cbfd3db14a98870725257cd6	independent uniform-shear verification and unresolved nonuniform research; retain references conservatively
benchmarks/reconstructed_fault/uniform_shear/residual-floor/convergence/space16_dt05-errors.json	deliberate test reference	keep	27340	332b8c85f863d667cf15a361fe7ebbcb8d7ad6b8adabc65339e8b72b22c5fc66	independent uniform-shear verification and unresolved nonuniform research; retain references conservatively
benchmarks/reconstructed_fault/uniform_shear/residual-floor/convergence/space16_dt05.prm	maintained benchmark	keep	292	5cee98ba4e6a02bf0a3f82a03a3fc7134043fe494a1ceeb0d9994bd17337ba3a	independent uniform-shear verification and unresolved nonuniform research; retain references conservatively
benchmarks/reconstructed_fault/uniform_shear/residual-floor/convergence/space16_dt05.resources.json	deliberate test reference	keep	773	3860390c5d1d239c47218c19ee95b1007be779d3cdda02c757262d36479a621d	independent uniform-shear verification and unresolved nonuniform research; retain references conservatively
benchmarks/reconstructed_fault/uniform_shear/residual-floor/convergence/space32_dt05-analysis.json	deliberate test reference	keep	21174	b2459fb96ba6526414a153a8f710c64eadfa98eef1aa5cf1bed17234b686566c	independent uniform-shear verification and unresolved nonuniform research; retain references conservatively
benchmarks/reconstructed_fault/uniform_shear/residual-floor/convergence/space32_dt05-errors.json	deliberate test reference	keep	27351	b7ce0a8bebf3eba88716f1ea018a6e319084ff5b49f3fec31bd601ae9108bca5	independent uniform-shear verification and unresolved nonuniform research; retain references conservatively
benchmarks/reconstructed_fault/uniform_shear/residual-floor/convergence/space32_dt05-residuals.json	deliberate test reference	keep	14997	bc89ba28ecb10c350f2503a543112022287fbbdb6da09c8e8c052b6acad747c3	independent uniform-shear verification and unresolved nonuniform research; retain references conservatively
benchmarks/reconstructed_fault/uniform_shear/residual-floor/convergence/space32_dt05.prm	maintained benchmark	keep	228	763e197f4fb18cbe6f179a277ecc5cf8f66e40574be38ee1dddcd9abd873d0b5	independent uniform-shear verification and unresolved nonuniform research; retain references conservatively
benchmarks/reconstructed_fault/uniform_shear/residual-floor/convergence/space32_dt05.resources.json	deliberate test reference	keep	772	709254db5160e1727640ecf11d59c6cdc3550e50b91cadae434e0ddaf2726dd5	independent uniform-shear verification and unresolved nonuniform research; retain references conservatively
benchmarks/reconstructed_fault/uniform_shear/residual-floor/convergence/space64_dt05-analysis.json	deliberate test reference	keep	21186	36d078e79ba28fa73d7917156f87bb8078479e2794b7dde6f32fc83d68b76758	independent uniform-shear verification and unresolved nonuniform research; retain references conservatively
benchmarks/reconstructed_fault/uniform_shear/residual-floor/convergence/space64_dt05-errors.json	deliberate test reference	keep	27370	8eaf94bc43f14e1ee48dd053374d44ccb3356318250661464e6869dc64b7a666	independent uniform-shear verification and unresolved nonuniform research; retain references conservatively
benchmarks/reconstructed_fault/uniform_shear/residual-floor/convergence/space64_dt05-residuals.json	deliberate test reference	keep	15014	1bb771addebd29f0ef8dbc0946ec6f8079755a44716f5823d2af439da41a59ed	independent uniform-shear verification and unresolved nonuniform research; retain references conservatively
benchmarks/reconstructed_fault/uniform_shear/residual-floor/convergence/space64_dt05.prm	maintained benchmark	keep	228	b06a9919cce48e0801692112004f4dece5ef405d8bde980c8b19ee4cf9bc86b5	independent uniform-shear verification and unresolved nonuniform research; retain references conservatively
benchmarks/reconstructed_fault/uniform_shear/residual-floor/convergence/space64_dt05.resources.json	deliberate test reference	keep	772	368df3d728880457d1ef8c5a64e5b9dcfb35e08bdf2b12fd8382cf0716e4b2bc	independent uniform-shear verification and unresolved nonuniform research; retain references conservatively
benchmarks/reconstructed_fault/uniform_shear/residual-floor/convergence/space64_dt1-analysis.json	deliberate test reference	keep	12299	af1858b69b9ef23947b68de95ab2fce9420b0e7e00cd90b51e18c978b3854ebd	independent uniform-shear verification and unresolved nonuniform research; retain references conservatively
benchmarks/reconstructed_fault/uniform_shear/residual-floor/convergence/space64_dt1-errors.json	deliberate test reference	keep	15517	68193ccf8c762fd273d1d9961a415e8df0d20c263dd19a0cab18f57939241c35	independent uniform-shear verification and unresolved nonuniform research; retain references conservatively
benchmarks/reconstructed_fault/uniform_shear/residual-floor/convergence/space64_dt1-residuals.json	deliberate test reference	keep	8108	7de682e38a8205d7170a04103c4b21e269d86fec874325aa00e3ecb94a74de0a	independent uniform-shear verification and unresolved nonuniform research; retain references conservatively
benchmarks/reconstructed_fault/uniform_shear/residual-floor/convergence/space64_dt1.prm	maintained benchmark	keep	226	5cb61fe00062ad55620a3acce508b7c5ac75d4e1848dab9f4d271b6681789f4f	independent uniform-shear verification and unresolved nonuniform research; retain references conservatively
benchmarks/reconstructed_fault/uniform_shear/residual-floor/convergence/space64_dt1.resources.json	deliberate test reference	keep	771	aee05a2b673b336659bb7fce2262dc348b84742eef49fa473694aae3aae93fd7	independent uniform-shear verification and unresolved nonuniform research; retain references conservatively
benchmarks/reconstructed_fault/uniform_shear/residual-floor/convergence/space64_dt2-analysis.json	deliberate test reference	keep	7740	914884860033b47ea3fa87c213c295b253c378408db9543c424144be2cb34cc3	independent uniform-shear verification and unresolved nonuniform research; retain references conservatively
benchmarks/reconstructed_fault/uniform_shear/residual-floor/convergence/space64_dt2-errors.json	deliberate test reference	keep	9595	45d8fb128dad1f9f6753aa4535890e33b4a8f019d2978cf98db4d92bfe49aeda	independent uniform-shear verification and unresolved nonuniform research; retain references conservatively
benchmarks/reconstructed_fault/uniform_shear/residual-floor/convergence/space64_dt2-residuals.json	deliberate test reference	keep	4670	e86470c12f693b959ceabec3889db6b699492f40400fa93802c0b14732d0bebe	independent uniform-shear verification and unresolved nonuniform research; retain references conservatively
benchmarks/reconstructed_fault/uniform_shear/residual-floor/convergence/space64_dt2.prm	maintained benchmark	keep	226	7ff155450f18e56dd5a61e016a15cc49eed9df6ecf702368babf7c0fe0103b66	independent uniform-shear verification and unresolved nonuniform research; retain references conservatively
benchmarks/reconstructed_fault/uniform_shear/residual-floor/convergence/space64_dt2.resources.json	deliberate test reference	keep	772	b1febd9beb326495c75fad97bb12e65bcd5e70f9f373c0182b36c650f350c5dd	independent uniform-shear verification and unresolved nonuniform research; retain references conservatively
benchmarks/reconstructed_fault/uniform_shear/residual-floor/convergence/spatial_errors.png	maintained benchmark	keep	107400	9e447005910e6764b82f10c37a81b855a94f821339922c38badf015ebec0cea2	independent uniform-shear verification and unresolved nonuniform research; retain references conservatively
benchmarks/reconstructed_fault/uniform_shear/residual-floor/convergence/summary.json	deliberate test reference	keep	4736	2fb3535575258ca0a6abdc0721089233e5fb997fb1c319a67bfe23b747fadfae	independent uniform-shear verification and unresolved nonuniform research; retain references conservatively
benchmarks/reconstructed_fault/uniform_shear/residual-floor/correctness-baseline.sha256	maintained benchmark	keep	351	fe1202e19bbd30c147ffe4fcc73877f26b2d9fe0004cda5db20218d5031a6bd2	independent uniform-shear verification and unresolved nonuniform research; retain references conservatively
benchmarks/reconstructed_fault/uniform_shear/residual-floor/debug-release-comparison.json	deliberate test reference	keep	5562	02e74c4b07e680d56630a163ce6ee248bb30ecc4e55037a4cae0be11abb7989c	independent uniform-shear verification and unresolved nonuniform research; retain references conservatively
benchmarks/reconstructed_fault/uniform_shear/residual-floor/diagnose.prm	maintained benchmark	keep	290	25aec6d9f392e010d86b2ca428c1fc7e9f9c5a5b1a2d8cfb32b5a5381ed0929f	independent uniform-shear verification and unresolved nonuniform research; retain references conservatively
benchmarks/reconstructed_fault/uniform_shear/residual-floor/diagnose.resources.json	deliberate test reference	keep	748	876cb85fd1e97e0d528a82412affa2c9d8624c110f40d5e157db200fc6b47e14	independent uniform-shear verification and unresolved nonuniform research; retain references conservatively
benchmarks/reconstructed_fault/uniform_shear/residual-floor/mixed-analysis.json	deliberate test reference	keep	21161	1005681fa4de2fa5e493cc174df6182061fe4aa2cbfd3db14a98870725257cd6	independent uniform-shear verification and unresolved nonuniform research; retain references conservatively
benchmarks/reconstructed_fault/uniform_shear/residual-floor/mixed-errors.json	deliberate test reference	keep	27340	332b8c85f863d667cf15a361fe7ebbcb8d7ad6b8adabc65339e8b72b22c5fc66	independent uniform-shear verification and unresolved nonuniform research; retain references conservatively
benchmarks/reconstructed_fault/uniform_shear/residual-floor/mixed.prm	maintained benchmark	keep	207	f5ae07c22c135a84e59138931eff809861289cbc972e688eb149a55d29ec65be	independent uniform-shear verification and unresolved nonuniform research; retain references conservatively
benchmarks/reconstructed_fault/uniform_shear/residual-floor/mixed.resources.json	deliberate test reference	keep	753	21f5da64c3851869ede948ab6c3d49f4ad2b623fdcfaa6bb417c87782e56f207	independent uniform-shear verification and unresolved nonuniform research; retain references conservatively
benchmarks/reconstructed_fault/uniform_shear/residual-floor/one-residuals.json	deliberate test reference	keep	15009	67ea5cf409e7eff634af22376600032bce32036d680fe5fc813490e7383c4c44	independent uniform-shear verification and unresolved nonuniform research; retain references conservatively
benchmarks/reconstructed_fault/uniform_shear/residual-floor/rank-comparison.json	deliberate test reference	keep	6921	3ebc29b2980a22a9e27d15f9d10242cac0e0275feebcdcf0a87f44d2a6db3f20	independent uniform-shear verification and unresolved nonuniform research; retain references conservatively
benchmarks/reconstructed_fault/uniform_shear/residual-floor/release.prm	maintained benchmark	keep	354	ee80c1d2b284ba36d2a0e4e4c132d52064460be9a16c2df33ed67a4f24c7a097	independent uniform-shear verification and unresolved nonuniform research; retain references conservatively
benchmarks/reconstructed_fault/uniform_shear/residual-floor/release.resources.json	deliberate test reference	keep	755	3598d255dd0badd4acc14679fe145bf5244cf7de50595bda0e2e118cffbc3e63	independent uniform-shear verification and unresolved nonuniform research; retain references conservatively
benchmarks/reconstructed_fault/uniform_shear/residual-floor/restart-comparison.json	deliberate test reference	keep	1445	2c8c8c7cf99ef516d6058ead4c929bbbf8922ffb2ab82f5cf425e4a97cbd5e8d	independent uniform-shear verification and unresolved nonuniform research; retain references conservatively
benchmarks/reconstructed_fault/uniform_shear/residual-floor/resume.prm	maintained benchmark	keep	255	fa7583173951451fc25588925b04123257677388a28b56ee019e3e740555dd60	independent uniform-shear verification and unresolved nonuniform research; retain references conservatively
benchmarks/reconstructed_fault/uniform_shear/residual-floor/resume.resources.json	deliberate test reference	keep	754	374153d9d5708d21d45074ba367f653ed91e81942c03fcc0cc447402358e55ec	independent uniform-shear verification and unresolved nonuniform research; retain references conservatively
benchmarks/reconstructed_fault/uniform_shear/residual-floor/shift.prm	maintained benchmark	keep	209	d6d4b287fb4078a9e642591e9157adf8f52fc708c0af62648d26baf121dc1cca	independent uniform-shear verification and unresolved nonuniform research; retain references conservatively
benchmarks/reconstructed_fault/uniform_shear/residual-floor/shift.resources.json	deliberate test reference	keep	745	41de02b400b03aed2765b5ca063d332ba3a1fb511c4c5b87645f66c88e32ed0a	independent uniform-shear verification and unresolved nonuniform research; retain references conservatively
benchmarks/reconstructed_fault/uniform_shear/residual-floor/two-analysis.json	deliberate test reference	keep	21154	56c31bda94ff19fd11173b5bbd97c99f4546178bea16c1426bf7c5d65d119fec	independent uniform-shear verification and unresolved nonuniform research; retain references conservatively
benchmarks/reconstructed_fault/uniform_shear/residual-floor/two-residuals.json	deliberate test reference	keep	15008	d460ba9f7648182db89a82881a95bcbf42062f187de319be3c7bf2867dd0381e	independent uniform-shear verification and unresolved nonuniform research; retain references conservatively
benchmarks/reconstructed_fault/uniform_shear/residual-floor/two.prm	maintained benchmark	keep	207	d8d2ebde81319dccf4e2b0241426bf74553325cb04070a7b41127248a7d24c71	independent uniform-shear verification and unresolved nonuniform research; retain references conservatively
benchmarks/reconstructed_fault/uniform_shear/residual-floor/two.resources.json	deliberate test reference	keep	786	31763efc2aef13d1aa9f4ec51b72a3583f8046f77a61351c85665ca59a3c195e	independent uniform-shear verification and unresolved nonuniform research; retain references conservatively
benchmarks/reconstructed_fault/uniform_shear/run_pilot.py	maintained benchmark	keep	705	6c61ab5b1f08f3fd810896a28c6673c4b7c230445769ac8fa24136611c5fb62e	independent uniform-shear verification and unresolved nonuniform research; retain references conservatively
benchmarks/reconstructed_fault/uniform_shear/summarize_convergence.py	maintained benchmark	keep	6682	41e9eaff5fdb78fe92d5eb4a9e8faf0bc7850623d735316172b382924491a424	independent uniform-shear verification and unresolved nonuniform research; retain references conservatively
benchmarks/reconstructed_fault/uniform_shear/summarize_residual_floor.py	maintained benchmark	keep	2504	299aad1d6a119fb099dd7742466002ad8d14144f399eff96b0638b6cfab0281b	independent uniform-shear verification and unresolved nonuniform research; retain references conservatively
benchmarks/reconstructed_fault/uniform_shear/support_resolution.py	maintained benchmark	keep	8262	ed28c539189b86359c1971b9a9b46edb70d66a64219fd486e698e1f3fe414c10	independent uniform-shear verification and unresolved nonuniform research; retain references conservatively
benchmarks/reconstructed_fault/uniform_shear/test_analysis.py	maintained benchmark	keep	2402	be93e25f62fdddc74fd94d3c8652553fd9ca8366eb33791ad1d5adb5cc20cc48	independent uniform-shear verification and unresolved nonuniform research; retain references conservatively
benchmarks/reconstructed_fault/uniform_shear/test_convergence.py	maintained benchmark	keep	2035	77797f5d33d218372c58df646a335f57dab54fb0cf767c9cf770f94a8370b1e3	independent uniform-shear verification and unresolved nonuniform research; retain references conservatively
benchmarks/reconstructed_fault/uniform_shear/test_line_search_diagnosis.py	maintained benchmark	keep	2505	92897d3991a873b9925fd348e65b454aca8687159301b7910896b0496d1513c4	independent uniform-shear verification and unresolved nonuniform research; retain references conservatively
benchmarks/reconstructed_fault/uniform_shear/test_reference.py	maintained benchmark	keep	1980	fe416e77d55b80568f30775dd739e1f952a7e808eb98042ea1510482b5831fde	independent uniform-shear verification and unresolved nonuniform research; retain references conservatively
benchmarks/reconstructed_fault/uniform_shear/test_support_resolution.py	maintained benchmark	keep	1736	98a9689c134d850a730dbfdb90513c844867c0dd2b585ed2dd31b25c7c0772aa	independent uniform-shear verification and unresolved nonuniform research; retain references conservatively
benchmarks/reconstructed_fault/uniform_shear/uniform_shear.cc	maintained benchmark	keep	30765	8c30a2620606a281a93f1ce6a1f2e3cc7f7119fffb7dd53286b1d11e0f629bfd	independent uniform-shear verification and unresolved nonuniform research; retain references conservatively
