case,stage,step,site,family,count_min,count_max,min_ratio,rms_error_over_1e8,max_error_over_1e8,mean_over_1e8,reference_mean_over_1e8,min_over_1e8,max_over_1e8
regular,generated,0,LLS_support,0,16,16,0.2795084971874738,0.0,0.0,0.9999999999999999,0.9999999999999999,1.0,1.0
regular,generated,0,LLS_support,1,16,16,0.2795084971874738,1.0454069972337994e-16,2.9802322387695313e-16,1.2799999999999998,1.2799999999999998,1.0,1.56
regular,generated,0,LLS_support,2,16,16,0.2795084971874738,0.006138004604411493,0.013951940138077885,0.9999999999999996,1.0,0.891934296588418,1.1080657034115822
regular,generated,0,LLS_gauss3,0,16,16,0.2795084971874738,0.0,0.0,0.9999999999999999,0.9999999999999999,1.0,1.0
regular,generated,0,LLS_gauss3,1,16,16,0.2795084971874738,1.2154419273159591e-16,2.9802322387695313e-16,1.28,1.28,1.005635083268963,1.5543649167310372
regular,generated,0,LLS_gauss3,2,16,16,0.2795084971874738,0.002972840323758384,0.008278152666062265,0.9999999999999997,1.0,0.8979633481541257,1.1020366518458744
regular,initial_management,0,LLS_support,0,16,16,0.2795084971874738,0.0,0.0,0.9999999999999999,0.9999999999999999,1.0,1.0
regular,initial_management,0,LLS_support,1,16,16,0.2795084971874738,1.0454069972337994e-16,2.9802322387695313e-16,1.2799999999999998,1.2799999999999998,1.0,1.56
regular,initial_management,0,LLS_support,2,16,16,0.2795084971874738,0.006138004604411493,0.013951940138077885,0.9999999999999996,1.0,0.891934296588418,1.1080657034115822
regular,initial_management,0,LLS_gauss3,0,16,16,0.2795084971874738,0.0,0.0,0.9999999999999999,0.9999999999999999,1.0,1.0
regular,initial_management,0,LLS_gauss3,1,16,16,0.2795084971874738,1.2154419273159591e-16,2.9802322387695313e-16,1.28,1.28,1.005635083268963,1.5543649167310372
regular,initial_management,0,LLS_gauss3,2,16,16,0.2795084971874738,0.002972840323758384,0.008278152666062265,0.9999999999999997,1.0,0.8979633481541257,1.1020366518458744
regular,transport,0,LLS_support,0,16,16,0.2795084971874738,0.0,0.0,0.9999999999999999,0.9999999999999999,1.0,1.0
regular,transport,0,LLS_support,1,16,16,0.2795084971874738,1.0454069972337994e-16,2.9802322387695313e-16,1.2799999999999998,1.2799999999999998,1.0,1.56
regular,transport,0,LLS_support,2,16,16,0.2795084971874738,0.006138004604411493,0.013951940138077885,0.9999999999999996,1.0,0.891934296588418,1.1080657034115822
regular,transport,0,LLS_gauss3,0,16,16,0.2795084971874738,0.0,0.0,0.9999999999999999,0.9999999999999999,1.0,1.0
regular,transport,0,LLS_gauss3,1,16,16,0.2795084971874738,1.2154419273159591e-16,2.9802322387695313e-16,1.28,1.28,1.005635083268963,1.5543649167310372
regular,transport,0,LLS_gauss3,2,16,16,0.2795084971874738,0.002972840323758384,0.008278152666062265,0.9999999999999997,1.0,0.8979633481541257,1.1020366518458744
regular,transport,0,Q2_support,0,16,16,0.2795084971874738,0.0,0.0,0.9999999999999999,0.9999999999999999,1.0,1.0
regular,transport,0,Q2_support,1,16,16,0.2795084971874738,8.501773040511432e-17,2.9802322387695313e-16,1.2799999999999998,1.2799999999999998,1.0,1.56
regular,transport,0,Q2_support,2,16,16,0.2795084971874738,0.003037215976925398,0.008065703411581963,0.9999999999999999,1.0,0.8919342965884182,1.1080657034115822
regular,transport,0,Q2_gauss3,0,16,16,0.2795084971874738,9.438854332592234e-17,1.4901161193847657e-16,0.9999999999999999,0.9999999999999999,1.0,1.0000000000000002
regular,transport,0,Q2_gauss3,1,16,16,0.2795084971874738,1.8630331598901457e-16,5.960464477539063e-16,1.28,1.28,1.005635083268963,1.5543649167310372
regular,transport,0,Q2_gauss3,2,16,16,0.2795084971874738,0.0014734327469857627,0.004037472715720088,1.0000000000000002,1.0,0.8973100640980387,1.102689935901962
regular,transport,1,LLS_support,0,12,16,0.20136872897251282,1.1829385461445682e-16,2.9802322387695313e-16,1.0,0.9999999999999999,0.9999999999999999,1.0000000000000002
regular,transport,1,LLS_support,1,12,16,0.20136872897251282,1.8122940658686586e-16,1.043081283569336e-15,1.2723999999999998,1.2723999999999998,0.9924000000000004,1.5524000000000002
regular,transport,1,LLS_support,2,12,16,0.20136872897251282,0.006630103210256852,0.019807353043479622,1.0,1.0,0.889932126975388,1.110067873024612
regular,transport,1,LLS_gauss3,0,12,16,0.20136872897251282,1.0905270818776334e-16,2.9802322387695313e-16,1.0,0.9999999999999999,0.9999999999999999,1.0000000000000002
regular,transport,1,LLS_gauss3,1,12,16,0.20136872897251282,1.6483438399413781e-16,8.940696716308593e-16,1.2724,1.2724,0.9980350832689633,1.546764916731037
regular,transport,1,LLS_gauss3,2,12,16,0.20136872897251282,0.003395666705025502,0.0130912495437634,1.0000000000000002,0.9999999999999999,0.8946691223944202,1.1053308776055797
regular,transport,1,Q2_support,0,12,16,0.20136872897251282,4.4339823403351325e-17,2.9802322387695313e-16,1.0,0.9999999999999999,0.9999999999999999,1.0000000000000002
regular,transport,1,Q2_support,1,12,16,0.20136872897251282,1.502354149093586e-16,8.940696716308593e-16,1.2723999999999998,1.2723999999999998,0.9924000000000004,1.5524000000000002
regular,transport,1,Q2_support,2,12,16,0.20136872897251282,0.0034539912811600505,0.011436720719674975,0.9999999999999999,1.0,0.8902327848024799,1.1097672151975202
regular,transport,1,Q2_gauss3,0,12,16,0.20136872897251282,1.0749505021411172e-16,4.470348358154296e-16,1.0,0.9999999999999999,1.0,1.0000000000000004
regular,transport,1,Q2_gauss3,1,12,16,0.20136872897251282,2.0093835948330135e-16,8.940696716308593e-16,1.2724,1.2724,0.9980350832689635,1.5467649167310376
regular,transport,1,Q2_gauss3,2,12,16,0.20136872897251282,0.0016996910454866153,0.006218112833603173,1.0000000000000002,0.9999999999999999,0.8941721146404964,1.105827885359504
regular,transport,2,LLS_support,0,12,16,0.20026539319334427,3.700371689039303e-16,2.384185791015625e-15,1.0,0.9999999999999999,0.9999999999999977,1.0000000000000016
regular,transport,2,LLS_support,1,12,16,0.20026539319334427,2.7067167343866467e-16,1.6391277313232423e-15,1.2648,1.2648,0.9847999999999997,1.5447999999999997
regular,transport,2,LLS_support,2,12,16,0.20026539319334427,0.006575635880385404,0.019074636335704477,1.0000041680941794,1.0,0.8941192328516747,1.105880767148326
regular,transport,2,LLS_gauss3,0,12,16,0.20026539319334427,2.7641442032595543e-16,2.086162567138672e-15,1.0,0.9999999999999999,0.9999999999999979,1.000000000000001
regular,transport,2,LLS_gauss3,1,12,16,0.20026539319334427,2.1325853449980737e-16,1.4901161193847656e-15,1.2648,1.2648,0.9904350832689628,1.5391649167310368
regular,transport,2,LLS_gauss3,2,12,16,0.20026539319334427,0.003317591725528123,0.01258302841749981,1.0000041680941796,1.0,0.8966870795862731,1.103312920413727
regular,transport,2,Q2_support,0,12,16,0.20026539319334427,3.295063199558689e-16,2.384185791015625e-15,1.0,0.9999999999999999,0.9999999999999977,1.0000000000000007
regular,transport,2,Q2_support,1,12,16,0.20026539319334427,2.361800099612553e-16,1.6391277313232423e-15,1.2648,1.2648,0.9847999999999997,1.5447999999999997
regular,transport,2,Q2_support,2,12,16,0.20026539319334427,0.0034983948805057366,0.014127866815081238,1.0000041680941796,1.0,0.8941572142689556,1.1058427857310447
regular,transport,2,Q2_gauss3,0,12,16,0.20026539319334427,2.5331965575267847e-16,1.6391277313232423e-15,1.0,0.9999999999999999,0.9999999999999983,1.0000000000000007
regular,transport,2,Q2_gauss3,1,12,16,0.20026539319334427,2.460927862115415e-16,1.1920928955078125e-15,1.2648,1.2648,0.9904350832689628,1.5391649167310368
regular,transport,2,Q2_gauss3,2,12,16,0.20026539319334427,0.0017017650158091962,0.007959755061772317,1.00000416809418,1.0,0.8958139526084001,1.1041860473916005
regular,transport,3,LLS_support,0,12,16,0.19199624160931594,4.118229374800115e-16,2.980232238769531e-15,1.0,0.9999999999999999,0.999999999999997,1.000000000000001
regular,transport,3,LLS_support,1,12,16,0.19199624160931594,3.423024005898717e-16,2.384185791015625e-15,1.2571999999999999,1.2571999999999999,0.9772,1.5371999999999997
regular,transport,3,LLS_support,2,12,16,0.19199624160931594,0.0070393337303047195,0.022895263727744072,0.9999865749840856,0.9999999999999999,0.8915419423647511,1.108458057635249
regular,transport,3,LLS_gauss3,0,12,16,0.19199624160931594,3.498766258098653e-16,2.5331974029541014e-15,1.0,0.9999999999999999,0.9999999999999974,1.000000000000001
regular,transport,3,LLS_gauss3,1,12,16,0.19199624160931594,2.842790108456631e-16,2.086162567138672e-15,1.2572,1.2572,0.9828350832689629,1.531564916731037
regular,transport,3,LLS_gauss3,2,12,16,0.19199624160931594,0.003746324466073801,0.0161667501792039,0.9999865749840857,0.9999999999999999,0.8940338262647879,1.1059661737352124
regular,transport,3,Q2_support,0,12,16,0.19199624160931594,3.8843582867624986e-16,2.682209014892578e-15,1.0,0.9999999999999999,0.9999999999999973,1.000000000000001
regular,transport,3,Q2_support,1,12,16,0.19199624160931594,3.0938355881226544e-16,2.384185791015625e-15,1.2572,1.2571999999999999,0.9772,1.5371999999999997
regular,transport,3,Q2_support,2,12,16,0.19199624160931594,0.003934111680335411,0.017367106436205357,0.9999865749840852,0.9999999999999999,0.8915419423647514,1.108458057635249
regular,transport,3,Q2_gauss3,0,12,16,0.19199624160931594,3.4144652872841897e-16,2.2351741790771483e-15,1.0,0.9999999999999999,0.9999999999999978,1.000000000000001
regular,transport,3,Q2_gauss3,1,12,16,0.19199624160931594,2.993336084841177e-16,1.7881393432617186e-15,1.2572,1.2572,0.982835083268963,1.531564916731037
regular,transport,3,Q2_gauss3,2,12,16,0.19199624160931594,0.0020903050267154655,0.011305310815163404,0.9999865749840857,0.9999999999999999,0.893588734085915,1.1065123579761509
regular,transport,4,LLS_support,0,12,16,0.2513317577205525,9.7186335626918e-16,5.960464477539062e-15,0.9999999999999999,0.9999999999999999,0.999999999999994,1.0000000000000016
regular,transport,4,LLS_support,1,12,16,0.2513317577205525,6.400956259188414e-16,4.32133674621582e-15,1.2495999999999998,1.2495999999999998,0.9695999999999987,1.5296
regular,transport,4,LLS_support,2,12,16,0.2513317577205525,0.006662234583527095,0.025836386098731606,0.9999868664360922,0.9999999999999996,0.8886057909666155,1.1113942090333842
regular,transport,4,LLS_gauss3,0,12,16,0.2513317577205525,8.084347264479101e-16,5.2154064178466795e-15,0.9999999999999999,0.9999999999999999,0.9999999999999948,1.0000000000000009
regular,transport,4,LLS_gauss3,1,12,16,0.2513317577205525,5.368393281910091e-16,3.725290298461914e-15,1.2496,1.2496,0.9752350832689618,1.5239649167310372
regular,transport,4,LLS_gauss3,2,12,16,0.2513317577205525,0.003434138445521701,0.01869428034375876,0.9999868664360926,1.0000000000000002,0.8925423224309855,1.1074576775690121
regular,transport,4,Q2_support,0,12,16,0.2513317577205525,9.49553283758673e-16,5.811452865600586e-15,0.9999999999999999,0.9999999999999999,0.9999999999999942,1.0000000000000007
regular,transport,4,Q2_support,1,12,16,0.2513317577205525,6.100143115553221e-16,4.023313522338867e-15,1.2495999999999998,1.2495999999999998,0.9695999999999987,1.5296
regular,transport,4,Q2_support,2,12,16,0.2513317577205525,0.003838799341476707,0.01924994848485097,0.9999868664360922,0.9999999999999996,0.8889171120680145,1.1110828879319838
regular,transport,4,Q2_gauss3,0,12,16,0.2513317577205525,7.762859737169618e-16,4.917383193969727e-15,0.9999999999999999,0.9999999999999999,0.9999999999999951,1.0000000000000007
regular,transport,4,Q2_gauss3,1,12,16,0.2513317577205525,5.093443272401225e-16,3.576278686523437e-15,1.2496,1.2496,0.9752350832689619,1.5239649167310372
regular,transport,4,Q2_gauss3,2,12,16,0.2513317577205525,0.002102563113741932,0.012606471683222502,0.9999868664360926,1.0000000000000002,0.8918516107324082,1.108249093151146
regular,transport,5,LLS_support,0,12,16,0.24213799101525876,1.2174349008774903e-15,7.897615432739258e-15,0.9999999999999997,0.9999999999999999,0.9999999999999921,1.0000000000000007
regular,transport,5,LLS_support,1,12,16,0.24213799101525876,8.166187933032534e-16,5.811452865600586e-15,1.2419999999999998,1.2419999999999998,0.9619999999999982,1.522
regular,transport,5,LLS_support,2,12,16,0.24213799101525876,0.00713313305302606,0.026155020791757255,0.9999720042956586,0.9999999999999996,0.884744326789406,1.1151413790113336
regular,transport,5,LLS_gauss3,0,12,16,0.24213799101525876,1.0775562729122007e-15,7.0035457611083984e-15,0.9999999999999997,0.9999999999999999,0.999999999999993,1.0000000000000004
regular,transport,5,LLS_gauss3,1,12,16,0.24213799101525876,7.254108289230603e-16,5.2154064178466795e-15,1.2419999999999998,1.242,0.9676350832689614,1.5163649167310371
regular,transport,5,LLS_gauss3,2,12,16,0.24213799101525876,0.003907748225106365,0.017753950594451874,0.9999720042956592,1.0,0.8898441110603663,1.1100537113756246
regular,transport,5,Q2_support,0,12,16,0.24213799101525876,1.207602967631559e-15,7.748603820800781e-15,0.9999999999999997,0.9999999999999999,0.9999999999999922,1.0000000000000002
regular,transport,5,Q2_support,1,12,16,0.24213799101525876,7.968600197203181e-16,5.2154064178466795e-15,1.2419999999999998,1.2419999999999998,0.9619999999999982,1.522
regular,transport,5,Q2_support,2,12,16,0.24213799101525876,0.004480587160398979,0.024951195789690912,0.999972004295659,0.9999999999999996,0.8864244035129354,1.1140518482085275
regular,transport,5,Q2_gauss3,0,12,16,0.24213799101525876,1.0539001032668379e-15,6.854534149169922e-15,0.9999999999999997,0.9999999999999999,0.9999999999999931,1.0000000000000004
regular,transport,5,Q2_gauss3,1,12,16,0.24213799101525876,6.966536951729522e-16,4.76837158203125e-15,1.242,1.242,0.9676350832689614,1.5163649167310371
regular,transport,5,Q2_gauss3,2,12,16,0.24213799101525876,0.00267709408661814,0.017076130725682526,0.9999720042956594,1.0,0.8908994026418057,1.1094780690708645
regular,transport,6,LLS_support,0,12,16,0.24479169549193167,1.6524612623402375e-15,9.685754776000977e-15,0.9999999999999994,0.9999999999999999,0.9999999999999903,1.0000000000000018
regular,transport,6,LLS_support,1,12,16,0.24479169549193167,1.1157833523126147e-15,6.705522537231445e-15,1.2343999999999997,1.2344,0.9543999999999976,1.5144
regular,transport,6,LLS_support,2,12,16,0.24479169549193167,0.007692942855035481,0.03581691543789581,0.9999743191174607,0.9999999999999997,0.8825277376038722,1.1192102002036177
regular,transport,6,LLS_gauss3,0,12,16,0.24479169549193167,1.4756622596950826e-15,8.64267349243164e-15,0.9999999999999994,0.9999999999999999,0.9999999999999913,1.0000000000000009
regular,transport,6,LLS_gauss3,1,12,16,0.24479169549193167,9.94262745857912e-16,6.109476089477539e-15,1.2343999999999997,1.2344,0.9600350832689607,1.5087649167310373
regular,transport,6,LLS_gauss3,2,12,16,0.24479169549193167,0.0045340636563715305,0.02633463325981751,0.9999743191174612,1.0000000000000002,0.8864326205231329,1.1149648566214778
regular,transport,6,Q2_support,0,12,16,0.24479169549193167,1.6357375979498143e-15,9.5367431640625e-15,0.9999999999999994,0.9999999999999999,0.9999999999999905,1.0000000000000009
regular,transport,6,Q2_support,1,12,16,0.24479169549193167,1.099293829135787e-15,6.407499313354492e-15,1.2343999999999997,1.2344,0.9543999999999976,1.5144
regular,transport,6,Q2_support,2,12,16,0.24479169549193167,0.005467263847601376,0.03347465415369287,0.9999743191174613,0.9999999999999997,0.8831320610805852,1.1155002855358664
regular,transport,6,Q2_gauss3,0,12,16,0.24479169549193167,1.4456507067923224e-15,8.493661880493165e-15,0.9999999999999994,0.9999999999999999,0.9999999999999915,1.0000000000000007
regular,transport,6,Q2_gauss3,1,12,16,0.24479169549193167,9.660919729024699e-16,5.811452865600586e-15,1.2344,1.2344,0.9600350832689608,1.5087649167310373
regular,transport,6,Q2_gauss3,2,12,16,0.24479169549193167,0.0036423496799560012,0.024756457380286305,0.9999743191174619,1.0000000000000002,0.8866133192580536,1.1123634966712468
regular,transport,7,LLS_support,0,12,16,0.22590442795641374,1.9748577525500224e-15,1.1175870895385742e-14,0.9999999999999994,0.9999999999999999,0.9999999999999888,1.0000000000000016
regular,transport,7,LLS_support,1,12,16,0.22590442795641374,1.3718886973469795e-15,8.344650268554688e-15,1.2267999999999994,1.2268,0.9467999999999969,1.5068
regular,transport,7,LLS_support,2,12,16,0.22590442795641374,0.008817628885634915,0.041897098749958575,0.9999397632962133,0.9999999999999999,0.8861269298627695,1.1143391602402293
regular,transport,7,LLS_gauss3,0,12,16,0.22590442795641374,1.8228298386276373e-15,1.0281801223754882e-14,0.9999999999999994,0.9999999999999999,0.9999999999999897,1.000000000000001
regular,transport,7,LLS_gauss3,1,12,16,0.22590442795641374,1.2405178108826615e-15,7.599592208862305e-15,1.2267999999999997,1.2268,0.95243508326896,1.5011649167310372
regular,transport,7,LLS_gauss3,2,12,16,0.22590442795641374,0.00565699443213377,0.0324005691212076,0.9999397632962139,0.9999999999999999,0.8882267276910286,1.111250313572499
regular,transport,7,Q2_support,0,12,16,0.22590442795641374,1.965495193808543e-15,1.1175870895385742e-14,0.9999999999999994,0.9999999999999999,0.9999999999999888,1.0000000000000007
regular,transport,7,Q2_support,1,12,16,0.22590442795641374,1.3561682707692244e-15,7.897615432739258e-15,1.2267999999999994,1.2268,0.9467999999999969,1.5068
regular,transport,7,Q2_support,2,12,16,0.22590442795641374,0.006727342421987493,0.04155688120879218,0.9999397632962135,0.9999999999999999,0.8863600798518652,1.1139064413090471
regular,transport,7,Q2_gauss3,0,12,16,0.22590442795641374,1.7900985865478787e-15,1.0132789611816405e-14,0.9999999999999994,0.9999999999999999,0.9999999999999899,1.0000000000000007
regular,transport,7,Q2_gauss3,1,12,16,0.22590442795641374,1.2147336088268748e-15,7.450580596923828e-15,1.2267999999999997,1.2268,0.9524350832689601,1.5011649167310372
regular,transport,7,Q2_gauss3,2,12,16,0.22590442795641374,0.004782695026442015,0.032152511502062976,0.9999397632962136,0.9999999999999999,0.8882075296638262,1.1117549301206637
regular,transport,8,LLS_support,0,12,16,0.23423213063568726,2.3565221813717253e-15,1.2814998626708985e-14,0.9999999999999992,0.9999999999999999,0.9999999999999872,1.000000000000002
regular,transport,8,LLS_support,1,12,16,0.23423213063568726,1.6482743278481114e-15,1.1324882507324219e-14,1.2191999999999996,1.2191999999999998,0.9391999999999963,1.4992
regular,transport,8,LLS_support,2,12,16,0.23423213063568726,0.009668935112380813,0.051060971948756424,0.999928793828741,0.9999999999999997,0.8796099917228569,1.1168565115859916
regular,transport,8,LLS_gauss3,0,12,16,0.23423213063568726,2.2131624675895253e-15,1.1771917343139648e-14,0.9999999999999992,0.9999999999999999,0.9999999999999882,1.0000000000000016
regular,transport,8,LLS_gauss3,1,12,16,0.23423213063568726,1.5320673098668375e-15,1.0281801223754882e-14,1.2191999999999996,1.2192,0.9448350832689595,1.493564916731037
regular,transport,8,LLS_gauss3,2,12,16,0.23423213063568726,0.0066013789848635785,0.04070688729899675,0.9999287938287411,1.0,0.882624311062522,1.112812048754587
regular,transport,8,Q2_support,0,12,16,0.23423213063568726,2.3506790054897067e-15,1.2665987014770508e-14,0.9999999999999992,0.9999999999999999,0.9999999999999873,1.0000000000000009
regular,transport,8,Q2_support,1,12,16,0.23423213063568726,1.6291432237649413e-15,1.1026859283447266e-14,1.2191999999999996,1.2191999999999998,0.9391999999999963,1.4992
regular,transport,8,Q2_support,2,12,16,0.23423213063568726,0.007941342968496688,0.049624888204675616,0.9999287938287411,0.9999999999999997,0.8810460754669377,1.1161112208948185
regular,transport,8,Q2_gauss3,0,12,16,0.23423213063568726,2.1870093932689506e-15,1.1622905731201173e-14,0.9999999999999992,0.9999999999999999,0.9999999999999883,1.0000000000000009
regular,transport,8,Q2_gauss3,1,12,16,0.23423213063568726,1.501395894928764e-15,9.834766387939454e-15,1.2191999999999996,1.2192,0.9448350832689597,1.4935649167310372
regular,transport,8,Q2_gauss3,2,12,16,0.23423213063568726,0.005964355401608505,0.04034287386273325,0.9999287938287409,1.0,0.8829883244987856,1.1138825725043384
regular,transport,9,LLS_support,0,12,18,0.21668403707317976,2.773621855789708e-15,1.475214958190918e-14,0.9999999999999988,0.9999999999999999,0.9999999999999852,1.0000000000000016
regular,transport,9,LLS_support,1,12,18,0.21668403707317976,1.9373449710207224e-15,1.3709068298339843e-14,1.2115999999999993,1.2115999999999998,0.9315999999999957,1.4916
regular,transport,9,LLS_support,2,12,18,0.21668403707317976,0.01085822462007741,0.0606404698294577,0.9998940372912566,0.9999999999999996,0.8678581395817805,1.1220031182505719
regular,transport,9,LLS_gauss3,0,12,18,0.21668403707317976,2.637391963636791e-15,1.385807991027832e-14,0.999999999999999,0.9999999999999999,0.9999999999999861,1.000000000000001
regular,transport,9,LLS_gauss3,1,12,18,0.21668403707317976,1.8355699386329845e-15,1.2665987014770508e-14,1.2115999999999996,1.2116,0.9372350832689588,1.4859649167310371
regular,transport,9,LLS_gauss3,2,12,18,0.21668403707317976,0.007878278676329826,0.04939826568843588,0.9998940372912569,1.0,0.8782688089175555,1.1153774662444027
regular,transport,9,Q2_support,0,12,18,0.21668403707317976,2.766207476301131e-15,1.4603137969970702e-14,0.9999999999999988,0.9999999999999999,0.9999999999999853,1.0000000000000009
regular,transport,9,Q2_support,1,12,18,0.21668403707317976,1.9247883983007287e-15,1.2964010238647461e-14,1.2115999999999993,1.2115999999999998,0.9315999999999957,1.4916
regular,transport,9,Q2_support,2,12,18,0.21668403707317976,0.009392667450191773,0.05908003595360592,0.9998940372912564,0.9999999999999996,0.869849030992181,1.1201973457738867
regular,transport,9,Q2_gauss3,0,12,18,0.21668403707317976,2.6081388573883892e-15,1.3560056686401367e-14,0.999999999999999,0.9999999999999999,0.9999999999999865,1.0000000000000007
regular,transport,9,Q2_gauss3,1,12,18,0.21668403707317976,1.796827825548925e-15,1.1622905731201173e-14,1.2115999999999996,1.2116,0.9372350832689591,1.4859649167310371
regular,transport,9,Q2_gauss3,2,12,18,0.21668403707317976,0.00737432825312298,0.049064010348011854,0.9998940372912565,1.0,0.8786030642579795,1.1162741091920132
regular,transport,10,LLS_support,0,12,16,0.20293331694143718,3.1877091625851532e-15,1.6242265701293944e-14,0.9999999999999987,0.9999999999999999,0.9999999999999838,1.000000000000002
regular,transport,10,LLS_support,1,12,16,0.20293331694143718,2.245446861326817e-15,1.5795230865478516e-14,1.203999999999999,1.204,0.9239999999999955,1.484
regular,transport,10,LLS_support,2,12,16,0.20293331694143718,0.0126671632595543,0.07901352508384005,0.9998097360799942,1.0,0.8524329504285182,1.126102649880055
regular,transport,10,LLS_gauss3,0,12,16,0.20293331694143718,3.0593375617918587e-15,1.519918441772461e-14,0.9999999999999988,0.9999999999999999,0.9999999999999848,1.0000000000000013
regular,transport,10,LLS_gauss3,1,12,16,0.20293331694143718,2.146498560558048e-15,1.4454126358032227e-14,1.2039999999999993,1.204,0.9296350832689586,1.478364916731037
regular,transport,10,LLS_gauss3,2,12,16,0.20293331694143718,0.00967443210466217,0.06468301857793167,0.9998097360799948,0.9999999999999999,0.8631544850511951,1.1206333544377918
regular,transport,10,Q2_support,0,12,16,0.20293331694143718,3.1811236924271397e-15,1.609325408935547e-14,0.9999999999999988,0.9999999999999999,0.9999999999999839,1.0000000000000007
regular,transport,10,Q2_support,1,12,16,0.20293331694143718,2.2306941670080206e-15,1.4603137969970702e-14,1.2039999999999993,1.204,0.9239999999999955,1.484
regular,transport,10,Q2_support,2,12,16,0.20293331694143718,0.011481551075703048,0.07901352508384005,0.9998097360799946,1.0,0.8551617196650937,1.1237463506509924
regular,transport,10,Q2_gauss3,0,12,16,0.20293331694143718,3.0259750123503054e-15,1.5050172805786134e-14,0.9999999999999988,0.9999999999999999,0.9999999999999849,1.0000000000000007
regular,transport,10,Q2_gauss3,1,12,16,0.20293331694143718,2.108038711169532e-15,1.385807991027832e-14,1.2039999999999995,1.204,0.929635083268959,1.4783649167310375
regular,transport,10,Q2_gauss3,2,12,16,0.20293331694143718,0.00929321733511404,0.0644001621805346,0.999809736079995,0.9999999999999999,0.8644410841396165,1.1196216601909348
regular,transport,11,LLS_support,0,12,17,0.2291307358338125,3.651805953438887e-15,1.8328428268432618e-14,0.9999999999999983,0.9999999999999999,0.9999999999999817,1.0000000000000007
regular,transport,11,LLS_support,1,12,17,0.2291307358338125,2.6224517910524465e-15,1.8030405044555665e-14,1.1963999999999988,1.1964,0.9163999999999943,1.4764000000000004
regular,transport,11,LLS_support,2,12,17,0.2291307358338125,0.015048546108364341,0.10146621063329235,0.9996553762775467,1.0,0.8362117837109827,1.1281610925174832
regular,transport,11,LLS_gauss3,0,12,17,0.2291307358338125,3.524221647450926e-15,1.698732376098633e-14,0.9999999999999986,0.9999999999999999,0.999999999999983,1.0000000000000007
regular,transport,11,LLS_gauss3,1,12,17,0.2291307358338125,2.5252682018836575e-15,1.6391277313232423e-14,1.196399999999999,1.1964,0.9220350832689576,1.4707649167310375
regular,transport,11,LLS_gauss3,2,12,17,0.2291307358338125,0.012050997718770965,0.08590029148566336,0.9996553762775469,1.0000000000000002,0.8468729015946427,1.1214438229479797
regular,transport,11,Q2_support,0,12,17,0.2291307358338125,3.645583014541252e-15,1.8030405044555665e-14,0.9999999999999986,0.9999999999999999,0.999999999999982,1.0000000000000007
regular,transport,11,Q2_support,1,12,17,0.2291307358338125,2.610266781633516e-15,1.728534698486328e-14,1.1963999999999988,1.1964,0.9163999999999943,1.4764000000000004
regular,transport,11,Q2_support,2,12,17,0.2291307358338125,0.014022123019859202,0.10146621063329235,0.999655376277546,1.0,0.8400761947985068,1.1267044181888144
regular,transport,11,Q2_gauss3,0,12,17,0.2291307358338125,3.4926459143561795e-15,1.683831214904785e-14,0.9999999999999986,0.9999999999999999,0.9999999999999831,1.0000000000000007
regular,transport,11,Q2_gauss3,1,12,17,0.2291307358338125,2.4823138019901513e-15,1.5795230865478516e-14,1.196399999999999,1.1964,0.9220350832689579,1.4707649167310375
regular,transport,11,Q2_gauss3,2,12,17,0.2291307358338125,0.011718857483937613,0.08555333750986635,0.9996553762775467,1.0000000000000002,0.8490581548113352,1.1220863478177627
regular,transport,12,LLS_support,0,12,16,0.22890245504470694,4.1100353118150886e-15,1.9669532775878907e-14,0.9999999999999982,0.9999999999999999,0.9999999999999803,1.0000000000000016
regular,transport,12,LLS_support,1,12,16,0.22890245504470694,3.0339269288179926e-15,2.0116567611694336e-14,1.1887999999999987,1.1887999999999999,0.9087999999999937,1.4688000000000003
regular,transport,12,LLS_support,2,12,16,0.22890245504470694,0.017870821794572923,0.12520031992908837,0.9994789020290169,0.9999999999999996,0.8185134020145037,1.1353044841514683
regular,transport,12,LLS_gauss3,0,12,16,0.22890245504470694,3.983896133175846e-15,1.8626451492309572e-14,0.9999999999999982,0.9999999999999999,0.9999999999999813,1.000000000000001
regular,transport,12,LLS_gauss3,1,12,16,0.22890245504470694,2.918311208690441e-15,1.8328428268432618e-14,1.1887999999999987,1.1888,0.914435083268957,1.4631649167310372
regular,transport,12,LLS_gauss3,2,12,16,0.22890245504470694,0.014802347300110345,0.10889565685622632,0.9994789020290169,0.9999999999999997,0.8292564663421013,1.1292702855890264
regular,transport,12,Q2_support,0,12,16,0.22890245504470694,4.10141369186794e-15,1.952052116394043e-14,0.9999999999999982,0.9999999999999999,0.9999999999999805,1.0000000000000007
regular,transport,12,Q2_support,1,12,16,0.22890245504470694,3.0205656210899625e-15,1.9669532775878907e-14,1.1887999999999987,1.1887999999999999,0.9087999999999937,1.4688000000000003
regular,transport,12,Q2_support,2,12,16,0.22890245504470694,0.017003692309186805,0.12520031992908837,0.9994789020290165,0.9999999999999996,0.8242517767009395,1.1331848343327384
regular,transport,12,Q2_gauss3,0,12,16,0.22890245504470694,3.944459815067895e-15,1.8328428268432618e-14,0.9999999999999982,0.9999999999999999,0.9999999999999817,1.0000000000000007
regular,transport,12,Q2_gauss3,1,12,16,0.22890245504470694,2.885900065343777e-15,1.817941665649414e-14,1.188799999999999,1.1888,0.9144350832689572,1.4631649167310374
regular,transport,12,Q2_gauss3,2,12,16,0.22890245504470694,0.014517912550029316,0.10838340294201493,0.9994789020290173,0.9999999999999997,0.8326837306391138,1.1275329878393983
regular,transport,13,LLS_support,0,12,17,0.22642994385125115,4.590711828529366e-15,2.1755695343017578e-14,0.9999999999999981,0.9999999999999999,0.9999999999999782,1.000000000000001
regular,transport,13,LLS_support,1,12,17,0.22642994385125115,3.4051385892868045e-15,2.2202730178833007e-14,1.1811999999999985,1.1811999999999998,0.901199999999993,1.4612000000000003
regular,transport,13,LLS_support,2,12,17,0.22642994385125115,0.020968161254958817,0.1494622492586942,0.9992070694505121,1.0,0.8044474560555056,1.140699614275514
regular,transport,13,LLS_gauss3,0,12,17,0.22642994385125115,4.472947544721592e-15,2.041459083557129e-14,0.9999999999999981,0.9999999999999999,0.9999999999999796,1.0000000000000007
regular,transport,13,LLS_gauss3,1,12,17,0.22642994385125115,3.29779860709017e-15,2.0563602447509764e-14,1.181199999999999,1.1812,0.9068350832689562,1.4555649167310376
regular,transport,13,LLS_gauss3,2,12,17,0.22642994385125115,0.017955110804591265,0.13296186198956744,0.9992070694505122,1.0,0.8146392689334198,1.1349413163470001
regular,transport,13,Q2_support,0,12,17,0.22642994385125115,4.579765542847826e-15,2.1606683731079103e-14,0.9999999999999981,0.9999999999999999,0.9999999999999784,1.0000000000000007
regular,transport,13,Q2_support,1,12,17,0.22642994385125115,3.397652872333719e-15,2.1606683731079103e-14,1.1811999999999983,1.1811999999999998,0.901199999999993,1.4612000000000003
regular,transport,13,Q2_support,2,12,17,0.22642994385125115,0.020253823093204077,0.1494622492586942,0.999207069450512,1.0,0.8102441036240384,1.140551832173227
regular,transport,13,Q2_gauss3,0,12,17,0.22642994385125115,4.4372523436549926e-15,2.041459083557129e-14,0.9999999999999981,0.9999999999999999,0.9999999999999796,1.0000000000000007
regular,transport,13,Q2_gauss3,1,12,17,0.22642994385125115,3.2637724057700294e-15,2.0116567611694336e-14,1.181199999999999,1.1812,0.9068350832689563,1.4555649167310376
regular,transport,13,Q2_gauss3,2,12,17,0.22642994385125115,0.01772867357274504,0.13245656590292082,0.9992070694505121,1.0,0.8180409104617489,1.1356009367067639
regular,transport,14,LLS_support,0,12,16,0.22032498399526487,5.136495188207504e-15,2.4586915969848634e-14,0.9999999999999977,0.9999999999999999,0.9999999999999755,1.000000000000002
regular,transport,14,LLS_support,1,12,16,0.22032498399526487,3.809717765906778e-15,2.3245811462402345e-14,1.1735999999999984,1.1735999999999998,0.8935999999999921,1.4536000000000002
regular,transport,14,LLS_support,2,12,16,0.22032498399526487,0.024781490814641604,0.17347514843123912,0.9988427227320541,0.9999999999999997,0.788249411339693,1.1514252393522986
regular,transport,14,LLS_gauss3,0,12,16,0.22032498399526487,5.003087446899437e-15,2.3245811462402345e-14,0.9999999999999977,0.9999999999999999,0.9999999999999768,1.000000000000001
regular,transport,14,LLS_gauss3,1,12,16,0.22032498399526487,3.707111598941824e-15,2.1904706954956053e-14,1.1735999999999984,1.1736,0.8992350832689554,1.4479649167310376
regular,transport,14,LLS_gauss3,2,12,16,0.22032498399526487,0.021817088315019627,0.15733383551187277,0.9988427227320543,0.9999999999999999,0.798400287194482,1.1450344873019733
regular,transport,14,Q2_support,0,12,16,0.22032498399526487,5.1265150964934324e-15,2.3990869522094727e-14,0.9999999999999977,0.9999999999999999,0.999999999999976,1.0000000000000009
regular,transport,14,Q2_support,1,12,16,0.22032498399526487,3.797269127778893e-15,2.2351741790771485e-14,1.1735999999999984,1.1735999999999998,0.8935999999999921,1.4536000000000002
regular,transport,14,Q2_support,2,12,16,0.22032498399526487,0.024232471063274936,0.17347514843123912,0.9988427227320545,0.9999999999999997,0.7923792815383063,1.1507559620507404
regular,transport,14,Q2_gauss3,0,12,16,0.22032498399526487,4.964987684177502e-15,2.2649765014648438e-14,0.9999999999999978,0.9999999999999999,0.9999999999999774,1.0000000000000007
regular,transport,14,Q2_gauss3,1,12,16,0.22032498399526487,3.673563126877299e-15,2.1457672119140625e-14,1.1735999999999984,1.1736,0.8992350832689556,1.4479649167310376
regular,transport,14,Q2_gauss3,2,12,16,0.22032498399526487,0.021653451880499833,0.15676377573517292,0.9988427227320548,0.9999999999999999,0.8016293879928814,1.1457022733286817
regular,transport,15,LLS_support,0,12,16,0.21429799184357395,5.607108495978717e-15,2.682209014892578e-14,0.9999999999999973,0.9999999999999999,0.9999999999999731,1.0000000000000016
regular,transport,15,LLS_support,1,12,16,0.21429799184357395,4.2594476865061696e-15,2.384185791015625e-14,1.1659999999999981,1.166,0.8859999999999915,1.4460000000000004
regular,transport,15,LLS_support,2,12,16,0.21429799184357395,0.02918657138629603,0.19648310405782043,0.9983384079100596,0.9999999999999997,0.7700427777951284,1.1613176320680136
regular,transport,15,LLS_gauss3,0,12,16,0.21429799184357395,5.4815452268906055e-15,2.5331974029541016e-14,0.9999999999999973,0.9999999999999999,0.9999999999999747,1.000000000000001
regular,transport,15,LLS_gauss3,1,12,16,0.21429799184357395,4.171339940561706e-15,2.2798776626586914e-14,1.1659999999999981,1.166,0.8916350832689548,1.4403649167310375
regular,transport,15,LLS_gauss3,2,12,16,0.21429799184357395,0.026275464379533115,0.1812335080035493,0.99833840791006,1.0,0.7801878599313222,1.1521989832906725
regular,transport,15,Q2_support,0,12,16,0.21429799184357395,5.602527810800032e-15,2.5779008865356445e-14,0.9999999999999971,0.9999999999999999,0.9999999999999742,1.0000000000000007
regular,transport,15,Q2_support,1,12,16,0.21429799184357395,4.2510066769498285e-15,2.2947788238525392e-14,1.1659999999999981,1.166,0.8859999999999915,1.4460000000000004
regular,transport,15,Q2_support,2,12,16,0.21429799184357395,0.02871253385242654,0.19648310405782043,0.99833840791006,0.9999999999999997,0.7722997434905821,1.158335933055495
regular,transport,15,Q2_gauss3,0,12,16,0.21429799184357395,5.444046119503664e-15,2.4437904357910156e-14,0.9999999999999973,0.9999999999999999,0.9999999999999756,1.0000000000000004
regular,transport,15,Q2_gauss3,1,12,16,0.21429799184357395,4.134454760585989e-15,2.2202730178833007e-14,1.1659999999999984,1.166,0.891635083268955,1.4403649167310377
regular,transport,15,Q2_gauss3,2,12,16,0.21429799184357395,0.026131825975401417,0.1804984399254185,0.9983384079100601,1.0,0.7819724246915184,1.15141517208987
regular,transport,16,LLS_support,0,12,16,0.21607415400437555,6.183963194161981e-15,2.9206275939941404e-14,0.9999999999999969,0.9999999999999999,0.9999999999999708,1.0000000000000013
regular,transport,16,LLS_support,1,12,16,0.21607415400437555,4.682541144747279e-15,2.384185791015625e-14,1.1583999999999979,1.1583999999999999,0.8783999999999909,1.4384
regular,transport,16,LLS_support,2,12,16,0.21607415400437555,0.034313093850448576,0.21780415621596946,0.9977953338760978,0.9999999999999996,0.7523269256513767,1.1672085786125785
regular,transport,16,LLS_gauss3,0,12,16,0.21607415400437555,6.056631926491446e-15,2.771615982055664e-14,0.999999999999997,0.9999999999999999,0.9999999999999722,1.000000000000001
regular,transport,16,LLS_gauss3,1,12,16,0.21607415400437555,4.580745122093681e-15,2.3245811462402345e-14,1.158399999999998,1.1584,0.8840350832689543,1.4327649167310372
regular,transport,16,LLS_gauss3,2,12,16,0.21607415400437555,0.03144316784047635,0.20392271657030792,0.997795333876098,0.9999999999999999,0.7627182220509343,1.1593216341276813
regular,transport,16,Q2_support,0,12,16,0.21607415400437555,6.178233262415261e-15,2.875924110412598e-14,0.9999999999999969,0.9999999999999999,0.9999999999999712,1.0000000000000007
regular,transport,16,Q2_support,1,12,16,0.21607415400437555,4.665693727125447e-15,2.3543834686279295e-14,1.1583999999999979,1.1583999999999999,0.8783999999999909,1.4384
regular,transport,16,Q2_support,2,12,16,0.21607415400437555,0.03392269025543027,0.21780415621596946,0.997795333876098,0.9999999999999996,0.7540626756079505,1.1642575418907566
regular,transport,16,Q2_gauss3,0,12,16,0.21607415400437555,6.019843994764689e-15,2.7418136596679687e-14,0.999999999999997,0.9999999999999999,0.9999999999999726,1.0000000000000007
regular,transport,16,Q2_gauss3,1,12,16,0.21607415400437555,4.534636428596504e-15,2.2947788238525392e-14,1.1583999999999983,1.1584,0.8840350832689543,1.4327649167310375
regular,transport,16,Q2_gauss3,2,12,16,0.21607415400437555,0.03132395819050628,0.20319483047506273,0.9977953338760981,0.9999999999999999,0.7640891166156304,1.1586764148944486
regular,transport,17,LLS_support,0,12,16,0.2210428637614717,6.761478860078107e-15,3.159046173095703e-14,0.9999999999999964,0.9999999999999999,0.9999999999999684,1.0000000000000016
regular,transport,17,LLS_support,1,12,16,0.2210428637614717,5.1644204437871235e-15,2.5033950805664063e-14,1.1507999999999972,1.1507999999999998,0.8707999999999904,1.4308000000000005
regular,transport,17,LLS_support,2,12,16,0.2210428637614717,0.039914233014210716,0.2368712078717111,0.9971481504049933,0.9999999999999994,0.7316776703614087,1.1710899535114638
regular,transport,17,LLS_gauss3,0,12,16,0.2210428637614717,6.6345910699371225e-15,2.9951333999633786e-14,0.9999999999999964,0.9999999999999999,0.99999999999997,1.000000000000001
regular,transport,17,LLS_gauss3,1,12,16,0.2210428637614717,5.059626180218523e-15,2.4139881134033202e-14,1.1507999999999976,1.1508,0.8764350832689537,1.4251649167310374
regular,transport,17,LLS_gauss3,2,12,16,0.2210428637614717,0.03707046565210367,0.2247484039753592,0.9971481504049936,1.0,0.7434152824058975,1.1645575363509038
regular,transport,17,Q2_support,0,12,16,0.2210428637614717,6.756374244396906e-15,3.1292438507080075e-14,0.9999999999999964,0.9999999999999999,0.9999999999999687,1.0000000000000007
regular,transport,17,Q2_support,1,12,16,0.2210428637614717,5.154677648255115e-15,2.428889274597168e-14,1.1507999999999974,1.1507999999999998,0.8707999999999904,1.4308000000000005
regular,transport,17,Q2_support,2,12,16,0.2210428637614717,0.03958406095008546,0.2368712078717111,0.997148150404994,0.9999999999999994,0.7347203516842705,1.167977172578854
regular,transport,17,Q2_gauss3,0,12,16,0.2210428637614717,6.598088704371608e-15,2.9653310775756836e-14,0.9999999999999966,0.9999999999999999,0.9999999999999704,1.0000000000000007
regular,transport,17,Q2_gauss3,1,12,16,0.2210428637614717,5.020571606815264e-15,2.3692846298217774e-14,1.1507999999999976,1.1508,0.8764350832689537,1.4251649167310378
regular,transport,17,Q2_gauss3,2,12,16,0.2210428637614717,0.03696889997655979,0.22431785609983818,0.9971481504049939,1.0,0.7443085446652613,1.1632905452167306
regular,transport,18,LLS_support,0,12,17,0.2133097459550405,7.315758658274e-15,3.427267074584961e-14,0.9999999999999962,0.9999999999999999,0.9999999999999657,1.0000000000000022
regular,transport,18,LLS_support,1,12,17,0.2133097459550405,5.622922978327746e-15,2.7567148208618165e-14,1.1431999999999967,1.1431999999999998,0.8631999999999899,1.4232000000000002
regular,transport,18,LLS_support,2,12,17,0.2133097459550405,0.04607364396589539,0.25372519133275434,0.9963588526159334,1.0,0.7156167783597059,1.1676284121456522
regular,transport,18,LLS_gauss3,0,12,17,0.2133097459550405,7.197026147514867e-15,3.263354301452637e-14,0.9999999999999964,0.9999999999999999,0.9999999999999674,1.0000000000000013
regular,transport,18,LLS_gauss3,1,12,17,0.2133097459550405,5.5200846438121564e-15,2.637505531311035e-14,1.1431999999999969,1.1432,0.8688350832689531,1.4175649167310376
regular,transport,18,LLS_gauss3,2,12,17,0.2133097459550405,0.043286263408574714,0.2431842303833084,0.9963588526159337,0.9999999999999997,0.7296697959594762,1.1638319185898858
regular,transport,18,Q2_support,0,12,17,0.2133097459550405,7.309718788829921e-15,3.397464752197266e-14,0.9999999999999962,0.9999999999999999,0.999999999999966,1.000000000000001
regular,transport,18,Q2_support,1,12,17,0.2133097459550405,5.612676278346824e-15,2.682209014892578e-14,1.1431999999999967,1.1431999999999998,0.8631999999999899,1.4232000000000002
regular,transport,18,Q2_support,2,12,17,0.2133097459550405,0.045780294472828574,0.2532683552991664,0.9963588526159346,1.0,0.7168791853663139,1.1672586497754962
regular,transport,18,Q2_gauss3,0,12,17,0.2133097459550405,7.161537804979909e-15,3.248453140258789e-14,0.9999999999999964,0.9999999999999999,0.9999999999999675,1.0000000000000007
regular,transport,18,Q2_gauss3,1,12,17,0.2133097459550405,5.4813914847008855e-15,2.5779008865356445e-14,1.143199999999997,1.1432,0.8688350832689533,1.4175649167310378
regular,transport,18,Q2_gauss3,2,12,17,0.2133097459550405,0.043190213719220945,0.24303265920680403,0.9963588526159343,0.9999999999999997,0.727961018631552,1.1640133230087657
regular,transport,19,LLS_support,0,12,17,0.22902855032180475,7.98392086420741e-15,4.082918167114258e-14,0.999999999999996,0.9999999999999999,0.9999999999999591,1.0000000000000022
regular,transport,19,LLS_support,1,12,17,0.22902855032180475,6.079893658721183e-15,2.8908252716064454e-14,1.1355999999999966,1.1356,0.8555999999999891,1.4156000000000002
regular,transport,19,LLS_support,2,12,17,0.22902855032180475,0.05278981866639353,0.28884671640730125,0.9953806578106191,0.9999999999999997,0.6958865819349307,1.1714227921657048
regular,transport,19,LLS_gauss3,0,12,17,0.22902855032180475,7.857686790158473e-15,3.8295984268188476e-14,0.999999999999996,0.9999999999999999,0.9999999999999617,1.0000000000000016
regular,transport,19,LLS_gauss3,1,12,17,0.22902855032180475,5.986040199882261e-15,2.7269124984741212e-14,1.1355999999999968,1.1356,0.8612350832689524,1.4099649167310375
regular,transport,19,LLS_gauss3,2,12,17,0.22902855032180475,0.05006939749365249,0.2650713800594838,0.9953806578106194,1.0,0.7108248199032653,1.16801819717018
regular,transport,19,Q2_support,0,12,17,0.22902855032180475,7.978801138987149e-15,3.814697265625e-14,0.999999999999996,0.9999999999999999,0.9999999999999618,1.0000000000000009
regular,transport,19,Q2_support,1,12,17,0.22902855032180475,6.073253140641723e-15,2.786517143249512e-14,1.1355999999999966,1.1356,0.8555999999999891,1.4156000000000002
regular,transport,19,Q2_support,2,12,17,0.22902855032180475,0.05254824439318104,0.284877237593607,0.9953806578106195,0.9999999999999997,0.6998560607486249,1.170118938555834
regular,transport,19,Q2_gauss3,0,12,17,0.22902855032180475,7.820628991699709e-15,3.680586814880371e-14,0.999999999999996,0.9999999999999999,0.9999999999999631,1.0000000000000009
regular,transport,19,Q2_gauss3,1,12,17,0.22902855032180475,5.949034216668037e-15,2.6524066925048827e-14,1.1355999999999968,1.1356,0.8612350832689525,1.4099649167310375
regular,transport,19,Q2_gauss3,2,12,17,0.22902855032180475,0.049994241164644675,0.26398929281086786,0.9953806578106194,1.0,0.7128446204523137,1.1670258498404749
regular,transport,20,LLS_support,0,12,16,0.20332778591994768,8.622209679011523e-15,4.4405460357666013e-14,0.9999999999999956,0.9999999999999999,0.9999999999999556,1.000000000000002
regular,transport,20,LLS_support,1,12,16,0.20332778591994768,6.568616057373139e-15,3.084540367126465e-14,1.1279999999999966,1.128,0.8479999999999889,1.4080000000000004
regular,transport,20,LLS_support,2,12,16,0.20332778591994768,0.06004778608459676,0.3167293335190308,0.9942354570181505,0.9999999999999994,0.6832706664809692,1.1837876652330395
regular,transport,20,LLS_gauss3,0,12,16,0.20332778591994768,8.495095959883417e-15,4.127621650695801e-14,0.9999999999999956,0.9999999999999999,0.9999999999999587,1.0000000000000013
regular,transport,20,LLS_gauss3,1,12,16,0.20332778591994768,6.469385470182634e-15,2.9206275939941404e-14,1.1279999999999968,1.128,0.8536350832689521,1.4023649167310375
regular,transport,20,LLS_gauss3,2,12,16,0.20332778591994768,0.05737777130839725,0.29478001121819125,0.9942354570181511,1.0,0.6966040664118262,1.175981109815272
regular,transport,20,Q2_support,0,12,16,0.20332778591994768,8.617301421711025e-15,4.1723251342773436e-14,0.9999999999999956,0.9999999999999999,0.9999999999999583,1.0000000000000007
regular,transport,20,Q2_support,1,12,16,0.20332778591994768,6.560493119028343e-15,2.9206275939941404e-14,1.1279999999999968,1.128,0.8479999999999889,1.4080000000000004
regular,transport,20,Q2_support,2,12,16,0.20332778591994768,0.059846172990359395,0.3117744711980346,0.9942354570181509,0.9999999999999994,0.6882255288019654,1.181954585910511
regular,transport,20,Q2_gauss3,0,12,16,0.20332778591994768,8.455904160482269e-15,3.9637088775634765e-14,0.9999999999999956,0.9999999999999999,0.9999999999999604,1.0000000000000007
regular,transport,20,Q2_gauss3,1,12,16,0.20332778591994768,6.433432759368707e-15,2.786517143249512e-14,1.1279999999999968,1.128,0.8536350832689521,1.4023649167310375
regular,transport,20,Q2_gauss3,2,12,16,0.20332778591994768,0.057314836546868225,0.29192379353969783,0.9942354570181505,1.0,0.6994602840903196,1.1779374451949192
regular-limited,generated,0,LLS_support,0,16,16,0.2795084971874738,0.0,0.0,0.9999999999999999,0.9999999999999999,1.0,1.0
regular-limited,generated,0,LLS_support,1,16,16,0.2795084971874738,0.0014976109446938057,0.00625,1.2799999999999998,1.2799999999999998,1.0062499999999999,1.55375
regular-limited,generated,0,LLS_support,2,16,16,0.2795084971874738,0.006782248106510931,0.015223137522666007,0.9999999999999996,1.0,0.9009607359798385,1.0990392640201616
regular-limited,generated,0,LLS_gauss3,0,16,16,0.2795084971874738,0.0,0.0,0.9999999999999999,0.9999999999999999,1.0,1.0
regular-limited,generated,0,LLS_gauss3,1,16,16,0.2795084971874738,0.0010589708545721728,0.0048412291827595235,1.28,1.28,1.0104763124517222,1.5495236875482776
regular-limited,generated,0,LLS_gauss3,2,16,16,0.2795084971874738,0.0037752593942696746,0.010578638040228634,0.9999999999999997,1.0,0.9049551980418301,1.09504480195817
regular-limited,initial_management,0,LLS_support,0,16,16,0.2795084971874738,0.0,0.0,0.9999999999999999,0.9999999999999999,1.0,1.0
regular-limited,initial_management,0,LLS_support,1,16,16,0.2795084971874738,0.0014976109446938057,0.00625,1.2799999999999998,1.2799999999999998,1.0062499999999999,1.55375
regular-limited,initial_management,0,LLS_support,2,16,16,0.2795084971874738,0.006782248106510931,0.015223137522666007,0.9999999999999996,1.0,0.9009607359798385,1.0990392640201616
regular-limited,initial_management,0,LLS_gauss3,0,16,16,0.2795084971874738,0.0,0.0,0.9999999999999999,0.9999999999999999,1.0,1.0
regular-limited,initial_management,0,LLS_gauss3,1,16,16,0.2795084971874738,0.0010589708545721728,0.0048412291827595235,1.28,1.28,1.0104763124517222,1.5495236875482776
regular-limited,initial_management,0,LLS_gauss3,2,16,16,0.2795084971874738,0.0037752593942696746,0.010578638040228634,0.9999999999999997,1.0,0.9049551980418301,1.09504480195817
regular-limited,transport,0,LLS_support,0,16,16,0.2795084971874738,0.0,0.0,0.9999999999999999,0.9999999999999999,1.0,1.0
regular-limited,transport,0,LLS_support,1,16,16,0.2795084971874738,0.0014976109446938057,0.00625,1.2799999999999998,1.2799999999999998,1.0062499999999999,1.55375
regular-limited,transport,0,LLS_support,2,16,16,0.2795084971874738,0.006782248106510931,0.015223137522666007,0.9999999999999996,1.0,0.9009607359798385,1.0990392640201616
regular-limited,transport,0,LLS_gauss3,0,16,16,0.2795084971874738,0.0,0.0,0.9999999999999999,0.9999999999999999,1.0,1.0
regular-limited,transport,0,LLS_gauss3,1,16,16,0.2795084971874738,0.0010589708545721728,0.0048412291827595235,1.28,1.28,1.0104763124517222,1.5495236875482776
regular-limited,transport,0,LLS_gauss3,2,16,16,0.2795084971874738,0.0037752593942696746,0.010578638040228634,0.9999999999999997,1.0,0.9049551980418301,1.09504480195817
regular-limited,transport,0,Q2_support,0,16,16,0.2795084971874738,0.0,0.0,0.9999999999999999,0.9999999999999999,1.0,1.0
regular-limited,transport,0,Q2_support,1,16,16,0.2795084971874738,0.0011008080799210424,0.00625,1.2799999999999998,1.2799999999999998,1.0062499999999999,1.55375
regular-limited,transport,0,Q2_support,2,16,16,0.2795084971874738,0.0036667693925855082,0.015223137522666007,1.0,1.0,0.9009607359798385,1.0990392640201616
regular-limited,transport,0,Q2_gauss3,0,16,16,0.2795084971874738,9.438854332592234e-17,1.4901161193847657e-16,0.9999999999999999,0.9999999999999999,1.0,1.0000000000000002
regular-limited,transport,0,Q2_gauss3,1,16,16,0.2795084971874738,0.0007511774611401744,0.004581005114707202,1.28,1.28,1.0102160883836702,1.54978391161633
regular-limited,transport,0,Q2_gauss3,2,16,16,0.2795084971874738,0.0022510606591707627,0.009516743691029698,1.0000000000000002,1.0,0.903686258455804,1.0963137415441964
regular-limited,transport,1,LLS_support,0,12,16,0.20136872897251282,0.0,0.0,0.9999999999999999,0.9999999999999999,1.0,1.0
regular-limited,transport,1,LLS_support,1,12,16,0.20136872897251282,0.0017866039420737093,0.01384999999999985,1.2723999999999998,1.2723999999999998,1.0062499999999999,1.54875
regular-limited,transport,1,LLS_support,2,12,16,0.20136872897251282,0.0077522342001045625,0.026552484982343465,1.0,1.0,0.9009607359798385,1.0990392640201616
regular-limited,transport,1,LLS_gauss3,0,12,16,0.20136872897251282,0.0,0.0,0.9999999999999999,0.9999999999999999,1.0,1.0
regular-limited,transport,1,LLS_gauss3,1,12,16,0.20136872897251282,0.0012633197627349244,0.010728163868994415,1.2724,1.2724,1.0087632471379573,1.5439376388883057
regular-limited,transport,1,LLS_gauss3,2,12,16,0.20136872897251282,0.0046311074570662344,0.02132411539884344,1.0000000000000002,0.9999999999999999,0.9032118461956343,1.0967881538043658
regular-limited,transport,1,Q2_support,0,12,16,0.20136872897251282,0.0,0.0,0.9999999999999999,0.9999999999999999,1.0,1.0
regular-limited,transport,1,Q2_support,1,12,16,0.20136872897251282,0.0013276290740765427,0.01384999999999985,1.2723999999999998,1.2723999999999998,1.0062499999999999,1.54875
regular-limited,transport,1,Q2_support,2,12,16,0.20136872897251282,0.004463527923645571,0.02634153524872631,0.9999999999999999,1.0,0.9028637476670563,1.0971362523329438
regular-limited,transport,1,Q2_gauss3,0,12,16,0.20136872897251282,9.438854332592234e-17,1.4901161193847657e-16,0.9999999999999999,0.9999999999999999,1.0,1.0000000000000002
regular-limited,transport,1,Q2_gauss3,1,12,16,0.20136872897251282,0.0009060642244930844,0.010230821623482555,1.2723999999999998,1.2724,1.0082659048924456,1.544070179987348
regular-limited,transport,1,Q2_gauss3,2,12,16,0.20136872897251282,0.002842067013759482,0.01849118790360883,0.9999999999999999,0.9999999999999999,0.9035298424918723,1.096348383766279
regular-limited,transport,2,LLS_support,0,12,16,0.20026539319334427,0.0,0.0,0.9999999999999999,0.9999999999999999,1.0,1.0
regular-limited,transport,2,LLS_support,1,12,16,0.20026539319334427,0.0022672150042991296,0.02144999999999985,1.2648433715089344,1.2648,1.0062499999999999,1.53625
regular-limited,transport,2,LLS_support,2,12,16,0.20026539319334427,0.008200409680293466,0.03967078931137577,0.9999916516269769,1.0,0.9009607359798385,1.0990392640201616
regular-limited,transport,2,LLS_gauss3,0,12,16,0.20026539319334427,0.0,0.0,0.9999999999999999,0.9999999999999999,1.0,1.0
regular-limited,transport,2,LLS_gauss3,1,12,16,0.20026539319334427,0.0016276937099617013,0.017592836622677445,1.2648433715089344,1.2648,1.0080279198916404,1.5325421152090222
regular-limited,transport,2,LLS_gauss3,2,12,16,0.20026539319334427,0.005129514826656595,0.03317482256029889,0.9999916516269772,1.0,0.9019276445633163,1.0980723554366838
regular-limited,transport,2,Q2_support,0,12,16,0.20026539319334427,0.0,0.0,0.9999999999999999,0.9999999999999999,1.0,1.0
regular-limited,transport,2,Q2_support,1,12,16,0.20026539319334427,0.0017471120153220315,0.02144999999999985,1.2648433715089344,1.2648,1.0062499999999999,1.53625
regular-limited,transport,2,Q2_support,2,12,16,0.20026539319334427,0.005257627372283271,0.0392039694494465,0.9999916516269769,1.0,0.9009607359798385,1.0990392640201616
regular-limited,transport,2,Q2_gauss3,0,12,16,0.20026539319334427,9.438854332592234e-17,1.4901161193847657e-16,0.9999999999999999,0.9999999999999999,1.0,1.0000000000000002
regular-limited,transport,2,Q2_gauss3,1,12,16,0.20026539319334427,0.0012385709298428054,0.017431977500110715,1.2648433715089347,1.2648,1.0078670607690736,1.5329152895958138
regular-limited,transport,2,Q2_gauss3,2,12,16,0.20026539319334427,0.0036207703929574996,0.03138278844458044,0.9999916516269769,1.0,0.9016348570695102,1.0983651429304901
regular-limited,transport,3,LLS_support,0,12,16,0.19199624160931594,0.0,0.0,0.9999999999999999,0.9999999999999999,1.0,1.0
regular-limited,transport,3,LLS_support,1,12,16,0.19199624160931594,0.003193760538619905,0.02904999999999985,1.2572988236404303,1.2571999999999999,1.0062499999999999,1.53625
regular-limited,transport,3,LLS_support,2,12,16,0.19199624160931594,0.009281876334869814,0.05434636849906728,0.9999530068466754,0.9999999999999999,0.9009607359798385,1.0990392640201616
regular-limited,transport,3,LLS_gauss3,0,12,16,0.19199624160931594,0.0,0.0,0.9999999999999999,0.9999999999999999,1.0,1.0
regular-limited,transport,3,LLS_gauss3,1,12,16,0.19199624160931594,0.002333873740123414,0.024555015349315406,1.2572988236404306,1.2572,1.0073900986182784,1.5308290498952577
regular-limited,transport,3,LLS_gauss3,2,12,16,0.19199624160931594,0.006309431174431555,0.046867638048303274,0.9999530068466758,0.9999999999999999,0.9013295924273075,1.0986704075726927
regular-limited,transport,3,Q2_support,0,12,16,0.19199624160931594,0.0,0.0,0.9999999999999999,0.9999999999999999,1.0,1.0
regular-limited,transport,3,Q2_support,1,12,16,0.19199624160931594,0.0022995635605476353,0.02904999999999985,1.2572988236404303,1.2571999999999999,1.0062499999999999,1.53625
regular-limited,transport,3,Q2_support,2,12,16,0.19199624160931594,0.006689176361714344,0.05434636849906728,0.9999530068466753,0.9999999999999999,0.9009607359798385,1.0990392640201616
regular-limited,transport,3,Q2_gauss3,0,12,16,0.19199624160931594,9.438854332592234e-17,1.4901161193847657e-16,0.9999999999999999,0.9999999999999999,1.0,1.0000000000000002
regular-limited,transport,3,Q2_gauss3,1,12,16,0.19199624160931594,0.0016774897004438226,0.024456517808912396,1.2572988236404303,1.2572,1.0072916010778754,1.5308628729420213
regular-limited,transport,3,Q2_gauss3,2,12,16,0.19199624160931594,0.005107806651605398,0.046272874811485114,0.9999530068466758,0.9999999999999999,0.9011346665553156,1.0988653334446847
regular-limited,transport,4,LLS_support,0,12,16,0.2513317577205525,0.0,0.0,0.9999999999999999,0.9999999999999999,1.0,1.0
regular-limited,transport,4,LLS_support,1,12,16,0.2513317577205525,0.002781071539291069,0.03757095080615744,1.2499787658844335,1.2495999999999998,1.0062499999999999,1.52375
regular-limited,transport,4,LLS_support,2,12,16,0.2513317577205525,0.010050729685157028,0.06826892819217413,0.9999292949811438,0.9999999999999996,0.9009607359798385,1.0990392640201616
regular-limited,transport,4,LLS_gauss3,0,12,16,0.2513317577205525,0.0,0.0,0.9999999999999999,0.9999999999999999,1.0,1.0
regular-limited,transport,4,LLS_gauss3,1,12,16,0.2513317577205525,0.0022507437446116075,0.0325676201344043,1.2499787658844335,1.2496,1.0070893379763826,1.5194335262159744
regular-limited,transport,4,LLS_gauss3,2,12,16,0.2513317577205525,0.007629895858310803,0.06093689031600073,0.9999292949811438,1.0000000000000002,0.9020827024226756,1.097962745194954
regular-limited,transport,4,Q2_support,0,12,16,0.2513317577205525,0.0,0.0,0.9999999999999999,0.9999999999999999,1.0,1.0
regular-limited,transport,4,Q2_support,1,12,16,0.2513317577205525,0.002551822376628802,0.03757095080615744,1.2499787658844335,1.2495999999999998,1.0067104754030787,1.52375
regular-limited,transport,4,Q2_support,2,12,16,0.2513317577205525,0.008273388886936246,0.06826892819217413,0.9999292949811435,0.9999999999999996,0.9028637476670563,1.0971362523329438
regular-limited,transport,4,Q2_gauss3,0,12,16,0.2513317577205525,9.438854332592234e-17,1.4901161193847657e-16,0.9999999999999999,0.9999999999999999,1.0,1.0000000000000002
regular-limited,transport,4,Q2_gauss3,1,12,16,0.2513317577205525,0.002103209730442912,0.03255458428364992,1.2499787658844337,1.2496,1.007329715456511,1.5196741067503328
regular-limited,transport,4,Q2_gauss3,2,12,16,0.2513317577205525,0.00697878057422723,0.060570224755862954,0.999929294981144,1.0000000000000002,0.9030600281894843,1.0980442567935604
regular-limited,transport,5,LLS_support,0,12,16,0.24213799101525876,0.0,0.0,0.9999999999999999,0.9999999999999999,1.0,1.0
regular-limited,transport,5,LLS_support,1,12,16,0.24213799101525876,0.003401712956244679,0.04513343553113043,1.2425606316331386,1.2419999999999998,1.0062499999999999,1.5187499999999996
regular-limited,transport,5,LLS_support,2,12,16,0.24213799101525876,0.011625732322466406,0.07881510799290001,0.9999231691041712,0.9999999999999996,0.9009607359798385,1.0990392640201616
regular-limited,transport,5,LLS_gauss3,0,12,16,0.24213799101525876,0.0,0.0,0.9999999999999999,0.9999999999999999,1.0,1.0
regular-limited,transport,5,LLS_gauss3,1,12,16,0.24213799101525876,0.002889233317598446,0.03995161001410037,1.2425606316331386,1.242,1.0075291204772125,1.5138474775560022
regular-limited,transport,5,LLS_gauss3,2,12,16,0.24213799101525876,0.009614352809404259,0.07260173586992562,0.9999231691041719,1.0,0.9028442110509746,1.0971193384069091
regular-limited,transport,5,Q2_support,0,12,16,0.24213799101525876,0.0,0.0,0.9999999999999999,0.9999999999999999,1.0,1.0
regular-limited,transport,5,Q2_support,1,12,16,0.24213799101525876,0.003211117615444302,0.04513343553113043,1.2425606316331386,1.2419999999999998,1.0066545546791894,1.5187499999999996
regular-limited,transport,5,Q2_support,2,12,16,0.24213799101525876,0.01008142976090347,0.07881510799290001,0.9999231691041711,0.9999999999999996,0.9009607359798385,1.0990392640201616
regular-limited,transport,5,Q2_gauss3,0,12,16,0.24213799101525876,9.438854332592234e-17,1.4901161193847657e-16,0.9999999999999999,0.9999999999999999,1.0,1.0000000000000002
regular-limited,transport,5,Q2_gauss3,1,12,16,0.24213799101525876,0.0027723002389179008,0.04002036233760804,1.2425606316331386,1.242,1.007196429443322,1.5139603751213506
regular-limited,transport,5,Q2_gauss3,2,12,16,0.24213799101525876,0.009067499461871673,0.07266951873184636,0.9999231691041717,1.0,0.9020746512033063,1.097861114792104
regular-limited,transport,6,LLS_support,0,12,16,0.24479169549193167,0.0,0.0,0.9999999999999999,0.9999999999999999,1.0,1.0
regular-limited,transport,6,LLS_support,1,12,16,0.24479169549193167,0.004193573448648083,0.05287940021777719,1.235199959826,1.2344,1.0062499999999999,1.50625
regular-limited,transport,6,LLS_support,2,12,16,0.24479169549193167,0.013515674772910413,0.09020465221829087,0.9999503242751069,0.9999999999999997,0.9009607359798385,1.0990392640201616
regular-limited,transport,6,LLS_gauss3,0,12,16,0.24479169549193167,0.0,0.0,0.9999999999999999,0.9999999999999999,1.0,1.0
regular-limited,transport,6,LLS_gauss3,1,12,16,0.24479169549193167,0.0036823681097856898,0.04753508768248633,1.2351999598260002,1.2344,1.0070278567846727,1.502451953876719
regular-limited,transport,6,LLS_gauss3,2,12,16,0.24479169549193167,0.011763473181626282,0.08531270480125219,0.9999503242751072,1.0000000000000002,0.9020967528465731,1.0979770963556537
regular-limited,transport,6,Q2_support,0,12,16,0.24479169549193167,0.0,0.0,0.9999999999999999,0.9999999999999999,1.0,1.0
regular-limited,transport,6,Q2_support,1,12,16,0.24479169549193167,0.004024567911690553,0.05287940021777719,1.235199959826,1.2344,1.0066545546791894,1.50625
regular-limited,transport,6,Q2_support,2,12,16,0.24479169549193167,0.012180850365525983,0.0888728350745593,0.9999503242751067,0.9999999999999997,0.9022356207769,1.0965243911696871
regular-limited,transport,6,Q2_gauss3,0,12,16,0.24479169549193167,9.438854332592234e-17,1.4901161193847657e-16,0.9999999999999999,0.9999999999999999,1.0,1.0000000000000002
regular-limited,transport,6,Q2_gauss3,1,12,16,0.24479169549193167,0.003581984679613282,0.047609787440035044,1.235199959826,1.2344,1.0069733882904406,1.5028054847298167
regular-limited,transport,6,Q2_gauss3,2,12,16,0.24479169549193167,0.01128670362834748,0.08421317905507908,0.9999503242751069,1.0000000000000002,0.9030675605172679,1.095908409877508
regular-limited,transport,7,LLS_support,0,12,16,0.22590442795641374,0.0,0.0,0.9999999999999999,0.9999999999999999,1.0,1.0
regular-limited,transport,7,LLS_support,1,12,16,0.22590442795641374,0.004970282042871532,0.060547082803518476,1.2279167622562732,1.2268,1.0062499999999999,1.5012500000000002
regular-limited,transport,7,LLS_support,2,12,16,0.22590442795641374,0.015484060206973727,0.09823295972007334,0.9999502057487694,0.9999999999999999,0.9009607359798385,1.0990392640201616
regular-limited,transport,7,LLS_gauss3,0,12,16,0.22590442795641374,0.0,0.0,0.9999999999999999,0.9999999999999999,1.0,1.0
regular-limited,transport,7,LLS_gauss3,1,12,16,0.22590442795641374,0.0045492452946322695,0.05511862477332547,1.2279167622562732,1.2268,1.0066659248510221,1.496865905216747
regular-limited,transport,7,LLS_gauss3,2,12,16,0.22590442795641374,0.013907042257234829,0.0939651058985658,0.9999502057487698,0.9999999999999999,0.9019739783170347,1.0976387881906777
regular-limited,transport,7,Q2_support,0,12,16,0.22590442795641374,0.0,0.0,0.9999999999999999,0.9999999999999999,1.0,1.0
regular-limited,transport,7,Q2_support,1,12,16,0.22590442795641374,0.004893115478216341,0.060547082803518476,1.2279167622562726,1.2268,1.0066545546791894,1.5012500000000002
regular-limited,transport,7,Q2_support,2,12,16,0.22590442795641374,0.014223380425731102,0.09752239769251748,0.9999502057487694,0.9999999999999999,0.9028637476670563,1.0971362523329438
regular-limited,transport,7,Q2_gauss3,0,12,16,0.22590442795641374,9.438854332592234e-17,1.4901161193847657e-16,0.9999999999999999,0.9999999999999999,1.0,1.0000000000000002
regular-limited,transport,7,Q2_gauss3,1,12,16,0.22590442795641374,0.004506207804745745,0.05520178517839611,1.227916762256273,1.2268,1.006853797588541,1.497091753100835
regular-limited,transport,7,Q2_gauss3,2,12,16,0.22590442795641374,0.013447947856417378,0.09369078314492002,0.9999502057487706,0.9999999999999999,0.9035482642313724,1.096722981934532
regular-limited,transport,8,LLS_support,0,12,16,0.23423213063568726,0.0,0.0,0.9999999999999999,0.9999999999999999,1.0,1.0
regular-limited,transport,8,LLS_support,1,12,16,0.23423213063568726,0.00600592234106474,0.06819570796039968,1.2206697397941157,1.2191999999999998,1.0062499999999999,1.49375
regular-limited,transport,8,LLS_support,2,12,16,0.23423213063568726,0.01733601966627394,0.10513135886997327,0.9999656469916043,0.9999999999999997,0.9009607359798385,1.0990392640201616
regular-limited,transport,8,LLS_gauss3,0,12,16,0.23423213063568726,0.0,0.0,0.9999999999999999,0.9999999999999999,1.0,1.0
regular-limited,transport,8,LLS_gauss3,1,12,16,0.23423213063568726,0.005614498871764588,0.06270367093245,1.220669739794116,1.2192,1.007006967288551,1.489343364883671
regular-limited,transport,8,LLS_gauss3,2,12,16,0.23423213063568726,0.016001491948287636,0.10072161580194831,0.9999656469916044,1.0,0.9031839732726156,1.0975230771749078
regular-limited,transport,8,Q2_support,0,12,16,0.23423213063568726,0.0,0.0,0.9999999999999999,0.9999999999999999,1.0,1.0
regular-limited,transport,8,Q2_support,1,12,16,0.23423213063568726,0.005945227017850459,0.06819570796039968,1.2206697397941155,1.2191999999999998,1.0071460121880829,1.49375
regular-limited,transport,8,Q2_support,2,12,16,0.23423213063568726,0.016352689610402964,0.10403905596116558,0.9999656469916043,0.9999999999999997,0.9009607359798387,1.0990392640201616
regular-limited,transport,8,Q2_gauss3,0,12,16,0.23423213063568726,9.438854332592234e-17,1.4901161193847657e-16,0.9999999999999999,0.9999999999999999,1.0,1.0000000000000002
regular-limited,transport,8,Q2_gauss3,1,12,16,0.23423213063568726,0.005582545185053165,0.06274134765836328,1.2206697397941155,1.2192,1.0072632417688325,1.4895643018843356
regular-limited,transport,8,Q2_gauss3,2,12,16,0.23423213063568726,0.01567044820782437,0.10045477456309632,0.9999656469916046,1.0,0.9029608916306463,1.0975002971787615
regular-limited,transport,9,LLS_support,0,12,18,0.21668403707317976,0.0,0.0,0.9999999999999999,0.9999999999999999,1.0,1.0
regular-limited,transport,9,LLS_support,1,12,18,0.21668403707317976,0.007167458575172379,0.07601958606938884,1.2134853922018305,1.2115999999999998,1.0062499999999999,1.48875
regular-limited,transport,9,LLS_support,2,12,18,0.21668403707317976,0.019265574959342297,0.1075821864550981,1.000021615336389,0.9999999999999996,0.9009607359798385,1.0990392640201616
regular-limited,transport,9,LLS_gauss3,0,12,18,0.21668403707317976,0.0,0.0,0.9999999999999999,0.9999999999999999,1.0,1.0
regular-limited,transport,9,LLS_gauss3,1,12,18,0.21668403707317976,0.006808990331521168,0.07043810043073863,1.2134853922018307,1.2116,1.0070858039248622,1.4837573162236988
regular-limited,transport,9,LLS_gauss3,2,12,18,0.21668403707317976,0.018083608225786002,0.10562942744802549,1.000021615336389,1.0,0.9024626369458721,1.0971220845064062
regular-limited,transport,9,Q2_support,0,12,18,0.21668403707317976,0.0,0.0,0.9999999999999999,0.9999999999999999,1.0,1.0
regular-limited,transport,9,Q2_support,1,12,18,0.21668403707317976,0.007124851774348973,0.07601958606938884,1.2134853922018303,1.2115999999999998,1.0072385733809082,1.48875
regular-limited,transport,9,Q2_support,2,12,18,0.21668403707317976,0.01848672345796483,0.10689119024533793,1.000021615336389,0.9999999999999996,0.9013372719352627,1.0990392640201616
regular-limited,transport,9,Q2_gauss3,0,12,18,0.21668403707317976,9.438854332592234e-17,1.4901161193847657e-16,0.9999999999999999,0.9999999999999999,1.0,1.0000000000000002
regular-limited,transport,9,Q2_gauss3,1,12,18,0.21668403707317976,0.00678763312153025,0.07044021838619516,1.21348539220183,1.2116,1.0072964032649352,1.4838505702553537
regular-limited,transport,9,Q2_gauss3,2,12,18,0.21668403707317976,0.017849139614545408,0.10522642566818104,1.000021615336389,1.0,0.9023892418141233,1.0969660249010271
regular-limited,transport,10,LLS_support,0,12,16,0.20293331694143718,0.0,0.0,0.9999999999999999,0.9999999999999999,1.0,1.0
regular-limited,transport,10,LLS_support,1,12,16,0.20293331694143718,0.008665825559154199,0.08346961522952959,1.2063810054470367,1.204,1.0062499999999999,1.47625
regular-limited,transport,10,LLS_support,2,12,16,0.20293331694143718,0.0212544814776775,0.10757279353629738,1.0000670156321971,1.0,0.9009607359798385,1.0990392640201616
regular-limited,transport,10,LLS_gauss3,0,12,16,0.20293331694143718,0.0,0.0,0.9999999999999999,0.9999999999999999,1.0,1.0
regular-limited,transport,10,LLS_gauss3,1,12,16,0.20293331694143718,0.008242992656378047,0.07790053114526764,1.2063810054470374,1.204,1.0072655692235357,1.4723617925444157
regular-limited,transport,10,LLS_gauss3,2,12,16,0.20293331694143718,0.020209936659951654,0.10792610062017337,1.0000670156321974,0.9999999999999999,0.9034972009208087,1.0963321698262523
regular-limited,transport,10,Q2_support,0,12,16,0.20293331694143718,0.0,0.0,0.9999999999999999,0.9999999999999999,1.0,1.0
regular-limited,transport,10,Q2_support,1,12,16,0.20293331694143718,0.00856740325881954,0.08346961522952959,1.206381005447037,1.204,1.007022294561351,1.47625
regular-limited,transport,10,Q2_support,2,12,16,0.20293331694143718,0.020567322456309364,0.10685679333782956,1.000067015632197,1.0,0.9014631254951597,1.0984913678507302
regular-limited,transport,10,Q2_gauss3,0,12,16,0.20293331694143718,9.438854332592234e-17,1.4901161193847657e-16,0.9999999999999999,0.9999999999999999,1.0,1.0000000000000002
regular-limited,transport,10,Q2_gauss3,1,12,16,0.20293331694143718,0.008189991391206115,0.07791137238061398,1.206381005447037,1.204,1.0071311536069332,1.4726956798638196
regular-limited,transport,10,Q2_gauss3,2,12,16,0.20293331694143718,0.019994761509812133,0.10754986960362971,1.0000670156321978,0.9999999999999999,0.9031187637833582,1.09675684198257
regular-limited,transport,11,LLS_support,0,12,17,0.2291307358338125,0.0,0.0,0.9999999999999999,0.9999999999999999,1.0,1.0
regular-limited,transport,11,LLS_support,1,12,17,0.2291307358338125,0.010081923841631374,0.09109812817270592,1.1994046349674523,1.1964,1.0062499999999999,1.47125
regular-limited,transport,11,LLS_support,2,12,17,0.2291307358338125,0.023181666387650395,0.105885720373552,1.0001370606276578,1.0,0.9009607359798385,1.0990392640201616
regular-limited,transport,11,LLS_gauss3,0,12,17,0.2291307358338125,0.0,0.0,0.9999999999999999,0.9999999999999999,1.0,1.0
regular-limited,transport,11,LLS_gauss3,1,12,17,0.2291307358338125,0.009693125542043433,0.08550793628377035,1.1994046349674525,1.1964,1.0072083851950162,1.4667757438844433
regular-limited,transport,11,LLS_gauss3,2,12,17,0.2291307358338125,0.022216716591413523,0.10703028199950039,1.0001370606276583,1.0000000000000002,0.9025624367522885,1.0974887037003926
regular-limited,transport,11,Q2_support,0,12,17,0.2291307358338125,0.0,0.0,0.9999999999999999,0.9999999999999999,1.0,1.0
regular-limited,transport,11,Q2_support,1,12,17,0.2291307358338125,0.010026245308165632,0.09109812817270592,1.199404634967452,1.1964,1.0071383846324777,1.47125
regular-limited,transport,11,Q2_support,2,12,17,0.2291307358338125,0.022447232999310694,0.105885720373552,1.000137060627658,1.0,0.9024494692023742,1.0966900407247135
regular-limited,transport,11,Q2_gauss3,0,12,17,0.2291307358338125,9.438854332592234e-17,1.4901161193847657e-16,0.9999999999999999,0.9999999999999999,1.0,1.0000000000000002
regular-limited,transport,11,Q2_gauss3,1,12,17,0.2291307358338125,0.00966477119765631,0.08551034544907689,1.1994046349674523,1.1964,1.0072541282530285,1.4669819482348376
regular-limited,transport,11,Q2_gauss3,2,12,17,0.2291307358338125,0.021961872658973123,0.1068088196738498,1.0001370606276578,1.0000000000000002,0.9037182571800187,1.0958964255300654
regular-limited,transport,12,LLS_support,0,12,16,0.22890245504470694,0.0,0.0,0.9999999999999999,0.9999999999999999,1.0,1.0
regular-limited,transport,12,LLS_support,1,12,16,0.22890245504470694,0.011700920252661128,0.09872182601021394,1.192447536710881,1.1887999999999999,1.0062499999999999,1.45875
regular-limited,transport,12,LLS_support,2,12,16,0.22890245504470694,0.024892352855040944,0.10775661926869229,1.0002910134739758,0.9999999999999996,0.9018791780193836,1.097536842636778
regular-limited,transport,12,LLS_gauss3,0,12,16,0.22890245504470694,0.0,0.0,0.9999999999999999,0.9999999999999999,1.0,1.0
regular-limited,transport,12,LLS_gauss3,1,12,16,0.22890245504470694,0.011290854050463121,0.09312002000771731,1.1924475367108816,1.1888,1.0073370683918412,1.4553802202051604
regular-limited,transport,12,LLS_gauss3,2,12,16,0.22890245504470694,0.023995047071411774,0.10775661926869229,1.0002910134739762,0.9999999999999997,0.9025473943176149,1.09702735646855
regular-limited,transport,12,Q2_support,0,12,16,0.22890245504470694,0.0,0.0,0.9999999999999999,0.9999999999999999,1.0,1.0
regular-limited,transport,12,Q2_support,1,12,16,0.22890245504470694,0.01161130462078598,0.09872182601021394,1.1924475367108809,1.1887999999999999,1.0072121010686392,1.45875
regular-limited,transport,12,Q2_support,2,12,16,0.22890245504470694,0.02421790973098635,0.10775661926869229,1.0002910134739758,0.9999999999999996,0.9037113118773039,1.095800762207845
regular-limited,transport,12,Q2_gauss3,0,12,16,0.22890245504470694,9.438854332592234e-17,1.4901161193847657e-16,0.9999999999999999,0.9999999999999999,1.0,1.0000000000000002
regular-limited,transport,12,Q2_gauss3,1,12,16,0.22890245504470694,0.011242837524862334,0.09313231190451414,1.1924475367108813,1.1888,1.0073069660026506,1.4558270578433037
regular-limited,transport,12,Q2_gauss3,2,12,16,0.22890245504470694,0.023754161150137613,0.10775661926869229,1.0002910134739762,0.9999999999999997,0.9038124660024485,1.0959230660982606
regular-limited,transport,13,LLS_support,0,12,17,0.22642994385125115,0.0,0.0,0.9999999999999999,0.9999999999999999,1.0,1.0
regular-limited,transport,13,LLS_support,1,12,17,0.22642994385125115,0.013311823150729705,0.10630208384526238,1.185618184877966,1.1811999999999998,1.0062499999999999,1.45875
regular-limited,transport,13,LLS_support,2,12,17,0.22642994385125115,0.026486268561108025,0.10781462273647427,1.0003990780720682,1.0,0.9032530817822255,1.09833016517645
regular-limited,transport,13,LLS_gauss3,0,12,17,0.22642994385125115,0.0,0.0,0.9999999999999999,0.9999999999999999,1.0,1.0
regular-limited,transport,13,LLS_gauss3,1,12,17,0.22642994385125115,0.012947715008531268,0.10069585996495872,1.1856181848779666,1.1812,1.0069881247980004,1.4536671548913955
regular-limited,transport,13,LLS_gauss3,2,12,17,0.22642994385125115,0.02562728652772591,0.10781462273647427,1.0003990780720684,1.0,0.9035387362598695,1.097784537365424
regular-limited,transport,13,Q2_support,0,12,17,0.22642994385125115,0.0,0.0,0.9999999999999999,0.9999999999999999,1.0,1.0
regular-limited,transport,13,Q2_support,1,12,17,0.22642994385125115,0.013276697081373634,0.10630208384526238,1.1856181848779659,1.1811999999999998,1.0071656752110563,1.45875
regular-limited,transport,13,Q2_support,2,12,17,0.22642994385125115,0.02592010998369842,0.10781462273647427,1.0003990780720673,1.0,0.9044971957751083,1.0959094919362191
regular-limited,transport,13,Q2_gauss3,0,12,17,0.22642994385125115,9.438854332592234e-17,1.4901161193847657e-16,0.9999999999999999,0.9999999999999999,1.0,1.0000000000000002
regular-limited,transport,13,Q2_gauss3,1,12,17,0.22642994385125115,0.012930330300942146,0.10068639650778681,1.1856181848779666,1.1812,1.007201705171612,1.4537407653893566
regular-limited,transport,13,Q2_gauss3,2,12,17,0.22642994385125115,0.02544368669709699,0.10781462273647427,1.0003990780720682,1.0,0.9044462290318289,1.0959774164499172
regular-limited,transport,14,LLS_support,0,12,16,0.22032498399526487,0.0,0.0,0.9999999999999999,0.9999999999999999,1.0,1.0
regular-limited,transport,14,LLS_support,1,12,16,0.22032498399526487,0.015145465706485223,0.11387309920499294,1.1788520913688547,1.1735999999999998,1.0062499999999999,1.44625
regular-limited,transport,14,LLS_support,2,12,16,0.22032498399526487,0.02808275580840862,0.10566109275303259,1.000655756340438,0.9999999999999997,0.9009607359798385,1.0990392640201616
regular-limited,transport,14,LLS_gauss3,0,12,16,0.22032498399526487,0.0,0.0,0.9999999999999999,0.9999999999999999,1.0,1.0
regular-limited,transport,14,LLS_gauss3,1,12,16,0.22032498399526487,0.014771974414467055,0.10826509270244464,1.178852091368855,1.1736,1.0067250061472266,1.4422716312121122
regular-limited,transport,14,LLS_gauss3,2,12,16,0.22032498399526487,0.02716654019702009,0.10671488485718787,1.0006557563404381,0.9999999999999999,0.9018434324338845,1.098000308476827
regular-limited,transport,14,Q2_support,0,12,16,0.22032498399526487,0.0,0.0,0.9999999999999999,0.9999999999999999,1.0,1.0
regular-limited,transport,14,Q2_support,1,12,16,0.22032498399526487,0.015096300379394514,0.11387309920499294,1.1788520913688545,1.1735999999999998,1.007273706658787,1.44625
regular-limited,transport,14,Q2_support,2,12,16,0.22032498399526487,0.02757594514165306,0.10565649638015419,1.000655756340438,0.9999999999999997,0.9039015331717701,1.095965761773502
regular-limited,transport,14,Q2_gauss3,0,12,16,0.22032498399526487,9.438854332592234e-17,1.4901161193847657e-16,0.9999999999999999,0.9999999999999999,1.0,1.0000000000000002
regular-limited,transport,14,Q2_gauss3,1,12,16,0.22032498399526487,0.014746375904057536,0.10826178646808192,1.1788520913688547,1.1736,1.007356903170976,1.4425858749978224
regular-limited,transport,14,Q2_gauss3,2,12,16,0.22032498399526487,0.026990395956560526,0.1067180439366126,1.0006557563404388,0.9999999999999999,0.9038717521540897,1.09586364405143
regular-limited,transport,15,LLS_support,0,12,16,0.21429799184357395,0.0,0.0,0.9999999999999999,0.9999999999999999,1.0,1.0
regular-limited,transport,15,LLS_support,1,12,16,0.21429799184357395,0.017037474895446342,0.12151020828888834,1.172196469418889,1.166,1.0062499999999999,1.44125
regular-limited,transport,15,LLS_support,2,12,16,0.21429799184357395,0.029335187707258844,0.10780048148013234,1.00092335727807,0.9999999999999997,0.9009607359798385,1.0990392640201616
regular-limited,transport,15,LLS_gauss3,0,12,16,0.21429799184357395,0.0,0.0,0.9999999999999999,0.9999999999999999,1.0,1.0
regular-limited,transport,15,LLS_gauss3,1,12,16,0.21429799184357395,0.01668246672687196,0.11588782036404281,1.1721964694188893,1.166,1.0073628387156313,1.43668558255214
regular-limited,transport,15,LLS_gauss3,2,12,16,0.21429799184357395,0.02850393524234687,0.10812357454370425,1.0009233572780702,1.0,0.9027391297984901,1.0971905259473873
regular-limited,transport,15,Q2_support,0,12,16,0.21429799184357395,0.0,0.0,0.9999999999999999,0.9999999999999999,1.0,1.0
regular-limited,transport,15,Q2_support,1,12,16,0.21429799184357395,0.017011309170562136,0.12151020828888834,1.1721964694188889,1.166,1.0073071801708597,1.44125
regular-limited,transport,15,Q2_support,2,12,16,0.21429799184357395,0.02887639530138613,0.10729450950802147,1.00092335727807,0.9999999999999997,0.9014940369390487,1.098908610076125
regular-limited,transport,15,Q2_gauss3,0,12,16,0.21429799184357395,9.438854332592234e-17,1.4901161193847657e-16,0.9999999999999999,0.9999999999999999,1.0,1.0000000000000002
regular-limited,transport,15,Q2_gauss3,1,12,16,0.21429799184357395,0.01666988944371144,0.115877465307056,1.1721964694188889,1.166,1.0073169450336552,1.4368721433688405
regular-limited,transport,15,Q2_gauss3,2,12,16,0.21429799184357395,0.028347517453669813,0.10782480882424608,1.0009233572780707,1.0,0.9029040288764649,1.097120503953462
regular-limited,transport,16,LLS_support,0,12,16,0.21607415400437555,0.0,0.0,0.9999999999999999,0.9999999999999999,1.0,1.0
regular-limited,transport,16,LLS_support,1,12,16,0.21607415400437555,0.01912424703779407,0.12909767007542625,1.1656187359679964,1.1583999999999999,1.0062499999999999,1.42875
regular-limited,transport,16,LLS_support,2,12,16,0.21607415400437555,0.03074476571643892,0.10737368342536911,1.0012397874291683,0.9999999999999996,0.9009607359798385,1.0990392640201616
regular-limited,transport,16,LLS_gauss3,0,12,16,0.21607415400437555,0.0,0.0,0.9999999999999999,0.9999999999999999,1.0,1.0
regular-limited,transport,16,LLS_gauss3,1,12,16,0.21607415400437555,0.018752246294078925,0.12347274417216182,1.1656187359679964,1.1584,1.0072293935683116,1.4252900588728568
regular-limited,transport,16,LLS_gauss3,2,12,16,0.21607415400437555,0.029843348367303894,0.10826679750724688,1.0012397874291685,0.9999999999999999,0.9027842853917606,1.0971492119182553
regular-limited,transport,16,Q2_support,0,12,16,0.21607415400437555,0.0,0.0,0.9999999999999999,0.9999999999999999,1.0,1.0
regular-limited,transport,16,Q2_support,1,12,16,0.21607415400437555,0.019076743019919094,0.12909767007542625,1.165618735967996,1.1583999999999999,1.0072099077276597,1.42875
regular-limited,transport,16,Q2_support,2,12,16,0.21607415400437555,0.03021123358908701,0.10713704372077167,1.001239787429168,0.9999999999999996,0.9026831277837032,1.0972094656800266
regular-limited,transport,16,Q2_gauss3,0,12,16,0.21607415400437555,9.438854332592234e-17,1.4901161193847657e-16,0.9999999999999999,0.9999999999999999,1.0,1.0000000000000002
regular-limited,transport,16,Q2_gauss3,1,12,16,0.21607415400437555,0.018728095468709738,0.12346525138116612,1.1656187359679964,1.1584,1.007200338691616,1.4257172529773063
regular-limited,transport,16,Q2_gauss3,2,12,16,0.21607415400437555,0.02962745440569463,0.10814552143580183,1.001239787429169,0.9999999999999999,0.9035486487374806,1.0964854988956705
regular-limited,transport,17,LLS_support,0,12,16,0.2210428637614717,0.0,0.0,0.9999999999999999,0.9999999999999999,1.0,1.0
regular-limited,transport,17,LLS_support,1,12,16,0.2210428637614717,0.021260662565591202,0.13669259681579113,1.1591428399731574,1.1507999999999998,1.0062499999999999,1.42375
regular-limited,transport,17,LLS_support,2,12,16,0.2210428637614717,0.03183406783108755,0.10836620789807305,1.001607584907417,0.9999999999999994,0.9009607359798385,1.0990392640201616
regular-limited,transport,17,LLS_gauss3,0,12,16,0.2210428637614717,0.0,0.0,0.9999999999999999,0.9999999999999999,1.0,1.0
regular-limited,transport,17,LLS_gauss3,1,12,16,0.2210428637614717,0.020911332832151144,0.13106596664462372,1.1591428399731576,1.1508,1.0071407736214373,1.4197040102128848
regular-limited,transport,17,LLS_gauss3,2,12,16,0.2210428637614717,0.030895617758220775,0.10787480954932123,1.0016075849074173,1.0,0.9028313247824389,1.0970167750971007
regular-limited,transport,17,Q2_support,0,12,16,0.2210428637614717,0.0,0.0,0.9999999999999999,0.9999999999999999,1.0,1.0
regular-limited,transport,17,Q2_support,1,12,16,0.2210428637614717,0.0212283707072396,0.13669259681579113,1.1591428399731571,1.1507999999999998,1.0072099155476066,1.42375
regular-limited,transport,17,Q2_support,2,12,16,0.2210428637614717,0.03135633858010867,0.10805205836613745,1.0016075849074175,0.9999999999999994,0.9009607359798387,1.0990392640201614
regular-limited,transport,17,Q2_gauss3,0,12,16,0.2210428637614717,9.438854332592234e-17,1.4901161193847657e-16,0.9999999999999999,0.9999999999999999,1.0,1.0000000000000002
regular-limited,transport,17,Q2_gauss3,1,12,16,0.2210428637614717,0.02089523603610614,0.13106178639559865,1.1591428399731576,1.1508,1.0072544499479168,1.4200035213483244
regular-limited,transport,17,Q2_gauss3,2,12,16,0.2210428637614717,0.030708798966861597,0.10773450093403489,1.001607584907418,1.0,0.9027394422240642,1.0972605577759362
regular-limited,transport,18,LLS_support,0,12,17,0.2133097459550405,0.0,0.0,0.9999999999999999,0.9999999999999999,1.0,1.0
regular-limited,transport,18,LLS_support,1,12,17,0.2133097459550405,0.02353697106597519,0.14429541183184907,1.1527583207560719,1.1431999999999998,1.0062499999999999,1.41625
regular-limited,transport,18,LLS_support,2,12,17,0.2133097459550405,0.03312440432712637,0.1076979135183081,1.0019635612185651,1.0,0.9009607359798385,1.0990392640201616
regular-limited,transport,18,LLS_gauss3,0,12,17,0.2133097459550405,0.0,0.0,0.9999999999999999,0.9999999999999999,1.0,1.0
regular-limited,transport,18,LLS_gauss3,1,12,17,0.2133097459550405,0.023185550236910955,0.1386659491505854,1.1527583207560723,1.1432,1.0071084600048983,1.4121814698798087
regular-limited,transport,18,LLS_gauss3,2,12,17,0.2133097459550405,0.0320499374597921,0.10813008756844238,1.0019635612185656,0.9999999999999997,0.9024498461540701,1.0975302451725746
regular-limited,transport,18,Q2_support,0,12,17,0.2133097459550405,0.0,0.0,0.9999999999999999,0.9999999999999999,1.0,1.0
regular-limited,transport,18,Q2_support,1,12,17,0.2133097459550405,0.02350986015043605,0.14429541183184907,1.1527583207560717,1.1431999999999998,1.0073007198452737,1.41625
regular-limited,transport,18,Q2_support,2,12,17,0.2133097459550405,0.03273854468531214,0.10730316569721475,1.0019635612185656,1.0,0.9028637476670563,1.0979644142829523
regular-limited,transport,18,Q2_gauss3,0,12,17,0.2133097459550405,9.438854332592234e-17,1.4901161193847657e-16,0.9999999999999999,0.9999999999999999,1.0,1.0000000000000002
regular-limited,transport,18,Q2_gauss3,1,12,17,0.2133097459550405,0.023172667226531118,0.13866019601785556,1.152758320756072,1.1432,1.0073081699571178,1.4124760701318253
regular-limited,transport,18,Q2_gauss3,2,12,17,0.2133097459550405,0.03190759764584901,0.10794110076872811,1.0019635612185658,0.9999999999999997,0.9030260911933203,1.097077698460116
regular-limited,transport,19,LLS_support,0,12,17,0.22902855032180475,0.0,0.0,0.9999999999999999,0.9999999999999999,1.0,1.0
regular-limited,transport,19,LLS_support,1,12,17,0.22902855032180475,0.025925691023670556,0.151902638746102,1.146531378025021,1.1356,1.0062499999999999,1.41125
regular-limited,transport,19,LLS_support,2,12,17,0.22902855032180475,0.0342982409924397,0.11378395792026297,1.0023955956000417,0.9999999999999997,0.9009607359798385,1.0990392640201616
regular-limited,transport,19,LLS_gauss3,0,12,17,0.22902855032180475,0.0,0.0,0.9999999999999999,0.9999999999999999,1.0,1.0
regular-limited,transport,19,LLS_gauss3,1,12,17,0.22902855032180475,0.025583905962385106,0.14627006726728678,1.1465313780250215,1.1356,1.0071504991234843,1.4065954212198364
regular-limited,transport,19,LLS_gauss3,2,12,17,0.22902855032180475,0.03320150349694264,0.10722780234638095,1.0023955956000419,1.0,0.9025994508009948,1.0973448927441034
regular-limited,transport,19,Q2_support,0,12,17,0.22902855032180475,0.0,0.0,0.9999999999999999,0.9999999999999999,1.0,1.0
regular-limited,transport,19,Q2_support,1,12,17,0.22902855032180475,0.025906456824441763,0.151902638746102,1.1465313780250206,1.1356,1.0067735871684171,1.41125
regular-limited,transport,19,Q2_support,2,12,17,0.22902855032180475,0.033966891390668906,0.11282742392490715,1.0023955956000417,0.9999999999999997,0.9032359765341986,1.096118231984116
regular-limited,transport,19,Q2_gauss3,0,12,17,0.22902855032180475,9.438854332592234e-17,1.4901161193847657e-16,0.9999999999999999,0.9999999999999999,1.0,1.0000000000000002
regular-limited,transport,19,Q2_gauss3,1,12,17,0.22902855032180475,0.025575095376478337,0.14626884433333665,1.1465313780250215,1.1356,1.0069480026454714,1.4067623385028434
regular-limited,transport,19,Q2_gauss3,2,12,17,0.22902855032180475,0.033083577716566656,0.10694146654375479,1.0023955956000428,1.0,0.9036914371257455,1.0955750065195045
regular-limited,transport,20,LLS_support,0,12,16,0.20332778591994768,0.0,0.0,0.9999999999999999,0.9999999999999999,1.0,1.0
regular-limited,transport,20,LLS_support,1,12,16,0.20332778591994768,0.028470416132586104,0.1595018409911202,1.1403780710922975,1.128,1.0062499999999999,1.3987500000000004
regular-limited,transport,20,LLS_support,2,12,16,0.20332778591994768,0.035649682899224495,0.12293541435455665,1.0028131917922782,0.9999999999999994,0.9009607359798385,1.0990392640201616
regular-limited,transport,20,LLS_gauss3,0,12,16,0.20332778591994768,0.0,0.0,0.9999999999999999,0.9999999999999999,1.0,1.0
regular-limited,transport,20,LLS_gauss3,1,12,16,0.20332778591994768,0.028119131022620033,0.15386832280394866,1.1403780710922975,1.128,1.0074059491508072,1.3951998975405537
regular-limited,transport,20,LLS_gauss3,2,12,16,0.20332778591994768,0.03453853876655773,0.11359206616661266,1.0028131917922787,1.0,0.9031011271735254,1.0968900139010929
regular-limited,transport,20,Q2_support,0,12,16,0.20332778591994768,0.0,0.0,0.9999999999999999,0.9999999999999999,1.0,1.0
regular-limited,transport,20,Q2_support,1,12,16,0.20332778591994768,0.028438145450429105,0.1595018409911202,1.140378071092297,1.128,1.0074434380365591,1.3987500000000004
regular-limited,transport,20,Q2_support,2,12,16,0.20332778591994768,0.03533252725035651,0.12239527523799003,1.0028131917922782,0.9999999999999994,0.9009607359798385,1.0990392640201614
regular-limited,transport,20,Q2_gauss3,0,12,16,0.20332778591994768,9.438854332592234e-17,1.4901161193847657e-16,0.9999999999999999,0.9999999999999999,1.0,1.0000000000000002
regular-limited,transport,20,Q2_gauss3,1,12,16,0.20332778591994768,0.028102802250136588,0.15386418691727385,1.1403780710922975,1.128,1.0074563640528318,1.3956074481113094
regular-limited,transport,20,Q2_gauss3,2,12,16,0.20332778591994768,0.03441781125282611,0.11317603060753524,1.0028131917922787,1.0,0.9028575010803045,1.0967990143564668
random-5432,generated,0,LLS_support,0,7,28,0.11756205475432908,1.911670505794466e-16,2.086162567138672e-15,0.9999999999999999,0.9999999999999999,0.9999999999999979,1.000000000000001
random-5432,generated,0,LLS_support,1,7,28,0.11756205475432908,3.4398752269073187e-16,2.086162567138672e-15,1.28,1.2799999999999998,0.9999999999999999,1.5599999999999994
random-5432,generated,0,LLS_support,2,7,28,0.11756205475432908,0.006588268954111667,0.02611945327927962,1.00004914674104,1.0,0.8878564295110114,1.112169323422192
random-5432,generated,0,LLS_gauss3,0,7,28,0.11756205475432908,1.5986950682580135e-16,1.6391277313232423e-15,1.0,0.9999999999999999,0.9999999999999983,1.0000000000000007
random-5432,generated,0,LLS_gauss3,1,7,28,0.11756205475432908,3.1011990340593547e-16,1.4901161193847656e-15,1.28,1.28,1.005635083268963,1.5543649167310365
random-5432,generated,0,LLS_gauss3,2,7,28,0.11756205475432908,0.003490761552922084,0.018066669648040386,1.00004914674104,1.0,0.894210491038338,1.105485741048323
random-5432,initial_management,0,LLS_support,0,12,24,0.12853803223695695,1.8154819206910136e-16,1.7881393432617186e-15,1.0,0.9999999999999999,0.9999999999999982,1.000000000000001
random-5432,initial_management,0,LLS_support,1,12,24,0.12853803223695695,3.3308437916143867e-16,2.086162567138672e-15,1.28,1.2799999999999998,0.9999999999999999,1.5599999999999994
random-5432,initial_management,0,LLS_support,2,12,24,0.12853803223695695,0.006589437343649232,0.02611945327927962,1.0000499558987903,1.0,0.8878564295110117,1.112169323422192
random-5432,initial_management,0,LLS_gauss3,0,12,24,0.12853803223695695,1.559019030318871e-16,1.4901161193847656e-15,1.0,0.9999999999999999,0.9999999999999986,1.0000000000000009
random-5432,initial_management,0,LLS_gauss3,1,12,24,0.12853803223695695,3.0390981440591746e-16,1.6391277313232423e-15,1.28,1.28,1.005635083268963,1.5543649167310365
random-5432,initial_management,0,LLS_gauss3,2,12,24,0.12853803223695695,0.003491277696418765,0.018066669648040386,1.0000499558987905,1.0,0.8942104910383384,1.105485741048323
random-5432,transport,0,LLS_support,0,12,24,0.12853803223695695,1.802696677664664e-16,1.7881393432617186e-15,1.0,0.9999999999999999,0.9999999999999982,1.000000000000001
random-5432,transport,0,LLS_support,1,12,24,0.12853803223695695,3.3221523517548395e-16,2.086162567138672e-15,1.28,1.2799999999999998,0.9999999999999999,1.5599999999999994
random-5432,transport,0,LLS_support,2,12,24,0.12853803223695695,0.006589437343649232,0.02611945327927962,1.0000499558987903,1.0,0.8878564295110117,1.112169323422192
random-5432,transport,0,LLS_gauss3,0,12,24,0.12853803223695695,1.5651885005279795e-16,1.4901161193847656e-15,1.0,0.9999999999999999,0.9999999999999986,1.0000000000000009
random-5432,transport,0,LLS_gauss3,1,12,24,0.12853803223695695,3.0411234641608086e-16,1.4901161193847656e-15,1.28,1.28,1.005635083268963,1.5543649167310365
random-5432,transport,0,LLS_gauss3,2,12,24,0.12853803223695695,0.0034912776964187643,0.018066669648040386,1.0000499558987905,1.0,0.8942104910383384,1.105485741048323
random-5432,transport,0,Q2_support,0,12,24,0.12853803223695695,1.206333390606285e-16,8.940696716308593e-16,1.0,0.9999999999999999,0.9999999999999991,1.0000000000000002
random-5432,transport,0,Q2_support,1,12,24,0.12853803223695695,2.263452377612167e-16,8.940696716308593e-16,1.2799999999999998,1.2799999999999998,0.9999999999999999,1.5599999999999994
random-5432,transport,0,Q2_support,2,12,24,0.12853803223695695,0.0034055700343351364,0.011825307163390517,1.0000499558987899,1.0,0.8896328812344435,1.1118253071633906
random-5432,transport,0,Q2_gauss3,0,12,24,0.12853803223695695,1.5561831823318353e-16,5.960464477539063e-16,1.0,0.9999999999999999,0.9999999999999994,1.0000000000000004
random-5432,transport,0,Q2_gauss3,1,12,24,0.12853803223695695,2.9948203114017194e-16,1.1920928955078125e-15,1.28,1.28,1.005635083268963,1.5543649167310365
random-5432,transport,0,Q2_gauss3,2,12,24,0.12853803223695695,0.0019413113387292912,0.007030546617169082,1.0000499558987903,1.0,0.8948564818239161,1.1062490881567033
random-5432,transport,1,LLS_support,0,12,24,0.11052710753887625,1.8501858445196517e-16,1.1920928955078125e-15,1.0,0.9999999999999999,0.9999999999999988,1.0000000000000007
random-5432,transport,1,LLS_support,1,12,24,0.11052710753887625,3.1432807591674573e-16,1.9371509552001953e-15,1.2723999999999998,1.2723999999999998,0.9924000000000003,1.5523999999999998
random-5432,transport,1,LLS_support,2,12,24,0.11052710753887625,0.006596057835309577,0.02955573336130038,1.0000597118793075,1.0,0.8887790406213245,1.1134545087772527
random-5432,transport,1,LLS_gauss3,0,12,24,0.11052710753887625,1.5750093874789554e-16,1.043081283569336e-15,1.0,0.9999999999999999,0.999999999999999,1.0000000000000007
random-5432,transport,1,LLS_gauss3,1,12,24,0.11052710753887625,2.902681972071511e-16,1.6391277313232423e-15,1.2724,1.2724,0.9980350832689633,1.5467649167310369
random-5432,transport,1,LLS_gauss3,2,12,24,0.11052710753887625,0.0035284443398273927,0.02107802360311225,1.0000597118793078,0.9999999999999999,0.8954974002212773,1.1083011603766206
random-5432,transport,1,Q2_support,0,12,24,0.11052710753887625,1.4171888692321044e-16,1.1920928955078125e-15,0.9999999999999999,0.9999999999999999,0.9999999999999988,1.0000000000000004
random-5432,transport,1,Q2_support,1,12,24,0.11052710753887625,2.3301683372253193e-16,1.341104507446289e-15,1.2723999999999998,1.2723999999999998,0.9924000000000003,1.5523999999999998
random-5432,transport,1,Q2_support,2,12,24,0.11052710753887625,0.003376296177134668,0.01419618745903045,1.000059711879307,1.0,0.8916283918082585,1.1112074936657619
random-5432,transport,1,Q2_gauss3,0,12,24,0.11052710753887625,1.6302168792421693e-16,1.043081283569336e-15,1.0,0.9999999999999999,0.999999999999999,1.0000000000000004
random-5432,transport,1,Q2_gauss3,1,12,24,0.11052710753887625,2.703015205848415e-16,1.1920928955078125e-15,1.2724,1.2724,0.9980350832689633,1.5467649167310369
random-5432,transport,1,Q2_gauss3,2,12,24,0.11052710753887625,0.001957324259257091,0.009203250695730001,1.000059711879308,0.9999999999999999,0.8955755437051582,1.107676053654803
random-5432,transport,2,LLS_support,0,12,24,0.1454336729221691,2.0219211141186174e-16,1.4901161193847656e-15,1.0,0.9999999999999999,0.9999999999999987,1.0000000000000016
random-5432,transport,2,LLS_support,1,12,24,0.1454336729221691,3.636268393284659e-16,2.384185791015625e-15,1.2648,1.2648,0.9847999999999999,1.5447999999999995
random-5432,transport,2,LLS_support,2,12,24,0.1454336729221691,0.006739611688456963,0.026879658782540262,1.0000549947446293,1.0,0.8909807336921036,1.1103768619182202
random-5432,transport,2,LLS_gauss3,0,12,24,0.1454336729221691,1.6906918093798185e-16,1.341104507446289e-15,1.0,0.9999999999999999,0.999999999999999,1.0000000000000013
random-5432,transport,2,LLS_gauss3,1,12,24,0.1454336729221691,3.2004363067823604e-16,2.086162567138672e-15,1.2648,1.2648,0.9904350832689628,1.5391649167310366
random-5432,transport,2,LLS_gauss3,2,12,24,0.1454336729221691,0.003573465178191829,0.018972171213858725,1.0000549947446296,1.0,0.89424873615852,1.1068957303064209
random-5432,transport,2,Q2_support,0,12,24,0.1454336729221691,1.3207425292694727e-16,1.4901161193847656e-15,1.0,0.9999999999999999,0.9999999999999991,1.0000000000000016
random-5432,transport,2,Q2_support,1,12,24,0.1454336729221691,2.8698574128050523e-16,2.2351741790771483e-15,1.2648,1.2648,0.9847999999999999,1.5447999999999995
random-5432,transport,2,Q2_support,2,12,24,0.1454336729221691,0.0036565072056965148,0.019992883101250677,1.0000549947446293,1.0,0.89325851343218,1.1073499638775495
random-5432,transport,2,Q2_gauss3,0,12,24,0.1454336729221691,1.5948725992765165e-16,1.341104507446289e-15,1.0,0.9999999999999999,0.9999999999999994,1.0000000000000013
random-5432,transport,2,Q2_gauss3,1,12,24,0.1454336729221691,3.2788149531924066e-16,2.384185791015625e-15,1.2648,1.2648,0.9904350832689628,1.5391649167310366
random-5432,transport,2,Q2_gauss3,2,12,24,0.1454336729221691,0.0020502755264315115,0.014401748830145597,1.0000549947446298,1.0,0.8952039198782754,1.105338483820254
random-5432,transport,3,LLS_support,0,12,24,0.11415531665346244,3.0207028128629287e-16,3.576278686523437e-15,1.0,0.9999999999999999,0.9999999999999974,1.0000000000000036
random-5432,transport,3,LLS_support,1,12,24,0.11415531665346244,3.9775216028210924e-16,2.384185791015625e-15,1.2571999999999999,1.2571999999999999,0.9771999999999995,1.5372
random-5432,transport,3,LLS_support,2,12,24,0.11415531665346244,0.006993915876991617,0.037701646264357715,1.0000759659060021,0.9999999999999999,0.8928743504265869,1.1138320269785824
random-5432,transport,3,LLS_gauss3,0,12,24,0.11415531665346244,2.4258127554737387e-16,2.980232238769531e-15,1.0,0.9999999999999999,0.9999999999999979,1.0000000000000029
random-5432,transport,3,LLS_gauss3,1,12,24,0.11415531665346244,3.4081087293643207e-16,1.7881393432617186e-15,1.2572,1.2572,0.9828350832689625,1.5315649167310372
random-5432,transport,3,LLS_gauss3,2,12,24,0.11415531665346244,0.00387025221432767,0.02793069976662129,1.0000759659060021,0.9999999999999999,0.8952250460962619,1.1100504628390135
random-5432,transport,3,Q2_support,0,12,24,0.11415531665346244,2.3289272354929463e-16,2.2351741790771483e-15,1.0,0.9999999999999999,0.9999999999999983,1.0000000000000022
random-5432,transport,3,Q2_support,1,12,24,0.11415531665346244,2.9860473315941903e-16,1.4901161193847656e-15,1.2571999999999999,1.2571999999999999,0.9771999999999995,1.5372
random-5432,transport,3,Q2_support,2,12,24,0.11415531665346244,0.00395709935989296,0.02204761317811057,1.0000759659060026,0.9999999999999999,0.8937051361873287,1.1109845024362397
random-5432,transport,3,Q2_gauss3,0,12,24,0.11415531665346244,2.262210175177286e-16,2.2351741790771483e-15,1.0,0.9999999999999999,0.9999999999999987,1.0000000000000022
random-5432,transport,3,Q2_gauss3,1,12,24,0.11415531665346244,3.3055918546942656e-16,1.4901161193847656e-15,1.2572,1.2572,0.9828350832689626,1.5315649167310375
random-5432,transport,3,Q2_gauss3,2,12,24,0.11415531665346244,0.0024053024998088217,0.017064143457299025,1.0000759659060026,0.9999999999999999,0.8960196587621678,1.1075770427406715
random-5432,transport,4,LLS_support,0,12,24,0.1357421858792722,2.8985934580955545e-16,3.129243850708008e-15,1.0,0.9999999999999999,0.9999999999999969,1.000000000000003
random-5432,transport,4,LLS_support,1,12,24,0.1357421858792722,4.055265534124753e-16,2.980232238769531e-15,1.2495999999999998,1.2495999999999998,0.9695999999999992,1.5296
random-5432,transport,4,LLS_support,2,12,24,0.1357421858792722,0.007581357576827631,0.053098268112198116,1.0001331478035824,0.9999999999999996,0.8819096078718774,1.1196004791759515
random-5432,transport,4,LLS_gauss3,0,12,24,0.1357421858792722,2.3519864833449074e-16,2.682209014892578e-15,1.0,0.9999999999999999,0.9999999999999974,1.0000000000000027
random-5432,transport,4,LLS_gauss3,1,12,24,0.1357421858792722,3.651556699921129e-16,2.682209014892578e-15,1.2496,1.2496,0.9752350832689624,1.523964916731037
random-5432,transport,4,LLS_gauss3,2,12,24,0.1357421858792722,0.004536488822067088,0.041810358987136934,1.0001331478035826,1.0000000000000002,0.8866098387733578,1.114774564283179
random-5432,transport,4,Q2_support,0,12,24,0.1357421858792722,2.358124779516574e-16,2.384185791015625e-15,1.0,0.9999999999999999,0.9999999999999979,1.0000000000000024
random-5432,transport,4,Q2_support,1,12,24,0.1357421858792722,3.105960398485451e-16,2.384185791015625e-15,1.2496,1.2495999999999998,0.9695999999999992,1.5296
random-5432,transport,4,Q2_support,2,12,24,0.1357421858792722,0.0046807508334336875,0.025728891287832855,1.000133147803582,0.9999999999999996,0.8871682615585804,1.1175618307349673
random-5432,transport,4,Q2_gauss3,0,12,24,0.1357421858792722,2.2732124729188847e-16,2.384185791015625e-15,1.0,0.9999999999999999,0.9999999999999983,1.0000000000000024
random-5432,transport,4,Q2_gauss3,1,12,24,0.1357421858792722,3.4691061752902765e-16,1.9371509552001953e-15,1.2496,1.2496,0.9752350832689622,1.5239649167310372
random-5432,transport,4,Q2_gauss3,2,12,24,0.1357421858792722,0.0031751709975085746,0.022148188678950072,1.0001331478035826,1.0000000000000002,0.8898899892701209,1.1136873074553806
random-5432,transport,5,LLS_support,0,12,24,0.15115967124773177,4.854802738210713e-16,5.960464477539062e-15,0.9999999999999999,0.9999999999999999,0.999999999999994,1.0000000000000038
random-5432,transport,5,LLS_support,1,12,24,0.15115967124773177,5.222423573726393e-16,3.576278686523437e-15,1.242,1.2419999999999998,0.9619999999999989,1.522
random-5432,transport,5,LLS_support,2,12,24,0.15115967124773177,0.00819044689111801,0.07010185028804451,1.0000008046620559,0.9999999999999996,0.8793071150194173,1.126367011029557
random-5432,transport,5,LLS_gauss3,0,12,24,0.15115967124773177,4.0254496315507697e-16,5.2154064178466795e-15,0.9999999999999999,0.9999999999999999,0.9999999999999948,1.0000000000000033
random-5432,transport,5,LLS_gauss3,1,12,24,0.15115967124773177,4.546059860534009e-16,3.129243850708008e-15,1.242,1.242,0.9676350832689619,1.5163649167310371
random-5432,transport,5,LLS_gauss3,2,12,24,0.15115967124773177,0.005294907217871363,0.05774590931558132,1.000000804662056,1.0,0.8850252575655541,1.1195810424422745
random-5432,transport,5,Q2_support,0,12,24,0.15115967124773177,4.070209969470676e-16,5.2154064178466795e-15,0.9999999999999999,0.9999999999999999,0.9999999999999948,1.0000000000000027
random-5432,transport,5,Q2_support,1,12,24,0.15115967124773177,4.541570447473454e-16,3.2782554626464845e-15,1.242,1.2419999999999998,0.9619999999999989,1.522
random-5432,transport,5,Q2_support,2,12,24,0.15115967124773177,0.0054531844577434645,0.03760809185294703,1.0000008046620559,0.9999999999999996,0.8815466953090754,1.1227387209580626
random-5432,transport,5,Q2_gauss3,0,12,24,0.15115967124773177,3.531559460125359e-16,4.32133674621582e-15,0.9999999999999999,0.9999999999999999,0.9999999999999957,1.0000000000000027
random-5432,transport,5,Q2_gauss3,1,12,24,0.15115967124773177,4.3410442519401515e-16,2.980232238769531e-15,1.242,1.242,0.9676350832689617,1.5163649167310371
random-5432,transport,5,Q2_gauss3,2,12,24,0.15115967124773177,0.004029010623794128,0.03457574239539534,1.0000008046620557,1.0,0.8864053264868018,1.117551564163807
random-5432,transport,6,LLS_support,0,12,24,0.13997268608287897,5.40541633429249e-16,6.109476089477539e-15,1.0,0.9999999999999999,0.9999999999999939,1.0000000000000038
random-5432,transport,6,LLS_support,1,12,24,0.13997268608287897,5.969673576348225e-16,4.470348358154297e-15,1.2344,1.2344,0.9543999999999976,1.5144000000000006
random-5432,transport,6,LLS_support,2,12,24,0.13997268608287897,0.008842787622816744,0.04599266335478127,1.0000329124401606,0.9999999999999997,0.8733938528908657,1.1293859481205033
random-5432,transport,6,LLS_gauss3,0,12,24,0.13997268608287897,4.504709727371005e-16,5.2154064178466795e-15,1.0,0.9999999999999999,0.9999999999999948,1.000000000000003
random-5432,transport,6,LLS_gauss3,1,12,24,0.13997268608287897,5.216089055614708e-16,3.725290298461914e-15,1.2344,1.2344,0.9600350832689608,1.5087649167310375
random-5432,transport,6,LLS_gauss3,2,12,24,0.13997268608287897,0.005957632871746668,0.03547198872944698,1.0000329124401606,1.0000000000000002,0.8787439056369567,1.1241022120911073
random-5432,transport,6,Q2_support,0,12,24,0.13997268608287897,4.765646361365276e-16,4.470348358154297e-15,1.0,0.9999999999999999,0.9999999999999956,1.0000000000000029
random-5432,transport,6,Q2_support,1,12,24,0.13997268608287897,5.289351068557292e-16,3.874301910400391e-15,1.2344,1.2344,0.9543999999999976,1.5144000000000006
random-5432,transport,6,Q2_support,2,12,24,0.13997268608287897,0.006546650938429356,0.04211830288979799,1.0000329124401608,0.9999999999999997,0.8799013999987082,1.12551158765552
random-5432,transport,6,Q2_gauss3,0,12,24,0.13997268608287897,4.2060822182437275e-16,3.874301910400391e-15,1.0,0.9999999999999999,0.9999999999999961,1.000000000000003
random-5432,transport,6,Q2_gauss3,1,12,24,0.13997268608287897,4.868139846065669e-16,3.2782554626464845e-15,1.2344,1.2344,0.9600350832689607,1.5087649167310377
random-5432,transport,6,Q2_gauss3,2,12,24,0.13997268608287897,0.004975932769158556,0.03383824433224693,1.0000329124401603,1.0000000000000002,0.8829073191932485,1.1224684676939072
random-5432,transport,7,LLS_support,0,12,24,0.16952601240197554,6.581492626687416e-16,6.258487701416016e-15,0.9999999999999999,0.9999999999999999,0.9999999999999938,1.0000000000000042
random-5432,transport,7,LLS_support,1,12,24,0.16952601240197554,7.378180679997003e-16,5.6624412536621096e-15,1.2268,1.2268,0.9467999999999968,1.5068000000000004
random-5432,transport,7,LLS_support,2,12,24,0.16952601240197554,0.009676410755115838,0.05355351747260347,1.0000581774062813,0.9999999999999999,0.8805791742350617,1.1194097646675263
random-5432,transport,7,LLS_gauss3,0,12,24,0.16952601240197554,5.525149612104103e-16,5.2154064178466795e-15,0.9999999999999999,0.9999999999999999,0.9999999999999948,1.0000000000000033
random-5432,transport,7,LLS_gauss3,1,12,24,0.16952601240197554,6.335571535534767e-16,4.76837158203125e-15,1.2268,1.2268,0.95243508326896,1.5011649167310375
random-5432,transport,7,LLS_gauss3,2,12,24,0.16952601240197554,0.006775244103602275,0.04385405337808564,1.0000581774062816,0.9999999999999999,0.8834904787689054,1.1175913628457128
random-5432,transport,7,Q2_support,0,12,24,0.16952601240197554,6.131973179740899e-16,4.917383193969727e-15,0.9999999999999999,0.9999999999999999,0.9999999999999951,1.0000000000000033
random-5432,transport,7,Q2_support,1,12,24,0.16952601240197554,6.890388528011782e-16,5.066394805908203e-15,1.2268,1.2268,0.9467999999999968,1.5068000000000004
random-5432,transport,7,Q2_support,2,12,24,0.16952601240197554,0.007724396161091504,0.046078009912299815,1.0000581774062816,0.9999999999999999,0.8836418464285606,1.1173628333380643
random-5432,transport,7,Q2_gauss3,0,12,24,0.16952601240197554,5.240553711962323e-16,4.32133674621582e-15,0.9999999999999999,0.9999999999999999,0.9999999999999957,1.000000000000003
random-5432,transport,7,Q2_gauss3,1,12,24,0.16952601240197554,6.103617810927088e-16,4.32133674621582e-15,1.2268,1.2268,0.95243508326896,1.5011649167310377
random-5432,transport,7,Q2_gauss3,2,12,24,0.16952601240197554,0.006001974321963907,0.03648004030918747,1.000058177406282,0.9999999999999999,0.8856517044846425,1.1163329912988498
random-5432,transport,8,LLS_support,0,12,23,0.1417559403173884,7.799791811484877e-16,6.258487701416016e-15,0.9999999999999999,0.9999999999999999,0.9999999999999938,1.0000000000000036
random-5432,transport,8,LLS_support,1,12,23,0.1417559403173884,8.772357771138841e-16,6.407499313354492e-15,1.2191999999999998,1.2191999999999998,0.9391999999999954,1.4992
random-5432,transport,8,LLS_support,2,12,23,0.1417559403173884,0.010839268059654834,0.059355466063669475,0.999896394512803,0.9999999999999997,0.8808303177779023,1.1286845023920562
random-5432,transport,8,LLS_gauss3,0,12,23,0.1417559403173884,6.688829936242273e-16,5.2154064178466795e-15,0.9999999999999999,0.9999999999999999,0.9999999999999948,1.000000000000003
random-5432,transport,8,LLS_gauss3,1,12,23,0.1417559403173884,7.728328712364769e-16,5.960464477539062e-15,1.2192,1.2192,0.9448350832689588,1.4935649167310372
random-5432,transport,8,LLS_gauss3,2,12,23,0.1417559403173884,0.007815795624524563,0.04650564239214569,0.9998963945128032,1.0,0.8831010256555408,1.1229646632182548
random-5432,transport,8,Q2_support,0,12,23,0.1417559403173884,7.360133097553193e-16,5.6624412536621096e-15,0.9999999999999999,0.9999999999999999,0.9999999999999943,1.0000000000000036
random-5432,transport,8,Q2_support,1,12,23,0.1417559403173884,8.282199054670242e-16,5.513429641723633e-15,1.2191999999999998,1.2191999999999998,0.9391999999999954,1.4992
random-5432,transport,8,Q2_support,2,12,23,0.1417559403173884,0.009145279384403428,0.05738533595711261,0.999896394512803,0.9999999999999997,0.8808303177779023,1.1267143722854993
random-5432,transport,8,Q2_gauss3,0,12,23,0.1417559403173884,6.364298391835011e-16,5.066394805908203e-15,0.9999999999999999,0.9999999999999999,0.9999999999999949,1.0000000000000033
random-5432,transport,8,Q2_gauss3,1,12,23,0.1417559403173884,7.414895043696592e-16,5.066394805908203e-15,1.2192,1.2192,0.9448350832689588,1.4935649167310374
random-5432,transport,8,Q2_gauss3,2,12,23,0.1417559403173884,0.007174400673873529,0.04714035597745672,0.9998963945128028,1.0,0.8828120389285563,1.1238091576159381
random-5432,transport,9,LLS_support,0,12,24,0.1665505766721621,9.081867587182198e-16,7.599592208862305e-15,0.9999999999999997,0.9999999999999999,0.9999999999999925,1.0000000000000038
random-5432,transport,9,LLS_support,1,12,24,0.1665505766721621,1.0194567716009313e-15,7.152557373046874e-15,1.2115999999999998,1.2115999999999998,0.931599999999994,1.4916000000000003
random-5432,transport,9,LLS_support,2,12,24,0.1665505766721621,0.01226245425103049,0.06719306297335506,0.999846623274441,0.9999999999999996,0.8748740616725857,1.1325100648610944
random-5432,transport,9,LLS_gauss3,0,12,24,0.1665505766721621,8.076356243211221e-16,6.556510925292969e-15,0.9999999999999999,0.9999999999999999,0.9999999999999934,1.0000000000000033
random-5432,transport,9,LLS_gauss3,1,12,24,0.1665505766721621,9.283211214778558e-16,6.258487701416016e-15,1.2116,1.2116,0.9372350832689574,1.4859649167310376
random-5432,transport,9,LLS_gauss3,2,12,24,0.1665505766721621,0.009141342318231162,0.05436041508341178,0.9998466232744411,1.0,0.8810751787143396,1.1260186827249306
random-5432,transport,9,Q2_support,0,12,24,0.1665505766721621,8.697221017928908e-16,7.450580596923828e-15,0.9999999999999997,0.9999999999999999,0.9999999999999926,1.0000000000000033
random-5432,transport,9,Q2_support,1,12,24,0.1665505766721621,9.765227951511113e-16,7.152557373046874e-15,1.2115999999999998,1.2115999999999998,0.931599999999994,1.4916000000000003
random-5432,transport,9,Q2_support,2,12,24,0.1665505766721621,0.01081529076981434,0.06633132346134364,0.9998466232744406,0.9999999999999996,0.8754180080900943,1.131648325349083
random-5432,transport,9,Q2_gauss3,0,12,24,0.1665505766721621,7.743153987833147e-16,6.407499313354492e-15,0.9999999999999999,0.9999999999999999,0.9999999999999936,1.0000000000000033
random-5432,transport,9,Q2_gauss3,1,12,24,0.1665505766721621,8.948188113557701e-16,6.407499313354492e-15,1.2116,1.2116,0.9372350832689578,1.4859649167310376
random-5432,transport,9,Q2_gauss3,2,12,24,0.1665505766721621,0.008622347161586252,0.05525485777776539,0.999846623274441,1.0,0.8810632205992867,1.127587783171774
random-5432,transport,10,LLS_support,0,12,24,0.15318929420574434,1.0463745189561408e-15,9.685754776000977e-15,0.9999999999999997,0.9999999999999999,0.9999999999999903,1.000000000000004
random-5432,transport,10,LLS_support,1,12,24,0.15318929420574434,1.1432066270345171e-15,8.344650268554688e-15,1.204,1.204,0.9239999999999936,1.4840000000000002
random-5432,transport,10,LLS_support,2,12,24,0.15318929420574434,0.01412961821587828,0.07552189828168526,0.9999524904988788,1.0,0.857018680451356,1.13440023609643
random-5432,transport,10,LLS_gauss3,0,12,24,0.15318929420574434,9.63147452953722e-16,8.493661880493165e-15,0.9999999999999997,0.9999999999999999,0.9999999999999915,1.0000000000000033
random-5432,transport,10,LLS_gauss3,1,12,24,0.15318929420574434,1.0702465783296675e-15,7.301568984985351e-15,1.204,1.204,0.9296350832689569,1.478364916731037
random-5432,transport,10,LLS_gauss3,2,12,24,0.15318929420574434,0.010969909568192118,0.06261963455445677,0.9999524904988788,0.9999999999999999,0.8688025560894236,1.1280625528413395
random-5432,transport,10,Q2_support,0,12,24,0.15318929420574434,1.0051190989123214e-15,8.940696716308593e-15,0.9999999999999997,0.9999999999999999,0.999999999999991,1.0000000000000033
random-5432,transport,10,Q2_support,1,12,24,0.15318929420574434,1.1035550300060185e-15,8.046627044677735e-15,1.2039999999999997,1.204,0.9239999999999936,1.4840000000000002
random-5432,transport,10,Q2_support,2,12,24,0.15318929420574434,0.012831701331905832,0.07398094600463748,0.9999524904988794,1.0,0.8597376116741443,1.1327594712338849
random-5432,transport,10,Q2_gauss3,0,12,24,0.15318929420574434,9.280061629760233e-16,8.046627044677735e-15,0.9999999999999997,0.9999999999999999,0.999999999999992,1.0000000000000029
random-5432,transport,10,Q2_gauss3,1,12,24,0.15318929420574434,1.0364127963772175e-15,7.152557373046874e-15,1.204,1.204,0.9296350832689573,1.4783649167310375
random-5432,transport,10,Q2_gauss3,2,12,24,0.15318929420574434,0.010501487953745874,0.06263458027461931,0.9999524904988794,0.9999999999999999,0.8688238527725719,1.128077498561502
random-5432,transport,11,LLS_support,0,12,24,0.18029189338132462,1.1856239946542383e-15,1.0728836059570312e-14,0.9999999999999997,0.9999999999999999,0.9999999999999892,1.0000000000000038
random-5432,transport,11,LLS_support,1,12,24,0.18029189338132462,1.3563956536388723e-15,9.685754776000977e-15,1.1963999999999997,1.1964,0.9163999999999921,1.4764
random-5432,transport,11,LLS_support,2,12,24,0.18029189338132462,0.016032714766190607,0.0956501455294925,0.9998607699089849,1.0,0.8428608833748382,1.1452937374987266
random-5432,transport,11,LLS_gauss3,0,12,24,0.18029189338132462,1.113154517077586e-15,9.834766387939454e-15,0.9999999999999997,0.9999999999999999,0.9999999999999901,1.0000000000000033
random-5432,transport,11,LLS_gauss3,1,12,24,0.18029189338132462,1.295591571512495e-15,8.791685104370117e-15,1.1963999999999997,1.1964,0.9220350832689554,1.4707649167310373
random-5432,transport,11,LLS_gauss3,2,12,24,0.18029189338132462,0.01297443188385336,0.08036362904746473,0.9998607699089852,1.0000000000000002,0.8540262237581352,1.1360897287739553
random-5432,transport,11,Q2_support,0,12,24,0.18029189338132462,1.1458338012756001e-15,9.834766387939454e-15,0.9999999999999997,0.9999999999999999,0.9999999999999901,1.0000000000000029
random-5432,transport,11,Q2_support,1,12,24,0.18029189338132462,1.3191508415902258e-15,9.5367431640625e-15,1.1963999999999997,1.1964,0.9163999999999921,1.4764
random-5432,transport,11,Q2_support,2,12,24,0.18029189338132462,0.014891076079057635,0.0956501455294925,0.9998607699089844,1.0,0.8458949715893367,1.1439972785043413
random-5432,transport,11,Q2_gauss3,0,12,24,0.18029189338132462,1.074528796960041e-15,9.08970832824707e-15,0.9999999999999997,0.9999999999999999,0.9999999999999909,1.0000000000000029
random-5432,transport,11,Q2_gauss3,1,12,24,0.18029189338132462,1.2505501592296335e-15,8.493661880493165e-15,1.1964,1.1964,0.9220350832689557,1.4707649167310373
random-5432,transport,11,Q2_gauss3,2,12,24,0.18029189338132462,0.012570191052090446,0.08008056258358642,0.9998607699089852,1.0000000000000002,0.8549266727555711,1.1372333125193925
random-5432,transport,12,LLS_support,0,12,24,0.17321802025137717,1.3561966957128084e-15,1.1324882507324219e-14,0.9999999999999997,0.9999999999999999,0.9999999999999887,1.0000000000000033
random-5432,transport,12,LLS_support,1,12,24,0.17321802025137717,1.593508377583739e-15,1.0579824447631836e-14,1.1887999999999996,1.1887999999999999,0.908799999999991,1.4688
random-5432,transport,12,LLS_support,2,12,24,0.17321802025137717,0.01832399666146109,0.11894053474078387,0.9998101737645417,0.9999999999999996,0.830950034737504,1.1625376762746282
random-5432,transport,12,LLS_gauss3,0,12,24,0.17321802025137717,1.273435817011758e-15,1.0430812835693359e-14,0.9999999999999997,0.9999999999999999,0.9999999999999896,1.0000000000000029
random-5432,transport,12,LLS_gauss3,1,12,24,0.17321802025137717,1.5177886077493885e-15,9.5367431640625e-15,1.1887999999999996,1.1888,0.9144350832689545,1.463164916731037
random-5432,transport,12,LLS_gauss3,2,12,24,0.17321802025137717,0.015348277142002677,0.10291799350815252,0.9998101737645421,0.9999999999999997,0.8411990126425694,1.14562644792839
random-5432,transport,12,Q2_support,0,12,24,0.17321802025137717,1.325796920380883e-15,1.1026859283447266e-14,0.9999999999999997,0.9999999999999999,0.999999999999989,1.0000000000000027
random-5432,transport,12,Q2_support,1,12,24,0.17321802025137717,1.5580915028017765e-15,1.0430812835693359e-14,1.1887999999999996,1.1887999999999999,0.908799999999991,1.4688
random-5432,transport,12,Q2_support,2,12,24,0.17321802025137717,0.017255403823243108,0.11894053474078387,0.9998101737645431,0.9999999999999996,0.8331813155962535,1.1575099656885945
random-5432,transport,12,Q2_gauss3,0,12,24,0.17321802025137717,1.2418751002750893e-15,1.0281801223754882e-14,0.9999999999999997,0.9999999999999999,0.9999999999999897,1.0000000000000027
random-5432,transport,12,Q2_gauss3,1,12,24,0.17321802025137717,1.4790258134659478e-15,9.685754776000977e-15,1.1887999999999999,1.1888,0.9144350832689545,1.4631649167310372
random-5432,transport,12,Q2_gauss3,2,12,24,0.17321802025137717,0.014939380669028389,0.10271777631555185,0.9998101737645426,0.9999999999999997,0.8419913731306558,1.1484912466422394
random-5432,transport,13,LLS_support,0,12,23,0.17920925481909686,1.582901375507973e-15,1.2218952178955078e-14,0.9999999999999996,0.9999999999999999,0.9999999999999878,1.0000000000000033
random-5432,transport,13,LLS_support,1,12,23,0.17920925481909686,1.8544521880052816e-15,1.1920928955078124e-14,1.1811999999999996,1.1811999999999998,0.9011999999999888,1.4612000000000012
random-5432,transport,13,LLS_support,2,12,23,0.17920925481909686,0.021335700475869496,0.14277183063912408,0.9998371089638928,1.0,0.8199526654276179,1.1805567301108104
random-5432,transport,13,LLS_gauss3,0,12,23,0.17920925481909686,1.4935399703567643e-15,1.1324882507324219e-14,0.9999999999999996,0.9999999999999999,0.9999999999999887,1.000000000000003
random-5432,transport,13,LLS_gauss3,1,12,23,0.17920925481909686,1.7711755108905426e-15,1.1175870895385742e-14,1.1811999999999998,1.1812,0.9068350832689526,1.455564916731038
random-5432,transport,13,LLS_gauss3,2,12,23,0.17920925481909686,0.018370558100352874,0.12655292528943762,0.9998371089638929,1.0,0.8293085368088763,1.1640122588028303
random-5432,transport,13,Q2_support,0,12,23,0.17920925481909686,1.5550143415977394e-15,1.2069940567016601e-14,0.9999999999999996,0.9999999999999999,0.9999999999999879,1.0000000000000024
random-5432,transport,13,Q2_support,1,12,23,0.17920925481909686,1.8228615605204355e-15,1.1473894119262696e-14,1.1811999999999996,1.1811999999999998,0.9011999999999888,1.4612000000000012
random-5432,transport,13,Q2_support,2,12,23,0.17920925481909686,0.020337950047242207,0.14277183063912408,0.9998371089638929,1.0,0.8209233629334673,1.1702639621487987
random-5432,transport,13,Q2_gauss3,0,12,23,0.17920925481909686,1.4587032008205207e-15,1.1324882507324219e-14,0.9999999999999997,0.9999999999999999,0.9999999999999887,1.0000000000000024
random-5432,transport,13,Q2_gauss3,1,12,23,0.17920925481909686,1.7316104880459445e-15,1.0877847671508789e-14,1.1811999999999998,1.1812,0.9068350832689527,1.4555649167310385
random-5432,transport,13,Q2_gauss3,2,12,23,0.17920925481909686,0.017969159156137778,0.12646516755111395,0.9998371089638933,1.0,0.8294064815322589,1.1602588100896627
random-5432,transport,14,LLS_support,0,12,22,0.14604802185472043,1.81602329949133e-15,1.341104507446289e-14,0.9999999999999994,0.9999999999999999,0.9999999999999866,1.0000000000000033
random-5432,transport,14,LLS_support,1,12,22,0.14604802185472043,2.099769275577323e-15,1.3113021850585938e-14,1.1735999999999993,1.1735999999999998,0.8935999999999875,1.4536000000000002
random-5432,transport,14,LLS_support,2,12,22,0.14604802185472043,0.02480876590910341,0.16635075512010067,0.9997043381986294,0.9999999999999997,0.8083758835487221,1.184069951314558
random-5432,transport,14,LLS_gauss3,0,12,22,0.14604802185472043,1.7193435594470562e-15,1.2367963790893555e-14,0.9999999999999996,0.9999999999999999,0.9999999999999877,1.000000000000003
random-5432,transport,14,LLS_gauss3,1,12,22,0.14604802185472043,2.0240954247410114e-15,1.2218952178955078e-14,1.1735999999999995,1.1736,0.8992350832689512,1.447964916731037
random-5432,transport,14,LLS_gauss3,2,12,22,0.14604802185472043,0.021790297508902753,0.150491245582968,0.9997043381986295,0.9999999999999999,0.8169223721876093,1.1707845712784772
random-5432,transport,14,Q2_support,0,12,22,0.14604802185472043,1.7927899085754092e-15,1.3113021850585938e-14,0.9999999999999996,0.9999999999999999,0.9999999999999869,1.0000000000000027
random-5432,transport,14,Q2_support,1,12,22,0.14604802185472043,2.0766289120450294e-15,1.2814998626708985e-14,1.1735999999999993,1.1735999999999998,0.8935999999999875,1.4536000000000002
random-5432,transport,14,Q2_support,2,12,22,0.14604802185472043,0.02400359514189278,0.16635075512010067,0.9997043381986289,0.9999999999999997,0.8092083624811279,1.1769973737268045
random-5432,transport,14,Q2_gauss3,0,12,22,0.14604802185472043,1.6919863770916966e-15,1.2218952178955078e-14,0.9999999999999996,0.9999999999999999,0.9999999999999878,1.0000000000000027
random-5432,transport,14,Q2_gauss3,1,12,22,0.14604802185472043,1.98940627934526e-15,1.1920928955078124e-14,1.1735999999999995,1.1736,0.8992350832689513,1.4479649167310376
random-5432,transport,14,Q2_gauss3,2,12,22,0.14604802185472043,0.021485492070910352,0.1505121853545159,0.9997043381986298,0.9999999999999999,0.816901634730694,1.168474574759965
random-5432,transport,15,LLS_support,0,12,24,0.18479158825912234,2.0934396913873764e-15,1.4901161193847656e-14,0.9999999999999994,0.9999999999999999,0.9999999999999851,1.0000000000000038
random-5432,transport,15,LLS_support,1,12,24,0.18479158825912234,2.410760660609829e-15,1.4603137969970702e-14,1.1659999999999995,1.166,0.8859999999999856,1.4460000000000004
random-5432,transport,15,LLS_support,2,12,24,0.18479158825912234,0.028762215022301123,0.188926837055006,0.9997337867664364,0.9999999999999997,0.7948589137507652,1.185882248384777
random-5432,transport,15,LLS_gauss3,0,12,24,0.18479158825912234,1.98999612438711e-15,1.385807991027832e-14,0.9999999999999994,0.9999999999999999,0.9999999999999861,1.0000000000000033
random-5432,transport,15,LLS_gauss3,1,12,24,0.18479158825912234,2.331486513564922e-15,1.385807991027832e-14,1.1659999999999995,1.166,0.8916350832689492,1.4403649167310375
random-5432,transport,15,LLS_gauss3,2,12,24,0.18479158825912234,0.025714599868311348,0.17395878752092303,0.9997337867664366,1.0,0.8034053379079135,1.1753189939122548
random-5432,transport,15,Q2_support,0,12,24,0.18479158825912234,2.0775336834507882e-15,1.4454126358032227e-14,0.9999999999999994,0.9999999999999999,0.9999999999999856,1.0000000000000029
random-5432,transport,15,Q2_support,1,12,24,0.18479158825912234,2.3865371911115863e-15,1.4454126358032227e-14,1.1659999999999995,1.166,0.8859999999999856,1.4460000000000004
random-5432,transport,15,Q2_support,2,12,24,0.18479158825912234,0.028158445663719094,0.188926837055006,0.9997337867664361,0.9999999999999997,0.7960877210545277,1.1819292004777346
random-5432,transport,15,Q2_gauss3,0,12,24,0.18479158825912234,1.958213698645255e-15,1.3560056686401367e-14,0.9999999999999994,0.9999999999999999,0.9999999999999865,1.0000000000000029
random-5432,transport,15,Q2_gauss3,1,12,24,0.18479158825912234,2.2969036376663787e-15,1.3709068298339843e-14,1.1659999999999995,1.166,0.8916350832689494,1.4403649167310377
random-5432,transport,15,Q2_gauss3,2,12,24,0.18479158825912234,0.025503435639884622,0.17404441987831026,0.999733786766437,1.0,0.8038538885327063,1.1748781089298868
random-5432,transport,16,LLS_support,0,12,24,0.17997691508514985,2.3958593777372223e-15,1.6242265701293944e-14,0.9999999999999992,0.9999999999999999,0.9999999999999838,1.0000000000000038
random-5432,transport,16,LLS_support,1,12,24,0.17997691508514985,2.769111573439213e-15,1.5795230865478516e-14,1.1583999999999992,1.1583999999999999,0.8783999999999842,1.4384000000000003
random-5432,transport,16,LLS_support,2,12,24,0.17997691508514985,0.033059608669491355,0.20981535986386166,0.9994543526655996,0.9999999999999996,0.7813414736246649,1.1831958645816665
random-5432,transport,16,LLS_gauss3,0,12,24,0.17997691508514985,2.2940844265466174e-15,1.5348196029663087e-14,0.9999999999999994,0.9999999999999999,0.9999999999999847,1.0000000000000033
random-5432,transport,16,LLS_gauss3,1,12,24,0.17997691508514985,2.684044343628664e-15,1.5050172805786134e-14,1.1583999999999994,1.1584,0.8840350832689481,1.4327649167310372
random-5432,transport,16,LLS_gauss3,2,12,24,0.17997691508514985,0.030012853067134228,0.19621544203306063,0.9994543526655998,0.9999999999999999,0.789887865978913,1.173985078340495
random-5432,transport,16,Q2_support,0,12,24,0.17997691508514985,2.374647332789876e-15,1.5795230865478516e-14,0.9999999999999992,0.9999999999999999,0.9999999999999842,1.0000000000000033
random-5432,transport,16,Q2_support,1,12,24,0.17997691508514985,2.75187216480703e-15,1.5795230865478516e-14,1.1583999999999992,1.1583999999999999,0.8783999999999842,1.4384000000000003
random-5432,transport,16,Q2_support,2,12,24,0.17997691508514985,0.032572221264429164,0.20981535986386166,0.9994543526655991,0.9999999999999996,0.7825763364608568,1.1817340963209984
random-5432,transport,16,Q2_gauss3,0,12,24,0.17997691508514985,2.2618028209122617e-15,1.4901161193847656e-14,0.9999999999999994,0.9999999999999999,0.9999999999999851,1.000000000000003
random-5432,transport,16,Q2_gauss3,1,12,24,0.17997691508514985,2.652323881145518e-15,1.5050172805786134e-14,1.1583999999999994,1.1584,0.8840350832689481,1.432764916731038
random-5432,transport,16,Q2_gauss3,2,12,24,0.17997691508514985,0.029848406767621367,0.1962890222651422,0.999454352665599,0.9999999999999999,0.7903281092603478,1.1760001661268273
random-5432,transport,17,LLS_support,0,12,23,0.17424209143644045,2.7446378075129116e-15,1.817941665649414e-14,0.9999999999999991,0.9999999999999999,0.9999999999999818,1.0000000000000036
random-5432,transport,17,LLS_support,1,12,23,0.17424209143644045,3.1394182704752737e-15,1.7136335372924805e-14,1.1507999999999987,1.1507999999999998,0.8707999999999831,1.4308000000000003
random-5432,transport,17,LLS_support,2,12,23,0.17424209143644045,0.03824675534822745,0.22844945116503118,0.9993437711031595,0.9999999999999994,0.7678237363356679,1.1887214649492388
random-5432,transport,17,LLS_gauss3,0,12,23,0.17424209143644045,2.6389481605952188e-15,1.7136335372924805e-14,0.9999999999999991,0.9999999999999999,0.9999999999999829,1.000000000000003
random-5432,transport,17,LLS_gauss3,1,12,23,0.17424209143644045,3.04813816573568e-15,1.6391277313232423e-14,1.1507999999999987,1.1508,0.8764350832689467,1.4251649167310374
random-5432,transport,17,LLS_gauss3,2,12,23,0.17424209143644045,0.03512740468666106,0.21660825123487978,0.99934377110316,1.0,0.7763701574267341,1.1757642962984072
random-5432,transport,17,Q2_support,0,12,23,0.17424209143644045,2.722040614729039e-15,1.817941665649414e-14,0.9999999999999991,0.9999999999999999,0.9999999999999818,1.000000000000003
random-5432,transport,17,Q2_support,1,12,23,0.17424209143644045,3.1220412177996034e-15,1.683831214904785e-14,1.1507999999999987,1.1507999999999998,0.8707999999999831,1.4308000000000003
random-5432,transport,17,Q2_support,2,12,23,0.17424209143644045,0.03785687671116446,0.22844945116503118,0.9993437711031586,0.9999999999999994,0.7689825103022044,1.184500707984429
random-5432,transport,17,Q2_gauss3,0,12,23,0.17424209143644045,2.604647826594671e-15,1.7136335372924805e-14,0.9999999999999992,0.9999999999999999,0.9999999999999829,1.0000000000000029
random-5432,transport,17,Q2_gauss3,1,12,23,0.17424209143644045,3.010163439167027e-15,1.609325408935547e-14,1.1507999999999992,1.1508,0.876435083268947,1.4251649167310378
random-5432,transport,17,Q2_gauss3,2,12,23,0.17424209143644045,0.0350008294491222,0.21667402739393055,0.9993437711031598,1.0,0.7767908002017904,1.1792531440678446
random-5432,transport,18,LLS_support,0,12,24,0.1432154043468713,3.0765237248597077e-15,1.996755599975586e-14,0.9999999999999991,0.9999999999999999,0.99999999999998,1.0000000000000038
random-5432,transport,18,LLS_support,1,12,24,0.1432154043468713,3.477491926387062e-15,1.817941665649414e-14,1.1431999999999984,1.1431999999999998,0.863199999999982,1.4232000000000002
random-5432,transport,18,LLS_support,2,12,24,0.1432154043468713,0.04384704880788349,0.24441425179260298,0.9990019458546195,1.0,0.7543061558316596,1.183812413393576
random-5432,transport,18,LLS_gauss3,0,12,24,0.1432154043468713,2.9809500468097953e-15,1.8924474716186522e-14,0.9999999999999991,0.9999999999999999,0.9999999999999811,1.0000000000000033
random-5432,transport,18,LLS_gauss3,1,12,24,0.1432154043468713,3.4028180254347565e-15,1.7434358596801758e-14,1.1431999999999987,1.1432,0.8688350832689457,1.4175649167310376
random-5432,transport,18,LLS_gauss3,2,12,24,0.1432154043468713,0.040775694820484,0.23461165355749697,0.9990019458546199,0.9999999999999997,0.7628525826152643,1.1797824975936708
random-5432,transport,18,Q2_support,0,12,24,0.1432154043468713,3.056456974399728e-15,1.9669532775878907e-14,0.9999999999999991,0.9999999999999999,0.9999999999999803,1.0000000000000033
random-5432,transport,18,Q2_support,1,12,24,0.1432154043468713,3.461876327218309e-15,1.8030405044555665e-14,1.1431999999999984,1.1431999999999998,0.863199999999982,1.4232000000000002
random-5432,transport,18,Q2_support,2,12,24,0.1432154043468713,0.043512823152811166,0.24441425179260298,0.9990019458546194,1.0,0.7558178426636291,1.1817946232015455
random-5432,transport,18,Q2_gauss3,0,12,24,0.1432154043468713,2.940003773908388e-15,1.8477439880371094e-14,0.9999999999999991,0.9999999999999999,0.9999999999999816,1.000000000000003
random-5432,transport,18,Q2_gauss3,1,12,24,0.1432154043468713,3.3639777826854327e-15,1.728534698486328e-14,1.1431999999999987,1.1432,0.8688350832689457,1.4175649167310378
random-5432,transport,18,Q2_gauss3,2,12,24,0.1432154043468713,0.04066572236163783,0.23471746276504546,0.9990019458546202,0.9999999999999997,0.7635493206115189,1.1776141607553523
random-5432,transport,19,LLS_support,0,12,23,0.17972626863501556,3.4783453979322006e-15,2.1457672119140625e-14,0.9999999999999987,0.9999999999999999,0.9999999999999786,1.0000000000000042
random-5432,transport,19,LLS_support,1,12,23,0.17972626863501556,3.8787370840477235e-15,1.9371509552001954e-14,1.1355999999999984,1.1356,0.8555999999999809,1.4156000000000002
random-5432,transport,19,LLS_support,2,12,23,0.17972626863501556,0.049685667252614675,0.25747126643402324,0.9985412903552462,0.9999999999999997,0.7407885485381394,1.194906980992707
random-5432,transport,19,LLS_gauss3,0,12,23,0.17972626863501556,3.384349294239809e-15,2.041459083557129e-14,0.9999999999999988,0.9999999999999999,0.9999999999999796,1.0000000000000038
random-5432,transport,19,LLS_gauss3,1,12,23,0.17972626863501556,3.809049170014051e-15,1.8626451492309572e-14,1.1355999999999986,1.1356,0.8612350832689445,1.4099649167310375
random-5432,transport,19,LLS_gauss3,2,12,23,0.17972626863501556,0.046778669227807886,0.2498592587943703,0.9985412903552465,1.0,0.7493349708438255,1.17980986614992
random-5432,transport,19,Q2_support,0,12,23,0.17972626863501556,3.4590495629705194e-15,2.130866050720215e-14,0.9999999999999987,0.9999999999999999,0.9999999999999787,1.0000000000000029
random-5432,transport,19,Q2_support,1,12,23,0.17972626863501556,3.857859424194756e-15,1.9222497940063476e-14,1.1355999999999984,1.1356,0.8555999999999809,1.4156000000000002
random-5432,transport,19,Q2_support,2,12,23,0.17972626863501556,0.04941198987133974,0.25747126643402324,0.9985412903552465,0.9999999999999997,0.7424292373856488,1.1887988731220729
random-5432,transport,19,Q2_gauss3,0,12,23,0.17972626863501556,3.34799435331171e-15,2.0116567611694336e-14,0.9999999999999988,0.9999999999999999,0.9999999999999799,1.000000000000003
random-5432,transport,19,Q2_gauss3,1,12,23,0.17972626863501556,3.762979253374501e-15,1.8477439880371094e-14,1.1355999999999986,1.1356,0.8612350832689448,1.4099649167310377
random-5432,transport,19,Q2_gauss3,2,12,23,0.17972626863501556,0.04668844668997076,0.24997106244455636,0.9985412903552466,1.0,0.7500921493543808,1.1840835674623946
random-5432,transport,20,LLS_support,0,12,24,0.18893568050257697,3.929717783186617e-15,2.339482307434082e-14,0.9999999999999987,0.9999999999999999,0.9999999999999766,1.0000000000000036
random-5432,transport,20,LLS_support,1,12,24,0.18893568050257697,4.304197286908597e-15,2.0712614059448243e-14,1.1279999999999981,1.128,0.8479999999999794,1.4080000000000004
random-5432,transport,20,LLS_support,2,12,24,0.18893568050257697,0.05626408540399808,0.27272904029973954,0.997990116333271,0.9999999999999994,0.7272709597002605,1.2211030003765069
random-5432,transport,20,LLS_gauss3,0,12,24,0.18893568050257697,3.839888641222792e-15,2.2202730178833007e-14,0.9999999999999987,0.9999999999999999,0.9999999999999778,1.0000000000000033
random-5432,transport,20,LLS_gauss3,1,12,24,0.18893568050257697,4.233433328789218e-15,1.996755599975586e-14,1.1279999999999983,1.128,0.8536350832689431,1.4023649167310375
random-5432,transport,20,LLS_gauss3,2,12,24,0.18893568050257697,0.05349608186913984,0.2621691597996314,0.9979901163332714,1.0,0.7358173813055479,1.1987393628576017
random-5432,transport,20,Q2_support,0,12,24,0.18893568050257697,3.9130771556389984e-15,2.3245811462402345e-14,0.9999999999999986,0.9999999999999999,0.9999999999999768,1.0000000000000027
random-5432,transport,20,Q2_support,1,12,24,0.18893568050257697,4.2832469209079285e-15,2.0712614059448243e-14,1.1279999999999981,1.128,0.8479999999999794,1.4080000000000004
random-5432,transport,20,Q2_support,2,12,24,0.18893568050257697,0.05601518941094533,0.27145044589662687,0.9979901163332716,0.9999999999999994,0.7285495541033732,1.2048277073246187
random-5432,transport,20,Q2_gauss3,0,12,24,0.18893568050257697,3.798594421497004e-15,2.205371856689453e-14,0.9999999999999987,0.9999999999999999,0.9999999999999779,1.0000000000000029
random-5432,transport,20,Q2_gauss3,1,12,24,0.18893568050257697,4.1902060142542265e-15,1.9669532775878907e-14,1.1279999999999983,1.128,0.8536350832689433,1.4023649167310375
random-5432,transport,20,Q2_gauss3,2,12,24,0.18893568050257697,0.05340927067405755,0.2622543338365473,0.9979901163332706,1.0,0.7363903651267226,1.1965833784258493
random-5432-limited,generated,0,LLS_support,0,7,28,0.11756205475432908,0.0,0.0,0.9999999999999999,0.9999999999999999,1.0,1.0
random-5432-limited,generated,0,LLS_support,1,7,28,0.11756205475432908,0.0015168580319029593,0.01161281165304482,1.28,1.2799999999999998,1.0073234793345553,1.548387188346955
random-5432-limited,generated,0,LLS_support,2,7,28,0.11756205475432908,0.007311042261090929,0.023526483450848908,1.00004914674104,1.0,0.9001947300117241,1.0997582380085176
random-5432-limited,generated,0,LLS_gauss3,0,7,28,0.11756205475432908,0.0,0.0,0.9999999999999999,0.9999999999999999,1.0,1.0
random-5432-limited,generated,0,LLS_gauss3,1,7,28,0.11756205475432908,0.0010725806004558648,0.00899524522697717,1.28,1.28,1.0113078259687684,1.5453696715040597
random-5432-limited,generated,0,LLS_gauss3,2,7,28,0.11756205475432908,0.004329843908642772,0.0167550764745,1.00004914674104,1.0,0.9045342377764121,1.0954248238643118
random-5432-limited,initial_management,0,LLS_support,0,12,24,0.12853803223695695,0.0,0.0,0.9999999999999999,0.9999999999999999,1.0,1.0
random-5432-limited,initial_management,0,LLS_support,1,12,24,0.12853803223695695,0.0015382229965079457,0.01161281165304482,1.2800091493393995,1.2799999999999998,1.0073234793345553,1.548387188346955
random-5432-limited,initial_management,0,LLS_support,2,12,24,0.12853803223695695,0.007295353085212397,0.023526483450848908,1.000024909906609,1.0,0.9001947300117241,1.0997582380085176
random-5432-limited,initial_management,0,LLS_gauss3,0,12,24,0.12853803223695695,0.0,0.0,0.9999999999999999,0.9999999999999999,1.0,1.0
random-5432-limited,initial_management,0,LLS_gauss3,1,12,24,0.12853803223695695,0.0010884418686419256,0.00899524522697717,1.2800091493393995,1.28,1.0113078259687684,1.5453696715040597
random-5432-limited,initial_management,0,LLS_gauss3,2,12,24,0.12853803223695695,0.004309796971179085,0.01675507647449985,1.000024909906609,1.0,0.9045342377764121,1.0954248238643118
random-5432-limited,transport,0,LLS_support,0,12,24,0.12853803223695695,0.0,0.0,0.9999999999999999,0.9999999999999999,1.0,1.0
random-5432-limited,transport,0,LLS_support,1,12,24,0.12853803223695695,0.0015382229965079462,0.01161281165304482,1.2800091493393995,1.2799999999999998,1.0073234793345553,1.548387188346955
random-5432-limited,transport,0,LLS_support,2,12,24,0.12853803223695695,0.007295353085212397,0.023526483450848908,1.000024909906609,1.0,0.9001947300117241,1.0997582380085176
random-5432-limited,transport,0,LLS_gauss3,0,12,24,0.12853803223695695,0.0,0.0,0.9999999999999999,0.9999999999999999,1.0,1.0
random-5432-limited,transport,0,LLS_gauss3,1,12,24,0.12853803223695695,0.001088441868641923,0.00899524522697717,1.2800091493393995,1.28,1.0113078259687684,1.5453696715040597
random-5432-limited,transport,0,LLS_gauss3,2,12,24,0.12853803223695695,0.004309796971179084,0.01675507647449985,1.000024909906609,1.0,0.9045342377764121,1.0954248238643118
random-5432-limited,transport,0,Q2_support,0,12,24,0.12853803223695695,0.0,0.0,0.9999999999999999,0.9999999999999999,1.0,1.0
random-5432-limited,transport,0,Q2_support,1,12,24,0.12853803223695695,0.0011224951572139136,0.01161281165304482,1.280009149339399,1.2799999999999998,1.0073234793345553,1.548387188346955
random-5432-limited,transport,0,Q2_support,2,12,24,0.12853803223695695,0.003968511134710384,0.018008888930037617,1.0000249099066083,1.0,0.9011440558216727,1.0985983830198092
random-5432-limited,transport,0,Q2_gauss3,0,12,24,0.12853803223695695,9.438854332592234e-17,1.4901161193847657e-16,0.9999999999999999,0.9999999999999999,1.0,1.0000000000000002
random-5432-limited,transport,0,Q2_gauss3,1,12,24,0.12853803223695695,0.0007802069002606627,0.008763556483863592,1.2800091493393992,1.28,1.0111405261039916,1.5456013602471732
random-5432-limited,transport,0,Q2_gauss3,2,12,24,0.12853803223695695,0.002647273721426797,0.014198988810315132,1.000024909906609,1.0,0.9042290673119322,1.0960009722415924
random-5432-limited,transport,1,LLS_support,0,12,24,0.11052710753887625,0.0,0.0,0.9999999999999999,0.9999999999999999,1.0,1.0
random-5432-limited,transport,1,LLS_support,1,12,24,0.11052710753887625,0.0017261992426004194,0.014923479334555418,1.2724157549663277,1.2723999999999998,1.0073234793345553,1.548387188346955
random-5432-limited,transport,1,LLS_support,2,12,24,0.11052710753887625,0.007554795965939025,0.02955278342563778,0.9999692848003463,1.0,0.9001947300117241,1.0997582380085176
random-5432-limited,transport,1,LLS_gauss3,0,12,24,0.11052710753887625,0.0,0.0,0.9999999999999999,0.9999999999999999,1.0,1.0
random-5432-limited,transport,1,LLS_gauss3,1,12,24,0.11052710753887625,0.0012229088627264382,0.011559677386040688,1.272415754966328,1.2724,1.0095947606550035,1.5436566061902952
random-5432-limited,transport,1,LLS_gauss3,2,12,24,0.11052710753887625,0.004596500791671856,0.023950388851346968,0.9999692848003465,0.9999999999999999,0.9029342615966797,1.0972434227773284
random-5432-limited,transport,1,Q2_support,0,12,24,0.11052710753887625,0.0,0.0,0.9999999999999999,0.9999999999999999,1.0,1.0
random-5432-limited,transport,1,Q2_support,1,12,24,0.11052710753887625,0.0012768161439436845,0.014923479334555418,1.272415754966328,1.2723999999999998,1.0073234793345553,1.548387188346955
random-5432-limited,transport,1,Q2_support,2,12,24,0.11052710753887625,0.004318884916483335,0.026464436887745708,0.9999692848003465,1.0,0.9028695282087944,1.0977781015275336
random-5432-limited,transport,1,Q2_gauss3,0,12,24,0.11052710753887625,9.438854332592234e-17,1.4901161193847657e-16,0.9999999999999999,0.9999999999999999,1.0,1.0000000000000002
random-5432-limited,transport,1,Q2_gauss3,1,12,24,0.11052710753887625,0.000881556064010325,0.011157902824390829,1.2724157549663282,1.2724,1.0091929860933537,1.5437524913245728
random-5432-limited,transport,1,Q2_gauss3,2,12,24,0.11052710753887625,0.0029673447353702692,0.0215213161984925,0.9999692848003462,0.9999999999999999,0.9040751914344772,1.096378405118696
random-5432-limited,transport,2,LLS_support,0,12,24,0.1454336729221691,0.0,0.0,0.9999999999999999,0.9999999999999999,1.0,1.0
random-5432-limited,transport,2,LLS_support,1,12,24,0.1454336729221691,0.0020977639051164352,0.022523479334555417,1.2648670007824223,1.2648,1.0073234793345553,1.5385545408433896
random-5432-limited,transport,2,LLS_support,2,12,24,0.1454336729221691,0.008214941564226906,0.04296979905793995,0.9999760867779439,1.0,0.9001947300117241,1.0997582380085176
random-5432-limited,transport,2,LLS_gauss3,0,12,24,0.1454336729221691,0.0,0.0,0.9999999999999999,0.9999999999999999,1.0,1.0
random-5432-limited,transport,2,LLS_gauss3,1,12,24,0.1454336729221691,0.0015006604459513434,0.018134016051956116,1.2648670007824223,1.2648,1.008569099320919,1.5343272048704428
random-5432-limited,transport,2,LLS_gauss3,2,12,24,0.1454336729221691,0.005254089174873209,0.03498841204695702,0.9999760867779441,1.0,0.9016266238638814,1.0981122843898534
random-5432-limited,transport,2,Q2_support,0,12,24,0.1454336729221691,0.0,0.0,0.9999999999999999,0.9999999999999999,1.0,1.0
random-5432-limited,transport,2,Q2_support,1,12,24,0.1454336729221691,0.001648523649944332,0.022523479334555417,1.264867000782422,1.2648,1.0073234793345553,1.5385545408433896
random-5432-limited,transport,2,Q2_support,2,12,24,0.1454336729221691,0.005330484563206273,0.04296979905793995,0.9999760867779435,1.0,0.901750253129116,1.096660485582876
random-5432-limited,transport,2,Q2_gauss3,0,12,24,0.1454336729221691,9.438854332592234e-17,1.4901161193847657e-16,0.9999999999999999,0.9999999999999999,1.0,1.0000000000000002
random-5432-limited,transport,2,Q2_gauss3,1,12,24,0.1454336729221691,0.0011608761152623046,0.01754138208899945,1.264867000782423,1.2648,1.0079764653579624,1.534552982190212
random-5432-limited,transport,2,Q2_gauss3,2,12,24,0.1454336729221691,0.003864283459067488,0.033903157238979194,0.9999760867779444,1.0,0.9023119566745729,1.0958822408341706
random-5432-limited,transport,3,LLS_support,0,12,24,0.11415531665346244,0.0,0.0,0.9999999999999999,0.9999999999999999,1.0,1.0
random-5432-limited,transport,3,LLS_support,1,12,24,0.11415531665346244,0.0025654836329902565,0.030123479334555416,1.257369455357724,1.2571999999999999,1.0073234793345553,1.5366515118298032
random-5432-limited,transport,3,LLS_support,2,12,24,0.11415531665346244,0.00901168085406331,0.054171606509368864,0.9999621910054961,0.9999999999999999,0.9001947300117241,1.0997582380085176
random-5432-limited,transport,3,LLS_gauss3,0,12,24,0.11415531665346244,0.0,0.0,0.9999999999999999,0.9999999999999999,1.0,1.0
random-5432-limited,transport,3,LLS_gauss3,1,12,24,0.11415531665346244,0.00191456304991566,0.025321130617333352,1.2573694553577242,1.2572,1.0081562138862963,1.5311400596212843
random-5432-limited,transport,3,LLS_gauss3,2,12,24,0.11415531665346244,0.006214328103214269,0.04612900889003903,0.9999621910054961,0.9999999999999999,0.9010747761183553,1.0985091670406568
random-5432-limited,transport,3,Q2_support,0,12,24,0.11415531665346244,0.0,0.0,0.9999999999999999,0.9999999999999999,1.0,1.0
random-5432-limited,transport,3,Q2_support,1,12,24,0.11415531665346244,0.0021355035988824436,0.030123479334555416,1.2573694553577242,1.2571999999999999,1.0073234793345553,1.5366515118298032
random-5432-limited,transport,3,Q2_support,2,12,24,0.11415531665346244,0.006553443823253808,0.05212956960312739,0.9999621910054959,0.9999999999999999,0.9011491193935178,1.094950852608209
random-5432-limited,transport,3,Q2_gauss3,0,12,24,0.11415531665346244,9.438854332592234e-17,1.4901161193847657e-16,0.9999999999999999,0.9999999999999999,1.0,1.0000000000000002
random-5432-limited,transport,3,Q2_gauss3,1,12,24,0.11415531665346244,0.0016096011970975893,0.025173041016869395,1.2573694553577244,1.2572,1.0080081242858323,1.5312643914094741
random-5432-limited,transport,3,Q2_gauss3,2,12,24,0.11415531665346244,0.005128530143849261,0.04452091243129134,0.9999621910054967,0.9999999999999999,0.9014150929310156,1.0951109739009572
random-5432-limited,transport,4,LLS_support,0,12,24,0.1357421858792722,0.0,0.0,0.9999999999999999,0.9999999999999999,1.0,1.0
random-5432-limited,transport,4,LLS_support,1,12,24,0.1357421858792722,0.0029051076385919966,0.037723479334555415,1.249940036800521,1.2495999999999998,1.0073234793345553,1.526780528347049
random-5432-limited,transport,4,LLS_support,2,12,24,0.1357421858792722,0.010192697482409495,0.06526589970878527,0.9999537118037188,0.9999999999999996,0.9001947300117241,1.0997582380085176
random-5432-limited,transport,4,LLS_gauss3,0,12,24,0.1357421858792722,0.0,0.0,0.9999999999999999,0.9999999999999999,1.0,1.0
random-5432-limited,transport,4,LLS_gauss3,1,12,24,0.1357421858792722,0.0023064902979635757,0.03251140195391461,1.2499400368005211,1.2496,1.0077464852228775,1.5217809633796406
random-5432-limited,transport,4,LLS_gauss3,2,12,24,0.1357421858792722,0.00772577683697126,0.05851059771657974,0.9999537118037191,1.0000000000000002,0.9017367800074615,1.0982249089139522
random-5432-limited,transport,4,Q2_support,0,12,24,0.1357421858792722,0.0,0.0,0.9999999999999999,0.9999999999999999,1.0,1.0
random-5432-limited,transport,4,Q2_support,1,12,24,0.1357421858792722,0.002631078147821959,0.037723479334555415,1.249940036800521,1.2495999999999998,1.0073234793345553,1.526780528347049
random-5432-limited,transport,4,Q2_support,2,12,24,0.1357421858792722,0.008234965746462236,0.06526589970878527,0.9999537118037188,0.9999999999999996,0.9020127458521536,1.0976782539241308
random-5432-limited,transport,4,Q2_gauss3,0,12,24,0.1357421858792722,9.438854332592234e-17,1.4901161193847657e-16,0.9999999999999999,0.9999999999999999,1.0,1.0000000000000002
random-5432-limited,transport,4,Q2_gauss3,1,12,24,0.1357421858792722,0.0021236104658792603,0.03237340060223445,1.2499400368005213,1.2496,1.0076084838711974,1.5219483626147956
random-5432-limited,transport,4,Q2_gauss3,2,12,24,0.1357421858792722,0.006955349124616348,0.05801510761760101,0.9999537118037194,1.0000000000000002,0.9027370071179259,1.0967665300949943
random-5432-limited,transport,5,LLS_support,0,12,24,0.15115967124773177,0.0,0.0,0.9999999999999999,0.9999999999999999,1.0,1.0
random-5432-limited,transport,5,LLS_support,1,12,24,0.15115967124773177,0.0035796807310875672,0.045710731055972724,1.2425882382795987,1.2419999999999998,1.0073234793345553,1.5163937242165761
random-5432-limited,transport,5,LLS_support,2,12,24,0.15115967124773177,0.011440275804119176,0.07533747295419589,0.9998345724771464,0.9999999999999996,0.9001947300117241,1.0997582380085176
random-5432-limited,transport,5,LLS_gauss3,0,12,24,0.15115967124773177,0.0,0.0,0.9999999999999999,0.9999999999999999,1.0,1.0
random-5432-limited,transport,5,LLS_gauss3,1,12,24,0.15115967124773177,0.0030051772260388447,0.040349216188513636,1.2425882382795987,1.242,1.0079842994574766,1.512022314182348
random-5432-limited,transport,5,LLS_gauss3,2,12,24,0.15115967124773177,0.009439290989936995,0.0696019381046565,0.9998345724771467,1.0,0.9024207224154569,1.0969253058480075
random-5432-limited,transport,5,Q2_support,0,12,24,0.15115967124773177,0.0,0.0,0.9999999999999999,0.9999999999999999,1.0,1.0
random-5432-limited,transport,5,Q2_support,1,12,24,0.15115967124773177,0.003357773719736258,0.045710731055972724,1.2425882382795985,1.2419999999999998,1.0077107310559728,1.5163937242165761
random-5432-limited,transport,5,Q2_support,2,12,24,0.15115967124773177,0.00986926760763336,0.07533747295419589,0.9998345724771467,0.9999999999999996,0.9011440558216727,1.0971417842932756
random-5432-limited,transport,5,Q2_gauss3,0,12,24,0.15115967124773177,9.438854332592234e-17,1.4901161193847657e-16,0.9999999999999999,0.9999999999999999,1.0,1.0000000000000002
random-5432-limited,transport,5,Q2_gauss3,1,12,24,0.15115967124773177,0.002868689226617341,0.04037695921157956,1.2425882382795987,1.242,1.0080029197069418,1.5123893439591216
random-5432-limited,transport,5,Q2_gauss3,2,12,24,0.15115967124773177,0.00888745076373056,0.06956620276517615,0.9998345724771462,1.0,0.901819683717413,1.0951815709915314
random-5432-limited,transport,6,LLS_support,0,12,24,0.13997268608287897,0.0,0.0,0.9999999999999999,0.9999999999999999,1.0,1.0
random-5432-limited,transport,6,LLS_support,1,12,24,0.13997268608287897,0.0042922358349644285,0.05336735693216011,1.2352651909902073,1.2344,1.0073234793345553,1.5044717999583592
random-5432-limited,transport,6,LLS_support,2,12,24,0.13997268608287897,0.013274055642595319,0.0840390507283546,0.9998581293155009,0.9999999999999997,0.9001947300117241,1.0997582380085176
random-5432-limited,transport,6,LLS_gauss3,0,12,24,0.13997268608287897,0.0,0.0,0.9999999999999999,0.9999999999999999,1.0,1.0
random-5432-limited,transport,6,LLS_gauss3,1,12,24,0.13997268608287897,0.003793470319912982,0.047881969747766255,1.2352651909902075,1.2344,1.0078731908016414,1.5010745660472191
random-5432-limited,transport,6,LLS_gauss3,2,12,24,0.13997268608287897,0.011517099801727416,0.0789663979859373,0.999858129315501,1.0000000000000002,0.9019102237114616,1.0978986112533833
random-5432-limited,transport,6,Q2_support,0,12,24,0.13997268608287897,0.0,0.0,0.9999999999999999,0.9999999999999999,1.0,1.0
random-5432-limited,transport,6,Q2_support,1,12,24,0.13997268608287897,0.00417145035083886,0.05336735693216011,1.2352651909902073,1.2344,1.007517105195264,1.5044717999583592
random-5432-limited,transport,6,Q2_support,2,12,24,0.13997268608287897,0.011918599626941619,0.0840390507283546,0.999858129315501,0.9999999999999997,0.9027497895127014,1.0970604421422967
random-5432-limited,transport,6,Q2_gauss3,0,12,24,0.13997268608287897,9.438854332592234e-17,1.4901161193847657e-16,0.9999999999999999,0.9999999999999999,1.0,1.0000000000000002
random-5432-limited,transport,6,Q2_gauss3,1,12,24,0.13997268608287897,0.003724482536096868,0.04790561778054595,1.2352651909902075,1.2344,1.0077292986355602,1.5012791405070836
random-5432-limited,transport,6,Q2_gauss3,2,12,24,0.13997268608287897,0.011039377699150716,0.07899517872446611,0.9998581293155014,1.0000000000000002,0.903399217697258,1.0963658224504624
random-5432-limited,transport,7,LLS_support,0,12,24,0.16952601240197554,0.0,0.0,0.9999999999999999,0.9999999999999999,1.0,1.0
random-5432-limited,transport,7,LLS_support,1,12,24,0.16952601240197554,0.005286575859197745,0.06113227034622058,1.228008827227951,1.2268,1.0073234793345553,1.5004451182281608
random-5432-limited,transport,7,LLS_support,2,12,24,0.16952601240197554,0.015079536373372898,0.09265510276564881,0.9999310515353347,0.9999999999999999,0.9001947300117241,1.0997582380085176
random-5432-limited,transport,7,LLS_gauss3,0,12,24,0.16952601240197554,0.0,0.0,0.9999999999999999,0.9999999999999999,1.0,1.0
random-5432-limited,transport,7,LLS_gauss3,1,12,24,0.16952601240197554,0.004796214924951,0.05556968588210702,1.2280088272279512,1.2268,1.00779692012172,1.496242446477147
random-5432-limited,transport,7,LLS_gauss3,2,12,24,0.16952601240197554,0.013578558758964026,0.08837354122312739,0.9999310515353349,0.9999999999999999,0.9017686645777168,1.0978199902059147
random-5432-limited,transport,7,Q2_support,0,12,24,0.16952601240197554,0.0,0.0,0.9999999999999999,0.9999999999999999,1.0,1.0
random-5432-limited,transport,7,Q2_support,1,12,24,0.16952601240197554,0.005187853851434342,0.06113227034622058,1.2280088272279506,1.2268,1.0078215007010967,1.5004451182281608
random-5432-limited,transport,7,Q2_support,2,12,24,0.16952601240197554,0.013920611932575218,0.0920217679669249,0.9999310515353347,0.9999999999999999,0.9032213855514067,1.0967931244771887
random-5432-limited,transport,7,Q2_gauss3,0,12,24,0.16952601240197554,9.438854332592234e-17,1.4901161193847657e-16,0.9999999999999999,0.9999999999999999,1.0,1.0000000000000002
random-5432-limited,transport,7,Q2_gauss3,1,12,24,0.16952601240197554,0.004743201972679771,0.05557562812918499,1.2280088272279512,1.2268,1.0078115414061581,1.4964893878166663
random-5432-limited,transport,7,Q2_gauss3,2,12,24,0.16952601240197554,0.013182611346860508,0.08867254105701074,0.9999310515353346,0.9999999999999999,0.9034770440756706,1.0957214123518255
random-5432-limited,transport,8,LLS_support,0,12,23,0.1417559403173884,0.0,0.0,0.9999999999999999,0.9999999999999999,1.0,1.0
random-5432-limited,transport,8,LLS_support,1,12,23,0.1417559403173884,0.0064085393106470935,0.068767156676182,1.2208079538513539,1.2191999999999998,1.0073234793345553,1.4944108244914176
random-5432-limited,transport,8,LLS_support,2,12,23,0.1417559403173884,0.01698226959166381,0.09863822917494819,0.9998061100330541,0.9999999999999997,0.9001947300117241,1.0997582380085176
random-5432-limited,transport,8,LLS_gauss3,0,12,23,0.1417559403173884,0.0,0.0,0.9999999999999999,0.9999999999999999,1.0,1.0
random-5432-limited,transport,8,LLS_gauss3,1,12,23,0.1417559403173884,0.0059445479390594575,0.06318084708614692,1.2208079538513539,1.2192,1.007915177052361,1.4898552373336762
random-5432-limited,transport,8,LLS_gauss3,2,12,23,0.1417559403173884,0.015664793979325686,0.09533829571329563,0.9998061100330542,1.0,0.9031892295511265,1.0974527770571747
random-5432-limited,transport,8,Q2_support,0,12,23,0.1417559403173884,0.0,0.0,0.9999999999999999,0.9999999999999999,1.0,1.0
random-5432-limited,transport,8,Q2_support,1,12,23,0.1417559403173884,0.006322768652764458,0.068767156676182,1.2208079538513537,1.2191999999999998,1.007773907888807,1.4944108244914176
random-5432-limited,transport,8,Q2_support,2,12,23,0.1417559403173884,0.01598376119485738,0.09832447837846443,0.9998061100330543,0.9999999999999997,0.9022165512801152,1.0995238465389503
random-5432-limited,transport,8,Q2_gauss3,0,12,23,0.1417559403173884,9.438854332592234e-17,1.4901161193847657e-16,0.9999999999999999,0.9999999999999999,1.0,1.0000000000000002
random-5432-limited,transport,8,Q2_gauss3,1,12,23,0.1417559403173884,0.005898672262208134,0.06320250722465665,1.2208079538513543,1.2192,1.0078741939179972,1.4899681748234124
random-5432-limited,transport,8,Q2_gauss3,2,12,23,0.1417559403173884,0.015333632547273325,0.09548567584565401,0.9998061100330548,1.0,0.9028743765070303,1.0980373572230508
random-5432-limited,transport,9,LLS_support,0,12,24,0.1665505766721621,0.0,0.0,0.9999999999999999,0.9999999999999999,1.0,1.0
random-5432-limited,transport,9,LLS_support,1,12,24,0.1665505766721621,0.007699702937473837,0.07638500987244233,1.2137092893914156,1.2115999999999998,1.0073234793345553,1.4845953496164321
random-5432-limited,transport,9,LLS_support,2,12,24,0.1665505766721621,0.018991417688298193,0.10360768335661963,0.9998093441944451,0.9999999999999996,0.9001947300117241,1.0997582380085176
random-5432-limited,transport,9,LLS_gauss3,0,12,24,0.1665505766721621,0.0,0.0,0.9999999999999999,0.9999999999999999,1.0,1.0
random-5432-limited,transport,9,LLS_gauss3,1,12,24,0.1665505766721621,0.0072481962155361195,0.07078272912702233,1.2137092893914156,1.2116,1.0078521759805683,1.4805391378747244
random-5432-limited,transport,9,LLS_gauss3,2,12,24,0.1665505766721621,0.017774487082745802,0.10093337956308693,0.9998093441944454,1.0,0.9029648303034422,1.0970346714995127
random-5432-limited,transport,9,Q2_support,0,12,24,0.1665505766721621,0.0,0.0,0.9999999999999999,0.9999999999999999,1.0,1.0
random-5432-limited,transport,9,Q2_support,1,12,24,0.1665505766721621,0.0076075277971907294,0.07638500987244233,1.2137092893914148,1.2115999999999998,1.0078652845748752,1.4845953496164321
random-5432-limited,transport,9,Q2_support,2,12,24,0.1665505766721621,0.018159080376167775,0.10236931338326276,0.9998093441944456,0.9999999999999996,0.9024101028838232,1.0993925808231861
random-5432-limited,transport,9,Q2_gauss3,0,12,24,0.1665505766721621,9.438854332592234e-17,1.4901161193847657e-16,0.9999999999999999,0.9999999999999999,1.0,1.0000000000000002
random-5432-limited,transport,9,Q2_gauss3,1,12,24,0.1665505766721621,0.007198719755320883,0.0707841415166448,1.2137092893914154,1.2116,1.0079710828906316,1.4807257610567153
random-5432-limited,transport,9,Q2_gauss3,2,12,24,0.1665505766721621,0.017512683051261,0.10033766799762397,0.9998093441944453,1.0,0.9033077253312412,1.096691442317226
random-5432-limited,transport,10,LLS_support,0,12,24,0.15318929420574434,0.0,0.0,0.9999999999999999,0.9999999999999999,1.0,1.0
random-5432-limited,transport,10,LLS_support,1,12,24,0.15318929420574434,0.00905726315235588,0.08404081438787207,1.2066551385842226,1.204,1.0073234793345553,1.4816070839624191
random-5432-limited,transport,10,LLS_support,2,12,24,0.15318929420574434,0.02092989950094399,0.1034840329005,1.0000157623111174,1.0,0.9001947300117241,1.0997582380085176
random-5432-limited,transport,10,LLS_gauss3,0,12,24,0.15318929420574434,0.0,0.0,0.9999999999999999,0.9999999999999999,1.0,1.0
random-5432-limited,transport,10,LLS_gauss3,1,12,24,0.15318929420574434,0.008630541095368477,0.07841813149271011,1.2066551385842226,1.204,1.0078390247707638,1.4765113719385523
random-5432-limited,transport,10,LLS_gauss3,2,12,24,0.15318929420574434,0.01985164162504328,0.10262531151149809,1.0000157623111177,0.9999999999999999,0.9036694247923193,1.096758140347789
random-5432-limited,transport,10,Q2_support,0,12,24,0.15318929420574434,0.0,0.0,0.9999999999999999,0.9999999999999999,1.0,1.0
random-5432-limited,transport,10,Q2_support,1,12,24,0.15318929420574434,0.008974460853752976,0.08404081438787207,1.2066551385842228,1.204,1.0078900969902929,1.4816070839624191
random-5432-limited,transport,10,Q2_support,2,12,24,0.15318929420574434,0.020196491008778492,0.10247215993095309,1.0000157623111183,1.0,0.9022587683023167,1.0978041852164322
random-5432-limited,transport,10,Q2_gauss3,0,12,24,0.15318929420574434,9.438854332592234e-17,1.4901161193847657e-16,0.9999999999999999,0.9999999999999999,1.0,1.0000000000000002
random-5432-limited,transport,10,Q2_gauss3,1,12,24,0.15318929420574434,0.008585351166157672,0.07840355868401452,1.2066551385842232,1.204,1.0079163056249707,1.4765774183967346
random-5432-limited,transport,10,Q2_gauss3,2,12,24,0.15318929420574434,0.019621037760064058,0.10284486405109763,1.0000157623111179,0.9999999999999999,0.9034630649666202,1.0957168114894102
random-5432-limited,transport,11,LLS_support,0,12,24,0.18029189338132462,0.0,0.0,0.9999999999999999,0.9999999999999999,1.0,1.0
random-5432-limited,transport,11,LLS_support,1,12,24,0.18029189338132462,0.010496194508625458,0.09158627106778502,1.199659101085548,1.1964,1.0073234793345553,1.4741953543258992
random-5432-limited,transport,11,LLS_support,2,12,24,0.18029189338132462,0.022793325230330765,0.10149429879835829,1.0000638768112868,1.0,0.9001947300117241,1.0997582380085176
random-5432-limited,transport,11,LLS_gauss3,0,12,24,0.18029189338132462,0.0,0.0,0.9999999999999999,0.9999999999999999,1.0,1.0
random-5432-limited,transport,11,LLS_gauss3,1,12,24,0.18029189338132462,0.010080723949515508,0.08597107444391013,1.199659101085548,1.1964,1.007927718511986,1.469057205535021
random-5432-limited,transport,11,LLS_gauss3,2,12,24,0.18029189338132462,0.02182508444538599,0.1015849086365509,1.000063876811287,1.0000000000000002,0.9021863561227065,1.0978481782378957
random-5432-limited,transport,11,Q2_support,0,12,24,0.18029189338132462,0.0,0.0,0.9999999999999999,0.9999999999999999,1.0,1.0
random-5432-limited,transport,11,Q2_support,1,12,24,0.18029189338132462,0.010424313200714864,0.09158627106778502,1.1996591010855473,1.1964,1.0079473033563302,1.4741953543258992
random-5432-limited,transport,11,Q2_support,2,12,24,0.18029189338132462,0.02209055797010896,0.10046100884393319,1.0000638768112866,1.0,0.9030394063292632,1.0962514825386709
random-5432-limited,transport,11,Q2_gauss3,0,12,24,0.18029189338132462,9.438854332592234e-17,1.4901161193847657e-16,0.9999999999999999,0.9999999999999999,1.0,1.0000000000000002
random-5432-limited,transport,11,Q2_gauss3,1,12,24,0.18029189338132462,0.010041821440227921,0.08595376121745989,1.199659101085548,1.1964,1.0079601967159673,1.4692278631407396
random-5432-limited,transport,11,Q2_gauss3,2,12,24,0.18029189338132462,0.021591666159738534,0.10257089706481441,1.0000638768112866,1.0000000000000002,0.9035456280369903,1.0953345021835044
random-5432-limited,transport,12,LLS_support,0,12,24,0.17321802025137717,0.0,0.0,0.9999999999999999,0.9999999999999999,1.0,1.0
random-5432-limited,transport,12,LLS_support,1,12,24,0.17321802025137717,0.012117451134996217,0.09922063416440666,1.1927906083186708,1.1887999999999999,1.0073234793345553,1.4571947124877165
random-5432-limited,transport,12,LLS_support,2,12,24,0.17321802025137717,0.024471162303048282,0.10249689243002653,1.0002065876563093,0.9999999999999996,0.9001947300117241,1.0984759487813427
random-5432-limited,transport,12,LLS_gauss3,0,12,24,0.17321802025137717,0.0,0.0,0.9999999999999999,0.9999999999999999,1.0,1.0
random-5432-limited,transport,12,LLS_gauss3,1,12,24,0.17321802025137717,0.011706524871342189,0.09359529835634932,1.1927906083186708,1.1888,1.0078823717027836,1.4541754996784324
random-5432-limited,transport,12,LLS_gauss3,2,12,24,0.17321802025137717,0.02359174492925996,0.10249689243002653,1.0002065876563095,0.9999999999999997,0.9014455227760799,1.097448754952768
random-5432-limited,transport,12,Q2_support,0,12,24,0.17321802025137717,0.0,0.0,0.9999999999999999,0.9999999999999999,1.0,1.0
random-5432-limited,transport,12,Q2_support,1,12,24,0.17321802025137717,0.012052416984171846,0.09922063416440666,1.1927906083186701,1.1887999999999999,1.007735361699671,1.4571947124877165
random-5432-limited,transport,12,Q2_support,2,12,24,0.17321802025137717,0.02379371152542002,0.10249689243002653,1.00020658765631,0.9999999999999996,0.9027353461419392,1.0948428976851219
random-5432-limited,transport,12,Q2_gauss3,0,12,24,0.17321802025137717,9.438854332592234e-17,1.4901161193847657e-16,0.9999999999999999,0.9999999999999999,1.0,1.0000000000000002
random-5432-limited,transport,12,Q2_gauss3,1,12,24,0.17321802025137717,0.011671876901413384,0.09358517759263248,1.1927906083186708,1.1888,1.0078629577387357,1.454558149508841
random-5432-limited,transport,12,Q2_gauss3,2,12,24,0.17321802025137717,0.023356263626215578,0.10249689243002653,1.0002065876563098,0.9999999999999997,0.9032282962221589,1.0947753662559658
random-5432-limited,transport,13,LLS_support,0,12,23,0.17920925481909686,0.0,0.0,0.9999999999999999,0.9999999999999999,1.0,1.0
random-5432-limited,transport,13,LLS_support,1,12,23,0.17920925481909686,0.013830774147150515,0.10683181850186214,1.1859857515606096,1.1811999999999998,1.0073234793345553,1.4476757522900594
random-5432-limited,transport,13,LLS_support,2,12,23,0.17920925481909686,0.026141409858974163,0.10273715039051026,1.0004155022265988,1.0,0.9001947300117241,1.0997582380085176
random-5432-limited,transport,13,LLS_gauss3,0,12,23,0.17920925481909686,0.0,0.0,0.9999999999999999,0.9999999999999999,1.0,1.0
random-5432-limited,transport,13,LLS_gauss3,1,12,23,0.17920925481909686,0.013426475089284776,0.1012035737966244,1.1859857515606098,1.1812,1.007882547742042,1.4450890795009201
random-5432-limited,transport,13,LLS_gauss3,2,12,23,0.17920925481909686,0.025246790335734695,0.10273715039051026,1.000415502226599,1.0,0.9013976026575187,1.0985776320617175
random-5432-limited,transport,13,Q2_support,0,12,23,0.17920925481909686,0.0,0.0,0.9999999999999999,0.9999999999999999,1.0,1.0
random-5432-limited,transport,13,Q2_support,1,12,23,0.17920925481909686,0.01377349393697416,0.10683181850186214,1.18598575156061,1.1811999999999998,1.0077514599651007,1.4476757522900594
random-5432-limited,transport,13,Q2_support,2,12,23,0.17920925481909686,0.02555143175254437,0.10273715039051026,1.0004155022265986,1.0,0.9036383329750836,1.0957663594740987
random-5432-limited,transport,13,Q2_gauss3,0,12,23,0.17920925481909686,9.438854332592234e-17,1.4901161193847657e-16,0.9999999999999999,0.9999999999999999,1.0,1.0000000000000002
random-5432-limited,transport,13,Q2_gauss3,1,12,23,0.17920925481909686,0.013396582702260382,0.10118177023065955,1.18598575156061,1.1812,1.007860399324479,1.4454898133683074
random-5432-limited,transport,13,Q2_gauss3,2,12,23,0.17920925481909686,0.025047386134965238,0.10273715039051026,1.000415502226599,1.0,0.9037550940955781,1.0957233741572319
random-5432-limited,transport,14,LLS_support,0,12,22,0.14604802185472043,0.0,0.0,0.9999999999999999,0.9999999999999999,1.0,1.0
random-5432-limited,transport,14,LLS_support,1,12,22,0.14604802185472043,0.015642924036343916,0.11443041873886094,1.179284291860991,1.1735999999999998,1.007550907996572,1.4464418772158445
random-5432-limited,transport,14,LLS_support,2,12,22,0.14604802185472043,0.02764674757371959,0.10145458164598584,1.0006200849548919,0.9999999999999997,0.9001947300117241,1.0997582380085176
random-5432-limited,transport,14,LLS_gauss3,0,12,22,0.14604802185472043,0.0,0.0,0.9999999999999999,0.9999999999999999,1.0,1.0
random-5432-limited,transport,14,LLS_gauss3,1,12,22,0.14604802185472043,0.015256985704082708,0.10880220817996443,1.1792842918609914,1.1736,1.0077980554783563,1.4424202586644086
random-5432-limited,transport,14,LLS_gauss3,2,12,22,0.14604802185472043,0.026746240438463503,0.10232909995292037,1.0006200849548919,0.9999999999999999,0.9019563185213731,1.0975319927685494
random-5432-limited,transport,14,Q2_support,0,12,22,0.14604802185472043,0.0,0.0,0.9999999999999999,0.9999999999999999,1.0,1.0
random-5432-limited,transport,14,Q2_support,1,12,22,0.14604802185472043,0.015607521036502259,0.11443041873886094,1.179284291860991,1.1735999999999998,1.0078642035026164,1.4464418772158445
random-5432-limited,transport,14,Q2_support,2,12,22,0.14604802185472043,0.027141557895920793,0.10142444169758022,1.000620084954892,0.9999999999999997,0.9035365584165057,1.0955846688029731
random-5432-limited,transport,14,Q2_gauss3,0,12,22,0.14604802185472043,9.438854332592234e-17,1.4901161193847657e-16,0.9999999999999999,0.9999999999999999,1.0,1.0000000000000002
random-5432-limited,transport,14,Q2_gauss3,1,12,22,0.14604802185472043,0.01523909383925322,0.10878717836023435,1.1792842918609914,1.1736,1.007901852389151,1.4426427506858035
random-5432-limited,transport,14,Q2_gauss3,2,12,22,0.14604802185472043,0.026579787653839212,0.1023498150892651,1.0006200849548932,0.9999999999999999,0.9039302710776289,1.0948600051346349
random-5432-limited,transport,15,LLS_support,0,12,24,0.18479158825912234,0.0,0.0,0.9999999999999999,0.9999999999999999,1.0,1.0
random-5432-limited,transport,15,LLS_support,1,12,24,0.18479158825912234,0.01760668938218205,0.12203158651927352,1.1726528353437795,1.166,1.0073234793345553,1.4378499326884373
random-5432-limited,transport,15,LLS_support,2,12,24,0.18479158825912234,0.02904446561938567,0.10169591421466842,1.0008879534112598,0.9999999999999997,0.9001947300117241,1.0997582380085176
random-5432-limited,transport,15,LLS_gauss3,0,12,24,0.18479158825912234,0.0,0.0,0.9999999999999999,0.9999999999999999,1.0,1.0
random-5432-limited,transport,15,LLS_gauss3,1,12,24,0.18479158825912234,0.01722124370759161,0.11640190276371554,1.1726528353437797,1.166,1.0078553025804953,1.434051901737407
random-5432-limited,transport,15,LLS_gauss3,2,12,24,0.18479158825912234,0.028144140319668092,0.10244235975802943,1.0008879534112602,1.0,0.902426460096659,1.0961885272145995
random-5432-limited,transport,15,Q2_support,0,12,24,0.18479158825912234,0.0,0.0,0.9999999999999999,0.9999999999999999,1.0,1.0
random-5432-limited,transport,15,Q2_support,1,12,24,0.18479158825912234,0.017569295179046724,0.12203158651927352,1.1726528353437797,1.166,1.0078803863135042,1.4378499326884373
random-5432-limited,transport,15,Q2_support,2,12,24,0.18479158825912234,0.028581548068821943,0.10107959490330964,1.0008879534112602,0.9999999999999997,0.9022438092050615,1.0978442491964344
random-5432-limited,transport,15,Q2_gauss3,0,12,24,0.18479158825912234,9.438854332592234e-17,1.4901161193847657e-16,0.9999999999999999,0.9999999999999999,1.0,1.0000000000000002
random-5432-limited,transport,15,Q2_gauss3,1,12,24,0.18479158825912234,0.017202713586165597,0.11639234171007783,1.1726528353437797,1.166,1.0079248728256616,1.4342521036207632
random-5432-limited,transport,15,Q2_gauss3,2,12,24,0.18479158825912234,0.027989712767433957,0.10214618733599663,1.0008879534112605,1.0,0.9031164751405711,1.095483208447625
random-5432-limited,transport,16,LLS_support,0,12,24,0.17997691508514985,0.0,0.0,0.9999999999999999,0.9999999999999999,1.0,1.0
random-5432-limited,transport,16,LLS_support,1,12,24,0.17997691508514985,0.019675487401569148,0.12962667166646466,1.1661282740666905,1.1583999999999999,1.0073234793345553,1.4378499326884373
random-5432-limited,transport,16,LLS_support,2,12,24,0.17997691508514985,0.030153744712598882,0.10162289337613582,1.0011920774737648,0.9999999999999996,0.9001947300117241,1.0997582380085176
random-5432-limited,transport,16,LLS_gauss3,0,12,24,0.17997691508514985,0.0,0.0,0.9999999999999999,0.9999999999999999,1.0,1.0
random-5432-limited,transport,16,LLS_gauss3,1,12,24,0.17997691508514985,0.019300631410408973,0.12399765550248146,1.1661282740666905,1.1584,1.0077998047535837,1.4323388364236422
random-5432-limited,transport,16,LLS_gauss3,2,12,24,0.17997691508514985,0.029289019861423165,0.10268678356594176,1.001192077473765,0.9999999999999999,0.9022841332665787,1.0967910724732106
random-5432-limited,transport,16,Q2_support,0,12,24,0.17997691508514985,0.0,0.0,0.9999999999999999,0.9999999999999999,1.0,1.0
random-5432-limited,transport,16,Q2_support,1,12,24,0.17997691508514985,0.01963924320249488,0.12962667166646466,1.1661282740666903,1.1583999999999999,1.007946151347093,1.4378499326884373
random-5432-limited,transport,16,Q2_support,2,12,24,0.17997691508514985,0.02968762169213793,0.1008213118528822,1.0011920774737644,0.9999999999999996,0.9025973278625063,1.097012835205758
random-5432-limited,transport,16,Q2_gauss3,0,12,24,0.17997691508514985,9.438854332592234e-17,1.4901161193847657e-16,0.9999999999999999,0.9999999999999999,1.0,1.0000000000000002
random-5432-limited,transport,16,Q2_gauss3,1,12,24,0.17997691508514985,0.01928256271364208,0.1239896487558797,1.1661282740666903,1.1584,1.007941929216809,1.432444139033003
random-5432-limited,transport,16,Q2_gauss3,2,12,24,0.17997691508514985,0.029120407004400155,0.10243894329504877,1.0011920774737644,0.9999999999999999,0.9030867543581651,1.095282974540596
random-5432-limited,transport,17,LLS_support,0,12,23,0.17424209143644045,0.0,0.0,0.9999999999999999,0.9999999999999999,1.0,1.0
random-5432-limited,transport,17,LLS_support,1,12,23,0.17424209143644045,0.021872865162966514,0.13722829746711462,1.1596892871445037,1.1507999999999998,1.0073234793345553,1.4186953384915253
random-5432-limited,transport,17,LLS_support,2,12,23,0.17424209143644045,0.031370956920496296,0.10337465682636067,1.0015898239711578,0.9999999999999994,0.9001947300117241,1.0997582380085176
random-5432-limited,transport,17,LLS_gauss3,0,12,23,0.17424209143644045,0.0,0.0,0.9999999999999999,0.9999999999999999,1.0,1.0
random-5432-limited,transport,17,LLS_gauss3,1,12,23,0.17424209143644045,0.021497880591721266,0.13159780926176207,1.1596892871445037,1.1508,1.0078039816581115,1.4156257617950099
random-5432-limited,transport,17,LLS_gauss3,2,12,23,0.17424209143644045,0.030468796375872978,0.10283057786741749,1.001589823971158,1.0,0.9028969283251617,1.0972128482486105
random-5432-limited,transport,17,Q2_support,0,12,23,0.17424209143644045,0.0,0.0,0.9999999999999999,0.9999999999999999,1.0,1.0
random-5432-limited,transport,17,Q2_support,1,12,23,0.17424209143644045,0.02183616720204407,0.13722829746711462,1.1596892871445026,1.1507999999999998,1.0079140899677388,1.4186953384915253
random-5432-limited,transport,17,Q2_support,2,12,23,0.17424209143644045,0.030891642483690272,0.10275107830465943,1.0015898239711567,0.9999999999999994,0.9030053374517094,1.097287058806606
random-5432-limited,transport,17,Q2_gauss3,0,12,23,0.17424209143644045,9.438854332592234e-17,1.4901161193847657e-16,0.9999999999999999,0.9999999999999999,1.0,1.0000000000000002
random-5432-limited,transport,17,Q2_gauss3,1,12,23,0.17424209143644045,0.02147949146850628,0.13159101151242525,1.1596892871445026,1.1508,1.0079483800843319,1.4158540513070206
random-5432-limited,transport,17,Q2_gauss3,2,12,23,0.17424209143644045,0.0302837666155626,0.10253976179095134,1.0015898239711571,1.0,0.9034043698983115,1.0957717368527002
random-5432-limited,transport,18,LLS_support,0,12,24,0.1432154043468713,0.0,0.0,0.9999999999999999,0.9999999999999999,1.0,1.0
random-5432-limited,transport,18,LLS_support,1,12,24,0.1432154043468713,0.024196840788588348,0.14482981705463782,1.1533877871626832,1.1431999999999998,1.0073234793345553,1.4165675694055808
random-5432-limited,transport,18,LLS_support,2,12,24,0.1432154043468713,0.032626896950344646,0.10508728264925271,1.001898387942457,1.0,0.9001947300117241,1.0997582380085176
random-5432-limited,transport,18,LLS_gauss3,0,12,24,0.1432154043468713,0.0,0.0,0.9999999999999999,0.9999999999999999,1.0,1.0
random-5432-limited,transport,18,LLS_gauss3,1,12,24,0.1432154043468713,0.02382512365610597,0.13919812088065311,1.1533877871626834,1.1432,1.007886030019919,1.412427458083625
random-5432-limited,transport,18,LLS_gauss3,2,12,24,0.1432154043468713,0.03161100405638989,0.10224789396970078,1.0018983879424572,0.9999999999999997,0.9019771754118343,1.097966055342067
random-5432-limited,transport,18,Q2_support,0,12,24,0.1432154043468713,0.0,0.0,0.9999999999999999,0.9999999999999999,1.0,1.0
random-5432-limited,transport,18,Q2_support,1,12,24,0.1432154043468713,0.02416346082151546,0.14482981705463782,1.153387787162683,1.1431999999999998,1.0077995662630694,1.4165675694055808
random-5432-limited,transport,18,Q2_support,2,12,24,0.1432154043468713,0.03219262740055001,0.10456540166273326,1.0018983879424566,1.0,0.9034322253949011,1.0968591634096965
random-5432-limited,transport,18,Q2_gauss3,0,12,24,0.1432154043468713,9.438854332592234e-17,1.4901161193847657e-16,0.9999999999999999,0.9999999999999999,1.0,1.0000000000000002
random-5432-limited,transport,18,Q2_gauss3,1,12,24,0.1432154043468713,0.023808549510783705,0.13918896813284562,1.1533877871626836,1.1432,1.0078936270818628,1.4125914743213324
random-5432-limited,transport,18,Q2_gauss3,2,12,24,0.1432154043468713,0.031446041651839216,0.10290147864716291,1.0018983879424572,0.9999999999999997,0.9035689952803935,1.0960273841977752
random-5432-limited,transport,19,LLS_support,0,12,23,0.17972626863501556,0.0,0.0,0.9999999999999999,0.9999999999999999,1.0,1.0
random-5432-limited,transport,19,LLS_support,1,12,23,0.17972626863501556,0.026613025687134643,0.15242498117353873,1.1471898058871346,1.1356,1.0073234793345553,1.4089634778557516
random-5432-limited,transport,19,LLS_support,2,12,23,0.17972626863501556,0.03395217179603836,0.11506115505543336,1.0023772255226309,0.9999999999999997,0.9001947300117241,1.0997582380085176
random-5432-limited,transport,19,LLS_gauss3,0,12,23,0.17972626863501556,0.0,0.0,0.9999999999999999,0.9999999999999999,1.0,1.0
random-5432-limited,transport,19,LLS_gauss3,1,12,23,0.17972626863501556,0.02624950370793195,0.14679351328903273,1.147189805887135,1.1356,1.0079023321654415,1.404824288782755
random-5432-limited,transport,19,LLS_gauss3,2,12,23,0.17972626863501556,0.03279807086417406,0.10540053130313992,1.0023772255226309,1.0,0.9019231802635848,1.0978581838601167
random-5432-limited,transport,19,Q2_support,0,12,23,0.17972626863501556,0.0,0.0,0.9999999999999999,0.9999999999999999,1.0,1.0
random-5432-limited,transport,19,Q2_support,1,12,23,0.17972626863501556,0.026576164256827642,0.15242498117353873,1.147189805887135,1.1356,1.0078092592599555,1.4089634778557516
random-5432-limited,transport,19,Q2_support,2,12,23,0.17972626863501556,0.03360894556207255,0.11360394492834985,1.0023772255226306,0.9999999999999997,0.9027185204300919,1.0954261978192543
random-5432-limited,transport,19,Q2_gauss3,0,12,23,0.17972626863501556,9.438854332592234e-17,1.4901161193847657e-16,0.9999999999999999,0.9999999999999999,1.0,1.0000000000000002
random-5432-limited,transport,19,Q2_gauss3,1,12,23,0.17972626863501556,0.026230657515977765,0.14678584615570306,1.1471898058871355,1.1356,1.007877313471241,1.404994969226876
random-5432-limited,transport,19,Q2_gauss3,2,12,23,0.17972626863501556,0.03267590758268856,0.10485964158880681,1.0023772255226309,1.0,0.9036503740400276,1.0952078690316944
random-5432-limited,transport,20,LLS_support,0,12,24,0.18893568050257697,0.0,0.0,0.9999999999999999,0.9999999999999999,1.0,1.0
random-5432-limited,transport,20,LLS_support,1,12,24,0.18893568050257697,0.029168916064039284,0.1600241389455712,1.1411270620229292,1.128,1.0073234793345553,1.3988186867275303
random-5432-limited,transport,20,LLS_support,2,12,24,0.18893568050257697,0.035290966215009906,0.12334634882619783,1.0028585496312112,0.9999999999999994,0.9001947300117241,1.0997582380085176
random-5432-limited,transport,20,LLS_gauss3,0,12,24,0.18893568050257697,0.0,0.0,0.9999999999999999,0.9999999999999999,1.0,1.0
random-5432-limited,transport,20,LLS_gauss3,1,12,24,0.18893568050257697,0.028809244022715376,0.15439233165530636,1.1411270620229295,1.128,1.007848510555397,1.3952531020509196
random-5432-limited,transport,20,LLS_gauss3,2,12,24,0.18893568050257697,0.03408848360715291,0.11338623537465334,1.0028585496312115,1.0,0.902867265177218,1.0970290762948707
random-5432-limited,transport,20,Q2_support,0,12,24,0.18893568050257697,0.0,0.0,0.9999999999999999,0.9999999999999999,1.0,1.0
random-5432-limited,transport,20,Q2_support,1,12,24,0.18893568050257697,0.02913201526857466,0.1600241389455712,1.141127062022929,1.128,1.0078923008496856,1.3988186867275303
random-5432-limited,transport,20,Q2_support,2,12,24,0.18893568050257697,0.03499783367570001,0.12285198042256013,1.0028585496312112,0.9999999999999994,0.9022587683023167,1.0973770894366506
random-5432-limited,transport,20,Q2_gauss3,0,12,24,0.18893568050257697,9.438854332592234e-17,1.4901161193847657e-16,0.9999999999999999,0.9999999999999999,1.0,1.0000000000000002
random-5432-limited,transport,20,Q2_gauss3,1,12,24,0.18893568050257697,0.028790197628229888,0.15438779183680937,1.1411270620229297,1.128,1.0079084571071444,1.395487581476788
random-5432-limited,transport,20,Q2_gauss3,2,12,24,0.18893568050257697,0.03398644578611354,0.11367549455034524,1.0028585496312115,1.0,0.902984306047995,1.0955173601637291
random-5433,generated,0,LLS_support,0,7,26,0.14629429674279024,1.8344927209980976e-16,1.1920928955078125e-15,1.0,0.9999999999999999,0.9999999999999991,1.000000000000001
random-5433,generated,0,LLS_support,1,7,26,0.14629429674279024,3.0477008512305417e-16,1.4901161193847656e-15,1.28,1.2799999999999998,0.9999999999999999,1.5599999999999994
random-5433,generated,0,LLS_support,2,7,26,0.14629429674279024,0.006602903537523926,0.03351273066668511,0.9999547489622502,1.0,0.8849301317571008,1.11044292255197
random-5433,generated,0,LLS_gauss3,0,7,26,0.14629429674279024,1.508755346166947e-16,8.940696716308593e-16,1.0,0.9999999999999999,0.9999999999999992,1.0000000000000009
random-5433,generated,0,LLS_gauss3,1,7,26,0.14629429674279024,2.9113291616173315e-16,1.1920928955078125e-15,1.28,1.28,1.005635083268963,1.5543649167310365
random-5433,generated,0,LLS_gauss3,2,7,26,0.14629429674279024,0.0035196573419128993,0.024690827978565245,0.9999547489622502,1.0,0.892063871332294,1.1039698895984174
random-5433,initial_management,0,LLS_support,0,12,24,0.14730727283852568,1.8059014742882277e-16,1.1920928955078125e-15,1.0,0.9999999999999999,0.9999999999999992,1.000000000000001
random-5433,initial_management,0,LLS_support,1,12,24,0.14730727283852568,2.984756067822852e-16,1.4901161193847656e-15,1.28,1.2799999999999998,0.9999999999999999,1.5599999999999994
random-5433,initial_management,0,LLS_support,2,12,24,0.14730727283852568,0.006602765867018283,0.033512730666684656,0.9999549611024484,1.0,0.8849301317571008,1.11044292255197
random-5433,initial_management,0,LLS_gauss3,0,12,24,0.14730727283852568,1.5049178952401906e-16,8.940696716308593e-16,1.0,0.9999999999999999,0.9999999999999994,1.0000000000000009
random-5433,initial_management,0,LLS_gauss3,1,12,24,0.14730727283852568,2.875281263351825e-16,1.1920928955078125e-15,1.28,1.28,1.005635083268963,1.5543649167310365
random-5433,initial_management,0,LLS_gauss3,2,12,24,0.14730727283852568,0.003519733659904399,0.02469082797856465,0.9999549611024485,1.0,0.892063871332294,1.1039698895984174
random-5433,transport,0,LLS_support,0,12,24,0.14730727283852568,1.7865864646854691e-16,1.1920928955078125e-15,1.0,0.9999999999999999,0.9999999999999992,1.000000000000001
random-5433,transport,0,LLS_support,1,12,24,0.14730727283852568,3.0328022295782497e-16,1.4901161193847656e-15,1.28,1.2799999999999998,0.9999999999999999,1.5599999999999994
random-5433,transport,0,LLS_support,2,12,24,0.14730727283852568,0.0066027658670182844,0.033512730666684656,0.9999549611024484,1.0,0.8849301317571008,1.11044292255197
random-5433,transport,0,LLS_gauss3,0,12,24,0.14730727283852568,1.4920551132035651e-16,8.940696716308593e-16,1.0,0.9999999999999999,0.9999999999999994,1.0000000000000009
random-5433,transport,0,LLS_gauss3,1,12,24,0.14730727283852568,2.8883422192849264e-16,1.1920928955078125e-15,1.28,1.28,1.005635083268963,1.5543649167310365
random-5433,transport,0,LLS_gauss3,2,12,24,0.14730727283852568,0.003519733659904398,0.02469082797856465,0.9999549611024485,1.0,0.892063871332294,1.1039698895984174
random-5433,transport,0,Q2_support,0,12,24,0.14730727283852568,1.1804919281248963e-16,5.960464477539063e-16,1.0,0.9999999999999999,0.9999999999999997,1.0000000000000007
random-5433,transport,0,Q2_support,1,12,24,0.14730727283852568,2.131442712467396e-16,8.940696716308593e-16,1.2799999999999998,1.2799999999999998,0.9999999999999999,1.5599999999999994
random-5433,transport,0,Q2_support,2,12,24,0.14730727283852568,0.0034179463472924277,0.01046249418342039,0.9999549611024475,1.0,0.890334227265994,1.1094555165056692
random-5433,transport,0,Q2_gauss3,0,12,24,0.14730727283852568,1.5907885408982565e-16,7.450580596923828e-16,1.0,0.9999999999999999,0.9999999999999997,1.0000000000000007
random-5433,transport,0,Q2_gauss3,1,12,24,0.14730727283852568,2.954366697909472e-16,1.1920928955078125e-15,1.28,1.28,1.005635083268963,1.5543649167310365
random-5433,transport,0,Q2_gauss3,2,12,24,0.14730727283852568,0.001984745082249763,0.0087225938009125,0.9999549611024483,1.0,0.894686482973362,1.1042246120718562
random-5433,transport,1,LLS_support,0,12,24,0.1555250970748305,2.1735294491318725e-16,2.384185791015625e-15,1.0,0.9999999999999999,0.9999999999999977,1.0000000000000016
random-5433,transport,1,LLS_support,1,12,24,0.1555250970748305,3.276585241645266e-16,1.4901161193847656e-15,1.2724,1.2723999999999998,0.9924000000000006,1.5524000000000002
random-5433,transport,1,LLS_support,2,12,24,0.1555250970748305,0.006663396770321063,0.03219886583230332,1.0000531007143334,1.0,0.8883890878390822,1.112197446880765
random-5433,transport,1,LLS_gauss3,0,12,24,0.1555250970748305,1.791972628442174e-16,1.9371509552001953e-15,1.0,0.9999999999999999,0.9999999999999981,1.000000000000001
random-5433,transport,1,LLS_gauss3,1,12,24,0.1555250970748305,2.9786328954829245e-16,1.4901161193847656e-15,1.2724,1.2724,0.9980350832689634,1.5467649167310376
random-5433,transport,1,LLS_gauss3,2,12,24,0.1555250970748305,0.0035881282132110967,0.023119376665739415,1.0000531007143338,0.9999999999999999,0.8934576094507162,1.105773624363363
random-5433,transport,1,Q2_support,0,12,24,0.1555250970748305,1.5296892566922953e-16,1.6391277313232423e-15,1.0,0.9999999999999999,0.9999999999999983,1.0000000000000007
random-5433,transport,1,Q2_support,1,12,24,0.1555250970748305,2.4317647054252694e-16,7.450580596923828e-16,1.2723999999999998,1.2723999999999998,0.9924000000000006,1.5524000000000002
random-5433,transport,1,Q2_support,2,12,24,0.1555250970748305,0.00346991253718774,0.013980010130743086,1.0000531007143338,1.0,0.8905568672692119,1.108818476324354
random-5433,transport,1,Q2_gauss3,0,12,24,0.1555250970748305,1.7315718380103822e-16,1.341104507446289e-15,1.0,0.9999999999999999,0.9999999999999987,1.0000000000000007
random-5433,transport,1,Q2_gauss3,1,12,24,0.1555250970748305,2.880676315596039e-16,1.1920928955078125e-15,1.2724,1.2724,0.9980350832689637,1.5467649167310376
random-5433,transport,1,Q2_gauss3,2,12,24,0.1555250970748305,0.002033449962861916,0.008298575547596514,1.0000531007143343,0.9999999999999999,0.8944629934584166,1.1051167732679246
random-5433,transport,2,LLS_support,0,12,24,0.13720198896385766,2.8381154557415347e-16,3.2782554626464845e-15,1.0,0.9999999999999999,0.9999999999999967,1.0000000000000018
random-5433,transport,2,LLS_support,1,12,24,0.13720198896385766,3.9245913158117735e-16,4.172325134277344e-15,1.2648,1.2648,0.9847999999999999,1.5448
random-5433,transport,2,LLS_support,2,12,24,0.13720198896385766,0.006854467551703342,0.035920710765199364,1.0001540146893424,1.0,0.8915633305045226,1.1102859760440766
random-5433,transport,2,LLS_gauss3,0,12,24,0.13720198896385766,2.247643267102284e-16,2.682209014892578e-15,1.0,0.9999999999999999,0.9999999999999973,1.000000000000001
random-5433,transport,2,LLS_gauss3,1,12,24,0.13720198896385766,3.4463130152170653e-16,3.725290298461914e-15,1.2648,1.2648,0.9904350832689628,1.5391649167310368
random-5433,transport,2,LLS_gauss3,2,12,24,0.13720198896385766,0.0037461365808179434,0.026449494031746536,1.0001540146893426,1.0,0.8946330778633524,1.1066235509998432
random-5433,transport,2,Q2_support,0,12,24,0.13720198896385766,2.0003571725868945e-16,2.5331974029541014e-15,1.0,0.9999999999999999,0.9999999999999974,1.0000000000000009
random-5433,transport,2,Q2_support,1,12,24,0.13720198896385766,2.866161090032208e-16,3.2782554626464845e-15,1.2648,1.2648,0.9847999999999999,1.5448
random-5433,transport,2,Q2_support,2,12,24,0.13720198896385766,0.0037556807606150856,0.017554041119759677,1.0001540146893422,1.0,0.8935401535698462,1.1074405774221259
random-5433,transport,2,Q2_gauss3,0,12,24,0.13720198896385766,2.0201991687641992e-16,2.086162567138672e-15,1.0,0.9999999999999999,0.9999999999999979,1.0000000000000007
random-5433,transport,2,Q2_gauss3,1,12,24,0.13720198896385766,3.2866762655870504e-16,2.5331974029541014e-15,1.2648,1.2648,0.9904350832689629,1.5391649167310373
random-5433,transport,2,Q2_gauss3,2,12,24,0.13720198896385766,0.002238045118287747,0.011861694264444559,1.0001540146893426,1.0,0.8953524395299771,1.105373888175958
random-5433,transport,3,LLS_support,0,12,24,0.10563631075916648,3.3998589326017785e-16,5.2154064178466795e-15,1.0,0.9999999999999999,0.9999999999999948,1.000000000000001
random-5433,transport,3,LLS_support,1,12,24,0.10563631075916648,5.817433071877892e-16,7.152557373046874e-15,1.2571999999999999,1.2571999999999999,0.9772000000000002,1.5372000000000003
random-5433,transport,3,LLS_support,2,12,24,0.10563631075916648,0.0072510805923668925,0.05249932163283169,1.0000563959436675,0.9999999999999999,0.8866195607662304,1.1169755945780595
random-5433,transport,3,LLS_gauss3,0,12,24,0.10563631075916648,2.928034991659619e-16,4.470348358154297e-15,1.0,0.9999999999999999,0.9999999999999956,1.0000000000000009
random-5433,transport,3,LLS_gauss3,1,12,24,0.10563631075916648,5.035302233407008e-16,5.960464477539062e-15,1.2572,1.2572,0.982835083268963,1.5315649167310372
random-5433,transport,3,LLS_gauss3,2,12,24,0.10563631075916648,0.0041256367254072284,0.040861364761074485,1.0000563959436677,0.9999999999999999,0.8901050042342086,1.1125011284789186
random-5433,transport,3,Q2_support,0,12,24,0.10563631075916648,2.578715440791742e-16,3.874301910400391e-15,1.0,0.9999999999999999,0.9999999999999961,1.0000000000000007
random-5433,transport,3,Q2_support,1,12,24,0.10563631075916648,4.478317859734917e-16,6.407499313354492e-15,1.2571999999999999,1.2571999999999999,0.9772000000000002,1.5372000000000003
random-5433,transport,3,Q2_support,2,12,24,0.10563631075916648,0.00434771078556877,0.022999654207075535,1.0000563959436672,0.9999999999999999,0.8890417354897518,1.1115816771678209
random-5433,transport,3,Q2_gauss3,0,12,24,0.10563631075916648,2.546834634680584e-16,3.427267074584961e-15,1.0,0.9999999999999999,0.9999999999999966,1.0000000000000007
random-5433,transport,3,Q2_gauss3,1,12,24,0.10563631075916648,4.565580242717693e-16,5.6624412536621096e-15,1.2572,1.2572,0.9828350832689631,1.5315649167310372
random-5433,transport,3,Q2_gauss3,2,12,24,0.10563631075916648,0.002730039952782453,0.020450992963121088,1.000056395943668,0.9999999999999999,0.8912133353621152,1.1090860781313578
random-5433,transport,4,LLS_support,0,12,24,0.1242363276445194,4.0588287239292394e-16,5.364418029785156e-15,0.9999999999999999,0.9999999999999999,0.9999999999999947,1.0000000000000013
random-5433,transport,4,LLS_support,1,12,24,0.1242363276445194,5.787203807498536e-16,7.450580596923828e-15,1.2495999999999998,1.2495999999999998,0.9695999999999996,1.5296000000000005
random-5433,transport,4,LLS_support,2,12,24,0.1242363276445194,0.007869190103714589,0.05681623717317507,1.0000391854524644,0.9999999999999996,0.8809495185533233,1.1198774131777134
random-5433,transport,4,LLS_gauss3,0,12,24,0.1242363276445194,3.584214150252839e-16,4.76837158203125e-15,0.9999999999999999,0.9999999999999999,0.9999999999999952,1.0000000000000009
random-5433,transport,4,LLS_gauss3,1,12,24,0.1242363276445194,5.224524833044912e-16,6.705522537231445e-15,1.2496,1.2496,0.9752350832689625,1.5239649167310378
random-5433,transport,4,LLS_gauss3,2,12,24,0.1242363276445194,0.004848118278567348,0.04630154370263651,1.000039185452465,1.0000000000000002,0.8882649934889477,1.114689913511065
random-5433,transport,4,Q2_support,0,12,24,0.1242363276445194,3.3061587029637173e-16,4.917383193969727e-15,1.0,0.9999999999999999,0.9999999999999951,1.0000000000000007
random-5433,transport,4,Q2_support,1,12,24,0.1242363276445194,4.659509420219491e-16,6.705522537231445e-15,1.2495999999999998,1.2495999999999998,0.9695999999999996,1.5296000000000005
random-5433,transport,4,Q2_support,2,12,24,0.1242363276445194,0.005282123439712733,0.0340009069708097,1.0000391854524648,0.9999999999999996,0.8827530664845764,1.1160848957272356
random-5433,transport,4,Q2_gauss3,0,12,24,0.1242363276445194,3.220964160248566e-16,4.470348358154297e-15,1.0,0.9999999999999999,0.9999999999999956,1.0000000000000007
random-5433,transport,4,Q2_gauss3,1,12,24,0.1242363276445194,4.827080831702948e-16,5.960464477539062e-15,1.2496,1.2496,0.9752350832689627,1.5239649167310378
random-5433,transport,4,Q2_gauss3,2,12,24,0.1242363276445194,0.0036915288686023215,0.030805038363625706,1.0000391854524648,1.0000000000000002,0.8879002876616817,1.1125118253632615
random-5433,transport,5,LLS_support,0,12,24,0.09836190668836882,5.535431238606169e-16,6.258487701416016e-15,0.9999999999999999,0.9999999999999999,0.9999999999999938,1.0000000000000036
random-5433,transport,5,LLS_support,1,12,24,0.09836190668836882,7.231872878457683e-16,8.344650268554688e-15,1.2419999999999998,1.2419999999999998,0.961999999999999,1.5219999999999991
random-5433,transport,5,LLS_support,2,12,24,0.09836190668836882,0.008589784780685025,0.05073707427362859,1.0000986847460773,0.9999999999999996,0.8735657243831144,1.1238407219327178
random-5433,transport,5,LLS_gauss3,0,12,24,0.09836190668836882,4.73643636982889e-16,5.513429641723633e-15,0.9999999999999999,0.9999999999999999,0.9999999999999944,1.000000000000003
random-5433,transport,5,LLS_gauss3,1,12,24,0.09836190668836882,6.399580149747593e-16,7.301568984985351e-15,1.2419999999999998,1.242,0.9676350832689621,1.5163649167310362
random-5433,transport,5,LLS_gauss3,2,12,24,0.09836190668836882,0.0056371114374493035,0.040361927324106844,1.0000986847460775,1.0,0.8801716448691275,1.1175680591665322
random-5433,transport,5,Q2_support,0,12,24,0.09836190668836882,5.006478478665018e-16,5.364418029785156e-15,0.9999999999999999,0.9999999999999999,0.9999999999999947,1.0000000000000036
random-5433,transport,5,Q2_support,1,12,24,0.09836190668836882,6.391614651968141e-16,6.854534149169922e-15,1.2419999999999998,1.2419999999999998,0.961999999999999,1.5219999999999991
random-5433,transport,5,Q2_support,2,12,24,0.09836190668836882,0.00631623716507447,0.03419916051720261,1.000098684746077,0.9999999999999996,0.8767838107704434,1.1205325441268517
random-5433,transport,5,Q2_gauss3,0,12,24,0.09836190668836882,4.472689226274298e-16,4.917383193969727e-15,0.9999999999999999,0.9999999999999999,0.9999999999999951,1.000000000000003
random-5433,transport,5,Q2_gauss3,1,12,24,0.09836190668836882,6.027573439653249e-16,6.556510925292969e-15,1.242,1.242,0.9676350832689621,1.5163649167310362
random-5433,transport,5,Q2_gauss3,2,12,24,0.09836190668836882,0.0046727952434503,0.029097204700233043,1.0000986847460775,1.0,0.8821532064113001,1.1156925686140362
random-5433,transport,6,LLS_support,0,12,24,0.15982024355351312,6.518814520282436e-16,8.791685104370117e-15,0.9999999999999999,0.9999999999999999,0.9999999999999912,1.000000000000002
random-5433,transport,6,LLS_support,1,12,24,0.15982024355351312,8.316223304249204e-16,1.1771917343139648e-14,1.2344,1.2344,0.9543999999999987,1.5143999999999997
random-5433,transport,6,LLS_support,2,12,24,0.15982024355351312,0.009371309779968936,0.04535765709503576,1.0002009238330827,0.9999999999999997,0.8712490581392422,1.1222959133241093
random-5433,transport,6,LLS_gauss3,0,12,24,0.15982024355351312,5.693861106092921e-16,7.599592208862305e-15,0.9999999999999999,0.9999999999999999,0.9999999999999925,1.000000000000001
random-5433,transport,6,LLS_gauss3,1,12,24,0.15982024355351312,7.286849270604773e-16,1.0281801223754882e-14,1.2344,1.2344,0.9600350832689619,1.5087649167310369
random-5433,transport,6,LLS_gauss3,2,12,24,0.15982024355351312,0.006500020261240588,0.038661623880600036,1.0002009238330831,1.0000000000000002,0.8767951932719107,1.1177300725479653
random-5433,transport,6,Q2_support,0,12,24,0.15982024355351312,6.122221157739421e-16,7.450580596923828e-15,0.9999999999999999,0.9999999999999999,0.9999999999999926,1.0000000000000004
random-5433,transport,6,Q2_support,1,12,24,0.15982024355351312,7.557561391202903e-16,9.5367431640625e-15,1.2344,1.2344,0.9543999999999987,1.5143999999999997
random-5433,transport,6,Q2_support,2,12,24,0.15982024355351312,0.007377943960473771,0.041508013114540276,1.0002009238330831,0.9999999999999997,0.8770798948114495,1.120570238388155
random-5433,transport,6,Q2_gauss3,0,12,24,0.15982024355351312,5.383088841155802e-16,6.854534149169922e-15,1.0,0.9999999999999999,0.9999999999999931,1.0000000000000007
random-5433,transport,6,Q2_gauss3,1,12,24,0.15982024355351312,6.870954630258926e-16,9.238719940185547e-15,1.2344,1.2344,0.9600350832689618,1.5087649167310369
random-5433,transport,6,Q2_gauss3,2,12,24,0.15982024355351312,0.005728659788349312,0.03815327297304511,1.0002009238330831,1.0000000000000002,0.8806014513588049,1.117021587937851
random-5433,transport,7,LLS_support,0,12,24,0.15221999964856694,7.428817953241871e-16,9.08970832824707e-15,0.9999999999999999,0.9999999999999999,0.9999999999999909,1.0000000000000016
random-5433,transport,7,LLS_support,1,12,24,0.15221999964856694,1.0054258767147144e-15,1.2367963790893555e-14,1.2268,1.2268,0.9467999999999985,1.5068
random-5433,transport,7,LLS_support,2,12,24,0.15221999964856694,0.010420883992757347,0.05879774869722769,1.000240834066668,0.9999999999999999,0.8762626829431523,1.1212830189346061
random-5433,transport,7,LLS_gauss3,0,12,24,0.15221999964856694,6.63181894562862e-16,7.897615432739258e-15,0.9999999999999999,0.9999999999999999,0.9999999999999921,1.000000000000001
random-5433,transport,7,LLS_gauss3,1,12,24,0.15221999964856694,8.870119826874063e-16,1.0877847671508789e-14,1.2268,1.2268,0.9524350832689616,1.5011649167310368
random-5433,transport,7,LLS_gauss3,2,12,24,0.15221999964856694,0.007637078802376764,0.04579550342111617,1.0002408340666682,0.9999999999999999,0.8793990563534569,1.1179155412922133
random-5433,transport,7,Q2_support,0,12,24,0.15221999964856694,7.041192863671411e-16,8.195638656616211e-15,0.9999999999999999,0.9999999999999999,0.9999999999999918,1.0000000000000007
random-5433,transport,7,Q2_support,1,12,24,0.15221999964856694,9.429229054137883e-16,1.1175870895385742e-14,1.2267999999999997,1.2268,0.9467999999999985,1.5068
random-5433,transport,7,Q2_support,2,12,24,0.15221999964856694,0.008724416787099523,0.050074585315074624,1.0002408340666682,0.9999999999999999,0.8769902775191872,1.1195212776086656
random-5433,transport,7,Q2_gauss3,0,12,24,0.15221999964856694,6.293111717498609e-16,7.301568984985351e-15,0.9999999999999999,0.9999999999999999,0.9999999999999927,1.0000000000000007
random-5433,transport,7,Q2_gauss3,1,12,24,0.15221999964856694,8.487036457268631e-16,1.0281801223754882e-14,1.2268,1.2268,0.9524350832689616,1.5011649167310372
random-5433,transport,7,Q2_gauss3,2,12,24,0.15221999964856694,0.007021855566552951,0.044530649233015925,1.0002408340666684,0.9999999999999999,0.8801639287408038,1.1168737206083497
random-5433,transport,8,LLS_support,0,12,23,0.16315218157023187,9.421253518197388e-16,1.0877847671508789e-14,0.9999999999999999,0.9999999999999999,0.9999999999999891,1.0000000000000022
random-5433,transport,8,LLS_support,1,12,23,0.16315218157023187,1.2127315604198752e-15,1.4454126358032227e-14,1.2191999999999996,1.2191999999999998,0.9391999999999979,1.4992000000000003
random-5433,transport,8,LLS_support,2,12,23,0.16315218157023187,0.011790580883033292,0.079990862182457,1.0002520625591196,0.9999999999999997,0.868742452587723,1.1228664668201738
random-5433,transport,8,LLS_gauss3,0,12,23,0.16315218157023187,8.45551088504531e-16,9.387731552124023e-15,0.9999999999999999,0.9999999999999999,0.9999999999999906,1.0000000000000013
random-5433,transport,8,LLS_gauss3,1,12,23,0.16315218157023187,1.0819577755356854e-15,1.2665987014770508e-14,1.2191999999999998,1.2192,0.944835083268961,1.4935649167310372
random-5433,transport,8,LLS_gauss3,2,12,23,0.16315218157023187,0.008932664116995297,0.06534611078723893,1.0002520625591198,1.0,0.8730811854985309,1.119700323120539
random-5433,transport,8,Q2_support,0,12,23,0.16315218157023187,9.076878745265588e-16,9.98377799987793e-15,0.9999999999999997,0.9999999999999999,0.99999999999999,1.0000000000000007
random-5433,transport,8,Q2_support,1,12,23,0.16315218157023187,1.1618868635587714e-15,1.3262033462524413e-14,1.2191999999999996,1.2191999999999998,0.9391999999999979,1.4992000000000003
random-5433,transport,8,Q2_support,2,12,23,0.16315218157023187,0.010314829771175484,0.06402001838902116,1.000252062559119,0.9999999999999997,0.8706947325007925,1.1201013612319852
random-5433,transport,8,Q2_gauss3,0,12,23,0.16315218157023187,8.140035165961825e-16,8.940696716308593e-15,0.9999999999999999,0.9999999999999999,0.999999999999991,1.0000000000000007
random-5433,transport,8,Q2_gauss3,1,12,23,0.16315218157023187,1.048302797618905e-15,1.2069940567016601e-14,1.2191999999999998,1.2192,0.9448350832689612,1.4935649167310374
random-5433,transport,8,Q2_gauss3,2,12,23,0.16315218157023187,0.008414987245067418,0.05644408771598145,1.0002520625591194,1.0,0.8747800715870525,1.1183435740145884
random-5433,transport,9,LLS_support,0,12,24,0.13311212510244205,1.1032930087211311e-15,1.1771917343139648e-14,0.9999999999999997,0.9999999999999999,0.9999999999999882,1.000000000000002
random-5433,transport,9,LLS_support,1,12,24,0.13311212510244205,1.4739044097110759e-15,1.594424247741699e-14,1.2115999999999998,1.2115999999999998,0.9315999999999977,1.4916000000000003
random-5433,transport,9,LLS_support,2,12,24,0.13311212510244205,0.013038457585743917,0.07797680714862347,1.0003904429829331,0.9999999999999996,0.8625839727726543,1.1313115606617472
random-5433,transport,9,LLS_gauss3,0,12,24,0.13311212510244205,1.003651021565342e-15,1.0132789611816405e-14,0.9999999999999997,0.9999999999999999,0.9999999999999899,1.000000000000001
random-5433,transport,9,LLS_gauss3,1,12,24,0.13311212510244205,1.3216225284289028e-15,1.3709068298339843e-14,1.2115999999999998,1.2116,0.9372350832689605,1.4859649167310376
random-5433,transport,9,LLS_gauss3,2,12,24,0.13311212510244205,0.01025264838647316,0.06663698281998888,1.0003904429829336,1.0,0.8705245338074801,1.1256152447200085
random-5433,transport,9,Q2_support,0,12,24,0.13311212510244205,1.0707824796846073e-15,1.1324882507324219e-14,0.9999999999999997,0.9999999999999999,0.9999999999999887,1.0000000000000007
random-5433,transport,9,Q2_support,1,12,24,0.13311212510244205,1.4347943749374867e-15,1.5497207641601562e-14,1.2115999999999998,1.2115999999999998,0.9315999999999977,1.4916000000000003
random-5433,transport,9,Q2_support,2,12,24,0.13311212510244205,0.011749281969577854,0.06934528281298101,1.0003904429829338,0.9999999999999996,0.8653377152992797,1.1276574769824406
random-5433,transport,9,Q2_gauss3,0,12,24,0.13311212510244205,9.724672406081142e-16,9.98377799987793e-15,0.9999999999999997,0.9999999999999999,0.99999999999999,1.0000000000000007
random-5433,transport,9,Q2_gauss3,1,12,24,0.13311212510244205,1.293955291909886e-15,1.385807991027832e-14,1.2115999999999998,1.2116,0.937235083268961,1.4859649167310376
random-5433,transport,9,Q2_gauss3,2,12,24,0.13311212510244205,0.009820895478059928,0.057626015602514596,1.0003904429829338,1.0,0.8712944059594459,1.1239942145184725
random-5433,transport,10,LLS_support,0,12,23,0.11551614136293169,1.2821846349817245e-15,1.2665987014770508e-14,0.9999999999999997,0.9999999999999999,0.9999999999999873,1.000000000000002
random-5433,transport,10,LLS_support,1,12,23,0.11551614136293169,1.7169709010565622e-15,1.683831214904785e-14,1.2039999999999995,1.204,0.9239999999999968,1.4840000000000002
random-5433,transport,10,LLS_support,2,12,23,0.11551614136293169,0.014805456640380937,0.0852468940393135,1.0005647007734564,1.0,0.8559745807314392,1.1365634891198655
random-5433,transport,10,LLS_gauss3,0,12,23,0.11551614136293169,1.1812101279761514e-15,1.1473894119262696e-14,0.9999999999999997,0.9999999999999999,0.9999999999999886,1.000000000000001
random-5433,transport,10,LLS_gauss3,1,12,23,0.11551614136293169,1.5792329164667763e-15,1.5348196029663087e-14,1.204,1.204,0.9296350832689599,1.478364916731037
random-5433,transport,10,LLS_gauss3,2,12,23,0.11551614136293169,0.01196108632691239,0.07159317904945076,1.0005647007734566,0.9999999999999999,0.8629639026636666,1.129553440476112
random-5433,transport,10,Q2_support,0,12,23,0.11551614136293169,1.2583619763712345e-15,1.2516975402832031e-14,0.9999999999999997,0.9999999999999999,0.9999999999999875,1.0000000000000007
random-5433,transport,10,Q2_support,1,12,23,0.11551614136293169,1.6796600512610389e-15,1.683831214904785e-14,1.2039999999999995,1.204,0.9239999999999968,1.4840000000000002
random-5433,transport,10,Q2_support,2,12,23,0.11551614136293169,0.013608197948824091,0.07928751241800173,1.0005647007734564,1.0,0.8619339623527509,1.1318848589766584
random-5433,transport,10,Q2_gauss3,0,12,23,0.11551614136293169,1.148045570046957e-15,1.1324882507324219e-14,0.9999999999999997,0.9999999999999999,0.9999999999999887,1.0000000000000007
random-5433,transport,10,Q2_gauss3,1,12,23,0.11551614136293169,1.5448877201821856e-15,1.5348196029663087e-14,1.204,1.204,0.9296350832689603,1.4783649167310378
random-5433,transport,10,Q2_gauss3,2,12,23,0.11551614136293169,0.011544557335779327,0.06797936147053435,1.0005647007734566,0.9999999999999999,0.8665777202425831,1.127028228790454
random-5433,transport,11,LLS_support,0,12,24,0.16459997419352781,1.5057501728712123e-15,1.4901161193847656e-14,0.9999999999999996,0.9999999999999999,0.9999999999999851,1.0000000000000016
random-5433,transport,11,LLS_support,1,12,24,0.16459997419352781,1.980890009050035e-15,1.9818544387817382e-14,1.1963999999999995,1.1964,0.9163999999999966,1.4764
random-5433,transport,11,LLS_support,2,12,24,0.16459997419352781,0.016739711257026342,0.08882225666164727,1.000601008256413,1.0,0.8609003162166844,1.135728127990128
random-5433,transport,11,LLS_gauss3,0,12,24,0.16459997419352781,1.4044352659704518e-15,1.3560056686401367e-14,0.9999999999999997,0.9999999999999999,0.9999999999999865,1.000000000000001
random-5433,transport,11,LLS_gauss3,1,12,24,0.16459997419352781,1.8455228165773033e-15,1.8030405044555665e-14,1.1963999999999995,1.1964,0.9220350832689597,1.4707649167310373
random-5433,transport,11,LLS_gauss3,2,12,24,0.16459997419352781,0.013894524956267642,0.07620191558916495,1.0006010082564134,1.0000000000000002,0.8656212722101164,1.1294870011641152
random-5433,transport,11,Q2_support,0,12,24,0.16459997419352781,1.4721248211776229e-15,1.3709068298339843e-14,0.9999999999999996,0.9999999999999999,0.9999999999999863,1.0000000000000007
random-5433,transport,11,Q2_support,1,12,24,0.16459997419352781,1.9374096386433183e-15,1.7881393432617187e-14,1.1963999999999995,1.1964,0.9163999999999966,1.4764
random-5433,transport,11,Q2_support,2,12,24,0.16459997419352781,0.015675891218331246,0.084779848098758,1.0006010082564134,1.0,0.8649427247795737,1.1345705626630884
random-5433,transport,11,Q2_gauss3,0,12,24,0.16459997419352781,1.3682314706889863e-15,1.2814998626708985e-14,0.9999999999999997,0.9999999999999999,0.9999999999999872,1.0000000000000007
random-5433,transport,11,Q2_gauss3,1,12,24,0.16459997419352781,1.8048239031580044e-15,1.683831214904785e-14,1.1963999999999997,1.1964,0.9220350832689601,1.4707649167310373
random-5433,transport,11,Q2_gauss3,2,12,24,0.16459997419352781,0.013519597445293505,0.07333475373216405,1.0006010082564138,1.0000000000000002,0.8684884340671173,1.12998170285657
random-5433,transport,12,LLS_support,0,12,24,0.15892082298927523,1.7323434386183403e-15,1.609325408935547e-14,0.9999999999999994,0.9999999999999999,0.9999999999999839,1.000000000000002
random-5433,transport,12,LLS_support,1,12,24,0.15892082298927523,2.3095381125549895e-15,1.9818544387817382e-14,1.1887999999999994,1.1887999999999999,0.9087999999999958,1.4688000000000003
random-5433,transport,12,LLS_support,2,12,24,0.15892082298927523,0.019199892213927247,0.09995939095552325,1.0006371076119247,0.9999999999999996,0.8607244784932185,1.1370790966008297
random-5433,transport,12,LLS_gauss3,0,12,24,0.15892082298927523,1.635277977083441e-15,1.475214958190918e-14,0.9999999999999994,0.9999999999999999,0.9999999999999852,1.0000000000000013
random-5433,transport,12,LLS_gauss3,1,12,24,0.15892082298927523,2.170136048910875e-15,1.8775463104248047e-14,1.1887999999999996,1.1888,0.914435083268959,1.4631649167310374
random-5433,transport,12,LLS_gauss3,2,12,24,0.15892082298927523,0.016329897787282752,0.08442095377749517,1.000637107611925,0.9999999999999997,0.8681861446723292,1.1332128025318808
random-5433,transport,12,Q2_support,0,12,24,0.15892082298927523,1.7043796844467767e-15,1.4603137969970702e-14,0.9999999999999996,0.9999999999999999,0.9999999999999853,1.0000000000000007
random-5433,transport,12,Q2_support,1,12,24,0.15892082298927523,2.2710313659762165e-15,1.8626451492309572e-14,1.1887999999999994,1.1887999999999999,0.9087999999999958,1.4688000000000003
random-5433,transport,12,Q2_support,2,12,24,0.15892082298927523,0.018211936335292635,0.0974509356822513,1.000637107611925,0.9999999999999996,0.8611987551875567,1.1345634608078874
random-5433,transport,12,Q2_gauss3,0,12,24,0.15892082298927523,1.5933944717112462e-15,1.385807991027832e-14,0.9999999999999994,0.9999999999999999,0.9999999999999861,1.0000000000000009
random-5433,transport,12,Q2_gauss3,1,12,24,0.15892082298927523,2.126854086213725e-15,1.773238182067871e-14,1.1887999999999996,1.1888,0.9144350832689591,1.4631649167310374
random-5433,transport,12,Q2_gauss3,2,12,24,0.15892082298927523,0.015964349325417505,0.08572280453203186,1.0006371076119247,0.9999999999999997,0.8675143758823909,1.1322259126701995
random-5433,transport,13,LLS_support,0,12,24,0.13797861924703522,1.939746173960319e-15,1.5050172805786134e-14,0.9999999999999994,0.9999999999999999,0.9999999999999849,1.000000000000002
random-5433,transport,13,LLS_support,1,12,24,0.13797861924703522,2.59488078162083e-15,1.9371509552001954e-14,1.1811999999999994,1.1811999999999998,0.9011999999999953,1.4612000000000005
random-5433,transport,13,LLS_support,2,12,24,0.13797861924703522,0.02170490832525551,0.11607585006369561,1.0006758591764007,1.0,0.8502769626731658,1.1402470441529717
random-5433,transport,13,LLS_gauss3,0,12,24,0.13797861924703522,1.846765673438716e-15,1.430511474609375e-14,0.9999999999999994,0.9999999999999999,0.9999999999999857,1.000000000000001
random-5433,transport,13,LLS_gauss3,1,12,24,0.13797861924703522,2.4872281628287455e-15,1.8626451492309572e-14,1.1811999999999994,1.1812,0.9068350832689585,1.4555649167310376
random-5433,transport,13,LLS_gauss3,2,12,24,0.13797861924703522,0.01882627454706971,0.10008022926050499,1.0006758591764007,1.0,0.8577495040628441,1.1342445232969325
random-5433,transport,13,Q2_support,0,12,24,0.13797861924703522,1.911867107366704e-15,1.475214958190918e-14,0.9999999999999994,0.9999999999999999,0.9999999999999852,1.0000000000000007
random-5433,transport,13,Q2_support,1,12,24,0.13797861924703522,2.5534737183556192e-15,1.9222497940063476e-14,1.1811999999999994,1.1811999999999998,0.9011999999999953,1.4612000000000005
random-5433,transport,13,Q2_support,2,12,24,0.13797861924703522,0.02086017819892119,0.11253734877512962,1.0006758591764002,1.0,0.8504716880278004,1.1390434762549626
random-5433,transport,13,Q2_gauss3,0,12,24,0.13797861924703522,1.809046433485278e-15,1.4007091522216797e-14,0.9999999999999994,0.9999999999999999,0.999999999999986,1.0000000000000007
random-5433,transport,13,Q2_gauss3,1,12,24,0.13797861924703522,2.4455746922945636e-15,1.8626451492309572e-14,1.1811999999999996,1.1812,0.9068350832689588,1.4555649167310378
random-5433,transport,13,Q2_gauss3,2,12,24,0.13797861924703522,0.018519100417235236,0.09871735440250337,1.0006758591764002,1.0,0.8579027607812547,1.133560735321727
random-5433,transport,14,LLS_support,0,12,24,0.185174641991616,2.238689744097813e-15,1.6689300537109376e-14,0.9999999999999992,0.9999999999999999,0.9999999999999833,1.000000000000002
random-5433,transport,14,LLS_support,1,12,24,0.185174641991616,2.957101946470523e-15,2.205371856689453e-14,1.1735999999999993,1.1735999999999998,0.8935999999999943,1.453600000000001
random-5433,transport,14,LLS_support,2,12,24,0.185174641991616,0.02482602172523476,0.1321392639129591,1.0008828518484987,0.9999999999999997,0.8388809151551841,1.1526395088625772
random-5433,transport,14,LLS_gauss3,0,12,24,0.185174641991616,2.145440577400562e-15,1.5497207641601562e-14,0.9999999999999994,0.9999999999999999,0.9999999999999845,1.000000000000001
random-5433,transport,14,LLS_gauss3,1,12,24,0.185174641991616,2.861663165600375e-15,2.1010637283325196e-14,1.1735999999999993,1.1736,0.8992350832689576,1.447964916731038
random-5433,transport,14,LLS_gauss3,2,12,24,0.185174641991616,0.021906515949285457,0.11764216394699141,1.0008828518484987,0.9999999999999999,0.8469004425622217,1.145706996112098
random-5433,transport,14,Q2_support,0,12,24,0.185174641991616,2.2090828376945933e-15,1.6391277313232423e-14,0.9999999999999992,0.9999999999999999,0.9999999999999836,1.0000000000000007
random-5433,transport,14,Q2_support,1,12,24,0.185174641991616,2.9115380703934782e-15,2.1606683731079103e-14,1.1735999999999993,1.1735999999999998,0.8935999999999943,1.453600000000001
random-5433,transport,14,Q2_support,2,12,24,0.185174641991616,0.024056848267669212,0.1321392639129591,1.0008828518484996,0.9999999999999997,0.8395989481957696,1.1503809387279755
random-5433,transport,14,Q2_gauss3,0,12,24,0.185174641991616,2.107444177361122e-15,1.5646219253540038e-14,0.9999999999999994,0.9999999999999999,0.9999999999999843,1.0000000000000007
random-5433,transport,14,Q2_gauss3,1,12,24,0.185174641991616,2.814227760494554e-15,2.0861625671386718e-14,1.1735999999999993,1.1736,0.8992350832689577,1.447964916731038
random-5433,transport,14,Q2_gauss3,2,12,24,0.185174641991616,0.021618802825208026,0.11772282392826736,1.0008828518484993,0.9999999999999999,0.846931176326276,1.1445350118348443
random-5433,transport,15,LLS_support,0,12,24,0.16232935769342216,2.559573109620014e-15,1.9818544387817382e-14,0.9999999999999991,0.9999999999999999,0.9999999999999801,1.0000000000000027
random-5433,transport,15,LLS_support,1,12,24,0.16232935769342216,3.3649784277835564e-15,2.5182962417602538e-14,1.165999999999999,1.166,0.885999999999993,1.446
random-5433,transport,15,LLS_support,2,12,24,0.16232935769342216,0.02840134899139218,0.15259325628779666,1.001074645306909,0.9999999999999997,0.8267759801837405,1.1649860677757653
random-5433,transport,15,LLS_gauss3,0,12,24,0.16232935769342216,2.4609404807755197e-15,1.8477439880371094e-14,0.9999999999999991,0.9999999999999999,0.9999999999999816,1.0000000000000018
random-5433,transport,15,LLS_gauss3,1,12,24,0.16232935769342216,3.255464225573349e-15,2.339482307434082e-14,1.165999999999999,1.166,0.8916350832689564,1.4403649167310368
random-5433,transport,15,LLS_gauss3,2,12,24,0.16232935769342216,0.02545862863761716,0.1389878276908034,1.0010746453069093,1.0,0.8355042616861243,1.1579383301912494
random-5433,transport,15,Q2_support,0,12,24,0.16232935769342216,2.5280676522414533e-15,1.9073486328125e-14,0.999999999999999,0.9999999999999999,0.9999999999999809,1.0000000000000007
random-5433,transport,15,Q2_support,1,12,24,0.16232935769342216,3.3270802886706668e-15,2.4437904357910156e-14,1.165999999999999,1.166,0.885999999999993,1.446
random-5433,transport,15,Q2_support,2,12,24,0.16232935769342216,0.02778545901088791,0.15259325628779666,1.0010746453069093,0.9999999999999997,0.8288573728557185,1.1621110372273435
random-5433,transport,15,Q2_gauss3,0,12,24,0.16232935769342216,2.4223048548134413e-15,1.8328428268432618e-14,0.9999999999999991,0.9999999999999999,0.9999999999999817,1.0000000000000007
random-5433,transport,15,Q2_gauss3,1,12,24,0.16232935769342216,3.20511339435768e-15,2.3096799850463867e-14,1.165999999999999,1.166,0.8916350832689566,1.4403649167310373
random-5433,transport,15,Q2_gauss3,2,12,24,0.16232935769342216,0.025244255947184584,0.13912517613795594,1.0010746453069093,1.0,0.8361545632281259,1.1557195435415033
random-5433,transport,16,LLS_support,0,12,24,0.1680366655704654,2.872160165739387e-15,2.0861625671386718e-14,0.999999999999999,0.9999999999999999,0.9999999999999791,1.0000000000000024
random-5433,transport,16,LLS_support,1,12,24,0.1680366655704654,3.756188140700756e-15,2.6524066925048827e-14,1.1583999999999988,1.1583999999999999,0.878399999999992,1.4383999999999995
random-5433,transport,16,LLS_support,2,12,24,0.1680366655704654,0.03264937780845589,0.17136014275541872,1.0010981786714221,0.9999999999999996,0.8141785264031934,1.1715670169299812
random-5433,transport,16,LLS_gauss3,0,12,24,0.1680366655704654,2.7752718216287287e-15,1.952052116394043e-14,0.999999999999999,0.9999999999999999,0.9999999999999805,1.000000000000001
random-5433,transport,16,LLS_gauss3,1,12,24,0.1680366655704654,3.6348831788202954e-15,2.4586915969848634e-14,1.158399999999999,1.1584,0.8840350832689553,1.4327649167310366
random-5433,transport,16,LLS_gauss3,2,12,24,0.1680366655704654,0.029594506255066582,0.15912288649543985,1.0010981786714228,0.9999999999999999,0.8241081948158073,1.1651140021185513
random-5433,transport,16,Q2_support,0,12,24,0.1680366655704654,2.851398860130882e-15,2.0861625671386718e-14,0.999999999999999,0.9999999999999999,0.9999999999999791,1.0000000000000007
random-5433,transport,16,Q2_support,1,12,24,0.1680366655704654,3.725621420661444e-15,2.6226043701171876e-14,1.1583999999999988,1.1583999999999999,0.878399999999992,1.4383999999999995
random-5433,transport,16,Q2_support,2,12,24,0.1680366655704654,0.03214705327865663,0.17136014275541872,1.001098178671422,0.9999999999999996,0.8174317541794917,1.168545467741402
random-5433,transport,16,Q2_gauss3,0,12,24,0.1680366655704654,2.735443475668865e-15,1.9371509552001954e-14,0.999999999999999,0.9999999999999999,0.9999999999999807,1.0000000000000007
random-5433,transport,16,Q2_gauss3,1,12,24,0.1680366655704654,3.598030751511967e-15,2.4586915969848634e-14,1.158399999999999,1.1584,0.8840350832689555,1.4327649167310366
random-5433,transport,16,Q2_gauss3,2,12,24,0.1680366655704654,0.029427030242127512,0.15924836572243406,1.0010981786714228,0.9999999999999999,0.8246737174947505,1.1639538812372465
random-5433,transport,17,LLS_support,0,12,24,0.14019381403652711,3.2192791836882106e-15,2.3096799850463867e-14,0.9999999999999988,0.9999999999999999,0.9999999999999769,1.0000000000000024
random-5433,transport,17,LLS_support,1,12,24,0.14019381403652711,4.223447189617705e-15,2.86102294921875e-14,1.1507999999999985,1.1507999999999998,0.870799999999991,1.4308000000000003
random-5433,transport,17,LLS_support,2,12,24,0.14019381403652711,0.037271214173362606,0.18787306331498027,1.0010214872483116,0.9999999999999994,0.7948570783903488,1.1782451272718748
random-5433,transport,17,LLS_gauss3,0,12,24,0.14019381403652711,3.1114538040490588e-15,2.1457672119140625e-14,0.999999999999999,0.9999999999999999,0.9999999999999786,1.000000000000002
random-5433,transport,17,LLS_gauss3,1,12,24,0.14019381403652711,4.0901294857472794e-15,2.7120113372802733e-14,1.1507999999999987,1.1508,0.8764350832689545,1.4251649167310374
random-5433,transport,17,LLS_gauss3,2,12,24,0.14019381403652711,0.034152955083965285,0.17739444640480698,1.0010214872483119,1.0,0.8090181325307754,1.1701579629221794
random-5433,transport,17,Q2_support,0,12,24,0.14019381403652711,3.2042549856632914e-15,2.2649765014648438e-14,0.9999999999999988,0.9999999999999999,0.9999999999999774,1.0000000000000009
random-5433,transport,17,Q2_support,1,12,24,0.14019381403652711,4.1984552375531926e-15,2.7418136596679687e-14,1.1507999999999985,1.1507999999999998,0.870799999999991,1.4308000000000003
random-5433,transport,17,Q2_support,2,12,24,0.14019381403652711,0.036834028499327855,0.18787306331498027,1.0010214872483116,0.9999999999999994,0.8027291055637523,1.1768958534785572
random-5433,transport,17,Q2_gauss3,0,12,24,0.14019381403652711,3.077326683095051e-15,2.115964889526367e-14,0.999999999999999,0.9999999999999999,0.9999999999999788,1.0000000000000007
random-5433,transport,17,Q2_gauss3,1,12,24,0.14019381403652711,4.054741349201823e-15,2.637505531311035e-14,1.1507999999999987,1.1508,0.8764350832689545,1.4251649167310374
random-5433,transport,17,Q2_gauss3,2,12,24,0.14019381403652711,0.034005145127813004,0.17750629618315591,1.0010214872483123,1.0,0.8111974901078557,1.1717759164860888
random-5433,transport,18,LLS_support,0,12,23,0.14765698937784366,3.569942991275744e-15,2.548098564147949e-14,0.9999999999999987,0.9999999999999999,0.9999999999999745,1.0000000000000033
random-5433,transport,18,LLS_support,1,12,23,0.14765698937784366,4.682092447453194e-15,3.1441450119018557e-14,1.1431999999999982,1.1431999999999998,0.8631999999999902,1.4232
random-5433,transport,18,LLS_support,2,12,23,0.14765698937784366,0.042345852567438995,0.20171615038483828,1.0010027496447773,1.0,0.7932964393361002,1.1914472406153063
random-5433,transport,18,LLS_gauss3,0,12,23,0.14765698937784366,3.4589910538010238e-15,2.3990869522094727e-14,0.9999999999999987,0.9999999999999999,0.999999999999976,1.0000000000000016
random-5433,transport,18,LLS_gauss3,1,12,23,0.14765698937784366,4.548082770898034e-15,2.950429916381836e-14,1.1431999999999984,1.1432,0.8688350832689538,1.4175649167310371
random-5433,transport,18,LLS_gauss3,2,12,23,0.14765698937784366,0.03926497772543584,0.19327619664150775,1.0010027496447775,0.9999999999999997,0.8013159761331851,1.1813411962557354
random-5433,transport,18,Q2_support,0,12,23,0.14765698937784366,3.55588016785763e-15,2.4139881134033202e-14,0.9999999999999986,0.9999999999999999,0.9999999999999759,1.0000000000000009
random-5433,transport,18,Q2_support,1,12,23,0.14765698937784366,4.6641008948735464e-15,2.8908252716064454e-14,1.1431999999999982,1.1431999999999998,0.8631999999999902,1.4232
random-5433,transport,18,Q2_support,2,12,23,0.14765698937784366,0.04198918205033848,0.20171615038483828,1.0010027496447769,1.0,0.7943898420483276,1.188155220368506
random-5433,transport,18,Q2_gauss3,0,12,23,0.14765698937784366,3.4248775560302817e-15,2.3096799850463867e-14,0.9999999999999987,0.9999999999999999,0.9999999999999769,1.0000000000000007
random-5433,transport,18,Q2_gauss3,1,12,23,0.14765698937784366,4.507733875968891e-15,2.8014183044433594e-14,1.1431999999999984,1.1432,0.8688350832689539,1.4175649167310376
random-5433,transport,18,Q2_gauss3,2,12,23,0.14765698937784366,0.0391474315144159,0.19336923202590392,1.0010027496447775,0.9999999999999997,0.8016993697506193,1.1810003093009995
random-5433,transport,19,LLS_support,0,12,24,0.1515414710789898,3.9383384241839655e-15,2.5779008865356445e-14,0.9999999999999986,0.9999999999999999,0.9999999999999742,1.0000000000000029
random-5433,transport,19,LLS_support,1,12,24,0.1515414710789898,5.15424013569249e-15,3.0696392059326175e-14,1.135599999999998,1.1356,0.8555999999999896,1.4155999999999997
random-5433,transport,19,LLS_support,2,12,24,0.1515414710789898,0.047962807598175713,0.21265174123060257,1.0009173767381834,0.9999999999999997,0.7819003196519068,1.197742724647975
random-5433,transport,19,LLS_gauss3,0,12,24,0.1515414710789898,3.827807537399792e-15,2.4586915969848634e-14,0.9999999999999986,0.9999999999999999,0.9999999999999755,1.0000000000000016
random-5433,transport,19,LLS_gauss3,1,12,24,0.1515414710789898,5.024439602300154e-15,2.950429916381836e-14,1.1355999999999982,1.1356,0.8612350832689529,1.4099649167310369
random-5433,transport,19,LLS_gauss3,2,12,24,0.1515414710789898,0.04495076238659151,0.2064023571925248,1.0009173767381836,1.0,0.7899198584774593,1.188880633363426
random-5433,transport,19,Q2_support,0,12,24,0.1515414710789898,3.919954799135512e-15,2.473592758178711e-14,0.9999999999999986,0.9999999999999999,0.9999999999999752,1.0000000000000007
random-5433,transport,19,Q2_support,1,12,24,0.1515414710789898,5.140409431982652e-15,2.980232238769531e-14,1.135599999999998,1.1356,0.8555999999999896,1.4155999999999997
random-5433,transport,19,Q2_support,2,12,24,0.1515414710789898,0.04766912280628546,0.21265174123060257,1.0009173767381834,0.9999999999999997,0.7829787701928216,1.1953182052115425
random-5433,transport,19,Q2_gauss3,0,12,24,0.1515414710789898,3.7895494495438044e-15,2.3692846298217774e-14,0.9999999999999986,0.9999999999999999,0.9999999999999764,1.0000000000000009
random-5433,transport,19,Q2_gauss3,1,12,24,0.1515414710789898,4.991647186137482e-15,2.875924110412598e-14,1.1355999999999982,1.1356,0.8612350832689529,1.4099649167310369
random-5433,transport,19,Q2_gauss3,2,12,24,0.1515414710789898,0.044852876042497575,0.2065033836628829,1.0009173767381836,1.0,0.7902946582471352,1.1872102009711876
random-5433,transport,20,LLS_support,0,12,24,0.1619489085541554,4.345928090210056e-15,2.6226043701171876e-14,0.9999999999999982,0.9999999999999999,0.9999999999999738,1.000000000000003
random-5433,transport,20,LLS_support,1,12,24,0.1619489085541554,5.6393066571994676e-15,3.159046173095703e-14,1.1279999999999977,1.128,0.8479999999999889,1.408
random-5433,transport,20,LLS_support,2,12,24,0.1619489085541554,0.054232411054617076,0.22949578605402277,1.0006838327538534,0.9999999999999994,0.7705042139459772,1.2089563044426126
random-5433,transport,20,LLS_gauss3,0,12,24,0.1619489085541554,4.238442113371936e-15,2.5331974029541016e-14,0.9999999999999983,0.9999999999999999,0.9999999999999747,1.0000000000000016
random-5433,transport,20,LLS_gauss3,1,12,24,0.1619489085541554,5.512958104546522e-15,3.054738044738769e-14,1.1279999999999977,1.128,0.8536350832689522,1.4023649167310368
random-5433,transport,20,LLS_gauss3,2,12,24,0.1619489085541554,0.05132794674237327,0.218174960419122,1.0006838327538536,1.0,0.7785237536545331,1.200349876170903
random-5433,transport,20,Q2_support,0,12,24,0.1619489085541554,4.326086646284978e-15,2.5928020477294923e-14,0.9999999999999982,0.9999999999999999,0.999999999999974,1.0000000000000007
random-5433,transport,20,Q2_support,1,12,24,0.1619489085541554,5.617372214762598e-15,3.1441450119018557e-14,1.1279999999999977,1.128,0.8479999999999889,1.408
random-5433,transport,20,Q2_support,2,12,24,0.1619489085541554,0.05394784658962381,0.22872147340886295,1.000683832753854,0.9999999999999994,0.771278526591137,1.2032093541954298
random-5433,transport,20,Q2_gauss3,0,12,24,0.1619489085541554,4.200015727413074e-15,2.5033950805664063e-14,0.9999999999999983,0.9999999999999999,0.999999999999975,1.0000000000000007
random-5433,transport,20,Q2_gauss3,1,12,24,0.1619489085541554,5.476063274910512e-15,3.054738044738769e-14,1.127999999999998,1.128,0.8536350832689525,1.4023649167310372
random-5433,transport,20,Q2_gauss3,2,12,24,0.1619489085541554,0.051222314001336304,0.21791066603986203,1.0006838327538539,1.0,0.7787037158680951,1.1956923415541645
random-5433-limited,generated,0,LLS_support,0,7,26,0.14629429674279024,0.0,0.0,0.9999999999999999,0.9999999999999999,1.0,1.0
random-5433-limited,generated,0,LLS_support,1,7,26,0.14629429674279024,0.0015824088960663303,0.011879512977114022,1.28,1.2799999999999998,1.011879512977114,1.548898530349632
random-5433-limited,generated,0,LLS_support,2,7,26,0.14629429674279024,0.007247340361834171,0.03351273066668511,0.9999547489622502,1.0,0.9000008737519203,1.0998887255914847
random-5433-limited,generated,0,LLS_gauss3,0,7,26,0.14629429674279024,0.0,0.0,0.9999999999999999,0.9999999999999999,1.0,1.0
random-5433-limited,generated,0,LLS_gauss3,1,7,26,0.14629429674279024,0.0011189320610184197,0.009201831184283644,1.28,1.28,1.0148369144532465,1.5457657553161768
random-5433-limited,generated,0,LLS_gauss3,2,7,26,0.14629429674279024,0.004267350766284371,0.024690827978565245,0.9999547489622502,1.0,0.9045095679073828,1.0957060173923139
random-5433-limited,initial_management,0,LLS_support,0,12,24,0.14730727283852568,0.0,0.0,0.9999999999999999,0.9999999999999999,1.0,1.0
random-5433-limited,initial_management,0,LLS_support,1,12,24,0.14730727283852568,0.00157171229406548,0.011879512977114022,1.2799956804643355,1.2799999999999998,1.011879512977114,1.548898530349632
random-5433-limited,initial_management,0,LLS_support,2,12,24,0.14730727283852568,0.007206516803627179,0.033512730666684656,0.9999825570388817,1.0,0.9000008737519203,1.0998887255914847
random-5433-limited,initial_management,0,LLS_gauss3,0,12,24,0.14730727283852568,0.0,0.0,0.9999999999999999,0.9999999999999999,1.0,1.0
random-5433-limited,initial_management,0,LLS_gauss3,1,12,24,0.14730727283852568,0.001113654329058885,0.009201831184283644,1.2799956804643358,1.28,1.0148369144532465,1.5457657553161768
random-5433-limited,initial_management,0,LLS_gauss3,2,12,24,0.14730727283852568,0.004252011810545386,0.02469082797856465,0.999982557038882,1.0,0.9045095679073828,1.0957060173923139
random-5433-limited,transport,0,LLS_support,0,12,24,0.14730727283852568,0.0,0.0,0.9999999999999999,0.9999999999999999,1.0,1.0
random-5433-limited,transport,0,LLS_support,1,12,24,0.14730727283852568,0.00157171229406548,0.011879512977114022,1.2799956804643355,1.2799999999999998,1.011879512977114,1.548898530349632
random-5433-limited,transport,0,LLS_support,2,12,24,0.14730727283852568,0.007206516803627179,0.033512730666684656,0.9999825570388817,1.0,0.9000008737519203,1.0998887255914847
random-5433-limited,transport,0,LLS_gauss3,0,12,24,0.14730727283852568,0.0,0.0,0.9999999999999999,0.9999999999999999,1.0,1.0
random-5433-limited,transport,0,LLS_gauss3,1,12,24,0.14730727283852568,0.0011136543290588899,0.009201831184283644,1.2799956804643358,1.28,1.0148369144532465,1.5457657553161768
random-5433-limited,transport,0,LLS_gauss3,2,12,24,0.14730727283852568,0.004252011810545386,0.02469082797856465,0.999982557038882,1.0,0.9045095679073828,1.0957060173923139
random-5433-limited,transport,0,Q2_support,0,12,24,0.14730727283852568,0.0,0.0,0.9999999999999999,0.9999999999999999,1.0,1.0
random-5433-limited,transport,0,Q2_support,1,12,24,0.14730727283852568,0.0011960863868369412,0.011879512977114022,1.2799956804643349,1.2799999999999998,1.011879512977114,1.548898530349632
random-5433-limited,transport,0,Q2_support,2,12,24,0.14730727283852568,0.003895139282096898,0.019443336517262606,0.9999825570388813,1.0,0.9002847298323682,1.099262792298154
random-5433-limited,transport,0,Q2_gauss3,0,12,24,0.14730727283852568,9.438854332592234e-17,1.4901161193847657e-16,0.9999999999999999,0.9999999999999999,1.0,1.0000000000000002
random-5433-limited,transport,0,Q2_gauss3,1,12,24,0.14730727283852568,0.0008283395373852469,0.008775897560479492,1.2799956804643358,1.28,1.0144109808294424,1.5461661496945385
random-5433-limited,transport,0,Q2_gauss3,2,12,24,0.14730727283852568,0.0026335179546644882,0.012968582526104302,0.9999825570388815,1.0,0.9038302462374231,1.0961690036864589
random-5433-limited,transport,1,LLS_support,0,12,24,0.1555250970748305,0.0,0.0,0.9999999999999999,0.9999999999999999,1.0,1.0
random-5433-limited,transport,1,LLS_support,1,12,24,0.1555250970748305,0.00207515075564773,0.019479512977114023,1.272455588259093,1.2723999999999998,1.011879512977114,1.5413909511287263
random-5433-limited,transport,1,LLS_support,2,12,24,0.1555250970748305,0.007690373262432551,0.03219886583230332,1.0001354705727723,1.0,0.9004435656131291,1.0998887255914847
random-5433-limited,transport,1,LLS_gauss3,0,12,24,0.1555250970748305,0.0,0.0,0.9999999999999999,0.9999999999999999,1.0,1.0
random-5433-limited,transport,1,LLS_gauss3,1,12,24,0.1555250970748305,0.001480089497308942,0.015460879820812791,1.272455588259093,1.2724,1.0134959630897757,1.538237344143832
random-5433-limited,transport,1,LLS_gauss3,2,12,24,0.1555250970748305,0.0047193366443538465,0.024977239088629633,1.0001354705727727,0.9999999999999999,0.9027949677839386,1.0975519255242636
random-5433-limited,transport,1,Q2_support,0,12,24,0.1555250970748305,0.0,0.0,0.9999999999999999,0.9999999999999999,1.0,1.0
random-5433-limited,transport,1,Q2_support,1,12,24,0.1555250970748305,0.0016007839691734047,0.019479512977114023,1.2724555882590929,1.2723999999999998,1.011879512977114,1.5413909511287263
random-5433-limited,transport,1,Q2_support,2,12,24,0.1555250970748305,0.004354198282990088,0.031501213981932404,1.000135470572772,1.0,0.9012824658851287,1.0977946525651314
random-5433-limited,transport,1,Q2_gauss3,0,12,24,0.1555250970748305,9.438854332592234e-17,1.4901161193847657e-16,0.9999999999999999,0.9999999999999999,1.0,1.0000000000000002
random-5433-limited,transport,1,Q2_gauss3,1,12,24,0.1555250970748305,0.001122517633157762,0.015039725009401888,1.2724555882590929,1.2724,1.013074808278365,1.5386392154882251
random-5433-limited,transport,1,Q2_gauss3,2,12,24,0.1555250970748305,0.002996984911994241,0.023768579057410956,1.000135470572773,0.9999999999999999,0.9030418079811275,1.0969253453998913
random-5433-limited,transport,2,LLS_support,0,12,24,0.13720198896385766,0.0,0.0,0.9999999999999999,0.9999999999999999,1.0,1.0
random-5433-limited,transport,2,LLS_support,1,12,24,0.13720198896385766,0.0023298393118349127,0.02707951297711402,1.2649545754625002,1.2648,1.011879512977114,1.5353563168761284
random-5433-limited,transport,2,LLS_support,2,12,24,0.13720198896385766,0.008275642690097467,0.04309176165645316,1.000273062261923,1.0,0.9004435656131291,1.0998887255914847
random-5433-limited,transport,2,LLS_gauss3,0,12,24,0.13720198896385766,0.0,0.0,0.9999999999999999,0.9999999999999999,1.0,1.0
random-5433-limited,transport,2,LLS_gauss3,1,12,24,0.13720198896385766,0.0017134952480772508,0.022207241856267303,1.2649545754625005,1.2648,1.0126423251252303,1.5318498712379143
random-5433-limited,transport,2,LLS_gauss3,2,12,24,0.13720198896385766,0.005273735015585475,0.03636314921103969,1.0002730622619234,1.0,0.9016677365856433,1.0985220914038913
random-5433-limited,transport,2,Q2_support,0,12,24,0.13720198896385766,0.0,0.0,0.9999999999999999,0.9999999999999999,1.0,1.0
random-5433-limited,transport,2,Q2_support,1,12,24,0.13720198896385766,0.0019321438228142318,0.02707951297711402,1.2649545754625002,1.2648,1.011879512977114,1.5353563168761284
random-5433-limited,transport,2,Q2_support,2,12,24,0.13720198896385766,0.005147675853001801,0.04309176165645316,1.0002730622619234,1.0,0.9014780076846163,1.0979441416418927
random-5433-limited,transport,2,Q2_gauss3,0,12,24,0.13720198896385766,9.438854332592234e-17,1.4901161193847657e-16,0.9999999999999999,0.9999999999999999,1.0,1.0000000000000002
random-5433-limited,transport,2,Q2_gauss3,1,12,24,0.13720198896385766,0.0014200496396467649,0.021683556347350776,1.2649545754625002,1.2648,1.0121186396163138,1.5322849110460657
random-5433-limited,transport,2,Q2_gauss3,2,12,24,0.13720198896385766,0.0036508223794328885,0.034790099180200845,1.0002730622619236,1.0,0.9021183217218,1.0974639659048138
random-5433-limited,transport,3,LLS_support,0,12,24,0.10563631075916648,0.0,0.0,0.9999999999999999,0.9999999999999999,1.0,1.0
random-5433-limited,transport,3,LLS_support,1,12,24,0.10563631075916648,0.0027339586993958133,0.034679512977114024,1.2575015883612783,1.2571999999999999,1.011879512977114,1.5332571484105275
random-5433-limited,transport,3,LLS_support,2,12,24,0.10563631075916648,0.008950425929266925,0.05446989936651379,1.000129970864015,0.9999999999999999,0.9004435656131291,1.0998887255914847
random-5433-limited,transport,3,LLS_gauss3,0,12,24,0.10563631075916648,0.0,0.0,0.9999999999999999,0.9999999999999999,1.0,1.0
random-5433-limited,transport,3,LLS_gauss3,1,12,24,0.10563631075916648,0.00213282814477385,0.029559542841156722,1.2575015883612783,1.2572,1.0123946261101198,1.528510797022518
random-5433-limited,transport,3,LLS_gauss3,2,12,24,0.10563631075916648,0.006110818087405001,0.047936403942519426,1.0001299708640154,0.9999999999999999,0.9012636622501313,1.098703220266158
random-5433-limited,transport,3,Q2_support,0,12,24,0.10563631075916648,0.0,0.0,0.9999999999999999,0.9999999999999999,1.0,1.0
random-5433-limited,transport,3,Q2_support,1,12,24,0.10563631075916648,0.0024337232013702053,0.034679512977114024,1.2575015883612783,1.2571999999999999,1.011879512977114,1.5332571484105275
random-5433-limited,transport,3,Q2_support,2,12,24,0.10563631075916648,0.0064634876778027015,0.05446989936651379,1.0001299708640148,0.9999999999999999,0.901544870797949,1.0982252028358033
random-5433-limited,transport,3,Q2_gauss3,0,12,24,0.10563631075916648,9.438854332592234e-17,1.4901161193847657e-16,0.9999999999999999,0.9999999999999999,1.0,1.0000000000000002
random-5433-limited,transport,3,Q2_gauss3,1,12,24,0.10563631075916648,0.0019279948338418963,0.02931642799589485,1.2575015883612781,1.2572,1.0121515112648578,1.5288237700248402
random-5433-limited,transport,3,Q2_gauss3,2,12,24,0.10563631075916648,0.004988532852768824,0.04686270961105674,1.0001299708640154,0.9999999999999999,0.9019784447697866,1.0981040272873095
random-5433-limited,transport,4,LLS_support,0,12,24,0.1242363276445194,0.0,0.0,0.9999999999999999,0.9999999999999999,1.0,1.0
random-5433-limited,transport,4,LLS_support,1,12,24,0.1242363276445194,0.0031945758186100533,0.042353065406545105,1.2500989288552276,1.2495999999999998,1.011879512977114,1.52555507191819
random-5433-limited,transport,4,LLS_support,2,12,24,0.1242363276445194,0.010034580146553831,0.06525742413169235,1.000057186763964,0.9999999999999996,0.9004435656131291,1.0998887255914847
random-5433-limited,transport,4,LLS_gauss3,0,12,24,0.1242363276445194,0.0,0.0,0.9999999999999999,0.9999999999999999,1.0,1.0
random-5433-limited,transport,4,LLS_gauss3,1,12,24,0.1242363276445194,0.0026493793499573,0.03695437650258526,1.2500989288552276,1.2496,1.0121894597715482,1.5208317289115458
random-5433-limited,transport,4,LLS_gauss3,2,12,24,0.1242363276445194,0.00755873079091652,0.05944832222914353,1.0000571867639645,1.0000000000000002,0.9014580397785565,1.0981795711933662
random-5433-limited,transport,4,Q2_support,0,12,24,0.1242363276445194,0.0,0.0,0.9999999999999999,0.9999999999999999,1.0,1.0
random-5433-limited,transport,4,Q2_support,1,12,24,0.1242363276445194,0.0030051364082359783,0.042353065406545105,1.2500989288552273,1.2495999999999998,1.0119530654065452,1.52555507191819
random-5433-limited,transport,4,Q2_support,2,12,24,0.1242363276445194,0.008104426345345035,0.06525742413169235,1.0000571867639645,0.9999999999999996,0.9005801602861175,1.098652134787382
random-5433-limited,transport,4,Q2_gauss3,0,12,24,0.1242363276445194,9.438854332592234e-17,1.4901161193847657e-16,0.9999999999999999,0.9999999999999999,1.0,1.0000000000000002
random-5433-limited,transport,4,Q2_gauss3,1,12,24,0.1242363276445194,0.002531770605367059,0.03694261671746194,1.2500989288552276,1.2496,1.012177699986425,1.521007445020411
random-5433-limited,transport,4,Q2_gauss3,2,12,24,0.1242363276445194,0.006817792396458575,0.05888755108289868,1.0000571867639654,1.0000000000000002,0.9013574469165222,1.0979148157535108
random-5433-limited,transport,5,LLS_support,0,12,24,0.09836190668836882,0.0,0.0,0.9999999999999999,0.9999999999999999,1.0,1.0
random-5433-limited,transport,5,LLS_support,1,12,24,0.09836190668836882,0.003996925769130211,0.0499530654065451,1.242756264001839,1.2419999999999998,1.011879512977114,1.5126996383191822
random-5433-limited,transport,5,LLS_support,2,12,24,0.09836190668836882,0.01142578918764284,0.07555128550189436,1.0001201971341762,0.9999999999999996,0.9004435656131291,1.0998887255914847
random-5433-limited,transport,5,LLS_gauss3,0,12,24,0.09836190668836882,0.0,0.0,0.9999999999999999,0.9999999999999999,1.0,1.0
random-5433-limited,transport,5,LLS_gauss3,1,12,24,0.09836190668836882,0.0034621918047146576,0.044470359766615036,1.2427562640018393,1.242,1.012105443035578,1.5091608875503344
random-5433-limited,transport,5,LLS_gauss3,2,12,24,0.09836190668836882,0.009377675881233049,0.07034971532940924,1.0001201971341764,1.0,0.9025105010140616,1.0979834456963817
random-5433-limited,transport,5,Q2_support,0,12,24,0.09836190668836882,0.0,0.0,0.9999999999999999,0.9999999999999999,1.0,1.0
random-5433-limited,transport,5,Q2_support,1,12,24,0.09836190668836882,0.003846357869867986,0.0499530654065451,1.2427562640018393,1.2419999999999998,1.0119530654065452,1.5126996383191822
random-5433-limited,transport,5,Q2_support,2,12,24,0.09836190668836882,0.009900018234131181,0.07555128550189436,1.0001201971341767,0.9999999999999996,0.9007846698972847,1.099262792298154
random-5433-limited,transport,5,Q2_gauss3,0,12,24,0.09836190668836882,9.438854332592234e-17,1.4901161193847657e-16,0.9999999999999999,0.9999999999999999,1.0,1.0000000000000002
random-5433-limited,transport,5,Q2_gauss3,1,12,24,0.09836190668836882,0.003372754115271456,0.044480748633372036,1.2427562640018388,1.242,1.012115831902335,1.5094956887904
random-5433-limited,transport,5,Q2_gauss3,2,12,24,0.09836190668836882,0.008845751019279533,0.07023406492692098,1.0001201971341764,1.0,0.9026003462596066,1.0989103595428213
random-5433-limited,transport,6,LLS_support,0,12,24,0.15982024355351312,0.0,0.0,0.9999999999999999,0.9999999999999999,1.0,1.0
random-5433-limited,transport,6,LLS_support,1,12,24,0.15982024355351312,0.005000188880332532,0.057553065406545104,1.2355021721506039,1.2344,1.011879512977114,1.5036400816153181
random-5433-limited,transport,6,LLS_support,2,12,24,0.15982024355351312,0.013245276694097636,0.0858658154657039,1.0001373199117376,0.9999999999999997,0.9004435656131291,1.0998887255914847
random-5433-limited,transport,6,LLS_gauss3,0,12,24,0.15982024355351312,0.0,0.0,0.9999999999999999,0.9999999999999999,1.0,1.0
random-5433-limited,transport,6,LLS_gauss3,1,12,24,0.15982024355351312,0.0044646818705244805,0.05199736257343352,1.235502172150604,1.2344,1.0120324458423964,1.5004303197889521
random-5433-limited,transport,6,LLS_gauss3,2,12,24,0.15982024355351312,0.01147451344094415,0.08006791419030129,1.0001373199117378,1.0000000000000002,0.9014976597475353,1.0979744216172223
random-5433-limited,transport,6,Q2_support,0,12,24,0.15982024355351312,0.0,0.0,0.9999999999999999,0.9999999999999999,1.0,1.0
random-5433-limited,transport,6,Q2_support,1,12,24,0.15982024355351312,0.004850410609957656,0.057553065406545104,1.235502172150604,1.2344,1.0119530654065452,1.5036400816153181
random-5433-limited,transport,6,Q2_support,2,12,24,0.15982024355351312,0.011829977376984435,0.08456648681721955,1.0001373199117378,0.9999999999999997,0.9012824658851287,1.0978900628554196
random-5433-limited,transport,6,Q2_gauss3,0,12,24,0.15982024355351312,9.438854332592234e-17,1.4901161193847657e-16,0.9999999999999999,0.9999999999999999,1.0,1.0000000000000002
random-5433-limited,transport,6,Q2_gauss3,1,12,24,0.15982024355351312,0.0043795316657150776,0.05195859828594938,1.2355021721506048,1.2344,1.0119936815549124,1.500712333180078
random-5433-limited,transport,6,Q2_gauss3,2,12,24,0.15982024355351312,0.010964972828719834,0.08069249350866556,1.0001373199117376,1.0000000000000002,0.9021265646051222,1.0967820640497608
random-5433-limited,transport,7,LLS_support,0,12,24,0.15221999964856694,0.0,0.0,0.9999999999999999,0.9999999999999999,1.0,1.0
random-5433-limited,transport,7,LLS_support,1,12,24,0.15221999964856694,0.005980637565752028,0.06520437890895427,1.2282881013307017,1.2268,1.011879512977114,1.5024150630679027
random-5433-limited,transport,7,LLS_support,2,12,24,0.15221999964856694,0.015035299542556389,0.09519683014224842,1.0001808762904039,0.9999999999999999,0.9005345698775686,1.0998887255914847
random-5433-limited,transport,7,LLS_gauss3,0,12,24,0.15221999964856694,0.0,0.0,0.9999999999999999,0.9999999999999999,1.0,1.0
random-5433-limited,transport,7,LLS_gauss3,1,12,24,0.15221999964856694,0.0055188850871191976,0.05959705981525585,1.228288101330702,1.2268,1.0120264002683086,1.4977683591886004
random-5433-limited,transport,7,LLS_gauss3,2,12,24,0.15221999964856694,0.013516673850846489,0.08960410676510797,1.000180876290404,0.9999999999999999,0.9024316780635999,1.0980633571019291
random-5433-limited,transport,7,Q2_support,0,12,24,0.15221999964856694,0.0,0.0,0.9999999999999999,0.9999999999999999,1.0,1.0
random-5433-limited,transport,7,Q2_support,1,12,24,0.15221999964856694,0.0058682386921123314,0.06520437890895427,1.2282881013307017,1.2268,1.012000671937224,1.5024150630679027
random-5433-limited,transport,7,Q2_support,2,12,24,0.15221999964856694,0.01381307923121622,0.09391656720350698,1.0001808762904048,0.9999999999999999,0.9032880802843803,1.09753768091529
random-5433-limited,transport,7,Q2_gauss3,0,12,24,0.15221999964856694,9.438854332592234e-17,1.4901161193847657e-16,0.9999999999999999,0.9999999999999999,1.0,1.0000000000000002
random-5433-limited,transport,7,Q2_gauss3,1,12,24,0.15221999964856694,0.0054564130348369036,0.0595936002490899,1.228288101330702,1.2268,1.0120240876836997,1.4980040171919538
random-5433-limited,transport,7,Q2_gauss3,2,12,24,0.15221999964856694,0.013086177859005833,0.0902823744511412,1.000180876290405,0.9999999999999999,0.9032384234566608,1.0971821235487786
random-5433-limited,transport,8,LLS_support,0,12,23,0.16315218157023187,0.0,0.0,0.9999999999999999,0.9999999999999999,1.0,1.0
random-5433-limited,transport,8,LLS_support,1,12,23,0.16315218157023187,0.0071525262828839985,0.07280958765385702,1.2211271703137434,1.2191999999999998,1.011879512977114,1.4884764758665068
random-5433-limited,transport,8,LLS_support,2,12,23,0.16315218157023187,0.016909047814721155,0.10022293197307974,1.0001080121204553,0.9999999999999997,0.9004435656131291,1.0998887255914847
random-5433-limited,transport,8,LLS_gauss3,0,12,23,0.16315218157023187,0.0,0.0,0.9999999999999999,0.9999999999999999,1.0,1.0
random-5433-limited,transport,8,LLS_gauss3,1,12,23,0.16315218157023187,0.006707393021143915,0.06719902321208418,1.2211271703137436,1.2192,1.0120341064810472,1.4852585106547025
random-5433-limited,transport,8,LLS_gauss3,2,12,23,0.16315218157023187,0.015561158494692027,0.09686084820996985,1.0001080121204553,1.0,0.9014441693637795,1.0968658292147606
random-5433-limited,transport,8,Q2_support,0,12,23,0.16315218157023187,0.0,0.0,0.9999999999999999,0.9999999999999999,1.0,1.0
random-5433-limited,transport,8,Q2_support,1,12,23,0.16315218157023187,0.007059866859877965,0.07280958765385702,1.2211271703137434,1.2191999999999998,1.0120095876538568,1.4884764758665068
random-5433-limited,transport,8,Q2_support,2,12,23,0.16315218157023187,0.0158978190988046,0.09996072625016317,1.000108012120455,0.9999999999999997,0.9024924275654634,1.0985533104624439
random-5433-limited,transport,8,Q2_gauss3,0,12,23,0.16315218157023187,9.438854332592234e-17,1.4901161193847657e-16,0.9999999999999999,0.9999999999999999,1.0,1.0000000000000002
random-5433-limited,transport,8,Q2_gauss3,1,12,23,0.16315218157023187,0.006656775333975706,0.06715034653576925,1.2211271703137438,1.2192,1.0119854298047322,1.485575256449517
random-5433-limited,transport,8,Q2_gauss3,2,12,23,0.16315218157023187,0.01521957976664822,0.09693068899845675,1.0001080121204549,1.0,0.9030427806244299,1.0969306083482484
random-5433-limited,transport,9,LLS_support,0,12,24,0.13311212510244205,0.0,0.0,0.9999999999999999,0.9999999999999999,1.0,1.0
random-5433-limited,transport,9,LLS_support,1,12,24,0.13311212510244205,0.008446271335006628,0.08043376686922968,1.2140261556533323,1.2115999999999998,1.011879512977114,1.4859197336754832
random-5433-limited,transport,9,LLS_support,2,12,24,0.13311212510244205,0.018832983096470433,0.10358844974287033,1.000170299320837,0.9999999999999996,0.9004435656131291,1.0998887255914847
random-5433-limited,transport,9,LLS_gauss3,0,12,24,0.13311212510244205,0.0,0.0,0.9999999999999999,0.9999999999999999,1.0,1.0
random-5433-limited,transport,9,LLS_gauss3,1,12,24,0.13311212510244205,0.008020471321648537,0.07480595061337486,1.2140261556533327,1.2116,1.012022304742645,1.4815650013556618
random-5433-limited,transport,9,LLS_gauss3,2,12,24,0.13311212510244205,0.01764925122874446,0.1019278961492017,1.0001702993208375,1.0,0.9027869187025237,1.097111026691222
random-5433-limited,transport,9,Q2_support,0,12,24,0.13311212510244205,0.0,0.0,0.9999999999999999,0.9999999999999999,1.0,1.0
random-5433-limited,transport,9,Q2_support,1,12,24,0.13311212510244205,0.008368827185339033,0.08043376686922968,1.214026155653332,1.2115999999999998,1.0120216772615434,1.4859197336754832
random-5433-limited,transport,9,Q2_support,2,12,24,0.13311212510244205,0.018032580642719266,0.103401091932825,1.0001702993208375,0.9999999999999996,0.901314650836339,1.0985533104624439
random-5433-limited,transport,9,Q2_gauss3,0,12,24,0.13311212510244205,9.438854332592234e-17,1.4901161193847657e-16,0.9999999999999999,0.9999999999999999,1.0,1.0000000000000002
random-5433-limited,transport,9,Q2_gauss3,1,12,24,0.13311212510244205,0.007979894492674522,0.07477213843785108,1.2140261556533327,1.2116,1.0120072217068141,1.4818098636352852
random-5433-limited,transport,9,Q2_gauss3,2,12,24,0.13311212510244205,0.017404737128425503,0.10180199241021141,1.0001702993208372,1.0,0.9024619359015075,1.0968638864602063
random-5433-limited,transport,10,LLS_support,0,12,23,0.11551614136293169,0.0,0.0,0.9999999999999999,0.9999999999999999,1.0,1.0
random-5433-limited,transport,10,LLS_support,1,12,23,0.11551614136293169,0.009860482527631319,0.08803462339218349,1.2070243840077106,1.204,1.011879512977114,1.4828312167631774
random-5433-limited,transport,10,LLS_support,2,12,23,0.11551614136293169,0.020737145782109154,0.10361303599088624,1.0002492973471413,1.0,0.9004435656131291,1.0998887255914847
random-5433-limited,transport,10,LLS_gauss3,0,12,23,0.11551614136293169,0.0,0.0,0.9999999999999999,0.9999999999999999,1.0,1.0
random-5433-limited,transport,10,LLS_gauss3,1,12,23,0.11551614136293169,0.009449329678243228,0.08240412366817489,1.2070243840077108,1.204,1.012019814337618,1.477459581128729
random-5433-limited,transport,10,LLS_gauss3,2,12,23,0.11551614136293169,0.019695309010477533,0.10416523478452176,1.0002492973471415,0.9999999999999999,0.9021583819002778,1.096657446244074
random-5433-limited,transport,10,Q2_support,0,12,23,0.11551614136293169,0.0,0.0,0.9999999999999999,0.9999999999999999,1.0,1.0
random-5433-limited,transport,10,Q2_support,1,12,23,0.11551614136293169,0.009802199092760387,0.08803462339218349,1.2070243840077102,1.204,1.01202210552302,1.4828312167631774
random-5433-limited,transport,10,Q2_support,2,12,23,0.11551614136293169,0.02000545560758817,0.10346823407004833,1.000249297347141,1.0,0.9013355940156913,1.0985533104624439
random-5433-limited,transport,10,Q2_gauss3,0,12,23,0.11551614136293169,9.438854332592234e-17,1.4901161193847657e-16,0.9999999999999999,0.9999999999999999,1.0,1.0000000000000002
random-5433-limited,transport,10,Q2_gauss3,1,12,23,0.11551614136293169,0.009418905669367922,0.082383088853271,1.2070243840077108,1.204,1.0120181721222339,1.4777142817938551
random-5433-limited,transport,10,Q2_gauss3,2,12,23,0.11551614136293169,0.019471010219023897,0.10405451824608698,1.0002492973471417,0.9999999999999999,0.9026455746327628,1.096572254217113
random-5433-limited,transport,11,LLS_support,0,12,24,0.16459997419352781,0.0,0.0,0.9999999999999999,0.9999999999999999,1.0,1.0
random-5433-limited,transport,11,LLS_support,1,12,24,0.16459997419352781,0.011425182457258787,0.09562997810642124,1.200091763682461,1.1964,1.011879512977114,1.4725
random-5433-limited,transport,11,LLS_support,2,12,24,0.16459997419352781,0.022651678667672932,0.10184006511171252,1.000296192483856,1.0,0.9004435656131291,1.0998887255914847
random-5433-limited,transport,11,LLS_gauss3,0,12,24,0.16459997419352781,0.0,0.0,0.9999999999999999,0.9999999999999999,1.0,1.0
random-5433-limited,transport,11,LLS_gauss3,1,12,24,0.16459997419352781,0.011007371390537776,0.08999982043231443,1.2000917636824613,1.1964,1.0120292780152416,1.467771991563852
random-5433-limited,transport,11,LLS_gauss3,2,12,24,0.16459997419352781,0.021694926643643937,0.10295221707736626,1.0002961924838567,1.0000000000000002,0.9019841454795297,1.098227692944507
random-5433-limited,transport,11,Q2_support,0,12,24,0.16459997419352781,0.0,0.0,0.9999999999999999,0.9999999999999999,1.0,1.0
random-5433-limited,transport,11,Q2_support,1,12,24,0.16459997419352781,0.011365742685882037,0.09562997810642124,1.2000917636824608,1.1964,1.0120263467417001,1.4725
random-5433-limited,transport,11,Q2_support,2,12,24,0.16459997419352781,0.021919179526419464,0.10184006511171252,1.0002961924838565,1.0,0.9025686437368401,1.097075098734541
random-5433-limited,transport,11,Q2_gauss3,0,12,24,0.16459997419352781,9.438854332592234e-17,1.4901161193847657e-16,0.9999999999999999,0.9999999999999999,1.0,1.0000000000000002
random-5433-limited,transport,11,Q2_gauss3,1,12,24,0.16459997419352781,0.010976342925728173,0.08996949359022602,1.2000917636824613,1.1964,1.012004576859189,1.467943674897263
random-5433-limited,transport,11,Q2_gauss3,2,12,24,0.16459997419352781,0.021447386292454657,0.10299599205555543,1.000296192483857,1.0000000000000002,0.9032486995869695,1.096120107070142
random-5433-limited,transport,12,LLS_support,0,12,24,0.15892082298927523,0.0,0.0,0.9999999999999999,0.9999999999999999,1.0,1.0
random-5433-limited,transport,12,LLS_support,1,12,24,0.15892082298927523,0.013078859137886607,0.10323249417713433,1.193264550510954,1.1887999999999999,1.011879512977114,1.4621110762666112
random-5433-limited,transport,12,LLS_support,2,12,24,0.15892082298927523,0.024408408478956832,0.10406511685302942,1.0002674370217886,0.9999999999999996,0.9004435656131291,1.0998887255914847
random-5433-limited,transport,12,LLS_gauss3,0,12,24,0.15892082298927523,0.0,0.0,0.9999999999999999,0.9999999999999999,1.0,1.0
random-5433-limited,transport,12,LLS_gauss3,1,12,24,0.15892082298927523,0.012680868307895528,0.09760045865995064,1.1932645505109543,1.1888,1.0120279673028838,1.4580089612419165
random-5433-limited,transport,12,LLS_gauss3,2,12,24,0.15892082298927523,0.0235003496615398,0.10406511685302942,1.0002674370217886,0.9999999999999997,0.9012475415379004,1.0989942579853509
random-5433-limited,transport,12,Q2_support,0,12,24,0.15892082298927523,0.0,0.0,0.9999999999999999,0.9999999999999999,1.0,1.0
random-5433-limited,transport,12,Q2_support,1,12,24,0.15892082298927523,0.013026326994274298,0.10323249417713433,1.1932645505109543,1.1887999999999999,1.0120276047770567,1.4621110762666112
random-5433-limited,transport,12,Q2_support,2,12,24,0.15892082298927523,0.023697996042327873,0.10406511685302942,1.0002674370217877,0.9999999999999996,0.9026909841533464,1.0965857359884215
random-5433-limited,transport,12,Q2_gauss3,0,12,24,0.15892082298927523,9.438854332592234e-17,1.4901161193847657e-16,0.9999999999999999,0.9999999999999999,1.0,1.0000000000000002
random-5433-limited,transport,12,Q2_gauss3,1,12,24,0.15892082298927523,0.01265350593835219,0.09758193068719238,1.1932645505109547,1.1888,1.0120170139561553,1.4583014988015985
random-5433-limited,transport,12,Q2_gauss3,2,12,24,0.15892082298927523,0.023247706640219787,0.10406511685302942,1.0002674370217879,0.9999999999999997,0.9027808718012208,1.0969418951081413
random-5433-limited,transport,13,LLS_support,0,12,24,0.13797861924703522,0.0,0.0,0.9999999999999999,0.9999999999999999,1.0,1.0
random-5433-limited,transport,13,LLS_support,1,12,24,0.13797861924703522,0.014841626881018614,0.11083475387556463,1.1865076169920137,1.1811999999999998,1.011879512977114,1.4542921095351455
random-5433-limited,transport,13,LLS_support,2,12,24,0.13797861924703522,0.02607077397022635,0.10401142935359284,1.0003816968891877,1.0,0.9004435656131291,1.0998887255914847
random-5433-limited,transport,13,LLS_gauss3,0,12,24,0.13797861924703522,0.0,0.0,0.9999999999999999,0.9999999999999999,1.0,1.0
random-5433-limited,transport,13,LLS_gauss3,1,12,24,0.13797861924703522,0.01445600196135585,0.10520189361164674,1.1865076169920137,1.1812,1.0120331994164946,1.4502347005434153
random-5433-limited,transport,13,LLS_gauss3,2,12,24,0.13797861924703522,0.025165419603193524,0.10401142935359284,1.000381696889188,1.0,0.90116586143802,1.0985721439907596
random-5433-limited,transport,13,Q2_support,0,12,24,0.13797861924703522,0.0,0.0,0.9999999999999999,0.9999999999999999,1.0,1.0
random-5433-limited,transport,13,Q2_support,1,12,24,0.13797861924703522,0.014798750195938347,0.11083475387556463,1.1865076169920135,1.1811999999999998,1.0120323155329631,1.4542921095351455
random-5433-limited,transport,13,Q2_support,2,12,24,0.13797861924703522,0.025449538726319228,0.10401142935359284,1.000381696889187,1.0,0.9034149831685785,1.0964905943718362
random-5433-limited,transport,13,Q2_gauss3,0,12,24,0.13797861924703522,9.438854332592234e-17,1.4901161193847657e-16,0.9999999999999999,0.9999999999999999,1.0,1.0000000000000002
random-5433-limited,transport,13,Q2_gauss3,1,12,24,0.13797861924703522,0.014433703279872954,0.10518671885412886,1.1865076169920143,1.1812,1.0120218021230918,1.4504685685204697
random-5433-limited,transport,13,Q2_gauss3,2,12,24,0.13797861924703522,0.024947369555049823,0.10401142935359284,1.000381696889188,1.0,0.9030797453875847,1.0963877749313962
random-5433-limited,transport,14,LLS_support,0,12,24,0.185174641991616,0.0,0.0,0.9999999999999999,0.9999999999999999,1.0,1.0
random-5433-limited,transport,14,LLS_support,1,12,24,0.185174641991616,0.01673675323863527,0.11843537576451912,1.1798467587906263,1.1735999999999998,1.011879512977114,1.4441666666666668
random-5433-limited,transport,14,LLS_support,2,12,24,0.185174641991616,0.02751573417564344,0.10233417216239005,1.0006739211482139,0.9999999999999997,0.9004435656131291,1.0998887255914847
random-5433-limited,transport,14,LLS_gauss3,0,12,24,0.185174641991616,0.0,0.0,0.9999999999999999,0.9999999999999999,1.0,1.0
random-5433-limited,transport,14,LLS_gauss3,1,12,24,0.185174641991616,0.01636212925155547,0.1128019081045343,1.1798467587906263,1.1736,1.0120330581305956,1.4406882573214512
random-5433-limited,transport,14,LLS_gauss3,2,12,24,0.185174641991616,0.026631150720811632,0.10329451169050888,1.0006739211482139,0.9999999999999999,0.9016434646978283,1.0978724330599035
random-5433-limited,transport,14,Q2_support,0,12,24,0.185174641991616,0.0,0.0,0.9999999999999999,0.9999999999999999,1.0,1.0
random-5433-limited,transport,14,Q2_support,1,12,24,0.185174641991616,0.016697222035993727,0.11843537576451912,1.1798467587906254,1.1735999999999998,1.0120328368671434,1.4441666666666668
random-5433-limited,transport,14,Q2_support,2,12,24,0.185174641991616,0.027011471770953265,0.10218830171050206,1.000673921148214,0.9999999999999997,0.9017265440065165,1.0977116591241047
random-5433-limited,transport,14,Q2_gauss3,0,12,24,0.185174641991616,9.438854332592234e-17,1.4901161193847657e-16,0.9999999999999999,0.9999999999999999,1.0,1.0000000000000002
random-5433-limited,transport,14,Q2_gauss3,1,12,24,0.185174641991616,0.01634190477941744,0.11278225121636688,1.1798467587906263,1.1736,1.0120173344853298,1.4409201182779285
random-5433-limited,transport,14,Q2_gauss3,2,12,24,0.185174641991616,0.026468038161249288,0.10319425517185583,1.0006739211482147,0.9999999999999999,0.9024353293529773,1.0967749118316543
random-5433-limited,transport,15,LLS_support,0,12,24,0.16232935769342216,0.0,0.0,0.9999999999999999,0.9999999999999999,1.0,1.0
random-5433-limited,transport,15,LLS_support,1,12,24,0.16232935769342216,0.01876447788768362,0.1260359354419923,1.1732953866983271,1.166,1.011879512977114,1.4398659039947543
random-5433-limited,transport,15,LLS_support,2,12,24,0.16232935769342216,0.028890570286125298,0.10358471593170211,1.0009541063998317,0.9999999999999997,0.9004435656131291,1.0998887255914847
random-5433-limited,transport,15,LLS_gauss3,0,12,24,0.16232935769342216,0.0,0.0,0.9999999999999999,0.9999999999999999,1.0,1.0
random-5433-limited,transport,15,LLS_gauss3,1,12,24,0.16232935769342216,0.018394004636744902,0.12040161653437928,1.1732953866983271,1.166,1.012032333036134,1.435647048745532
random-5433-limited,transport,15,LLS_gauss3,2,12,24,0.16232935769342216,0.028040373470219582,0.10397365265831619,1.0009541063998324,1.0,0.9021447645782399,1.0973401387969617
random-5433-limited,transport,15,Q2_support,0,12,24,0.16232935769342216,0.0,0.0,0.9999999999999999,0.9999999999999999,1.0,1.0
random-5433-limited,transport,15,Q2_support,1,12,24,0.16232935769342216,0.01873191494714393,0.1260359354419923,1.1732953866983271,1.166,1.0120331167058798,1.4398659039947543
random-5433-limited,transport,15,Q2_support,2,12,24,0.16232935769342216,0.028406345035719545,0.10312477836239785,1.0009541063998317,0.9999999999999997,0.901706704342706,1.0984292696895248
random-5433-limited,transport,15,Q2_gauss3,0,12,24,0.16232935769342216,9.438854332592234e-17,1.4901161193847657e-16,0.9999999999999999,0.9999999999999999,1.0,1.0000000000000002
random-5433-limited,transport,15,Q2_gauss3,1,12,24,0.16232935769342216,0.018378047184721275,0.12038409133662611,1.1732953866983282,1.166,1.012019174605589,1.4359866843838447
random-5433-limited,transport,15,Q2_gauss3,2,12,24,0.16232935769342216,0.02787625906964694,0.1038458276545021,1.000954106399832,1.0,0.9027136523619361,1.0968182788537304
random-5433-limited,transport,16,LLS_support,0,12,24,0.1680366655704654,0.0,0.0,0.9999999999999999,0.9999999999999999,1.0,1.0
random-5433-limited,transport,16,LLS_support,1,12,24,0.1680366655704654,0.020887862712105167,0.1336357027663198,1.1668203091576415,1.1583999999999999,1.011879512977114,1.4290229779284498
random-5433-limited,transport,16,LLS_support,2,12,24,0.1680366655704654,0.03021688536586808,0.1033227584029588,1.0012142113888343,0.9999999999999996,0.9004435656131291,1.0998887255914847
random-5433-limited,transport,16,LLS_gauss3,0,12,24,0.1680366655704654,0.0,0.0,0.9999999999999999,0.9999999999999999,1.0,1.0
random-5433-limited,transport,16,LLS_gauss3,1,12,24,0.1680366655704654,0.020526021047049182,0.12800143384513543,1.1668203091576421,1.1584,1.0120343085209753,1.4255015066670105
random-5433-limited,transport,16,LLS_gauss3,2,12,24,0.1680366655704654,0.029347613200366263,0.10433948995135144,1.001214211388835,0.9999999999999999,0.9016668781989099,1.0972170827712227
random-5433-limited,transport,16,Q2_support,0,12,24,0.1680366655704654,0.0,0.0,0.9999999999999999,0.9999999999999999,1.0,1.0
random-5433-limited,transport,16,Q2_support,1,12,24,0.1680366655704654,0.020859481140205315,0.1336357027663198,1.1668203091576415,1.1583999999999999,1.012034277125589,1.4290229779284498
random-5433-limited,transport,16,Q2_support,2,12,24,0.1680366655704654,0.029718203215367753,0.10300421760455251,1.0012142113888345,0.9999999999999996,0.9023223334694949,1.097622983561652
random-5433-limited,transport,16,Q2_gauss3,0,12,24,0.1680366655704654,9.438854332592234e-17,1.4901161193847657e-16,0.9999999999999999,0.9999999999999999,1.0,1.0000000000000002
random-5433-limited,transport,16,Q2_gauss3,1,12,24,0.1680366655704654,0.020512045947669102,0.12798444651425614,1.166820309157642,1.1584,1.0120195297832189,1.4256845115652188
random-5433-limited,transport,16,Q2_gauss3,2,12,24,0.1680366655704654,0.029164282688124654,0.10424934163889944,1.0012142113888345,0.9999999999999999,0.9026422773728188,1.0967551840803604
random-5433-limited,transport,17,LLS_support,0,12,24,0.14019381403652711,0.0,0.0,0.9999999999999999,0.9999999999999999,1.0,1.0
random-5433-limited,transport,17,LLS_support,1,12,24,0.14019381403652711,0.02311083497873368,0.14123612098415225,1.1604361289164775,1.1507999999999998,1.011879512977114,1.4290229779284496
random-5433-limited,transport,17,LLS_support,2,12,24,0.14019381403652711,0.03148867976658109,0.1043442062679918,1.0014406108399434,0.9999999999999994,0.9004435656131291,1.0998887255914847
random-5433-limited,transport,17,LLS_gauss3,0,12,24,0.14019381403652711,0.0,0.0,0.9999999999999999,0.9999999999999999,1.0,1.0
random-5433-limited,transport,17,LLS_gauss3,1,12,24,0.14019381403652711,0.022757318305711233,0.13560160531755805,1.160436128916478,1.1508,1.012003096853515,1.4237884413532458
random-5433-limited,transport,17,LLS_gauss3,2,12,24,0.14019381403652711,0.03054677451879291,0.10409709229032785,1.0014406108399436,1.0,0.9021991310457802,1.0974285427157215
random-5433-limited,transport,17,Q2_support,0,12,24,0.14019381403652711,0.0,0.0,0.9999999999999999,0.9999999999999999,1.0,1.0
random-5433-limited,transport,17,Q2_support,1,12,24,0.14019381403652711,0.023083537627048036,0.14123612098415225,1.160436128916478,1.1507999999999998,1.0120352955350613,1.4290229779284496
random-5433-limited,transport,17,Q2_support,2,12,24,0.14019381403652711,0.030994646641273722,0.10428813700139701,1.0014406108399434,0.9999999999999994,0.9020509465780995,1.096674130157988
random-5433-limited,transport,17,Q2_gauss3,0,12,24,0.14019381403652711,9.438854332592234e-17,1.4901161193847657e-16,0.9999999999999999,0.9999999999999999,1.0,1.0000000000000002
random-5433-limited,transport,17,Q2_gauss3,1,12,24,0.14019381403652711,0.022743813657632242,0.13558959343051613,1.160436128916478,1.1508,1.0120246766994792,1.4238178361094729
random-5433-limited,transport,17,Q2_gauss3,2,12,24,0.14019381403652711,0.030355345857774878,0.10406391869537861,1.0014406108399438,1.0,0.9023491404239543,1.0965333432934508
random-5433-limited,transport,18,LLS_support,0,12,23,0.14765698937784366,0.0,0.0,0.9999999999999999,0.9999999999999999,1.0,1.0
random-5433-limited,transport,18,LLS_support,1,12,23,0.14765698937784366,0.02546079504473829,0.14883567878422602,1.1541734681806075,1.1431999999999998,1.011879512977114,1.41938442033633
random-5433-limited,transport,18,LLS_support,2,12,23,0.14765698937784366,0.0328157313704078,0.10642070551550731,1.001757501494958,1.0,0.9004435656131291,1.0998887255914847
random-5433-limited,transport,18,LLS_gauss3,0,12,23,0.14765698937784366,0.0,0.0,0.9999999999999999,0.9999999999999999,1.0,1.0
random-5433-limited,transport,18,LLS_gauss3,1,12,23,0.14765698937784366,0.025113868919598045,0.14320106993988171,1.1541734681806077,1.1432,1.0120328532891076,1.414609381432333
random-5433-limited,transport,18,LLS_gauss3,2,12,23,0.14765698937784366,0.031730308364612714,0.1040603474024941,1.0017575014949585,0.9999999999999997,0.9014637865978362,1.0978852058302224
random-5433-limited,transport,18,Q2_support,0,12,23,0.14765698937784366,0.0,0.0,0.9999999999999999,0.9999999999999999,1.0,1.0
random-5433-limited,transport,18,Q2_support,1,12,23,0.14765698937784366,0.0254367664953324,0.14883567878422602,1.1541734681806084,1.1431999999999998,1.0120354519049495,1.41938442033633
random-5433-limited,transport,18,Q2_support,2,12,23,0.14765698937784366,0.032415316864513134,0.10631086665339708,1.001757501494958,1.0,0.9025852675605315,1.0973459522139508
random-5433-limited,transport,18,Q2_gauss3,0,12,23,0.14765698937784366,9.438854332592234e-17,1.4901161193847657e-16,0.9999999999999999,0.9999999999999999,1.0,1.0000000000000002
random-5433-limited,transport,18,Q2_gauss3,1,12,23,0.14765698937784366,0.02510184561705403,0.14319093384320378,1.1541734681806077,1.1432,1.0120260171121667,1.4147873520371308
random-5433-limited,transport,18,Q2_gauss3,2,12,23,0.14765698937784366,0.031585724561897136,0.10408643790183857,1.0017575014949585,0.9999999999999997,0.9029606433742754,1.0969055928204905
random-5433-limited,transport,19,LLS_support,0,12,24,0.1515414710789898,0.0,0.0,0.9999999999999999,0.9999999999999999,1.0,1.0
random-5433-limited,transport,19,LLS_support,1,12,24,0.1515414710789898,0.02794878861073398,0.15643577096039654,1.1480187670215534,1.1356,1.011879512977114,1.4115364947987368
random-5433-limited,transport,19,LLS_support,2,12,24,0.1515414710789898,0.03413454241896945,0.11567220828080088,1.0021554728411532,0.9999999999999997,0.9004435656131291,1.0998887255914847
random-5433-limited,transport,19,LLS_gauss3,0,12,24,0.1515414710789898,0.0,0.0,0.9999999999999999,0.9999999999999999,1.0,1.0
random-5433-limited,transport,19,LLS_gauss3,1,12,24,0.1515414710789898,0.02759362539079682,0.1508010060112375,1.1480187670215538,1.1356,1.0120291512515813,1.4068173391366932
random-5433-limited,transport,19,LLS_gauss3,2,12,24,0.1515414710789898,0.03299097360796455,0.10720306076212242,1.0021554728411532,1.0,0.9023175144970772,1.0979879057632904
random-5433-limited,transport,19,Q2_support,0,12,24,0.1515414710789898,0.0,0.0,0.9999999999999999,0.9999999999999999,1.0,1.0
random-5433-limited,transport,19,Q2_support,1,12,24,0.1515414710789898,0.027916985212971233,0.15643577096039654,1.148018767021554,1.1356,1.0120355950641464,1.4115364947987368
random-5433-limited,transport,19,Q2_support,2,12,24,0.1515414710789898,0.033813906953913744,0.11547090919736713,1.0021554728411537,0.9999999999999997,0.9019920095969712,1.096894238039852
random-5433-limited,transport,19,Q2_gauss3,0,12,24,0.1515414710789898,9.438854332592234e-17,1.4901161193847657e-16,0.9999999999999999,0.9999999999999999,1.0,1.0000000000000002
random-5433-limited,transport,19,Q2_gauss3,1,12,24,0.1515414710789898,0.027578042713574575,0.15079333920515461,1.1480187670215545,1.1356,1.0120284224741176,1.4070577519740335
random-5433-limited,transport,19,Q2_gauss3,2,12,24,0.1515414710789898,0.03288341550286565,0.10691827948506102,1.0021554728411537,1.0,0.902668617217884,1.0963641312068826
random-5433-limited,transport,20,LLS_support,0,12,24,0.1619489085541554,0.0,0.0,0.9999999999999999,0.9999999999999999,1.0,1.0
random-5433-limited,transport,20,LLS_support,1,12,24,0.1619489085541554,0.030536207160859075,0.1640361791512768,1.1419842154751105,1.128,1.011879512977114,1.4030281822666475
random-5433-limited,transport,20,LLS_support,2,12,24,0.1619489085541554,0.035442837399136895,0.12672640311527208,1.0023812542034476,0.9999999999999994,0.9004435656131291,1.0998887255914847
random-5433-limited,transport,20,LLS_gauss3,0,12,24,0.1619489085541554,0.0,0.0,0.9999999999999999,0.9999999999999999,1.0,1.0
random-5433-limited,transport,20,LLS_gauss3,1,12,24,0.1619489085541554,0.030181369130023377,0.15840124577659934,1.1419842154751108,1.128,1.012035973584485,1.3985137632747067
random-5433-limited,transport,20,LLS_gauss3,2,12,24,0.1619489085541554,0.034321629773739495,0.1170862730400695,1.0023812542034476,1.0,0.9028496002468684,1.0970866114002626
random-5433-limited,transport,20,Q2_support,0,12,24,0.1619489085541554,0.0,0.0,0.9999999999999999,0.9999999999999999,1.0,1.0
random-5433-limited,transport,20,Q2_support,1,12,24,0.1619489085541554,0.030509213026555036,0.1640361791512768,1.1419842154751103,1.128,1.0120336691338399,1.4030281822666475
random-5433-limited,transport,20,Q2_support,2,12,24,0.1619489085541554,0.035116522560529814,0.1260724434518747,1.0023812542034476,0.9999999999999994,0.9016590216911999,1.0972919667412018
random-5433-limited,transport,20,Q2_gauss3,0,12,24,0.1619489085541554,9.438854332592234e-17,1.4901161193847657e-16,0.9999999999999999,0.9999999999999999,1.0,1.0000000000000002
random-5433-limited,transport,20,Q2_gauss3,1,12,24,0.1619489085541554,0.03016817727996685,0.15839659885678217,1.141984215475111,1.128,1.012031682125745,1.398775980684451
random-5433-limited,transport,20,Q2_gauss3,2,12,24,0.1619489085541554,0.03420305293369953,0.11667916976459995,1.002381254203448,1.0,0.9027933367927021,1.09603616317073
random-5434,generated,0,LLS_support,0,7,27,0.10538019584969666,2.260896247629464e-16,3.129243850708008e-15,0.9999999999999999,0.9999999999999999,0.9999999999999987,1.000000000000003
random-5434,generated,0,LLS_support,1,7,27,0.10538019584969666,3.1680181571118336e-16,1.6391277313232423e-15,1.2799999999999998,1.2799999999999998,1.0000000000000002,1.5600000000000003
random-5434,generated,0,LLS_support,2,7,27,0.10538019584969666,0.006556537325346228,0.028178615904061795,1.000129073043367,1.0,0.8877877121863363,1.1126175149607849
random-5434,generated,0,LLS_gauss3,0,7,27,0.10538019584969666,1.8276505208928163e-16,2.5331974029541014e-15,1.0,0.9999999999999999,0.999999999999999,1.0000000000000024
random-5434,generated,0,LLS_gauss3,1,7,27,0.10538019584969666,2.959219572836285e-16,1.341104507446289e-15,1.28,1.28,1.005635083268963,1.5543649167310372
random-5434,generated,0,LLS_gauss3,2,7,27,0.10538019584969666,0.003476494096099363,0.02002403286204219,1.0001290730433672,1.0,0.8946959547967075,1.1060348488543215
random-5434,initial_management,0,LLS_support,0,12,24,0.12731497380963114,2.253210459106174e-16,3.129243850708008e-15,1.0,0.9999999999999999,0.9999999999999987,1.000000000000003
random-5434,initial_management,0,LLS_support,1,12,24,0.12731497380963114,3.349022395782758e-16,1.4901161193847656e-15,1.28,1.2799999999999998,1.0000000000000002,1.5600000000000003
random-5434,initial_management,0,LLS_support,2,12,24,0.12731497380963114,0.006555547016419341,0.028178615904061795,1.000128221316666,1.0,0.8877877121863363,1.1126175149607849
random-5434,initial_management,0,LLS_gauss3,0,12,24,0.12731497380963114,1.8360680692669302e-16,2.5331974029541014e-15,1.0,0.9999999999999999,0.999999999999999,1.0000000000000024
random-5434,initial_management,0,LLS_gauss3,1,12,24,0.12731497380963114,3.163400976918539e-16,1.4901161193847656e-15,1.28,1.28,1.005635083268963,1.5543649167310372
random-5434,initial_management,0,LLS_gauss3,2,12,24,0.12731497380963114,0.0034762274195266098,0.02002403286204219,1.0001282213166662,1.0,0.8946959547967075,1.1060348488543215
random-5434,transport,0,LLS_support,0,12,24,0.12731497380963114,2.2454983641735117e-16,3.129243850708008e-15,1.0,0.9999999999999999,0.9999999999999987,1.000000000000003
random-5434,transport,0,LLS_support,1,12,24,0.12731497380963114,3.3311331157227827e-16,1.4901161193847656e-15,1.2799999999999998,1.2799999999999998,1.0000000000000002,1.5600000000000003
random-5434,transport,0,LLS_support,2,12,24,0.12731497380963114,0.006555547016419341,0.028178615904061795,1.000128221316666,1.0,0.8877877121863363,1.1126175149607849
random-5434,transport,0,LLS_gauss3,0,12,24,0.12731497380963114,1.8413094960571467e-16,2.5331974029541014e-15,1.0,0.9999999999999999,0.999999999999999,1.0000000000000024
random-5434,transport,0,LLS_gauss3,1,12,24,0.12731497380963114,3.15057962580807e-16,1.4901161193847656e-15,1.28,1.28,1.005635083268963,1.5543649167310372
random-5434,transport,0,LLS_gauss3,2,12,24,0.12731497380963114,0.00347622741952661,0.02002403286204219,1.0001282213166662,1.0,0.8946959547967075,1.1060348488543215
random-5434,transport,0,Q2_support,0,12,24,0.12731497380963114,1.5366038519596784e-16,1.1920928955078125e-15,1.0,0.9999999999999999,0.9999999999999994,1.000000000000001
random-5434,transport,0,Q2_support,1,12,24,0.12731497380963114,2.5043939588093147e-16,8.940696716308593e-16,1.2799999999999998,1.2799999999999998,1.0000000000000002,1.5600000000000003
random-5434,transport,0,Q2_support,2,12,24,0.12731497380963114,0.0033071211060819606,0.010438913246126324,1.0001282213166658,1.0,0.8907120876358219,1.1104389132461265
random-5434,transport,0,Q2_gauss3,0,12,24,0.12731497380963114,1.7979085512337666e-16,1.341104507446289e-15,1.0,0.9999999999999999,0.9999999999999994,1.0000000000000013
random-5434,transport,0,Q2_gauss3,1,12,24,0.12731497380963114,3.301686057315794e-16,1.1920928955078125e-15,1.28,1.28,1.0056350832689631,1.5543649167310372
random-5434,transport,0,Q2_gauss3,2,12,24,0.12731497380963114,0.0019066219450085899,0.006262574963318854,1.000128221316666,1.0,0.8959827063414854,1.10535696652803
random-5434,transport,1,LLS_support,0,12,24,0.12673098654426476,1.71221572075507e-16,1.043081283569336e-15,1.0,0.9999999999999999,0.9999999999999992,1.000000000000001
random-5434,transport,1,LLS_support,1,12,24,0.12673098654426476,3.292137114975214e-16,2.384185791015625e-15,1.2724,1.2723999999999998,0.9924000000000007,1.5524
random-5434,transport,1,LLS_support,2,12,24,0.12673098654426476,0.006624406045196861,0.030315521023243815,1.0000156493319496,1.0,0.8897107180005998,1.1127798182464075
random-5434,transport,1,LLS_gauss3,0,12,24,0.12673098654426476,1.5428629566963985e-16,1.043081283569336e-15,1.0,0.9999999999999999,0.9999999999999992,1.000000000000001
random-5434,transport,1,LLS_gauss3,1,12,24,0.12673098654426476,3.035890093620518e-16,1.7881393432617186e-15,1.2724,1.2724,0.9980350832689635,1.546764916731037
random-5434,transport,1,LLS_gauss3,2,12,24,0.12673098654426476,0.0034925091025135445,0.021948602835505752,1.0000156493319499,0.9999999999999999,0.8945529022158335,1.107180779245336
random-5434,transport,1,Q2_support,0,12,24,0.12673098654426476,1.2198390255612945e-16,8.940696716308593e-16,1.0,0.9999999999999999,0.9999999999999997,1.0000000000000009
random-5434,transport,1,Q2_support,1,12,24,0.12673098654426476,2.408268843245937e-16,1.341104507446289e-15,1.2723999999999998,1.2723999999999998,0.9924000000000007,1.5524
random-5434,transport,1,Q2_support,2,12,24,0.12673098654426476,0.0035154592698788734,0.013280808984392583,1.00001564933195,1.0,0.89008346587643,1.1116113034622377
random-5434,transport,1,Q2_gauss3,0,12,24,0.12673098654426476,1.5744653897466495e-16,7.450580596923828e-16,1.0,0.9999999999999999,0.9999999999999997,1.0000000000000007
random-5434,transport,1,Q2_gauss3,1,12,24,0.12673098654426476,2.9572286847134586e-16,1.1920928955078125e-15,1.2724,1.2724,0.9980350832689638,1.546764916731037
random-5434,transport,1,Q2_gauss3,2,12,24,0.12673098654426476,0.0019842581795390902,0.0090070375676848,1.0000156493319494,0.9999999999999999,0.8940448629453962,1.106893468316918
random-5434,transport,2,LLS_support,0,12,24,0.15678227571296743,1.8964862263825114e-16,1.341104507446289e-15,1.0,0.9999999999999999,0.9999999999999992,1.0000000000000013
random-5434,transport,2,LLS_support,1,12,24,0.15678227571296743,3.030577019320374e-16,1.9371509552001953e-15,1.2648,1.2648,0.9848000000000001,1.5448
random-5434,transport,2,LLS_support,2,12,24,0.15678227571296743,0.006927412922203653,0.04211588608559907,0.999984612532217,1.0,0.8860806196064113,1.1134454086221273
random-5434,transport,2,LLS_gauss3,0,12,24,0.15678227571296743,1.608311365915912e-16,1.1920928955078125e-15,1.0,0.9999999999999999,0.9999999999999992,1.000000000000001
random-5434,transport,2,LLS_gauss3,1,12,24,0.15678227571296743,2.813274824221784e-16,1.4901161193847656e-15,1.2648,1.2648,0.9904350832689631,1.5391649167310373
random-5434,transport,2,LLS_gauss3,2,12,24,0.15678227571296743,0.0038071862061186484,0.032183903891633454,0.9999846125322172,1.0,0.8903479056304079,1.1093133993544326
random-5434,transport,2,Q2_support,0,12,24,0.15678227571296743,1.3251134486504553e-16,1.043081283569336e-15,1.0,0.9999999999999999,0.9999999999999996,1.000000000000001
random-5434,transport,2,Q2_support,1,12,24,0.15678227571296743,2.260469944948644e-16,1.6391277313232423e-15,1.2648,1.2648,0.9848000000000001,1.5448
random-5434,transport,2,Q2_support,2,12,24,0.15678227571296743,0.003933953536501208,0.019462494828083963,0.999984612532217,1.0,0.8889474314294136,1.1090670213174223
random-5434,transport,2,Q2_gauss3,0,12,24,0.15678227571296743,1.6991261304414132e-16,1.043081283569336e-15,1.0,0.9999999999999999,0.9999999999999997,1.000000000000001
random-5434,transport,2,Q2_gauss3,1,12,24,0.15678227571296743,2.974198764033292e-16,1.4901161193847656e-15,1.2648,1.2648,0.9904350832689631,1.5391649167310373
random-5434,transport,2,Q2_gauss3,2,12,24,0.15678227571296743,0.002357144284702632,0.01670955443352565,0.9999846125322172,1.0,0.8920041491190999,1.1065247437586239
random-5434,transport,3,LLS_support,0,12,24,0.15410086390476863,3.320701566781617e-16,4.470348358154297e-15,1.0,0.9999999999999999,0.9999999999999956,1.0000000000000018
random-5434,transport,3,LLS_support,1,12,24,0.15410086390476863,6.7350643223554e-16,9.5367431640625e-15,1.2572,1.2571999999999999,0.9771999999999997,1.5372
random-5434,transport,3,LLS_support,2,12,24,0.15410086390476863,0.007380384082905792,0.046106645708358734,0.9999941180382721,0.9999999999999999,0.8874930839257312,1.129076920280653
random-5434,transport,3,LLS_gauss3,0,12,24,0.15410086390476863,2.73927778234777e-16,3.725290298461914e-15,1.0,0.9999999999999999,0.9999999999999962,1.0000000000000013
random-5434,transport,3,LLS_gauss3,1,12,24,0.15410086390476863,5.6705638874806e-16,8.493661880493165e-15,1.2572,1.2572,0.9828350832689629,1.5315649167310372
random-5434,transport,3,LLS_gauss3,2,12,24,0.15410086390476863,0.004228223291263597,0.03567379659243763,0.9999941180382725,0.9999999999999999,0.8907318482986731,1.1228027132367422
random-5434,transport,3,Q2_support,0,12,24,0.15410086390476863,2.6250156457982585e-16,3.874301910400391e-15,1.0,0.9999999999999999,0.9999999999999961,1.0000000000000007
random-5434,transport,3,Q2_support,1,12,24,0.15410086390476863,5.567720226062507e-16,9.08970832824707e-15,1.2572,1.2571999999999999,0.9771999999999997,1.5372
random-5434,transport,3,Q2_support,2,12,24,0.15410086390476863,0.004536113597949261,0.027404689270750134,0.9999941180382724,0.9999999999999999,0.8895893947352291,1.1231380313433317
random-5434,transport,3,Q2_gauss3,0,12,24,0.15410086390476863,2.486898465517537e-16,3.2782554626464845e-15,1.0,0.9999999999999999,0.9999999999999967,1.0000000000000009
random-5434,transport,3,Q2_gauss3,1,12,24,0.15410086390476863,5.165288731820068e-16,7.450580596923828e-15,1.2572,1.2572,0.9828350832689629,1.5315649167310372
random-5434,transport,3,Q2_gauss3,2,12,24,0.15410086390476863,0.0029041214801906238,0.022440213450007736,0.9999941180382728,0.9999999999999999,0.8924310004024991,1.1178004097292364
random-5434,transport,4,LLS_support,0,12,24,0.15265139319932608,4.626089631856177e-16,5.6624412536621096e-15,1.0,0.9999999999999999,0.9999999999999943,1.000000000000002
random-5434,transport,4,LLS_support,1,12,24,0.15265139319932608,9.375827878638785e-16,1.2964010238647461e-14,1.2495999999999998,1.2495999999999998,0.9695999999999992,1.5295999999999994
random-5434,transport,4,LLS_support,2,12,24,0.15265139319932608,0.008041708086105662,0.05403638356085703,1.0001392948370602,0.9999999999999996,0.8816403709067873,1.134056815173569
random-5434,transport,4,LLS_gauss3,0,12,24,0.15265139319932608,3.809452140637866e-16,4.76837158203125e-15,1.0,0.9999999999999999,0.9999999999999952,1.000000000000001
random-5434,transport,4,LLS_gauss3,1,12,24,0.15265139319932608,8.032840085802707e-16,1.1324882507324219e-14,1.2496,1.2496,0.9752350832689622,1.5239649167310365
random-5434,transport,4,LLS_gauss3,2,12,24,0.15265139319932608,0.004915952121077601,0.042849322569366695,1.0001392948370609,1.0000000000000002,0.8861797082540062,1.1274239769838899
random-5434,transport,4,Q2_support,0,12,24,0.15265139319932608,4.1754006913788415e-16,5.2154064178466795e-15,1.0,0.9999999999999999,0.9999999999999948,1.0000000000000007
random-5434,transport,4,Q2_support,1,12,24,0.15265139319932608,8.402803128320558e-16,1.2367963790893555e-14,1.2495999999999998,1.2495999999999998,0.9695999999999992,1.5295999999999994
random-5434,transport,4,Q2_support,2,12,24,0.15265139319932608,0.005617845450930365,0.041234267458775044,1.0001392948370609,0.9999999999999996,0.8830653429236156,1.1330672069059098
random-5434,transport,4,Q2_gauss3,0,12,24,0.15265139319932608,3.5892447125322694e-16,4.470348358154297e-15,1.0,0.9999999999999999,0.9999999999999956,1.0000000000000007
random-5434,transport,4,Q2_gauss3,1,12,24,0.15265139319932608,7.562377254217978e-16,1.0579824447631836e-14,1.2496,1.2496,0.9752350832689625,1.5239649167310365
random-5434,transport,4,Q2_gauss3,2,12,24,0.15265139319932608,0.003886008287513578,0.031970002894312885,1.0001392948370613,1.0000000000000002,0.8863914212812507,1.1276126243622362
random-5434,transport,5,LLS_support,0,12,24,0.15324235988816917,5.922020455272377e-16,7.0035457611083984e-15,0.9999999999999999,0.9999999999999999,0.999999999999993,1.000000000000002
random-5434,transport,5,LLS_support,1,12,24,0.15324235988816917,1.1670924870536135e-15,1.698732376098633e-14,1.2419999999999998,1.2419999999999998,0.9619999999999994,1.522
random-5434,transport,5,LLS_support,2,12,24,0.15324235988816917,0.008953263639274539,0.056033731963335276,1.0000665349115727,0.9999999999999996,0.8756465697829309,1.145134384382172
random-5434,transport,5,LLS_gauss3,0,12,24,0.15324235988816917,5.14695589146582e-16,6.109476089477539e-15,1.0,0.9999999999999999,0.9999999999999939,1.0000000000000018
random-5434,transport,5,LLS_gauss3,1,12,24,0.15324235988816917,1.0427265363521546e-15,1.4901161193847656e-14,1.242,1.242,0.9676350832689623,1.516364916731037
random-5434,transport,5,LLS_gauss3,2,12,24,0.15324235988816917,0.005836415127813084,0.04323751935521036,1.000066534911573,1.0,0.8818817775361389,1.1356394577003923
random-5434,transport,5,Q2_support,0,12,24,0.15324235988816917,5.484708975320995e-16,6.854534149169922e-15,0.9999999999999999,0.9999999999999999,0.9999999999999931,1.0000000000000013
random-5434,transport,5,Q2_support,1,12,24,0.15324235988816917,1.0894130086620851e-15,1.475214958190918e-14,1.2419999999999998,1.2419999999999998,0.9619999999999994,1.522
random-5434,transport,5,Q2_support,2,12,24,0.15324235988816917,0.006731489424598264,0.05229928838299349,1.0000665349115727,0.9999999999999996,0.8789608404917713,1.14139994080183
random-5434,transport,5,Q2_gauss3,0,12,24,0.15324235988816917,4.861338197728547e-16,5.960464477539062e-15,1.0,0.9999999999999999,0.999999999999994,1.000000000000001
random-5434,transport,5,Q2_gauss3,1,12,24,0.15324235988816917,1.007351751358227e-15,1.385807991027832e-14,1.242,1.242,0.9676350832689625,1.5163649167310371
random-5434,transport,5,Q2_gauss3,2,12,24,0.15324235988816917,0.0049275899968956515,0.04104197698877513,1.0000665349115734,1.0,0.8837530798033704,1.133443915333957
random-5434,transport,6,LLS_support,0,12,23,0.15991196115278264,7.091518424749921e-16,8.046627044677735e-15,0.9999999999999999,0.9999999999999999,0.999999999999992,1.000000000000002
random-5434,transport,6,LLS_support,1,12,23,0.15991196115278264,1.3519833031259938e-15,1.728534698486328e-14,1.2344,1.2344,0.9543999999999992,1.5143999999999997
random-5434,transport,6,LLS_support,2,12,23,0.15991196115278264,0.010042472844802478,0.0651697149408698,1.0001388169129632,0.9999999999999997,0.8726800089301217,1.1485629997065918
random-5434,transport,6,LLS_gauss3,0,12,23,0.15991196115278264,6.327665074581114e-16,7.152557373046874e-15,0.9999999999999999,0.9999999999999999,0.9999999999999929,1.0000000000000016
random-5434,transport,6,LLS_gauss3,1,12,23,0.15991196115278264,1.230015232973857e-15,1.5050172805786134e-14,1.2344,1.2344,0.9600350832689623,1.5087649167310366
random-5434,transport,6,LLS_gauss3,2,12,23,0.15991196115278264,0.006933585553547189,0.05177569087420016,1.0001388169129637,1.0000000000000002,0.8782185272731966,1.1404059142358605
random-5434,transport,6,Q2_support,0,12,23,0.15991196115278264,6.762054669715393e-16,7.450580596923828e-15,0.9999999999999999,0.9999999999999999,0.9999999999999926,1.0000000000000018
random-5434,transport,6,Q2_support,1,12,23,0.15991196115278264,1.2954574636284046e-15,1.6391277313232423e-14,1.2343999999999997,1.2344,0.9543999999999992,1.5143999999999997
random-5434,transport,6,Q2_support,2,12,23,0.15991196115278264,0.00808465292173009,0.06094098519032344,1.000138816912963,0.9999999999999997,0.8750404645764172,1.1443342699560455
random-5434,transport,6,Q2_gauss3,0,12,23,0.15991196115278264,6.068274027101421e-16,6.705522537231445e-15,0.9999999999999999,0.9999999999999999,0.9999999999999933,1.0000000000000016
random-5434,transport,6,Q2_gauss3,1,12,23,0.15991196115278264,1.1972948590004749e-15,1.5050172805786134e-14,1.2344,1.2344,0.9600350832689625,1.5087649167310369
random-5434,transport,6,Q2_gauss3,2,12,23,0.15991196115278264,0.006156996931172329,0.04935510697373986,1.000138816912964,1.0000000000000002,0.8796319821299559,1.1379853303354002
random-5434,transport,7,LLS_support,0,12,24,0.1883029513471996,8.733932313127166e-16,1.0430812835693359e-14,0.9999999999999999,0.9999999999999999,0.9999999999999896,1.0000000000000022
random-5434,transport,7,LLS_support,1,12,24,0.1883029513471996,1.6411314371787232e-15,2.2947788238525392e-14,1.2267999999999997,1.2268,0.946799999999999,1.5068
random-5434,transport,7,LLS_support,2,12,24,0.1883029513471996,0.011090338697554082,0.07849372965022251,0.999965971922988,0.9999999999999999,0.8774280546024222,1.1536419369905404
random-5434,transport,7,LLS_gauss3,0,12,24,0.1883029513471996,7.930898169084647e-16,9.387731552124023e-15,0.9999999999999999,0.9999999999999999,0.9999999999999906,1.0000000000000018
random-5434,transport,7,LLS_gauss3,1,12,24,0.1883029513471996,1.490514896294716e-15,2.026557922363281e-14,1.2267999999999997,1.2268,0.9524350832689619,1.5011649167310368
random-5434,transport,7,LLS_gauss3,2,12,24,0.1883029513471996,0.008007399149349097,0.06470318447735965,0.999965971922988,0.9999999999999999,0.8807809331594264,1.1466949269711129
random-5434,transport,7,Q2_support,0,12,24,0.1883029513471996,8.407160299019554e-16,8.64267349243164e-15,0.9999999999999999,0.9999999999999999,0.9999999999999913,1.0000000000000018
random-5434,transport,7,Q2_support,1,12,24,0.1883029513471996,1.5756028106917775e-15,1.8477439880371094e-14,1.2267999999999994,1.2268,0.946799999999999,1.5068
random-5434,transport,7,Q2_support,2,12,24,0.1883029513471996,0.00940592544706628,0.06898757681402937,0.9999659719229882,0.9999999999999999,0.8780042401866868,1.1466569698197364
random-5434,transport,7,Q2_gauss3,0,12,24,0.1883029513471996,7.671644849716311e-16,8.344650268554688e-15,0.9999999999999999,0.9999999999999999,0.9999999999999917,1.0000000000000016
random-5434,transport,7,Q2_gauss3,1,12,24,0.1883029513471996,1.4543177719279626e-15,1.7881393432617187e-14,1.2268,1.2268,0.9524350832689622,1.5011649167310372
random-5434,transport,7,Q2_gauss3,2,12,24,0.1883029513471996,0.007387481560915963,0.058764243238921314,0.9999659719229878,0.9999999999999999,0.8808786325489134,1.1412362231017994
random-5434,transport,8,LLS_support,0,12,24,0.184181533243054,1.0888112891968702e-15,1.2367963790893555e-14,0.9999999999999999,0.9999999999999999,0.9999999999999877,1.000000000000002
random-5434,transport,8,LLS_support,1,12,24,0.184181533243054,1.995634956960382e-15,2.7120113372802733e-14,1.2191999999999996,1.2191999999999998,0.9391999999999984,1.4992000000000003
random-5434,transport,8,LLS_support,2,12,24,0.184181533243054,0.012580015236997064,0.08688827209671944,1.0001380668375395,0.9999999999999997,0.8747663677243532,1.1562173084251062
random-5434,transport,8,LLS_gauss3,0,12,24,0.184181533243054,9.99513506569593e-16,1.1175870895385742e-14,0.9999999999999999,0.9999999999999999,0.9999999999999888,1.0000000000000016
random-5434,transport,8,LLS_gauss3,1,12,24,0.184181533243054,1.838771890572043e-15,2.4586915969848634e-14,1.2191999999999996,1.2192,0.9448350832689615,1.4935649167310374
random-5434,transport,8,LLS_gauss3,2,12,24,0.184181533243054,0.009548574696024392,0.07338860788866237,1.00013806683754,1.0,0.8776777634103946,1.1500574095271436
random-5434,transport,8,Q2_support,0,12,24,0.184181533243054,1.0548504451377885e-15,1.1026859283447266e-14,0.9999999999999997,0.9999999999999999,0.999999999999989,1.0000000000000018
random-5434,transport,8,Q2_support,1,12,24,0.184181533243054,1.9208338386649584e-15,2.2202730178833007e-14,1.2191999999999996,1.2191999999999998,0.9391999999999984,1.4992000000000003
random-5434,transport,8,Q2_support,2,12,24,0.184181533243054,0.011109219042787196,0.0832476904753001,1.00013806683754,0.9999999999999997,0.8747663677243532,1.1525767268036868
random-5434,transport,8,Q2_gauss3,0,12,24,0.184181533243054,9.713585923452753e-16,1.0132789611816405e-14,0.9999999999999999,0.9999999999999999,0.9999999999999899,1.0000000000000018
random-5434,transport,8,Q2_gauss3,1,12,24,0.184181533243054,1.7878241737009673e-15,2.0861625671386718e-14,1.2191999999999996,1.2192,0.9448350832689616,1.4935649167310379
random-5434,transport,8,Q2_gauss3,2,12,24,0.184181533243054,0.009021685232558434,0.0721531703326653,1.0001380668375404,1.0,0.8772725680669746,1.1488219719711465
random-5434,transport,9,LLS_support,0,12,24,0.16972320220391385,1.2364980580696805e-15,1.1771917343139648e-14,0.9999999999999997,0.9999999999999999,0.9999999999999882,1.0000000000000022
random-5434,transport,9,LLS_support,1,12,24,0.16972320220391385,2.142977539000045e-15,2.1606683731079103e-14,1.2115999999999996,1.2115999999999998,0.9315999999999979,1.4916000000000007
random-5434,transport,9,LLS_support,2,12,24,0.16972320220391385,0.014204729289057982,0.09634235164008022,0.9999928221264416,0.9999999999999996,0.8692497380485245,1.1616593535278195
random-5434,transport,9,LLS_gauss3,0,12,24,0.16972320220391385,1.1569993764046398e-15,1.0877847671508789e-14,0.9999999999999999,0.9999999999999999,0.9999999999999891,1.000000000000002
random-5434,transport,9,LLS_gauss3,1,12,24,0.16972320220391385,2.0248108179125262e-15,2.0563602447509764e-14,1.2115999999999996,1.2116,0.937235083268961,1.4859649167310376
random-5434,transport,9,LLS_gauss3,2,12,24,0.16972320220391385,0.011209213393930674,0.0814313707399556,0.9999928221264417,1.0,0.8735827151607288,1.1527149498156395
random-5434,transport,9,Q2_support,0,12,24,0.16972320220391385,1.2066209589933562e-15,1.1026859283447266e-14,0.9999999999999997,0.9999999999999999,0.999999999999989,1.000000000000002
random-5434,transport,9,Q2_support,1,12,24,0.16972320220391385,2.067265744067586e-15,2.1606683731079103e-14,1.2115999999999996,1.2115999999999998,0.9315999999999979,1.4916000000000007
random-5434,transport,9,Q2_support,2,12,24,0.16972320220391385,0.012900420380531533,0.09570989839840562,0.9999928221264417,0.9999999999999996,0.8692497380485245,1.1610269002861449
random-5434,transport,9,Q2_gauss3,0,12,24,0.16972320220391385,1.1265793286457984e-15,1.0281801223754882e-14,0.9999999999999999,0.9999999999999999,0.9999999999999897,1.000000000000002
random-5434,transport,9,Q2_gauss3,1,12,24,0.16972320220391385,1.964839817055337e-15,2.041459083557129e-14,1.2115999999999998,1.2116,0.937235083268961,1.485964916731038
random-5434,transport,9,Q2_gauss3,2,12,24,0.16972320220391385,0.010741411726335514,0.08266621432353154,0.9999928221264412,1.0,0.8730026774571562,1.1539604498808378
random-5434,transport,10,LLS_support,0,12,24,0.1743086607380533,1.4390867624076657e-15,1.385807991027832e-14,0.9999999999999997,0.9999999999999999,0.9999999999999861,1.000000000000002
random-5434,transport,10,LLS_support,1,12,24,0.1743086607380533,2.4403771462553476e-15,2.5779008865356445e-14,1.2039999999999995,1.204,0.9239999999999975,1.4839999999999993
random-5434,transport,10,LLS_support,2,12,24,0.1743086607380533,0.01610508801885483,0.1120033292061527,0.9999248456769909,1.0,0.8574720044827683,1.1707818544354
random-5434,transport,10,LLS_gauss3,0,12,24,0.1743086607380533,1.3623225839835874e-15,1.2665987014770508e-14,0.9999999999999997,0.9999999999999999,0.9999999999999873,1.000000000000002
random-5434,transport,10,LLS_gauss3,1,12,24,0.1743086607380533,2.3030196176583557e-15,2.428889274597168e-14,1.2039999999999997,1.204,0.9296350832689606,1.4783649167310366
random-5434,transport,10,LLS_gauss3,2,12,24,0.1743086607380533,0.013097903830041467,0.0963380500216277,0.9999248456769912,0.9999999999999999,0.8660061410219991,1.1617809683085105
random-5434,transport,10,Q2_support,0,12,24,0.1743086607380533,1.4160323411477236e-15,1.2218952178955078e-14,0.9999999999999997,0.9999999999999999,0.9999999999999878,1.0000000000000013
random-5434,transport,10,Q2_support,1,12,24,0.1743086607380533,2.3774054670422427e-15,2.205371856689453e-14,1.2039999999999995,1.204,0.9239999999999975,1.4839999999999993
random-5434,transport,10,Q2_support,2,12,24,0.1743086607380533,0.014915964436386943,0.10557448274212078,0.9999248456769905,1.0,0.8585276037275767,1.1643530079713682
random-5434,transport,10,Q2_gauss3,0,12,24,0.1743086607380533,1.3330590555270987e-15,1.1771917343139648e-14,0.9999999999999997,0.9999999999999999,0.9999999999999882,1.0000000000000013
random-5434,transport,10,Q2_gauss3,1,12,24,0.1743086607380533,2.2588056476124104e-15,2.205371856689453e-14,1.2039999999999997,1.204,0.9296350832689606,1.4783649167310366
random-5434,transport,10,Q2_gauss3,2,12,24,0.1743086607380533,0.012658559932602984,0.09329518817165777,0.9999248456769909,0.9999999999999999,0.8659919165818996,1.1587381064585405
random-5434,transport,11,LLS_support,0,12,23,0.15033845740032173,1.6732733459380048e-15,1.4901161193847656e-14,0.9999999999999996,0.9999999999999999,0.9999999999999851,1.0000000000000018
random-5434,transport,11,LLS_support,1,12,23,0.15033845740032173,2.7389048267699127e-15,2.6524066925048827e-14,1.1963999999999992,1.1964,0.916399999999997,1.4764
random-5434,transport,11,LLS_support,2,12,23,0.15033845740032173,0.01852396614376676,0.12866531160602793,1.0000557350808912,1.0,0.8415715883352618,1.1789427387276963
random-5434,transport,11,LLS_gauss3,0,12,23,0.15033845740032173,1.5875946702694163e-15,1.3709068298339843e-14,0.9999999999999997,0.9999999999999999,0.9999999999999863,1.0000000000000018
random-5434,transport,11,LLS_gauss3,1,12,23,0.15033845740032173,2.587084967714451e-15,2.4586915969848634e-14,1.1963999999999992,1.1964,0.9220350832689602,1.4707649167310373
random-5434,transport,11,LLS_gauss3,2,12,23,0.15033845740032173,0.01542622416337865,0.1123171027504024,1.0000557350808914,1.0000000000000002,0.8519386023766687,1.170493914951121
random-5434,transport,11,Q2_support,0,12,23,0.15033845740032173,1.6482918685593914e-15,1.430511474609375e-14,0.9999999999999996,0.9999999999999999,0.9999999999999857,1.0000000000000013
random-5434,transport,11,Q2_support,1,12,23,0.15033845740032173,2.6836314916294505e-15,2.5928020477294923e-14,1.1963999999999992,1.1964,0.916399999999997,1.4764
random-5434,transport,11,Q2_support,2,12,23,0.15033845740032173,0.017500010961573175,0.12021813049908697,1.0000557350808912,1.0,0.8424879952218851,1.1704955576207552
random-5434,transport,11,Q2_gauss3,0,12,23,0.15033845740032173,1.5577186185896923e-15,1.3262033462524413e-14,0.9999999999999997,0.9999999999999999,0.9999999999999868,1.0000000000000013
random-5434,transport,11,Q2_gauss3,1,12,23,0.15033845740032173,2.5426900387393075e-15,2.428889274597168e-14,1.1963999999999995,1.1964,0.9220350832689602,1.4707649167310373
random-5434,transport,11,Q2_gauss3,2,12,23,0.15033845740032173,0.01505545977248125,0.1082583720814839,1.000055735080892,1.0000000000000002,0.8502501314817914,1.1664351842822025
random-5434,transport,12,LLS_support,0,12,24,0.17473656109662666,1.9100515548871515e-15,1.6540288925170898e-14,0.9999999999999996,0.9999999999999999,0.9999999999999835,1.0000000000000029
random-5434,transport,12,LLS_support,1,12,24,0.17473656109662666,3.0716205153881274e-15,3.173947334289551e-14,1.1887999999999992,1.1887999999999999,0.9087999999999963,1.4688000000000005
random-5434,transport,12,LLS_support,2,12,24,0.17473656109662666,0.021266054350453048,0.13211549577160492,0.9998159971942364,0.9999999999999996,0.825014113751759,1.1726095127462546
random-5434,transport,12,LLS_gauss3,0,12,24,0.17473656109662666,1.8211583713999328e-15,1.475214958190918e-14,0.9999999999999996,0.9999999999999999,0.9999999999999852,1.0000000000000022
random-5434,transport,12,LLS_gauss3,1,12,24,0.17473656109662666,2.911065245738264e-15,2.816319465637207e-14,1.1887999999999992,1.1888,0.9144350832689594,1.4631649167310374
random-5434,transport,12,LLS_gauss3,2,12,24,0.17473656109662666,0.01811009071826111,0.11803500148183123,0.9998159971942364,0.9999999999999997,0.8371183130585347,1.1671670481405232
random-5434,transport,12,Q2_support,0,12,24,0.17473656109662666,1.8865764508951637e-15,1.594424247741699e-14,0.9999999999999996,0.9999999999999999,0.999999999999984,1.0000000000000016
random-5434,transport,12,Q2_support,1,12,24,0.17473656109662666,3.019515738205488e-15,2.8908252716064454e-14,1.1887999999999992,1.1887999999999999,0.9087999999999963,1.4688000000000005
random-5434,transport,12,Q2_support,2,12,24,0.17473656109662666,0.020394990134354533,0.12680459201755,0.9998159971942365,0.9999999999999996,0.8271751896904376,1.1680420138702416
random-5434,transport,12,Q2_gauss3,0,12,24,0.17473656109662666,1.78456261216091e-15,1.430511474609375e-14,0.9999999999999996,0.9999999999999999,0.9999999999999857,1.0000000000000016
random-5434,transport,12,Q2_gauss3,1,12,24,0.17473656109662666,2.8686295672728734e-15,2.6524066925048827e-14,1.1887999999999992,1.1888,0.9144350832689595,1.4631649167310379
random-5434,transport,12,Q2_gauss3,2,12,24,0.17473656109662666,0.01780113870092414,0.11367767152999714,0.9998159971942369,0.9999999999999997,0.8359839009488687,1.1637253420204299
random-5434,transport,13,LLS_support,0,12,24,0.15633817475440517,2.175816171962245e-15,1.7136335372924805e-14,0.9999999999999992,0.9999999999999999,0.9999999999999829,1.0000000000000033
random-5434,transport,13,LLS_support,1,12,24,0.15633817475440517,3.3882653585424266e-15,3.0994415283203125e-14,1.181199999999999,1.1811999999999998,0.9011999999999957,1.4612000000000003
random-5434,transport,13,LLS_support,2,12,24,0.15633817475440517,0.0241974355412044,0.15118443761859804,0.9998341862284162,1.0,0.8150858458681323,1.17480117896117
random-5434,transport,13,LLS_gauss3,0,12,24,0.15633817475440517,2.0750922174425843e-15,1.5497207641601562e-14,0.9999999999999992,0.9999999999999999,0.9999999999999845,1.0000000000000027
random-5434,transport,13,LLS_gauss3,1,12,24,0.15633817475440517,3.214749285169514e-15,2.8312206268310547e-14,1.1811999999999991,1.1812,0.9068350832689588,1.4555649167310376
random-5434,transport,13,LLS_gauss3,2,12,24,0.15633817475440517,0.021041591085821904,0.13457489922572732,0.9998341862284162,1.0,0.8238027534049938,1.169058845096045
random-5434,transport,13,Q2_support,0,12,24,0.15633817475440517,2.157807390027842e-15,1.6689300537109376e-14,0.9999999999999992,0.9999999999999999,0.9999999999999833,1.0000000000000016
random-5434,transport,13,Q2_support,1,12,24,0.15633817475440517,3.3554995035716773e-15,2.86102294921875e-14,1.181199999999999,1.1811999999999998,0.9011999999999957,1.4612000000000003
random-5434,transport,13,Q2_support,2,12,24,0.15633817475440517,0.023449343156995605,0.15118443761859804,0.9998341862284165,1.0,0.8151772258304222,1.1720893206877105
random-5434,transport,13,Q2_gauss3,0,12,24,0.15633817475440517,2.046037379514354e-15,1.519918441772461e-14,0.9999999999999992,0.9999999999999999,0.9999999999999848,1.0000000000000018
random-5434,transport,13,Q2_gauss3,1,12,24,0.15633817475440517,3.1761525349968076e-15,2.7120113372802733e-14,1.1811999999999991,1.1812,0.9068350832689591,1.4555649167310376
random-5434,transport,13,Q2_gauss3,2,12,24,0.15633817475440517,0.020780569978371594,0.13449010580007822,0.9998341862284166,1.0,0.8229893637913258,1.1686604261715365
random-5434,transport,14,LLS_support,0,12,23,0.18317539747124112,2.4352972343575442e-15,1.728534698486328e-14,0.9999999999999992,0.9999999999999999,0.9999999999999827,1.0000000000000024
random-5434,transport,14,LLS_support,1,12,23,0.18317539747124112,3.683385688429936e-15,2.905726432800293e-14,1.1735999999999989,1.1735999999999998,0.8935999999999954,1.4536
random-5434,transport,14,LLS_support,2,12,23,0.18317539747124112,0.027903483464145288,0.17531520053689645,0.9996456700201676,0.9999999999999997,0.8000627988358637,1.1820776664521004
random-5434,transport,14,LLS_gauss3,0,12,23,0.18317539747124112,2.3361907028575876e-15,1.609325408935547e-14,0.9999999999999992,0.9999999999999999,0.9999999999999839,1.0000000000000018
random-5434,transport,14,LLS_gauss3,1,12,23,0.18317539747124112,3.52482404454726e-15,2.7418136596679687e-14,1.1735999999999989,1.1736,0.8992350832689586,1.447964916731037
random-5434,transport,14,LLS_gauss3,2,12,23,0.18317539747124112,0.024760641550966123,0.15906470720408977,0.9996456700201678,0.9999999999999999,0.8097347735099748,1.173594657729767
random-5434,transport,14,Q2_support,0,12,23,0.18317539747124112,2.419810321975372e-15,1.698732376098633e-14,0.9999999999999992,0.9999999999999999,0.999999999999983,1.0000000000000016
random-5434,transport,14,Q2_support,1,12,23,0.18317539747124112,3.647546657952595e-15,2.6971101760864258e-14,1.1735999999999989,1.1735999999999998,0.8935999999999954,1.4536
random-5434,transport,14,Q2_support,2,12,23,0.18317539747124112,0.027269485819167286,0.17531520053689645,0.9996456700201672,0.9999999999999997,0.8006316891672703,1.1819048652835233
random-5434,transport,14,Q2_gauss3,0,12,23,0.18317539747124112,2.305302148162368e-15,1.5795230865478516e-14,0.9999999999999992,0.9999999999999999,0.9999999999999842,1.0000000000000016
random-5434,transport,14,Q2_gauss3,1,12,23,0.18317539747124112,3.4931357372232362e-15,2.6077032089233398e-14,1.1735999999999989,1.1736,0.8992350832689587,1.447964916731037
random-5434,transport,14,Q2_gauss3,2,12,23,0.18317539747124112,0.02454024825928642,0.15895474467391163,0.9996456700201681,0.9999999999999999,0.8087173308425777,1.174682219996651
random-5434,transport,15,LLS_support,0,12,24,0.15360254723203343,2.7037883926930114e-15,1.728534698486328e-14,0.9999999999999991,0.9999999999999999,0.9999999999999827,1.0000000000000022
random-5434,transport,15,LLS_support,1,12,24,0.15360254723203343,3.93036026698301e-15,2.6524066925048827e-14,1.1659999999999986,1.166,0.8859999999999949,1.446
random-5434,transport,15,LLS_support,2,12,24,0.15360254723203343,0.03187832851936871,0.19844070112833098,0.9994270831976232,0.9999999999999997,0.7849209902485391,1.187429234503078
random-5434,transport,15,LLS_gauss3,0,12,24,0.15360254723203343,2.6270121012973394e-15,1.6391277313232423e-14,0.9999999999999992,0.9999999999999999,0.9999999999999836,1.000000000000002
random-5434,transport,15,LLS_gauss3,1,12,24,0.15360254723203343,3.807392143040761e-15,2.4884939193725587e-14,1.1659999999999986,1.166,0.891635083268958,1.4403649167310373
random-5434,transport,15,LLS_gauss3,2,12,24,0.15360254723203343,0.028777978423665435,0.18308196939828902,0.9994270831976236,1.0,0.7950686802743836,1.1797079720431187
random-5434,transport,15,Q2_support,0,12,24,0.15360254723203343,2.6798329461694483e-15,1.698732376098633e-14,0.9999999999999991,0.9999999999999999,0.999999999999983,1.0000000000000016
random-5434,transport,15,Q2_support,1,12,24,0.15360254723203343,3.8854622046538985e-15,2.4586915969848634e-14,1.1659999999999986,1.166,0.8859999999999949,1.446
random-5434,transport,15,Q2_support,2,12,24,0.15360254723203343,0.031301670666942345,0.19844070112833098,0.9994270831976224,0.9999999999999997,0.7860268548213141,1.183069801719366
random-5434,transport,15,Q2_gauss3,0,12,24,0.15360254723203343,2.5867850734837534e-15,1.609325408935547e-14,0.9999999999999992,0.9999999999999999,0.9999999999999839,1.0000000000000016
random-5434,transport,15,Q2_gauss3,1,12,24,0.15360254723203343,3.760154798006545e-15,2.4139881134033202e-14,1.1659999999999986,1.166,0.8916350832689581,1.4403649167310373
random-5434,transport,15,Q2_gauss3,2,12,24,0.15360254723203343,0.028566084447686758,0.18291201046228156,0.9994270831976237,1.0,0.7942021713276372,1.1785294245135134
random-5434,transport,16,LLS_support,0,12,23,0.1808056540715897,3.0123258798428847e-15,1.8030405044555665e-14,0.9999999999999988,0.9999999999999999,0.999999999999982,1.000000000000002
random-5434,transport,16,LLS_support,1,12,23,0.1808056540715897,4.276980556496485e-15,2.4884939193725587e-14,1.1583999999999988,1.1583999999999999,0.8783999999999945,1.4383999999999997
random-5434,transport,16,LLS_support,2,12,23,0.1808056540715897,0.03631345174341244,0.2198794805904436,0.9990381655067898,0.9999999999999996,0.7730646686760079,1.1848164383164412
random-5434,transport,16,LLS_gauss3,0,12,23,0.1808056540715897,2.93194586187592e-15,1.728534698486328e-14,0.9999999999999988,0.9999999999999999,0.9999999999999827,1.0000000000000016
random-5434,transport,16,LLS_gauss3,1,12,23,0.1808056540715897,4.144529241758631e-15,2.384185791015625e-14,1.1583999999999988,1.1584,0.8840350832689577,1.432764916731037
random-5434,transport,16,LLS_gauss3,2,12,23,0.1808056540715897,0.03326437587666477,0.20588889572131305,0.9990381655067901,0.9999999999999999,0.7815988611391241,1.1793312586930078
random-5434,transport,16,Q2_support,0,12,23,0.1808056540715897,2.990746046077186e-15,1.698732376098633e-14,0.999999999999999,0.9999999999999999,0.999999999999983,1.000000000000001
random-5434,transport,16,Q2_support,1,12,23,0.1808056540715897,4.2282774257717535e-15,2.3692846298217774e-14,1.1583999999999988,1.1583999999999999,0.8783999999999945,1.4383999999999997
random-5434,transport,16,Q2_support,2,12,23,0.1808056540715897,0.03583100940511417,0.2198794805904436,0.99903816550679,0.9999999999999996,0.7735437530173745,1.1787018148009234
random-5434,transport,16,Q2_gauss3,0,12,23,0.1808056540715897,2.8943446187469165e-15,1.6540288925170898e-14,0.9999999999999991,0.9999999999999999,0.9999999999999835,1.000000000000001
random-5434,transport,16,Q2_gauss3,1,12,23,0.1808056540715897,4.099980869042868e-15,2.3692846298217774e-14,1.158399999999999,1.1584,0.8840350832689576,1.4327649167310372
random-5434,transport,16,Q2_gauss3,2,12,23,0.1808056540715897,0.033091917790150895,0.20586589178764075,0.9990381655067907,0.9999999999999999,0.7812626036432077,1.1751363156587975
random-5434,transport,17,LLS_support,0,12,23,0.16562044741319487,3.3473846059491365e-15,1.8626451492309572e-14,0.999999999999999,0.9999999999999999,0.9999999999999813,1.0000000000000029
random-5434,transport,17,LLS_support,1,12,23,0.16562044741319487,4.599813834662451e-15,2.473592758178711e-14,1.1507999999999983,1.1507999999999998,0.8707999999999944,1.430800000000001
random-5434,transport,17,LLS_support,2,12,23,0.16562044741319487,0.041587052444680056,0.23906420904853,0.9986188060996003,0.9999999999999994,0.7574714751596925,1.1915178921425713
random-5434,transport,17,LLS_gauss3,0,12,23,0.16562044741319487,3.269621716309083e-15,1.7881393432617187e-14,0.999999999999999,0.9999999999999999,0.9999999999999821,1.0000000000000022
random-5434,transport,17,LLS_gauss3,1,12,23,0.16562044741319487,4.479252628066788e-15,2.428889274597168e-14,1.1507999999999987,1.1508,0.8764350832689575,1.425164916731038
random-5434,transport,17,LLS_gauss3,2,12,23,0.16562044741319487,0.03851476112786776,0.2268322660818024,0.9986188060996006,1.0,0.7671786486075022,1.1830813108752583
random-5434,transport,17,Q2_support,0,12,23,0.16562044741319487,3.3268775177169783e-15,1.8030405044555665e-14,0.9999999999999988,0.9999999999999999,0.999999999999982,1.0000000000000016
random-5434,transport,17,Q2_support,1,12,23,0.16562044741319487,4.5534488964417964e-15,2.3692846298217774e-14,1.1507999999999983,1.1507999999999998,0.8707999999999944,1.430800000000001
random-5434,transport,17,Q2_support,2,12,23,0.16562044741319487,0.041161105223658935,0.23906420904853,0.9986188060996002,0.9999999999999994,0.7582341066421142,1.183041480124761
random-5434,transport,17,Q2_gauss3,0,12,23,0.16562044741319487,3.2328005701750217e-15,1.728534698486328e-14,0.999999999999999,0.9999999999999999,0.9999999999999827,1.0000000000000018
random-5434,transport,17,Q2_gauss3,1,12,23,0.16562044741319487,4.427883472942522e-15,2.3692846298217774e-14,1.1507999999999985,1.1508,0.8764350832689577,1.425164916731038
random-5434,transport,17,Q2_gauss3,2,12,23,0.16562044741319487,0.03835959953578865,0.22672151808349372,0.998618806099601,1.0,0.7665290106484309,1.179506097324857
random-5434,transport,18,LLS_support,0,12,24,0.17013157740453116,3.680001078232488e-15,1.8626451492309572e-14,0.9999999999999986,0.9999999999999999,0.9999999999999813,1.0000000000000029
random-5434,transport,18,LLS_support,1,12,24,0.17013157740453116,4.953177043502133e-15,2.7120113372802733e-14,1.1431999999999982,1.1431999999999998,0.8631999999999939,1.4232000000000002
random-5434,transport,18,LLS_support,2,12,24,0.17013157740453116,0.04705338817478436,0.2555790361147879,0.9981127712058858,1.0,0.7449288834789995,1.189623127695048
random-5434,transport,18,LLS_gauss3,0,12,24,0.17013157740453116,3.595012369873513e-15,1.817941665649414e-14,0.9999999999999987,0.9999999999999999,0.9999999999999818,1.000000000000002
random-5434,transport,18,LLS_gauss3,1,12,24,0.17013157740453116,4.816393064579646e-15,2.5779008865356445e-14,1.1431999999999984,1.1432,0.868835083268957,1.4175649167310371
random-5434,transport,18,LLS_gauss3,2,12,24,0.17013157740453116,0.04406939010782905,0.24538577423768476,0.9981127712058863,0.9999999999999997,0.7534630627529,1.176782166016582
random-5434,transport,18,Q2_support,0,12,24,0.17013157740453116,3.656800926135897e-15,1.8477439880371094e-14,0.9999999999999986,0.9999999999999999,0.9999999999999816,1.000000000000002
random-5434,transport,18,Q2_support,1,12,24,0.17013157740453116,4.907998297293417e-15,2.562999725341797e-14,1.1431999999999982,1.1431999999999998,0.8631999999999939,1.4232000000000002
random-5434,transport,18,Q2_support,2,12,24,0.17013157740453116,0.0466715199212686,0.2555790361147879,0.9981127712058854,1.0,0.7454141614036139,1.179625054697971
random-5434,transport,18,Q2_gauss3,0,12,24,0.17013157740453116,3.55062614013032e-15,1.773238182067871e-14,0.9999999999999987,0.9999999999999999,0.9999999999999822,1.000000000000002
random-5434,transport,18,Q2_gauss3,1,12,24,0.17013157740453116,4.765263409506797e-15,2.4437904357910156e-14,1.1431999999999984,1.1432,0.8688350832689571,1.4175649167310378
random-5434,transport,18,Q2_gauss3,2,12,24,0.17013157740453116,0.0439281773044868,0.24539265966657742,0.9981127712058862,0.9999999999999997,0.7534031192597977,1.1768331927976707
random-5434,transport,19,LLS_support,0,12,24,0.15738075446751998,4.061983098625802e-15,2.0116567611694336e-14,0.9999999999999983,0.9999999999999999,0.9999999999999799,1.0000000000000022
random-5434,transport,19,LLS_support,1,12,24,0.15738075446751998,5.28130433245514e-15,2.771615982055664e-14,1.135599999999998,1.1356,0.8555999999999937,1.4156000000000006
random-5434,transport,19,LLS_support,2,12,24,0.15738075446751998,0.05311815926366554,0.26918650228922264,0.997232941084123,0.9999999999999997,0.7308609413716168,1.1956935821695505
random-5434,transport,19,LLS_gauss3,0,12,24,0.15738075446751998,3.975362164444432e-15,1.9222497940063476e-14,0.9999999999999983,0.9999999999999999,0.9999999999999808,1.0000000000000016
random-5434,transport,19,LLS_gauss3,1,12,24,0.15738075446751998,5.147770909334306e-15,2.637505531311035e-14,1.1355999999999982,1.1356,0.8612350832689567,1.4099649167310375
random-5434,transport,19,LLS_gauss3,2,12,24,0.15738075446751998,0.05021331638307801,0.2611837907716477,0.997232941084123,1.0,0.739395130094638,1.1841217596836697
random-5434,transport,19,Q2_support,0,12,24,0.15738075446751998,4.044111522766442e-15,1.996755599975586e-14,0.9999999999999986,0.9999999999999999,0.99999999999998,1.0000000000000016
random-5434,transport,19,Q2_support,1,12,24,0.15738075446751998,5.241523385672426e-15,2.5779008865356445e-14,1.135599999999998,1.1356,0.8555999999999937,1.4156000000000006
random-5434,transport,19,Q2_support,2,12,24,0.15738075446751998,0.05279873882541412,0.26918650228922264,0.9972329410841224,0.9999999999999997,0.731483620943484,1.1898962782786042
random-5434,transport,19,Q2_gauss3,0,12,24,0.15738075446751998,3.937795683132583e-15,1.9222497940063476e-14,0.9999999999999986,0.9999999999999999,0.9999999999999808,1.0000000000000016
random-5434,transport,19,Q2_gauss3,1,12,24,0.15738075446751998,5.10032227935008e-15,2.5182962417602538e-14,1.1355999999999982,1.1356,0.861235083268957,1.4099649167310377
random-5434,transport,19,Q2_gauss3,2,12,24,0.15738075446751998,0.050095765038171786,0.2611940822102362,0.9972329410841229,1.0,0.7393449154578517,1.1822222099533692
random-5434,transport,20,LLS_support,0,12,24,0.16002947193639616,4.41577868643815e-15,2.1904706954956053e-14,0.9999999999999979,0.9999999999999999,0.9999999999999781,1.0000000000000022
random-5434,transport,20,LLS_support,1,12,24,0.16002947193639616,5.6940303622308275e-15,2.950429916381836e-14,1.127999999999998,1.128,0.8479999999999916,1.4080000000000006
random-5434,transport,20,LLS_support,2,12,24,0.16002947193639616,0.05962128576529735,0.2832069459790261,0.9962640885924713,0.9999999999999994,0.7167930540209739,1.1904679501477788
random-5434,transport,20,LLS_gauss3,0,12,24,0.16002947193639616,4.332299778827151e-15,2.0861625671386718e-14,0.9999999999999981,0.9999999999999999,0.9999999999999791,1.0000000000000018
random-5434,transport,20,LLS_gauss3,1,12,24,0.16002947193639616,5.5516908264630285e-15,2.7567148208618165e-14,1.127999999999998,1.128,0.8536350832689549,1.4023649167310377
random-5434,transport,20,LLS_gauss3,2,12,24,0.16002947193639616,0.05681277812021125,0.2740440120567402,0.9962640885924715,1.0,0.7253272364470928,1.185003645506316
random-5434,transport,20,Q2_support,0,12,24,0.16002947193639616,4.398137373938884e-15,2.1606683731079103e-14,0.9999999999999981,0.9999999999999999,0.9999999999999784,1.000000000000001
random-5434,transport,20,Q2_support,1,12,24,0.16002947193639616,5.6589851828255035e-15,2.682209014892578e-14,1.1279999999999977,1.128,0.8479999999999916,1.4080000000000006
random-5434,transport,20,Q2_support,2,12,24,0.16002947193639616,0.0593502287184871,0.2831092854494257,0.9962640885924711,0.9999999999999994,0.7168907145505743,1.1861126303285807
random-5434,transport,20,Q2_gauss3,0,12,24,0.16002947193639616,4.296289689167368e-15,2.0563602447509764e-14,0.9999999999999981,0.9999999999999999,0.9999999999999795,1.0000000000000013
random-5434,transport,20,Q2_gauss3,1,12,24,0.16002947193639616,5.506141681160936e-15,2.548098564147949e-14,1.127999999999998,1.128,0.8536350832689552,1.4023649167310377
random-5434,transport,20,Q2_gauss3,2,12,24,0.16002947193639616,0.05671219797876504,0.27403115158033403,0.9962640885924713,1.0,0.7251454383381664,1.1844624693663917
random-5434-limited,generated,0,LLS_support,0,7,27,0.10538019584969666,0.0,0.0,0.9999999999999999,0.9999999999999999,1.0,1.0
random-5434-limited,generated,0,LLS_support,1,7,27,0.10538019584969666,0.0013001115903958675,0.009820143075760901,1.2799999999999998,1.2799999999999998,1.006595214108273,1.5532566279558464
random-5434-limited,generated,0,LLS_support,2,7,27,0.10538019584969666,0.00714097906902712,0.027514332350752204,1.000129073043367,1.0,0.9001160430526404,1.0999048180066644
random-5434-limited,generated,0,LLS_gauss3,0,7,27,0.10538019584969666,0.0,0.0,0.9999999999999999,0.9999999999999999,1.0,1.0
random-5434-limited,generated,0,LLS_gauss3,1,7,27,0.10538019584969666,0.0009193177218681391,0.0076066501179593805,1.28,1.28,1.0107437141501656,1.5491415232061798
random-5434-limited,generated,0,LLS_gauss3,2,7,27,0.10538019584969666,0.004171231135050454,0.019509481034216732,1.0001290730433672,1.0,0.9043829758055695,1.0955374692192204
random-5434-limited,initial_management,0,LLS_support,0,12,24,0.12731497380963114,0.0,0.0,0.9999999999999999,0.9999999999999999,1.0,1.0
random-5434-limited,initial_management,0,LLS_support,1,12,24,0.12731497380963114,0.001273493529650787,0.009254855826014579,1.2800011037201942,1.2799999999999998,1.006595214108273,1.5532566279558464
random-5434-limited,initial_management,0,LLS_support,2,12,24,0.12731497380963114,0.00713326989556898,0.027514332350752204,1.000104662033672,1.0,0.9001160430526404,1.0999048180066644
random-5434-limited,initial_management,0,LLS_gauss3,0,12,24,0.12731497380963114,0.0,0.0,0.9999999999999999,0.9999999999999999,1.0,1.0
random-5434-limited,initial_management,0,LLS_gauss3,1,12,24,0.12731497380963114,0.0009012224636571418,0.007168780497141183,1.2800011037201942,1.28,1.0107437141501656,1.5491415232061798
random-5434-limited,initial_management,0,LLS_gauss3,2,12,24,0.12731497380963114,0.004161760809317676,0.019509481034216732,1.0001046620336724,1.0,0.9043829758055695,1.095515657708512
random-5434-limited,transport,0,LLS_support,0,12,24,0.12731497380963114,0.0,0.0,0.9999999999999999,0.9999999999999999,1.0,1.0
random-5434-limited,transport,0,LLS_support,1,12,24,0.12731497380963114,0.0012734935296507875,0.009254855826014579,1.2800011037201942,1.2799999999999998,1.006595214108273,1.5532566279558464
random-5434-limited,transport,0,LLS_support,2,12,24,0.12731497380963114,0.007133269895568984,0.027514332350752204,1.000104662033672,1.0,0.9001160430526404,1.0999048180066644
random-5434-limited,transport,0,LLS_gauss3,0,12,24,0.12731497380963114,0.0,0.0,0.9999999999999999,0.9999999999999999,1.0,1.0
random-5434-limited,transport,0,LLS_gauss3,1,12,24,0.12731497380963114,0.0009012224636571418,0.007168780497141183,1.2800011037201942,1.28,1.0107437141501656,1.5491415232061798
random-5434-limited,transport,0,LLS_gauss3,2,12,24,0.12731497380963114,0.004161760809317675,0.019509481034216732,1.0001046620336724,1.0,0.9043829758055695,1.095515657708512
random-5434-limited,transport,0,Q2_support,0,12,24,0.12731497380963114,0.0,0.0,0.9999999999999999,0.9999999999999999,1.0,1.0
random-5434-limited,transport,0,Q2_support,1,12,24,0.12731497380963114,0.0009354899636289367,0.006743372044153512,1.2800011037201937,1.2799999999999998,1.006595214108273,1.5532566279558464
random-5434-limited,transport,0,Q2_support,2,12,24,0.12731497380963114,0.003754693454983795,0.01589356474808231,1.0001046620336724,1.0,0.9011794793096712,1.0995107168220215
random-5434-limited,transport,0,Q2_gauss3,0,12,24,0.12731497380963114,9.438854332592234e-17,1.4901161193847657e-16,0.9999999999999999,0.9999999999999999,1.0,1.0000000000000002
random-5434-limited,transport,0,Q2_gauss3,1,12,24,0.12731497380963114,0.0006460126020667126,0.004950489584546685,1.2800011037201944,1.28,1.0105497089254307,1.5494144271464902
random-5434-limited,transport,0,Q2_gauss3,2,12,24,0.12731497380963114,0.002495667821847588,0.009706884083167762,1.0001046620336727,1.0,0.903921218343457,1.0964463205231705
random-5434-limited,transport,1,LLS_support,0,12,24,0.12673098654426476,0.0,0.0,0.9999999999999999,0.9999999999999999,1.0,1.0
random-5434-limited,transport,1,LLS_support,1,12,24,0.12673098654426476,0.0017739717877518213,0.01419521410827309,1.2724170485906436,1.2723999999999998,1.006595214108273,1.548809051934586
random-5434-limited,transport,1,LLS_support,2,12,24,0.12673098654426476,0.007650736091357743,0.03243650366302997,0.999964732192887,1.0,0.9001160430526404,1.0999048180066644
random-5434-limited,transport,1,LLS_gauss3,0,12,24,0.12673098654426476,0.0,0.0,0.9999999999999999,0.9999999999999999,1.0,1.0
random-5434-limited,transport,1,LLS_gauss3,1,12,24,0.12673098654426476,0.001257296499020192,0.010995565567438007,1.2724170485906436,1.2724,1.009030648836401,1.5439833803201484
random-5434-limited,transport,1,LLS_gauss3,2,12,24,0.12673098654426476,0.004620204535135556,0.025040752303058952,0.9999647321928872,0.9999999999999999,0.9028307783413173,1.097535336761443
random-5434-limited,transport,1,Q2_support,0,12,24,0.12673098654426476,0.0,0.0,0.9999999999999999,0.9999999999999999,1.0,1.0
random-5434-limited,transport,1,Q2_support,1,12,24,0.12673098654426476,0.0013262142610451447,0.01419521410827309,1.2724170485906434,1.2723999999999998,1.006595214108273,1.548809051934586
random-5434-limited,transport,1,Q2_support,2,12,24,0.12673098654426476,0.0043972291786616,0.02651975831423357,0.999964732192887,1.0,0.9027426671432285,1.098275317230875
random-5434-limited,transport,1,Q2_gauss3,0,12,24,0.12673098654426476,9.438854332592234e-17,1.4901161193847657e-16,0.9999999999999999,0.9999999999999999,1.0,1.0000000000000002
random-5434-limited,transport,1,Q2_gauss3,1,12,24,0.12673098654426476,0.0009166158305375435,0.010561942256549448,1.2724170485906439,1.2724,1.0085970255255123,1.5441948549214577
random-5434-limited,transport,1,Q2_gauss3,2,12,24,0.12673098654426476,0.0029559268825971037,0.020094282502913625,0.9999647321928867,0.9999999999999999,0.9037144884690161,1.095527450845619
random-5434-limited,transport,2,LLS_support,0,12,24,0.15678227571296743,0.0,0.0,0.9999999999999999,0.9999999999999999,1.0,1.0
random-5434-limited,transport,2,LLS_support,1,12,24,0.15678227571296743,0.0022616905671985063,0.02179521410827309,1.264883761746254,1.2648,1.006595214108273,1.534113636482264
random-5434-limited,transport,2,LLS_support,2,12,24,0.15678227571296743,0.008230232846777027,0.04165083773747042,0.9999876993889389,1.0,0.9001160430526404,1.0999048180066644
random-5434-limited,transport,2,LLS_gauss3,0,12,24,0.15678227571296743,0.0,0.0,0.9999999999999999,0.9999999999999999,1.0,1.0
random-5434-limited,transport,2,LLS_gauss3,1,12,24,0.15678227571296743,0.0016259688916728703,0.017691948424908073,1.264883761746254,1.2648,1.008127031693871,1.530858013531813
random-5434-limited,transport,2,LLS_gauss3,2,12,24,0.15678227571296743,0.005259705831047102,0.03411554358836606,0.9999876993889392,1.0,0.9018111263198269,1.0985222554994913
random-5434-limited,transport,2,Q2_support,0,12,24,0.15678227571296743,0.0,0.0,0.9999999999999999,0.9999999999999999,1.0,1.0
random-5434-limited,transport,2,Q2_support,1,12,24,0.15678227571296743,0.0018158605942996914,0.02179521410827309,1.2648837617462543,1.2648,1.006595214108273,1.534113636482264
random-5434-limited,transport,2,Q2_support,2,12,24,0.15678227571296743,0.005289747776771793,0.040679977186063525,0.9999876993889393,1.0,0.9019372935902515,1.0965909630096031
random-5434-limited,transport,2,Q2_gauss3,0,12,24,0.15678227571296743,9.438854332592234e-17,1.4901161193847657e-16,0.9999999999999999,0.9999999999999999,1.0,1.0000000000000002
random-5434-limited,transport,2,Q2_gauss3,1,12,24,0.15678227571296743,0.001292242034241025,0.01745485959782809,1.2648837617462545,1.2648,1.0078899428667911,1.5311882649746995
random-5434-limited,transport,2,Q2_gauss3,2,12,24,0.15678227571296743,0.0038066349487193576,0.03136574700636506,0.9999876993889392,1.0,0.9023289201310355,1.096239345808989
random-5434-limited,transport,3,LLS_support,0,12,24,0.15410086390476863,0.0,0.0,0.9999999999999999,0.9999999999999999,1.0,1.0
random-5434-limited,transport,3,LLS_support,1,12,24,0.15410086390476863,0.002436895773005983,0.029395214108273088,1.2574158211564972,1.2571999999999999,1.006595214108273,1.534113636482264
random-5434-limited,transport,3,LLS_support,2,12,24,0.15410086390476863,0.009128142181299028,0.05121397403316602,0.999875620820938,0.9999999999999999,0.9001160430526404,1.0999048180066644
random-5434-limited,transport,3,LLS_gauss3,0,12,24,0.15410086390476863,0.0,0.0,0.9999999999999999,0.9999999999999999,1.0,1.0
random-5434-limited,transport,3,LLS_gauss3,1,12,24,0.15410086390476863,0.0018339658682009839,0.024552887722418905,1.2574158211564972,1.2572,1.0073879709913818,1.5291303907528722
random-5434-limited,transport,3,LLS_gauss3,2,12,24,0.15410086390476863,0.006316588302553475,0.04496995926313132,0.9998756208209382,0.9999999999999999,0.9013031916365594,1.0989419434333205
random-5434-limited,transport,3,Q2_support,0,12,24,0.15410086390476863,0.0,0.0,0.9999999999999999,0.9999999999999999,1.0,1.0
random-5434-limited,transport,3,Q2_support,1,12,24,0.15410086390476863,0.0021311102987718496,0.029395214108273088,1.2574158211564972,1.2571999999999999,1.006595214108273,1.534113636482264
random-5434-limited,transport,3,Q2_support,2,12,24,0.15410086390476863,0.006642715155466119,0.05088067173930645,0.999875620820938,0.9999999999999999,0.9014946495637504,1.0971487281818426
random-5434-limited,transport,3,Q2_gauss3,0,12,24,0.15410086390476863,9.438854332592234e-17,1.4901161193847657e-16,0.9999999999999999,0.9999999999999999,1.0,1.0000000000000002
random-5434-limited,transport,3,Q2_gauss3,1,12,24,0.15410086390476863,0.0016189773033816516,0.024250733098499178,1.2574158211564976,1.2572,1.007085816367462,1.5293460404928327
random-5434-limited,transport,3,Q2_gauss3,2,12,24,0.15410086390476863,0.005198113034250674,0.043454286962503794,0.9998756208209382,0.9999999999999999,0.9021140214023815,1.0970550695588068
random-5434-limited,transport,4,LLS_support,0,12,24,0.15265139319932608,0.0,0.0,0.9999999999999999,0.9999999999999999,1.0,1.0
random-5434-limited,transport,4,LLS_support,1,12,24,0.15265139319932608,0.0029623072658173043,0.03699521410827309,1.250011667370802,1.2495999999999998,1.006595214108273,1.5269708218515732
random-5434-limited,transport,4,LLS_support,2,12,24,0.15265139319932608,0.010078601143339335,0.06572472160767227,0.9999403926976548,0.9999999999999996,0.9001160430526404,1.0999048180066644
random-5434-limited,transport,4,LLS_gauss3,0,12,24,0.15265139319932608,0.0,0.0,0.9999999999999999,0.9999999999999999,1.0,1.0
random-5434-limited,transport,4,LLS_gauss3,1,12,24,0.15265139319932608,0.002370930257185806,0.03192700158689082,1.2500116673708024,1.2496,1.0071620848558538,1.521928364094423
random-5434-limited,transport,4,LLS_gauss3,2,12,24,0.15265139319932608,0.0076192347588494875,0.059540412403657435,0.999940392697655,1.0000000000000002,0.901917078994986,1.0982725824750335
random-5434-limited,transport,4,Q2_support,0,12,24,0.15265139319932608,0.0,0.0,0.9999999999999999,0.9999999999999999,1.0,1.0
random-5434-limited,transport,4,Q2_support,1,12,24,0.15265139319932608,0.002721272688341587,0.03699521410827309,1.250011667370802,1.2495999999999998,1.006595214108273,1.5269708218515732
random-5434-limited,transport,4,Q2_support,2,12,24,0.15265139319932608,0.008227669450791345,0.06518052605711103,0.9999403926976551,0.9999999999999996,0.901228279469537,1.0982005030367998
random-5434-limited,transport,4,Q2_gauss3,0,12,24,0.15265139319932608,9.438854332592234e-17,1.4901161193847657e-16,0.9999999999999999,0.9999999999999999,1.0,1.0000000000000002
random-5434-limited,transport,4,Q2_gauss3,1,12,24,0.15265139319932608,0.00221504359819395,0.031799350460682364,1.2500116673708022,1.2496,1.0070344337296453,1.5222621862355166
random-5434-limited,transport,4,Q2_gauss3,2,12,24,0.15265139319932608,0.006921403596609509,0.05867672663388625,0.9999403926976548,1.0000000000000002,0.901810359587003,1.0971093973990278
random-5434-limited,transport,5,LLS_support,0,12,24,0.15324235988816917,0.0,0.0,0.9999999999999999,0.9999999999999999,1.0,1.0
random-5434-limited,transport,5,LLS_support,1,12,24,0.15324235988816917,0.0036859052326414666,0.04500209021634296,1.2426758244053877,1.2419999999999998,1.006595214108273,1.5149661769882103
random-5434-limited,transport,5,LLS_support,2,12,24,0.15324235988816917,0.01153589267166446,0.07624735223168433,0.999786676414989,0.9999999999999996,0.9001160430526404,1.0999048180066644
random-5434-limited,transport,5,LLS_gauss3,0,12,24,0.15324235988816917,0.0,0.0,0.9999999999999999,0.9999999999999999,1.0,1.0
random-5434-limited,transport,5,LLS_gauss3,1,12,24,0.15324235988816917,0.0031038470320346335,0.03958753635678202,1.2426758244053877,1.242,1.007222619625745,1.5109165408540708
random-5434-limited,transport,5,LLS_gauss3,2,12,24,0.15324235988816917,0.00952015107938881,0.0701109665367116,0.9997866764149892,1.0,0.9027743343537997,1.0971032235157048
random-5434-limited,transport,5,Q2_support,0,12,24,0.15324235988816917,0.0,0.0,0.9999999999999999,0.9999999999999999,1.0,1.0
random-5434-limited,transport,5,Q2_support,1,12,24,0.15324235988816917,0.003484531309134104,0.04500209021634296,1.2426758244053882,1.2419999999999998,1.007002090216343,1.5149661769882103
random-5434-limited,transport,5,Q2_support,2,12,24,0.15324235988816917,0.009934114601922093,0.07624735223168433,0.9997866764149891,0.9999999999999996,0.9011111020407304,1.098188594562279
random-5434-limited,transport,5,Q2_gauss3,0,12,24,0.15324235988816917,9.438854332592234e-17,1.4901161193847657e-16,0.9999999999999999,0.9999999999999999,1.0,1.0000000000000002
random-5434-limited,transport,5,Q2_gauss3,1,12,24,0.15324235988816917,0.0029805145394328925,0.03960730559816659,1.2426758244053882,1.242,1.0072423888671296,1.511181777469416
random-5434-limited,transport,5,Q2_gauss3,2,12,24,0.15324235988816917,0.00894842543096862,0.07050791710320338,0.999786676414989,1.0,0.9021262673885301,1.0960824259458182
random-5434-limited,transport,6,LLS_support,0,12,23,0.15991196115278264,0.0,0.0,0.9999999999999999,0.9999999999999999,1.0,1.0
random-5434-limited,transport,6,LLS_support,1,12,23,0.15991196115278264,0.00450213677251022,0.052602090216342955,1.2353695006596421,1.2344,1.006595214108273,1.500151715449416
random-5434-limited,transport,6,LLS_support,2,12,23,0.15991196115278264,0.013381027648960543,0.08525852755778819,0.9997742530427173,0.9999999999999997,0.9001160430526404,1.0999048180066644
random-5434-limited,transport,6,LLS_gauss3,0,12,23,0.15991196115278264,0.0,0.0,0.9999999999999999,0.9999999999999999,1.0,1.0
random-5434-limited,transport,6,LLS_gauss3,1,12,23,0.15991196115278264,0.003952976576319841,0.047089845794311164,1.2353695006596424,1.2344,1.0071249290632742,1.4977282429757497
random-5434-limited,transport,6,LLS_gauss3,2,12,23,0.15991196115278264,0.011617331658869181,0.0802751176679556,0.9997742530427177,1.0000000000000002,0.9019223858142237,1.0979409524929609
random-5434-limited,transport,6,Q2_support,0,12,23,0.15991196115278264,0.0,0.0,0.9999999999999999,0.9999999999999999,1.0,1.0
random-5434-limited,transport,6,Q2_support,1,12,23,0.15991196115278264,0.004363880220606262,0.052602090216342955,1.2353695006596428,1.2344,1.0068760392678482,1.500151715449416
random-5434-limited,transport,6,Q2_support,2,12,23,0.15991196115278264,0.01190144652820448,0.08525852755778819,0.9997742530427176,0.9999999999999997,0.9011111020407304,1.0964508240343613
random-5434-limited,transport,6,Q2_gauss3,0,12,23,0.15991196115278264,9.438854332592234e-17,1.4901161193847657e-16,0.9999999999999999,0.9999999999999999,1.0,1.0000000000000002
random-5434-limited,transport,6,Q2_gauss3,1,12,23,0.15991196115278264,0.00387221807351179,0.047117544532297405,1.2353695006596426,1.2344,1.0069841027941084,1.4980851064287868
random-5434-limited,transport,6,Q2_gauss3,2,12,23,0.15991196115278264,0.011067966646025433,0.08028361540828585,0.9997742530427183,1.0000000000000002,0.9019958640123873,1.0960867597888841
random-5434-limited,transport,7,LLS_support,0,12,24,0.1883029513471996,0.0,0.0,0.9999999999999999,0.9999999999999999,1.0,1.0
random-5434-limited,transport,7,LLS_support,1,12,24,0.1883029513471996,0.005476745923522955,0.06020209021634296,1.2281253270604486,1.2268,1.006595214108273,1.4969979855560893
random-5434-limited,transport,7,LLS_support,2,12,24,0.1883029513471996,0.015238016918744187,0.09282684819378957,0.9994415985834253,0.9999999999999999,0.9001160430526404,1.0999048180066644
random-5434-limited,transport,7,LLS_gauss3,0,12,24,0.1883029513471996,0.0,0.0,0.9999999999999999,0.9999999999999999,1.0,1.0
random-5434-limited,transport,7,LLS_gauss3,1,12,24,0.1883029513471996,0.004953521783613064,0.05465300552843645,1.2281253270604486,1.2268,1.0070811796873447,1.4935723089909267
random-5434-limited,transport,7,LLS_gauss3,2,12,24,0.1883029513471996,0.013649933997791458,0.0895597432047379,0.9994415985834257,0.9999999999999999,0.9018076691959046,1.0976639683608795
random-5434-limited,transport,7,Q2_support,0,12,24,0.1883029513471996,0.0,0.0,0.9999999999999999,0.9999999999999999,1.0,1.0
random-5434-limited,transport,7,Q2_support,1,12,24,0.1883029513471996,0.005363615818081541,0.06020209021634296,1.2281253270604486,1.2268,1.007002090216343,1.4969979855560893
random-5434-limited,transport,7,Q2_support,2,12,24,0.1883029513471996,0.013953364859002759,0.09157164150747509,0.9994415985834257,0.9999999999999999,0.902845249994423,1.0976637123242912
random-5434-limited,transport,7,Q2_gauss3,0,12,24,0.1883029513471996,9.438854332592234e-17,1.4901161193847657e-16,0.9999999999999999,0.9999999999999999,1.0,1.0000000000000002
random-5434-limited,transport,7,Q2_gauss3,1,12,24,0.1883029513471996,0.004890439354542945,0.0546609639820458,1.2281253270604486,1.2268,1.0070960472510087,1.493759382630522
random-5434-limited,transport,7,Q2_gauss3,2,12,24,0.1883029513471996,0.01317934042149215,0.08851346162010894,0.9994415985834257,0.9999999999999999,0.9031174803545015,1.0960999448256392
random-5434-limited,transport,8,LLS_support,0,12,24,0.184181533243054,0.0,0.0,0.9999999999999999,0.9999999999999999,1.0,1.0
random-5434-limited,transport,8,LLS_support,1,12,24,0.184181533243054,0.006527170455087538,0.06786704249669001,1.220956305393529,1.2191999999999998,1.006595214108273,1.4969979855560893
random-5434-limited,transport,8,LLS_support,2,12,24,0.184181533243054,0.017131943402084376,0.09925562080076546,0.9996313631334195,0.9999999999999997,0.9001160430526404,1.0999048180066644
random-5434-limited,transport,8,LLS_gauss3,0,12,24,0.184181533243054,0.0,0.0,0.9999999999999999,0.9999999999999999,1.0,1.0
random-5434-limited,transport,8,LLS_gauss3,1,12,24,0.184181533243054,0.0060669070915947655,0.062271638670135736,1.2209563053935293,1.2192,1.0071022267775194,1.4918592436771623
random-5434-limited,transport,8,LLS_gauss3,2,12,24,0.184181533243054,0.015709288458349045,0.09649265981572643,0.9996313631334196,1.0,0.9017692315314272,1.0971260069745374
random-5434-limited,transport,8,Q2_support,0,12,24,0.184181533243054,0.0,0.0,0.9999999999999999,0.9999999999999999,1.0,1.0
random-5434-limited,transport,8,Q2_support,1,12,24,0.184181533243054,0.0064459685610179064,0.06786704249669001,1.2209563053935293,1.2191999999999998,1.0070641408823675,1.4969979855560893
random-5434-limited,transport,8,Q2_support,2,12,24,0.184181533243054,0.01614280547769581,0.09799914262042195,0.9996313631334196,0.9999999999999997,0.9011111020407304,1.0984051038718834
random-5434-limited,transport,8,Q2_gauss3,0,12,24,0.184181533243054,9.438854332592234e-17,1.4901161193847657e-16,0.9999999999999999,0.9999999999999999,1.0,1.0000000000000002
random-5434-limited,transport,8,Q2_gauss3,1,12,24,0.184181533243054,0.00602361476761071,0.06225826879512593,1.2209563053935293,1.2192,1.0070933520640888,1.4918851039531331
random-5434-limited,transport,8,Q2_gauss3,2,12,24,0.184181533243054,0.015380691419477661,0.09566834049442784,0.9996313631334197,1.0,0.9015707875151192,1.0968626321290174
random-5434-limited,transport,9,LLS_support,0,12,24,0.16972320220391385,0.0,0.0,0.9999999999999999,0.9999999999999999,1.0,1.0
random-5434-limited,transport,9,LLS_support,1,12,24,0.16972320220391385,0.007778307544135337,0.07546123926804513,1.2138399141033096,1.2115999999999998,1.006595214108273,1.4846894012259009
random-5434-limited,transport,9,LLS_support,2,12,24,0.16972320220391385,0.019114978867610467,0.10250757394218146,0.9995449037992887,0.9999999999999996,0.9001160430526404,1.0999048180066644
random-5434-limited,transport,9,LLS_gauss3,0,12,24,0.16972320220391385,0.0,0.0,0.9999999999999999,0.9999999999999999,1.0,1.0
random-5434-limited,transport,9,LLS_gauss3,1,12,24,0.16972320220391385,0.0073336585753534115,0.06985940552248374,1.2138399141033098,1.2116,1.0070944887914466,1.480611989938156
random-5434-limited,transport,9,LLS_gauss3,2,12,24,0.16972320220391385,0.017819160110724912,0.10026930953195602,0.9995449037992888,1.0,0.9022649539995445,1.0969848429956626
random-5434-limited,transport,9,Q2_support,0,12,24,0.16972320220391385,0.0,0.0,0.9999999999999999,0.9999999999999999,1.0,1.0
random-5434-limited,transport,9,Q2_support,1,12,24,0.16972320220391385,0.00769897336949499,0.07546123926804513,1.213839914103309,1.2115999999999998,1.0070391153086562,1.4846894012259009
random-5434-limited,transport,9,Q2_support,2,12,24,0.16972320220391385,0.018301604812037464,0.10225174150697842,0.9995449037992888,0.9999999999999996,0.9011835236921277,1.098175379863657
random-5434-limited,transport,9,Q2_gauss3,0,12,24,0.16972320220391385,9.438854332592234e-17,1.4901161193847657e-16,0.9999999999999999,0.9999999999999999,1.0,1.0000000000000002
random-5434-limited,transport,9,Q2_gauss3,1,12,24,0.16972320220391385,0.00729110512968344,0.06983550284151763,1.2138399141033087,1.2116,1.0070705861104805,1.480711082216781
random-5434-limited,transport,9,Q2_gauss3,2,12,24,0.16972320220391385,0.017565876896081353,0.1001443622959064,0.9995449037992887,1.0,0.9021759505174011,1.0965034692410767
random-5434-limited,transport,10,LLS_support,0,12,24,0.1743086607380533,0.0,0.0,0.9999999999999999,0.9999999999999999,1.0,1.0
random-5434-limited,transport,10,LLS_support,1,12,24,0.1743086607380533,0.00913257500099148,0.08307678446535022,1.2067989811325792,1.204,1.006595214108273,1.4775263254178514
random-5434-limited,transport,10,LLS_support,2,12,24,0.1743086607380533,0.02090543576077593,0.10340921354482219,0.9994564087760133,1.0,0.9001160430526404,1.0999048180066644
random-5434-limited,transport,10,LLS_gauss3,0,12,24,0.1743086607380533,0.0,0.0,0.9999999999999999,0.9999999999999999,1.0,1.0
random-5434-limited,transport,10,LLS_gauss3,1,12,24,0.1743086607380533,0.008699131207744864,0.07746244059456482,1.2067989811325794,1.204,1.0070854826054725,1.4733504299619513
random-5434-limited,transport,10,LLS_gauss3,2,12,24,0.1743086607380533,0.01985890973389751,0.10295058452791006,0.9994564087760133,0.9999999999999999,0.9029661564414572,1.0965591728660404
random-5434-limited,transport,10,Q2_support,0,12,24,0.1743086607380533,0.0,0.0,0.9999999999999999,0.9999999999999999,1.0,1.0
random-5434-limited,transport,10,Q2_support,1,12,24,0.1743086607380533,0.00905343287488499,0.08307678446535022,1.2067989811325794,1.204,1.0070690118666976,1.4775263254178514
random-5434-limited,transport,10,Q2_support,2,12,24,0.1743086607380533,0.02012652402765414,0.10293505177058443,0.9994564087760128,1.0,0.9013449400917556,1.0958351995734879
random-5434-limited,transport,10,Q2_gauss3,0,12,24,0.1743086607380533,9.438854332592234e-17,1.4901161193847657e-16,0.9999999999999999,0.9999999999999999,1.0,1.0000000000000002
random-5434-limited,transport,10,Q2_gauss3,1,12,24,0.1743086607380533,0.008656930574441215,0.07743799425070717,1.2067989811325799,1.204,1.0070730775196701,1.47372771801689
random-5434-limited,transport,10,Q2_gauss3,2,12,24,0.1743086607380533,0.019604247522560844,0.10269976797981754,0.9994564087760129,0.9999999999999999,0.9027768988383241,1.0946727871859097
random-5434-limited,transport,11,LLS_support,0,12,23,0.15033845740032173,0.0,0.0,0.9999999999999999,0.9999999999999999,1.0,1.0
random-5434-limited,transport,11,LLS_support,1,12,23,0.15033845740032173,0.010603231571603347,0.09069866099357606,1.1998583485559455,1.1964,1.006595214108273,1.4699890927191395
random-5434-limited,transport,11,LLS_support,2,12,23,0.15033845740032173,0.022781179598349553,0.10045392904333592,0.999572746131852,1.0,0.9001160430526404,1.0999048180066644
random-5434-limited,transport,11,LLS_gauss3,0,12,23,0.15033845740032173,0.0,0.0,0.9999999999999999,0.9999999999999999,1.0,1.0
random-5434-limited,transport,11,LLS_gauss3,1,12,23,0.15033845740032173,0.010185850777100765,0.08507374151903793,1.1998583485559458,1.1964,1.0070798380440473,1.4657990493044666
random-5434-limited,transport,11,LLS_gauss3,2,12,23,0.15033845740032173,0.02181708744234496,0.10166495364110857,0.9995727461318523,1.0000000000000002,0.9019397200198238,1.0982182379483936
random-5434-limited,transport,11,Q2_support,0,12,23,0.15033845740032173,0.0,0.0,0.9999999999999999,0.9999999999999999,1.0,1.0
random-5434-limited,transport,11,Q2_support,1,12,23,0.15033845740032173,0.010535147869240577,0.09069866099357606,1.199858348555945,1.1964,1.0070799501308105,1.4699890927191395
random-5434-limited,transport,11,Q2_support,2,12,23,0.15033845740032173,0.02199382891987892,0.10045392904333592,0.9995727461318521,1.0,0.9027189267859804,1.0956421963526566
random-5434-limited,transport,11,Q2_gauss3,0,12,23,0.15033845740032173,9.438854332592234e-17,1.4901161193847657e-16,0.9999999999999999,0.9999999999999999,1.0,1.0000000000000002
random-5434-limited,transport,11,Q2_gauss3,1,12,23,0.15033845740032173,0.010149587322654792,0.08503438095996291,1.1998583485559455,1.1964,1.007069464228926,1.4659127875372415
random-5434-limited,transport,11,Q2_gauss3,2,12,23,0.15033845740032173,0.02153587607743084,0.10156153657180562,0.9995727461318524,1.0000000000000002,0.9036443348685134,1.0953870191298796
random-5434-limited,transport,12,LLS_support,0,12,24,0.17473656109662666,0.0,0.0,0.9999999999999999,0.9999999999999999,1.0,1.0
random-5434-limited,transport,12,LLS_support,1,12,24,0.17473656109662666,0.012183559969704279,0.09830052874142453,1.192995319734215,1.1887999999999999,1.006595214108273,1.4642934687590847
random-5434-limited,transport,12,LLS_support,2,12,24,0.17473656109662666,0.024586374303818968,0.10263481097002149,0.9995091149826446,0.9999999999999996,0.9007576290938821,1.0999048180066644
random-5434-limited,transport,12,LLS_gauss3,0,12,24,0.17473656109662666,0.0,0.0,0.9999999999999999,0.9999999999999999,1.0,1.0
random-5434-limited,transport,12,LLS_gauss3,1,12,24,0.17473656109662666,0.011783249170882871,0.09267081160274625,1.192995319734215,1.1888,1.0070885200227677,1.4596741726419917
random-5434-limited,transport,12,LLS_gauss3,2,12,24,0.17473656109662666,0.023645262206288098,0.10263481097002149,0.9995091149826446,0.9999999999999997,0.9017217700095377,1.0990617942192895
random-5434-limited,transport,12,Q2_support,0,12,24,0.17473656109662666,0.0,0.0,0.9999999999999999,0.9999999999999999,1.0,1.0
random-5434-limited,transport,12,Q2_support,1,12,24,0.17473656109662666,0.012123533748223456,0.09830052874142453,1.1929953197342145,1.1887999999999999,1.0070849785372833,1.4642934687590847
random-5434-limited,transport,12,Q2_support,2,12,24,0.17473656109662666,0.023859705243338244,0.10263481097002149,0.9995091149826449,0.9999999999999996,0.9044145382429967,1.0962344511809514
random-5434-limited,transport,12,Q2_gauss3,0,12,24,0.17473656109662666,9.438854332592234e-17,1.4901161193847657e-16,0.9999999999999999,0.9999999999999999,1.0,1.0000000000000002
random-5434-limited,transport,12,Q2_gauss3,1,12,24,0.17473656109662666,0.011750794010759425,0.09263221128882945,1.192995319734215,1.1888,1.0070672945577923,1.459805786502315
random-5434-limited,transport,12,Q2_gauss3,2,12,24,0.17473656109662666,0.02338700377641853,0.10263481097002149,0.9995091149826446,0.9999999999999997,0.9038839136783094,1.096524498829395
random-5434-limited,transport,13,LLS_support,0,12,24,0.15633817475440517,0.0,0.0,0.9999999999999999,0.9999999999999999,1.0,1.0
random-5434-limited,transport,13,LLS_support,1,12,24,0.15633817475440517,0.01388312585167419,0.10589676740105257,1.1862116034671826,1.1811999999999998,1.006595214108273,1.453472996105678
random-5434-limited,transport,13,LLS_support,2,12,24,0.15633817475440517,0.026196541998223754,0.10278441409574524,0.9997381688571013,1.0,0.9002918579068909,1.0999048180066644
random-5434-limited,transport,13,LLS_gauss3,0,12,24,0.15633817475440517,0.0,0.0,0.9999999999999999,0.9999999999999999,1.0,1.0
random-5434-limited,transport,13,LLS_gauss3,1,12,24,0.15633817475440517,0.013487125317024517,0.10026704035368472,1.1862116034671826,1.1812,1.0070876622954301,1.4495796052512793
random-5434-limited,transport,13,LLS_gauss3,2,12,24,0.15633817475440517,0.02527169184992779,0.10278441409574524,0.9997381688571015,1.0,0.9013808848895482,1.0993209061301485
random-5434-limited,transport,13,Q2_support,0,12,24,0.15633817475440517,0.0,0.0,0.9999999999999999,0.9999999999999999,1.0,1.0
random-5434-limited,transport,13,Q2_support,1,12,24,0.15633817475440517,0.01383778377066804,0.10589676740105257,1.1862116034671826,1.1811999999999998,1.007087432654473,1.453472996105678
random-5434-limited,transport,13,Q2_support,2,12,24,0.15633817475440517,0.025585086745556672,0.10278441409574524,0.9997381688571017,1.0,0.9035433153132649,1.097314297828675
random-5434-limited,transport,13,Q2_gauss3,0,12,24,0.15633817475440517,9.438854332592234e-17,1.4901161193847657e-16,0.9999999999999999,0.9999999999999999,1.0,1.0000000000000002
random-5434-limited,transport,13,Q2_gauss3,1,12,24,0.15633817475440517,0.013463717707815553,0.10023849572318748,1.186211603467183,1.1812,1.0070735789921503,1.4497564290216223
random-5434-limited,transport,13,Q2_gauss3,2,12,24,0.15633817475440517,0.02506565974385509,0.10278441409574524,0.9997381688571013,1.0,0.9032135932440964,1.097314297828675
random-5434-limited,transport,14,LLS_support,0,12,23,0.18317539747124112,0.0,0.0,0.9999999999999999,0.9999999999999999,1.0,1.0
random-5434-limited,transport,14,LLS_support,1,12,23,0.18317539747124112,0.015730191303836003,0.11349371959136531,1.1795172974544414,1.1735999999999998,1.0070183113391198,1.4454963175524895
random-5434-limited,transport,14,LLS_support,2,12,23,0.18317539747124112,0.027692118548138828,0.10171407862101495,0.9998475822113975,0.9999999999999997,0.9001160430526404,1.0999048180066644
random-5434-limited,transport,14,LLS_gauss3,0,12,23,0.18317539747124112,0.0,0.0,0.9999999999999999,0.9999999999999999,1.0,1.0
random-5434-limited,transport,14,LLS_gauss3,1,12,23,0.18317539747124112,0.015339539646458353,0.10786351726181537,1.1795172974544417,1.1736,1.0070808396570083,1.441687831298605
random-5434-limited,transport,14,LLS_gauss3,2,12,23,0.18317539747124112,0.026783608716856963,0.10225663855876475,0.999847582211398,0.9999999999999999,0.9020465548559539,1.098131791391282
random-5434-limited,transport,14,Q2_support,0,12,23,0.18317539747124112,0.0,0.0,0.9999999999999999,0.9999999999999999,1.0,1.0
random-5434-limited,transport,14,Q2_support,1,12,23,0.18317539747124112,0.01568807608675945,0.11349371959136531,1.1795172974544412,1.1735999999999998,1.0070859087496293,1.4454963175524895
random-5434-limited,transport,14,Q2_support,2,12,23,0.18317539747124112,0.027168366732151332,0.10149377837110624,0.9998475822113976,0.9999999999999997,0.901986298728621,1.096870690528583
random-5434-limited,transport,14,Q2_gauss3,0,12,23,0.18317539747124112,9.438854332592234e-17,1.4901161193847657e-16,0.9999999999999999,0.9999999999999999,1.0,1.0000000000000002
random-5434-limited,transport,14,Q2_gauss3,1,12,23,0.18317539747124112,0.015318243651239067,0.10784737880012214,1.1795172974544412,1.1736,1.007082462069085,1.4419943130083068
random-5434-limited,transport,14,Q2_gauss3,2,12,23,0.18317539747124112,0.026607735158094732,0.10240805055364355,0.9998475822113979,0.9999999999999999,0.9027096710556112,1.0961667994304956
random-5434-limited,transport,15,LLS_support,0,12,24,0.15360254723203343,0.0,0.0,0.9999999999999999,0.9999999999999999,1.0,1.0
random-5434-limited,transport,15,LLS_support,1,12,24,0.15360254723203343,0.017689111163880642,0.12109099481386602,1.1729304852608378,1.166,1.0067847012018059,1.4361666666666668
random-5434-limited,transport,15,LLS_support,2,12,24,0.15360254723203343,0.028960592302678483,0.10150244395290867,1.0001249542438642,0.9999999999999997,0.9001160430526404,1.0999048180066644
random-5434-limited,transport,15,LLS_gauss3,0,12,24,0.15360254723203343,0.0,0.0,0.9999999999999999,0.9999999999999999,1.0,1.0
random-5434-limited,transport,15,LLS_gauss3,1,12,24,0.15360254723203343,0.017300904563561297,0.11546011297939003,1.1729304852608378,1.166,1.007088600093657,1.4327480494834959
random-5434-limited,transport,15,LLS_gauss3,2,12,24,0.15360254723203343,0.02813566059181694,0.10237731082482412,1.0001249542438644,1.0,0.9027575065279175,1.0964502249556507
random-5434-limited,transport,15,Q2_support,0,12,24,0.15360254723203343,0.0,0.0,0.9999999999999999,0.9999999999999999,1.0,1.0
random-5434-limited,transport,15,Q2_support,1,12,24,0.15360254723203343,0.017649011178378585,0.12109099481386602,1.1729304852608367,1.166,1.007089437712585,1.4361666666666668
random-5434-limited,transport,15,Q2_support,2,12,24,0.15360254723203343,0.028433254364642602,0.10131803641129002,1.0001249542438637,0.9999999999999997,0.902519137873657,1.098896847201854
random-5434-limited,transport,15,Q2_gauss3,0,12,24,0.15360254723203343,9.438854332592234e-17,1.4901161193847657e-16,0.9999999999999999,0.9999999999999999,1.0,1.0000000000000002
random-5434-limited,transport,15,Q2_gauss3,1,12,24,0.15360254723203343,0.017280638831651877,0.11545106605737686,1.1729304852608378,1.166,1.0070861493263399,1.4329864135178585
random-5434-limited,transport,15,Q2_gauss3,2,12,24,0.15360254723203343,0.02794340627145058,0.10214556067954644,1.0001249542438637,1.0,0.903789076231255,1.0964157669088845
random-5434-limited,transport,16,LLS_support,0,12,23,0.1808056540715897,0.0,0.0,0.9999999999999999,0.9999999999999999,1.0,1.0
random-5434-limited,transport,16,LLS_support,1,12,23,0.1808056540715897,0.019728599217349832,0.12869217506449326,1.1664157589398017,1.1583999999999999,1.006595214108273,1.4264876968586422
random-5434-limited,transport,16,LLS_support,2,12,23,0.1808056540715897,0.030330372264496065,0.10159449225991846,1.0003121430260862,0.9999999999999996,0.9001160430526404,1.0999048180066644
random-5434-limited,transport,16,LLS_gauss3,0,12,23,0.1808056540715897,0.0,0.0,0.9999999999999999,0.9999999999999999,1.0,1.0
random-5434-limited,transport,16,LLS_gauss3,1,12,23,0.1808056540715897,0.01935417517289489,0.12305990416131153,1.1664157589398017,1.1584,1.0070874173343558,1.4235376863947462
random-5434-limited,transport,16,LLS_gauss3,2,12,23,0.1808056540715897,0.02944424758338717,0.1027434025660807,1.0003121430260864,0.9999999999999999,0.9028326296503373,1.0970563911991533
random-5434-limited,transport,16,Q2_support,0,12,23,0.1808056540715897,0.0,0.0,0.9999999999999999,0.9999999999999999,1.0,1.0
random-5434-limited,transport,16,Q2_support,1,12,23,0.1808056540715897,0.01969382857366926,0.12869217506449326,1.1664157589398008,1.1583999999999999,1.0070900278378987,1.4264876968586422
random-5434-limited,transport,16,Q2_support,2,12,23,0.1808056540715897,0.029794837733696705,0.1012814715791577,1.0003121430260855,0.9999999999999996,0.9028365577282248,1.0977399031887654
random-5434-limited,transport,16,Q2_gauss3,0,12,23,0.1808056540715897,9.438854332592234e-17,1.4901161193847657e-16,0.9999999999999999,0.9999999999999999,1.0,1.0000000000000002
random-5434-limited,transport,16,Q2_gauss3,1,12,23,0.1808056540715897,0.019336793122296518,0.1230449815421389,1.1664157589398012,1.1584,1.0070800648111018,1.4237494984053873
random-5434-limited,transport,16,Q2_gauss3,2,12,23,0.1808056540715897,0.02923427167093542,0.10267478375055819,1.0003121430260864,0.9999999999999999,0.9035077756596932,1.0961765819271017
random-5434-limited,transport,17,LLS_support,0,12,23,0.16562044741319487,0.0,0.0,0.9999999999999999,0.9999999999999999,1.0,1.0
random-5434-limited,transport,17,LLS_support,1,12,23,0.16562044741319487,0.021894374978047592,0.13629401185817794,1.1600000049744958,1.1507999999999998,1.006595214108273,1.42504442776069
random-5434-limited,transport,17,LLS_support,2,12,23,0.16562044741319487,0.0317059388503108,0.10287996193271398,1.0005324538677136,0.9999999999999994,0.9001160430526404,1.0999048180066644
random-5434-limited,transport,17,LLS_gauss3,0,12,23,0.16562044741319487,0.0,0.0,0.9999999999999999,0.9999999999999999,1.0,1.0
random-5434-limited,transport,17,LLS_gauss3,1,12,23,0.16562044741319487,0.021531646904267416,0.1306606909520167,1.1600000049744963,1.1508,1.0070867957859595,1.4207066696448887
random-5434-limited,transport,17,LLS_gauss3,2,12,23,0.16562044741319487,0.03067122534100892,0.10246388672965541,1.000532453867714,1.0,0.9027020769985366,1.0974619077425793
random-5434-limited,transport,17,Q2_support,0,12,23,0.16562044741319487,0.0,0.0,0.9999999999999999,0.9999999999999999,1.0,1.0
random-5434-limited,transport,17,Q2_support,1,12,23,0.16562044741319487,0.02186431168208065,0.13629401185817794,1.160000004974496,1.1507999999999998,1.0070927579092446,1.42504442776069
random-5434-limited,transport,17,Q2_support,2,12,23,0.16562044741319487,0.031212353998912337,0.10246989174637557,1.000532453867714,0.9999999999999994,0.9029445653020843,1.0984691633910788
random-5434-limited,transport,17,Q2_gauss3,0,12,23,0.16562044741319487,9.438854332592234e-17,1.4901161193847657e-16,0.9999999999999999,0.9999999999999999,1.0,1.0000000000000002
random-5434-limited,transport,17,Q2_gauss3,1,12,23,0.16562044741319487,0.021516879766844105,0.1306562356716867,1.1600000049744963,1.1508,1.0070913189406496,1.420908460998199
random-5434-limited,transport,17,Q2_gauss3,2,12,23,0.16562044741319487,0.03047800007181335,0.10218859720954716,1.0005324538677136,1.0,0.9039744181238804,1.0967094840974456
random-5434-limited,transport,18,LLS_support,0,12,24,0.17013157740453116,0.0,0.0,0.9999999999999999,0.9999999999999999,1.0,1.0
random-5434-limited,transport,18,LLS_support,1,12,24,0.17013157740453116,0.024187710430282876,0.14389587671665682,1.1536884765131143,1.1431999999999998,1.006595214108273,1.4145
random-5434-limited,transport,18,LLS_support,2,12,24,0.17013157740453116,0.032734282258697574,0.10481350695954844,1.0009938604728013,1.0,0.9001160430526404,1.0999048180066644
random-5434-limited,transport,18,LLS_gauss3,0,12,24,0.17013157740453116,0.0,0.0,0.9999999999999999,0.9999999999999999,1.0,1.0
random-5434-limited,transport,18,LLS_gauss3,1,12,24,0.17013157740453116,0.023827849703439614,0.13826158892624035,1.1536884765131146,1.1432,1.0070878532842922,1.410825925708636
random-5434-limited,transport,18,LLS_gauss3,2,12,24,0.17013157740453116,0.03170169712615312,0.10238372706433177,1.0009938604728017,0.9999999999999997,0.9020253459695448,1.0982688107655665
random-5434-limited,transport,18,Q2_support,0,12,24,0.17013157740453116,0.0,0.0,0.9999999999999999,0.9999999999999999,1.0,1.0
random-5434-limited,transport,18,Q2_support,1,12,24,0.17013157740453116,0.024156886040131515,0.14389587671665682,1.1536884765131146,1.1431999999999998,1.0070939012463016,1.4145
random-5434-limited,transport,18,Q2_support,2,12,24,0.17013157740453116,0.032316158540769975,0.10481350695954844,1.000993860472802,1.0,0.9026461473979025,1.097416158000522
random-5434-limited,transport,18,Q2_gauss3,0,12,24,0.17013157740453116,9.438854332592234e-17,1.4901161193847657e-16,0.9999999999999999,0.9999999999999999,1.0,1.0000000000000002
random-5434-limited,transport,18,Q2_gauss3,1,12,24,0.17013157740453116,0.023812411915220707,0.13825820557398602,1.1536884765131148,1.1432,1.007093288842949,1.4111870070263743
random-5434-limited,transport,18,Q2_gauss3,2,12,24,0.17013157740453116,0.03154479094938719,0.10240968445613757,1.0009938604728013,0.9999999999999997,0.9031942612259289,1.0968533780225462
random-5434-limited,transport,19,LLS_support,0,12,24,0.15738075446751998,0.0,0.0,0.9999999999999999,0.9999999999999999,1.0,1.0
random-5434-limited,transport,19,LLS_support,1,12,24,0.15738075446751998,0.026578317725198614,0.1514940012039721,1.147478425267127,1.1356,1.006595214108273,1.4040138714131725
random-5434-limited,transport,19,LLS_support,2,12,24,0.15738075446751998,0.03394021089978341,0.11371980930761755,1.0011439043994999,0.9999999999999997,0.9001160430526404,1.0999048180066644
random-5434-limited,transport,19,LLS_gauss3,0,12,24,0.15738075446751998,0.0,0.0,0.9999999999999999,0.9999999999999999,1.0,1.0
random-5434-limited,transport,19,LLS_gauss3,1,12,24,0.15738075446751998,0.02622214040255484,0.1458597411872056,1.1474784252671273,1.1356,1.0070834470093173,1.4009903401182768
random-5434-limited,transport,19,LLS_gauss3,2,12,24,0.15738075446751998,0.03288520050529583,0.10510312804972828,1.0011439043994999,1.0,0.9023393723844108,1.0980596669252447
random-5434-limited,transport,19,Q2_support,0,12,24,0.15738075446751998,0.0,0.0,0.9999999999999999,0.9999999999999999,1.0,1.0
random-5434-limited,transport,19,Q2_support,1,12,24,0.15738075446751998,0.02654987364976381,0.1514940012039721,1.1474784252671275,1.1356,1.0070038911830113,1.4040138714131725
random-5434-limited,transport,19,Q2_support,2,12,24,0.15738075446751998,0.033545921750266425,0.11315847660079659,1.0011439043994994,0.9999999999999997,0.9030225239226064,1.0957668902715598
random-5434-limited,transport,19,Q2_gauss3,0,12,24,0.15738075446751998,9.438854332592234e-17,1.4901161193847657e-16,0.9999999999999999,0.9999999999999999,1.0,1.0000000000000002
random-5434-limited,transport,19,Q2_gauss3,1,12,24,0.15738075446751998,0.026207809054820667,0.1458534693980418,1.1474784252671275,1.1356,1.0070885526670048,1.4013944806259975
random-5434-limited,transport,19,Q2_gauss3,2,12,24,0.15738075446751998,0.03273548495558517,0.10516680468102903,1.0011439043994994,1.0,0.9036713421660362,1.0962649526534338
random-5434-limited,transport,20,LLS_support,0,12,24,0.16002947193639616,0.0,0.0,0.9999999999999999,0.9999999999999999,1.0,1.0
random-5434-limited,transport,20,LLS_support,1,12,24,0.16002947193639616,0.029071189863777862,0.15909468489858433,1.1413631028314868,1.128,1.006595214108273,1.3974916398543653
random-5434-limited,transport,20,LLS_support,2,12,24,0.16002947193639616,0.03520731166982517,0.12355859859990045,1.0014677883401992,0.9999999999999994,0.9001160430526404,1.0999048180066644
random-5434-limited,transport,20,LLS_gauss3,0,12,24,0.16002947193639616,0.0,0.0,0.9999999999999999,0.9999999999999999,1.0,1.0
random-5434-limited,transport,20,LLS_gauss3,1,12,24,0.16002947193639616,0.02872318868830089,0.15346021181032882,1.1413631028314872,1.128,1.0070922627510375,1.3942251759630389
random-5434-limited,transport,20,LLS_gauss3,2,12,24,0.16002947193639616,0.03414886802684007,0.11387542638168738,1.0014677883401997,1.0,0.9029972328339697,1.0972633629460529
random-5434-limited,transport,20,Q2_support,0,12,24,0.16002947193639616,0.0,0.0,0.9999999999999999,0.9999999999999999,1.0,1.0
random-5434-limited,transport,20,Q2_support,1,12,24,0.16002947193639616,0.029047675417354066,0.15909468489858433,1.1413631028314866,1.128,1.0070907537591136,1.3974916398543653
random-5434-limited,transport,20,Q2_support,2,12,24,0.16002947193639616,0.03484755639746139,0.12218684898027152,1.0014677883402001,0.9999999999999994,0.901849076348307,1.096746858397556
random-5434-limited,transport,20,Q2_gauss3,0,12,24,0.16002947193639616,9.438854332592234e-17,1.4901161193847657e-16,0.9999999999999999,0.9999999999999999,1.0,1.0000000000000002
random-5434-limited,transport,20,Q2_gauss3,1,12,24,0.16002947193639616,0.02871133543824096,0.15345846364667595,1.1413631028314877,1.128,1.0070790717093703,1.3945818685258853
random-5434-limited,transport,20,Q2_gauss3,2,12,24,0.16002947193639616,0.03400784534994199,0.11366429539392918,1.0014677883402001,1.0,0.9038528611900417,1.0952313283035473
