In file included from [01m[K/home/ein/repository/aspect-pf-rsf-refactor/source/particle/particle_domain.cc:21[m[K:
[01m[K/home/ein/repository/aspect-pf-rsf-refactor/include/aspect/particle/particle_domain.h:50:24:[m[K [01;31m[Kerror: [m[K‘[01m[Ktypes[m[K’ does not name a type; did you mean ‘[01m[Ktypeof[m[K’?
   50 |           reinit(const [01;31m[Ktypes[m[K::particle_index max_local_particle_index);
      |                        [01;31m[K^~~~~[m[K
      |                        [32m[Ktypeof[m[K
[01m[K/home/ein/repository/aspect-pf-rsf-refactor/include/aspect/particle/particle_domain.h:50:46:[m[K [01;31m[Kerror: [m[Kexpected unqualified-id before ‘[01m[Kmax_local_particle_index[m[K’
   50 |           reinit(const types::particle_index [01;31m[Kmax_local_particle_index[m[K);
      |                                              [01;31m[K^~~~~~~~~~~~~~~~~~~~~~~~[m[K
[01m[K/home/ein/repository/aspect-pf-rsf-refactor/include/aspect/particle/particle_domain.h:50:45:[m[K [01;31m[Kerror: [m[Kexpected ‘[01m[K)[m[K’ before ‘[01m[Kmax_local_particle_index[m[K’
   50 |           reinit[34m[K([m[Kconst types::particle_index[01;31m[K [m[K[32m[Kmax_local_particle_index[m[K);
      |                 [34m[K~[m[K                           [01;31m[K^[m[K[32m[K~~~~~~~~~~~~~~~~~~~~~~~~[m[K
      |                                             [32m[K)[m[K
[01m[K/home/ein/repository/aspect-pf-rsf-refactor/include/aspect/particle/particle_domain.h:50:31:[m[K [01;31m[Kerror: [m[Kexpected ‘[01m[K;[m[K’ at end of member declaration
   50 |           reinit(const types::[01;31m[Kparticle_index[m[K max_local_particle_index);
      |                               [01;31m[K^~~~~~~~~~~~~~[m[K
      |                                             [32m[K;[m[K
[01m[K/home/ein/repository/aspect-pf-rsf-refactor/include/aspect/particle/particle_domain.h:50:46:[m[K [01;31m[Kerror: [m[K‘[01m[Kmax_local_particle_index[m[K’ does not name a type
   50 |           reinit(const types::particle_index [01;31m[Kmax_local_particle_index[m[K);
      |                                              [01;31m[K^~~~~~~~~~~~~~~~~~~~~~~~[m[K
[01m[K/home/ein/repository/aspect-pf-rsf-refactor/include/aspect/particle/particle_domain.h:63:27:[m[K [01;31m[Kerror: [m[K‘[01m[Ktypes[m[K’ does not name a type; did you mean ‘[01m[Ktypeof[m[K’?
   63 |           push_back(const [01;31m[Ktypes[m[K::particle_index                              particle_index,
      |                           [01;31m[K^~~~~[m[K
      |                           [32m[Ktypeof[m[K
[01m[K/home/ein/repository/aspect-pf-rsf-refactor/include/aspect/particle/particle_domain.h:63:78:[m[K [01;31m[Kerror: [m[Kexpected unqualified-id before ‘[01m[Kparticle_index[m[K’
   63 |           push_back(const types::particle_index                              [01;31m[Kparticle_index[m[K,
      |                                                                              [01;31m[K^~~~~~~~~~~~~~[m[K
[01m[K/home/ein/repository/aspect-pf-rsf-refactor/include/aspect/particle/particle_domain.h:63:48:[m[K [01;31m[Kerror: [m[Kexpected ‘[01m[K)[m[K’ before ‘[01m[Kparticle_index[m[K’
   63 |           push_back[34m[K([m[Kconst types::particle_index[01;31m[K [m[K                             [32m[Kparticle_index[m[K,
      |                    [34m[K~[m[K                           [01;31m[K^[m[K                             [32m[K~~~~~~~~~~~~~~[m[K
      |                                                [32m[K)[m[K
[01m[K/home/ein/repository/aspect-pf-rsf-refactor/include/aspect/particle/particle_domain.h:63:34:[m[K [01;31m[Kerror: [m[Kexpected ‘[01m[K;[m[K’ at end of member declaration
   63 |           push_back(const types::[01;31m[Kparticle_index[m[K                              particle_index,
      |                                  [01;31m[K^~~~~~~~~~~~~~[m[K
      |                                                [32m[K;[m[K
[01m[K/home/ein/repository/aspect-pf-rsf-refactor/include/aspect/particle/particle_domain.h:63:78:[m[K [01;31m[Kerror: [m[K‘[01m[Kparticle_index[m[K’ does not name a type
   63 |           push_back(const types::particle_index                              [01;31m[Kparticle_index[m[K,
      |                                                                              [01;31m[K^~~~~~~~~~~~~~[m[K
[01m[K/home/ein/repository/aspect-pf-rsf-refactor/include/aspect/particle/particle_domain.h:72:25:[m[K [01;31m[Kerror: [m[K‘[01m[Ktypes[m[K’ does not name a type; did you mean ‘[01m[Ktypeof[m[K’?
   72 |           n_faces(const [01;31m[Ktypes[m[K::particle_index particle_index) const;
      |                         [01;31m[K^~~~~[m[K
      |                         [32m[Ktypeof[m[K
[01m[K/home/ein/repository/aspect-pf-rsf-refactor/include/aspect/particle/particle_domain.h:72:47:[m[K [01;31m[Kerror: [m[Kexpected unqualified-id before ‘[01m[Kparticle_index[m[K’
   72 |           n_faces(const types::particle_index [01;31m[Kparticle_index[m[K) const;
      |                                               [01;31m[K^~~~~~~~~~~~~~[m[K
[01m[K/home/ein/repository/aspect-pf-rsf-refactor/include/aspect/particle/particle_domain.h:72:46:[m[K [01;31m[Kerror: [m[Kexpected ‘[01m[K)[m[K’ before ‘[01m[Kparticle_index[m[K’
   72 |           n_faces[34m[K([m[Kconst types::particle_index[01;31m[K [m[K[32m[Kparticle_index[m[K) const;
      |                  [34m[K~[m[K                           [01;31m[K^[m[K[32m[K~~~~~~~~~~~~~~[m[K
      |                                              [32m[K)[m[K
[01m[K/home/ein/repository/aspect-pf-rsf-refactor/include/aspect/particle/particle_domain.h:72:32:[m[K [01;31m[Kerror: [m[Kexpected ‘[01m[K;[m[K’ at end of member declaration
   72 |           n_faces(const types::[01;31m[Kparticle_index[m[K particle_index) const;
      |                                [01;31m[K^~~~~~~~~~~~~~[m[K
      |                                              [32m[K;[m[K
[01m[K/home/ein/repository/aspect-pf-rsf-refactor/include/aspect/particle/particle_domain.h:72:47:[m[K [01;31m[Kerror: [m[K‘[01m[Kparticle_index[m[K’ does not name a type
   72 |           n_faces(const types::particle_index [01;31m[Kparticle_index[m[K) const;
      |                                               [01;31m[K^~~~~~~~~~~~~~[m[K
[01m[K/home/ein/repository/aspect-pf-rsf-refactor/include/aspect/particle/particle_domain.h:81:30:[m[K [01;31m[Kerror: [m[K‘[01m[Ktypes[m[K’ does not name a type; did you mean ‘[01m[Ktypeof[m[K’?
   81 |           face_measure(const [01;31m[Ktypes[m[K::particle_index particle_index,
      |                              [01;31m[K^~~~~[m[K
      |                              [32m[Ktypeof[m[K
[01m[K/home/ein/repository/aspect-pf-rsf-refactor/include/aspect/particle/particle_domain.h:81:52:[m[K [01;31m[Kerror: [m[Kexpected unqualified-id before ‘[01m[Kparticle_index[m[K’
   81 |           face_measure(const types::particle_index [01;31m[Kparticle_index[m[K,
      |                                                    [01;31m[K^~~~~~~~~~~~~~[m[K
[01m[K/home/ein/repository/aspect-pf-rsf-refactor/include/aspect/particle/particle_domain.h:81:51:[m[K [01;31m[Kerror: [m[Kexpected ‘[01m[K)[m[K’ before ‘[01m[Kparticle_index[m[K’
   81 |           face_measure[34m[K([m[Kconst types::particle_index[01;31m[K [m[K[32m[Kparticle_index[m[K,
      |                       [34m[K~[m[K                           [01;31m[K^[m[K[32m[K~~~~~~~~~~~~~~[m[K
      |                                                   [32m[K)[m[K
[01m[K/home/ein/repository/aspect-pf-rsf-refactor/include/aspect/particle/particle_domain.h:81:37:[m[K [01;31m[Kerror: [m[Kexpected ‘[01m[K;[m[K’ at end of member declaration
   81 |           face_measure(const types::[01;31m[Kparticle_index[m[K particle_index,
      |                                     [01;31m[K^~~~~~~~~~~~~~[m[K
      |                                                   [32m[K;[m[K
[01m[K/home/ein/repository/aspect-pf-rsf-refactor/include/aspect/particle/particle_domain.h:81:52:[m[K [01;31m[Kerror: [m[K‘[01m[Kparticle_index[m[K’ does not name a type
   81 |           face_measure(const types::particle_index [01;31m[Kparticle_index[m[K,
      |                                                    [01;31m[K^~~~~~~~~~~~~~[m[K
[01m[K/home/ein/repository/aspect-pf-rsf-refactor/include/aspect/particle/particle_domain.h:95:35:[m[K [01;31m[Kerror: [m[K‘[01m[Ktypes[m[K’ does not name a type; did you mean ‘[01m[Ktypeof[m[K’?
   95 |           neighbor_particle(const [01;31m[Ktypes[m[K::particle_index  particle_index,
      |                                   [01;31m[K^~~~~[m[K
      |                                   [32m[Ktypeof[m[K
[01m[K/home/ein/repository/aspect-pf-rsf-refactor/include/aspect/particle/particle_domain.h:95:58:[m[K [01;31m[Kerror: [m[Kexpected unqualified-id before ‘[01m[Kparticle_index[m[K’
   95 |           neighbor_particle(const types::particle_index  [01;31m[Kparticle_index[m[K,
      |                                                          [01;31m[K^~~~~~~~~~~~~~[m[K
[01m[K/home/ein/repository/aspect-pf-rsf-refactor/include/aspect/particle/particle_domain.h:95:56:[m[K [01;31m[Kerror: [m[Kexpected ‘[01m[K)[m[K’ before ‘[01m[Kparticle_index[m[K’
   95 |           neighbor_particle[34m[K([m[Kconst types::particle_index[01;31m[K [m[K [32m[Kparticle_index[m[K,
      |                            [34m[K~[m[K                           [01;31m[K^[m[K [32m[K~~~~~~~~~~~~~~[m[K
      |                                                        [32m[K)[m[K
[01m[K/home/ein/repository/aspect-pf-rsf-refactor/include/aspect/particle/particle_domain.h:95:42:[m[K [01;31m[Kerror: [m[Kexpected ‘[01m[K;[m[K’ at end of member declaration
   95 |           neighbor_particle(const types::[01;31m[Kparticle_index[m[K  particle_index,
      |                                          [01;31m[K^~~~~~~~~~~~~~[m[K
      |                                                        [32m[K;[m[K
[01m[K/home/ein/repository/aspect-pf-rsf-refactor/include/aspect/particle/particle_domain.h:95:58:[m[K [01;31m[Kerror: [m[K‘[01m[Kparticle_index[m[K’ does not name a type
   95 |           neighbor_particle(const types::particle_index  [01;31m[Kparticle_index[m[K,
      |                                                          [01;31m[K^~~~~~~~~~~~~~[m[K
[01m[K/home/ein/repository/aspect-pf-rsf-refactor/include/aspect/particle/particle_domain.h:155:24:[m[K [01;31m[Kerror: [m[K‘[01m[Ktypes[m[K’ does not name a type; did you mean ‘[01m[Ktypeof[m[K’?
  155 |           reinit(const [01;31m[Ktypes[m[K::particle_index max_local_particle_index);
      |                        [01;31m[K^~~~~[m[K
      |                        [32m[Ktypeof[m[K
[01m[K/home/ein/repository/aspect-pf-rsf-refactor/include/aspect/particle/particle_domain.h:155:46:[m[K [01;31m[Kerror: [m[Kexpected unqualified-id before ‘[01m[Kmax_local_particle_index[m[K’
  155 |           reinit(const types::particle_index [01;31m[Kmax_local_particle_index[m[K);
      |                                              [01;31m[K^~~~~~~~~~~~~~~~~~~~~~~~[m[K
[01m[K/home/ein/repository/aspect-pf-rsf-refactor/include/aspect/particle/particle_domain.h:155:45:[m[K [01;31m[Kerror: [m[Kexpected ‘[01m[K)[m[K’ before ‘[01m[Kmax_local_particle_index[m[K’
  155 |           reinit[34m[K([m[Kconst types::particle_index[01;31m[K [m[K[32m[Kmax_local_particle_index[m[K);
      |                 [34m[K~[m[K                           [01;31m[K^[m[K[32m[K~~~~~~~~~~~~~~~~~~~~~~~~[m[K
      |                                             [32m[K)[m[K
[01m[K/home/ein/repository/aspect-pf-rsf-refactor/include/aspect/particle/particle_domain.h:155:31:[m[K [01;31m[Kerror: [m[Kexpected ‘[01m[K;[m[K’ at end of member declaration
  155 |           reinit(const types::[01;31m[Kparticle_index[m[K max_local_particle_index);
      |                               [01;31m[K^~~~~~~~~~~~~~[m[K
      |                                             [32m[K;[m[K
[01m[K/home/ein/repository/aspect-pf-rsf-refactor/include/aspect/particle/particle_domain.h:155:46:[m[K [01;31m[Kerror: [m[K‘[01m[Kmax_local_particle_index[m[K’ does not name a type
  155 |           reinit(const types::particle_index [01;31m[Kmax_local_particle_index[m[K);
      |                                              [01;31m[K^~~~~~~~~~~~~~~~~~~~~~~~[m[K
[01m[K/home/ein/repository/aspect-pf-rsf-refactor/include/aspect/particle/particle_domain.h:166:27:[m[K [01;31m[Kerror: [m[K‘[01m[Ktypes[m[K’ does not name a type; did you mean ‘[01m[Ktypeof[m[K’?
  166 |           push_back(const [01;31m[Ktypes[m[K::particle_index                                      particle_index,
      |                           [01;31m[K^~~~~[m[K
      |                           [32m[Ktypeof[m[K
[01m[K/home/ein/repository/aspect-pf-rsf-refactor/include/aspect/particle/particle_domain.h:166:86:[m[K [01;31m[Kerror: [m[Kexpected unqualified-id before ‘[01m[Kparticle_index[m[K’
  166 |           push_back(const types::particle_index                                      [01;31m[Kparticle_index[m[K,
      |                                                                                      [01;31m[K^~~~~~~~~~~~~~[m[K
[01m[K/home/ein/repository/aspect-pf-rsf-refactor/include/aspect/particle/particle_domain.h:166:48:[m[K [01;31m[Kerror: [m[Kexpected ‘[01m[K)[m[K’ before ‘[01m[Kparticle_index[m[K’
  166 |           push_back[34m[K([m[Kconst types::particle_index[01;31m[K [m[K                                     [32m[Kparticle_index[m[K,
      |                    [34m[K~[m[K                           [01;31m[K^[m[K                                     [32m[K~~~~~~~~~~~~~~[m[K
      |                                                [32m[K)[m[K
[01m[K/home/ein/repository/aspect-pf-rsf-refactor/include/aspect/particle/particle_domain.h:166:34:[m[K [01;31m[Kerror: [m[Kexpected ‘[01m[K;[m[K’ at end of member declaration
  166 |           push_back(const types::[01;31m[Kparticle_index[m[K                                      particle_index,
      |                                  [01;31m[K^~~~~~~~~~~~~~[m[K
      |                                                [32m[K;[m[K
[01m[K/home/ein/repository/aspect-pf-rsf-refactor/include/aspect/particle/particle_domain.h:166:86:[m[K [01;31m[Kerror: [m[K‘[01m[Kparticle_index[m[K’ does not name a type
  166 |           push_back(const types::particle_index                                      [01;31m[Kparticle_index[m[K,
      |                                                                                      [01;31m[K^~~~~~~~~~~~~~[m[K
[01m[K/home/ein/repository/aspect-pf-rsf-refactor/include/aspect/particle/particle_domain.h:177:37:[m[K [01;31m[Kerror: [m[K‘[01m[Ktypes[m[K’ does not name a type; did you mean ‘[01m[Ktypeof[m[K’?
  177 |           n_relevant_vertices(const [01;31m[Ktypes[m[K::particle_index particle_index) const;
      |                                     [01;31m[K^~~~~[m[K
      |                                     [32m[Ktypeof[m[K
[01m[K/home/ein/repository/aspect-pf-rsf-refactor/include/aspect/particle/particle_domain.h:177:59:[m[K [01;31m[Kerror: [m[Kexpected unqualified-id before ‘[01m[Kparticle_index[m[K’
  177 |           n_relevant_vertices(const types::particle_index [01;31m[Kparticle_index[m[K) const;
      |                                                           [01;31m[K^~~~~~~~~~~~~~[m[K
[01m[K/home/ein/repository/aspect-pf-rsf-refactor/include/aspect/particle/particle_domain.h:177:58:[m[K [01;31m[Kerror: [m[Kexpected ‘[01m[K)[m[K’ before ‘[01m[Kparticle_index[m[K’
  177 |           n_relevant_vertices[34m[K([m[Kconst types::particle_index[01;31m[K [m[K[32m[Kparticle_index[m[K) const;
      |                              [34m[K~[m[K                           [01;31m[K^[m[K[32m[K~~~~~~~~~~~~~~[m[K
      |                                                          [32m[K)[m[K
[01m[K/home/ein/repository/aspect-pf-rsf-refactor/include/aspect/particle/particle_domain.h:177:44:[m[K [01;31m[Kerror: [m[Kexpected ‘[01m[K;[m[K’ at end of member declaration
  177 |           n_relevant_vertices(const types::[01;31m[Kparticle_index[m[K particle_index) const;
      |                                            [01;31m[K^~~~~~~~~~~~~~[m[K
      |                                                          [32m[K;[m[K
[01m[K/home/ein/repository/aspect-pf-rsf-refactor/include/aspect/particle/particle_domain.h:177:59:[m[K [01;31m[Kerror: [m[K‘[01m[Kparticle_index[m[K’ does not name a type
  177 |           n_relevant_vertices(const types::particle_index [01;31m[Kparticle_index[m[K) const;
      |                                                           [01;31m[K^~~~~~~~~~~~~~[m[K
[01m[K/home/ein/repository/aspect-pf-rsf-refactor/include/aspect/particle/particle_domain.h:186:39:[m[K [01;31m[Kerror: [m[K‘[01m[Ktypes[m[K’ does not name a type; did you mean ‘[01m[Ktypeof[m[K’?
  186 |           relevant_vertex_index(const [01;31m[Ktypes[m[K::particle_index particle_index,
      |                                       [01;31m[K^~~~~[m[K
      |                                       [32m[Ktypeof[m[K
[01m[K/home/ein/repository/aspect-pf-rsf-refactor/include/aspect/particle/particle_domain.h:186:61:[m[K [01;31m[Kerror: [m[Kexpected unqualified-id before ‘[01m[Kparticle_index[m[K’
  186 |           relevant_vertex_index(const types::particle_index [01;31m[Kparticle_index[m[K,
      |                                                             [01;31m[K^~~~~~~~~~~~~~[m[K
[01m[K/home/ein/repository/aspect-pf-rsf-refactor/include/aspect/particle/particle_domain.h:186:60:[m[K [01;31m[Kerror: [m[Kexpected ‘[01m[K)[m[K’ before ‘[01m[Kparticle_index[m[K’
  186 |           relevant_vertex_index[34m[K([m[Kconst types::particle_index[01;31m[K [m[K[32m[Kparticle_index[m[K,
      |                                [34m[K~[m[K                           [01;31m[K^[m[K[32m[K~~~~~~~~~~~~~~[m[K
      |                                                            [32m[K)[m[K
[01m[K/home/ein/repository/aspect-pf-rsf-refactor/include/aspect/particle/particle_domain.h:186:46:[m[K [01;31m[Kerror: [m[Kexpected ‘[01m[K;[m[K’ at end of member declaration
  186 |           relevant_vertex_index(const types::[01;31m[Kparticle_index[m[K particle_index,
      |                                              [01;31m[K^~~~~~~~~~~~~~[m[K
      |                                                            [32m[K;[m[K
[01m[K/home/ein/repository/aspect-pf-rsf-refactor/include/aspect/particle/particle_domain.h:186:61:[m[K [01;31m[Kerror: [m[K‘[01m[Kparticle_index[m[K’ does not name a type
  186 |           relevant_vertex_index(const types::particle_index [01;31m[Kparticle_index[m[K,
      |                                                             [01;31m[K^~~~~~~~~~~~~~[m[K
[01m[K/home/ein/repository/aspect-pf-rsf-refactor/include/aspect/particle/particle_domain.h:197:42:[m[K [01;31m[Kerror: [m[K‘[01m[Ktypes[m[K’ does not name a type; did you mean ‘[01m[Ktypeof[m[K’?
  197 |           weighting_function_value(const [01;31m[Ktypes[m[K::particle_index particle_index,
      |                                          [01;31m[K^~~~~[m[K
      |                                          [32m[Ktypeof[m[K
[01m[K/home/ein/repository/aspect-pf-rsf-refactor/include/aspect/particle/particle_domain.h:197:64:[m[K [01;31m[Kerror: [m[Kexpected unqualified-id before ‘[01m[Kparticle_index[m[K’
  197 |           weighting_function_value(const types::particle_index [01;31m[Kparticle_index[m[K,
      |                                                                [01;31m[K^~~~~~~~~~~~~~[m[K
[01m[K/home/ein/repository/aspect-pf-rsf-refactor/include/aspect/particle/particle_domain.h:197:63:[m[K [01;31m[Kerror: [m[Kexpected ‘[01m[K)[m[K’ before ‘[01m[Kparticle_index[m[K’
  197 |           weighting_function_value[34m[K([m[Kconst types::particle_index[01;31m[K [m[K[32m[Kparticle_index[m[K,
      |                                   [34m[K~[m[K                           [01;31m[K^[m[K[32m[K~~~~~~~~~~~~~~[m[K
      |                                                               [32m[K)[m[K
[01m[K/home/ein/repository/aspect-pf-rsf-refactor/include/aspect/particle/particle_domain.h:197:49:[m[K [01;31m[Kerror: [m[Kexpected ‘[01m[K;[m[K’ at end of member declaration
  197 |           weighting_function_value(const types::[01;31m[Kparticle_index[m[K particle_index,
      |                                                 [01;31m[K^~~~~~~~~~~~~~[m[K
      |                                                               [32m[K;[m[K
[01m[K/home/ein/repository/aspect-pf-rsf-refactor/include/aspect/particle/particle_domain.h:197:64:[m[K [01;31m[Kerror: [m[K‘[01m[Kparticle_index[m[K’ does not name a type
  197 |           weighting_function_value(const types::particle_index [01;31m[Kparticle_index[m[K,
      |                                                                [01;31m[K^~~~~~~~~~~~~~[m[K
[01m[K/home/ein/repository/aspect-pf-rsf-refactor/include/aspect/particle/particle_domain.h:207:11:[m[K [01;31m[Kerror: [m[K‘[01m[KTensor[m[K’ does not name a type
  207 |           [01;31m[KTensor[m[K<1, dim>
      |           [01;31m[K^~~~~~[m[K
[01m[K/home/ein/repository/aspect-pf-rsf-refactor/include/aspect/particle/particle_domain.h:241:37:[m[K [01;31m[Kerror: [m[K‘[01m[KTriangulation[m[K’ does not name a type
  241 |                               const [01;31m[KTriangulation[m[K<dim>   &triangulation,
      |                                     [01;31m[K^~~~~~~~~~~~~[m[K
[01m[K/home/ein/repository/aspect-pf-rsf-refactor/include/aspect/particle/particle_domain.h:241:50:[m[K [01;31m[Kerror: [m[Kexpected ‘[01m[K,[m[K’ or ‘[01m[K...[m[K’ before ‘[01m[K<[m[K’ token
  241 |                               const Triangulation[01;31m[K<[m[Kdim>   &triangulation,
      |                                                  [01;31m[K^[m[K
[01m[K/home/ein/repository/aspect-pf-rsf-refactor/include/aspect/particle/particle_domain.h:250:35:[m[K [01;31m[Kerror: [m[K‘[01m[Ktypes[m[K’ does not name a type; did you mean ‘[01m[Ktypeof[m[K’?
  250 |         get_particle_domain(const [01;31m[Ktypes[m[K::particle_index particle_index) const;
      |                                   [01;31m[K^~~~~[m[K
      |                                   [32m[Ktypeof[m[K
[01m[K/home/ein/repository/aspect-pf-rsf-refactor/include/aspect/particle/particle_domain.h:250:57:[m[K [01;31m[Kerror: [m[Kexpected unqualified-id before ‘[01m[Kparticle_index[m[K’
  250 |         get_particle_domain(const types::particle_index [01;31m[Kparticle_index[m[K) const;
      |                                                         [01;31m[K^~~~~~~~~~~~~~[m[K
[01m[K/home/ein/repository/aspect-pf-rsf-refactor/include/aspect/particle/particle_domain.h:250:56:[m[K [01;31m[Kerror: [m[Kexpected ‘[01m[K)[m[K’ before ‘[01m[Kparticle_index[m[K’
  250 |         get_particle_domain[34m[K([m[Kconst types::particle_index[01;31m[K [m[K[32m[Kparticle_index[m[K) const;
      |                            [34m[K~[m[K                           [01;31m[K^[m[K[32m[K~~~~~~~~~~~~~~[m[K
      |                                                        [32m[K)[m[K
[01m[K/home/ein/repository/aspect-pf-rsf-refactor/include/aspect/particle/particle_domain.h:250:42:[m[K [01;31m[Kerror: [m[Kexpected ‘[01m[K;[m[K’ at end of member declaration
  250 |         get_particle_domain(const types::[01;31m[Kparticle_index[m[K particle_index) const;
      |                                          [01;31m[K^~~~~~~~~~~~~~[m[K
      |                                                        [32m[K;[m[K
[01m[K/home/ein/repository/aspect-pf-rsf-refactor/include/aspect/particle/particle_domain.h:250:57:[m[K [01;31m[Kerror: [m[K‘[01m[Kparticle_index[m[K’ does not name a type
  250 |         get_particle_domain(const types::particle_index [01;31m[Kparticle_index[m[K) const;
      |                                                         [01;31m[K^~~~~~~~~~~~~~[m[K
[01m[K/home/ein/repository/aspect-pf-rsf-refactor/include/aspect/particle/particle_domain.h:252:15:[m[K [01;31m[Kerror: [m[K‘[01m[KParticles[m[K’ does not name a type
  252 |         const [01;31m[KParticles[m[K::ParticleHandler<dim> &
      |               [01;31m[K^~~~~~~~~[m[K
[01m[K/home/ein/repository/aspect-pf-rsf-refactor/include/aspect/particle/particle_domain.h:273:9:[m[K [01;31m[Kerror: [m[K‘[01m[KSmartPointer[m[K’ does not name a type
  273 |         [01;31m[KSmartPointer[m[K<const ParticleHandler<dim>, ParticleDomainHandler<dim>>    particle_handler;
      |         [01;31m[K^~~~~~~~~~~~[m[K
[01m[K/home/ein/repository/aspect-pf-rsf-refactor/include/aspect/particle/particle_domain.h:274:9:[m[K [01;31m[Kerror: [m[K‘[01m[KSmartPointer[m[K’ does not name a type
  274 |         [01;31m[KSmartPointer[m[K<const Triangulation<dim>, ParticleDomainHandler<dim>>      triangulation;
      |         [01;31m[K^~~~~~~~~~~~[m[K
[01m[K/home/ein/repository/aspect-pf-rsf-refactor/include/aspect/particle/particle_domain.h:275:9:[m[K [01;31m[Kerror: [m[K‘[01m[KSmartPointer[m[K’ does not name a type
  275 |         [01;31m[KSmartPointer[m[K<const Mapping<dim>, ParticleDomainHandler<dim>>            mapping;
      |         [01;31m[K^~~~~~~~~~~~[m[K
[01m[K/home/ein/repository/aspect-pf-rsf-refactor/include/aspect/particle/particle_domain.h:281:33:[m[K [01;31m[Kerror: [m[K‘[01m[KPoint[m[K’ was not declared in this scope
  281 |         std::vector<std::vector<[01;31m[KPoint[m[K<dim>>> domain_vertices;
      |                                 [01;31m[K^~~~~[m[K
[01m[K/home/ein/repository/aspect-pf-rsf-refactor/include/aspect/particle/particle_domain.h:281:33:[m[K [01;36m[Knote: [m[Ksuggested alternatives:
In file included from [01m[K/opt/dealii/9.6-local/include/deal.II/base/symmetric_tensor.h:25[m[K,
                 from [01m[K/opt/dealii/9.6-local/include/deal.II/base/array_view.h:22[m[K,
                 from [01m[K/opt/dealii/9.6-local/include/deal.II/particles/particle_handler.h:20[m[K,
                 from [01m[K/home/ein/repository/aspect-pf-rsf-refactor/include/aspect/particle/particle_domain.h:24[m[K:
[01m[K/opt/dealii/9.6-local/include/deal.II/base/tensor.h:55:7:[m[K [01;36m[Knote: [m[K  ‘[01m[Kdealii::Point[m[K’
   55 | class [01;36m[KPoint[m[K;
      |       [01;36m[K^~~~~[m[K
In file included from [01m[K/opt/dealii/9.6-local/include/deal.II/bundled/boost/geometry/geometries/segment.hpp:33[m[K,
                 from [01m[K/opt/dealii/9.6-local/include/deal.II/boost_adaptors/segment.h:24[m[K,
                 from [01m[K/opt/dealii/9.6-local/include/deal.II/numerics/rtree.h:25[m[K,
                 from [01m[K/opt/dealii/9.6-local/include/deal.II/grid/grid_tools_cache.h:32[m[K,
                 from [01m[K/opt/dealii/9.6-local/include/deal.II/particles/particle_handler.h:30[m[K:
[01m[K/opt/dealii/9.6-local/include/deal.II/bundled/boost/geometry/geometries/concepts/point_concept.hpp:39:7:[m[K [01;36m[Knote: [m[K  ‘[01m[Kboost::geometry::concepts::Point[m[K’
   39 | class [01;36m[KPoint[m[K
      |       [01;36m[K^~~~~[m[K
[01m[K/home/ein/repository/aspect-pf-rsf-refactor/include/aspect/particle/particle_domain.h:281:39:[m[K [01;31m[Kerror: [m[Ktemplate argument 1 is invalid
  281 |         std::vector<std::vector<Point<[01;31m[Kdim[m[K>>> domain_vertices;
      |                                       [01;31m[K^~~[m[K
[01m[K/home/ein/repository/aspect-pf-rsf-refactor/include/aspect/particle/particle_domain.h:281:39:[m[K [01;31m[Kerror: [m[Ktemplate argument 2 is invalid
[01m[K/home/ein/repository/aspect-pf-rsf-refactor/include/aspect/particle/particle_domain.h:281:42:[m[K [01;31m[Kerror: [m[Ktemplate argument 1 is invalid
  281 |         std::vector<std::vector<Point<dim[01;31m[K>>[m[K> domain_vertices;
      |                                          [01;31m[K^~[m[K
[01m[K/home/ein/repository/aspect-pf-rsf-refactor/include/aspect/particle/particle_domain.h:281:42:[m[K [01;31m[Kerror: [m[Ktemplate argument 2 is invalid
[01m[K/home/ein/repository/aspect-pf-rsf-refactor/include/aspect/particle/particle_domain.h:281:44:[m[K [01;31m[Kerror: [m[Kexpected unqualified-id before ‘[01m[K>[m[K’ token
  281 |         std::vector<std::vector<Point<dim>>[01;31m[K>[m[K domain_vertices;
      |                                            [01;31m[K^[m[K
[01m[K/home/ein/repository/aspect-pf-rsf-refactor/include/aspect/particle/particle_domain.h:283:45:[m[K [01;31m[Kerror: [m[K‘[01m[KPoint[m[K’ was not declared in this scope
  283 |         std::vector<std::vector<std::vector<[01;31m[KPoint[m[K<dim>>>> domain_periodic_fragments;
      |                                             [01;31m[K^~~~~[m[K
[01m[K/home/ein/repository/aspect-pf-rsf-refactor/include/aspect/particle/particle_domain.h:283:45:[m[K [01;36m[Knote: [m[Ksuggested alternatives:
[01m[K/opt/dealii/9.6-local/include/deal.II/base/tensor.h:55:7:[m[K [01;36m[Knote: [m[K  ‘[01m[Kdealii::Point[m[K’
   55 | class [01;36m[KPoint[m[K;
      |       [01;36m[K^~~~~[m[K
[01m[K/opt/dealii/9.6-local/include/deal.II/bundled/boost/geometry/geometries/concepts/point_concept.hpp:39:7:[m[K [01;36m[Knote: [m[K  ‘[01m[Kboost::geometry::concepts::Point[m[K’
   39 | class [01;36m[KPoint[m[K
      |       [01;36m[K^~~~~[m[K
[01m[K/home/ein/repository/aspect-pf-rsf-refactor/include/aspect/particle/particle_domain.h:283:51:[m[K [01;31m[Kerror: [m[Ktemplate argument 1 is invalid
  283 |         std::vector<std::vector<std::vector<Point<[01;31m[Kdim[m[K>>>> domain_periodic_fragments;
      |                                                   [01;31m[K^~~[m[K
[01m[K/home/ein/repository/aspect-pf-rsf-refactor/include/aspect/particle/particle_domain.h:283:51:[m[K [01;31m[Kerror: [m[Ktemplate argument 2 is invalid
[01m[K/home/ein/repository/aspect-pf-rsf-refactor/include/aspect/particle/particle_domain.h:283:54:[m[K [01;31m[Kerror: [m[Ktemplate argument 1 is invalid
  283 |         std::vector<std::vector<std::vector<Point<dim[01;31m[K>>[m[K>> domain_periodic_fragments;
      |                                                      [01;31m[K^~[m[K
[01m[K/home/ein/repository/aspect-pf-rsf-refactor/include/aspect/particle/particle_domain.h:283:54:[m[K [01;31m[Kerror: [m[Ktemplate argument 2 is invalid
[01m[K/home/ein/repository/aspect-pf-rsf-refactor/include/aspect/particle/particle_domain.h:283:26:[m[K [01;31m[Kerror: [m[Ktemplate argument 1 is invalid
  283 |         std::vector<std::[01;31m[Kvector<std::vector<Point<dim>>[m[K>> domain_periodic_fragments;
      |                          [01;31m[K^~~~~~~~~~~~~~~~~~~~~~~~~~~~~~[m[K
[01m[K/home/ein/repository/aspect-pf-rsf-refactor/include/aspect/particle/particle_domain.h:283:26:[m[K [01;31m[Kerror: [m[Ktemplate argument 2 is invalid
[01m[K/home/ein/repository/aspect-pf-rsf-refactor/include/aspect/particle/particle_domain.h:283:56:[m[K [01;31m[Kerror: [m[Kexpected unqualified-id before ‘[01m[K>[m[K’ token
  283 |         std::vector<std::vector<std::vector<Point<dim>>[01;31m[K>>[m[K domain_periodic_fragments;
      |                                                        [01;31m[K^~[m[K
[01m[K/home/ein/repository/aspect-pf-rsf-refactor/include/aspect/particle/particle_domain.h:304:38:[m[K [01;31m[Kerror: [m[K‘[01m[Ktypes[m[K’ does not name a type; did you mean ‘[01m[Ktypeof[m[K’?
  304 |                                const [01;31m[Ktypes[m[K::particle_index       particle_index);
      |                                      [01;31m[K^~~~~[m[K
      |                                      [32m[Ktypeof[m[K
[01m[K/home/ein/repository/aspect-pf-rsf-refactor/include/aspect/particle/particle_domain.h:304:66:[m[K [01;31m[Kerror: [m[Kexpected unqualified-id before ‘[01m[Kparticle_index[m[K’
  304 |                                const types::particle_index       [01;31m[Kparticle_index[m[K);
      |                                                                  [01;31m[K^~~~~~~~~~~~~~[m[K
[01m[K/home/ein/repository/aspect-pf-rsf-refactor/include/aspect/particle/particle_domain.h:304:59:[m[K [01;31m[Kerror: [m[Kexpected ‘[01m[K)[m[K’ before ‘[01m[Kparticle_index[m[K’
  304 |                                const types::particle_index[01;31m[K [m[K      [32m[Kparticle_index[m[K);
      |                                                           [01;31m[K^[m[K      [32m[K~~~~~~~~~~~~~~[m[K
      |                                                           [32m[K)[m[K
[01m[K/home/ein/repository/aspect-pf-rsf-refactor/include/aspect/particle/particle_domain.h:303:31:[m[K [01;36m[Knote: [m[Kto match this ‘[01m[K([m[K’
  303 |         ParticleDomainAccessor[01;36m[K([m[Kconst ParticleDomainHandler<dim> &particle_domain_handler,
      |                               [01;36m[K^[m[K
[01m[K/home/ein/repository/aspect-pf-rsf-refactor/include/aspect/particle/particle_domain.h:304:45:[m[K [01;31m[Kerror: [m[Kexpected ‘[01m[K;[m[K’ at end of member declaration
  304 |                                const types::[01;31m[Kparticle_index[m[K       particle_index);
      |                                             [01;31m[K^~~~~~~~~~~~~~[m[K
      |                                                           [32m[K;[m[K
[01m[K/home/ein/repository/aspect-pf-rsf-refactor/include/aspect/particle/particle_domain.h:304:66:[m[K [01;31m[Kerror: [m[K‘[01m[Kparticle_index[m[K’ does not name a type
  304 |                                const types::particle_index       [01;31m[Kparticle_index[m[K);
      |                                                                  [01;31m[K^~~~~~~~~~~~~~[m[K
[01m[K/home/ein/repository/aspect-pf-rsf-refactor/include/aspect/particle/particle_domain.h:309:27:[m[K [01;31m[Kerror: [m[K‘[01m[KPoint[m[K’ was not declared in this scope
  309 |         const std::vector<[01;31m[KPoint[m[K<dim>> &vertices() const
      |                           [01;31m[K^~~~~[m[K
[01m[K/home/ein/repository/aspect-pf-rsf-refactor/include/aspect/particle/particle_domain.h:309:27:[m[K [01;36m[Knote: [m[Ksuggested alternatives:
[01m[K/opt/dealii/9.6-local/include/deal.II/base/tensor.h:55:7:[m[K [01;36m[Knote: [m[K  ‘[01m[Kdealii::Point[m[K’
   55 | class [01;36m[KPoint[m[K;
      |       [01;36m[K^~~~~[m[K
[01m[K/opt/dealii/9.6-local/include/deal.II/bundled/boost/geometry/geometries/concepts/point_concept.hpp:39:7:[m[K [01;36m[Knote: [m[K  ‘[01m[Kboost::geometry::concepts::Point[m[K’
   39 | class [01;36m[KPoint[m[K
      |       [01;36m[K^~~~~[m[K
[01m[K/home/ein/repository/aspect-pf-rsf-refactor/include/aspect/particle/particle_domain.h:309:33:[m[K [01;31m[Kerror: [m[Ktemplate argument 1 is invalid
  309 |         const std::vector<Point<[01;31m[Kdim[m[K>> &vertices() const
      |                                 [01;31m[K^~~[m[K
[01m[K/home/ein/repository/aspect-pf-rsf-refactor/include/aspect/particle/particle_domain.h:309:33:[m[K [01;31m[Kerror: [m[Ktemplate argument 2 is invalid
[01m[K/home/ein/repository/aspect-pf-rsf-refactor/include/aspect/particle/particle_domain.h:309:36:[m[K [01;31m[Kerror: [m[Kexpected unqualified-id before ‘[01m[K>[m[K’ token
  309 |         const std::vector<Point<dim[01;31m[K>>[m[K &vertices() const
      |                                    [01;31m[K^~[m[K
[01m[K/home/ein/repository/aspect-pf-rsf-refactor/include/aspect/particle/particle_domain.h:317:39:[m[K [01;31m[Kerror: [m[K‘[01m[KPoint[m[K’ was not declared in this scope
  317 |         const std::vector<std::vector<[01;31m[KPoint[m[K<dim>>> &periodic_fragments() const
      |                                       [01;31m[K^~~~~[m[K
[01m[K/home/ein/repository/aspect-pf-rsf-refactor/include/aspect/particle/particle_domain.h:317:39:[m[K [01;36m[Knote: [m[Ksuggested alternatives:
[01m[K/opt/dealii/9.6-local/include/deal.II/base/tensor.h:55:7:[m[K [01;36m[Knote: [m[K  ‘[01m[Kdealii::Point[m[K’
   55 | class [01;36m[KPoint[m[K;
      |       [01;36m[K^~~~~[m[K
[01m[K/opt/dealii/9.6-local/include/deal.II/bundled/boost/geometry/geometries/concepts/point_concept.hpp:39:7:[m[K [01;36m[Knote: [m[K  ‘[01m[Kboost::geometry::concepts::Point[m[K’
   39 | class [01;36m[KPoint[m[K
      |       [01;36m[K^~~~~[m[K
[01m[K/home/ein/repository/aspect-pf-rsf-refactor/include/aspect/particle/particle_domain.h:317:45:[m[K [01;31m[Kerror: [m[Ktemplate argument 1 is invalid
  317 |         const std::vector<std::vector<Point<[01;31m[Kdim[m[K>>> &periodic_fragments() const
      |                                             [01;31m[K^~~[m[K
[01m[K/home/ein/repository/aspect-pf-rsf-refactor/include/aspect/particle/particle_domain.h:317:45:[m[K [01;31m[Kerror: [m[Ktemplate argument 2 is invalid
[01m[K/home/ein/repository/aspect-pf-rsf-refactor/include/aspect/particle/particle_domain.h:317:48:[m[K [01;31m[Kerror: [m[Ktemplate argument 1 is invalid
  317 |         const std::vector<std::vector<Point<dim[01;31m[K>>[m[K> &periodic_fragments() const
      |                                                [01;31m[K^~[m[K
[01m[K/home/ein/repository/aspect-pf-rsf-refactor/include/aspect/particle/particle_domain.h:317:48:[m[K [01;31m[Kerror: [m[Ktemplate argument 2 is invalid
[01m[K/home/ein/repository/aspect-pf-rsf-refactor/include/aspect/particle/particle_domain.h:317:50:[m[K [01;31m[Kerror: [m[Kexpected unqualified-id before ‘[01m[K>[m[K’ token
  317 |         const std::vector<std::vector<Point<dim>>[01;31m[K>[m[K &periodic_fragments() const
      |                                                  [01;31m[K^[m[K
[01m[K/home/ein/repository/aspect-pf-rsf-refactor/include/aspect/particle/particle_domain.h:338:9:[m[K [01;31m[Kerror: [m[K‘[01m[KTensor[m[K’ does not name a type
  338 |         [01;31m[KTensor[m[K<1, dim>
      |         [01;31m[K^~~~~~[m[K
[01m[K/home/ein/repository/aspect-pf-rsf-refactor/include/aspect/particle/particle_domain.h:354:15:[m[K [01;31m[Kerror: [m[K‘[01m[Ktypes[m[K’ does not name a type; did you mean ‘[01m[Ktypeof[m[K’?
  354 |         const [01;31m[Ktypes[m[K::particle_index particle_index;
      |               [01;31m[K^~~~~[m[K
      |               [32m[Ktypeof[m[K
[01m[K/home/ein/repository/aspect-pf-rsf-refactor/include/aspect/particle/particle_domain.h:362:31:[m[K [01;31m[Kerror: [m[K‘[01m[Ktypes[m[K’ does not name a type; did you mean ‘[01m[Ktypeof[m[K’?
  362 |     get_particle_domain(const [01;31m[Ktypes[m[K::particle_index particle_index) const
      |                               [01;31m[K^~~~~[m[K
      |                               [32m[Ktypeof[m[K
[01m[K/home/ein/repository/aspect-pf-rsf-refactor/include/aspect/particle/particle_domain.h:362:53:[m[K [01;31m[Kerror: [m[Kexpected unqualified-id before ‘[01m[Kparticle_index[m[K’
  362 |     get_particle_domain(const types::particle_index [01;31m[Kparticle_index[m[K) const
      |                                                     [01;31m[K^~~~~~~~~~~~~~[m[K
[01m[K/home/ein/repository/aspect-pf-rsf-refactor/include/aspect/particle/particle_domain.h:362:52:[m[K [01;31m[Kerror: [m[Kexpected ‘[01m[K)[m[K’ before ‘[01m[Kparticle_index[m[K’
  362 |     get_particle_domain[34m[K([m[Kconst types::particle_index[01;31m[K [m[K[32m[Kparticle_index[m[K) const
      |                        [34m[K~[m[K                           [01;31m[K^[m[K[32m[K~~~~~~~~~~~~~~[m[K
      |                                                    [32m[K)[m[K
[01m[K/home/ein/repository/aspect-pf-rsf-refactor/include/aspect/particle/particle_domain.h:362:53:[m[K [01;31m[Kerror: [m[Kexpected initializer before ‘[01m[Kparticle_index[m[K’
  362 |     get_particle_domain(const types::particle_index [01;31m[Kparticle_index[m[K) const
      |                                                     [01;31m[K^~~~~~~~~~~~~~[m[K
[01m[K/home/ein/repository/aspect-pf-rsf-refactor/include/aspect/particle/particle_domain.h:371:18:[m[K [01;31m[Kerror: [m[K‘[01m[KParticles[m[K’ does not name a type
  371 |     inline const [01;31m[KParticles[m[K::ParticleHandler<dim> &
      |                  [01;31m[K^~~~~~~~~[m[K
[01m[K/home/ein/repository/aspect-pf-rsf-refactor/include/aspect/particle/particle_domain.h:404:34:[m[K [01;31m[Kerror: [m[K‘[01m[Ktypes[m[K’ does not name a type; did you mean ‘[01m[Ktypeof[m[K’?
  404 |                            const [01;31m[Ktypes[m[K::particle_index       particle_index)
      |                                  [01;31m[K^~~~~[m[K
      |                                  [32m[Ktypeof[m[K
[01m[K/home/ein/repository/aspect-pf-rsf-refactor/include/aspect/particle/particle_domain.h:404:62:[m[K [01;31m[Kerror: [m[Kexpected unqualified-id before ‘[01m[Kparticle_index[m[K’
  404 |                            const types::particle_index       [01;31m[Kparticle_index[m[K)
      |                                                              [01;31m[K^~~~~~~~~~~~~~[m[K
[01m[K/home/ein/repository/aspect-pf-rsf-refactor/include/aspect/particle/particle_domain.h:404:55:[m[K [01;31m[Kerror: [m[Kexpected ‘[01m[K)[m[K’ before ‘[01m[Kparticle_index[m[K’
  404 |                            const types::particle_index[01;31m[K [m[K      [32m[Kparticle_index[m[K)
      |                                                       [01;31m[K^[m[K      [32m[K~~~~~~~~~~~~~~[m[K
      |                                                       [32m[K)[m[K
[01m[K/home/ein/repository/aspect-pf-rsf-refactor/include/aspect/particle/particle_domain.h:403:27:[m[K [01;36m[Knote: [m[Kto match this ‘[01m[K([m[K’
  403 |     ParticleDomainAccessor[01;36m[K([m[Kconst ParticleDomainHandler<dim> &handler_object,
      |                           [01;36m[K^[m[K
[01m[K/home/ein/repository/aspect-pf-rsf-refactor/include/aspect/particle/particle_domain.h:404:62:[m[K [01;31m[Kerror: [m[Kexpected initializer before ‘[01m[Kparticle_index[m[K’
  404 |                            const types::particle_index       [01;31m[Kparticle_index[m[K)
      |                                                              [01;31m[K^~~~~~~~~~~~~~[m[K
[01m[K/home/ein/repository/aspect-pf-rsf-refactor/include/aspect/particle/particle_domain.h:[m[K In member function ‘[01m[Kdouble aspect::Particle::ParticleDomainAccessor<dim>::volume() const[m[K’:
[01m[K/home/ein/repository/aspect-pf-rsf-refactor/include/aspect/particle/particle_domain.h:416:31:[m[K [01;31m[Kerror: [m[K‘[01m[Kparticle_index[m[K’ was not declared in this scope; did you mean ‘[01m[Kdealii::types::particle_index[m[K’?
  416 |       return handler->volumes[[01;31m[Kparticle_index[m[K];
      |                               [01;31m[K^~~~~~~~~~~~~~[m[K
      |                               [32m[Kdealii::types::particle_index[m[K
In file included from [01m[K/opt/dealii/9.6-local/include/deal.II/particles/particle.h:24[m[K,
                 from [01m[K/opt/dealii/9.6-local/include/deal.II/particles/particle_handler.h:32[m[K:
[01m[K/opt/dealii/9.6-local/include/deal.II/particles/property_pool.h:64:9:[m[K [01;36m[Knote: [m[K‘[01m[Kdealii::types::particle_index[m[K’ declared here
   64 |   using [01;36m[Kparticle_index[m[K = unsigned int;
      |         [01;36m[K^~~~~~~~~~~~~~[m[K
[01m[K/home/ein/repository/aspect-pf-rsf-refactor/include/aspect/particle/particle_domain.h:[m[K In member function ‘[01m[Kunsigned int aspect::Particle::ParticleDomainAccessor<dim>::n_faces() const[m[K’:
[01m[K/home/ein/repository/aspect-pf-rsf-refactor/include/aspect/particle/particle_domain.h:426:41:[m[K [01;31m[Kerror: [m[K‘[01m[Kparticle_index[m[K’ was not declared in this scope; did you mean ‘[01m[Kdealii::types::particle_index[m[K’?
  426 |       return handler->face_data.n_faces([01;31m[Kparticle_index[m[K);
      |                                         [01;31m[K^~~~~~~~~~~~~~[m[K
      |                                         [32m[Kdealii::types::particle_index[m[K
[01m[K/opt/dealii/9.6-local/include/deal.II/particles/property_pool.h:64:9:[m[K [01;36m[Knote: [m[K‘[01m[Kdealii::types::particle_index[m[K’ declared here
   64 |   using [01;36m[Kparticle_index[m[K = unsigned int;
      |         [01;36m[K^~~~~~~~~~~~~~[m[K
[01m[K/home/ein/repository/aspect-pf-rsf-refactor/include/aspect/particle/particle_domain.h:[m[K In member function ‘[01m[Kdouble aspect::Particle::ParticleDomainAccessor<dim>::face_measure(unsigned int) const[m[K’:
[01m[K/home/ein/repository/aspect-pf-rsf-refactor/include/aspect/particle/particle_domain.h:437:46:[m[K [01;31m[Kerror: [m[K‘[01m[Kparticle_index[m[K’ was not declared in this scope; did you mean ‘[01m[Kdealii::types::particle_index[m[K’?
  437 |       return handler->face_data.face_measure([01;31m[Kparticle_index[m[K, face_index);
      |                                              [01;31m[K^~~~~~~~~~~~~~[m[K
      |                                              [32m[Kdealii::types::particle_index[m[K
[01m[K/opt/dealii/9.6-local/include/deal.II/particles/property_pool.h:64:9:[m[K [01;36m[Knote: [m[K‘[01m[Kdealii::types::particle_index[m[K’ declared here
   64 |   using [01;36m[Kparticle_index[m[K = unsigned int;
      |         [01;36m[K^~~~~~~~~~~~~~[m[K
[01m[K/home/ein/repository/aspect-pf-rsf-refactor/include/aspect/particle/particle_domain.h:[m[K In member function ‘[01m[Kaspect::Particle::ParticleDomainAccessor<dim>::particle_iterator aspect::Particle::ParticleDomainAccessor<dim>::neighbor_particle(unsigned int) const[m[K’:
[01m[K/home/ein/repository/aspect-pf-rsf-refactor/include/aspect/particle/particle_domain.h:449:51:[m[K [01;31m[Kerror: [m[K‘[01m[Kparticle_index[m[K’ was not declared in this scope; did you mean ‘[01m[Kdealii::types::particle_index[m[K’?
  449 |       return handler->face_data.neighbor_particle([01;31m[Kparticle_index[m[K,
      |                                                   [01;31m[K^~~~~~~~~~~~~~[m[K
      |                                                   [32m[Kdealii::types::particle_index[m[K
[01m[K/opt/dealii/9.6-local/include/deal.II/particles/property_pool.h:64:9:[m[K [01;36m[Knote: [m[K‘[01m[Kdealii::types::particle_index[m[K’ declared here
   64 |   using [01;36m[Kparticle_index[m[K = unsigned int;
      |         [01;36m[K^~~~~~~~~~~~~~[m[K
[01m[K/home/ein/repository/aspect-pf-rsf-refactor/include/aspect/particle/particle_domain.h:[m[K In member function ‘[01m[Kunsigned int aspect::Particle::ParticleDomainAccessor<dim>::n_relevant_vertices() const[m[K’:
[01m[K/home/ein/repository/aspect-pf-rsf-refactor/include/aspect/particle/particle_domain.h:462:53:[m[K [01;31m[Kerror: [m[K‘[01m[Kparticle_index[m[K’ was not declared in this scope; did you mean ‘[01m[Kdealii::types::particle_index[m[K’?
  462 |       return handler->cpdi_data.n_relevant_vertices([01;31m[Kparticle_index[m[K);
      |                                                     [01;31m[K^~~~~~~~~~~~~~[m[K
      |                                                     [32m[Kdealii::types::particle_index[m[K
[01m[K/opt/dealii/9.6-local/include/deal.II/particles/property_pool.h:64:9:[m[K [01;36m[Knote: [m[K‘[01m[Kdealii::types::particle_index[m[K’ declared here
   64 |   using [01;36m[Kparticle_index[m[K = unsigned int;
      |         [01;36m[K^~~~~~~~~~~~~~[m[K
[01m[K/home/ein/repository/aspect-pf-rsf-refactor/include/aspect/particle/particle_domain.h:[m[K In member function ‘[01m[Kunsigned int aspect::Particle::ParticleDomainAccessor<dim>::relevant_vertex_index(unsigned int) const[m[K’:
[01m[K/home/ein/repository/aspect-pf-rsf-refactor/include/aspect/particle/particle_domain.h:473:55:[m[K [01;31m[Kerror: [m[K‘[01m[Kparticle_index[m[K’ was not declared in this scope; did you mean ‘[01m[Kdealii::types::particle_index[m[K’?
  473 |       return handler->cpdi_data.relevant_vertex_index([01;31m[Kparticle_index[m[K, i);
      |                                                       [01;31m[K^~~~~~~~~~~~~~[m[K
      |                                                       [32m[Kdealii::types::particle_index[m[K
[01m[K/opt/dealii/9.6-local/include/deal.II/particles/property_pool.h:64:9:[m[K [01;36m[Knote: [m[K‘[01m[Kdealii::types::particle_index[m[K’ declared here
   64 |   using [01;36m[Kparticle_index[m[K = unsigned int;
      |         [01;36m[K^~~~~~~~~~~~~~[m[K
[01m[K/home/ein/repository/aspect-pf-rsf-refactor/include/aspect/particle/particle_domain.h:[m[K In member function ‘[01m[Kdouble aspect::Particle::ParticleDomainAccessor<dim>::weighting_function_value(unsigned int) const[m[K’:
[01m[K/home/ein/repository/aspect-pf-rsf-refactor/include/aspect/particle/particle_domain.h:484:58:[m[K [01;31m[Kerror: [m[K‘[01m[Kparticle_index[m[K’ was not declared in this scope; did you mean ‘[01m[Kdealii::types::particle_index[m[K’?
  484 |       return handler->cpdi_data.weighting_function_value([01;31m[Kparticle_index[m[K, i);
      |                                                          [01;31m[K^~~~~~~~~~~~~~[m[K
      |                                                          [32m[Kdealii::types::particle_index[m[K
[01m[K/opt/dealii/9.6-local/include/deal.II/particles/property_pool.h:64:9:[m[K [01;36m[Knote: [m[K‘[01m[Kdealii::types::particle_index[m[K’ declared here
   64 |   using [01;36m[Kparticle_index[m[K = unsigned int;
      |         [01;36m[K^~~~~~~~~~~~~~[m[K
[01m[K/home/ein/repository/aspect-pf-rsf-refactor/include/aspect/particle/particle_domain.h:[m[K At global scope:
[01m[K/home/ein/repository/aspect-pf-rsf-refactor/include/aspect/particle/particle_domain.h:490:12:[m[K [01;31m[Kerror: [m[K‘[01m[KTensor[m[K’ does not name a type
  490 |     inline [01;31m[KTensor[m[K<1, dim>
      |            [01;31m[K^~~~~~[m[K
[01m[K/home/ein/repository/aspect-pf-rsf-refactor/source/particle/particle_domain.cc:42:35:[m[K [01;31m[Kerror: [m[K‘[01m[Ktypes[m[K’ does not name a type; did you mean ‘[01m[Ktypeof[m[K’?
   42 |       FaceData<dim>::reinit(const [01;31m[Ktypes[m[K::particle_index max_local_particle_index)
      |                                   [01;31m[K^~~~~[m[K
      |                                   [32m[Ktypeof[m[K
[01m[K/home/ein/repository/aspect-pf-rsf-refactor/source/particle/particle_domain.cc:42:57:[m[K [01;31m[Kerror: [m[Kexpected unqualified-id before ‘[01m[Kmax_local_particle_index[m[K’
   42 |       FaceData<dim>::reinit(const types::particle_index [01;31m[Kmax_local_particle_index[m[K)
      |                                                         [01;31m[K^~~~~~~~~~~~~~~~~~~~~~~~[m[K
[01m[K/home/ein/repository/aspect-pf-rsf-refactor/source/particle/particle_domain.cc:42:56:[m[K [01;31m[Kerror: [m[Kexpected ‘[01m[K)[m[K’ before ‘[01m[Kmax_local_particle_index[m[K’
   42 |       FaceData<dim>::reinit[34m[K([m[Kconst types::particle_index[01;31m[K [m[K[32m[Kmax_local_particle_index[m[K)
      |                            [34m[K~[m[K                           [01;31m[K^[m[K[32m[K~~~~~~~~~~~~~~~~~~~~~~~~[m[K
      |                                                        [32m[K)[m[K
[01m[K/home/ein/repository/aspect-pf-rsf-refactor/source/particle/particle_domain.cc:42:57:[m[K [01;31m[Kerror: [m[Kexpected initializer before ‘[01m[Kmax_local_particle_index[m[K’
   42 |       FaceData<dim>::reinit(const types::particle_index [01;31m[Kmax_local_particle_index[m[K)
      |                                                         [01;31m[K^~~~~~~~~~~~~~~~~~~~~~~~[m[K
[01m[K/home/ein/repository/aspect-pf-rsf-refactor/source/particle/particle_domain.cc:60:23:[m[K [01;31m[Kerror: [m[K‘[01m[Ktypes[m[K’ does not name a type; did you mean ‘[01m[Ktypeof[m[K’?
   60 |       push_back(const [01;31m[Ktypes[m[K::particle_index                              particle_index,
      |                       [01;31m[K^~~~~[m[K
      |                       [32m[Ktypeof[m[K
[01m[K/home/ein/repository/aspect-pf-rsf-refactor/source/particle/particle_domain.cc:60:74:[m[K [01;31m[Kerror: [m[Kexpected unqualified-id before ‘[01m[Kparticle_index[m[K’
   60 |       push_back(const types::particle_index                              [01;31m[Kparticle_index[m[K,
      |                                                                          [01;31m[K^~~~~~~~~~~~~~[m[K
[01m[K/home/ein/repository/aspect-pf-rsf-refactor/source/particle/particle_domain.cc:60:44:[m[K [01;31m[Kerror: [m[Kexpected ‘[01m[K)[m[K’ before ‘[01m[Kparticle_index[m[K’
   60 |       push_back[34m[K([m[Kconst types::particle_index[01;31m[K [m[K                             [32m[Kparticle_index[m[K,
      |                [34m[K~[m[K                           [01;31m[K^[m[K                             [32m[K~~~~~~~~~~~~~~[m[K
      |                                            [32m[K)[m[K
[01m[K/home/ein/repository/aspect-pf-rsf-refactor/source/particle/particle_domain.cc:60:74:[m[K [01;31m[Kerror: [m[Kexpected initializer before ‘[01m[Kparticle_index[m[K’
   60 |       push_back(const types::particle_index                              [01;31m[Kparticle_index[m[K,
      |                                                                          [01;31m[K^~~~~~~~~~~~~~[m[K
[01m[K/home/ein/repository/aspect-pf-rsf-refactor/source/particle/particle_domain.cc:113:21:[m[K [01;31m[Kerror: [m[K‘[01m[Ktypes[m[K’ does not name a type; did you mean ‘[01m[Ktypeof[m[K’?
  113 |       n_faces(const [01;31m[Ktypes[m[K::particle_index particle_index) const
      |                     [01;31m[K^~~~~[m[K
      |                     [32m[Ktypeof[m[K
[01m[K/home/ein/repository/aspect-pf-rsf-refactor/source/particle/particle_domain.cc:113:43:[m[K [01;31m[Kerror: [m[Kexpected unqualified-id before ‘[01m[Kparticle_index[m[K’
  113 |       n_faces(const types::particle_index [01;31m[Kparticle_index[m[K) const
      |                                           [01;31m[K^~~~~~~~~~~~~~[m[K
[01m[K/home/ein/repository/aspect-pf-rsf-refactor/source/particle/particle_domain.cc:113:42:[m[K [01;31m[Kerror: [m[Kexpected ‘[01m[K)[m[K’ before ‘[01m[Kparticle_index[m[K’
  113 |       n_faces[34m[K([m[Kconst types::particle_index[01;31m[K [m[K[32m[Kparticle_index[m[K) const
      |              [34m[K~[m[K                           [01;31m[K^[m[K[32m[K~~~~~~~~~~~~~~[m[K
      |                                          [32m[K)[m[K
[01m[K/home/ein/repository/aspect-pf-rsf-refactor/source/particle/particle_domain.cc:113:43:[m[K [01;31m[Kerror: [m[Kexpected initializer before ‘[01m[Kparticle_index[m[K’
  113 |       n_faces(const types::particle_index [01;31m[Kparticle_index[m[K) const
      |                                           [01;31m[K^~~~~~~~~~~~~~[m[K
[01m[K/home/ein/repository/aspect-pf-rsf-refactor/source/particle/particle_domain.cc:124:26:[m[K [01;31m[Kerror: [m[K‘[01m[Ktypes[m[K’ does not name a type; did you mean ‘[01m[Ktypeof[m[K’?
  124 |       face_measure(const [01;31m[Ktypes[m[K::particle_index particle_index,
      |                          [01;31m[K^~~~~[m[K
      |                          [32m[Ktypeof[m[K
[01m[K/home/ein/repository/aspect-pf-rsf-refactor/source/particle/particle_domain.cc:124:48:[m[K [01;31m[Kerror: [m[Kexpected unqualified-id before ‘[01m[Kparticle_index[m[K’
  124 |       face_measure(const types::particle_index [01;31m[Kparticle_index[m[K,
      |                                                [01;31m[K^~~~~~~~~~~~~~[m[K
[01m[K/home/ein/repository/aspect-pf-rsf-refactor/source/particle/particle_domain.cc:124:47:[m[K [01;31m[Kerror: [m[Kexpected ‘[01m[K)[m[K’ before ‘[01m[Kparticle_index[m[K’
  124 |       face_measure[34m[K([m[Kconst types::particle_index[01;31m[K [m[K[32m[Kparticle_index[m[K,
      |                   [34m[K~[m[K                           [01;31m[K^[m[K[32m[K~~~~~~~~~~~~~~[m[K
      |                                               [32m[K)[m[K
[01m[K/home/ein/repository/aspect-pf-rsf-refactor/source/particle/particle_domain.cc:124:48:[m[K [01;31m[Kerror: [m[Kexpected initializer before ‘[01m[Kparticle_index[m[K’
  124 |       face_measure(const types::particle_index [01;31m[Kparticle_index[m[K,
      |                                                [01;31m[K^~~~~~~~~~~~~~[m[K
[01m[K/home/ein/repository/aspect-pf-rsf-refactor/source/particle/particle_domain.cc:138:31:[m[K [01;31m[Kerror: [m[K‘[01m[Ktypes[m[K’ does not name a type; did you mean ‘[01m[Ktypeof[m[K’?
  138 |       neighbor_particle(const [01;31m[Ktypes[m[K::particle_index  particle_index,
      |                               [01;31m[K^~~~~[m[K
      |                               [32m[Ktypeof[m[K
[01m[K/home/ein/repository/aspect-pf-rsf-refactor/source/particle/particle_domain.cc:138:54:[m[K [01;31m[Kerror: [m[Kexpected unqualified-id before ‘[01m[Kparticle_index[m[K’
  138 |       neighbor_particle(const types::particle_index  [01;31m[Kparticle_index[m[K,
      |                                                      [01;31m[K^~~~~~~~~~~~~~[m[K
[01m[K/home/ein/repository/aspect-pf-rsf-refactor/source/particle/particle_domain.cc:138:52:[m[K [01;31m[Kerror: [m[Kexpected ‘[01m[K)[m[K’ before ‘[01m[Kparticle_index[m[K’
  138 |       neighbor_particle[34m[K([m[Kconst types::particle_index[01;31m[K [m[K [32m[Kparticle_index[m[K,
      |                        [34m[K~[m[K                           [01;31m[K^[m[K [32m[K~~~~~~~~~~~~~~[m[K
      |                                                    [32m[K)[m[K
[01m[K/home/ein/repository/aspect-pf-rsf-refactor/source/particle/particle_domain.cc:138:54:[m[K [01;31m[Kerror: [m[Kexpected initializer before ‘[01m[Kparticle_index[m[K’
  138 |       neighbor_particle(const types::particle_index  [01;31m[Kparticle_index[m[K,
      |                                                      [01;31m[K^~~~~~~~~~~~~~[m[K
[01m[K/home/ein/repository/aspect-pf-rsf-refactor/source/particle/particle_domain.cc:170:35:[m[K [01;31m[Kerror: [m[K‘[01m[Ktypes[m[K’ does not name a type; did you mean ‘[01m[Ktypeof[m[K’?
  170 |       CPDIData<dim>::reinit(const [01;31m[Ktypes[m[K::particle_index max_local_particle_index)
      |                                   [01;31m[K^~~~~[m[K
      |                                   [32m[Ktypeof[m[K
[01m[K/home/ein/repository/aspect-pf-rsf-refactor/source/particle/particle_domain.cc:170:57:[m[K [01;31m[Kerror: [m[Kexpected unqualified-id before ‘[01m[Kmax_local_particle_index[m[K’
  170 |       CPDIData<dim>::reinit(const types::particle_index [01;31m[Kmax_local_particle_index[m[K)
      |                                                         [01;31m[K^~~~~~~~~~~~~~~~~~~~~~~~[m[K
[01m[K/home/ein/repository/aspect-pf-rsf-refactor/source/particle/particle_domain.cc:170:56:[m[K [01;31m[Kerror: [m[Kexpected ‘[01m[K)[m[K’ before ‘[01m[Kmax_local_particle_index[m[K’
  170 |       CPDIData<dim>::reinit[34m[K([m[Kconst types::particle_index[01;31m[K [m[K[32m[Kmax_local_particle_index[m[K)
      |                            [34m[K~[m[K                           [01;31m[K^[m[K[32m[K~~~~~~~~~~~~~~~~~~~~~~~~[m[K
      |                                                        [32m[K)[m[K
[01m[K/home/ein/repository/aspect-pf-rsf-refactor/source/particle/particle_domain.cc:170:57:[m[K [01;31m[Kerror: [m[Kexpected initializer before ‘[01m[Kmax_local_particle_index[m[K’
  170 |       CPDIData<dim>::reinit(const types::particle_index [01;31m[Kmax_local_particle_index[m[K)
      |                                                         [01;31m[K^~~~~~~~~~~~~~~~~~~~~~~~[m[K
[01m[K/home/ein/repository/aspect-pf-rsf-refactor/source/particle/particle_domain.cc:188:23:[m[K [01;31m[Kerror: [m[K‘[01m[Ktypes[m[K’ does not name a type; did you mean ‘[01m[Ktypeof[m[K’?
  188 |       push_back(const [01;31m[Ktypes[m[K::particle_index                                      particle_index,
      |                       [01;31m[K^~~~~[m[K
      |                       [32m[Ktypeof[m[K
[01m[K/home/ein/repository/aspect-pf-rsf-refactor/source/particle/particle_domain.cc:188:82:[m[K [01;31m[Kerror: [m[Kexpected unqualified-id before ‘[01m[Kparticle_index[m[K’
  188 |       push_back(const types::particle_index                                      [01;31m[Kparticle_index[m[K,
      |                                                                                  [01;31m[K^~~~~~~~~~~~~~[m[K
[01m[K/home/ein/repository/aspect-pf-rsf-refactor/source/particle/particle_domain.cc:188:44:[m[K [01;31m[Kerror: [m[Kexpected ‘[01m[K)[m[K’ before ‘[01m[Kparticle_index[m[K’
  188 |       push_back[34m[K([m[Kconst types::particle_index[01;31m[K [m[K                                     [32m[Kparticle_index[m[K,
      |                [34m[K~[m[K                           [01;31m[K^[m[K                                     [32m[K~~~~~~~~~~~~~~[m[K
      |                                            [32m[K)[m[K
[01m[K/home/ein/repository/aspect-pf-rsf-refactor/source/particle/particle_domain.cc:188:82:[m[K [01;31m[Kerror: [m[Kexpected initializer before ‘[01m[Kparticle_index[m[K’
  188 |       push_back(const types::particle_index                                      [01;31m[Kparticle_index[m[K,
      |                                                                                  [01;31m[K^~~~~~~~~~~~~~[m[K
[01m[K/home/ein/repository/aspect-pf-rsf-refactor/source/particle/particle_domain.cc:216:33:[m[K [01;31m[Kerror: [m[K‘[01m[Ktypes[m[K’ does not name a type; did you mean ‘[01m[Ktypeof[m[K’?
  216 |       n_relevant_vertices(const [01;31m[Ktypes[m[K::particle_index particle_index) const
      |                                 [01;31m[K^~~~~[m[K
      |                                 [32m[Ktypeof[m[K
[01m[K/home/ein/repository/aspect-pf-rsf-refactor/source/particle/particle_domain.cc:216:55:[m[K [01;31m[Kerror: [m[Kexpected unqualified-id before ‘[01m[Kparticle_index[m[K’
  216 |       n_relevant_vertices(const types::particle_index [01;31m[Kparticle_index[m[K) const
      |                                                       [01;31m[K^~~~~~~~~~~~~~[m[K
[01m[K/home/ein/repository/aspect-pf-rsf-refactor/source/particle/particle_domain.cc:216:54:[m[K [01;31m[Kerror: [m[Kexpected ‘[01m[K)[m[K’ before ‘[01m[Kparticle_index[m[K’
  216 |       n_relevant_vertices[34m[K([m[Kconst types::particle_index[01;31m[K [m[K[32m[Kparticle_index[m[K) const
      |                          [34m[K~[m[K                           [01;31m[K^[m[K[32m[K~~~~~~~~~~~~~~[m[K
      |                                                      [32m[K)[m[K
[01m[K/home/ein/repository/aspect-pf-rsf-refactor/source/particle/particle_domain.cc:216:55:[m[K [01;31m[Kerror: [m[Kexpected initializer before ‘[01m[Kparticle_index[m[K’
  216 |       n_relevant_vertices(const types::particle_index [01;31m[Kparticle_index[m[K) const
      |                                                       [01;31m[K^~~~~~~~~~~~~~[m[K
[01m[K/home/ein/repository/aspect-pf-rsf-refactor/source/particle/particle_domain.cc:227:35:[m[K [01;31m[Kerror: [m[K‘[01m[Ktypes[m[K’ does not name a type; did you mean ‘[01m[Ktypeof[m[K’?
  227 |       relevant_vertex_index(const [01;31m[Ktypes[m[K::particle_index particle_index,
      |                                   [01;31m[K^~~~~[m[K
      |                                   [32m[Ktypeof[m[K
[01m[K/home/ein/repository/aspect-pf-rsf-refactor/source/particle/particle_domain.cc:227:57:[m[K [01;31m[Kerror: [m[Kexpected unqualified-id before ‘[01m[Kparticle_index[m[K’
  227 |       relevant_vertex_index(const types::particle_index [01;31m[Kparticle_index[m[K,
      |                                                         [01;31m[K^~~~~~~~~~~~~~[m[K
[01m[K/home/ein/repository/aspect-pf-rsf-refactor/source/particle/particle_domain.cc:227:56:[m[K [01;31m[Kerror: [m[Kexpected ‘[01m[K)[m[K’ before ‘[01m[Kparticle_index[m[K’
  227 |       relevant_vertex_index[34m[K([m[Kconst types::particle_index[01;31m[K [m[K[32m[Kparticle_index[m[K,
      |                            [34m[K~[m[K                           [01;31m[K^[m[K[32m[K~~~~~~~~~~~~~~[m[K
      |                                                        [32m[K)[m[K
[01m[K/home/ein/repository/aspect-pf-rsf-refactor/source/particle/particle_domain.cc:227:57:[m[K [01;31m[Kerror: [m[Kexpected initializer before ‘[01m[Kparticle_index[m[K’
  227 |       relevant_vertex_index(const types::particle_index [01;31m[Kparticle_index[m[K,
      |                                                         [01;31m[K^~~~~~~~~~~~~~[m[K
[01m[K/home/ein/repository/aspect-pf-rsf-refactor/source/particle/particle_domain.cc:241:38:[m[K [01;31m[Kerror: [m[K‘[01m[Ktypes[m[K’ does not name a type; did you mean ‘[01m[Ktypeof[m[K’?
  241 |       weighting_function_value(const [01;31m[Ktypes[m[K::particle_index particle_index,
      |                                      [01;31m[K^~~~~[m[K
      |                                      [32m[Ktypeof[m[K
[01m[K/home/ein/repository/aspect-pf-rsf-refactor/source/particle/particle_domain.cc:241:60:[m[K [01;31m[Kerror: [m[Kexpected unqualified-id before ‘[01m[Kparticle_index[m[K’
  241 |       weighting_function_value(const types::particle_index [01;31m[Kparticle_index[m[K,
      |                                                            [01;31m[K^~~~~~~~~~~~~~[m[K
[01m[K/home/ein/repository/aspect-pf-rsf-refactor/source/particle/particle_domain.cc:241:59:[m[K [01;31m[Kerror: [m[Kexpected ‘[01m[K)[m[K’ before ‘[01m[Kparticle_index[m[K’
  241 |       weighting_function_value[34m[K([m[Kconst types::particle_index[01;31m[K [m[K[32m[Kparticle_index[m[K,
      |                               [34m[K~[m[K                           [01;31m[K^[m[K[32m[K~~~~~~~~~~~~~~[m[K
      |                                                           [32m[K)[m[K
[01m[K/home/ein/repository/aspect-pf-rsf-refactor/source/particle/particle_domain.cc:241:60:[m[K [01;31m[Kerror: [m[Kexpected initializer before ‘[01m[Kparticle_index[m[K’
  241 |       weighting_function_value(const types::particle_index [01;31m[Kparticle_index[m[K,
      |                                                            [01;31m[K^~~~~~~~~~~~~~[m[K
[01m[K/home/ein/repository/aspect-pf-rsf-refactor/source/particle/particle_domain.cc:253:7:[m[K [01;31m[Kerror: [m[K‘[01m[KTensor[m[K’ does not name a type
  253 |       [01;31m[KTensor[m[K<1, dim>
      |       [01;31m[K^~~~~~[m[K
[01m[K/home/ein/repository/aspect-pf-rsf-refactor/source/particle/particle_domain.cc:285:22:[m[K [01;31m[Kerror: [m[K‘[01m[Ksmall_vector[m[K’ does not name a type
  285 |         using Face = [01;31m[Ksmall_vector[m[K<unsigned int, SmallVectorSizes::face_vertices>;
      |                      [01;31m[K^~~~~~~~~~~~[m[K
[01m[K/home/ein/repository/aspect-pf-rsf-refactor/source/particle/particle_domain.cc:[m[K In constructor ‘[01m[Kaspect::Particle::internal::VoronoiCellHelper::VertexEntry::VertexEntry()[m[K’:
[01m[K/home/ein/repository/aspect-pf-rsf-refactor/source/particle/particle_domain.cc:295:26:[m[K [01;31m[Kerror: [m[K‘[01m[Knumbers[m[K’ has not been declared
  295 |             , voro_index([01;31m[Knumbers[m[K::invalid_unsigned_int)
      |                          [01;31m[K^~~~~~~[m[K
[01m[K/home/ein/repository/aspect-pf-rsf-refactor/source/particle/particle_domain.cc:[m[K At global scope:
[01m[K/home/ein/repository/aspect-pf-rsf-refactor/source/particle/particle_domain.cc:329:29:[m[K [01;31m[Kerror: [m[K‘[01m[KPoint[m[K’ does not name a type
  329 |         point_to_grid(const [01;31m[KPoint[m[K<3> &p,
      |                             [01;31m[K^~~~~[m[K
[01m[K/home/ein/repository/aspect-pf-rsf-refactor/source/particle/particle_domain.cc:329:34:[m[K [01;31m[Kerror: [m[Kexpected ‘[01m[K,[m[K’ or ‘[01m[K...[m[K’ before ‘[01m[K<[m[K’ token
  329 |         point_to_grid(const Point[01;31m[K<[m[K3> &p,
      |                                  [01;31m[K^[m[K
[01m[K/home/ein/repository/aspect-pf-rsf-refactor/source/particle/particle_domain.cc:[m[K In function ‘[01m[Kstd::array<long int, 3> aspect::Particle::internal::VoronoiCellHelper::point_to_grid(int)[m[K’:
[01m[K/home/ein/repository/aspect-pf-rsf-refactor/source/particle/particle_domain.cc:334:68:[m[K [01;31m[Kerror: [m[K‘[01m[Kp[m[K’ was not declared in this scope
  334 |             grid_indices[d] = static_cast<std::int64_t>(std::floor([01;31m[Kp[m[K[d] / grid_size));
      |                                                                    [01;31m[K^[m[K
[01m[K/home/ein/repository/aspect-pf-rsf-refactor/source/particle/particle_domain.cc:334:75:[m[K [01;31m[Kerror: [m[K‘[01m[Kgrid_size[m[K’ was not declared in this scope
  334 |             grid_indices[d] = static_cast<std::int64_t>(std::floor(p[d] / [01;31m[Kgrid_size[m[K));
      |                                                                           [01;31m[K^~~~~~~~~[m[K
[01m[K/home/ein/repository/aspect-pf-rsf-refactor/source/particle/particle_domain.cc:[m[K At global scope:
[01m[K/home/ein/repository/aspect-pf-rsf-refactor/source/particle/particle_domain.cc:344:9:[m[K [01;31m[Kerror: [m[K‘[01m[KFace[m[K’ does not name a type
  344 |         [01;31m[KFace[m[K
      |         [01;31m[K^~~~[m[K
[01m[K/home/ein/repository/aspect-pf-rsf-refactor/source/particle/particle_domain.cc:367:30:[m[K [01;31m[Kerror: [m[K‘[01m[Ksmall_vector[m[K’ has not been declared
  367 |                              [01;31m[Ksmall_vector[m[K<Point<3>, SmallVectorSizes::cell_vertices> &vertices,
      |                              [01;31m[K^~~~~~~~~~~~[m[K
[01m[K/home/ein/repository/aspect-pf-rsf-refactor/source/particle/particle_domain.cc:367:42:[m[K [01;31m[Kerror: [m[Kexpected ‘[01m[K,[m[K’ or ‘[01m[K...[m[K’ before ‘[01m[K<[m[K’ token
  367 |                              small_vector[01;31m[K<[m[KPoint<3>, SmallVectorSizes::cell_vertices> &vertices,
      |                                          [01;31m[K^[m[K
In file included from [01m[K/opt/dealii/9.6-local/include/deal.II/base/array_view.h:20[m[K:
[01m[K/home/ein/repository/aspect-pf-rsf-refactor/source/particle/particle_domain.cc:[m[K In function ‘[01m[Kvoid aspect::Particle::internal::VoronoiCellHelper::deduplicate_vertices(const std::vector<double, std::allocator<double> >&, const std::vector<int>&, const std::vector<int>&, int)[m[K’:
[01m[K/home/ein/repository/aspect-pf-rsf-refactor/source/particle/particle_domain.cc:372:23:[m[K [01;31m[Kerror: [m[K‘[01m[Ktol[m[K’ was not declared in this scope; did you mean ‘[01m[Katol[m[K’?
  372 |           AssertThrow([01;31m[Ktol[m[K > 0.0, ExcMessage("Tolerance must be positive."));
      |                       [01;31m[K^~~[m[K
[01m[K/home/ein/repository/aspect-pf-rsf-refactor/source/particle/particle_domain.cc:372:34:[m[K [01;31m[Kerror: [m[K‘[01m[KExcMessage[m[K’ was not declared in this scope; did you mean ‘[01m[Kdealii::StandardExceptions::ExcMessage[m[K’?
  372 |           AssertThrow(tol > 0.0, [01;31m[KExcMessage[m[K("Tolerance must be positive."));
      |                                  [01;31m[K^~~~~~~~~~[m[K
[01m[K/opt/dealii/9.6-local/include/deal.II/base/exceptions.h:1088:3:[m[K [01;36m[Knote: [m[K‘[01m[Kdealii::StandardExceptions::ExcMessage[m[K’ declared here
 1088 |   [01;36m[KDeclException1[m[K(ExcMessage, std::string, << arg1);
      |   [01;36m[K^~~~~~~~~~~~~~[m[K
[01m[K/home/ein/repository/aspect-pf-rsf-refactor/source/particle/particle_domain.cc:374:37:[m[K [01;31m[Kerror: [m[K‘[01m[Ktol[m[K’ was not declared in this scope; did you mean ‘[01m[Katol[m[K’?
  374 |           const double grid_size  = [01;31m[Ktol[m[K;
      |                                     [01;31m[K^~~[m[K
      |                                     [32m[Katol[m[K
[01m[K/home/ein/repository/aspect-pf-rsf-refactor/source/particle/particle_domain.cc:378:11:[m[K [01;31m[Kerror: [m[K‘[01m[Ksmall_vector[m[K’ was not declared in this scope; did you mean ‘[01m[Kboost::container::small_vector[m[K’?
  378 |           [01;31m[Ksmall_vector[m[K<Point<3>, SmallVectorSizes::cell_vertices> raw_vertices;
      |           [01;31m[K^~~~~~~~~~~~[m[K
      |           [32m[Kboost::container::small_vector[m[K
In file included from [01m[K/opt/dealii/9.6-local/include/deal.II/bundled/boost/container/small_vector.hpp:26[m[K,
                 from [01m[K/opt/dealii/9.6-local/include/deal.II/base/array_view.h:26[m[K:
[01m[K/opt/dealii/9.6-local/include/deal.II/bundled/boost/container/container_fwd.hpp:121:7:[m[K [01;36m[Knote: [m[K‘[01m[Kboost::container::small_vector[m[K’ declared here
  121 | class [01;36m[Ksmall_vector[m[K;
      |       [01;36m[K^~~~~~~~~~~~[m[K
[01m[K/home/ein/repository/aspect-pf-rsf-refactor/source/particle/particle_domain.cc:378:24:[m[K [01;31m[Kerror: [m[K‘[01m[KPoint[m[K’ was not declared in this scope
  378 |           small_vector<[01;31m[KPoint[m[K<3>, SmallVectorSizes::cell_vertices> raw_vertices;
      |                        [01;31m[K^~~~~[m[K
[01m[K/home/ein/repository/aspect-pf-rsf-refactor/source/particle/particle_domain.cc:378:24:[m[K [01;36m[Knote: [m[Ksuggested alternatives:
[01m[K/opt/dealii/9.6-local/include/deal.II/base/tensor.h:55:7:[m[K [01;36m[Knote: [m[K  ‘[01m[Kdealii::Point[m[K’
   55 | class [01;36m[KPoint[m[K;
      |       [01;36m[K^~~~~[m[K
[01m[K/opt/dealii/9.6-local/include/deal.II/bundled/boost/geometry/geometries/concepts/point_concept.hpp:39:7:[m[K [01;36m[Knote: [m[K  ‘[01m[Kboost::geometry::concepts::Point[m[K’
   39 | class [01;36m[KPoint[m[K
      |       [01;36m[K^~~~~[m[K
[01m[K/home/ein/repository/aspect-pf-rsf-refactor/source/particle/particle_domain.cc:378:32:[m[K [01;31m[Kerror: [m[Kexpected primary-expression before ‘[01m[K,[m[K’ token
  378 |           small_vector<Point<3>[01;31m[K,[m[K SmallVectorSizes::cell_vertices> raw_vertices;
      |                                [01;31m[K^[m[K
[01m[K/home/ein/repository/aspect-pf-rsf-refactor/source/particle/particle_domain.cc:378:67:[m[K [01;31m[Kerror: [m[K‘[01m[Kraw_vertices[m[K’ was not declared in this scope; did you mean ‘[01m[Kvoro_vertices[m[K’?
  378 |           small_vector<Point<3>, SmallVectorSizes::cell_vertices> [01;31m[Kraw_vertices[m[K;
      |                                                                   [01;31m[K^~~~~~~~~~~~[m[K
      |                                                                   [32m[Kvoro_vertices[m[K
[01m[K/home/ein/repository/aspect-pf-rsf-refactor/source/particle/particle_domain.cc:393:35:[m[K [01;31m[Kerror: [m[Kexpected primary-expression before ‘[01m[K,[m[K’ token
  393 |           small_vector<VertexEntry[01;31m[K,[m[K SmallVectorSizes::cell_vertices> raw_vertex_entries;
      |                                   [01;31m[K^[m[K
[01m[K/home/ein/repository/aspect-pf-rsf-refactor/source/particle/particle_domain.cc:393:70:[m[K [01;31m[Kerror: [m[K‘[01m[Kraw_vertex_entries[m[K’ was not declared in this scope
  393 |           small_vector<VertexEntry, SmallVectorSizes::cell_vertices> [01;31m[Kraw_vertex_entries[m[K;
      |                                                                      [01;31m[K^~~~~~~~~~~~~~~~~~[m[K
[01m[K/home/ein/repository/aspect-pf-rsf-refactor/source/particle/particle_domain.cc:399:11:[m[K [01;31m[Kerror: [m[K‘[01m[Kvertices[m[K’ was not declared in this scope
  399 |           [01;31m[Kvertices[m[K.clear();
      |           [01;31m[K^~~~~~~~[m[K
[01m[K/home/ein/repository/aspect-pf-rsf-refactor/source/particle/particle_domain.cc:400:35:[m[K [01;31m[Kerror: [m[Kexpected primary-expression before ‘[01m[K,[m[K’ token
  400 |           small_vector<VertexEntry[01;31m[K,[m[K SmallVectorSizes::cell_vertices> vertex_entries;
      |                                   [01;31m[K^[m[K
[01m[K/home/ein/repository/aspect-pf-rsf-refactor/source/particle/particle_domain.cc:400:70:[m[K [01;31m[Kerror: [m[K‘[01m[Kvertex_entries[m[K’ was not declared in this scope; did you mean ‘[01m[KVertexEntryLess[m[K’?
  400 |           small_vector<VertexEntry, SmallVectorSizes::cell_vertices> [01;31m[Kvertex_entries[m[K;
      |                                                                      [01;31m[K^~~~~~~~~~~~~~[m[K
      |                                                                      [32m[KVertexEntryLess[m[K
[01m[K/home/ein/repository/aspect-pf-rsf-refactor/source/particle/particle_domain.cc:401:24:[m[K [01;31m[Kerror: [m[Kexpected primary-expression before ‘[01m[Kunsigned[m[K’
  401 |           small_vector<[01;31m[Kunsigned[m[K int, SmallVectorSizes::cell_vertices> old_to_new(n_raw_vertices);
      |                        [01;31m[K^~~~~~~~[m[K
[01m[K/home/ein/repository/aspect-pf-rsf-refactor/source/particle/particle_domain.cc:405:21:[m[K [01;31m[Kerror: [m[K‘[01m[KPoint[m[K’ does not name a type
  405 |               const [01;31m[KPoint[m[K<3> &p = raw_vertices[old_index];
      |                     [01;31m[K^~~~~[m[K
[01m[K/home/ein/repository/aspect-pf-rsf-refactor/source/particle/particle_domain.cc:408:50:[m[K [01;31m[Kerror: [m[K‘[01m[Knumbers[m[K’ has not been declared
  408 |               unsigned int matched_entry_index = [01;31m[Knumbers[m[K::invalid_unsigned_int;
      |                                                  [01;31m[K^~~~~~~[m[K
[01m[K/home/ein/repository/aspect-pf-rsf-refactor/source/particle/particle_domain.cc:430:58:[m[K [01;31m[Kerror: [m[K‘[01m[Kp[m[K’ was not declared in this scope
  430 |                           const double distance_square = [01;31m[Kp[m[K.distance_square(raw_vertices[it->voro_index]);
      |                                                          [01;31m[K^[m[K
[01m[K/home/ein/repository/aspect-pf-rsf-refactor/source/particle/particle_domain.cc:442:19:[m[K [01;31m[Kerror: [m[K‘[01m[Kold_to_new[m[K’ was not declared in this scope
  442 |                   [01;31m[Kold_to_new[m[K[old_index] = old_to_new[matched_entry_index];
      |                   [01;31m[K^~~~~~~~~~[m[K
[01m[K/home/ein/repository/aspect-pf-rsf-refactor/source/particle/particle_domain.cc:447:19:[m[K [01;31m[Kerror: [m[K‘[01m[Kold_to_new[m[K’ was not declared in this scope
  447 |                   [01;31m[Kold_to_new[m[K[old_index] = new_index;
      |                   [01;31m[K^~~~~~~~~~[m[K
[01m[K/home/ein/repository/aspect-pf-rsf-refactor/source/particle/particle_domain.cc:449:38:[m[K [01;31m[Kerror: [m[K‘[01m[Kp[m[K’ was not declared in this scope
  449 |                   vertices.push_back([01;31m[Kp[m[K);
      |                                      [01;31m[K^[m[K
[01m[K/home/ein/repository/aspect-pf-rsf-refactor/source/particle/particle_domain.cc:457:24:[m[K [01;31m[Kerror: [m[K‘[01m[KFace[m[K’ was not declared in this scope
  457 |           small_vector<[01;31m[KFace[m[K, SmallVectorSizes::cell_faces> raw_faces;
      |                        [01;31m[K^~~~[m[K
[01m[K/home/ein/repository/aspect-pf-rsf-refactor/source/particle/particle_domain.cc:457:60:[m[K [01;31m[Kerror: [m[K‘[01m[Kraw_faces[m[K’ was not declared in this scope
  457 |           small_vector<Face, SmallVectorSizes::cell_faces> [01;31m[Kraw_faces[m[K;
      |                                                            [01;31m[K^~~~~~~~~[m[K
[01m[K/home/ein/repository/aspect-pf-rsf-refactor/source/particle/particle_domain.cc:462:19:[m[K [01;31m[Kerror: [m[Kexpected ‘[01m[K;[m[K’ before ‘[01m[Kface[m[K’
  462 |               Face[01;31m[K [m[K[32m[Kface[m[K(n_vertices);
      |                   [01;31m[K^[m[K[32m[K~~~~[m[K
      |                   [32m[K;[m[K
[01m[K/home/ein/repository/aspect-pf-rsf-refactor/source/particle/particle_domain.cc:464:17:[m[K [01;31m[Kerror: [m[K‘[01m[Kface[m[K’ was not declared in this scope
  464 |                 [01;31m[Kface[m[K[k] = voro_faces[j + k + 1];
      |                 [01;31m[K^~~~[m[K
[01m[K/home/ein/repository/aspect-pf-rsf-refactor/source/particle/particle_domain.cc:466:35:[m[K [01;31m[Kerror: [m[K‘[01m[Kface[m[K’ was not declared in this scope
  466 |               raw_faces.push_back([01;31m[Kface[m[K);
      |                                   [01;31m[K^~~~[m[K
[01m[K/home/ein/repository/aspect-pf-rsf-refactor/source/particle/particle_domain.cc:471:11:[m[K [01;31m[Kerror: [m[K‘[01m[Kfaces[m[K’ was not declared in this scope
  471 |           [01;31m[Kfaces[m[K.clear();
      |           [01;31m[K^~~~~[m[K
[01m[K/home/ein/repository/aspect-pf-rsf-refactor/source/particle/particle_domain.cc:472:11:[m[K [01;31m[Kerror: [m[K‘[01m[Kneighbors[m[K’ was not declared in this scope; did you mean ‘[01m[Kvoro_neighbors[m[K’?
  472 |           [01;31m[Kneighbors[m[K.clear();
      |           [01;31m[K^~~~~~~~~[m[K
      |           [32m[Kvoro_neighbors[m[K
[01m[K/home/ein/repository/aspect-pf-rsf-refactor/source/particle/particle_domain.cc:475:21:[m[K [01;31m[Kerror: [m[K‘[01m[KFace[m[K’ does not name a type
  475 |               const [01;31m[KFace[m[K &old_face = raw_faces[f];
      |                     [01;31m[K^~~~[m[K
[01m[K/home/ein/repository/aspect-pf-rsf-refactor/source/particle/particle_domain.cc:478:19:[m[K [01;31m[Kerror: [m[Kexpected ‘[01m[K;[m[K’ before ‘[01m[Knew_face[m[K’
  478 |               Face[01;31m[K [m[K[32m[Knew_face[m[K;
      |                   [01;31m[K^[m[K[32m[K~~~~~~~~[m[K
      |                   [32m[K;[m[K
[01m[K/home/ein/repository/aspect-pf-rsf-refactor/source/particle/particle_domain.cc:479:58:[m[K [01;31m[Kerror: [m[K‘[01m[Kold_face[m[K’ was not declared in this scope; did you mean ‘[01m[Kvoro_faces[m[K’?
  479 |               for (const unsigned int old_vertex_index : [01;31m[Kold_face[m[K)
      |                                                          [01;31m[K^~~~~~~~[m[K
      |                                                          [32m[Kvoro_faces[m[K
[01m[K/home/ein/repository/aspect-pf-rsf-refactor/source/particle/particle_domain.cc:482:19:[m[K [01;31m[Kerror: [m[K‘[01m[Knew_face[m[K’ was not declared in this scope
  482 |                   [01;31m[Knew_face[m[K.push_back(old_to_new[old_vertex_index]);
      |                   [01;31m[K^~~~~~~~[m[K
[01m[K/home/ein/repository/aspect-pf-rsf-refactor/source/particle/particle_domain.cc:482:38:[m[K [01;31m[Kerror: [m[K‘[01m[Kold_to_new[m[K’ was not declared in this scope
  482 |                   new_face.push_back([01;31m[Kold_to_new[m[K[old_vertex_index]);
      |                                      [01;31m[K^~~~~~~~~~[m[K
[01m[K/home/ein/repository/aspect-pf-rsf-refactor/source/particle/particle_domain.cc:486:15:[m[K [01;31m[Kerror: [m[K‘[01m[Knew_face[m[K’ was not declared in this scope
  486 |               [01;31m[Knew_face[m[K = compress_face_indices(new_face);
      |               [01;31m[K^~~~~~~~[m[K
[01m[K/home/ein/repository/aspect-pf-rsf-refactor/source/particle/particle_domain.cc:486:26:[m[K [01;31m[Kerror: [m[K‘[01m[Kcompress_face_indices[m[K’ was not declared in this scope
  486 |               new_face = [01;31m[Kcompress_face_indices[m[K(new_face);
      |                          [01;31m[K^~~~~~~~~~~~~~~~~~~~~[m[K
[01m[K/home/ein/repository/aspect-pf-rsf-refactor/source/particle/particle_domain.cc:[m[K At global scope:
[01m[K/home/ein/repository/aspect-pf-rsf-refactor/source/particle/particle_domain.cc:510:35:[m[K [01;31m[Kerror: [m[K‘[01m[KPoint[m[K’ does not name a type
  510 |         face_is_at_boundary(const [01;31m[KPoint[m[K<3>         &p,
      |                                   [01;31m[K^~~~~[m[K
[01m[K/home/ein/repository/aspect-pf-rsf-refactor/source/particle/particle_domain.cc:510:40:[m[K [01;31m[Kerror: [m[Kexpected ‘[01m[K,[m[K’ or ‘[01m[K...[m[K’ before ‘[01m[K<[m[K’ token
  510 |         face_is_at_boundary(const Point[01;31m[K<[m[K3>         &p,
      |                                        [01;31m[K^[m[K
[01m[K/home/ein/repository/aspect-pf-rsf-refactor/source/particle/particle_domain.cc:[m[K In function ‘[01m[Kbool aspect::Particle::internal::VoronoiCellHelper::face_is_at_boundary(int)[m[K’:
[01m[K/home/ein/repository/aspect-pf-rsf-refactor/source/particle/particle_domain.cc:514:33:[m[K [01;31m[Kerror: [m[K‘[01m[Kn[m[K’ was not declared in this scope; did you mean ‘[01m[Kyn[m[K’?
  514 |           const double n_norm = [01;31m[Kn[m[K.norm();
      |                                 [01;31m[K^[m[K
      |                                 [32m[Kyn[m[K
[01m[K/home/ein/repository/aspect-pf-rsf-refactor/source/particle/particle_domain.cc:517:17:[m[K [01;31m[Kerror: [m[K‘[01m[KTensor[m[K’ does not name a type
  517 |           const [01;31m[KTensor[m[K<1, 3> n_unit = n / n_norm;
      |                 [01;31m[K^~~~~~[m[K
[01m[K/home/ein/repository/aspect-pf-rsf-refactor/source/particle/particle_domain.cc:521:30:[m[K [01;31m[Kerror: [m[K‘[01m[Kn_unit[m[K’ was not declared in this scope
  521 |           if (1.0 - std::abs([01;31m[Kn_unit[m[K[0]) < tol1)
      |                              [01;31m[K^~~~~~[m[K
[01m[K/home/ein/repository/aspect-pf-rsf-refactor/source/particle/particle_domain.cc:523:32:[m[K [01;31m[Kerror: [m[K‘[01m[Kp[m[K’ was not declared in this scope
  523 |               return (std::abs([01;31m[Kp[m[K[0] - box.get_boundary_points().first[0]) < tol2 ||
      |                                [01;31m[K^[m[K
[01m[K/home/ein/repository/aspect-pf-rsf-refactor/source/particle/particle_domain.cc:523:39:[m[K [01;31m[Kerror: [m[K‘[01m[Kbox[m[K’ was not declared in this scope; did you mean ‘[01m[Kboost::geometry::model::box[m[K’?
  523 |               return (std::abs(p[0] - [01;31m[Kbox[m[K.get_boundary_points().first[0]) < tol2 ||
      |                                       [01;31m[K^~~[m[K
      |                                       [32m[Kboost::geometry::model::box[m[K
In file included from [01m[K/opt/dealii/9.6-local/include/deal.II/bundled/boost/geometry/geometries/helper_geometry.hpp:24[m[K,
                 from [01m[K/opt/dealii/9.6-local/include/deal.II/bundled/boost/geometry/strategies/spherical/point_in_point.hpp:41[m[K,
                 from [01m[K/opt/dealii/9.6-local/include/deal.II/bundled/boost/geometry/algorithms/detail/disjoint/point_point.hpp:36[m[K,
                 from [01m[K/opt/dealii/9.6-local/include/deal.II/bundled/boost/geometry/algorithms/detail/overlay/get_turns.hpp:30[m[K,
                 from [01m[K/opt/dealii/9.6-local/include/deal.II/bundled/boost/geometry/algorithms/detail/within/implementation.hpp:27[m[K,
                 from [01m[K/opt/dealii/9.6-local/include/deal.II/bundled/boost/geometry/algorithms/detail/covered_by/implementation.hpp:26[m[K,
                 from [01m[K/opt/dealii/9.6-local/include/deal.II/bundled/boost/geometry/algorithms/covered_by.hpp:24[m[K,
                 from [01m[K/opt/dealii/9.6-local/include/deal.II/bundled/boost/geometry/algorithms/detail/distance/multipoint_to_geometry.hpp:19[m[K,
                 from [01m[K/opt/dealii/9.6-local/include/deal.II/bundled/boost/geometry/algorithms/detail/distance/implementation.hpp:26[m[K,
                 from [01m[K/opt/dealii/9.6-local/include/deal.II/bundled/boost/geometry/algorithms/distance.hpp:24[m[K,
                 from [01m[K/opt/dealii/9.6-local/include/deal.II/numerics/rtree.h:28[m[K:
[01m[K/opt/dealii/9.6-local/include/deal.II/bundled/boost/geometry/geometries/box.hpp:65:7:[m[K [01;36m[Knote: [m[K‘[01m[Kboost::geometry::model::box[m[K’ declared here
   65 | class [01;36m[Kbox[m[K
      |       [01;36m[K^~~[m[K
[01m[K/home/ein/repository/aspect-pf-rsf-refactor/source/particle/particle_domain.cc:528:32:[m[K [01;31m[Kerror: [m[K‘[01m[Kp[m[K’ was not declared in this scope
  528 |               return (std::abs([01;31m[Kp[m[K[1] - box.get_boundary_points().first[1]) < tol2 ||
      |                                [01;31m[K^[m[K
[01m[K/home/ein/repository/aspect-pf-rsf-refactor/source/particle/particle_domain.cc:528:39:[m[K [01;31m[Kerror: [m[K‘[01m[Kbox[m[K’ was not declared in this scope; did you mean ‘[01m[Kboost::geometry::model::box[m[K’?
  528 |               return (std::abs(p[1] - [01;31m[Kbox[m[K.get_boundary_points().first[1]) < tol2 ||
      |                                       [01;31m[K^~~[m[K
      |                                       [32m[Kboost::geometry::model::box[m[K
[01m[K/opt/dealii/9.6-local/include/deal.II/bundled/boost/geometry/geometries/box.hpp:65:7:[m[K [01;36m[Knote: [m[K‘[01m[Kboost::geometry::model::box[m[K’ declared here
   65 | class [01;36m[Kbox[m[K
      |       [01;36m[K^~~[m[K
[01m[K/home/ein/repository/aspect-pf-rsf-refactor/source/particle/particle_domain.cc:533:37:[m[K [01;31m[Kerror: [m[Kthere are no arguments to ‘[01m[KExcInternalError[m[K’ that depend on a template parameter, so a declaration of ‘[01m[KExcInternalError[m[K’ must be available [[01;31m[K-fpermissive[m[K]
  533 |               AssertThrow(dim == 3, [01;31m[KExcInternalError[m[K());
      |                                     [01;31m[K^~~~~~~~~~~~~~~~[m[K
[01m[K/home/ein/repository/aspect-pf-rsf-refactor/source/particle/particle_domain.cc:533:37:[m[K [01;36m[Knote: [m[K(if you use ‘[01m[K-fpermissive[m[K’, G++ will accept your code, but allowing the use of an undeclared name is deprecated)
[01m[K/home/ein/repository/aspect-pf-rsf-refactor/source/particle/particle_domain.cc:534:32:[m[K [01;31m[Kerror: [m[K‘[01m[Kp[m[K’ was not declared in this scope
  534 |               return (std::abs([01;31m[Kp[m[K[2] - box.get_boundary_points().first[2]) < tol2 ||
      |                                [01;31m[K^[m[K
[01m[K/home/ein/repository/aspect-pf-rsf-refactor/source/particle/particle_domain.cc:534:39:[m[K [01;31m[Kerror: [m[K‘[01m[Kbox[m[K’ was not declared in this scope; did you mean ‘[01m[Kboost::geometry::model::box[m[K’?
  534 |               return (std::abs(p[2] - [01;31m[Kbox[m[K.get_boundary_points().first[2]) < tol2 ||
      |                                       [01;31m[K^~~[m[K
      |                                       [32m[Kboost::geometry::model::box[m[K
[01m[K/opt/dealii/9.6-local/include/deal.II/bundled/boost/geometry/geometries/box.hpp:65:7:[m[K [01;36m[Knote: [m[K‘[01m[Kboost::geometry::model::box[m[K’ declared here
   65 | class [01;36m[Kbox[m[K
      |       [01;36m[K^~~[m[K
[01m[K/home/ein/repository/aspect-pf-rsf-refactor/source/particle/particle_domain.cc:539:34:[m[K [01;31m[Kerror: [m[Kthere are no arguments to ‘[01m[KExcInternalError[m[K’ that depend on a template parameter, so a declaration of ‘[01m[KExcInternalError[m[K’ must be available [[01;31m[K-fpermissive[m[K]
  539 |               AssertThrow(false, [01;31m[KExcInternalError[m[K());
      |                                  [01;31m[K^~~~~~~~~~~~~~~~[m[K
[01m[K/home/ein/repository/aspect-pf-rsf-refactor/source/particle/particle_domain.cc:[m[K At global scope:
[01m[K/home/ein/repository/aspect-pf-rsf-refactor/source/particle/particle_domain.cc:554:53:[m[K [01;31m[Kerror: [m[K‘[01m[KFace[m[K’ in namespace ‘[01m[Kaspect::Particle::internal::VoronoiCellHelper[m[K’ does not name a type
  554 |         using VoroFace         = VoronoiCellHelper::[01;31m[KFace[m[K;
      |                                                     [01;31m[K^~~~[m[K
[01m[K/home/ein/repository/aspect-pf-rsf-refactor/source/particle/particle_domain.cc:586:27:[m[K [01;31m[Kerror: [m[K‘[01m[Ktypes[m[K’ does not name a type; did you mean ‘[01m[Ktypeof[m[K’?
  586 |         void reinit(const [01;31m[Ktypes[m[K::particle_index  particle_index,
      |                           [01;31m[K^~~~~[m[K
      |                           [32m[Ktypeof[m[K
[01m[K/home/ein/repository/aspect-pf-rsf-refactor/source/particle/particle_domain.cc:586:50:[m[K [01;31m[Kerror: [m[Kexpected unqualified-id before ‘[01m[Kparticle_index[m[K’
  586 |         void reinit(const types::particle_index  [01;31m[Kparticle_index[m[K,
      |                                                  [01;31m[K^~~~~~~~~~~~~~[m[K
[01m[K/home/ein/repository/aspect-pf-rsf-refactor/source/particle/particle_domain.cc:586:48:[m[K [01;31m[Kerror: [m[Kexpected ‘[01m[K)[m[K’ before ‘[01m[Kparticle_index[m[K’
  586 |         void reinit[34m[K([m[Kconst types::particle_index[01;31m[K [m[K [32m[Kparticle_index[m[K,
      |                    [34m[K~[m[K                           [01;31m[K^[m[K [32m[K~~~~~~~~~~~~~~[m[K
      |                                                [32m[K)[m[K
[01m[K/home/ein/repository/aspect-pf-rsf-refactor/source/particle/particle_domain.cc:586:34:[m[K [01;31m[Kerror: [m[Kexpected ‘[01m[K;[m[K’ at end of member declaration
  586 |         void reinit(const types::[01;31m[Kparticle_index[m[K  particle_index,
      |                                  [01;31m[K^~~~~~~~~~~~~~[m[K
      |                                                [32m[K;[m[K
[01m[K/home/ein/repository/aspect-pf-rsf-refactor/source/particle/particle_domain.cc:586:50:[m[K [01;31m[Kerror: [m[K‘[01m[Kparticle_index[m[K’ does not name a type
  586 |         void reinit(const types::particle_index  [01;31m[Kparticle_index[m[K,
      |                                                  [01;31m[K^~~~~~~~~~~~~~[m[K
[01m[K/home/ein/repository/aspect-pf-rsf-refactor/source/particle/particle_domain.cc:592:9:[m[K [01;31m[Kerror: [m[K‘[01m[Ktypes[m[K’ does not name a type; did you mean ‘[01m[Ktypeof[m[K’?
  592 |         [01;31m[Ktypes[m[K::particle_index particle_index;
      |         [01;31m[K^~~~~[m[K
      |         [32m[Ktypeof[m[K
[01m[K/home/ein/repository/aspect-pf-rsf-refactor/source/particle/particle_domain.cc:594:21:[m[K [01;31m[Kerror: [m[K‘[01m[KPoint[m[K’ was not declared in this scope
  594 |         std::vector<[01;31m[KPoint[m[K<dim>> vertices;
      |                     [01;31m[K^~~~~[m[K
[01m[K/home/ein/repository/aspect-pf-rsf-refactor/source/particle/particle_domain.cc:594:21:[m[K [01;36m[Knote: [m[Ksuggested alternatives:
[01m[K/opt/dealii/9.6-local/include/deal.II/base/tensor.h:55:7:[m[K [01;36m[Knote: [m[K  ‘[01m[Kdealii::Point[m[K’
   55 | class [01;36m[KPoint[m[K;
      |       [01;36m[K^~~~~[m[K
[01m[K/opt/dealii/9.6-local/include/deal.II/bundled/boost/geometry/geometries/concepts/point_concept.hpp:39:7:[m[K [01;36m[Knote: [m[K  ‘[01m[Kboost::geometry::concepts::Point[m[K’
   39 | class [01;36m[KPoint[m[K
      |       [01;36m[K^~~~~[m[K
[01m[K/home/ein/repository/aspect-pf-rsf-refactor/source/particle/particle_domain.cc:594:27:[m[K [01;31m[Kerror: [m[Ktemplate argument 1 is invalid
  594 |         std::vector<Point<[01;31m[Kdim[m[K>> vertices;
      |                           [01;31m[K^~~[m[K
[01m[K/home/ein/repository/aspect-pf-rsf-refactor/source/particle/particle_domain.cc:594:27:[m[K [01;31m[Kerror: [m[Ktemplate argument 2 is invalid
[01m[K/home/ein/repository/aspect-pf-rsf-refactor/source/particle/particle_domain.cc:594:30:[m[K [01;31m[Kerror: [m[Kexpected unqualified-id before ‘[01m[K>[m[K’ token
  594 |         std::vector<Point<dim[01;31m[K>>[m[K vertices;
      |                              [01;31m[K^~[m[K
[01m[K/home/ein/repository/aspect-pf-rsf-refactor/source/particle/particle_domain.cc:598:21:[m[K [01;31m[Kerror: [m[K‘[01m[Ktypes[m[K’ was not declared in this scope
  598 |         std::vector<[01;31m[Ktypes[m[K::particle_index> neighbors;
      |                     [01;31m[K^~~~~[m[K
[01m[K/home/ein/repository/aspect-pf-rsf-refactor/source/particle/particle_domain.cc:598:21:[m[K [01;36m[Knote: [m[Ksuggested alternatives:
In file included from [01m[K/opt/dealii/9.6-local/include/deal.II/base/numbers.h:21[m[K,
                 from [01m[K/opt/dealii/9.6-local/include/deal.II/base/config.h:608[m[K,
                 from [01m[K/opt/dealii/9.6-local/include/deal.II/particles/particle_handler.h:18[m[K:
[01m[K/opt/dealii/9.6-local/include/deal.II/base/types.h:31:11:[m[K [01;36m[Knote: [m[K  ‘[01m[Kdealii::types[m[K’
   31 | namespace [01;36m[Ktypes[m[K
      |           [01;36m[K^~~~~[m[K
[01m[K/opt/dealii/9.6-local/include/deal.II/base/types.h:183:13:[m[K [01;36m[Knote: [m[K  ‘[01m[Kdealii::TrilinosWrappers::types[m[K’
  183 |   namespace [01;36m[Ktypes[m[K
      |             [01;36m[K^~~~~[m[K
In file included from [01m[K/opt/dealii/9.6-local/include/deal.II/distributed/tria.h:26[m[K,
                 from [01m[K/opt/dealii/9.6-local/include/deal.II/particles/particle_handler.h:26[m[K:
[01m[K/opt/dealii/9.6-local/include/deal.II/distributed/p4est_wrappers.h:67:12:[m[K [01;36m[Knote: [m[K  ‘[01m[Kdealii::internal::p4est::types[m[K’
   67 |     struct [01;36m[Ktypes[m[K;
      |            [01;36m[K^~~~~[m[K
[01m[K/home/ein/repository/aspect-pf-rsf-refactor/source/particle/particle_domain.cc:598:42:[m[K [01;31m[Kerror: [m[Ktemplate argument 1 is invalid
  598 |         std::vector<types::particle_index[01;31m[K>[m[K neighbors;
      |                                          [01;31m[K^[m[K
[01m[K/home/ein/repository/aspect-pf-rsf-refactor/source/particle/particle_domain.cc:598:42:[m[K [01;31m[Kerror: [m[Ktemplate argument 2 is invalid
[01m[K/home/ein/repository/aspect-pf-rsf-refactor/source/particle/particle_domain.cc:[m[K In constructor ‘[01m[Kaspect::Particle::internal::VoronoiCell<dim>::VoronoiCell()[m[K’:
[01m[K/home/ein/repository/aspect-pf-rsf-refactor/source/particle/particle_domain.cc:561:13:[m[K [01;31m[Kerror: [m[Kclass ‘[01m[Kaspect::Particle::internal::VoronoiCell<dim>[m[K’ does not have any field named ‘[01m[Kparticle_index[m[K’
  561 |           : [01;31m[Kparticle_index[m[K(numbers::invalid_unsigned_int)
      |             [01;31m[K^~~~~~~~~~~~~~[m[K
[01m[K/home/ein/repository/aspect-pf-rsf-refactor/source/particle/particle_domain.cc:561:28:[m[K [01;31m[Kerror: [m[K‘[01m[Knumbers[m[K’ has not been declared
  561 |           : particle_index([01;31m[Knumbers[m[K::invalid_unsigned_int)
      |                            [01;31m[K^~~~~~~[m[K
[01m[K/home/ein/repository/aspect-pf-rsf-refactor/source/particle/particle_domain.cc:[m[K At global scope:
[01m[K/home/ein/repository/aspect-pf-rsf-refactor/source/particle/particle_domain.cc:605:36:[m[K [01;31m[Kerror: [m[K‘[01m[Ktypes[m[K’ does not name a type; did you mean ‘[01m[Ktypeof[m[K’?
  605 |       VoronoiCell<2>::reinit(const [01;31m[Ktypes[m[K::particle_index  particle_index_,
      |                                    [01;31m[K^~~~~[m[K
      |                                    [32m[Ktypeof[m[K
[01m[K/home/ein/repository/aspect-pf-rsf-refactor/source/particle/particle_domain.cc:605:59:[m[K [01;31m[Kerror: [m[Kexpected unqualified-id before ‘[01m[Kparticle_index_[m[K’
  605 |       VoronoiCell<2>::reinit(const types::particle_index  [01;31m[Kparticle_index_[m[K,
      |                                                           [01;31m[K^~~~~~~~~~~~~~~[m[K
[01m[K/home/ein/repository/aspect-pf-rsf-refactor/source/particle/particle_domain.cc:605:57:[m[K [01;31m[Kerror: [m[Kexpected ‘[01m[K)[m[K’ before ‘[01m[Kparticle_index_[m[K’
  605 |       VoronoiCell<2>::reinit[34m[K([m[Kconst types::particle_index[01;31m[K [m[K [32m[Kparticle_index_[m[K,
      |                             [34m[K~[m[K                           [01;31m[K^[m[K [32m[K~~~~~~~~~~~~~~~[m[K
      |                                                         [32m[K)[m[K
[01m[K/home/ein/repository/aspect-pf-rsf-refactor/source/particle/particle_domain.cc:605:59:[m[K [01;31m[Kerror: [m[Kexpected initializer before ‘[01m[Kparticle_index_[m[K’
  605 |       VoronoiCell<2>::reinit(const types::particle_index  [01;31m[Kparticle_index_[m[K,
      |                                                           [01;31m[K^~~~~~~~~~~~~~~[m[K
[01m[K/home/ein/repository/aspect-pf-rsf-refactor/source/particle/particle_domain.cc:703:36:[m[K [01;31m[Kerror: [m[K‘[01m[Ktypes[m[K’ does not name a type; did you mean ‘[01m[Ktypeof[m[K’?
  703 |       VoronoiCell<3>::reinit(const [01;31m[Ktypes[m[K::particle_index  particle_index_,
      |                                    [01;31m[K^~~~~[m[K
      |                                    [32m[Ktypeof[m[K
[01m[K/home/ein/repository/aspect-pf-rsf-refactor/source/particle/particle_domain.cc:703:59:[m[K [01;31m[Kerror: [m[Kexpected unqualified-id before ‘[01m[Kparticle_index_[m[K’
  703 |       VoronoiCell<3>::reinit(const types::particle_index  [01;31m[Kparticle_index_[m[K,
      |                                                           [01;31m[K^~~~~~~~~~~~~~~[m[K
[01m[K/home/ein/repository/aspect-pf-rsf-refactor/source/particle/particle_domain.cc:703:57:[m[K [01;31m[Kerror: [m[Kexpected ‘[01m[K)[m[K’ before ‘[01m[Kparticle_index_[m[K’
  703 |       VoronoiCell<3>::reinit[34m[K([m[Kconst types::particle_index[01;31m[K [m[K [32m[Kparticle_index_[m[K,
      |                             [34m[K~[m[K                           [01;31m[K^[m[K [32m[K~~~~~~~~~~~~~~~[m[K
      |                                                         [32m[K)[m[K
[01m[K/home/ein/repository/aspect-pf-rsf-refactor/source/particle/particle_domain.cc:703:59:[m[K [01;31m[Kerror: [m[Kexpected initializer before ‘[01m[Kparticle_index_[m[K’
  703 |       VoronoiCell<3>::reinit(const types::particle_index  [01;31m[Kparticle_index_[m[K,
      |                                                           [01;31m[K^~~~~~~~~~~~~~~[m[K
[01m[K/home/ein/repository/aspect-pf-rsf-refactor/source/particle/particle_domain.cc:729:46:[m[K [01;31m[Kerror: [m[K‘[01m[KPoint[m[K’ was not declared in this scope
  729 |           SimplexIntegrator(const std::array<[01;31m[KPoint[m[K<dim>, n_vertices> &vertices);
      |                                              [01;31m[K^~~~~[m[K
[01m[K/home/ein/repository/aspect-pf-rsf-refactor/source/particle/particle_domain.cc:729:46:[m[K [01;36m[Knote: [m[Ksuggested alternatives:
[01m[K/opt/dealii/9.6-local/include/deal.II/base/tensor.h:55:7:[m[K [01;36m[Knote: [m[K  ‘[01m[Kdealii::Point[m[K’
   55 | class [01;36m[KPoint[m[K;
      |       [01;36m[K^~~~~[m[K
[01m[K/opt/dealii/9.6-local/include/deal.II/bundled/boost/geometry/geometries/concepts/point_concept.hpp:39:7:[m[K [01;36m[Knote: [m[K  ‘[01m[Kboost::geometry::concepts::Point[m[K’
   39 | class [01;36m[KPoint[m[K
      |       [01;36m[K^~~~~[m[K
[01m[K/home/ein/repository/aspect-pf-rsf-refactor/source/particle/particle_domain.cc:729:55:[m[K [01;31m[Kerror: [m[Kwrong number of template arguments (1, should be 2)
  729 |           SimplexIntegrator(const std::array<Point<dim[01;31m[K>[m[K, n_vertices> &vertices);
      |                                                       [01;31m[K^[m[K
In file included from [01m[K/opt/gcc/12.4.0/include/c++/12.4.0/mutex:38[m[K,
                 from [01m[K/opt/trilinos/14.2.0-local/include/Kokkos_Serial.hpp:33[m[K,
                 from [01m[K/opt/trilinos/14.2.0-local/include/decl/Kokkos_Declare_SERIAL.hpp:21[m[K,
                 from [01m[K/opt/trilinos/14.2.0-local/include/KokkosCore_Config_DeclareBackend.hpp:22[m[K,
                 from [01m[K/opt/trilinos/14.2.0-local/include/Kokkos_Core.hpp:45[m[K,
                 from [01m[K/opt/dealii/9.6-local/include/deal.II/base/exceptions.h:25[m[K:
[01m[K/opt/gcc/12.4.0/include/c++/12.4.0/tuple:1610:45:[m[K [01;36m[Knote: [m[Kprovided for ‘[01m[Ktemplate<class _Tp, long unsigned int _Nm> struct std::array[m[K’
 1610 |   template<typename _Tp, size_t _Nm> struct [01;36m[Karray[m[K;
      |                                             [01;36m[K^~~~~[m[K
[01m[K/home/ein/repository/aspect-pf-rsf-refactor/source/particle/particle_domain.cc:729:58:[m[K [01;31m[Kerror: [m[K‘[01m[Kn_vertices[m[K’ is not a type
  729 |           SimplexIntegrator(const std::array<Point<dim>, [01;31m[Kn_vertices[m[K> &vertices);
      |                                                          [01;31m[K^~~~~~~~~~[m[K
[01m[K/home/ein/repository/aspect-pf-rsf-refactor/source/particle/particle_domain.cc:729:68:[m[K [01;31m[Kerror: [m[Kexpected ‘[01m[K,[m[K’ or ‘[01m[K...[m[K’ before ‘[01m[K>[m[K’ token
  729 |           SimplexIntegrator(const std::array<Point<dim>, n_vertices[01;31m[K>[m[K &vertices);
      |                                                                    [01;31m[K^[m[K
[01m[K/home/ein/repository/aspect-pf-rsf-refactor/source/particle/particle_domain.cc:737:29:[m[K [01;31m[Kerror: [m[K‘[01m[KTensor[m[K’ was not declared in this scope
  737 |           std::pair<double, [01;31m[KTensor[m[K<1, dim> >
      |                             [01;31m[K^~~~~~[m[K
[01m[K/home/ein/repository/aspect-pf-rsf-refactor/source/particle/particle_domain.cc:737:29:[m[K [01;36m[Knote: [m[Ksuggested alternatives:
[01m[K/opt/dealii/9.6-local/include/deal.II/base/tensor.h:58:7:[m[K [01;36m[Knote: [m[K  ‘[01m[Kdealii::Tensor[m[K’
   58 | class [01;36m[KTensor[m[K;
      |       [01;36m[K^~~~~~[m[K
In file included from [01m[K/opt/dealii/9.6-local/include/deal.II/fe/fe.h:24[m[K,
                 from [01m[K/opt/dealii/9.6-local/include/deal.II/hp/fe_collection.h:21[m[K,
                 from [01m[K/opt/dealii/9.6-local/include/deal.II/dofs/dof_handler.h:36[m[K,
                 from [01m[K/opt/dealii/9.6-local/include/deal.II/grid/grid_tools.h:29[m[K,
                 from [01m[K/home/ein/repository/aspect-pf-rsf-refactor/source/particle/particle_domain.cc:23[m[K:
[01m[K/opt/dealii/9.6-local/include/deal.II/fe/fe_values_extractors.h:243:10:[m[K [01;36m[Knote: [m[K  ‘[01m[Kdealii::FEValuesExtractors::Tensor[m[K’
  243 |   struct [01;36m[KTensor[m[K
      |          [01;36m[K^~~~~~[m[K
In file included from [01m[K/opt/dealii/9.6-local/include/deal.II/fe/fe_values_base.h:35[m[K,
                 from [01m[K/opt/dealii/9.6-local/include/deal.II/fe/fe_values.h:34[m[K,
                 from [01m[K/opt/dealii/9.6-local/include/deal.II/grid/grid_tools.h:31[m[K:
[01m[K/opt/dealii/9.6-local/include/deal.II/fe/fe_values_views.h:1603:9:[m[K [01;36m[Knote: [m[K  ‘[01m[Kdealii::FEValuesViews::Tensor[m[K’
 1603 |   class [01;36m[KTensor[m[K;
      |         [01;36m[K^~~~~~[m[K
[01m[K/home/ein/repository/aspect-pf-rsf-refactor/source/particle/particle_domain.cc:737:42:[m[K [01;31m[Kerror: [m[Kwrong number of template arguments (3, should be 2)
  737 |           std::pair<double, Tensor<1, dim[01;31m[K>[m[K >
      |                                          [01;31m[K^[m[K
In file included from [01m[K/opt/gcc/12.4.0/include/c++/12.4.0/bits/stl_algobase.h:64[m[K,
                 from [01m[K/opt/gcc/12.4.0/include/c++/12.4.0/bits/specfun.h:45[m[K,
                 from [01m[K/opt/gcc/12.4.0/include/c++/12.4.0/cmath:1935[m[K,
                 from [01m[K/opt/dealii/9.6-local/include/deal.II/base/numbers.h:29[m[K:
[01m[K/opt/gcc/12.4.0/include/c++/12.4.0/bits/stl_pair.h:187:12:[m[K [01;36m[Knote: [m[Kprovided for ‘[01m[Ktemplate<class _T1, class _T2> struct std::pair[m[K’
  187 |     struct [01;36m[Kpair[m[K
      |            [01;36m[K^~~~[m[K
[01m[K/home/ein/repository/aspect-pf-rsf-refactor/source/particle/particle_domain.cc:737:44:[m[K [01;31m[Kerror: [m[Kexpected unqualified-id before ‘[01m[K>[m[K’ token
  737 |           std::pair<double, Tensor<1, dim> [01;31m[K>[m[K
      |                                            [01;31m[K^[m[K
[01m[K/home/ein/repository/aspect-pf-rsf-refactor/source/particle/particle_domain.cc:746:22:[m[K [01;31m[Kerror: [m[K‘[01m[KPoint[m[K’ was not declared in this scope
  746 |           std::array<[01;31m[KPoint[m[K<dim>, n_vertices> vertices;
      |                      [01;31m[K^~~~~[m[K
[01m[K/home/ein/repository/aspect-pf-rsf-refactor/source/particle/particle_domain.cc:746:22:[m[K [01;36m[Knote: [m[Ksuggested alternatives:
[01m[K/opt/dealii/9.6-local/include/deal.II/base/tensor.h:55:7:[m[K [01;36m[Knote: [m[K  ‘[01m[Kdealii::Point[m[K’
   55 | class [01;36m[KPoint[m[K;
      |       [01;36m[K^~~~~[m[K
[01m[K/opt/dealii/9.6-local/include/deal.II/bundled/boost/geometry/geometries/concepts/point_concept.hpp:39:7:[m[K [01;36m[Knote: [m[K  ‘[01m[Kboost::geometry::concepts::Point[m[K’
   39 | class [01;36m[KPoint[m[K
      |       [01;36m[K^~~~~[m[K
[01m[K/home/ein/repository/aspect-pf-rsf-refactor/source/particle/particle_domain.cc:746:31:[m[K [01;31m[Kerror: [m[Kwrong number of template arguments (1, should be 2)
  746 |           std::array<Point<dim[01;31m[K>[m[K, n_vertices> vertices;
      |                               [01;31m[K^[m[K
[01m[K/opt/gcc/12.4.0/include/c++/12.4.0/tuple:1610:45:[m[K [01;36m[Knote: [m[Kprovided for ‘[01m[Ktemplate<class _Tp, long unsigned int _Nm> struct std::array[m[K’
 1610 |   template<typename _Tp, size_t _Nm> struct [01;36m[Karray[m[K;
      |                                             [01;36m[K^~~~~[m[K
[01m[K/home/ein/repository/aspect-pf-rsf-refactor/source/particle/particle_domain.cc:746:32:[m[K [01;31m[Kerror: [m[Kexpected unqualified-id before ‘[01m[K,[m[K’ token
  746 |           std::array<Point<dim>[01;31m[K,[m[K n_vertices> vertices;
      |                                [01;31m[K^[m[K
[01m[K/home/ein/repository/aspect-pf-rsf-refactor/source/particle/particle_domain.cc:748:22:[m[K [01;31m[Kerror: [m[K‘[01m[KTensor[m[K’ was not declared in this scope
  748 |           std::array<[01;31m[KTensor[m[K<1, dim>, n_vertices> faces;
      |                      [01;31m[K^~~~~~[m[K
[01m[K/home/ein/repository/aspect-pf-rsf-refactor/source/particle/particle_domain.cc:748:22:[m[K [01;36m[Knote: [m[Ksuggested alternatives:
[01m[K/opt/dealii/9.6-local/include/deal.II/base/tensor.h:58:7:[m[K [01;36m[Knote: [m[K  ‘[01m[Kdealii::Tensor[m[K’
   58 | class [01;36m[KTensor[m[K;
      |       [01;36m[K^~~~~~[m[K
[01m[K/opt/dealii/9.6-local/include/deal.II/fe/fe_values_extractors.h:243:10:[m[K [01;36m[Knote: [m[K  ‘[01m[Kdealii::FEValuesExtractors::Tensor[m[K’
  243 |   struct [01;36m[KTensor[m[K
      |          [01;36m[K^~~~~~[m[K
[01m[K/opt/dealii/9.6-local/include/deal.II/fe/fe_values_views.h:1603:9:[m[K [01;36m[Knote: [m[K  ‘[01m[Kdealii::FEValuesViews::Tensor[m[K’
 1603 |   class [01;36m[KTensor[m[K;
      |         [01;36m[K^~~~~~[m[K
[01m[K/home/ein/repository/aspect-pf-rsf-refactor/source/particle/particle_domain.cc:748:35:[m[K [01;31m[Kerror: [m[Ktemplate argument 1 is invalid
  748 |           std::array<Tensor<1, dim[01;31m[K>[m[K, n_vertices> faces;
      |                                   [01;31m[K^[m[K
[01m[K/home/ein/repository/aspect-pf-rsf-refactor/source/particle/particle_domain.cc:748:36:[m[K [01;31m[Kerror: [m[Kexpected unqualified-id before ‘[01m[K,[m[K’ token
  748 |           std::array<Tensor<1, dim>[01;31m[K,[m[K n_vertices> faces;
      |                                    [01;31m[K^[m[K
[01m[K/home/ein/repository/aspect-pf-rsf-refactor/source/particle/particle_domain.cc:758:42:[m[K [01;31m[Kerror: [m[K‘[01m[KPoint[m[K’ was not declared in this scope
  758 |       SimplexIntegrator(const std::array<[01;31m[KPoint[m[K<dim>, n_vertices> &verts)
      |                                          [01;31m[K^~~~~[m[K
[01m[K/home/ein/repository/aspect-pf-rsf-refactor/source/particle/particle_domain.cc:758:42:[m[K [01;36m[Knote: [m[Ksuggested alternatives:
[01m[K/opt/dealii/9.6-local/include/deal.II/base/tensor.h:55:7:[m[K [01;36m[Knote: [m[K  ‘[01m[Kdealii::Point[m[K’
   55 | class [01;36m[KPoint[m[K;
      |       [01;36m[K^~~~~[m[K
[01m[K/opt/dealii/9.6-local/include/deal.II/bundled/boost/geometry/geometries/concepts/point_concept.hpp:39:7:[m[K [01;36m[Knote: [m[K  ‘[01m[Kboost::geometry::concepts::Point[m[K’
   39 | class [01;36m[KPoint[m[K
      |       [01;36m[K^~~~~[m[K
[01m[K/home/ein/repository/aspect-pf-rsf-refactor/source/particle/particle_domain.cc:758:51:[m[K [01;31m[Kerror: [m[Kwrong number of template arguments (1, should be 2)
  758 |       SimplexIntegrator(const std::array<Point<dim[01;31m[K>[m[K, n_vertices> &verts)
      |                                                   [01;31m[K^[m[K
[01m[K/opt/gcc/12.4.0/include/c++/12.4.0/tuple:1610:45:[m[K [01;36m[Knote: [m[Kprovided for ‘[01m[Ktemplate<class _Tp, long unsigned int _Nm> struct std::array[m[K’
 1610 |   template<typename _Tp, size_t _Nm> struct [01;36m[Karray[m[K;
      |                                             [01;36m[K^~~~~[m[K
[01m[K/home/ein/repository/aspect-pf-rsf-refactor/source/particle/particle_domain.cc:758:54:[m[K [01;31m[Kerror: [m[K‘[01m[Kn_vertices[m[K’ is not a type
  758 |       SimplexIntegrator(const std::array<Point<dim>, [01;31m[Kn_vertices[m[K> &verts)
      |                                                      [01;31m[K^~~~~~~~~~[m[K
[01m[K/home/ein/repository/aspect-pf-rsf-refactor/source/particle/particle_domain.cc:758:64:[m[K [01;31m[Kerror: [m[Kexpected ‘[01m[K,[m[K’ or ‘[01m[K...[m[K’ before ‘[01m[K>[m[K’ token
  758 |       SimplexIntegrator(const std::array<Point<dim>, n_vertices[01;31m[K>[m[K &verts)
      |                                                                [01;31m[K^[m[K
[01m[K/home/ein/repository/aspect-pf-rsf-refactor/source/particle/particle_domain.cc:[m[K In constructor ‘[01m[Kaspect::Particle::internal::SimplexIntegrator<dim>::SimplexIntegrator(int, int)[m[K’:
[01m[K/home/ein/repository/aspect-pf-rsf-refactor/source/particle/particle_domain.cc:759:11:[m[K [01;31m[Kerror: [m[Kclass ‘[01m[Kaspect::Particle::internal::SimplexIntegrator<dim>[m[K’ does not have any field named ‘[01m[Kvertices[m[K’
  759 |         : [01;31m[Kvertices[m[K(verts)
      |           [01;31m[K^~~~~~~~[m[K
[01m[K/home/ein/repository/aspect-pf-rsf-refactor/source/particle/particle_domain.cc:759:20:[m[K [01;31m[Kerror: [m[K‘[01m[Kverts[m[K’ was not declared in this scope
  759 |         : vertices([01;31m[Kverts[m[K)
      |                    [01;31m[K^~~~~[m[K
[01m[K/home/ein/repository/aspect-pf-rsf-refactor/source/particle/particle_domain.cc:764:15:[m[K [01;31m[Kerror: [m[K‘[01m[Kfaces[m[K’ was not declared in this scope
  764 |               [01;31m[Kfaces[m[K[f] = cross_product_2d(vertices[(2 + f) % 3] - vertices[(1 + f) % 3]);
      |               [01;31m[K^~~~~[m[K
[01m[K/home/ein/repository/aspect-pf-rsf-refactor/source/particle/particle_domain.cc:764:43:[m[K [01;31m[Kerror: [m[K‘[01m[Kvertices[m[K’ was not declared in this scope; did you mean ‘[01m[Kn_vertices[m[K’?
  764 |               faces[f] = cross_product_2d([01;31m[Kvertices[m[K[(2 + f) % 3] - vertices[(1 + f) % 3]);
      |                                           [01;31m[K^~~~~~~~[m[K
      |                                           [32m[Kn_vertices[m[K
[01m[K/home/ein/repository/aspect-pf-rsf-refactor/source/particle/particle_domain.cc:764:26:[m[K [01;31m[Kerror: [m[Kthere are no arguments to ‘[01m[Kcross_product_2d[m[K’ that depend on a template parameter, so a declaration of ‘[01m[Kcross_product_2d[m[K’ must be available [[01;31m[K-fpermissive[m[K]
  764 |               faces[f] = [01;31m[Kcross_product_2d[m[K(vertices[(2 + f) % 3] - vertices[(1 + f) % 3]);
      |                          [01;31m[K^~~~~~~~~~~~~~~~[m[K
[01m[K/home/ein/repository/aspect-pf-rsf-refactor/source/particle/particle_domain.cc:766:15:[m[K [01;31m[Kerror: [m[K‘[01m[Kfaces[m[K’ was not declared in this scope
  766 |               [01;31m[Kfaces[m[K[f] = cross_product_3d((vertices[(3 - f) % 4] - vertices[(1 - f) % 4]),
      |               [01;31m[K^~~~~[m[K
[01m[K/home/ein/repository/aspect-pf-rsf-refactor/source/particle/particle_domain.cc:766:44:[m[K [01;31m[Kerror: [m[K‘[01m[Kvertices[m[K’ was not declared in this scope; did you mean ‘[01m[Kn_vertices[m[K’?
  766 |               faces[f] = cross_product_3d(([01;31m[Kvertices[m[K[(3 - f) % 4] - vertices[(1 - f) % 4]),
      |                                            [01;31m[K^~~~~~~~[m[K
      |                                            [32m[Kn_vertices[m[K
[01m[K/home/ein/repository/aspect-pf-rsf-refactor/source/particle/particle_domain.cc:766:26:[m[K [01;31m[Kerror: [m[Kthere are no arguments to ‘[01m[Kcross_product_3d[m[K’ that depend on a template parameter, so a declaration of ‘[01m[Kcross_product_3d[m[K’ must be available [[01;31m[K-fpermissive[m[K]
  766 |               faces[f] = [01;31m[Kcross_product_3d[m[K((vertices[(3 - f) % 4] - vertices[(1 - f) % 4]),
      |                          [01;31m[K^~~~~~~~~~~~~~~~[m[K
[01m[K/home/ein/repository/aspect-pf-rsf-refactor/source/particle/particle_domain.cc:770:26:[m[K [01;31m[Kerror: [m[K‘[01m[Kfaces[m[K’ was not declared in this scope
  770 |         signed_volume = ([01;31m[Kfaces[m[K[0] * (vertices[0] - vertices[1])) * normalization_factor;
      |                          [01;31m[K^~~~~[m[K
[01m[K/home/ein/repository/aspect-pf-rsf-refactor/source/particle/particle_domain.cc:770:38:[m[K [01;31m[Kerror: [m[K‘[01m[Kvertices[m[K’ was not declared in this scope; did you mean ‘[01m[Kn_vertices[m[K’?
  770 |         signed_volume = (faces[0] * ([01;31m[Kvertices[m[K[0] - vertices[1])) * normalization_factor;
      |                                      [01;31m[K^~~~~~~~[m[K
      |                                      [32m[Kn_vertices[m[K
[01m[K/home/ein/repository/aspect-pf-rsf-refactor/source/particle/particle_domain.cc:[m[K At global scope:
[01m[K/home/ein/repository/aspect-pf-rsf-refactor/source/particle/particle_domain.cc:776:25:[m[K [01;31m[Kerror: [m[K‘[01m[KTensor[m[K’ was not declared in this scope
  776 |       std::pair<double, [01;31m[KTensor[m[K<1, dim> >
      |                         [01;31m[K^~~~~~[m[K
[01m[K/home/ein/repository/aspect-pf-rsf-refactor/source/particle/particle_domain.cc:776:25:[m[K [01;36m[Knote: [m[Ksuggested alternatives:
[01m[K/opt/dealii/9.6-local/include/deal.II/base/tensor.h:58:7:[m[K [01;36m[Knote: [m[K  ‘[01m[Kdealii::Tensor[m[K’
   58 | class [01;36m[KTensor[m[K;
      |       [01;36m[K^~~~~~[m[K
[01m[K/opt/dealii/9.6-local/include/deal.II/fe/fe_values_extractors.h:243:10:[m[K [01;36m[Knote: [m[K  ‘[01m[Kdealii::FEValuesExtractors::Tensor[m[K’
  243 |   struct [01;36m[KTensor[m[K
      |          [01;36m[K^~~~~~[m[K
[01m[K/opt/dealii/9.6-local/include/deal.II/fe/fe_values_views.h:1603:9:[m[K [01;36m[Knote: [m[K  ‘[01m[Kdealii::FEValuesViews::Tensor[m[K’
 1603 |   class [01;36m[KTensor[m[K;
      |         [01;36m[K^~~~~~[m[K
[01m[K/home/ein/repository/aspect-pf-rsf-refactor/source/particle/particle_domain.cc:776:38:[m[K [01;31m[Kerror: [m[Kwrong number of template arguments (3, should be 2)
  776 |       std::pair<double, Tensor<1, dim[01;31m[K>[m[K >
      |                                      [01;31m[K^[m[K
[01m[K/opt/gcc/12.4.0/include/c++/12.4.0/bits/stl_pair.h:187:12:[m[K [01;36m[Knote: [m[Kprovided for ‘[01m[Ktemplate<class _T1, class _T2> struct std::pair[m[K’
  187 |     struct [01;36m[Kpair[m[K
      |            [01;36m[K^~~~[m[K
[01m[K/home/ein/repository/aspect-pf-rsf-refactor/source/particle/particle_domain.cc:776:40:[m[K [01;31m[Kerror: [m[Kexpected unqualified-id before ‘[01m[K>[m[K’ token
  776 |       std::pair<double, Tensor<1, dim> [01;31m[K>[m[K
      |                                        [01;31m[K^[m[K
[01m[K/home/ein/repository/aspect-pf-rsf-refactor/source/particle/particle_domain.cc:807:43:[m[K [01;31m[Kerror: [m[K‘[01m[KPoint[m[K’ does not name a type
  807 |       compute_optimal_block_numbers(const [01;31m[KPoint[m[K<dim> &corner1,
      |                                           [01;31m[K^~~~~[m[K
[01m[K/home/ein/repository/aspect-pf-rsf-refactor/source/particle/particle_domain.cc:807:48:[m[K [01;31m[Kerror: [m[Kexpected ‘[01m[K,[m[K’ or ‘[01m[K...[m[K’ before ‘[01m[K<[m[K’ token
  807 |       compute_optimal_block_numbers(const Point[01;31m[K<[m[Kdim> &corner1,
      |                                                [01;31m[K^[m[K
[01m[K/home/ein/repository/aspect-pf-rsf-refactor/source/particle/particle_domain.cc:[m[K In function ‘[01m[Kstd::array<int, 3> aspect::Particle::internal::compute_optimal_block_numbers(int)[m[K’:
[01m[K/home/ein/repository/aspect-pf-rsf-refactor/source/particle/particle_domain.cc:813:27:[m[K [01;31m[Kerror: [m[K‘[01m[Kcorner2[m[K’ was not declared in this scope
  813 |         const double dx = [01;31m[Kcorner2[m[K[0] - corner1[0];
      |                           [01;31m[K^~~~~~~[m[K
[01m[K/home/ein/repository/aspect-pf-rsf-refactor/source/particle/particle_domain.cc:813:40:[m[K [01;31m[Kerror: [m[K‘[01m[Kcorner1[m[K’ was not declared in this scope
  813 |         const double dx = corner2[0] - [01;31m[Kcorner1[m[K[0];
      |                                        [01;31m[K^~~~~~~[m[K
[01m[K/home/ein/repository/aspect-pf-rsf-refactor/source/particle/particle_domain.cc:816:41:[m[K [01;31m[Kerror: [m[K‘[01m[Kn_particles[m[K’ was not declared in this scope; did you mean ‘[01m[KParticle[m[K’?
  816 |         const double ilscale = std::pow([01;31m[Kn_particles[m[K / (optimal_particles * dx * dy * dz), 1.0 / 3.0);
      |                                         [01;31m[K^~~~~~~~~~~[m[K
      |                                         [32m[KParticle[m[K
[01m[K/home/ein/repository/aspect-pf-rsf-refactor/source/particle/particle_domain.cc:[m[K At global scope:
[01m[K/home/ein/repository/aspect-pf-rsf-refactor/source/particle/particle_domain.cc:832:25:[m[K [01;31m[Kerror: [m[K‘[01m[KPoint[m[K’ was not declared in this scope
  832 |       std::pair<double, [01;31m[KPoint[m[K<2>>
      |                         [01;31m[K^~~~~[m[K
[01m[K/home/ein/repository/aspect-pf-rsf-refactor/source/particle/particle_domain.cc:832:25:[m[K [01;36m[Knote: [m[Ksuggested alternatives:
[01m[K/opt/dealii/9.6-local/include/deal.II/base/tensor.h:55:7:[m[K [01;36m[Knote: [m[K  ‘[01m[Kdealii::Point[m[K’
   55 | class [01;36m[KPoint[m[K;
      |       [01;36m[K^~~~~[m[K
[01m[K/opt/dealii/9.6-local/include/deal.II/bundled/boost/geometry/geometries/concepts/point_concept.hpp:39:7:[m[K [01;36m[Knote: [m[K  ‘[01m[Kboost::geometry::concepts::Point[m[K’
   39 | class [01;36m[KPoint[m[K
      |       [01;36m[K^~~~~[m[K
[01m[K/home/ein/repository/aspect-pf-rsf-refactor/source/particle/particle_domain.cc:832:31:[m[K [01;31m[Kerror: [m[Ktemplate argument 2 is invalid
  832 |       std::pair<double, Point<[01;31m[K2[m[K>>
      |                               [01;31m[K^[m[K
[01m[K/home/ein/repository/aspect-pf-rsf-refactor/source/particle/particle_domain.cc:832:32:[m[K [01;31m[Kerror: [m[Kexpected unqualified-id before ‘[01m[K>[m[K’ token
  832 |       std::pair<double, Point<2[01;31m[K>>[m[K
      |                                [01;31m[K^~[m[K
[01m[K/home/ein/repository/aspect-pf-rsf-refactor/source/particle/particle_domain.cc:875:25:[m[K [01;31m[Kerror: [m[K‘[01m[KPoint[m[K’ was not declared in this scope
  875 |       std::pair<double, [01;31m[KPoint[m[K<3> >
      |                         [01;31m[K^~~~~[m[K
[01m[K/home/ein/repository/aspect-pf-rsf-refactor/source/particle/particle_domain.cc:875:25:[m[K [01;36m[Knote: [m[Ksuggested alternatives:
[01m[K/opt/dealii/9.6-local/include/deal.II/base/tensor.h:55:7:[m[K [01;36m[Knote: [m[K  ‘[01m[Kdealii::Point[m[K’
   55 | class [01;36m[KPoint[m[K;
      |       [01;36m[K^~~~~[m[K
[01m[K/opt/dealii/9.6-local/include/deal.II/bundled/boost/geometry/geometries/concepts/point_concept.hpp:39:7:[m[K [01;36m[Knote: [m[K  ‘[01m[Kboost::geometry::concepts::Point[m[K’
   39 | class [01;36m[KPoint[m[K
      |       [01;36m[K^~~~~[m[K
[01m[K/home/ein/repository/aspect-pf-rsf-refactor/source/particle/particle_domain.cc:875:32:[m[K [01;31m[Kerror: [m[Ktemplate argument 2 is invalid
  875 |       std::pair<double, Point<3[01;31m[K>[m[K >
      |                                [01;31m[K^[m[K
[01m[K/home/ein/repository/aspect-pf-rsf-refactor/source/particle/particle_domain.cc:875:34:[m[K [01;31m[Kerror: [m[Kexpected unqualified-id before ‘[01m[K>[m[K’ token
  875 |       std::pair<double, Point<3> [01;31m[K>[m[K
      |                                  [01;31m[K^[m[K
[01m[K/home/ein/repository/aspect-pf-rsf-refactor/source/particle/particle_domain.cc:919:25:[m[K [01;31m[Kerror: [m[K‘[01m[KPoint[m[K’ was not declared in this scope
  919 |       std::pair<double, [01;31m[KPoint[m[K<3> >
      |                         [01;31m[K^~~~~[m[K
[01m[K/home/ein/repository/aspect-pf-rsf-refactor/source/particle/particle_domain.cc:919:25:[m[K [01;36m[Knote: [m[Ksuggested alternatives:
[01m[K/opt/dealii/9.6-local/include/deal.II/base/tensor.h:55:7:[m[K [01;36m[Knote: [m[K  ‘[01m[Kdealii::Point[m[K’
   55 | class [01;36m[KPoint[m[K;
      |       [01;36m[K^~~~~[m[K
[01m[K/opt/dealii/9.6-local/include/deal.II/bundled/boost/geometry/geometries/concepts/point_concept.hpp:39:7:[m[K [01;36m[Knote: [m[K  ‘[01m[Kboost::geometry::concepts::Point[m[K’
   39 | class [01;36m[KPoint[m[K
      |       [01;36m[K^~~~~[m[K
[01m[K/home/ein/repository/aspect-pf-rsf-refactor/source/particle/particle_domain.cc:919:32:[m[K [01;31m[Kerror: [m[Ktemplate argument 2 is invalid
  919 |       std::pair<double, Point<3[01;31m[K>[m[K >
      |                                [01;31m[K^[m[K
[01m[K/home/ein/repository/aspect-pf-rsf-refactor/source/particle/particle_domain.cc:919:34:[m[K [01;31m[Kerror: [m[Kexpected unqualified-id before ‘[01m[K>[m[K’ token
  919 |       std::pair<double, Point<3> [01;31m[K>[m[K
      |                                  [01;31m[K^[m[K
[01m[K/home/ein/repository/aspect-pf-rsf-refactor/source/particle/particle_domain.cc:964:27:[m[K [01;31m[Kerror: [m[Kexpected primary-expression before ‘[01m[Kconst[m[K’
  964 |       is_inside_unit_cell([01;31m[Kconst[m[K typename Triangulation<dim>::active_cell_iterator &cell,
      |                           [01;31m[K^~~~~[m[K
[01m[K/home/ein/repository/aspect-pf-rsf-refactor/source/particle/particle_domain.cc:965:27:[m[K [01;31m[Kerror: [m[Kexpected primary-expression before ‘[01m[Kconst[m[K’
  965 |                           [01;31m[Kconst[m[K Point<dim>                                        &p,
      |                           [01;31m[K^~~~~[m[K
[01m[K/home/ein/repository/aspect-pf-rsf-refactor/source/particle/particle_domain.cc:966:27:[m[K [01;31m[Kerror: [m[Kexpected primary-expression before ‘[01m[Kconst[m[K’
  966 |                           [01;31m[Kconst[m[K double                                             eps)
      |                           [01;31m[K^~~~~[m[K
[01m[K/home/ein/repository/aspect-pf-rsf-refactor/source/particle/particle_domain.cc:966:87:[m[K [01;31m[Kerror: [m[Kexpression list treated as compound expression in initializer [[01;31m[K-fpermissive[m[K]
  966 |                           const double                                             eps[01;31m[K)[m[K
      |                                                                                       [01;31m[K^[m[K
[01m[K/home/ein/repository/aspect-pf-rsf-refactor/source/particle/particle_domain.cc:966:88:[m[K [01;31m[Kerror: [m[Kexpected ‘[01m[K;[m[K’ before ‘[01m[K{[m[K’ token
  966 |                           const double                                             eps)
      |                                                                                        [01;31m[K^[m[K
      |                                                                                        [32m[K;[m[K
  967 |       [32m[K{[m[K
      |       [32m[K~[m[K                                                                                 
[01m[K/home/ein/repository/aspect-pf-rsf-refactor/source/particle/particle_domain.cc:989:98:[m[K [01;31m[Kerror: [m[Ktemplate argument 1 is invalid
  989 |                                  const std::set<typename Triangulation<dim>::active_cell_iterator[01;31m[K>[m[K &neighbor_cells,
      |                                                                                                  [01;31m[K^[m[K
[01m[K/home/ein/repository/aspect-pf-rsf-refactor/source/particle/particle_domain.cc:989:98:[m[K [01;31m[Kerror: [m[Ktemplate argument 2 is invalid
[01m[K/home/ein/repository/aspect-pf-rsf-refactor/source/particle/particle_domain.cc:989:98:[m[K [01;31m[Kerror: [m[Ktemplate argument 3 is invalid
[01m[K/home/ein/repository/aspect-pf-rsf-refactor/source/particle/particle_domain.cc:989:98:[m[K [01;31m[Kerror: [m[Ktemplate argument 1 is invalid
[01m[K/home/ein/repository/aspect-pf-rsf-refactor/source/particle/particle_domain.cc:989:98:[m[K [01;31m[Kerror: [m[Ktemplate argument 2 is invalid
[01m[K/home/ein/repository/aspect-pf-rsf-refactor/source/particle/particle_domain.cc:989:98:[m[K [01;31m[Kerror: [m[Ktemplate argument 3 is invalid
[01m[K/home/ein/repository/aspect-pf-rsf-refactor/source/particle/particle_domain.cc:989:98:[m[K [01;31m[Kerror: [m[Ktemplate argument 1 is invalid
[01m[K/home/ein/repository/aspect-pf-rsf-refactor/source/particle/particle_domain.cc:989:98:[m[K [01;31m[Kerror: [m[Ktemplate argument 2 is invalid
[01m[K/home/ein/repository/aspect-pf-rsf-refactor/source/particle/particle_domain.cc:989:98:[m[K [01;31m[Kerror: [m[Ktemplate argument 3 is invalid
[01m[K/home/ein/repository/aspect-pf-rsf-refactor/source/particle/particle_domain.cc:989:40:[m[K [01;31m[Kerror: [m[Kinvalid template-id
  989 |                                  const [01;31m[Kstd[m[K::set<typename Triangulation<dim>::active_cell_iterator> &neighbor_cells,
      |                                        [01;31m[K^~~[m[K
[01m[K/home/ein/repository/aspect-pf-rsf-refactor/source/particle/particle_domain.cc:989:58:[m[K [01;31m[Kerror: [m[Kexpected nested-name-specifier before ‘[01m[KTriangulation[m[K’
  989 |                                  const std::set<typename [01;31m[KTriangulation[m[K<dim>::active_cell_iterator> &neighbor_cells,
      |                                                          [01;31m[K^~~~~~~~~~~~~[m[K
[01m[K/home/ein/repository/aspect-pf-rsf-refactor/source/particle/particle_domain.cc:989:58:[m[K [01;31m[Kerror: [m[Kexpected ‘[01m[K([m[K’ before ‘[01m[KTriangulation[m[K’
  989 |                                  const std::set<typename [01;31m[KT[m[K[32m[Kriangulation[m[K<dim>::active_cell_iterator> &neighbor_cells,
      |                                                          [01;31m[K^[m[K[32m[K~~~~~~~~~~~~[m[K
      |                                                          [32m[K([m[K
[01m[K/home/ein/repository/aspect-pf-rsf-refactor/source/particle/particle_domain.cc:989:58:[m[K [01;31m[Kerror: [m[Kexpected ‘[01m[K>[m[K’ before ‘[01m[KTriangulation[m[K’
  989 |                                  const std::set<typename [01;31m[KTriangulation[m[K<dim>::active_cell_iterator> &neighbor_cells,
      |                                                          [01;31m[K^~~~~~~~~~~~~[m[K
[01m[K/home/ein/repository/aspect-pf-rsf-refactor/source/particle/particle_domain.cc:989:34:[m[K [01;31m[Kerror: [m[Ktemplate placeholder type ‘[01m[Kconst set<...auto...>[m[K’ must be followed by a simple declarator-id
  989 |                                  [01;31m[Kconst[m[K std::set<typename Triangulation<dim>::active_cell_iterator> &neighbor_cells,
      |                                  [01;31m[K^~~~~[m[K
In file included from [01m[K/opt/gcc/12.4.0/include/c++/12.4.0/set:61[m[K,
                 from [01m[K/opt/dealii/9.6-local/include/deal.II/distributed/tria_base.h:31[m[K,
                 from [01m[K/opt/dealii/9.6-local/include/deal.II/distributed/tria.h:27[m[K:
[01m[K/opt/gcc/12.4.0/include/c++/12.4.0/bits/stl_set.h:96:11:[m[K [01;36m[Knote: [m[K‘[01m[Ktemplate<class _Key, class _Compare, class _Alloc> class std::set[m[K’ declared here
   96 |     class [01;36m[Kset[m[K
      |           [01;36m[K^~~[m[K
[01m[K/home/ein/repository/aspect-pf-rsf-refactor/source/particle/particle_domain.cc:989:115:[m[K [01;31m[Kerror: [m[Kexpected ‘[01m[K)[m[K’ before ‘[01m[K,[m[K’ token
  989 |                                  const std::set<typename Triangulation<dim>::active_cell_iterator> &neighbor_cells[01;31m[K,[m[K
      |                                                                                                                   [01;31m[K^[m[K
      |                                                                                                                   [32m[K)[m[K
[01m[K/home/ein/repository/aspect-pf-rsf-refactor/source/particle/particle_domain.cc:988:33:[m[K [01;36m[Knote: [m[Kto match this ‘[01m[K([m[K’
  988 |       collect_neighbor_particles[01;36m[K([m[Kconst VoronoiCell<dim>                                            &voronoi_cell,
      |                                 [01;36m[K^[m[K
[01m[K/home/ein/repository/aspect-pf-rsf-refactor/source/particle/particle_domain.cc:989:115:[m[K [01;31m[Kerror: [m[Kexpected ‘[01m[K;[m[K’ before ‘[01m[K,[m[K’ token
  989 |                                  const std::set<typename Triangulation<dim>::active_cell_iterator> &neighbor_cells[01;31m[K,[m[K
      |                                                                                                                   [01;31m[K^[m[K
      |                                                                                                                   [32m[K;[m[K
[01m[K/home/ein/repository/aspect-pf-rsf-refactor/source/particle/particle_domain.cc:1023:17:[m[K [01;31m[Kerror: [m[K‘[01m[KTriangulation[m[K’ was not declared in this scope
 1023 |       std::pair<[01;31m[KTriangulation[m[K<2>::active_cell_iterator, Point<2>>
      |                 [01;31m[K^~~~~~~~~~~~~[m[K
[01m[K/home/ein/repository/aspect-pf-rsf-refactor/source/particle/particle_domain.cc:1023:17:[m[K [01;36m[Knote: [m[Ksuggested alternatives:
In file included from [01m[K/opt/dealii/9.6-local/include/deal.II/base/table_indices.h:22[m[K,
                 from [01m[K/opt/dealii/9.6-local/include/deal.II/base/symmetric_tensor.h:23[m[K:
[01m[K/opt/dealii/9.6-local/include/deal.II/base/template_constraints.h:908:7:[m[K [01;36m[Knote: [m[K  ‘[01m[Kdealii::Triangulation[m[K’
  908 | class [01;36m[KTriangulation[m[K;
      |       [01;36m[K^~~~~~~~~~~~~[m[K
[01m[K/opt/dealii/9.6-local/include/deal.II/base/template_constraints.h:920:11:[m[K [01;36m[Knote: [m[K  ‘[01m[Kdealii::parallel::distributed::Triangulation[m[K’
  920 |     class [01;36m[KTriangulation[m[K;
      |           [01;36m[K^~~~~~~~~~~~~[m[K
[01m[K/opt/dealii/9.6-local/include/deal.II/base/template_constraints.h:926:11:[m[K [01;36m[Knote: [m[K  ‘[01m[Kdealii::parallel::shared::Triangulation[m[K’
  926 |     class [01;36m[KTriangulation[m[K;
      |           [01;36m[K^~~~~~~~~~~~~[m[K
[01m[K/opt/dealii/9.6-local/include/deal.II/base/template_constraints.h:932:11:[m[K [01;36m[Knote: [m[K  ‘[01m[Kdealii::parallel::fullydistributed::Triangulation[m[K’
  932 |     class [01;36m[KTriangulation[m[K;
      |           [01;36m[K^~~~~~~~~~~~~[m[K
[01m[K/home/ein/repository/aspect-pf-rsf-refactor/source/particle/particle_domain.cc:1023:32:[m[K [01;31m[Kerror: [m[Kwrong number of template arguments (1, should be 2)
 1023 |       std::pair<Triangulation<2[01;31m[K>[m[K::active_cell_iterator, Point<2>>
      |                                [01;31m[K^[m[K
[01m[K/opt/gcc/12.4.0/include/c++/12.4.0/bits/stl_pair.h:187:12:[m[K [01;36m[Knote: [m[Kprovided for ‘[01m[Ktemplate<class _T1, class _T2> struct std::pair[m[K’
  187 |     struct [01;36m[Kpair[m[K
      |            [01;36m[K^~~~[m[K
[01m[K/home/ein/repository/aspect-pf-rsf-refactor/source/particle/particle_domain.cc:1023:62:[m[K [01;31m[Kerror: [m[Kexpected initializer before ‘[01m[K<[m[K’ token
 1023 |       std::pair<Triangulation<2>::active_cell_iterator, Point[01;31m[K<[m[K2>>
      |                                                              [01;31m[K^[m[K
[01m[K/home/ein/repository/aspect-pf-rsf-refactor/source/particle/particle_domain.cc:1077:43:[m[K [01;31m[Kerror: [m[K‘[01m[KTriangulation[m[K’ was not declared in this scope
 1077 |                            const std::set<[01;31m[KTriangulation[m[K<2>::active_cell_iterator> &cells,
      |                                           [01;31m[K^~~~~~~~~~~~~[m[K
[01m[K/home/ein/repository/aspect-pf-rsf-refactor/source/particle/particle_domain.cc:1077:43:[m[K [01;36m[Knote: [m[Ksuggested alternatives:
[01m[K/opt/dealii/9.6-local/include/deal.II/base/template_constraints.h:908:7:[m[K [01;36m[Knote: [m[K  ‘[01m[Kdealii::Triangulation[m[K’
  908 | class [01;36m[KTriangulation[m[K;
      |       [01;36m[K^~~~~~~~~~~~~[m[K
[01m[K/opt/dealii/9.6-local/include/deal.II/base/template_constraints.h:920:11:[m[K [01;36m[Knote: [m[K  ‘[01m[Kdealii::parallel::distributed::Triangulation[m[K’
  920 |     class [01;36m[KTriangulation[m[K;
      |           [01;36m[K^~~~~~~~~~~~~[m[K
[01m[K/opt/dealii/9.6-local/include/deal.II/base/template_constraints.h:926:11:[m[K [01;36m[Knote: [m[K  ‘[01m[Kdealii::parallel::shared::Triangulation[m[K’
  926 |     class [01;36m[KTriangulation[m[K;
      |           [01;36m[K^~~~~~~~~~~~~[m[K
[01m[K/opt/dealii/9.6-local/include/deal.II/base/template_constraints.h:932:11:[m[K [01;36m[Knote: [m[K  ‘[01m[Kdealii::parallel::fullydistributed::Triangulation[m[K’
  932 |     class [01;36m[KTriangulation[m[K;
      |           [01;36m[K^~~~~~~~~~~~~[m[K
[01m[K/home/ein/repository/aspect-pf-rsf-refactor/source/particle/particle_domain.cc:1077:58:[m[K [01;31m[Kerror: [m[Ktemplate argument 1 is invalid
 1077 |                            const std::set<Triangulation<2[01;31m[K>[m[K::active_cell_iterator> &cells,
      |                                                          [01;31m[K^[m[K
[01m[K/home/ein/repository/aspect-pf-rsf-refactor/source/particle/particle_domain.cc:1077:58:[m[K [01;31m[Kerror: [m[Ktemplate argument 2 is invalid
[01m[K/home/ein/repository/aspect-pf-rsf-refactor/source/particle/particle_domain.cc:1077:58:[m[K [01;31m[Kerror: [m[Ktemplate argument 3 is invalid
[01m[K/home/ein/repository/aspect-pf-rsf-refactor/source/particle/particle_domain.cc:1077:81:[m[K [01;31m[Kerror: [m[Kexpected ‘[01m[K,[m[K’ or ‘[01m[K...[m[K’ before ‘[01m[K>[m[K’ token
 1077 |                            const std::set<Triangulation<2>::active_cell_iterator[01;31m[K>[m[K &cells,
      |                                                                                 [01;31m[K^[m[K
[01m[K/home/ein/repository/aspect-pf-rsf-refactor/source/particle/particle_domain.cc:[m[K In function ‘[01m[Kdouble aspect::Particle::internal::compute_voronoi_cell(const VoronoiCell<2>&, int)[m[K’:
[01m[K/home/ein/repository/aspect-pf-rsf-refactor/source/particle/particle_domain.cc:1090:64:[m[K [01;31m[Kerror: [m[K‘[01m[Kconst struct aspect::Particle::internal::VoronoiCell<2>[m[K’ has no member named ‘[01m[Kvertices[m[K’
 1090 |         const auto A_and_C = area_and_centroid_2d(voronoi_cell.[01;31m[Kvertices[m[K);
      |                                                                [01;31m[K^~~~~~~~[m[K
[01m[K/home/ein/repository/aspect-pf-rsf-refactor/source/particle/particle_domain.cc:1090:30:[m[K [01;31m[Kerror: [m[K‘[01m[Karea_and_centroid_2d[m[K’ was not declared in this scope
 1090 |         const auto A_and_C = [01;31m[Karea_and_centroid_2d[m[K(voronoi_cell.vertices);
      |                              [01;31m[K^~~~~~~~~~~~~~~~~~~~[m[K
[01m[K/home/ein/repository/aspect-pf-rsf-refactor/source/particle/particle_domain.cc:1093:13:[m[K [01;31m[Kerror: [m[K‘[01m[Kcompute_face_data[m[K’ was not declared in this scope
 1093 |         if ([01;31m[Kcompute_face_data[m[K)
      |             [01;31m[K^~~~~~~~~~~~~~~~~[m[K
[01m[K/home/ein/repository/aspect-pf-rsf-refactor/source/particle/particle_domain.cc:1096:75:[m[K [01;31m[Kerror: [m[K‘[01m[Kcells[m[K’ was not declared in this scope
 1096 |             neighbor_particles = collect_neighbor_particles(voronoi_cell, [01;31m[Kcells[m[K, particle_handler);
      |                                                                           [01;31m[K^~~~~[m[K
[01m[K/home/ein/repository/aspect-pf-rsf-refactor/source/particle/particle_domain.cc:1096:82:[m[K [01;31m[Kerror: [m[K‘[01m[Kparticle_handler[m[K’ was not declared in this scope; did you mean ‘[01m[KParticleDomainHandler[m[K’?
 1096 |             neighbor_particles = collect_neighbor_particles(voronoi_cell, cells, [01;31m[Kparticle_handler[m[K);
      |                                                                                  [01;31m[K^~~~~~~~~~~~~~~~[m[K
      |                                                                                  [32m[KParticleDomainHandler[m[K
[01m[K/home/ein/repository/aspect-pf-rsf-refactor/source/particle/particle_domain.cc:1101:54:[m[K [01;31m[Kerror: [m[K‘[01m[Kconst struct aspect::Particle::internal::VoronoiCell<2>[m[K’ has no member named ‘[01m[Kvertices[m[K’
 1101 |                 const double length = ( voronoi_cell.[01;31m[Kvertices[m[K[voronoi_cell.faces[f][0]] -
      |                                                      [01;31m[K^~~~~~~~[m[K
[01m[K/home/ein/repository/aspect-pf-rsf-refactor/source/particle/particle_domain.cc:1102:54:[m[K [01;31m[Kerror: [m[K‘[01m[Kconst struct aspect::Particle::internal::VoronoiCell<2>[m[K’ has no member named ‘[01m[Kvertices[m[K’
 1102 |                                         voronoi_cell.[01;31m[Kvertices[m[K[voronoi_cell.faces[f][1]] ).norm();
      |                                                      [01;31m[K^~~~~~~~[m[K
[01m[K/home/ein/repository/aspect-pf-rsf-refactor/source/particle/particle_domain.cc:1106:13:[m[K [01;31m[Kerror: [m[K‘[01m[Kface_data[m[K’ was not declared in this scope
 1106 |             [01;31m[Kface_data[m[K.push_back(voronoi_cell.particle_index, measure_and_neighbor, particle_handler);
      |             [01;31m[K^~~~~~~~~[m[K
[01m[K/home/ein/repository/aspect-pf-rsf-refactor/source/particle/particle_domain.cc:1106:46:[m[K [01;31m[Kerror: [m[K‘[01m[Kconst struct aspect::Particle::internal::VoronoiCell<2>[m[K’ has no member named ‘[01m[Kparticle_index[m[K’
 1106 |             face_data.push_back(voronoi_cell.[01;31m[Kparticle_index[m[K, measure_and_neighbor, particle_handler);
      |                                              [01;31m[K^~~~~~~~~~~~~~[m[K
[01m[K/home/ein/repository/aspect-pf-rsf-refactor/source/particle/particle_domain.cc:1109:13:[m[K [01;31m[Kerror: [m[K‘[01m[Kcompute_cpdi_data[m[K’ was not declared in this scope
 1109 |         if ([01;31m[Kcompute_cpdi_data[m[K)
      |             [01;31m[K^~~~~~~~~~~~~~~~~[m[K
[01m[K/home/ein/repository/aspect-pf-rsf-refactor/source/particle/particle_domain.cc:1115:31:[m[K [01;31m[Kerror: [m[K‘[01m[KPoint[m[K’ was not declared in this scope
 1115 |             const std::vector<[01;31m[KPoint[m[K<2>> &voro_vertices = voronoi_cell.vertices;
      |                               [01;31m[K^~~~~[m[K
[01m[K/home/ein/repository/aspect-pf-rsf-refactor/source/particle/particle_domain.cc:1115:31:[m[K [01;36m[Knote: [m[Ksuggested alternatives:
[01m[K/opt/dealii/9.6-local/include/deal.II/base/tensor.h:55:7:[m[K [01;36m[Knote: [m[K  ‘[01m[Kdealii::Point[m[K’
   55 | class [01;36m[KPoint[m[K;
      |       [01;36m[K^~~~~[m[K
[01m[K/opt/dealii/9.6-local/include/deal.II/bundled/boost/geometry/geometries/concepts/point_concept.hpp:39:7:[m[K [01;36m[Knote: [m[K  ‘[01m[Kboost::geometry::concepts::Point[m[K’
   39 | class [01;36m[KPoint[m[K
      |       [01;36m[K^~~~~[m[K
[01m[K/home/ein/repository/aspect-pf-rsf-refactor/source/particle/particle_domain.cc:1115:37:[m[K [01;31m[Kerror: [m[Ktemplate argument 1 is invalid
 1115 |             const std::vector<Point<[01;31m[K2[m[K>> &voro_vertices = voronoi_cell.vertices;
      |                                     [01;31m[K^[m[K
[01m[K/home/ein/repository/aspect-pf-rsf-refactor/source/particle/particle_domain.cc:1115:37:[m[K [01;31m[Kerror: [m[Ktemplate argument 2 is invalid
[01m[K/home/ein/repository/aspect-pf-rsf-refactor/source/particle/particle_domain.cc:1115:38:[m[K [01;31m[Kerror: [m[Kexpected unqualified-id before ‘[01m[K>[m[K’ token
 1115 |             const std::vector<Point<2[01;31m[K>>[m[K &voro_vertices = voronoi_cell.vertices;
      |                                      [01;31m[K^~[m[K
[01m[K/home/ein/repository/aspect-pf-rsf-refactor/source/particle/particle_domain.cc:1116:50:[m[K [01;31m[Kerror: [m[K‘[01m[Kvoro_vertices[m[K’ was not declared in this scope; did you mean ‘[01m[Kn_voro_vertices[m[K’?
 1116 |             const unsigned int n_voro_vertices = [01;31m[Kvoro_vertices[m[K.size();
      |                                                  [01;31m[K^~~~~~~~~~~~~[m[K
      |                                                  [32m[Kn_voro_vertices[m[K
[01m[K/home/ein/repository/aspect-pf-rsf-refactor/source/particle/particle_domain.cc:1118:19:[m[K [01;31m[Kerror: [m[K‘[01m[KPoint[m[K’ does not name a type
 1118 |             const [01;31m[KPoint[m[K<2> center = A_and_C.second;
      |                   [01;31m[K^~~~~[m[K
[01m[K/home/ein/repository/aspect-pf-rsf-refactor/source/particle/particle_domain.cc:1122:35:[m[K [01;31m[Kerror: [m[K‘[01m[KTriangulation[m[K’ was not declared in this scope
 1122 |             std::vector<std::pair<[01;31m[KTriangulation[m[K<2>::active_cell_iterator, Point<2>>> samples;
      |                                   [01;31m[K^~~~~~~~~~~~~[m[K
[01m[K/home/ein/repository/aspect-pf-rsf-refactor/source/particle/particle_domain.cc:1122:35:[m[K [01;36m[Knote: [m[Ksuggested alternatives:
[01m[K/opt/dealii/9.6-local/include/deal.II/base/template_constraints.h:908:7:[m[K [01;36m[Knote: [m[K  ‘[01m[Kdealii::Triangulation[m[K’
  908 | class [01;36m[KTriangulation[m[K;
      |       [01;36m[K^~~~~~~~~~~~~[m[K
[01m[K/opt/dealii/9.6-local/include/deal.II/base/template_constraints.h:920:11:[m[K [01;36m[Knote: [m[K  ‘[01m[Kdealii::parallel::distributed::Triangulation[m[K’
  920 |     class [01;36m[KTriangulation[m[K;
      |           [01;36m[K^~~~~~~~~~~~~[m[K
[01m[K/opt/dealii/9.6-local/include/deal.II/base/template_constraints.h:926:11:[m[K [01;36m[Knote: [m[K  ‘[01m[Kdealii::parallel::shared::Triangulation[m[K’
  926 |     class [01;36m[KTriangulation[m[K;
      |           [01;36m[K^~~~~~~~~~~~~[m[K
[01m[K/opt/dealii/9.6-local/include/deal.II/base/template_constraints.h:932:11:[m[K [01;36m[Knote: [m[K  ‘[01m[Kdealii::parallel::fullydistributed::Triangulation[m[K’
  932 |     class [01;36m[KTriangulation[m[K;
      |           [01;36m[K^~~~~~~~~~~~~[m[K
[01m[K/home/ein/repository/aspect-pf-rsf-refactor/source/particle/particle_domain.cc:1122:50:[m[K [01;31m[Kerror: [m[Kwrong number of template arguments (1, should be 2)
 1122 |             std::vector<std::pair<Triangulation<2[01;31m[K>[m[K::active_cell_iterator, Point<2>>> samples;
      |                                                  [01;31m[K^[m[K
[01m[K/opt/gcc/12.4.0/include/c++/12.4.0/bits/stl_pair.h:187:12:[m[K [01;36m[Knote: [m[Kprovided for ‘[01m[Ktemplate<class _T1, class _T2> struct std::pair[m[K’
  187 |     struct [01;36m[Kpair[m[K
      |            [01;36m[K^~~~[m[K
[01m[K/home/ein/repository/aspect-pf-rsf-refactor/source/particle/particle_domain.cc:1122:81:[m[K [01;31m[Kerror: [m[Ktemplate argument 1 is invalid
 1122 |             std::vector<std::pair<Triangulation<2>::active_cell_iterator, Point<[01;31m[K2[m[K>>> samples;
      |                                                                                 [01;31m[K^[m[K
[01m[K/home/ein/repository/aspect-pf-rsf-refactor/source/particle/particle_domain.cc:1122:81:[m[K [01;31m[Kerror: [m[Ktemplate argument 2 is invalid
[01m[K/home/ein/repository/aspect-pf-rsf-refactor/source/particle/particle_domain.cc:1122:82:[m[K [01;31m[Kerror: [m[Kexpected unqualified-id before ‘[01m[K>[m[K’ token
 1122 |             std::vector<std::pair<Triangulation<2>::active_cell_iterator, Point<2[01;31m[K>>[m[K> samples;
      |                                                                                  [01;31m[K^~[m[K
[01m[K/home/ein/repository/aspect-pf-rsf-refactor/source/particle/particle_domain.cc:1123:36:[m[K [01;31m[Kerror: [m[K‘[01m[KPoint[m[K’ is not a type
 1123 |             const auto owner = [&]([01;31m[KPoint[m[K<2> point)
      |                                    [01;31m[K^~~~~[m[K
[01m[K/home/ein/repository/aspect-pf-rsf-refactor/source/particle/particle_domain.cc:1123:41:[m[K [01;31m[Kerror: [m[Kexpected ‘[01m[K,[m[K’ or ‘[01m[K...[m[K’ before ‘[01m[K<[m[K’ token
 1123 |             const auto owner = [&](Point[01;31m[K<[m[K2> point)
      |                                         [01;31m[K^[m[K
[01m[K/home/ein/repository/aspect-pf-rsf-refactor/source/particle/particle_domain.cc:[m[K In lambda function:
[01m[K/home/ein/repository/aspect-pf-rsf-refactor/source/particle/particle_domain.cc:1125:19:[m[K [01;31m[Kerror: [m[K‘[01m[Kperiodic_axis[m[K’ was not declared in this scope
 1125 |               if ([01;31m[Kperiodic_axis[m[K != numbers::invalid_unsigned_int)
      |                   [01;31m[K^~~~~~~~~~~~~[m[K
[01m[K/home/ein/repository/aspect-pf-rsf-refactor/source/particle/particle_domain.cc:1125:36:[m[K [01;31m[Kerror: [m[K‘[01m[Knumbers[m[K’ has not been declared
 1125 |               if (periodic_axis != [01;31m[Knumbers[m[K::invalid_unsigned_int)
      |                                    [01;31m[K^~~~~~~[m[K
[01m[K/home/ein/repository/aspect-pf-rsf-refactor/source/particle/particle_domain.cc:1126:17:[m[K [01;31m[Kerror: [m[K‘[01m[Kpoint[m[K’ was not declared in this scope; did you mean ‘[01m[Kboost::geometry::model::point[m[K’?
 1126 |                 [01;31m[Kpoint[m[K[periodic_axis] -= periodic_length * std::floor(
      |                 [01;31m[K^~~~~[m[K
      |                 [32m[Kboost::geometry::model::point[m[K
In file included from [01m[K/opt/dealii/9.6-local/include/deal.II/base/point.h:25[m[K,
                 from [01m[K/opt/dealii/9.6-local/include/deal.II/base/bounding_box.h:22[m[K,
                 from [01m[K/opt/dealii/9.6-local/include/deal.II/particles/particle_handler.h:21[m[K:
[01m[K/opt/dealii/9.6-local/include/deal.II/bundled/boost/geometry/geometries/point.hpp:96:7:[m[K [01;36m[Knote: [m[K‘[01m[Kboost::geometry::model::point[m[K’ declared here
   96 | class [01;36m[Kpoint[m[K
      |       [01;36m[K^~~~~[m[K
[01m[K/home/ein/repository/aspect-pf-rsf-refactor/source/particle/particle_domain.cc:1126:41:[m[K [01;31m[Kerror: [m[K‘[01m[Kperiodic_length[m[K’ was not declared in this scope
 1126 |                 point[periodic_axis] -= [01;31m[Kperiodic_length[m[K * std::floor(
      |                                         [01;31m[K^~~~~~~~~~~~~~~[m[K
[01m[K/home/ein/repository/aspect-pf-rsf-refactor/source/particle/particle_domain.cc:1127:41:[m[K [01;31m[Kerror: [m[K‘[01m[Kperiodic_lower[m[K’ was not declared in this scope
 1127 |                   (point[periodic_axis]-[01;31m[Kperiodic_lower[m[K)/periodic_length);
      |                                         [01;31m[K^~~~~~~~~~~~~~[m[K
[01m[K/home/ein/repository/aspect-pf-rsf-refactor/source/particle/particle_domain.cc:1128:40:[m[K [01;31m[Kerror: [m[K‘[01m[Kpoint[m[K’ was not declared in this scope; did you mean ‘[01m[Kboost::geometry::model::point[m[K’?
 1128 |               return cpdi_sample_owner([01;31m[Kpoint[m[K, cells, mapping, eps);
      |                                        [01;31m[K^~~~~[m[K
      |                                        [32m[Kboost::geometry::model::point[m[K
[01m[K/opt/dealii/9.6-local/include/deal.II/bundled/boost/geometry/geometries/point.hpp:96:7:[m[K [01;36m[Knote: [m[K‘[01m[Kboost::geometry::model::point[m[K’ declared here
   96 | class [01;36m[Kpoint[m[K
      |       [01;36m[K^~~~~[m[K
[01m[K/home/ein/repository/aspect-pf-rsf-refactor/source/particle/particle_domain.cc:1128:47:[m[K [01;31m[Kerror: [m[K‘[01m[Kcells[m[K’ was not declared in this scope
 1128 |               return cpdi_sample_owner(point, [01;31m[Kcells[m[K, mapping, eps);
      |                                               [01;31m[K^~~~~[m[K
[01m[K/home/ein/repository/aspect-pf-rsf-refactor/source/particle/particle_domain.cc:1128:54:[m[K [01;31m[Kerror: [m[K‘[01m[Kmapping[m[K’ was not declared in this scope
 1128 |               return cpdi_sample_owner(point, cells, [01;31m[Kmapping[m[K, eps);
      |                                                      [01;31m[K^~~~~~~[m[K
[01m[K/home/ein/repository/aspect-pf-rsf-refactor/source/particle/particle_domain.cc:1128:22:[m[K [01;31m[Kerror: [m[K‘[01m[Kcpdi_sample_owner[m[K’ was not declared in this scope
 1128 |               return [01;31m[Kcpdi_sample_owner[m[K(point, cells, mapping, eps);
      |                      [01;31m[K^~~~~~~~~~~~~~~~~[m[K
[01m[K/home/ein/repository/aspect-pf-rsf-refactor/source/particle/particle_domain.cc:[m[K In function ‘[01m[Kdouble aspect::Particle::internal::compute_voronoi_cell(const VoronoiCell<2>&, int)[m[K’:
[01m[K/home/ein/repository/aspect-pf-rsf-refactor/source/particle/particle_domain.cc:1131:15:[m[K [01;31m[Kerror: [m[K‘[01m[Ksamples[m[K’ was not declared in this scope
 1131 |               [01;31m[Ksamples[m[K.push_back(owner(vertex));
      |               [01;31m[K^~~~~~~[m[K
[01m[K/home/ein/repository/aspect-pf-rsf-refactor/source/particle/particle_domain.cc:1133:15:[m[K [01;31m[Kerror: [m[K‘[01m[Ksamples[m[K’ was not declared in this scope
 1133 |               [01;31m[Ksamples[m[K.push_back(owner(center));
      |               [01;31m[K^~~~~~~[m[K
[01m[K/home/ein/repository/aspect-pf-rsf-refactor/source/particle/particle_domain.cc:1133:39:[m[K [01;31m[Kerror: [m[K‘[01m[Kcenter[m[K’ was not declared in this scope
 1133 |               samples.push_back(owner([01;31m[Kcenter[m[K));
      |                                       [01;31m[K^~~~~~[m[K
[01m[K/home/ein/repository/aspect-pf-rsf-refactor/source/particle/particle_domain.cc:1141:54:[m[K [01;31m[Kerror: [m[K‘[01m[KTensor[m[K’ was not declared in this scope
 1141 |             std::map<unsigned int, std::pair<double, [01;31m[KTensor[m[K<1, 2>>> weighting_function_data;
      |                                                      [01;31m[K^~~~~~[m[K
[01m[K/home/ein/repository/aspect-pf-rsf-refactor/source/particle/particle_domain.cc:1141:54:[m[K [01;36m[Knote: [m[Ksuggested alternatives:
[01m[K/opt/dealii/9.6-local/include/deal.II/base/tensor.h:58:7:[m[K [01;36m[Knote: [m[K  ‘[01m[Kdealii::Tensor[m[K’
   58 | class [01;36m[KTensor[m[K;
      |       [01;36m[K^~~~~~[m[K
[01m[K/opt/dealii/9.6-local/include/deal.II/fe/fe_values_extractors.h:243:10:[m[K [01;36m[Knote: [m[K  ‘[01m[Kdealii::FEValuesExtractors::Tensor[m[K’
  243 |   struct [01;36m[KTensor[m[K
      |          [01;36m[K^~~~~~[m[K
[01m[K/opt/dealii/9.6-local/include/deal.II/fe/fe_values_views.h:1603:9:[m[K [01;36m[Knote: [m[K  ‘[01m[Kdealii::FEValuesViews::Tensor[m[K’
 1603 |   class [01;36m[KTensor[m[K;
      |         [01;36m[K^~~~~~[m[K
[01m[K/home/ein/repository/aspect-pf-rsf-refactor/source/particle/particle_domain.cc:1141:64:[m[K [01;31m[Kerror: [m[Kwrong number of template arguments (3, should be 2)
 1141 |             std::map<unsigned int, std::pair<double, Tensor<1, [01;31m[K2[m[K>>> weighting_function_data;
      |                                                                [01;31m[K^[m[K
[01m[K/opt/gcc/12.4.0/include/c++/12.4.0/bits/stl_pair.h:187:12:[m[K [01;36m[Knote: [m[Kprovided for ‘[01m[Ktemplate<class _T1, class _T2> struct std::pair[m[K’
  187 |     struct [01;36m[Kpair[m[K
      |            [01;36m[K^~~~[m[K
[01m[K/home/ein/repository/aspect-pf-rsf-refactor/source/particle/particle_domain.cc:1141:65:[m[K [01;31m[Kerror: [m[Ktemplate argument 2 is invalid
 1141 |             std::map<unsigned int, std::pair<double, Tensor<1, 2[01;31m[K>>[m[K> weighting_function_data;
      |                                                                 [01;31m[K^~[m[K
[01m[K/home/ein/repository/aspect-pf-rsf-refactor/source/particle/particle_domain.cc:1141:65:[m[K [01;31m[Kerror: [m[Ktemplate argument 4 is invalid
[01m[K/home/ein/repository/aspect-pf-rsf-refactor/source/particle/particle_domain.cc:1141:67:[m[K [01;31m[Kerror: [m[Kexpected unqualified-id before ‘[01m[K>[m[K’ token
 1141 |             std::map<unsigned int, std::pair<double, Tensor<1, 2>>[01;31m[K>[m[K weighting_function_data;
      |                                                                   [01;31m[K^[m[K
[01m[K/home/ein/repository/aspect-pf-rsf-refactor/source/particle/particle_domain.cc:1152:39:[m[K [01;31m[Kerror: [m[Kwrong number of template arguments (1, should be 2)
 1152 |                     std::array<Point<2[01;31m[K>[m[K, 3> vertices;
      |                                       [01;31m[K^[m[K
[01m[K/opt/gcc/12.4.0/include/c++/12.4.0/tuple:1610:45:[m[K [01;36m[Knote: [m[Kprovided for ‘[01m[Ktemplate<class _Tp, long unsigned int _Nm> struct std::array[m[K’
 1610 |   template<typename _Tp, size_t _Nm> struct [01;36m[Karray[m[K;
      |                                             [01;36m[K^~~~~[m[K
[01m[K/home/ein/repository/aspect-pf-rsf-refactor/source/particle/particle_domain.cc:1152:40:[m[K [01;31m[Kerror: [m[Kexpected unqualified-id before ‘[01m[K,[m[K’ token
 1152 |                     std::array<Point<2>[01;31m[K,[m[K 3> vertices;
      |                                        [01;31m[K^[m[K
[01m[K/home/ein/repository/aspect-pf-rsf-refactor/source/particle/particle_domain.cc:1152:42:[m[K [01;31m[Kerror: [m[Kexpected unqualified-id before numeric constant
 1152 |                     std::array<Point<2>, [01;31m[K3[m[K> vertices;
      |                                          [01;31m[K^[m[K
[01m[K/home/ein/repository/aspect-pf-rsf-refactor/source/particle/particle_domain.cc:1153:21:[m[K [01;31m[Kerror: [m[K‘[01m[Kvertices[m[K’ was not declared in this scope
 1153 |                     [01;31m[Kvertices[m[K[0] = voro_vertices[v];
      |                     [01;31m[K^~~~~~~~[m[K
[01m[K/home/ein/repository/aspect-pf-rsf-refactor/source/particle/particle_domain.cc:1155:35:[m[K [01;31m[Kerror: [m[K‘[01m[Kcenter[m[K’ was not declared in this scope
 1155 |                     vertices[2] = [01;31m[Kcenter[m[K;
      |                                   [01;31m[K^~~~~~[m[K
[01m[K/home/ein/repository/aspect-pf-rsf-refactor/source/particle/particle_domain.cc:1161:35:[m[K [01;31m[Kerror: [m[Kwrong number of template arguments (1, should be 2)
 1161 |                 std::array<Point<2[01;31m[K>[m[K, 3> vertices;
      |                                   [01;31m[K^[m[K
[01m[K/opt/gcc/12.4.0/include/c++/12.4.0/tuple:1610:45:[m[K [01;36m[Knote: [m[Kprovided for ‘[01m[Ktemplate<class _Tp, long unsigned int _Nm> struct std::array[m[K’
 1610 |   template<typename _Tp, size_t _Nm> struct [01;36m[Karray[m[K;
      |                                             [01;36m[K^~~~~[m[K
[01m[K/home/ein/repository/aspect-pf-rsf-refactor/source/particle/particle_domain.cc:1161:36:[m[K [01;31m[Kerror: [m[Kexpected unqualified-id before ‘[01m[K,[m[K’ token
 1161 |                 std::array<Point<2>[01;31m[K,[m[K 3> vertices;
      |                                    [01;31m[K^[m[K
[01m[K/home/ein/repository/aspect-pf-rsf-refactor/source/particle/particle_domain.cc:1161:38:[m[K [01;31m[Kerror: [m[Kexpected unqualified-id before numeric constant
 1161 |                 std::array<Point<2>, [01;31m[K3[m[K> vertices;
      |                                      [01;31m[K^[m[K
[01m[K/home/ein/repository/aspect-pf-rsf-refactor/source/particle/particle_domain.cc:1163:19:[m[K [01;31m[Kerror: [m[K‘[01m[Kvertices[m[K’ was not declared in this scope
 1163 |                   [01;31m[Kvertices[m[K[v] = voro_vertices[v];
      |                   [01;31m[K^~~~~~~~[m[K
[01m[K/home/ein/repository/aspect-pf-rsf-refactor/source/particle/particle_domain.cc:1164:50:[m[K [01;31m[Kerror: [m[K‘[01m[Kvertices[m[K’ was not declared in this scope
 1164 |                 simplex_integrators.emplace_back([01;31m[Kvertices[m[K);
      |                                                  [01;31m[K^~~~~~~~[m[K
[01m[K/home/ein/repository/aspect-pf-rsf-refactor/source/particle/particle_domain.cc:1167:37:[m[K [01;31m[Kerror: [m[K‘[01m[Kcells[m[K’ was not declared in this scope; did you mean ‘[01m[Kcell[m[K’?
 1167 |             for (const auto &cell : [01;31m[Kcells[m[K)
      |                                     [01;31m[K^~~~~[m[K
      |                                     [32m[Kcell[m[K
[01m[K/home/ein/repository/aspect-pf-rsf-refactor/source/particle/particle_domain.cc:1172:25:[m[K [01;31m[Kerror: [m[K‘[01m[Ksamples[m[K’ was not declared in this scope
 1172 |                     if ([01;31m[Ksamples[m[K[v].first == cell)
      |                         [01;31m[K^~~~~~~[m[K
[01m[K/home/ein/repository/aspect-pf-rsf-refactor/source/particle/particle_domain.cc:1174:37:[m[K [01;31m[Kerror: [m[K‘[01m[Kfe[m[K’ was not declared in this scope
 1174 |                         N_v[v][i] = [01;31m[Kfe[m[K.shape_value(i, samples[v].second);
      |                                     [01;31m[K^~[m[K
[01m[K/home/ein/repository/aspect-pf-rsf-refactor/source/particle/particle_domain.cc:1182:25:[m[K [01;31m[Kerror: [m[K‘[01m[Ksamples[m[K’ was not declared in this scope
 1182 |                     if ([01;31m[Ksamples[m[K.back().first == cell)
      |                         [01;31m[K^~~~~~~[m[K
[01m[K/home/ein/repository/aspect-pf-rsf-refactor/source/particle/particle_domain.cc:1184:34:[m[K [01;31m[Kerror: [m[K‘[01m[Kfe[m[K’ was not declared in this scope
 1184 |                         N_c[i] = [01;31m[Kfe[m[K.shape_value(i, samples.back().second);
      |                                  [01;31m[K^~[m[K
[01m[K/home/ein/repository/aspect-pf-rsf-refactor/source/particle/particle_domain.cc:1201:67:[m[K [01;31m[Kerror: [m[Kwrong number of template arguments (3, should be 2)
 1201 |                                 const std::pair<double, Tensor<1, [01;31m[K2[m[K>> value_and_gradient
      |                                                                   [01;31m[K^[m[K
[01m[K/opt/gcc/12.4.0/include/c++/12.4.0/bits/stl_pair.h:187:12:[m[K [01;36m[Knote: [m[Kprovided for ‘[01m[Ktemplate<class _T1, class _T2> struct std::pair[m[K’
  187 |     struct [01;36m[Kpair[m[K
      |            [01;36m[K^~~~[m[K
[01m[K/home/ein/repository/aspect-pf-rsf-refactor/source/particle/particle_domain.cc:1201:68:[m[K [01;31m[Kerror: [m[Kexpected unqualified-id before ‘[01m[K>[m[K’ token
 1201 |                                 const std::pair<double, Tensor<1, 2[01;31m[K>>[m[K value_and_gradient
      |                                                                    [01;31m[K^~[m[K
[01m[K/home/ein/repository/aspect-pf-rsf-refactor/source/particle/particle_domain.cc:1204:54:[m[K [01;31m[Kerror: [m[K‘[01m[Kweighting_function_data[m[K’ was not declared in this scope
 1204 |                                 const auto data_it = [01;31m[Kweighting_function_data[m[K.find(vertex_index);
      |                                                      [01;31m[K^~~~~~~~~~~~~~~~~~~~~~~[m[K
[01m[K/home/ein/repository/aspect-pf-rsf-refactor/source/particle/particle_domain.cc:1206:95:[m[K [01;31m[Kerror: [m[K‘[01m[Kvalue_and_gradient[m[K’ was not declared in this scope
 1206 |                                   weighting_function_data.insert(std::make_pair(vertex_index, [01;31m[Kvalue_and_gradient[m[K));
      |                                                                                               [01;31m[K^~~~~~~~~~~~~~~~~~[m[K
[01m[K/home/ein/repository/aspect-pf-rsf-refactor/source/particle/particle_domain.cc:1209:63:[m[K [01;31m[Kerror: [m[K‘[01m[Kvalue_and_gradient[m[K’ was not declared in this scope
 1209 |                                     data_it->second.first  += [01;31m[Kvalue_and_gradient[m[K.first;
      |                                                               [01;31m[K^~~~~~~~~~~~~~~~~~[m[K
[01m[K/home/ein/repository/aspect-pf-rsf-refactor/source/particle/particle_domain.cc:1228:63:[m[K [01;31m[Kerror: [m[Kwrong number of template arguments (3, should be 2)
 1228 |                             const std::pair<double, Tensor<1, [01;31m[K2[m[K>> value_and_gradient
      |                                                               [01;31m[K^[m[K
[01m[K/opt/gcc/12.4.0/include/c++/12.4.0/bits/stl_pair.h:187:12:[m[K [01;36m[Knote: [m[Kprovided for ‘[01m[Ktemplate<class _T1, class _T2> struct std::pair[m[K’
  187 |     struct [01;36m[Kpair[m[K
      |            [01;36m[K^~~~[m[K
[01m[K/home/ein/repository/aspect-pf-rsf-refactor/source/particle/particle_domain.cc:1228:64:[m[K [01;31m[Kerror: [m[Kexpected unqualified-id before ‘[01m[K>[m[K’ token
 1228 |                             const std::pair<double, Tensor<1, 2[01;31m[K>>[m[K value_and_gradient
      |                                                                [01;31m[K^~[m[K
[01m[K/home/ein/repository/aspect-pf-rsf-refactor/source/particle/particle_domain.cc:1231:50:[m[K [01;31m[Kerror: [m[K‘[01m[Kweighting_function_data[m[K’ was not declared in this scope
 1231 |                             const auto data_it = [01;31m[Kweighting_function_data[m[K.find(vertex_index);
      |                                                  [01;31m[K^~~~~~~~~~~~~~~~~~~~~~~[m[K
[01m[K/home/ein/repository/aspect-pf-rsf-refactor/source/particle/particle_domain.cc:1233:91:[m[K [01;31m[Kerror: [m[K‘[01m[Kvalue_and_gradient[m[K’ was not declared in this scope
 1233 |                               weighting_function_data.insert(std::make_pair(vertex_index, [01;31m[Kvalue_and_gradient[m[K));
      |                                                                                           [01;31m[K^~~~~~~~~~~~~~~~~~[m[K
[01m[K/home/ein/repository/aspect-pf-rsf-refactor/source/particle/particle_domain.cc:1236:57:[m[K [01;31m[Kerror: [m[K‘[01m[Kvalue_and_gradient[m[K’ was not declared in this scope
 1236 |                               data_it->second.first  += [01;31m[Kvalue_and_gradient[m[K.first;
      |                                                         [01;31m[K^~~~~~~~~~~~~~~~~~[m[K
[01m[K/home/ein/repository/aspect-pf-rsf-refactor/source/particle/particle_domain.cc:1245:38:[m[K [01;31m[Kerror: [m[K‘[01m[Kweighting_function_data[m[K’ was not declared in this scope
 1245 |             for (auto &vertex_data : [01;31m[Kweighting_function_data[m[K)
      |                                      [01;31m[K^~~~~~~~~~~~~~~~~~~~~~~[m[K
[01m[K/home/ein/repository/aspect-pf-rsf-refactor/source/particle/particle_domain.cc:1251:13:[m[K [01;31m[Kerror: [m[K‘[01m[Kcpdi_data[m[K’ was not declared in this scope
 1251 |             [01;31m[Kcpdi_data[m[K.push_back(voronoi_cell.particle_index, weighting_function_data);
      |             [01;31m[K^~~~~~~~~[m[K
[01m[K/home/ein/repository/aspect-pf-rsf-refactor/source/particle/particle_domain.cc:1251:46:[m[K [01;31m[Kerror: [m[K‘[01m[Kconst struct aspect::Particle::internal::VoronoiCell<2>[m[K’ has no member named ‘[01m[Kparticle_index[m[K’
 1251 |             cpdi_data.push_back(voronoi_cell.[01;31m[Kparticle_index[m[K, weighting_function_data);
      |                                              [01;31m[K^~~~~~~~~~~~~~[m[K
[01m[K/home/ein/repository/aspect-pf-rsf-refactor/source/particle/particle_domain.cc:1251:62:[m[K [01;31m[Kerror: [m[K‘[01m[Kweighting_function_data[m[K’ was not declared in this scope
 1251 |             cpdi_data.push_back(voronoi_cell.particle_index, [01;31m[Kweighting_function_data[m[K);
      |                                                              [01;31m[K^~~~~~~~~~~~~~~~~~~~~~~[m[K
[01m[K/home/ein/repository/aspect-pf-rsf-refactor/source/particle/particle_domain.cc:1077:61:[m[K [01;35m[Kwarning: [m[Kunused parameter ‘[01m[Kactive_cell_iterator[m[K’ [[01;35m[K-Wunused-parameter[m[K]
 1077 |                            [01;35m[Kconst std::set<Triangulation<2>::active_cell_iterator[m[K> &cells,
      |                            [01;35m[K~~~~~~~~~~~~~~~~~~~~~~~~~~~~~~~~~^~~~~~~~~~~~~~~~~~~~[m[K
[01m[K/home/ein/repository/aspect-pf-rsf-refactor/source/particle/particle_domain.cc:[m[K At global scope:
[01m[K/home/ein/repository/aspect-pf-rsf-refactor/source/particle/particle_domain.cc:1261:43:[m[K [01;31m[Kerror: [m[K‘[01m[KTriangulation[m[K’ was not declared in this scope
 1261 |                            const std::set<[01;31m[KTriangulation[m[K<3>::active_cell_iterator> &cells,
      |                                           [01;31m[K^~~~~~~~~~~~~[m[K
[01m[K/home/ein/repository/aspect-pf-rsf-refactor/source/particle/particle_domain.cc:1261:43:[m[K [01;36m[Knote: [m[Ksuggested alternatives:
[01m[K/opt/dealii/9.6-local/include/deal.II/base/template_constraints.h:908:7:[m[K [01;36m[Knote: [m[K  ‘[01m[Kdealii::Triangulation[m[K’
  908 | class [01;36m[KTriangulation[m[K;
      |       [01;36m[K^~~~~~~~~~~~~[m[K
[01m[K/opt/dealii/9.6-local/include/deal.II/base/template_constraints.h:920:11:[m[K [01;36m[Knote: [m[K  ‘[01m[Kdealii::parallel::distributed::Triangulation[m[K’
  920 |     class [01;36m[KTriangulation[m[K;
      |           [01;36m[K^~~~~~~~~~~~~[m[K
[01m[K/opt/dealii/9.6-local/include/deal.II/base/template_constraints.h:926:11:[m[K [01;36m[Knote: [m[K  ‘[01m[Kdealii::parallel::shared::Triangulation[m[K’
  926 |     class [01;36m[KTriangulation[m[K;
      |           [01;36m[K^~~~~~~~~~~~~[m[K
[01m[K/opt/dealii/9.6-local/include/deal.II/base/template_constraints.h:932:11:[m[K [01;36m[Knote: [m[K  ‘[01m[Kdealii::parallel::fullydistributed::Triangulation[m[K’
  932 |     class [01;36m[KTriangulation[m[K;
      |           [01;36m[K^~~~~~~~~~~~~[m[K
[01m[K/home/ein/repository/aspect-pf-rsf-refactor/source/particle/particle_domain.cc:1261:58:[m[K [01;31m[Kerror: [m[Ktemplate argument 1 is invalid
 1261 |                            const std::set<Triangulation<3[01;31m[K>[m[K::active_cell_iterator> &cells,
      |                                                          [01;31m[K^[m[K
[01m[K/home/ein/repository/aspect-pf-rsf-refactor/source/particle/particle_domain.cc:1261:58:[m[K [01;31m[Kerror: [m[Ktemplate argument 2 is invalid
[01m[K/home/ein/repository/aspect-pf-rsf-refactor/source/particle/particle_domain.cc:1261:58:[m[K [01;31m[Kerror: [m[Ktemplate argument 3 is invalid
[01m[K/home/ein/repository/aspect-pf-rsf-refactor/source/particle/particle_domain.cc:1261:81:[m[K [01;31m[Kerror: [m[Kexpected ‘[01m[K,[m[K’ or ‘[01m[K...[m[K’ before ‘[01m[K>[m[K’ token
 1261 |                            const std::set<Triangulation<3>::active_cell_iterator[01;31m[K>[m[K &cells,
      |                                                                                 [01;31m[K^[m[K
[01m[K/home/ein/repository/aspect-pf-rsf-refactor/source/particle/particle_domain.cc:[m[K In function ‘[01m[Kdouble aspect::Particle::internal::compute_voronoi_cell(const VoronoiCell<3>&, int)[m[K’:
[01m[K/home/ein/repository/aspect-pf-rsf-refactor/source/particle/particle_domain.cc:1271:63:[m[K [01;31m[Kerror: [m[K‘[01m[Kconst struct aspect::Particle::internal::VoronoiCell<3>[m[K’ has no member named ‘[01m[Kvertices[m[K’
 1271 |         const auto V_and_C = volume_and_centroid(voronoi_cell.[01;31m[Kvertices[m[K, voronoi_cell.faces);
      |                                                               [01;31m[K^~~~~~~~[m[K
[01m[K/home/ein/repository/aspect-pf-rsf-refactor/source/particle/particle_domain.cc:1271:30:[m[K [01;31m[Kerror: [m[K‘[01m[Kvolume_and_centroid[m[K’ was not declared in this scope
 1271 |         const auto V_and_C = [01;31m[Kvolume_and_centroid[m[K(voronoi_cell.vertices, voronoi_cell.faces);
      |                              [01;31m[K^~~~~~~~~~~~~~~~~~~[m[K
[01m[K/home/ein/repository/aspect-pf-rsf-refactor/source/particle/particle_domain.cc:1276:39:[m[K [01;31m[Kerror: [m[K‘[01m[KPoint[m[K’ was not declared in this scope
 1276 |         std::vector<std::pair<double, [01;31m[KPoint[m[K<3>>> face_areas_and_centroids;
      |                                       [01;31m[K^~~~~[m[K
[01m[K/home/ein/repository/aspect-pf-rsf-refactor/source/particle/particle_domain.cc:1276:39:[m[K [01;36m[Knote: [m[Ksuggested alternatives:
[01m[K/opt/dealii/9.6-local/include/deal.II/base/tensor.h:55:7:[m[K [01;36m[Knote: [m[K  ‘[01m[Kdealii::Point[m[K’
   55 | class [01;36m[KPoint[m[K;
      |       [01;36m[K^~~~~[m[K
[01m[K/opt/dealii/9.6-local/include/deal.II/bundled/boost/geometry/geometries/concepts/point_concept.hpp:39:7:[m[K [01;36m[Knote: [m[K  ‘[01m[Kboost::geometry::concepts::Point[m[K’
   39 | class [01;36m[KPoint[m[K
      |       [01;36m[K^~~~~[m[K
[01m[K/home/ein/repository/aspect-pf-rsf-refactor/source/particle/particle_domain.cc:1276:45:[m[K [01;31m[Kerror: [m[Ktemplate argument 2 is invalid
 1276 |         std::vector<std::pair<double, Point<[01;31m[K3[m[K>>> face_areas_and_centroids;
      |                                             [01;31m[K^[m[K
[01m[K/home/ein/repository/aspect-pf-rsf-refactor/source/particle/particle_domain.cc:1276:46:[m[K [01;31m[Kerror: [m[Ktemplate argument 1 is invalid
 1276 |         std::vector<std::pair<double, Point<3[01;31m[K>>[m[K> face_areas_and_centroids;
      |                                              [01;31m[K^~[m[K
[01m[K/home/ein/repository/aspect-pf-rsf-refactor/source/particle/particle_domain.cc:1276:46:[m[K [01;31m[Kerror: [m[Ktemplate argument 2 is invalid
[01m[K/home/ein/repository/aspect-pf-rsf-refactor/source/particle/particle_domain.cc:1276:48:[m[K [01;31m[Kerror: [m[Kexpected unqualified-id before ‘[01m[K>[m[K’ token
 1276 |         std::vector<std::pair<double, Point<3>>[01;31m[K>[m[K face_areas_and_centroids;
      |                                                [01;31m[K^[m[K
[01m[K/home/ein/repository/aspect-pf-rsf-refactor/source/particle/particle_domain.cc:1277:13:[m[K [01;31m[Kerror: [m[K‘[01m[Kcompute_face_data[m[K’ was not declared in this scope
 1277 |         if ([01;31m[Kcompute_face_data[m[K || compute_cpdi_data)
      |             [01;31m[K^~~~~~~~~~~~~~~~~[m[K
[01m[K/home/ein/repository/aspect-pf-rsf-refactor/source/particle/particle_domain.cc:1277:34:[m[K [01;31m[Kerror: [m[K‘[01m[Kcompute_cpdi_data[m[K’ was not declared in this scope
 1277 |         if (compute_face_data || [01;31m[Kcompute_cpdi_data[m[K)
      |                                  [01;31m[K^~~~~~~~~~~~~~~~~[m[K
[01m[K/home/ein/repository/aspect-pf-rsf-refactor/source/particle/particle_domain.cc:1279:13:[m[K [01;31m[Kerror: [m[K‘[01m[Kface_areas_and_centroids[m[K’ was not declared in this scope
 1279 |             [01;31m[Kface_areas_and_centroids[m[K.push_back(area_and_centroid_3d(voronoi_cell.vertices,
      |             [01;31m[K^~~~~~~~~~~~~~~~~~~~~~~~[m[K
[01m[K/home/ein/repository/aspect-pf-rsf-refactor/source/particle/particle_domain.cc:1279:82:[m[K [01;31m[Kerror: [m[K‘[01m[Kconst struct aspect::Particle::internal::VoronoiCell<3>[m[K’ has no member named ‘[01m[Kvertices[m[K’
 1279 |             face_areas_and_centroids.push_back(area_and_centroid_3d(voronoi_cell.[01;31m[Kvertices[m[K,
      |                                                                                  [01;31m[K^~~~~~~~[m[K
[01m[K/home/ein/repository/aspect-pf-rsf-refactor/source/particle/particle_domain.cc:1279:48:[m[K [01;31m[Kerror: [m[K‘[01m[Karea_and_centroid_3d[m[K’ was not declared in this scope
 1279 |             face_areas_and_centroids.push_back([01;31m[Karea_and_centroid_3d[m[K(voronoi_cell.vertices,
      |                                                [01;31m[K^~~~~~~~~~~~~~~~~~~~[m[K
[01m[K/home/ein/repository/aspect-pf-rsf-refactor/source/particle/particle_domain.cc:1282:13:[m[K [01;31m[Kerror: [m[K‘[01m[Kcompute_face_data[m[K’ was not declared in this scope
 1282 |         if ([01;31m[Kcompute_face_data[m[K)
      |             [01;31m[K^~~~~~~~~~~~~~~~~[m[K
[01m[K/home/ein/repository/aspect-pf-rsf-refactor/source/particle/particle_domain.cc:1285:75:[m[K [01;31m[Kerror: [m[K‘[01m[Kcells[m[K’ was not declared in this scope
 1285 |             neighbor_particles = collect_neighbor_particles(voronoi_cell, [01;31m[Kcells[m[K, particle_handler);
      |                                                                           [01;31m[K^~~~~[m[K
[01m[K/home/ein/repository/aspect-pf-rsf-refactor/source/particle/particle_domain.cc:1285:82:[m[K [01;31m[Kerror: [m[K‘[01m[Kparticle_handler[m[K’ was not declared in this scope; did you mean ‘[01m[KParticleDomainHandler[m[K’?
 1285 |             neighbor_particles = collect_neighbor_particles(voronoi_cell, cells, [01;31m[Kparticle_handler[m[K);
      |                                                                                  [01;31m[K^~~~~~~~~~~~~~~~[m[K
      |                                                                                  [32m[KParticleDomainHandler[m[K
[01m[K/home/ein/repository/aspect-pf-rsf-refactor/source/particle/particle_domain.cc:1290:37:[m[K [01;31m[Kerror: [m[K‘[01m[Kface_areas_and_centroids[m[K’ was not declared in this scope
 1290 |                 const double area = [01;31m[Kface_areas_and_centroids[m[K[f].first;
      |                                     [01;31m[K^~~~~~~~~~~~~~~~~~~~~~~~[m[K
[01m[K/home/ein/repository/aspect-pf-rsf-refactor/source/particle/particle_domain.cc:1294:13:[m[K [01;31m[Kerror: [m[K‘[01m[Kface_data[m[K’ was not declared in this scope
 1294 |             [01;31m[Kface_data[m[K.push_back(voronoi_cell.particle_index, measure_and_neighbor, particle_handler);
      |             [01;31m[K^~~~~~~~~[m[K
[01m[K/home/ein/repository/aspect-pf-rsf-refactor/source/particle/particle_domain.cc:1294:46:[m[K [01;31m[Kerror: [m[K‘[01m[Kconst struct aspect::Particle::internal::VoronoiCell<3>[m[K’ has no member named ‘[01m[Kparticle_index[m[K’
 1294 |             face_data.push_back(voronoi_cell.[01;31m[Kparticle_index[m[K, measure_and_neighbor, particle_handler);
      |                                              [01;31m[K^~~~~~~~~~~~~~[m[K
[01m[K/home/ein/repository/aspect-pf-rsf-refactor/source/particle/particle_domain.cc:1297:13:[m[K [01;31m[Kerror: [m[K‘[01m[Kcompute_cpdi_data[m[K’ was not declared in this scope
 1297 |         if ([01;31m[Kcompute_cpdi_data[m[K)
      |             [01;31m[K^~~~~~~~~~~~~~~~~[m[K
[01m[K/home/ein/repository/aspect-pf-rsf-refactor/source/particle/particle_domain.cc:1303:37:[m[K [01;31m[Kerror: [m[Ktemplate argument 1 is invalid
 1303 |             const std::vector<Point<[01;31m[K3[m[K>> &voro_vertices = voronoi_cell.vertices;
      |                                     [01;31m[K^[m[K
[01m[K/home/ein/repository/aspect-pf-rsf-refactor/source/particle/particle_domain.cc:1303:37:[m[K [01;31m[Kerror: [m[Ktemplate argument 2 is invalid
[01m[K/home/ein/repository/aspect-pf-rsf-refactor/source/particle/particle_domain.cc:1303:38:[m[K [01;31m[Kerror: [m[Kexpected unqualified-id before ‘[01m[K>[m[K’ token
 1303 |             const std::vector<Point<3[01;31m[K>>[m[K &voro_vertices = voronoi_cell.vertices;
      |                                      [01;31m[K^~[m[K
[01m[K/home/ein/repository/aspect-pf-rsf-refactor/source/particle/particle_domain.cc:1305:50:[m[K [01;31m[Kerror: [m[K‘[01m[Kvoro_vertices[m[K’ was not declared in this scope; did you mean ‘[01m[Kn_voro_vertices[m[K’?
 1305 |             const unsigned int n_voro_vertices = [01;31m[Kvoro_vertices[m[K.size();
      |                                                  [01;31m[K^~~~~~~~~~~~~[m[K
      |                                                  [32m[Kn_voro_vertices[m[K
[01m[K/home/ein/repository/aspect-pf-rsf-refactor/source/particle/particle_domain.cc:1308:19:[m[K [01;31m[Kerror: [m[K‘[01m[KPoint[m[K’ does not name a type
 1308 |             const [01;31m[KPoint[m[K<3> voro_center = V_and_C.second;
      |                   [01;31m[K^~~~~[m[K
[01m[K/home/ein/repository/aspect-pf-rsf-refactor/source/particle/particle_domain.cc:1317:54:[m[K [01;31m[Kerror: [m[K‘[01m[KTensor[m[K’ was not declared in this scope
 1317 |             std::map<unsigned int, std::pair<double, [01;31m[KTensor[m[K<1, 3>>> weighting_function_data;
      |                                                      [01;31m[K^~~~~~[m[K
[01m[K/home/ein/repository/aspect-pf-rsf-refactor/source/particle/particle_domain.cc:1317:54:[m[K [01;36m[Knote: [m[Ksuggested alternatives:
[01m[K/opt/dealii/9.6-local/include/deal.II/base/tensor.h:58:7:[m[K [01;36m[Knote: [m[K  ‘[01m[Kdealii::Tensor[m[K’
   58 | class [01;36m[KTensor[m[K;
      |       [01;36m[K^~~~~~[m[K
[01m[K/opt/dealii/9.6-local/include/deal.II/fe/fe_values_extractors.h:243:10:[m[K [01;36m[Knote: [m[K  ‘[01m[Kdealii::FEValuesExtractors::Tensor[m[K’
  243 |   struct [01;36m[KTensor[m[K
      |          [01;36m[K^~~~~~[m[K
[01m[K/opt/dealii/9.6-local/include/deal.II/fe/fe_values_views.h:1603:9:[m[K [01;36m[Knote: [m[K  ‘[01m[Kdealii::FEValuesViews::Tensor[m[K’
 1603 |   class [01;36m[KTensor[m[K;
      |         [01;36m[K^~~~~~[m[K
[01m[K/home/ein/repository/aspect-pf-rsf-refactor/source/particle/particle_domain.cc:1317:64:[m[K [01;31m[Kerror: [m[Kwrong number of template arguments (3, should be 2)
 1317 |             std::map<unsigned int, std::pair<double, Tensor<1, [01;31m[K3[m[K>>> weighting_function_data;
      |                                                                [01;31m[K^[m[K
[01m[K/opt/gcc/12.4.0/include/c++/12.4.0/bits/stl_pair.h:187:12:[m[K [01;36m[Knote: [m[Kprovided for ‘[01m[Ktemplate<class _T1, class _T2> struct std::pair[m[K’
  187 |     struct [01;36m[Kpair[m[K
      |            [01;36m[K^~~~[m[K
[01m[K/home/ein/repository/aspect-pf-rsf-refactor/source/particle/particle_domain.cc:1317:65:[m[K [01;31m[Kerror: [m[Ktemplate argument 2 is invalid
 1317 |             std::map<unsigned int, std::pair<double, Tensor<1, 3[01;31m[K>>[m[K> weighting_function_data;
      |                                                                 [01;31m[K^~[m[K
[01m[K/home/ein/repository/aspect-pf-rsf-refactor/source/particle/particle_domain.cc:1317:65:[m[K [01;31m[Kerror: [m[Ktemplate argument 4 is invalid
[01m[K/home/ein/repository/aspect-pf-rsf-refactor/source/particle/particle_domain.cc:1317:67:[m[K [01;31m[Kerror: [m[Kexpected unqualified-id before ‘[01m[K>[m[K’ token
 1317 |             std::map<unsigned int, std::pair<double, Tensor<1, 3>>[01;31m[K>[m[K weighting_function_data;
      |                                                                   [01;31m[K^[m[K
[01m[K/home/ein/repository/aspect-pf-rsf-refactor/source/particle/particle_domain.cc:1321:31:[m[K [01;31m[Kerror: [m[Ktemplate argument 1 is invalid
 1321 |             std::vector<Point<[01;31m[K3[m[K>> face_centers(n_voro_faces);
      |                               [01;31m[K^[m[K
[01m[K/home/ein/repository/aspect-pf-rsf-refactor/source/particle/particle_domain.cc:1321:31:[m[K [01;31m[Kerror: [m[Ktemplate argument 2 is invalid
[01m[K/home/ein/repository/aspect-pf-rsf-refactor/source/particle/particle_domain.cc:1321:32:[m[K [01;31m[Kerror: [m[Kexpected unqualified-id before ‘[01m[K>[m[K’ token
 1321 |             std::vector<Point<3[01;31m[K>>[m[K face_centers(n_voro_faces);
      |                                [01;31m[K^~[m[K
[01m[K/home/ein/repository/aspect-pf-rsf-refactor/source/particle/particle_domain.cc:1335:25:[m[K [01;31m[Kerror: [m[K‘[01m[Kface_centers[m[K’ was not declared in this scope
 1335 |                         [01;31m[Kface_centers[m[K[f] = face_areas_and_centroids[f].second;
      |                         [01;31m[K^~~~~~~~~~~~[m[K
[01m[K/home/ein/repository/aspect-pf-rsf-refactor/source/particle/particle_domain.cc:1335:43:[m[K [01;31m[Kerror: [m[K‘[01m[Kface_areas_and_centroids[m[K’ was not declared in this scope
 1335 |                         face_centers[f] = [01;31m[Kface_areas_and_centroids[m[K[f].second;
      |                                           [01;31m[K^~~~~~~~~~~~~~~~~~~~~~~~[m[K
[01m[K/home/ein/repository/aspect-pf-rsf-refactor/source/particle/particle_domain.cc:1338:47:[m[K [01;31m[Kerror: [m[Kwrong number of template arguments (1, should be 2)
 1338 |                             std::array<Point<3[01;31m[K>[m[K, 4> vertices;
      |                                               [01;31m[K^[m[K
[01m[K/opt/gcc/12.4.0/include/c++/12.4.0/tuple:1610:45:[m[K [01;36m[Knote: [m[Kprovided for ‘[01m[Ktemplate<class _Tp, long unsigned int _Nm> struct std::array[m[K’
 1610 |   template<typename _Tp, size_t _Nm> struct [01;36m[Karray[m[K;
      |                                             [01;36m[K^~~~~[m[K
[01m[K/home/ein/repository/aspect-pf-rsf-refactor/source/particle/particle_domain.cc:1338:48:[m[K [01;31m[Kerror: [m[Kexpected unqualified-id before ‘[01m[K,[m[K’ token
 1338 |                             std::array<Point<3>[01;31m[K,[m[K 4> vertices;
      |                                                [01;31m[K^[m[K
[01m[K/home/ein/repository/aspect-pf-rsf-refactor/source/particle/particle_domain.cc:1338:50:[m[K [01;31m[Kerror: [m[Kexpected unqualified-id before numeric constant
 1338 |                             std::array<Point<3>, [01;31m[K4[m[K> vertices;
      |                                                  [01;31m[K^[m[K
[01m[K/home/ein/repository/aspect-pf-rsf-refactor/source/particle/particle_domain.cc:1339:29:[m[K [01;31m[Kerror: [m[K‘[01m[Kvertices[m[K’ was not declared in this scope
 1339 |                             [01;31m[Kvertices[m[K[0] = voro_vertices[voro_faces[f][fv]];
      |                             [01;31m[K^~~~~~~~[m[K
[01m[K/home/ein/repository/aspect-pf-rsf-refactor/source/particle/particle_domain.cc:1342:43:[m[K [01;31m[Kerror: [m[K‘[01m[Kvoro_center[m[K’ was not declared in this scope
 1342 |                             vertices[3] = [01;31m[Kvoro_center[m[K;
      |                                           [01;31m[K^~~~~~~~~~~[m[K
[01m[K/home/ein/repository/aspect-pf-rsf-refactor/source/particle/particle_domain.cc:1348:43:[m[K [01;31m[Kerror: [m[Kwrong number of template arguments (1, should be 2)
 1348 |                         std::array<Point<3[01;31m[K>[m[K, 4> vertices;
      |                                           [01;31m[K^[m[K
[01m[K/opt/gcc/12.4.0/include/c++/12.4.0/tuple:1610:45:[m[K [01;36m[Knote: [m[Kprovided for ‘[01m[Ktemplate<class _Tp, long unsigned int _Nm> struct std::array[m[K’
 1610 |   template<typename _Tp, size_t _Nm> struct [01;36m[Karray[m[K;
      |                                             [01;36m[K^~~~~[m[K
[01m[K/home/ein/repository/aspect-pf-rsf-refactor/source/particle/particle_domain.cc:1348:44:[m[K [01;31m[Kerror: [m[Kexpected unqualified-id before ‘[01m[K,[m[K’ token
 1348 |                         std::array<Point<3>[01;31m[K,[m[K 4> vertices;
      |                                            [01;31m[K^[m[K
[01m[K/home/ein/repository/aspect-pf-rsf-refactor/source/particle/particle_domain.cc:1348:46:[m[K [01;31m[Kerror: [m[Kexpected unqualified-id before numeric constant
 1348 |                         std::array<Point<3>, [01;31m[K4[m[K> vertices;
      |                                              [01;31m[K^[m[K
[01m[K/home/ein/repository/aspect-pf-rsf-refactor/source/particle/particle_domain.cc:1350:27:[m[K [01;31m[Kerror: [m[K‘[01m[Kvertices[m[K’ was not declared in this scope
 1350 |                           [01;31m[Kvertices[m[K[fv] = voro_vertices[voro_faces[f][fv]];
      |                           [01;31m[K^~~~~~~~[m[K
[01m[K/home/ein/repository/aspect-pf-rsf-refactor/source/particle/particle_domain.cc:1351:25:[m[K [01;31m[Kerror: [m[K‘[01m[Kvertices[m[K’ was not declared in this scope
 1351 |                         [01;31m[Kvertices[m[K[3] = voro_center;
      |                         [01;31m[K^~~~~~~~[m[K
[01m[K/home/ein/repository/aspect-pf-rsf-refactor/source/particle/particle_domain.cc:1351:39:[m[K [01;31m[Kerror: [m[K‘[01m[Kvoro_center[m[K’ was not declared in this scope
 1351 |                         vertices[3] = [01;31m[Kvoro_center[m[K;
      |                                       [01;31m[K^~~~~~~~~~~[m[K
[01m[K/home/ein/repository/aspect-pf-rsf-refactor/source/particle/particle_domain.cc:1358:35:[m[K [01;31m[Kerror: [m[Kwrong number of template arguments (1, should be 2)
 1358 |                 std::array<Point<3[01;31m[K>[m[K, 4> vertices;
      |                                   [01;31m[K^[m[K
[01m[K/opt/gcc/12.4.0/include/c++/12.4.0/tuple:1610:45:[m[K [01;36m[Knote: [m[Kprovided for ‘[01m[Ktemplate<class _Tp, long unsigned int _Nm> struct std::array[m[K’
 1610 |   template<typename _Tp, size_t _Nm> struct [01;36m[Karray[m[K;
      |                                             [01;36m[K^~~~~[m[K
[01m[K/home/ein/repository/aspect-pf-rsf-refactor/source/particle/particle_domain.cc:1358:36:[m[K [01;31m[Kerror: [m[Kexpected unqualified-id before ‘[01m[K,[m[K’ token
 1358 |                 std::array<Point<3>[01;31m[K,[m[K 4> vertices;
      |                                    [01;31m[K^[m[K
[01m[K/home/ein/repository/aspect-pf-rsf-refactor/source/particle/particle_domain.cc:1358:38:[m[K [01;31m[Kerror: [m[Kexpected unqualified-id before numeric constant
 1358 |                 std::array<Point<3>, [01;31m[K4[m[K> vertices;
      |                                      [01;31m[K^[m[K
[01m[K/home/ein/repository/aspect-pf-rsf-refactor/source/particle/particle_domain.cc:1360:19:[m[K [01;31m[Kerror: [m[K‘[01m[Kvertices[m[K’ was not declared in this scope
 1360 |                   [01;31m[Kvertices[m[K[v] = voro_vertices[v];
      |                   [01;31m[K^~~~~~~~[m[K
[01m[K/home/ein/repository/aspect-pf-rsf-refactor/source/particle/particle_domain.cc:1361:50:[m[K [01;31m[Kerror: [m[K‘[01m[Kvertices[m[K’ was not declared in this scope
 1361 |                 simplex_integrators.emplace_back([01;31m[Kvertices[m[K);
      |                                                  [01;31m[K^~~~~~~~[m[K
[01m[K/home/ein/repository/aspect-pf-rsf-refactor/source/particle/particle_domain.cc:1364:37:[m[K [01;31m[Kerror: [m[K‘[01m[Kcells[m[K’ was not declared in this scope; did you mean ‘[01m[Kcell[m[K’?
 1364 |             for (const auto &cell : [01;31m[Kcells[m[K)
      |                                     [01;31m[K^~~~~[m[K
      |                                     [32m[Kcell[m[K
[01m[K/home/ein/repository/aspect-pf-rsf-refactor/source/particle/particle_domain.cc:1370:27:[m[K [01;31m[Kerror: [m[K‘[01m[KPoint[m[K’ does not name a type
 1370 |                     const [01;31m[KPoint[m[K<3> vertex_unit = mapping.transform_real_to_unit_cell(cell, voro_vertices[v]);
      |                           [01;31m[K^~~~~[m[K
[01m[K/home/ein/repository/aspect-pf-rsf-refactor/source/particle/particle_domain.cc:1371:44:[m[K [01;31m[Kerror: [m[Kmissing template arguments before ‘[01m[K([m[K’ token
 1371 |                     if (is_inside_unit_cell[01;31m[K([m[Kcell, vertex_unit, eps))
      |                                            [01;31m[K^[m[K
[01m[K/home/ein/repository/aspect-pf-rsf-refactor/source/particle/particle_domain.cc:1371:51:[m[K [01;31m[Kerror: [m[K‘[01m[Kvertex_unit[m[K’ was not declared in this scope
 1371 |                     if (is_inside_unit_cell(cell, [01;31m[Kvertex_unit[m[K, eps))
      |                                                   [01;31m[K^~~~~~~~~~~[m[K
[01m[K/home/ein/repository/aspect-pf-rsf-refactor/source/particle/particle_domain.cc:1373:37:[m[K [01;31m[Kerror: [m[K‘[01m[Kfe[m[K’ was not declared in this scope
 1373 |                         N_v[v][i] = [01;31m[Kfe[m[K.shape_value(i, vertex_unit);
      |                                     [01;31m[K^~[m[K
[01m[K/home/ein/repository/aspect-pf-rsf-refactor/source/particle/particle_domain.cc:1381:27:[m[K [01;31m[Kerror: [m[K‘[01m[KPoint[m[K’ does not name a type
 1381 |                     const [01;31m[KPoint[m[K<3> voro_center_unit = mapping.transform_real_to_unit_cell(cell, voro_center);
      |                           [01;31m[K^~~~~[m[K
[01m[K/home/ein/repository/aspect-pf-rsf-refactor/source/particle/particle_domain.cc:1382:44:[m[K [01;31m[Kerror: [m[Kmissing template arguments before ‘[01m[K([m[K’ token
 1382 |                     if (is_inside_unit_cell[01;31m[K([m[Kcell, voro_center_unit, eps))
      |                                            [01;31m[K^[m[K
[01m[K/home/ein/repository/aspect-pf-rsf-refactor/source/particle/particle_domain.cc:1382:51:[m[K [01;31m[Kerror: [m[K‘[01m[Kvoro_center_unit[m[K’ was not declared in this scope
 1382 |                     if (is_inside_unit_cell(cell, [01;31m[Kvoro_center_unit[m[K, eps))
      |                                                   [01;31m[K^~~~~~~~~~~~~~~~[m[K
[01m[K/home/ein/repository/aspect-pf-rsf-refactor/source/particle/particle_domain.cc:1384:35:[m[K [01;31m[Kerror: [m[K‘[01m[Kfe[m[K’ was not declared in this scope
 1384 |                         N_vc[i] = [01;31m[Kfe[m[K.shape_value(i, voro_center_unit);
      |                                   [01;31m[K^~[m[K
[01m[K/home/ein/repository/aspect-pf-rsf-refactor/source/particle/particle_domain.cc:1394:35:[m[K [01;31m[Kerror: [m[K‘[01m[KPoint[m[K’ does not name a type
 1394 |                             const [01;31m[KPoint[m[K<3> face_center_unit = mapping.transform_real_to_unit_cell(cell, face_centers[f]);
      |                                   [01;31m[K^~~~~[m[K
[01m[K/home/ein/repository/aspect-pf-rsf-refactor/source/particle/particle_domain.cc:1395:52:[m[K [01;31m[Kerror: [m[Kmissing template arguments before ‘[01m[K([m[K’ token
 1395 |                             if (is_inside_unit_cell[01;31m[K([m[Kcell, face_center_unit, eps))
      |                                                    [01;31m[K^[m[K
[01m[K/home/ein/repository/aspect-pf-rsf-refactor/source/particle/particle_domain.cc:1395:59:[m[K [01;31m[Kerror: [m[K‘[01m[Kface_center_unit[m[K’ was not declared in this scope
 1395 |                             if (is_inside_unit_cell(cell, [01;31m[Kface_center_unit[m[K, eps))
      |                                                           [01;31m[K^~~~~~~~~~~~~~~~[m[K
[01m[K/home/ein/repository/aspect-pf-rsf-refactor/source/particle/particle_domain.cc:1397:46:[m[K [01;31m[Kerror: [m[K‘[01m[Kfe[m[K’ was not declared in this scope; did you mean ‘[01m[Kf[m[K’?
 1397 |                                 N_fc[f][i] = [01;31m[Kfe[m[K.shape_value(i, face_center_unit);
      |                                              [01;31m[K^~[m[K
      |                                              [32m[Kf[m[K
[01m[K/home/ein/repository/aspect-pf-rsf-refactor/source/particle/particle_domain.cc:1415:75:[m[K [01;31m[Kerror: [m[Kwrong number of template arguments (3, should be 2)
 1415 |                                         const std::pair<double, Tensor<1, [01;31m[K3[m[K>> value_and_gradient
      |                                                                           [01;31m[K^[m[K
[01m[K/opt/gcc/12.4.0/include/c++/12.4.0/bits/stl_pair.h:187:12:[m[K [01;36m[Knote: [m[Kprovided for ‘[01m[Ktemplate<class _T1, class _T2> struct std::pair[m[K’
  187 |     struct [01;36m[Kpair[m[K
      |            [01;36m[K^~~~[m[K
[01m[K/home/ein/repository/aspect-pf-rsf-refactor/source/particle/particle_domain.cc:1415:76:[m[K [01;31m[Kerror: [m[Kexpected unqualified-id before ‘[01m[K>[m[K’ token
 1415 |                                         const std::pair<double, Tensor<1, 3[01;31m[K>>[m[K value_and_gradient
      |                                                                            [01;31m[K^~[m[K
[01m[K/home/ein/repository/aspect-pf-rsf-refactor/source/particle/particle_domain.cc:1418:62:[m[K [01;31m[Kerror: [m[K‘[01m[Kweighting_function_data[m[K’ was not declared in this scope
 1418 |                                         const auto data_it = [01;31m[Kweighting_function_data[m[K.find(vertex_index);
      |                                                              [01;31m[K^~~~~~~~~~~~~~~~~~~~~~~[m[K
[01m[K/home/ein/repository/aspect-pf-rsf-refactor/source/particle/particle_domain.cc:1420:103:[m[K [01;31m[Kerror: [m[K‘[01m[Kvalue_and_gradient[m[K’ was not declared in this scope
 1420 |                                           weighting_function_data.insert(std::make_pair(vertex_index, [01;31m[Kvalue_and_gradient[m[K));
      |                                                                                                       [01;31m[K^~~~~~~~~~~~~~~~~~[m[K
[01m[K/home/ein/repository/aspect-pf-rsf-refactor/source/particle/particle_domain.cc:1423:71:[m[K [01;31m[Kerror: [m[K‘[01m[Kvalue_and_gradient[m[K’ was not declared in this scope
 1423 |                                             data_it->second.first  += [01;31m[Kvalue_and_gradient[m[K.first;
      |                                                                       [01;31m[K^~~~~~~~~~~~~~~~~~[m[K
[01m[K/home/ein/repository/aspect-pf-rsf-refactor/source/particle/particle_domain.cc:1444:71:[m[K [01;31m[Kerror: [m[Kwrong number of template arguments (3, should be 2)
 1444 |                                     const std::pair<double, Tensor<1, [01;31m[K3[m[K>> value_and_gradient
      |                                                                       [01;31m[K^[m[K
[01m[K/opt/gcc/12.4.0/include/c++/12.4.0/bits/stl_pair.h:187:12:[m[K [01;36m[Knote: [m[Kprovided for ‘[01m[Ktemplate<class _T1, class _T2> struct std::pair[m[K’
  187 |     struct [01;36m[Kpair[m[K
      |            [01;36m[K^~~~[m[K
[01m[K/home/ein/repository/aspect-pf-rsf-refactor/source/particle/particle_domain.cc:1444:72:[m[K [01;31m[Kerror: [m[Kexpected unqualified-id before ‘[01m[K>[m[K’ token
 1444 |                                     const std::pair<double, Tensor<1, 3[01;31m[K>>[m[K value_and_gradient
      |                                                                        [01;31m[K^~[m[K
[01m[K/home/ein/repository/aspect-pf-rsf-refactor/source/particle/particle_domain.cc:1447:58:[m[K [01;31m[Kerror: [m[K‘[01m[Kweighting_function_data[m[K’ was not declared in this scope
 1447 |                                     const auto data_it = [01;31m[Kweighting_function_data[m[K.find(vertex_index);
      |                                                          [01;31m[K^~~~~~~~~~~~~~~~~~~~~~~[m[K
[01m[K/home/ein/repository/aspect-pf-rsf-refactor/source/particle/particle_domain.cc:1449:99:[m[K [01;31m[Kerror: [m[K‘[01m[Kvalue_and_gradient[m[K’ was not declared in this scope
 1449 |                                       weighting_function_data.insert(std::make_pair(vertex_index, [01;31m[Kvalue_and_gradient[m[K));
      |                                                                                                   [01;31m[K^~~~~~~~~~~~~~~~~~[m[K
[01m[K/home/ein/repository/aspect-pf-rsf-refactor/source/particle/particle_domain.cc:1452:67:[m[K [01;31m[Kerror: [m[K‘[01m[Kvalue_and_gradient[m[K’ was not declared in this scope
 1452 |                                         data_it->second.first  += [01;31m[Kvalue_and_gradient[m[K.first;
      |                                                                   [01;31m[K^~~~~~~~~~~~~~~~~~[m[K
[01m[K/home/ein/repository/aspect-pf-rsf-refactor/source/particle/particle_domain.cc:1475:63:[m[K [01;31m[Kerror: [m[Kwrong number of template arguments (3, should be 2)
 1475 |                             const std::pair<double, Tensor<1, [01;31m[K3[m[K>> value_and_gradient
      |                                                               [01;31m[K^[m[K
[01m[K/opt/gcc/12.4.0/include/c++/12.4.0/bits/stl_pair.h:187:12:[m[K [01;36m[Knote: [m[Kprovided for ‘[01m[Ktemplate<class _T1, class _T2> struct std::pair[m[K’
  187 |     struct [01;36m[Kpair[m[K
      |            [01;36m[K^~~~[m[K
[01m[K/home/ein/repository/aspect-pf-rsf-refactor/source/particle/particle_domain.cc:1475:64:[m[K [01;31m[Kerror: [m[Kexpected unqualified-id before ‘[01m[K>[m[K’ token
 1475 |                             const std::pair<double, Tensor<1, 3[01;31m[K>>[m[K value_and_gradient
      |                                                                [01;31m[K^~[m[K
[01m[K/home/ein/repository/aspect-pf-rsf-refactor/source/particle/particle_domain.cc:1478:50:[m[K [01;31m[Kerror: [m[K‘[01m[Kweighting_function_data[m[K’ was not declared in this scope
 1478 |                             const auto data_it = [01;31m[Kweighting_function_data[m[K.find(vertex_index);
      |                                                  [01;31m[K^~~~~~~~~~~~~~~~~~~~~~~[m[K
[01m[K/home/ein/repository/aspect-pf-rsf-refactor/source/particle/particle_domain.cc:1480:91:[m[K [01;31m[Kerror: [m[K‘[01m[Kvalue_and_gradient[m[K’ was not declared in this scope
 1480 |                               weighting_function_data.insert(std::make_pair(vertex_index, [01;31m[Kvalue_and_gradient[m[K));
      |                                                                                           [01;31m[K^~~~~~~~~~~~~~~~~~[m[K
[01m[K/home/ein/repository/aspect-pf-rsf-refactor/source/particle/particle_domain.cc:1483:59:[m[K [01;31m[Kerror: [m[K‘[01m[Kvalue_and_gradient[m[K’ was not declared in this scope
 1483 |                                 data_it->second.first  += [01;31m[Kvalue_and_gradient[m[K.first;
      |                                                           [01;31m[K^~~~~~~~~~~~~~~~~~[m[K
[01m[K/home/ein/repository/aspect-pf-rsf-refactor/source/particle/particle_domain.cc:1492:38:[m[K [01;31m[Kerror: [m[K‘[01m[Kweighting_function_data[m[K’ was not declared in this scope
 1492 |             for (auto &vertex_data : [01;31m[Kweighting_function_data[m[K)
      |                                      [01;31m[K^~~~~~~~~~~~~~~~~~~~~~~[m[K
[01m[K/home/ein/repository/aspect-pf-rsf-refactor/source/particle/particle_domain.cc:1498:13:[m[K [01;31m[Kerror: [m[K‘[01m[Kcpdi_data[m[K’ was not declared in this scope
 1498 |             [01;31m[Kcpdi_data[m[K.push_back(voronoi_cell.particle_index, weighting_function_data);
      |             [01;31m[K^~~~~~~~~[m[K
[01m[K/home/ein/repository/aspect-pf-rsf-refactor/source/particle/particle_domain.cc:1498:46:[m[K [01;31m[Kerror: [m[K‘[01m[Kconst struct aspect::Particle::internal::VoronoiCell<3>[m[K’ has no member named ‘[01m[Kparticle_index[m[K’
 1498 |             cpdi_data.push_back(voronoi_cell.[01;31m[Kparticle_index[m[K, weighting_function_data);
      |                                              [01;31m[K^~~~~~~~~~~~~~[m[K
[01m[K/home/ein/repository/aspect-pf-rsf-refactor/source/particle/particle_domain.cc:1498:62:[m[K [01;31m[Kerror: [m[K‘[01m[Kweighting_function_data[m[K’ was not declared in this scope
 1498 |             cpdi_data.push_back(voronoi_cell.particle_index, [01;31m[Kweighting_function_data[m[K);
      |                                                              [01;31m[K^~~~~~~~~~~~~~~~~~~~~~~[m[K
[01m[K/home/ein/repository/aspect-pf-rsf-refactor/source/particle/particle_domain.cc:1261:61:[m[K [01;35m[Kwarning: [m[Kunused parameter ‘[01m[Kactive_cell_iterator[m[K’ [[01;35m[K-Wunused-parameter[m[K]
 1261 |                            [01;35m[Kconst std::set<Triangulation<3>::active_cell_iterator[m[K> &cells,
      |                            [01;35m[K~~~~~~~~~~~~~~~~~~~~~~~~~~~~~~~~~^~~~~~~~~~~~~~~~~~~~[m[K
[01m[K/home/ein/repository/aspect-pf-rsf-refactor/source/particle/particle_domain.cc:[m[K At global scope:
[01m[K/home/ein/repository/aspect-pf-rsf-refactor/source/particle/particle_domain.cc:1511:31:[m[K [01;31m[Kerror: [m[K‘[01m[KPoint[m[K’ was not declared in this scope
 1511 |       std::vector<std::vector<[01;31m[KPoint[m[K<2>>>
      |                               [01;31m[K^~~~~[m[K
[01m[K/home/ein/repository/aspect-pf-rsf-refactor/source/particle/particle_domain.cc:1511:31:[m[K [01;36m[Knote: [m[Ksuggested alternatives:
[01m[K/opt/dealii/9.6-local/include/deal.II/base/tensor.h:55:7:[m[K [01;36m[Knote: [m[K  ‘[01m[Kdealii::Point[m[K’
   55 | class [01;36m[KPoint[m[K;
      |       [01;36m[K^~~~~[m[K
[01m[K/opt/dealii/9.6-local/include/deal.II/bundled/boost/geometry/geometries/concepts/point_concept.hpp:39:7:[m[K [01;36m[Knote: [m[K  ‘[01m[Kboost::geometry::concepts::Point[m[K’
   39 | class [01;36m[KPoint[m[K
      |       [01;36m[K^~~~~[m[K
[01m[K/home/ein/repository/aspect-pf-rsf-refactor/source/particle/particle_domain.cc:1511:37:[m[K [01;31m[Kerror: [m[Ktemplate argument 1 is invalid
 1511 |       std::vector<std::vector<Point<[01;31m[K2[m[K>>>
      |                                     [01;31m[K^[m[K
[01m[K/home/ein/repository/aspect-pf-rsf-refactor/source/particle/particle_domain.cc:1511:37:[m[K [01;31m[Kerror: [m[Ktemplate argument 2 is invalid
[01m[K/home/ein/repository/aspect-pf-rsf-refactor/source/particle/particle_domain.cc:1511:38:[m[K [01;31m[Kerror: [m[Ktemplate argument 1 is invalid
 1511 |       std::vector<std::vector<Point<2[01;31m[K>>[m[K>
      |                                      [01;31m[K^~[m[K
[01m[K/home/ein/repository/aspect-pf-rsf-refactor/source/particle/particle_domain.cc:1511:38:[m[K [01;31m[Kerror: [m[Ktemplate argument 2 is invalid
[01m[K/home/ein/repository/aspect-pf-rsf-refactor/source/particle/particle_domain.cc:1511:40:[m[K [01;31m[Kerror: [m[Kexpected unqualified-id before ‘[01m[K>[m[K’ token
 1511 |       std::vector<std::vector<Point<2>>[01;31m[K>[m[K
      |                                        [01;31m[K^[m[K
[01m[K/home/ein/repository/aspect-pf-rsf-refactor/source/particle/particle_domain.cc:[m[K In constructor ‘[01m[Kaspect::Particle::ParticleDomainHandler<dim>::ParticleDomainHandler()[m[K’:
[01m[K/home/ein/repository/aspect-pf-rsf-refactor/source/particle/particle_domain.cc:1557:9:[m[K [01;31m[Kerror: [m[Kclass ‘[01m[Kaspect::Particle::ParticleDomainHandler<dim>[m[K’ does not have any field named ‘[01m[Kparticle_handler[m[K’
 1557 |       : [01;31m[Kparticle_handler[m[K()
      |         [01;31m[K^~~~~~~~~~~~~~~~[m[K
[01m[K/home/ein/repository/aspect-pf-rsf-refactor/source/particle/particle_domain.cc:1558:9:[m[K [01;31m[Kerror: [m[Kclass ‘[01m[Kaspect::Particle::ParticleDomainHandler<dim>[m[K’ does not have any field named ‘[01m[Ktriangulation[m[K’
 1558 |       , [01;31m[Ktriangulation[m[K()
      |         [01;31m[K^~~~~~~~~~~~~[m[K
[01m[K/home/ein/repository/aspect-pf-rsf-refactor/source/particle/particle_domain.cc:1559:9:[m[K [01;31m[Kerror: [m[Kclass ‘[01m[Kaspect::Particle::ParticleDomainHandler<dim>[m[K’ does not have any field named ‘[01m[Kmapping[m[K’
 1559 |       , [01;31m[Kmapping[m[K()
      |         [01;31m[K^~~~~~~[m[K
[01m[K/home/ein/repository/aspect-pf-rsf-refactor/source/particle/particle_domain.cc:[m[K At global scope:
[01m[K/home/ein/repository/aspect-pf-rsf-refactor/source/particle/particle_domain.cc:1568:33:[m[K [01;31m[Kerror: [m[K‘[01m[KParticles[m[K’ does not name a type
 1568 |     ParticleDomainHandler(const [01;31m[KParticles[m[K::ParticleHandler<dim> &particle_handler,
      |                                 [01;31m[K^~~~~~~~~[m[K
[01m[K/home/ein/repository/aspect-pf-rsf-refactor/source/particle/particle_domain.cc:1568:59:[m[K [01;31m[Kerror: [m[Kexpected unqualified-id before ‘[01m[K<[m[K’ token
 1568 |     ParticleDomainHandler(const Particles::ParticleHandler[01;31m[K<[m[Kdim> &particle_handler,
      |                                                           [01;31m[K^[m[K
[01m[K/home/ein/repository/aspect-pf-rsf-refactor/source/particle/particle_domain.cc:1568:59:[m[K [01;31m[Kerror: [m[Kexpected ‘[01m[K)[m[K’ before ‘[01m[K<[m[K’ token
 1568 |     ParticleDomainHandler[34m[K([m[Kconst Particles::ParticleHandler[01;31m[K<[m[Kdim> &particle_handler,
      |                          [34m[K~[m[K                                [01;31m[K^[m[K
      |                                                           [32m[K)[m[K
[01m[K/home/ein/repository/aspect-pf-rsf-refactor/source/particle/particle_domain.cc:1568:59:[m[K [01;31m[Kerror: [m[Kexpected initializer before ‘[01m[K<[m[K’ token
[01m[K/home/ein/repository/aspect-pf-rsf-refactor/source/particle/particle_domain.cc:1850:23:[m[K [01;31m[Kerror: [m[Kexpected constructor, destructor, or type conversion before ‘[01m[K([m[K’ token
 1850 |     ASPECT_INSTANTIATE[01;31m[K([m[KINSTANTIATE)
      |                       [01;31m[K^[m[K
