-- Install configuration: "Release"
-- Up-to-date: /home/ein/repository/aspect-pf-rsf-refactor/benchmarks/reconstructed_fault/post_r6_cleanup/install/include
-- Up-to-date: /home/ein/repository/aspect-pf-rsf-refactor/benchmarks/reconstructed_fault/post_r6_cleanup/install/include/aspect
-- Up-to-date: /home/ein/repository/aspect-pf-rsf-refactor/benchmarks/reconstructed_fault/post_r6_cleanup/install/include/aspect/global.h
-- Up-to-date: /home/ein/repository/aspect-pf-rsf-refactor/benchmarks/reconstructed_fault/post_r6_cleanup/install/include/aspect/fe_variable_collection.h
-- Up-to-date: /home/ein/repository/aspect-pf-rsf-refactor/benchmarks/reconstructed_fault/post_r6_cleanup/install/include/aspect/material_model
-- Up-to-date: /home/ein/repository/aspect-pf-rsf-refactor/benchmarks/reconstructed_fault/post_r6_cleanup/install/include/aspect/material_model/replace_lithosphere_viscosity.h
-- Up-to-date: /home/ein/repository/aspect-pf-rsf-refactor/benchmarks/reconstructed_fault/post_r6_cleanup/install/include/aspect/material_model/reaction_model
-- Up-to-date: /home/ein/repository/aspect-pf-rsf-refactor/benchmarks/reconstructed_fault/post_r6_cleanup/install/include/aspect/material_model/reaction_model/katz2003_mantle_melting.h
-- Up-to-date: /home/ein/repository/aspect-pf-rsf-refactor/benchmarks/reconstructed_fault/post_r6_cleanup/install/include/aspect/material_model/reaction_model/grain_size_evolution.h
-- Up-to-date: /home/ein/repository/aspect-pf-rsf-refactor/benchmarks/reconstructed_fault/post_r6_cleanup/install/include/aspect/material_model/reaction_model/crust_and_lithosphere_formation.h
-- Up-to-date: /home/ein/repository/aspect-pf-rsf-refactor/benchmarks/reconstructed_fault/post_r6_cleanup/install/include/aspect/material_model/reaction_model/tian2019_solubility.h
-- Up-to-date: /home/ein/repository/aspect-pf-rsf-refactor/benchmarks/reconstructed_fault/post_r6_cleanup/install/include/aspect/material_model/averaging.h
-- Up-to-date: /home/ein/repository/aspect-pf-rsf-refactor/benchmarks/reconstructed_fault/post_r6_cleanup/install/include/aspect/material_model/simple.h
-- Up-to-date: /home/ein/repository/aspect-pf-rsf-refactor/benchmarks/reconstructed_fault/post_r6_cleanup/install/include/aspect/material_model/latent_heat.h
-- Up-to-date: /home/ein/repository/aspect-pf-rsf-refactor/benchmarks/reconstructed_fault/post_r6_cleanup/install/include/aspect/material_model/interface.h
-- Up-to-date: /home/ein/repository/aspect-pf-rsf-refactor/benchmarks/reconstructed_fault/post_r6_cleanup/install/include/aspect/material_model/equation_of_state
-- Up-to-date: /home/ein/repository/aspect-pf-rsf-refactor/benchmarks/reconstructed_fault/post_r6_cleanup/install/include/aspect/material_model/equation_of_state/interface.h
-- Up-to-date: /home/ein/repository/aspect-pf-rsf-refactor/benchmarks/reconstructed_fault/post_r6_cleanup/install/include/aspect/material_model/equation_of_state/multicomponent_incompressible.h
-- Up-to-date: /home/ein/repository/aspect-pf-rsf-refactor/benchmarks/reconstructed_fault/post_r6_cleanup/install/include/aspect/material_model/equation_of_state/thermodynamic_table_lookup.h
-- Up-to-date: /home/ein/repository/aspect-pf-rsf-refactor/benchmarks/reconstructed_fault/post_r6_cleanup/install/include/aspect/material_model/equation_of_state/multicomponent_compressible.h
-- Up-to-date: /home/ein/repository/aspect-pf-rsf-refactor/benchmarks/reconstructed_fault/post_r6_cleanup/install/include/aspect/material_model/equation_of_state/linearized_incompressible.h
-- Up-to-date: /home/ein/repository/aspect-pf-rsf-refactor/benchmarks/reconstructed_fault/post_r6_cleanup/install/include/aspect/material_model/melt_simple.h
-- Up-to-date: /home/ein/repository/aspect-pf-rsf-refactor/benchmarks/reconstructed_fault/post_r6_cleanup/install/include/aspect/material_model/diffusion_dislocation.h
-- Up-to-date: /home/ein/repository/aspect-pf-rsf-refactor/benchmarks/reconstructed_fault/post_r6_cleanup/install/include/aspect/material_model/simple_compressible.h
-- Up-to-date: /home/ein/repository/aspect-pf-rsf-refactor/benchmarks/reconstructed_fault/post_r6_cleanup/install/include/aspect/material_model/phase_field_fault
-- Up-to-date: /home/ein/repository/aspect-pf-rsf-refactor/benchmarks/reconstructed_fault/post_r6_cleanup/install/include/aspect/material_model/phase_field_fault/history_diagnostics.h
-- Up-to-date: /home/ein/repository/aspect-pf-rsf-refactor/benchmarks/reconstructed_fault/post_r6_cleanup/install/include/aspect/material_model/melt_global.h
-- Up-to-date: /home/ein/repository/aspect-pf-rsf-refactor/benchmarks/reconstructed_fault/post_r6_cleanup/install/include/aspect/material_model/drucker_prager.h
-- Up-to-date: /home/ein/repository/aspect-pf-rsf-refactor/benchmarks/reconstructed_fault/post_r6_cleanup/install/include/aspect/material_model/ascii_reference_profile.h
-- Up-to-date: /home/ein/repository/aspect-pf-rsf-refactor/benchmarks/reconstructed_fault/post_r6_cleanup/install/include/aspect/material_model/rheology
-- Up-to-date: /home/ein/repository/aspect-pf-rsf-refactor/benchmarks/reconstructed_fault/post_r6_cleanup/install/include/aspect/material_model/rheology/constant_viscosity_prefactors.h
-- Up-to-date: /home/ein/repository/aspect-pf-rsf-refactor/benchmarks/reconstructed_fault/post_r6_cleanup/install/include/aspect/material_model/rheology/drucker_prager_power.h
-- Up-to-date: /home/ein/repository/aspect-pf-rsf-refactor/benchmarks/reconstructed_fault/post_r6_cleanup/install/include/aspect/material_model/rheology/constant_viscosity.h
-- Up-to-date: /home/ein/repository/aspect-pf-rsf-refactor/benchmarks/reconstructed_fault/post_r6_cleanup/install/include/aspect/material_model/rheology/composite_visco_plastic.h
-- Up-to-date: /home/ein/repository/aspect-pf-rsf-refactor/benchmarks/reconstructed_fault/post_r6_cleanup/install/include/aspect/material_model/rheology/friction_models.h
-- Up-to-date: /home/ein/repository/aspect-pf-rsf-refactor/benchmarks/reconstructed_fault/post_r6_cleanup/install/include/aspect/material_model/rheology/elasticity.h
-- Up-to-date: /home/ein/repository/aspect-pf-rsf-refactor/benchmarks/reconstructed_fault/post_r6_cleanup/install/include/aspect/material_model/rheology/diffusion_dislocation.h
-- Up-to-date: /home/ein/repository/aspect-pf-rsf-refactor/benchmarks/reconstructed_fault/post_r6_cleanup/install/include/aspect/material_model/rheology/compositional_viscosity_prefactors.h
-- Up-to-date: /home/ein/repository/aspect-pf-rsf-refactor/benchmarks/reconstructed_fault/post_r6_cleanup/install/include/aspect/material_model/rheology/grain_boundary_sliding.h
-- Up-to-date: /home/ein/repository/aspect-pf-rsf-refactor/benchmarks/reconstructed_fault/post_r6_cleanup/install/include/aspect/material_model/rheology/frank_kamenetskii.h
-- Up-to-date: /home/ein/repository/aspect-pf-rsf-refactor/benchmarks/reconstructed_fault/post_r6_cleanup/install/include/aspect/material_model/rheology/peierls_creep.h
-- Up-to-date: /home/ein/repository/aspect-pf-rsf-refactor/benchmarks/reconstructed_fault/post_r6_cleanup/install/include/aspect/material_model/rheology/drucker_prager.h
-- Up-to-date: /home/ein/repository/aspect-pf-rsf-refactor/benchmarks/reconstructed_fault/post_r6_cleanup/install/include/aspect/material_model/rheology/ascii_depth_profile.h
-- Up-to-date: /home/ein/repository/aspect-pf-rsf-refactor/benchmarks/reconstructed_fault/post_r6_cleanup/install/include/aspect/material_model/rheology/dislocation_creep.h
-- Up-to-date: /home/ein/repository/aspect-pf-rsf-refactor/benchmarks/reconstructed_fault/post_r6_cleanup/install/include/aspect/material_model/rheology/diffusion_creep.h
-- Up-to-date: /home/ein/repository/aspect-pf-rsf-refactor/benchmarks/reconstructed_fault/post_r6_cleanup/install/include/aspect/material_model/rheology/visco_plastic.h
-- Up-to-date: /home/ein/repository/aspect-pf-rsf-refactor/benchmarks/reconstructed_fault/post_r6_cleanup/install/include/aspect/material_model/rheology/strain_dependent.h
-- Up-to-date: /home/ein/repository/aspect-pf-rsf-refactor/benchmarks/reconstructed_fault/post_r6_cleanup/install/include/aspect/material_model/rheology/fault_friction.h
-- Up-to-date: /home/ein/repository/aspect-pf-rsf-refactor/benchmarks/reconstructed_fault/post_r6_cleanup/install/include/aspect/material_model/composition_reaction.h
-- Up-to-date: /home/ein/repository/aspect-pf-rsf-refactor/benchmarks/reconstructed_fault/post_r6_cleanup/install/include/aspect/material_model/visco_plastic.h
-- Up-to-date: /home/ein/repository/aspect-pf-rsf-refactor/benchmarks/reconstructed_fault/post_r6_cleanup/install/include/aspect/material_model/entropy_model.h
-- Up-to-date: /home/ein/repository/aspect-pf-rsf-refactor/benchmarks/reconstructed_fault/post_r6_cleanup/install/include/aspect/material_model/simpler.h
-- Up-to-date: /home/ein/repository/aspect-pf-rsf-refactor/benchmarks/reconstructed_fault/post_r6_cleanup/install/include/aspect/material_model/viscoelastic.h
-- Up-to-date: /home/ein/repository/aspect-pf-rsf-refactor/benchmarks/reconstructed_fault/post_r6_cleanup/install/include/aspect/material_model/perplex_lookup.h
-- Up-to-date: /home/ein/repository/aspect-pf-rsf-refactor/benchmarks/reconstructed_fault/post_r6_cleanup/install/include/aspect/material_model/depth_dependent.h
-- Up-to-date: /home/ein/repository/aspect-pf-rsf-refactor/benchmarks/reconstructed_fault/post_r6_cleanup/install/include/aspect/material_model/utilities.h
-- Up-to-date: /home/ein/repository/aspect-pf-rsf-refactor/benchmarks/reconstructed_fault/post_r6_cleanup/install/include/aspect/material_model/reactive_fluid_transport.h
-- Up-to-date: /home/ein/repository/aspect-pf-rsf-refactor/benchmarks/reconstructed_fault/post_r6_cleanup/install/include/aspect/material_model/nondimensional.h
-- Up-to-date: /home/ein/repository/aspect-pf-rsf-refactor/benchmarks/reconstructed_fault/post_r6_cleanup/install/include/aspect/material_model/modified_tait.h
-- Up-to-date: /home/ein/repository/aspect-pf-rsf-refactor/benchmarks/reconstructed_fault/post_r6_cleanup/install/include/aspect/material_model/phase_field_fault.h
-- Up-to-date: /home/ein/repository/aspect-pf-rsf-refactor/benchmarks/reconstructed_fault/post_r6_cleanup/install/include/aspect/material_model/melt_boukare.h
-- Up-to-date: /home/ein/repository/aspect-pf-rsf-refactor/benchmarks/reconstructed_fault/post_r6_cleanup/install/include/aspect/material_model/steinberger.h
-- Up-to-date: /home/ein/repository/aspect-pf-rsf-refactor/benchmarks/reconstructed_fault/post_r6_cleanup/install/include/aspect/material_model/grain_size.h
-- Up-to-date: /home/ein/repository/aspect-pf-rsf-refactor/benchmarks/reconstructed_fault/post_r6_cleanup/install/include/aspect/material_model/prescribed_viscosity.h
-- Up-to-date: /home/ein/repository/aspect-pf-rsf-refactor/benchmarks/reconstructed_fault/post_r6_cleanup/install/include/aspect/material_model/compositing.h
-- Up-to-date: /home/ein/repository/aspect-pf-rsf-refactor/benchmarks/reconstructed_fault/post_r6_cleanup/install/include/aspect/material_model/additional_outputs
-- Up-to-date: /home/ein/repository/aspect-pf-rsf-refactor/benchmarks/reconstructed_fault/post_r6_cleanup/install/include/aspect/material_model/additional_outputs/anisotropic_viscosity.h
-- Up-to-date: /home/ein/repository/aspect-pf-rsf-refactor/benchmarks/reconstructed_fault/post_r6_cleanup/install/include/aspect/material_model/multicomponent_compressible.h
-- Up-to-date: /home/ein/repository/aspect-pf-rsf-refactor/benchmarks/reconstructed_fault/post_r6_cleanup/install/include/aspect/material_model/thermal_conductivity
-- Up-to-date: /home/ein/repository/aspect-pf-rsf-refactor/benchmarks/reconstructed_fault/post_r6_cleanup/install/include/aspect/material_model/thermal_conductivity/interface.h
-- Up-to-date: /home/ein/repository/aspect-pf-rsf-refactor/benchmarks/reconstructed_fault/post_r6_cleanup/install/include/aspect/material_model/thermal_conductivity/constant.h
-- Up-to-date: /home/ein/repository/aspect-pf-rsf-refactor/benchmarks/reconstructed_fault/post_r6_cleanup/install/include/aspect/material_model/thermal_conductivity/tosi_stackhouse.h
-- Up-to-date: /home/ein/repository/aspect-pf-rsf-refactor/benchmarks/reconstructed_fault/post_r6_cleanup/install/include/aspect/material_model/latent_heat_melt.h
-- Up-to-date: /home/ein/repository/aspect-pf-rsf-refactor/benchmarks/reconstructed_fault/post_r6_cleanup/install/include/aspect/material_model/multicomponent.h
-- Up-to-date: /home/ein/repository/aspect-pf-rsf-refactor/benchmarks/reconstructed_fault/post_r6_cleanup/install/include/aspect/phase_field.h
-- Up-to-date: /home/ein/repository/aspect-pf-rsf-refactor/benchmarks/reconstructed_fault/post_r6_cleanup/install/include/aspect/geometry_model
-- Up-to-date: /home/ein/repository/aspect-pf-rsf-refactor/benchmarks/reconstructed_fault/post_r6_cleanup/install/include/aspect/geometry_model/interface.h
-- Up-to-date: /home/ein/repository/aspect-pf-rsf-refactor/benchmarks/reconstructed_fault/post_r6_cleanup/install/include/aspect/geometry_model/sphere.h
-- Up-to-date: /home/ein/repository/aspect-pf-rsf-refactor/benchmarks/reconstructed_fault/post_r6_cleanup/install/include/aspect/geometry_model/spherical_shell.h
-- Up-to-date: /home/ein/repository/aspect-pf-rsf-refactor/benchmarks/reconstructed_fault/post_r6_cleanup/install/include/aspect/geometry_model/two_merged_chunks.h
-- Up-to-date: /home/ein/repository/aspect-pf-rsf-refactor/benchmarks/reconstructed_fault/post_r6_cleanup/install/include/aspect/geometry_model/initial_topography_model
-- Up-to-date: /home/ein/repository/aspect-pf-rsf-refactor/benchmarks/reconstructed_fault/post_r6_cleanup/install/include/aspect/geometry_model/initial_topography_model/interface.h
-- Up-to-date: /home/ein/repository/aspect-pf-rsf-refactor/benchmarks/reconstructed_fault/post_r6_cleanup/install/include/aspect/geometry_model/initial_topography_model/zero_topography.h
-- Up-to-date: /home/ein/repository/aspect-pf-rsf-refactor/benchmarks/reconstructed_fault/post_r6_cleanup/install/include/aspect/geometry_model/initial_topography_model/function.h
-- Up-to-date: /home/ein/repository/aspect-pf-rsf-refactor/benchmarks/reconstructed_fault/post_r6_cleanup/install/include/aspect/geometry_model/initial_topography_model/prm_polygon.h
-- Up-to-date: /home/ein/repository/aspect-pf-rsf-refactor/benchmarks/reconstructed_fault/post_r6_cleanup/install/include/aspect/geometry_model/initial_topography_model/ascii_data.h
-- Up-to-date: /home/ein/repository/aspect-pf-rsf-refactor/benchmarks/reconstructed_fault/post_r6_cleanup/install/include/aspect/geometry_model/chunk.h
-- Up-to-date: /home/ein/repository/aspect-pf-rsf-refactor/benchmarks/reconstructed_fault/post_r6_cleanup/install/include/aspect/geometry_model/two_merged_boxes.h
-- Up-to-date: /home/ein/repository/aspect-pf-rsf-refactor/benchmarks/reconstructed_fault/post_r6_cleanup/install/include/aspect/geometry_model/box.h
-- Up-to-date: /home/ein/repository/aspect-pf-rsf-refactor/benchmarks/reconstructed_fault/post_r6_cleanup/install/include/aspect/geometry_model/ellipsoidal_chunk.h
-- Up-to-date: /home/ein/repository/aspect-pf-rsf-refactor/benchmarks/reconstructed_fault/post_r6_cleanup/install/include/aspect/boundary_velocity
-- Up-to-date: /home/ein/repository/aspect-pf-rsf-refactor/benchmarks/reconstructed_fault/post_r6_cleanup/install/include/aspect/boundary_velocity/interface.h
-- Up-to-date: /home/ein/repository/aspect-pf-rsf-refactor/benchmarks/reconstructed_fault/post_r6_cleanup/install/include/aspect/boundary_velocity/gplates.h
-- Up-to-date: /home/ein/repository/aspect-pf-rsf-refactor/benchmarks/reconstructed_fault/post_r6_cleanup/install/include/aspect/boundary_velocity/function.h
-- Up-to-date: /home/ein/repository/aspect-pf-rsf-refactor/benchmarks/reconstructed_fault/post_r6_cleanup/install/include/aspect/boundary_velocity/ascii_data.h
-- Up-to-date: /home/ein/repository/aspect-pf-rsf-refactor/benchmarks/reconstructed_fault/post_r6_cleanup/install/include/aspect/boundary_velocity/zero_velocity.h
-- Up-to-date: /home/ein/repository/aspect-pf-rsf-refactor/benchmarks/reconstructed_fault/post_r6_cleanup/install/include/aspect/boundary_traction
-- Up-to-date: /home/ein/repository/aspect-pf-rsf-refactor/benchmarks/reconstructed_fault/post_r6_cleanup/install/include/aspect/boundary_traction/interface.h
-- Up-to-date: /home/ein/repository/aspect-pf-rsf-refactor/benchmarks/reconstructed_fault/post_r6_cleanup/install/include/aspect/boundary_traction/initial_lithostatic_pressure.h
-- Up-to-date: /home/ein/repository/aspect-pf-rsf-refactor/benchmarks/reconstructed_fault/post_r6_cleanup/install/include/aspect/boundary_traction/zero_traction.h
-- Up-to-date: /home/ein/repository/aspect-pf-rsf-refactor/benchmarks/reconstructed_fault/post_r6_cleanup/install/include/aspect/boundary_traction/function.h
-- Up-to-date: /home/ein/repository/aspect-pf-rsf-refactor/benchmarks/reconstructed_fault/post_r6_cleanup/install/include/aspect/boundary_traction/ascii_data.h
-- Up-to-date: /home/ein/repository/aspect-pf-rsf-refactor/benchmarks/reconstructed_fault/post_r6_cleanup/install/include/aspect/melt.h
-- Up-to-date: /home/ein/repository/aspect-pf-rsf-refactor/benchmarks/reconstructed_fault/post_r6_cleanup/install/include/aspect/mesh_refinement
-- Up-to-date: /home/ein/repository/aspect-pf-rsf-refactor/benchmarks/reconstructed_fault/post_r6_cleanup/install/include/aspect/mesh_refinement/temperature.h
-- Up-to-date: /home/ein/repository/aspect-pf-rsf-refactor/benchmarks/reconstructed_fault/post_r6_cleanup/install/include/aspect/mesh_refinement/maximum_refinement_function.h
-- Up-to-date: /home/ein/repository/aspect-pf-rsf-refactor/benchmarks/reconstructed_fault/post_r6_cleanup/install/include/aspect/mesh_refinement/volume_of_fluid_interface.h
-- Up-to-date: /home/ein/repository/aspect-pf-rsf-refactor/benchmarks/reconstructed_fault/post_r6_cleanup/install/include/aspect/mesh_refinement/density.h
-- Up-to-date: /home/ein/repository/aspect-pf-rsf-refactor/benchmarks/reconstructed_fault/post_r6_cleanup/install/include/aspect/mesh_refinement/phase_field.h
-- Up-to-date: /home/ein/repository/aspect-pf-rsf-refactor/benchmarks/reconstructed_fault/post_r6_cleanup/install/include/aspect/mesh_refinement/interface.h
-- Up-to-date: /home/ein/repository/aspect-pf-rsf-refactor/benchmarks/reconstructed_fault/post_r6_cleanup/install/include/aspect/mesh_refinement/minimum_refinement_function.h
-- Up-to-date: /home/ein/repository/aspect-pf-rsf-refactor/benchmarks/reconstructed_fault/post_r6_cleanup/install/include/aspect/mesh_refinement/strain_rate.h
-- Up-to-date: /home/ein/repository/aspect-pf-rsf-refactor/benchmarks/reconstructed_fault/post_r6_cleanup/install/include/aspect/mesh_refinement/artificial_viscosity.h
-- Up-to-date: /home/ein/repository/aspect-pf-rsf-refactor/benchmarks/reconstructed_fault/post_r6_cleanup/install/include/aspect/mesh_refinement/slope.h
-- Up-to-date: /home/ein/repository/aspect-pf-rsf-refactor/benchmarks/reconstructed_fault/post_r6_cleanup/install/include/aspect/mesh_refinement/boundary.h
-- Up-to-date: /home/ein/repository/aspect-pf-rsf-refactor/benchmarks/reconstructed_fault/post_r6_cleanup/install/include/aspect/mesh_refinement/isosurfaces.h
-- Up-to-date: /home/ein/repository/aspect-pf-rsf-refactor/benchmarks/reconstructed_fault/post_r6_cleanup/install/include/aspect/mesh_refinement/topography.h
-- Up-to-date: /home/ein/repository/aspect-pf-rsf-refactor/benchmarks/reconstructed_fault/post_r6_cleanup/install/include/aspect/mesh_refinement/compaction_length.h
-- Up-to-date: /home/ein/repository/aspect-pf-rsf-refactor/benchmarks/reconstructed_fault/post_r6_cleanup/install/include/aspect/mesh_refinement/thermal_energy_density.h
-- Up-to-date: /home/ein/repository/aspect-pf-rsf-refactor/benchmarks/reconstructed_fault/post_r6_cleanup/install/include/aspect/mesh_refinement/composition.h
-- Up-to-date: /home/ein/repository/aspect-pf-rsf-refactor/benchmarks/reconstructed_fault/post_r6_cleanup/install/include/aspect/mesh_refinement/nonadiabatic_temperature_threshold.h
-- Up-to-date: /home/ein/repository/aspect-pf-rsf-refactor/benchmarks/reconstructed_fault/post_r6_cleanup/install/include/aspect/mesh_refinement/composition_gradient.h
-- Up-to-date: /home/ein/repository/aspect-pf-rsf-refactor/benchmarks/reconstructed_fault/post_r6_cleanup/install/include/aspect/mesh_refinement/composition_approximate_gradient.h
-- Up-to-date: /home/ein/repository/aspect-pf-rsf-refactor/benchmarks/reconstructed_fault/post_r6_cleanup/install/include/aspect/mesh_refinement/viscosity.h
-- Up-to-date: /home/ein/repository/aspect-pf-rsf-refactor/benchmarks/reconstructed_fault/post_r6_cleanup/install/include/aspect/mesh_refinement/particle_density.h
-- Up-to-date: /home/ein/repository/aspect-pf-rsf-refactor/benchmarks/reconstructed_fault/post_r6_cleanup/install/include/aspect/mesh_refinement/velocity.h
-- Up-to-date: /home/ein/repository/aspect-pf-rsf-refactor/benchmarks/reconstructed_fault/post_r6_cleanup/install/include/aspect/mesh_refinement/composition_threshold.h
-- Up-to-date: /home/ein/repository/aspect-pf-rsf-refactor/benchmarks/reconstructed_fault/post_r6_cleanup/install/include/aspect/mesh_refinement/nonadiabatic_temperature.h
-- Up-to-date: /home/ein/repository/aspect-pf-rsf-refactor/benchmarks/reconstructed_fault/post_r6_cleanup/install/include/aspect/initial_composition
-- Up-to-date: /home/ein/repository/aspect-pf-rsf-refactor/benchmarks/reconstructed_fault/post_r6_cleanup/install/include/aspect/initial_composition/world_builder.h
-- Up-to-date: /home/ein/repository/aspect-pf-rsf-refactor/benchmarks/reconstructed_fault/post_r6_cleanup/install/include/aspect/initial_composition/interface.h
-- Up-to-date: /home/ein/repository/aspect-pf-rsf-refactor/benchmarks/reconstructed_fault/post_r6_cleanup/install/include/aspect/initial_composition/slab_model.h
-- Up-to-date: /home/ein/repository/aspect-pf-rsf-refactor/benchmarks/reconstructed_fault/post_r6_cleanup/install/include/aspect/initial_composition/function.h
-- Up-to-date: /home/ein/repository/aspect-pf-rsf-refactor/benchmarks/reconstructed_fault/post_r6_cleanup/install/include/aspect/initial_composition/ascii_data.h
-- Up-to-date: /home/ein/repository/aspect-pf-rsf-refactor/benchmarks/reconstructed_fault/post_r6_cleanup/install/include/aspect/initial_composition/porosity.h
-- Up-to-date: /home/ein/repository/aspect-pf-rsf-refactor/benchmarks/reconstructed_fault/post_r6_cleanup/install/include/aspect/initial_composition/adiabatic_density.h
-- Up-to-date: /home/ein/repository/aspect-pf-rsf-refactor/benchmarks/reconstructed_fault/post_r6_cleanup/install/include/aspect/initial_composition/ascii_data_layered.h
-- Up-to-date: /home/ein/repository/aspect-pf-rsf-refactor/benchmarks/reconstructed_fault/post_r6_cleanup/install/include/aspect/initial_composition/entropy_table_lookup.h
-- Up-to-date: /home/ein/repository/aspect-pf-rsf-refactor/benchmarks/reconstructed_fault/post_r6_cleanup/install/include/aspect/simulator.h
-- Up-to-date: /home/ein/repository/aspect-pf-rsf-refactor/benchmarks/reconstructed_fault/post_r6_cleanup/install/include/aspect/python_helper.h
-- Up-to-date: /home/ein/repository/aspect-pf-rsf-refactor/benchmarks/reconstructed_fault/post_r6_cleanup/install/include/aspect/initial_temperature
-- Up-to-date: /home/ein/repository/aspect-pf-rsf-refactor/benchmarks/reconstructed_fault/post_r6_cleanup/install/include/aspect/initial_temperature/world_builder.h
-- Up-to-date: /home/ein/repository/aspect-pf-rsf-refactor/benchmarks/reconstructed_fault/post_r6_cleanup/install/include/aspect/initial_temperature/prescribed_temperature.h
-- Up-to-date: /home/ein/repository/aspect-pf-rsf-refactor/benchmarks/reconstructed_fault/post_r6_cleanup/install/include/aspect/initial_temperature/random_gaussian_perturbation.h
-- Up-to-date: /home/ein/repository/aspect-pf-rsf-refactor/benchmarks/reconstructed_fault/post_r6_cleanup/install/include/aspect/initial_temperature/harmonic_perturbation.h
-- Up-to-date: /home/ein/repository/aspect-pf-rsf-refactor/benchmarks/reconstructed_fault/post_r6_cleanup/install/include/aspect/initial_temperature/continental_geotherm.h
-- Up-to-date: /home/ein/repository/aspect-pf-rsf-refactor/benchmarks/reconstructed_fault/post_r6_cleanup/install/include/aspect/initial_temperature/interface.h
-- Up-to-date: /home/ein/repository/aspect-pf-rsf-refactor/benchmarks/reconstructed_fault/post_r6_cleanup/install/include/aspect/initial_temperature/adiabatic_boundary.h
-- Up-to-date: /home/ein/repository/aspect-pf-rsf-refactor/benchmarks/reconstructed_fault/post_r6_cleanup/install/include/aspect/initial_temperature/spherical_shell.h
-- Up-to-date: /home/ein/repository/aspect-pf-rsf-refactor/benchmarks/reconstructed_fault/post_r6_cleanup/install/include/aspect/initial_temperature/patch_on_S40RTS.h
-- Up-to-date: /home/ein/repository/aspect-pf-rsf-refactor/benchmarks/reconstructed_fault/post_r6_cleanup/install/include/aspect/initial_temperature/lithosphere_mask.h
-- Up-to-date: /home/ein/repository/aspect-pf-rsf-refactor/benchmarks/reconstructed_fault/post_r6_cleanup/install/include/aspect/initial_temperature/function.h
-- Up-to-date: /home/ein/repository/aspect-pf-rsf-refactor/benchmarks/reconstructed_fault/post_r6_cleanup/install/include/aspect/initial_temperature/SAVANI_perturbation.h
-- Up-to-date: /home/ein/repository/aspect-pf-rsf-refactor/benchmarks/reconstructed_fault/post_r6_cleanup/install/include/aspect/initial_temperature/S40RTS_perturbation.h
-- Up-to-date: /home/ein/repository/aspect-pf-rsf-refactor/benchmarks/reconstructed_fault/post_r6_cleanup/install/include/aspect/initial_temperature/ascii_profile.h
-- Up-to-date: /home/ein/repository/aspect-pf-rsf-refactor/benchmarks/reconstructed_fault/post_r6_cleanup/install/include/aspect/initial_temperature/box.h
-- Up-to-date: /home/ein/repository/aspect-pf-rsf-refactor/benchmarks/reconstructed_fault/post_r6_cleanup/install/include/aspect/initial_temperature/ascii_data.h
-- Up-to-date: /home/ein/repository/aspect-pf-rsf-refactor/benchmarks/reconstructed_fault/post_r6_cleanup/install/include/aspect/initial_temperature/adiabatic.h
-- Up-to-date: /home/ein/repository/aspect-pf-rsf-refactor/benchmarks/reconstructed_fault/post_r6_cleanup/install/include/aspect/initial_temperature/ascii_data_layered.h
-- Up-to-date: /home/ein/repository/aspect-pf-rsf-refactor/benchmarks/reconstructed_fault/post_r6_cleanup/install/include/aspect/newton.h
-- Up-to-date: /home/ein/repository/aspect-pf-rsf-refactor/benchmarks/reconstructed_fault/post_r6_cleanup/install/include/aspect/prescribed_stokes_solution
-- Up-to-date: /home/ein/repository/aspect-pf-rsf-refactor/benchmarks/reconstructed_fault/post_r6_cleanup/install/include/aspect/prescribed_stokes_solution/interface.h
-- Up-to-date: /home/ein/repository/aspect-pf-rsf-refactor/benchmarks/reconstructed_fault/post_r6_cleanup/install/include/aspect/prescribed_stokes_solution/function.h
-- Up-to-date: /home/ein/repository/aspect-pf-rsf-refactor/benchmarks/reconstructed_fault/post_r6_cleanup/install/include/aspect/prescribed_stokes_solution/ascii_data.h
-- Up-to-date: /home/ein/repository/aspect-pf-rsf-refactor/benchmarks/reconstructed_fault/post_r6_cleanup/install/include/aspect/prescribed_stokes_solution/circle.h
-- Up-to-date: /home/ein/repository/aspect-pf-rsf-refactor/benchmarks/reconstructed_fault/post_r6_cleanup/install/include/aspect/particle
-- Up-to-date: /home/ein/repository/aspect-pf-rsf-refactor/benchmarks/reconstructed_fault/post_r6_cleanup/install/include/aspect/particle/generator
-- Up-to-date: /home/ein/repository/aspect-pf-rsf-refactor/benchmarks/reconstructed_fault/post_r6_cleanup/install/include/aspect/particle/generator/quadrature_points.h
-- Up-to-date: /home/ein/repository/aspect-pf-rsf-refactor/benchmarks/reconstructed_fault/post_r6_cleanup/install/include/aspect/particle/generator/uniform_box.h
-- Up-to-date: /home/ein/repository/aspect-pf-rsf-refactor/benchmarks/reconstructed_fault/post_r6_cleanup/install/include/aspect/particle/generator/interface.h
-- Up-to-date: /home/ein/repository/aspect-pf-rsf-refactor/benchmarks/reconstructed_fault/post_r6_cleanup/install/include/aspect/particle/generator/random_uniform.h
-- Up-to-date: /home/ein/repository/aspect-pf-rsf-refactor/benchmarks/reconstructed_fault/post_r6_cleanup/install/include/aspect/particle/generator/reference_cell.h
-- Up-to-date: /home/ein/repository/aspect-pf-rsf-refactor/benchmarks/reconstructed_fault/post_r6_cleanup/install/include/aspect/particle/generator/probability_density_function.h
-- Up-to-date: /home/ein/repository/aspect-pf-rsf-refactor/benchmarks/reconstructed_fault/post_r6_cleanup/install/include/aspect/particle/generator/uniform_radial.h
-- Up-to-date: /home/ein/repository/aspect-pf-rsf-refactor/benchmarks/reconstructed_fault/post_r6_cleanup/install/include/aspect/particle/generator/ascii_file.h
-- Up-to-date: /home/ein/repository/aspect-pf-rsf-refactor/benchmarks/reconstructed_fault/post_r6_cleanup/install/include/aspect/particle/interface.h
-- Up-to-date: /home/ein/repository/aspect-pf-rsf-refactor/benchmarks/reconstructed_fault/post_r6_cleanup/install/include/aspect/particle/particle_domain.h
-- Up-to-date: /home/ein/repository/aspect-pf-rsf-refactor/benchmarks/reconstructed_fault/post_r6_cleanup/install/include/aspect/particle/property
-- Up-to-date: /home/ein/repository/aspect-pf-rsf-refactor/benchmarks/reconstructed_fault/post_r6_cleanup/install/include/aspect/particle/property/melt_particle.h
-- Up-to-date: /home/ein/repository/aspect-pf-rsf-refactor/benchmarks/reconstructed_fault/post_r6_cleanup/install/include/aspect/particle/property/crystal_preferred_orientation.h
-- Up-to-date: /home/ein/repository/aspect-pf-rsf-refactor/benchmarks/reconstructed_fault/post_r6_cleanup/install/include/aspect/particle/property/integrated_strain.h
-- Up-to-date: /home/ein/repository/aspect-pf-rsf-refactor/benchmarks/reconstructed_fault/post_r6_cleanup/install/include/aspect/particle/property/initial_composition.h
-- Up-to-date: /home/ein/repository/aspect-pf-rsf-refactor/benchmarks/reconstructed_fault/post_r6_cleanup/install/include/aspect/particle/property/cpo_bingham_average.h
-- Up-to-date: /home/ein/repository/aspect-pf-rsf-refactor/benchmarks/reconstructed_fault/post_r6_cleanup/install/include/aspect/particle/property/interface.h
-- Up-to-date: /home/ein/repository/aspect-pf-rsf-refactor/benchmarks/reconstructed_fault/post_r6_cleanup/install/include/aspect/particle/property/strain_rate.h
-- Up-to-date: /home/ein/repository/aspect-pf-rsf-refactor/benchmarks/reconstructed_fault/post_r6_cleanup/install/include/aspect/particle/property/crack_driving_force.h
-- Up-to-date: /home/ein/repository/aspect-pf-rsf-refactor/benchmarks/reconstructed_fault/post_r6_cleanup/install/include/aspect/particle/property/initial_position.h
-- Up-to-date: /home/ein/repository/aspect-pf-rsf-refactor/benchmarks/reconstructed_fault/post_r6_cleanup/install/include/aspect/particle/property/velocity_gradient.h
-- Up-to-date: /home/ein/repository/aspect-pf-rsf-refactor/benchmarks/reconstructed_fault/post_r6_cleanup/install/include/aspect/particle/property/integrated_strain_invariant.h
-- Up-to-date: /home/ein/repository/aspect-pf-rsf-refactor/benchmarks/reconstructed_fault/post_r6_cleanup/install/include/aspect/particle/property/crust_and_lithosphere_formation.h
-- Up-to-date: /home/ein/repository/aspect-pf-rsf-refactor/benchmarks/reconstructed_fault/post_r6_cleanup/install/include/aspect/particle/property/position.h
-- Up-to-date: /home/ein/repository/aspect-pf-rsf-refactor/benchmarks/reconstructed_fault/post_r6_cleanup/install/include/aspect/particle/property/composition_reaction.h
-- Up-to-date: /home/ein/repository/aspect-pf-rsf-refactor/benchmarks/reconstructed_fault/post_r6_cleanup/install/include/aspect/particle/property/function.h
-- Up-to-date: /home/ein/repository/aspect-pf-rsf-refactor/benchmarks/reconstructed_fault/post_r6_cleanup/install/include/aspect/particle/property/elastic_stress.h
-- Up-to-date: /home/ein/repository/aspect-pf-rsf-refactor/benchmarks/reconstructed_fault/post_r6_cleanup/install/include/aspect/particle/property/grain_size.h
-- Up-to-date: /home/ein/repository/aspect-pf-rsf-refactor/benchmarks/reconstructed_fault/post_r6_cleanup/install/include/aspect/particle/property/composition.h
-- Up-to-date: /home/ein/repository/aspect-pf-rsf-refactor/benchmarks/reconstructed_fault/post_r6_cleanup/install/include/aspect/particle/property/pT_path.h
-- Up-to-date: /home/ein/repository/aspect-pf-rsf-refactor/benchmarks/reconstructed_fault/post_r6_cleanup/install/include/aspect/particle/property/elastic_tensor_decomposition.h
-- Up-to-date: /home/ein/repository/aspect-pf-rsf-refactor/benchmarks/reconstructed_fault/post_r6_cleanup/install/include/aspect/particle/property/reference_position.h
-- Up-to-date: /home/ein/repository/aspect-pf-rsf-refactor/benchmarks/reconstructed_fault/post_r6_cleanup/install/include/aspect/particle/property/maxwell_stress.h
-- Up-to-date: /home/ein/repository/aspect-pf-rsf-refactor/benchmarks/reconstructed_fault/post_r6_cleanup/install/include/aspect/particle/property/velocity.h
-- Up-to-date: /home/ein/repository/aspect-pf-rsf-refactor/benchmarks/reconstructed_fault/post_r6_cleanup/install/include/aspect/particle/property/viscoplastic_strain_invariants.h
-- Up-to-date: /home/ein/repository/aspect-pf-rsf-refactor/benchmarks/reconstructed_fault/post_r6_cleanup/install/include/aspect/particle/property/cpo_elastic_tensor.h
-- Up-to-date: /home/ein/repository/aspect-pf-rsf-refactor/benchmarks/reconstructed_fault/post_r6_cleanup/install/include/aspect/particle/manager.h
-- Up-to-date: /home/ein/repository/aspect-pf-rsf-refactor/benchmarks/reconstructed_fault/post_r6_cleanup/install/include/aspect/particle/distribution.h
-- Up-to-date: /home/ein/repository/aspect-pf-rsf-refactor/benchmarks/reconstructed_fault/post_r6_cleanup/install/include/aspect/particle/interpolator
-- Up-to-date: /home/ein/repository/aspect-pf-rsf-refactor/benchmarks/reconstructed_fault/post_r6_cleanup/install/include/aspect/particle/interpolator/interface.h
-- Up-to-date: /home/ein/repository/aspect-pf-rsf-refactor/benchmarks/reconstructed_fault/post_r6_cleanup/install/include/aspect/particle/interpolator/voronoi_linear_reconstruction.h
-- Up-to-date: /home/ein/repository/aspect-pf-rsf-refactor/benchmarks/reconstructed_fault/post_r6_cleanup/install/include/aspect/particle/interpolator/quadratic_least_squares.h
-- Up-to-date: /home/ein/repository/aspect-pf-rsf-refactor/benchmarks/reconstructed_fault/post_r6_cleanup/install/include/aspect/particle/interpolator/nearest_neighbor.h
-- Up-to-date: /home/ein/repository/aspect-pf-rsf-refactor/benchmarks/reconstructed_fault/post_r6_cleanup/install/include/aspect/particle/interpolator/linear_least_squares.h
-- Up-to-date: /home/ein/repository/aspect-pf-rsf-refactor/benchmarks/reconstructed_fault/post_r6_cleanup/install/include/aspect/particle/interpolator/bilinear_least_squares.h
-- Up-to-date: /home/ein/repository/aspect-pf-rsf-refactor/benchmarks/reconstructed_fault/post_r6_cleanup/install/include/aspect/particle/interpolator/cell_average.h
-- Up-to-date: /home/ein/repository/aspect-pf-rsf-refactor/benchmarks/reconstructed_fault/post_r6_cleanup/install/include/aspect/particle/interpolator/harmonic_average.h
-- Up-to-date: /home/ein/repository/aspect-pf-rsf-refactor/benchmarks/reconstructed_fault/post_r6_cleanup/install/include/aspect/particle/interpolator/distance_weighted_average.h
-- Up-to-date: /home/ein/repository/aspect-pf-rsf-refactor/benchmarks/reconstructed_fault/post_r6_cleanup/install/include/aspect/particle/world.h
-- Up-to-date: /home/ein/repository/aspect-pf-rsf-refactor/benchmarks/reconstructed_fault/post_r6_cleanup/install/include/aspect/particle/integrator
-- Up-to-date: /home/ein/repository/aspect-pf-rsf-refactor/benchmarks/reconstructed_fault/post_r6_cleanup/install/include/aspect/particle/integrator/interface.h
-- Up-to-date: /home/ein/repository/aspect-pf-rsf-refactor/benchmarks/reconstructed_fault/post_r6_cleanup/install/include/aspect/particle/integrator/euler.h
-- Up-to-date: /home/ein/repository/aspect-pf-rsf-refactor/benchmarks/reconstructed_fault/post_r6_cleanup/install/include/aspect/particle/integrator/rk_2.h
-- Up-to-date: /home/ein/repository/aspect-pf-rsf-refactor/benchmarks/reconstructed_fault/post_r6_cleanup/install/include/aspect/particle/integrator/rk_4.h
-- Up-to-date: /home/ein/repository/aspect-pf-rsf-refactor/benchmarks/reconstructed_fault/post_r6_cleanup/install/include/aspect/postprocess
-- Up-to-date: /home/ein/repository/aspect-pf-rsf-refactor/benchmarks/reconstructed_fault/post_r6_cleanup/install/include/aspect/postprocess/gravity_point_values.h
-- Up-to-date: /home/ein/repository/aspect-pf-rsf-refactor/benchmarks/reconstructed_fault/post_r6_cleanup/install/include/aspect/postprocess/entropy_viscosity_statistics.h
-- Up-to-date: /home/ein/repository/aspect-pf-rsf-refactor/benchmarks/reconstructed_fault/post_r6_cleanup/install/include/aspect/postprocess/stokes_residual.h
-- Up-to-date: /home/ein/repository/aspect-pf-rsf-refactor/benchmarks/reconstructed_fault/post_r6_cleanup/install/include/aspect/postprocess/particle_distribution_statistics.h
-- Up-to-date: /home/ein/repository/aspect-pf-rsf-refactor/benchmarks/reconstructed_fault/post_r6_cleanup/install/include/aspect/postprocess/sea_level.h
-- Up-to-date: /home/ein/repository/aspect-pf-rsf-refactor/benchmarks/reconstructed_fault/post_r6_cleanup/install/include/aspect/postprocess/crystal_preferred_orientation.h
-- Up-to-date: /home/ein/repository/aspect-pf-rsf-refactor/benchmarks/reconstructed_fault/post_r6_cleanup/install/include/aspect/postprocess/material_statistics.h
-- Up-to-date: /home/ein/repository/aspect-pf-rsf-refactor/benchmarks/reconstructed_fault/post_r6_cleanup/install/include/aspect/postprocess/velocity_statistics.h
-- Up-to-date: /home/ein/repository/aspect-pf-rsf-refactor/benchmarks/reconstructed_fault/post_r6_cleanup/install/include/aspect/postprocess/melt_statistics.h
-- Up-to-date: /home/ein/repository/aspect-pf-rsf-refactor/benchmarks/reconstructed_fault/post_r6_cleanup/install/include/aspect/postprocess/dynamic_topography.h
-- Up-to-date: /home/ein/repository/aspect-pf-rsf-refactor/benchmarks/reconstructed_fault/post_r6_cleanup/install/include/aspect/postprocess/composition_velocity_statistics.h
-- Up-to-date: /home/ein/repository/aspect-pf-rsf-refactor/benchmarks/reconstructed_fault/post_r6_cleanup/install/include/aspect/postprocess/composition_statistics.h
-- Up-to-date: /home/ein/repository/aspect-pf-rsf-refactor/benchmarks/reconstructed_fault/post_r6_cleanup/install/include/aspect/postprocess/domain_volume_statistics.h
-- Up-to-date: /home/ein/repository/aspect-pf-rsf-refactor/benchmarks/reconstructed_fault/post_r6_cleanup/install/include/aspect/postprocess/velocity_boundary_statistics.h
-- Up-to-date: /home/ein/repository/aspect-pf-rsf-refactor/benchmarks/reconstructed_fault/post_r6_cleanup/install/include/aspect/postprocess/interface.h
-- Up-to-date: /home/ein/repository/aspect-pf-rsf-refactor/benchmarks/reconstructed_fault/post_r6_cleanup/install/include/aspect/postprocess/mass_flux_statistics.h
-- Up-to-date: /home/ein/repository/aspect-pf-rsf-refactor/benchmarks/reconstructed_fault/post_r6_cleanup/install/include/aspect/postprocess/memory_statistics.h
-- Up-to-date: /home/ein/repository/aspect-pf-rsf-refactor/benchmarks/reconstructed_fault/post_r6_cleanup/install/include/aspect/postprocess/core_statistics.h
-- Up-to-date: /home/ein/repository/aspect-pf-rsf-refactor/benchmarks/reconstructed_fault/post_r6_cleanup/install/include/aspect/postprocess/particles.h
-- Up-to-date: /home/ein/repository/aspect-pf-rsf-refactor/benchmarks/reconstructed_fault/post_r6_cleanup/install/include/aspect/postprocess/pressure_statistics.h
-- Up-to-date: /home/ein/repository/aspect-pf-rsf-refactor/benchmarks/reconstructed_fault/post_r6_cleanup/install/include/aspect/postprocess/volume_of_fluid_statistics.h
-- Up-to-date: /home/ein/repository/aspect-pf-rsf-refactor/benchmarks/reconstructed_fault/post_r6_cleanup/install/include/aspect/postprocess/visualization.h
-- Up-to-date: /home/ein/repository/aspect-pf-rsf-refactor/benchmarks/reconstructed_fault/post_r6_cleanup/install/include/aspect/postprocess/geoid.h
-- Up-to-date: /home/ein/repository/aspect-pf-rsf-refactor/benchmarks/reconstructed_fault/post_r6_cleanup/install/include/aspect/postprocess/viscous_dissipation_statistics.h
-- Up-to-date: /home/ein/repository/aspect-pf-rsf-refactor/benchmarks/reconstructed_fault/post_r6_cleanup/install/include/aspect/postprocess/point_values.h
-- Up-to-date: /home/ein/repository/aspect-pf-rsf-refactor/benchmarks/reconstructed_fault/post_r6_cleanup/install/include/aspect/postprocess/reconstructed_faults.h
-- Up-to-date: /home/ein/repository/aspect-pf-rsf-refactor/benchmarks/reconstructed_fault/post_r6_cleanup/install/include/aspect/postprocess/spherical_velocity_statistics.h
-- Up-to-date: /home/ein/repository/aspect-pf-rsf-refactor/benchmarks/reconstructed_fault/post_r6_cleanup/install/include/aspect/postprocess/heat_flux_map.h
-- Up-to-date: /home/ein/repository/aspect-pf-rsf-refactor/benchmarks/reconstructed_fault/post_r6_cleanup/install/include/aspect/postprocess/particle_count_statistics.h
-- Up-to-date: /home/ein/repository/aspect-pf-rsf-refactor/benchmarks/reconstructed_fault/post_r6_cleanup/install/include/aspect/postprocess/global_statistics.h
-- Up-to-date: /home/ein/repository/aspect-pf-rsf-refactor/benchmarks/reconstructed_fault/post_r6_cleanup/install/include/aspect/postprocess/current_surface.h
-- Up-to-date: /home/ein/repository/aspect-pf-rsf-refactor/benchmarks/reconstructed_fault/post_r6_cleanup/install/include/aspect/postprocess/particle_distribution_score.h
-- Up-to-date: /home/ein/repository/aspect-pf-rsf-refactor/benchmarks/reconstructed_fault/post_r6_cleanup/install/include/aspect/postprocess/heat_flux_statistics.h
-- Up-to-date: /home/ein/repository/aspect-pf-rsf-refactor/benchmarks/reconstructed_fault/post_r6_cleanup/install/include/aspect/postprocess/fluid_velocity_statistics.h
-- Up-to-date: /home/ein/repository/aspect-pf-rsf-refactor/benchmarks/reconstructed_fault/post_r6_cleanup/install/include/aspect/postprocess/timing_statistics.h
-- Up-to-date: /home/ein/repository/aspect-pf-rsf-refactor/benchmarks/reconstructed_fault/post_r6_cleanup/install/include/aspect/postprocess/boundary_pressures.h
-- Up-to-date: /home/ein/repository/aspect-pf-rsf-refactor/benchmarks/reconstructed_fault/post_r6_cleanup/install/include/aspect/postprocess/command.h
-- Up-to-date: /home/ein/repository/aspect-pf-rsf-refactor/benchmarks/reconstructed_fault/post_r6_cleanup/install/include/aspect/postprocess/topography.h
-- Up-to-date: /home/ein/repository/aspect-pf-rsf-refactor/benchmarks/reconstructed_fault/post_r6_cleanup/install/include/aspect/postprocess/boundary_strain_rate_residual_statistics.h
-- Up-to-date: /home/ein/repository/aspect-pf-rsf-refactor/benchmarks/reconstructed_fault/post_r6_cleanup/install/include/aspect/postprocess/boundary_densities.h
-- Up-to-date: /home/ein/repository/aspect-pf-rsf-refactor/benchmarks/reconstructed_fault/post_r6_cleanup/install/include/aspect/postprocess/entropy_statistics.h
-- Up-to-date: /home/ein/repository/aspect-pf-rsf-refactor/benchmarks/reconstructed_fault/post_r6_cleanup/install/include/aspect/postprocess/heating_statistics.h
-- Up-to-date: /home/ein/repository/aspect-pf-rsf-refactor/benchmarks/reconstructed_fault/post_r6_cleanup/install/include/aspect/postprocess/rotation_statistics.h
-- Up-to-date: /home/ein/repository/aspect-pf-rsf-refactor/benchmarks/reconstructed_fault/post_r6_cleanup/install/include/aspect/postprocess/visualization
-- Up-to-date: /home/ein/repository/aspect-pf-rsf-refactor/benchmarks/reconstructed_fault/post_r6_cleanup/install/include/aspect/postprocess/visualization/adiabat.h
-- Up-to-date: /home/ein/repository/aspect-pf-rsf-refactor/benchmarks/reconstructed_fault/post_r6_cleanup/install/include/aspect/postprocess/visualization/entropy_average.h
-- Up-to-date: /home/ein/repository/aspect-pf-rsf-refactor/benchmarks/reconstructed_fault/post_r6_cleanup/install/include/aspect/postprocess/visualization/dynamic_topography.h
-- Up-to-date: /home/ein/repository/aspect-pf-rsf-refactor/benchmarks/reconstructed_fault/post_r6_cleanup/install/include/aspect/postprocess/visualization/nonadiabatic_pressure.h
-- Up-to-date: /home/ein/repository/aspect-pf-rsf-refactor/benchmarks/reconstructed_fault/post_r6_cleanup/install/include/aspect/postprocess/visualization/melt_fraction.h
-- Up-to-date: /home/ein/repository/aspect-pf-rsf-refactor/benchmarks/reconstructed_fault/post_r6_cleanup/install/include/aspect/postprocess/visualization/boundary_indicator.h
-- Up-to-date: /home/ein/repository/aspect-pf-rsf-refactor/benchmarks/reconstructed_fault/post_r6_cleanup/install/include/aspect/postprocess/visualization/volume_of_fluid_values.h
-- Up-to-date: /home/ein/repository/aspect-pf-rsf-refactor/benchmarks/reconstructed_fault/post_r6_cleanup/install/include/aspect/postprocess/visualization/strain_rate.h
-- Up-to-date: /home/ein/repository/aspect-pf-rsf-refactor/benchmarks/reconstructed_fault/post_r6_cleanup/install/include/aspect/postprocess/visualization/artificial_viscosity.h
-- Up-to-date: /home/ein/repository/aspect-pf-rsf-refactor/benchmarks/reconstructed_fault/post_r6_cleanup/install/include/aspect/postprocess/visualization/named_additional_outputs.h
-- Up-to-date: /home/ein/repository/aspect-pf-rsf-refactor/benchmarks/reconstructed_fault/post_r6_cleanup/install/include/aspect/postprocess/visualization/melt.h
-- Up-to-date: /home/ein/repository/aspect-pf-rsf-refactor/benchmarks/reconstructed_fault/post_r6_cleanup/install/include/aspect/postprocess/visualization/seismic_anomalies.h
-- Up-to-date: /home/ein/repository/aspect-pf-rsf-refactor/benchmarks/reconstructed_fault/post_r6_cleanup/install/include/aspect/postprocess/visualization/heating.h
-- Up-to-date: /home/ein/repository/aspect-pf-rsf-refactor/benchmarks/reconstructed_fault/post_r6_cleanup/install/include/aspect/postprocess/visualization/stress.h
-- Up-to-date: /home/ein/repository/aspect-pf-rsf-refactor/benchmarks/reconstructed_fault/post_r6_cleanup/install/include/aspect/postprocess/visualization/geoid.h
-- Up-to-date: /home/ein/repository/aspect-pf-rsf-refactor/benchmarks/reconstructed_fault/post_r6_cleanup/install/include/aspect/postprocess/visualization/density_anomaly.h
-- Up-to-date: /home/ein/repository/aspect-pf-rsf-refactor/benchmarks/reconstructed_fault/post_r6_cleanup/install/include/aspect/postprocess/visualization/principal_stress.h
-- Up-to-date: /home/ein/repository/aspect-pf-rsf-refactor/benchmarks/reconstructed_fault/post_r6_cleanup/install/include/aspect/postprocess/visualization/temperature_anomaly.h
-- Up-to-date: /home/ein/repository/aspect-pf-rsf-refactor/benchmarks/reconstructed_fault/post_r6_cleanup/install/include/aspect/postprocess/visualization/surface_strain_rate_tensor.h
-- Up-to-date: /home/ein/repository/aspect-pf-rsf-refactor/benchmarks/reconstructed_fault/post_r6_cleanup/install/include/aspect/postprocess/visualization/heat_flux_map.h
-- Up-to-date: /home/ein/repository/aspect-pf-rsf-refactor/benchmarks/reconstructed_fault/post_r6_cleanup/install/include/aspect/postprocess/visualization/maximum_horizontal_compressive_stress.h
-- Up-to-date: /home/ein/repository/aspect-pf-rsf-refactor/benchmarks/reconstructed_fault/post_r6_cleanup/install/include/aspect/postprocess/visualization/boundary_velocity_residual.h
-- Up-to-date: /home/ein/repository/aspect-pf-rsf-refactor/benchmarks/reconstructed_fault/post_r6_cleanup/install/include/aspect/postprocess/visualization/error_indicator.h
-- Up-to-date: /home/ein/repository/aspect-pf-rsf-refactor/benchmarks/reconstructed_fault/post_r6_cleanup/install/include/aspect/postprocess/visualization/spd_factor.h
-- Up-to-date: /home/ein/repository/aspect-pf-rsf-refactor/benchmarks/reconstructed_fault/post_r6_cleanup/install/include/aspect/postprocess/visualization/volumetric_strain_rate.h
-- Up-to-date: /home/ein/repository/aspect-pf-rsf-refactor/benchmarks/reconstructed_fault/post_r6_cleanup/install/include/aspect/postprocess/visualization/particle_count.h
-- Up-to-date: /home/ein/repository/aspect-pf-rsf-refactor/benchmarks/reconstructed_fault/post_r6_cleanup/install/include/aspect/postprocess/visualization/ISA_rotation_timescale.h
-- Up-to-date: /home/ein/repository/aspect-pf-rsf-refactor/benchmarks/reconstructed_fault/post_r6_cleanup/install/include/aspect/postprocess/visualization/artificial_viscosity_composition.h
-- Up-to-date: /home/ein/repository/aspect-pf-rsf-refactor/benchmarks/reconstructed_fault/post_r6_cleanup/install/include/aspect/postprocess/visualization/grain_lag_angle.h
-- Up-to-date: /home/ein/repository/aspect-pf-rsf-refactor/benchmarks/reconstructed_fault/post_r6_cleanup/install/include/aspect/postprocess/visualization/spherical_velocity_components.h
-- Up-to-date: /home/ein/repository/aspect-pf-rsf-refactor/benchmarks/reconstructed_fault/post_r6_cleanup/install/include/aspect/postprocess/visualization/boundary_strain_rate_residual.h
-- Up-to-date: /home/ein/repository/aspect-pf-rsf-refactor/benchmarks/reconstructed_fault/post_r6_cleanup/install/include/aspect/postprocess/visualization/vertical_heat_flux.h
-- Up-to-date: /home/ein/repository/aspect-pf-rsf-refactor/benchmarks/reconstructed_fault/post_r6_cleanup/install/include/aspect/postprocess/visualization/gravity.h
-- Up-to-date: /home/ein/repository/aspect-pf-rsf-refactor/benchmarks/reconstructed_fault/post_r6_cleanup/install/include/aspect/postprocess/visualization/depth.h
-- Up-to-date: /home/ein/repository/aspect-pf-rsf-refactor/benchmarks/reconstructed_fault/post_r6_cleanup/install/include/aspect/postprocess/visualization/stress_second_invariant.h
-- Up-to-date: /home/ein/repository/aspect-pf-rsf-refactor/benchmarks/reconstructed_fault/post_r6_cleanup/install/include/aspect/postprocess/visualization/shear_stress.h
-- Up-to-date: /home/ein/repository/aspect-pf-rsf-refactor/benchmarks/reconstructed_fault/post_r6_cleanup/install/include/aspect/postprocess/visualization/darcy_velocity.h
-- Up-to-date: /home/ein/repository/aspect-pf-rsf-refactor/benchmarks/reconstructed_fault/post_r6_cleanup/install/include/aspect/postprocess/visualization/compositional_vector.h
-- Up-to-date: /home/ein/repository/aspect-pf-rsf-refactor/benchmarks/reconstructed_fault/post_r6_cleanup/install/include/aspect/postprocess/visualization/surface_stress.h
-- Up-to-date: /home/ein/repository/aspect-pf-rsf-refactor/benchmarks/reconstructed_fault/post_r6_cleanup/install/include/aspect/postprocess/visualization/stress_residual.h
-- Up-to-date: /home/ein/repository/aspect-pf-rsf-refactor/benchmarks/reconstructed_fault/post_r6_cleanup/install/include/aspect/postprocess/visualization/material_properties.h
-- Up-to-date: /home/ein/repository/aspect-pf-rsf-refactor/benchmarks/reconstructed_fault/post_r6_cleanup/install/include/aspect/postprocess/visualization/depth_including_mesh_deformation.h
-- Up-to-date: /home/ein/repository/aspect-pf-rsf-refactor/benchmarks/reconstructed_fault/post_r6_cleanup/install/include/aspect/postprocess/visualization/strain_rate_tensor.h
-- Up-to-date: /home/ein/repository/aspect-pf-rsf-refactor/benchmarks/reconstructed_fault/post_r6_cleanup/install/include/aspect/postprocess/visualization/surface_dynamic_topography.h
-- Up-to-date: /home/ein/repository/aspect-pf-rsf-refactor/benchmarks/reconstructed_fault/post_r6_cleanup/install/include/aspect/postprocess/visualization/surface_elevation.h
-- Up-to-date: /home/ein/repository/aspect-pf-rsf-refactor/benchmarks/reconstructed_fault/post_r6_cleanup/install/include/aspect/postprocess/visualization/nonadiabatic_temperature.h
-- Up-to-date: /home/ein/repository/aspect-pf-rsf-refactor/benchmarks/reconstructed_fault/post_r6_cleanup/install/include/aspect/postprocess/visualization/partition.h
-- Up-to-date: /home/ein/repository/aspect-pf-rsf-refactor/benchmarks/reconstructed_fault/post_r6_cleanup/install/include/aspect/postprocess/heat_flux_densities.h
-- Up-to-date: /home/ein/repository/aspect-pf-rsf-refactor/benchmarks/reconstructed_fault/post_r6_cleanup/install/include/aspect/postprocess/matrix_statistics.h
-- Up-to-date: /home/ein/repository/aspect-pf-rsf-refactor/benchmarks/reconstructed_fault/post_r6_cleanup/install/include/aspect/postprocess/mobility_statistics.h
-- Up-to-date: /home/ein/repository/aspect-pf-rsf-refactor/benchmarks/reconstructed_fault/post_r6_cleanup/install/include/aspect/postprocess/ODE_statistics.h
-- Up-to-date: /home/ein/repository/aspect-pf-rsf-refactor/benchmarks/reconstructed_fault/post_r6_cleanup/install/include/aspect/postprocess/boundary_velocity_residual_statistics.h
-- Up-to-date: /home/ein/repository/aspect-pf-rsf-refactor/benchmarks/reconstructed_fault/post_r6_cleanup/install/include/aspect/postprocess/basic_statistics.h
-- Up-to-date: /home/ein/repository/aspect-pf-rsf-refactor/benchmarks/reconstructed_fault/post_r6_cleanup/install/include/aspect/postprocess/temperature_statistics.h
-- Up-to-date: /home/ein/repository/aspect-pf-rsf-refactor/benchmarks/reconstructed_fault/post_r6_cleanup/install/include/aspect/postprocess/depth_average.h
-- Up-to-date: /home/ein/repository/aspect-pf-rsf-refactor/benchmarks/reconstructed_fault/post_r6_cleanup/install/include/aspect/postprocess/load_balance_statistics.h
-- Up-to-date: /home/ein/repository/aspect-pf-rsf-refactor/benchmarks/reconstructed_fault/post_r6_cleanup/install/include/aspect/postprocess/max_depth_field.h
-- Up-to-date: /home/ein/repository/aspect-pf-rsf-refactor/benchmarks/reconstructed_fault/post_r6_cleanup/install/include/aspect/citation_info.h
-- Up-to-date: /home/ein/repository/aspect-pf-rsf-refactor/benchmarks/reconstructed_fault/post_r6_cleanup/install/include/aspect/adiabatic_conditions
-- Up-to-date: /home/ein/repository/aspect-pf-rsf-refactor/benchmarks/reconstructed_fault/post_r6_cleanup/install/include/aspect/adiabatic_conditions/compute_entropy_profile.h
-- Up-to-date: /home/ein/repository/aspect-pf-rsf-refactor/benchmarks/reconstructed_fault/post_r6_cleanup/install/include/aspect/adiabatic_conditions/interface.h
-- Up-to-date: /home/ein/repository/aspect-pf-rsf-refactor/benchmarks/reconstructed_fault/post_r6_cleanup/install/include/aspect/adiabatic_conditions/function.h
-- Up-to-date: /home/ein/repository/aspect-pf-rsf-refactor/benchmarks/reconstructed_fault/post_r6_cleanup/install/include/aspect/adiabatic_conditions/compute_profile.h
-- Up-to-date: /home/ein/repository/aspect-pf-rsf-refactor/benchmarks/reconstructed_fault/post_r6_cleanup/install/include/aspect/adiabatic_conditions/ascii_data.h
-- Up-to-date: /home/ein/repository/aspect-pf-rsf-refactor/benchmarks/reconstructed_fault/post_r6_cleanup/install/include/aspect/introspection.h
-- Up-to-date: /home/ein/repository/aspect-pf-rsf-refactor/benchmarks/reconstructed_fault/post_r6_cleanup/install/include/aspect/simulator_access.h
-- Up-to-date: /home/ein/repository/aspect-pf-rsf-refactor/benchmarks/reconstructed_fault/post_r6_cleanup/install/include/aspect/lateral_averaging.h
-- Up-to-date: /home/ein/repository/aspect-pf-rsf-refactor/benchmarks/reconstructed_fault/post_r6_cleanup/install/include/aspect/coordinate_systems.h
-- Up-to-date: /home/ein/repository/aspect-pf-rsf-refactor/benchmarks/reconstructed_fault/post_r6_cleanup/install/include/aspect/simulator
-- Up-to-date: /home/ein/repository/aspect-pf-rsf-refactor/benchmarks/reconstructed_fault/post_r6_cleanup/install/include/aspect/simulator/reconstructed_fault_interface_preconditioner.h
-- Up-to-date: /home/ein/repository/aspect-pf-rsf-refactor/benchmarks/reconstructed_fault/post_r6_cleanup/install/include/aspect/simulator/reconstructed_fault_residual_audit.h
-- Up-to-date: /home/ein/repository/aspect-pf-rsf-refactor/benchmarks/reconstructed_fault/post_r6_cleanup/install/include/aspect/simulator/assemblers
-- Up-to-date: /home/ein/repository/aspect-pf-rsf-refactor/benchmarks/reconstructed_fault/post_r6_cleanup/install/include/aspect/simulator/assemblers/stokes.h
-- Up-to-date: /home/ein/repository/aspect-pf-rsf-refactor/benchmarks/reconstructed_fault/post_r6_cleanup/install/include/aspect/simulator/assemblers/interface.h
-- Up-to-date: /home/ein/repository/aspect-pf-rsf-refactor/benchmarks/reconstructed_fault/post_r6_cleanup/install/include/aspect/simulator/assemblers/entropy_advection.h
-- Up-to-date: /home/ein/repository/aspect-pf-rsf-refactor/benchmarks/reconstructed_fault/post_r6_cleanup/install/include/aspect/simulator/assemblers/stokes_anisotropic_viscosity.h
-- Up-to-date: /home/ein/repository/aspect-pf-rsf-refactor/benchmarks/reconstructed_fault/post_r6_cleanup/install/include/aspect/simulator/assemblers/advection.h
-- Up-to-date: /home/ein/repository/aspect-pf-rsf-refactor/benchmarks/reconstructed_fault/post_r6_cleanup/install/include/aspect/simulator/assemblers/implicit_constitutive_stokes.h
-- Up-to-date: /home/ein/repository/aspect-pf-rsf-refactor/benchmarks/reconstructed_fault/post_r6_cleanup/install/include/aspect/simulator/assemblers/reconstructed_fault_stokes.h
-- Up-to-date: /home/ein/repository/aspect-pf-rsf-refactor/benchmarks/reconstructed_fault/post_r6_cleanup/install/include/aspect/simulator/solver
-- Up-to-date: /home/ein/repository/aspect-pf-rsf-refactor/benchmarks/reconstructed_fault/post_r6_cleanup/install/include/aspect/simulator/solver/block_stokes_preconditioner.h
-- Up-to-date: /home/ein/repository/aspect-pf-rsf-refactor/benchmarks/reconstructed_fault/post_r6_cleanup/install/include/aspect/simulator/solver/stokes_matrix_free.h
-- Up-to-date: /home/ein/repository/aspect-pf-rsf-refactor/benchmarks/reconstructed_fault/post_r6_cleanup/install/include/aspect/simulator/solver/matrix_free_operators.h
-- Up-to-date: /home/ein/repository/aspect-pf-rsf-refactor/benchmarks/reconstructed_fault/post_r6_cleanup/install/include/aspect/simulator/solver/stokes_matrix_free_global_coarsening.h
-- Up-to-date: /home/ein/repository/aspect-pf-rsf-refactor/benchmarks/reconstructed_fault/post_r6_cleanup/install/include/aspect/simulator/solver/interface.h
-- Up-to-date: /home/ein/repository/aspect-pf-rsf-refactor/benchmarks/reconstructed_fault/post_r6_cleanup/install/include/aspect/simulator/solver/reconstructed_fault_linear.h
-- Up-to-date: /home/ein/repository/aspect-pf-rsf-refactor/benchmarks/reconstructed_fault/post_r6_cleanup/install/include/aspect/simulator/solver/reconstructed_fault_condensed_system.h
-- Up-to-date: /home/ein/repository/aspect-pf-rsf-refactor/benchmarks/reconstructed_fault/post_r6_cleanup/install/include/aspect/simulator/solver/reconstructed_fault_bound_diagnostics.h
-- Up-to-date: /home/ein/repository/aspect-pf-rsf-refactor/benchmarks/reconstructed_fault/post_r6_cleanup/install/include/aspect/simulator/solver/stokes_matrix_free_local_smoothing.h
-- Up-to-date: /home/ein/repository/aspect-pf-rsf-refactor/benchmarks/reconstructed_fault/post_r6_cleanup/install/include/aspect/simulator/solver/reconstructed_fault_nonlinear.h
-- Up-to-date: /home/ein/repository/aspect-pf-rsf-refactor/benchmarks/reconstructed_fault/post_r6_cleanup/install/include/aspect/simulator/solver/stokes_direct.h
-- Up-to-date: /home/ein/repository/aspect-pf-rsf-refactor/benchmarks/reconstructed_fault/post_r6_cleanup/install/include/aspect/simulator/solver/stokes_operators.h
-- Up-to-date: /home/ein/repository/aspect-pf-rsf-refactor/benchmarks/reconstructed_fault/post_r6_cleanup/install/include/aspect/heating_model
-- Up-to-date: /home/ein/repository/aspect-pf-rsf-refactor/benchmarks/reconstructed_fault/post_r6_cleanup/install/include/aspect/heating_model/latent_heat.h
-- Up-to-date: /home/ein/repository/aspect-pf-rsf-refactor/benchmarks/reconstructed_fault/post_r6_cleanup/install/include/aspect/heating_model/interface.h
-- Up-to-date: /home/ein/repository/aspect-pf-rsf-refactor/benchmarks/reconstructed_fault/post_r6_cleanup/install/include/aspect/heating_model/shear_heating_with_melt.h
-- Up-to-date: /home/ein/repository/aspect-pf-rsf-refactor/benchmarks/reconstructed_fault/post_r6_cleanup/install/include/aspect/heating_model/adiabatic_heating.h
-- Up-to-date: /home/ein/repository/aspect-pf-rsf-refactor/benchmarks/reconstructed_fault/post_r6_cleanup/install/include/aspect/heating_model/tidal_heating.h
-- Up-to-date: /home/ein/repository/aspect-pf-rsf-refactor/benchmarks/reconstructed_fault/post_r6_cleanup/install/include/aspect/heating_model/compositional_heating.h
-- Up-to-date: /home/ein/repository/aspect-pf-rsf-refactor/benchmarks/reconstructed_fault/post_r6_cleanup/install/include/aspect/heating_model/function.h
-- Up-to-date: /home/ein/repository/aspect-pf-rsf-refactor/benchmarks/reconstructed_fault/post_r6_cleanup/install/include/aspect/heating_model/shear_heating.h
-- Up-to-date: /home/ein/repository/aspect-pf-rsf-refactor/benchmarks/reconstructed_fault/post_r6_cleanup/install/include/aspect/heating_model/constant_heating.h
-- Up-to-date: /home/ein/repository/aspect-pf-rsf-refactor/benchmarks/reconstructed_fault/post_r6_cleanup/install/include/aspect/heating_model/shear_heating_anisotropic_viscosity.h
-- Up-to-date: /home/ein/repository/aspect-pf-rsf-refactor/benchmarks/reconstructed_fault/post_r6_cleanup/install/include/aspect/heating_model/radioactive_decay.h
-- Up-to-date: /home/ein/repository/aspect-pf-rsf-refactor/benchmarks/reconstructed_fault/post_r6_cleanup/install/include/aspect/heating_model/latent_heat_melt.h
-- Up-to-date: /home/ein/repository/aspect-pf-rsf-refactor/benchmarks/reconstructed_fault/post_r6_cleanup/install/include/aspect/heating_model/adiabatic_heating_of_melt.h
-- Up-to-date: /home/ein/repository/aspect-pf-rsf-refactor/benchmarks/reconstructed_fault/post_r6_cleanup/install/include/aspect/boundary_convective_heating
-- Up-to-date: /home/ein/repository/aspect-pf-rsf-refactor/benchmarks/reconstructed_fault/post_r6_cleanup/install/include/aspect/boundary_convective_heating/interface.h
-- Up-to-date: /home/ein/repository/aspect-pf-rsf-refactor/benchmarks/reconstructed_fault/post_r6_cleanup/install/include/aspect/boundary_convective_heating/function.h
-- Up-to-date: /home/ein/repository/aspect-pf-rsf-refactor/benchmarks/reconstructed_fault/post_r6_cleanup/install/include/aspect/time_stepping
-- Up-to-date: /home/ein/repository/aspect-pf-rsf-refactor/benchmarks/reconstructed_fault/post_r6_cleanup/install/include/aspect/time_stepping/interface.h
-- Up-to-date: /home/ein/repository/aspect-pf-rsf-refactor/benchmarks/reconstructed_fault/post_r6_cleanup/install/include/aspect/time_stepping/repeat_on_nonlinear_fail.h
-- Up-to-date: /home/ein/repository/aspect-pf-rsf-refactor/benchmarks/reconstructed_fault/post_r6_cleanup/install/include/aspect/time_stepping/convection_time_step.h
-- Up-to-date: /home/ein/repository/aspect-pf-rsf-refactor/benchmarks/reconstructed_fault/post_r6_cleanup/install/include/aspect/time_stepping/function.h
-- Up-to-date: /home/ein/repository/aspect-pf-rsf-refactor/benchmarks/reconstructed_fault/post_r6_cleanup/install/include/aspect/time_stepping/repeat_on_cutback.h
-- Up-to-date: /home/ein/repository/aspect-pf-rsf-refactor/benchmarks/reconstructed_fault/post_r6_cleanup/install/include/aspect/time_stepping/reconstructed_fault.h
-- Up-to-date: /home/ein/repository/aspect-pf-rsf-refactor/benchmarks/reconstructed_fault/post_r6_cleanup/install/include/aspect/time_stepping/conduction_time_step.h
-- Up-to-date: /home/ein/repository/aspect-pf-rsf-refactor/benchmarks/reconstructed_fault/post_r6_cleanup/install/include/aspect/solution_evaluator.h
-- Up-to-date: /home/ein/repository/aspect-pf-rsf-refactor/benchmarks/reconstructed_fault/post_r6_cleanup/install/include/aspect/boundary_heat_flux
-- Up-to-date: /home/ein/repository/aspect-pf-rsf-refactor/benchmarks/reconstructed_fault/post_r6_cleanup/install/include/aspect/boundary_heat_flux/interface.h
-- Up-to-date: /home/ein/repository/aspect-pf-rsf-refactor/benchmarks/reconstructed_fault/post_r6_cleanup/install/include/aspect/boundary_heat_flux/function.h
-- Up-to-date: /home/ein/repository/aspect-pf-rsf-refactor/benchmarks/reconstructed_fault/post_r6_cleanup/install/include/aspect/volume_of_fluid
-- Up-to-date: /home/ein/repository/aspect-pf-rsf-refactor/benchmarks/reconstructed_fault/post_r6_cleanup/install/include/aspect/volume_of_fluid/field.h
-- Up-to-date: /home/ein/repository/aspect-pf-rsf-refactor/benchmarks/reconstructed_fault/post_r6_cleanup/install/include/aspect/volume_of_fluid/handler.h
-- Up-to-date: /home/ein/repository/aspect-pf-rsf-refactor/benchmarks/reconstructed_fault/post_r6_cleanup/install/include/aspect/volume_of_fluid/utilities.h
-- Up-to-date: /home/ein/repository/aspect-pf-rsf-refactor/benchmarks/reconstructed_fault/post_r6_cleanup/install/include/aspect/volume_of_fluid/assembly.h
-- Up-to-date: /home/ein/repository/aspect-pf-rsf-refactor/benchmarks/reconstructed_fault/post_r6_cleanup/install/include/aspect/boundary_fluid_pressure
-- Up-to-date: /home/ein/repository/aspect-pf-rsf-refactor/benchmarks/reconstructed_fault/post_r6_cleanup/install/include/aspect/boundary_fluid_pressure/density.h
-- Up-to-date: /home/ein/repository/aspect-pf-rsf-refactor/benchmarks/reconstructed_fault/post_r6_cleanup/install/include/aspect/boundary_fluid_pressure/interface.h
-- Up-to-date: /home/ein/repository/aspect-pf-rsf-refactor/benchmarks/reconstructed_fault/post_r6_cleanup/install/include/aspect/utilities.h
-- Up-to-date: /home/ein/repository/aspect-pf-rsf-refactor/benchmarks/reconstructed_fault/post_r6_cleanup/install/include/aspect/termination_criteria
-- Up-to-date: /home/ein/repository/aspect-pf-rsf-refactor/benchmarks/reconstructed_fault/post_r6_cleanup/install/include/aspect/termination_criteria/steady_temperature.h
-- Up-to-date: /home/ein/repository/aspect-pf-rsf-refactor/benchmarks/reconstructed_fault/post_r6_cleanup/install/include/aspect/termination_criteria/steady_heat_flux.h
-- Up-to-date: /home/ein/repository/aspect-pf-rsf-refactor/benchmarks/reconstructed_fault/post_r6_cleanup/install/include/aspect/termination_criteria/interface.h
-- Up-to-date: /home/ein/repository/aspect-pf-rsf-refactor/benchmarks/reconstructed_fault/post_r6_cleanup/install/include/aspect/termination_criteria/end_step.h
-- Up-to-date: /home/ein/repository/aspect-pf-rsf-refactor/benchmarks/reconstructed_fault/post_r6_cleanup/install/include/aspect/termination_criteria/steady_rms_velocity.h
-- Up-to-date: /home/ein/repository/aspect-pf-rsf-refactor/benchmarks/reconstructed_fault/post_r6_cleanup/install/include/aspect/termination_criteria/user_request.h
-- Up-to-date: /home/ein/repository/aspect-pf-rsf-refactor/benchmarks/reconstructed_fault/post_r6_cleanup/install/include/aspect/termination_criteria/end_walltime.h
-- Up-to-date: /home/ein/repository/aspect-pf-rsf-refactor/benchmarks/reconstructed_fault/post_r6_cleanup/install/include/aspect/termination_criteria/end_time.h
-- Up-to-date: /home/ein/repository/aspect-pf-rsf-refactor/benchmarks/reconstructed_fault/post_r6_cleanup/install/include/aspect/simulator_signals.h
-- Up-to-date: /home/ein/repository/aspect-pf-rsf-refactor/benchmarks/reconstructed_fault/post_r6_cleanup/install/include/aspect/gravity_model
-- Up-to-date: /home/ein/repository/aspect-pf-rsf-refactor/benchmarks/reconstructed_fault/post_r6_cleanup/install/include/aspect/gravity_model/vertical.h
-- Up-to-date: /home/ein/repository/aspect-pf-rsf-refactor/benchmarks/reconstructed_fault/post_r6_cleanup/install/include/aspect/gravity_model/interface.h
-- Up-to-date: /home/ein/repository/aspect-pf-rsf-refactor/benchmarks/reconstructed_fault/post_r6_cleanup/install/include/aspect/gravity_model/radial_constant.h
-- Up-to-date: /home/ein/repository/aspect-pf-rsf-refactor/benchmarks/reconstructed_fault/post_r6_cleanup/install/include/aspect/gravity_model/function.h
-- Up-to-date: /home/ein/repository/aspect-pf-rsf-refactor/benchmarks/reconstructed_fault/post_r6_cleanup/install/include/aspect/gravity_model/radial.h
-- Up-to-date: /home/ein/repository/aspect-pf-rsf-refactor/benchmarks/reconstructed_fault/post_r6_cleanup/install/include/aspect/gravity_model/radial_linear.h
-- Up-to-date: /home/ein/repository/aspect-pf-rsf-refactor/benchmarks/reconstructed_fault/post_r6_cleanup/install/include/aspect/gravity_model/ascii_data.h
-- Up-to-date: /home/ein/repository/aspect-pf-rsf-refactor/benchmarks/reconstructed_fault/post_r6_cleanup/install/include/aspect/mesh_deformation
-- Up-to-date: /home/ein/repository/aspect-pf-rsf-refactor/benchmarks/reconstructed_fault/post_r6_cleanup/install/include/aspect/mesh_deformation/diffusion.h
-- Up-to-date: /home/ein/repository/aspect-pf-rsf-refactor/benchmarks/reconstructed_fault/post_r6_cleanup/install/include/aspect/mesh_deformation/interface.h
-- Up-to-date: /home/ein/repository/aspect-pf-rsf-refactor/benchmarks/reconstructed_fault/post_r6_cleanup/install/include/aspect/mesh_deformation/fastscape.h
-- Up-to-date: /home/ein/repository/aspect-pf-rsf-refactor/benchmarks/reconstructed_fault/post_r6_cleanup/install/include/aspect/mesh_deformation/free_surface.h
-- Up-to-date: /home/ein/repository/aspect-pf-rsf-refactor/benchmarks/reconstructed_fault/post_r6_cleanup/install/include/aspect/mesh_deformation/function.h
-- Up-to-date: /home/ein/repository/aspect-pf-rsf-refactor/benchmarks/reconstructed_fault/post_r6_cleanup/install/include/aspect/mesh_deformation/ascii_data.h
-- Up-to-date: /home/ein/repository/aspect-pf-rsf-refactor/benchmarks/reconstructed_fault/post_r6_cleanup/install/include/aspect/reconstructed_fault
-- Up-to-date: /home/ein/repository/aspect-pf-rsf-refactor/benchmarks/reconstructed_fault/post_r6_cleanup/install/include/aspect/reconstructed_fault/normal_filter_internal.h
-- Up-to-date: /home/ein/repository/aspect-pf-rsf-refactor/benchmarks/reconstructed_fault/post_r6_cleanup/install/include/aspect/reconstructed_fault/boundary_contact.h
-- Up-to-date: /home/ein/repository/aspect-pf-rsf-refactor/benchmarks/reconstructed_fault/post_r6_cleanup/install/include/aspect/reconstructed_fault/sparse_coupling.h
-- Up-to-date: /home/ein/repository/aspect-pf-rsf-refactor/benchmarks/reconstructed_fault/post_r6_cleanup/install/include/aspect/reconstructed_fault/linear_performance.h
-- Up-to-date: /home/ein/repository/aspect-pf-rsf-refactor/benchmarks/reconstructed_fault/post_r6_cleanup/install/include/aspect/reconstructed_fault/fault.h
-- Up-to-date: /home/ein/repository/aspect-pf-rsf-refactor/benchmarks/reconstructed_fault/post_r6_cleanup/install/include/aspect/reconstructed_fault/surface_system_internal.h
-- Installing: /home/ein/repository/aspect-pf-rsf-refactor/benchmarks/reconstructed_fault/post_r6_cleanup/install/include/aspect/reconstructed_fault/surface_direct_internal.h
-- Up-to-date: /home/ein/repository/aspect-pf-rsf-refactor/benchmarks/reconstructed_fault/post_r6_cleanup/install/include/aspect/reconstructed_fault/manager.h
-- Up-to-date: /home/ein/repository/aspect-pf-rsf-refactor/benchmarks/reconstructed_fault/post_r6_cleanup/install/include/aspect/reconstructed_fault/surface_system.h
-- Up-to-date: /home/ein/repository/aspect-pf-rsf-refactor/benchmarks/reconstructed_fault/post_r6_cleanup/install/include/aspect/reconstructed_fault/utilities.h
-- Up-to-date: /home/ein/repository/aspect-pf-rsf-refactor/benchmarks/reconstructed_fault/post_r6_cleanup/install/include/aspect/compat.h
-- Up-to-date: /home/ein/repository/aspect-pf-rsf-refactor/benchmarks/reconstructed_fault/post_r6_cleanup/install/include/aspect/parameters.h
-- Up-to-date: /home/ein/repository/aspect-pf-rsf-refactor/benchmarks/reconstructed_fault/post_r6_cleanup/install/include/aspect/prescribed_solution
-- Up-to-date: /home/ein/repository/aspect-pf-rsf-refactor/benchmarks/reconstructed_fault/post_r6_cleanup/install/include/aspect/prescribed_solution/interface.h
-- Up-to-date: /home/ein/repository/aspect-pf-rsf-refactor/benchmarks/reconstructed_fault/post_r6_cleanup/install/include/aspect/prescribed_solution/velocity_function.h
-- Up-to-date: /home/ein/repository/aspect-pf-rsf-refactor/benchmarks/reconstructed_fault/post_r6_cleanup/install/include/aspect/prescribed_solution/temperature_function.h
-- Up-to-date: /home/ein/repository/aspect-pf-rsf-refactor/benchmarks/reconstructed_fault/post_r6_cleanup/install/include/aspect/structured_data.h
-- Up-to-date: /home/ein/repository/aspect-pf-rsf-refactor/benchmarks/reconstructed_fault/post_r6_cleanup/install/include/aspect/plugins.h
-- Up-to-date: /home/ein/repository/aspect-pf-rsf-refactor/benchmarks/reconstructed_fault/post_r6_cleanup/install/include/aspect/boundary_temperature
-- Up-to-date: /home/ein/repository/aspect-pf-rsf-refactor/benchmarks/reconstructed_fault/post_r6_cleanup/install/include/aspect/boundary_temperature/initial_temperature.h
-- Up-to-date: /home/ein/repository/aspect-pf-rsf-refactor/benchmarks/reconstructed_fault/post_r6_cleanup/install/include/aspect/boundary_temperature/interface.h
-- Up-to-date: /home/ein/repository/aspect-pf-rsf-refactor/benchmarks/reconstructed_fault/post_r6_cleanup/install/include/aspect/boundary_temperature/spherical_constant.h
-- Up-to-date: /home/ein/repository/aspect-pf-rsf-refactor/benchmarks/reconstructed_fault/post_r6_cleanup/install/include/aspect/boundary_temperature/function.h
-- Up-to-date: /home/ein/repository/aspect-pf-rsf-refactor/benchmarks/reconstructed_fault/post_r6_cleanup/install/include/aspect/boundary_temperature/two_merged_boxes.h
-- Up-to-date: /home/ein/repository/aspect-pf-rsf-refactor/benchmarks/reconstructed_fault/post_r6_cleanup/install/include/aspect/boundary_temperature/dynamic_core.h
-- Up-to-date: /home/ein/repository/aspect-pf-rsf-refactor/benchmarks/reconstructed_fault/post_r6_cleanup/install/include/aspect/boundary_temperature/box.h
-- Up-to-date: /home/ein/repository/aspect-pf-rsf-refactor/benchmarks/reconstructed_fault/post_r6_cleanup/install/include/aspect/boundary_temperature/constant.h
-- Up-to-date: /home/ein/repository/aspect-pf-rsf-refactor/benchmarks/reconstructed_fault/post_r6_cleanup/install/include/aspect/boundary_temperature/ascii_data.h
-- Up-to-date: /home/ein/repository/aspect-pf-rsf-refactor/benchmarks/reconstructed_fault/post_r6_cleanup/install/include/aspect/boundary_composition
-- Up-to-date: /home/ein/repository/aspect-pf-rsf-refactor/benchmarks/reconstructed_fault/post_r6_cleanup/install/include/aspect/boundary_composition/initial_composition.h
-- Up-to-date: /home/ein/repository/aspect-pf-rsf-refactor/benchmarks/reconstructed_fault/post_r6_cleanup/install/include/aspect/boundary_composition/interface.h
-- Up-to-date: /home/ein/repository/aspect-pf-rsf-refactor/benchmarks/reconstructed_fault/post_r6_cleanup/install/include/aspect/boundary_composition/spherical_constant.h
-- Up-to-date: /home/ein/repository/aspect-pf-rsf-refactor/benchmarks/reconstructed_fault/post_r6_cleanup/install/include/aspect/boundary_composition/function.h
-- Up-to-date: /home/ein/repository/aspect-pf-rsf-refactor/benchmarks/reconstructed_fault/post_r6_cleanup/install/include/aspect/boundary_composition/two_merged_boxes.h
-- Up-to-date: /home/ein/repository/aspect-pf-rsf-refactor/benchmarks/reconstructed_fault/post_r6_cleanup/install/include/aspect/boundary_composition/box.h
-- Up-to-date: /home/ein/repository/aspect-pf-rsf-refactor/benchmarks/reconstructed_fault/post_r6_cleanup/install/include/aspect/boundary_composition/ascii_data.h
-- Up-to-date: /home/ein/repository/aspect-pf-rsf-refactor/benchmarks/reconstructed_fault/post_r6_cleanup/install/include/aspect/advection_field.h
-- Up-to-date: /home/ein/repository/aspect-pf-rsf-refactor/benchmarks/reconstructed_fault/post_r6_cleanup/install/include
-- Up-to-date: /home/ein/repository/aspect-pf-rsf-refactor/benchmarks/reconstructed_fault/post_r6_cleanup/install/include/aspect
-- Up-to-date: /home/ein/repository/aspect-pf-rsf-refactor/benchmarks/reconstructed_fault/post_r6_cleanup/install/include/aspect/config.h
-- Up-to-date: /home/ein/repository/aspect-pf-rsf-refactor/benchmarks/reconstructed_fault/post_r6_cleanup/install/include/aspect/revision.h
-- Up-to-date: /home/ein/repository/aspect-pf-rsf-refactor/benchmarks/reconstructed_fault/post_r6_cleanup/install/include
-- Up-to-date: /home/ein/repository/aspect-pf-rsf-refactor/benchmarks/reconstructed_fault/post_r6_cleanup/install/include/vtu11
-- Up-to-date: /home/ein/repository/aspect-pf-rsf-refactor/benchmarks/reconstructed_fault/post_r6_cleanup/install/include/rapidjson
-- Up-to-date: /home/ein/repository/aspect-pf-rsf-refactor/benchmarks/reconstructed_fault/post_r6_cleanup/install/include/rapidjson/ostreamwrapper.h
-- Up-to-date: /home/ein/repository/aspect-pf-rsf-refactor/benchmarks/reconstructed_fault/post_r6_cleanup/install/include/rapidjson/error
-- Up-to-date: /home/ein/repository/aspect-pf-rsf-refactor/benchmarks/reconstructed_fault/post_r6_cleanup/install/include/rapidjson/error/en.h
-- Up-to-date: /home/ein/repository/aspect-pf-rsf-refactor/benchmarks/reconstructed_fault/post_r6_cleanup/install/include/rapidjson/error/error.h
-- Up-to-date: /home/ein/repository/aspect-pf-rsf-refactor/benchmarks/reconstructed_fault/post_r6_cleanup/install/include/rapidjson/reader.h
-- Up-to-date: /home/ein/repository/aspect-pf-rsf-refactor/benchmarks/reconstructed_fault/post_r6_cleanup/install/include/rapidjson/internal
-- Up-to-date: /home/ein/repository/aspect-pf-rsf-refactor/benchmarks/reconstructed_fault/post_r6_cleanup/install/include/rapidjson/internal/pow10.h
-- Up-to-date: /home/ein/repository/aspect-pf-rsf-refactor/benchmarks/reconstructed_fault/post_r6_cleanup/install/include/rapidjson/internal/swap.h
-- Up-to-date: /home/ein/repository/aspect-pf-rsf-refactor/benchmarks/reconstructed_fault/post_r6_cleanup/install/include/rapidjson/internal/stack.h
-- Up-to-date: /home/ein/repository/aspect-pf-rsf-refactor/benchmarks/reconstructed_fault/post_r6_cleanup/install/include/rapidjson/internal/strtod.h
-- Up-to-date: /home/ein/repository/aspect-pf-rsf-refactor/benchmarks/reconstructed_fault/post_r6_cleanup/install/include/rapidjson/internal/regex.h
-- Up-to-date: /home/ein/repository/aspect-pf-rsf-refactor/benchmarks/reconstructed_fault/post_r6_cleanup/install/include/rapidjson/internal/diyfp.h
-- Up-to-date: /home/ein/repository/aspect-pf-rsf-refactor/benchmarks/reconstructed_fault/post_r6_cleanup/install/include/rapidjson/internal/itoa.h
-- Up-to-date: /home/ein/repository/aspect-pf-rsf-refactor/benchmarks/reconstructed_fault/post_r6_cleanup/install/include/rapidjson/internal/meta.h
-- Up-to-date: /home/ein/repository/aspect-pf-rsf-refactor/benchmarks/reconstructed_fault/post_r6_cleanup/install/include/rapidjson/internal/strfunc.h
-- Up-to-date: /home/ein/repository/aspect-pf-rsf-refactor/benchmarks/reconstructed_fault/post_r6_cleanup/install/include/rapidjson/internal/biginteger.h
-- Up-to-date: /home/ein/repository/aspect-pf-rsf-refactor/benchmarks/reconstructed_fault/post_r6_cleanup/install/include/rapidjson/internal/ieee754.h
-- Up-to-date: /home/ein/repository/aspect-pf-rsf-refactor/benchmarks/reconstructed_fault/post_r6_cleanup/install/include/rapidjson/internal/dtoa.h
-- Up-to-date: /home/ein/repository/aspect-pf-rsf-refactor/benchmarks/reconstructed_fault/post_r6_cleanup/install/include/rapidjson/stream.h
-- Up-to-date: /home/ein/repository/aspect-pf-rsf-refactor/benchmarks/reconstructed_fault/post_r6_cleanup/install/include/rapidjson/allocators.h
-- Up-to-date: /home/ein/repository/aspect-pf-rsf-refactor/benchmarks/reconstructed_fault/post_r6_cleanup/install/include/rapidjson/encodedstream.h
-- Up-to-date: /home/ein/repository/aspect-pf-rsf-refactor/benchmarks/reconstructed_fault/post_r6_cleanup/install/include/rapidjson/latexwriter.h
-- Up-to-date: /home/ein/repository/aspect-pf-rsf-refactor/benchmarks/reconstructed_fault/post_r6_cleanup/install/include/rapidjson/stringbuffer.h
-- Up-to-date: /home/ein/repository/aspect-pf-rsf-refactor/benchmarks/reconstructed_fault/post_r6_cleanup/install/include/rapidjson/mystwriter.h
-- Up-to-date: /home/ein/repository/aspect-pf-rsf-refactor/benchmarks/reconstructed_fault/post_r6_cleanup/install/include/rapidjson/document.h
-- Up-to-date: /home/ein/repository/aspect-pf-rsf-refactor/benchmarks/reconstructed_fault/post_r6_cleanup/install/include/rapidjson/rapidjson.h
-- Up-to-date: /home/ein/repository/aspect-pf-rsf-refactor/benchmarks/reconstructed_fault/post_r6_cleanup/install/include/rapidjson/filewritestream.h
-- Up-to-date: /home/ein/repository/aspect-pf-rsf-refactor/benchmarks/reconstructed_fault/post_r6_cleanup/install/include/rapidjson/fwd.h
-- Up-to-date: /home/ein/repository/aspect-pf-rsf-refactor/benchmarks/reconstructed_fault/post_r6_cleanup/install/include/rapidjson/memorybuffer.h
-- Up-to-date: /home/ein/repository/aspect-pf-rsf-refactor/benchmarks/reconstructed_fault/post_r6_cleanup/install/include/rapidjson/writer.h
-- Up-to-date: /home/ein/repository/aspect-pf-rsf-refactor/benchmarks/reconstructed_fault/post_r6_cleanup/install/include/rapidjson/prettywriter.h
-- Up-to-date: /home/ein/repository/aspect-pf-rsf-refactor/benchmarks/reconstructed_fault/post_r6_cleanup/install/include/rapidjson/cursorstreamwrapper.h
-- Up-to-date: /home/ein/repository/aspect-pf-rsf-refactor/benchmarks/reconstructed_fault/post_r6_cleanup/install/include/rapidjson/filereadstream.h
-- Up-to-date: /home/ein/repository/aspect-pf-rsf-refactor/benchmarks/reconstructed_fault/post_r6_cleanup/install/include/rapidjson/memorystream.h
-- Up-to-date: /home/ein/repository/aspect-pf-rsf-refactor/benchmarks/reconstructed_fault/post_r6_cleanup/install/include/rapidjson/msinttypes
-- Up-to-date: /home/ein/repository/aspect-pf-rsf-refactor/benchmarks/reconstructed_fault/post_r6_cleanup/install/include/rapidjson/msinttypes/stdint.h
-- Up-to-date: /home/ein/repository/aspect-pf-rsf-refactor/benchmarks/reconstructed_fault/post_r6_cleanup/install/include/rapidjson/msinttypes/inttypes.h
-- Up-to-date: /home/ein/repository/aspect-pf-rsf-refactor/benchmarks/reconstructed_fault/post_r6_cleanup/install/include/rapidjson/encodings.h
-- Up-to-date: /home/ein/repository/aspect-pf-rsf-refactor/benchmarks/reconstructed_fault/post_r6_cleanup/install/include/rapidjson/istreamwrapper.h
-- Up-to-date: /home/ein/repository/aspect-pf-rsf-refactor/benchmarks/reconstructed_fault/post_r6_cleanup/install/include/rapidjson/pointer.h
-- Up-to-date: /home/ein/repository/aspect-pf-rsf-refactor/benchmarks/reconstructed_fault/post_r6_cleanup/install/include/rapidjson/schema.h
-- Up-to-date: /home/ein/repository/aspect-pf-rsf-refactor/benchmarks/reconstructed_fault/post_r6_cleanup/install/include/delaunator-cpp
-- Up-to-date: /home/ein/repository/aspect-pf-rsf-refactor/benchmarks/reconstructed_fault/post_r6_cleanup/install/include/app
-- Up-to-date: /home/ein/repository/aspect-pf-rsf-refactor/benchmarks/reconstructed_fault/post_r6_cleanup/install/include/app/main.h
-- Up-to-date: /home/ein/repository/aspect-pf-rsf-refactor/benchmarks/reconstructed_fault/post_r6_cleanup/install/include/glm
-- Up-to-date: /home/ein/repository/aspect-pf-rsf-refactor/benchmarks/reconstructed_fault/post_r6_cleanup/install/include/glm/glm.h
-- Up-to-date: /home/ein/repository/aspect-pf-rsf-refactor/benchmarks/reconstructed_fault/post_r6_cleanup/install/include/doctest
-- Up-to-date: /home/ein/repository/aspect-pf-rsf-refactor/benchmarks/reconstructed_fault/post_r6_cleanup/install/include/doctest/doctest.h
-- Up-to-date: /home/ein/repository/aspect-pf-rsf-refactor/benchmarks/reconstructed_fault/post_r6_cleanup/install/include/world_builder
-- Up-to-date: /home/ein/repository/aspect-pf-rsf-refactor/benchmarks/reconstructed_fault/post_r6_cleanup/install/include/world_builder/objects
-- Up-to-date: /home/ein/repository/aspect-pf-rsf-refactor/benchmarks/reconstructed_fault/post_r6_cleanup/install/include/world_builder/objects/closest_point_on_curve.h
-- Up-to-date: /home/ein/repository/aspect-pf-rsf-refactor/benchmarks/reconstructed_fault/post_r6_cleanup/install/include/world_builder/objects/distance_from_surface.h
-- Up-to-date: /home/ein/repository/aspect-pf-rsf-refactor/benchmarks/reconstructed_fault/post_r6_cleanup/install/include/world_builder/objects/surface.h
-- Up-to-date: /home/ein/repository/aspect-pf-rsf-refactor/benchmarks/reconstructed_fault/post_r6_cleanup/install/include/world_builder/objects/bezier_curve.h
-- Up-to-date: /home/ein/repository/aspect-pf-rsf-refactor/benchmarks/reconstructed_fault/post_r6_cleanup/install/include/world_builder/objects/segment.h
-- Up-to-date: /home/ein/repository/aspect-pf-rsf-refactor/benchmarks/reconstructed_fault/post_r6_cleanup/install/include/world_builder/objects/natural_coordinate.h
-- Up-to-date: /home/ein/repository/aspect-pf-rsf-refactor/benchmarks/reconstructed_fault/post_r6_cleanup/install/include/world_builder/coordinate_systems
-- Up-to-date: /home/ein/repository/aspect-pf-rsf-refactor/benchmarks/reconstructed_fault/post_r6_cleanup/install/include/world_builder/coordinate_systems/interface.h
-- Up-to-date: /home/ein/repository/aspect-pf-rsf-refactor/benchmarks/reconstructed_fault/post_r6_cleanup/install/include/world_builder/coordinate_systems/spherical.h
-- Up-to-date: /home/ein/repository/aspect-pf-rsf-refactor/benchmarks/reconstructed_fault/post_r6_cleanup/install/include/world_builder/coordinate_systems/cartesian.h
-- Up-to-date: /home/ein/repository/aspect-pf-rsf-refactor/benchmarks/reconstructed_fault/post_r6_cleanup/install/include/world_builder/coordinate_systems/invalid.h
-- Up-to-date: /home/ein/repository/aspect-pf-rsf-refactor/benchmarks/reconstructed_fault/post_r6_cleanup/install/include/world_builder/deprecate.h
-- Up-to-date: /home/ein/repository/aspect-pf-rsf-refactor/benchmarks/reconstructed_fault/post_r6_cleanup/install/include/world_builder/nan.h
-- Up-to-date: /home/ein/repository/aspect-pf-rsf-refactor/benchmarks/reconstructed_fault/post_r6_cleanup/install/include/world_builder/wrapper_c.h
-- Up-to-date: /home/ein/repository/aspect-pf-rsf-refactor/benchmarks/reconstructed_fault/post_r6_cleanup/install/include/world_builder/types
-- Up-to-date: /home/ein/repository/aspect-pf-rsf-refactor/benchmarks/reconstructed_fault/post_r6_cleanup/install/include/world_builder/types/plugin_system.h
-- Up-to-date: /home/ein/repository/aspect-pf-rsf-refactor/benchmarks/reconstructed_fault/post_r6_cleanup/install/include/world_builder/types/one_of.h
-- Up-to-date: /home/ein/repository/aspect-pf-rsf-refactor/benchmarks/reconstructed_fault/post_r6_cleanup/install/include/world_builder/types/interface.h
-- Up-to-date: /home/ein/repository/aspect-pf-rsf-refactor/benchmarks/reconstructed_fault/post_r6_cleanup/install/include/world_builder/types/object.h
-- Up-to-date: /home/ein/repository/aspect-pf-rsf-refactor/benchmarks/reconstructed_fault/post_r6_cleanup/install/include/world_builder/types/array.h
-- Up-to-date: /home/ein/repository/aspect-pf-rsf-refactor/benchmarks/reconstructed_fault/post_r6_cleanup/install/include/world_builder/types/double.h
-- Up-to-date: /home/ein/repository/aspect-pf-rsf-refactor/benchmarks/reconstructed_fault/post_r6_cleanup/install/include/world_builder/types/point.h
-- Up-to-date: /home/ein/repository/aspect-pf-rsf-refactor/benchmarks/reconstructed_fault/post_r6_cleanup/install/include/world_builder/types/segment.h
-- Up-to-date: /home/ein/repository/aspect-pf-rsf-refactor/benchmarks/reconstructed_fault/post_r6_cleanup/install/include/world_builder/types/int.h
-- Up-to-date: /home/ein/repository/aspect-pf-rsf-refactor/benchmarks/reconstructed_fault/post_r6_cleanup/install/include/world_builder/types/bool.h
-- Up-to-date: /home/ein/repository/aspect-pf-rsf-refactor/benchmarks/reconstructed_fault/post_r6_cleanup/install/include/world_builder/types/unsigned_int.h
-- Up-to-date: /home/ein/repository/aspect-pf-rsf-refactor/benchmarks/reconstructed_fault/post_r6_cleanup/install/include/world_builder/types/value_at_points.h
-- Up-to-date: /home/ein/repository/aspect-pf-rsf-refactor/benchmarks/reconstructed_fault/post_r6_cleanup/install/include/world_builder/types/string.h
-- Up-to-date: /home/ein/repository/aspect-pf-rsf-refactor/benchmarks/reconstructed_fault/post_r6_cleanup/install/include/world_builder/kd_tree.h
-- Up-to-date: /home/ein/repository/aspect-pf-rsf-refactor/benchmarks/reconstructed_fault/post_r6_cleanup/install/include/world_builder/utilities.h
-- Up-to-date: /home/ein/repository/aspect-pf-rsf-refactor/benchmarks/reconstructed_fault/post_r6_cleanup/install/include/world_builder/features
-- Up-to-date: /home/ein/repository/aspect-pf-rsf-refactor/benchmarks/reconstructed_fault/post_r6_cleanup/install/include/world_builder/features/interface.h
-- Up-to-date: /home/ein/repository/aspect-pf-rsf-refactor/benchmarks/reconstructed_fault/post_r6_cleanup/install/include/world_builder/features/mantle_layer_models
-- Up-to-date: /home/ein/repository/aspect-pf-rsf-refactor/benchmarks/reconstructed_fault/post_r6_cleanup/install/include/world_builder/features/mantle_layer_models/temperature
-- Up-to-date: /home/ein/repository/aspect-pf-rsf-refactor/benchmarks/reconstructed_fault/post_r6_cleanup/install/include/world_builder/features/mantle_layer_models/temperature/interface.h
-- Up-to-date: /home/ein/repository/aspect-pf-rsf-refactor/benchmarks/reconstructed_fault/post_r6_cleanup/install/include/world_builder/features/mantle_layer_models/temperature/linear.h
-- Up-to-date: /home/ein/repository/aspect-pf-rsf-refactor/benchmarks/reconstructed_fault/post_r6_cleanup/install/include/world_builder/features/mantle_layer_models/temperature/uniform.h
-- Up-to-date: /home/ein/repository/aspect-pf-rsf-refactor/benchmarks/reconstructed_fault/post_r6_cleanup/install/include/world_builder/features/mantle_layer_models/temperature/adiabatic.h
-- Up-to-date: /home/ein/repository/aspect-pf-rsf-refactor/benchmarks/reconstructed_fault/post_r6_cleanup/install/include/world_builder/features/mantle_layer_models/grains
-- Up-to-date: /home/ein/repository/aspect-pf-rsf-refactor/benchmarks/reconstructed_fault/post_r6_cleanup/install/include/world_builder/features/mantle_layer_models/grains/interface.h
-- Up-to-date: /home/ein/repository/aspect-pf-rsf-refactor/benchmarks/reconstructed_fault/post_r6_cleanup/install/include/world_builder/features/mantle_layer_models/grains/random_uniform_distribution_deflected.h
-- Up-to-date: /home/ein/repository/aspect-pf-rsf-refactor/benchmarks/reconstructed_fault/post_r6_cleanup/install/include/world_builder/features/mantle_layer_models/grains/random_uniform_distribution.h
-- Up-to-date: /home/ein/repository/aspect-pf-rsf-refactor/benchmarks/reconstructed_fault/post_r6_cleanup/install/include/world_builder/features/mantle_layer_models/grains/uniform.h
-- Up-to-date: /home/ein/repository/aspect-pf-rsf-refactor/benchmarks/reconstructed_fault/post_r6_cleanup/install/include/world_builder/features/mantle_layer_models/composition
-- Up-to-date: /home/ein/repository/aspect-pf-rsf-refactor/benchmarks/reconstructed_fault/post_r6_cleanup/install/include/world_builder/features/mantle_layer_models/composition/interface.h
-- Up-to-date: /home/ein/repository/aspect-pf-rsf-refactor/benchmarks/reconstructed_fault/post_r6_cleanup/install/include/world_builder/features/mantle_layer_models/composition/uniform.h
-- Up-to-date: /home/ein/repository/aspect-pf-rsf-refactor/benchmarks/reconstructed_fault/post_r6_cleanup/install/include/world_builder/features/continental_plate_models
-- Up-to-date: /home/ein/repository/aspect-pf-rsf-refactor/benchmarks/reconstructed_fault/post_r6_cleanup/install/include/world_builder/features/continental_plate_models/temperature
-- Up-to-date: /home/ein/repository/aspect-pf-rsf-refactor/benchmarks/reconstructed_fault/post_r6_cleanup/install/include/world_builder/features/continental_plate_models/temperature/interface.h
-- Up-to-date: /home/ein/repository/aspect-pf-rsf-refactor/benchmarks/reconstructed_fault/post_r6_cleanup/install/include/world_builder/features/continental_plate_models/temperature/linear.h
-- Up-to-date: /home/ein/repository/aspect-pf-rsf-refactor/benchmarks/reconstructed_fault/post_r6_cleanup/install/include/world_builder/features/continental_plate_models/temperature/uniform.h
-- Up-to-date: /home/ein/repository/aspect-pf-rsf-refactor/benchmarks/reconstructed_fault/post_r6_cleanup/install/include/world_builder/features/continental_plate_models/temperature/adiabatic.h
-- Up-to-date: /home/ein/repository/aspect-pf-rsf-refactor/benchmarks/reconstructed_fault/post_r6_cleanup/install/include/world_builder/features/continental_plate_models/grains
-- Up-to-date: /home/ein/repository/aspect-pf-rsf-refactor/benchmarks/reconstructed_fault/post_r6_cleanup/install/include/world_builder/features/continental_plate_models/grains/interface.h
-- Up-to-date: /home/ein/repository/aspect-pf-rsf-refactor/benchmarks/reconstructed_fault/post_r6_cleanup/install/include/world_builder/features/continental_plate_models/grains/random_uniform_distribution_deflected.h
-- Up-to-date: /home/ein/repository/aspect-pf-rsf-refactor/benchmarks/reconstructed_fault/post_r6_cleanup/install/include/world_builder/features/continental_plate_models/grains/random_uniform_distribution.h
-- Up-to-date: /home/ein/repository/aspect-pf-rsf-refactor/benchmarks/reconstructed_fault/post_r6_cleanup/install/include/world_builder/features/continental_plate_models/grains/uniform.h
-- Up-to-date: /home/ein/repository/aspect-pf-rsf-refactor/benchmarks/reconstructed_fault/post_r6_cleanup/install/include/world_builder/features/continental_plate_models/composition
-- Up-to-date: /home/ein/repository/aspect-pf-rsf-refactor/benchmarks/reconstructed_fault/post_r6_cleanup/install/include/world_builder/features/continental_plate_models/composition/interface.h
-- Up-to-date: /home/ein/repository/aspect-pf-rsf-refactor/benchmarks/reconstructed_fault/post_r6_cleanup/install/include/world_builder/features/continental_plate_models/composition/random.h
-- Up-to-date: /home/ein/repository/aspect-pf-rsf-refactor/benchmarks/reconstructed_fault/post_r6_cleanup/install/include/world_builder/features/continental_plate_models/composition/uniform.h
-- Up-to-date: /home/ein/repository/aspect-pf-rsf-refactor/benchmarks/reconstructed_fault/post_r6_cleanup/install/include/world_builder/features/fault.h
-- Up-to-date: /home/ein/repository/aspect-pf-rsf-refactor/benchmarks/reconstructed_fault/post_r6_cleanup/install/include/world_builder/features/plume_models
-- Up-to-date: /home/ein/repository/aspect-pf-rsf-refactor/benchmarks/reconstructed_fault/post_r6_cleanup/install/include/world_builder/features/plume_models/temperature
-- Up-to-date: /home/ein/repository/aspect-pf-rsf-refactor/benchmarks/reconstructed_fault/post_r6_cleanup/install/include/world_builder/features/plume_models/temperature/interface.h
-- Up-to-date: /home/ein/repository/aspect-pf-rsf-refactor/benchmarks/reconstructed_fault/post_r6_cleanup/install/include/world_builder/features/plume_models/temperature/gaussian.h
-- Up-to-date: /home/ein/repository/aspect-pf-rsf-refactor/benchmarks/reconstructed_fault/post_r6_cleanup/install/include/world_builder/features/plume_models/temperature/uniform.h
-- Up-to-date: /home/ein/repository/aspect-pf-rsf-refactor/benchmarks/reconstructed_fault/post_r6_cleanup/install/include/world_builder/features/plume_models/grains
-- Up-to-date: /home/ein/repository/aspect-pf-rsf-refactor/benchmarks/reconstructed_fault/post_r6_cleanup/install/include/world_builder/features/plume_models/grains/interface.h
-- Up-to-date: /home/ein/repository/aspect-pf-rsf-refactor/benchmarks/reconstructed_fault/post_r6_cleanup/install/include/world_builder/features/plume_models/grains/random_uniform_distribution_deflected.h
-- Up-to-date: /home/ein/repository/aspect-pf-rsf-refactor/benchmarks/reconstructed_fault/post_r6_cleanup/install/include/world_builder/features/plume_models/grains/uniform.h
-- Up-to-date: /home/ein/repository/aspect-pf-rsf-refactor/benchmarks/reconstructed_fault/post_r6_cleanup/install/include/world_builder/features/plume_models/composition
-- Up-to-date: /home/ein/repository/aspect-pf-rsf-refactor/benchmarks/reconstructed_fault/post_r6_cleanup/install/include/world_builder/features/plume_models/composition/interface.h
-- Up-to-date: /home/ein/repository/aspect-pf-rsf-refactor/benchmarks/reconstructed_fault/post_r6_cleanup/install/include/world_builder/features/plume_models/composition/uniform.h
-- Up-to-date: /home/ein/repository/aspect-pf-rsf-refactor/benchmarks/reconstructed_fault/post_r6_cleanup/install/include/world_builder/features/mantle_layer.h
-- Up-to-date: /home/ein/repository/aspect-pf-rsf-refactor/benchmarks/reconstructed_fault/post_r6_cleanup/install/include/world_builder/features/continental_plate.h
-- Up-to-date: /home/ein/repository/aspect-pf-rsf-refactor/benchmarks/reconstructed_fault/post_r6_cleanup/install/include/world_builder/features/oceanic_plate.h
-- Up-to-date: /home/ein/repository/aspect-pf-rsf-refactor/benchmarks/reconstructed_fault/post_r6_cleanup/install/include/world_builder/features/subducting_plate.h
-- Up-to-date: /home/ein/repository/aspect-pf-rsf-refactor/benchmarks/reconstructed_fault/post_r6_cleanup/install/include/world_builder/features/feature_utilities.h
-- Up-to-date: /home/ein/repository/aspect-pf-rsf-refactor/benchmarks/reconstructed_fault/post_r6_cleanup/install/include/world_builder/features/subducting_plate_models
-- Up-to-date: /home/ein/repository/aspect-pf-rsf-refactor/benchmarks/reconstructed_fault/post_r6_cleanup/install/include/world_builder/features/subducting_plate_models/temperature
-- Up-to-date: /home/ein/repository/aspect-pf-rsf-refactor/benchmarks/reconstructed_fault/post_r6_cleanup/install/include/world_builder/features/subducting_plate_models/temperature/interface.h
-- Up-to-date: /home/ein/repository/aspect-pf-rsf-refactor/benchmarks/reconstructed_fault/post_r6_cleanup/install/include/world_builder/features/subducting_plate_models/temperature/linear.h
-- Up-to-date: /home/ein/repository/aspect-pf-rsf-refactor/benchmarks/reconstructed_fault/post_r6_cleanup/install/include/world_builder/features/subducting_plate_models/temperature/mass_conserving.h
-- Up-to-date: /home/ein/repository/aspect-pf-rsf-refactor/benchmarks/reconstructed_fault/post_r6_cleanup/install/include/world_builder/features/subducting_plate_models/temperature/plate_model.h
-- Up-to-date: /home/ein/repository/aspect-pf-rsf-refactor/benchmarks/reconstructed_fault/post_r6_cleanup/install/include/world_builder/features/subducting_plate_models/temperature/uniform.h
-- Up-to-date: /home/ein/repository/aspect-pf-rsf-refactor/benchmarks/reconstructed_fault/post_r6_cleanup/install/include/world_builder/features/subducting_plate_models/temperature/adiabatic.h
-- Up-to-date: /home/ein/repository/aspect-pf-rsf-refactor/benchmarks/reconstructed_fault/post_r6_cleanup/install/include/world_builder/features/subducting_plate_models/grains
-- Up-to-date: /home/ein/repository/aspect-pf-rsf-refactor/benchmarks/reconstructed_fault/post_r6_cleanup/install/include/world_builder/features/subducting_plate_models/grains/interface.h
-- Up-to-date: /home/ein/repository/aspect-pf-rsf-refactor/benchmarks/reconstructed_fault/post_r6_cleanup/install/include/world_builder/features/subducting_plate_models/grains/random_uniform_distribution_deflected.h
-- Up-to-date: /home/ein/repository/aspect-pf-rsf-refactor/benchmarks/reconstructed_fault/post_r6_cleanup/install/include/world_builder/features/subducting_plate_models/grains/random_uniform_distribution.h
-- Up-to-date: /home/ein/repository/aspect-pf-rsf-refactor/benchmarks/reconstructed_fault/post_r6_cleanup/install/include/world_builder/features/subducting_plate_models/grains/uniform.h
-- Up-to-date: /home/ein/repository/aspect-pf-rsf-refactor/benchmarks/reconstructed_fault/post_r6_cleanup/install/include/world_builder/features/subducting_plate_models/composition
-- Up-to-date: /home/ein/repository/aspect-pf-rsf-refactor/benchmarks/reconstructed_fault/post_r6_cleanup/install/include/world_builder/features/subducting_plate_models/composition/interface.h
-- Up-to-date: /home/ein/repository/aspect-pf-rsf-refactor/benchmarks/reconstructed_fault/post_r6_cleanup/install/include/world_builder/features/subducting_plate_models/composition/tian2019_water_content.h
-- Up-to-date: /home/ein/repository/aspect-pf-rsf-refactor/benchmarks/reconstructed_fault/post_r6_cleanup/install/include/world_builder/features/subducting_plate_models/composition/smooth.h
-- Up-to-date: /home/ein/repository/aspect-pf-rsf-refactor/benchmarks/reconstructed_fault/post_r6_cleanup/install/include/world_builder/features/subducting_plate_models/composition/uniform.h
-- Up-to-date: /home/ein/repository/aspect-pf-rsf-refactor/benchmarks/reconstructed_fault/post_r6_cleanup/install/include/world_builder/features/fault_models
-- Up-to-date: /home/ein/repository/aspect-pf-rsf-refactor/benchmarks/reconstructed_fault/post_r6_cleanup/install/include/world_builder/features/fault_models/temperature
-- Up-to-date: /home/ein/repository/aspect-pf-rsf-refactor/benchmarks/reconstructed_fault/post_r6_cleanup/install/include/world_builder/features/fault_models/temperature/interface.h
-- Up-to-date: /home/ein/repository/aspect-pf-rsf-refactor/benchmarks/reconstructed_fault/post_r6_cleanup/install/include/world_builder/features/fault_models/temperature/linear.h
-- Up-to-date: /home/ein/repository/aspect-pf-rsf-refactor/benchmarks/reconstructed_fault/post_r6_cleanup/install/include/world_builder/features/fault_models/temperature/uniform.h
-- Up-to-date: /home/ein/repository/aspect-pf-rsf-refactor/benchmarks/reconstructed_fault/post_r6_cleanup/install/include/world_builder/features/fault_models/temperature/adiabatic.h
-- Up-to-date: /home/ein/repository/aspect-pf-rsf-refactor/benchmarks/reconstructed_fault/post_r6_cleanup/install/include/world_builder/features/fault_models/grains
-- Up-to-date: /home/ein/repository/aspect-pf-rsf-refactor/benchmarks/reconstructed_fault/post_r6_cleanup/install/include/world_builder/features/fault_models/grains/interface.h
-- Up-to-date: /home/ein/repository/aspect-pf-rsf-refactor/benchmarks/reconstructed_fault/post_r6_cleanup/install/include/world_builder/features/fault_models/grains/random_uniform_distribution_deflected.h
-- Up-to-date: /home/ein/repository/aspect-pf-rsf-refactor/benchmarks/reconstructed_fault/post_r6_cleanup/install/include/world_builder/features/fault_models/grains/random_uniform_distribution.h
-- Up-to-date: /home/ein/repository/aspect-pf-rsf-refactor/benchmarks/reconstructed_fault/post_r6_cleanup/install/include/world_builder/features/fault_models/grains/uniform.h
-- Up-to-date: /home/ein/repository/aspect-pf-rsf-refactor/benchmarks/reconstructed_fault/post_r6_cleanup/install/include/world_builder/features/fault_models/composition
-- Up-to-date: /home/ein/repository/aspect-pf-rsf-refactor/benchmarks/reconstructed_fault/post_r6_cleanup/install/include/world_builder/features/fault_models/composition/interface.h
-- Up-to-date: /home/ein/repository/aspect-pf-rsf-refactor/benchmarks/reconstructed_fault/post_r6_cleanup/install/include/world_builder/features/fault_models/composition/smooth.h
-- Up-to-date: /home/ein/repository/aspect-pf-rsf-refactor/benchmarks/reconstructed_fault/post_r6_cleanup/install/include/world_builder/features/fault_models/composition/uniform.h
-- Up-to-date: /home/ein/repository/aspect-pf-rsf-refactor/benchmarks/reconstructed_fault/post_r6_cleanup/install/include/world_builder/features/plume.h
-- Up-to-date: /home/ein/repository/aspect-pf-rsf-refactor/benchmarks/reconstructed_fault/post_r6_cleanup/install/include/world_builder/features/oceanic_plate_models
-- Up-to-date: /home/ein/repository/aspect-pf-rsf-refactor/benchmarks/reconstructed_fault/post_r6_cleanup/install/include/world_builder/features/oceanic_plate_models/temperature
-- Up-to-date: /home/ein/repository/aspect-pf-rsf-refactor/benchmarks/reconstructed_fault/post_r6_cleanup/install/include/world_builder/features/oceanic_plate_models/temperature/interface.h
-- Up-to-date: /home/ein/repository/aspect-pf-rsf-refactor/benchmarks/reconstructed_fault/post_r6_cleanup/install/include/world_builder/features/oceanic_plate_models/temperature/linear.h
-- Up-to-date: /home/ein/repository/aspect-pf-rsf-refactor/benchmarks/reconstructed_fault/post_r6_cleanup/install/include/world_builder/features/oceanic_plate_models/temperature/plate_model_constant_age.h
-- Up-to-date: /home/ein/repository/aspect-pf-rsf-refactor/benchmarks/reconstructed_fault/post_r6_cleanup/install/include/world_builder/features/oceanic_plate_models/temperature/plate_model.h
-- Up-to-date: /home/ein/repository/aspect-pf-rsf-refactor/benchmarks/reconstructed_fault/post_r6_cleanup/install/include/world_builder/features/oceanic_plate_models/temperature/half_space_model.h
-- Up-to-date: /home/ein/repository/aspect-pf-rsf-refactor/benchmarks/reconstructed_fault/post_r6_cleanup/install/include/world_builder/features/oceanic_plate_models/temperature/uniform.h
-- Up-to-date: /home/ein/repository/aspect-pf-rsf-refactor/benchmarks/reconstructed_fault/post_r6_cleanup/install/include/world_builder/features/oceanic_plate_models/temperature/adiabatic.h
-- Up-to-date: /home/ein/repository/aspect-pf-rsf-refactor/benchmarks/reconstructed_fault/post_r6_cleanup/install/include/world_builder/features/oceanic_plate_models/grains
-- Up-to-date: /home/ein/repository/aspect-pf-rsf-refactor/benchmarks/reconstructed_fault/post_r6_cleanup/install/include/world_builder/features/oceanic_plate_models/grains/interface.h
-- Up-to-date: /home/ein/repository/aspect-pf-rsf-refactor/benchmarks/reconstructed_fault/post_r6_cleanup/install/include/world_builder/features/oceanic_plate_models/grains/random_uniform_distribution_deflected.h
-- Up-to-date: /home/ein/repository/aspect-pf-rsf-refactor/benchmarks/reconstructed_fault/post_r6_cleanup/install/include/world_builder/features/oceanic_plate_models/grains/random_uniform_distribution.h
-- Up-to-date: /home/ein/repository/aspect-pf-rsf-refactor/benchmarks/reconstructed_fault/post_r6_cleanup/install/include/world_builder/features/oceanic_plate_models/grains/uniform.h
-- Up-to-date: /home/ein/repository/aspect-pf-rsf-refactor/benchmarks/reconstructed_fault/post_r6_cleanup/install/include/world_builder/features/oceanic_plate_models/composition
-- Up-to-date: /home/ein/repository/aspect-pf-rsf-refactor/benchmarks/reconstructed_fault/post_r6_cleanup/install/include/world_builder/features/oceanic_plate_models/composition/interface.h
-- Up-to-date: /home/ein/repository/aspect-pf-rsf-refactor/benchmarks/reconstructed_fault/post_r6_cleanup/install/include/world_builder/features/oceanic_plate_models/composition/tian2019_water_content.h
-- Up-to-date: /home/ein/repository/aspect-pf-rsf-refactor/benchmarks/reconstructed_fault/post_r6_cleanup/install/include/world_builder/features/oceanic_plate_models/composition/uniform.h
-- Up-to-date: /home/ein/repository/aspect-pf-rsf-refactor/benchmarks/reconstructed_fault/post_r6_cleanup/install/include/world_builder/point.h
-- Up-to-date: /home/ein/repository/aspect-pf-rsf-refactor/benchmarks/reconstructed_fault/post_r6_cleanup/install/include/world_builder/gravity_model
-- Up-to-date: /home/ein/repository/aspect-pf-rsf-refactor/benchmarks/reconstructed_fault/post_r6_cleanup/install/include/world_builder/gravity_model/interface.h
-- Up-to-date: /home/ein/repository/aspect-pf-rsf-refactor/benchmarks/reconstructed_fault/post_r6_cleanup/install/include/world_builder/gravity_model/uniform.h
-- Up-to-date: /home/ein/repository/aspect-pf-rsf-refactor/benchmarks/reconstructed_fault/post_r6_cleanup/install/include/world_builder/coordinate_system.h
-- Up-to-date: /home/ein/repository/aspect-pf-rsf-refactor/benchmarks/reconstructed_fault/post_r6_cleanup/install/include/world_builder/bounding_box.h
-- Up-to-date: /home/ein/repository/aspect-pf-rsf-refactor/benchmarks/reconstructed_fault/post_r6_cleanup/install/include/world_builder/grains.h
-- Up-to-date: /home/ein/repository/aspect-pf-rsf-refactor/benchmarks/reconstructed_fault/post_r6_cleanup/install/include/world_builder/parameters.h
-- Up-to-date: /home/ein/repository/aspect-pf-rsf-refactor/benchmarks/reconstructed_fault/post_r6_cleanup/install/include/world_builder/assert.h
-- Up-to-date: /home/ein/repository/aspect-pf-rsf-refactor/benchmarks/reconstructed_fault/post_r6_cleanup/install/include/world_builder/consts.h
-- Up-to-date: /home/ein/repository/aspect-pf-rsf-refactor/benchmarks/reconstructed_fault/post_r6_cleanup/install/include/world_builder/world.h
-- Up-to-date: /home/ein/repository/aspect-pf-rsf-refactor/benchmarks/reconstructed_fault/post_r6_cleanup/install/include/world_builder/wrapper_cpp.h
-- Up-to-date: /home/ein/repository/aspect-pf-rsf-refactor/benchmarks/reconstructed_fault/post_r6_cleanup/install/include/visualization
-- Up-to-date: /home/ein/repository/aspect-pf-rsf-refactor/benchmarks/reconstructed_fault/post_r6_cleanup/install/include/visualization/main.h
-- Up-to-date: /home/ein/repository/aspect-pf-rsf-refactor/benchmarks/reconstructed_fault/post_r6_cleanup/install/include/ApprovalTests
