5000 120.14295120000001
0 0.59999999999999998 0
0.0052995072814028829 0.59999994075868135 3.8201898430619652
0.010599015783770878 0.59999976303474889 7.6403772658683593
0.015898526728184943 0.59999946682827277 11.460559848253919
0.0211980413353429 0.5999990521393701 15.280735169790784
0.02649756082617935 0.59999851896820433 19.100900810242173
0.031797086421523665 0.5999978673149865 22.921054349322631
0.037096619342364662 0.59999709717997352 26.741193366895622
0.0423961608095592 0.59999620856346991 30.561315442770272
0.047695712044065447 0.59999520146582652 34.381418156876308
0.052995274266721973 0.59999407588744091 38.201499089111607
0.058294848698364474 0.59999283182875773 42.021555819433146
0.063594436559861536 0.59999146929026825 45.841585927889568
0.068894039072079624 0.59998998827251082 49.66158699460275
0.074193657455882286 0.5999883887760703 53.481556599774009
0.079493292932100459 0.59998667080157819 57.3014923236695
0.084792946721556309 0.59998483434971317 61.121391746644186
0.090092620045050309 0.59998287942120032 64.941252449139327
0.095392314123372221 0.59998080601681203 68.761072011697181
0.10069203017730793 0.59997861413736697 72.580848014972744
0.10599176942761698 0.59997630378373079 76.40057803972428
0.11129153309504351 0.59997387495681609 80.220259666828099
0.11659132240031839 0.5999713276575821 84.039890477286789
0.12189113856415623 0.59996866188703479 87.859468052233922
0.12719098280723948 0.59996587764622689 91.67898997292933
0.13249085635023347 0.59996297493625816 95.49845382077676
0.13779076041378863 0.59995995375827493 99.317857177332243
0.14309069621853049 0.59995681411347046 103.1371976243037
0.14839066498506048 0.59995355600308464 106.95647274355828
0.15369066793395383 0.59995017942840434 110.77568011712764
0.1589907062857609 0.59994668439076293 114.59481732721565
0.16429078126101182 0.59994307089154109 118.41388195620861
0.16959089408020633 0.59993933893216556 122.23287158667463
0.17489104596381316 0.59993548851411049 126.05178380136996
0.18019123813227661 0.59993151963889646 129.87061618325055
0.18549147180600614 0.59992743230809087 133.68936631547132
0.19079174820538641 0.59992322652330821 137.50803178140015
0.19609206855077055 0.59991890228620937 141.32661016461981
0.20139243406247562 0.5999144595985022 145.14509904893148
0.20669284596078688 0.5999098984619412 148.96349601836459
0.21199330546595901 0.59990521887832804 152.78179865718445
0.21729381379821028 0.59990042084951067 156.60000454989486
0.22259437217771919 0.59989550437738393 160.41811128124243
0.2278949818246313 0.5998904694638898 164.23611643622826
0.23319564395905557 0.5998853161110167 168.05401760011208
0.23849635980105932 0.59988004432079978 171.87181235841538
0.2437971305706704 0.59987465409532115 175.68949829692977
0.24909795748787955 0.59986914543670977 179.50707300172539
0.25439884177263555 0.59986351834714113 183.32453405915419
0.25969978464484361 0.59985777282883768 187.14187905585553
0.26500078732436649 0.59985190888406836 190.95910557876374
0.27030185103102217 0.59984592651514923 194.77621121511322
0.27560297698458369 0.59983982572444294 198.59319355244506
0.28090416640478222 0.59983360651435924 202.41005017861596
0.28620542051130027 0.59982726888735394 206.22677868180017
0.29150674052377057 0.59982081284593014 210.04337665049536
0.2968081276617795 0.5998142383926377 213.85984167353186
0.30210958314486402 0.59980754553007309 217.67617134007722
0.30741110819251161 0.59980073426087965 221.49236323964283
0.31271270402415857 0.59979380458774745 225.30841496208956
0.31801437185918879 0.59978675651341329 229.12432409763343
0.32331611291693452 0.59977959004066084 232.94008823685311
0.32861792841667314 0.59977230517232005 236.75570497069418
0.33391981957762623 0.59976490191126841 240.5711718904752
0.33922178761896232 0.5997573802604298 244.38648658789648
0.34452383375979351 0.59974974022277461 248.20164665504436
0.34982595921917309 0.59974198180132032 252.01664968439613
0.35512816521609714 0.59973410499913116 255.83149326882807
0.36043045296950299 0.59972610981931784 259.64617500162092
0.36573282369826771 0.59971799626503808 263.46069247646551
0.37103527862120717 0.59970976433949619 267.27504328746892
0.37633781895707485 0.59970141404594324 271.08922502916016
0.38164044592456337 0.59969294538767748 274.90323529649817
0.38694316074230145 0.59968435836804312 278.7170716848762
0.39224596462885269 0.5996756529904318 282.53073179012773
0.3975488588027164 0.59966682925828152 286.34421320853363
0.40285184448232486 0.59965788717507718 290.15751353682703
0.40815492288604366 0.59964882674435038 293.97063037220022
0.41345809523217014 0.59963964796967939 297.78356131231016
0.41876136273893289 0.59963035085468941 301.5963039552849
0.42406472662449152 0.59962093540305228 305.40885589973004
0.42936818810693433 0.59961140161848647 309.22121474473374
0.43467174840427802 0.5996017495047572 313.03337808987328
0.43997540873446733 0.59959197906567674 316.84534353522133
0.44527917031537306 0.59958209030510345 320.6571086813513
0.45058303436479219 0.59957208322694333 324.46867112934416
0.45588700210044736 0.59956195783514832 328.28002848079461
0.46119107473998433 0.59955171413371722 332.0911783378159
0.46649525350097232 0.59954135212669601 335.9021183030469
0.47179953960090315 0.59953087181817699 339.71284597965808
0.47710393425718933 0.59952027321229906 343.52335897135669
0.48240843868716377 0.5995095563132482 347.33365488239326
0.48771305410807975 0.59949872112525715 351.14373131756832
0.49301778173710931 0.59948776765260492 354.9535858822378
0.49832262279134132 0.5994766958996175 358.76321618231833
0.50362757848778195 0.59946550587066771 362.57261982429412
0.50893265004335397 0.59945419757017504 366.38179441522334
0.51423783867489514 0.59944277100260546 370.19073756274327
0.51954314559915715 0.59943122617247191 373.99944687507639
0.52484857203280499 0.59941956308433375 377.80791996103653
0.5301541191924164 0.59940778174279741 381.61615443003501
0.53545978829448104 0.59939588215251582 385.42414789208681
0.54076558055539892 0.59938386431818858 389.23189795781587
0.54607149719147963 0.59937172824456197 393.03940223846132
0.55137753941894185 0.59935947393642908 396.84665834588367
0.55668370845391268 0.5993471013986299 400.65366389257088
0.56199000551242617 0.59933461063605042 404.46041649164403
0.56729643181042255 0.59932200165362415 408.26691375686329
0.57260298856374781 0.59930927445633075 412.07315330263418
0.57790967698815154 0.59929642904919656 415.87913274401274
0.58321649829928734 0.59928346543729494 419.68484969671221
0.58852345371271231 0.59927038362574603 423.49030177710944
0.59383054444388472 0.59925718361971592 427.29548660224975
0.59913777170816362 0.5992438654244181 431.10040178985309
0.60444513672080891 0.59923042904511259 434.9050449583209
0.6097526406969791 0.5992168744871057 438.70941372674088
0.61506028485173081 0.59920320175575081 442.5135057148932
0.62036807040001851 0.59918941085644795 446.31731854325704
0.62567599855669287 0.59917550179464352 450.12084983301582
0.63098407053650052 0.59916147457583113 453.92409720606355
0.63629228755408274 0.59914732920555036 457.72705828501057
0.64160065082397455 0.59913306568938807 461.52973069318932
0.6469091615606043 0.59911868403297741 465.33211205466063
0.6522178209782924 0.59910418424199841 469.13419999421944
0.65752663029125002 0.59908956632217736 472.93599213740021
0.66283559071357889 0.59907483027928776 476.73748611048342
0.66814470345927057 0.59905997611914963 480.53867954050162
0.67345396974220506 0.59904500384762904 484.33957005524479
0.67876339077614944 0.5990299134706395 488.14015528326598
0.68407296777475823 0.59901470499414078 491.94043285388813
0.68938270195157192 0.59899937842413931 495.74040039720938
0.69469259452001575 0.59898393376668824 499.54005554410884
0.70000264669339907 0.59896837102788725 503.33939592625245
0.70531285968491486 0.59895269021388287 507.13841917609938
0.71062323470763833 0.59893689133086792 510.93712292690719
0.71593377297452598 0.59892097438508218 514.73550481273799
0.72124447569841532 0.59890493938281186 518.53356246846442
0.72655534409202327 0.59888878633038978 522.33129352977517
0.73186637936794585 0.59887251523419571 526.128695633181
0.73717758273865719 0.59885612610065553 529.92576641602079
0.74248895541650828 0.59883961893624227 533.72250351646699
0.74780049861372655 0.59882299374747505 537.51890457353147
0.75311221354241442 0.59880625054091985 541.31496722707152
0.75842410141454919 0.59878938932318948 545.11068911779569
0.76373616344198147 0.59877241010094295 548.90606788726939
0.76904840083643478 0.59875531288088624 552.70110117792092
0.77436081480950436 0.5987380976697716 556.49578663304703
0.77967340657265649 0.59872076447439826 560.29012189681896
0.78498617733722753 0.59870331330161153 564.08410461428798
0.79029912831442284 0.59868574415830378 567.87773243139134
0.79561226071531621 0.59866805705141379 571.67100299495792
0.80092557575084877 0.59865025198792687 575.46391395271417
0.80623907463182853 0.59863232897487517 579.25646295328988
0.81155275856892906 0.59861428801933725 583.04864764622391
0.81686662877268867 0.59859612912843807 586.84046568196982
0.82218068645350961 0.59857785230934935 590.63191471190157
0.82749493282165709 0.59855945756928941 594.42299238831947
0.83280936908725856 0.59854094491552312 598.21369636445593
0.83812399646030289 0.59852231435536196 602.00402429448104
0.84343881615063931 0.59850356589616394 605.79397383350852
0.8487538293679765 0.59848469954533345 609.58354263760111
0.85406903732188177 0.59846571531032167 613.37272836377656
0.85938444122178048 0.59844661319862635 617.16152867001335
0.86470004227695474 0.59842739321779181 620.94994121525633
0.87001584169654278 0.59840805537540853 624.73796365942246
0.87533184068953784 0.59838859967911417 628.52559366340631
0.88064804046478773 0.59836902613659237 632.31282888908606
0.88596444223099335 0.5983493347555735 636.09966699932897
0.89128104719670842 0.59832952554383478 639.88610565799718
0.89659785657033819 0.59830959850919951 643.67214252995336
0.90191487156013883 0.59828955365953784 647.45777528106646
0.90723209337421651 0.59826939100276622 651.24300157821733
0.91254952322052607 0.59824911054684771 655.0278190893041
0.91786716230687093 0.59822871229979202 658.81222548324831
0.92318501184090151 0.59820819626965516 662.59621843000002
0.92850307303011503 0.59818756246453997 666.3797956005443
0.93382134708185394 0.59816681089259527 670.16295466690576
0.93913983520330546 0.59814594156201706 673.94569330215506
0.94445853860150086 0.59812495448104752 677.72800918041435
0.94977745848331407 0.59810384965797503 681.50989997686258
0.95509659605546127 0.59808262710113502 685.29136336774138
0.96041595252449985 0.59806128681890902 689.07239703036066
0.96573552909682736 0.59803982881972539 692.85299864310389
0.97105532697868113 0.5980182531120587 696.63316588543444
0.97637534737613685 0.59799655970443 700.41289643790026
0.9816955914951081 0.59797474860540734 704.19218798214024
0.98701606054134516 0.59795281982360415 707.97103820088921
0.99233675572043434 0.59793077336768163 711.74944477798374
0.99765767823779716 0.59790860924634659 715.52740539836805
1.0029788292986894 0.59788632746835257 719.30491774809889
1.0083002101082001 0.59786392804249966 723.0819795143517
1.0136218218712509 0.59784141097763444 726.85858838542561
1.0189436657925952 0.59781877628264968 730.63474205074976
1.0242657430768169 0.59779602396648457 734.41043820088794
1.0295880549283301 0.59777315403812559 738.18567452754462
1.0349106025513779 0.5977501665066044 741.96044872357061
1.0402333871500316 0.59772706138100007 745.73475848296823
1.0455564099281895 0.59770383867043764 749.50860150089693
1.0508796720895768 0.59768049838408888 753.28197547367881
1.0562031748377441 0.59765704053117186 757.05487809880424
1.0615269193760668 0.59763346512095084 760.82730707493727
1.0668509069077441 0.59760977216273714 764.599260101921
1.0721751386357983 0.59758596166588762 768.37073488078317
1.0774996157630734 0.59756203363980642 772.14172911374158
1.0828243394922352 0.59753798809394354 775.91224050420954
1.0881493110257696 0.59751382503779571 779.68226675680148
1.0934745315659824 0.59748954448090585 783.4518055773384
1.0988000023149975 0.5974651464328633 787.22085467285308
1.1041257244747571 0.59744063090330402 790.98941175159553
1.1094516992470203 0.59741599790191036 794.75747452303892
1.114777927833362 0.59739124743841054 798.52504069788449
1.1201044114351726 0.59736637952257976 802.29210798806673
1.1254311512536568 0.59734139416423948 806.05867410675978
1.1307581484898328 0.59731629137325737 809.82473676838197
1.1360854043445314 0.59729107115954772 813.59029368860149
1.1414129200183953 0.59726573353307089 817.35534258434177
1.1467406967118781 0.59724027850383377 821.11988117378689
1.1520687356252433 0.59721470608188976 824.88390717638697
1.1573970379585639 0.59718901627733845 828.64741831286358
1.1627256049117209 0.59716320910032561 832.41041230521489
1.1680544376844033 0.59713728456104398 836.17288687672135
1.1733835374761061 0.59711124266973192 839.93483975195068
1.1787129054861305 0.59708508343667455 843.69626865676355
1.1840425429135826 0.59705880687220347 847.45717131831884
1.1893724509573724 0.59703241298669607 851.21754546507873
1.1947026308162132 0.59700590179057644 854.97738882681426
1.2000330836886206 0.59697927329431533 858.7366991346106
1.2053638107729119 0.59695252750842909 862.49547412087247
1.2106948132672046 0.59692566444348094 866.25371151932893
1.2160260923694164 0.59689868411008018 870.0114090650394
1.2213576492772635 0.59687158651888239 873.76856449439845
1.2266894851882608 0.59684437168058968 877.52517554514134
1.2320216012997198 0.59681703960595034 881.28123995634917
1.2373539988087487 0.59678959030575884 885.03675546845398
1.242686678912251 0.59676202379085608 888.79171982324431
1.248019642806925 0.59673434007212933 892.54613076387034
1.2533528916892629 0.59670653916051208 896.29998603484921
1.2586864267555495 0.59667862106698388 900.05328338206994
1.2640202492018622 0.59665058580257113 903.80602055279905
1.2693543602240691 0.59662243337834575 907.55819529568555
1.274688761017829 0.59659416380542651 911.30980536076618
1.2800234527785903 0.59656577709497827 915.06084849947081
1.28535843670159 0.59653727325821204 918.81132246462721
1.2906937139818528 0.59650865230638517 922.56122501046673
1.2960292858141906 0.59647991425080138 926.31055389262917
1.3013651533932011 0.59645105910281049 930.05930686816782
1.3067013179132678 0.59642208687380871 933.80748169555523
1.3120377805685584 0.59639299757523823 937.55507613468785
1.3173745425530239 0.59636379121858774 941.30208794689122
1.3227116050603986 0.59633446781539201 945.04851489492546
1.3280489692841984 0.59630502737723212 948.79435474298975
1.33338663641772 0.59627546991573543 952.53960525672824
1.3387246076540409 0.59624579544257528 956.28426420323467
1.3440628841860174 0.5962160039694715 960.02832935105755
1.3494014672062844 0.5961860955081898 963.77179847020523
1.3547403579072548 0.59615607007054239 967.51466933215136
1.360079557481118 0.59612592766838757 971.25693970983957
1.3654190671198396 0.59609566831363003 974.99860737768881
1.3707588880151602 0.59606529201822023 978.73967011159823
1.3760990213585946 0.59603479879415511 982.48012568895217
1.3814394683414311 0.59600418865347782 986.21997188862542
1.3867802301547305 0.59597346160827747 989.95920649098832
1.3921213079893258 0.59594261767068946 993.69782727791176
1.3974627030358202 0.5959116568528956 997.43583203277194
1.4028044164845876 0.59588057916712323 1001.1732185404558
1.4081464495257709 0.59584938462564652 1004.9099845873657
1.4134888033492812 0.59581807324078551 1008.6461279614246
1.4188314791447971 0.59578664502490608 1012.3816464520809
1.4241744781017645 0.59575509999042098 1016.1165378503139
1.4295178014093943 0.59572343814978845 1019.8507999486382
1.4348614502566632 0.59569165951551295 1023.584430541109
1.4402054258323116 0.59565976410014554 1027.317427423327
1.4455497293248434 0.59562775191628281 1031.0497883924431
1.450894361922525 0.59559562297656787 1034.781511247164
1.4562393248133843 0.59556337729368969 1038.5125937877563
1.4615846191852102 0.59553101488038351 1042.2430338160523
1.4669302462255518 0.59549853574943046 1045.9728291354545
1.4722762071217168 0.59546593991365804 1049.70197755094
1.4776225030607715 0.59543322738593973 1053.4304768690663
1.4829691352295398 0.59540039817919521 1057.1583248979757
1.4883161048146021 0.59536745230638977 1060.8855194474006
1.4936634130022948 0.59533438978053554 1064.6120583286679
1.4990110609787088 0.59530121061468988 1068.3379393547038
1.5043590499296897 0.59526791482195685 1072.0631603400395
1.5097073810408359 0.59523450241548659 1075.7877191008149
1.5150560554974988 0.59520097340847478 1079.5116134547845
1.5204050744847808 0.59516732781416326 1083.2348412213216
1.5257544391875355 0.59513356564584052 1086.9574002214235
1.5311041507903664 0.59509968691684034 1090.6792882777158
1.5364542104776262 0.59506569164054313 1094.4005032144578
1.5418046194334158 0.5950315798303748 1098.1210428575471
1.5471553788415837 0.59499735149980781 1101.8409050345242
1.5525064898857248 0.59496300666236013 1105.5600875745774
1.5578579537491801 0.594928545331596 1109.278588308548
1.5632097716150353 0.59489396752112589 1112.9964050689341
1.5685619446661205 0.59485927324460564 1116.7135356898966
1.5739144740850088 0.59482446251573773 1120.4299780072629
1.5792673610540162 0.5947895353482705 1124.1457298585321
1.5846206067552 0.59475449175599793 1127.8607890828798
1.5899742123703586 0.59471933175276037 1131.5751535211627
1.5953281790810303 0.59468405535244384 1135.2888210159235
1.6006825080684925 0.59464866256898052 1139.0017894113951
1.6060372005137613 0.59461315341634857 1142.7140565535058
1.6113922575975899 0.5945775279085721 1146.4256202898837
1.6167476805004681 0.59454178605972097 1150.1364784698617
1.6221034704026223 0.59450592788391121 1153.8466289444821
1.6274596284840133 0.59446995339530484 1157.5560695665008
1.6328161559243364 0.59443386260810949 1161.2647981903926
1.6381730539030201 0.59439765553657908 1164.9728126723555
1.6435303235992258 0.59436133219501319 1168.680110870315
1.6488879661918463 0.59432489259775745 1172.3866906439298
1.6542459828595057 0.59428833675920367 1176.0925498545953
1.659604374780558 0.59425166469378898 1179.7976863654487
1.6649631431330865 0.59421487641599668 1183.5020980413735
1.670322289094903 0.59417797194035638 1187.2057827490044
1.675681813843547 0.59414095128144273 1190.9087383567312
1.6810417185562847 0.59410381445387717 1194.6109627347041
1.6864020044101085 0.59406656147232628 1198.3124537548379
1.6917626725817356 0.5940291923515032 1202.0132092908163
1.6971237242476083 0.59399170710616611 1205.7132272180975
1.7024851605838918 0.59395410575111984 1209.412505413917
1.7078469827664742 0.59391638830121463 1213.1110417572936
1.7132091919709656 0.59387855477134688 1216.8088341290336
1.7185717893726973 0.59384060517645831 1220.5058804117348
1.7239347761467207 0.59380253953153694 1224.2021784897915
1.7292981534678069 0.59376435785161674 1227.8977262493991
1.7346619225104452 0.59372606015177687 1231.5925215785574
1.7400260844488431 0.59368764644714289 1235.2865623670768
1.7453906404569253 0.59364911675288623 1238.9798465065817
1.7507555917083324 0.59361047108422349 1242.672371890515
1.7561209393764203 0.59357170945641768 1246.3641364141429
1.7614866846342598 0.59353283188477735 1250.0551379745591
1.7668528286546354 0.59349383838465686 1253.7453744706893
1.7722193726100446 0.59345472897145657 1257.4348438032955
1.7775863176726967 0.59341550366062212 1261.1235438749804
1.7829536650145128 0.59337616246764546 1264.8114725901921
1.7883214158071241 0.59333670540806416 1268.4986278552281
1.7936895712218719 0.59329713249746108 1272.1850075782397
1.7990581324298063 0.59325744375146572 1275.870609669237
1.8044271006016854 0.59321763918575254 1279.5554320400922
1.8097964769079746 0.59317771881604209 1283.2394726045447
1.8151662625188458 0.59313768265810074 1286.9227292782052
1.8205364586041768 0.59309753072774019 1290.6051999785602
1.8259070663335497 0.59305726304081852 1294.2868826249758
1.8312780868762515 0.59301687961323868 1297.9677751387028
1.8366495214012717 0.59297638046095014 1301.6478754428804
1.8420213710773026 0.59293576559994754 1305.3271814625405
1.847393637072738 0.59289503504627139 1309.0056911246124
1.8527663205556728 0.59285418881600804 1312.6834023579268
1.8581394226939016 0.59281322692528926 1316.3603130932197
1.8635129446549186 0.59277214939029266 1320.0364212631373
1.8688868876059159 0.59273095622724148 1323.7117248022398
1.8742612527137839 0.59268964745240471 1327.3862216470059
1.8796360411451092 0.59264822308209697 1331.0599097358368
1.885011254066175 0.59260668313267817 1334.7327870090605
1.8903868926429592 0.59256502762055452 1338.4048514089361
1.8957629580411346 0.59252325656217741 1342.0761008796578
1.9011394514260671 0.5924813699740441 1345.746533367359
1.9065163739628159 0.59243936787269724 1349.4161468201169
1.911893726816132 0.59239725027472523 1353.084939187956
1.9172715111504575 0.59235501719676209 1356.7529084228529
1.9226497281299251 0.5923126686554876 1360.4200524787402
1.9280283789183572 0.5922702046676267 1364.0863693115105
1.9334074646792649 0.59222762524995021 1367.7518568790204
1.9387869865758474 0.59218493041927489 1371.416513141095
1.9441669457709909 0.59214212019246248 1375.0803360595319
1.9495473434272685 0.59209919458642057 1378.7433235981052
1.954928180706939 0.59205615361810249 1382.4054737225697
1.9603094587719452 0.59201299730450641 1386.0667844006641
1.9656911787839149 0.59196972566267725 1389.7272536021167
1.9710733419041586 0.59192633870970424 1393.386879298648
1.9764559492936697 0.59188283646272288 1397.0456594639754
1.9818390021131229 0.59183921893891422 1400.7035920738174
1.9872225015228742 0.59179548615550459 1404.3606751058969
1.9926064486829591 0.59175163812976583 1408.0169065399459
1.9979908447530932 0.59170767487901521 1411.672284357709
2.0033756908926699 0.59166359642061617 1415.3268065429477
2.0087609882607604 0.59161940277197655 1418.9804710814442
2.0141467380161138 0.59157509395055063 1422.6332759610059
2.0195329413171539 0.59153066997383785 1426.285219171468
2.0249195993219811 0.59148613085938306 1429.9362987046995
2.0303067131883696 0.59144147662477642 1433.586512554605
2.035694284073768 0.59139670728765403 1437.23585871713
2.0410823131352975 0.59135182286569732 1440.8843351902647
2.0464708015297517 0.59130682337663265 1444.531939974047
2.0518597504135951 0.59126170883823237 1448.1786710705671
2.0572491609429635 0.59121647926831411 1451.8245264839718
2.0626390342736625 0.59117113468474103 1455.4695042204673
2.0680293715611668 0.59112567510542147 1459.1136022883243
2.0734201739606188 0.59108010054830962 1462.7568186978801
2.0788114426268294 0.59103441103140442 1466.3991514615445
2.0842031787142754 0.59098860657275054 1470.0405985938023
2.0895953833770999 0.59094268719043852 1473.6811581112174
2.0949880577691111 0.59089665290260363 1477.3208280324366
2.1003812030437818 0.59085050372742665 1480.9596063781935
2.1057748203542483 0.590804239683134 1484.5974911713126
2.1111689108533098 0.59075786078799719 1488.2344804367124
2.1165634756934271 0.59071136706033334 1491.8705722014092
2.1219585160267229 0.59066475851850453 1495.5057644945218
2.12735403300498 0.59061803518091871 1499.1400553472743
2.1327500277796414 0.59057119706602879 1502.773442793
2.1381465015018084 0.59052424419233296 1506.4059248671454
2.143543455322241 0.59047717657837517 1510.0374996072737
2.1489408903913567 0.59042999424274412 1513.6681650530691
2.1543388078592289 0.59038269720407432 1517.2979192463388
2.1597372088755873 0.5903352854810453 1520.9267602310185
2.1651360945898168 0.59028775909238196 1524.5546860531758
2.1705354661509566 0.59024011805685439 1528.1816947610132
2.1759353247076993 0.5901923623932781 1531.8077844048719
2.18133567140839 0.59014449212051368 1535.4329530372352
2.1867365074010263 0.59009650725746743 1539.0571987127332
2.1921378338332569 0.59004840782309032 1542.6805194881454
2.1975396518523809 0.59000019383637892 1546.3029134224046
2.2029419626053466 0.589951865316375 1549.9243785766005
2.2083447672387519 0.58990342228216552 1553.5449130139832
2.2137480668988427 0.58985486475288262 1557.1645147999673
2.2191518627315125 0.58980619274770396 1560.7831820021347
2.2245561558823006 0.58975740628585172 1564.4009126902383
2.2299609474963926 0.58970850538659403 1568.0177049362062
2.2353662387186195 0.58965949006924379 1571.6335568141444
2.2407720306934564 0.58961036035315939 1575.2484664003412
2.2461783245650215 0.5895611162577441 1578.8624317732692
2.2515851214770768 0.58951175780244636 1582.4754510135908
2.2569924225730249 0.58946228500676023 1586.08752220416
2.2624002289959111 0.58941269789022432 1589.6986434300272
2.2678085418884204 0.58936299647242274 1593.3088127784415
2.2732173623928777 0.58931318077298467 1596.9180283388548
2.278626691651247 0.58926325081158459 1600.5262882029253
2.28403653080513 0.58921320660794185 1604.1335904645205
2.2894468809957664 0.58916304818182075 1607.739933219721
2.2948577433640325 0.58911277555303121 1611.3453145668238
2.3002691190504407 0.58906238874142813 1614.9497326063461
2.3056810091951383 0.58901188776691116 1618.5531854410276
2.3110934149379068 0.58896127264942533 1622.1556711758349
2.3165063374181618 0.58891054340896076 1625.7571879179643
2.3219197777749518 0.58885970006555255 1629.3577337768459
2.3273337371469576 0.58880874263928074 1632.9573068641462
2.3327482166724907 0.58875767115027056 1636.5559052937715
2.3381632174894937 0.58870648561869254 1640.1535271818714
2.3435787407355391 0.58865518606476175 1643.7501706468422
2.3489947875478285 0.58860377250873874 1647.3458338093303
2.3544113590631919 0.58855224497092884 1650.940514792235
2.3598284564180867 0.5885006034716822 1654.5342117207122
2.365246080748598 0.58844884803139452 1658.1269227221778
2.370664233190436 0.58839697867050611 1661.7186459263105
2.3760829148789369 0.58834499540950236 1665.3093794650551
2.3815021269490613 0.58829289826891362 1668.8991214726263
2.3869218705353936 0.58824068726931533 1672.4878700855111
2.3923421467721417 0.58818836243132766 1676.0756234424725
2.3977629567931356 0.58813592377561608 1679.6623796845531
2.4031843017318266 0.58808337132289079 1683.2481369550771
2.4086061827212881 0.58803070509390676 1686.8328933996552
2.4140286008942122 0.58797792510946423 1690.4166471661858
2.4194515573829114 0.58792503139040853 1693.9993964048597
2.4248750533193166 0.58787202395762905 1697.5811392681628
2.4302990898349761 0.58781890283206106 1701.1618739108785
2.4357236680610561 0.58776566803468422 1704.741598490092
2.4411487891283388 0.58771231958652337 1708.3203111651926
2.4465744541672225 0.58765885750864766 1711.8980100978777
2.4520006643077199 0.58760528182217187 1715.474693452154
2.4574274206794584 0.58755159254825506 1719.0503593943433
2.4628547244116787 0.58749778970810163 1722.6250060930834
2.4682825766332339 0.58744387332296044 1726.1986317193314
2.4737109784725897 0.58738984341412537 1729.7712344463682
2.4791399310578224 0.587335700002935 1733.3428124498
2.4845694355166192 0.58728144311077302 1736.9133639075619
2.4899994929762768 0.58722707275906771 1740.4828869999208
2.4954301045637015 0.58717258896929214 1744.051379909479
2.5008612714054075 0.5871179917629642 1747.6188408211765
2.5062929946275165 0.58706328116164697 1751.1852679222939
2.5117252753557571 0.5870084571869475 1754.7506594024558
2.517158114715464 0.58695351986051836 1758.3150134536336
2.5225915138315775 0.58689846920405653 1761.8783282701486
2.5280254738286425 0.58684330523930406 1765.4406020486747
2.5334599958308073 0.58678802798804719 1769.0018329882412
2.538895080961824 0.58673263747211735 1772.5620192902363
2.5443307303450466 0.5866771337133907 1776.1211591584092
2.5497669451034315 0.58662151673378782 1779.6792507988741
2.5552037263595353 0.58656578655527447 1783.2362924201118
2.5606410752355155 0.58650994319986072 1786.7922822329733
2.5660789928531287 0.58645398668960114 1790.3472184506825
2.5715174803337302 0.58639791704659583 1793.9010992888389
2.576956538798274 0.58634173429298875 1797.4539229654213
2.582396169367311 0.58628543845096881 1801.0056877007892
2.5878363731609886 0.5862290295427699 1804.5563917176867
2.5932771512990502 0.58617250759066997 1808.1060332412446
2.5987185049008348 0.58611587261699205 1811.6546104989841
2.6041604350852756 0.5860591246441037 1815.2021217208187
2.6096029429708989 0.58600226369441699 1818.7485651390571
2.6150460296758249 0.58594528979038873 1822.2939389884064
2.6204896963177657 0.58588820295452049 1825.8382415059746
2.625933944014025 0.58583100320935799 1829.381470931273
2.6313787738814973 0.58577369057749207 1832.9236255062197
2.6368241870366673 0.58571626508155761 1836.4647034751413
2.6422701845956089 0.58565872674423458 1840.0047030847763
2.6477167676739852 0.58560107558824737 1843.5436225842782
2.6531639373870464 0.58554331163636464 1847.0814602252167
2.6586116948496308 0.58548543491139982 1850.6182142615821
2.664060041176163 0.58542744543621095 1854.1538829497867
2.6695089774806529 0.58536934323370049 1857.6884645486675
2.6749585048766962 0.58531112832681553 1861.22195731949
2.6804086244774727 0.58525280073854757 1864.7543595259497
2.6858593373957462 0.58519436049193252 1868.2856694341749
2.6913106447438628 0.58513580761005102 1871.8158853127295
2.6967625476337513 0.5850771421160279 1875.3450054326154
2.7022150471769222 0.58501836403303276 1878.8730280672755
2.7076681444844661 0.58495947338427945 1882.3999514925954
2.7131218406670548 0.5849004701930266 1885.9257739869072
2.7185761368349386 0.58484135448257679 1889.4504938309908
2.7240310340979468 0.58478212627627746 1892.9741093080772
2.729486533565487 0.58472278559752022 1896.4966187038508
2.7349426363465437 0.58466333246974123 1900.0180203064517
2.7403993435496781 0.58460376691642102 1903.5383124064788
2.7458566562830269 0.5845440889610849 1907.0574932969912
2.7513145756543032 0.58448429862730156 1910.5755612735122
2.7567731027707931 0.58442439593868512 1914.0925146340303
2.7622322387393572 0.58436438091889364 1917.6083516790022
2.767691984666429 0.58430425359162952 1921.1230707113555
2.7731523416580144 0.58424401398063963 1924.6366700364911
2.7786133108196913 0.58418366210971506 1928.1491479622853
2.7840748932566082 0.5841231980026913 1931.6605027990925
2.7895370900734835 0.58406262168344825 1935.1707328597467
2.7949999023746055 0.58400193317590998 1938.6798364595656
2.8004633312638316 0.583941132504045 1942.1878119163514
2.8059273778445872 0.5838802196918661 1945.6946575503939
2.8113920432198651 0.58381919476343014 1949.2003716844729
2.8168573284922251 0.58375805774283862 1952.70495264386
2.8223232347637923 0.5836968086542369 1956.208398756321
2.8277897631362579 0.58363544752181507 1959.7107083521191
2.8332569147108777 0.58357397436980729 1963.2118797640164
2.8387246905884713 0.58351238922249149 1966.7119113272761
2.8441930918694216 0.58345069210419065 1970.2108013796651
2.849662119653674 0.58338888303927128 1973.7085482614564
2.8551317750407361 0.58332696205214452 1977.205150315431
2.8606020591296768 0.58326492916726547 1980.7006058868803
2.8660729730191248 0.58320278440913376 1984.1949133236085
2.8715445178072692 0.58314052780229275 1987.6880709759344
2.8770166945918585 0.58307815937133034 1991.1800771966941
2.882489504470199 0.58301567914087826 1994.6709303412429
2.8879629485391551 0.58295308713561278 1998.1606287674574
2.893437027895148 0.5828903833802539 2001.6491708357378
2.898911743634156 0.58282756789956636 2005.1365549090106
2.9043870968517123 0.58276464071835832 2008.6227793527296
2.9098630886429055 0.58270160186148245 2012.1078425348792
2.9153397201023785 0.58263845135383541 2015.5917428259756
2.9208169923243279 0.582575189220358 2019.0744785990698
2.9262949064025032 0.58251181548603526 2022.556048229749
2.9317734634302064 0.58244833017589592 2026.0364500961389
2.9372526645002908 0.58238473331501317 2029.5156825789061
2.9427325107051603 0.58232102492850402 2032.9937440612593
2.9482130031367699 0.58225720504152956 2036.4706329289527
2.9536941428866235 0.58219327367929496 2039.9463475702867
2.9591759310457744 0.5821292308670496 2043.420886376111
2.9646583687048236 0.58206507663008644 2046.8942477398261
2.97014145695392 0.58200081099374279 2050.3664300573855
2.9756251968827589 0.58193643398339978 2053.8374317272969
2.9811095895805826 0.58187194562448286 2057.3072511506261
2.9865946361361777 0.58180734594246086 2060.7758867309967
2.9920803376378768 0.58174263496284706 2064.2433368745938
2.997566695173556 0.58167781271119867 2067.7095999901649
3.0030537098306351 0.58161287921311655 2071.1746744890224
3.0085413826960767 0.58154783449424574 2074.6385587850459
3.0140297148563855 0.58148267858027503 2078.1012512946832
3.0195187073976077 0.58141741149693749 2081.5627504369527
3.0250083614053302 0.58135203327000962 2085.0230546334451
3.0304986779646801 0.58128654392531232 2088.4821623083253
3.0359896581603238 0.58122094348870956 2091.9400718883353
3.0414813030764667 0.58115523198611019 2095.3967818027941
3.0469736137968519 0.58108940944346621 2098.8522904836009
3.0524665914047611 0.58102347588677405 2102.3065963652375
3.0579602369830114 0.58095743134207323 2105.7596978847687
3.0634545516139569 0.58089127583544764 2109.2115934818448
3.0689495363794865 0.58082500939302484 2112.6622815987034
3.0744451923610248 0.58075863204097655 2116.1117606801708
3.07994152063953 0.5806921438055177 2119.560029173665
3.0854385222954934 0.58062554471290728 2123.007085529196
3.0909361984089396 0.58055883478944825 2126.4529281993682
3.0964345500594255 0.58049201406148709 2129.8975556393825
3.1019335783260389 0.58042508255541392 2133.3409663070374
3.1074332842873993 0.58035804029766325 2136.7831586627317
3.1129336690216554 0.58029088731471234 2140.2241311694647
3.1184347336064859 0.58022362363308322 2143.6638822928389
3.1239364791190982 0.58015624927934095 2147.102410501062
3.1294389066362283 0.58008876428009459 2150.5397142649476
3.1349420172341396 0.5800211686619966 2153.9757920579186
3.1404458119886218 0.57995346245174351 2157.4106423560061
3.1459502919749918 0.57988564567607526 2160.8442636378536
3.1514554582680909 0.57981771836177554 2164.2766543847179
3.1569613119422866 0.579749680535672 2167.7078130804698
3.1624678540714699 0.57968153222463514 2171.137738211597
3.1679750857290556 0.57961327345558 2174.5664282672051
3.1734830079879814 0.57954490425546479 2177.9938817390189
3.1789916219207077 0.57947642465129123 2181.420097121385
3.1845009285992161 0.57940783467010482 2184.8450729112719
3.1900109290950094 0.57933913433899487 2188.2688076082727
3.1955216244791109 0.57927032368509368 2191.6912997146069
3.2010330158220635 0.57920140273557774 2195.1125477351206
3.2065451041939292 0.57913237151766683 2198.5325501772895
3.2120578906642887 0.57906323005862403 2201.9513055512193
3.21757137630224 0.5789939783857565 2205.3688123696475
3.2230855621763985 0.57892461652641458 2208.7850691479453
3.2286004493548965 0.57885514450799203 2212.2000744041188
3.2341160389053814 0.57878556235792633 2215.61382665881
3.2396323318950166 0.57871587010369874 2219.0263244353
3.2451493293904798 0.57864606777283323 2222.437566259508
3.2506670324579625 0.57857615539289764 2225.8475506599943
3.2561854421631695 0.57850613299150377 2229.2562761679619
3.2617045595713186 0.57843600059630618 2232.6637413172566
3.2672243857471388 0.57836575823500302 2236.0699446443696
3.2727449217548719 0.57829540593533602 2239.4748846884386
3.278266168658269 0.57822494372509026 2242.8785599912489
3.2837881275205927 0.57815437163209416 2246.2809690972354
3.289310799404614 0.57808368968421986 2249.6821105534823
3.2948341853726131 0.57801289790938237 2253.0819829097272
3.3003582864863787 0.57794199633554055 2256.4805847183602
3.305883103807207 0.57787098499069622 2259.8779145344256
3.3114086383959007 0.57779986390289484 2263.2739709156244
3.3169348913127692 0.57772863310022515 2266.6687524223139
3.3224618636176277 0.57765729261081944 2270.0622576175106
3.3279895563697961 0.57758584246285249 2273.4544850668899
3.3335179706280993 0.5775142826845433 2276.8454333387895
3.3390471074508654 0.57744261330415403 2280.235101004208
3.3445769678959261 0.57737083434998959 2283.6234866368086
3.3501075530206155 0.57729894585039876 2287.0105888129187
3.3556388638817696 0.57722694783377315 2290.3964061115321
3.3611709015357256 0.57715484032854802 2293.7809371143089
3.3667036670383221 0.5770826233632016 2297.1641804055789
3.3722371614448967 0.57701029696625517 2300.5461345723406
3.3777713858102874 0.57693786116627377 2303.9267982042643
3.3833063411888302 0.57686531599186519 2307.3061698936913
3.3888420286343597 0.57679266147168062 2310.684248235636
3.3943784492002083 0.57671989763441445 2314.0610318277877
3.3999156039392049 0.57664702450880401 2317.4365192705113
3.4054534939036749 0.57657404212363017 2320.8107091668476
3.4109921201454396 0.57650095050771666 2324.1836001225151
3.4165314837158154 0.57642774968993038 2327.5551907459121
3.4220715856656128 0.57635443969918154 2330.9254796481159
3.4276124270451365 0.57628102056442321 2334.2944654428848
3.4331540089041845 0.57620749231465185 2337.6621467466593
3.4386963322920474 0.5761338549789069 2341.0285221785634
3.4442393982575075 0.57606010858627044 2344.3935903604047
3.4497832078488391 0.57598625316586849 2347.757349916676
3.4553277621138068 0.57591228874686951 2351.1197994745571
3.4608730620996653 0.57583821535848512 2354.4809376639141
3.4664191088531595 0.57576403302996992 2357.8407631173022
3.4719659034205228 0.57568974179062193 2361.1992744699655
3.4775134468474769 0.57561534166978168 2364.5564703598384
3.4830617401792319 0.57554083269683298 2367.9123494275464
3.4886107844604841 0.57546621490120242 2371.2669103164071
3.494160580735417 0.57539148831235998 2374.6201516724318
3.4997111300477002 0.57531665295981804 2377.9720721443255
3.505262433440488 0.57524170887313242 2381.322670383488
3.5108144919564199 0.57516665608190187 2384.671945044016
3.5163673066376195 0.57509149461576736 2388.0198947827021
3.5219208785256937 0.57501622450441381 2391.3665182590371
3.5274752086617323 0.57494084577756843 2394.7118141352103
3.5330302980863073 0.57486535846500131 2398.0557810761106
3.5385861478394731 0.5747897625965257 2401.3984177493276
3.5441427589607644 0.57471405820199761 2404.7397228251516
3.549700132489197 0.5746382453113158 2408.0796949765754
3.5552582694632666 0.57456232395442197 2411.4183328792947
3.5608171709209477 0.57448629416130093 2414.7556352117085
3.5663768378996941 0.57441015596197975 2418.0916006549214
3.5719372714364375 0.57433390938652862 2421.4262278927426
3.5774984725675871 0.57425755446506066 2424.7595156116877
3.5830604423290295 0.57418109122773153 2428.0914625009791
3.5886231817561272 0.57410451970473997 2431.4220672525471
3.594186691883718 0.574027839926327 2434.7513285610303
3.599750973746116 0.57395105192277707 2438.0792451237771
3.6053160283771089 0.57387415572441669 2441.405815640845
3.6108818568099585 0.57379715136161547 2444.7310388150031
3.6164484600774012 0.57372003886478573 2448.0549133517316
3.6220158392116444 0.57364281826438246 2451.3774379592219
3.6275839952443691 0.57356548959090325 2454.6986113483799
3.6331529292067275 0.57348805287488858 2458.0184322328241
3.6387226421293426 0.5734105081469214 2461.3368993288873
3.6442931350423082 0.57333285543762724 2464.6540113556171
3.6498644089751879 0.57325509477767467 2467.9697670347769
3.6554364649570146 0.57317722619777445 2471.2841650908454
3.6610093040162894 0.57309924972868032 2474.5972042510193
3.6665829271809827 0.57302116540118853 2477.9088832452121
3.6721573354785311 0.57294297324613774 2481.2192008060547
3.6777325299358394 0.57286467329440927 2484.5281556688979
3.6833085115792779 0.57278626557692702 2487.8357465718109
3.6888852814346831 0.5727077501246578 2491.1419722555825
3.6944628405273572 0.57262912696861024 2494.4468314637229
3.7000411898820658 0.57255039613983638 2497.7503229424619
3.7056203305230397 0.57247155766943014 2501.0524454407519
3.7112002634739727 0.57239261158852806 2504.3531977102666
3.7167809897580217 0.57231355792830951 2507.6525785054023
3.7223625103978062 0.57223439671999587 2510.9505865832789
3.7279448264154071 0.57215512799485135 2514.247220703739
3.7335279388323666 0.57207575178418246 2517.5424796293501
3.7391118486696873 0.57199626811933835 2520.8363621254034
3.7446965569478325 0.57191667703171034 2524.1288669599157
3.7502820646867243 0.5718369785527323 2527.419992903629
3.7558683729057445 0.57175717271388049 2530.7097387300114
3.7614554826237323 0.5716772595466737 2533.9981032152573
3.7670433948589856 0.5715972390826729 2537.2850851382882
3.7726321106292589 0.5715171113534816 2540.5706832807518
3.778221630951764 0.5714368763907457 2543.8548964270253
3.7838119568431678 0.57135653422615318 2547.137723364212
3.789403089319594 0.57127608489143478 2550.4191628821445
3.7949950293966204 0.57119552841836296 2553.6992137733846
3.8005877780892789 0.57111486483875329 2556.9778748332224
3.8061813364120565 0.57103409418446305 2560.2551448596782
3.8117757053788921 0.57095321648739183 2563.5310226535021
3.8173708860031783 0.57087223177948188 2566.8055070181745
3.8229668792977596 0.57079114009271725 2570.0785967599058
3.8285636862749319 0.57070994145912446 2573.3502906876383
3.8341613079464425 0.57062863591077262 2576.6205876130443
3.8397597453234886 0.57054722347977227 2579.8894863505288
3.8453589994167179 0.57046570419827691 2583.1569857172276
3.8509590712362272 0.57038407809848191 2586.4230845330089
3.8565599617915618 0.57030234521262468 2589.6877816204733
3.862161672091716 0.57022050557298498 2592.9510758049541
3.8677642031451316 0.57013855921188505 2596.2129659145176
3.8733675559596974 0.57005650616168868 2599.4734507799626
3.8789717315427485 0.56997434645480205 2602.7325292348214
3.8845767309010668 0.56989208012367365 2605.9902001153605
3.8901825550408788 0.56980970720079382 2609.2464622605789
3.8957892049678566 0.56972722771869511 2612.5013145122107
3.9013966816871171 0.56964464170995222 2615.7547557147236
3.9070049862032197 0.56956194920718162 2619.0067847153191
3.9126141195201685 0.56947915024304241 2622.2574003639343
3.9182240826414096 0.5693962448502351 2625.5066015132402
3.9238348765698317 0.56931323306150272 2628.7543870186423
3.9294465023077647 0.56923011490962994 2632.0007557382819
3.9350589608569804 0.56914689042744371 2635.2457065330345
3.9406722532186902 0.56906355964781286 2638.4892382665112
3.9462863803935466 0.56898012260364828 2641.7313498050585
3.9519013433816408 0.56889657932790272 2644.9720400177575
3.9575171431825034 0.56881292985357101 2648.2113077764252
3.9631337807951033 0.56872917421368974 2651.4491519556145
3.9687512572178472 0.56864531244133765 2654.6855714326134
3.9743695734485796 0.56856134456963503 2657.9205650874455
3.9799887304845809 0.5684772706317448 2661.1541318028703
3.985608729322569 0.56839309066087096 2664.3862704643834
3.9912295709586965 0.56830880469025979 2667.6169799602153
3.9968512563885517 0.56822441275319935 2670.8462591813332
4.0024737866071574 0.56813991488301963 2674.074107021439
4.008097162608971 0.56805531111309238 2677.3005223769719
4.0137213853878828 0.56797060147683121 2680.525504147105
4.0193464559372165 0.56788578600769124 2683.7490512337486
4.0249723752497291 0.56780086473917035 2686.9711625415484
4.0305991443176081 0.56771583770480682 2690.1918369778855
4.0362267641324729 0.5676307049381818 2693.4110734528763
4.0418552356853752 0.56754546647291759 2696.6288708793736
4.0474845599667963 0.56746012234267862 2699.8452281729656
4.0531147379666468 0.5673746725811708 2703.0601442519751
4.0587457706742676 0.56728911722214193 2706.2736180374613
4.0643776590784277 0.5672034562993814 2709.4856484532179
4.0700104041673244 0.56711768984671995 2712.6962344257731
4.0756440069285835 0.56703181789803103 2715.9053748843917
4.0812784683492582 0.56694584048722851 2719.1130687610721
4.0869137894158278 0.5668597576482689 2722.3193149905483
4.0925499711141988 0.56677356941514978 2725.5241125102889
4.0981870144297021 0.56668727582191036 2728.7274602604957
4.103824920347094 0.56660087690263194 2731.9293571841058
4.109463689850557 0.56651437269143678 2735.1298022267906
4.1151033239236954 0.56642776322248911 2738.3287943369542
4.1207438235495397 0.56634104852999489 2741.5263324657358
4.1263851897105415 0.56625422864820107 2744.7224155670069
4.1320274233885765 0.56616730361139678 2747.9170425973734
4.1376705255649417 0.5660802734539121 2751.1102125161738
4.1433144972203557 0.5659931382101191 2754.3019242854789
4.148959339334958 0.56590589791443102 2757.4921768700924
4.1546050528883098 0.56581855260130287 2760.6809692375509
4.1602516388593909 0.56573110230523094 2763.8683003581223
4.1658990982266015 0.56564354706075304 2767.0541692048068
4.1715474319677615 0.5655558869024484 2770.2385747533363
4.1771966410601076 0.56546812186493767 2773.4215159821729
4.182846726480296 0.565380251982883 2776.6029918725103
4.1884976892043992 0.56529227729098808 2779.7830014082729
4.1941495302079081 0.56520419782399745 2782.9615435761157
4.1998022504657291 0.56511601361669772 2786.1386173654228
4.2054558509521849 0.56502772470391638 2789.3142217683085
4.211110332641014 0.56493933112052264 2792.4883557796165
4.2167656965053686 0.56485083290142657 2795.6610183969187
4.2224219435178174 0.56476223008158 2798.8322086205167
4.2280790746503421 0.56467352269597604 2802.0019254534395
4.2337370908743379 0.56458471077964856 2805.1701679014441
4.2393959931606124 0.56449579436767361 2808.3369349730146
4.2450557824793869 0.56440677349516777 2811.5022256793627
4.2507164598002944 0.56431764819728925 2814.6660390344264
4.2563780260923787 0.56422841850923722 2817.82837405487
4.2620404823240952 0.56413908446625227 2820.9892297600832
4.2677038294633087 0.5640496461036163 2824.1486051721809
4.2733680684772963 0.56396010345665226 2827.3064993160042
4.2790332003327425 0.56387045656072421 2830.4629112191169
4.2846992259957419 0.56378070545123771 2833.617839911808
4.2903661464317979 0.56369085016363896 2836.7712844270891
4.2960339626058213 0.5636008907334159 2839.9232438006957
4.3017026754821295 0.56351082719609691 2843.073717071084
4.3073722860244494 0.5634206595872524 2846.2227032794349
4.313042795195912 0.56333038794249279 2849.3702014696482
4.3187142039590567 0.56324001229747045 2852.5162106883463
4.3243865132758268 0.5631495326878786 2855.6607299848715
4.3300597241075716 0.56305894914945132 2858.8037584112858
4.3357338374150443 0.56296826171796399 2861.9452950223704
4.3414088541584022 0.56287747042923264 2865.0853388756259
4.3470847752972075 0.5627865753191148 2868.2238890312706
4.3527616017904247 0.56269557642350887 2871.3609445522411
4.3584393345964214 0.56260447377835388 2874.4965045041904
4.3641179746729666 0.56251326741963015 2877.630567955488
4.3697975229772323 0.56242195738335898 2880.7631339772197
4.3754779804657904 0.56233054370560265 2883.8942016431861
4.3811593480946147 0.56223902642246404 2887.0237700299026
4.3868416268190789 0.56214740557008747 2890.1518382165991
4.392524817593956 0.56205568118465765 2893.278405285218
4.3982089213734197 0.56196385330240051 2896.4034703204152
4.4038939391110405 0.56187192195958258 2899.5270324095577
4.4095798717597896 0.5617798871925116 2902.6490906427252
4.4152667202720348 0.56168774903753593 2905.7696441127073
4.420954485599542 0.56159550753104492 2908.8886919150041
4.4266431686934729 0.56150316270946843 2912.0062331478243
4.4323327705043871 0.56141071460927738 2915.1222669120862
4.4380232919822395 0.56131816326698336 2918.2367923114157
4.443714734076381 0.56122550871913901 2921.3498084521461
4.4494070977355573 0.56113275100233739 2924.461314443317
4.4551003839079089 0.56103989015321232 2927.5713093966738
4.4607945935409701 0.56094692620843856 2930.6797924266671
4.4664897275816697 0.56085385920473152 2933.7867626504517
4.4721857869763291 0.56076068917884725 2936.892219187886
4.4778827726706618 0.56066741616758253 2939.9961611615313
4.4835806856097751 0.56057404020777468 2943.0985876966506
4.4892795267381675 0.56048056133630209 2946.1994979212086
4.4949792969997295 0.56038697959008321 2949.2988909658702
4.5006799973377412 0.5602932950060775 2952.3967659639998
4.5063816286948732 0.56019950762128501 2955.4931220516605
4.5120841920131882 0.56010561747274612 2958.5879583676142
4.5177876882341366 0.5600116245975425 2961.6812740533192
4.5234921182985577 0.55991752903279535 2964.7730682529304
4.5291974831466808 0.55982333081566726 2967.8633401132984
4.5349037837181223 0.55972902998336105 2970.9520887839681
4.5406110209518866 0.5596346265731198 2974.0393134171782
4.5463191957863653 0.5595401206222278 2977.1250131678603
4.5520283091593381 0.55944551216800931 2980.2091871936391
4.557738362007969 0.5593508012478291 2983.291834654829
4.5634493552688085 0.5592559878990927 2986.3729547144353
4.5691612898777931 0.55916107215924571 2989.4525465381525
4.5748741667702451 0.55906605406577436 2992.5306092943647
4.580587986880869 0.5589709336562052 2995.6071421541415
4.586302751143756 0.55887571096810562 2998.682144291241
4.5920184604923788 0.55878038603908275 3001.7556148821054
4.5977351158595949 0.55868495890678449 3004.827553105863
4.6034527181776435 0.55858942960889924 3007.8979581443255
4.6091712683781472 0.55849379818315537 3010.9668291819871
4.6148907673921089 0.55839806466732167 3014.0341654060239
4.6206112161499142 0.55830222909920757 3017.099966006293
4.6263326155813305 0.55820629151666246 3020.1642301753322
4.6320549666155033 0.55811025195757591 3023.2269571083571
4.6377782701809602 0.55801411045987848 3026.2881460032613
4.6435025272056079 0.55791786706154001 3029.347796060616
4.649227738616732 0.55782152180057132 3032.4059064836683
4.6549539053409967 0.55772507471502319 3035.4624764783389
4.6606810283044453 0.55762852584298661 3038.517505253224
4.6664091084324992 0.55753187522259284 3041.5709920195918
4.6721381466499565 0.55743512289201325 3044.6229359913823
4.6778681438809935 0.55733826888945937 3047.6733363852068
4.6835991010491611 0.55724131325318293 3050.722192420345
4.6893310190773878 0.55714425602147588 3053.769503318746
4.6950638988879785 0.5570470972326701 3056.8152683050271
4.7007977414026119 0.55694983692513789 3059.8594866064705
4.7065325475423423 0.55685247513729108 3062.9021574530248
4.712268318227598 0.55675501190758225 3065.943280077302
4.7180050543781817 0.55665744727450372 3068.9828537145777
4.7237427569132704 0.55655978127658767 3072.0208776027898
4.7294814267514136 0.55646201395240691 3075.0573509825367
4.7352210648105331 0.55636414534057321 3078.0922730970765
4.7409616720079235 0.55626617547973967 3081.1256431923257
4.7467032492602517 0.55616810440859843 3084.1574605168589
4.7524457974835546 0.55606993216588185 3087.187724321906
4.7581893175932422 0.55597165879036248 3090.2164338613529
4.7639338105040929 0.55587328432085226 3093.2435883917387
4.7696792771302574 0.55577480879620367 3096.2691871722564
4.7754257183852555 0.55567623225530893 3099.2932294647494
4.7811731351819757 0.5555775547370998 3102.3157145337123
4.7869215284326758 0.55547877628054854 3105.3366416462877
4.7926708990489821 0.55537989692466661 3108.356010072268
4.7984212479418895 0.55528091670850566 3111.3738190840909
4.8041725760217595 0.55518183567115709 3114.3900679568396
4.8099248841983222 0.55508265385175259 3117.4047559682426
4.8156781733806735 0.55498337128946285 3120.4178823986708
4.821432444477276 0.55488398802349881 3123.4294465311373
4.8271876983959583 0.5547845040931112 3126.4394476512948
4.8329439360439155 0.55468491953759025 3129.4478850474366
4.8387011583277069 0.55458523439626628 3132.4547580104932
4.8444593661532567 0.55448544870850902 3135.4600658340319
4.8502185604258541 0.55438556251372828 3138.4638078142557
4.8559787420501515 0.55428557585137295 3141.4659832500015
4.8617399119301652 0.55418548876093221 3144.4665914427396
4.8675020709692749 0.55408530128193456 3147.4656316965716
4.8732652200702224 0.55398501345394835 3150.4631033182286
4.879029360135112 0.55388462531658156 3153.4590056170709
4.8847944920654109 0.55378413690948136 3156.4533379050877
4.8905606167619471 0.55368354827233535 3159.4460994968931
4.8963277351249097 0.55358285944486973 3162.4372897097269
4.9020958480538486 0.55348207046685105 3165.4269078634516
4.907864956447674 0.55338118137808501 3168.4149532805527
4.9136350612046558 0.55328019221841696 3171.4014252861361
4.9194061632224235 0.55317910302773166 3174.386323207927
4.9251782633979664 0.55307791384595384 3177.3696463762694
4.9309513626276313 0.5529766247130472 3180.3513941241231
4.936725461807125 0.55287523566901486 3183.3315657870639
4.942500561831511 0.5527737467538999 3186.3101607032813
4.9482766635952107 0.55267215800778458 3189.2871782135776
4.9540537679920025 0.55257046947079036 3192.2626176613658
4.9598318759150217 0.55246868118307846 3195.2364783926682
4.9656109882567598 0.55236679318484938 3198.2087597561163
4.9713911059090643 0.55226480551634294 3201.1794611029472
4.9771722297631387 0.55216271821783824 3204.1485817870048
4.9829543607095408 0.55206053132965405 3207.1161211647354
4.9887374996381837 0.5519582448921484 3210.0820785951887
4.9945216474383347 0.55185585894571809 3213.0464534400153
5.0003068049986164 0.55175337353080001 3216.0092450634652
5.0060929732070027 0.55165078868786988 3218.9704528323859
5.0118801529508232 0.55154810445744251 3221.9300761162226
5.0176683451167579 0.5514453208800727 3224.8881142870146
5.023457550590841 0.55134243799635363 3227.8445667193946
5.0292477702584586 0.55123945584691825 3230.7994327905885
5.0350390050043483 0.55113637447243857 3233.7527118804123
5.0408312557125985 0.5510331939136256 3236.70440337127
5.0466245232666491 0.55092991421122994 3239.6545066481544
5.0524188085492909 0.55082653540604087 3242.6030210986437
5.0582141124426636 0.55072305753888717 3245.5499461129002
5.0640104358282576 0.55061948065063659 3248.4952810836694
5.0698077795869132 0.55051580478219597 3251.4390254062787
5.0756061445988179 0.55041202997451122 3254.381178478634
5.0814055317435107 0.55030815626856744 3257.3217397012208
5.0872059418998763 0.55020418370538882 3260.2607084771003
5.0930073759461481 0.55010011232603839 3263.1980842119087
5.0988098347599076 0.5499959421716184 3266.1338663138567
5.1046133192180836 0.54989167328326993 3269.0680541937259
5.1104178301969503 0.54978730570217316 3272.0006472648679
5.1162233685721299 0.54968283946954744 3274.931644943204
5.1220299352185901 0.54957827462665065 3277.8610466472223
5.1278375310106439 0.54947361121478 3280.7888517979759
5.1336461568219498 0.54936884927527152 3283.7150598190815
5.1394558135255108 0.5492639888494999 3286.6396701367185
5.1452665019936763 0.54915902997887911 3289.5626821796272
5.1510782230981373 0.54905397270486178 3292.4840953791058
5.1568909777099305 0.54894881706893939 3295.4039091690106
5.1627047666994352 0.54884356311264237 3298.3221229857527
5.1685195909363744 0.54873821087754027 3301.238736268298
5.1743354512898136 0.54863276040524045 3304.153748458164
5.1801523486281607 0.54852721173739027 3307.0671589994195
5.1859702838191657 0.54842156491567517 3309.9789673386813
5.1917892577299201 0.54831581998181955 3312.8891729251141
5.1976092712268569 0.54820997697758655 3315.797775210428
5.2034303251757494 0.54810403594477797 3318.7047736488762
5.2092524204417128 0.54799799692523454 3321.6101676972553
5.2150755578892012 0.54789185996083523 3324.5139568149011
5.220899738382009 0.54778562509349837 3327.4161404636889
5.2267249627832708 0.54767929236518043 3330.3167181080303
5.2325512319554592 0.54757286181787668 3333.2156892148723
5.2383785467603863 0.54746633349362095 3336.1130532536959
5.2442069080592031 0.5473597074344857 3339.0088096965133
5.2500363167123973 0.54725298368258235 3341.9029580178667
5.2558667735797959 0.54714616228006041 3344.7954976948267
5.2616982795205622 0.54703924326910813 3347.6864282069905
5.2675308353931971 0.54693222669195229 3350.5757490364795
5.2733644420555379 0.54682511259085853 3353.463459667938
5.2791991003647585 0.54671790100813045 3356.349559588532
5.2850348111773693 0.54661059198611051 3359.2340482879472
5.2908715753492146 0.54650318556717947 3362.1169252583854
5.2967093937354761 0.54639568179375675 3364.9981899945651
5.3025482671906694 0.54628808070830004 3367.8778419937189
5.3083881965686448 0.54618038235330579 3370.7558807555915
5.3142291827225865 0.54607258677130821 3373.6323057824375
5.3200712265050134 0.54596469400488068 3376.50711657902
5.3259143287677784 0.54585670409663423 3379.3803126526095
5.3317584903620663 0.54574861708921907 3382.2518935129806
5.337603712138395 0.54564043302532306 3385.1218586724108
5.3434499949466163 0.54553215194767246 3387.9902076456797
5.3492973396359123 0.54542377389903252 3390.8569399500648
5.3551457470547987 0.54531529892220576 3393.7220551053424
5.360995218051122 0.54520672706003392 3396.5855526337837
5.3668457534720604 0.54509805835539638 3399.4474320601535
5.3726973541641225 0.544989292851211 3402.3076929117092
5.3785500209731474 0.54488043059043401 3405.1663347181975
5.3844037547443042 0.54477147161605965 3408.0233570118526
5.3902585563220935 0.54466241597112031 3410.8787593273964
5.3961144265503433 0.54455326369868673 3413.7325412020341
5.4019713662722122 0.54444401484186777 3416.5847021754535
5.407829376330187 0.54433466944381015 3419.4352417898226
5.4136884575660833 0.54422522754769942 3422.284159589788
5.4195486108210451 0.54411568919675846 3425.1314551224737
5.4254098369355441 0.54400605443424888 3427.9771279374772
5.4312721367493797 0.54389632330346971 3430.8211775868699
5.4371355111016779 0.54378649584775851 3433.663603625193
5.4429999608308934 0.54367657211049081 3436.5044056094575
5.4488654867748059 0.54356655213508032 3439.3435830991411
5.4547320897705216 0.54345643596497806 3442.1811356561861
5.4605997706544729 0.54334622364367413 3445.0170628449982
5.4664685302624187 0.54323591521469561 3447.8513642324447
5.4723383694294414 0.54312551072160797 3450.684039387851
5.4782092889899499 0.5430150102080149 3453.5150878830004
5.4840812897776772 0.54290441371755749 3456.3445092921311
5.4899543726256805 0.5427937212939149 3459.1723031919337
5.4958285383663412 0.54268293298080439 3461.9984691615514
5.5017037878313646 0.54257204882198073 3464.8230067825757
5.5075801218517793 0.54246106886123702 3467.6459156390456
5.513457541257937 0.54234999314240351 3470.4671953174452
5.5193360468795118 0.54223882170934912 3473.2868454067016
5.5252156395455012 0.54212755460597983 3476.1048654981832
5.5310963200842238 0.54201619187623995 3478.9212551856976
5.5369780893233207 0.54190473356411106 3481.7360140654896
5.5428609480897535 0.54179317971361296 3484.5491417362382
5.548744897209807 0.54168153036880284 3487.3606377990573
5.5546299375090848 0.54156978557377589 3490.1705018574899
5.5605160698125129 0.54145794537266445 3492.9787335175088
5.5664032949443367 0.54134600980963943 3495.7853323875142
5.5722916137281215 0.54123397892890845 3498.5902980783303
5.5781810269867522 0.54112185277471747 3501.3936302032039
5.5840715355424333 0.54100963139134983 3504.1953283778034
5.5899631402166881 0.54089731482312653 3506.9953922202149
5.5958558418303586 0.54078490311440575 3509.7938213509415
5.6017496412036065 0.54067239630958419 3512.5906153929013
5.6076445391559098 0.5405597944530951 3515.385773971424
5.6135405365060658 0.54044709758940979 3518.1792967142496
5.619437634072189 0.54033430576303698 3520.9711832515272
5.62533583267171 0.54022141901852305 3523.7614332158109
5.6312351331213781 0.54010843740045156 3526.5500462420596
5.6371355362372588 0.5399953609534438 3529.3370219676335
5.6430370428347327 0.53988218972215851 3532.1223600322928
5.6489396537284984 0.5397689237512916 3534.9060600781959
5.6548433697325686 0.53965556308557661 3537.6881217498953
5.6607481916602724 0.53954210776978451 3540.4685446943386
5.666654120324254 0.53942855784872368 3543.2473285608635
5.6725611565364717 0.53931491336723958 3546.0244730011968
5.6784693011081995 0.5392011743702152 3548.7999776694528
5.6843785548500252 0.53908734090257093 3551.5738422221302
5.6902889185718504 0.53897341300926438 3554.3460663181104
5.6962003930828908 0.53885939073529054 3557.1166496186556
5.7021129791916749 0.53874527412568163 3559.8855917874062
5.7080266777060453 0.5386310632255068 3562.6528924903787
5.7139414894331564 0.53851675807987309 3565.4185513959633
5.7198574151794759 0.5384023587339245 3568.1825681749224
5.7257744557507841 0.53828786523284178 3570.9449425003882
5.7316926119521723 0.53817327762184342 3573.7056740478597
5.7376118845880439 0.5380585959461851 3576.4647624952017
5.7435322744621145 0.53794382025115894 3579.2222075226418
5.7494537823774099 0.53782895058209501 3581.9780088127686
5.7553764091362662 0.53771398698436035 3584.732166050529
5.761300155540332 0.53759892950335864 3587.484678923227
5.7672250223905648 0.53748377818453108 3590.2355471205206
5.7731510104872319 0.53736853307335575 3592.984770334419
5.7790781206299116 0.53725319421534778 3595.7323482592819
5.78500635361749 0.5371377616560592 3598.4782805918167
5.7909357102481644 0.53702223544107941 3601.2225670310759
5.796866191319439 0.53690661561603448 3603.9652072784547
5.802797797628128 0.53679090222658754 3606.7062010376899
5.8087305299703536 0.53667509531843882 3609.4455480148567
5.8146643891415462 0.53655919493732507 3612.1832479183663
5.8205993759364434 0.53644320112902044 3614.9193004589638
5.826535491149091 0.53632711393933585 3617.6537053497268
5.8324727355728418 0.53621093341411885 3620.3864623060622
5.8384111100003553 0.53609465959925395 3623.1175710457042
5.8443506152235987 0.53597829254066287 3625.8470312887121
5.8502912520338439 0.53586183228430351 3628.5748427574672
5.8562330212216711 0.53574527887617129 3631.3010051766728
5.8621759235769648 0.53562863236229774 3634.0255182733495
5.8681199598889169 0.53551189278875166 3636.7483817768339
5.8740651309460228 0.53539506020163841 3639.4695954187764
5.8800114375360835 0.53527813464710006 3642.1891589331381
5.8859588804462053 0.53516111617131545 3644.9070720561899
5.8919074604627992 0.53504400482050019 3647.6233345265091
5.8978571783715799 0.53492680064090636 3650.3379460849774
5.9038080349575672 0.53480950367882296 3653.0509064747794
5.9097600310050833 0.53469211398057526 3655.762215441398
5.9157131672977554 0.53457463159252561 3658.4718727326144
5.9216674446185129 0.53445705656107279 3661.1798780985055
5.9276228637495887 0.53433938893265198 3663.8862312914398
5.9335794254725185 0.53422162875373513 3666.5909320660771
5.9395371305681408 0.5341037760708307 3669.2939801793659
5.9454959798165952 0.53398583093048368 3671.9953753905388
5.9514559739973247 0.5338677933792757 3674.6951174611136
5.9574171138890737 0.53374966346382458 3677.3932061548885
5.9633794002698872 0.53363144123078465 3680.0896412379407
5.9693428339171124 0.53351312672684736 3682.7844224786231
5.9753074156073964 0.53339471999873966 3685.4775496475631
5.9812731461166893 0.53327622109322548 3688.1690225176608
5.9872400262202392 0.53315763005710515 3690.8588408640844
5.9932080566925956 0.53303894693721499 3693.5470044642693
5.9991772383076079 0.53292017178042828 3696.2335130979159
6.0051475718384246 0.53280130463365405 3698.9183665469864
6.0111190580574956 0.53268234554383809 3701.6015645957032
6.0170916977365678 0.53256329455796236 3704.283107030546
6.0230654916466877 0.53244415172304527 3706.9629936402494
6.0290404405582017 0.53232491708614094 3709.6412242158008
6.0350165452407536 0.53220559069434048 3712.3177985504381
6.0409938064632858 0.53208617259477076 3714.9927164396468
6.0469722249940379 0.53196666283459504 3717.665977681158
6.0529518016005488 0.5318470614610129 3720.3375820749457
6.0589325370496541 0.53172736852125957 3723.0075294232252
6.0649144321074875 0.53160758406260744 3725.6758195304496
6.0708974875394777 0.5314877081323639 3728.3424522033074
6.0768817041103524 0.53136774077787319 3731.0074272507213
6.0828670825841353 0.53124768204651551 3733.6707444838444
6.0888536237241455 0.53112753198570717 3736.3324037160587
6.0948413282929996 0.53100729064290042 3738.9924047629725
6.1008301970526091 0.5308869580655835 3741.6507474424175
6.106820230764181 0.53076653430128107 3744.3074315744461
6.112811430188219 0.53064601939755329 3746.9624569813309
6.1188037960845207 0.53052541340199677 3749.6158234875602
6.1247973292121785 0.53040471636224373 3752.2675309198353
6.1307920303295802 0.53028392832596261 3754.9175791070702
6.1367879001944088 0.53016304934085778 3757.5659678803881
6.14278493956364 0.53004207945466941 3760.2126970731179
6.1487831491935445 0.5299210187151735 3762.8577665207931
6.1547825298396859 0.5297998671701819 3765.5011760611483
6.1607830822569225 0.52967862486754291 3768.1429255341181
6.1667848071994049 0.52955729185513978 3770.7830147818336
6.1727877054205784 0.52943586818089228 3773.42144364862
6.1787917776731787 0.52931435389275561 3776.0582119809933
6.1847970247092361 0.52919274903872093 3778.6933196276605
6.1908034472800733 0.52907105366681517 3781.3267664395144
6.196811046136304 0.52894926782510088 3783.9585522696325
6.2028198220278341 0.52882739156167646 3786.5886769732733
6.2088297757038626 0.52870542492467576 3789.2171404078758
6.2148409079128788 0.52858336796226901 3791.8439424330554
6.2208532194026631 0.52846122072266133 3794.4690829106012
6.2268667109202882 0.52833898325409379 3797.092561704475
6.232881383212117 0.5282166556048431 3799.7143786808074
6.2388972370238029 0.52809423782322185 3802.3345337078958
6.2449142731002905 0.5279717299575778 3804.9530266562028
6.2509324921858136 0.52784913205629458 3807.5698573983514
6.2569518950238967 0.52772644416779102 3810.1850258091249
6.2629724823573545 0.5276036663405218 3812.7985317654634
6.2689942549282902 0.52748079862297736 3815.4103751464609
6.2750172134780966 0.527357841063683 3818.0205558333623
6.2810413587474567 0.52723479371119997 3820.6290737095633
6.2870666914763413 0.52711165661412485 3823.2359286606052
6.2930932124040098 0.52698842982108973 3825.8411205741731
6.2991209222690117 0.52686511338076181 3828.4446493400951
6.3051498218091835 0.52674170734184433 3831.0465148503372
6.3111799117616494 0.52661821175307522 3833.6467169990019
6.317211192862823 0.5264946266632281 3836.2452556823264
6.3232436658484046 0.52637095212111218 3838.8421307986782
6.3292773314533823 0.52624718817557159 3841.4373422485551
6.335312190412032 0.5261233348754859 3844.03088993458
6.3413482434579151 0.52599939226976999 3846.6227737615
6.3473854913238821 0.52587536040737415 3849.2129936361835
6.353423934742068 0.52575123933728363 3851.801549467617
6.359463574443895 0.52562702910851911 3854.3884411669032
6.3655044111600727 0.52550272977013646 3856.9736686472593
6.3715464456205959 0.52537834137122685 3859.5572318240124
6.3775896785547443 0.52525386396091622 3862.1391306145979
6.3836341106910846 0.52512929758836613 3864.7193649385572
6.389679742757469 0.52500464230277299 3867.2979347175351
6.3957265754810342 0.52487989815336855 3869.8748398752768
6.4017746095882027 0.5247550651894195 3872.4500803376259
6.4078238458046819 0.52463014346022763 3875.0236560325211
6.4138742848554626 0.52450513301512958 3877.5955668899937
6.4199259274648215 0.52438003390349763 3880.1658128421659
6.4259787743563193 0.52425484617473839 3882.7343938232475
6.4320328262527999 0.52412956987829373 3885.3013097695325
6.4380880838763925 0.52400420506364087 3887.8665606193986
6.4441445479485093 0.52387875178029142 3890.4301463133024
6.4502022191898467 0.52375321007779219 3892.9920667937786
6.4562610983203825 0.52362758000572485 3895.5523220054356
6.4623211860593797 0.52350186161370615 3898.1109118949548
6.4683824831253842 0.52337605495138739 3900.6678364110871
6.4744449902362229 0.52325016006845504 3903.2230955046493
6.4805087081090074 0.52312417701463021 3905.7766891285232
6.4865736374601299 0.5229981058396691 3908.328617237652
6.4926397790052661 0.52287194659336234 3910.8788797890379
6.4987071334593738 0.5227456993255355 3913.4274767417396
6.5047757015366914 0.52261936408604914 3915.9744080568694
6.5108454839507397 0.52249294092479825 3918.5196736975904
6.516916481414321 0.52236642989171267 3921.063273629115
6.522988694639519 0.52223983103675697 3923.6052078187008
6.5290621243376981 0.52211314440993029 3926.1454762356489
6.5351367712195048 0.52198637006126658 3928.6840788513009
6.5412126359948646 0.52185950804083436 3931.2210156390365
6.5472897193729844 0.52173255839873667 3933.7562865742702
6.5533680220623527 0.52160552118511161 3936.2898916344507
6.5594475447707357 0.52147839645013105 3938.8218307990546
6.565528288205182 0.52135118424400229 3941.3521040495875
6.5716102530720191 0.52122388461696667 3943.8807113695789
6.5776934400768541 0.5210964976193001 3946.4076527445809
6.5837778499245729 0.52096902330131312 3948.9329281621644
6.589863483319343 0.52084146171335088 3951.4565376119185
6.5959503409646087 0.52071381290579244 3953.9784810854449
6.6020384235630951 0.52058607692905201 3956.4987585763574
6.6081277318168041 0.52045825383357791 3959.0173700802784
6.6142182664270184 0.52033034366985265 3961.5343155948367
6.6203100280942984 0.52020234648839347 3964.0495951196644
6.6264030175184825 0.52007426233975185 3966.5632086563946
6.6324972353986871 0.51994609127451352 3969.0751562086584
6.6385926824333072 0.51981783334329879 3971.5854377820829
6.644689359320016 0.51968948859676201 3974.0940533842872
6.6507872667557626 0.51956105708559197 3976.6010030248808
6.6568864054367758 0.51943253886051166 3979.1062867154615
6.6629867760585597 0.51930393397227836 3981.6099044696102
6.6690883793158973 0.51917524247168367 3984.1118563028917
6.6751912159028475 0.51904646440955304 3986.6121422328492
6.6812952865127464 0.51891759983674646 3989.1107622790028
6.6874005918382062 0.51878864880415809 3991.6077164628464
6.6935071325711171 0.51865961136271599 3994.1030048078464
6.6996149094026443 0.5185304875633826 3996.5966273394365
6.7057239230232293 0.51840127745715414 3999.0885840850169
6.7118341741225898 0.51827198109506123 4001.5788750739516
6.7179456633897203 0.51814259852816869 4004.067500337565
6.72405839151289 0.51801312980757475 4006.5544599091386
6.730172359179643 0.51788357498441229 4009.0397538239099
6.7362875670768005 0.51775393410984794 4011.5233821190691
6.7424040158904583 0.51762420723508229 4014.0053448337558
6.7485217063059872 0.51749439441134992 4016.4856420090568
6.7546406390080325 0.5173644956899196 4018.9642736880032
6.7607608146805154 0.5172345111220934 4021.4412399155681
6.7668822340066299 0.51710444075920825 4023.9165407386631
6.7730048976688471 0.51697428465263384 4026.3901762061373
6.7791288063489104 0.51684404285377472 4028.8621463687723
6.7852539607278377 0.51671371541406874 4031.3324512792806
6.7913803614859214 0.51658330238498762 4033.8010909923028
6.7975080093027271 0.51645280381803704 4036.2680655644053
6.8036369048570959 0.51632221976475634 4038.7333750540779
6.8097670488271405 0.51619155027671859 4041.1970195217291
6.8158984418902477 0.51606079540553085 4043.6589990296857
6.8220310847230783 0.51592995520283358 4046.1193136421884
6.8281649780015652 0.51579902972030123 4048.5779634253904
6.834300122400915 0.51566801900964176 4051.0349484473536
6.8404365185956069 0.51553692312259658 4053.4902687780459
6.8465741672593925 0.51540574211094126 4055.9439244893397
6.8527130690652971 0.51527447602648457 4058.3959156550081
6.8588532246856175 0.51514312492106906 4060.8462423507226
6.8649946347919233 0.51501168884657089 4063.2949046540498
6.8711373000550564 0.51488016785489954 4065.7419026444495
6.8772812211451297 0.51474856199799823 4068.1872364032711
6.8834263987315287 0.51461687132784373 4070.630906013751
6.8895728334829114 0.51448509589644631 4073.0729115610116
6.8957205260672056 0.51435323575584935 4075.5132531320555
6.9018694771516129 0.51422129095813029 4077.9519308157655
6.9080196874026036 0.51408926155539947 4080.3889447029001
6.9141711574859217 0.51395714759980105 4082.824294886092
6.9203238880665809 0.51382494914351218 4085.2579814598444
6.926477879808866 0.51369266623874366 4087.6900045205284
6.9326331333763322 0.5135602989377398 4090.1203641663806
6.9387896494318069 0.51342784729277768 4092.5490604975007
6.9449474286373869 0.51329531135616846 4094.9760936158482
6.9511064716544393 0.51316269118025559 4097.4014636252396
6.9572667791436018 0.51302998681741685 4099.8251706313449
6.963428351764783 0.51289719832006264 4102.2472147416875
6.9695911901771597 0.51276432574063668 4104.6675960656385
6.9757552950391801 0.512631369131616 4107.0863147144155
6.9819206670085627 0.5124983285455107 4109.5033708010797
6.9880873067422939 0.51236520403486419 4111.9187644405329
6.9942552148966302 0.51223199565225286 4114.3324957495142
7.0004243921270985 0.51209870345028641 4116.7445648465982
7.0065948390884936 0.51196532748160739 4119.1549718521919
7.0127665564348804 0.51183186779889189 4121.5637168885323
7.0189395448195935 0.51169832445484842 4123.9708000796827
7.0251138048952342 0.51156469750221922 4126.3762215515299
7.0312893373136749 0.51143098699377887 4128.7799814317841
7.0374661427260543 0.51129719298233534 4131.1820798499721
7.0436442217827819 0.51116331552072969 4133.5825169374375
7.0498235751335354 0.51102935466183563 4135.9812928273368
7.0560042034272588 0.51089531045856007 4138.3784076546362
7.0621861073121668 0.51076118296384254 4140.7738615561111
7.0683692874357407 0.51062697223065578 4143.1676546703393
7.0745537444447297 0.51049267831200518 4145.5597871377022
7.0807394789851514 0.51035830126092907 4147.9502591003793
7.0869264917022914 0.51022384113049879 4150.3390707023482
7.0931147832407024 0.51008929797381808 4152.7262220893781
7.0993043542442047 0.50995467184402377 4155.1117134090309
7.1054952053558864 0.50981996279428543 4157.4955448106566
7.1116873372181022 0.50968517087780518 4159.8777164453895
7.1178807504724739 0.50955029614781822 4162.2582284661466
7.1240754457598916 0.50941533865759225 4164.6370810276248
7.1302714237205107 0.50928029846042766 4167.014274286299
7.1364686849937549 0.50914517560965733 4169.3898084004177
7.1426672302183132 0.50900997015864702 4171.76368353
7.1488670600321429 0.50887468216079534 4174.135899836836
7.1550681750724667 0.50873931166953279 4176.5064574844791
7.1612705759757738 0.50860385873832326 4178.8753566382475
7.1674742633778203 0.50846832342066273 4181.2425974652197
7.1736792379136274 0.50833270577007961 4183.6081801342316
7.179885500217484 0.50819700584013516 4185.9721048158735
7.1860930509229437 0.50806122368442308 4188.3343716824884
7.1923018906628267 0.50792535935656935 4190.6949809081689
7.1985120200692183 0.50778941291023261 4193.0539326687522
7.2047234397734696 0.50765338439910368 4195.4112271418207
7.210936150406198 0.50751727387690593 4197.7668645066988
7.2171501525972861 0.50738108139739546 4200.1208449444466
7.2233654469758815 0.50724480701435992 4202.4731686378609
7.2295820341703978 0.50710845078162037 4204.8238357714708
7.2357999148085126 0.50697201275302928 4207.1728465315355
7.2420190895171697 0.50683549298247177 4209.520201106041
7.2482395589225783 0.50669889152386538 4211.865899684698
7.2544613236502107 0.50656220843115973 4214.2099424589378
7.2606843843248061 0.50642544375833665 4216.5523296219108
7.2669087415703668 0.50628859755941036 4218.8930613684834
7.2731343960101604 0.50615166988842719 4221.2321378952347
7.2793613482667192 0.50601466079946567 4223.5695594004537
7.2855895989618391 0.50587757034663638 4225.9053260841383
7.2918191487165815 0.50574039858408226 4228.2394381479899
7.2980499981512716 0.50560314556597796 4230.5718957954123
7.3042821478854982 0.50546581134653068 4232.9026992315075
7.3105155985381147 0.50532839597997947 4235.2318486630757
7.3167503507272391 0.50519089952059537 4237.5593442986092
7.3229864050702522 0.50505332202268149 4239.8851863482914
7.3292237621837986 0.50491566354057316 4242.2093750239937
7.3354624226837872 0.50477792412863742 4244.5319105392728
7.341702387185391 0.50464010384127334 4246.8527931093677
7.3479436563030456 0.50450220273291202 4249.1720229511975
7.3541862306504511 0.50436422085801613 4251.4896002833575
7.3604301108405696 0.50422615827108108 4253.8055253261164
7.3666752974856271 0.50408801502663303 4256.1197983014154
7.372921791197113 0.503949791179231 4258.4324194328638
7.3791695925857805 0.50381148678346521 4260.7433889457361
7.3854187022616449 0.50367310189395786 4263.0527070669705
7.391669120833984 0.5035346365653629 4265.3603740251638
7.3979208489113395 0.50339609085236647 4267.6663900505719
7.4041738871015159 0.50325746480968581 4269.9707553751032
7.4104282360115796 0.50311875849207022 4272.2734702323196
7.4166838962478607 0.50297997195430066 4274.5745348574301
7.4229408684159512 0.50284110525118997 4276.8739494872916
7.429199153120706 0.50270215843758226 4279.1717143604028
7.4354587509662418 0.50256313156835353 4281.4678297169039
7.4417196625559381 0.5024240246984113 4283.7622957985723
7.4479818884924374 0.50228483788269485 4286.0551128488214
7.454245429377643 0.50214557117617487 4288.3462811126947
7.4605102858127212 0.50200622463385358 4290.6358008368661
7.4667764583980993 0.50186679831076486 4292.923672269636
7.4730439477334683 0.50172729226197399 4295.2098956609289
7.47931275441778 0.50158770654257789 4297.4944712622901
7.4855828790492485 0.50144804120770481 4299.7773993268829
7.4918543222253486 0.50130829631251439 4302.0586801094851
7.4981270845428183 0.50116847191219782 4304.3383138664885
7.5044011665976562 0.5010285680619776 4306.6163008558942
7.5106765689851231 0.50088858481710785 4308.8926413373101
7.5169532922997409 0.50074852223287358 4311.1673355719477
7.523231337135293 0.50060838036459154 4313.4403838226208
7.5295107040848244 0.50046815926760968 4315.7117863537414
7.5357913937406416 0.50032785899730714 4317.9815434313186
7.5420734066943114 0.50018747960909449 4320.2496553229521
7.5483567435366625 0.50004702115841337 4322.5161222978331
7.5546414048577839 0.49990648370073676 4324.7809446267402
7.5609273912470272 0.49976586729156902 4327.0441225820359
7.5672147032930033 0.49962517198644524 4329.3056564376657
7.5735033415835851 0.49948439784093202 4331.5655464691536
7.5797933067059056 0.49934354491062699 4333.8237929535999
7.5860845992463597 0.49920261325115889 4336.0803961696784
7.5923772197906017 0.49906160291818763 4338.3353563976334
7.5986711689235475 0.498920513967404 4340.5886739192774
7.6049664472293736 0.49877934645453004 4342.8403490179871
7.6112630552915173 0.49863810043531887 4345.0903819787027
7.6175609936926749 0.49849677596555442 4347.3387730879231
7.6238602630148042 0.49835537310105149 4349.5855226337044
7.6301608638391238 0.4982138918976563 4351.8306309056552
7.6364627967461125 0.49807233241124554 4354.0740981949375
7.6427660623155083 0.49793069469772716 4356.3159247942604
7.6490706611263111 0.49778897881303974 4358.556110997878
7.6553765937567793 0.4976471848131529 4360.7946571015882
7.6616838607844322 0.49750531275406706 4363.0315634027284
7.6679924627860503 0.49736336269181364 4365.266830200173
7.6743024003376723 0.49722133468245433 4367.5004577943309
7.6806136740145972 0.49707922878208222 4369.7324464871426
7.6869262843913848 0.4969370450468209 4371.9627965820782
7.6932402320418545 0.49679478353282486 4374.1915083841332
7.6995555175390846 0.49665244429627881 4376.4185821998253
7.7058721414554148 0.49651002739339872 4378.6440183371942
7.7121901043624428 0.49636753288043101 4380.8678171057963
7.7185094068310267 0.49622496081365275 4383.0899788167035
7.7248300494312847 0.49608231124937174 4385.3105037824998
7.7311520327325942 0.4959395842439262 4387.5293923172776
7.7374753573035928 0.49579677985368492 4389.7466447366378
7.7438000237121765 0.49565389813504768 4391.9622613576821
7.7501260325255013 0.49551093914444438 4394.1762424990156
7.7564533843099817 0.49536790293833527 4396.3885884807405
7.7627820796312932 0.4952247895732117 4398.5992996244549
7.7691121190543697 0.49508159910559507 4400.8083762532497
7.7754435031434053 0.49493833159203737 4403.0158186917042
7.7817762324618514 0.4947949870891209 4405.2216272658861
7.7881103075724205 0.49465156565345836 4407.4258023033472
7.7944457290370837 0.49450806734169306 4409.6283441331207
7.8007824974170701 0.49436449221049855 4411.8292530857179
7.8071206132728701 0.49422084031657865 4414.0285294931273
7.8134600771642315 0.49407711171666741 4416.2261736888086
7.8198008896501614 0.49393330646752953 4418.4221860076932
7.8261430512889261 0.49378942462595959 4420.6165667861806
7.8324865626380511 0.4936454662487828 4422.8093163621343
7.8388314242543204 0.49350143139285407 4425.0004350748795
7.8451776366937773 0.49335732011505906 4427.1899232652022
7.8515252005117233 0.49321313247231341 4429.3777812753433
7.8578741162627193 0.49306886852156273 4431.5640094489972
7.8642243845005844 0.49292452831978306 4433.7486081313109
7.8705760057783971 0.49278011192398041 4435.9315776688791
7.8769289806484943 0.49263561939119083 4438.1129184097408
7.8832833096624713 0.49249105077848054 4440.2926307033777
7.8896389933711824 0.49234640614294589 4442.4707149007127
7.8959960323247413 0.49220168554171301 4444.6471713541059
7.9023544270725186 0.49205688903193801 4446.82200041735
7.9087141781631445 0.49191201667080753 4448.9952024456697
7.9150752861445079 0.49176706851553731 4451.16677779572
7.9214377515637562 0.49162204462337378 4453.3367268255806
7.9278015749672948 0.49147694505159317 4455.5050498947548
7.9341667569007885 0.49133176985750093 4457.6717473641665
7.940533297909159 0.49118651909843319 4459.8368195961566
7.9469011985365876 0.49104119283175535 4462.000266954482
7.9532704593265136 0.4908957911148632 4464.1620898043111
7.9596410808216351 0.49075031400518176 4466.3222885122223
7.9660130635639081 0.49060476156016608 4468.4808634462006
7.9723864080945468 0.49045913383730111 4470.6378149756347
7.9787611149540245 0.49031343089410118 4472.7931434713137
7.9851371846820713 0.49016765278811059 4474.9468493054264
7.9915146178176775 0.49002179957690334 4477.0989328515561
7.9978934148990906 0.48987587131808291 4479.249394484681
8.0042735764638167 0.48972986806928259 4481.3982345811673
8.0106551030486184 0.48958378988816503 4483.5454535187691
8.0170379951895185 0.48943763683242292 4485.6910516766247
8.0234222534217974 0.48929140895977818 4487.8350294352558
8.0298078782799944 0.48914510632798219 4489.9773871765619
8.0361948702979067 0.48899872899481622 4492.1181252838205
8.0425832300085869 0.48885227701809064 4494.2572441416805
8.0489729579443505 0.48870575045564579 4496.3947441361634
8.0553640546367671 0.488559149365351 4498.5306256546573
8.0617565206166653 0.48841247380510516 4500.664889085916
8.068150356414133 0.48826572383283673 4502.7975348200571
8.0745455625585159 0.48811889950650356 4504.928563248558
8.0809421395784184 0.48797200088409254 4507.0579747642523
8.0873400880016995 0.48782502802362016 4509.1857697613286
8.0937394083554803 0.48767798098313242 4511.3119486353262
8.1001401011661383 0.4875308598207041 4513.4365117831348
8.1065421669593078 0.4873836645944396 4515.5594596029896
8.112945606259883 0.48723639536247276 4517.6807924944687
8.119350419592017 0.48708905218296611 4519.8005108584921
8.1257566074791168 0.48694163511411181 4521.9186150973155
8.1321641704438505 0.48679414421413097 4524.0351056145319
8.1385731090081439 0.48664657954127422 4526.1499828150663
8.1449834236931817 0.48649894115382081 4528.2632471051747
8.1513951150194028 0.48635122911007933 4530.3748988924372
8.1578081835065088 0.48620344346838784 4532.4849385857606
8.1642226296734552 0.4860555842871126 4534.5933665953717
8.1706384540384587 0.48590765162464988 4536.7001833328177
8.1770556571189914 0.48575964553942436 4538.805389210961
8.1834742394317868 0.48561156608988976 4540.9089846439774
8.189894201492832 0.48546341333452897 4543.0109700473531
8.1963155438173736 0.4853151873318538 4545.1113458378832
8.2027382669199191 0.48516688814040498 4547.2101124336668
8.2091623713142301 0.48501851581875194 4549.3072702541067
8.2155878575133272 0.48487007042549346 4551.4028197199041
8.2220147260294905 0.48472155201925637 4553.496761253059
8.2284429773742556 0.48457296065869743 4555.5890952768641
8.2348726120584175 0.48442429640250129 4557.6798222159041
8.2413036305920304 0.48427555930938176 4559.7689424960527
8.2477360334844043 0.48412674943808143 4561.8564565444703
8.2541698212441084 0.48397786684737149 4563.9423647896001
8.2606049943789674 0.48382891159605212 4566.0266676611664
8.2670415533960693 0.48367988374295201 4568.1093655901714
8.2734794988017537 0.48353078334692834 4570.1904590088925
8.2799188311016234 0.48338161046686728 4572.2699483508804
8.2863595508005368 0.4832323651616835 4574.3478340509546
8.2928016584026096 0.48308304749032016 4576.4241165452031
8.2992451544112189 0.48293365751174916 4578.4987962709774
8.3056900393289954 0.48278419528497091 4580.5718736668914
8.312136313657831 0.48263466086901441 4582.6433491728176
8.318583977898875 0.48248505432293692 4584.7132232298845
8.3250330325525326 0.48233537570582441 4586.7814962804759
8.3314834781184697 0.48218562507679141 4588.8481687682252
8.3379353150956099 0.48203580249498063 4590.9132411380142
8.3443885439821344 0.48188590801956338 4592.9767138359712
8.3508431652754833 0.48173594170973916 4595.0385873094665
8.3572991794723528 0.48158590362473619 4597.0988620071112
8.3637565870686981 0.48143579382381074 4599.1575383787531
8.3702153885597337 0.4812856123662474 4601.2146168754762
8.3766755844399317 0.48113535931135937 4603.2700979495958
8.3831371752030233 0.48098503471848775 4605.3239820546569
8.3896001613419955 0.48083463864700204 4607.3762696454314
8.3960645433490946 0.48068417115630002 4609.4269611779146
8.402530321715826 0.4805336323058077 4611.4760571093229
8.4089974969329528 0.48038302215497919 4613.5235578980937
8.4154660694904972 0.48023234076329668 4615.5694640038782
8.4219360398777372 0.48008158819027075 4617.6137758875411
8.4284074085832117 0.47993076449543981 4619.6564940111593
8.4348801760947172 0.47977986973837061 4621.6976188380168
8.4413543428993076 0.47962890397865776 4623.7371508326032
8.4478299094832963 0.47947786727592406 4625.77509046061
8.4543068763322538 0.47932675968982008 4627.81143818893
8.4607852439310118 0.4791755812800248 4629.8461944856517
8.4672650127636579 0.47902433210624495 4631.87935982006
8.4737461833135388 0.47887301222821504 4633.910934662631
8.4802287560632603 0.47872162170569765 4635.9409194850305
8.4867127314946842 0.47857016059848356 4637.9693147601092
8.4931981100889349 0.47841862896639076 4639.9961209619041
8.4996848923263926 0.47826702686926581 4642.0213385656325
8.5061730786866967 0.47811535436698249 4644.0449680476913
8.512662669648746 0.47796361151944278 4646.0670098856517
8.5191536656906965 0.47781179838657639 4648.0874645582599
8.5256460672899657 0.47765991502834071 4650.1063325454325
8.5321398749232262 0.47750796150472069 4652.123614328254
8.5386350890664104 0.47735593787572933 4654.1393103889732
8.5451317101947115 0.47720384420140716 4656.1534212110037
8.5516297387825784 0.47705168054182251 4658.165947278917
8.558129175303721 0.47689944695707082 4660.1768890784442
8.5646300202311085 0.47674714350727593 4662.1862470964707
8.5711322740369678 0.47659477025258873 4664.1940218210339
8.5776359371927846 0.47644232725318797 4666.2002137413201
8.5841410101693043 0.47628981456927949 4668.2048233476635
8.5906474934365296 0.47613723226109722 4670.2078511315412
8.5971553874637259 0.47598458038890246 4672.209297585573
8.6036646927194127 0.47583185901298364 4674.2091632035181
8.6101754096713741 0.47567906819365691 4676.2074484802715
8.6166875387866479 0.47552620799126588 4678.2041539118618
8.6232010805315351 0.47537327846618138 4680.1992799954487
8.6297160353715938 0.47522027967880176 4682.1928272293208
8.6362324037716434 0.47506721168955279 4684.1847961128924
8.6427501861957605 0.47491407455888723 4686.1751871467013
8.6492693831072813 0.47476086834728565 4688.1640008324048
8.6557899949688029 0.47460759311525558 4690.1512376727796
8.6623120222421797 0.4744542489233316 4692.1368981717169
8.6688354653885256 0.47430083583207611 4694.1209828342207
8.6753603248682172 0.47414735390207835 4696.1034921664059
8.6818866011408868 0.47399380319395457 4698.0844266754939
8.6884142946654279 0.47384018376834863 4700.0637868698113
8.6949434058999948 0.4736864956859313 4702.041573258788
8.7014739353019994 0.47353273900740034 4704.0177863529525
8.7080058833281146 0.47337891379348096 4705.9924266639309
8.7145392504342727 0.47322502010492506 4707.9654947044428
8.721074037075665 0.47307105800251176 4709.9369909883007
8.727610243706744 0.47291702754704723 4711.906916030407
8.7341478707812215 0.47276292879936443 4713.8752703467489
8.7406869187520684 0.47260876182032369 4715.8420544543987
8.7472273880715168 0.47245452667081184 4717.807268871511
8.753769279191058 0.47230022341174294 4719.7709141173173
8.7603125925614442 0.47214585210405779 4721.7329907121275
8.7668573286326872 0.47199141280872414 4723.6934991773242
8.7734034878540594 0.47183690558673669 4725.652440035361
8.7799510706740929 0.47168233049911673 4727.6098138097595
8.7865000775405786 0.47152768760691238 4729.5656210251082
8.7930505089005706 0.4713729769711989 4731.5198622070593
8.7996023652003821 0.47121819865307779 4733.472537882325
8.8061556468855855 0.47106335271367755 4735.423648578676
8.8127103544010161 0.47090843921415365 4737.3731948249379
8.8192664881907685 0.47075345821568748 4739.3211771509905
8.8258240486981983 0.47059840977948797 4741.2675960877641
8.8323830363659201 0.47044329396679019 4743.2124521672358
8.8389434516358119 0.47028811083885569 4745.1557459224287
8.8455052949490085 0.47013286045697311 4747.0974778874079
8.8520685667459098 0.46997754288245713 4749.0376485972802
8.8586332674661747 0.46982215817664941 4750.976258588189
8.8651993975487215 0.46966670640091779 4752.913308397312
8.871766957431733 0.46951118761665678 4754.8487985628617
8.8783359475526495 0.4693556018852873 4756.7827296240785
8.8849063683481742 0.46919994926825659 4758.7151021212312
8.891478220254271 0.46904422982703858 4760.645916595613
8.8980515037061654 0.46888844362313337 4762.5751735895401
8.9046262191383434 0.4687325907180675 4764.5028736463473
8.9112023669845524 0.46857667117339374 4766.4290173103864
8.9177799476778024 0.46842068505069151 4768.3536051270257
8.9243589616503645 0.46826463241156624 4770.2766376426443
8.9309394093337691 0.46810851331764947 4772.1981154046307
8.9375212911588111 0.46795232783059948 4774.118038961381
8.9441046075555448 0.46779607601210038 4776.0364088622955
8.9506893589532872 0.46763975792386264 4777.9532256577768
8.9572755457806181 0.46748337362762277 4779.868489899226
8.9638631684653767 0.46732692318514352 4781.7822021390421
8.9704522274346647 0.46717040665821391 4783.6943629306179
8.9770427231148489 0.46701382410864872 4785.6049728283378
8.983634655931553 0.46685717559828915 4787.5140323875758
8.9902280263096674 0.46670046118900205 4789.4215421646932
8.9968228346733419 0.46654368094268095 4791.3275027170348
9.0034190814459887 0.46638683492124466 4793.2319146029267
9.0100167670502831 0.46622992318663831 4795.1347783816755
9.0166158919081614 0.46607294580083303 4797.0360946135625
9.0232164564408244 0.46591590282582585 4798.9358638598451
9.029818461068734 0.46575879432363954 4800.8340866827521
9.0364219062116149 0.46560162035632291 4802.7307636454807
9.0430267922884546 0.46544438098595053 4804.6258953121942
9.0496331197175035 0.46528707627462296 4806.5194822480216
9.0562408889162747 0.46512970628446643 4808.4115250190534
9.0628501003015423 0.46497227107763295 4810.3020241923377
9.0694607542893451 0.46481477071630029 4812.1909803358803
9.0760728512949864 0.46465720526267196 4814.0783940186411
9.0826863917330289 0.46449957477897724 4815.9642658105313
9.0893013760173016 0.46434187932747106 4817.8485962824116
9.0959178045608944 0.46418411897043393 4819.7313860060885
9.1025356777761619 0.46402629377017218 4821.6126355543138
9.1091549960747216 0.4638684037890175 4823.4923455007802
9.1157757598674536 0.4637104490893274 4825.3705164201201
9.1223979695645028 0.46355242973348482 4827.2471488879019
9.1290216255752767 0.46339434578389826 4829.1222434806286
9.1356467283084477 0.4632361973030017 4830.995800775735
9.1422732781719507 0.46307798435325465 4832.867821351585
9.1489012755729835 0.46291970699714197 4834.7383057874695
9.1555307209180103 0.46276136529717415 4836.6072546636033
9.1621616146127582 0.46260295931588707 4838.4746685611244
9.1687939570622188 0.46244448911584179 4840.3405480620877
9.1754277486706464 0.46228595475962503 4842.2048937494674
9.18206298984156 0.46212735630984847 4844.0677062071509
9.1886996809777433 0.46196869382914951 4845.9289860199369
9.1953378224812443 0.46180996738019053 4847.7887337735356
9.2019774147533759 0.46165117702565944 4849.6469500545627
9.2086184581947137 0.46149232282826902 4851.5036354505392
9.2152609532050995 0.46133340485075752 4853.358790549888
9.22190490018364 0.46117442315588858 4855.2124159419318
9.2285502995287061 0.46101537780645058 4857.0645122168899
9.2351971516379336 0.46085626886525721 4858.9150799658773
9.2418454569082229 0.46069709639514744 4860.7641197809016
9.2484952157357387 0.46053786045898498 4862.6116322548596
9.2551464285159142 0.46037856111965897 4864.4576179815358
9.2617990956434433 0.4602191984400833 4866.3020775555988
9.2684532175122882 0.46005977248319702 4868.145011572602
9.2751087945156758 0.45990028331196436 4869.9864206289767
9.2817658270460974 0.45974073098937401 4871.8263053220335
9.2884243154953108 0.45958111557844022 4873.6646662499579
9.29508426025434 0.45942143714220157 4875.5015040118078
9.3017456617134737 0.459261695743722 4877.3368192075122
9.3084085202622671 0.45910189144608993 4879.1706124378679
9.3150728362895396 0.45894202431241904 4881.0028843045366
9.3217386101833792 0.45878209440584722 4882.8336354100447
9.3284058423311382 0.45862210178953799 4884.6628663577785
9.3350745331194354 0.45846204652667882 4886.4905777519825
9.3417446829341557 0.45830192868048247 4888.3167701977573
9.3484162921604508 0.45814174831418619 4890.1414443010572
9.3550893611827384 0.45798150549105188 4891.964600668688
9.3617638903847045 0.45782120027436612 4893.7862399083042
9.3684398801492996 0.45766083272744046 4895.6063626284058
9.3751173308587408 0.45750040291361055 4897.4249694383379
9.381796242894513 0.45733991089623699 4899.2420609482861
9.3884766166373677 0.45717935673870475 4901.057637769276
9.3951584524673244 0.45701874050442359 4902.8717005131693
9.4018417507636673 0.45685806225682751 4904.6842497926627
9.4085265119049506 0.45669732205937508 4906.4952862212849
9.4152127362689946 0.45653651997554945 4908.3048104133932
9.4219004242328861 0.45637565606885822 4910.1128229841734
9.4285895761729801 0.45621473040283306 4911.9193245496353
9.4352801924648997 0.45605374304103063 4913.7243157266121
9.4419722734835343 0.45589269404703131 4915.527797132755
9.4486658196030433 0.45573158348444037 4917.3297693865361
9.4553608311968524 0.45557041141688703 4919.1302331072402
9.4620573086376556 0.45540917790802488 4920.9291889149663
9.4687552522974148 0.45524788302153207 4922.7266374306237
9.4754546625473584 0.45508652682111045 4924.5225792759293
9.4821555397579882 0.45492510937048658 4926.3170150734077
9.488857884299069 0.45476363073341092 4928.1099454463847
9.495561696539637 0.45460209097365811 4929.9013710189893
9.502266976847995 0.45444049015502719 4931.6912924161479
9.5089737255917175 0.45427882834134103 4933.4797102635848
9.5156819431376451 0.45411710559644669 4935.2666251878163
9.5223916298518869 0.45395532198421529 4937.0520378161527
9.5291027860998234 0.45379347756854205 4938.835948776692
9.5358154122461034 0.45363157241334595 4940.6183586983207
9.5425295086546438 0.45346960658257057 4942.3992682107091
9.5492450756886331 0.45330758014018258 4944.1786779443109
9.5559621137105264 0.45314549315017327 4945.9565885303591
9.5626806230820502 0.45298334567655774 4947.7330006008642
9.5694006041641995 0.45282113778337457 4949.5079147886117
9.5761220573172388 0.4526588695346867 4951.2813317271612
9.5828449829007045 0.4524965409945807 4953.0532520508432
9.5895693812734031 0.45233415222716683 4954.8236763947561
9.5962952527934071 0.45217170329657913 4956.5926053947642
9.6030225978180628 0.45200919426697583 4958.3600396874954
9.6097514167039861 0.4518466252025386 4960.12597991034
9.6164817098070632 0.45168399616747257 4961.8904267014477
9.6232134774824516 0.45152130722600692 4963.653380699724
9.6299467200845772 0.45135855844239425 4965.4148425448293
9.6366814379671375 0.45119574988091105 4967.1748128771751
9.6434176314831017 0.45103288160585725 4968.9332923379252
9.650155300984709 0.45086995368155641 4970.6902815689891
9.6568944468234719 0.45070696617235551 4972.4457812130231
9.6636350693501711 0.45054391914262537 4974.1997919134255
9.6703771689148592 0.45038081265676 4975.9523143143351
9.677120745866862 0.45021764677917708 4977.70334906063
9.6838658005547735 0.45005442157431774 4979.4528967979231
9.6906123333264631 0.44989113710664624 4981.2009581725633
9.6973603445290699 0.44972779344065078 4982.9475338316297
9.7041098345090067 0.44956439064084247 4984.6926244229317
9.7108608036119559 0.44940092877175608 4986.4362305950044
9.717613252182872 0.44923740789794958 4988.178352997108
9.7243671805659826 0.44907382808400415 4989.9189922792257
9.731122589104789 0.44891018939452432 4991.6581490920598
9.7378794781420623 0.44874649189413812 4993.3958240870325
9.744637848019849 0.44858273564749646 4995.1320179162803
9.7513976990794653 0.44841892071927358 4996.8667312326534
9.7581590316615028 0.44825504717416681 4998.5999646897126
9.7649218461058247 0.44809111507689681 5000.3317189417285
9.771686142751566 0.44792712449220728 5002.0619946436773
9.7784519219371369 0.44776307548486499 5003.790792451241
9.7852191840002209 0.44759896811965988 5005.518113020803
9.7919879292777736 0.44743480246140477 5007.2439570094457
9.7987581581060255 0.44727057857493552 5008.9683250749504
9.8055298708204788 0.44710629652511114 5010.691217875793
9.8123030677559111 0.44694195637681366 5012.4126360711434
9.8190777492463734 0.44677755819494774 5014.1325803208611
9.8258539156251921 0.44661310204444116 5015.8510512854955
9.8326315672249649 0.44644858799024473 5017.5680496262812
9.8394107043775652 0.44628401609733181 5019.2835760051385
9.8461913274141413 0.44611938643069898 5020.9976310846687
9.8529734366651152 0.44595469905536517 5022.7102155281527
9.859757032460184 0.4457899540363725 5024.4213299995499
9.8665421151283201 0.44562515143878573 5026.1309751634944
9.8733286849977695 0.44546029132769238 5027.8391516852926
9.8801167423960532 0.44529537376820266 5029.5458602309227
9.8869062876499676 0.44513039882544925 5031.2511014670308
9.8936973210855861 0.44496536656458802 5032.9548760609314
9.9004898430282555 0.44480027705079678 5034.6571846806009
9.907283853802598 0.44463513034927671 5036.3580279946782
9.9140793537325127 0.44446992652525102 5038.057406672463
9.9208763431411739 0.44430466564396559 5039.7553213839119
9.9276748223510332 0.44413934777068909 5041.4517727996381
9.9344747916838152 0.44397397297071239 5043.146761590906
9.941276251460522 0.44380854130934899 5044.840288429632
9.9480792020014324 0.44364305285193473 5046.5323539883811
9.9548836436261023 0.44347750766382821 5048.222958940366
9.9616895766533631 0.44331190581041002 5049.9121039594429
9.9684970014013228 0.44314624735708336 5051.5997897201105
9.9753059181873667 0.44298053236927348 5053.2860168975067
9.982116327328157 0.44281476091242866 5054.9707861674096
9.9889282291396313 0.44264893305201886 5056.6540982062306
9.9957416239370076 0.44248304885353634 5058.3359536910157
10.002556512034779 0.44231710838249577 5060.0163532994429
10.009372893746718 0.44215111170443422 5061.695297709819
10.016190769385872 0.44198505888491074 5063.3727876010771
10.023010139264569 0.44181894998950649 5065.0488236527763
10.029831003694412 0.44165278508382483 5066.7234065450975
10.036653362986284 0.44148656423349136 5068.3965369588432
10.043477217450345 0.4413202875041537 5070.068215575433
10.050302567396034 0.44115395496148141 5071.7384430769043
10.057129413132071 0.44098756667116634 5073.4072201459076
10.063957754966449 0.44082112269892232 5075.074547465706
10.070787593206443 0.44065462311048492 5076.7404257201715
10.077618928158607 0.44048806797161189 5078.4048555937852
10.084451760128772 0.44032145734808292 5080.0678377716331
10.091286089422052 0.44015479130569962 5081.7293729394041
10.098121916342835 0.43998806991028516 5083.3894617833885
10.104959241194795 0.43982129322768521 5085.0481049904774
10.111798064280878 0.43965446132376657 5086.7053032481563
10.118638385903315 0.43948757426441837 5088.3610572445077
10.125480206363616 0.43932063211555133 5090.0153676682066
10.132323525962567 0.43915363494309795 5091.6682352085172
10.13916834500024 0.43898658281301228 5093.319660555293
10.146014663775984 0.43881947579127045 5094.9696443989751
10.152862482588429 0.43865231394387 5096.6181874305876
10.159711801735485 0.43848509733683017 5098.2652903417375
10.166562621514343 0.43831782603619185 5099.9109538246112
10.173414942221475 0.43815050010801743 5101.5551785719736
10.180268764152634 0.43798311961839115 5103.1979652771652
10.187124087602854 0.43781568463341847 5104.8393146341004
10.193980912866449 0.4376481952192266 5106.4792273372659
10.200839240237016 0.43748065144196407 5108.1177040817174
10.207699070007434 0.43731305336780113 5109.7547455630774
10.214560402469862 0.4371454010629291 5111.3903524775351
10.221423237915742 0.43697769459356106 5113.0245255218424
10.228287576635797 0.43680993402593149 5114.6572653933126
10.235153418920031 0.43664211942629588 5116.2885727898183
10.242020765057735 0.43647425086093145 5117.9184484097887
10.248889615337477 0.43630632839613642 5119.5468929522085
10.25575997004711 0.43613835209823065 5121.1739071166148
10.26263182947377 0.43597032203355474 5122.7994916030957
10.269505193903877 0.4358022382684712 5124.4236471122895
10.27638006362313 0.43563410086936311 5126.0463743453784
10.283256438916514 0.43546590990263528 5127.6676740040921
10.290134320068297 0.43529766543471321 5129.2875467907015
10.29701370736203 0.43512936753204368 5130.9059934080178
10.303894601080549 0.43496101626109468 5132.5230145593914
10.31077700150597 0.43479261168835531 5134.1386109487094
10.317660908919699 0.43462415388033554 5135.7527832803926
10.324546323602419 0.43445564290356659 5137.3655322593941
10.331433245834104 0.43428707882460027 5138.976858591197
10.338321675894006 0.4341184617100099 5140.586762981814
10.345211614060668 0.43394979162638941 5142.1952461377832
10.352103060611912 0.4337810686403536 5143.8023087661668
10.358996015824847 0.43361229281853836 5145.4079515745489
10.365890479975867 0.43344346422760044 5147.0121752710347
10.372786453340652 0.43327458293421728 5148.6149805642463
10.379683936194166 0.43310564900508736 5150.2163681633228
10.386582928810657 0.43293666250692964 5151.8163387779168
10.393483431463663 0.43276762350648396 5153.4148931181935
10.400385444426004 0.43259853207051108 5155.0120318948275
10.407288967969786 0.43242938826579236 5156.6077558190018
10.414194002366402 0.4322601921591297 5158.2020656024042
10.421100547886534 0.43209094381734575 5159.7949619572291
10.428008604800146 0.43192164330728405 5161.3864455961702
10.43491817337649 0.43175229069580817 5162.9765172324223
10.441829253884105 0.43158288604980283 5164.5651775796787
10.448741846590815 0.43141342943617289 5166.1524273521272
10.455655951763735 0.4312439209218441 5167.7382672644508
10.462571569669263 0.43107436057376236 5169.3226980318241
10.469488700573088 0.43090474845889426 5170.9057203699113
10.476407344740181 0.43073508464422666 5172.4873349948648
10.483327502434808 0.43056536919676713 5174.0675426233229
10.490249173920517 0.43039560218354328 5175.6463439724093
10.497172359460146 0.43022578367160341 5177.2237397597273
10.504097059315821 0.43005591372801588 5178.7997307033629
10.511023273748958 0.42988599241986947 5180.3743175218779
10.517951003020256 0.42971601981427338 5181.9475009343114
10.524880247389708 0.42954599597835691 5183.5192816601757
10.531811007116595 0.42937592097926969 5185.0896604194568
10.538743282459484 0.42920579488418131 5186.65863793261
10.545677073676233 0.42903561776028193 5188.226214920558
10.552612381023991 0.42886538967478155 5189.7923921046922
10.559549204759193 0.4286951106949104 5191.3571702068666
10.566487545137566 0.4285247808879189 5192.9205499493974
10.573427402414126 0.42835440032107741 5194.4825320550617
10.580368776843178 0.42818396906167649 5196.0431172470953
10.587311668678318 0.42801348717702664 5197.6023062491904
10.594256078172432 0.42784295473445816 5199.1600997854939
10.601202005577695 0.4276723718013215 5200.7164985806048
10.608149451145577 0.42750173844498718 5202.2715033595732
10.615098415126834 0.42733105473284544 5203.8251148478985
10.622048897771514 0.42716032073230648 5205.3773337715265
10.629000899328956 0.42698953651080035 5206.9281608568472
10.635954420047792 0.426818702135777 5208.4775968306949
10.642909460175945 0.42664781767470594 5210.0256424203444
10.649866019960628 0.42647688319507687 5211.5722983535097
10.656824099648345 0.42630589876439895 5213.1175653583423
10.663783699484895 0.42613486445020093 5214.6614441634283
10.670744819715367 0.42596378032003174 5216.2039354977878
10.677707460584141 0.42579264644145948 5217.745040090872
10.684671622334895 0.42562146288207231 5219.2847586725629
10.691637305210591 0.42545022970947771 5220.8230919731686
10.698604509453491 0.42527894699130303 5222.3600407234235
10.705573235305145 0.42510761479519482 5223.8956056544857
10.712543483006401 0.42493623318881946 5225.4297874979366
10.719515252797395 0.42476480223986279 5226.9625869857755
10.72648854491756 0.42459332201603017 5228.4940048504222
10.73346335960562 0.42442179258504625 5230.0240418247113
10.740439697099596 0.42425021401465529 5231.5526986418918
10.747417557636801 0.42407858637262097 5233.0799760356267
10.754396941453841 0.42390690972672607 5234.6058747399884
10.761377848786619 0.42373518414477307 5236.1303954894584
10.768360279870329 0.42356340969458378 5237.6535390189247
10.775344234939464 0.42339158644399894 5239.1753060636811
10.782329714227807 0.42321971446087875 5240.6956973594242
10.78931671796844 0.42304779381310287 5242.2147136422527
10.796305246393738 0.42287582456856981 5243.7323556486626
10.803295299735371 0.42270380679519776 5245.2486241155502
10.810286878224305 0.42253174056092363 5246.7635197802056
10.817279982090803 0.42235962593370352 5248.2770433803125
10.824274611564421 0.42218746298151277 5249.7891956539488
10.831270766874015 0.422015251772346 5251.2999773395813
10.838268448247735 0.42184299237421646 5252.8093891760645
10.845267655913027 0.42167068485515663 5254.3174319026402
10.852268390096631 0.42149832928321829 5255.824106258935
10.859270651024589 0.42132592572647154 5257.3294129849573
10.866274438922238 0.42115347425300598 5258.8333528210969
10.873279754014211 0.42098097493092995 5260.3359265081235
10.880286596524439 0.4208084278283708 5261.8371347871835
10.88729496667615 0.42063583301347446 5263.3369783997987
10.894304864691868 0.42046319055440601 5264.835458087864
10.901316290793419 0.42029050051934919 5266.3325745936472
10.908329245201925 0.42011776297650655 5267.8283286597853
10.915343728137803 0.41994497799409963 5269.3227210292835
10.922359739820772 0.41977214564036819 5270.8157524455137
10.929377280469851 0.41959926598357117 5272.3074236522125
10.936396350303353 0.41942633909198601 5273.7977353934793
10.943416949538893 0.41925336503390881 5275.2866884137738
10.950439078393384 0.4190803438776543 5276.7742834579149
10.957462737083038 0.41890727569155584 5278.2605212710787
10.964487925823367 0.41873416054396539 5279.7454025987972
10.971514644829181 0.41856099850325329 5281.2289281869571
10.978542894314595 0.41838778963780865 5282.711098781795
10.985572674493017 0.41821453401603897 5284.1919151298989
10.99260398557716 0.41804123170637003 5285.6713779782058
10.999636827779035 0.41786788277724635 5287.1494880739974
11.006671201309954 0.4176944872971306 5288.6262461649012
11.013707106380529 0.41752104533450418 5290.1016529988874
11.020744543200674 0.41734755695786646 5291.5757093242682
11.027783511979605 0.41717402223573524 5293.0484158896952
11.034824012925837 0.41700044123664692 5294.5197734441563
11.041866046247188 0.41682681402915572 5295.9897827369768
11.048909612150776 0.41665314068183446 5297.4584445178152
11.055954710843023 0.41647942126327409 5298.9257595366635
11.063001342529653 0.41630565584208357 5300.3917285438429
11.070049507415689 0.41613184448689039 5301.8563522900049
11.077099205705458 0.41595798726633981 5303.3196315261266
11.084150437602593 0.41578408424909546 5304.7815670035116
11.091203203310025 0.41561013550383885 5306.2421594737862
11.098257503029988 0.41543614109926985 5307.7014096888997
11.105313336964022 0.41526210110410605 5309.1593184011208
11.112370705312969 0.41508801558708325 5310.6158863630362
11.119429608276976 0.41491388461695505 5312.0711143275503
11.126490046055489 0.41473970826249323 5313.525003047881
11.133552018847263 0.41456548659248732 5314.9775532775602
11.140615526850356 0.41439121967574477 5316.4287657704317
11.147680570262127 0.41421690758109092 5317.8786412806476
11.154747149279242 0.41404255037736903 5319.3271805626691
11.161815264097672 0.41386814813343992 5320.7743843712642
11.168884914912693 0.41369370091818264 5322.2202534615035
11.175956101918885 0.41351920880049364 5323.6647885887623
11.183028825310133 0.41334467184928714 5325.1079905087163
11.190103085279627 0.4131700901334952 5326.5498599773391
11.197178882019866 0.41299546372206747 5327.9903977509048
11.20425621572265 0.41282079268397126 5329.429604585981
11.211335086579085 0.41264607708819162 5330.8674812394311
11.218415494779588 0.41247131700373107 5332.3040284684103
11.22549744051388 0.41229651249960952 5333.7392470303657
11.232580923970987 0.41212166364486491 5335.1731376830321
11.239665945339242 0.41194677050855216 5336.6057011844314
11.246752504806286 0.41177183315974419 5338.0369382928739
11.25384060255907 0.41159685166753107 5339.4668497669518
11.260930238783844 0.41142182610102018 5340.8954363655394
11.268021413666174 0.41124675652933668 5342.3226988477936
11.27511412739093 0.41107164302162286 5343.748637973149
11.28220838014229 0.41089648564703846 5345.1732545013183
11.289304172103741 0.41072128447476036 5346.5965491922898
11.296401503458076 0.410546039573983 5348.0185228063247
11.303500374387399 0.41037075101391807 5349.4391761039578
11.310600785073122 0.41019541886379413 5350.8585098459935
11.317702735695965 0.41002004319285751 5352.2765247935067
11.324806226435959 0.40984462407037137 5353.6932217078383
11.33191125747244 0.40966916156561606 5355.1086013505956
11.339017828984058 0.40949365574788904 5356.5226644836494
11.346125941148774 0.40931810668650509 5357.9354118691335
11.353235594143852 0.40914251445079591 5359.346844269443
11.360346788145872 0.40896687911011026 5360.7569624472299
11.367459523330721 0.40879120073381386 5362.1657671654057
11.374573799873598 0.4086154793912895 5363.5732591871365
11.381689617949013 0.40843971515193717 5364.979439275844
11.388806977730786 0.40826390808517332 5366.3843081952009
11.395925879392047 0.40808805826043165 5367.7878667091318
11.40304632310524 0.40791216574716271 5369.1901155818096
11.410168309042119 0.40773623061483366 5370.5910555776554
11.417291837373748 0.40756025293292902 5371.9906874613371
11.424416908270505 0.40738423277094948 5373.389011997765
11.43154352190208 0.40720817019841304 5374.7860299520944
11.438671678437474 0.40703206528485408 5376.1817420897196
11.445801378045001 0.40685591809982402 5377.576149176276
11.452932620892287 0.40667972871289054 5378.9692519776363
11.460065407146274 0.40650349719363849 5380.3610512599098
11.467199736973212 0.40632722361166901 5381.7515477894403
11.474335610538668 0.40615090803660009 5383.1407423328046
11.481473028007523 0.40597455053806591 5384.5286356568104
11.488611989543967 0.40579815118571771 5385.9152285284963
11.495752495311509 0.40562171004922298 5387.3005217151294
11.502894545472969 0.40544522719826576 5388.6845159842023
11.510038140190483 0.40526870270254645 5390.067212103434
11.517183279625499 0.40509213663178212 5391.4486108407655
11.524329963938783 0.40491552905570616 5392.8287129643613
11.531478193290413 0.40473888004406827 5394.2075192426046
11.538627967839783 0.4045621896666346 5395.5850304440992
11.545779287745605 0.4043854579931877 5396.9612473376646
11.5529321531659 0.4042086850935262 5398.3361706923361
11.560086564258011 0.4040318710374653 5399.709801277364
11.567242521178596 0.40385501589483636 5401.0821398622111
11.574400024083625 0.40367811973548678 5402.4531872165489
11.581559073128387 0.40350118262928036 5403.8229441102603
11.58871966846749 0.40332420464609703 5405.1914113134362
11.595881810254856 0.40314718585583287 5406.5585895963723
11.60304549864372 0.40297012632839996 5407.9244797295696
11.610210733786642 0.40279302613372681 5409.2890824837323
11.617377515835496 0.40261588534175735 5410.6523986297661
11.624545844941471 0.40243870402245224 5412.0144289387763
11.631715721255077 0.40226148224578789 5413.375174182067
11.638887144926141 0.40208422008175654 5414.7346351311398
11.646060116103808 0.40190691760036634 5416.0928125576911
11.65323463493654 0.40172957487164168 5417.4497072336098
11.660410701572122 0.40155219196562258 5418.8053199309797
11.667588316157651 0.40137476895236518 5420.1596514220737
11.67476747883955 0.40119730590194108 5421.5127024793537
11.681948189763556 0.40101980288443817 5422.8644738754701
11.689130449074728 0.4008422599699597 5424.2149663832597
11.696314256917445 0.40066467722862492 5425.5641807757429
11.703499613435405 0.40048705473056861 5426.9121178261239
11.710686518771624 0.40030939254594139 5428.2587783077888
11.717874973068442 0.40013169074490967 5429.6041629943029
11.725064976467516 0.39995394939765544 5430.9482726594106
11.732256529109828 0.39977616857437603 5432.2911080770336
11.739449631135676 0.39959834834528463 5433.6326700212694
11.746644282684681 0.39942048878061004 5434.972959266388
11.753840483895788 0.3992425899505963 5436.3119765868341
11.761038234907259 0.39906465192550339 5437.6497227572218
11.768237535856681 0.39888667477560646 5438.9861985523348
11.77543838688096 0.39870865857119614 5440.3214047471265
11.78264078811633 0.39853060338257851 5441.6553421167155
11.78984473969834 0.3983525092800751 5442.9880114363859
11.797050241761866 0.39817437633402269 5444.3194134815849
11.804257294441106 0.3979962046147737 5445.6495490279231
11.811465897869581 0.39781799419269542 5446.9784188511703
11.818676052180136 0.39763974513817074 5448.3060237272557
11.825887757504935 0.39746145752159767 5449.6323644322665
11.833101013975472 0.39728313141338961 5450.9574417424474
11.840315821722562 0.39710476688397506 5452.2812564341957
11.847532180876343 0.39692636400379744 5453.6038092840627
11.854750091566279 0.39674792284331589 5454.9251010687522
11.861969553921158 0.39656944347300405 5456.2451325651173
11.869190568069092 0.39639092596335118 5457.5639045501603
11.876413134137518 0.39621237038486129 5458.8814178010316
11.883637252253202 0.39603377680805346 5460.1976730950273
11.890862922542228 0.39585514530346178 5461.512671209588
11.898090145130013 0.39567647594163546 5462.8264129222971
11.905318920141294 0.39549776879313842 5464.138899010879
11.912549247700138 0.3953190239285499 5465.4501302531999
11.919781127929937 0.39514024141846338 5466.7601074272643
11.927014560953408 0.39496142133348794 5468.0688313112123
11.934249546892596 0.39478256374424708 5469.3763026833221
11.941486085868876 0.39460366872137914 5470.6825223220048
11.948724178002943 0.39442473633553726 5471.9874910058052
11.955963823414825 0.39424576665738953 5473.2912095134006
11.963205022223875 0.39406675975761857 5474.5936786235961
11.970447774548775 0.3938877157069216 5475.8948991153275
11.977692080507534 0.39370863457601085 5477.1948717676569
11.984937940217492 0.39352951643561279 5478.493597359773
11.992185353795312 0.39335036135646889 5479.7910766709883
11.99943432135699 0.393171169409335 5481.0873104807388
12.006684843017851 0.39299194066498166 5482.3822995685823
12.013936918892545 0.39281267519419366 5483.676044714196
12.021190549095056 0.39263337306777063 5484.968546697376
12.028445733738696 0.39245403435652632 5486.2598062980378
12.035702472936105 0.39227465913128945 5487.5498242962103
12.042960766799256 0.39209524746290264 5488.838601472039
12.050220615439448 0.39191579942222315 5490.1261386057804
12.057482018967315 0.39173631508012263 5491.4124364778054
12.064744977492818 0.39155679450748698 5492.6974958685942
12.072009491125252 0.39137723777521649 5493.9813175587351
12.07927555997324 0.3911976449542256 5495.2639023289257
12.086543184144737 0.39101801611544307 5496.5452509599691
12.093812363747032 0.39083835132981187 5497.8253642327736
12.101083098886743 0.39065865066828931 5499.1042429283516
12.10835538966982 0.39047891420184661 5500.3818878278153
12.115629236201546 0.39029914200146948 5501.6582997123805
12.122904638586537 0.3901193341381573 5502.9334793633607
12.130181596928741 0.38993949068292394 5504.207427562169
12.137460111331441 0.38975961170679713 5505.4801450903133
12.144740181897248 0.38957969728081859 5506.7516327293979
12.15202180872811 0.389399747476044 5508.0218912611208
12.159304991925309 0.38921976236354339 5509.2909214672727
12.166589731589458 0.38903974201440022 5510.5587241297362
12.173876027820505 0.38885968649971225 5511.825300030483
12.181163880717733 0.38867959589059092 5513.0906499515731
12.18845329037976 0.38849947025816173 5514.3547746751547
12.195744256904538 0.38831930967356365 5515.6176749834613
12.203036780389352 0.38813911420794983 5516.8793516588103
12.210330860930824 0.38795888393248701 5518.1398054836036
12.217626498624913 0.3877786189183558 5519.3990372403241
12.224923693566909 0.38759831923675037 5520.6570477115356
12.232222445851441 0.38741798495887858 5521.913837679881
12.239522755572473 0.38723761615596236 5523.1694079280805
12.246824622823306 0.3870572128992365 5524.4237592389318
12.254128047696577 0.38687677525995018 5525.6768923953068
12.261433030284259 0.38669630330936555 5526.9288081801515
12.268739570677662 0.38651579711875883 5528.1795073764852
12.276047668967433 0.38633525675941943 5529.4289907673983
12.283357325243559 0.38615468230265038 5530.6772591360505
12.290668539595361 0.38597407381976795 5531.9243132656711
12.297981312111499 0.38579343138210237 5533.1701539395553
12.305295642879972 0.38561275506099663 5534.4147819410655
12.312611531988118 0.38543204492780775 5535.6581980536284
12.31992897952261 0.38525130105390532 5536.9004030607339
12.327247985569462 0.38507052351067317 5538.1413977459342
12.334568550214028 0.38488971236950775 5539.3811828928419
12.341890673540998 0.38470886770181889 5540.6197592851304
12.349214355634405 0.38452798957902995 5541.8571277065294
12.356539596577619 0.38434707807257729 5543.0932889408268
12.36386639645335 0.38416613325391041 5544.3282437718663
12.37119475534365 0.38398515519449211 5545.5619929835457
12.37852467332991 0.38380414396579826 5546.7945373598159
12.385856150492861 0.38362309963931773 5548.0258776846795
12.393189186912577 0.38344202228655261 5549.2560147421891
12.400523782668472 0.3832609119790179 5550.4849493164475
12.407859937839298 0.38307976878824196 5551.7126821916045
12.415197652503153 0.38289859278576549 5552.9392141518574
12.422536926737475 0.38271738404314265 5554.164545981449
12.429877760619043 0.38253614263194063 5555.3886784646656
12.437220154223979 0.38235486862373907 5556.6116123858374
12.444564107627748 0.38217356209013081 5557.8333485293351
12.451909620905157 0.38199222310272118 5559.0538876795699
12.459256694130357 0.38181085173312906 5560.2732306209937
12.466605327376838 0.38162944805298532 5561.4913781380947
12.473955520717439 0.38144801213393392 5562.7083310153985
12.481307274224338 0.38126654404763155 5563.9240900374652
12.488660587969061 0.38108504386574765 5565.1386559888906
12.496015462022473 0.38090351165996444 5566.352029654302
12.503371896454787 0.38072194750197635 5567.5642118183596
12.51072989133556 0.38054035146349097 5568.7752032657527
12.518089446733692 0.38035872361622808 5569.9850047812006
12.525450562717429 0.38017706403192003 5571.1936171494508
12.532813239354365 0.37999537278231216 5572.4010411552772
12.540177476711433 0.37981364993916178 5573.6072775834791
12.547543274854917 0.37963189557423904 5574.8123272188795
12.554910633850445 0.3794501097593263 5576.016190846326
12.562279553762991 0.37926829256621841 5577.218869250687
12.569650034656876 0.37908644406672276 5578.4203632168519
12.577022076595767 0.37890456433265873 5579.6206735297301
12.584395679642679 0.37872265343585859 5580.8198009742473
12.591770843859971 0.37854071144816642 5582.0177463353484
12.599147569309354 0.37835873844143891 5583.2145103979929
12.606525856051881 0.37817673448754485 5584.4100939471546
12.613905704147959 0.37799469965836519 5585.6044977678212
12.621287113657337 0.37781263402579318 5586.797722644993
12.628670084639117 0.37763053766173416 5587.9897693636804
12.636054617151744 0.37744841063810569 5589.1806387089046
12.643440711253019 0.37726625302683747 5590.3703314656941
12.650828367000086 0.37708406489987101 5591.5588484190866
12.658217584449442 0.37690184632916041 5592.7461903541243
12.665608363656929 0.37671959738667121 5593.9323580558548
12.673000704677744 0.37653731814438118 5595.1173523093303
12.680394607566429 0.37635500867428018 5596.3011738996047
12.687790072376879 0.37617266904836993 5597.4838236117348
12.695187099162339 0.37599029933866385 5598.6653022307764
12.702585687975406 0.37580789961718764 5599.8456105417845
12.709985838868022 0.37562546995597856 5601.024749329812
12.717387551891486 0.37544301042708567 5602.2027193799104
12.724790827096447 0.37526052110256997 5603.3795214771244
12.732195664532906 0.37507800205450426 5604.5551564064945
12.739602064250214 0.37489545335497293 5605.7296249530546
12.747010026297074 0.37471287507607215 5606.9029279018296
12.754419550721543 0.3745302672899099 5608.0750660378371
12.76183063757103 0.37434763006860544 5609.246040146083
12.769243286892296 0.37416496348429007 5610.4158510115631
12.776657498731455 0.37398226760910652 5611.5844994192594
12.784073273133973 0.37379954251520903 5612.7519861541414
12.791490610144674 0.37361678827476352 5613.918312001163
12.798909509807732 0.37343400495994722 5615.0834777452628
12.806329972166674 0.37325119264294898 5616.2474841713629
12.813751997264385 0.37306835139596917 5617.4103320643653
12.8211755851431 0.37288548129121951 5618.572022209155
12.828600735844415 0.37270258240092297 5619.7325553905957
12.836027449409272 0.37251965479731414 5620.8919323935288
12.843455725877977 0.37233669855263879 5622.0501540027735
12.850885565290184 0.37215371373915412 5623.2072210031247
12.858316967684909 0.37197070042912844 5624.3631341793534
12.865749933100519 0.37178765869484137 5625.5178943162036
12.87318446157474 0.37160458860858409 5626.6715021983928
12.880620553144652 0.37142149024265841 5627.8239586106092
12.888058207846694 0.37123836366937751 5628.9752643375123
12.895497425716661 0.3710552089610662 5630.1254201637321
12.902938206789704 0.3708720261900596 5631.2744268738643
12.910380551100333 0.37068881542870441 5632.4222852524745
12.917824458682414 0.3705055767493583 5633.5689960840928
12.925269929569172 0.37032231022438994 5634.7145601532147
12.932716963793188 0.37013901592617909 5635.8589782442996
12.940165561386404 0.3699556939271163 5637.0022511417701
12.947615722380121 0.3697723442996031 5638.1443796300109
12.955067446804994 0.3695889671160521 5639.2853644933657
12.962520734691042 0.3694055624488865 5640.42520651614
12.96997558606764 0.3692221303705408 5641.5639064825955
12.977432000963526 0.36903867095345982 5642.7014651769532
12.984889979406795 0.3688551842700995 5643.8378833833895
12.992349521424901 0.36867167039292631 5644.973161886036
12.99981062704466 0.36848812939441794 5646.1073014689782
13.007273296292249 0.36830456134706219 5647.2403029162551
13.014737529193205 0.368120966323358 5648.3721670118584
13.022203325772427 0.36793734439581455 5649.5028945397298
13.029670686054173 0.36775369563695204 5650.63248628376
13.037139610062063 0.36757002011930101 5651.7609430277898
13.04461009781908 0.36738631791540283 5652.8882655556081
13.052082149347568 0.36720258909780895 5654.0144546509491
13.059555764669234 0.36701883373908195 5655.1395110974927
13.067030943805147 0.36683505191179433 5656.2634356788649
13.074507686775737 0.36665124368852925 5657.3862291786336
13.081985993600801 0.36646740914188053 5658.5078923803094
13.089465864299495 0.36628354834445215 5659.6284260673447
13.09694729889034 0.36609966136885824 5660.7478310231318
13.104430297391222 0.36591574828772372 5661.866108031003
13.111914859819388 0.36573180917368348 5662.983257874228
13.119400986191451 0.36554784409938296 5664.0992813360135
13.126888676523388 0.36536385313747766 5665.2141791995027
13.13437793083054 0.3651798363606335 5666.3279522477751
13.141868749127616 0.36499579384152608 5667.4406012638428
13.149361131428686 0.36481172565284192 5668.5521270306508
13.156855077747187 0.36462763186727709 5669.6625303310766
13.164350588095923 0.36444351255753821 5670.7718119479296
13.171847662487062 0.36425936779634144 5671.8799726639472
13.179346300932139 0.36407519765641344 5672.987013261798
13.186846503442055 0.36389100221049087 5674.0929345240766
13.194348270027078 0.36370678153132019 5675.1977372333049
13.201851600696841 0.36352253569165782 5676.3014221719313
13.209356495460348 0.36333826476427028 5677.4039901223287
13.216862954325967 0.3631539688219339 5678.5054418667933
13.224370977301433 0.36296964793743502 5679.6057781875443
13.231880564393853 0.36278530218356952 5680.7049998667244
13.239391715609699 0.36260093163314361 5681.8031076863954
13.246904430954812 0.36241653635897253 5682.900102428539
13.254418710434402 0.36223211643388215 5683.9959848750559
13.261934554053047 0.36204767193070753 5685.0907558077643
13.269451961814694 0.36186320292229351 5686.1844160084001
13.276970933722659 0.36167870948149466 5687.2769662586143
13.284491469779629 0.36149419168117541 5688.3684073399727
13.292013569987663 0.36130964959420936 5689.458740033956
13.299537234348184 0.3611250832934802 5690.5479651219557
13.307062462861991 0.36094049285188073 5691.6360833852768
13.314589255529249 0.3607558783423136 5692.7230956051353
13.322117612349498 0.36057123983769074 5693.8090025626561
13.329647533321646 0.36038657741093377 5694.8938050388733
13.337179018443974 0.36020189113497375 5695.9775038147291
13.344712067714134 0.36001718108275099 5697.0600996710718
13.35224668112915 0.3598324473272152 5698.1415933886574
13.359782858685419 0.35964768994132545 5699.2219857481459
13.367320600378708 0.35946290899805056 5700.3012775301013
13.37485990620416 0.35927810457036785 5701.3794695149909
13.382400776156286 0.35909327673126479 5702.4565624831839
13.389943210228976 0.35890842555373742 5703.5325572149504
13.397487208415489 0.35872355111079135 5704.6074544904614
13.405032770708459 0.35853865347544134 5705.6812550897866
13.412579897099892 0.35835373272071108 5706.7539597928944
13.420128587581173 0.35816878891963372 5707.8255693796509
13.427678842143056 0.35798382214525132 5708.8960846298169
13.435230660775671 0.357798832470615 5709.9655063230493
13.442784043468526 0.35761381996878494 5711.0338352389008
13.450338990210501 0.35742878471283052 5712.1010721568164
13.457895500989849 0.35724372677582988 5713.1672178561339
13.465453575794205 0.35705864623087019 5714.232273116083
13.473013214610576 0.35687354315104763 5715.2962387157841
13.480574417425345 0.35668841760946701 5716.3591154342466
13.488137184224271 0.35650326967924245 5717.4209040503692
13.495701514992493 0.35631809943349646 5718.4816053429395
13.503267409714523 0.35613290694536065 5719.5412200906303
13.510834868374252 0.3559476922879754 5720.5997490720019
13.518403890954948 0.35576245553448971 5721.6571930655
13.525974477439256 0.35557719675806138 5722.7135528494528
13.5335466278092 0.35539191603185677 5723.7688292020721
13.541120342046181 0.35520661342905135 5724.8230229014534
13.54869562013098 0.35502128902282876 5725.8761347255731
13.556272462043754 0.35483594288638137 5726.9281654522874
13.563850867764042 0.35465057509291015 5727.9791158593334
13.571430837270761 0.35446518571562491 5729.0289867243255
13.579012370542204 0.35427977482774337 5730.0777788247569
13.586595467556048 0.35409434250249233 5731.1254929379975
13.59418012828935 0.35390888881310673 5732.1721298412931
13.601766352718546 0.35372341383283001 5733.2176903117643
13.60935414081945 0.35353791763491427 5734.262175126406
13.616943492567261 0.3533524002926195 5735.3055850620876
13.624534407936554 0.35316686187921448 5736.3479208955487
13.632126886901291 0.3529813024679761 5737.3891834034021
13.639720929434811 0.35279572213218952 5738.4293733621307
13.647316535509834 0.35261012094514838 5739.4684915480866
13.654913705098467 0.35242449898015432 5740.5065387374925
13.662512438172195 0.35223885631051716 5741.5435157064367
13.670112734701886 0.35205319300955523 5742.5794232308763
13.677714594657793 0.35186750915059473 5743.6142620866331
13.685318018009548 0.35168180480696992 5744.648033049396
13.69292300472617 0.35149608005202337 5745.6807368947175
13.700529554776059 0.35131033495910552 5746.7123743980128
13.708137668127 0.35112456960157518 5747.7429463345616
13.715747344746163 0.35093878405279849 5748.7724534795034
13.723358584600099 0.35075297838615038 5749.8008966078405
13.730971387654746 0.35056715267501309 5750.8282764944342
13.738585753875427 0.3503813069927772 5751.8545939140058
13.746201683226847 0.35019544141284081 5752.8798496411337
13.753819175673099 0.35000955600861022 5753.9040444502543
13.761438231177664 0.34982365085349937 5754.9271791156625
13.769058849703402 0.34963772602093007 5755.9492544115064
13.776681031212565 0.34945178158433171 5756.9702711117898
13.784304775666786 0.34926581761714176 5757.9902299903706
13.791930083027092 0.34907983419280514 5759.0091318209616
13.799556953253889 0.34889383138477459 5760.0269773771251
13.807185386306974 0.34870780926651035 5761.0437674322775
13.814815382145532 0.34852176791148054 5762.0595027596837
13.822446940728133 0.3483357073931605 5763.0741841324607
13.830080062012735 0.34814962778503361 5764.0878123235725
13.837714745956687 0.34796352916059048 5765.1003881058332
13.845350992516725 0.34777741159332914 5766.1119122519021
13.852988801648971 0.34759127515675553 5767.1223855342869
13.860628173308941 0.34740511992438255 5768.1318087253403
13.868269107451534 0.3472189459697308 5769.1401825972598
13.875911604031042 0.34703275336632822 5770.1475079220863
13.883555663001149 0.34684654218771022 5771.1537854717053
13.891201284314922 0.34666031250741924 5772.1590160178439
13.898848467924825 0.34647406439900535 5773.163200332071
13.906497213782709 0.34628779793602577 5774.1663391857956
13.914147521839816 0.34610151319204491 5775.1684333502672
13.921799392046777 0.34591521024063454 5776.1694835965736
13.92945282435362 0.34572888915537348 5777.1694906956427
13.937107818709759 0.34554255000984785 5778.1684554182384
13.944764375064 0.34535619287765074 5779.166378534962
13.952422493364546 0.34516981783238254 5780.1632608162499
13.960082173558986 0.34498342494765061 5781.1591030323743
13.967743415594304 0.34479701429706905 5782.1539059534416
13.975406219416877 0.34461058595425964 5783.1476703493909
13.983070584972475 0.34442413999285071 5784.1403969899957
13.990736512206261 0.34423767648647746 5785.1320866448596
13.998404001062793 0.34405119550878238 5786.1227400834177
14.00607305148602 0.34386469713341444 5787.1123580749354
14.013743663419286 0.34367818143402995 5788.1009413885085
14.021415836805328 0.34349164848429176 5789.0884907930604
14.029089571586283 0.34330509835786949 5790.0750070573431
14.036764867703678 0.3431185311284396 5791.0604909499352
14.044441725098434 0.34293194686968553 5792.0449432392425
14.052120143710871 0.34274534565529724 5793.028364693495
14.059800123480702 0.34255872755897121 5794.0107560807483
14.067481664347039 0.34237209265441099 5794.9921181688833
14.075164766248385 0.3421854410153265 5795.9724517256018
14.082849429122644 0.34199877271543427 5796.95175751843
14.090535652907116 0.34181208782845751 5797.930036314714
14.098223437538493 0.34162538642812601 5798.9072888816227
14.105912782952872 0.34143866858817601 5799.8835159861437
14.113603689085741 0.34125193438235019 5800.8587183950849
14.121296155871988 0.34106518388439783 5801.8328968750729
14.1289901832459 0.34087841716807449 5802.8060521925509
14.136685771141162 0.34069163430714217 5803.7781851137806
14.144382919490853 0.34050483537536941 5804.7492964048397
14.152081628227458 0.34031802044653098 5805.7193868316217
14.159781897282857 0.34013118959440786 5806.6884571598348
14.167483726588328 0.33994434289278758 5807.6565081550007
14.17518711607455 0.33975748041546344 5808.6235405824546
14.182892065671604 0.33957060223623575 5809.5895552073453
14.190598575308966 0.33938370842891025 5810.5545527946324
14.198306644915517 0.33919679906729944 5811.5185341090883
14.206016274419536 0.33900987422522144 5812.4814999152932
14.213727463748702 0.33882293397650087 5813.4434509776383
14.221440212830098 0.33863597839496828 5814.404388060324
14.229154521590207 0.33844900755446022 5815.3643119273593
14.236870389954912 0.33826202152881957 5816.3232233425588
14.244587817849501 0.3380750203918948 5817.2811230695452
14.252306805198661 0.33788800421754067 5818.2380118717474
14.260027351926482 0.33770097307961761 5819.193890512398
14.267749457956459 0.33751392705199224 5820.1487597545356
14.275473123211489 0.33732686620853675 5821.1026203610027
14.283198347613869 0.33713979062312954 5822.0554730944441
14.290925131085304 0.33695270036965441 5823.0073187173066
14.298653473546899 0.33676559552200136 5823.9581579918395
14.306383374919166 0.33657847615406594 5824.9079916800929
14.314114835122018 0.33639134233974949 5825.8568205439169
14.321847854074775 0.33620419415295888 5826.8046453449615
14.329582431696162 0.33601703166760699 5827.7514668446738
14.337318567904305 0.33582985495761214 5828.6972858043009
14.34505626261674 0.33564266409689819 5829.6421029848871
14.352795515750406 0.33545545915939484 5830.5859191472728
14.36053632722165 0.33526824021903706 5831.5287350520939
14.368278696946224 0.33508100734976565 5832.4705514597827
14.376022624839282 0.33489376062552667 5833.4113691305647
14.383768110815391 0.33470650012027175 5834.3511888244611
14.391515154788522 0.33451922590795796 5835.2900113012838
14.399263756672054 0.33433193806254774 5836.22783732064
14.407013916378773 0.33414463665800903 5837.1646676419259
14.414765633820871 0.33395732176831489 5838.1005030243314
14.422518908909948 0.33376999346744413 5839.0353442268342
14.430273741557016 0.33358265182938018 5839.9691920082041
14.438030131672493 0.33339529692811248 5840.9020471269987
14.445788079166205 0.33320792883763539 5841.8339103415638
14.453547583947385 0.33302054763194827 5842.7647824100322
14.46130864592468 0.33283315338505592 5843.6946640903261
14.469071265006145 0.33264574617096826 5844.6235561401518
14.476835441099242 0.33245832606370029 5845.5514593170019
14.484601174110846 0.33227089313727198 5846.4783743781545
14.492368463947241 0.33208344746570861 5847.4043020806712
14.500137310514122 0.33189598912304047 5848.3292431813979
14.507907713716593 0.33170851818330255 5849.2531984369625
14.515679673459172 0.33152103472053512 5850.1761686037762
14.523453189645787 0.33133353880878319 5851.0981544380311
14.531228262179777 0.33114603052209696 5852.019156695701
14.539004890963893 0.33095850993453135 5852.9391761325387
14.546783075900299 0.33077097712014591 5853.8582135040779
14.554562816890572 0.33058343215300556 5854.7762695656311
14.562344113835698 0.33039587510717955 5855.6933450722881
14.57012696663608 0.33020830605674206 5856.6094407789178
14.577911375191533 0.3300207250757719 5857.5245574401661
14.585697339401285 0.32983313223835281 5858.4386958104533
14.593484859163977 0.32964552761857319 5859.351856643977
14.601273934377666 0.32945791129052587 5860.2640406947103
14.609064564939819 0.3292702833283086 5861.1752487163994
14.616856750747324 0.32908264380602331 5862.0854814625654
14.62465049169648 0.32889499279777695 5862.9947396865018
14.632445787682999 0.32870733037768074 5863.9030241412747
14.640242638602011 0.32851965661985061 5864.8103355797221
14.648041044348064 0.32833197159840655 5865.7166747544534
14.655841004815116 0.32814427538747359 5866.6220424178491
14.663642519896547 0.32795656806118073 5867.5264393220586
14.671445589485147 0.32776884969366132 5868.4298662190013
14.679250213473129 0.32758112035905357 5869.3323238603652
14.687056391752119 0.32739338013149955 5870.2338129976069
14.694864124213161 0.32720562908514572 5871.1343343819499
14.702673410746717 0.32701786729414301 5872.0338887643838
14.710484251242667 0.32683009483264641 5872.9324768956658
14.718296645590307 0.32664231177481517 5873.8300995263171
14.726110593678353 0.32645451819481269 5874.7267574066254
14.73392609539494 0.32626671416680669 5875.6224512866429
14.74174315062762 0.32607889976496868 5876.5171819161842
14.749561759263365 0.3258910750634747 5877.4109500448276
14.757381921188564 0.32570324013650453 5878.3037564219139
14.76520363628903 0.32551539505824201 5879.1956017965467
14.773026904449994 0.32532753990287527 5880.0864869175894
14.780851725556104 0.3251396747445961 5880.9764125336669
14.788678099491435 0.3249517996576004 5881.8653793931644
14.796506026139475 0.32476391471608784 5882.7533882442258
14.804335505383138 0.32457601999426222 5883.6404398347549
14.812166537104757 0.32438811556633113 5884.5265349124129
14.819999121186086 0.32420020150650591 5885.4116742246197
14.827833257508304 0.32401227788900155 5886.2958585185515
14.83566894595201 0.3238243447880374 5887.179088541141
14.843506186397223 0.32363640227783574 5888.0613650390769
14.851344978723386 0.32344845043262321 5888.9426887588033
14.859185322809367 0.32326048932662976 5889.8230604465198
14.867027218533455 0.32307251903408946 5890.7024808481792
14.874870665773361 0.32288453962923924 5891.5809507094873
14.882715664406224 0.32269655118632051 5892.458470775905
14.8905622143086 0.32250855377957749 5893.3350417926431
14.898410315356477 0.3223205474832585 5894.2106645046661
14.906259967425262 0.32213253237161515 5895.085339656689
14.914111170389788 0.32194450851890238 5895.9590679931771
14.921963924124311 0.3217564759993789 5896.831850258347
14.929818228502516 0.32156843488730641 5897.7036871961636
14.937674083397511 0.32138038525695056 5898.5745795503417
14.94553148868183 0.32119232718257995 5899.4445280643431
14.953390444227434 0.3210042607384665 5900.3135334813787
14.961250949905709 0.32081618599888578 5901.1815965444066
14.969113005587468 0.32062810303811634 5902.048717996131
14.97697661114295 0.32044001193044008 5902.9148985790025
14.984841766441821 0.32025191275014209 5903.780139035217
14.992708471353177 0.32006380557151071 5904.6444401067156
15.000576725745539 0.31987569046883729 5905.5078025351841
15.008446529486857 0.31968756751641642 5906.3702270620524
15.016317882444508 0.31949943678854592 5907.2317144284925
15.024190784485297 0.31931129835952637 5908.0922653754205
15.032065235475461 0.31912315230366151 5908.9518806434944
15.039941235280661 0.31893499869525843 5909.8105609731128
15.047818783765992 0.31874683760862677 5910.6683071044172
15.055697880795975 0.31855866911807912 5911.5251197772877
15.063578526234561 0.31837049329793138 5912.3809997313465
15.071460719945133 0.31818231022250193 5913.2359477059535
15.079344461790503 0.31799411996611221 5914.0899644402098
15.087229751632915 0.3178059226030866 5914.9430506729523
15.09511658933404 0.31761771820775209 5915.7952071427571
15.103004974754985 0.31742950685443849 5916.6464345879376
15.110894907756283 0.31724128861747847 5917.4967337465441
15.118786388197902 0.31705306357120727 5918.3461053563624
15.126679415939243 0.31686483178996289 5919.1945501549153
15.134573990839138 0.31667659334808612 5920.0420688794602
15.14247011275585 0.31648834831992007 5920.8886622669888
15.150367781547075 0.31630009677981075 5921.7343310542274
15.158266997069942 0.31611183880210658 5922.5790759776355
15.166167759181015 0.31592357446115854 5923.4228977734065
15.17407006773629 0.3157353038313202 5924.2657971774652
15.181973922591196 0.31554702698694759 5925.10777492547
15.189879323600598 0.31535874400239905 5925.9488317528103
15.197786270618794 0.31517045495203555 5926.788968394605
15.205694763499517 0.31498215991022033 5927.628185585706
15.213604802095935 0.31479385895131906 5928.4664840606938
15.22151638626065 0.31460555214969976 5929.3038645538782
15.2294295158457 0.31441723957973255 5930.1403277992986
15.23734419070256 0.31422892131579028 5930.9758745307226
15.245260410682137 0.31404059743224749 5931.810505481646
15.25317817563478 0.31385226800348137 5932.6442213852915
15.261097485410268 0.31366393310387114 5933.4770229746091
15.269018339857823 0.31347559280779796 5934.3089109822758
15.276940738826099 0.31328724718964579 5935.1398861406933
15.284864682163191 0.31309889632379984 5935.9699491819902
15.292790169716628 0.31291054028464804 5936.7991008380195
15.300717201333381 0.3127221791465799 5937.627341840358
15.308645776859853 0.31253381298398736 5938.4546729203075
15.316575896141892 0.31234544187126412 5939.2810948088918
15.324507559024779 0.3121570658828059 5940.1066082368598
15.332440765353239 0.31196868509301023 5940.9312139346812
15.340375514971431 0.31178029957627656 5941.7549126325484
15.348311807722958 0.31159190940700643 5942.5777050603747
15.356249643450859 0.31140351465960298 5943.3995919477957
15.364189021997616 0.31121511540847119 5944.2205740241661
15.372129943205149 0.31102671172801788 5945.0406520185616
15.380072406914818 0.3108383036926517 5945.8598266597774
15.388016412967428 0.31064989137678278 5946.678098676327
15.39596196120322 0.31046147485482312 5947.4954687964437
15.403909051461877 0.31027305420118634 5948.311937748078
15.411857683582527 0.31008462949028787 5949.1275062588984
15.419807857403738 0.30989620079654429 5949.9421750562906
15.427759572763518 0.30970776819437412 5950.7559448673583
15.435712829499321 0.30951933175819746 5951.5688164189187
15.443667627448042 0.30933089156243548 5952.3807904375071
15.451623966446016 0.30914244768151161 5953.1918676493733
15.459581846329028 0.30895400018984992 5954.0020487804832
15.467541266932299 0.30876554916187643 5954.8113345565143
15.4755022280905 0.30857709467201827 5955.6197257028607
15.48346472963774 0.30838863679470413 5956.4272229446287
15.491428771407579 0.30820017560436402 5957.2338270066384
15.499394353233015 0.30801171117542908 5958.0395386134214
15.507361474946494 0.30782324358233198 5958.844358489222
15.515330136379909 0.3076347728995063 5959.6482873579962
15.523300337364594 0.30744629920138733 5960.4513259434116
15.531272077731332 0.30725782256241108 5961.2534749688457
15.53924535731035 0.30706934305701494 5962.0547351573869
15.54722017593132 0.30688086075963755 5962.8551072318332
15.555196533423366 0.30669237574471825 5963.6545919146929
15.563174429615053 0.3065038880866981 5964.453189928181
15.571153864334395 0.30631539786001832 5965.2509019942236
15.579134837408853 0.30612690513912205 5966.0477288344537
15.587117348665338 0.30593840999845273 5966.8436711702116
15.595101397930202 0.3057499125124552 5967.6387297225447
15.603086985029254 0.30556141275557502 5968.4329052122084
15.611074109787744 0.3053729108022587 5969.2261983596627
15.619062772030373 0.30518440672695357 5970.0186098850754
15.627052971581294 0.30499590060410775 5970.8101405083189
15.635044708264106 0.30480739250817046 5971.6007909489699
15.643037981901855 0.3046188825135912 5972.3905619263105
15.651032792317043 0.30443037069482082 5973.1794541593263
15.659029139331617 0.3042418571263103 5973.9674683667072
15.667027022766975 0.30405334188251187 5974.7546052668467
15.675026442443967 0.30386482503787782 5975.540865577841
15.683027398182892 0.30367630666686168 5976.3262500174878
15.691029889803502 0.30348778684391714 5977.1107593032875
15.699033917125 0.30329926564349863 5977.8943941524431
15.707039479966037 0.3031107431400612 5978.6771552818564
15.715046578144721 0.30292221940806024 5979.4590434081329
15.723055211478609 0.30273369452195165 5980.240059247576
15.731065379784711 0.30254516855619207 5981.020203516191
15.739077082879492 0.30235664158523812 5981.7994769296811
15.747090320578865 0.30216811368354723 5982.5778802034501
15.7551050926982 0.3019795849255768 5983.3554140525994
15.763121399052318 0.30179105538578493 5984.1320791919279
15.771139239455497 0.30160252513863001 5984.9078763359348
15.779158613721467 0.30141399425857018 5985.6828061988153
15.787179521663411 0.30122546282006457 5986.4568694944619
15.79520196309397 0.301036930897572 5987.230066936464
15.803225937825236 0.30084839856555184 5988.0023992381066
15.811251445668759 0.30065986589846322 5988.7738671123716
15.819278486435543 0.30047133297076589 5989.5444712719354
15.827307059936048 0.30028279985691925 5990.3142124291708
15.83533716598019 0.30009426663138306 5991.0830912961437
15.843368804377342 0.29990573336861698 5991.8511085846158
15.85140197493633 0.29971720014308073 5992.6182650060409
15.859436677465441 0.2995286670292342 5993.3845612715677
15.867472911772417 0.29934013410153676 5994.149998092038
15.875510677664456 0.29915160143444819 5994.9145761779864
15.883549974948217 0.29896306910242798 5995.6782962396392
15.891590803429814 0.29877453717993546 5996.4411589869142
15.899633162914819 0.29858600574142979 5997.2031651294219
15.907677053208264 0.29839747486137008 5997.9643153764637
15.91572247411464 0.29820894461421499 5998.7246104370324
15.923769425437893 0.29802041507442317 5999.4840510198101
15.931817906981433 0.29783188631645274 6000.2426378331684
15.939867918548126 0.29764335841476186 6001.0003715851708
15.9479194599403 0.29745483144380791 6001.7572529835688
15.955972530959741 0.29726630547804833 6002.513282735802
15.964027131407699 0.29707778059193979 6003.2684615490007
15.972083261084878 0.29688925685993883 6004.0227901299813
15.980140919791449 0.29670073435650141 6004.7762691852486
15.988200107327041 0.29651221315608284 6005.5288994209959
15.996260823490744 0.2963236933331384 6006.2806815431022
16.00432306808111 0.29613517496212222 6007.0316162571335
16.012386840896156 0.29594665811748816 6007.7817042683428
16.020452141733358 0.29575814287368968 6008.5309462816685
16.028518970389655 0.29556962930517916 6009.2793430017355
16.036587326661447 0.29538111748640883 6010.0268951328526
16.044657210344599 0.29519260749182963 6010.7736033790134
16.05272862123444 0.29500409939589223 6011.5194684438975
16.06080155912576 0.29481559327304652 6012.2644910308682
16.068876023812816 0.29462708919774144 6013.008671842972
16.076952015089329 0.29443858724442501 6013.7520115829393
16.085029532748479 0.29425008748754483 6014.4945109531827
16.093108576582914 0.29406159000154736 6015.2361706557995
16.101189146384748 0.29387309486087804 6015.9769913925675
16.10927124194556 0.29368460213998171 6016.7169738649482
16.117354863056391 0.29349611191330205 6017.4561187740828
16.125440009507756 0.29330762425528173 6018.1944268207963
16.133526681089624 0.29311913924036254 6018.9318987055922
16.14161487759144 0.29293065694298503 6019.6685351286569
16.14970459880211 0.2927421774375889 6020.4043367898548
16.157795844510009 0.2925537007986127 6021.1393043887329
16.165888614502979 0.29236522710049367 6021.873438624516
16.173982908568327 0.2921767564176681 6022.6067401961091
16.182078726492833 0.29198828882457095 6023.3392098020959
16.19017606806274 0.29179982439563595 6024.0708481407382
16.198274933063761 0.29161136320529585 6024.8016559099769
16.206375321281076 0.29142290532798171 6025.5316338074308
16.214477232499334 0.2912344508381236 6026.2607825303958
16.222580666502655 0.29104599981015006 6026.9891027758458
16.230685623074624 0.29085755231848848 6027.7165952404312
16.238792101998303 0.29066910843756444 6028.4432606204791
16.246900103056216 0.29048066824180263 6029.1690996119933
16.255009626030361 0.29029223180562591 6029.8941129106533
16.263120670702204 0.29010379920345569 6030.6183012118145
16.271233236852684 0.28991537050971217 6031.341665210507
16.279347324262208 0.28972694579881364 6032.0642056014358
16.287462932710657 0.28953852514517692 6032.7859230789818
16.295580061977383 0.28935010862321719 6033.5068183372005
16.303698711841207 0.28916169630734839 6034.2268920698198
16.311818882080427 0.28897328827198215 6034.9461449702421
16.319940572472809 0.28878488459152879 6035.6645777315434
16.328063782795592 0.28859648534039711 6036.3821910464731
16.336188512825487 0.28840809059299355 6037.098985607453
16.34431476233868 0.28821970042372341 6037.8149621065777
16.352442531110828 0.28803131490698985 6038.5301212356135
16.360571818917066 0.28784293411719414 6039.244463686
16.368702625531999 0.28765455812873586 6039.957990148846
16.376834950729705 0.28746618701601256 6040.6707013149335
16.384968794283743 0.28727782085342013 6041.3825978747145
16.393104155967137 0.28708945971535205 6042.0936805183119
16.401241035552392 0.2869011036762002 6042.80394993552
16.409379432811487 0.28671275281035424 6043.5134068158013
16.417519347515881 0.28652440719220196 6044.22205184829
16.425660779436498 0.28633606689612895 6044.9298857217873
16.433803728343747 0.28614773199651866 6045.6369091247661
16.441948194007512 0.28595940256775249 6046.3431227453666
16.450094176197151 0.28577107868420976 6047.0485272713986
16.458241674681499 0.28558276042026737 6047.7531233903392
16.46639068922887 0.28539444785030021 6048.4569117893343
16.474541219607055 0.28520614104868097 6049.1598931551971
16.482693265583322 0.28501784008977965 6049.8620681744078
16.490846826924415 0.28482954504796454 6050.5634375331147
16.499001903396561 0.28464125599760098 6051.2640019171322
16.507158494765459 0.28445297301305245 6051.9637620119411
16.515316600796293 0.28426469616867978 6052.6627185026891
16.523476221253723 0.28407642553884149 6053.3608720741895
16.531637355901886 0.28388816119789345 6054.0582234109215
16.539800004504404 0.28369990322018934 6054.7547731970299
16.547964166824375 0.28351165168007997 6055.4505221163236
16.556129842624376 0.28332340665191386 6056.145470852277
16.56429703166647 0.28313516821003709 6056.8396200880306
16.572465733712196 0.28294693642879271 6057.5329705063868
16.580635948522573 0.28275871138252157 6058.2255227898122
16.588807675858103 0.28257049314556154 6058.9172776204387
16.59698091547877 0.282382281792248 6059.6082356800607
16.605155667144039 0.28219407739691349 6060.2983976501364
16.613331930612858 0.28200588003388788 6060.9877642117863
16.621509705643657 0.28181768977749816 6061.6763360457935
16.629688991994346 0.28162950670206865 6062.3641138326047
16.637869789422318 0.28144133088192091 6063.0510982523265
16.646052097684453 0.28125316239137327 6063.7372899847296
16.654235916537115 0.28106500130474155 6064.4226897092449
16.662421245736144 0.28087684769633847 6065.1072981049656
16.670608085036871 0.28068870164047371 6065.7911158506449
16.678796434194108 0.28050056321145417 6066.4741436246977
16.686986292962153 0.28031243248358356 6067.1563821051996
16.695177661094785 0.2801243095311628 6067.837831969885
16.703370538345272 0.27993619442848933 6068.5184938961502
16.711564924466369 0.27974808724985789 6069.1983685610503
16.719760819210311 0.27955998806955989 6069.8774566413003
16.727958222328819 0.27937189696188369 6070.5557588132733
16.736157133573109 0.27918381400111419 6071.233275753003
16.74435755269387 0.27899573926153348 6071.9100081361812
16.752559479441288 0.27880767281742008 6072.5859566381587
16.760762913565031 0.27861961474304942 6073.2611219339433
16.768967854814257 0.27843156511269351 6073.9355046982018
16.777174302937606 0.27824352400062119 6074.6091056052592
16.785382257683214 0.27805549148109759 6075.2819253290972
16.793591718798695 0.27786746762838477 6075.9539645433542
16.801802686031159 0.27767945251674142 6076.6252239213272
16.810015159127204 0.27749144622042249 6077.2957041359687
16.818229137832915 0.27730344881367958 6077.965405859889
16.826444621893863 0.27711546037076079 6078.6343297653539
16.834661611055115 0.27692748096591069 6079.3024765242853
16.842880105061219 0.27673951067337021 6079.9698468082606
16.851100103656222 0.27655154956737688 6080.6364412885132
16.859321606583652 0.27636359772216423 6081.3022606359318
16.867544613586539 0.27617565521196269 6081.9673055210606
16.875769124407391 0.27598772211099842 6082.6315766140979
16.883995138788215 0.27579979849349412 6083.2950745848975
16.892222656470505 0.27561188443366891 6083.9578001029677
16.90045167719525 0.27542398000573776 6084.6197538374699
16.90868220070293 0.27523608528391214 6085.2809364572204
16.916914226733518 0.27504820034239974 6085.9413486306885
16.925147755026472 0.27486032525540399 6086.6009910259982
16.933382785320752 0.27467246009712482 6087.2598643109259
16.941619317354807 0.27448460494175803 6087.9179691529007
16.949857350866576 0.2742967598634955 6088.5753062190061
16.958096885593498 0.27410892493652528 6089.2318761759761
16.966337921272501 0.2739211002350313 6089.8876796901995
16.974580457640005 0.27373328583319334 6090.5427174277147
16.982824494431931 0.27354548180518728 6091.1969900542144
16.991070031383689 0.2733576882251848 6091.8504982350414
16.999317068230187 0.27316990516735357 6092.5032426351909
17.007565604705825 0.27298213270585703 6093.1552239193088
17.015815640544499 0.27279437091485426 6093.8064427516929
17.024067175479605 0.27260661986850049 6094.4568997962915
17.032320209244027 0.27241887964094647 6095.1065957167029
17.040574741570151 0.27223115030633871 6095.7555311761771
17.048830772189856 0.27204343193881936 6096.4037068376128
17.057088300834518 0.27185572461252644 6097.0511233635607
17.065347327235017 0.27166802840159343 6097.6977814162201
17.073607851121718 0.27148034338014948 6098.3436816574394
17.081869872224491 0.27129266962231924 6098.9888247487179
17.090133390272705 0.27110500720222303 6099.6332113512026
17.098398404995223 0.27091735619397667 6100.2768421256906
17.106664916120408 0.27072971667169149 6100.9197177326278
17.11493292337612 0.27054208870947416 6101.5618388321082
17.123202426489719 0.27035447238142685 6102.2032060838737
17.131473425188066 0.27016686776164717 6102.8438201473164
17.139745919197519 0.26997927492422819 6103.4836816814741
17.148019908243935 0.26979169394325808 6104.1227913450339
17.156295392052673 0.26960412489282054 6104.7611497963298
17.164572370348591 0.26941656784699447 6105.3987576933432
17.172850842856043 0.26922902287985406 6106.0356156937032
17.181130809298892 0.26904149006546874 6106.6717244546862
17.189412269400499 0.26885396947790302 6107.3070846332139
17.197695222883727 0.26866646119121679 6107.9416968858568
17.205979669470935 0.26847896527946497 6108.5755618688299
17.214265608883988 0.26829148181669754 6109.2086802379963
17.222553040844254 0.26810401087695962 6109.8410526488633
17.230841965072603 0.26791655253429131 6110.4726797565854
17.239132381289405 0.26772910686272805 6111.1035622159625
17.247424289214536 0.26754167393629974 6111.7337006814396
17.255717688567373 0.26735425382903177 6112.363095807108
17.264012579066797 0.26716684661494405 6112.9917482467026
17.272308960431193 0.26697945236805165 6113.6196586536053
17.280606832378449 0.26679207116236459 6114.2468276808413
17.288906194625959 0.26660470307188744 6114.8732559810805
17.29720704689062 0.26641734817061974 6115.498944206638
17.305509388888833 0.26623000653255602 6116.1238930094723
17.313813220336506 0.26604267823168504 6116.7481030411873
17.322118540949052 0.265855363341991 6117.3715749530293
17.330425350441388 0.26566806193745229 6117.9943093958891
17.338733648527938 0.26548077409204202 6118.6163070203011
17.347043434922632 0.26529349987972822 6119.2375684764429
17.355354709338908 0.26510623937447336 6119.8580944141349
17.363667471489705 0.26491899265023433 6120.4778854828419
17.371981721087479 0.26473175978096292 6121.0969423316701
17.380297457844183 0.26454454084060519 6121.7152656093695
17.388614681471282 0.26435733590310184 6122.3328559643314
17.396933391679749 0.26417014504238789 6122.949714044591
17.405253588180067 0.26398296833239299 6123.5658404978249
17.41357527068222 0.26379580584704115 6124.1812359713513
17.421898438895706 0.2636086576602506 6124.7959011121302
17.430223092529534 0.26342152384593409 6125.4098365667651
17.438549231292217 0.26323440447799862 6126.0230429814992
17.44687685489178 0.26304729963034557 6126.6355210022184
17.455205963035755 0.26286020937687055 6127.2472712744484
17.46353655543119 0.26267313379146323 6127.8582944433574
17.471868631784638 0.26248607294800774 6128.4685911537536
17.48020219180216 0.26229902692038237 6129.0781620500866
17.488537235189334 0.26211199578245931 6129.6870077764452
17.496873761651244 0.26192497960810518 6130.2951289765606
17.50521177089249 0.26173797847118047 6130.9025262938039
17.513551262617181 0.26155099244553975 6131.5092003711852
17.521892236528938 0.26136402160503175 6132.1151518513561
17.530234692330893 0.26117706602349916 6132.7203813766064
17.538578629725691 0.26099012577477865 6133.3248895888664
17.546924048415491 0.26080320093270065 6133.9286771297066
17.55527094810196 0.26061629157108968 6134.531744640336
17.563619328486286 0.26042939776376423 6135.1340927616038
17.571969189269165 0.26024251958453654 6135.7357221339971
17.580320530150804 0.26005565710721251 6136.3366333976419
17.588673350830931 0.25986881040559212 6136.9368271923049
17.597027651008787 0.259681979553469 6137.5363041573901
17.605383430383121 0.25949516462463057 6138.1350649319393
17.613740688652204 0.25930836569285781 6138.7331101546342
17.62209942551382 0.25912158283192555 6139.3304404637938
17.630459640665265 0.25893481611560215 6139.9270564973758
17.638821333803353 0.25874806561764979 6140.522958892976
17.647184504624416 0.25856133141182397 6141.1181482878274
17.6555491528243 0.25837461357187402 6141.7126253188007
17.663915278098365 0.25818791217154252 6142.3063906224052
17.672282880141491 0.25800122728456582 6142.8994448347858
17.680651958648077 0.25781455898467359 6143.4917885917266
17.689022513312032 0.25762790734558905 6144.083422528648
17.697394543826789 0.25744127244102888 6144.6743472806074
17.705768049885293 0.25725465434470279 6145.2645634822993
17.714143031180015 0.25706805313031444 6145.8540717680553
17.722519487402934 0.25688146887156038 6146.4428727718423
17.730897418245558 0.2566949016421306 6147.0309671272653
17.739276823398907 0.25650835151570828 6147.6183554675654
17.747657702553521 0.25632181856597003 6148.205038425619
17.75604005539946 0.25613530286658548 6148.7910166339389
17.764423881626303 0.25594880449121765 6149.3762907246755
17.772809180923154 0.25576232351352257 6149.9608613296132
17.781195952978628 0.25557586000714938 6150.5447290801731
17.789584197480867 0.25538941404574034 6151.1278946074117
17.797973914117534 0.25520298570293093 6151.7103585420209
17.806365102575811 0.25501657505234954 6152.2921215143278
17.814757762542396 0.25483018216761744 6152.8731841542958
17.823151893703518 0.25464380712234924 6153.4535470915225
17.831547495744921 0.25445744999015213 6154.033210955241
17.839944568351875 0.25427111084462645 6154.6121763743195
17.848343111209168 0.25408478975936549 6155.1904439772607
17.856743124001113 0.25389848680795513 6155.7680143922016
17.865144606411551 0.25371220206397427 6156.3448882469147
17.873547558123835 0.25352593560099468 6156.9210661688066
17.881951978820851 0.25333968749258085 6157.4965487849186
17.890357868185006 0.25315345781228987 6158.071336721925
17.898765225898227 0.25296724663367176 6158.645430606136
17.90717405164197 0.25278105403026924 6159.2188310634947
17.915584345097212 0.25259488007561748 6159.7915387195781
17.923996105944457 0.2524087248432445 6160.3635541995982
17.932409333863735 0.25222258840667083 6160.9348781283989
17.940824028534596 0.25203647083940955 6161.5055111304591
17.949240189636122 0.25185037221496642 6162.0754538298916
17.957657816846915 0.25166429260683948 6162.6447068504413
17.966076909845107 0.2514782320885196 6163.2132708154868
17.974497468308357 0.25129219073348968 6163.7811463480402
17.982919491913847 0.2511061686152255 6164.3483340707462
17.991342980338288 0.25092016580719489 6164.9148346058837
17.999767933257917 0.25073418238285827 6165.4806485753625
18.0081943503485 0.25054821841566827 6166.0457766007275
18.016622231285329 0.25036227397907002 6166.6102193031547
18.025051575743227 0.25017634914650067 6167.1739773034542
18.033482383396539 0.24999044399138978 6167.7370512220659
18.041914653919147 0.24980455858715922 6168.2994416790652
18.050348386984453 0.24961869300722284 6168.8611492941582
18.058783582265395 0.24943284732498691 6169.4221746866833
18.067220239434434 0.24924702161384965 6169.9825184756119
18.075658358163565 0.24906121594720154 6170.5421812795457
18.084097938124316 0.24887543039842497 6171.1011637167203
18.092538978987736 0.24868966504089446 6171.6594664050026
18.100981480424409 0.2485039199479766 6172.2170899618905
18.109425442104452 0.24831819519303008 6172.7740350045142
18.117870863697508 0.24813249084940531 6173.3303021496358
18.126317744872757 0.24794680699044475 6173.8858920136481
18.134766085298903 0.24776114368948279 6174.4408052125764
18.143215884644189 0.24757550101984571 6174.9950423620758
18.151667142576386 0.2473898790548516 6175.5486040774349
18.160119858762798 0.24720427786781043 6176.1014909735713
18.168574032870261 0.24701869753202393 6176.6537036650343
18.177029664565143 0.24683313812078556 6177.2052427660055
18.185486753513349 0.24664759970738057 6177.7561088902958
18.193945299380314 0.24646208236508579 6178.3063026513482
18.202405301831003 0.24627658616716996 6178.8558246622351
18.210866760529925 0.24609111118689336 6179.4046755356612
18.219329675141111 0.24590565749750773 6179.9528558839602
18.227794045328135 0.24572022517225672 6180.5003663190973
18.236259870754104 0.24553481428437518 6181.0472074526688
18.244727151081658 0.24534942490708986 6181.5933798958995
18.253195885972971 0.24516405711361863 6182.1388842596471
18.261666075089757 0.24497871097717125 6182.6837211543971
18.27013771809326 0.24479338657094862 6183.2278911902658
18.278610814644267 0.24460808396814318 6183.7713949770014
18.287085364403094 0.24442280324193871 6184.3142331239796
18.295561367029599 0.24423754446551033 6184.8564062402074
18.304038822183173 0.24405230771202466 6185.3979149343222
18.312517729522746 0.24386709305463936 6185.9387598145895
18.320998088706784 0.24368190056650357 6186.4789414889055
18.329479899393291 0.24349673032075758 6187.0184605647974
18.337963161239809 0.24331158239053294 6187.5573176494199
18.346447873903418 0.24312645684895245 6188.0955133495581
18.354934037040739 0.24294135376912984 6188.6330482716266
18.363421650307927 0.24275627322417012 6189.16992302167
18.37191071336068 0.24257121528716952 6189.7061382053616
18.380401225854232 0.24238618003121509 6190.2416944280039
18.388893187443358 0.24220116752938509 6190.7765922945291
18.397386597782372 0.24201617785474883 6191.3108324094983
18.405881456525126 0.24183121108036632 6191.8444153771015
18.414377763325017 0.24164626727928895 6192.3773418011579
18.422875517834981 0.24146134652455872 6192.909612285117
18.431374719707492 0.24127644888920863 6193.4412274320548
18.439875368594567 0.24109157444626256 6193.972187844679
18.448377464147764 0.24090672326873525 6194.5024941253232
18.456881006018182 0.24072189542963207 6195.0321468759521
18.465385993856465 0.2405370910019495 6195.5611466981582
18.473892427312794 0.24035231005867447 6196.0894941931629
18.482400306036897 0.24016755267278486 6196.6171899618157
18.49090962967804 0.23998281891724904 6197.1442346045951
18.499420397885036 0.2397981088650262 6197.6706287216084
18.507932610306238 0.23961342258906621 6198.19637291259
18.516446266589547 0.23942876016230924 6198.7214677769052
18.524961366382403 0.23924412165768646 6199.2459139135453
18.53347790933179 0.23905950714811933 6199.7697119211316
18.541995895084238 0.23887491670651984 6200.2928623979124
18.550515323285822 0.23869035040579059 6200.815365941764
18.559036193582163 0.23850580831882462 6201.3372231501926
18.567558505618422 0.23832129051850531 6201.8584346203315
18.57608225903931 0.23813679707770652 6202.3790009489421
18.584607453489081 0.23795232806929253 6202.8989227324137
18.593134088611535 0.23776788356611786 6203.4182005667644
18.601662164050023 0.23758346364102745 6203.9368350476389
18.610191679447432 0.23739906836685648 6204.4548267703112
18.618722634446204 0.23721469781643045 6204.972176329682
18.627255028688328 0.23703035206256495 6205.4888843202816
18.635788861815335 0.23684603117806605 6206.0049513362655
18.644324133468306 0.23666173523572975 6206.5203779714193
18.652860843287868 0.23647746430834221 6207.0351648191545
18.661398990914201 0.23629321846867987 6207.5493124725117
18.669938575987029 0.23610899778950917 6208.0628215241595
18.678479598145625 0.23592480234358659 6208.5756925663918
18.687022057028809 0.23574063220365857 6209.0879261911323
18.695565952274954 0.23555648744246185 6209.5995229899318
18.704111283521978 0.23537236813272286 6210.1104835539672
18.712658050407356 0.23518827434715814 6210.6208084740456
18.721206252568102 0.23500420615847389 6211.1304983405989
18.729755889640789 0.23482016363936659 6211.6395537436874
18.738306961261536 0.23463614686252235 6212.1479752729992
18.746859467066013 0.23445215590061705 6212.6557635178497
18.755413406689442 0.23426819082631661 6213.1629190671811
18.763968779766593 0.23408425171227634 6213.669442509562
18.772525585931792 0.23390033863114185 6214.175334433191
18.781083824818914 0.233716451655548 6214.6805954258916
18.789643496061387 0.2335325908581195 6215.1852260751157
18.798204599292191 0.2333487563114707 6215.6892269679411
18.806767134143858 0.2331649480882057 6216.1925986910746
18.815331100248471 0.23298116626091811 6216.6953418308485
18.823896497237669 0.23279741090219103 6217.1974569732238
18.832463324742641 0.23261368208459723 6217.6989447037868
18.84103158239413 0.23242997988069894 6218.1998056077518
18.84960126982244 0.232246304363048 6218.7000402699605
18.858172386657419 0.23206265560418546 6219.1996492748813
18.866744932528473 0.23187903367664209 6219.698633206609
18.875318907064564 0.23169543865293782 6220.1969926488664
18.883894309894206 0.23151187060558204 6220.6947281850034
18.892471140645473 0.23132832960707359 6221.1918403979953
18.90104939894599 0.23114481572990053 6221.6883298704461
18.909629084422935 0.23096132904654026 6222.1841971845852
18.91821019670305 0.23077786962945929 6222.6794429222709
18.926792735412629 0.23059443755111345 6223.1740676649861
18.935376700177521 0.23041103288394793 6223.6680719938422
18.943962090623131 0.23022765570039694 6224.1614564895772
18.952548906374425 0.2300443060728837 6224.654221732555
18.961137147055922 0.22986098407382094 6225.1463683027669
18.9697268122917 0.22967768977561004 6225.6378967798319
18.978317901705399 0.22949442325064176 6226.1288077429945
18.98691041492021 0.22931118457129571 6226.6191017711271
18.995504351558886 0.22912797380994046 6227.1087794427276
19.004099711243736 0.22894479103893386 6227.5978413359226
19.012696493596628 0.22876163633062246 6228.0862880284631
19.021294698238997 0.22857850975734165 6228.5741200977291
19.029894324791826 0.22839541139141595 6229.0613381207258
19.038495372875662 0.22821234130515855 6229.5479426740858
19.047097842110613 0.22802929957087159 6230.0339343340684
19.055701732116347 0.22784628626084591 6230.5193136765602
19.064307042512095 0.22766330144736119 6231.0040812770731
19.072913772916639 0.22748034520268584 6231.4882377107469
19.081521922948333 0.22729741759907701 6231.9717835523488
19.090131492225083 0.22711451870878052 6232.454719376271
19.098742480364365 0.22693164860403081 6232.9370457565328
19.107354886983209 0.22674880735705102 6233.4187632667818
19.115968711698212 0.22656599504005281 6233.8998724802905
19.12458395412553 0.22638321172523651 6234.3803739699588
19.133200613880881 0.22620045748479095 6234.8602683083136
19.141818690579552 0.22601773239089348 6235.3395560675081
19.150438183836386 0.22583503651570991 6235.8182378193223
19.159059093265792 0.22565236993139459 6236.2963141351638
19.167681418481742 0.22546973271009013 6236.773785586066
19.176305159097772 0.22528712492392783 6237.2506527426885
19.184930314726984 0.22510454664502705 6237.7269161753193
19.193556884982041 0.22492199794549575 6238.2025764538721
19.202184869475172 0.22473947889742998 6238.6776341478871
19.210814267818169 0.22455698957291437 6239.1520898265317
19.219445079622393 0.22437453004402147 6239.6259440586009
19.228077304498765 0.22419210038281231 6240.0991974125145
19.236710942057776 0.22400970066133616 6240.571850456321
19.245345991909485 0.2238273309516301 6241.0439037576953
19.253982453663507 0.22364499132571983 6241.5153578839381
19.262620326929035 0.22346268185561882 6241.9862134019777
19.271259611314825 0.2232804026133289 6242.4564708783701
19.279900306429195 0.22309815367083971 6242.9261308792957
19.288542411880034 0.22291593510012905 6243.3951939705639
19.2971859272748 0.2227337469731627 6243.8636607176113
19.305830852220517 0.22255158936189443 6244.3315316854987
19.314477186323774 0.22236946233826596 6244.7988074389168
19.323124929190733 0.22218736597420696 6245.2654885421816
19.33177408042712 0.22200530034163488 6245.7315755592354
19.340424639638236 0.22182326551245515 6246.1970690536491
19.349076606428945 0.22164126155856104 6246.6619695886202
19.357729980403683 0.2214592885518335 6247.1262777269721
19.366384761166454 0.22127734656414136 6247.5899940311565
19.375040948320837 0.22109543566734127 6248.0531190632519
19.383698541469972 0.2209135559332773 6248.5156533849622
19.392357540216576 0.22073170743378159 6248.9775975576204
19.401017944162934 0.22054989024067376 6249.4389521421863
19.409679752910904 0.22036810442576096 6249.8997176992452
19.41834296606191 0.22018635006083823 6250.3598947890114
19.427007583216955 0.22000462721768782 6250.8194839713251
19.435673603976607 0.21982293596807995 6251.2784858056539
19.444341027941011 0.21964127638377204 6251.7369008510932
19.45300985470988 0.21945964853650909 6252.1947296663657
19.461680083882499 0.21927805249802368 6252.6519728098201
19.470351715057731 0.21909648834003562 6253.1086308394333
19.479024747834007 0.21891495613425235 6253.5647043128083
19.487699181809333 0.21873345595236851 6254.020193787178
19.496375016581286 0.21855198786606619 6254.4750998193995
19.505052251747024 0.21837055194701482 6254.9294229659599
19.513730886903268 0.21818914826687094 6255.3831637829717
19.522410921646323 0.21800777689727879 6255.836322826176
19.531092355572063 0.2178264379098693 6256.2889006509413
19.539775188275939 0.21764513137626093 6256.740897812263
19.548459419352973 0.2174638573680594 6257.1923148647647
19.557145048397768 0.2172826159568573 6257.643152362697
19.565832075004501 0.21710140721423454 6258.0934108599386
19.574520498766923 0.2169202312117581 6258.5430909099941
19.583210319278361 0.21673908802098199 6258.9921930659984
19.591901536131719 0.2165579777134474 6259.4407178807123
19.600594148919477 0.21637690036068233 6259.8886659065247
19.609288157233696 0.21619585603420183 6260.3360376954515
19.617983560666008 0.21601484480550792 6260.7828337991386
19.626680358807626 0.21583386674608959 6261.2290547688572
19.635378551249335 0.21565292192742277 6261.6747011555071
19.644078137581509 0.21547201042097008 6262.1197735096175
19.65277911739409 0.21529113229818114 6262.5642723813435
19.6614814902766 0.21511028763049231 6263.0081983204682
19.670185255818144 0.21492947648932684 6263.4515518764047
19.678890413607402 0.21474869894609461 6263.8943335981921
19.687596963232636 0.21456795507219237 6264.3365440344987
19.696304904281686 0.2143872449390033 6264.7781837336206
19.70501423634197 0.21420656861789766 6265.2192532434819
19.713724959000491 0.21402592618023197 6265.6597531116349
19.722437071843824 0.21384531769734963 6266.0996838852598
19.731150574458134 0.21366474324058063 6266.5390461111656
19.739865466429158 0.21348420288124118 6266.9778403357896
19.748581747342218 0.21330369669063445 6267.4160671051977
19.757299416782217 0.21312322474004988 6267.8537269650833
19.766018474333642 0.21294278710076356 6268.2908204607693
19.774738919580557 0.21276238384403778 6268.7273481372067
19.783460752106613 0.2125820150411214 6269.1633105389747
19.792183971495039 0.21240168076324967 6269.5987082102811
19.800908577328645 0.21222138108164421 6270.0335416949629
19.809634569189832 0.212041116067513 6270.467811536485
19.818361946660577 0.21186088579205017 6270.9015182779422
19.827090709322441 0.21168069032643641 6271.3346624620572
19.83582085675657 0.21150052974183842 6271.7672446311808
19.844552388543693 0.21132040410940914 6272.1992653272946
19.853285304264126 0.21114031350028781 6272.6307250920072
19.862019603497767 0.21096025798559984 6273.0616244665571
19.870755285824099 0.21078023763645673 6273.4919639918126
19.879492350822186 0.21060025252395603 6273.921744208269
19.888230798070683 0.21042030271918152 6274.3509656560527
19.896970627147827 0.21024038829320293 6274.7796288749187
19.90571183763144 0.21006050931707609 6275.2077344042509
19.914454429098935 0.20988066586184273 6275.6352827830624
19.923198401127305 0.20970085799853058 6276.0622745499959
19.931943753293133 0.20952108579815332 6276.488710243324
19.940690485172588 0.20934134933171072 6276.9145904009474
19.949438596341423 0.20916164867018813 6277.3399155603975
19.958188086374982 0.20898198388455699 6277.7646862588354
19.966938954848196 0.20880235504577443 6278.1889030330503
19.975691201335582 0.20862276222478357 6278.6125664194633
19.984444825411245 0.20844320549251297 6279.0356769541231
19.99319982664888 0.20826368491987735 6279.4582351727095
20.00195620462177 0.20808420057777688 6279.8802416105309
20.010713958902784 0.20790475253709742 6280.3016968025277
20.019473089064384 0.20772534086871056 6280.722601283268
20.028233594678618 0.20754596564347363 6281.1429555869518
20.036995475317127 0.20736662693222951 6281.5627602474078
20.045758730551139 0.2071873248058064 6281.9820157980948
20.054523359951471 0.20700805933501837 6282.4007227721031
20.063289363088529 0.20682883059066492 6282.8188817021528
20.072056739532318 0.20664963864353114 6283.2364931205939
20.080825488852422 0.20647048356438724 6283.6535575594062
20.089595610618026 0.20629136542398924 6284.0700755502012
20.098367104397905 0.20611228429307843 6284.4860476242211
20.107139969760418 0.20593324024238147 6284.9014743123371
20.115914206273523 0.20575423334261045 6285.3163561450529
20.124689813504766 0.20557526366446269 6285.7306936525019
20.133466791021288 0.20539633127862092 6286.1444873644477
20.142245138389821 0.20521743625575298 6286.5577378102862
20.151024855176694 0.20503857866651201 6286.9704455190431
20.15980594094782 0.20485975858153663 6287.382611019375
20.168588395268713 0.20468097607145022 6287.7942348395709
20.17737221770448 0.20450223120686156 6288.2053175075498
20.18615740781982 0.20432352405836463 6288.6158595508623
20.194943965179029 0.20414485469653823 6289.0258614966897
20.203731889345988 0.20396622319194657 6289.435323871845
20.212521179884185 0.20378762961513872 6289.8442472027727
20.221311836356694 0.2036090740366488 6290.2526320155494
20.230103858326189 0.20343055652699596 6290.6604788358818
20.238897245354938 0.20325207715668414 6291.0677881891088
20.247691997004804 0.20307363599620259 6291.4745606002016
20.256488112837246 0.20289523311602506 6291.8807965937631
20.265285592413321 0.20271686858661042 6292.2864966940269
20.27408443529368 0.20253854247840239 6292.6916614248603
20.282884641038571 0.20236025486182929 6293.0962913097601
20.291686209207839 0.20218200580730464 6293.5003868718577
20.300489139360927 0.20200379538522639 6293.9039486339152
20.309293431056876 0.20182562366597734 6294.3069771183273
20.318099083854325 0.20164749071992497 6294.7094728471211
20.326906097311507 0.20146939661742153 6295.1114363419556
20.335714470986257 0.20129134142880387 6295.5128681241222
20.344524204436009 0.20111332522439354 6295.9137687145458
20.353335297217793 0.20093534807449662 6296.3141386337829
20.362147748888237 0.20075741004940367 6296.7139784020228
20.370961559003572 0.20057951121939002 6297.113288539088
20.379776727119626 0.20040165165471543 6297.5120695644337
20.388593252791829 0.20022383142562403 6297.9103219971485
20.397411135575208 0.2000460506023447 6298.3080463559527
20.406230375024393 0.19986830925509033 6298.7052431592001
20.41505097069361 0.19969060745405867 6299.1019129248789
20.423872922136692 0.19951294526943156 6299.4980561706088
20.432696228907069 0.1993353227713752 6299.8936734136432
20.441520890557772 0.19915774003004041 6300.2887651708697
20.450346906641439 0.19898019711556189 6300.6833319588095
20.4591742767103 0.1988026940980589 6301.0773742936162
20.468003000316195 0.19862523104763485 6301.470892691078
20.476833077010564 0.19844780803437742 6301.8638876666164
20.485664506344449 0.19827042512835844 6302.2563597352864
20.494497287868494 0.19809308239963372 6302.6483094117784
20.503331421132952 0.19791577991824363 6303.0397372104144
20.512166905687668 0.19773851775421211 6303.4306436451525
20.521003741082101 0.19756129597754771 6303.8210292295844
20.529841926865306 0.19738411465824263 6304.2108944769352
20.538681462585949 0.19720697386627331 6304.6002399000663
20.547522347792295 0.19702987367160005 6304.9890660114706
20.55636458203222 0.19685281414416717 6305.3773733232783
20.565208164853196 0.19667579535390298 6305.765162347253
20.574053095802306 0.19649881737071964 6306.1524335947925
20.582899374426237 0.19632188026451328 6306.539187576931
20.59174700027128 0.19614498410516373 6306.9254248043353
20.600595972883333 0.19596812896253465 6307.3111457873092
20.609446291807902 0.19579131490647378 6307.69635103579
20.618297956590098 0.19561454200681236 6308.0810410593513
20.627150966774639 0.19543781033336541 6308.4652163672017
20.636005321905849 0.19526111995593176 6308.8488774681846
20.644861021527657 0.19508447094429396 6309.2320248707792
20.6537180651836 0.19490786336821789 6309.6146590831004
20.662576452416829 0.19473129729745356 6309.9967806128989
20.671436182770094 0.1945547728017343 6310.37838996756
20.68029725578576 0.19437828995077705 6310.7594876541052
20.689159671005797 0.19420184881428229 6311.1400741791922
20.69802342797178 0.19402544946193412 6311.5201500491148
20.706888526224901 0.19384909196339997 6311.8997157698032
20.715754965305958 0.19367277638833102 6312.2787718468226
20.724622744755354 0.19349650280636152 6312.6573187853755
20.733491864113109 0.19332027128710946 6313.0353570903007
20.742362322918847 0.19314408190017604 6313.4128872660731
20.751234120711803 0.19296793471514595 6313.7899098168036
20.760107257030825 0.19279182980158699 6314.1664252462406
20.768981731414367 0.19261576722905058 6314.5424340577692
20.777857543400501 0.19243974706707109 6314.9179367544111
20.786734692526906 0.19226376938516637 6315.2929338388258
20.795613178330871 0.1920878342528374 6315.6674258133089
20.804493000349296 0.19191194173956841 6316.0414131797925
20.813374158118698 0.19173609191482671 6316.4148964398473
20.822256651175202 0.1915602848480629 6316.7878760946815
20.831140479054547 0.19138452060871045 6317.1603526451399
20.840025641292083 0.19120879926618611 6317.532326591705
20.848912137422779 0.19103312088988983 6317.9037984344968
20.857799966981208 0.19085748554920409 6318.2747686732737
20.866689129501562 0.19068189331349489 6318.6452378074318
20.875579624517645 0.19050634425211097 6319.0152063360047
20.884471451562874 0.190330838434384 6319.3846747576645
20.893364610170281 0.19015537592962864 6319.7536435707216
20.902259099872516 0.1899799568071425 6320.1221132731243
20.911154920201838 0.1898045811362058 6320.4900843624591
20.920052070690126 0.18962924898608197 6320.8575573359512
20.928950550868869 0.18945396042601698 6321.2245326904649
20.937850360269174 0.18927871552523964 6321.5910109225033
20.946751498421765 0.18910351435296163 6321.9569925282067
20.955653964856982 0.18892835697837712 6322.3224780033561
20.964557759104775 0.18875324347066333 6322.6874678433715
20.973462880694719 0.18857817389897988 6323.0519625433108
20.982369329156001 0.18840314833246902 6323.4159625978709
20.991277104017428 0.18822816684025584 6323.7794685013905
21.000186204807417 0.18805322949144787 6324.1424807478452
21.00909663105401 0.18787833635513518 6324.5049998308514
21.018008382284865 0.18770348750039054 6324.8670262436644
21.026921458027257 0.18752868299626904 6325.2285604791805
21.035835857808078 0.18735392291180841 6325.5896030299346
21.044751581153839 0.18717920731602875 6325.9501543881024
21.053668627590675 0.18700453627793256 6326.3102150454997
21.062586996644328 0.1868299098665048 6326.6697854935819
21.07150668784017 0.1866553281507129 6327.0288662234461
21.08042770070319 0.18648079119950636 6327.3874577258284
21.089350034757992 0.18630629908181731 6327.7455604911056
21.098273689528806 0.18613185186656001 6328.1031750092961
21.107198664539482 0.18595744962263103 6328.4603017700583
21.116124959313481 0.18578309241890908 6328.8169412626912
21.1250525733739 0.18560878032425529 6329.1730939761364
21.13398150624344 0.18543451340751269 6329.5287603989755
21.142911757444438 0.18526029173750672 6329.8839410194314
21.151843326498845 0.18508611538304492 6330.2386363253681
21.160776212928234 0.18491198441291676 6330.5928468042912
21.1697104162538 0.18473789889589393 6330.9465729433487
21.178645935996364 0.18456385890073018 6331.2998152293294
21.187582771676365 0.18438986449616115 6331.6525741486639
21.196520922813864 0.18421591575090462 6332.0048501874262
21.20546038892855 0.18404201273366025 6332.3566438313301
21.21440116953973 0.18386815551310964 6332.7079555657328
21.223343264166338 0.18369434415791647 6333.0587858756344
21.232286672326932 0.18352057873672598 6333.4091352456762
21.241231393539689 0.18334685931816555 6333.7590041601425
21.250177427322416 0.18317318597084425 6334.1083931029607
21.259124773192539 0.18299955876335314 6334.457302557701
21.268073430667116 0.18282597776426474 6334.8057330075753
21.27702339926282 0.1826524430421336 6335.1536849354397
21.285974678495958 0.18247895466549582 6335.5011588237921
21.294927267882457 0.18230551270286932 6335.8481551547757
21.303881166937874 0.18213211722275363 6336.1946744101751
21.312836375177387 0.18195876829362997 6336.5407170714197
21.321792892115806 0.18178546598396111 6336.8862836195822
21.330750717267559 0.18161221036219136 6337.2313745353786
21.339709850146711 0.18143900149674669 6337.5759902991686
21.348670290266945 0.18126583945603464 6337.9201313909571
21.357632037141578 0.18109272430844414 6338.2637982903916
21.36659509028355 0.1809196561223457 6338.606991476765
21.375559449205429 0.18074663496609122 6338.9497114290143
21.384525113419414 0.18057366090801399 6339.2919586257203
21.393492082437326 0.18040073401642881 6339.633733545109
21.402460355770621 0.18022785435963179 6339.9750366650514
21.411429932930382 0.18005502200590037 6340.3158684630625
21.420400813427317 0.17988223702349337 6340.6562294163032
21.429372996771772 0.17970949948065076 6340.9961200015787
21.438346482473708 0.17953680944559403 6341.3355406953397
21.447321270042732 0.17936416698652555 6341.6744919736821
21.456297358988067 0.17919157217162923 6342.012974312348
21.465274748818576 0.17901902506907008 6342.350988186724
21.474253439042748 0.17884652574699406 6342.6885340718436
21.483233429168699 0.17867407427352855 6343.0256124423859
21.492214718704183 0.17850167071678183 6343.362223772675
21.501197307156584 0.17832931514484332 6343.6983685366822
21.510181194032914 0.1781570076257836 6344.0340472080243
21.519166378839817 0.177984748227654 6344.3692602599649
21.528152861083569 0.17781253701848723 6344.7040081654141
21.537140640270081 0.17764037406629662 6345.0382913969288
21.546129715904893 0.17746825943907651 6345.3721104267124
21.555120087493179 0.17729619320480228 6345.7054657266153
21.564111754539748 0.17712417543143014 6346.038357768135
21.573104716549039 0.17695220618689725 6346.3707870224162
21.582098973025126 0.17678028553912128 6346.7027539602504
21.591094523471714 0.17660841355600115 6347.0342590520768
21.600091367392142 0.17643659030541634 6347.365302767982
21.60908950428939 0.17626481585522688 6347.6958855777011
21.618088933666062 0.17609309027327388 6348.0260079506161
21.627089655024406 0.17592141362737906 6348.355670355757
21.636091667866296 0.17574978598534469 6348.6848732618027
21.645094971693251 0.17557820741495378 6349.0136171370796
21.654099566006416 0.17540667798396989 6349.3419024495624
21.663105450306574 0.17523519776013721 6349.6697296668744
21.672112624094151 0.17506376681118058 6349.9970992562885
21.681121086869197 0.1748923852048053 6350.3240116847246
21.69013083813141 0.17472105300869709 6350.6504674187527
21.699141877380114 0.17454977029052232 6350.9764669245915
21.70815420411428 0.1743785371179277 6351.3020106681088
21.717167817832507 0.17420735355854053 6351.6270991148212
21.726182718033037 0.1740362196799683 6351.9517327298963
21.73519890421375 0.17386513554979907 6352.2759119781504
21.744216375872156 0.17369410123560111 6352.5996373240487
21.753235132505413 0.17352311680492308 6352.9229092317064
21.76225517361031 0.17335218232529401 6353.2457281648904
21.771276498683282 0.17318129786422296 6353.5680945870163
21.780299107220394 0.17301046348919957 6353.8900089611498
21.789322998717353 0.1728396792676935 6354.2114717500071
21.79834817266951 0.17266894526715459 6354.5324834159555
21.80737462857185 0.17249826155501288 6354.8530444210128
21.816402365919 0.17232762819867858 6355.1731552268475
21.825431384205228 0.17215704526554196 6355.492816294779
21.834461682924438 0.17198651282297342 6355.8120280857784
21.843493261570178 0.17181603093832346 6356.1307910604664
21.852526119635638 0.17164559967892257 6356.4491056791167
21.861560256613643 0.17147521911208113 6356.7669724016541
21.870595671996668 0.17130488930508964 6357.0843916876547
21.879632365276819 0.17113461032521851 6357.4013639963468
21.888670335945854 0.17096438223971819 6357.7178897866106
21.897709583495168 0.17079420511581869 6358.0339695169787
21.906750107415796 0.1706240790207304 6358.3496036456345
21.915791907198418 0.17045400402164312 6358.6647926304149
21.924834982333358 0.1702839801857266 6358.9795369288095
21.933879332310582 0.17011400758013054 6359.2938369979602
21.942924956619695 0.16994408627198418 6359.6076932946607
21.951971854749953 0.16977421632839668 6359.9211062753602
21.961020026190248 0.16960439781645678 6360.2340763961583
21.97006947042912 0.16943463080323293 6360.5466041128093
21.979120186954756 0.1692649153557734 6360.8586898807198
21.988172175254981 0.16909525154110583 6361.1703341549519
21.99722543481727 0.16892563942623767 6361.4815373902193
22.006279965128741 0.16875607907815593 6361.79230004089
22.015335765676152 0.16858657056382706 6362.1026225609867
22.024392835945914 0.16841711395019723 6362.412505404186
22.03345117542408 0.16824770930419189 6362.7219490238176
22.042510783596352 0.16807835669271598 6363.030953872867
22.05157165994807 0.1679090561826542 6363.3395204039734
22.060633803964233 0.16773980784087034 6363.6476490694313
22.069697215129473 0.16757061173420768 6363.9553403211894
22.078761892928078 0.1674014679294889 6364.2625946108519
22.087827836843982 0.16723237649351605 6364.5694123896783
22.096895046360761 0.16706333749307045 6364.8757941085823
22.105963520961645 0.1668943509949127 6365.1817402181341
22.115033260129508 0.16672541706578267 6365.4872511685589
22.124104263346872 0.16655653577239957 6365.7923274097375
22.133176530095909 0.16638770718146162 6366.0969693912075
22.142250059858437 0.16621893135964644 6366.4011775621611
22.151324852115927 0.16605020837361062 6366.7049523714477
22.160400906349498 0.16588153828999014 6367.0082942675726
22.169478222039913 0.16571292117539974 6367.3112036986986
22.178556798667589 0.16554435709643342 6367.6136811126435
22.187636635712593 0.16537584611966441 6367.9157269568823
22.196717732654641 0.16520738831164464 6368.2173416785472
22.205800088973099 0.1650389837389053 6368.5185257244284
22.214883704146985 0.16487063246795636 6368.8192795409723
22.223968577654961 0.16470233456528685 6369.1196035742814
22.233054708975352 0.16453409009736469 6369.4194982701183
22.242142097586122 0.16436589913063676 6369.7189640739016
22.251230742964896 0.1641977617315287 6370.0180014307089
22.260320644588944 0.16402967796644513 6370.316610785274
22.269411801935192 0.16386164790176938 6370.6147925819905
22.278504214480215 0.1636936716038635 6370.9125472649102
22.287597881700243 0.1635257491390685 6371.209875277742
22.296692803071156 0.16335788057370407 6371.5067770638543
22.305788978068492 0.16319006597406849 6371.8032530662749
22.314886406167435 0.16302230540643883 6372.0993037276894
22.323985086842828 0.16285459893707088 6372.3949294904432
22.333085019569165 0.1626869466321989 6372.69013079654
22.342186203820592 0.16251934855803593 6372.9849080876429
22.351288639070916 0.16235180478077343 6373.2792618050762
22.36039232479359 0.16218431536658148 6373.573192389822
22.369497260461728 0.1620168803816088 6373.8667002825232
22.378603445548094 0.16184949989198252 6374.1597859234826
22.387710879525109 0.16168217396380816 6374.4524497526627
22.396819561864852 0.16151490266316976 6374.7446922096869
22.405929492039053 0.16134768605613006 6375.0365137338385
22.415040669519101 0.16118052420872955 6375.3279147640624
22.424153093776038 0.16101341718698778 6375.6188957389622
22.433266764280567 0.16084636505690217 6375.9094570968045
22.442381680503043 0.16067936788444875 6376.1995992755164
22.451497841913479 0.16051242573558169 6376.4893227126859
22.460615247981547 0.16034553867623347 6376.7786278455624
22.469733898176571 0.16017870677231491 6377.0675151110572
22.478853791967538 0.16001193008971482 6377.3559849457433
22.487974928823093 0.15984520869430049 6377.6440377858553
22.497097308211533 0.15967854265191708 6377.9316740672903
22.506220929600818 0.15951193202838809 6378.2188942256071
22.515345792458564 0.15934537688951514 6378.5056986960271
22.524471896252049 0.15917887730107771 6378.7920879134344
22.533599240448204 0.15901243332883364 6379.0780623123746
22.542727824513626 0.15884604503851868 6379.3636223270578
22.55185764791457 0.15867971249584648 6379.6487683913565
22.560988710116945 0.15851343576650875 6379.933500938806
22.570121010586327 0.15834721491617532 6380.217820402605
22.579254548787944 0.15818105001049365 6380.5017272156165
22.588389324186693 0.15801494111508937 6380.7852218103662
22.597525336247127 0.15784888829556581 6381.0683046190434
22.606662584433462 0.15768289161750423 6381.3509760735024
22.615801068209571 0.1575169511464638 6381.6332366052602
22.624940787038991 0.15735106694798121 6381.9150866454993
22.634081740384921 0.15718523908757137 6382.1965266250672
22.643223927710221 0.15701946763072655 6382.4775569744743
22.652367348477412 0.15685375264291682 6382.7581781238969
22.66151200214868 0.15668809418959007 6383.0383905031749
22.670657888185872 0.15652249233617188 6383.3181945418155
22.679805006050497 0.15635694714806528 6383.5975906689901
22.688953355203729 0.15619145869065107 6383.8765793135344
22.698102935106402 0.15602602702928772 6384.1551609039516
22.707253745219013 0.15586065222931098 6384.4333358684089
22.716405785001729 0.15569533435603441 6384.7111046347418
22.725559053914377 0.15553007347474909 6384.9884676304491
22.734713551416444 0.15536486965072341 6385.2654252826978
22.743869276967089 0.15519972294920323 6385.5419780183202
22.753026230025132 0.15503463343541213 6385.8181262638154
22.762184410049056 0.15486960117455079 6386.0938704453501
22.771343816497012 0.1547046262317974 6386.369210988757
22.780504448826814 0.1545397086723076 6386.6441483195358
22.789666306495945 0.15437484856121422 6386.9186828628544
22.798829388961551 0.15421004596362747 6387.1928150435479
22.807993695680445 0.15404530094463478 6387.4665452861182
22.817159226109105 0.15388061356930111 6387.7398740147346
22.826325979703675 0.15371598390266816 6388.0128016532362
22.835493955919972 0.15355141200975528 6388.2853286251284
22.844663154213475 0.15338689795555885 6388.5574553535853
22.853833574039328 0.15322244180505226 6388.8291822614501
22.863005214852347 0.1530580436231864 6389.1005097712341
22.872178076107012 0.15289370347488884 6389.3714383051174
22.881352157257474 0.15272942142506454 6389.6419682849482
22.890527457757553 0.15256519753859529 6389.9121001322455
22.899703977060732 0.15240103188034013 6390.1818342681963
22.908881714620168 0.15223692451513501 6390.4511711136574
22.918060669888686 0.15207287550779267 6390.7201110891547
22.927240842318778 0.15190888492310317 6390.9886546148846
22.936422231362609 0.1517449528258332 6391.2568021107127
22.945604836472011 0.15158107928072648 6391.5245539961752
22.954788657098483 0.15141726435250361 6391.7919106904792
22.963973692693198 0.15125350810586188 6392.0588726125006
22.973159942707003 0.15108981060547563 6392.3254401807872
22.982347406590407 0.15092617191599586 6392.5916138135572
22.991536083793594 0.15076259210205048 6392.8573939286998
23.000725973766421 0.1505990712282439 6393.122780943776
23.009917075958416 0.15043560935915751 6393.3877752760163
23.019109389818773 0.15027220655934923 6393.6523773423241
23.028302914796363 0.15010886289335373 6393.9165875592744
23.037497650339727 0.14994557842568229 6394.1804063431127
23.046693595897082 0.14978235322082289 6394.4438341097584
23.055890750916312 0.14961918734323992 6394.7068712748023
23.065089114844977 0.14945608085737458 6394.969518253507
23.074288687130306 0.14929303382764442 6395.2317754608075
23.083489467219206 0.14913004631844359 6395.4936433113126
23.092691454558256 0.14896711839414276 6395.7551222193024
23.10189464859371 0.14880425011908893 6396.0162125987317
23.111099048771493 0.14864144155760575 6396.2769148632269
23.120304654537204 0.14847869277399314 6396.5372294260897
23.129511465336119 0.14831600383252749 6396.7971567002933
23.138719480613187 0.14815337479746143 6397.0566970984855
23.147928699813033 0.14799080573302409 6397.3158510329877
23.157139122379952 0.14782829670342079 6397.5746189157962
23.166350747757924 0.14766584777283329 6397.8330011585804
23.175563575390594 0.14750345900541936 6398.0909981726845
23.18477760472129 0.1473411304653133 6398.3486103691275
23.193992835193015 0.14717886221662543 6398.6058381586035
23.203209266248443 0.1470166543234423 6398.8626819514811
23.212426897329934 0.14685450684982668 6399.1191421578033
23.221645727879515 0.1466924198598174 6399.37521918729
23.230865757338897 0.14653039341742949 6399.6309134493349
23.24008698514946 0.14636842758665397 6399.8862253530078
23.249309410752272 0.14620652243145804 6400.1411553070557
23.258533033588073 0.14604467801578475 6400.3957037198998
23.26775785309728 0.14588289440355334 6400.6498709996376
23.276983868719988 0.145721171658659 6400.903657554044
23.286211079895974 0.14555950984497282 6401.1570637905697
23.295439486064687 0.14539790902634189 6401.410090116342
23.304669086665264 0.14523636926658914 6401.6627369381649
23.313899881136514 0.14507489062951345 6401.9150046625209
23.323131868916928 0.14491347317888953 6402.1668936955684
23.332365049444675 0.14475211697846793 6402.4184044431431
23.341599422157607 0.14459082209197502 6402.6695373107586
23.350834986493254 0.14442958858311294 6402.9202927036058
23.360071741888824 0.14426841651555961 6403.1706710265553
23.369309687781207 0.14410730595296861 6403.420672684153
23.378548823606977 0.14394625695896934 6403.6702980806258
23.387789148802383 0.14378526959716684 6403.9195476198774
23.39703066280336 0.14362434393114179 6404.1684217054899
23.406273365045521 0.14346348002445047 6404.4169207407258
23.415517254964168 0.14330267794062487 6404.6650451285259
23.424762331994273 0.14314193774317246 6404.9127952715089
23.4340085955705 0.14298125949557636 6405.1601715719753
23.443256045127189 0.14282064326129518 6405.4071744319026
23.452504680098365 0.14266008910376299 6405.6538042529501
23.461754499917738 0.1424995970863894 6405.900061436455
23.471005504018699 0.14233916727255949 6406.1459463834362
23.480257691834321 0.1421787997256338 6406.3914594945927
23.489511062797362 0.14201849450894813 6406.636601170303
23.498765616340265 0.14185825168581381 6406.8813718106276
23.508021351895152 0.14169807131951748 6407.1257718153065
23.517278268893836 0.1415379534733211 6407.3698015837608
23.526536366767811 0.14137789821046196 6407.6134615150941
23.535795644948255 0.14121790559415268 6407.8567520080896
23.545056102866031 0.14105797568758099 6408.0996734612127
23.554317739951689 0.14089810855391 6408.3422262726108
23.563580555635461 0.14073830425627798 6408.5844108401125
23.57284454934727 0.14057856285779835 6408.8262275612296
23.582109720516719 0.14041888442155975 6409.067676833155
23.591376068573105 0.14025926901062599 6409.3087590527648
23.600643592945399 0.14009971668803572 6409.5494746166169
23.609912293062269 0.13994022751680302 6409.7898239209535
23.619182168352069 0.13978080155991682 6410.0298073616977
23.628453218242832 0.1396214388803412 6410.269425334458
23.637725442162289 0.13946213954101513 6410.5086782345243
23.646998839537847 0.1393029036048527 6410.747566456871
23.656273409796611 0.13914373113474282 6410.9860903961562
23.665549152365369 0.13898462219354946 6411.2242504467213
23.674826066670597 0.13882557684411143 6411.462047002592
23.68410415213846 0.13866659514924246 6411.6994804574788
23.693383408194812 0.13850767717173104 6411.9365512047771
23.702663834265199 0.13834882297434065 6412.173259637565
23.711945429774847 0.1381900326198095 6412.4096061486071
23.721228194148679 0.13803130617085055 6412.6455911303519
23.730512126811309 0.13787264369015154 6412.8812149749338
23.739797227187033 0.13771404524037503 6413.1164780741719
23.749083494699843 0.13755551088415824 6413.3513808195721
23.75837092877342 0.13739704068411299 6413.5859236023252
23.767659528831135 0.13723863470282591 6413.8201068133076
23.776949294296053 0.13708029300285812 6414.0539308430816
23.786240224590919 0.1369220156467455 6414.287396081897
23.795532319138186 0.13676380269699842 6414.5205029196895
23.804825577359981 0.1366056542161018 6414.7532517460813
23.814119998678137 0.13644757026651519 6414.9856429503816
23.823415582514169 0.13628955091067257 6415.2176769215857
23.83271232828929 0.13613159621098248 6415.4493540483782
23.842010235424404 0.13597370622982785 6415.6806747191285
23.851309303340106 0.13581588102956607 6415.9116393218956
23.860609531456682 0.135658120672529 6416.1422482444259
23.869910919194115 0.13550042522102282 6416.3725018741534
23.879213465972082 0.1353427947373281 6416.6024005981999
23.888517171209951 0.13518522928369978 6416.8319448033753
23.897822034326783 0.13502772892236711 6417.0611348761795
23.907128054741332 0.13487029371553361 6417.2899712028002
23.91643523187205 0.13471292372537702 6417.5184541691142
23.925743565137083 0.13455561901404944 6417.7465841606863
23.935053053954267 0.13439837964367712 6417.9743615627722
23.944363697741139 0.13424120567636047 6418.2017867603163
23.953675495914926 0.13408409717417416 6418.4288601379531
23.962988447892553 0.13392705419916692 6418.6555820800058
23.972302553090639 0.1337700768133617 6418.8819529704888
23.981617810925499 0.1336131650787554 6419.1079731931059
23.990934220813148 0.13345631905731908 6419.3336431312509
24.000251782169293 0.1332995388109979 6419.5589631680105
24.009570494409338 0.13314282440171091 6419.7839336861598
24.018890356948383 0.13298617589135134 6420.0085550681652
24.028211369201227 0.13282959334178618 6420.2328276961853
24.037533530582365 0.13267307681485649 6420.4567519520688
24.046856840505992 0.13251662637237729 6420.6803282173569
24.056181298385994 0.13236024207613745 6420.9035568732816
24.06550690363596 0.13220392398789962 6421.1264383007683
24.074833655669178 0.13204767216940053 6421.3489728804334
24.084161553898632 0.13189148668235051 6421.5711609925847
24.093490597737006 0.13173536758843382 6421.7930030172247
24.102820786596681 0.13157931494930847 6422.0144993340464
24.112152119889736 0.13142332882660618 6422.2356503224373
24.121484597027951 0.13126740928193253 6422.4564563614767
24.130818217422807 0.13111155637686667 6422.6769178299382
24.140152980485482 0.13095577017296142 6422.8970351062881
24.149488885626855 0.13080005073174339 6423.1168085686859
24.158825932257507 0.13064439811471273 6423.3362385949858
24.168164119787715 0.1304888123833432 6423.5553255627365
24.177503447627458 0.13033329359908216 6423.7740698491789
24.186843915186422 0.13017784182335057 6423.9924718312504
24.196185521873986 0.13002245711754282 6424.2105318855811
24.205528267099233 0.12986713954302689 6424.4282503884979
24.214872150270946 0.12971188916114426 6424.6456277160205
24.224217170797612 0.12955670603320985 6424.8626642438649
24.233563328087424 0.12940159022051201 6425.0793603474422
24.242910621548269 0.12924654178431244 6425.2957164018599
24.252259050587739 0.12909156078584641 6425.5117327819198
24.261608614613131 0.12893664728632237 6425.7274098621201
24.270959313031444 0.12878180134692221 6425.9427480166551
24.280311145249378 0.12862702302880111 6426.1577476194152
24.289664110673339 0.12847231239308757 6426.3724090439882
24.299018208709438 0.12831766950088327 6426.586732663658
24.308373438763482 0.12816309441326326 6426.8007188514048
24.31772980024099 0.12800858719127578 6427.0143679799066
24.327087292547183 0.12785414789594216 6427.2276804215389
24.336445915086987 0.12769977658825707 6427.4406565483732
24.345805667265029 0.12754547332918814 6427.65329673218
24.355166548485645 0.12739123817967632 6427.865601344427
24.364528558152877 0.12723707120063554 6428.0775707562807
24.373891695670466 0.1270829724529528 6428.2892053386049
24.383255960441865 0.12692894199748825 6428.5005054619614
24.392621351870229 0.12677497989507494 6428.7114714966128
24.401987869358425 0.12662108620651899 6428.9221038125179
24.411355512309019 0.12646726099259958 6429.1324027793353
24.420724280124286 0.12631350431406871 6429.3423687664244
24.430094172206207 0.12615981623165134 6429.552002142842
24.439465187956472 0.12600619680604541 6429.7613032773443
24.448837326776481 0.12585264609792171 6429.9702725383895
24.458210588067335 0.1256991641679239 6430.1789102941329
24.467584971229844 0.12554575107666838 6430.3872169124325
24.476960475664526 0.12539240688474446 6430.5951927608448
24.486337100771614 0.1252391316527143 6430.8028382066286
24.495714845951039 0.12508592544111269 6431.0101536167413
24.505093710602448 0.12493278831044721 6431.2171393578428
24.514473694125194 0.12477972032119819 6431.4237957962941
24.523854795918336 0.1246267215338186 6431.6301232981559
24.533237015380649 0.12447379200873411 6431.8361222291924
24.542620351910614 0.12432093180634303 6432.0417929548685
24.552004804906417 0.12416814098701634 6432.2471358403509
24.561390373765963 0.12401541961109751 6432.4521512505098
24.570777057886858 0.12386276773890266 6432.6568395499153
24.580164856666425 0.12371018543072049 6432.8612011028417
24.589553769501695 0.12355767274681212 6433.0652362732653
24.598943795789413 0.12340522974741124 6433.2689454248657
24.608334934926031 0.12325285649272405 6433.4723289210251
24.617727186307711 0.12310055304292913 6433.6753871248302
24.627120549330332 0.12294831945817754 6433.8781203990693
24.636515023389478 0.12279615579859278 6434.0805291062352
24.645910607880452 0.12264406212427062 6434.282613608525
24.655307302198267 0.12249203849527929 6434.4843742678395
24.664705105737642 0.1223400849716593 6434.6858114457837
24.674104017893018 0.12218820161342353 6434.886925503667
24.683504038058544 0.12203638848055712 6435.0877168025036
24.692905165628083 0.12188464563301746 6435.2881857030125
24.70230739999521 0.12173297313073418 6435.4883325656183
24.711710740553215 0.12158137103360914 6435.6881577504491
24.721115186695101 0.12142983940151642 6435.8876616173402
24.730520737813585 0.12127837829430221 6436.086844525832
24.739927393301098 0.12112698777178493 6436.2857068351705
24.749335152549786 0.12097566789375501 6436.4842489043076
24.758744014951514 0.1208244187199751 6436.6824710919018
24.768153979897853 0.12067324031017986 6436.8803737563176
24.777565046780094 0.12052213272407605 6437.0779572556266
24.786977214989243 0.12037109602134231 6437.275221947607
24.796390483916021 0.12022013026162948 6437.4721681897436
24.805804852950864 0.12006923550456022 6437.6687963392296
24.815220321483928 0.1199184118097293 6437.8651067529645
24.824636888905079 0.11976765923670335 6438.0610997875547
24.834054554603906 0.11961697784502087 6438.2567757993165
24.84347331796971 0.11946636769419233 6438.4521351442727
24.852893178391511 0.1193158288437 6438.6471781781556
24.862314135258043 0.119165361352998 6438.8419052564041
24.871736187957762 0.11901496528151233 6439.0363167341666
24.881159335878838 0.11886464068864067 6439.2304129662998
24.89058357840916 0.1187143876337526 6439.4241943073712
24.900008914936336 0.1185642061761893 6439.6176611116553
24.90943534484769 0.11841409637526386 6439.8108137331365
24.918862867530269 0.11826405829026085 6440.00365252551
24.928291482370831 0.11811409198043674 6440.1961778421792
24.937721188755859 0.11796419750501944 6440.388390036258
24.947151986071553 0.11781437492320865 6440.5802894605713
24.956583873703835 0.11766462429417562 6440.7718764676538
24.96601685103834 0.11751494567706317 6440.96315140975
24.975450917460432 0.11736533913098568 6441.1541146388163
24.984886072355188 0.1172158047150291 6441.3447665065196
24.994322315107407 0.11706634248825086 6441.5351073642378
25.00375964510161 0.1169169525096799 6441.7251375630613
25.013198061722036 0.11676763483831659 6441.9148574537903
25.022637564352646 0.11661838953313275 6442.1042673869379
25.032078152377125 0.11646921665307169 6442.2933677127294
25.041519825178874 0.11632011625704806 6442.4821587811011
25.050962582141022 0.11617108840394788 6442.6706409417029
25.060406422646412 0.11602213315262848 6442.8588145438971
25.069851346077616 0.11587325056191862 6443.0466799367578
25.079297351816926 0.11572444069061828 6443.2342374690725
25.088744439246355 0.11557570359749873 6443.4214874893423
25.098192607747642 0.11542703934130258 6443.6084303457819
25.107641856702241 0.11527844798074355 6443.7950663863194
25.117092185491341 0.11512992957450663 6443.9813959585954
25.126543593495843 0.11498148418124803 6444.167419409966
25.13599608009638 0.11483311185959506 6444.3531370875016
25.145449644673306 0.11468481266814619 6444.5385493379854
25.154904286606694 0.11453658666547106 6444.7236565079165
25.16436000527635 0.11438843391011032 6444.9084589435088
25.1738168000618 0.11424035446057575 6445.0929569906903
25.183274670342293 0.11409234837535014 6445.2771509951053
25.192733615496806 0.11394441571288738 6445.4610413021128
25.202193634904038 0.11379655653161228 6445.6446282567867
25.211654727942417 0.11364877088992062 6445.8279122039175
25.221116893990096 0.11350105884617927 6446.0108934880127
25.230580132424951 0.11335342045872582 6446.1935724532941
25.240044442624587 0.11320585578586902 6446.3759494437008
25.249509823966331 0.11305836488588826 6446.5580248028882
25.258976275827241 0.11291094781703398 6446.7397988742287
25.268443797584101 0.11276360463752733 6446.9212720008118
25.277912388613419 0.11261633540556037 6447.1024445254434
25.287382048291434 0.11246914017929598 6447.2833167906483
25.296852775994111 0.11232201901686766 6447.4638891386685
25.306324571097139 0.11217497197637982 6447.6441619114621
25.315797432975941 0.11202799911590748 6447.8241354507072
25.325271361005665 0.11188110049349648 6448.0038100977999
25.334746354561183 0.11173427616716321 6448.1831861938535
25.344222413017103 0.1115875261948948 6448.3622640797003
25.353699535747758 0.11144085063464902 6448.5410440958922
25.363177722127208 0.1112942495443542 6448.7195265826995
25.372656971529246 0.11114772298190928 6448.8977118801113
25.382137283327392 0.11100127100518382 6449.0756003278375
25.391618656894895 0.11085489367201783 6449.2531922653061
25.401101091604737 0.11070859104022189 6449.4304880316658
25.410584586829625 0.11056236316757707 6449.6074879657854
25.420069141942001 0.11041621011183494 6449.7841924062532
25.429554756314033 0.1102701319307175 6449.9606016913785
25.439041429317626 0.11012412868191712 6450.1367161591916
25.448529160324409 0.10997820042309669 6450.3125361474422
25.458017948705745 0.10983234721188943 6450.488061993603
25.467507793832731 0.10968656910589888 6450.6632940348663
25.47699869507619 0.10954086616269897 6450.8382326081464
25.486490651806683 0.10939523843983395 6451.01287805008
25.495983663394497 0.1092496859948183 6451.1872306970245
25.505477729209655 0.10910420888513685 6451.3612908850591
25.514972848621913 0.10895880716824462 6451.5350589499867
25.524469021000755 0.10881348090156688 6451.7085352273325
25.533966245715401 0.1086682301424991 6451.8817200523426
25.543464522134805 0.10852305494840693 6452.0546137599886
25.552963849627655 0.1083779553766261 6452.2272166849625
25.562464227562369 0.10823293148446264 6452.3995291616811
25.5719656553071 0.10808798332919257 6452.5715515242855
25.581468132229734 0.10794311096806197 6452.7432841066384
25.590971657697896 0.10779831445828711 6452.914727242327
25.60047623107894 0.10765359385705416 6453.0858812646638
25.609981851739953 0.10750894922151941 6453.2567465066841
25.619488519047767 0.10736438060880914 6453.427323301149
25.628996232368937 0.10721988807601958 6453.5976119805437
25.638504991069762 0.1070754716802169 6453.7676128770772
25.648014794516271 0.10693113147843721 6453.9373263226862
25.657525642074233 0.10678686752768658 6454.1067526490297
25.667037533109152 0.10664267988494087 6454.2758921874947
25.676550466986264 0.10649856860714589 6454.4447452691929
25.686064443070546 0.10635453375121724 6454.6133122249621
25.695579460726709 0.10621057537404034 6454.7815933853653
25.705095519319201 0.10606669353247043 6454.9495890806929
25.714612618212207 0.10592288828333254 6455.1172996409623
25.724130756769654 0.10577915968342134 6455.2847253959162
25.733649934355199 0.1056355077895014 6455.4518666750255
25.74317015033224 0.10549193265830688 6455.6187238074872
25.752691404063913 0.10534843434654159 6455.7852971222264
25.762213694913093 0.10520501291087912 6455.9515869478955
25.771737022242394 0.10506166840796262 6456.1175936128748
25.781261385414165 0.10491840089440486 6456.2833174452726
25.790786783790498 0.10477521042678821 6456.4487587729254
25.800313216733219 0.10463209706166467 6456.6139179233978
25.809840683603898 0.10448906085555566 6456.7787952239833
25.81936918376384 0.10434610186495226 6456.9433910017042
25.828898716574095 0.10420322014631497 6457.1077055833111
25.838429281395445 0.10406041575607382 6457.2717392952845
25.847960877588424 0.10391768875062823 6457.4354924638346
25.857493504513293 0.10377503918634717 6457.5989654149007
25.867027161530061 0.10363246711956893 6457.7621584741519
25.876561847998477 0.10348997260660124 6457.9250719669872
25.886097563278032 0.10334755570372117 6458.0877062185355
25.895634306727956 0.10320521646717516 6458.2500615536583
25.905172077707221 0.10306295495317898 6458.4121382969452
25.914710875574539 0.10292077121791768 6458.5739367727174
25.924250699688365 0.10277866531754561 6458.7354573050279
25.933791549406898 0.10263663730818638 6458.8967002176596
25.943333424088078 0.10249468724593284 6459.0576658341288
25.952876323089583 0.10235281518684704 6459.2183544776808
25.962420245768843 0.10221102118696022 6459.3787664712954
25.971965191483026 0.10206930530227282 6459.5389021376841
25.981511159589036 0.10192766758875441 6459.6987617992891
25.991058149443536 0.10178610810234368 6459.8583457782852
26.000606160402917 0.10164462689894854 6460.0176543965817
26.010155191823323 0.10150322403444569 6460.1766879758197
26.019705243060638 0.10136189956468118 6460.3354468373736
26.029256313470491 0.10122065354546995 6460.4939313023506
26.038808402408257 0.10107948603259609 6460.6521416915921
26.048361509229057 0.10093839708181247 6460.8100783256732
26.057915633287752 0.1007973867488412 6460.9677415249025
26.06747077393895 0.1006564550893731 6461.125131609323
26.077026930537006 0.10051560215906806 6461.2822488987122
26.086584102436021 0.10037482801355484 6461.4390937125818
26.096142288989835 0.10023413270843105 6461.5956663701782
26.105701489552043 0.10009351629926325 6461.7519671904829
26.115261703475984 0.099952978841586673 6461.907996492213
26.124822930114735 0.099812520390905629 6462.0637545938207
26.134385168821133 0.099672141002692963 6462.2192418134937
26.143948418947751 0.099531840732390436 6462.3744584691558
26.153512679846912 0.09939161963540856 6462.5294048784663
26.16307795087069 0.099251477767126547 6462.6840813588205
26.172644231370899 0.099111415182892293 6462.8384882273513
26.182211520699109 0.098971431938022464 6462.9926258009264
26.191779818206633 0.098831528087802267 6463.1464943961528
26.201349123244533 0.098691703687485713 6463.3000943293719
26.210919435163621 0.098551958792295266 6463.4534259166649
26.220490753314454 0.09841229345742214 6463.6064894738483
26.23006307704734 0.09827270773802603 6463.759285316477
26.239636405712339 0.0981332016892352 6463.9118137598443
26.249210738659251 0.097993775366146493 6464.0640751189812
26.258786075237634 0.097854428823825182 6464.2160697086565
26.268362414796794 0.097715162117305174 6464.367797843378
26.277939756685782 0.097575975301588735 6464.5192598373924
26.287518100253408 0.09743686843164652 6464.6704560046846
26.297097444848223 0.097297841562417789 6464.8213866589795
26.306677789818533 0.097158894748810065 6464.9720521137406
26.316259134512393 0.097020028045699314 6465.1224526821707
26.32584147827761 0.096881241507929816 6465.2725886772132
26.335424820461743 0.096742535190314241 6465.4224604115507
26.345009160412101 0.096603909147633574 6465.5720681976063
26.354594497475745 0.096465363434637033 6465.7214123475433
26.364180830999487 0.096326898106042225 6465.8704931732664
26.373768160329892 0.096188513216534863 6466.0193109864194
26.383356484813277 0.096050208820769034 6466.167866098388
26.392945803795712 0.095911984973366948 6466.3161588203002
26.402536116623015 0.095773841728919007 6466.4641894630231
26.412127422640761 0.095635779141983818 6466.6119583371665
26.421719721194282 0.095497797267088097 6466.7594657530826
26.431313011628657 0.09535989615872674 6466.9067120208647
26.440907293288717 0.09522207587136261 6467.0536974503493
26.450502565519052 0.095084336459426849 6467.200422351114
26.460098827664005 0.094946677977318511 6467.3468870324805
26.469696079067671 0.09480910047940469 6467.4930918035116
26.479294319073897 0.094671604020020617 6467.6390369730143
26.48889354702629 0.094534188653469353 6467.7847228495393
26.498493762268211 0.094396854434022071 6467.9301497413799
26.508094964142774 0.09425960141591784 6468.0753179565736
26.517697151992849 0.094122429653363607 6468.2202278029008
26.527300325161058 0.093985339200534312 6468.3648795878871
26.536904482989783 0.093848330111572745 6468.5092736188026
26.546509624821159 0.093711402440589606 6468.6534102026599
26.55611574999708 0.093574556241663345 6468.7972896462188
26.565722857859196 0.0934377915688403 6468.9409122559828
26.57533094774891 0.093301108476134625 6469.0842783382004
26.584940019007384 0.093164507017528236 6469.2273881988658
26.594550070975536 0.093027987246970742 6469.3702421437183
26.604161102994045 0.092891549218379624 6469.5128404782436
26.61377311440334 0.092755192985639959 6469.6551835076734
26.623386104543613 0.092618918602604614 6469.7972715369842
26.633000072754811 0.092482726123094022 6469.9391048709012
26.642615018376642 0.092346615600896395 6470.0806838138942
26.65223094074857 0.092210587089767468 6470.2220086701809
26.661847839209816 0.092074640643430641 6470.3630797437245
26.671465713099366 0.09193877631557687 6470.5038973382379
26.681084561755956 0.091802994159864745 6470.6444617571788
26.690704384518085 0.091667294229920357 6470.7847733037543
26.700325180724011 0.091531676579337293 6470.924832280919
26.709946949711753 0.091396141261676653 6471.0646389913754
26.719569690819089 0.091260688330467132 6471.2041937375743
26.729193403383555 0.091125317839204703 6471.3434968217143
26.738818086742448 0.090990029841352946 6471.4825485457432
26.748443740232826 0.090854824390342731 6471.6213492113575
26.758070363191507 0.090719701539572456 6471.7598991200039
26.767697954955072 0.09058466134240778 6471.8981985728769
26.777326514859855 0.090449703852181762 6472.0362478709212
26.786956042241961 0.090314829122194809 6472.1740473148311
26.796586536437253 0.09018003720571463 6472.3115972050509
26.806217996781353 0.090045328155976254 6472.4488978417749
26.815850422609646 0.089910702026181927 6472.5859495249479
26.825483813257279 0.089776158869501202 6472.7227525542648
26.835118168059164 0.08964169873907081 6472.8593072291715
26.844753486349973 0.089507321687994759 6472.9956138488651
26.854389767464138 0.089373027769344193 6473.1316727122939
26.864027010735857 0.089238817036157422 6473.2674841181579
26.873665215499091 0.089104689541439935 6473.4030483649076
26.883304381087566 0.088970645338164317 6473.5383657507464
26.892944506834766 0.088836684479270303 6473.6734365736293
26.902585592073944 0.088702807017664628 6473.808261131263
26.912227636138113 0.088569013006221164 6473.9428397211068
26.921870638360051 0.088435302497780796 6474.0771726403736
26.931514598072305 0.08830167554515149 6474.2112601860281
26.941159514607179 0.088168132201108057 6474.3451026547882
26.950805387296747 0.088034672518392476 6474.4787003431256
26.960452215472845 0.087901296549713584 6474.6120535472646
26.970099998467077 0.087768004347747106 6474.7451625631847
26.979748735610809 0.087634795965135806 6474.8780276866182
26.989398426235176 0.087501671454489324 6475.0106492130508
26.999049069671077 0.08736863086838402 6475.1430274377235
27.008700665249176 0.087235674259363322 6475.2751626556328
27.018353212299907 0.087102801679937364 6475.4070551615278
27.028006710153466 0.086970013182583114 6475.5387052499136
27.037661158139816 0.086837308819744344 6475.6701132150502
27.04731655558869 0.086704688643831643 6475.8012793509533
27.056972901829589 0.086572152707222252 6475.9322039513945
27.066630196191774 0.086439701062260246 6476.0628873099004
27.07628843800428 0.08630733376125628 6476.1933297197529
27.085947626595907 0.086175050856487856 6476.3235314739923
27.095607761295224 0.086042852400199002 6476.453492865413
27.105268841430565 0.08591073844460051 6476.5832141865676
27.114930866330038 0.085778709041869697 6476.7126957297651
27.124593835321516 0.085646764244150575 6476.8419377870714
27.134257747732644 0.085514904103553724 6476.9709406503089
27.143922602890829 0.085383128672156208 6477.0997046110588
27.153588400123251 0.085251438002001703 6477.2282299606595
27.163255138756863 0.085119832145100466 6477.3565169902067
27.172922818118384 0.084988311153429127 6477.484565990555
27.182591437534299 0.084856875078930874 6477.612377252316
27.192260996330869 0.08472552397351539 6477.7399510658615
27.201931493834124 0.084594257889058708 6477.8672877213203
27.211602929369864 0.08446307687740337 6477.9943875085819
27.221275302263656 0.084331980990358366 6478.1212507172932
27.230948611840844 0.084200970279698792 6478.2478776368616
27.240622857426541 0.084070044797166427 6478.3742685564539
27.250298038345626 0.083939204594469172 6478.5004237649955
27.259974153922759 0.083808449723281428 6478.6263435511737
27.269651203482361 0.083677780235243734 6478.7520282034338
27.279329186348637 0.083547196181963032 6478.8774780099839
27.289008101845553 0.083416697615012456 6479.0026932587907
27.298687949296852 0.083286284585931333 6479.1276742375821
27.30836872802605 0.083155957146225298 6479.2524212338476
27.318050437356433 0.083025715347366177 6479.3769345348383
27.327733076611064 0.08289555924079188 6479.5012144275652
27.337416645112775 0.082765488877906565 6479.625261198802
27.347101142184176 0.082635504310080529 6479.7490751350833
27.356786567147644 0.082505605588650097 6479.8726565227071
27.366472919325336 0.082375792764917799 6479.996005647733
27.37616019803918 0.082246065890152154 6480.1191227959835
27.385848402610879 0.082116425015587774 6480.2420082530434
27.39553753236191 0.081986870192425315 6480.3646623042596
27.405227586613524 0.081857401471831417 6480.4870852347431
27.414918564686747 0.081728018904938735 6480.6092773293685
27.424610465902383 0.081598722542845906 6480.7312388727732
27.434303289581006 0.0814695124366175 6480.852970149359
27.443997035042969 0.081340388637284031 6480.97447144329
27.453691701608403 0.081211351195841927 6481.095743038496
27.463387288597207 0.081082400163253521 6481.2167852186712
27.47308379532906 0.08095353559044699 6481.3375982672742
27.482781221123421 0.080824757528316388 6481.4581824675279
27.492479565299522 0.0806960660277216 6481.5785381024198
27.502178827176373 0.080567461139488331 6481.6986654547036
27.511879006072757 0.080438942914408049 6481.8185648068984
27.521580101307237 0.080310511403238 6481.9382364412886
27.531282112198156 0.080182166656701276 6482.057680639924
27.540985038063628 0.080053908725486539 6482.1768976846206
27.550688878221553 0.079925737660248256 6482.2958878569616
27.560393631989601 0.079797653511606628 6482.4146514382946
27.570099298685225 0.079669656330147429 6482.5331887097364
27.579805877625652 0.079541746166422192 6482.6514999521687
27.589513368127896 0.079413923070947995 6482.7695854462418
27.599221769508741 0.079286187094207539 6482.8874454723718
27.608931081084751 0.079158538286649191 6483.0050803107433
27.618641302172275 0.079030976698686833 6483.1224902413087
27.628352432087436 0.078903502380699889 6483.2396755437876
27.638064470146137 0.078776115383033349 6483.3566364976687
27.647777415664063 0.078648815755997706 6483.4733733822077
27.657491267956679 0.07852160354986891 6483.5898864764295
27.66720602633923 0.078394478814888494 6483.7061760591278
27.676921690126736 0.078267441601263296 6483.8222424088663
27.686638258634009 0.078140491959165684 6483.9380858039758
27.696355731175629 0.078013629938733481 6484.0537065225581
27.706074107065966 0.077886855590069762 6484.1691048424846
27.715793385619168 0.077760168963243087 6484.2842810413949
27.725513566149164 0.07763357010828735 6484.3992353967005
27.735234647969666 0.077507059075201765 6484.5139681855826
27.744956630394167 0.077380635913950835 6484.6284796849914
27.754679512735944 0.077254300674464454 6484.7427701716497
27.764403294308053 0.077128053406637698 6484.8568399220512
27.774127974423333 0.077001894160330916 6484.9706892124586
27.783853552394408 0.076875822985369741 6485.0843183189081
27.793580027533686 0.076749839931544966 6485.1977275172057
27.803307399153354 0.076623945048612627 6485.3109170829302
27.813035666565384 0.076498138386293879 6485.423887291432
27.822764829081528 0.076372419994275131 6485.5366384178333
27.832494886013329 0.076246789922207833 6485.6491707370287
27.84222583667211 0.076121248219708573 6485.7614845236858
27.851957680368979 0.075995794936359093 6485.8735800522454
27.861690416414827 0.075870430121706189 6485.9854575969193
27.871424044120328 0.075745153825261646 6486.0971174316946
27.881158562795946 0.075619966096502442 6486.2085598303302
27.890893971751925 0.075494866984870401 6486.3197850663601
27.900630270298297 0.075369856539772476 6486.4307934130902
27.910367457744876 0.075244934810580547 6486.5415851436019
27.920105533401266 0.07512010184663144 6486.6521605307507
27.929844496576855 0.074995357697226997 6486.762519847166
27.939584346580816 0.074870702411633933 6486.8726633652514
27.949325082722108 0.074746136039083838 6486.9825913571867
27.959066704309482 0.074621658628773249 6487.0923040949256
27.968809210651465 0.074497270229863508 6487.2018018501976
27.978552601056379 0.074372970891480872 6487.311084894508
27.988296874832333 0.074248760662716365 6487.4201534991371
27.99804203128722 0.074124639592625829 6487.5290079351407
28.007788069728718 0.074000607730229928 6487.6376484733519
28.017534989464298 0.073876665124514046 6487.7460753843798
28.02728278980122 0.07375281182442836 6487.854288938609
28.037031470046525 0.073629047878887743 6487.9622894062022
28.046781029507045 0.073505373336771776 6488.0700770570984
28.056531467489403 0.073381788246924776 6488.1776521610136
28.066282783300011 0.073258292658155699 6488.2850149874412
28.076034976245069 0.073134886619238115 6488.3921658056524
28.085788045630562 0.073011570178910315 6488.499104884696
28.095541990762268 0.072888343385875118 6488.6058324933992
28.105296810945752 0.072765206288800011 6488.7123489003661
28.115052505486375 0.072642158936316981 6488.8186543739812
28.124809073689281 0.072519201377022641 6488.9247491824062
28.134566514859408 0.07239633365947809 6489.030633593582
28.144324828301478 0.072273555832209013 6489.1363078752292
28.154084013320013 0.072150867943705468 6489.2417722948458
28.163844069219319 0.072028270042422141 6489.3470271197111
28.173604995303496 0.071905762176778076 6489.4520726168839
28.183366790876434 0.071783344395156767 6489.5569090532017
28.193129455241813 0.071661016745906206 6489.6615366952828
28.202892987703105 0.071538779277338704 6489.7659558095265
28.212657387563578 0.071416632037730979 6489.8701666621109
28.222422654126287 0.071294575075324135 6489.974169518996
28.232188786694081 0.071172608438323612 6490.0779646459232
28.241955784569598 0.071050732174899156 6490.1815523084133
28.251723647055275 0.070928946333184847 6490.2849327717704
28.261492373453336 0.070807250961279045 6490.3881063010786
28.2712619630658 0.070685646107244371 6490.4910731612044
28.281032415194481 0.070564131819107714 6490.5938336167965
28.290803729140983 0.070442708144860186 6490.6963879322857
28.300575904206706 0.070321375132457106 6490.7987363718848
28.310348939692844 0.070200132829817991 6490.9008791995893
28.320122834900381 0.070078981284826536 6491.0028166791781
28.329897589130102 0.069957920545330593 6491.1045490742117
28.339673201682579 0.069836950659142125 6491.2060766480354
28.349449671858185 0.069716071674037275 6491.3073996637777
28.35922699895708 0.069595283637756203 6491.4085183843499
28.369005182279228 0.069474586598003235 6491.5094330724478
28.378784221124384 0.069353980602446685 6491.6101439905506
28.388564114792096 0.069233465698718952 6491.710651400922
28.398344862581713 0.069113041934416461 6491.810955565611
28.408126463792374 0.068992709357099585 6491.9110567464513
28.417908917723018 0.068872468014292795 6492.0109552050599
28.427692223672381 0.068752317953484396 6492.11065120284
28.437476380938989 0.068632259222126762 6492.2101450009804
28.447261388821172 0.068512291867636091 6492.3094368604552
28.457047246617051 0.068392415937392606 6492.4085270420246
28.466833953624551 0.068272631478740312 6492.5074158062334
28.476621509141388 0.06815293853898724 6492.6061034134136
28.486409912465078 0.068033337165404995 6492.7045901236834
28.496199162892932 0.067913827405229318 6492.8028761969472
28.505989259722064 0.067794409305659581 6492.9009618928976
28.515780202249381 0.067675082913859097 6492.9988474710126
28.525571989771588 0.067555848276954836 6493.0965331905572
28.535364621585195 0.067436705442037601 6493.1940193105856
28.545158096986505 0.067317654456161877 6493.2913060899382
28.554952415271618 0.06719869536634597 6493.3883937872433
28.56474757573644 0.067079828219571813 6493.4852826609176
28.574543577676671 0.066961053062785034 6493.5819729691666
28.584340420387811 0.066842369942894955 6493.678464969983
28.594138103165161 0.066723778906774556 6493.7747589211494
28.603936625303824 0.066605280001260397 6493.8708550802367
28.613735986098696 0.066486873273152711 6493.9667537046043
28.623536184844479 0.066368558769215311 6494.0624550514021
28.633337220835674 0.066250336536175569 6494.1579593775687
28.643139093366585 0.066132206620724401 6494.2532669398324
28.652941801731313 0.066014169069516321 6494.3483779947119
28.662745345223762 0.065896223929169342 6494.4432927985163
28.672549723137635 0.065778371246264913 6494.5380116073438
28.682354934766444 0.065660611067348065 6494.6325346770836
28.692160979403493 0.065542943438927248 6494.7268622634165
28.701967856341891 0.065425368407474357 6494.820994621813
28.71177556487455 0.065307886019424735 6494.9149320075367
28.721584104294188 0.065190496321177113 6495.0086746756406
28.731393473893316 0.065073199359093628 6495.1022228809697
28.741203672964261 0.064955995179499806 6495.1955768781618
28.751014700799139 0.064838883828684496 6495.2887369216451
28.760826556689878 0.064721865352899935 6495.3817032656416
28.770639239928208 0.064604939798361613 6495.474476164165
28.780452749805658 0.064488107211248369 6495.5670558710226
28.790267085613568 0.064371367637702293 6495.6594426398124
28.800082246643072 0.064254721123828823 6495.7516367239277
28.80989823218512 0.064138167715696498 6495.8436383765538
28.819715041530458 0.064021707459337246 6495.9354478506702
28.829532673969638 0.063905340400746066 6496.0270653990492
28.839351128793016 0.063789066585881252 6496.1184912742574
28.849170405290756 0.063672886060664208 6496.2097257286559
28.858990502752825 0.063556798870979522 6496.3007690143995
28.868811420468997 0.063440805062674938 6496.3916213834382
28.878633157728849 0.063324904681561267 6496.4822830875155
28.888455713821767 0.063209097773412465 6496.5727543781713
28.898279088036936 0.063093384383965556 6496.66303550674
28.908103279663354 0.062977764558920624 6496.7531267243521
28.917928287989824 0.062862238343940821 6496.8430282819318
28.927754112304957 0.062746805784652318 6496.9327404302012
28.937580751897165 0.062631466926644286 6497.0222634196762
28.947408206054671 0.062516221815468898 6497.1115975006715
28.957236474065503 0.062401070496641307 6497.2007429232954
28.967065555217502 0.062286013015639623 6497.2896999374552
28.976895448798309 0.062171049417904897 6497.3784687928537
28.986726154095376 0.062056179748841062 6497.4670497389907
28.996557670395962 0.061941404053815041 6497.5554430251641
29.006389996987135 0.061826722378156534 6497.6436489004682
29.016223133155773 0.061712134767158228 6497.7316676137953
29.026057078188561 0.061597641266075545 6497.8194994138366
29.035891831371991 0.061483241920126802 6497.9071445490799
29.045727391992365 0.061368936774493149 6497.9946032678117
29.055563759335797 0.061254725874318475 6498.0818758181176
29.065400932688206 0.061140609264709482 6498.1689624478813
29.075238911335322 0.061026586990735619 6498.2558634047846
29.085077694562685 0.060912659097429107 6498.34257893631
29.094917281655647 0.060798825629784857 6498.4291092897392
29.104757671899364 0.060685086632760496 6498.5154547121529
29.114598864578809 0.060571442151276363 6498.6016154504305
29.124440858978765 0.060457892230215429 6498.6875917512525
29.134283654383822 0.060344436914423344 6498.7733838611002
29.14412725007838 0.060231076248708403 6498.8589920262539
29.153971645346655 0.060117810277841494 6498.9444164927954
29.16381683947267 0.060004639046556132 6499.0296575066068
29.173662831740263 0.059891562599548406 6499.1147153133707
29.183509621433078 0.059778580981476953 6499.1995901585724
29.19335720783458 0.059665694236962989 6499.2842822874964
29.203205590228041 0.059552902410590226 6499.3687919452314
29.213054767896544 0.059440205546904934 6499.4531193766661
29.222904740122985 0.059327603690415821 6499.5372648264911
29.232755506190074 0.059215096885594135 6499.6212285392012
29.242607065380334 0.059102685176873532 6499.7050107590912
29.252459416976102 0.058990368608650132 6499.7886117302596
29.262312560259524 0.058878147225282479 6499.8720316966082
29.272166494512565 0.058766021071091537 6499.9552709018417
29.282021219017 0.058653990190360647 6500.0383295894671
29.291876733054419 0.058542054627335506 6500.1212080027963
29.301733035906228 0.058430214426224189 6500.2039063849443
29.311590126853641 0.058318469631197106 6500.286424978829
29.321448005177693 0.058206820286386976 6500.3687640271737
29.331306670159233 0.058095266435888859 6500.450923772506
29.341166121078924 0.057983808123760021 6500.5329044571572
29.351026357217243 0.057872445394020089 6500.6147063232638
29.360887377854482 0.057761178290650854 6500.6963296127678
29.37074918227075 0.057650006857596428 6500.7777745674148
29.380611769745968 0.057538931138763058 6500.8590414287573
29.390475139559879 0.057427951178019243 6500.9401304381527
29.40033929099204 0.057317067019195637 6501.0210418367642
29.41020422332182 0.057206278706085058 6501.1017758655607
29.420069935828412 0.057095586282442497 6501.1823327653183
29.429936427790818 0.056984989791985019 6501.2627127766182
29.439803698487861 0.056874489278391879 6501.3429161398481
29.449671747198181 0.056764084785304376 6501.4229430952046
29.459540573200236 0.056653776356325874 6501.5027938826888
29.4694101757723 0.056543564035021851 6501.58246874211
29.479280554192464 0.056433447864919738 6501.6619679130854
29.489151707738635 0.056323427889509114 6501.7412916350395
29.499023635688545 0.056213504152241467 6501.8204401472049
29.50889633731974 0.056103676696530304 6501.8994136886222
29.518769811909582 0.055993945565751137 6501.9782124981393
29.528644058735257 0.055884310803241403 6502.0568368144131
29.538519077073765 0.055774772452300496 6502.1352868759104
29.548394866201928 0.055665330556189697 6502.2135629209051
29.558271425396384 0.055555985158132253 6502.2916651874802
29.568148753933595 0.055446736301313249 6502.3695939135296
29.578026851089842 0.055337584028879672 6502.4473493367559
29.587905716141222 0.055228528383940344 6502.5249316946711
29.597785348363654 0.05511956940956593 6502.6023412245977
29.607665747032879 0.055010707148788925 6502.6795781636674
29.617546911424459 0.05490194164460363 6502.7566427488227
29.627428840813771 0.054793272939966109 6502.8335352168178
29.637311534476016 0.054684701077794218 6502.9102558042159
29.64719499168622 0.054576226100967566 6502.9868047473919
29.657079211719225 0.054467848052327461 6503.0631822825317
29.666964193849697 0.054359566974677011 6503.1393886456326
29.676849937352124 0.054251382910780924 6503.2154240725031
29.686736441500813 0.054143295903365668 6503.291288798765
29.696623705569895 0.054035305995119368 6503.3669830598501
29.706511728833323 0.053927413228691767 6503.4425070910038
29.716400510564874 0.053819617646694247 6503.5178611272831
29.726290050038141 0.053711919291699946 6503.5930454035588
29.736180346526549 0.053604318206243305 6503.6680601545122
29.746071399303343 0.053496814432820582 6503.7429056146402
29.755963207641585 0.053389408013889583 6503.8175820182514
29.76585577081417 0.053282098991869607 6503.8920895994679
29.775749088093811 0.053174887409141502 6503.9664285922263
29.785643158753047 0.053067773308047642 6504.0405992302767
29.795537982064236 0.052960756730891907 6504.1146017471829
29.805433557299565 0.05285383771993965 6504.1884363763229
29.815329883731046 0.052747016317417676 6504.2621033508894
29.825226960630513 0.052640292565514279 6504.3356029038905
29.835124787269628 0.052533666506379147 6504.4089352681476
29.845023362919875 0.052427138182123419 6504.4821006762986
29.854922686852561 0.052320707634819608 6504.5550993607958
29.864822758338825 0.052214374906501604 6504.6279315539077
29.874723576649625 0.052108140039164703 6504.7005974877184
29.884625141055746 0.052002003074765539 6504.773097394127
29.894527450827805 0.051895964055222031 6504.8454315048502
29.904430505236238 0.051790023022413485 6504.9176000514199
29.914334303551311 0.051684180018180481 6504.989603265185
29.924238845043114 0.051578435084324852 6505.061441377311
29.934144128981568 0.051472788262609759 6505.1331146187804
29.944050154636418 0.051367239594759549 6505.2046232203929
29.953956921277236 0.051261789122459864 6505.2759674127656
29.963864428173419 0.051156436887357527 6505.3471474263333
29.973772674594198 0.051051182931060569 6505.4181634913484
29.983681659808624 0.050946027295138231 6505.4890158378803
29.993591383085583 0.050840970021120889 6505.5597046958183
30.003501843693787 0.050736011150500075 6505.6302302948698
30.013413040901774 0.050631150724728478 6505.7005928645594
30.02332497397791 0.050526388785219922 6505.7707926342327
30.033237642190393 0.050421725373349276 6505.8408298330523
30.043151044807249 0.050317160530452522 6505.9107046900008
30.053065181096333 0.050212694297826758 6505.9804174338806
30.062980050325326 0.05010832671673008 6506.0499682933123
30.072895651761744 0.050004057828381632 6506.1193574967383
30.082811984672929 0.049899887673961613 6506.1885852724199
30.092729048326056 0.049795816294611189 6506.2576518484393
30.102646841988125 0.049691843731432539 6506.3265574526986
30.11256536492597 0.049587970025488814 6506.3953023129206
30.122484616406254 0.049484195217804103 6506.4638866566493
30.132404595695473 0.049380519349363453 6506.532310711249
30.142325302059952 0.049276942461112819 6506.6005747039062
30.152246734765846 0.049173464593959104 6506.6686788616289
30.162168893079144 0.049070085788770069 6506.736623411246
30.172091776265663 0.048966806086374361 6506.8044085794081
30.182015383591057 0.04886362552756144 6506.8720345925894
30.191939714320807 0.048760544153081738 6506.9395016770859
30.201864767720224 0.048657562003646362 6507.0068100590152
30.211790543054459 0.048554679119927315 6507.0739599643175
30.221717039588487 0.04845189554255741 6507.1409516187578
30.231644256587124 0.048349211312130179 6507.2077852479224
30.241572193315012 0.048246626469199992 6507.2744610772215
30.251500849036628 0.048144141054281872 6507.3409793318897
30.261430223016283 0.048041755107851657 6507.4073402369841
30.271360314518123 0.047939468670345868 6507.4735440173854
30.281291122806124 0.047837281782161727 6507.5395908978007
30.291222647144096 0.047735194483657123 6507.6054811027598
30.301154886795686 0.047633206815150674 6507.6712148566166
30.311087841024374 0.047531318816921561 6507.7367923835509
30.321021509093473 0.047429530529209653 6507.8022139075674
30.330955890266132 0.047327841992215465 6507.8674796524947
30.340890983805334 0.047226253246100046 6507.9325898419884
30.350826788973897 0.047124764330985093 6507.9975446995295
30.360763305034475 0.047023375286952857 6508.0623444484236
30.370700531249557 0.046922086154046118 6508.1269893118042
30.380638466881464 0.046820896972268246 6508.1914795126286
30.390577111192361 0.046719807781583106 6508.2558152736829
30.400516463444241 0.04661881862191506 6508.3199968175786
30.410456522898937 0.046517929533149004 6508.3840243667537
30.420397288818112 0.046417140555130271 6508.447898143474
30.430338760463275 0.046316451727664701 6508.5116183698319
30.440280937095771 0.046215863090518526 6508.5751852677477
30.450223817976774 0.046115374683418441 6508.6385990589697
30.460167402367301 0.046014986546051573 6508.7018599650737
30.470111689528203 0.045914698718065396 6508.7649682074634
30.480056678720171 0.045814511239067796 6508.8279240073707
30.490002369203733 0.045714424148627059 6508.8907275858555
30.499948760239253 0.045614437486271774 6508.9533791638078
30.509895851086934 0.045514551291490901 6509.0158789619454
30.519843641006823 0.04541476560373367 6509.0782272008155
30.529792129258794 0.045315080462409708 6509.140424100794
30.539741315102571 0.045215495906888829 6509.2024698820878
30.54969119779771 0.045116011976501162 6509.2643647647319
30.559641776603609 0.04501662871053716 6509.3261089685921
30.569593050779503 0.044917346148247411 6509.387702713364
30.579545019584469 0.044818164328842794 6509.4491462185742
30.589497682277418 0.044719083291494405 6509.5104397035784
30.59945103811711 0.044620103075333484 6509.5715833875638
30.609405086362138 0.044521223719451511 6509.6325774895486
30.619359826270937 0.044422445262900109 6509.6934222283826
30.62931525710178 0.044323767744691038 6509.7541178227457
30.639271378112788 0.044225191203796234 6509.8146644911512
30.649228188561914 0.0441267156791477 6509.8750624519416
30.659185687706955 0.044028341209637584 6509.9353119232937
30.669143874805552 0.043930067834118097 6509.9954131232153
30.679102749115184 0.043831895591401521 6510.0553662695465
30.689062309893174 0.043733824520260242 6510.1151715799606
30.699022556396685 0.043635854659426654 6510.1748292719631
30.708983487882723 0.043537986047593145 6510.2343395628932
30.718945103608135 0.043440218723412194 6510.2937026699219
30.728907402829609 0.043342552725496218 6510.3529188100547
30.738870384803679 0.043244988092417634 6510.4119882001305
30.748834048786723 0.043147524862708835 6510.4709110568219
30.758798394034955 0.043050163074862133 6510.529687596636
30.768763419804436 0.042952902767329826 6510.5883180359133
30.77872912535107 0.042855743978524076 6510.6468025908289
30.788695509930605 0.042758686746817022 6510.7051414773923
30.798662572798634 0.04266173111054062 6510.7633349114485
30.808630313210589 0.042564877107986739 6510.8213831086769
30.818598730421755 0.042468124777407128 6510.8792862845921
30.828567823687251 0.042371474157013332 6510.9370446545454
30.838537592262046 0.042274925284976762 6510.9946584337213
30.84850803540095 0.042178478199428653 6511.0521278371425
30.858479152358623 0.042082132938459978 6511.1094530796663
30.868450942389568 0.041985889540121578 6511.1666343759871
30.87842340474813 0.041889748042424006 6511.2236719406346
30.888396538688504 0.041793708483337591 6511.2805659879768
30.898370343464727 0.041697770900792401 6511.337316732217
30.908344818330683 0.041601935332678253 6511.3939243873965
30.918319962540103 0.041506201816844605 6511.450389167394
30.928295775346566 0.041410570391100687 6511.5067112859242
30.93827225600349 0.041315041093215377 6511.5628909565412
30.948249403764148 0.041219613960917202 6511.618928392636
30.958227217881653 0.04112428903189437 6511.6748238074379
30.968205697608969 0.041029066343794697 6511.7305774140141
30.978184842198907 0.040933945934225661 6511.786189425271
30.988164650904125 0.04083892784075429 6511.8416600539531
30.998145122977125 0.040744012100907237 6511.8969895126438
31.008126257670263 0.040649198752170802 6511.9521780137666
31.018108054235736 0.040554487831990643 6512.0072257695829
31.028090511925594 0.04045987937777213 6512.0621329921942
31.038073629991736 0.040365373426880152 6512.1168998935418
31.048057407685903 0.040270970016639089 6512.1715266854062
31.058041844259691 0.040176669184332825 6512.2260135794095
31.068026938964543 0.040082470967204693 6512.2803607870128
31.07801269105175 0.039988375402457595 6512.3345685195181
31.087999099772453 0.039894382527253802 6512.3886369880674
31.097986164377645 0.039800492378715073 6512.4425664036453
31.107973884118163 0.039706704993922572 6512.4963569770762
31.117962258244695 0.039613020409916884 6512.5500089190264
31.127951286007786 0.039519438663698003 6512.603522440003
31.137940966657823 0.03942595979222531 6512.6568977503557
31.147931299445045 0.039332583832417528 6512.7101350602752
31.157922283619545 0.039239310821152791 6512.7632345797956
31.167913918431264 0.039146140795268507 6512.8161965187919
31.177906203129993 0.039053073791561456 6512.8690210869836
31.187899136965378 0.03896010984678773 6512.9217084939301
31.197892719186914 0.038867248997662689 6512.9742589490361
31.207886949043946 0.038774491280861009 6513.0266726615491
31.217881825785675 0.03868183673301661 6513.0789498405593
31.227877348661149 0.038589285390722684 6513.1310906950002
31.237873516919272 0.038496837290531639 6513.1830954336492
31.247870329808798 0.03840449246895513 6513.2349642651288
31.257867786578334 0.038312250962464031 6513.2866973979053
31.26786588647634 0.038220112807488389 6513.3382950402874
31.277864628751125 0.038128078040417443 6513.3897574004313
31.287864012650857 0.038036146697599589 6513.4410846863357
31.297864037423558 0.037944318815342395 6513.4922771058455
31.307864702317097 0.037852594429912567 6513.5433348666502
31.317866006579202 0.037760973577535925 6513.5942581762856
31.327867949457449 0.037669456294397406 6513.6450472421311
31.337870530199275 0.037578042616641029 6513.6957022714141
31.347873748051967 0.0374867325803699 6513.7462234712066
31.357877602262668 0.037395526221646221 6513.7966110484276
31.367882092078375 0.037304423576491219 6513.8468652098418
31.37788721674594 0.037213424680885156 6513.8969861620608
31.387892975512067 0.037122529570767344 6513.9469741115427
31.397899367623321 0.03703173828203607 6513.9968292645926
31.407906392326119 0.036941050850548662 6514.0465518273641
31.417914048866731 0.036850467312121382 6514.0961420058566
31.427922336491285 0.036759987702529508 6514.1456000059179
31.437931254445768 0.036669612057507232 6514.1949260332431
31.447940801976021 0.03657934041274772 6514.2441202933751
31.457950978327737 0.036489172803903035 6514.2931829917061
31.467961782746471 0.036399109266584163 6514.3421143334754
31.477973214477633 0.036309149836360993 6514.3909145237722
31.48798527276649 0.036219294548762299 6514.4395837675338
31.497997956858164 0.036129543439275706 6514.4881222695467
31.508011265997638 0.036039896543347723 6514.5365302344462
31.518025199429751 0.035950353896383666 6514.5848078667177
31.528039756399195 0.03586091553374772 6514.6329553706955
31.538054936150527 0.035771581490762851 6514.680972950564
31.548070737928157 0.035682351802710829 6514.7288608103581
31.558087160976356 0.03559322650483223 6514.7766191539622
31.568104204539253 0.035504205632326376 6514.8242481851121
31.578121867860833 0.035415289220351379 6514.8717481073927
31.588140150184945 0.035326477304024051 6514.9191191242408
31.598159050755292 0.035237769918419974 6514.9663614389437
31.608178568815436 0.035149167098573422 6515.013475254641
31.618198703608801 0.03506066887947739 6515.0604607743226
31.628219454378673 0.034972275296083551 6515.1073182008304
31.638240820368189 0.03488398638330225 6515.154047736858
31.648262800820355 0.034795802176002505 6515.2006495849519
31.65828539497803 0.034707722709011964 6515.247123947509
31.66830860208394 0.034619748017116932 6515.29347102678
31.678332421380667 0.034531878135062304 6515.3396910248684
31.688356852110651 0.034444113097551611 6515.3857841437302
31.698381893516203 0.034356452939246954 6515.4317505851741
31.708407544839485 0.034268897694769034 6515.4775905508623
31.718433805322523 0.034181447398697093 6515.5233042423106
31.728460674207206 0.034094102085568956 6515.5688918608885
31.738488150735282 0.034006861789880931 6515.6143536078189
31.748516234148365 0.033919726546087922 6515.6596896841793
31.758544923687928 0.033832696388603284 6515.7049002909007
31.768574218595308 0.03374577135179891 6515.7499856287695
31.778604118111701 0.033658951470005145 6515.7949458984258
31.78863462147817 0.033572236777510825 6515.8397813003648
31.798665727935635 0.033485627308563227 6515.8844920349375
31.808697436724884 0.033399123097368096 6515.9290783023498
31.818729747086568 0.033312724178089559 6515.9735403026625
31.828762658261198 0.033226430584850211 6516.0178782357925
31.83879616948915 0.033140242351731027 6516.0620923015122
31.848830280010663 0.033054159512771367 6516.1061826994501
31.858864989065843 0.032968182101968967 6516.1501496290912
31.868900295894655 0.032882310153279928 6516.1939932897776
31.878936199736934 0.032796543700618706 6516.2377138807069
31.888972699832376 0.03271088277785808 6516.2813116009338
31.89900979542054 0.032625327418829161 6516.3247866493712
31.909047485740853 0.032539877657321359 6516.3681392247872
31.919085770032606 0.032454533527082385 6516.4113695258093
31.929124647534955 0.032369295061818251 6516.4544777509218
31.939164117486921 0.032284162295193181 6516.4974640984674
31.949204179127392 0.032199135260829723 6516.540328766645
31.95924483169512 0.032114213992308606 6516.5830719535143
31.969286074428723 0.032029398523168849 6516.6256938569923
31.979327906566688 0.03194468888690763 6516.668194674854
31.989370327347363 0.031860085116980359 6516.7105746047346
31.999413336008967 0.031775587246800623 6516.7528338441271
32.009456931789586 0.031691195309740204 6516.7949725903845
32.01950111392717 0.031606909339129019 6516.8369910407191
32.029545881659537 0.031522729368255155 6516.8788893922028
32.039591234224375 0.03143865543036483 6516.9206678417677
32.049637170859235 0.031354687558662379 6516.9623265862056
32.059683690801535 0.031270825786310255 6517.0038658221692
32.069730793288564 0.031187070146429005 6517.0452857461705
32.079778477557483 0.031103420672097253 6517.0865865545829
32.089826742845318 0.031019877396351703 6517.1277684436409
32.099875588388954 0.030936440352187122 6517.1688316094387
32.109925013425162 0.030853109572556305 6517.2097762479334
32.119975017190562 0.030769885090370087 6517.2506025549428
32.130025598921662 0.030686766938497329 6517.2913107261465
32.140076757854828 0.030603755149764881 6517.331900957086
32.150128493226298 0.0305208497569576 6517.3723734431651
32.160180804272173 0.030438050792818319 6517.4127283796488
32.170233690228436 0.030355358290047828 6517.4529659616665
32.180287150330933 0.030272772281304892 6517.4930863842073
32.190341183815384 0.030190292799206202 6517.5330898421262
32.200395789917373 0.030107919876326369 6517.5729765301403
32.210450967872362 0.030025653545197945 6517.6127466428288
32.220506716915672 0.02994349383831137 6517.6524003746354
32.230563036282511 0.029861440788114955 6517.6919379198671
32.240619925207945 0.029779494427014924 6517.7313594726957
32.250677382926916 0.029697654787375329 6517.7706652271554
32.260735408674236 0.02961592190151811 6517.8098553771461
32.270794001684585 0.02953429580172302 6517.8489301164309
32.280853161192525 0.029452776520227701 6517.8878896386386
32.290912886432487 0.029371364089227435 6517.9267341372624
32.300973176638763 0.02929005854087547 6517.96546380566
32.31103403104553 0.029208859907282808 6518.0040788370561
32.321095448886837 0.029127768220518206 6518.0425794245393
32.331157429396598 0.029046783512608178 6518.0809657610635
32.341219971808599 0.028965905815536999 6518.1192380394505
32.351283075356505 0.028885135161246689 6518.1573964523859
32.361346739273863 0.028804471581636969 6518.1954411924225
32.371410962794073 0.028723915108565298 6518.2333724519804
32.381475745150425 0.028643465773846803 6518.2711904233447
32.391541085576073 0.028563123609254327 6518.3088952986682
32.401606983304049 0.028482888646518371 6518.3464872699706
32.411673437567266 0.028402760917327099 6518.3839665291389
32.421740447598502 0.028322740453326341 6518.4213332679274
32.431808012630405 0.028242827286119532 6518.4585876779583
32.441876131895512 0.028163021447267761 6518.4957299507223
32.451944804626223 0.028083322968289703 6518.532760277576
32.462014030054824 0.028003731880661648 6518.5696788497462
32.472083807413469 0.027924248215817484 6518.6064858583277
32.482154135934188 0.027844872005148638 6518.6431814942835
32.492225014848884 0.027765603280004127 6518.6797659484455
32.502296443389341 0.027686442071690513 6518.7162394115148
32.512368420787219 0.027607388411471888 6518.7526020740625
32.522440946274052 0.02752844233056987 6518.7888541265274
32.532514019081255 0.0274496038601636 6518.8249957592188
32.542587638440111 0.027370873031389704 6518.8610271623165
32.552661803581785 0.027292249875342307 6518.8969485258694
32.56273651373732 0.027213734423073 6518.9327600397964
32.572811768137633 0.027135326705590854 6518.9684618938882
32.582887566013525 0.02705702675386237 6519.0040542778042
32.592963906595664 0.026978834598811494 6519.0395373810761
32.603040789114608 0.026900750271319603 6519.074911393106
32.613118212800778 0.026822773802225499 6519.1101765031681
32.623196176884491 0.026744905222325359 6519.1453329004062
32.633274680595925 0.026667144562372774 6519.1803807738379
32.643353723165148 0.026589491853078708 6519.2153203123507
32.653433303822105 0.026511947125111474 6519.2501517047049
32.663513421796615 0.026434510409096768 6519.2848751395331
32.673594076318381 0.026357181735617595 6519.3194908053401
32.68367526661698 0.026279961135214313 6519.3539988905031
32.693756991921873 0.026202848638384589 6519.3883995832721
32.703839251462398 0.026125844275583402 6519.4226930717705
32.713922044467779 0.026048948077223012 6519.4568795439955
32.724005370167113 0.025972160073672968 6519.4909591878159
32.734089227789376 0.025895480295260089 6519.524932190976
32.74417361656343 0.025818908772268445 6519.5587987410918
32.754258535718016 0.025742445534939363 6519.5925590256556
32.764343984481755 0.025666090613471387 6519.6262132320317
32.774429962083147 0.025589844038020299 6519.6597615474602
32.784516467750571 0.025513705838699084 6519.6932041590553
32.794603500712299 0.025437676045577919 6519.7265412538063
32.804691060196468 0.025361754688684183 6519.7597730185771
32.81477914543111 0.025285941798002403 6519.792899640107
32.824867755644135 0.025210237403474292 6519.8259213050096
32.834956890063339 0.025134641534998697 6519.8588381997761
32.84504654791639 0.025059154222431625 6519.8916505107718
32.855136728430843 0.024983775495586179 6519.9243584242377
32.865227430834132 0.024908505384232608 6519.9569621262926
32.875318654353585 0.024833343918098241 6519.9894618029302
32.885410398216408 0.024758291126867508 6520.0218576400221
32.89550266164968 0.024683347040181918 6520.0541498233151
32.905595443880379 0.024608511687640052 6520.0863385384346
32.915688744135359 0.024533785098797542 6520.1184239708809
32.925782561641348 0.024459167303167054 6520.1504063060338
32.935876895624979 0.024384658330218318 6520.18228572915
32.945971745312754 0.024310258209378058 6520.2140624253634
32.956067109931062 0.024235966970030005 6520.2457365796854
32.966162988706174 0.024161784641514913 6520.2773083770071
32.976259380864256 0.0240877112531305 6520.3087780020969
32.986356285631345 0.024013746834131468 6520.3401456396023
32.996453702233374 0.02393989141372949 6520.3714114740478
33.006551629896158 0.023866145021093181 6520.4025756898391
33.016650067845397 0.023792507685348085 6520.4336384712597
33.02674901530667 0.023718979435576701 6520.4646000024732
33.036848471505451 0.023645560300818425 6520.4954604675213
33.046948435667097 0.023572250310069574 6520.5262200503275
33.057048907016849 0.023499049492283344 6520.5568789346926
33.067149884779838 0.023425957876369825 6520.5874373042998
33.077251368181081 0.023352975491195974 6520.6178953427116
33.087353356445476 0.023280102365585607 6520.6482532333703
33.097455848797814 0.023207338528319393 6520.6785111596009
33.107558844462773 0.023134684008134839 6520.7086693046067
33.117662342664914 0.023062138833726275 6520.7387278514743
33.127766342628689 0.022989703033744837 6520.7686869831705
33.137870843578433 0.022917376636798485 6520.7985468825427
33.147975844738376 0.022845159671451953 6520.8283077323222
33.158081345332633 0.022773052166226774 6520.8579697151199
33.168187344585199 0.022701054149601222 6520.8875330134306
33.17829384171997 0.022629165650010358 6520.9169978096297
33.188400835960721 0.02255738669584598 6520.9463642859764
33.198508326531126 0.022485717315456611 6520.9756326246124
33.208616312654733 0.022414157537147521 6521.0048030075613
33.218724793554998 0.022342707389180674 6521.0338756167303
33.228833768455246 0.022271366899774735 6521.0628506339099
33.238943236578706 0.02220013609710508 6521.0917282407736
33.249053197148491 0.022129015009303754 6521.1205086188793
33.259163649387609 0.022058003664459466 6521.1491919496684
33.269274592518947 0.021987102090617581 6521.177778414466
33.279386025765291 0.021916310315780133 6521.2062681944808
33.289497948349315 0.021845628367905764 6521.2346614708076
33.299610359493585 0.021775056274909752 6521.2629584244251
33.309723258420554 0.021704594064664004 6521.2911592361961
33.319836644352577 0.021634241764996991 6521.3192640868692
33.329950516511879 0.021563999403693818 6521.3472731570773
33.3400648741206 0.021493867008496152 6521.3751866273396
33.350179716400753 0.021423844607102217 6521.4030046780608
33.360295042574251 0.021353932227166823 6521.4307274895309
33.3704108518629 0.021284129896301303 6521.4583552419263
33.380527143488393 0.021214437642073546 6521.4858881153086
33.390643916672317 0.021144855492007959 6521.513326289627
33.400761170636159 0.021075383473585455 6521.5406699447167
33.410878904601283 0.021006021614243468 6521.5679192603002
33.420997117788957 0.020936769941375919 6521.5950744159863
33.431115809420341 0.020867628482333211 6521.6221355912712
33.441234978716487 0.020798597264422205 6521.6491029655381
33.451354624898343 0.020729676314906256 6521.6759767180583
33.461474747186742 0.020660865661005137 6521.7027570279906
33.471595344802417 0.020592165329895083 6521.7294440743808
33.481716416965995 0.020523575348708745 6521.7560380361647
33.491837962897996 0.020455095744535193 6521.7825390921653
33.501959981818835 0.020386726544419909 6521.8089474210938
33.512082472948826 0.020318467775364776 6521.8352632015512
33.522205435508162 0.020250319464328047 6521.8614866120261
33.532328868716945 0.020182281638224369 6521.8876178308965
33.542452771795169 0.020114354323924739 6521.9136570364308
33.552577143962722 0.020046537548256516 6521.9396044067862
33.562701984439393 0.019978831338003412 6521.9654601200091
33.572827292444849 0.019911235719905447 6521.9912243540366
33.582953067198673 0.019843750720659033 6522.016897286695
33.593079307920334 0.019776376366916738 6522.0424790957013
33.603206013829201 0.019709112685287588 6522.0679699586635
33.61333318414453 0.019641959702336842 6522.0933700530795
33.623460818085483 0.019574917444586042 6522.1186795563381
33.633588914871119 0.019507985938512995 6522.1438986457197
33.643717473720393 0.019441165210551777 6522.1690274983957
33.65384649385215 0.019374455287092699 6522.1940662914285
33.663975974485133 0.019307856194482335 6522.219015201772
33.674105914837995 0.019241367959023464 6522.2438744062729
33.684236314129272 0.019174990606975088 6522.2686440816697
33.694367171577404 0.019108724164552428 6522.2933244045926
33.70449848640073 0.019042568657926882 6522.3179155515645
33.714630257817483 0.018976524113226059 6522.3424176990011
33.724762485045801 0.01891059055653372 6522.3668310232106
33.734895167303712 0.018844768013889807 6522.3911557003939
33.74502830380915 0.018779056511290425 6522.4153919066457
33.755161893779942 0.018713456074687801 6522.439539817954
33.765295936433816 0.01864796672999032 6522.4635996101997
33.775430430988401 0.018582588503062481 6522.4875714591581
33.785565376661225 0.01851732141972489 6522.5114555404989
33.795700772669711 0.018452165505754282 6522.5352520297847
33.80583661823119 0.018387120786883461 6522.5589611024734
33.815972912562884 0.018322187288801337 6522.5825829339174
33.826109654881925 0.018257365037152872 6522.6061176993635
33.836246844405331 0.018192654057539111 6522.6295655739532
33.846384480350039 0.018128054375517146 6522.6529267327242
33.85652256193287 0.018063566016600113 6522.6762013506086
33.866661088370556 0.017999189006257174 6522.6993896024342
33.876800058879724 0.017934923369913532 6522.7224916629248
33.886939472676907 0.017870769132950388 6522.7455077066998
33.897079328978535 0.017806726320704947 6522.7684379082748
33.907219627000941 0.017742794958470434 6522.7912824420619
33.917360365960363 0.017678975071496014 6522.8140414823702
33.927501545072943 0.01761526668498686 6522.8367152034034
33.937643163554711 0.017551669824104093 6522.8593037792643
33.947785220621611 0.017488184513964798 6522.881807383952
33.957927715489497 0.017424810779641996 6522.9042261913619
33.968070647374105 0.01736154864616464 6522.9265603752883
33.978214015491091 0.017298398138517614 6522.948810109423
33.988357819055999 0.017235359281641719 6522.9709755673548
33.998502057284291 0.017172432100433645 6522.9930569225717
34.00864672939133 0.017109616619745999 6523.0150543484588
34.018791834592378 0.01704691286438725 6523.0369680183003
34.028937372102597 0.016984320859121754 6523.0587981052786
34.039083341137058 0.016921840628669735 6523.080544782475
34.049229740910739 0.016859472197707261 6523.1022082228701
34.05937657063852 0.016797215590866259 6523.1237885993432
34.069523829535179 0.016735070832734483 6523.1452860846739
34.079671516815409 0.016673037947855514 6523.1667008515406
34.0898196316938 0.016611116960728756 6523.1880330725216
34.099968173384852 0.016549307895809415 6523.2092829200956
34.110117141102968 0.016487610777508488 6523.2304505666407
34.120266534062452 0.016426025630192773 6523.2515361844362
34.130416351477521 0.016364552478184833 6523.2725399456613
34.140566592562301 0.01630319134576301 6523.2934620223969
34.150717256530811 0.016241942257161395 6523.3143025866229
34.160868342596984 0.01618080523656984 6523.3350618102231
34.171019849974662 0.016119780308133925 6523.35573986498
34.181171777877587 0.016058867495954962 6523.3763369225799
34.191324125519415 0.015998066824089996 6523.3968531546088
34.201476892113696 0.015937378316551763 6523.4172887325558
34.211630076873902 0.015876801997308714 6523.4376438278114
34.221783679013406 0.015816337890284998 6523.4579186116698
34.231937697745487 0.015755986019360426 6523.4781132553262
34.242092132283325 0.015695746408370501 6523.4982279298783
34.252246981840024 0.015635619081106382 6523.5182628063285
34.262402245628586 0.015575604061314878 6523.5382180555807
34.272557922861921 0.015515701372698455 6523.5580938484418
34.282714012752848 0.015455911038915204 6523.5778903556238
34.2928705145141 0.015396233083578851 6523.5976077477408
34.303027427358309 0.015336667530258733 6523.617246195312
34.313184750498024 0.01527721440247979 6523.6368058687594
34.323342483145694 0.015217873723722571 6523.6562869384097
34.33350062451369 0.015158645517423214 6523.6756895744948
34.343659173814281 0.015099529806973426 6523.6950139471501
34.353818130259654 0.015040526615720494 6523.7142602264157
34.363977493061896 0.014981635966967263 6523.733428582238
34.374137261433013 0.014922857883972135 6523.7525191844679
34.384297434584916 0.014864192389949047 6523.7715322028616
34.394458011729434 0.014805639508067469 6523.7904678070799
34.404618992078291 0.014747199261452409 6523.8093261666918
34.41478037484314 0.014688871673184381 6523.8281074511697
34.424942159235535 0.014630656766299396 6523.8468118298933
34.435104344466936 0.014572554563788991 6523.8654394721489
34.445266929748726 0.014514565088600159 6523.8839905471295
34.455429914292196 0.014456688363635391 6523.9024652239332
34.465593297308537 0.014398924411752648 6523.9208636715675
34.475757078008868 0.014341273255765341 6523.9391860589449
34.485921255604211 0.014283734918442339 6523.9574325548865
34.496085829305507 0.014226309422507966 6523.9756033281201
34.506250798323599 0.01416899679064196 6523.9936985472814
34.516416161869252 0.014111797045479492 6524.0117183809143
34.526581919153138 0.014054710209611162 6524.02966299747
34.536748069385844 0.013997736305582952 6524.0475325653097
34.546914611777865 0.013940875355896267 6524.0653272527006
34.557081545539617 0.013884127383007887 6524.0830472278203
34.567248869881425 0.013827492409329975 6524.1006926587552
34.577416584013534 0.013770970457230075 6524.1182637134998
34.587584687146091 0.013714561549031079 6524.1357605599587
34.597753178489171 0.013658265707011246 6524.1531833659456
34.60792205725275 0.013602082953404177 6524.1705322991838
34.61809132264672 0.013546013310398801 6524.1878075273062
34.628260973880899 0.013490056800139386 6524.2050092178561
34.638431010165007 0.013434213444725512 6524.2221375382869
34.648601430708688 0.01337848326621208 6524.2391926559621
34.658772234721496 0.013322866286609282 6524.2561747381551
34.668943421412898 0.013267362527882602 6524.2730839520518
34.679114989992279 0.013211972011952813 6524.2899204647483
34.689286939668946 0.013156694760695966 6524.3066844432515
34.69945926965211 0.013101530795943372 6524.323376054479
34.709631979150906 0.013046480139481613 6524.3399954652614
34.719805067374388 0.012991542813052504 6524.3565428423408
34.729978533531515 0.012936718838353107 6524.3730183523703
34.740152376831169 0.012882008237035732 6524.3894221619157
34.750326596482147 0.012827411030707883 6524.4057544374555
34.760501191693166 0.012772927240932312 6524.4220153453798
34.77067616167286 0.012718556889226957 6524.4382050519916
34.780851505629776 0.012664299997064954 6524.4543237235066
34.791027222772378 0.012610156585874643 6524.4703715260548
34.801203312309056 0.012556126677039538 6524.4863486256781
34.81137977344811 0.012502210291898321 6524.5022551883321
34.82155660539776 0.012448407451744846 6524.5180913798868
34.831733807366142 0.012394718177828119 6524.5338573661247
34.841911378561313 0.0123411424913523 6524.5495533127432
34.852089318191247 0.012287680413476684 6524.5651793853549
34.862267625463844 0.012234331965315695 6524.5807357494841
34.872446299586905 0.012181097167938923 6524.5962225705725
34.882625339768168 0.012127976042370953 6524.6116400139754
34.892804745215287 0.012074968609591593 6524.6269882449624
34.902984515135827 0.01202207489053571 6524.6422674287196
34.913164648737279 0.011969294906093272 6524.6574777303467
34.923345145227046 0.011916628677109303 6524.6726193148606
34.933526003812467 0.011864076224383928 6524.6876923471937
34.943707223700784 0.011811637568672317 6524.7026969921944
34.953888804099165 0.011759312730684708 6524.7176334146261
34.964070744214709 0.011707101731086378 6524.7325017791691
34.974253043254421 0.01165500459049766 6524.7473022504209
34.98443570042523 0.011603021329493899 6524.7620349928948
34.994618714933992 0.011551151968605478 6524.7767001710217
35.004802085987478 0.011499396528317796 6524.7912979491493
35.014985812792382 0.011447755029071251 6524.8058284915414
35.025169894555319 0.011396227491261252 6524.8202919623818
35.035354330482832 0.011344813935238193 6524.8346885257697
35.045539119781381 0.011293514381307447 6524.8490183457225
35.055724261657346 0.011242328849729378 6524.8632815861765
35.06590975531703 0.0111912573607193 6524.8774784109864
35.076095599966656 0.0111402999344475 6524.891608983924
35.086281794812379 0.011089456591039217 6524.905673468681
35.096468339060273 0.011038727350574618 6524.9196720288664
35.106655231916328 0.01098811223308882 6524.9336048280102
35.116842472586463 0.010937611258571872 6524.9474720295593
35.127030060276525 0.010887224446968734 6524.9612737968819
35.137217994192277 0.010836951818179275 6524.9750102932649
35.147406273539403 0.010786793392058278 6524.9886816819153
35.157594897523516 0.010736749188415414 6525.0022881259592
35.16778386535016 0.010686819227015252 6525.0158297884436
35.177973176224789 0.010637003527577238 6525.0293068323354
35.188162829352791 0.010587302109775681 6525.0427194205222
35.198352823939473 0.010537714993239777 6525.0560677158128
35.208543159190071 0.010488242197553557 6525.0693518809367
35.218733834309752 0.010438883742255923 6525.0825720785433
35.228924848503588 0.010389639646840596 6525.0957284712049
35.239116200976596 0.010340509930756149 6525.1088212214136
35.249307890933714 0.010291494613405975 6525.1218504915851
35.259499917579802 0.010242593714148296 6525.1348164440551
35.269692280119649 0.010193807252296122 6525.147719241083
35.279884977757966 0.010145135247117295 6525.1605590448489
35.290078009699386 0.010096577717834431 6525.1733360174567
35.300271375148483 0.01004813468362495 6525.1860503209318
35.31046507330975 0.009999806163621042 6525.1987021172226
35.320659103387598 0.00995159217690968 6525.211291568201
35.330853464586383 0.0099034927425325978 6525.2238188356614
35.341048156110375 0.0098555078794862871 6525.2362840813221
35.351243177163774 0.0098076376067219844 6525.2486874668248
35.361438526950707 0.0097598819431456915 6525.2610291537349
35.371634204675225 0.00971224090761812 6525.2733093035422
35.38183020954132 0.0096647145189547243 6525.2855280776594
35.392026540752902 0.009617302795925679 6525.2976856374244
35.402223197513806 0.0095700057572558703 6525.3097821440997
35.412420179027805 0.0095228234216248927 6525.3218177588724
35.422617484498588 0.0094757558076670328 6525.333792642854
35.432815113129791 0.0094288029339712805 6525.3457069570813
35.443013064124962 0.0093819648190813006 6525.3575608625169
35.453211336687588 0.0093352414814954366 6525.3693545200485
35.463409930021079 0.0092886329396667019 6525.3810880904894
35.473608843328776 0.0092421392120027781 6525.392761734578
35.483808075813954 0.0091957603168659908 6525.4043756129804
35.49400762667981 0.0091494962725733233 6525.4159298862878
35.504207495129478 0.0091033470973963942 6525.427424715017
35.51440768036602 0.009057312809561454 6525.4388602596136
35.524608181592427 0.0090113934272493881 6525.4502366804481
35.534808998011627 0.0089655889685956915 6525.461554137818
35.545010128826469 0.0089198994516904752 6525.4728127919498
35.555211573239738 0.0088743248945784489 6525.4840128029955
35.565413330454149 0.0088288653152589353 6525.4951543310353
35.575615399672344 0.0087835207316858278 6525.5062375360767
35.58581778009691 0.0087382911617676154 6525.5172625780551
35.596020470930348 0.008693176623367365 6525.5282296168352
35.60622347137511 0.0086481771343027009 6525.5391388122089
35.61642678063356 0.0086032927123458232 6525.549990323897
35.626630397908009 0.0085585233752234775 6525.5607843115495
35.636834322400688 0.0085138691406169611 6525.5715209347436
35.64703855331377 0.008469330026162113 6525.5822003529865
35.657243089849359 0.0084249060494493034 6525.5928227257155
35.667447931209495 0.0083805972280234352 6525.6033882122956
35.677653076596144 0.0083364035793839289 6525.6138969720232
35.687858525211205 0.0082923251209847133 6525.6243491641235
35.698064276256517 0.0082483618702342346 6525.6347449477516
35.70827032893385 0.0082045138444954268 6525.6450844819929
35.718476682444901 0.0081607810610857257 6525.6553679258632
35.728683335991313 0.0081171635372770494 6525.6655954383095
35.738890288774655 0.0080736612902957954 6525.6757671782088
35.749097539996434 0.0080302743373228298 6525.6858833043698
35.759305088858085 0.0079870026954934926 6525.695943975531
35.769512934560986 0.007943846381897577 6525.7059493503639
35.779721076306444 0.0079008054135793291 6525.7158995874697
35.789929513295704 0.0078578798075374379 6525.7257948453835
35.800138244729943 0.0078150695807250384 6525.73563528257
35.810347269810286 0.0077723747500496859 6525.7454210574278
35.820556587737777 0.0077297953323733721 6525.7551523282864
35.830766197713395 0.0076873313445125014 6525.7648292534086
35.840976098938071 0.0076449828032378927 6525.7744519909893
35.851186290612659 0.0076027497252747663 6525.7840206991568
35.861396771937954 0.0075606321273027468 6525.7935355359723
35.871607542114688 0.0075186300259558443 6525.8029966594304
35.881818600343529 0.0074767434378224615 6525.8124042274576
35.89202994582508 0.0074349723794453733 6525.8217583979167
35.902241577759881 0.0073933168673217331 6525.8310593286014
35.912453495348409 0.0073517769179030548 6525.8403071772418
35.922665697791082 0.0073103525475952148 6525.8495021015005
35.932878184288256 0.0072690437727584442 6525.8586442589749
35.943090954040215 0.007227850609707316 6525.8677338071975
35.953304006247194 0.007186773074710745 6525.8767709036347
35.963517340109355 0.0071458111839919815 6525.8857557056881
35.973730954826806 0.0071049649537286014 6525.8946883706949
35.983944849599595 0.0070642344000525024 6525.9035690559267
35.994159023627695 0.0070236195390498933 6525.9123979185915
36.004373476111034 0.0069831203867612972 6525.9211751158318
36.014588206249471 0.0069427369591815316 6525.9299008047274
36.024803213242798 0.0069024692722597161 6525.9385751422933
36.03501849629076 0.0068623173418992552 6525.9471982854811
36.045234054593031 0.006822281183957838 6525.9557703911778
36.055449887349234 0.0067823608142474285 6525.9642916162084
36.06566599375892 0.0067425562485342663 6525.9727621173333
36.075882373021585 0.006702867502538846 6525.9811820512514
36.086099024336676 0.0066632945919359258 6525.9895515745984
36.096315946903559 0.0066238375323545194 6525.9978708439457
36.106533139921559 0.0065844963393778769 6526.0061400158047
36.116750602589939 0.0065452710285434958 6526.0143592466229
36.126968334107893 0.0065061616153431027 6526.0225286927862
36.137186333674563 0.0064671681152226514 6526.0306485106184
36.147404600489033 0.0064282905435823203 6526.0387188563818
36.15762313375032 0.0063895289157764965 6526.0467398862775
36.167841932657396 0.0063508832471137833 6526.0547117564447
36.178060996409165 0.0063123535528569778 6526.0626346229619
36.188280324204484 0.0062739398482231142 6526.0705086418466
36.198499915242138 0.0062356421483833217 6526.0783339690552
36.208719768720862 0.0061974604684630055 6526.0861107604842
36.218939883839333 0.0061593948235417178 6526.0938391719692
36.229160259796167 0.0061214452286531863 6526.1015193592857
36.239380895789928 0.006083611698785304 6526.1091514781483
36.249601791019117 0.0060458942488801262 6526.1167356842134
36.259822944682192 0.006008292893833863 6526.1242721330773
36.270044355977532 0.0059708076484968715 6526.1317609802763
36.280266024103483 0.0059334385276736557 6526.1392023812878
36.290487948258317 0.005896185546122857 6526.1465964915305
36.300710127640258 0.0058590487185572427 6526.1539434663628
36.310932561447473 0.0058220280596437152 6526.1612434610861
36.321155248878078 0.005785123584003289 6526.1684966309431
36.331378189130128 0.0057483353062110975 6526.1757031311172
36.341601381401617 0.0057116632407963807 6526.1828631167336
36.351824824890492 0.0056751074022424819 6526.1899767428613
36.362048518794644 0.0056386678049868428 6526.197044164509
36.372272462311912 0.0056023444634209921 6526.20406553663
36.382496654640079 0.0055661373918905526 6526.2110410141195
36.392721094976864 0.0055300466046952186 6526.2179707518162
36.402945782519943 0.0054940721160887619 6526.2248549044998
36.413170716466929 0.0054582139402790239 6526.2316936268953
36.423395896015393 0.0054224720914279115 6526.2384870736696
36.433621320362839 0.0053868465836513823 6526.2452353994349
36.443846988706731 0.0053513374310194522 6526.2519387587454
36.454072900244469 0.0053159446475561818 6526.2585973060995
36.464299054173402 0.0052806682472396711 6526.2652111959405
36.47452544969083 0.0052455082440020558 6526.2717805826551
36.484752085993996 0.0052104646517295043 6526.2783056205762
36.494978962280094 0.0051755374842622085 6526.2847864639798
36.505206077746259 0.0051407267553943729 6526.2912232670869
36.515433431589578 0.0051060324788742241 6526.2976161840634
36.525661023007089 0.005071454668403994 6526.3039653690221
36.535888851195772 0.0050369933376399152 6526.3102709760187
36.546116915352556 0.0050026485001922203 6526.3165331590571
36.55634521467433 0.0049684201696251293 6526.3227520720857
36.566573748357911 0.0049343083594568567 6526.3289278689981
36.576802515600079 0.0049003130831595876 6526.3350607036355
36.587031515597566 0.0048664343541594936 6526.3411507297851
36.59726074754704 0.0048326721858367094 6526.3471981011808
36.607490210645125 0.0047990265915253353 6526.3532029715025
36.617719904088403 0.004765497584513439 6526.3591654943775
36.627949827073387 0.004732085178043033 6526.3650858233805
36.638179978796558 0.0046987893853100877 6526.3709641120331
36.648410358454335 0.0046656102194645123 6526.3768005138054
36.658640965243087 0.004632547693610157 6526.3825951821136
36.668871798359142 0.0045996018208048061 6526.3883482703222
36.679102856998774 0.0045667726140601736 6526.3940599317448
36.689334140358213 0.0045340600863418941 6526.399730319642
36.699565647633626 0.0045014642505695254 6526.4053595872238
36.709797378021143 0.0044689851196165345 6526.410947887648
36.720029330716848 0.0044366227063102979 6526.4164953740228
36.730261504916761 0.0044043770234320958 6526.4220021994033
36.740493899816869 0.0043722480837171101 6526.4274685167948
36.750726514613099 0.0043402358998544067 6526.4328944791514
36.760959348501345 0.0043083404844869513 6526.4382802393775
36.771192400677435 0.0042765618502115825 6526.4436259503273
36.781425670337164 0.0042449000095790253 6526.448931764804
36.791659156676275 0.0042133549750938701 6526.4541978355619
36.801892858890454 0.0041819267592145843 6526.459424315306
36.812126776175354 0.0041506153743534916 6526.4646113566905
36.822360907726576 0.0041194208328767775 6526.4697591123204
36.832595252739672 0.0040883431471044791 6526.4748677347525
36.842829810410151 0.0040573823293104851 6526.4799373764936
36.853064579933474 0.0040265383917225265 6526.4849681900023
36.863299560505048 0.0039958113465221748 6526.489960327689
36.87353475132025 0.0039652012058448314 6526.4949139419159
36.883770151574396 0.0039347079817797339 6526.4998291849952
36.894005760462768 0.0039043316863699379 6526.5047062091935
36.904241577180592 0.0038740723316123228 6526.5095451667275
36.914477600923057 0.0038439299294575841 6526.5143462097676
36.924713830885295 0.0038139044918102231 6526.5191094904358
36.934950266262412 0.0037839960305285523 6526.5238351608077
36.945186906249454 0.0037542045574246829 6526.5285233729119
36.955423750041426 0.0037245300842645222 6526.5331742787293
36.965660796833291 0.0036949726227677696 6526.5377880301949
36.975898045819967 0.0036655321846079105 6526.5423647791959
36.986135496196326 0.0036362087814122163 6526.5469046775743
36.996373147157193 0.0036070024247617325 6526.5514078771266
37.006610997897354 0.0035779131261912812 6526.5558745296012
37.016849047611551 0.0035489408971894495 6526.5603047867025
37.027087295494482 0.0035200857491985925 6526.564698800089
37.037325740740805 0.0034913476936148232 6526.5690567213733
37.047564382545133 0.003462726741788011 6526.5733787021236
37.057803220102031 0.0034342229050217752 6526.5776648938627
37.068042252606027 0.0034058361945734808 6526.5819154480678
37.078281479251601 0.0033775666216542361 6526.5861305161716
37.088520899233195 0.003349414197428886 6526.590310249564
37.098760511745212 0.0033213789330160102 6526.5944547995887
37.109000315982009 0.0032934608394879134 6526.5985643175463
37.119240311137901 0.0032656599278706273 6526.6026389546932
37.129480496407155 0.0032379762091439045 6526.606678862242
37.139720870984007 0.003210409694241211 6526.6106841913615
37.149961434062654 0.0031829603940497237 6526.614655093178
37.160202184837239 0.0031556283194103278 6526.618591718774
37.170443122501872 0.0031284134811176124 6526.6224942191902
37.180684246250621 0.0031013158899198608 6526.6263627454227
37.190925555277509 0.0030743355565190553 6526.6301974484259
37.201167048776533 0.0030474724915708659 6526.6339984791111
37.211408725941631 0.0030207267056846488 6526.6377659883492
37.221650585966714 0.0029940982094234401 6526.641500126967
37.231892628045642 0.0029675870133039563 6526.6452010457506
37.242134851372249 0.0029411931277965849 6526.6488688954441
37.252377255140324 0.0029149165633253825 6526.65250382675
37.262619838543614 0.0028887573302680707 6526.6561059903297
37.272862600775824 0.0028627154389560361 6526.6596755368037
37.283105541030629 0.0028367908996743138 6526.6632126167515
37.293348658501657 0.0028109837226615998 6526.6667173807118
37.303591952382497 0.0027852939181102344 6526.6701899791824
37.313835421866706 0.0027597214961662024 6526.67363056262
37.324079066147803 0.0027342664669291325 6526.6770392814433
37.334322884419265 0.0027089288404522861 6526.6804162860299
37.344566875874534 0.0026837086267425606 6526.6837617267165
37.354811039707009 0.0026586058357604804 6526.6870757538027
37.365055375110053 0.0026336204774201955 6526.690358517546
37.375299881276995 0.0026087525615894756 6526.6936101681658
37.385544557401118 0.002584002098089708 6526.6968308558426
37.395789402675689 0.0025593690966958941 6526.7000207307183
37.406034416293913 0.0025348535671366446 6526.7031799428951
37.41627959744897 0.0025104555190941726 6526.7063086424378
37.426524945334009 0.0024861749622042953 6526.709406979372
37.436770459142132 0.00246201190605643 6526.7124751036863
37.447016138066409 0.0024379663601935826 6526.7155131653299
37.457261981299872 0.0024140383341123531 6526.7185213142156
37.467507988035521 0.0023902278372629287 6526.7214997002175
37.477754157466322 0.0023665348790490744 6526.7244484731727
37.488000488785204 0.0023429594688281555 6526.7273677828807
37.498246981185055 0.0023195016159110616 6526.7302577791052
37.508493633858734 0.0022961613295623034 6526.7331186115725
37.518740445999057 0.0022729386189999433 6526.735950429972
37.52898741679882 0.0022498334933956079 6526.7387533839565
37.539234545450768 0.002226845961874484 6526.7415276231422
37.549481831147624 0.0022039760335153171 6526.7442732971112
37.55972927308207 0.0021812237173504047 6526.7469905554071
37.569976870446759 0.0021585890223655949 6526.7496795475399
37.580224622434308 0.002136071957500282 6526.7523404229823
37.590472528237299 0.0021136725316474037 6526.7549733311726
37.600720587048279 0.0020913907536534372 6526.7575784215142
37.610968798059766 0.0020692266323183947 6526.7601558433753
37.621217160464241 0.0020471801763958216 6526.7627057460895
37.631465673454151 0.0020252513945927916 6526.765228278955
37.641714336221916 0.0020034402955699054 6526.7677235912361
37.651963147959918 0.0019817468879412834 6526.7701918321627
37.662212107860512 0.0019601711802745671 6526.7726331509311
37.672461215116016 0.0019387131810909121 6526.775047696704
37.682710468918714 0.0019173728988649858 6526.7774356186092
37.692959868460868 0.0018961503420249653 6526.7797970657411
37.703209412934697 0.0018750455189525312 6526.7821321871625
37.713459101532393 0.0018540584379828683 6526.784441131902
37.723708933446119 0.0018331891074046581 6526.786724048955
37.733958907868008 0.0018124375354600791 6526.7889810872848
37.744209023990152 0.0017918037303448005 6526.7912123958213
37.754459281004621 0.0017712877002079813 6526.7934181234623
37.764709678103451 0.0017508894531522664 6526.7955984190748
37.774960214478654 0.0017306089972337825 6526.7977534314914
37.785210889322201 0.0017104463404621357 6526.7998833095153
37.795461701826035 0.001690401490800409 6526.8019882019162
37.805712651182077 0.0016704744561651579 6526.8040682574328
37.815963736582212 0.001650665244426407 6526.8061236247731
37.826214957218298 0.0016309738634076492 6526.808154452614
37.836466312282163 0.0016114003208858401 6526.8101608896013
37.846717800965607 0.0015919446245913967 6526.8121430843494
37.856969422460395 0.0015726067822081921 6526.8141011854432
37.867221175958264 0.001553386801373556 6526.8160353414369
37.877473060650928 0.0015342846896782669 6526.8179457008546
37.887725075730074 0.0015153004546665546 6526.8198324121913
37.897977220387354 0.0014964341038360928 6526.8216956239103
37.908229493814389 0.001477685644637998 6526.8235354844464
37.918481895202781 0.0014590550844768269 6526.8253521422057
37.928734423744103 0.001440542430710572 6526.827145745563
37.938987078629893 0.0014221476906506605 6526.828916442867
37.949239859051666 0.00140387087156195 6526.8306643824353
37.95949276420091 0.0013857119806627266 6526.8323897125574
37.969745793269091 0.0013676710251247005 6526.8340925814946
37.97999894544764 0.0013497480120730056 6526.835773137479
37.99025221992796 0.0013319429485861946 6526.8374315287165
38.000505615901432 0.0013142558416962373 6526.8390679033837
38.010759132559414 0.0012966866983885163 6526.8406824096292
38.021012769093232 0.0012792355256018273 6526.842275195575
38.031266524694189 0.0012619023302283736 6526.8438464093151
38.041520398553558 0.001244687119113764 6526.8453961989162
38.051774389862587 0.0012275898990570101 6526.8469247124194
38.062028497812499 0.0012106106768105247 6526.8484320978368
38.072282721594497 0.0011937494590801183 6526.849918503156
38.082537060399758 0.0011770062525249955 6526.8513840763362
38.092791513419428 0.0011603810637577535 6526.8528289653123
38.103046079844624 0.0011438738993443803 6526.8542533179916
38.113300758866451 0.0011274847658042507 6526.8556572822563
38.123555549675984 0.0011112136696101232 6526.8570410059619
38.133810451464271 0.0010950606171881397 6526.8584046369406
38.144065463422343 0.0010790256149178206 6526.8597483229969
38.1543205847412 0.0010631086691320641 6526.8610722119111
38.164575814611815 0.0010473097861171423 6526.8623764514386
38.174831152225153 0.0010316289721126993 6526.8636611893107
38.185086596772138 0.0010160662333117501 6526.8649265732329
38.195342147443675 0.001000621575860675 6526.866172750887
38.205597803430656 0.00098529500585921997 6526.8673998699305
38.215853563923943 0.00097008652936049326 6526.8686080779962
38.22610942811437 0.0009549961523709628 6526.8697975226942
38.236365395192756 0.00094002388085045411 6526.8709683516108
38.2466214643499 0.00092516972071214826 6526.8721207123081
38.256877634776572 0.00091043367782257833 6526.873254752325
38.26713390566352 0.00089581575800162815 6526.8743706191772
38.277390276201473 0.00088131596702253076 6526.8754684603591
38.287646745581135 0.00086693431061186411 6526.87654842334
38.297903312993199 0.00085267079444955034 6526.8776106555679
38.308159977628321 0.00083852542416885229 6526.8786553044683
38.318416738677151 0.00082449820535637286 6526.879682517445
38.328673595330301 0.00081058914355205155 6526.8806924418786
38.338930546778379 0.00079679824424916303 6526.8816852251293
38.349187592211969 0.00078312551289431401 6526.8826610145352
38.359444730821622 0.00076957095488744268 6526.8836199574125
38.36970196179788 0.00075613457558181387 6526.8845622010558
38.379959284331271 0.00074281638028402084 6526.8854878927405
38.390216697612288 0.00072961637425397947 6526.8863971797191
38.400474200831411 0.00071653456270492802 6526.8872902092244
38.410731793179096 0.00070357095080342518 6526.888167128468
38.420989473845793 0.00069072554366934728 6526.8890280846417
38.431247242021918 0.00067799834637588682 6526.8898732249181
38.441505096897878 0.00066538936394954992 6526.890702696448
38.451763037664051 0.00065289860137015513 6526.8915166463639
38.462021063510804 0.00064052606357083055 6526.8923152217776
38.472279173628486 0.00062827175543801283 6526.8930985697816
38.482537367207428 0.00061613568181144397 6526.8938668374503
38.492795643437937 0.0006041178474841711 6526.8946201718391
38.503054001510307 0.00059221825720254316 6526.8953587199821
38.513312440614811 0.00058043691566620923 6526.8960826288976
38.523570959941708 0.00056877382752811771 6526.8967920455843
38.533829558681234 0.00055722899739451355 6526.897487117023
38.544088236023612 0.00054580242982493613 6526.8981679901754
38.554346991159051 0.0005344941293322186 6526.8988348119856
38.564605823277731 0.00052330410038248492 6526.8994877293808
38.574864731569832 0.00051223234739514916 6526.9001268892698
38.585123715225507 0.00050127887474291273 6526.9007524385443
38.595382773434892 0.00049044368675176355 6526.9013645240793
38.605641905388111 0.0004797267877009736 6526.901963292732
38.615901110275267 0.00046912818182309789 6526.902548891343
38.626160387286454 0.00045864787330397234 6526.9031214667375
38.636419735611753 0.00044828586628271227 6526.9036811657224
38.646679154441216 0.0004380421648517106 6526.9042281350885
38.656938642964889 0.00042791677305663669 6526.9047625216126
38.667198200372795 0.00041790969489643434 6526.9052844720527
38.677457825854951 0.00040802093432331992 6526.9057941331539
38.68771751860136 0.0003982504952427819 6526.9062916516441
38.697977277802003 0.00038859838151357804 6526.9067771742357
38.708237102646855 0.00037906459694773482 6526.9072508476274
38.718496992325868 0.00036964914531054512 6526.9077128185008
38.72875694602898 0.00036035203032056754 6526.9081632335256
38.739016962946124 0.00035117325564962444 6526.908602239354
38.749277042267209 0.00034211282492280058 6526.9090299826257
38.75953718318214 0.00033317074171844175 6526.909446609965
38.769797384880803 0.00032434700956815313 6526.9098522679833
38.780057646553075 0.00031564163195679844 6526.9102471032766
38.790317967388816 0.00030705461232249785 6526.910631262429
38.800578346577872 0.00029858595405662719 6526.9110048920102
38.810838783310075 0.00029023566050382222 6526.911368138577
38.82109927677525 0.00028200373496195384 6526.9117211486728
38.831359826163208 0.00027389018068216204 6526.912064068827
38.841620430663745 0.00026589500086883136 6526.9123970455585
38.851881089466652 0.0002580181986795948 6526.9127202253721
38.862141801761702 0.00025025977722533364 6526.9130337547604
38.872402566738657 0.00024261973957017527 6526.9133377802045
38.882663383587271 0.0002350980887314922 6526.9136324481724
38.892924251497284 0.00022769482767990147 6526.9139179051217
38.903185169658421 0.00022040995933926259 6526.9141942974966
38.913446137260401 0.00021324348658667685 6526.914461771732
38.923707153492934 0.00020619541225248633 6526.9147204742494
38.933968217545711 0.0001992657391202724 6526.9149705514601
38.944229328608429 0.00019245446992685502 6526.9152121497655
38.954490485870757 0.00018576160736229124 6526.9154454155541
38.964751688522362 0.0001791871540698744 6526.9156704952056
38.9750129357529 0.00017273111264613301 6526.9158875350895
38.985274226752018 0.00016639348564082985 6526.9160966815643
38.995535560709357 0.00016017427555696076 6526.9162980809779
39.005796936814541 0.00015407348485075382 6526.9164918796705
39.016058354257183 0.00014809111593166825 6526.9166782239708
39.026319812226902 0.00014222717116239351 6526.9168572601984
39.036581309913295 0.00013648165285884843 6526.9170291346645
39.046842846505953 0.0001308545632901802 6526.9171939936714
39.057104421194467 0.00012534590467876356 6526.9173519835113
39.067366033168405 0.00011995567920019977 6526.9175032504681
39.077627681617336 0.00011468388898331601 6526.9176479408179
39.087889365730824 0.00010953053611016427 6526.9177862008273
39.098151084698415 0.00010449562261602065 6526.9179181767558
39.108412837709658 9.9579150489384642e-05 6526.9180440148557
39.118674623954085 9.4781121671978143e-05 6526.9181638613691
39.128936442621225 9.0101538058744894e-05 6526.9182778625327
39.139198292900602 8.5540401497849532e-05 6526.9183861645752
39.149460173981737 8.109771379067705e-05 6526.9184889137177
39.159722085054135 7.6773476691831982e-05 6526.9185862561744
39.169984025307294 7.2567691909137676e-05 6526.9186783381529
39.180245993930718 6.8480361103635717e-05 6526.9187653058534
39.190507990113893 6.4511485889585233e-05 6526.9188473054719
39.200770013046302 6.0661067834462217e-05 6526.918924483195
39.211032061917429 5.6929108458958953e-05 6526.9189969852059
39.221294135916736 5.3315609236983406e-05 6526.9190649576794
39.2315562342337 4.982057159565865e-05 6526.9191285467869
39.241818356057777 4.6443996915322248e-05 6526.9191878986931
39.252080500578423 4.3185886529525796e-05 6526.9192431595575
39.262342666985091 4.0046241725034326e-05 6526.9192944755341
39.272604854467232 3.7025063741825829e-05 6526.9193419927724
39.282867062214287 3.4122353773090747e-05 6526.9193858574172
39.293129289415695 3.1338112965231513e-05 6526.9194262156079
39.303391535260886 2.867234241786213e-05 6526.9194632134804
39.313653798939292 2.6125043183807666e-05 6526.9194969971668
39.323916079640334 2.3696216269103888e-05 6526.9195277127928
39.334178376553439 2.1385862632996867e-05 6526.9195555064825
39.344440688868026 1.9193983187942567e-05 6526.9195805243553
39.354703015773509 1.7120578799606512e-05 6526.9196029125278
39.364965356459301 1.516565028686344e-05 6526.9196228171122
39.375227710114807 1.3329198421796974e-05 6526.9196403842179
39.38549007592944 1.1611223929699298e-05 6526.9196557599525
39.395752453092598 1.0011727489070923e-05 6526.9196690904191
39.406014840793688 8.5307097316203654e-06 6526.9196805217198
39.416277238222101 7.1681712422639235e-06 6526.919690199953
39.426539644567242 5.9241125591254423e-06 6526.9196982712156
39.436802059018504 4.7985341735361033e-06 6526.9197048816022
39.447064480765277 3.7914365300342218e-06 6526.9197101772061
39.457326908996954 2.9028200263650818e-06 6526.9197143041174
39.467589342902926 2.1326850134807718e-06 6526.9197174084265
39.477851781672577 1.481031795540051e-06 6526.919719636222
39.488114224495298 9.4786062990822438e-07 6526.9197211335913
39.498376670560475 5.3317172715704538e-07 6526.9197220466203
39.508639119057499 2.3696525106462953e-07 6526.9197225213957
39.518901569175753 5.9241318615391998e-08 6526.9197227040013
39.529164020104623 2.2496396739927864e-33 6526.919722740522
