xd,x,y,time,dt,V,Theta,C,Ih,slip,q,F,prescribed,mass_diagonal,mass_upper,tau_bg,delta_tau,tau_total,sigma_n_bg,C_evaluated,friction_traction,weak_residual
115470.05383792514,21132.486540518701,0,922804465.59751701,219887860.68791574,1.0000000000000001e-09,8000000,0,12691.226484242241,0.92280446559751717,26496107.131331556,-6539.1021158553294,1,59.801978995499709,11.653542613001276,26545555.49658734,-49448.365255784243,26496107.131331556,50000000,0,26502646.228822976,-708377.37797565095
115370.09350171598,21182.466708623288,86.568190527976824,922804465.59751701,219887860.68791574,1.0000000000000001e-09,8000000,0,12692.940471139316,0.92280446559751717,26503451.293585263,-27230.014179535236,1,56.335080841968278,15.321634571724466,26546235.820459835,-42784.526874572039,26503451.293585263,50000000,0,26530681.303140365,-1684626.3306171121
115270.13316550681,21232.446876727874,173.13638105595365,922804465.59751701,219887860.68791574,1.0000000000000001e-09,8000000,0,12692.155815652954,0.92280446559751717,26504339.923516829,-4857.0258596625326,1,64.323175802638701,16.33363767744834,26546091.616840929,-41751.693324100226,26504339.923516829,50000000,0,26509196.94475203,-879406.66685242415
115170.17282929763,21282.427044832461,259.70457158393043,922804465.59751701,219887860.68791574,1.0000000000000001e-09,8000000,0,12692.689611087708,0.92280446559751717,26506024.630626652,-9169.9727225168117,1,66.332611914988007,16.527663519997564,26546131.148019828,-40106.517393175513,26506024.630626652,50000000,0,26515194.598724719,-675291.46799061575
115070.21249308845,21332.407212937047,346.2727621119073,922804465.59751701,219887860.68791574,1.0000000000000001e-09,8000000,0,12692.076306808896,0.92280446559751717,26511135.392979145,744.79217524901856,1,66.862654455469624,16.53761068498121,26546119.882299442,-34984.489320296794,26511135.392979145,50000000,0,26510390.596179441,-227049.78653929976
114970.25215687927,21382.387381041633,432.84095263988411,922804465.59751701,219887860.68791574,1.0000000000000001e-09,8000000,0,12692.796306412123,0.92280446559751717,26506893.861725308,-7576.0850303836369,1,66.859876727298612,16.564421000706488,26546123.023669321,-39229.161944013089,26506893.861725308,50000000,0,26514469.942131348,-511222.87832332792
114870.29182067011,21432.36754914622,519.40914316786086,922804465.59751701,219887860.68791574,1.0000000000000001e-09,8000000,0,12692.097533805048,0.92280446559751717,26510032.022349883,-1026.5284944827818,1,66.80364491777803,16.551389730869253,26546122.194464482,-36090.172114599496,26510032.022349883,50000000,0,26511058.546219885,-298624.94102878921
114770.33148446096,21482.347717250803,605.97733369583773,922804465.59751701,219887860.68791574,1.0000000000000001e-09,8000000,0,12692.908009320607,0.92280446559751717,26508774.750361905,-6317.0305155677279,1,66.905683432141075,16.540074823135196,26546122.409786776,-37347.659424871206,26508774.750361905,50000000,0,26515091.776253089,-438992.13701720379
114670.37114825178,21532.327885355389,692.5455242238146,922804465.59751701,219887860.68791574,1.0000000000000001e-09,8000000,0,12691.636351804522,0.92280446559751717,26511729.716423988,38.91034819699432,1,66.846183179307815,16.579436743448145,26546122.353487104,-34392.637063115835,26511729.716423988,50000000,0,26511690.801451255,-241013.0815354606
114570.4108120426,21582.308053459976,779.11371475179146,922804465.59751701,219887860.68791574,1.0000000000000001e-09,8000000,0,12693.203737562601,0.92280446559751717,26507109.571219351,-8391.7164716750904,1,66.759250215746363,16.578321265924121,26546122.36818935,-39012.796969998628,26507109.571219351,50000000,0,26515501.283066664,-577513.35850700445
114470.45047583342,21632.288221564562,865.68190527976822,922804465.59751701,219887860.68791574,1.0000000000000001e-09,8000000,0,12691.760486003937,0.92280446559751717,26511048.778334063,-1081.7603425448374,1,66.843891018814816,16.580660924617558,26546122.364323787,-35073.585989724845,26511048.778334063,50000000,0,26512130.534052126,-307874.71353294235
114370.49013962426,21682.268389669149,952.25009580774508,922804465.59751701,219887860.68791574,1.0000000000000001e-09,8000000,0,12692.805748574598,0.92280446559751717,26510127.785158813,-5816.7205689749744,1,66.74606551034681,16.63189582393246,26546122.365346633,-35994.580187819898,26510127.785158813,50000000,0,26515944.501103405,-422222.60192362737
114270.52980341509,21732.248557773735,1038.8182863357217,922804465.59751701,219887860.68791574,1.0000000000000001e-09,8000000,0,12692.110704597506,0.92280446559751717,26511407.312167488,-964.59769228007883,1,66.646241422094562,16.642919397108372,26546122.365076575,-34715.05290908739,26511407.312167488,50000000,0,26512371.905235302,-294704.77005412616
114170.5694672059,21782.228725878322,1125.3864768636988,922804465.59751701,219887860.68791574,1.0000000000000001e-09,8000000,0,12692.814722606316,0.92280446559751717,26508203.545138076,-8031.9363237642792,1,66.699812052444642,16.639199456499714,26546122.365148328,-37918.820010252297,26508203.545138076,50000000,0,26516235.476837382,-553291.74195724004
114070.60913099673,21832.208893982908,1211.9546673916755,922804465.59751701,219887860.68791574,1.0000000000000001e-09,8000000,0,12692.120996252741,0.92280446559751717,26512771.226125583,-90.712122638555826,1,66.651087234393785,16.695072001636582,26546122.365129393,-33351.139003809541,26512771.226125583,50000000,0,26512861.933623821,-239329.76525792215
113970.64879478756,21882.189062087495,1298.5228579196523,922804465.59751701,219887860.68791574,1.0000000000000001e-09,8000000,0,12692.57326153845,0.92280446559751717,26510327.996072792,-5968.1511487902826,1,66.488972470785853,16.719689645795096,26546122.365134496,-35794.369061704725,26510327.996072792,50000000,0,26516296.14259718,-438508.73304869857
113870.6884585784,21932.169230192081,1385.0910484476292,922804465.59751701,219887860.68791574,1.0000000000000001e-09,8000000,0,12692.157805621899,0.92280446559751717,26510956.673208438,-2403.0380376423504,1,66.551971750345572,16.700160289866993,26546122.365132999,-35165.691924560815,26510956.673208438,50000000,0,26513359.70662168,-377932.41025033925
113770.72812236921,21982.149398296668,1471.6592389756061,922804465.59751701,219887860.68791574,1.0000000000000001e-09,8000000,0,12692.951971804461,0.92280446559751717,26509455.896460943,-7078.9653293879983,1,66.555750927777183,16.737576678972278,26546122.365133416,-36666.468672472984,26509455.896460943,50000000,0,26516534.857165862,-513266.34542934917
113670.76778616004,22032.129566401254,1558.2274295035829,922804465.59751701,219887860.68791574,1.0000000000000001e-09,8000000,0,12691.620270713913,0.92280446559751717,26513644.648561198,-118.85661628997843,1,66.411275752518563,16.771144340644369,26546122.365133688,-32477.716572489589,26513644.648561198,50000000,0,26513763.500553075,-244545.93743519858
113570.80744995088,22082.109734505841,1644.7956200315596,922804465.59751701,219887860.68791574,1.0000000000000001e-09,8000000,0,12693.096908661531,0.92280446559751717,26509558.485395815,-7045.8992247153665,1,66.429401175831998,16.749062063821583,26546122.36513349,-36563.87973767519,26509558.485395815,50000000,0,26516604.379996087,-519729.55391902663
113470.84711374171,22132.089902610427,1731.3638105595364,922804465.59751701,219887860.68791574,1.0000000000000001e-09,8000000,0,12692.007789597896,0.92280446559751717,26511286.058859844,-2966.2154226294883,1,66.482947205290714,16.763426436155346,26546122.365133304,-34836.306273460388,26511286.058859844,50000000,0,26514252.269658014,-405162.0437454303
113370.88677753255,22182.070070715014,1817.9320010875133,922804465.59751701,219887860.68791574,1.0000000000000001e-09,8000000,0,12692.656843209583,0.92280446559751717,26511262.516465504,-5365.6749314118206,1,66.38167722576037,16.786351837924716,26546122.365133457,-34859.848667953163,26511262.516465504,50000000,0,26516628.186772503,-437809.91505857225
113270.92644132336,22232.050238819596,1904.5001916154902,922804465.59751701,219887860.68791574,1.0000000000000001e-09,8000000,0,12692.209338876844,0.92280446559751717,26512690.286453255,-1900.5606423738668,1,66.3945479872215,16.758657197073266,26546122.365133237,-33432.078679982573,26512690.286453255,50000000,0,26514590.842471167,-344632.88397380657
113170.96610511419,22282.030406924183,1991.0683821434668,922804465.59751701,219887860.68791574,1.0000000000000001e-09,8000000,0,12692.506414047046,0.92280446559751717,26509115.656135485,-7660.2743552089933,1,66.485972865522655,16.750493296580359,26546122.365133364,-37006.708997879177,26509115.656135485,50000000,0,26516775.925866198,-605921.13544109871
113071.00576890502,22332.010575028769,2077.6365726714434,922804465.59751701,219887860.68791574,1.0000000000000001e-09,8000000,0,12692.543920915285,0.92280446559751717,26511185.421339042,-3866.7218381947209,1,66.419611745369167,16.768333559133879,26546122.365133483,-34936.943794440478,26511185.421339042,50000000,0,26515052.138552759,-479201.77469117031
112971.04543269583,22381.990743133356,2164.2047631994205,922804465.59751701,219887860.68791574,1.0000000000000001e-09,8000000,0,12692.211052032198,0.92280446559751717,26510993.253089063,-5609.5161097749915,1,66.432361681504062,16.727958643103808,26546122.365133315,-35129.112044252455,26510993.253089063,50000000,0,26516602.764574464,-533557.98614754353
112871.08509648667,22431.970911237942,2250.7729537273976,922804465.59751701,219887860.68791574,1.0000000000000001e-09,8000000,0,12692.353883334876,0.92280446559751717,26509677.115337707,-5742.8466659388241,1,66.570120325204044,16.698746561973959,26546122.365133554,-36445.249795846641,26509677.115337707,50000000,0,26515419.957379207,-623786.33244254196
112771.1247602775,22481.951079342529,2337.3411442553743,922804465.59751701,219887860.68791574,1.0000000000000001e-09,8000000,0,12692.780415395502,0.92280446559751717,26507441.232411873,-8841.8962969280165,1,66.544398404300168,16.715240125035322,26546122.365133293,-38681.132721420377,26507441.232411873,50000000,0,26516283.124084402,-779158.11855061329
112671.16442406832,22531.931247447115,2423.9093347833509,922804465.59751701,219887860.68791574,1.0000000000000001e-09,8000000,0,12691.948144032491,0.92280446559751717,26509645.398270637,-5676.3233426381339,1,66.514727365218064,16.681027820121706,26546122.365133483,-36476.966862846166,26509645.398270637,50000000,0,26515321.716988847,-655955.71872598492
112571.20408785914,22581.911415551702,2510.4775253113276,922804465.59751701,219887860.68791574,1.0000000000000001e-09,8000000,0,12692.659525707686,0.92280446559751717,26507628.636077642,-7829.3856228830919,1,66.68238955996739,16.634730646565281,26546122.365133345,-38493.729055702686,26507628.636077642,50000000,0,26515458.017076075,-768152.13871002384
112471.24375164996,22631.891583656288,2597.0457158393046,922804465.59751701,219887860.68791574,1.0000000000000001e-09,8000000,0,12692.423382733064,0.92280446559751717,26505636.582257666,-9100.4232176389305,1,66.685820324489185,16.644459262900074,26546122.36513339,-40485.782875724137,26505636.582257666,50000000,0,26514737.000850815,-860612.95523147914
112371.2834154408,22681.871751760875,2683.6139063672817,922804465.59751701,219887860.68791574,1.0000000000000001e-09,8000000,0,12692.277257188985,0.92280446559751717,26506246.483413126,-7420.1297108963445,1,66.659881223405009,16.618318569967332,26546122.365133189,-39875.881720062345,26506246.483413126,50000000,0,26513666.608499549,-719990.93268034433
112271.32307923165,22731.851919865461,2770.1820968952584,922804465.59751701,219887860.68791574,1.0000000000000001e-09,8000000,0,12693.084367740968,0.92280446559751717,26508602.643968638,-4446.5595997260716,1,66.78174769420599,16.574667155561826,26546122.365133718,-37519.721165079623,26508602.643968638,50000000,0,26513049.19894392,-428465.29071734828
112171.36274302247,22781.832087970048,2856.750287423235,922804465.59751701,219887860.68791574,1.0000000000000001e-09,8000000,0,12693.633604546911,0.92280446559751717,26510651.451032132,-495.10436487307999,1,66.823203429055042,16.579136604896135,26546122.365132209,-35470.914100077003,26510651.451032132,50000000,0,26511146.550772578,-13770.818503832612
112071.40240681329,22831.812256074634,2943.3184779512121,922804465.59751701,219887860.68791574,1.0000000000000001e-09,8000000,0,12696.656562279684,0.92280446559751717,26516312.424031001,5610.2973730280619,1,66.748742212528825,16.571459518318292,26546122.365133509,-29809.941102508456,26516312.424031001,50000000,0,26510702.122033514,710151.65307811205
111971.44207060411,22881.792424179221,3029.8866684791888,922804465.59751701,219887860.68791574,1.0000000000000001e-09,8000000,0,12699.55944878604,0.92280446559751717,26529611.628909647,20751.326249146401,1,66.871013576917335,16.530128285140407,26546122.365131918,-16510.736222270876,26529611.628909647,50000000,0,26508860.298036113,1957631.5559297486
111871.48173439494,22931.772592283804,3116.4548590071659,922804465.59751701,219887860.68791574,1.0000000000000001e-09,8000000,0,12703.543671861884,0.92280446559751717,26539526.905312244,28856.310885982031,1,66.903046787967824,16.562802453618438,26546122.36513276,-6595.4598205164075,26539526.905312244,50000000,0,26510670.589801826,2938924.3967948495
111771.52139818578,22981.75276038839,3203.0230495351425,922804465.59751701,219887860.68791574,1.0000000000000001e-09,8000000,0,12705.704647213497,0.92280446559751717,26551105.477472469,40169.964976627758,1,66.762996030354614,16.561235325842205,26546122.365131266,4983.1123412027955,26551105.477472469,50000000,0,26510935.507871442,3847033.537287442
111671.56106197659,23031.732928492976,3289.5912400631191,922804465.59751701,219887860.68791574,1.0000000000000001e-09,8000000,0,12711.318209208826,0.92280446559751717,26559554.138638388,41495.995603437339,1,66.89077629153654,16.525460275793705,26546122.365135621,13431.773502767086,26559554.138638388,50000000,0,26518058.138410486,4068282.1001806618
111571.60072576742,23081.713096597563,3376.1594305910958,922804465.59751701,219887860.68791574,1.0000000000000001e-09,8000000,0,12713.307546982491,0.92280446559751717,26560492.372298446,37960.727737590933,1,66.892499844155125,16.565656903673332,26546122.365130339,14370.007168106735,26560492.372298446,50000000,0,26522531.639936496,3310582.2968898732
111471.64038955825,23131.693264702149,3462.7276211190729,922804465.59751701,219887860.68791574,1.0000000000000001e-09,8000000,0,12700.622716395215,0.92280446559751717,26534786.351507146,5164.5338405488646,1,66.744848201783199,16.596655577175188,26546122.365132764,-11336.01362561807,26534786.351507146,50000000,0,26529621.813042101,821596.98023460014
111371.68005334906,23181.673432806736,3549.29581164705,922804465.59751701,219887860.68791574,1.0000000000000001e-09,8000000,0,12692.278322381619,0.92280446559751717,26516864.546658937,-9155.6661999704065,1,66.789001809956574,16.570229637701726,26546122.365132321,-29257.818473383784,26516864.546658937,50000000,0,26526020.208234515,-850163.81751093757
111271.7197171399,23231.653600911322,3635.8640021750266,922804465.59751701,219887860.68791574,1.0000000000000001e-09,8000000,0,12692.942637259059,0.92280446559751717,26507361.965606555,-19576.071519247955,1,66.839122922768638,16.609392622998449,26546122.36513418,-38760.399527624249,26507361.965606555,50000000,0,26526938.03250128,-1674982.6125752633
111171.75938093074,23281.633769015909,3722.4321927030028,922804465.59751701,219887860.68791574,1.0000000000000001e-09,8000000,0,12691.668190404373,0.92280446559751717,26508984.026969172,-12933.866722990622,1,66.638484107028447,16.663257377493132,26546122.365132991,-37138.338163819164,26508984.026969172,50000000,0,26521917.889067777,-1507548.314024678
111071.79904472157,23331.613937120495,3809.0003832309803,922804465.59751701,219887860.68791574,1.0000000000000001e-09,8000000,0,12693.119967982682,0.92280446559751717,26504277.483274795,-19234.437590579568,1,66.63092188836427,16.643677140747851,26546122.365133464,-41844.881858669221,26504277.483274795,50000000,0,26523511.916240927,-1662458.0727915715
110971.8387085124,23381.594105225082,3895.568573758957,922804465.59751701,219887860.68791574,1.0000000000000001e-09,8000000,0,12691.935296221996,0.92280446559751717,26509314.328511965,-9933.4667836648423,1,66.705562366702736,16.664040603009074,26546122.36513311,-36808.036621145904,26509314.328511965,50000000,0,26519247.790671188,-1179656.8067078914
110871.87837230321,23431.574273329668,3982.1367642869336,922804465.59751701,219887860.68791574,1.0000000000000001e-09,8000000,0,12692.619179289215,0.92280446559751717,26510006.755368967,-11816.314788355699,1,66.550868359536224,16.728488656642849,26546122.365133371,-36115.609764404595,26510006.755368967,50000000,0,26521823.065532845,-1033202.5912959962
110771.91803609405,23481.554441434255,4068.7049548149103,922804465.59751701,219887860.68791574,1.0000000000000001e-09,8000000,0,12692.194858975765,0.92280446559751717,26513016.8178153,-4859.0694101576237,1,66.459210408906657,16.723922038815974,26546122.365133487,-33105.547318186611,26513016.8178153,50000000,0,26517875.882601034,-702813.95295406552
110671.95769988488,23531.534609538841,4155.2731453428869,922804465.59751701,219887860.68791574,1.0000000000000001e-09,8000000,0,12692.772830221236,0.92280446559751717,26510450.80302725,-10895.467481232596,1,66.557700510767617,16.719209374462949,26546122.365133286,-35671.56210603565,26510450.80302725,50000000,0,26521346.265884016,-826032.01894016645
110571.99736367571,23581.514777643424,4241.841335870864,922804465.59751701,219887860.68791574,1.0000000000000001e-09,8000000,0,12692.083805969349,0.92280446559751717,26516367.131061725,-1171.8292991014935,1,66.476673042986434,16.766413288265188,26546122.365133431,-29755.23407170549,26516367.131061725,50000000,0,26517538.955736428,-371350.97390737454
110472.03702746652,23631.494945748011,4328.4095263988411,922804465.59751701,219887860.68791574,1.0000000000000001e-09,8000000,0,12692.710078355207,0.92280446559751717,26514553.102735244,-6637.5590750421779,1,66.381747671433644,16.770363547462662,26546122.36513342,-31569.262398175895,26514553.102735244,50000000,0,26521190.657185774,-482843.74252194754
110372.07669125735,23681.475113852597,4414.9777169268182,922804465.59751701,219887860.68791574,1.0000000000000001e-09,8000000,0,12691.967616869846,0.92280446559751717,26516360.419139609,-1346.6372659313199,1,66.455541306002317,16.75164285258429,26546122.36513339,-29761.94599378109,26516360.419139609,50000000,0,26517707.051781178,-318586.78396279464
110272.11635504819,23731.455281957184,4501.5459074547953,922804465.59751701,219887860.68791574,1.0000000000000001e-09,8000000,0,12693.132921835069,0.92280446559751717,26514410.117348086,-7031.0116919730226,1,66.44490810674705,16.776501257562337,26546122.365133468,-31712.247785381973,26514410.117348086,50000000,0,26521441.124415547,-456916.36049533769
110172.15601883901,23781.43545006177,4588.1140979827715,922804465.59751701,219887860.68791574,1.0000000000000001e-09,8000000,0,12691.495404270416,0.92280446559751717,26519892.527967878,1956.1260898390885,1,66.371303254102159,16.771853253269917,26546122.365133639,-26229.837165761739,26519892.527967878,50000000,0,26517936.397253633,-89194.976561840987
110072.19568262983,23831.415618166357,4674.6822885107485,922804465.59751701,219887860.68791574,1.0000000000000001e-09,8000000,0,12693.134669928348,0.92280446559751717,26515660.725802246,-6026.1580193462669,1,66.463070599523988,16.741900457884796,26546122.365133297,-30461.639331050217,26515660.725802246,50000000,0,26521686.879197154,-368327.89505426091
109972.23534642067,23881.395786270943,4761.2504790387247,922804465.59751701,219887860.68791574,1.0000000000000001e-09,8000000,0,12691.966600361375,0.92280446559751717,26518284.588925507,-36.960492973475354,1,66.475450547831898,16.758221557803203,26546122.365133405,-27837.776207897812,26518284.588925507,50000000,0,26518321.544794057,-172019.43505027727
109872.2750102115,23931.37595437553,4847.8186695667018,922804465.59751701,219887860.68791574,1.0000000000000001e-09,8000000,0,12692.744952385281,0.92280446559751717,26517752.441679802,-4097.8770740764885,1,66.410498296669005,16.744540177314661,26546122.365133338,-28369.923453535885,26517752.441679802,50000000,0,26521850.314129401,-236095.24666641926
109772.31467400234,23981.356122480116,4934.3868600946789,922804465.59751701,219887860.68791574,1.0000000000000001e-09,8000000,0,12692.100548006745,0.92280446559751717,26520830.73351324,2189.7408661783656,1,66.531590407118728,16.696190589490232,26546122.365133442,-25291.631620202214,26520830.73351324,50000000,0,26518640.988022704,-17609.908992029832
109672.35433779316,24031.336290584703,5020.9550506226551,922804465.59751701,219887860.68791574,1.0000000000000001e-09,8000000,0,12692.701490212956,0.92280446559751717,26516559.616270289,-5670.7416929803139,1,66.595200036987023,16.699401397028598,26546122.365133379,-29562.74886308983,26516559.616270289,50000000,0,26522230.353338826,-325381.95038210577
109572.39400158398,24081.316458689289,5107.5232411506331,922804465.59751701,219887860.68791574,1.0000000000000001e-09,8000000,0,12692.278510191529,0.92280446559751717,26520031.89800401,940.26700738418106,1,66.521620230667693,16.69213655914821,26546122.365133401,-26090.467129390687,26520031.89800401,50000000,0,26519091.62637224,-80811.811290171769
109472.4336653748,24131.296626793875,5194.0914316786093,922804465.59751701,219887860.68791574,1.0000000000000001e-09,8000000,0,12692.514988434905,0.92280446559751717,26519447.55153076,-2915.259178981225,1,66.634420445114472,16.629125704479659,26546122.365133334,-26674.81360257417,26519447.55153076,50000000,0,26522362.806085292,-171231.23476856761
109372.47332916563,24181.276794898462,5280.6596222065864,922804465.59751701,219887860.68791574,1.0000000000000001e-09,8000000,0,12692.008030487857,0.92280446559751717,26520180.098757472,440.8112555703097,1,66.761723688080764,16.622121722758525,26546122.36513336,-25942.266375888139,26520180.098757472,50000000,0,26519739.282877445,-106390.27160612876
109272.51299295647,24231.256963003048,5367.2278127345635,922804465.59751701,219887860.68791574,1.0000000000000001e-09,8000000,0,12693.059172923493,0.92280446559751717,26517219.494005408,-5254.5265254018386,1,66.663960784070767,16.632298648490512,26546122.365133334,-28902.871127925813,26517219.494005408,50000000,0,26522474.015906312,-316710.86300309078
109172.55265674728,24281.237131107635,5453.7960032625397,922804465.59751701,219887860.68791574,1.0000000000000001e-09,8000000,0,12691.749131801274,0.92280446559751717,26521753.788110945,1578.2225555869045,1,66.729000980693854,16.568960703884873,26546122.36513339,-24368.577022444457,26521753.788110945,50000000,0,26520175.560930986,-35649.66016816529
109072.59232053811,24331.217299212218,5540.3641937905168,922804465.59751701,219887860.68791574,1.0000000000000001e-09,8000000,0,12692.835845064785,0.92280446559751717,26519445.64736386,-3233.0344164687731,1,66.909516591840969,16.553833235245115,26546122.365133286,-26676.717769425362,26519445.64736386,50000000,0,26522678.677155823,-197320.11844949456
108972.63198432894,24381.197467316804,5626.932384318493,922804465.59751701,219887860.68791574,1.0000000000000001e-09,8000000,0,12692.213192055477,0.92280446559751717,26520271.228357326,-431.85502250123614,1,66.784176037625684,16.586498229377533,26546122.365133304,-25851.13677597791,26520271.228357326,50000000,0,26520703.078755435,-148695.65648730987
108872.67164811975,24431.177635421391,5713.50057484647,922804465.59751701,219887860.68791574,1.0000000000000001e-09,8000000,0,12692.607651921549,0.92280446559751717,26518709.294475023,-3999.3650950585193,1,66.794050604376281,16.53718833073501,26546122.36513336,-27413.070658337325,26518709.294475023,50000000,0,26522708.654945698,-252367.48126312398
108772.71131191059,24481.157803525977,5800.0687653744471,922804465.59751701,219887860.68791574,1.0000000000000001e-09,8000000,0,12692.324091552899,0.92280446559751717,26522610.407881368,1326.0583001826881,1,66.969959696928029,16.518653286705824,26546122.365133371,-23511.957252003253,26522610.407881368,50000000,0,26521284.344956696,-36528.675492208335
108672.75097570143,24531.137971630564,5886.6369559024242,922804465.59751701,219887860.68791574,1.0000000000000001e-09,8000000,0,12692.264972387,0.92280446559751717,26519216.017688885,-3583.6149353961191,1,66.869379457942799,16.571072378281922,26546122.365133505,-26906.347444619983,26519216.017688885,50000000,0,26522799.62799985,-250577.82639882722
108572.79063949226,24581.11813973515,5973.2051464304013,922804465.59751701,219887860.68791574,1.0000000000000001e-09,8000000,0,12692.624277697685,0.92280446559751717,26519915.61903112,-1982.274653172143,1,66.766224717157073,16.553504778631336,26546122.365133256,-26206.746102135628,26519915.61903112,50000000,0,26521897.889059868,-238438.77333989806
108472.83030328309,24631.098307839737,6059.7733369583775,922804465.59751701,219887860.68791574,1.0000000000000001e-09,8000000,0,12692.388052343893,0.92280446559751717,26520061.704183906,-2821.4832175620177,1,66.938622831462027,16.53259586008495,26546122.36513342,-26060.660949513316,26520061.704183906,50000000,0,26522883.182777029,-234902.54602332282
108372.8699670739,24681.078475944323,6146.3415274863537,922804465.59751701,219887860.68791574,1.0000000000000001e-09,8000000,0,12692.147880092009,0.92280446559751717,26521834.563687257,-799.7989103283038,1,66.840804732931772,16.596280278348488,26546122.365133297,-24287.80144603923,26521834.563687257,50000000,0,26522634.357973132,-160464.79995841364
108272.90963086473,24731.05864404891,6232.9097180143317,922804465.59751701,219887860.68791574,1.0000000000000001e-09,8000000,0,12692.810221182457,0.92280446559751717,26519195.660201993,-3636.9086562322932,1,66.697521808464245,16.60513342258751,26546122.365133371,-26926.704931378365,26519195.660201993,50000000,0,26522832.564233795,-319699.28087375808
108172.94929465557,24781.038812153496,6319.4779085423079,922804465.59751701,219887860.68791574,1.0000000000000001e-09,8000000,0,12692.194973874019,0.92280446559751717,26519415.339398108,-3845.3650417724971,1,66.795947197206502,16.589344035296836,26546122.365133457,-26707.025735348463,26519415.339398108,50000000,0,26523260.699815445,-341332.02542458859
108072.9889584464,24831.018980258083,6406.046099070285,922804465.59751701,219887860.68791574,1.0000000000000001e-09,8000000,0,12692.405205809288,0.92280446559751717,26521537.38186181,-1451.8881281032782,1,66.759901938697496,16.645283586797966,26546122.365133282,-24584.983271472156,26521537.38186181,50000000,0,26522989.26536553,-225817.56179480391
107973.02862223721,24880.999148362669,6492.6142895982621,922804465.59751701,219887860.68791574,1.0000000000000001e-09,8000000,0,12692.503781720625,0.92280446559751717,26519844.753580559,-3910.871736005382,1,66.575297109934212,16.681140814848924,26546122.365133371,-26277.611552812159,26519844.753580559,50000000,0,26523755.62069213,-354203.77622939821
107873.06828602804,24930.979316467256,6579.1824801262383,922804465.59751701,219887860.68791574,1.0000000000000001e-09,8000000,0,12692.24579720542,0.92280446559751717,26519037.408208139,-4176.5272286050404,1,66.622881444338333,16.662316036681332,26546122.365133416,-27084.956925276667,26519037.408208139,50000000,0,26523213.930812314,-435343.33648853662
107773.10794981888,24980.959484571838,6665.7506706542154,922804465.59751701,219887860.68791574,1.0000000000000001e-09,8000000,0,12692.825669554455,0.92280446559751717,26519090.317059599,-5512.6343630022911,1,66.633246680178956,16.705051251531014,26546122.36513333,-27032.048073731363,26519090.317059599,50000000,0,26524602.946798109,-480475.60168100975
107673.1476136097,25030.939652676425,6752.3188611821915,922804465.59751701,219887860.68791574,1.0000000000000001e-09,8000000,0,12691.801324357695,0.92280446559751717,26520857.016653411,-2607.6100598992521,1,66.467683369022637,16.742448322354416,26546122.36513339,-25265.34847997874,26520857.016653411,50000000,0,26523464.622088887,-413659.73602394428
107573.18727740052,25080.919820781011,6838.8870517101686,922804465.59751701,219887860.68791574,1.0000000000000001e-09,8000000,0,12692.897986338137,0.92280446559751717,26516667.536051095,-8854.6844400192676,1,66.484999547062941,16.726061242405144,26546122.365133431,-29454.829082336277,26516667.536051095,50000000,0,26525522.215866666,-731779.10619432735
107473.22694119134,25130.899988885598,6925.4552422381457,922804465.59751701,219887860.68791574,1.0000000000000001e-09,8000000,0,12692.236775987049,0.92280446559751717,26518193.913678523,-5943.8762716888405,1,66.520892707091448,16.747258064437627,26546122.365133282,-27928.451454758644,26518193.913678523,50000000,0,26524137.785325792,-692677.12391837826
107373.26660498219,25180.880156990184,7012.0234327661228,922804465.59751701,219887860.68791574,1.0000000000000001e-09,8000000,0,12692.33357382788,0.92280446559751717,26517864.886220712,-8907.7969292171092,1,66.405508251372979,16.778478107256962,26546122.365133371,-28257.478912658989,26517864.886220712,50000000,0,26526772.678525459,-804882.83987558982
107273.30626877301,25230.860325094771,7098.5916232940999,922804465.59751701,219887860.68791574,1.0000000000000001e-09,8000000,0,12692.379790698409,0.92280446559751717,26518377.576979566,-6783.2390302802351,1,66.406629761270352,16.759341954170537,26546122.365133367,-27744.788153801113,26518377.576979566,50000000,0,26525160.811385427,-820217.65357295668
107173.34593256385,25280.840493199357,7185.1598138220761,922804465.59751701,219887860.68791574,1.0000000000000001e-09,8000000,0,12692.656644721843,0.92280446559751717,26515507.660119396,-13145.285509933496,1,66.464616152183368,16.765505125955162,26546122.365133379,-30614.705013982952,26515507.660119396,50000000,0,26528652.941004872,-1079876.5234515478
107073.38559635467,25330.820661303944,7271.7280043500532,922804465.59751701,219887860.68791574,1.0000000000000001e-09,8000000,0,12692.135534871888,0.92280446559751717,26521149.985616032,-5517.1344175260965,1,66.387508359394431,16.782139761655799,26546122.365133498,-24972.37951746583,26521149.985616032,50000000,0,26526667.115409113,-685884.46779862035
106973.42526014549,25380.80082940853,7358.2961948780303,922804465.59751701,219887860.68791574,1.0000000000000001e-09,8000000,0,12692.869748477548,0.92280446559751717,26524384.422952782,-5912.7328425061014,1,66.402787047526886,16.746296256591592,26546122.365133356,-21737.94218057394,26524384.422952782,50000000,0,26530297.151170827,-339578.95472470549
106873.46492393632,25430.780997513117,7444.8643854060056,922804465.59751701,219887860.68791574,1.0000000000000001e-09,8000000,0,12696.550895174454,0.92280446559751717,26535839.185852624,8696.3889646098232,1,66.510487256968645,16.735536946694168,26546122.365134869,-10283.179282244295,26535839.185852624,50000000,0,26527142.792263556,742314.81865409808
106773.50458772713,25480.761165617703,7531.4325759339827,922804465.59751701,219887860.68791574,1.0000000000000001e-09,8000000,0,12705.574794157848,0.92280446559751717,26543937.654476877,15710.886835955227,1,66.436298379985672,16.755977199536119,26546122.365141843,-2184.7106649652123,26543937.654476877,50000000,0,26528226.7630165,1610113.598763874
106673.54425151797,25530.74133372229,7618.0007664619607,922804465.59751701,219887860.68791574,1.0000000000000001e-09,8000000,0,12701.394786033545,0.92280446559751717,26547755.825801753,25113.527506337381,1,66.451086955683891,16.706835797991342,26546122.365130804,1633.4606709480286,26547755.825801753,50000000,0,26522642.293670982,2107268.6562003144
106573.5839153088,25580.721501826876,7704.5689569899378,922804465.59751701,219887860.68791574,1.0000000000000001e-09,8000000,0,12698.77133617272,0.92280446559751717,26535170.683804639,10486.497660199406,1,66.623472194737275,16.669588585789942,26546122.365135256,-10951.681330617517,26535170.683804639,50000000,0,26524684.181520019,1235282.335717319
106473.62357909963,25630.701669931463,7791.1371475179139,922804465.59751701,219887860.68791574,1.0000000000000001e-09,8000000,0,12694.249073586911,0.92280446559751717,26527996.067181278,7022.840994163691,1,66.600155115629278,16.692301236156151,26546122.365134031,-18126.29795275256,26527996.067181278,50000000,0,26520973.221562687,580486.23505547282
106373.66324289044,25680.681838036049,7877.705338045891,922804465.59751701,219887860.68791574,1.0000000000000001e-09,8000000,0,12693.121862589958,0.92280446559751717,26521141.366183676,-3716.7832842135363,1,66.542689924197163,16.659523391511296,26546122.365133051,-24980.998949375004,26521141.366183676,50000000,0,26524858.144843433,-138902.91175373274
106273.70290668128,25730.662006140632,7964.2735285738672,922804465.59751701,219887860.68791574,1.0000000000000001e-09,8000000,0,12692.289976654367,0.92280446559751717,26521512.541585844,-528.55843220374732,1,66.734372828543428,16.59818276172642,26546122.365133464,-24609.823547620326,26521512.541585844,50000000,0,26522041.095393639,-275808.60014719982
106173.74257047211,25780.642174245218,8050.8417191018452,922804465.59751701,219887860.68791574,1.0000000000000001e-09,8000000,0,12692.738785408945,0.92280446559751717,26515860.015195824,-10761.16278332464,1,66.780495429886216,16.612971161347605,26546122.365133245,-30262.349937420338,26515860.015195824,50000000,0,26526621.173354685,-800491.31155336672
106073.78223426295,25830.622342349805,8137.4099096298205,922804465.59751701,219887860.68791574,1.0000000000000001e-09,8000000,0,12692.14853477151,0.92280446559751717,26519079.559696089,-4399.1179731510638,1,66.685695452074242,16.605824856791251,26546122.365133494,-27042.805437404662,26519079.559696089,50000000,0,26523478.673044775,-627174.23573637567
105973.82189805378,25880.602510454391,8223.9781001577976,922804465.59751701,219887860.68791574,1.0000000000000001e-09,8000000,0,12692.772101321441,0.92280446559751717,26518604.639559649,-9336.549594868904,1,66.810993783530805,16.545519057921034,26546122.365133345,-27517.725573696196,26518604.639559649,50000000,0,26527941.184530113,-769866.8276044837
105873.86156184459,25930.582678558978,8310.5462906857738,922804465.59751701,219887860.68791574,1.0000000000000001e-09,8000000,0,12691.757473798678,0.92280446559751717,26520334.489165973,-4413.985914850934,1,66.917434176284871,16.556037356321948,26546122.365133166,-25787.875967193395,26520334.489165973,50000000,0,26524748.470456354,-640320.68146727409
105773.90122563542,25980.562846663564,8397.1144812137518,922804465.59751701,219887860.68791574,1.0000000000000001e-09,8000000,0,12693.198897934284,0.92280446559751717,26517170.228387315,-11504.565144347691,1,66.776436269246858,16.571187965478739,26546122.36513317,-28952.136745855212,26517170.228387315,50000000,0,26528674.788907219,-905368.91344874853
105673.94088942626,26030.543014768151,8483.682671741728,922804465.59751701,219887860.68791574,1.0000000000000001e-09,8000000,0,12691.677045524586,0.92280446559751717,26521685.092161704,-3865.5609192720021,1,66.859980596459692,16.531349402128349,26546122.36513355,-24437.272971846163,26521685.092161704,50000000,0,26525550.648456559,-593775.87959422823
105573.98055321709,26080.523182872737,8570.250862269706,922804465.59751701,219887860.68791574,1.0000000000000001e-09,8000000,0,12692.875603978147,0.92280446559751717,26520494.460165624,-8751.8711600495026,1,66.926331284809478,16.543266797404495,26546122.365133189,-25627.904967565089,26520494.460165624,50000000,0,26529246.326701153,-724674.67860351282
105474.0202170079,26130.503350977324,8656.8190527976822,922804465.59751701,219887860.68791574,1.0000000000000001e-09,8000000,0,12692.117320011101,0.92280446559751717,26521559.782795928,-4536.0515979918418,1,66.817423477828427,16.572069359335014,26546122.365133423,-24562.58233749494,26521559.782795928,50000000,0,26526095.829769544,-617351.55067544081
105374.05988079873,26180.48351908191,8743.3872433256583,922804465.59751701,219887860.68791574,1.0000000000000001e-09,8000000,0,12692.758710565895,0.92280446559751717,26519323.492581781,-10226.829666414784,1,66.81708724605673,16.556685407048676,26546122.365133233,-26798.872551452368,26519323.492581781,50000000,0,26529550.317623638,-807582.42942479765
105274.09954458955,26230.463687186497,8829.9554338536364,922804465.59751701,219887860.68791574,1.0000000000000001e-09,8000000,0,12692.150597038204,0.92280446559751717,26523745.050313123,-2964.5847853737823,1,66.865545895472309,16.57736538100211,26546122.365133315,-22377.314820192754,26523745.050313123,50000000,0,26526709.630474117,-516341.62602329405
105174.13920838039,26280.443855291083,8916.5236243816125,922804465.59751701,219887860.68791574,1.0000000000000001e-09,8000000,0,12692.504663524845,0.92280446559751717,26520760.450434368,-8975.5302533223112,1,66.741278945908562,16.618395384744215,26546122.365133379,-25361.914699010551,26520760.450434368,50000000,0,26529735.976063192,-739623.92509184778
105074.17887217121,26330.42402339567,9003.0918149095905,922804465.59751701,219887860.68791574,1.0000000000000001e-09,8000000,0,12692.300001839967,0.92280446559751717,26521767.765060131,-5502.3694803448971,1,66.706509427152426,16.60876108419599,26546122.365133427,-24354.600073296577,26521767.765060131,50000000,0,26527270.129916109,-671292.79576999671
104974.21853596205,26380.404191500253,9089.6600054375649,922804465.59751701,219887860.68791574,1.0000000000000001e-09,8000000,0,12692.764606092929,0.92280446559751717,26520665.694116268,-9337.8442157149111,1,66.770151890400129,16.632498418533597,26546122.3651333,-25456.671017032117,26520665.694116268,50000000,0,26530003.533707526,-775643.0455585334
104874.25819975288,26430.384359604843,9176.2281959655429,922804465.59751701,219887860.68791574,1.0000000000000001e-09,8000000,0,12691.775059105334,0.92280446559751717,26524232.822267476,-3653.4636782302427,1,66.612116857252175,16.684086686877855,26546122.365133323,-21889.542865846306,26524232.822267476,50000000,0,26527886.28132125,-562424.684921309
104774.2978635437,26480.364527709426,9262.7963864935209,922804465.59751701,219887860.68791574,1.0000000000000001e-09,8000000,0,12693.036399331306,0.92280446559751717,26520230.422960732,-9814.6251200976603,1,66.576267994537005,16.676627755978345,26546122.36513358,-25891.942172847688,26520230.422960732,50000000,0,26530045.043456435,-823556.35818324215
104674.33752733452,26530.344695814012,9349.3645770214971,922804465.59751701,219887860.68791574,1.0000000000000001e-09,8000000,0,12692.020658461824,0.92280446559751717,26521953.039956499,-6546.9196053508285,1,66.628814674407053,16.692632473389182,26546122.365133353,-24169.325176853687,26521953.039956499,50000000,0,26528499.954937391,-725579.16364119865
104574.37719112536,26580.324863918599,9435.9327675494733,922804465.59751701,219887860.68791574,1.0000000000000001e-09,8000000,0,12692.601200723842,0.92280446559751717,26522615.523093954,-7529.7183398762991,1,66.516566779097545,16.744725240975946,26546122.36513333,-23506.842039376497,26522615.523093954,50000000,0,26530145.236809433,-709286.03944559849
104474.41685491618,26630.305032023185,9522.5009580774495,922804465.59751701,219887860.68791574,1.0000000000000001e-09,8000000,0,12692.288662516014,0.92280446559751717,26523007.439532951,-5921.2499716534485,1,66.426046641694825,16.746657152795994,26546122.365133397,-23114.925600446761,26523007.439532951,50000000,0,26528928.684880134,-685229.26247076027
104374.45651870701,26680.285200127772,9609.0691486054275,922804465.59751701,219887860.68791574,1.0000000000000001e-09,8000000,0,12692.435580867685,0.92280446559751717,26520450.214075934,-9901.7355774625667,1,66.506365845342501,16.736519370603613,26546122.365133267,-25672.151057332754,26520450.214075934,50000000,0,26530351.945028983,-878100.77656211366
104274.49618249782,26730.265368232358,9695.6373391334037,922804465.59751701,219887860.68791574,1.0000000000000001e-09,8000000,0,12692.611023541545,0.92280446559751717,26522409.263876691,-7194.5176823177453,1,66.454231739329515,16.775356419688908,26546122.365133416,-23713.101256724447,26522409.263876691,50000000,0,26529603.776934549,-769364.23830390454
104174.53584628867,26780.245536336944,9782.2055296613817,922804465.59751701,219887860.68791574,1.0000000000000001e-09,8000000,0,12692.058721401523,0.92280446559751717,26522872.462970491,-7483.4477763059122,1,66.368803321686102,16.773756918746585,26546122.365133315,-23249.902162823826,26522872.462970491,50000000,0,26530355.906122416,-772152.89896045509
104074.57551007949,26830.225704441531,9868.7737201893578,922804465.59751701,219887860.68791574,1.0000000000000001e-09,8000000,0,12692.613625836862,0.92280446559751717,26521017.77081202,-9228.3933580236589,1,66.453363647922103,16.751432084140884,26546122.365133468,-25104.594321448356,26521017.77081202,50000000,0,26530246.159545559,-901356.53241549281
103974.61517387032,26880.205872546117,9955.3419107173358,922804465.59751701,219887860.68791574,1.0000000000000001e-09,8000000,0,12692.591983641767,0.92280446559751717,26520766.423466537,-9705.0340519065703,1,66.448477466657494,16.774164060066937,26546122.365133364,-25355.941666826606,26520766.423466537,50000000,0,26530471.452894043,-938127.22568945959
103874.65483766116,26930.186040650704,10041.91010124531,922804465.59751701,219887860.68791574,1.0000000000000001e-09,8000000,0,12692.050907782195,0.92280446559751717,26522513.032396786,-8265.907266616945,1,66.372695226886421,16.768970479861402,26546122.365133416,-23609.332736629993,26522513.032396786,50000000,0,26530778.935038913,-857910.83294679411
103774.69450145197,26980.16620875529,10128.478291773286,922804465.59751701,219887860.68791574,1.0000000000000001e-09,8000000,0,12692.617599035659,0.92280446559751717,26521732.018123265,-8735.5664408036773,1,66.475507090660159,16.725928271954551,26546122.365133308,-24390.347010042518,26521732.018123265,50000000,0,26530467.579939615,-917678.68634388898
103674.7341652428,27030.146376859877,10215.046482301266,922804465.59751701,219887860.68791574,1.0000000000000001e-09,8000000,0,12692.424973029065,0.92280446559751717,26519523.911556486,-11859.833385555892,1,66.527300209222645,16.73866396156091,26546122.365133435,-26598.453576948494,26519523.911556486,50000000,0,26531383.740317628,-1080770.9329277056
103574.77382903364,27080.12654496446,10301.614672829241,922804465.59751701,219887860.68791574,1.0000000000000001e-09,8000000,0,12692.30456188553,0.92280446559751717,26521644.511872582,-8701.8760569053757,1,66.437640586888804,16.734790281134778,26546122.365133312,-24477.853260729462,26521644.511872582,50000000,0,26530346.383304995,-953547.98473228374
103474.81349282447,27130.106713069046,10388.182863357219,922804465.59751701,219887860.68791574,1.0000000000000001e-09,8000000,0,12692.569924719015,0.92280446559751717,26521115.390178274,-10570.679535222389,1,66.544417013105189,16.677291890412548,26546122.365133461,-25006.974955186248,26521115.390178274,50000000,0,26531686.065089073,-1017982.991018928
103374.85315661528,27180.086881173633,10474.751053885195,922804465.59751701,219887860.68791574,1.0000000000000001e-09,8000000,0,12692.161899461285,0.92280446559751717,26520203.082607098,-10129.894839075927,1,66.661121005124201,16.661697515143466,26546122.365133252,-25919.282526154071,26520203.082607098,50000000,0,26530332.972821675,-1078082.7910383847
103274.89282040611,27230.067049278223,10561.319244413173,922804465.59751701,219887860.68791574,1.0000000000000001e-09,8000000,0,12693.302316314426,0.92280446559751717,26518272.391227443,-13595.393693035512,1,66.601021263540076,16.671087404433603,26546122.365133431,-27849.973905988038,26518272.391227443,50000000,0,26531867.780296054,-1206086.1287036387
103174.93248419694,27280.047217382806,10647.887434941149,922804465.59751701,219887860.68791574,1.0000000000000001e-09,8000000,0,12692.050042912926,0.92280446559751717,26521928.387568668,-7908.1692393757212,1,66.635924080751508,16.61829124359102,26546122.365133349,-24193.977564681321,26521928.387568668,50000000,0,26529836.552183561,-980011.28013781772
103074.97214798778,27330.027385487392,10734.455625469127,922804465.59751701,219887860.68791574,1.0000000000000001e-09,8000000,0,12692.680980827319,0.92280446559751717,26518167.527641464,-13623.128588390377,1,66.801207253052112,16.593316732148608,26546122.365133215,-27954.837491750717,26518167.527641464,50000000,0,26531790.651605416,-1193002.9428387727
102975.01181177859,27380.007553591979,10821.023815997103,922804465.59751701,219887860.68791574,1.0000000000000001e-09,8000000,0,12692.433328055889,0.92280446559751717,26519878.373765353,-9132.6676512822687,1,66.737496337595488,16.605056572968042,26546122.365133565,-26243.991368211806,26519878.373765353,50000000,0,26529011.036792215,-1008965.1038075308
102875.05147556942,27429.987721696565,10907.592006525079,922804465.59751701,219887860.68791574,1.0000000000000001e-09,8000000,0,12692.20055929608,0.92280446559751717,26520918.766981132,-10443.857361496224,1,66.764035100495107,16.568342644583034,26546122.365132693,-25203.598151560873,26520918.766981132,50000000,0,26531362.61971812,-828567.15850528469
102775.09113936024,27479.967889801152,10994.160197053056,922804465.59751701,219887860.68791574,1.0000000000000001e-09,8000000,0,12694.54791281719,0.92280446559751717,26529835.675876372,1228.5697133699628,1,66.874015028342598,16.547505481441977,26546122.365134135,-16286.689257763326,26529835.675876372,50000000,0,26528607.101538599,-80705.320200721078
102675.13080315106,27529.948057905738,11080.728387581034,922804465.59751701,219887860.68791574,1.0000000000000001e-09,8000000,0,12696.814594500609,0.92280446559751717,26532772.938377235,614.75716879734432,1,66.824640712616343,16.564640573589742,26546122.365129292,-13349.426752056926,26532772.938377235,50000000,0,26532158.176583968,259349.4241254614
102575.1704669419,27579.928226010325,11167.296578109012,922804465.59751701,219887860.68791574,1.0000000000000001e-09,8000000,0,12701.729534096863,0.92280446559751717,26542378.76497139,11949.473473293425,1,66.826269892044294,16.540734408509248,26546122.365135081,-3743.6001636907458,26542378.76497139,50000000,0,26530429.286873687,879996.85280424461
102475.21013073274,27629.908394114911,11253.864768636986,922804465.59751701,219887860.68791574,1.0000000000000001e-09,8000000,0,12702.244134213779,0.92280446559751717,26540135.726575892,4309.0518297834369,1,66.918747315294965,16.536582501181893,26546122.365129709,-5986.6385538168252,26540135.726575892,50000000,0,26535826.670121662,445671.2763911981
102375.24979452357,27679.888562219498,11340.432959164964,922804465.59751701,219887860.68791574,1.0000000000000001e-09,8000000,0,12693.044460609113,0.92280446559751717,26531700.608332623,-2439.3275463645055,1,66.84409067965143,16.574231266229393,26546122.365136173,-14421.756803549826,26531700.608332623,50000000,0,26534139.931254558,-382188.02902643679
102275.28945831439,27729.868730324084,11427.00114969294,922804465.59751701,219887860.68791574,1.0000000000000001e-09,8000000,0,12693.127622225989,0.92280446559751717,26520271.147149455,-17520.594695492146,1,66.774879414591098,16.563379780133147,26546122.365134206,-25851.217984750867,26520271.147149455,50000000,0,26537791.737220526,-1427404.5743055956
102175.32912210521,27779.848898428671,11513.569340220918,922804465.59751701,219887860.68791574,1.0000000000000001e-09,8000000,0,12691.802263284822,0.92280446559751717,26521024.189059362,-13103.545305106149,1,66.887611328293247,16.561657310597983,26546122.365132533,-25098.176073171198,26521024.189059362,50000000,0,26534127.729740061,-1474140.6775930941
102075.36878589605,27829.829066533253,11600.137530748894,922804465.59751701,219887860.68791574,1.0000000000000001e-09,8000000,0,12692.749251628315,0.92280446559751717,26518873.257136252,-18565.507214697202,1,66.775627996617956,16.617654418571416,26546122.36513355,-27249.107997298241,26518873.257136252,50000000,0,26537438.75972648,-1682896.1644401716
101975.40844968687,27879.80923463784,11686.70572127687,922804465.59751701,219887860.68791574,1.0000000000000001e-09,8000000,0,12692.142292208478,0.92280446559751717,26519677.211319845,-13609.401694694978,1,66.674314695118923,16.62401135014229,26546122.365133312,-26445.15381346643,26519677.211319845,50000000,0,26533286.608390123,-1552594.9452180744
101875.4481134777,27929.789402742426,11773.273911804848,922804465.59751701,219887860.68791574,1.0000000000000001e-09,8000000,0,12692.792282174591,0.92280446559751717,26516675.826157674,-20252.767140434029,1,66.746888780798812,16.617320962123429,26546122.36513342,-29446.53897574544,26516675.826157674,50000000,0,26536928.588673711,-1765651.6419827519
101775.48777726851,27979.769570847013,11859.842102332825,922804465.59751701,219887860.68791574,1.0000000000000001e-09,8000000,0,12692.069522167614,0.92280446559751717,26521732.312844135,-11289.40088135348,1,66.692517503630924,16.677892561683048,26546122.365133345,-24390.05228921026,26521732.312844135,50000000,0,26533021.709101006,-1381661.0006299154
101675.52744105934,28029.749738951599,11946.410292860803,922804465.59751701,219887860.68791574,1.0000000000000001e-09,8000000,0,12692.684382998632,0.92280446559751717,26519066.635461472,-17519.941546590475,1,66.51543674614976,16.705182022633444,26546122.365133438,-27055.729671966285,26519066.635461472,50000000,0,26536586.572383627,-1568902.343975239
101575.56710485018,28079.729907056186,12032.978483388779,922804465.59751701,219887860.68791574,1.0000000000000001e-09,8000000,0,12692.057274338154,0.92280446559751717,26520266.806875754,-12886.562083556384,1,66.586156943286639,16.682534890108681,26546122.365133435,-25855.558257680386,26520266.806875754,50000000,0,26533153.364334814,-1450852.1493682845
101475.60676864101,28129.710075160772,12119.546673916755,922804465.59751701,219887860.68791574,1.0000000000000001e-09,8000000,0,12693.046758194001,0.92280446559751717,26518742.134503953,-17989.573732553137,1,66.59231136822207,16.723294042272808,26546122.365133293,-27380.230629339814,26518742.134503953,50000000,0,26536731.703612063,-1580969.9695974765
101375.64643243182,28179.690243265359,12206.114864444731,922804465.59751701,219887860.68791574,1.0000000000000001e-09,8000000,0,12691.546657586003,0.92280446559751717,26523357.368000302,-10047.192390476734,1,66.432847118737783,16.763336870470233,26546122.365133587,-22764.997133284807,26523357.368000302,50000000,0,26533404.555766355,-1272793.1984981606
101275.68609622266,28229.670411369945,12292.683054972707,922804465.59751701,219887860.68791574,1.0000000000000001e-09,8000000,0,12693.166396364015,0.92280446559751717,26518689.101611532,-18163.726803152858,1,66.43904197598988,16.742303922111489,26546122.36513355,-27433.263522017747,26518689.101611532,50000000,0,26536852.823790263,-1584882.405187658
101175.72576001349,28279.650579474532,12379.251245500685,922804465.59751701,219887860.68791574,1.0000000000000001e-09,8000000,0,12691.931008455309,0.92280446559751717,26521310.876567196,-12523.803653550107,1,66.498941943068942,16.75629874877189,26546122.3651333,-24811.488566104323,26521310.876567196,50000000,0,26533834.675596274,-1407243.6308127942
101075.76542380433,28329.630747579118,12465.819436028663,922804465.59751701,219887860.68791574,1.0000000000000001e-09,8000000,0,12692.716373668914,0.92280446559751717,26520846.922859021,-16132.518780270357,1,66.391975567974853,16.785096305524199,26546122.365133334,-25275.44227431342,26520846.922859021,50000000,0,26536979.437014826,-1470301.5083428072
100975.80508759516,28379.610915683705,12552.38762655664,922804465.59751701,219887860.68791574,1.0000000000000001e-09,8000000,0,12692.139159492501,0.92280446559751717,26522894.563478649,-11282.575726481145,1,66.389282085444634,16.763436108706088,26546122.365133498,-23227.801654849201,26522894.563478649,50000000,0,26534177.134580687,-1326847.9904467224
100875.84475138597,28429.591083788291,12638.955817084616,922804465.59751701,219887860.68791574,1.0000000000000001e-09,8000000,0,12692.648646746136,0.92280446559751717,26518963.786389161,-18314.861256518205,1,66.470796722857102,16.757314897792256,26546122.365133349,-27158.578744187951,26518963.786389161,50000000,0,26537278.643021233,-1615869.0171787199
100775.8844151768,28479.571251892874,12725.524007612592,922804465.59751701,219887860.68791574,1.0000000000000001e-09,8000000,0,12692.362127355649,0.92280446559751717,26522249.300243143,-12491.909445733507,1,66.409117383909589,16.77431374690596,26546122.365133397,-23873.064890254289,26522249.300243143,50000000,0,26534741.205064394,-1402667.5885159769
100675.92407896763,28529.551419997464,12812.09219814057,922804465.59751701,219887860.68791574,1.0000000000000001e-09,8000000,0,12692.376818326122,0.92280446559751717,26521496.599373527,-15868.488834563406,1,66.419558502224575,16.738727410210402,26546122.365133442,-24625.765759915113,26521496.599373527,50000000,0,26537365.083583664,-1496508.5140817687
100575.96374275847,28579.531588102047,12898.660388668546,922804465.59751701,219887860.68791574,1.0000000000000001e-09,8000000,0,12692.2310492505,0.92280446559751717,26521481.518425338,-13919.055943870386,1,66.540244507739502,16.715743840302615,26546122.365133353,-24640.846708014607,26521481.518425338,50000000,0,26535400.569744769,-1497808.8471536918
100476.00340654928,28629.511756206633,12985.228579196524,922804465.59751701,219887860.68791574,1.0000000000000001e-09,8000000,0,12692.914242314662,0.92280446559751717,26519231.271820143,-18306.882137073189,1,66.507083825225706,16.729306669766469,26546122.365133435,-26891.093313291669,26519231.271820143,50000000,0,26537538.149332818,-1664964.9546666725
100376.04307034011,28679.49192431122,13071.7967697245,922804465.59751701,219887860.68791574,1.0000000000000001e-09,8000000,0,12691.791928003971,0.92280446559751717,26523087.190344818,-12837.366208927153,1,66.498427040948783,16.691868391564906,26546122.365133386,-23035.174788568169,26523087.190344818,50000000,0,26535924.551929288,-1440626.4488770433
100276.08273413093,28729.472092415806,13158.364960252477,922804465.59751701,219887860.68791574,1.0000000000000001e-09,8000000,0,12692.829571806176,0.92280446559751717,26520851.12999646,-16816.592164016958,1,66.654641645066988,16.651459693853678,26546122.365133397,-25271.23513693735,26520851.12999646,50000000,0,26537667.717536036,-1601702.2252975502
100176.12239792178,28779.452260520393,13244.933150780453,922804465.59751701,219887860.68791574,1.0000000000000001e-09,8000000,0,12692.23929412743,0.92280446559751717,26520588.221106675,-16005.724336491649,1,66.645201163991914,16.665667282998079,26546122.365133408,-25534.144026733935,26520588.221106675,50000000,0,26536593.940818701,-1625646.3852574655
100076.16206171259,28829.432428624979,13331.501341308431,922804465.59751701,219887860.68791574,1.0000000000000001e-09,8000000,0,12692.520728037396,0.92280446559751717,26520919.666126721,-16736.255184574755,1,66.615217003590573,16.631174284949829,26546122.365133364,-25202.699006643146,26520919.666126721,50000000,0,26537655.916686885,-1624208.2908946176
99976.20172550343,28879.412596729566,13418.069531836409,922804465.59751701,219887860.68791574,1.0000000000000001e-09,8000000,0,12692.390197706292,0.92280446559751717,26522578.625075359,-14585.436925573003,1,66.775767042503446,16.582947178137562,26546122.365133412,-23543.740058053285,26522578.625075359,50000000,0,26537164.057376463,-1545261.4796377011
99876.241389294257,28929.392764834152,13504.637722364383,922804465.59751701,219887860.68791574,1.0000000000000001e-09,8000000,0,12692.212277295923,0.92280446559751717,26520226.518658847,-17666.592149354921,1,66.805718064782951,16.596625951646942,26546122.365133442,-25895.846474595368,26520226.518658847,50000000,0,26537893.106183775,-1718354.68731366
99776.281053085084,28979.372932938739,13591.205912892361,922804465.59751701,219887860.68791574,1.0000000000000001e-09,8000000,0,12692.757495826241,0.92280446559751717,26519882.026163567,-17850.362102190687,1,66.722634907553086,16.579021287028404,26546122.365133218,-26240.33896965161,26519882.026163567,50000000,0,26537732.383641373,-1743805.9366426633
99676.320716875896,29029.353101043325,13677.774103420337,922804465.59751701,219887860.68791574,1.0000000000000001e-09,8000000,0,12692.212019236946,0.92280446559751717,26522341.443800919,-15656.950847304961,1,66.884061532207284,16.526345408908234,26546122.365133498,-23780.921332579106,26522341.443800919,50000000,0,26537998.390023775,-1636197.5466456157
99576.360380666723,29079.333269147912,13764.342293948317,922804465.59751701,219887860.68791574,1.0000000000000001e-09,8000000,0,12692.353378875518,0.92280446559751717,26520748.900767229,-17732.628856732888,1,66.919935063976482,16.558015432797927,26546122.365133312,-25373.464366082102,26520748.900767229,50000000,0,26538481.524999484,-1737496.4234862612
99476.400044457565,29129.313437252498,13850.910484476291,922804465.59751701,219887860.68791574,1.0000000000000001e-09,8000000,0,12692.641628907482,0.92280446559751717,26520325.800412681,-17639.666741021138,1,66.767849685718957,16.562603387827714,26546122.36513342,-25796.564720738679,26520325.800412681,50000000,0,26537965.462529235,-1791467.6845629087
99376.439708248392,29179.293605357081,13937.478675004268,922804465.59751701,219887860.68791574,1.0000000000000001e-09,8000000,0,12692.258123501917,0.92280446559751717,26519750.32827127,-19325.94274723823,1,66.901008366120337,16.51991980351832,26546122.365133345,-26372.036862075329,26519750.32827127,50000000,0,26539076.266394034,-1834559.7640502986
99276.479372039204,29229.273773461671,14024.046865532246,922804465.59751701,219887860.68791574,1.0000000000000001e-09,8000000,0,12692.330518783592,0.92280446559751717,26522950.817424472,-15101.520193580503,1,66.932937458851157,16.553235486674616,26546122.365133401,-23171.547708928585,26522950.817424472,50000000,0,26538052.332993604,-1666195.2214818532
99176.519035830031,29279.253941566254,14110.61505606022,922804465.59751701,219887860.68791574,1.0000000000000001e-09,8000000,0,12692.602369360515,0.92280446559751717,26519368.067340009,-20306.7908258893,1,66.767589094041014,16.592630268196277,26546122.36513323,-26754.297793220729,26519368.067340009,50000000,0,26539674.853541434,-1895269.7781415861
99076.558699620859,29329.234109670844,14197.1832465882,922804465.59751701,219887860.68791574,1.0000000000000001e-09,8000000,0,12692.210124612886,0.92280446559751717,26520698.248088114,-17444.810606288698,1,66.786091779524199,16.556701755525324,26546122.36513336,-25424.117045246065,26520698.248088114,50000000,0,26538143.054069985,-1838657.5109036306
98976.5983634117,29379.214277775427,14283.751437116174,922804465.59751701,219887860.68791574,1.0000000000000001e-09,8000000,0,12692.845390763952,0.92280446559751717,26520020.191531077,-20332.776511824875,1,66.895284379524611,16.583738468213038,26546122.365133211,-26102.173602133989,26520020.191531077,50000000,0,26540352.963418409,-1912329.8327801609
98876.638027202542,29429.194445880014,14370.319627644152,922804465.59751701,219887860.68791574,1.0000000000000001e-09,8000000,0,12691.743826678807,0.92280446559751717,26522400.641520057,-15879.075753101029,1,66.684962892569317,16.647836273753743,26546122.36513339,-23721.723613332957,26522400.641520057,50000000,0,26538279.712648794,-1777172.3564178636
98776.677690993354,29479.1746139846,14456.887818172128,922804465.59751701,219887860.68791574,1.0000000000000001e-09,8000000,0,12693.05336135084,0.92280446559751717,26517955.684602279,-22890.862499056107,1,66.645841823568645,16.629453110402824,26546122.365133233,-28166.680530954152,26517955.684602279,50000000,0,26540846.542476904,-2083208.055171605
98676.717354784181,29529.154782089186,14543.456008700106,922804465.59751701,219887860.68791574,1.0000000000000001e-09,8000000,0,12692.031505802281,0.92280446559751717,26520901.413585689,-17635.877655822031,1,66.749767766078989,16.642744116249876,26546122.365133457,-25220.951547767967,26520901.413585689,50000000,0,26538537.286617134,-1907850.250538276
98576.757018575008,29579.134950193773,14630.024199228083,922804465.59751701,219887860.68791574,1.0000000000000001e-09,8000000,0,12692.492170308951,0.92280446559751717,26520380.637039453,-21030.004765542664,1,66.592342550150292,16.710049862259339,26546122.365133341,-25741.728093888611,26520380.637039453,50000000,0,26541410.637180567,-1986053.1879320715
98476.79668236585,29629.115118298359,14716.592389756061,922804465.59751701,219887860.68791574,1.0000000000000001e-09,8000000,0,12692.286649194493,0.92280446559751717,26521089.839467268,-17480.887853133634,1,66.492434202210575,16.711099009416568,26546122.365133446,-25032.525666177273,26521089.839467268,50000000,0,26538570.722695958,-1918881.6033485413
98376.836346156662,29679.095286402946,14803.160580284039,922804465.59751701,219887860.68791574,1.0000000000000001e-09,8000000,0,12692.699382446257,0.92280446559751717,26517736.283735387,-24242.713750530616,1,66.576932778982084,16.70788616442918,26546122.365133427,-28386.081398040056,26517736.283735387,50000000,0,26541978.992861498,-2184157.6606247514
98276.876009947489,29729.075454507529,14889.728770812011,922804465.59751701,219887860.68791574,1.0000000000000001e-09,8000000,0,12692.092080731798,0.92280446559751717,26522148.277782623,-16640.482611215175,1,66.503386076241298,16.755523524384461,26546122.365133345,-23974.087350722402,26522148.277782623,50000000,0,26538788.755769387,-1895725.7516937193
98176.915673738316,29779.055622612119,14976.296961339989,922804465.59751701,219887860.68791574,1.0000000000000001e-09,8000000,0,12692.740048186457,0.92280446559751717,26519373.633007262,-22919.773881460806,1,66.395248551382736,16.764690378128584,26546122.365133412,-26748.73212615028,26519373.633007262,50000000,0,26542293.402264245,-2118890.7229825701
98076.955337529129,29829.035790716702,15062.865151867965,922804465.59751701,219887860.68791574,1.0000000000000001e-09,8000000,0,12691.961700885906,0.92280446559751717,26520154.616868533,-18986.729510222871,1,66.464487810041916,16.747069561013241,26546122.365133405,-25967.748264871538,26520154.616868533,50000000,0,26539141.341754343,-2064955.0190510845
97976.99500131997,29879.015958821292,15149.433342395945,922804465.59751701,219887860.68791574,1.0000000000000001e-09,8000000,0,12693.141298910319,0.92280446559751717,26517794.119256318,-25005.500382095979,1,66.453281560160661,16.774901410178394,26546122.365133513,-28328.24587719515,26517794.119256318,50000000,0,26542799.61501395,-2264014.1665114826
97877.034665110798,29928.996126925878,15236.001532923921,922804465.59751701,219887860.68791574,1.0000000000000001e-09,8000000,0,12691.500418444359,0.92280446559751717,26522446.382783439,-16950.593167181203,1,66.369332568341534,16.774255141026707,26546122.365133569,-23675.982350129634,26522446.382783439,50000000,0,26539396.971326157,-1975740.2629265743
97777.074328901625,29978.976295030461,15322.569723451898,922804465.59751701,219887860.68791574,1.0000000000000001e-09,8000000,0,12693.11361325607,0.92280446559751717,26517483.993517946,-25710.58449603575,1,66.455465470387168,16.747916266338308,26546122.365133468,-28638.37161552161,26517483.993517946,50000000,0,26543194.57338959,-2324776.078519634
97677.113992692437,30028.956463135051,15409.137913979876,922804465.59751701,219887860.68791574,1.0000000000000001e-09,8000000,0,12691.976142475873,0.92280446559751717,26519928.906575095,-19813.428635822038,1,66.460002718893733,16.766713877228455,26546122.365133367,-26193.45855827257,26519928.906575095,50000000,0,26539742.3305864,-2160359.3979549608
97577.153656483279,30078.936631239634,15495.706104507852,922804465.59751701,219887860.68791574,1.0000000000000001e-09,8000000,0,12692.706143084042,0.92280446559751717,26518841.372893959,-24629.761304047544,1,66.392241456454286,16.757192074512911,26546122.365133364,-27280.99223940447,26518841.372893959,50000000,0,26543471.129573602,-2276184.5171510042
97477.19332027412,30128.916799344221,15582.274295035828,922804465.59751701,219887860.68791574,1.0000000000000001e-09,8000000,0,12692.085791227708,0.92280446559751717,26521571.217959154,-18425.125605842713,1,66.502776008509286,16.708696154399519,26546122.365133528,-24551.147174373269,26521571.217959154,50000000,0,26539996.338940538,-2092692.6194386824
97377.232984064947,30178.896967448807,15668.842485563804,922804465.59751701,219887860.68791574,1.0000000000000001e-09,8000000,0,12692.772319742151,0.92280446559751717,26516703.933350138,-27210.081099214556,1,66.573324610081698,16.714489264636239,26546122.365133233,-29418.431783095002,26516703.933350138,50000000,0,26543914.009824898,-2451992.6427618628
97277.272647855774,30228.877135553394,15755.410676091782,922804465.59751701,219887860.68791574,1.0000000000000001e-09,8000000,0,12692.210766547018,0.92280446559751717,26520461.606018674,-19902.926763450305,1,66.481914152579435,16.713406425105337,26546122.365133509,-25660.759114835411,26520461.606018674,50000000,0,26540364.528157733,-2198539.0908950474
97177.312311646587,30278.85730365798,15841.978866619758,922804465.59751701,219887860.68791574,1.0000000000000001e-09,8000000,0,12692.634256010833,0.92280446559751717,26518946.644613229,-25162.543368050428,1,66.587987961708265,16.644681810333655,26546122.365133405,-27175.720520175993,26518946.644613229,50000000,0,26544109.183356754,-2361246.0740648331
97077.351975437414,30328.837471762567,15928.547057147734,922804465.59751701,219887860.68791574,1.0000000000000001e-09,8000000,0,12691.912781134428,0.92280446559751717,26519751.211122096,-21212.615486663977,1,66.745437361550401,16.631130388167453,26546122.365133181,-26371.154011085629,26519751.211122096,50000000,0,26540963.821984351,-2304415.3198253377
96977.391639228255,30378.817639867153,16015.115247675714,922804465.59751701,219887860.68791574,1.0000000000000001e-09,8000000,0,12693.137452332769,0.92280446559751717,26516077.165971182,-28245.073108190169,1,66.64211999466248,16.650799945757633,26546122.365133468,-30045.199162285775,26516077.165971182,50000000,0,26544322.234454963,-2570981.1061740331
96877.431303019082,30428.79780797174,16101.68343820369,922804465.59751701,219887860.68791574,1.0000000000000001e-09,8000000,0,12691.645049230427,0.92280446559751717,26521157.781773869,-20171.990649183062,1,66.677734608397145,16.588624811668403,26546122.365133256,-24964.583359386772,26521157.781773869,50000000,0,26541329.76779861,-2261715.525593563
96777.470966809895,30478.777976076326,16188.251628731665,922804465.59751701,219887860.68791574,1.0000000000000001e-09,8000000,0,12692.934642168337,0.92280446559751717,26517687.095357846,-26909.393024098234,1,66.882390909647555,16.560211928660699,26546122.365133304,-28435.26977545768,26517687.095357846,50000000,0,26544596.483757511,-2510623.4283622098
96677.510630600722,30528.758144180909,16274.819819259641,922804465.59751701,219887860.68791574,1.0000000000000001e-09,8000000,0,12692.117298478503,0.92280446559751717,26519071.553426687,-22719.111447372368,1,66.787422097731863,16.592951459814348,26546122.365133408,-27050.811706721783,26519071.553426687,50000000,0,26541790.660249658,-2424173.3379089343
96577.550294391549,30578.738312285499,16361.388009787619,922804465.59751701,219887860.68791574,1.0000000000000001e-09,8000000,0,12692.710008290354,0.92280446559751717,26516867.235670976,-27794.76585308673,1,66.766251146626487,16.556221788549276,26546122.365133349,-29255.129462372512,26516867.235670976,50000000,0,26544661.996899609,-2586106.8183344775
96477.589958182391,30628.718480390082,16447.956200315595,922804465.59751701,219887860.68791574,1.0000000000000001e-09,8000000,0,12692.198824858066,0.92280446559751717,26520986.72246008,-21344.083927025786,1,66.921881479384965,16.520960020123045,26546122.365133263,-25135.642673183233,26520986.72246008,50000000,0,26542330.801762663,-2352861.2279752474
96377.629621973203,30678.698648494668,16534.524390843573,922804465.59751701,219887860.68791574,1.0000000000000001e-09,8000000,0,12692.429930882165,0.92280446559751717,26516698.105282016,-28103.612897480049,1,66.907496394671995,16.559957152698306,26546122.365133595,-29424.259851578623,26516698.105282016,50000000,0,26544801.713555072,-2644254.6504807365
96277.669285764045,30728.678816599255,16621.092581371548,922804465.59751701,219887860.68791574,1.0000000000000001e-09,8000000,0,12692.478443030501,0.92280446559751717,26518063.391971633,-24836.266836220224,1,66.772892301710939,16.558074876983621,26546122.365133245,-28058.973161611706,26518063.391971633,50000000,0,26542899.654183388,-2579427.1620498803
96177.708949554857,30778.658984703845,16707.660771899529,922804465.59751701,219887860.68791574,1.0000000000000001e-09,8000000,0,12692.52536250471,0.92280446559751717,26517424.548919585,-27517.882929341326,1,66.913124218661125,16.530839064961924,26546122.365133479,-28697.816213894635,26517424.548919585,50000000,0,26544942.427224502,-2651084.9466125914
96077.748613345699,30828.639152808428,16794.228962427504,922804465.59751701,219887860.68791574,1.0000000000000001e-09,8000000,0,12691.982569074451,0.92280446559751717,26519481.920023415,-24108.677147117272,1,66.871376560211289,16.579944439778949,26546122.365133267,-26640.445109851658,26519481.920023415,50000000,0,26543590.592546113,-2546450.1148311985
95977.788277136511,30878.619320913014,16880.797152955478,922804465.59751701,219887860.68791574,1.0000000000000001e-09,8000000,0,12692.933048835994,0.92280446559751717,26515995.455766428,-28913.003574018356,1,66.731733385691925,16.592684016978069,26546122.365133606,-30126.909367177635,26515995.455766428,50000000,0,26544908.454716004,-2775693.7970185201
95877.827940927353,30928.599489017601,16967.365343483456,922804465.59751701,219887860.68791574,1.0000000000000001e-09,8000000,0,12692.056553396529,0.92280446559751717,26517256.728399903,-26912.970985578137,1,66.811874748987648,16.583774681558772,26546122.365133259,-28865.636733356863,26517256.728399903,50000000,0,26544169.694761038,-2719458.4052147507
95777.86760471818,30978.579657122187,17053.933534011434,922804465.59751701,219887860.68791574,1.0000000000000001e-09,8000000,0,12692.532304431092,0.92280446559751717,26518417.460317958,-26628.921026573749,1,66.766909189570498,16.630733890192602,26546122.365133498,-27704.904815539718,26518417.460317958,50000000,0,26545046.376720082,-2677279.7344834697
95677.907268509007,31028.559825226774,17140.501724539412,922804465.59751701,219887860.68791574,1.0000000000000001e-09,8000000,0,12692.415784629757,0.92280446559751717,26517390.398429234,-27240.549854325935,1,66.627557033943475,16.65969399863361,26546122.36513333,-28731.966704096645,26517390.398429234,50000000,0,26544630.943659145,-2744608.1575551378
95577.946932299819,31078.53999333136,17227.06991506739,922804465.59751701,219887860.68791574,1.0000000000000001e-09,8000000,0,12692.41712105702,0.92280446559751717,26515951.097096536,-29218.926179801252,1,66.656261360960087,16.649224595870074,26546122.365133416,-30171.268036879599,26515951.097096536,50000000,0,26545170.018651884,-2874009.2880130508
95477.986596090661,31128.520161435947,17313.638105595364,922804465.59751701,219887860.68791574,1.0000000000000001e-09,8000000,0,12692.665062540085,0.92280446559751717,26516988.655456044,-28383.645150372264,1,66.653647061223268,16.692626968310424,26546122.365133446,-29133.70967740193,26516988.655456044,50000000,0,26545372.295981936,-2836783.6248114645
95378.026259881488,31178.500329540533,17400.206296123342,922804465.59751701,219887860.68791574,1.0000000000000001e-09,8000000,0,12691.957002120413,0.92280446559751717,26517728.54164486,-27463.484034010788,1,66.497619726757193,16.726260173505942,26546122.36513333,-28393.823488470167,26517728.54164486,50000000,0,26545192.021054402,-2826503.0383164166
95278.065923672315,31228.48049764512,17486.774486651317,922804465.59751701,219887860.68791574,1.0000000000000001e-09,8000000,0,12692.756011747308,0.92280446559751717,26514558.039334644,-31474.406991990178,1,66.517192685606972,16.712046045381726,26546122.365133561,-31564.325798917562,26514558.039334644,50000000,0,26546032.441702157,-3051784.4393930268
95178.105587463157,31278.460665749706,17573.342677179295,922804465.59751701,219887860.68791574,1.0000000000000001e-09,8000000,0,12692.381828204332,0.92280446559751717,26515580.618276481,-29848.760843718439,1,66.543849580061845,16.738492182542327,26546122.365133118,-30541.746856637299,26515580.618276481,50000000,0,26545429.374495719,-3024774.1437888029
95078.145251253969,31328.440833854289,17659.910867707273,922804465.59751701,219887860.68791574,1.0000000000000001e-09,8000000,0,12692.196062428609,0.92280446559751717,26516123.159907222,-30619.302357859964,1,66.416915255028883,16.77361348672547,26546122.365133494,-29999.205226272345,26516123.159907222,50000000,0,26546742.457640652,-3039730.5942226565
94978.184915044796,31378.421001958875,17746.479058235247,922804465.59751701,219887860.68791574,1.0000000000000001e-09,8000000,0,12692.534889211243,0.92280446559751717,26515460.532441989,-30194.312913685764,1,66.414006169403265,16.75484353623153,26546122.365133233,-30661.832691244781,26515460.532441989,50000000,0,26545654.840731204,-3104546.5177891394
94878.224578835638,31428.401170063462,17833.047248763225,922804465.59751701,219887860.68791574,1.0000000000000001e-09,8000000,0,12692.496183162333,0.92280446559751717,26512747.031061701,-34952.572932621573,1,66.47387959306451,16.763745143370162,26546122.365133341,-33375.334071639925,26512747.031061701,50000000,0,26547699.599369913,-3340504.2460754057
94778.264242626465,31478.381338168052,17919.615439291203,922804465.59751701,219887860.68791574,1.0000000000000001e-09,8000000,0,12692.23614741806,0.92280446559751717,26515649.582827609,-30492.597481050023,1,66.386616079452253,16.78547815184395,26546122.365133379,-30472.782305769622,26515649.582827609,50000000,0,26546142.175684206,-3192457.0247459952
94678.303906417277,31528.361506272639,18006.183629819181,922804465.59751701,219887860.68791574,1.0000000000000001e-09,8000000,0,12692.656826181175,0.92280446559751717,26514008.921336442,-34685.972749293949,1,66.392933419434542,16.75690562612661,26546122.365133315,-32113.443796873093,26514008.921336442,50000000,0,26548694.889461312,-3369036.0668737842
94578.343570208104,31578.341674377221,18092.751820347155,922804465.59751701,219887860.68791574,1.0000000000000001e-09,8000000,0,12691.971955436908,0.92280446559751717,26514003.871317647,-33078.885272601503,1,66.497498595672226,16.74437800586648,26546122.365133539,-32118.493815891445,26514003.871317647,50000000,0,26547082.751965776,-3396757.5414487198
94478.383233998931,31628.321842481808,18179.32001087513,922804465.59751701,219887860.68791574,1.0000000000000001e-09,8000000,0,12693.221819292468,0.92280446559751717,26513193.41362555,-36780.395327996579,1,66.433457263272061,16.765453079123741,26546122.365133423,-32928.951507873833,26513193.41362555,50000000,0,26549973.804329179,-3464038.2387690116
94378.422897789773,31678.302010586394,18265.888201403111,922804465.59751701,219887860.68791574,1.0000000000000001e-09,8000000,0,12691.143395450852,0.92280446559751717,26519883.539623912,-27837.247010300471,1,66.43080198617379,16.724168308489695,26546122.365133926,-26238.825510013849,26519883.539623912,50000000,0,26547720.782009713,-2925367.0446668807
94278.462561580585,31728.282178690981,18352.456391931086,922804465.59751701,219887860.68791574,1.0000000000000001e-09,8000000,0,12695.34789958128,0.92280446559751717,26522915.335888427,-27473.797208140317,1,66.586525533256165,16.6885725744139,26546122.365135871,-23207.029247444123,26522915.335888427,50000000,0,26550389.128472101,-2535771.7337531447
94178.502225371412,31778.262346795567,18439.024582459064,922804465.59751701,219887860.68791574,1.0000000000000001e-09,8000000,0,12701.211475569587,0.92280446559751717,26531819.036839142,-14430.966407622725,1,66.563693907031535,16.709761355421605,26546122.365130454,-14303.32829131186,26531819.036839142,50000000,0,26546249.998622328,-1728568.7721592688
94078.541889162239,31828.242514900154,18525.592772987042,922804465.59751701,219887860.68791574,1.0000000000000001e-09,8000000,0,12699.009427944495,0.92280446559751717,26529572.621424742,-18521.62195700172,1,66.507965058560572,16.676622594460795,26546122.365135968,-16549.743711225688,26529572.621424742,50000000,0,26548094.238757338,-1787212.2831089534
93978.581552953052,31878.22268300474,18612.160963515016,922804465.59751701,219887860.68791574,1.0000000000000001e-09,8000000,0,12694.348697058858,0.92280446559751717,26525460.750771426,-18843.077522765849,1,66.679402176978584,16.621854444284999,26546122.365133692,-20661.614362265915,26525460.750771426,50000000,0,26544303.823669765,-2094087.4955063285
93878.621216743923,31928.202851109327,18698.729154042994,922804465.59751701,219887860.68791574,1.0000000000000001e-09,8000000,0,12694.244609250711,0.92280446559751717,26515923.638036877,-31811.387452104987,1,66.732044960142304,16.62657732212573,26546122.365133408,-30198.72709653154,26515923.638036877,50000000,0,26547735.020864513,-2916132.0193624026
93778.660880534735,31978.183019213913,18785.297344570969,922804465.59751701,219887860.68791574,1.0000000000000001e-09,8000000,0,12691.814120654379,0.92280446559751717,26515503.180302951,-28874.625275964754,1,66.677731343491814,16.617669281960278,26546122.365133148,-30619.184830196202,26515503.180302951,50000000,0,26544377.80095448,-3039775.8079296192
93678.700544325562,32028.163187318496,18871.865535098947,922804465.59751701,219887860.68791574,1.0000000000000001e-09,8000000,0,12692.908225778423,0.92280446559751717,26513346.35211369,-35237.60149529489,1,66.773551881132164,16.566260160884053,26546122.365133785,-32776.013020094484,26513346.35211369,50000000,0,26548583.948984511,-3344344.9564515394
93578.740208116389,32078.143355423083,18958.433725626925,922804465.59751701,219887860.68791574,1.0000000000000001e-09,8000000,0,12691.666490677404,0.92280446559751717,26514593.5378814,-30880.607113138114,1,66.873452027028392,16.568056174817158,26546122.365132712,-31528.827251311392,26514593.5378814,50000000,0,26545474.140370134,-3269946.5265925499
93478.779871907202,32128.123523527669,19045.001916154899,922804465.59751701,219887860.68791574,1.0000000000000001e-09,8000000,0,12694.423481860642,0.92280446559751717,26512068.752488993,-37487.708146114994,1,66.766020704798478,16.574346636581346,26546122.365133327,-34053.612644333392,26512068.752488993,50000000,0,26549556.456010628,-3504809.8400470894
93378.819535698043,32178.103691632259,19131.570106682881,922804465.59751701,219887860.68791574,1.0000000000000001e-09,8000000,0,12692.782085503886,0.92280446559751717,26516863.317594476,-29580.237409969322,1,66.847536719782696,16.536695156493504,26546122.365133259,-29259.047538783401,26516863.317594476,50000000,0,26546443.55038004,-3208852.8212043494
93278.85919948887,32228.083859736842,19218.138297210855,922804465.59751701,219887860.68791574,1.0000000000000001e-09,8000000,0,12693.240562778576,0.92280446559751717,26513600.958920099,-36896.885354825041,1,66.90745043010341,16.549905654952248,26546122.365133259,-32521.406213160604,26513600.958920099,50000000,0,26550497.839650482,-3500966.853468514
93178.898863279697,32278.064027841428,19304.706487738833,922804465.59751701,219887860.68791574,1.0000000000000001e-09,8000000,0,12692.019213827551,0.92280446559751717,26514243.1126137,-32817.767556122599,1,66.805663169451975,16.566609754609079,26546122.365133412,-31879.252519711852,26514243.1126137,50000000,0,26547060.875545379,-3460831.5643120846
93078.93852707051,32328.044195946015,19391.274678266807,922804465.59751701,219887860.68791574,1.0000000000000001e-09,8000000,0,12692.80963073947,0.92280446559751717,26511237.795998875,-39705.098215248392,1,66.849236740701997,16.545923393492956,26546122.36513317,-34884.569134294987,26511237.795998875,50000000,0,26550942.889589682,-3718807.3673961065
92978.978190861337,32378.024364050601,19477.842868794785,922804465.59751701,219887860.68791574,1.0000000000000001e-09,8000000,0,12692.069900422604,0.92280446559751717,26516118.449058134,-31480.425509357399,1,66.877163117804614,16.568899278844818,26546122.365133282,-30003.916075147688,26516118.449058134,50000000,0,26547598.869943082,-3412717.8969765506
92879.017854652178,32428.004532155188,19564.411059322763,922804465.59751701,219887860.68791574,1.0000000000000001e-09,8000000,0,12692.657160142011,0.92280446559751717,26511949.664960288,-39256.610884177782,1,66.762013227860024,16.603348784683568,26546122.365133561,-34172.700173273683,26511949.664960288,50000000,0,26551206.271219965,-3710732.5787430778
92779.05751844302,32477.984700259774,19650.979249850738,922804465.59751701,219887860.68791574,1.0000000000000001e-09,8000000,0,12692.180380154448,0.92280446559751717,26513844.280975986,-34227.203888962802,1,66.747000981705,16.588785664953623,26546122.365133196,-32278.084157209843,26513844.280975986,50000000,0,26548071.480240561,-3592855.3436012049
92679.097182233818,32527.964868364361,19737.547440378716,922804465.59751701,219887860.68791574,1.0000000000000001e-09,8000000,0,12692.837252350579,0.92280446559751717,26511931.15713466,-39574.984128943128,1,66.810636528985739,16.616657120377898,26546122.365133353,-34191.207998692989,26511931.15713466,50000000,0,26551506.136639159,-3753634.937128488
92579.136846024659,32577.945036468947,19824.11563090669,922804465.59751701,219887860.68791574,1.0000000000000001e-09,8000000,0,12691.675102449411,0.92280446559751717,26515992.400886018,-32606.877767259164,1,66.636554201624563,16.66912364150954,26546122.365133405,-30129.964247386903,26515992.400886018,50000000,0,26548599.274028845,-3506750.6496146796
92479.176509815472,32627.925204573534,19910.683821434672,922804465.59751701,219887860.68791574,1.0000000000000001e-09,8000000,0,12693.137071422379,0.92280446559751717,26510997.837876435,-40574.222416330587,1,66.612949593569198,16.65640352928293,26546122.365133375,-35124.52725693956,26510997.837876435,50000000,0,26551572.055668347,-3837174.8636624576
92379.216173606314,32677.905372678117,19997.252011962646,922804465.59751701,219887860.68791574,1.0000000000000001e-09,8000000,0,12691.912989315468,0.92280446559751717,26513661.815728452,-35474.534039736282,1,66.673846014874215,16.673739397257428,26546122.365133222,-32460.549404770136,26513661.815728452,50000000,0,26549136.345143743,-3679047.2479945412
92279.255837397155,32727.885540782703,20083.82020249062,922804465.59751701,219887860.68791574,1.0000000000000001e-09,8000000,0,12692.69878100618,0.92280446559751717,26513433.109718021,-38263.942558165014,1,66.545604450001335,16.733417571646864,26546122.365133543,-32689.255415521562,26513433.109718021,50000000,0,26551697.047651768,-3726261.5572015718
92179.295501187968,32777.865708887293,20170.388393018598,922804465.59751701,219887860.68791574,1.0000000000000001e-09,8000000,0,12692.199404422385,0.92280446559751717,26514318.874537814,-35167.42665931896,1,66.440812389771793,16.735596893403137,26546122.365133394,-31803.490595579147,26514318.874537814,50000000,0,26549486.296572655,-3661785.5878064446
92079.335164978795,32827.84587699188,20256.956583546573,922804465.59751701,219887860.68791574,1.0000000000000001e-09,8000000,0,12692.586529175713,0.92280446559751717,26510973.625609554,-40927.531088555515,1,66.534454385878419,16.723799848387099,26546122.365133375,-35148.739523820579,26510973.625609554,50000000,0,26551901.152073678,-3918135.329988068
91979.374828769622,32877.826045096466,20343.524774074554,922804465.59751701,219887860.68791574,1.0000000000000001e-09,8000000,0,12692.436141653328,0.92280446559751717,26513828.821800329,-36265.472488285101,1,66.476136986122626,16.768558761643554,26546122.365133464,-32293.543333135545,26513828.821800329,50000000,0,26550094.289664239,-3745935.2474174062
91879.414492560463,32927.806213201053,20430.092964602532,922804465.59751701,219887860.68791574,1.0000000000000001e-09,8000000,0,12692.223636680808,0.92280446559751717,26513081.05308532,-38803.745834998961,1,66.374089812255036,16.773635314149892,26546122.36513336,-33041.31204804033,26513081.05308532,50000000,0,26551884.794295851,-3832785.5425817524
91779.454156351276,32977.786381305639,20516.661155130507,922804465.59751701,219887860.68791574,1.0000000000000001e-09,8000000,0,12692.420253163744,0.92280446559751717,26511996.211775556,-38697.784522086782,1,66.449280853996129,16.751578491357883,26546122.365133345,-34126.15335778892,26511996.211775556,50000000,0,26550693.991673179,-3910114.6933597093
91679.493820142117,33027.766549410218,20603.229345658481,922804465.59751701,219887860.68791574,1.0000000000000001e-09,8000000,0,12692.738979564967,0.92280446559751717,26510938.080763496,-41058.510403645691,1,66.452385691804494,16.774430988879665,26546122.365133394,-35184.284369897097,26510938.080763496,50000000,0,26551996.586542659,-4008839.1497850199
91579.53348393293,33077.746717514812,20689.797536186459,922804465.59751701,219887860.68791574,1.0000000000000001e-09,8000000,0,12691.894006130889,0.92280446559751717,26513509.130834237,-37685.582662486391,1,66.369996380022542,16.775125347238269,26546122.36513336,-32613.234299123287,26513509.130834237,50000000,0,26551194.708872266,-3869177.4091732344
91479.573147723771,33127.726885619391,20776.365726714437,922804465.59751701,219887860.68791574,1.0000000000000001e-09,8000000,0,12692.777326683701,0.92280446559751717,26511499.408471603,-40491.63633371282,1,66.454893277202245,16.737919618590535,26546122.365133312,-34622.956661708653,26511499.408471603,50000000,0,26551991.040180936,-4017353.0262152608
91379.612811514584,33177.707053723978,20862.933917242415,922804465.59751701,219887860.68791574,1.0000000000000001e-09,8000000,0,12692.336203541176,0.92280446559751717,26510311.831305671,-41480.97839596618,1,66.498671385825688,16.74904877619511,26546122.365133408,-35810.533827736974,26510311.831305671,50000000,0,26551792.805077177,-4113215.2064467156
91279.652475305425,33227.687221828564,20949.50210777039,922804465.59751701,219887860.68791574,1.0000000000000001e-09,8000000,0,12692.408854983209,0.92280446559751717,26511477.550223056,-40422.564301931896,1,66.424363388239954,16.744801058393829,26546122.365133271,-34644.814910214394,26511477.550223056,50000000,0,26551900.109900553,-4061976.784190035
91179.692139096253,33277.667389933151,21036.070298298368,922804465.59751701,219887860.68791574,1.0000000000000001e-09,8000000,0,12692.473053037667,0.92280446559751717,26511423.323176321,-40739.018104591036,1,66.517115394324435,16.694651463924483,26546122.365133561,-34699.041957240552,26511423.323176321,50000000,0,26552162.336656462,-4099878.3365936931
91079.73180288708,33327.647558037745,21122.638488826346,922804465.59751701,219887860.68791574,1.0000000000000001e-09,8000000,0,12692.155883182171,0.92280446559751717,26509229.014031924,-42718.386323562656,1,66.618531525211935,16.682396243303526,26546122.365133137,-36893.351101212204,26509229.014031924,50000000,0,26551947.395731073,-4266895.8897157758
90979.771466677892,33377.627726142324,21209.206679354324,922804465.59751701,219887860.68791574,1.0000000000000001e-09,8000000,0,12692.889979464389,0.92280446559751717,26508083.69014781,-44414.243893295425,1,66.561724419732727,16.686504180197947,26546122.365133598,-38038.674985788763,26508083.69014781,50000000,0,26552497.929416642,-4356802.6278191702
90879.811130468719,33427.60789424691,21295.774869882298,922804465.59751701,219887860.68791574,1.0000000000000001e-09,8000000,0,12691.92986531594,0.92280446559751717,26510372.045985945,-41223.069285833648,1,66.616966674478448,16.632300940109243,26546122.365133204,-35750.319147258997,26510372.045985945,50000000,0,26551595.110647373,-4246802.4282719493
90779.850794259561,33477.588062351497,21382.343060410272,922804465.59751701,219887860.68791574,1.0000000000000001e-09,8000000,0,12692.606515817017,0.92280446559751717,26506989.438914578,-45665.848146147073,1,66.76553608786503,16.613474128533198,26546122.365133561,-39132.926218982786,26506989.438914578,50000000,0,26552655.282436263,-4469956.9872753518
90679.890458050388,33527.568230456083,21468.911250938254,922804465.59751701,219887860.68791574,1.0000000000000001e-09,8000000,0,12692.472130779783,0.92280446559751717,26506608.458568763,-44266.337983503741,1,66.694121023368893,16.620807276694382,26546122.365133259,-39513.906564496458,26506608.458568763,50000000,0,26550874.791927911,-4471913.9932535151
90579.9301218412,33577.54839856067,21555.479441466228,922804465.59751701,219887860.68791574,1.0000000000000001e-09,8000000,0,12692.372055786973,0.92280446559751717,26506342.479090031,-45782.439512057485,1,66.74498679884438,16.575055401182933,26546122.365133516,-39779.886043485254,26506342.479090031,50000000,0,26552124.913977612,-4470949.8150282679
90479.969785632027,33627.528566665256,21642.047631994206,922804465.59751701,219887860.68791574,1.0000000000000001e-09,8000000,0,12692.084553825027,0.92280446559751717,26508697.725105282,-40992.877867531977,1,66.872041753447675,16.557475398326165,26546122.365132902,-37424.640027619898,26508697.725105282,50000000,0,26549690.598348379,-4221076.3309075516
90380.009449422854,33677.508734769843,21728.615822522184,922804465.59751701,219887860.68791574,1.0000000000000001e-09,8000000,0,12693.632192893054,0.92280446559751717,26507649.541754112,-43542.412227602988,1,66.804861419811672,16.575145787152106,26546122.365133818,-38472.823379706591,26507649.541754112,50000000,0,26551191.949357271,-4157523.0460381126
90280.049113213696,33727.488902874429,21815.184013050159,922804465.59751701,219887860.68791574,1.0000000000000001e-09,8000000,0,12693.627711251158,0.92280446559751717,26513868.453784075,-34385.197681477388,1,66.806293548874493,16.53953664185671,26546122.36513193,-32253.911347854882,26513868.453784075,50000000,0,26548253.64684112,-3498495.5028876131
90180.088777004537,33777.469070979016,21901.752203578137,922804465.59751701,219887860.68791574,1.0000000000000001e-09,8000000,0,12697.576141191777,0.92280446559751717,26521825.023262922,-28998.760523445941,1,66.919781893584002,16.529834113850317,26546122.365133166,-24297.341870244592,26521825.023262922,50000000,0,26550823.779161941,-2790155.0831131567
90080.12844079535,33827.449239083602,21988.320394106111,922804465.59751701,219887860.68791574,1.0000000000000001e-09,8000000,0,12699.456042613587,0.92280446559751717,26531908.480006337,-16990.437700416845,1,66.857686517481724,16.564585172348114,26546122.365130678,-14213.885124340653,26531908.480006337,50000000,0,26548898.913082328,-1918095.5934558103
89980.168104586177,33877.429407188189,22074.888584634089,922804465.59751701,219887860.68791574,1.0000000000000001e-09,8000000,0,12704.999348221952,0.92280446559751717,26535945.066546887,-18280.538376064884,1,66.796016522633195,16.544458882428376,26546122.365130827,-10177.298583939672,26535945.066546887,50000000,0,26554225.600298539,-1774267.5510094606
89880.207768377004,33927.409575292775,22161.456775162067,922804465.59751701,219887860.68791574,1.0000000000000001e-09,8000000,0,12704.851475212223,0.92280446559751717,26538054.569112528,-16426.09511295678,1,66.936945477221755,16.535602452540445,26546122.365133222,-8067.796020694077,26538054.569112528,50000000,0,26554480.659601066,-1997982.1030351724
89780.247432167846,33977.389743397362,22248.024965690041,922804465.59751701,219887860.68791574,1.0000000000000001e-09,8000000,0,12697.416372348514,0.92280446559751717,26524266.048203461,-36045.124830180932,1,66.804491559331652,16.602866229645358,26546122.365126826,-21856.316923364997,26524266.048203461,50000000,0,26560311.168409146,-3407611.5378686166
89680.287095958658,34027.369911501948,22334.593156218023,922804465.59751701,219887860.68791574,1.0000000000000001e-09,8000000,0,12692.568423521472,0.92280446559751717,26513040.051858861,-43849.050621172079,1,66.684598593867562,16.607899713746551,26546122.365135312,-33082.313276451081,26513040.051858861,50000000,0,26556889.09785559,-4442442.9065459231
89580.326759749485,34077.350079606535,22421.161346745997,922804465.59751701,219887860.68791574,1.0000000000000001e-09,8000000,0,12692.65386606983,0.92280446559751717,26504558.866801925,-55391.361774847486,1,66.798685204381954,16.592668227034419,26546122.36513285,-41563.49833092466,26504558.866801925,50000000,0,26559950.223952319,-5223736.061264528
89480.366423540312,34127.330247711121,22507.729537273972,922804465.59751701,219887860.68791574,1.0000000000000001e-09,8000000,0,12692.09901857469,0.92280446559751717,26507534.260928847,-47938.359092183113,1,66.742625111950247,16.656399078610995,26546122.365133531,-38588.104204684496,26507534.260928847,50000000,0,26555472.615396667,-5025295.8216492282
89380.406087331125,34177.310415815708,22594.29772780195,922804465.59751701,219887860.68791574,1.0000000000000001e-09,8000000,0,12692.768967489177,0.92280446559751717,26503927.500093803,-54433.93853766426,1,66.550396016202626,16.691005615481295,26546122.365133394,-42194.865039590746,26503927.500093803,50000000,0,26558361.434006955,-5238452.8090532748
89280.445751121966,34227.290583920294,22680.865918329928,922804465.59751701,219887860.68791574,1.0000000000000001e-09,8000000,0,12692.01847963902,0.92280446559751717,26505349.191462066,-48970.818251884775,1,66.60692692169188,16.667263188345466,26546122.365133308,-40773.17367124185,26505349.191462066,50000000,0,26554320.00508954,-5065092.0019300198
89180.485414912793,34277.27075202488,22767.434108857906,922804465.59751701,219887860.68791574,1.0000000000000001e-09,8000000,0,12693.057888141084,0.92280446559751717,26503953.828185383,-53682.425567744154,1,66.631699394877202,16.70674686187105,26546122.365133427,-42168.536948043853,26503953.828185383,50000000,0,26557636.24912871,-5141475.9739795802
89080.525078703635,34327.250920129467,22854.00229938588,922804465.59751701,219887860.68791574,1.0000000000000001e-09,8000000,0,12691.517164960815,0.92280446559751717,26508990.226234172,-44791.198465862188,1,66.45908703309351,16.75174624361113,26546122.365133438,-37132.13889926672,26508990.226234172,50000000,0,26553781.420075592,-4762893.1595228864
88980.564742494433,34377.231088234053,22940.570489913858,922804465.59751701,219887860.68791574,1.0000000000000001e-09,8000000,0,12693.185271453904,0.92280446559751717,26504226.075986404,-53084.155797261941,1,66.457287911278527,16.732462499122068,26546122.365133617,-41896.289147213101,26504226.075986404,50000000,0,26557310.227159221,-5048913.8584959414
88880.604406285274,34427.21125633864,23027.138680441836,922804465.59751701,219887860.68791574,1.0000000000000001e-09,8000000,0,12691.887793065313,0.92280446559751717,26507692.144013904,-46063.395781895946,1,66.521144689752447,16.747168931911315,26546122.365133304,-38430.221119400114,26507692.144013904,50000000,0,26553755.535171341,-4791532.7000102168
88780.644070076116,34477.191424443219,23113.706870969811,922804465.59751701,219887860.68791574,1.0000000000000001e-09,8000000,0,12692.78760481533,0.92280446559751717,26507131.828355342,-50104.841095095995,1,66.40541321769237,16.781239822109377,26546122.365133457,-38990.536778114736,26507131.828355342,50000000,0,26557236.664825954,-4841518.8710370809
88680.683733866943,34527.171592547806,23200.275061497789,922804465.59751701,219887860.68791574,1.0000000000000001e-09,8000000,0,12692.094297715696,0.92280446559751717,26509541.821309064,-44266.974970156829,1,66.3932650259393,16.764219894028116,26546122.36513339,-36580.543824326247,26509541.821309064,50000000,0,26553808.791654766,-4652791.3641046546
88580.72339765777,34577.151760652392,23286.843252025763,922804465.59751701,219887860.68791574,1.0000000000000001e-09,8000000,0,12692.752670979407,0.92280446559751717,26505351.428272661,-52071.674904472537,1,66.46451573108331,16.760835594797747,26546122.365133516,-40770.936860855669,26505351.428272661,50000000,0,26557423.098552715,-4953335.2793633584
88480.763061448582,34627.131928756979,23373.411442553741,922804465.59751701,219887860.68791574,1.0000000000000001e-09,8000000,0,12692.228699715753,0.92280446559751717,26509386.706107046,-44765.985373719894,1,66.40172913792,16.779750892749856,26546122.365133107,-36735.659026060253,26509386.706107046,50000000,0,26554152.686856251,-4677604.2304524612
88380.802725239409,34677.112096861565,23459.979633081719,922804465.59751701,219887860.68791574,1.0000000000000001e-09,8000000,0,12692.497761083285,0.92280446559751717,26507838.147753853,-49601.488018193544,1,66.404510665761563,16.747878173812264,26546122.365133625,-38284.217379771173,26507838.147753853,50000000,0,26557439.631147675,-4819694.3878323669
88280.842389030251,34727.092264966152,23546.547823609697,922804465.59751701,219887860.68791574,1.0000000000000001e-09,8000000,0,12692.085254285852,0.92280446559751717,26508396.779044028,-46260.771460742464,1,66.520226721862514,16.728346364918178,26546122.365133226,-37725.586089197546,26508396.779044028,50000000,0,26554657.545880307,-4776421.8788074842
88180.882052821078,34777.072433070738,23633.116014137675,922804465.59751701,219887860.68791574,1.0000000000000001e-09,8000000,0,12693.0254684219,0.92280446559751717,26505655.112073388,-51913.39152107291,1,66.475605988461439,16.745504166199968,26546122.365133479,-40467.253060091287,26505655.112073388,50000000,0,26557568.498969983,-4975565.3339313744
88080.921716611891,34827.052601175325,23719.684204665649,922804465.59751701,219887860.68791574,1.0000000000000001e-09,8000000,0,12691.679296646458,0.92280446559751717,26510201.072873212,-44831.434043262714,1,66.463213811342172,16.704504971676954,26546122.36513358,-35921.292260367423,26510201.072873212,50000000,0,26555032.5022921,-4695403.1308374042
87980.961380402732,34877.032769279911,23806.252395193624,922804465.59751701,219887860.68791574,1.0000000000000001e-09,8000000,0,12692.9568688783,0.92280446559751717,26506973.542842168,-50671.721909055726,1,66.638631351295885,16.662707635261761,26546122.365133435,-39148.822291266173,26506973.542842168,50000000,0,26557645.260126784,-4925579.8899171501
87881.001044193545,34927.012937384497,23892.820585721605,922804465.59751701,219887860.68791574,1.0000000000000001e-09,8000000,0,12692.132377610626,0.92280446559751717,26507535.206995539,-48011.331551431016,1,66.615855908598988,16.685321408041922,26546122.365133222,-38587.158137682825,26507535.206995539,50000000,0,26555546.533922575,-4882780.4634695575
87781.040707984386,34976.993105489084,23979.38877624958,922804465.59751701,219887860.68791574,1.0000000000000001e-09,8000000,0,12692.630129521296,0.92280446559751717,26507239.036388665,-50351.827859225254,1,66.566040960750044,16.649664151211681,26546122.36513333,-38883.328744664788,26507239.036388665,50000000,0,26557590.859623406,-4927797.5345682949
87681.080371775199,35026.97327359367,24065.956966777558,922804465.59751701,219887860.68791574,1.0000000000000001e-09,8000000,0,12692.253378431637,0.92280446559751717,26509429.687573083,-46546.956962034637,1,66.753387816260201,16.591215613987529,26546122.365133293,-36692.677560210228,26509429.687573083,50000000,0,26555976.63991065,-4803914.6821795888
87581.12003556604,35076.953441698257,24152.525157305532,922804465.59751701,219887860.68791574,1.0000000000000001e-09,8000000,0,12692.362610032349,0.92280446559751717,26506051.564013105,-51738.619347861313,1,66.794889682141573,16.607107627088684,26546122.365133572,-40070.801120467484,26506051.564013105,50000000,0,26557790.178736515,-5053445.3022652837
87481.159699356867,35126.933609802843,24239.09334783351,922804465.59751701,219887860.68791574,1.0000000000000001e-09,8000000,0,12692.606700563361,0.92280446559751717,26506738.604067478,-49695.549039513047,1,66.69256978062198,16.600152220964272,26546122.365133189,-39383.761065710336,26506738.604067478,50000000,0,26556434.148482509,-4998544.0426789159
87381.199363147694,35176.91377790743,24325.661538361488,922804465.59751701,219887860.68791574,1.0000000000000001e-09,8000000,0,12692.298225036979,0.92280446559751717,26508083.977346189,-49697.818405911123,1,66.831318009820237,16.531619298982857,26546122.365133509,-38038.38778731972,26508083.977346189,50000000,0,26557781.791127671,-4973436.1177061507
87281.239026938521,35226.893946012016,24412.229728889462,922804465.59751701,219887860.68791574,1.0000000000000001e-09,8000000,0,12692.220399894826,0.92280446559751717,26507036.526145231,-50032.1062146033,1,66.949965346208316,16.550536270775698,26546122.365133274,-39085.838988043368,26507036.526145231,50000000,0,26557068.627735432,-5030494.3637686139
87181.278690729348,35276.874114116603,24498.79791941744,922804465.59751701,219887860.68791574,1.0000000000000001e-09,8000000,0,12692.791979725009,0.92280446559751717,26505713.784025859,-51917.421802449593,1,66.765548220577244,16.572448893436132,26546122.36513361,-40408.581107750535,26505713.784025859,50000000,0,26557631.201203845,-5148223.4925348749
87081.318354520175,35326.854282221189,24585.366109945415,922804465.59751701,219887860.68791574,1.0000000000000001e-09,8000000,0,12692.110086052404,0.92280446559751717,26506059.598456781,-51523.476136678713,1,66.864052583252786,16.521143895349223,26546122.365133021,-40062.766676239669,26506059.598456781,50000000,0,26557583.069969073,-5123150.7260099081
86981.358018311003,35376.834450325776,24671.934300473393,922804465.59751701,219887860.68791574,1.0000000000000001e-09,8000000,0,12692.487794268936,0.92280446559751717,26508103.711767077,-49493.152170000234,1,66.964519163462001,16.537177919477561,26546122.365133531,-38018.653366453946,26508103.711767077,50000000,0,26557596.859312624,-5042683.7550828988
86881.39768210183,35426.814618430362,24758.502491001371,922804465.59751701,219887860.68791574,1.0000000000000001e-09,8000000,0,12692.467563174248,0.92280446559751717,26505040.898265384,-53042.415045857313,1,66.79965581089894,16.584180746921682,26546122.365133345,-41081.466867960989,26505040.898265384,50000000,0,26558083.30868686,-5225613.5420302954
86781.437345892657,35476.794786534949,24845.070681529349,922804465.59751701,219887860.68791574,1.0000000000000001e-09,8000000,0,12692.317803797549,0.92280446559751717,26505466.701686364,-52093.101464627245,1,66.788720275465181,16.555960545083298,26546122.365133218,-40655.6634468548,26505466.701686364,50000000,0,26557559.798526462,-5238533.3967506494
86681.477009683469,35526.774954639535,24931.638872057327,922804465.59751701,219887860.68791574,1.0000000000000001e-09,8000000,0,12692.704837779134,0.92280446559751717,26505537.356114082,-53131.125432388682,1,66.896580810732274,16.570169828229233,26546122.365133524,-40585.009019441903,26505537.356114082,50000000,0,26558668.476922065,-5264561.4011002313
86581.516673474325,35576.755122744114,25018.207062585298,922804465.59751701,219887860.68791574,1.0000000000000001e-09,8000000,0,12691.885900361076,0.92280446559751717,26506394.656587034,-51165.404538192459,1,66.739355117441391,16.628176986102709,26546122.365133308,-39727.70854627341,26506394.656587034,50000000,0,26557560.056500778,-5235216.6897109821
86481.556337265152,35626.735290848708,25104.775253113279,922804465.59751701,219887860.68791574,1.0000000000000001e-09,8000000,0,12692.924005150493,0.92280446559751717,26502591.211572509,-56535.290411875314,1,66.671514035857527,16.619939239980081,26546122.365133397,-43531.153560888022,26502591.211572509,50000000,0,26559126.49735995,-5506299.3363232482
86381.596001055965,35676.715458953295,25191.343443641254,922804465.59751701,219887860.68791574,1.0000000000000001e-09,8000000,0,12692.155558163106,0.92280446559751717,26504369.76737513,-53322.609251673595,1,66.761685181503267,16.6282322259406,26546122.3651333,-41752.597758170217,26504369.76737513,50000000,0,26557692.372002367,-5428142.0875247112
86281.635664846806,35726.695627057881,25277.911634169232,922804465.59751701,219887860.68791574,1.0000000000000001e-09,8000000,0,12692.371614301888,0.92280446559751717,26503904.970271423,-55846.0894357422,1,66.636827274701673,16.688690031714255,26546122.36513342,-42217.394861996174,26503904.970271423,50000000,0,26559751.055082783,-5519950.5637449222
86181.675328637619,35776.675795162468,25364.47982469721,922804465.59751701,219887860.68791574,1.0000000000000001e-09,8000000,0,12692.430533267456,0.92280446559751717,26503098.616090346,-54640.81463464284,1,66.533156159753133,16.694229418561402,26546122.365133338,-43023.749042991549,26503098.616090346,50000000,0,26557739.426100541,-5581064.694190396
86081.71499242846,35826.655963267047,25451.048015225184,922804465.59751701,219887860.68791574,1.0000000000000001e-09,8000000,0,12692.575996389061,0.92280446559751717,26499800.727373887,-60718.032555852762,1,66.601522863822566,16.695965257296162,26546122.365133356,-46321.63775946945,26499800.727373887,50000000,0,26560518.755305286,-5881695.4559859987
85981.754656219273,35876.636131371641,25537.616205753166,922804465.59751701,219887860.68791574,1.0000000000000001e-09,8000000,0,12692.146974312856,0.92280446559751717,26502754.443765666,-55438.287818594174,1,66.527358354305747,16.744431969760704,26546122.365133468,-43367.921367801726,26502754.443765666,50000000,0,26558192.726959828,-5743631.4872025633
85881.7943200101,35926.616299476227,25624.18439628114,922804465.59751701,219887860.68791574,1.0000000000000001e-09,8000000,0,12692.702541977902,0.92280446559751717,26499190.173633687,-62213.068008708171,1,66.414973778323585,16.755455874925605,26546122.365133245,-46932.191499557346,26499190.173633687,50000000,0,26561403.237017941,-6081545.8306600703
85781.833983800927,35976.596467580806,25710.752586809114,922804465.59751701,219887860.68791574,1.0000000000000001e-09,8000000,0,12692.007640790083,0.92280446559751717,26498340.726522397,-60958.288387884691,1,66.483071283336997,16.740837991458239,26546122.365133472,-47781.638611074537,26498340.726522397,50000000,0,26559299.010285813,-6232594.179733308
85681.873647591754,36026.576635685393,25797.320777337092,922804465.59751701,219887860.68791574,1.0000000000000001e-09,8000000,0,12693.106302947426,0.92280446559751717,26495310.231232896,-67947.114251275139,1,66.461304350969883,16.772560572846338,26546122.365133431,-50812.133900534362,26495310.231232896,50000000,0,26563257.34085976,-6590516.7097431533
85581.913311382581,36076.556803789979,25883.88896786507,922804465.59751701,219887860.68791574,1.0000000000000001e-09,8000000,0,12691.536758371338,0.92280446559751717,26498483.601850308,-62850.870921133923,1,66.371552709146272,16.775426722977773,26546122.365133651,-47638.763283342123,26498483.601850308,50000000,0,26561334.468146995,-6528600.3975630635
85481.952975173408,36126.536971894566,25970.457158393048,922804465.59751701,219887860.68791574,1.0000000000000001e-09,8000000,0,12693.109476394633,0.92280446559751717,26493697.507920131,-72573.022193711804,1,66.447176582053373,16.75183173012983,26546122.365133807,-52424.857213675976,26493697.507920131,50000000,0,26566270.525489375,-6981689.4317185469
85381.99263896425,36176.517139999152,26057.025348921023,922804465.59751701,219887860.68791574,1.0000000000000001e-09,8000000,0,12691.851739087933,0.92280446559751717,26498781.452734653,-65966.925235961564,1,66.454128020665877,16.771371958085247,26546122.365132503,-47340.912397850305,26498781.452734653,50000000,0,26564748.373346198,-6649495.2313410556
85282.032302755062,36226.497308103739,26143.593539449001,922804465.59751701,219887860.68791574,1.0000000000000001e-09,8000000,0,12693.454759045633,0.92280446559751717,26507227.030423794,-62606.069632755847,1,66.378223979625588,16.768126749624141,26546122.365136039,-38895.33471224457,26507227.030423794,50000000,0,26569833.095432129,-5891177.7975384127
85182.071966545904,36276.477476208325,26230.161729976979,922804465.59751701,219887860.68791574,1.0000000000000001e-09,8000000,0,12702.109548615241,0.92280446559751717,26528843.456462473,-37520.126982693502,1,66.46850138865446,16.725400498232908,26546122.365137398,-17278.908674925566,26528843.456462473,50000000,0,26566363.578820672,-3972975.6475388329
85082.111630336731,36326.457644312912,26316.729920504953,922804465.59751701,219887860.68791574,1.0000000000000001e-09,8000000,0,12711.871185491491,0.92280446559751717,26540042.270573229,-25666.501931280389,1,66.52789200276959,16.722421335401418,26546122.365128353,-6080.0945551246405,26540042.270573229,50000000,0,26565708.767880026,-2559506.3681813171
84982.151294127558,36376.437812417498,26403.298111032931,922804465.59751701,219887860.68791574,1.0000000000000001e-09,8000000,0,12706.905818950472,0.92280446559751717,26543365.153552871,-13420.840473801329,1,66.470662819268441,16.720832770815466,26546122.365134999,-2757.2115821279585,26543365.153552871,50000000,0,26556785.989402283,-1724559.043270383
84882.190957918385,36426.417980522085,26489.866301560905,922804465.59751701,219887860.68791574,1.0000000000000001e-09,8000000,0,12704.448766448662,0.92280446559751717,26532882.746479392,-24117.269002787365,1,66.544013025430516,16.669143583181626,26546122.365132906,-13239.618653513491,26532882.746479392,50000000,0,26557000.010857675,-2309306.0342198177
84782.230621709212,36476.398148626671,26576.434492088883,922804465.59751701,219887860.68791574,1.0000000000000001e-09,8000000,0,12700.931974845895,0.92280446559751717,26523448.037993409,-28798.032721887161,1,66.683655409391889,16.646329937712107,26546122.365132563,-22674.327139154077,26523448.037993409,50000000,0,26552246.0660909,-3114130.4034617054
84682.270285500039,36526.378316731258,26663.002682616861,922804465.59751701,219887860.68791574,1.0000000000000001e-09,8000000,0,12698.595716285738,0.92280446559751717,26508426.423559327,-47563.522775767611,1,66.628825878666007,16.66389492128728,26546122.365135763,-37695.941576436162,26508426.423559327,50000000,0,26555989.94171064,-4457639.8869418371
84582.309949290866,36576.358484835844,26749.570873144839,922804465.59751701,219887860.68791574,1.0000000000000001e-09,8000000,0,12693.020810120239,0.92280446559751717,26504865.123442747,-48557.474666983922,1,66.632188975012824,16.611623515673269,26546122.36513292,-41257.241690173745,26504865.123442747,50000000,0,26553422.593485236,-5066612.3050070833
84482.349613081693,36626.338652940431,26836.139063672817,922804465.59751701,219887860.68791574,1.0000000000000001e-09,8000000,0,12693.540821835904,0.92280446559751717,26495851.961676162,-62518.147623903424,1,66.828390569557953,16.576311979982709,26546122.365133461,-50270.403457298875,26495851.961676162,50000000,0,26558370.104675677,-5979993.4358471408
84382.389276872505,36676.318821045017,26922.707254200788,922804465.59751701,219887860.68791574,1.0000000000000001e-09,8000000,0,12692.146535314636,0.92280446559751717,26496105.49605849,-60048.807111851944,1,66.772275965657101,16.600419032641796,26546122.365133129,-50016.869074638933,26496105.49605849,50000000,0,26556154.298545856,-6156979.8965871586
84282.428940663347,36726.298989149604,27009.275444728766,922804465.59751701,219887860.68791574,1.0000000000000001e-09,8000000,0,12692.738884552438,0.92280446559751717,26493671.757466115,-66929.880209464522,1,66.748421317426164,16.570341403325315,26546122.365133386,-52450.607667271048,26493671.757466115,50000000,0,26560601.633051094,-6450435.0758441463
84182.46860445416,36776.27915725419,27095.843635256748,922804465.59751701,219887860.68791574,1.0000000000000001e-09,8000000,0,12692.103997814464,0.92280446559751717,26498789.191125326,-59512.103488285771,1,66.883738511958924,16.536970108285718,26546122.365133412,-47333.174008086324,26498789.191125326,50000000,0,26558301.289989162,-6198875.7783361217
84082.508268245001,36826.259325358777,27182.411825784722,922804465.59751701,219887860.68791574,1.0000000000000001e-09,8000000,0,12692.606371798922,0.92280446559751717,26494978.361570857,-67088.035952765669,1,66.880446877040271,16.561775652972418,26546122.365133267,-51144.003562409431,26494978.361570857,50000000,0,26562066.392899197,-6492379.5515126726
83982.547932035814,36876.239493463363,27268.9800163127,922804465.59751701,219887860.68791574,1.0000000000000001e-09,8000000,0,12692.315469971818,0.92280446559751717,26497973.06847417,-61669.223869631707,1,66.791115744785856,16.556185864001275,26546122.365133546,-48149.296659376472,26497973.06847417,50000000,0,26559642.287719302,-6306123.2139294967
83882.587595826655,36926.21966156795,27355.548206840675,922804465.59751701,219887860.68791574,1.0000000000000001e-09,8000000,0,12692.641474815033,0.92280446559751717,26497810.189462353,-64995.038890768927,1,66.902809019066424,16.53371384927966,26546122.365133319,-48312.175670966506,26497810.189462353,50000000,0,26562805.223728664,-6360157.4280535188
83782.627259617497,36976.199829672536,27442.116397368653,922804465.59751701,219887860.68791574,1.0000000000000001e-09,8000000,0,12691.858679972522,0.92280446559751717,26500669.075624067,-59926.017258757107,1,66.871015330550136,16.571007403822072,26546122.365133349,-45453.289509281516,26500669.075624067,50000000,0,26560595.088258345,-6168797.0827758713
83682.666923408309,37026.179997777122,27528.684587896634,922804465.59751701,219887860.68791574,1.0000000000000001e-09,8000000,0,12693.061508935833,0.92280446559751717,26497386.904386308,-65588.896488770581,1,66.768363329569141,16.576754998780146,26546122.365133274,-48735.460746966302,26497386.904386308,50000000,0,26562975.79625063,-6386850.2245300198
83582.706587199136,37076.160165881709,27615.252778424605,922804465.59751701,219887860.68791574,1.0000000000000001e-09,8000000,0,12691.917676813193,0.92280446559751717,26499972.182088178,-61203.32222926079,1,66.842021707008357,16.573194264129473,26546122.365133282,-46150.183045104146,26499972.182088178,50000000,0,26561175.499693029,-6212659.0824716287
83482.746250989963,37126.140333986295,27701.820968952583,922804465.59751701,219887860.68791574,1.0000000000000001e-09,8000000,0,12692.672770358786,0.92280446559751717,26500706.240661986,-62417.311066376169,1,66.779186479067477,16.618570463212077,26546122.365133602,-45416.124471616,26500706.240661986,50000000,0,26563123.547103893,-6197000.2690371918
83382.78591478079,37176.120502090875,27788.389159480557,922804465.59751701,219887860.68791574,1.0000000000000001e-09,8000000,0,12692.277371695989,0.92280446559751717,26500507.532448243,-61045.471218103819,1,66.663143489364927,16.639630443226743,26546122.365133371,-45614.832685127854,26500507.532448243,50000000,0,26561552.999041934,-6177808.9418239892
83282.825578571617,37226.100670195461,27874.957350008535,922804465.59751701,219887860.68791574,1.0000000000000001e-09,8000000,0,12692.518653034185,0.92280446559751717,26498782.025014948,-64366.781234063485,1,66.700621883505434,16.63030919121783,26546122.365133345,-47340.340118397027,26498782.025014948,50000000,0,26563148.801624615,-6325403.3455962995
83182.865242362444,37276.080838300055,27961.525540536517,922804465.59751701,219887860.68791574,1.0000000000000001e-09,8000000,0,12692.498211497859,0.92280446559751717,26501043.321069244,-61112.810090117811,1,66.684075031862932,16.680710165376354,26546122.365133226,-45079.044063981622,26501043.321069244,50000000,0,26562156.126534853,-6181136.2230425682
83082.904906153271,37326.061006404641,28048.093731064491,922804465.59751701,219887860.68791574,1.0000000000000001e-09,8000000,0,12692.120420390627,0.92280446559751717,26500924.780462861,-62074.427632490893,1,66.513416530767444,16.712454226022061,26546122.365133327,-45197.58467046544,26500924.780462861,50000000,0,26562999.203470979,-6212983.5612990828
82982.944569944098,37376.041174509228,28134.661921592469,922804465.59751701,219887860.68791574,1.0000000000000001e-09,8000000,0,12692.599716527613,0.92280446559751717,26498935.326631282,-63712.73861784803,1,66.5568167755373,16.694076885256102,26546122.36513342,-47187.038502138108,26498935.326631282,50000000,0,26562648.060624659,-6339031.8492755983
82882.98423373494,37426.021342613807,28221.23011212044,922804465.59751701,219887860.68791574,1.0000000000000001e-09,8000000,0,12692.537284575876,0.92280446559751717,26499467.117644548,-63561.391007034785,1,66.576184662890569,16.726511367924573,26546122.36513336,-46655.247488811612,26499467.117644548,50000000,0,26563028.504027188,-6332192.7267660499
82783.023897525767,37476.001510718394,28307.798302648422,922804465.59751701,219887860.68791574,1.0000000000000001e-09,8000000,0,12692.075204701208,0.92280446559751717,26501120.038942385,-61990.958053770613,1,66.431907828649443,16.767771055208236,26546122.365133408,-45002.326191022992,26501120.038942385,50000000,0,26563110.992371716,-6243761.3513273336
82683.06356131658,37525.981678822987,28394.3664931764,922804465.59751701,219887860.68791574,1.0000000000000001e-09,8000000,0,12692.734616659476,0.92280446559751717,26499570.4124192,-63361.039875321112,1,66.423235110937284,16.748825391418123,26546122.365133353,-46551.952714152634,26499570.4124192,50000000,0,26562931.447670098,-6346303.0984610729
82583.103225107421,37575.961846927574,28480.934683704378,922804465.59751701,219887860.68791574,1.0000000000000001e-09,8000000,0,12692.332655166252,0.92280446559751717,26498107.362556498,-65569.234387816279,1,66.489914030953003,16.758132817941924,26546122.365133438,-48015.002576939762,26498107.362556498,50000000,0,26563676.592319883,-6468769.9201711295
82483.142888898248,37625.942015032153,28567.502874232348,922804465.59751701,219887860.68791574,1.0000000000000001e-09,8000000,0,12692.325560217103,0.92280446559751717,26500368.839908708,-62528.097881973415,1,66.394062986286116,16.786541973264345,26546122.365133349,-45753.525224640965,26500368.839908708,50000000,0,26562896.933166243,-6337429.860434413
82383.182552689075,37675.922183136739,28654.071064760326,922804465.59751701,219887860.68791574,1.0000000000000001e-09,8000000,0,12692.550030822871,0.92280446559751717,26499330.950833905,-64761.250669473848,1,66.382124192575944,16.763881889751222,26546122.365133423,-46791.41429951787,26499330.950833905,50000000,0,26564092.196878899,-6437128.6943912786
82283.222216479888,37725.902351241326,28740.639255288304,922804465.59751701,219887860.68791574,1.0000000000000001e-09,8000000,0,12692.118984285953,0.92280446559751717,26498169.117562048,-64931.784722550903,1,66.47982867748587,16.750135836363405,26546122.365133457,-47953.247571408749,26498169.117562048,50000000,0,26563100.897660188,-6533726.6187334759
82183.261880270729,37775.882519345912,28827.207445816279,922804465.59751701,219887860.68791574,1.0000000000000001e-09,8000000,0,12692.973945902313,0.92280446559751717,26497203.444020595,-67547.078331330544,1,66.42566537419269,16.771969839738503,26546122.365133528,-48918.921112932265,26497203.444020595,50000000,0,26564750.517727423,-6631602.0751165636
82083.301544061542,37825.862687450499,28913.775636344257,922804465.59751701,219887860.68791574,1.0000000000000001e-09,8000000,0,12691.762069673247,0.92280446559751717,26500209.070702035,-63029.342932056366,1,66.411229365920533,16.738525856074734,26546122.365133479,-45913.294431444257,26500209.070702035,50000000,0,26563238.409009688,-6468120.6503922679
81983.341207852383,37875.842855555085,29000.343826872235,922804465.59751701,219887860.68791574,1.0000000000000001e-09,8000000,0,12692.79146203082,0.92280446559751717,26496801.004020855,-68665.959565104291,1,66.550790504392509,16.704028606299616,26546122.365133397,-49321.36111254245,26496801.004020855,50000000,0,26565466.958961535,-6714841.096616392
81883.380871643196,37925.823023659672,29086.912017400213,922804465.59751701,219887860.68791574,1.0000000000000001e-09,8000000,0,12692.422412133397,0.92280446559751717,26498203.6327345,-65256.648330051998,1,66.54166455966913,16.722662515901462,26546122.365133278,-47918.7323987782,26498203.6327345,50000000,0,26563460.276440065,-6594366.4270912511
81783.420535434037,37975.803191764258,29173.480207928191,922804465.59751701,219887860.68791574,1.0000000000000001e-09,8000000,0,12691.965430445234,0.92280446559751717,26499791.971770708,-66082.914112469109,1,66.489667728530847,16.695057670079152,26546122.365133673,-46330.393362965435,26499791.971770708,50000000,0,26565874.881258734,-6442092.2686406495
81683.460199224879,38025.783359868845,29260.048398456165,922804465.59751701,219887860.68791574,1.0000000000000001e-09,8000000,0,12694.215568926109,0.92280446559751717,26505859.364295989,-57322.13561276516,1,66.648043017196997,16.644300974856378,26546122.365132485,-40263.00083649531,26505859.364295989,50000000,0,26563181.495284375,-5918451.947573374
81583.499863015677,38075.763527973431,29346.616588984143,922804465.59751701,219887860.68791574,1.0000000000000001e-09,8000000,0,12698.665789945788,0.92280446559751717,26505675.896102566,-59767.347802975317,1,66.673554312541299,16.644262687947073,26546122.36513374,-40446.469031173736,26505675.896102566,50000000,0,26565443.239281025,-5869880.2824480636
81483.539526806533,38125.743696078018,29433.184779512121,922804465.59751701,219887860.68791574,1.0000000000000001e-09,8000000,0,12695.265873135102,0.92280446559751717,26505944.731007043,-55928.695213609593,1,66.63558811761844,16.63153829368439,26546122.365133654,-40177.634126611054,26505944.731007043,50000000,0,26561873.421596225,-5797523.9680278171
81383.579190597346,38175.723864182604,29519.752970040096,922804465.59751701,219887860.68791574,1.0000000000000001e-09,8000000,0,12692.752241143706,0.92280446559751717,26500166.908001691,-64690.289847202621,1,66.747425609620905,16.582887106943502,26546122.36513311,-45955.457131419331,26500166.908001691,50000000,0,26564857.19322446,-6293021.56275017
81283.618854388173,38225.704032287191,29606.321160568077,922804465.59751701,219887860.68791574,1.0000000000000001e-09,8000000,0,12692.04973351726,0.92280446559751717,26498570.621654432,-63012.611170145407,1,66.830769931626719,16.582080259046293,26546122.365133561,-47551.743479128927,26498570.621654432,50000000,0,26561583.228200149,-6457434.8709399207
81183.658518179,38275.684200391777,29692.889351096052,922804465.59751701,219887860.68791574,1.0000000000000001e-09,8000000,0,12693.133582447845,0.92280446559751717,26494168.558926411,-70769.273773419773,1,66.754404319431018,16.579625647454428,26546122.365133155,-51953.806206744164,26494168.558926411,50000000,0,26564937.828075394,-6806335.933398135
81083.698181969827,38325.664368496356,29779.457541624022,922804465.59751701,219887860.68791574,1.0000000000000001e-09,8000000,0,12691.797568114094,0.92280446559751717,26499172.883894727,-62564.442939554567,1,66.849016469811787,16.538717077741452,26546122.365133394,-46949.481238666922,26499172.883894727,50000000,0,26561737.322209831,-6477197.4432225768
80983.737845760654,38375.64453660095,29866.025732152004,922804465.59751701,219887860.68791574,1.0000000000000001e-09,8000000,0,12692.657630413469,0.92280446559751717,26497741.372340892,-67810.453190201864,1,66.905971764246885,16.554037093432822,26546122.365132973,-48380.992792081088,26497741.372340892,50000000,0,26565551.820906617,-6546330.6623972217
80883.777509551481,38425.624704705537,29952.593922679978,922804465.59751701,219887860.68791574,1.0000000000000001e-09,8000000,0,12694.900706564054,0.92280446559751717,26503392.206056628,-58878.131632051372,1,66.789094147192856,16.560009882705703,26546122.365133271,-42730.159076642245,26503392.206056628,50000000,0,26562270.33306428,-6116286.1235976778
80783.817173342308,38475.604872810123,30039.162113207956,922804465.59751701,219887860.68791574,1.0000000000000001e-09,8000000,0,12697.624604597509,0.92280446559751717,26502447.366719183,-64090.075845249739,1,66.866275966313282,16.533523130743053,26546122.365132302,-43674.998413119465,26502447.366719183,50000000,0,26566537.437939994,-6238210.0346584795
80683.856837133135,38525.585040914702,30125.730303735931,922804465.59751701,219887860.68791574,1.0000000000000001e-09,8000000,0,12693.570839761271,0.92280446559751717,26504314.202352826,-59135.786550419434,1,66.902935306277186,16.559338371755892,26546122.365132749,-41808.162779923528,26504314.202352826,50000000,0,26563449.984278772,-6202218.8240057817
80583.896500923976,38575.565209019289,30212.298494263909,922804465.59751701,219887860.68791574,1.0000000000000001e-09,8000000,0,12692.385293376758,0.92280446559751717,26495798.395157259,-71634.889273233566,1,66.771326609576718,16.592910870419388,26546122.365133673,-50323.969976413995,26495798.395157259,50000000,0,26567433.279806089,-6871486.4647778161
80483.936164714789,38625.545377123883,30298.86668479189,922804465.59751701,219887860.68791574,1.0000000000000001e-09,8000000,0,12692.201477765286,0.92280446559751717,26497006.185507953,-66840.615595828509,1,66.780816792562874,16.567750247151746,26546122.365133502,-49116.179625548422,26497006.185507953,50000000,0,26563846.796479315,-6869333.0465400675
80383.97582850563,38675.525545228469,30385.434875319865,922804465.59751701,219887860.68791574,1.0000000000000001e-09,8000000,0,12692.88579909779,0.92280446559751717,26494123.293443989,-73457.819622734984,1,66.859942895531304,16.595610036618417,26546122.365133107,-51999.0716891177,26494123.293443989,50000000,0,26567581.10844234,-7111447.5857717311
80284.015492296428,38725.505713333056,30472.003065847843,922804465.59751701,219887860.68791574,1.0000000000000001e-09,8000000,0,12691.6180265613,0.92280446559751717,26498174.674439646,-65840.504362111024,1,66.671212523583449,16.653503281381141,26546122.36513342,-47947.690693773329,26498174.674439646,50000000,0,26564015.174177285,-6854133.8615425248
80184.055156087285,38775.485881437635,30558.571256375817,922804465.59751701,219887860.68791574,1.0000000000000001e-09,8000000,0,12693.227517605672,0.92280446559751717,26492587.410413701,-74782.479873138538,1,66.639178431396658,16.637855718026959,26546122.36513336,-53534.954719658941,26492587.410413701,50000000,0,26567369.885662418,-7214691.1883669803
80084.094819878112,38825.466049542221,30645.139446903795,922804465.59751701,219887860.68791574,1.0000000000000001e-09,8000000,0,12691.867810738018,0.92280446559751717,26495958.1432979,-68204.288602337852,1,66.719923114904518,16.652421890588144,26546122.365133263,-50164.221835363656,26495958.1432979,50000000,0,26564162.427275855,-6995253.5453968421
79984.134483668924,38875.446217646815,30731.707637431777,922804465.59751701,219887860.68791574,1.0000000000000001e-09,8000000,0,12692.743075851184,0.92280446559751717,26495184.957086094,-72088.525696977129,1,66.583361082092111,16.717985318918952,26546122.365133412,-50937.408047318459,26495184.957086094,50000000,0,26567273.478158657,-7066699.9250655603
79884.174147459766,38925.426385751402,30818.275827959751,922804465.59751701,219887860.68791574,1.0000000000000001e-09,8000000,0,12692.146983274211,0.92280446559751717,26496535.994765323,-67653.905574049772,1,66.465000042130697,16.721881363937332,26546122.365133438,-49586.370368115604,26496535.994765323,50000000,0,26564189.895714913,-6949001.7373725176
79784.213811250578,38975.406553855988,30904.844018487729,922804465.59751701,219887860.68791574,1.0000000000000001e-09,8000000,0,12692.704433901139,0.92280446559751717,26492731.919783831,-74585.506207942046,1,66.565257361213682,16.709872256163656,26546122.365133341,-53390.445349510759,26492731.919783831,50000000,0,26567317.421367336,-7233690.0971729867
79684.25347504142,39025.386721960567,30991.412209015703,922804465.59751701,219887860.68791574,1.0000000000000001e-09,8000000,0,12692.280296930796,0.92280446559751717,26496475.422921516,-68078.683114350613,1,66.503467862485778,16.75850322935451,26546122.365133353,-49646.942211836576,26496475.422921516,50000000,0,26564554.101411477,-6987090.2191078877
79584.293138832232,39075.366890065154,31077.980399543678,922804465.59751701,219887860.68791574,1.0000000000000001e-09,8000000,0,12692.374344637159,0.92280446559751717,26494773.483528215,-72399.510086978044,1,66.386814114775134,16.770155049879808,26546122.365133345,-51348.881605129689,26494773.483528215,50000000,0,26567172.988990732,-7129239.5152751459
79484.332802623059,39125.34705816974,31164.548590071656,922804465.59751701,219887860.68791574,1.0000000000000001e-09,8000000,0,12692.263950389428,0.92280446559751717,26494488.225656789,-70480.556845929197,1,66.451960706224042,16.749420103084855,26546122.365133241,-51634.139476452023,26494488.225656789,50000000,0,26564968.777878255,-7144049.5624556961
79384.372466413886,39175.327226274327,31251.11678059963,922804465.59751701,219887860.68791574,1.0000000000000001e-09,8000000,0,12692.874968557282,0.92280446559751717,26492773.751205996,-74410.179636829067,1,66.459508444365895,16.772365926087687,26546122.365133338,-53348.613927341998,26492773.751205996,50000000,0,26567183.926218387,-7285752.3094724501
79284.412130204728,39225.307394378913,31337.684971127608,922804465.59751701,219887860.68791574,1.0000000000000001e-09,8000000,0,12691.745740763385,0.92280446559751717,26496140.666445095,-69160.182704801089,1,66.369372947050394,16.777964853994945,26546122.365133546,-49981.698688451201,26496140.666445095,50000000,0,26565300.844525434,-7080501.252681274
79184.451793995555,39275.2875624835,31424.253161655583,922804465.59751701,219887860.68791574,1.0000000000000001e-09,8000000,0,12692.935101944278,0.92280446559751717,26493038.513586212,-74046.437871131857,1,66.442448052884771,16.746533222590859,26546122.365133401,-53083.851547189057,26493038.513586212,50000000,0,26567084.946832914,-7299593.5823399331
79084.491457786382,39325.267730588086,31510.821352183564,922804465.59751701,219887860.68791574,1.0000000000000001e-09,8000000,0,12692.160210556547,0.92280446559751717,26492935.239763081,-72815.062655721413,1,66.476511929056485,16.759614655177607,26546122.365133405,-53187.125370323658,26492935.239763081,50000000,0,26565750.297794383,-7313313.3642503303
78984.531121577194,39375.247898692673,31597.389542711542,922804465.59751701,219887860.68791574,1.0000000000000001e-09,8000000,0,12692.542166006891,0.92280446559751717,26493361.635524694,-73557.827941944779,1,66.403789440488964,16.754328993649104,26546122.365133449,-52760.729608755559,26493361.635524694,50000000,0,26566919.458842222,-7311054.6131754238
78884.570785368036,39425.228066797259,31683.957733239517,922804465.59751701,219887860.68791574,1.0000000000000001e-09,8000000,0,12692.33606483951,0.92280446559751717,26494038.487775534,-71992.361142813854,1,66.499827617409224,16.707268674706324,26546122.365133446,-52083.877357911319,26494038.487775534,50000000,0,26566030.844293877,-7288517.8360709725
78784.610449158863,39475.208234901846,31770.525923767495,922804465.59751701,219887860.68791574,1.0000000000000001e-09,8000000,0,12692.296477986811,0.92280446559751717,26490994.407689739,-75932.589916783822,1,66.585862410899438,16.701868866360606,26546122.36513336,-55127.95744362101,26490994.407689739,50000000,0,26566926.992982045,-7515940.8818736272
78684.65011294969,39525.188403006432,31857.094114295469,922804465.59751701,219887860.68791574,1.0000000000000001e-09,8000000,0,12692.7392081449,0.92280446559751717,26491106.151079521,-75267.515694838454,1,66.516747089478969,16.702718977632923,26546122.365133408,-55016.214053887874,26491106.151079521,50000000,0,26566373.662149936,-7516429.516252582
78584.689776740517,39575.168571111019,31943.662304823451,922804465.59751701,219887860.68791574,1.0000000000000001e-09,8000000,0,12692.092559191631,0.92280446559751717,26492284.309592586,-74338.977558989645,1,66.598601741200611,16.643292780232535,26546122.365133218,-53838.055540632457,26492284.309592586,50000000,0,26566623.282527141,-7489865.663278508
78484.729440531344,39625.148739215605,32030.230495351429,922804465.59751701,219887860.68791574,1.0000000000000001e-09,8000000,0,12692.464457545604,0.92280446559751717,26489653.206334665,-77017.304034108049,1,66.742062737688045,16.627900849199193,26546122.365133457,-56469.158798791468,26489653.206334665,50000000,0,26566670.505744323,-7675676.1153590903
78384.769104322171,39675.128907320192,32116.798685879403,922804465.59751701,219887860.68791574,1.0000000000000001e-09,8000000,0,12692.624764303082,0.92280446559751717,26488047.792635068,-78069.806940914874,1,66.658491987183638,16.640949737127322,26546122.365133334,-58074.572498265654,26488047.792635068,50000000,0,26566117.594951533,-7782035.6684314692
78284.808768112998,39725.109075424778,32203.366876407381,922804465.59751701,219887860.68791574,1.0000000000000001e-09,8000000,0,12692.168276259668,0.92280446559751717,26488482.430265531,-77963.337030769035,1,66.699191340067998,16.584105919495467,26546122.365133464,-57639.934867933393,26488482.430265531,50000000,0,26566445.762671899,-7779728.3253530599
78184.848431903825,39775.089243529364,32289.935066935355,922804465.59751701,219887860.68791574,1.0000000000000001e-09,8000000,0,12692.43854905674,0.92280446559751717,26488019.26077199,-77211.341036559432,1,66.881268296764006,16.558523264382032,26546122.3651332,-58103.104361210018,26488019.26077199,50000000,0,26565230.597184096,-7796826.7218079362
78084.888095694652,39825.069411633951,32376.50325746333,922804465.59751701,219887860.68791574,1.0000000000000001e-09,8000000,0,12692.531620848122,0.92280446559751717,26484830.737280708,-80917.968700469617,1,66.792618127792991,16.589455798712098,26546122.365133446,-61291.627852737904,26484830.737280708,50000000,0,26565748.701356731,-7978682.2751689246
77984.927759485494,39875.049579738537,32463.071447991308,922804465.59751701,219887860.68791574,1.0000000000000001e-09,8000000,0,12692.335981396036,0.92280446559751717,26485353.599227589,-78088.969341255783,1,66.773287639320159,16.544729995679802,26546122.365133118,-60768.765905529261,26485353.599227589,50000000,0,26563442.563944388,-7826290.0474277912
77884.967423276321,39925.029747843117,32549.639638519282,922804465.59751701,219887860.68791574,1.0000000000000001e-09,8000000,0,12692.759757959338,0.92280446559751717,26487407.392349213,-76740.313767561602,1,66.960187444148744,16.515189297394457,26546122.365134209,-58714.972784996033,26487407.392349213,50000000,0,26564147.701492388,-7588948.1959226057
77785.007087067148,39975.009915947703,32636.20782904726,922804465.59751701,219887860.68791574,1.0000000000000001e-09,8000000,0,12693.111240600398,0.92280446559751717,26490976.827911947,-70144.003030874213,1,66.885902370610083,16.567536775849383,26546122.365132138,-55145.537220191211,26490976.827911947,50000000,0,26561120.826318324,-7045218.8145416053
77685.04675085796,40024.990084052297,32722.776019575238,922804465.59751701,219887860.68791574,1.0000000000000001e-09,8000000,0,12697.404984139896,0.92280446559751717,26496828.499119505,-65561.53048082559,1,66.744805711694354,16.55304897023813,26546122.365131162,-49293.866011656821,26496828.499119505,50000000,0,26562390.024975915,-6363084.3297340823
77585.086414648802,40074.970252156876,32809.344210103212,922804465.59751701,219887860.68791574,1.0000000000000001e-09,8000000,0,12700.517804110805,0.92280446559751717,26510113.264255404,-49844.555362230763,1,66.930520411442899,16.525456390842521,26546122.365133215,-36009.10087781027,26510113.264255404,50000000,0,26559957.814993195,-5156223.0624062382
77485.126078439615,40124.950420261463,32895.91240063119,922804465.59751701,219887860.68791574,1.0000000000000001e-09,8000000,0,12703.308789759214,0.92280446559751717,26519364.686396472,-44468.230730953212,1,66.871519656538538,16.573359167510336,26546122.365132887,-26757.67873641476,26519364.686396472,50000000,0,26563832.912503,-4414133.9940895587
77385.165742230456,40174.930588366056,32982.480591159176,922804465.59751701,219887860.68791574,1.0000000000000001e-09,8000000,0,12706.175073267506,0.92280446559751717,26527120.25794981,-37214.652532405227,1,66.741939571997946,16.590379517908072,26546122.365134638,-19002.107184827328,26527120.25794981,50000000,0,26564334.905857753,-4005357.7255269284
77285.205406021269,40224.910756470636,33069.048781687146,922804465.59751701,219887860.68791574,1.0000000000000001e-09,8000000,0,12710.080521764052,0.92280446559751717,26524980.585686307,-47291.966691992951,1,66.796324294432395,16.578384810365144,26546122.365128513,-21141.779442206025,26524980.585686307,50000000,0,26572272.547753859,-4753198.0696277684
77185.245069812096,40274.890924575229,33155.616972215124,922804465.59751701,219887860.68791574,1.0000000000000001e-09,8000000,0,12700.950805767232,0.92280446559751717,26514139.038037639,-58923.913757718787,1,66.794001270485424,16.629867426027971,26546122.365125515,-31983.327087875456,26514139.038037639,50000000,0,26573062.947170921,-6101427.8997386405
77085.284733602952,40324.871092679808,33242.185162743095,922804465.59751701,219887860.68791574,1.0000000000000001e-09,8000000,0,12693.414997137234,0.92280446559751717,26493246.953649566,-83081.81127904341,1,66.594470091361814,16.674904612816839,26546122.36513618,-52875.411486614496,26493246.953649566,50000000,0,26576328.760304179,-7946611.6744669387
76985.32439739375,40374.851260784395,33328.75335327108,922804465.59751701,219887860.68791574,1.0000000000000001e-09,8000000,0,12691.875491262987,0.92280446559751717,26485798.442477442,-85993.031887737903,1,66.626382115427333,16.653472757920721,26546122.365132954,-60323.922655511647,26485798.442477442,50000000,0,26571791.469740778,-8654428.7930776458
76885.364061184577,40424.831428888989,33415.321543799058,922804465.59751701,219887860.68791574,1.0000000000000001e-09,8000000,0,12693.123249281507,0.92280446559751717,26481367.471660152,-92451.762794682509,1,66.667143250805253,16.689921447806206,26546122.365133375,-64754.893473222852,26481367.471660152,50000000,0,26573819.229830362,-8992685.643780183
76785.403724975404,40474.811596993568,33501.889734327029,922804465.59751701,219887860.68791574,1.0000000000000001e-09,8000000,0,12691.518111369916,0.92280446559751717,26485299.052661061,-83709.687922336365,1,66.492301589121681,16.736846344019899,26546122.365133479,-60823.312472417951,26485299.052661061,50000000,0,26569008.735959046,-8634905.5431772694
76685.443388766245,40524.791765098154,33588.457924855007,922804465.59751701,219887860.68791574,1.0000000000000001e-09,8000000,0,12693.157174754166,0.92280446559751717,26480477.312004711,-91166.70116916894,1,66.484062647570866,16.722094733563726,26546122.365133539,-65645.053128827363,26480477.312004711,50000000,0,26571644.008549437,-8845176.907499196
76585.483052557058,40574.771933202741,33675.026115382985,922804465.59751701,219887860.68791574,1.0000000000000001e-09,8000000,0,12691.91060467062,0.92280446559751717,26484683.351523433,-82705.43095045934,1,66.537234004938824,16.738795708781186,26546122.365133427,-61439.013609994203,26484683.351523433,50000000,0,26567388.777849462,-8467401.3835320026
76485.522716347899,40624.752101307327,33761.594305910956,922804465.59751701,219887860.68791574,1.0000000000000001e-09,8000000,0,12692.698713346235,0.92280446559751717,26484491.089235701,-86022.470341116699,1,66.424126799477847,16.775780080041521,26546122.365133397,-61631.275897696614,26484491.089235701,50000000,0,26570513.554952372,-8425379.3281246983
76385.562380138712,40674.732269411914,33848.162496438941,922804465.59751701,219887860.68791574,1.0000000000000001e-09,8000000,0,12692.110149608816,0.92280446559751717,26487422.292886794,-79103.477248988129,1,66.396458701704404,16.762253911518911,26546122.365133513,-58700.072246719152,26487422.292886794,50000000,0,26566525.765511326,-8145902.7195464289
76285.602043929553,40724.7124375165,33934.730686966912,922804465.59751701,219887860.68791574,1.0000000000000001e-09,8000000,0,12692.797839285024,0.92280446559751717,26483615.344689123,-86540.743416459765,1,66.466084553325317,16.760985629250641,26546122.365133353,-62507.020444229245,26483615.344689123,50000000,0,26570156.083481096,-8382667.0799610475
76185.641707720381,40774.692605621087,34021.29887749489,922804465.59751701,219887860.68791574,1.0000000000000001e-09,8000000,0,12692.14039480171,0.92280446559751717,26488493.230243109,-77840.896034568985,1,66.399885703437093,16.783411470811373,26546122.365133371,-57629.134890262038,26488493.230243109,50000000,0,26566334.121653285,-8015268.6120969197
76085.681371511208,40824.672773725673,34107.867068022868,922804465.59751701,219887860.68791574,1.0000000000000001e-09,8000000,0,12692.631559292349,0.92280446559751717,26486716.457751222,-83185.343934904202,1,66.39033496313219,16.755387901575045,26546122.365133453,-59405.907382231206,26486716.457751222,50000000,0,26569901.797061659,-8146869.6429455448
75985.721035302035,40874.65294183026,34194.435258550846,922804465.59751701,219887860.68791574,1.0000000000000001e-09,8000000,0,12691.998983582656,0.92280446559751717,26487864.265380513,-78645.210449303122,1,66.504400770343779,16.737839356933542,26546122.365133364,-58258.099752850831,26487864.265380513,50000000,0,26566509.471205395,-8044364.7232506173
75885.760699092862,40924.633109934846,34281.003449078824,922804465.59751701,219887860.68791574,1.0000000000000001e-09,8000000,0,12693.099815645473,0.92280446559751717,26485026.581144452,-84856.198773262062,1,66.453326360389184,16.758491301926529,26546122.365133516,-61095.783989064395,26485026.581144452,50000000,0,26569882.775293283,-8237325.5098124454
75785.800362883703,40974.613278039433,34367.571639606795,922804465.59751701,219887860.68791574,1.0000000000000001e-09,8000000,0,12691.565780893998,0.92280446559751717,26490132.110493254,-76498.410103943083,1,66.434686389419568,16.721963348586094,26546122.36513368,-55990.254640426487,26490132.110493254,50000000,0,26566630.51597276,-7901092.7929905513
75685.840026674501,41024.593446144019,34454.13983013478,922804465.59751701,219887860.68791574,1.0000000000000001e-09,8000000,0,12693.048785633227,0.92280446559751717,26486313.477715004,-83535.82711971071,1,66.598261777038317,16.677635941792367,26546122.36513336,-59808.887418355793,26486313.477715004,50000000,0,26569849.300210256,-8165764.6164450096
75585.879690465343,41074.573614248606,34540.708020662758,922804465.59751701,219887860.68791574,1.0000000000000001e-09,8000000,0,12692.054933221038,0.92280446559751717,26487563.369922694,-79340.98866290797,1,66.599061874524409,16.699974830259073,26546122.365133461,-58558.995210766792,26487563.369922694,50000000,0,26566904.353961177,-8059690.9808926778
75485.91935425617,41124.553782353192,34627.276211190729,922804465.59751701,219887860.68791574,1.0000000000000001e-09,8000000,0,12692.699226948902,0.92280446559751717,26486916.475944147,-82783.086142246728,1,66.523424454787175,16.673287601748932,26546122.365133319,-59205.889189172536,26486916.475944147,50000000,0,26569699.557461958,-8124138.5148469238
75385.959018046997,41174.533950457779,34713.844401718714,922804465.59751701,219887860.68791574,1.0000000000000001e-09,8000000,0,12692.178687514197,0.92280446559751717,26489603.870581776,-77497.111242480154,1,66.700731206087568,16.607659403222812,26546122.36513342,-56518.494551643729,26489603.870581776,50000000,0,26567100.977199856,-7950030.7738090828
75285.998681837824,41224.514118562365,34800.412592246685,922804465.59751701,219887860.68791574,1.0000000000000001e-09,8000000,0,12692.536469259107,0.92280446559751717,26485481.012658134,-84337.62698037432,1,66.780693686321243,16.61540819002175,26546122.365133446,-60641.352475311607,26485481.012658134,50000000,0,26569818.635014106,-8251364.8111743564
75186.038345628651,41274.494286666944,34886.980782774655,922804465.59751701,219887860.68791574,1.0000000000000001e-09,8000000,0,12692.4541468719,0.92280446559751717,26487209.0242333,-80178.225781898975,1,66.671859514670686,16.617413894752154,26546122.365133364,-58913.340900063515,26487209.0242333,50000000,0,26567387.245390736,-8111123.3344498724
75086.078009419492,41324.474454771538,34973.548973302633,922804465.59751701,219887860.68791574,1.0000000000000001e-09,8000000,0,12692.426144285813,0.92280446559751717,26487600.142870151,-82093.870897544533,1,66.781644864420144,16.551494446083886,26546122.365133215,-58522.222263064235,26487600.142870151,50000000,0,26569694.0091433,-8147932.1440369859
74986.117673210305,41374.454622876117,35060.117163830611,922804465.59751701,219887860.68791574,1.0000000000000001e-09,8000000,0,12692.083221270386,0.92280446559751717,26487324.03718292,-80549.442431909716,1,66.921054441055162,16.555108658119124,26546122.365133323,-58798.327950403094,26487324.03718292,50000000,0,26567873.474990346,-8144799.4519962352
74886.157337001132,41424.434790980711,35146.685354358589,922804465.59751701,219887860.68791574,1.0000000000000001e-09,8000000,0,12692.941507573081,0.92280446559751717,26485132.338260069,-84298.424759121219,1,66.775263174597399,16.576730663171023,26546122.365133371,-60990.026873301715,26485132.338260069,50000000,0,26569430.758394782,-8311914.6447963966
74786.197000791974,41474.41495908529,35233.25354488656,922804465.59751701,219887860.68791574,1.0000000000000001e-09,8000000,0,12691.944861890179,0.92280446559751717,26486815.474483974,-81400.874630171485,1,66.839881414689415,16.534989676653751,26546122.365133312,-59306.890649337322,26486815.474483974,50000000,0,26568216.344489686,-8193165.731403837
74686.236664582786,41524.395127189877,35319.821735414545,922804465.59751701,219887860.68791574,1.0000000000000001e-09,8000000,0,12692.639327043564,0.92280446559751717,26487354.401874829,-81944.329449611192,1,66.934949638815752,16.535195673525966,26546122.365133304,-58767.963258475065,26487354.401874829,50000000,0,26569298.726700053,-8202734.6145815495
74586.276328373613,41574.375295294471,35406.389925942523,922804465.59751701,219887860.68791574,1.0000000000000001e-09,8000000,0,12692.338966390376,0.92280446559751717,26485585.576981291,-82964.390327792033,1,66.837399423484158,16.570919290103582,26546122.365133353,-60536.788152061403,26485585.576981291,50000000,0,26568549.962684613,-8293728.0065845167
74486.315992164455,41624.35546339905,35492.958116470494,922804465.59751701,219887860.68791574,1.0000000000000001e-09,8000000,0,12692.447355661494,0.92280446559751717,26485004.126040455,-84101.453041723536,1,66.804004375099055,16.554952783399337,26546122.365133315,-61118.239092860371,26485004.126040455,50000000,0,26569105.574457742,-8359618.4938760269
74386.355655955267,41674.335631503644,35579.526306998472,922804465.59751701,219887860.68791574,1.0000000000000001e-09,8000000,0,12692.543884798737,0.92280446559751717,26486430.40602085,-82543.78364765436,1,66.886512053101285,16.564124711966677,26546122.365133364,-59691.95911251381,26486430.40602085,50000000,0,26568974.185044002,-8289194.1890339395
74286.395319746109,41724.315799608223,35666.09449752645,922804465.59751701,219887860.68791574,1.0000000000000001e-09,8000000,0,12692.074202014013,0.92280446559751717,26485858.87659264,-83061.003764451714,1,66.772091881693385,16.610078811252009,26546122.365133196,-60263.488540556282,26485858.87659264,50000000,0,26568919.875732757,-8337565.4787203437
74186.434983536921,41774.295967712809,35752.662688054428,922804465.59751701,219887860.68791574,1.0000000000000001e-09,8000000,0,12692.773776842834,0.92280446559751717,26483548.953745376,-85739.688126741908,1,66.708337509532996,16.604531178457925,26546122.365133483,-62573.411388106644,26483548.953745376,50000000,0,26569288.637247637,-8497902.0815898012
74086.474647327763,41824.276135817403,35839.230878582406,922804465.59751701,219887860.68791574,1.0000000000000001e-09,8000000,0,12692.296669543475,0.92280446559751717,26484577.800960604,-84236.055469869534,1,66.786982423342309,16.618485587178487,26546122.365133196,-61544.564172592014,26484577.800960604,50000000,0,26568813.851805981,-8454725.2420243081
73986.514311118575,41874.256303921982,35925.799069110384,922804465.59751701,219887860.68791574,1.0000000000000001e-09,8000000,0,12692.235210235935,0.92280446559751717,26485176.077751178,-84555.596467756943,1,66.649759947632077,16.673356349510012,26546122.365133356,-60946.287382178009,26485176.077751178,50000000,0,26569731.669594515,-8451160.2645452898
73886.553974909402,41924.236472026576,36012.367259638362,922804465.59751701,219887860.68791574,1.0000000000000001e-09,8000000,0,12692.591859586017,0.92280446559751717,26483639.668269612,-84906.383233106608,1,66.582405745929066,16.673199026915849,26546122.365133315,-62482.69686370343,26483639.668269612,50000000,0,26568546.046878267,-8536712.811201619
73786.593638700244,41974.216640131155,36098.935450166333,922804465.59751701,219887860.68791574,1.0000000000000001e-09,8000000,0,12692.412952411845,0.92280446559751717,26481774.199979328,-88382.316958155396,1,66.637625296540349,16.682021578879191,26546122.365133405,-64348.165154077113,26481774.199979328,50000000,0,26570156.512313023,-8705572.3550700098
73686.633302491071,42024.196808235742,36185.503640694311,922804465.59751701,219887860.68791574,1.0000000000000001e-09,8000000,0,12692.239784852714,0.92280446559751717,26484517.204534907,-83942.081111088773,1,66.54827359645121,16.734168367917238,26546122.365133327,-61605.160598419607,26484517.204534907,50000000,0,26568459.281021576,-8539873.8389662988
73586.672966281883,42074.176976340328,36272.071831222289,922804465.59751701,219887860.68791574,1.0000000000000001e-09,8000000,0,12692.633007814542,0.92280446559751717,26482016.993783072,-88398.628944050055,1,66.435937237691235,16.744137081487729,26546122.365133297,-64105.371350225061,26482016.993783072,50000000,0,26570415.618102703,-8741022.7191543989
73486.712630072725,42124.157144444915,36358.64002175026,922804465.59751701,219887860.68791574,1.0000000000000001e-09,8000000,0,12692.086123611554,0.92280446559751717,26481191.570678242,-87402.296645147711,1,66.508056747292756,16.729941577141869,26546122.365133364,-64930.794455122203,26481191.570678242,50000000,0,26568593.86269898,-8824691.4232972711
73386.752293863552,42174.137312549501,36445.208212278238,922804465.59751701,219887860.68791574,1.0000000000000001e-09,8000000,0,12693.021488329008,0.92280446559751717,26479514.021204226,-91546.987791991021,1,66.477044393970942,16.768004056147074,26546122.365133554,-66608.343929328024,26479514.021204226,50000000,0,26571061.004371844,-9003925.1407749541
73286.791957654379,42224.117480654088,36531.776402806223,922804465.59751701,219887860.68791574,1.0000000000000001e-09,8000000,0,12691.637328287354,0.92280446559751717,26482027.08865279,-86827.069443448476,1,66.373386471001822,16.775615388322091,26546122.365133509,-64095.276480719447,26482027.08865279,50000000,0,26568854.153471772,-8896334.6644273587
73186.831621445206,42274.097648758674,36618.344593334194,922804465.59751701,219887860.68791574,1.0000000000000001e-09,8000000,0,12692.997098235141,0.92280446559751717,26476707.955973137,-95273.271858705149,1,66.44381140751922,16.752088228695555,26546122.365133457,-69414.409160319716,26476707.955973137,50000000,0,26571981.223207422,-9324709.7007283047
73086.871285236033,42324.077816863261,36704.912783862172,922804465.59751701,219887860.68791574,1.0000000000000001e-09,8000000,0,12692.130977552479,0.92280446559751717,26477944.251139253,-91798.279109977724,1,66.455287302260729,16.773097060229706,26546122.365133367,-68178.113994114101,26477944.251139253,50000000,0,26569742.525624797,-9318893.2769781537
72986.91094902686,42374.057984967847,36791.48097439015,922804465.59751701,219887860.68791574,1.0000000000000001e-09,8000000,0,12692.498755562669,0.92280446559751717,26476740.108074337,-96725.488622178163,1,66.369668075810551,16.775804368028538,26546122.365133338,-69382.257059000432,26476740.108074337,50000000,0,26573465.592072036,-9511580.0832190104
72886.950612817687,42424.038153072433,36878.049164918128,922804465.59751701,219887860.68791574,1.0000000000000001e-09,8000000,0,12692.224409950504,0.92280446559751717,26478757.392361801,-92526.118531695349,1,66.451337154488883,16.733506977726069,26546122.365133535,-67364.972771733999,26478757.392361801,50000000,0,26571283.506269101,-9435748.9831913896
72786.990276608514,42474.01832117702,36964.617355446106,922804465.59751701,219887860.68791574,1.0000000000000001e-09,8000000,0,12692.659897333606,0.92280446559751717,26476295.259420294,-99478.059962782267,1,66.523232685394404,16.740099472512831,26546122.36513323,-69827.105712935328,26476295.259420294,50000000,0,26575773.314758617,-9612779.6922220755
72687.029940399341,42523.998489281606,37051.185545974084,922804465.59751701,219887860.68791574,1.0000000000000001e-09,8000000,0,12692.69920047875,0.92280446559751717,26486686.806669544,-86432.647221126055,1,66.430584888743923,16.743841141375711,26546122.365133014,-59435.558463469148,26486686.806669544,50000000,0,26573119.449266236,-8725501.3801873624
72587.069604190154,42573.978657386193,37137.753736502062,922804465.59751701,219887860.68791574,1.0000000000000001e-09,8000000,0,12698.974105290868,0.92280446559751717,26497842.964309976,-78742.830964746841,1,66.508155538743949,16.685830478845215,26546122.365141232,-48279.400831256062,26497842.964309976,50000000,0,26576585.790650256,-7672310.5403325167
72487.109267980995,42623.958825490779,37224.321927030032,922804465.59751701,219887860.68791574,1.0000000000000001e-09,8000000,0,12705.807634246245,0.92280446559751717,26511192.082400288,-59215.247195618635,1,66.639953475437736,16.661388380023183,26546122.365132194,-34930.28273190558,26511192.082400288,50000000,0,26570407.324971475,-6306841.9215415912
72387.148931771822,42673.938993595366,37310.89011755801,922804465.59751701,219887860.68791574,1.0000000000000001e-09,8000000,0,12705.107183214688,0.92280446559751717,26507627.85424871,-62830.962859136875,1,66.616251981487423,16.673896004481069,26546122.365131833,-38494.510883122683,26507627.85424871,50000000,0,26570458.812483422,-6153592.392744381
72287.188595562649,42723.919161699952,37397.458308085988,922804465.59751701,219887860.68791574,1.0000000000000001e-09,8000000,0,12699.911727557144,0.92280446559751717,26505552.240720447,-58859.72341866629,1,66.599470433198334,16.634006303674266,26546122.365133308,-40570.124412860721,26505552.240720447,50000000,0,26564411.959514637,-6226494.7612350676
72187.228259353491,42773.899329804532,37484.026498613959,922804465.59751701,219887860.68791574,1.0000000000000001e-09,8000000,0,12698.592293441516,0.92280446559751717,26491622.055693924,-75678.185288089473,1,66.772572773078807,16.594650825903216,26546122.365133829,-54500.309439904988,26491622.055693924,50000000,0,26567300.236357603,-7339120.8399946801
72087.267923144303,42823.879497909125,37570.594689141937,922804465.59751701,219887860.68791574,1.0000000000000001e-09,8000000,0,12694.24406618389,0.92280446559751717,26485047.253596455,-78749.514457556332,1,66.730872047485079,16.612222016274881,26546122.365133997,-61075.111537542194,26485047.253596455,50000000,0,26563796.763429593,-8020406.4147110032
71987.307586935145,42873.859666013705,37657.162879669915,922804465.59751701,219887860.68791574,1.0000000000000001e-09,8000000,0,12693.755863233859,0.92280446559751717,26477210.460656725,-90868.613492494173,1,66.736774806385384,16.579250556714619,26546122.365133449,-68911.904476724565,26477210.460656725,50000000,0,26568079.069524769,-8814238.7363872305
71887.347250725958,42923.839834118291,37743.731070197893,922804465.59751701,219887860.68791574,1.0000000000000001e-09,8000000,0,12691.820742622036,0.92280446559751717,26478445.786118202,-86961.477419948045,1,66.857481011805845,16.551295538808347,26546122.36513282,-67676.57901461795,26478445.786118202,50000000,0,26565407.258913718,-8926191.470161844
71787.386914516785,42973.820002222885,37830.299260725871,922804465.59751701,219887860.68791574,1.0000000000000001e-09,8000000,0,12692.790572843938,0.92280446559751717,26472774.17768158,-97009.483650448223,1,66.849788174335004,16.568553884313395,26546122.365133509,-73348.187451928854,26472774.17768158,50000000,0,26569783.6567076,-9439280.5986133274
71687.426578307612,43023.800170327464,37916.867451253849,922804465.59751701,219887860.68791574,1.0000000000000001e-09,8000000,0,12692.182993508353,0.92280446559751717,26475533.06496666,-91431.760610353143,1,66.796556957907882,16.553951675974048,26546122.365133334,-70589.300166673958,26475533.06496666,50000000,0,26566964.82095252,-9304892.6903057862
71587.466242098439,43073.780338432058,38003.435641781827,922804465.59751701,219887860.68791574,1.0000000000000001e-09,8000000,0,12692.737689593212,0.92280446559751717,26474852.930437054,-96065.221097070229,1,66.906775613772211,16.533620085934949,26546122.365133345,-71269.434696290642,26474852.930437054,50000000,0,26570918.146909725,-9438317.9587007612
71487.50590588928,43123.760506536637,38090.003832309798,922804465.59751701,219887860.68791574,1.0000000000000001e-09,8000000,0,12691.766386551608,0.92280446559751717,26477535.681097075,-90563.761105920043,1,66.868790327094942,16.569268857732496,26546122.365133196,-68586.684036120772,26477535.681097075,50000000,0,26568099.437578496,-9257734.9398967195
71387.545569680107,43173.740674641223,38176.572022837776,922804465.59751701,219887860.68791574,1.0000000000000001e-09,8000000,0,12693.163457428951,0.92280446559751717,26473939.399561647,-97381.479655846881,1,66.77718969970995,16.563940966749684,26546122.365133282,-72182.965571634471,26473939.399561647,50000000,0,26571320.874593087,-9517920.8096296936
71287.58523347092,43223.720842745817,38263.140213365761,922804465.59751701,219887860.68791574,1.0000000000000001e-09,8000000,0,12691.806587729181,0.92280446559751717,26477251.097248316,-91432.586358613378,1,66.883105584264129,16.555922444177533,26546122.365133181,-68871.267884865403,26477251.097248316,50000000,0,26568683.678982522,-9288885.5172849502
71187.624897261761,43273.701010850396,38349.708403893732,922804465.59751701,219887860.68791574,1.0000000000000001e-09,8000000,0,12692.765582055872,0.92280446559751717,26477272.943228699,-94260.474764069004,1,66.804875302338957,16.605087736998431,26546122.365133379,-68849.421904679388,26477272.943228699,50000000,0,26571533.413368359,-9328715.911720382
71087.664561052574,43323.681178954983,38436.27659442171,922804465.59751701,219887860.68791574,1.0000000000000001e-09,8000000,0,12692.188550272342,0.92280446559751717,26477557.722478274,-91412.093966935994,1,66.691413708230286,16.620802096445072,26546122.3651333,-68564.642655026168,26477557.722478274,50000000,0,26568969.811820742,-9259554.934388103
70987.704224843415,43373.661347059569,38522.844784949688,922804465.59751701,219887860.68791574,1.0000000000000001e-09,8000000,0,12692.64458623053,0.92280446559751717,26475363.841819488,-96141.551703863734,1,66.746628539515015,16.608737801728054,26546122.365133371,-70758.523313883692,26475363.841819488,50000000,0,26571505.388898913,-9446688.9119833224
70887.743888634228,43423.641515164156,38609.412975477666,922804465.59751701,219887860.68791574,1.0000000000000001e-09,8000000,0,12692.368688908859,0.92280446559751717,26478495.641938809,-90929.375138292453,1,66.725838657763333,16.663790390919402,26546122.365133319,-67626.723194509745,26478495.641938809,50000000,0,26569425.012452666,-9229684.6492846645
70787.78355242507,43473.621683268742,38695.981166005637,922804465.59751701,219887860.68791574,1.0000000000000001e-09,8000000,0,12692.270141367011,0.92280446559751717,26477289.809995946,-93949.574120188816,1,66.539387271980345,16.697689894613969,26546122.365133278,-68832.555137332529,26477289.809995946,50000000,0,26571239.379491713,-9328728.0133275688
70687.823216215897,43523.601851373329,38782.549356533615,922804465.59751701,219887860.68791574,1.0000000000000001e-09,8000000,0,12692.483728901541,0.92280446559751717,26476208.165902913,-93555.029413308803,1,66.590390142664347,16.67596956627181,26546122.365133535,-69914.1992306225,26476208.165902913,50000000,0,26569763.190691713,-9385785.112566378
70587.862880006724,43573.582019477915,38869.117547061593,922804465.59751701,219887860.68791574,1.0000000000000001e-09,8000000,0,12692.665853242795,0.92280446559751717,26475961.765444025,-95177.575338462513,1,66.616231289958307,16.711247865596857,26546122.365133241,-70160.599689215422,26475961.765444025,50000000,0,26571139.336158022,-9432069.2955391407
70487.902543797551,43623.562187582502,38955.685737589571,922804465.59751701,219887860.68791574,1.0000000000000001e-09,8000000,0,12691.89599866539,0.92280446559751717,26478386.984866288,-91649.475384762743,1,66.45550933499301,16.758983213442644,26546122.365133565,-67735.38026727736,26478386.984866288,50000000,0,26570036.455626581,-9276239.3968104683
70387.942207588378,43673.542355687088,39042.253928117541,922804465.59751701,219887860.68791574,1.0000000000000001e-09,8000000,0,12692.862123648603,0.92280446559751717,26475689.843952373,-95178.254956669611,1,66.434238375526462,16.740866573726251,26546122.36513339,-70432.52118101716,26475689.843952373,50000000,0,26570868.094284572,-9449054.1336664986
70287.98187137919,43723.522523791675,39128.822118645527,922804465.59751701,219887860.68791574,1.0000000000000001e-09,8000000,0,12692.205428509047,0.92280446559751717,26475402.131507847,-94977.594451999932,1,66.509601311417967,16.74977490673508,26546122.365133464,-70720.233625616878,26475402.131507847,50000000,0,26570379.721335433,-9481049.2753925342
70188.021535170032,43773.502691896261,39215.390309173497,922804465.59751701,219887860.68791574,1.0000000000000001e-09,8000000,0,12692.450372919418,0.92280446559751717,26476826.17457683,-93778.028461216381,1,66.407406709118305,16.783660042019566,26546122.365133248,-69296.190556418151,26476826.17457683,50000000,0,26570604.198413603,-9397023.7660052292
70088.061198960859,43823.482860000848,39301.958499701475,922804465.59751701,219887860.68791574,1.0000000000000001e-09,8000000,0,12692.430507111505,0.92280446559751717,26476479.574038159,-94056.645415575127,1,66.378528840004265,16.767840290004692,26546122.365133416,-69642.791095256805,26476479.574038159,50000000,0,26570536.214829274,-9426792.7659911308
69988.100862751686,43873.463028105434,39388.526690229461,922804465.59751701,219887860.68791574,1.0000000000000001e-09,8000000,0,12692.243704316266,0.92280446559751717,26474498.779667083,-95988.060402439689,1,66.467367128435313,16.755129052214972,26546122.365133472,-71623.585466388613,26474498.779667083,50000000,0,26570486.835445128,-9569878.1912072208
69888.140526542513,43923.443196210021,39475.094880757431,922804465.59751701,219887860.68791574,1.0000000000000001e-09,8000000,0,12692.828454235827,0.92280446559751717,26474627.925139606,-96249.794729971458,1,66.418293945586001,16.776623495170192,26546122.365133334,-71494.439993727952,26474627.925139606,50000000,0,26570877.715245143,-9573838.8178153727
69788.18019033334,43973.423364314607,39561.663071285409,922804465.59751701,219887860.68791574,1.0000000000000001e-09,8000000,0,12691.896198283326,0.92280446559751717,26476456.103815991,-93749.455614589126,1,66.400641232766063,16.748654886710465,26546122.365133408,-69666.261317417026,26476456.103815991,50000000,0,26570205.554806143,-9476953.4487215206
69688.219854124181,44023.403532419194,39648.23126181338,922804465.59751701,219887860.68791574,1.0000000000000001e-09,8000000,0,12692.699004208665,0.92280446559751717,26473469.860941719,-97750.113313097681,1,66.52282479061229,16.720306096571676,26546122.3651333,-72652.50419158116,26473469.860941719,50000000,0,26571219.969630346,-9687898.8438819181
69588.259517914994,44073.38370052378,39734.799452341365,922804465.59751701,219887860.68791574,1.0000000000000001e-09,8000000,0,12692.442432069645,0.92280446559751717,26473429.420278937,-96595.594330515858,1,66.505891165251299,16.735096325335881,26546122.365133412,-72692.944854475558,26473429.420278937,50000000,0,26570025.009985033,-9687882.7084835488
69488.299181705821,44123.363868628367,39821.367642869343,922804465.59751701,219887860.68791574,1.0000000000000001e-09,8000000,0,12692.247871693025,0.92280446559751717,26474072.119871967,-97357.958248455718,1,66.473439376392946,16.706920975510513,26546122.365133323,-72050.245261356235,26474072.119871967,50000000,0,26571430.073496006,-9678073.5846711807
69388.338845496663,44173.344036732946,39907.935833397307,922804465.59751701,219887860.68791574,1.0000000000000001e-09,8000000,0,12692.377677204773,0.92280446559751717,26474612.629731495,-95159.286132927504,1,66.621297348112591,16.660765881734669,26546122.365133338,-71509.735401842743,26474612.629731495,50000000,0,26569771.911239963,-9640673.1642824598
69288.378509287475,44223.324204837532,39994.504023925292,922804465.59751701,219887860.68791574,1.0000000000000001e-09,8000000,0,12692.658289834508,0.92280446559751717,26471264.287291799,-100504.76457557817,1,66.642495047423409,16.670032451944529,26546122.365133386,-74858.077841587365,26471264.287291799,50000000,0,26571769.047242962,-9872666.9616994895
69188.418173078317,44273.304372942119,40081.072214453263,922804465.59751701,219887860.68791574,1.0000000000000001e-09,8000000,0,12692.060028671383,0.92280446559751717,26474044.456860431,-95341.871893594638,1,66.598060143788572,16.645507721021328,26546122.365133472,-72077.908273041248,26474044.456860431,50000000,0,26569386.32412963,-9644634.7395491451
69088.457836869144,44323.284541046705,40167.640404981241,922804465.59751701,219887860.68791574,1.0000000000000001e-09,8000000,0,12693.386296032886,0.92280446559751717,26474457.926570438,-97301.52789889391,1,66.733659681412448,16.591862750285273,26546122.365133032,-71664.438562594354,26474457.926570438,50000000,0,26571759.449844833,-9628300.6551520079
68988.497500659956,44373.264709151299,40254.208595509226,922804465.59751701,219887860.68791574,1.0000000000000001e-09,8000000,0,12693.790319524378,0.92280446559751717,26475696.915112216,-93298.731096223171,1,66.796444974808253,16.597414945342784,26546122.36513377,-70425.450021553785,26475696.915112216,50000000,0,26568995.641584046,-9498700.3951104246
68888.537164450798,44423.244877255878,40340.776786037197,922804465.59751701,219887860.68791574,1.0000000000000001e-09,8000000,0,12694.922774764125,0.92280446559751717,26471808.033954695,-99549.432629823088,1,66.708789026886194,16.589758232460081,26546122.365132339,-74314.331177644432,26471808.033954695,50000000,0,26571357.461960029,-9747862.5476586446
68788.57682824161,44473.225045360465,40427.344976565175,922804465.59751701,219887860.68791574,1.0000000000000001e-09,8000000,0,12691.597692852951,0.92280446559751717,26474290.882753115,-93944.870859065675,1,66.849538648673871,16.535974926602712,26546122.365132708,-71831.482379592955,26474290.882753115,50000000,0,26568235.748987786,-9604597.9108198211
68688.616492032452,44523.205213465051,40513.913167093146,922804465.59751701,219887860.68791574,1.0000000000000001e-09,8000000,0,12692.861226903753,0.92280446559751717,26469851.261246294,-101168.85296453438,1,66.916897332247572,16.556200775641106,26546122.365133647,-76271.103887353092,26469851.261246294,50000000,0,26571020.109586388,-9901969.3997230642
68588.656155823264,44573.185381569638,40600.481357621131,922804465.59751701,219887860.68791574,1.0000000000000001e-09,8000000,0,12691.939725920618,0.92280446559751717,26472071.313317668,-95347.576721115227,1,66.775745369169542,16.56573813659735,26546122.365133066,-74051.051815398037,26472071.313317668,50000000,0,26567418.885414358,-9677966.0071904007
68488.695819614091,44623.165549674231,40687.049548149109,922804465.59751701,219887860.68791574,1.0000000000000001e-09,8000000,0,12693.985830240332,0.92280446559751717,26471906.167163409,-98763.402335645442,1,66.879007491063078,16.521198960136608,26546122.365133502,-74216.197970092297,26471906.167163409,50000000,0,26570669.56487463,-9610812.8990598656
68388.735483404933,44673.145717778811,40773.61773867708,922804465.59751701,219887860.68791574,1.0000000000000001e-09,8000000,0,12693.5180063688,0.92280446559751717,26480966.398255531,-86320.102429082166,1,66.934548467704957,16.542075773412773,26546122.365132105,-65155.966876573861,26480966.398255531,50000000,0,26567286.496060155,-8892768.271576101
68288.775147195745,44723.125885883397,40860.185929205065,922804465.59751701,219887860.68791574,1.0000000000000001e-09,8000000,0,12698.353922751347,0.92280446559751717,26481764.206999291,-89667.185191850411,1,66.77993747649333,16.589279105943699,26546122.365131933,-64358.158132642508,26481764.206999291,50000000,0,26571431.387566697,-8783085.4655441269
68188.814810986572,44773.106053987984,40946.754119733036,922804465.59751701,219887860.68791574,1.0000000000000001e-09,8000000,0,12700.507495639999,0.92280446559751717,26486433.827929191,-82414.839177594506,1,66.7704320847578,16.556305513451729,26546122.365131907,-59688.537202715874,26486433.827929191,50000000,0,26568848.66248234,-8589798.1421586778
68088.854474777414,44823.08622209257,41033.322310261014,922804465.59751701,219887860.68791574,1.0000000000000001e-09,8000000,0,12695.058658086104,0.92280446559751717,26477207.901156757,-96604.266995642494,1,66.914186612956598,16.569782362594434,26546122.365128141,-68914.46397138387,26477207.901156757,50000000,0,26573812.163527992,-9415001.3977305107
67988.894138568226,44873.066390197164,41119.890500788999,922804465.59751701,219887860.68791574,1.0000000000000001e-09,8000000,0,12691.12287393314,0.92280446559751717,26474682.005259532,-95735.728894726359,1,66.717532257234637,16.638872429521275,26546122.365134403,-71440.359874870628,26474682.005259532,50000000,0,26570417.729529817,-9774184.6377332192
67888.933802359068,44923.046558301743,41206.458691316962,922804465.59751701,219887860.68791574,1.0000000000000001e-09,8000000,0,12693.326668231646,0.92280446559751717,26466517.682863798,-107352.30918920354,1,66.652965422400143,16.62278927366091,26546122.365133192,-79604.682269394398,26466517.682863798,50000000,0,26573869.987428606,-10427847.592587125
67788.973466149895,44973.02672640633,41293.02688184494,922804465.59751701,219887860.68791574,1.0000000000000001e-09,8000000,0,12691.775612741299,0.92280446559751717,26469079.312376846,-101039.79738340559,1,66.76803449385244,16.629410090100052,26546122.365133304,-77043.052756458521,26469079.312376846,50000000,0,26570119.105135847,-10287535.475422071
67689.013129940722,45023.006894510916,41379.595072372918,922804465.59751701,219887860.68791574,1.0000000000000001e-09,8000000,0,12692.773658820966,0.92280446559751717,26467645.354148105,-105644.87707401253,1,66.627575707775136,16.699040670741468,26546122.365133479,-78477.010985374451,26467645.354148105,50000000,0,26573290.226597615,-10395822.876647944
67589.052793731549,45072.987062615503,41466.163262900896,922804465.59751701,219887860.68791574,1.0000000000000001e-09,8000000,0,12692.114774551081,0.92280446559751717,26469008.948844295,-100408.67845115896,1,66.499417766209206,16.708291053553623,26546122.365133472,-77113.416289176792,26469008.948844295,50000000,0,26569417.622671008,-10241898.78485968
67489.092457522376,45122.967230720089,41552.731453428874,922804465.59751701,219887860.68791574,1.0000000000000001e-09,8000000,0,12692.779424585942,0.92280446559751717,26465045.822378635,-107767.57625883642,1,66.58479464310112,16.697265512270899,26546122.365133286,-81076.542754650116,26465045.822378635,50000000,0,26572813.394013029,-10519407.810202137
67389.132121313218,45172.947398824675,41639.299643956845,922804465.59751701,219887860.68791574,1.0000000000000001e-09,8000000,0,12692.166163176076,0.92280446559751717,26469423.672636133,-99780.916266422806,1,66.533603988106691,16.746401115985694,26546122.365133349,-76698.692497216165,26469423.672636133,50000000,0,26569204.584278129,-10199988.337138429
67289.17178510403,45222.927566929262,41725.86783448483,922804465.59751701,219887860.68791574,1.0000000000000001e-09,8000000,0,12692.5312004601,0.92280446559751717,26467102.381871767,-105203.53131923829,1,66.403893041706141,16.763113647982955,26546122.365133323,-79019.983261555433,26467102.381871767,50000000,0,26572305.908566616,-10361811.532288566
67189.211448894843,45272.907735033848,41812.436025012808,922804465.59751701,219887860.68791574,1.0000000000000001e-09,8000000,0,12692.137519704405,0.92280446559751717,26467517.761034429,-101706.41798656141,1,66.462089664368634,16.743367561189565,26546122.365133468,-78604.604099038988,26467517.761034429,50000000,0,26569224.174396515,-10308774.021699769
67089.251112685684,45322.887903138435,41899.004215540779,922804465.59751701,219887860.68791574,1.0000000000000001e-09,8000000,0,12692.975620600935,0.92280446559751717,26465437.125680037,-106646.06100511257,1,66.472339043456046,16.768873425286252,26546122.36513342,-80685.23945338279,26465437.125680037,50000000,0,26572083.182060745,-10463421.019252058
66989.290776476497,45372.868071243021,41985.572406068764,922804465.59751701,219887860.68791574,1.0000000000000001e-09,8000000,0,12691.628575858616,0.92280446559751717,26469565.088437147,-99678.726912544895,1,66.371148967795875,16.778679369554709,26546122.365133572,-76557.276696424931,26469565.088437147,50000000,0,26569243.81072519,-10185185.229047567
66889.330440267338,45422.848239347608,42072.140596596735,922804465.59751701,219887860.68791574,1.0000000000000001e-09,8000000,0,12693.05059357051,0.92280446559751717,26465655.127208497,-106150.14797567968,1,66.437623599572802,16.751489828938944,26546122.365133584,-80467.23792508617,26465655.127208497,50000000,0,26571805.270559769,-10445497.86287302
66789.370104058165,45472.828407452194,42158.708787124713,922804465.59751701,219887860.68791574,1.0000000000000001e-09,8000000,0,12692.065239998699,0.92280446559751717,26466699.803620655,-102716.64821252802,1,66.463564249926549,16.767063120868766,26546122.365133453,-79422.561512798071,26466699.803620655,50000000,0,26569416.447208751,-10364811.329336649
66689.409767848992,45522.808575556781,42245.276977652691,922804465.59751701,219887860.68791574,1.0000000000000001e-09,8000000,0,12692.639765588372,0.92280446559751717,26466535.023439474,-104951.21563543378,1,66.388119038349714,16.764735877813472,26546122.365133237,-79587.34169376269,26466535.023439474,50000000,0,26571486.234450445,-10390487.233014386
66589.44943163982,45572.788743661367,42331.845168180669,922804465.59751701,219887860.68791574,1.0000000000000001e-09,8000000,0,12692.229464753664,0.92280446559751717,26468041.931191668,-101446.09043897349,1,66.473744792496475,16.719161245155988,26546122.365133483,-78080.433941815048,26468041.931191668,50000000,0,26569488.017006204,-10291846.778509943
66489.489095430647,45622.768911765954,42418.413358708647,922804465.59751701,219887860.68791574,1.0000000000000001e-09,8000000,0,12692.454674768345,0.92280446559751717,26464383.300359894,-106994.95124540964,1,66.56364620972802,16.717125019967163,26546122.36513314,-81739.064773246646,26464383.300359894,50000000,0,26571378.246980827,-10552647.842358356
66389.528759221488,45672.74907987054,42504.981549236618,922804465.59751701,219887860.68791574,1.0000000000000001e-09,8000000,0,12692.56311156085,0.92280446559751717,26465953.110287391,-103760.67748611854,1,66.478855825553282,16.723069550205903,26546122.365133572,-80169.25484618172,26465953.110287391,50000000,0,26569713.783149082,-10436066.004451111
66289.568423012301,45722.72924797512,42591.549739764596,922804465.59751701,219887860.68791574,1.0000000000000001e-09,8000000,0,12692.224565239812,0.92280446559751717,26466428.791270752,-104617.57058191256,1,66.554233396986049,16.657535807151461,26546122.365133282,-79693.573862530291,26466428.791270752,50000000,0,26571046.35722822,-10444451.069363598
66189.608086803128,45772.709416079713,42678.117930292574,922804465.59751701,219887860.68791574,1.0000000000000001e-09,8000000,0,12692.328381029411,0.92280446559751717,26465206.781077657,-104848.15121950187,1,66.727693890610098,16.637220340996258,26546122.365133341,-80915.584055684507,26465206.781077657,50000000,0,26570054.927672703,-10525683.542500574
66089.647750593969,45822.689584184292,42764.686120820545,922804465.59751701,219887860.68791574,1.0000000000000001e-09,8000000,0,12692.781005418818,0.92280446559751717,26463357.129198711,-107393.97797726461,1,66.634697786540784,16.659760274727869,26546122.365133341,-82765.235934630036,26463357.129198711,50000000,0,26570751.102551583,-10640407.08937595
65989.687414384782,45872.669752288879,42851.25431134853,922804465.59751701,219887860.68791574,1.0000000000000001e-09,8000000,0,12691.998463693717,0.92280446559751717,26465763.500078365,-104434.87780678642,1,66.647582262198085,16.602858824546178,26546122.365133256,-80358.865054890513,26465763.500078365,50000000,0,26570198.373260677,-10503407.902668918
65889.727078175609,45922.649920393473,42937.822501876508,922804465.59751701,219887860.68791574,1.0000000000000001e-09,8000000,0,12692.611394925705,0.92280446559751717,26464868.552829843,-105639.50964606379,1,66.859138036579125,16.564456900685588,26546122.365133271,-81253.812303427607,26464868.552829843,50000000,0,26570508.057851471,-10572223.807161918
65789.76674196645,45972.630088498052,43024.390692404479,922804465.59751701,219887860.68791574,1.0000000000000001e-09,8000000,0,12692.40855903032,0.92280446559751717,26463322.807184834,-107177.65923016294,1,66.791675818271017,16.597122669688833,26546122.365133397,-82799.557948563248,26463322.807184834,50000000,0,26570500.461790562,-10680840.658435348
65689.806405757263,46022.610256602646,43110.958882932457,922804465.59751701,219887860.68791574,1.0000000000000001e-09,8000000,0,12692.357788884197,0.92280446559751717,26463310.210185133,-106789.84055882915,1,66.744501290938274,16.56544441923884,26546122.365133468,-82812.154948335141,26463310.210185133,50000000,0,26570100.046119522,-10662065.371207906
65589.846069548104,46072.590424707225,43197.527073460435,922804465.59751701,219887860.68791574,1.0000000000000001e-09,8000000,0,12692.605526099684,0.92280446559751717,26464783.986213244,-105979.04396926438,1,66.908844127424402,16.519570154944205,26546122.365133271,-81338.378920026124,26464783.986213244,50000000,0,26570763.025558088,-10624559.956066761
65489.885733338924,46122.570592811811,43284.095263988413,922804465.59751701,219887860.68791574,1.0000000000000001e-09,8000000,0,12691.991815710102,0.92280446559751717,26463014.504546151,-106818.96910671108,1,66.926093699285119,16.556305685497993,26546122.365133289,-83107.860587138683,26463014.504546151,50000000,0,26569833.469028376,-10715664.812528959
65389.925397129744,46172.550760916405,43370.663454516391,922804465.59751701,219887860.68791574,1.0000000000000001e-09,8000000,0,12692.932561941141,0.92280446559751717,26461279.755969021,-109683.90291432152,1,66.766588417620056,16.560915935711506,26546122.365133498,-84842.609164476395,26461279.755969021,50000000,0,26570963.654258922,-10855438.676391384
65289.965060920578,46222.530929020984,43457.231645044369,922804465.59751701,219887860.68791574,1.0000000000000001e-09,8000000,0,12692.052958234772,0.92280446559751717,26463079.318057377,-106497.19953767971,1,66.909451119789409,16.523933061715979,26546122.365133476,-83043.047076098621,26463079.318057377,50000000,0,26569576.51297063,-10738238.021573314
65190.004724711398,46272.511097125571,43543.799835572347,922804465.59751701,219887860.68791574,1.0000000000000001e-09,8000000,0,12692.455662567336,0.92280446559751717,26462583.740922995,-108697.06094422594,1,66.902382348414591,16.569184377004504,26546122.36513333,-83538.624210335314,26462583.740922995,50000000,0,26571280.797242817,-10815324.830310438
65090.04438850224,46322.491265230157,43630.368026100317,922804465.59751701,219887860.68791574,1.0000000000000001e-09,8000000,0,12692.461808065334,0.92280446559751717,26461548.396911934,-107638.36419886052,1,66.742663538719071,16.591236572904624,26546122.365133159,-84573.968221224844,26461548.396911934,50000000,0,26569186.756486341,-10837275.600921432
64990.084052293067,46372.471433334744,43716.936216628288,922804465.59751701,219887860.68791574,1.0000000000000001e-09,8000000,0,12692.48552816805,0.92280446559751717,26459799.053101946,-111636.21368284449,1,66.809841135561697,16.574915284554397,26546122.365133449,-86323.312031503767,26459799.053101946,50000000,0,26571435.262160365,-10995931.704585407
64890.123716083886,46422.45160143933,43803.504407156273,922804465.59751701,219887860.68791574,1.0000000000000001e-09,8000000,0,12692.174260922104,0.92280446559751717,26463281.094457105,-105682.61789835621,1,66.803248391089056,16.616053651260362,26546122.365133386,-82841.270676281303,26463281.094457105,50000000,0,26568963.707731076,-10763917.427974943
64790.163379874721,46472.431769543917,43890.072597684244,922804465.59751701,219887860.68791574,1.0000000000000001e-09,8000000,0,12692.71054203401,0.92280446559751717,26459886.881698772,-111555.63819862483,1,66.648200367122641,16.654477747428118,26546122.36513342,-86235.483434647322,26459886.881698772,50000000,0,26571442.515272971,-10993931.097170223
64690.203043665548,46522.411937648503,43976.640788212222,922804465.59751701,219887860.68791574,1.0000000000000001e-09,8000000,0,12692.078626900262,0.92280446559751717,26460500.817104496,-108254.40153472942,1,66.658371394842646,16.64121588729218,26546122.365133405,-85621.54802890867,26460500.817104496,50000000,0,26568755.214014757,-10951821.701309012
64590.242707456375,46572.39210575309,44063.2089787402,922804465.59751701,219887860.68791574,1.0000000000000001e-09,8000000,0,12693.011076248917,0.92280446559751717,26458826.920369316,-112843.84010278089,1,66.685099186746328,16.676694375130701,26546122.365133222,-87295.4447639063,26458826.920369316,50000000,0,26571670.755847659,-11100320.57434414
64490.282371247202,46622.372273857676,44149.777169268178,922804465.59751701,219887860.68791574,1.0000000000000001e-09,8000000,0,12691.598369910253,0.92280446559751717,26462160.16733491,-106365.9858414779,1,66.526173666053467,16.719248585405683,26546122.365133602,-83962.19779869169,26462160.16733491,50000000,0,26568526.14855193,-10882416.64545146
64390.322035038029,46672.352441962263,44236.345359796156,922804465.59751701,219887860.68791574,1.0000000000000001e-09,8000000,0,12693.107780035654,0.92280446559751717,26456619.157051146,-115102.80236935824,1,66.519091189461918,16.707541347434354,26546122.365133375,-89503.208082228899,26456619.157051146,50000000,0,26571721.954796169,-11253514.832150918
64290.361698828856,46722.332610066849,44322.913550324134,922804465.59751701,219887860.68791574,1.0000000000000001e-09,8000000,0,12691.989350235643,0.92280446559751717,26459560.630781196,-108850.34662175627,1,66.560323049156722,16.728667253843646,26546122.365133498,-86561.734352301806,26459560.630781196,50000000,0,26568410.972778458,-11067098.690199578
64190.401362619683,46772.312778171436,44409.481740852112,922804465.59751701,219887860.68791574,1.0000000000000001e-09,8000000,0,12692.619800395769,0.92280446559751717,26458229.573087402,-113511.70995495042,1,66.439089022128144,16.769425369067374,26546122.36513336,-87892.79204595834,26458229.573087402,50000000,0,26571741.278417908,-11180646.693214474
64090.44102641051,46822.292946276022,44496.049931380083,922804465.59751701,219887860.68791574,1.0000000000000001e-09,8000000,0,12692.160215882299,0.92280446559751717,26459717.354443777,-108418.19688802752,1,66.407249130572822,16.756632745156903,26546122.365133319,-86405.010689541698,26459717.354443777,50000000,0,26568135.546707336,-11058578.207459912
63990.480690201337,46872.273114380609,44582.618121908061,922804465.59751701,219887860.68791574,1.0000000000000001e-09,8000000,0,12692.792343428122,0.92280446559751717,26455137.109290387,-116687.99320015773,1,66.476966196291045,16.7583059364676,26546122.365133435,-90985.255843047053,26455137.109290387,50000000,0,26571825.097866099,-11395335.73891072
63890.520353992157,46922.253282485195,44669.186312436046,922804465.59751701,219887860.68791574,1.0000000000000001e-09,8000000,0,12692.098355639968,0.92280446559751717,26459322.984817948,-108695.23794300413,1,66.401894408772449,16.785424956524178,26546122.365133464,-86799.380315516144,26459322.984817948,50000000,0,26568018.218136501,-11106091.770394104
63790.560017782991,46972.233450589782,44755.754502964017,922804465.59751701,219887860.68791574,1.0000000000000001e-09,8000000,0,12692.702133290079,0.92280446559751717,26456502.731242679,-115161.15758834698,1,66.381493493909488,16.762445533137477,26546122.365133412,-89619.633890733123,26456502.731242679,50000000,0,26571663.884206608,-11328559.752311841
63690.599681573818,47022.213618694368,44842.322693491995,922804465.59751701,219887860.68791574,1.0000000000000001e-09,8000000,0,12691.932598967462,0.92280446559751717,26457126.503266998,-110932.1641529008,1,66.486612173443234,16.745697398378173,26546122.365133349,-88995.861866351217,26457126.503266998,50000000,0,26568058.662795469,-11280389.14587836
63590.639345364645,47072.193786798955,44928.890884019973,922804465.59751701,219887860.68791574,1.0000000000000001e-09,8000000,0,12693.14793653631,0.92280446559751717,26453713.600812495,-117911.04853400766,1,66.439185851053736,16.768081690209623,26546122.365133632,-92408.76432113722,26453713.600812495,50000000,0,26571624.644722048,-11527395.642304892
63490.679009155487,47122.173954903534,45015.459074547944,922804465.59751701,219887860.68791574,1.0000000000000001e-09,8000000,0,12691.516848657995,0.92280446559751717,26458486.149406798,-109484.50491397256,1,66.411753969803172,16.736742503250369,26546122.365133606,-87636.215726807714,26458486.149406798,50000000,0,26567970.649696317,-11219467.57203356
63390.718672946306,47172.15412300812,45102.027265075922,922804465.59751701,219887860.68791574,1.0000000000000001e-09,8000000,0,12693.094133011064,0.92280446559751717,26453718.69949396,-117780.83302660384,1,66.561340566326933,16.693531079402934,26546122.36513336,-92403.665639400482,26453718.69949396,50000000,0,26571499.527896121,-11556693.238957215
63290.758336737141,47222.134291112707,45188.5954556039,922804465.59751701,219887860.68791574,1.0000000000000001e-09,8000000,0,12692.001425458386,0.92280446559751717,26455081.54712081,-112895.77524865681,1,66.570668223868765,16.714795846381151,26546122.365133334,-91040.818012524396,26455081.54712081,50000000,0,26567977.317745034,-11444167.088027606
63190.798000527961,47272.114459217293,45275.163646131878,922804465.59751701,219887860.68791574,1.0000000000000001e-09,8000000,0,12692.772157311992,0.92280446559751717,26453820.16765409,-117407.47008944883,1,66.490715701503333,16.693357822604369,26546122.365133394,-92302.197479303926,26453820.16765409,50000000,0,26571227.633119043,-11555114.321206247
63090.83766431878,47322.094627321887,45361.731836659856,922804465.59751701,219887860.68791574,1.0000000000000001e-09,8000000,0,12692.078455639657,0.92280446559751717,26456385.681904748,-111516.07668380351,1,66.654090734763287,16.63138585899609,26546122.365133271,-89736.683228522539,26456385.681904748,50000000,0,26567901.75396413,-11383430.697559012
62990.877328109622,47372.074795426466,45448.300027187826,922804465.59751701,219887860.68791574,1.0000000000000001e-09,8000000,0,12692.675276122007,0.92280446559751717,26451517.105639879,-119683.53759078842,1,66.731262019391465,16.630397824471107,26546122.365133442,-94605.259493563324,26451517.105639879,50000000,0,26571200.638606228,-11740909.780038174
62890.916991900434,47422.054963531053,45534.868217715812,922804465.59751701,219887860.68791574,1.0000000000000001e-09,8000000,0,12692.298754285821,0.92280446559751717,26453689.33213295,-114225.1311664136,1,66.662640417779642,16.629877172931007,26546122.365133524,-92433.033000573516,26453689.33213295,50000000,0,26567914.458674926,-11565449.373870727
62790.956655691276,47472.035131635639,45621.436408243782,922804465.59751701,219887860.68791574,1.0000000000000001e-09,8000000,0,12692.541390850212,0.92280446559751717,26453028.185396843,-117891.17049323268,1,66.741661923641615,16.573746030863742,26546122.365133166,-93094.179736323655,26453028.185396843,50000000,0,26570919.351265684,-11675055.18703942
62690.996319482103,47522.015299740226,45708.00459877176,922804465.59751701,219887860.68791574,1.0000000000000001e-09,8000000,0,12691.9626031017,0.92280446559751717,26453072.147185639,-115076.73867371924,1,66.874371767284643,16.568729850502486,26546122.365133427,-93050.217947788537,26453072.147185639,50000000,0,26568148.881234873,-11649290.190617353
62591.035983272915,47571.995467844819,45794.572789299746,922804465.59751701,219887860.68791574,1.0000000000000001e-09,8000000,0,12693.070231079526,0.92280446559751717,26449836.384573754,-120691.64539414887,1,66.767977353731808,16.581892917806744,26546122.365133271,-96285.980559516698,26449836.384573754,50000000,0,26570528.025343534,-11884431.552251367
62491.075647063757,47621.975635949399,45881.140979827716,922804465.59751701,219887860.68791574,1.0000000000000001e-09,8000000,0,12691.813104245692,0.92280446559751717,26452498.243364707,-115753.92026366777,1,66.827207631569166,16.543531133339453,26546122.365133274,-93624.121768567711,26452498.243364707,50000000,0,26568252.159003884,-11704868.041004645
62391.115310854577,47671.955804053985,45967.709170355694,922804465.59751701,219887860.68791574,1.0000000000000001e-09,8000000,0,12692.764388084392,0.92280446559751717,26451325.711298477,-118962.56134886398,1,66.912111258321772,16.544171574917566,26546122.365133259,-94796.653834782541,26451325.711298477,50000000,0,26570288.268022858,-11824545.134761468
62291.154974645411,47721.935972158572,46054.277360883672,922804465.59751701,219887860.68791574,1.0000000000000001e-09,8000000,0,12692.249811470261,0.92280446559751717,26450519.208679672,-117837.89848256476,1,66.822806159046564,16.567287930538498,26546122.365133256,-95603.15645358339,26450519.208679672,50000000,0,26568357.102537841,-11849659.819040297
62191.194638436231,47771.916140263158,46140.84555141165,922804465.59751701,219887860.68791574,1.0000000000000001e-09,8000000,0,12692.597215916927,0.92280446559751717,26448765.919691328,-121158.25794897978,1,66.831495318640052,16.546551671744595,26546122.365133468,-97356.445442140102,26448765.919691328,50000000,0,26569924.173015863,-11991621.278560078
62091.234302227065,47821.896308367744,46227.413741939621,922804465.59751701,219887860.68791574,1.0000000000000001e-09,8000000,0,12692.386667397215,0.92280446559751717,26451184.420338798,-117376.68215514428,1,66.891649214560644,16.558431015201776,26546122.365133114,-94937.944794315845,26451184.420338798,50000000,0,26568561.097869489,-11856317.850468263
61991.2739660179,47871.876476472331,46313.981932467592,922804465.59751701,219887860.68791574,1.0000000000000001e-09,8000000,0,12692.209224053951,0.92280446559751717,26448769.975516208,-120787.2064889383,1,66.790116569410969,16.595917540609733,26546122.365133602,-97352.389617394656,26448769.975516208,50000000,0,26569557.177380688,-12017651.443247467
61891.313629808719,47921.856644576917,46400.550122995577,922804465.59751701,219887860.68791574,1.0000000000000001e-09,8000000,0,12692.623334910355,0.92280446559751717,26447780.848933261,-120914.44432573493,1,66.747176341451492,16.585494280502616,26546122.365133286,-98341.516200024635,26447780.848933261,50000000,0,26568695.288634535,-12093127.394400472
61791.353293599546,47971.836812681504,46487.118313523548,922804465.59751701,219887860.68791574,1.0000000000000001e-09,8000000,0,12692.436425581313,0.92280446559751717,26447584.311372567,-121663.85299008711,1,66.825451289159247,16.603839961748868,26546122.365133405,-98538.053760837764,26447584.311372567,50000000,0,26569248.159738265,-12128043.38675306
61691.392957390373,48021.81698078609,46573.686504051526,922804465.59751701,219887860.68791574,1.0000000000000001e-09,8000000,0,12692.114957762589,0.92280446559751717,26448954.472195901,-119994.87377063819,1,66.671729513754201,16.65868425739529,26546122.365133435,-97167.892937533557,26448954.472195901,50000000,0,26568949.341342017,-12063853.646955658
61591.432621181193,48071.797148890677,46660.254694579511,922804465.59751701,219887860.68791574,1.0000000000000001e-09,8000000,0,12692.748837644504,0.92280446559751717,26446087.181181587,-122668.79569425003,1,66.619387453981346,16.652278023254169,26546122.365133293,-100035.18395170569,26446087.181181587,50000000,0,26568755.972251482,-12233260.112169312
61491.472284972027,48121.777316995263,46746.822885107482,922804465.59751701,219887860.68791574,1.0000000000000001e-09,8000000,0,12692.262227600962,0.92280446559751717,26445322.816387903,-123837.91369384885,1,66.683132299995606,16.663142433661633,26546122.365133487,-100799.54874558374,26445322.816387903,50000000,0,26569160.725457266,-12321330.907547191
61391.511948762854,48171.75748509985,46833.39107563546,922804465.59751701,219887860.68791574,1.0000000000000001e-09,8000000,0,12692.364782584433,0.92280446559751717,26447134.26653358,-121268.60478515238,1,66.578172124767704,16.722433908534871,26546122.365133341,-98988.098599761724,26447134.26653358,50000000,0,26568402.866694298,-12209272.361592377
61291.551612553681,48221.737653204436,46919.959266163438,922804465.59751701,219887860.68791574,1.0000000000000001e-09,8000000,0,12692.526359714153,0.92280446559751717,26445255.819342144,-123899.51939056595,1,66.450695502134508,16.732508654313389,26546122.365133278,-100866.54579113424,26445255.819342144,50000000,0,26569155.334108241,-12342606.775347287
61191.591276344509,48271.717821309023,47006.527456691416,922804465.59751701,219887860.68791574,1.0000000000000001e-09,8000000,0,12692.197599440369,0.92280446559751717,26443758.481018703,-124398.04178600888,1,66.539291289089661,16.715962406950343,26546122.365133367,-102363.88411466405,26443758.481018703,50000000,0,26568156.518180288,-12460570.255168155
61091.630940135336,48321.697989413609,47093.095647219394,922804465.59751701,219887860.68791574,1.0000000000000001e-09,8000000,0,12692.891376913069,0.92280446559751717,26443187.578170884,-126230.41887383658,1,66.501739365950954,16.760033162145973,26546122.365133408,-102934.78696252406,26443187.578170884,50000000,0,26569417.992420286,-12534054.19436954
60991.67060392617,48371.678157518196,47179.663837747365,922804465.59751701,219887860.68791574,1.0000000000000001e-09,8000000,0,12691.765737211104,0.92280446559751717,26444899.048920002,-122916.15227985058,1,66.380758961918247,16.773882601801795,26546122.365133647,-101223.31621364504,26444899.048920002,50000000,0,26567815.196575437,-12442767.591670046
60891.71026771699,48421.658325622782,47266.23202827535,922804465.59751701,219887860.68791574,1.0000000000000001e-09,8000000,0,12692.891636803972,0.92280446559751717,26440435.295670953,-129241.04452864728,1,66.442963377344554,16.750842084683896,26546122.365133345,-105687.06946239248,26440435.295670953,50000000,0,26569676.335575167,-12766935.433223825
60791.749931507817,48471.638493727369,47352.800218803321,922804465.59751701,219887860.68791574,1.0000000000000001e-09,8000000,0,12692.261738693353,0.92280446559751717,26441270.524866603,-126441.18581276208,1,66.462836237991993,16.771594430110419,26546122.365133282,-104851.84026667848,26441270.524866603,50000000,0,26567711.706054881,-12741021.858118817
60691.789595298644,48521.618661831955,47439.368409331299,922804465.59751701,219887860.68791574,1.0000000000000001e-09,8000000,0,12692.361969991365,0.92280446559751717,26440462.489464164,-129533.64171795211,1,66.369010745207177,16.780800635907166,26546122.365133211,-105659.87566904724,26440462.489464164,50000000,0,26569996.126557719,-12849278.257986663
60591.829259089471,48571.598829936534,47525.936599859277,922804465.59751701,219887860.68791574,1.0000000000000001e-09,8000000,0,12692.314955939322,0.92280446559751717,26440680.08230979,-127028.40332105347,1,66.433216604674939,16.744544171180021,26546122.365133408,-105442.2828236185,26440680.08230979,50000000,0,26567708.481006388,-12866671.914377732
60491.868922880305,48621.578998041121,47612.504790387247,922804465.59751701,219887860.68791574,1.0000000000000001e-09,8000000,0,12692.684914256373,0.92280446559751717,26436112.541485451,-134616.28105540399,1,66.497233634791314,16.750059370948193,26546122.365133375,-110009.82364792377,26436112.541485451,50000000,0,26570728.817916453,-13240608.924610708
60391.908586671139,48671.559166145707,47699.072980915225,922804465.59751701,219887860.68791574,1.0000000000000001e-09,8000000,0,12692.143552845493,0.92280446559751717,26439066.11845246,-129072.1348467997,1,66.418826494706138,16.75384209172282,26546122.365133531,-107056.24668107182,26439066.11845246,50000000,0,26568138.248674829,-13082904.020077134
60291.948250461952,48721.539334250301,47785.641171443211,922804465.59751701,219887860.68791574,1.0000000000000001e-09,8000000,0,12692.727056154994,0.92280446559751717,26437052.388473153,-134611.12848414437,1,66.486974270148039,16.705093948906384,26546122.365133248,-109069.97666009516,26437052.388473153,50000000,0,26571663.512332875,-13298584.675750794
60191.987914252793,48771.51950235488,47872.209361971181,922804465.59751701,219887860.68791574,1.0000000000000001e-09,8000000,0,12691.89926538287,0.92280446559751717,26438290.745121315,-130872.8870829357,1,66.606817011442843,16.686183533244101,26546122.365133371,-107831.62001205608,26438290.745121315,50000000,0,26569163.627579816,-13211167.499203114
60092.027578043613,48821.499670459467,47958.777552499159,922804465.59751701,219887860.68791574,1.0000000000000001e-09,8000000,0,12693.125163911751,0.92280446559751717,26438143.979801238,-134569.38820918606,1,66.556855544515685,16.695307864568935,26546122.365134526,-107978.38533328846,26438143.979801238,50000000,0,26572713.363386024,-13108595.926185558
59992.067241834447,48871.479838564053,48045.34574302713,922804465.59751701,219887860.68791574,1.0000000000000001e-09,8000000,0,12693.786996760509,0.92280446559751717,26451329.438448749,-117896.09374132578,1,66.57624186064379,16.647476103769673,26546122.365130823,-94792.926682073623,26451329.438448749,50000000,0,26569225.527565591,-11985095.103939978
59892.106905625267,48921.46000666864,48131.913933555115,922804465.59751701,219887860.68791574,1.0000000000000001e-09,8000000,0,12703.490531270316,0.92280446559751717,26457457.911563203,-113491.01062025026,1,66.740118983802262,16.614006851537965,26546122.365128003,-88664.453564800322,26457457.911563203,50000000,0,26570948.917559005,-11282370.643304465
59792.146569416087,48971.440174773234,48218.482124083093,922804465.59751701,219887860.68791574,1.0000000000000001e-09,8000000,0,12702.391393078564,0.92280446559751717,26460071.521518532,-105049.59479229564,1,66.702504116722864,16.624128307269984,26546122.36513396,-86050.843615427613,26460071.521518532,50000000,0,26565121.11168636,-10837545.168644357
59692.186233206929,49021.420342877813,48305.050314611064,922804465.59751701,219887860.68791574,1.0000000000000001e-09,8000000,0,12697.708777278132,0.92280446559751717,26450227.517898526,-116994.62826377696,1,66.703595755476343,16.585565962632948,26546122.365131699,-95894.847233172506,26450227.517898526,50000000,0,26567222.141537879,-11502950.150426773
59592.225896997741,49071.400510982399,48391.618505139049,922804465.59751701,219887860.68791574,1.0000000000000001e-09,8000000,0,12694.652731203101,0.92280446559751717,26445415.790927652,-117730.67154313414,1,66.841267603848294,16.560977689908185,26546122.365133334,-100706.57420568168,26445415.790927652,50000000,0,26563146.457846344,-12014065.293083459
59492.265560788575,49121.380679086986,48478.18669566702,922804465.59751701,219887860.68791574,1.0000000000000001e-09,8000000,0,12692.664370649285,0.92280446559751717,26433928.254415676,-133106.62499646717,1,66.817491132956619,16.57666507075599,26546122.365133245,-112194.11071756855,26433928.254415676,50000000,0,26567034.874787699,-12998250.556224391
59392.30522457941,49171.360847191572,48564.754886194998,922804465.59751701,219887860.68791574,1.0000000000000001e-09,8000000,0,12692.354455474398,0.92280446559751717,26433714.596100893,-129981.8019332851,1,66.794368124737701,16.550651738755587,26546122.36513352,-112407.76903262734,26433714.596100893,50000000,0,26563696.393409781,-13149115.388537996
59292.344888370222,49221.341015296166,48651.323076722976,922804465.59751701,219887860.68791574,1.0000000000000001e-09,8000000,0,12692.754524911805,0.92280446559751717,26431358.668629739,-136586.71302537029,1,66.920000556615435,16.5278673320494,26546122.365133319,-114763.69650357962,26431358.668629739,50000000,0,26567945.377030708,-13474091.030399775
59192.384552161064,49271.321183400745,48737.891267250954,922804465.59751701,219887860.68791574,1.0000000000000001e-09,8000000,0,12691.752840095825,0.92280446559751717,26432701.457720738,-132045.14162030126,1,66.877796017889921,16.567468548448829,26546122.365133327,-113420.9074125886,26432701.457720738,50000000,0,26564746.594716594,-13409335.317089461
59092.424215951891,49321.301351505332,48824.459457778925,922804465.59751701,219887860.68791574,1.0000000000000001e-09,8000000,0,12693.262953250975,0.92280446559751717,26428424.054207865,-140091.42022284682,1,66.772777411772964,16.554903720919505,26546122.365133323,-117698.31092545763,26428424.054207865,50000000,0,26568515.469806235,-13752619.762296822
58992.463879742718,49371.281519609918,48911.027648306903,922804465.59751701,219887860.68791574,1.0000000000000001e-09,8000000,0,12691.746965639402,0.92280446559751717,26431773.643777698,-133535.83016578981,1,66.924623484093743,16.535492685029261,26546122.365133386,-114348.72135568783,26431773.643777698,50000000,0,26565309.469319101,-13538793.314307177
58892.503543533545,49421.261687714505,48997.595838834881,922804465.59751701,219887860.68791574,1.0000000000000001e-09,8000000,0,12692.823551847112,0.92280446559751717,26430771.609945435,-138052.02109136083,1,66.8440594159987,16.592797318108801,26546122.365133245,-115350.75518780947,26430771.609945435,50000000,0,26568823.626412306,-13666623.241652563
58792.543207324372,49471.241855819091,49084.164029362859,922804465.59751701,219887860.68791574,1.0000000000000001e-09,8000000,0,12692.129798242424,0.92280446559751717,26431086.004339173,-134430.91937203528,1,66.703695395511474,16.605915185751172,26546122.365133349,-115036.36079417542,26431086.004339173,50000000,0,26565516.919086777,-13593652.321192635
58692.582871115199,49521.222023923678,49170.73221989083,922804465.59751701,219887860.68791574,1.0000000000000001e-09,8000000,0,12692.750363212015,0.92280446559751717,26428101.50090564,-140669.39353887425,1,66.795064938086639,16.584516786189305,26546122.365133464,-118020.86422782391,26428101.50090564,50000000,0,26568770.889820036,-13853647.373989832
58592.622534906026,49571.202192028264,49257.300410418815,922804465.59751701,219887860.68791574,1.0000000000000001e-09,8000000,0,12692.187864105135,0.92280446559751717,26431623.693607822,-134178.02164594759,1,66.77485070231684,16.642389760563837,26546122.3651333,-114498.67152547836,26431623.693607822,50000000,0,26565801.710629363,-13612155.79388796
58492.662198696853,49621.182360132843,49343.868600946786,922804465.59751701,219887860.68791574,1.0000000000000001e-09,8000000,0,12692.471622761343,0.92280446559751717,26429058.548060585,-139373.28387749894,1,66.574773069795114,16.683268399308901,26546122.365133382,-117063.81707279757,26429058.548060585,50000000,0,26568431.827313617,-13804786.1301395
58392.70186248768,49671.162528237437,49430.436791474764,922804465.59751701,219887860.68791574,1.0000000000000001e-09,8000000,0,12692.320724713463,0.92280446559751717,26428522.675103415,-137442.9995122916,1,66.613961226339583,16.659504681672651,26546122.365133446,-117599.69003003091,26428522.675103415,50000000,0,26565965.669991255,-13832034.211112149
58292.741526278507,49721.142696342024,49517.004982002742,922804465.59751701,219887860.68791574,1.0000000000000001e-09,8000000,0,12692.797913232103,0.92280446559751717,26427105.970287554,-141133.22773238015,1,66.657622088532605,16.693025342815535,26546122.365133218,-119016.3948456645,26427105.970287554,50000000,0,26568239.193395529,-13969485.034927104
58192.781190069334,49771.12286444661,49603.57317253072,922804465.59751701,219887860.68791574,1.0000000000000001e-09,8000000,0,12691.75693761418,0.92280446559751717,26429943.349852152,-136113.57654513148,1,66.484833490956348,16.746463628974784,26546122.365133684,-116179.01528153196,26429943.349852152,50000000,0,26566056.921772782,-13783974.498098696
58092.820853860161,49821.103032551197,49690.141363058698,922804465.59751701,219887860.68791574,1.0000000000000001e-09,8000000,0,12693.003846077081,0.92280446559751717,26425807.799098052,-142032.70201308304,1,66.454259437758409,16.729865368397483,26546122.365133468,-120314.56603541598,26425807.799098052,50000000,0,26567840.496486712,-14059309.433642082
57992.860517650995,49871.083200655776,49776.709553586668,922804465.59751701,219887860.68791574,1.0000000000000001e-09,8000000,0,12692.075434120601,0.92280446559751717,26426269.014887132,-139941.97172791543,1,66.533665846263901,16.739468880275471,26546122.365133386,-119853.35024625435,26426269.014887132,50000000,0,26566210.981990587,-14046943.903432885
57892.900181441815,49921.063368760369,49863.277744114654,922804465.59751701,219887860.68791574,1.0000000000000001e-09,8000000,0,12692.572596130814,0.92280446559751717,26426475.542151205,-140978.39978737826,1,66.424909007435247,16.778399260457455,26546122.365133405,-119646.82298219949,26426475.542151205,50000000,0,26567453.937314134,-14052269.974750141
57792.939845232642,49971.043536864956,49949.845934642632,922804465.59751701,219887860.68791574,1.0000000000000001e-09,8000000,0,12692.303429151561,0.92280446559751717,26426418.537785403,-139777.23855952272,1,66.383798953215447,16.767746362555297,26546122.365133274,-119703.82734787092,26426418.537785403,50000000,0,26566195.771720499,-14058381.029468192
57692.979509023484,50021.023704969535,50036.414125170595,922804465.59751701,219887860.68791574,1.0000000000000001e-09,8000000,0,12692.390119011145,0.92280446559751717,26423222.339337826,-143969.55892385612,1,66.462484892106517,16.757569478364307,26546122.365133412,-122900.02579558641,26423222.339337826,50000000,0,26567191.893637273,-14297008.489774661
57593.019172814304,50071.003873074122,50122.98231569858,922804465.59751701,219887860.68791574,1.0000000000000001e-09,8000000,0,12692.663332178312,0.92280446559751717,26424070.791538667,-142304.91925031479,1,66.414853064241598,16.780514481226838,26546122.365133438,-122051.57359477133,26424070.791538667,50000000,0,26566375.706164494,-14252834.572909849
57493.058836605123,50120.984041178708,50209.550506226558,922804465.59751701,219887860.68791574,1.0000000000000001e-09,8000000,0,12692.045888986593,0.92280446559751717,26424351.896452814,-142373.13086069177,1,66.389514000220899,16.755808892539442,26546122.365133334,-121770.46868051961,26424351.896452814,50000000,0,26566725.022689093,-14265201.994661696
57393.098500395965,50170.964209283295,50296.118696754529,922804465.59751701,219887860.68791574,1.0000000000000001e-09,8000000,0,12692.560382136449,0.92280446559751717,26421812.661926355,-144736.030797093,1,66.502976970154293,16.732192395371619,26546122.365133412,-124309.70320705697,26421812.661926355,50000000,0,26566548.688098926,-14449142.265900796
57293.138164186792,50220.944377387881,50382.686887282507,922804465.59751701,219887860.68791574,1.0000000000000001e-09,8000000,0,12692.610965512924,0.92280446559751717,26420627.999596857,-145718.40397856996,1,66.476691901214664,16.74991800424473,26546122.365133308,-125494.36553645134,26420627.999596857,50000000,0,26566346.39895102,-14534896.425325286
57193.177827977612,50270.924545492468,50469.255077810485,922804465.59751701,219887860.68791574,1.0000000000000001e-09,8000000,0,12692.083105633046,0.92280446559751717,26421739.988490019,-144852.52197956468,1,66.442767098527796,16.718951398088159,26546122.36513333,-124382.37664331123,26421739.988490019,50000000,0,26566592.505845178,-14492676.595820643
57093.217491768446,50320.904713597054,50555.823268338463,922804465.59751701,219887860.68791574,1.0000000000000001e-09,8000000,0,12692.551742101337,0.92280446559751717,26420697.686492749,-145194.68584765316,1,66.603680721280924,16.672815165003829,26546122.365133453,-125424.6786407046,26420697.686492749,50000000,0,26565892.367715925,-14579110.28593656
56993.257155559266,50370.884881701641,50642.391458866441,922804465.59751701,219887860.68791574,1.0000000000000001e-09,8000000,0,12692.479258897507,0.92280446559751717,26417613.063068006,-149154.62612851275,1,66.611541932329288,16.69027967898915,26546122.365133319,-128509.30206531286,26417613.063068006,50000000,0,26566767.684572048,-14801069.529341364
56893.2968193501,50420.865049806227,50728.959649394419,922804465.59751701,219887860.68791574,1.0000000000000001e-09,8000000,0,12692.282147116193,0.92280446559751717,26418850.140026715,-146483.20960013967,1,66.548882858554563,16.663095225413056,26546122.365133394,-127272.2251066789,26418850.140026715,50000000,0,26565333.345002402,-14717594.43012023
56793.33648314092,50470.845217910814,50815.527839922397,922804465.59751701,219887860.68791574,1.0000000000000001e-09,8000000,0,12692.636637117525,0.92280446559751717,26417884.055463757,-148823.97385651531,1,66.716839330214867,16.60205158938895,26546122.365133315,-128238.30966955796,26417884.055463757,50000000,0,26566708.024695836,-14840349.848165501
56693.376146931754,50520.8253860154,50902.096030450368,922804465.59751701,219887860.68791574,1.0000000000000001e-09,8000000,0,12691.966898529397,0.92280446559751717,26416195.757174108,-148802.15328230584,1,66.789231558375278,16.610863390661287,26546122.365133367,-129926.6079592593,26416195.757174108,50000000,0,26564997.905831974,-14960764.128630938
56593.415810722574,50570.805554119986,50988.664220978353,922804465.59751701,219887860.68791574,1.0000000000000001e-09,8000000,0,12693.045966362839,0.92280446559751717,26412949.787312564,-153610.27930703133,1,66.682184206988865,16.610278698078371,26546122.365133416,-133172.5778208524,26412949.787312564,50000000,0,26566560.061995137,-15177827.365359502
56493.455474513394,50620.785722224573,51075.232411506331,922804465.59751701,219887860.68791574,1.0000000000000001e-09,8000000,0,12691.840575725178,0.92280446559751717,26416033.366841126,-148283.25453668332,1,66.800738034509607,16.541346572225912,26546122.36513342,-130088.9982922934,26416033.366841126,50000000,0,26564316.616753358,-15016157.391870625
56393.495138304235,50670.765890329159,51161.800602034302,922804465.59751701,219887860.68791574,1.0000000000000001e-09,8000000,0,12692.728678844838,0.92280446559751717,26411610.397621479,-154716.36419121936,1,66.942675493504296,16.550797733889492,26546122.365133364,-134511.96751188487,26411610.397621479,50000000,0,26566326.757188223,-15314703.022502337
56293.534802095062,50720.746058433746,51248.36879256228,922804465.59751701,219887860.68791574,1.0000000000000001e-09,8000000,0,12692.368511294011,0.92280446559751717,26411901.424656771,-151338.38241748675,1,66.769575292242934,16.576840921734924,26546122.36513336,-134220.9404765889,26411901.424656771,50000000,0,26563239.802449852,-15263401.579938445
56193.574465885882,50770.726226538332,51334.936983090258,922804465.59751701,219887860.68791574,1.0000000000000001e-09,8000000,0,12692.51351384294,0.92280446559751717,26408806.777416658,-156720.01818210463,1,66.843561689255409,16.523645105248526,26546122.365133453,-137315.5877167955,26408806.777416658,50000000,0,26565526.790974315,-15435868.996266089
56093.614129676716,50820.706394642919,51421.505173618229,922804465.59751701,219887860.68791574,1.0000000000000001e-09,8000000,0,12692.273090559918,0.92280446559751717,26413508.773097392,-148359.06282587248,1,66.974760706527647,16.528866537591146,26546122.365133282,-132613.59203588963,26413508.773097392,50000000,0,26561867.831298813,-15082554.180476462
55993.653793467543,50870.686562747505,51508.073364146207,922804465.59751701,219887860.68791574,1.0000000000000001e-09,8000000,0,12692.699313694875,0.92280446559751717,26409771.320307843,-154678.20990176345,1,66.820009127873263,16.580251974894757,26546122.365133297,-136351.04482545331,26409771.320307843,50000000,0,26564449.525585212,-15168181.588363569
55893.69345725837,50920.666730852092,51594.641554674185,922804465.59751701,219887860.68791574,1.0000000000000001e-09,8000000,0,12694.024304021483,0.92280446559751717,26417216.157926898,-143566.87976503471,1,66.776062347992536,16.552446223443926,26546122.365134284,-128906.20720738545,26417216.157926898,50000000,0,26560783.033067431,-14499505.85464233
55793.733121049198,50970.646898956678,51681.209745202163,922804465.59751701,219887860.68791574,1.0000000000000001e-09,8000000,0,12697.646182407907,0.92280446559751717,26422584.228464063,-141856.44909832434,1,66.901435904020104,16.554654068085537,26546122.365129601,-123538.13666553795,26422584.228464063,50000000,0,26564440.672937959,-13996080.910969989
55693.772784840025,51020.627067061265,51767.777935730141,922804465.59751701,219887860.68791574,1.0000000000000001e-09,8000000,0,12700.980175443303,0.92280446559751717,26433430.683393776,-128622.30213394114,1,66.766157587472705,16.620998620312665,26546122.365133762,-112691.68173998594,26433430.683393776,50000000,0,26562052.980903286,-13257509.765876818
55593.812448630852,51070.607235165851,51854.346126258119,922804465.59751701,219887860.68791574,1.0000000000000001e-09,8000000,0,12704.445905697552,0.92280446559751717,26427895.864218291,-139673.2220019378,1,66.664742362679036,16.616417804659719,26546122.365132902,-118226.50091461092,26427895.864218291,50000000,0,26567569.08159573,-13857917.959935537
55493.852112421679,51120.587403270438,51940.914316786097,922804465.59751701,219887860.68791574,1.0000000000000001e-09,8000000,0,12695.273253802159,0.92280446559751717,26420881.449017134,-144965.51075081341,1,66.773431582414332,16.613206926052584,26546122.365129575,-125240.91611244157,26420881.449017134,50000000,0,26565846.95514359,-14663943.951551409
55393.891776212506,51170.567571375024,52027.482507314067,922804465.59751701,219887860.68791574,1.0000000000000001e-09,8000000,0,12692.604106914379,0.92280446559751717,26409412.164152715,-160308.04507338032,1,66.67455835847646,16.676358781080893,26546122.365134895,-136710.20098217949,26409412.164152715,50000000,0,26569720.204601567,-15755345.373183293
55293.931440003333,51220.547739479611,52114.050697842045,922804465.59751701,219887860.68791574,1.0000000000000001e-09,8000000,0,12692.181435872271,0.92280446559751717,26405994.127739828,-159419.40769329283,1,66.54035317858829,16.691600960342754,26546122.3651332,-140128.23739337176,26405994.127739828,50000000,0,26565413.530808728,-16097430.305889968
55193.971103794152,51270.527907584197,52200.618888370031,922804465.59751701,219887860.68791574,1.0000000000000001e-09,8000000,0,12692.785030225728,0.92280446559751717,26399886.913384207,-168722.70946391599,1,66.608645172358777,16.684783365482257,26546122.3651333,-146235.45174909383,26399886.913384207,50000000,0,26568609.618223708,-16581078.635319177
55094.010767584987,51320.508075688784,52287.187078898001,922804465.59751701,219887860.68791574,1.0000000000000001e-09,8000000,0,12692.108779375918,0.92280446559751717,26403463.743071638,-160728.63224077373,1,66.560680181684475,16.733617913114941,26546122.365133457,-142658.62206181884,26403463.743071638,50000000,0,26564192.370687928,-16310370.228111694
54994.050431375814,51370.48824379337,52373.755269425979,922804465.59751701,219887860.68791574,1.0000000000000001e-09,8000000,0,12692.64172882867,0.92280446559751717,26400068.773017734,-167152.21416996385,1,66.426740228789683,16.752886794482016,26546122.365133334,-146053.59211559966,26400068.773017734,50000000,0,26567220.982563294,-16521705.191213401
54894.090095166641,51420.468411897957,52460.323459953957,922804465.59751701,219887860.68791574,1.0000000000000001e-09,8000000,0,12692.066211059431,0.92280446559751717,26400460.485958774,-162882.79123107926,1,66.482153631962959,16.736039193587182,26546122.365133446,-145661.87917467207,26400460.485958774,50000000,0,26563343.27256538,-16452062.976705668
54794.129758957468,51470.448580002543,52546.891650481935,922804465.59751701,219887860.68791574,1.0000000000000001e-09,8000000,0,12693.040049231669,0.92280446559751717,26397762.394148614,-168676.83398610735,1,66.481873458467518,16.765134427054939,26546122.365133375,-148359.97098476067,26397762.394148614,50000000,0,26566439.22351028,-16637788.272495741
54694.169422748302,51520.428748107122,52633.459841009906,922804465.59751701,219887860.68791574,1.0000000000000001e-09,8000000,0,12691.545657683415,0.92280446559751717,26401882.158457585,-160918.69551004333,1,66.378034631964141,16.778387452608609,26546122.365133762,-144240.20667617768,26401882.158457585,50000000,0,26562800.849343162,-16345028.583431438
54594.209086539136,51570.408916211709,52720.028031537877,922804465.59751701,219887860.68791574,1.0000000000000001e-09,8000000,0,12693.132461742594,0.92280446559751717,26396830.530387431,-169007.42407085709,1,66.432914143786917,16.753838562911515,26546122.36513374,-149291.83474630862,26396830.530387431,50000000,0,26565837.949833825,-16681236.05470084
54494.248750329956,51620.389084316295,52806.596222065862,922804465.59751701,219887860.68791574,1.0000000000000001e-09,8000000,0,12691.985523914427,0.92280446559751717,26398224.634770103,-164357.80551204126,1,66.457661528648714,16.770805325308658,26546122.365133286,-147897.73036318272,26398224.634770103,50000000,0,26562582.435657751,-16577333.016087389
54394.288414120791,51670.369252420882,52893.164412593833,922804465.59751701,219887860.68791574,1.0000000000000001e-09,8000000,0,12692.70516130509,0.92280446559751717,26396990.475104365,-168326.71146089144,1,66.376815827465279,16.773720193061465,26546122.365133476,-149131.89002911001,26396990.475104365,50000000,0,26565317.181940753,-16678523.784991721
54294.328077911618,51720.349420525468,52979.732603121811,922804465.59751701,219887860.68791574,1.0000000000000001e-09,8000000,0,12692.142717097886,0.92280446559751717,26398478.522241954,-163894.46514727492,1,66.449342460095053,16.730386207256529,26546122.365133181,-147643.84289122745,26398478.522241954,50000000,0,26562372.982764874,-16582640.018597083
54194.36774170243,51770.329588630055,53066.300793649796,922804465.59751701,219887860.68791574,1.0000000000000001e-09,8000000,0,12692.608724690213,0.92280446559751717,26393607.051297404,-171454.22598818137,1,66.541807097990031,16.729651819523436,26546122.365133293,-152515.3138358891,26393607.051297404,50000000,0,26565061.272661161,-16940872.15094348
54094.407405493272,51820.309756734641,53152.868984177767,922804465.59751701,219887860.68791574,1.0000000000000001e-09,8000000,0,12692.408245231327,0.92280446559751717,26395610.015841722,-166768.58849513996,1,66.449385394700712,16.73985437064762,26546122.365133449,-150512.34929172695,26395610.015841722,50000000,0,26562378.599712402,-16799297.589394093
53994.447069284099,51870.289924839228,53239.437174705745,922804465.59751701,219887860.68791574,1.0000000000000001e-09,8000000,0,12692.359699322236,0.92280446559751717,26394396.941565536,-170208.04446053828,1,66.516619505222621,16.679552043788593,26546122.365133252,-151725.42356771603,26394396.941565536,50000000,0,26564604.981401637,-16933456.379555143
53894.486733074918,51920.270092943814,53326.005365233723,922804465.59751701,219887860.68791574,1.0000000000000001e-09,8000000,0,12692.18085556372,0.92280446559751717,26393445.102215666,-169075.92943951997,1,66.678305539513843,16.652719942135526,26546122.365133431,-152677.26291776448,26393445.102215666,50000000,0,26562521.027030651,-17014264.270254478
53794.526396865753,51970.250261048401,53412.573555761701,922804465.59751701,219887860.68791574,1.0000000000000001e-09,8000000,0,12692.924467768769,0.92280446559751717,26389972.471533999,-174240.2359458498,1,66.622755247513098,16.674149494550161,26546122.365133397,-156149.89359939843,26389972.471533999,50000000,0,26564212.702855498,-17252104.494059611
53694.566060656573,52020.230429152987,53499.141746289679,922804465.59751701,219887860.68791574,1.0000000000000001e-09,8000000,0,12691.842362157013,0.92280446559751717,26392880.855337523,-169613.79645673095,1,66.604532729733492,16.627145588261634,26546122.365133278,-153241.50979575515,26392880.855337523,50000000,0,26562494.647169787,-17092359.157741204
53594.605724447407,52070.210597257574,53585.70993681765,922804465.59751701,219887860.68791574,1.0000000000000001e-09,8000000,0,12692.757936487498,0.92280446559751717,26390015.933683831,-173812.38064926752,1,66.805308909310611,16.580555123523613,26546122.365133338,-156106.43144950643,26390015.933683831,50000000,0,26563828.309708685,-17314598.208699573
53494.645388238227,52120.19076536216,53672.278127345635,922804465.59751701,219887860.68791574,1.0000000000000001e-09,8000000,0,12692.288857312777,0.92280446559751717,26388772.271220684,-173867.22689451737,1,66.779496780123651,16.604797219844951,26546122.365133345,-157350.09391266108,26388772.271220684,50000000,0,26562639.49349077,-17413505.600661337
53394.685052029061,52170.170933466747,53758.846317873606,922804465.59751701,219887860.68791574,1.0000000000000001e-09,8000000,0,12692.483729328378,0.92280446559751717,26387386.98412307,-175903.01675548617,1,66.725534197356609,16.580593128109623,26546122.365133334,-158735.38101026416,26387386.98412307,50000000,0,26563289.996254031,-17508802.178395662
53294.724715819895,52220.151101571333,53845.414508401576,922804465.59751701,219887860.68791574,1.0000000000000001e-09,8000000,0,12692.472835558767,0.92280446559751717,26388784.721338104,-173971.42251858138,1,66.865710773365862,16.536891564357024,26546122.36513336,-157337.64379525557,26388784.721338104,50000000,0,26562756.139232308,-17485405.72075633
53194.764379610715,52270.13126967592,53931.982698929562,922804465.59751701,219887860.68791574,1.0000000000000001e-09,8000000,0,12692.178044619965,0.92280446559751717,26385370.934168257,-177548.87836940552,1,66.898984054052065,16.558973274377177,26546122.365133435,-160751.43096517771,26385370.934168257,50000000,0,26562919.807913229,-17718659.711860087
53094.804043401542,52320.111437780499,54018.550889457532,922804465.59751701,219887860.68791574,1.0000000000000001e-09,8000000,0,12692.778257056661,0.92280446559751717,26383841.066949025,-178988.97053658991,1,66.782055577979847,16.561146087203245,26546122.365133274,-162281.29818424955,26383841.066949025,50000000,0,26562830.032861196,-17844536.658950374
52994.843707192369,52370.091605885093,54105.11907998551,922804465.59751701,219887860.68791574,1.0000000000000001e-09,8000000,0,12692.195150790041,0.92280446559751717,26384307.057047911,-178203.73864078338,1,66.894084190947481,16.530255327294562,26546122.365133312,-161815.30808540061,26384307.057047911,50000000,0,26562510.791064251,-17857260.035588663
52894.883370983189,52420.071773989679,54191.687270513496,922804465.59751701,219887860.68791574,1.0000000000000001e-09,8000000,0,12692.32010245596,0.92280446559751717,26383226.511579998,-179804.94504813963,1,66.8944462581849,16.561824786772927,26546122.365133498,-162895.85355350003,26383226.511579998,50000000,0,26563031.452003632,-17971938.922851324
52794.923034774023,52470.051942094266,54278.255461041466,922804465.59751701,219887860.68791574,1.0000000000000001e-09,8000000,0,12692.621866033051,0.92280446559751717,26380910.251965426,-181032.79245874975,1,66.781190893893253,16.575285690916239,26546122.365133211,-165212.11316778511,26380910.251965426,50000000,0,26561943.039799757,-18116430.127770465
52694.96269856485,52520.032110198852,54364.823651569444,922804465.59751701,219887860.68791574,1.0000000000000001e-09,8000000,0,12692.318543052381,0.92280446559751717,26379128.588210624,-183945.34596266004,1,66.835404794631103,16.566914429769266,26546122.365133423,-166993.77692279965,26379128.588210624,50000000,0,26563073.92954886,-18283452.676846515
52595.002362355684,52570.012278303431,54451.391842097415,922804465.59751701,219887860.68791574,1.0000000000000001e-09,8000000,0,12692.282744693401,0.92280446559751717,26381131.230167564,-180402.98195450814,1,66.8106483013473,16.605277796312205,26546122.365133207,-164991.13496564329,26381131.230167564,50000000,0,26561534.207497653,-18185358.098308563
52495.042026146504,52619.992446408025,54537.9600326254,922804465.59751701,219887860.68791574,1.0000000000000001e-09,8000000,0,12692.618548846092,0.92280446559751717,26377227.828626942,-185790.99669137015,1,66.683950943246444,16.634787524023551,26546122.36513349,-168894.53650654852,26377227.828626942,50000000,0,26563018.820693865,-18452976.587592419
52395.081689937331,52669.972614512611,54624.528223153378,922804465.59751701,219887860.68791574,1.0000000000000001e-09,8000000,0,12692.195096658053,0.92280446559751717,26376677.990485676,-184436.21497778138,1,66.699833277554035,16.622867422629657,26546122.365133353,-169444.37464767694,26376677.990485676,50000000,0,26561114.200839061,-18523601.474493768
52295.121353728166,52719.952782617198,54711.096413681349,922804465.59751701,219887860.68791574,1.0000000000000001e-09,8000000,0,12692.905547113693,0.92280446559751717,26374791.490930807,-188363.58684016968,1,66.714879796666764,16.665438283622972,26546122.365133453,-171330.87420264632,26374791.490930807,50000000,0,26563155.073146511,-18702082.398015112
52195.161017518985,52769.932950721784,54797.664604209334,922804465.59751701,219887860.68791574,1.0000000000000001e-09,8000000,0,12691.693730432367,0.92280446559751717,26376468.019892745,-184187.75085041454,1,66.541643805970338,16.704754330403944,26546122.365133449,-169654.34524070472,26376468.019892745,50000000,0,26560655.766118806,-18612248.135059431
52095.200681309812,52819.913118826364,54884.232794737305,922804465.59751701,219887860.68791574,1.0000000000000001e-09,8000000,0,12693.03786921523,0.92280446559751717,26370548.314018201,-192575.75595269731,1,66.560666425471339,16.688761425657461,26546122.365133315,-175574.05111511424,26370548.314018201,50000000,0,26563124.065346424,-19033417.444866773
51995.240345100639,52869.893286930957,54970.800985265283,922804465.59751701,219887860.68791574,1.0000000000000001e-09,8000000,0,12692.063999856575,0.92280446559751717,26372271.437212657,-188068.81964380623,1,66.594580828601067,16.716054936226868,26546122.365133286,-173850.92792062834,26372271.437212657,50000000,0,26560340.252232037,-18958857.143824674
51895.280008891459,52919.873455035544,55057.369175793268,922804465.59751701,219887860.68791574,1.0000000000000001e-09,8000000,0,12692.4989415296,0.92280446559751717,26370404.517378148,-192667.59397133108,1,66.456170432996174,16.762452570316277,26546122.36513349,-175717.84775534272,26370404.517378148,50000000,0,26563072.106724959,-19123818.797510307
51795.319672682301,52969.853623140123,55143.937366321232,922804465.59751701,219887860.68791574,1.0000000000000001e-09,8000000,0,12692.256867113045,0.92280446559751717,26370383.328455828,-189477.02320741533,1,66.419737278766618,16.749034207364534,26546122.365133267,-175739.03667743877,26370383.328455828,50000000,0,26559860.347038776,-19126145.539644577
51695.359336473135,53019.83379124471,55230.50555684921,922804465.59751701,219887860.68791574,1.0000000000000001e-09,8000000,0,12692.726155891709,0.92280446559751717,26365365.750028554,-197715.87967787471,1,66.49572220785646,16.751762454151443,26546122.365133397,-180756.61510484293,26365365.750028554,50000000,0,26563081.625082035,-19521266.763688579
51595.399000263962,53069.813959349296,55317.073747377181,922804465.59751701,219887860.68791574,1.0000000000000001e-09,8000000,0,12692.138835172942,0.92280446559751717,26368476.528654963,-191051.50386984556,1,66.410878503709085,16.784892809618771,26546122.365133557,-177645.83647859469,26368476.528654963,50000000,0,26559528.027900338,-19327106.066827849
51495.438664054789,53119.794127453883,55403.641937905166,922804465.59751701,219887860.68791574,1.0000000000000001e-09,8000000,0,12692.729232458947,0.92280446559751717,26364642.297337357,-198221.01000803776,1,66.37291868798647,16.767957894793014,26546122.365133263,-181480.06779590622,26364642.297337357,50000000,0,26562863.302720983,-19637054.233573247
51395.478327845609,53169.774295558469,55490.210128433144,922804465.59751701,219887860.68791574,1.0000000000000001e-09,8000000,0,12691.923946740097,0.92280446559751717,26364125.336201943,-195239.5313149009,1,66.472127099106004,16.750300898418537,26546122.36513339,-181997.02893144637,26364125.336201943,50000000,0,26559364.8628924,-19698616.529137503
51295.517991636443,53219.754463663056,55576.778318961115,922804465.59751701,219887860.68791574,1.0000000000000001e-09,8000000,0,12693.179763097154,0.92280446559751717,26359987.607540213,-202794.4488714296,1,66.433277138449071,16.773822394922384,26546122.365133394,-186134.75759318098,26359987.607540213,50000000,0,26562782.051787201,-20021990.552107621
51195.557655427263,53269.734631767642,55663.3465094891,922804465.59751701,219887860.68791574,1.0000000000000001e-09,8000000,0,12691.502903350123,0.92280446559751717,26363566.799544711,-195505.21962691098,1,66.394041337671538,16.749091432868024,26546122.365133632,-182555.56558892131,26363566.799544711,50000000,0,26559072.014547221,-19817517.027555797
51095.597319218097,53319.714799872228,55749.914700017071,922804465.59751701,219887860.68791574,1.0000000000000001e-09,8000000,0,12693.08478329581,0.92280446559751717,26357493.781659763,-205115.44400126982,1,66.528909844503886,16.709949992897609,26546122.365133416,-188628.5834736526,26357493.781659763,50000000,0,26562609.221036606,-20275098.891597349
50995.636983008924,53369.694967976815,55836.482890545049,922804465.59751701,219887860.68791574,1.0000000000000001e-09,8000000,0,12692.003902325341,0.92280446559751717,26358116.305879518,-200746.09512375473,1,66.538567664598261,16.728442314727005,26546122.3651333,-188006.05925378203,26358116.305879518,50000000,0,26558862.396378819,-20241743.082815964
50895.676646799737,53419.675136081401,55923.051081073034,922804465.59751701,219887860.68791574,1.0000000000000001e-09,8000000,0,12692.725856372897,0.92280446559751717,26355641.644076809,-206649.0454968781,1,66.46761993755166,16.709210322548067,26546122.36513352,-190480.72105671093,26355641.644076809,50000000,0,26562290.68494923,-20458409.444089219
50795.716310590571,53469.655304185988,56009.619271601005,922804465.59751701,219887860.68791574,1.0000000000000001e-09,8000000,0,12692.065367153442,0.92280446559751717,26357197.293587334,-201372.15885181128,1,66.616603604259538,16.653072036002385,26546122.365133401,-188925.07154606655,26357197.293587334,50000000,0,26558569.447814703,-20385659.797719024
50695.755974381405,53519.635472290574,56096.187462128983,922804465.59751701,219887860.68791574,1.0000000000000001e-09,8000000,0,12692.760429263293,0.92280446559751717,26350933.496344406,-211251.60227417664,1,66.682880052202222,16.651738731989692,26546122.365133271,-195188.86878886446,26350933.496344406,50000000,0,26562185.093994129,-20865936.758653313
50595.795638172232,53569.615640395161,56182.755652656953,922804465.59751701,219887860.68791574,1.0000000000000001e-09,8000000,0,12692.193829432998,0.92280446559751717,26352646.300244153,-205720.64521907226,1,66.626087003267685,16.645797168052948,26546122.365133394,-193476.06488924101,26352646.300244153,50000000,0,26558366.940838754,-20748212.041970212
50495.835301963059,53619.595808499747,56269.323843184939,922804465.59751701,219887860.68791574,1.0000000000000001e-09,8000000,0,12692.671796494447,0.92280446559751717,26350127.203340407,-211713.73842135843,1,66.713178846054689,16.592212137517272,26546122.365133509,-195995.16179310158,26350127.203340407,50000000,0,26561840.937137395,-21015844.607723776
50395.874965753886,53669.575976604334,56355.892033712909,922804465.59751701,219887860.68791574,1.0000000000000001e-09,8000000,0,12691.865546865345,0.92280446559751717,26349438.416692577,-208975.38856889418,1,66.829458818969897,16.584327255324265,26546122.365133252,-196683.94844067469,26349438.416692577,50000000,0,26558413.800637007,-21078369.656354193
50295.914629544721,53719.556144708913,56442.46022424088,922804465.59751701,219887860.68791574,1.0000000000000001e-09,8000000,0,12693.145004367958,0.92280446559751717,26344348.530692719,-217063.87097139086,1,66.748639192087154,16.587749872789825,26546122.365133267,-201773.83444054797,26344348.530692719,50000000,0,26561412.397039652,-21460774.862818718
50195.954293335541,53769.536312813507,56529.028414768865,922804465.59751701,219887860.68791574,1.0000000000000001e-09,8000000,0,12691.706024575935,0.92280446559751717,26346921.452584669,-211381.32973226355,1,66.821736351018941,16.547120985095013,26546122.365133338,-199200.91254866868,26346921.452584669,50000000,0,26558302.777692564,-21331437.270703584
50095.993957126368,53819.516480918093,56615.596605296843,922804465.59751701,219887860.68791574,1.0000000000000001e-09,8000000,0,12692.880442309295,0.92280446559751717,26343189.616133377,-217921.20762044494,1,66.902088506036122,16.550907526780662,26546122.36513323,-202932.74899985269,26343189.616133377,50000000,0,26561110.819129337,-21652524.475630201
49996.033620917195,53869.49664902268,56702.164795824814,922804465.59751701,219887860.68791574,1.0000000000000001e-09,8000000,0,12692.149297319096,0.92280446559751717,26342186.884383496,-216023.69013358551,1,66.805993392932621,16.566373838895991,26546122.365133461,-203935.48074996471,26342186.884383496,50000000,0,26558210.569892701,-21720830.022987753
49896.073284708022,53919.476817127266,56788.732986352799,922804465.59751701,219887860.68791574,1.0000000000000001e-09,8000000,0,12692.694914911683,0.92280446559751717,26338392.014754631,-222279.12321466472,1,66.852579780866321,16.53664963305593,26546122.365133312,-207730.35037868097,26338392.014754631,50000000,0,26560671.133344777,-22038001.087943021
49796.112948498841,53969.456985231853,56875.301176880777,922804465.59751701,219887860.68791574,1.0000000000000001e-09,8000000,0,12692.236695837439,0.92280446559751717,26340575.163010743,-217658.30084516809,1,66.912512664412233,16.551705343570511,26546122.365133431,-205547.20212268829,26340575.163010743,50000000,0,26558233.4592315,-21960735.976587716
49696.152612289676,54019.437153336439,56961.869367408755,922804465.59751701,219887860.68791574,1.0000000000000001e-09,8000000,0,12692.369971140481,0.92280446559751717,26335439.09275933,-224805.84968077426,1,66.796092913924952,16.587629031521704,26546122.365133341,-210683.27237401158,26335439.09275933,50000000,0,26560244.937815707,-22330869.733945668
49596.192276080517,54069.417321441018,57048.437557936719,922804465.59751701,219887860.68791574,1.0000000000000001e-09,8000000,0,12692.46737768574,0.92280446559751717,26334447.883547623,-223787.3322853568,1,66.77558119784328,16.566600813661566,26546122.365133367,-211674.48158574477,26334447.883547623,50000000,0,26558235.211208522,-22448544.865354929
49496.231939871337,54119.397489545605,57135.005748464697,922804465.59751701,219887860.68791574,1.0000000000000001e-09,8000000,0,12692.575632131253,0.92280446559751717,26331893.366936009,-227929.65745578663,1,66.873563717042799,16.583036416031199,26546122.36513336,-214228.99819735065,26331893.366936009,50000000,0,26559823.019767411,-22692023.594978191
49396.271603662171,54169.377657650191,57221.573938992675,922804465.59751701,219887860.68791574,1.0000000000000001e-09,8000000,0,12691.94728505929,0.92280446559751717,26332695.331119336,-225661.91311993575,1,66.704295827227497,16.642961874497946,26546122.365133319,-213427.03401398286,26332695.331119336,50000000,0,26558357.239614826,-22690667.9998185
49296.311267452991,54219.357825754778,57308.142129520653,922804465.59751701,219887860.68791574,1.0000000000000001e-09,8000000,0,12692.912251553771,0.92280446559751717,26327364.842777383,-231826.71506070232,1,66.648465284979451,16.633041347480894,26546122.365133397,-218757.5223560147,26327364.842777383,50000000,0,26559191.553213593,-23065943.124192446
49196.350931243825,54269.337993859364,57394.710320048631,922804465.59751701,219887860.68791574,1.0000000000000001e-09,8000000,0,12692.116978909369,0.92280446559751717,26326377.262178723,-232030.0693139052,1,66.730671485568351,16.641366021673932,26546122.365133327,-219745.10295460373,26326377.262178723,50000000,0,26558407.326868221,-23213808.333081834
49096.390595034645,54319.318161963951,57481.278510576609,922804465.59751701,219887860.68791574,1.0000000000000001e-09,8000000,0,12692.498546470993,0.92280446559751717,26325882.42076863,-232811.57693549292,1,66.617348191570926,16.706633540768856,26546122.365133379,-220239.9443647489,26325882.42076863,50000000,0,26558693.993079621,-23296230.021229856
48996.43025882548,54369.298330068537,57567.84670110458,922804465.59751701,219887860.68791574,1.0000000000000001e-09,8000000,0,12692.399948711238,0.92280446559751717,26323266.37888978,-234975.09635455208,1,66.475652400408734,16.718713611560567,26546122.365133218,-222855.98624343798,26323266.37888978,50000000,0,26558241.470619906,-23500588.217323478
48896.469922616307,54419.278498173124,57654.414891632558,922804465.59751701,219887860.68791574,1.0000000000000001e-09,8000000,0,12692.332594149542,0.92280446559751717,26319558.578096326,-238712.60565383895,1,66.570506601530511,16.700725295647516,26546122.36513342,-226563.78703709319,26319558.578096326,50000000,0,26558271.17912573,-23822992.265958026
48796.509586407119,54469.25866627771,57740.983082160543,922804465.59751701,219887860.68791574,1.0000000000000001e-09,8000000,0,12692.737966121562,0.92280446559751717,26318639.828680601,-239707.66315480348,1,66.531810710527353,16.748922811346109,26546122.365133334,-227482.53645273298,26318639.828680601,50000000,0,26558347.487210993,-23952658.555717632
48696.549250197961,54519.238834382297,57827.551272688514,922804465.59751701,219887860.68791574,1.0000000000000001e-09,8000000,0,12691.914045854457,0.92280446559751717,26317805.594865572,-239884.08558935183,1,66.396756877910818,16.769317958223986,26546122.365133449,-228316.77026787773,26317805.594865572,50000000,0,26557689.675830491,-24061922.289019588
48596.588913988788,54569.219002486883,57914.119463216492,922804465.59751701,219887860.68791574,1.0000000000000001e-09,8000000,0,12692.753463194127,0.92280446559751717,26312726.801822446,-245660.07049649762,1,66.447040087927505,16.747144010311818,26546122.365133386,-233395.56331093982,26312726.801822446,50000000,0,26558386.867694482,-24462883.128389422
48496.628577779607,54619.19917059147,58000.68765374447,922804465.59751701,219887860.68791574,1.0000000000000001e-09,8000000,0,12692.400089636596,0.92280446559751717,26311440.035054576,-245821.38119819257,1,66.472703640557327,16.767823195357735,26546122.365133468,-234682.33007889241,26311440.035054576,50000000,0,26557261.411628336,-24619571.248550843
48396.668241570442,54669.179338696056,58087.255844272448,922804465.59751701,219887860.68791574,1.0000000000000001e-09,8000000,0,12692.205966817182,0.92280446559751717,26309983.711866878,-248395.68028221084,1,66.372795221444946,16.782488288742513,26546122.365133341,-236138.65326646343,26309983.711866878,50000000,0,26558379.387524623,-24787497.526104972
48296.707905361262,54719.159506800643,58173.824034800426,922804465.59751701,219887860.68791574,1.0000000000000001e-09,8000000,0,12692.486820631002,0.92280446559751717,26307755.060333062,-249003.14991284694,1,66.42248542074725,16.751810746839407,26546122.365133442,-238367.30480038002,26307755.060333062,50000000,0,26556758.205621496,-24996838.238372974
48196.747569152096,54769.139674905229,58260.392225328404,922804465.59751701,219887860.68791574,1.0000000000000001e-09,8000000,0,12692.549568493805,0.92280446559751717,26302527.280806508,-256016.05779037866,1,66.476555098694504,16.759645466895879,26546122.365133431,-243595.08432692289,26302527.280806508,50000000,0,26558543.333972417,-25433416.606121078
48096.787232942916,54819.119843009816,58346.960415856382,922804465.59751701,219887860.68791574,1.0000000000000001e-09,8000000,0,12692.208197372986,0.92280446559751717,26303194.048253227,-253173.457633254,1,66.401756751116849,16.762295837073001,26546122.365133408,-242928.31688018143,26303194.048253227,50000000,0,26556367.501262013,-25446852.999842081
47996.82689673375,54869.100011114402,58433.528606384352,922804465.59751701,219887860.68791574,1.0000000000000001e-09,8000000,0,12692.672827478238,0.92280446559751717,26299406.810456973,-259209.85586179682,1,66.469932350987818,16.717645921283218,26546122.365133405,-246715.55467643216,26299406.810456973,50000000,0,26558616.661694378,-25813395.179525372
47896.866560524577,54919.080179218989,58520.09679691233,922804465.59751701,219887860.68791574,1.0000000000000001e-09,8000000,0,12691.975989166202,0.92280446559751717,26296783.532279469,-259603.84740616841,1,66.574709542153911,16.705318310889375,26546122.36513333,-249338.83285386115,26296783.532279469,50000000,0,26556387.375061203,-26078403.177596822
47796.906224315404,54969.060347323575,58606.664987440308,922804465.59751701,219887860.68791574,1.0000000000000001e-09,8000000,0,12693.11889968496,0.92280446559751717,26291923.69828219,-267099.00211794203,1,66.514829982334859,16.711743647299432,26546122.365133502,-254198.66685131192,26291923.69828219,50000000,0,26559022.695775721,-26485900.978969604
47696.945888106231,55019.040515428162,58693.233177968286,922804465.59751701,219887860.68791574,1.0000000000000001e-09,8000000,0,12691.638065680238,0.92280446559751717,26294179.45278874,-262276.12459218682,1,66.563742585188265,16.658062976168857,26546122.365133502,-251942.91234476119,26294179.45278874,50000000,0,26556455.572756469,-26439593.006683584
47596.985551897058,55069.020683532748,58779.801368496264,922804465.59751701,219887860.68791574,1.0000000000000001e-09,8000000,0,12692.9448075652,0.92280446559751717,26288358.342269789,-271209.35475554317,1,66.718264802839386,16.634453315238961,26546122.365133222,-257764.02286343277,26288358.342269789,50000000,0,26559567.692400869,-26905207.614341948
47497.025215687878,55119.000851637335,58866.369559024242,922804465.59751701,219887860.68791574,1.0000000000000001e-09,8000000,0,12691.93323813524,0.92280446559751717,26289435.543488082,-267010.75063785166,1,66.655577770759365,16.648714833762234,26546122.365133852,-256686.82164577022,26289435.543488082,50000000,0,26556446.289501533,-26769697.234826662
47397.064879478712,55168.981019741921,58952.93774955222,922804465.59751701,219887860.68791574,1.0000000000000001e-09,8000000,0,12693.668878476965,0.92280446559751717,26291412.45700527,-267919.90098081116,1,66.670126887459233,16.599714658636991,26546122.365133248,-254709.90812797844,26291412.45700527,50000000,0,26559332.35336164,-26545607.273629364
47297.104543269539,55218.961187846508,59039.505940080191,922804465.59751701,219887860.68791574,1.0000000000000001e-09,8000000,0,12700.050439353796,0.92280446559751717,26299477.741885692,-255303.64357436259,1,66.847314050894809,16.561548577655643,26546122.365128238,-246644.62324254587,26299477.741885692,50000000,0,26554781.380835637,-25907164.027549703
47197.144207060366,55268.941355951094,59126.074130608176,922804465.59751701,219887860.68791574,1.0000000000000001e-09,8000000,0,12699.419377045177,0.92280446559751717,26291758.03280462,-265277.56501419737,1,66.800820545713918,16.585388858470186,26546122.365133505,-254364.33232888579,26291758.03280462,50000000,0,26557035.593194369,-26381763.642528079
47097.183870851186,55318.92152405568,59212.642321136154,922804465.59751701,219887860.68791574,1.0000000000000001e-09,8000000,0,12693.616131245179,0.92280446559751717,26285338.897766463,-267270.24430528237,1,66.749499584260036,16.553572750010094,26546122.365133718,-260783.4673672542,26285338.897766463,50000000,0,26552609.137447357,-26846153.850020435
46997.22353464202,55368.901692160267,59299.210511664125,922804465.59751701,219887860.68791574,1.0000000000000001e-09,8000000,0,12694.469511057665,0.92280446559751717,26277742.514123902,-278264.2325771355,1,66.936830835544697,16.51653226724083,26546122.365132391,-268379.85100848973,26277742.514123902,50000000,0,26556006.742076568,-27664335.375564564
46897.263198432847,55418.881860264853,59385.778702192103,922804465.59751701,219887860.68791574,1.0000000000000001e-09,8000000,0,12691.436347638057,0.92280446559751717,26272991.215927228,-279352.34856151184,1,66.902254944546542,16.564105117197876,26546122.36513263,-273131.14920540154,26272991.215927228,50000000,0,26552343.55986435,-28100922.676825553
46797.302862223674,55468.86202836944,59472.346892720081,922804465.59751701,219887860.68791574,1.0000000000000001e-09,8000000,0,12693.324809357749,0.92280446559751717,26265376.592423592,-290728.68251882063,1,66.762526939087309,16.555762668207766,26546122.3651338,-280745.77271020785,26265376.592423592,50000000,0,26556105.270317964,-28770649.455651879
46697.342526014516,55518.842196474019,59558.915083248045,922804465.59751701,219887860.68791574,1.0000000000000001e-09,8000000,0,12691.481430563972,0.92280446559751717,26266716.01266069,-285921.36681234592,1,66.934467478929307,16.520670813192609,26546122.36513279,-279406.35247210041,26266716.01266069,50000000,0,26552637.3748486,-28773315.596887212
46597.382189805343,55568.822364578606,59645.483273776023,922804465.59751701,219887860.68791574,1.0000000000000001e-09,8000000,0,12694.338487135632,0.92280446559751717,26264649.863109265,-291881.97951273381,1,66.888376173110188,16.573361736202461,26546122.365132727,-281472.50202346221,26264649.863109265,50000000,0,26556531.837997578,-29048506.667244364
46497.421853596155,55618.802532683192,59732.051464304008,922804465.59751701,219887860.68791574,1.0000000000000001e-09,8000000,0,12694.107577377956,0.92280446559751717,26263272.327179659,-289704.7877372817,1,66.718657963141652,16.598134228904417,26546122.365133531,-282850.03795387223,26263272.327179659,50000000,0,26552977.110292528,-29151400.760809347
46397.461517386997,55668.782700787779,59818.619654831979,922804465.59751701,219887860.68791574,1.0000000000000001e-09,8000000,0,12693.799319942411,0.92280446559751717,26256430.923439279,-300348.24504891218,1,66.792109633375404,16.570014381684611,26546122.365133073,-289691.44169379398,26256430.923439279,50000000,0,26556779.163863737,-29792250.187104769
46297.501181177824,55718.762868892365,59905.187845359957,922804465.59751701,219887860.68791574,1.0000000000000001e-09,8000000,0,12691.9067322093,0.92280446559751717,26256263.048746709,-297090.76942187775,1,66.830592129102214,16.616889346743076,26546122.365133084,-289859.31638637558,26256263.048746709,50000000,0,26553353.81354415,-29929125.335205931
46197.540844968644,55768.743036996952,59991.756035887935,922804465.59751701,219887860.68791574,1.0000000000000001e-09,8000000,0,12692.650299725383,0.92280446559751717,26249783.998313926,-306772.13119170186,1,66.619706964037746,16.667825628376626,26546122.365133461,-296338.36681953445,26249783.998313926,50000000,0,26556556.124881208,-30473439.682452053
46097.580508759478,55818.723205101538,60078.324226415913,922804465.59751701,219887860.68791574,1.0000000000000001e-09,8000000,0,12692.162111252937,0.92280446559751717,26247392.881524667,-305957.46979878325,1,66.631170533764276,16.645272559600748,26546122.365133341,-298729.48360867426,26247392.881524667,50000000,0,26553350.346699029,-30719514.044521857
45997.620172550298,55868.703373206125,60164.892416943891,922804465.59751701,219887860.68791574,1.0000000000000001e-09,8000000,0,12692.891784623012,0.92280446559751717,26242722.467419215,-313601.67214086995,1,66.698197428681581,16.6742120305485,26546122.365133271,-303399.89771405607,26242722.467419215,50000000,0,26556324.134935655,-31170502.80324138
45897.659836341132,55918.683541310711,60251.460607471861,922804465.59751701,219887860.68791574,1.0000000000000001e-09,8000000,0,12691.649643106528,0.92280446559751717,26243735.238159701,-309525.33618517441,1,66.520041381764841,16.730490928381908,26546122.365133628,-302387.12697392702,26243735.238159701,50000000,0,26553260.56972041,-31165956.168507952
45797.699500131952,55968.663709415297,60338.028797999847,922804465.59751701,219887860.68791574,1.0000000000000001e-09,8000000,0,12693.110359383341,0.92280446559751717,26236212.303003229,-319611.4952779343,1,66.483540331538919,16.718836046875875,26546122.365133557,-309910.06213032827,26236212.303003229,50000000,0,26555823.793656684,-31742387.415618405
45697.739163922786,56018.643877519884,60424.596988527817,922804465.59751701,219887860.68791574,1.0000000000000001e-09,8000000,0,12691.977328773397,0.92280446559751717,26235305.523182392,-317903.28195288131,1,66.551450992068382,16.729665207742318,26546122.365133252,-310816.84195085987,26235305.523182392,50000000,0,26553208.800510909,-31903887.737364385
45597.778827713613,56068.62404562447,60511.165179055795,922804465.59751701,219887860.68791574,1.0000000000000001e-09,8000000,0,12692.668503539289,0.92280446559751717,26232355.074259784,-322984.99658619735,1,66.445525133269484,16.771125374944678,26546122.365133394,-313767.29087360948,26232355.074259784,50000000,0,26555340.066221595,-32185207.541210279
45497.818491504426,56118.604213729057,60597.733369583781,922804465.59751701,219887860.68791574,1.0000000000000001e-09,8000000,0,12692.209835515921,0.92280446559751717,26230676.924835969,-322332.83315829735,1,66.39102648069472,16.764824654811971,26546122.36513349,-315445.44029752165,26230676.924835969,50000000,0,26553009.753369741,-32354614.294154197
45397.85815529526,56168.584381833643,60684.301560111751,922804465.59751701,219887860.68791574,1.0000000000000001e-09,8000000,0,12692.535843579864,0.92280446559751717,26224661.277829997,-330321.66302924213,1,66.466188478658466,16.75613382088547,26546122.365133222,-321461.08730322495,26224661.277829997,50000000,0,26554982.936234795,-32860964.320185468
45297.897819086094,56218.56454993823,60770.869750639729,922804465.59751701,219887860.68791574,1.0000000000000001e-09,8000000,0,12692.510180189478,0.92280446559751717,26224700.31299895,-328350.74230874039,1,66.415707604369459,16.782542513806401,26546122.365133367,-321422.052134417,26224700.31299895,50000000,0,26553051.050683226,-32915973.938948501
45197.937482876914,56268.544718042816,60857.437941167707,922804465.59751701,219887860.68791574,1.0000000000000001e-09,8000000,0,12692.198425522573,0.92280446559751717,26222317.194607258,-332095.86997042142,1,66.379525670287734,16.761759770135178,26546122.365133293,-323805.17052603513,26222317.194607258,50000000,0,26554413.059953261,-33146292.977942035
45097.977146667748,56318.524886147403,60944.006131695685,922804465.59751701,219887860.68791574,1.0000000000000001e-09,8000000,0,12692.398163535099,0.92280446559751717,26219518.672680501,-333578.71945938829,1,66.489739157155498,16.740603230217108,26546122.365133248,-326603.69245274737,26219518.672680501,50000000,0,26553097.387515429,-33384299.947052676
44998.016810458568,56368.505054251989,61030.574322223663,922804465.59751701,219887860.68791574,1.0000000000000001e-09,8000000,0,12692.75635768692,0.92280446559751717,26217117.358586866,-336799.49468873627,1,66.456408376984697,16.761816341390215,26546122.365133408,-329005.00654654205,26217117.358586866,50000000,0,26553916.848651201,-33556912.427740239
44898.056474249403,56418.485222356576,61117.142512751634,922804465.59751701,219887860.68791574,1.0000000000000001e-09,8000000,0,12691.923167609973,0.92280446559751717,26219478.598004479,-333503.15772319998,1,66.417682625121188,16.734537540333985,26546122.365133461,-326643.76712898165,26219478.598004479,50000000,0,26552981.751103215,-33391627.744678274
44798.096138040222,56468.465390461162,61203.710703279619,922804465.59751701,219887860.68791574,1.0000000000000001e-09,8000000,0,12692.719885484659,0.92280446559751717,26218928.417257685,-334383.28207220579,1,66.567913662174888,16.686409677064606,26546122.365132973,-327193.94787528738,26218928.417257685,50000000,0,26553311.694705464,-33395197.451551754
44698.135801831057,56518.445558565749,61290.27889380759,922804465.59751701,219887860.68791574,1.0000000000000001e-09,8000000,0,12692.341696672453,0.92280446559751717,26220063.948785644,-332904.381185784,1,66.591670096821403,16.705649777455399,26546122.365134209,-326058.41634856537,26220063.948785644,50000000,0,26552968.325347025,-33199575.847153179
44598.175465621884,56568.425726670335,61376.847084335568,922804465.59751701,219887860.68791574,1.0000000000000001e-09,8000000,0,12692.416946931988,0.92280446559751717,26226254.653227251,-326312.40090889967,1,66.507272037719204,16.68658079602632,26546122.36513019,-319867.71190293878,26226254.653227251,50000000,0,26552567.049511686,-32567648.713731389
44498.215129412696,56618.405894774922,61463.415274863553,922804465.59751701,219887860.68791574,1.0000000000000001e-09,8000000,0,12692.475072980484,0.92280446559751717,26234925.370948382,-317867.22280425427,1,66.665376734852344,16.617746007118033,26546122.36514641,-311196.994198028,26234925.370948382,50000000,0,26552792.589128245,-31728872.961770918
44398.25479320353,56668.386062879508,61549.983465391524,922804465.59751701,219887860.68791574,1.0000000000000001e-09,8000000,0,12692.218356867039,0.92280446559751717,26245778.291920632,-306485.40164055937,1,66.776483274892172,16.618834189840694,26546122.365082778,-300344.07316214591,26245778.291920632,50000000,0,26552263.68893671,-30576836.705692653
44298.294456994365,56718.366230984095,61636.551655919502,922804465.59751701,219887860.68791574,1.0000000000000001e-09,8000000,0,12692.475439588692,0.92280446559751717,26261968.631763574,-290548.81836692902,1,66.661546360946062,16.627602884177549,26546122.365308259,-284153.73354468495,26261968.631763574,50000000,0,26552517.445506074,-28972604.302592598
44198.334120785192,56768.346399088681,61723.119846447473,922804465.59751701,219887860.68791574,1.0000000000000001e-09,8000000,0,12693.601620773965,0.92280446559751717,26282958.006708484,-271280.27634870919,1,66.747685417699614,16.563049529691991,26546122.364503998,-263164.35779551417,26282958.006708484,50000000,0,26554238.278432742,-27382102.391220305
44098.373784576019,56818.326567193268,61809.688036975458,922804465.59751701,219887860.68791574,1.0000000000000001e-09,8000000,0,12686.427518695364,0.92280446559751717,26290746.593014322,-268286.43283543672,1,66.920578007176744,16.552321609048938,26546122.367393486,-255375.77437916398,26290746.593014322,50000000,0,26559033.021225329,-28873767.050271545
43998.413448366839,56868.306735297854,61896.256227503436,922804465.59751701,219887860.68791574,1.0000000000000001e-09,8000000,0,12719.97332658929,0.92280446559751717,26185621.84597452,-388263.07219254051,1,50.194597126105826,8.2345447389522537,26546122.359462943,-360500.51348842308,26185621.84597452,50000000,0,26573884.913542643,-27661774.376072973
43948.433280262252,56893.296819350144,61939.540322767425,922804465.59751701,219887860.68791574,1.0000000000000001e-09,8000000,0,12924.136649754024,0.92280446559751717,26065417.285360858,-453249.41294356174,1,33.386467620511176,8.315117220039383,26546122.367616303,-480705.08225544542,26065417.285360858,50000000,0,26518666.693679903,-23034388.766028747
43898.453112157673,56918.286903402441,61982.824418031407,922804465.59751701,219887860.68791574,1.0000000000000001e-09,8000000,0,12966.98696168373,0.92280446559751717,25978183.455406781,-565815.50852725294,1,33.342110000909919,8.3114504983669537,26546122.364790488,-567938.90938370675,25978183.455406781,50000000,0,26543998.959309589,-27507352.312776688
43848.472944053094,56943.27698745473,62026.108513295389,922804465.59751701,219887860.68791574,1.0000000000000001e-09,8000000,0,12958.422551494121,0.92280446559751717,25958078.711663548,-586305.28927026002,1,33.363524293327778,8.309380249896364,26546122.365204647,-588043.65354109928,25958078.711663548,50000000,0,26544383.996309306,-29145119.062581658
43798.492775948514,56968.26707150702,62069.392608559378,922804465.59751701,219887860.68791574,1.0000000000000001e-09,8000000,0,12960.74484926617,0.92280446559751717,25963012.893556986,-587427.7700114951,1,33.361564721138109,8.3109932833769218,26546122.365136977,-583109.47157999128,25963012.893556986,50000000,0,26550440.658944018,-29264611.756534956
43748.512607843921,56993.257155559317,62112.676703823367,922804465.59751701,219887860.68791574,1.0000000000000001e-09,8000000,0,12960.102338514496,0.92280446559751717,25973345.524103127,-576979.00043087825,1,33.35399425981602,8.3123848282342312,26546122.365123909,-572776.84102078155,25973345.524103127,50000000,0,26550324.519909546,-28823932.720283169
43698.532439739334,57018.247239611606,62155.960799087356,922804465.59751701,219887860.68791574,1.0000000000000001e-09,8000000,0,12960.277040897676,0.92280446559751717,25986035.311453696,-565092.96644781018,1,33.356621475466874,8.3105999370474581,26546122.365137264,-560087.05368356779,25986035.311453696,50000000,0,26551128.273277037,-28247697.164734103
43648.552271634748,57043.237323663896,62199.244894351345,922804465.59751701,219887860.68791574,1.0000000000000001e-09,8000000,0,12960.250525702597,0.92280446559751717,25997444.77378289,-553754.66632429312,1,33.361082005660542,8.3109627263079098,26546122.365132041,-548677.59134915099,25997444.77378289,50000000,0,26551199.435482804,-27692978.535264567
43598.572103530169,57068.227407716193,62242.528989615326,922804465.59751701,219887860.68791574,1.0000000000000001e-09,8000000,0,12960.242335622797,0.92280446559751717,26007025.157237303,-544204.35737229569,1,33.355006273550728,8.3160846943950713,26546122.365133788,-539097.20789648592,26007025.157237303,50000000,0,26551229.509985134,-27212315.693814859
43548.591935425575,57093.21749176849,62285.813084879323,922804465.59751701,219887860.68791574,1.0000000000000001e-09,8000000,0,12960.216847272606,0.92280446559751717,26015017.118470185,-536086.59748652473,1,33.340702465241741,8.3196072108528849,26546122.365133125,-531105.24666294083,26015017.118470185,50000000,0,26551103.711332288,-26804746.105744489
43498.611767320988,57118.207575820779,62329.097180143312,922804465.59751701,219887860.68791574,1.0000000000000001e-09,8000000,0,12960.329338831803,0.92280446559751717,26021414.273619223,-529543.36962309142,1,33.34086883381773,8.3193200579934778,26546122.365133636,-524708.09151441231,26021414.273619223,50000000,0,26550957.638617836,-26478655.169456564
43448.631599216402,57143.197659873069,62372.381275407301,922804465.59751701,219887860.68791574,1.0000000000000001e-09,8000000,0,12960.414096936334,0.92280446559751717,26026330.070853736,-524464.64236610755,1,33.341306582840183,8.3226012873801558,26546122.365133245,-519792.29427950829,26026330.070853736,50000000,0,26550794.708595395,-26223880.664057881
43398.651431111823,57168.187743925366,62415.665370671282,922804465.59751701,219887860.68791574,1.0000000000000001e-09,8000000,0,12960.732052874037,0.92280446559751717,26030124.425670043,-520522.76746165112,1,33.326477393783939,8.3310634023857055,26546122.365133379,-515997.93946333602,26030124.425670043,50000000,0,26550647.188507188,-26022383.172335029
43348.671263007229,57193.177827977663,62458.949465935271,922804465.59751701,219887860.68791574,1.0000000000000001e-09,8000000,0,12961.132300337946,0.92280446559751717,26033141.287507266,-517374.86724667263,1,33.308674044803425,8.3342912274071086,26546122.365133379,-512981.07762611285,26033141.287507266,50000000,0,26550516.150129572,-25865438.890904464
43298.69109490265,57218.167912029952,62502.23356119926,922804465.59751701,219887860.68791574,1.0000000000000001e-09,8000000,0,12961.499096840957,0.92280446559751717,26034990.992682606,-515443.93920103094,1,33.313373112706138,8.334509242072345,26546122.36513336,-511131.37245075405,26034990.992682606,50000000,0,26550434.927259114,-25770585.809526689
43248.710926798063,57243.157996082242,62545.517656463249,922804465.59751701,219887860.68791574,1.0000000000000001e-09,8000000,0,12961.692640180569,0.92280446559751717,26036000.257039011,-514422.21759403887,1,33.307862751374557,8.3398946250007331,26546122.365133207,-510122.10809419677,26036000.257039011,50000000,0,26550422.470008668,-25717276.750553485
43198.730758693477,57268.148080134539,62588.801751727238,922804465.59751701,219887860.68791574,1.0000000000000001e-09,8000000,0,12962.01403955004,0.92280446559751717,26036442.24782807,-514035.25444806839,1,33.291374752571585,8.3469454926109705,26546122.365133371,-509680.11730530113,26036442.24782807,50000000,0,26550477.497651692,-25697539.84596445
43148.750590588883,57293.138164186836,62632.085846991227,922804465.59751701,219887860.68791574,1.0000000000000001e-09,8000000,0,12962.583189167279,0.92280446559751717,26036122.621985074,-514484.30691303493,1,33.279813801025163,8.3479803089257061,26546122.365133394,-509999.74314831942,26036122.621985074,50000000,0,26550606.924273744,-25719717.833296217
43098.770422484304,57318.128248239125,62675.369942255216,922804465.59751701,219887860.68791574,1.0000000000000001e-09,8000000,0,12962.76439267091,0.92280446559751717,26034884.983208988,-515951.34225667315,1,33.287832201314714,8.3468769041772859,26546122.365133274,-511237.38192428648,26034884.983208988,50000000,0,26550836.320841145,-25795105.965211473
43048.79025437971,57343.118332291415,62718.654037519205,922804465.59751701,219887860.68791574,1.0000000000000001e-09,8000000,0,12963.279235832146,0.92280446559751717,26032956.996950872,-518193.74436950084,1,33.282988799518314,8.3511545890905108,26546122.365133248,-513165.36818237603,26032956.996950872,50000000,0,26551150.736695971,-25910330.423234634
42998.810086275131,57368.108416343712,62761.938132783194,922804465.59751701,219887860.68791574,1.0000000000000001e-09,8000000,0,12963.680575873683,0.92280446559751717,26029846.197422836,-521689.71901609312,1,33.272350586341524,8.3518827934637319,26546122.365133539,-516276.16771070287,26029846.197422836,50000000,0,26551535.911814466,-26084241.05879518
42948.829918170544,57393.098500396009,62805.222228047176,922804465.59751701,219887860.68791574,1.0000000000000001e-09,8000000,0,12962.939789704662,0.92280446559751717,26025184.218104836,-526693.42624335992,1,33.278870360368295,8.3491260098151798,26546122.365133267,-520938.1470284313,26025184.218104836,50000000,0,26551877.639723729,-26330137.510708693
42898.849750065958,57418.088584448298,62848.506323311165,922804465.59751701,219887860.68791574,1.0000000000000001e-09,8000000,0,12961.595413829824,0.92280446559751717,26019587.488702618,-532425.05456193024,1,33.28362152922346,8.348292948091018,26546122.365133449,-526534.87643083185,26019587.488702618,50000000,0,26552012.538640074,-26612352.601621032
42848.869581961379,57443.078668500588,62891.790418575154,922804465.59751701,219887860.68791574,1.0000000000000001e-09,8000000,0,12960.501191622707,0.92280446559751717,26013710.801461905,-538300.32518038235,1,33.283228878222886,8.3468288111541504,26546122.365133446,-532411.56367154047,26013710.801461905,50000000,0,26552011.122017901,-26902041.229026005
42798.889413856778,57468.068752552885,62935.07451383915,922804465.59751701,219887860.68791574,1.0000000000000001e-09,8000000,0,12960.223571761986,0.92280446559751717,26007903.238476362,-544018.34219615639,1,33.289382182618212,8.3434680341282554,26546122.365133312,-538219.12665694952,26007903.238476362,50000000,0,26551921.57604808,-27186583.004912399
42748.909245752191,57493.058836605182,62978.358609103139,922804465.59751701,219887860.68791574,1.0000000000000001e-09,8000000,0,12960.257555071476,0.92280446559751717,26002429.779908981,-549345.64562034642,1,33.296394527891742,8.3408238245152351,26546122.365133416,-543692.58522443473,26002429.779908981,50000000,0,26551775.420904923,-27455720.79816756
42698.929077647605,57518.048920657471,63021.642704367128,922804465.59751701,219887860.68791574,1.0000000000000001e-09,8000000,0,12960.235281699936,0.92280446559751717,25997044.397894233,-554560.54445423523,1,33.300320215342303,8.3379568632562133,26546122.365133267,-549077.96723903343,25997044.397894233,50000000,0,26551604.93772402,-27718446.801654197
42648.948909543025,57543.039004709761,63064.92679963111,922804465.59751701,219887860.68791574,1.0000000000000001e-09,8000000,0,12960.236931080228,0.92280446559751717,25991406.031537581,-560018.2299127616,1,33.308343786511294,8.3334746660467101,26546122.365133658,-554716.33359607682,25991406.031537581,50000000,0,26551424.256825883,-27989996.056124818
42598.968741438439,57568.029088762058,63108.210894895099,922804465.59751701,219887860.68791574,1.0000000000000001e-09,8000000,0,12960.251619657098,0.92280446559751717,25985706.295262828,-565528.14025526238,1,33.317647049535033,8.3281861228782041,26546122.365133174,-560416.06987034529,25985706.295262828,50000000,0,26551234.430893641,-28264988.27238917
42548.988573333845,57593.019172814355,63151.494990159088,922804465.59751701,219887860.68791574,1.0000000000000001e-09,8000000,0,12960.245965115662,0.92280446559751717,25979966.750154167,-571075.56160601275,1,33.329479669003376,8.3250545212882532,26546122.365133487,-566155.61497931927,25979966.750154167,50000000,0,26551042.30713575,-28547416.731721934
42499.008405229259,57618.009256866644,63194.779085423084,922804465.59751701,219887860.68791574,1.0000000000000001e-09,8000000,0,12960.228856160016,0.92280446559751717,25973831.537650391,-577046.28716296621,1,33.330479463092402,8.322883757584016,26546122.365133263,-572290.82748287171,25973831.537650391,50000000,0,26550877.820188977,-28841769.699965071
42449.028237124679,57642.999340918934,63238.063180687066,922804465.59751701,219887860.68791574,1.0000000000000001e-09,8000000,0,12960.249754579554,0.92280446559751717,25967466.450973459,-583247.97410000802,1,33.338074309143941,8.3185016974182826,26546122.365133591,-578655.91416013241,25967466.450973459,50000000,0,26550714.420448955,-29151488.886518758
42399.048069020093,57667.989424971231,63281.347275951055,922804465.59751701,219887860.68791574,1.0000000000000001e-09,8000000,0,12960.238224436674,0.92280446559751717,25960969.551447939,-589581.58487054822,1,33.347914005858257,8.3139914865086304,26546122.365133259,-585152.81368532032,25960969.551447939,50000000,0,26550551.131694134,-29469991.39094051
42349.067900915499,57692.979509023527,63324.631371215044,922804465.59751701,219887860.68791574,1.0000000000000001e-09,8000000,0,12960.242314711311,0.92280446559751717,25954205.381759923,-596214.96422228881,1,33.356308395015105,8.3128689489950656,26546122.365133446,-591916.98337352276,25954205.381759923,50000000,0,26550420.341357779,-29804532.288186248
42299.08773281092,57717.969593075817,63367.915466479033,922804465.59751701,219887860.68791574,1.0000000000000001e-09,8000000,0,12960.238312235013,0.92280446559751717,25946985.558134951,-603308.65618361125,1,33.352159442585773,8.3135457155980443,26546122.365133237,-599136.8069982864,25946985.558134951,50000000,0,26550294.209694128,-30153187.265722353
42249.107564706334,57742.959677128107,63411.199561743022,922804465.59751701,219887860.68791574,1.0000000000000001e-09,8000000,0,12960.246749886563,0.92280446559751717,25939683.757282056,-610483.67113232659,1,33.353828308473162,8.3090238562520398,26546122.365133379,-606438.60785132274,25939683.757282056,50000000,0,26550167.423789948,-30513587.555597603
42199.127396601747,57767.949761180404,63454.483657007011,922804465.59751701,219887860.68791574,1.0000000000000001e-09,8000000,0,12960.249590406896,0.92280446559751717,25931931.630194306,-618121.45428618463,1,33.370296261900748,8.3070029420631126,26546122.365133494,-614190.73493918777,25931931.630194306,50000000,0,26550053.079856012,-30899601.385313813
42149.147228497153,57792.9398452327,63497.767752271,922804465.59751701,219887860.68791574,1.0000000000000001e-09,8000000,0,12960.234039704106,0.92280446559751717,25923964.661864221,-625999.77138861525,1,33.361546501821358,8.3126479354164342,26546122.365133259,-622157.70326903835,25923964.661864221,50000000,0,26549964.428628419,-31291489.648524992
42099.167060392574,57817.92992928499,63541.051847534989,922804465.59751701,219887860.68791574,1.0000000000000001e-09,8000000,0,12960.233924919708,0.92280446559751717,25915591.116390344,-634266.29719791806,1,33.347882575733337,8.314531745434186,26546122.365133237,-630531.24874289334,25915591.116390344,50000000,0,26549857.408963826,-31699688.958117034
42049.18689228798,57842.92001333728,63584.335942798978,922804465.59751701,219887860.68791574,1.0000000000000001e-09,8000000,0,12960.257770686525,0.92280446559751717,25906966.15521279,-642794.4968934448,1,33.354285874211101,8.3119529466069171,26546122.365133446,-639156.20992065594,25906966.15521279,50000000,0,26549760.647481803,-32132041.794316467
41999.206724183401,57867.910097389577,63627.620038062967,922804465.59751701,219887860.68791574,1.0000000000000001e-09,8000000,0,12960.231442454024,0.92280446559751717,25897793.198335364,-651888.08914800652,1,33.35784311754702,8.3169538784803798,26546122.365133073,-648329.16679770872,25897793.198335364,50000000,0,26549681.282859042,-32586423.230688345
41949.226556078807,57892.900181441873,63670.904133326956,922804465.59751701,219887860.68791574,1.0000000000000001e-09,8000000,0,12960.24028385943,0.92280446559751717,25888546.663770203,-661055.12793585577,1,33.334218093322477,8.3248628146728052,26546122.365133353,-657575.70136315003,25888546.663770203,50000000,0,26549601.787081599,-33042051.981330276
41899.246387974228,57917.890265494163,63714.188228590938,922804465.59751701,219887860.68791574,1.0000000000000001e-09,8000000,0,12960.251904096805,0.92280446559751717,25878673.78913568,-670830.63444476505,1,33.326661376300379,8.3244876078161312,26546122.365133457,-667448.57599777728,25878673.78913568,50000000,0,26549504.418956015,-33528969.003044035
41849.266219869634,57942.880349546453,63757.472323854934,922804465.59751701,219887860.68791574,1.0000000000000001e-09,8000000,0,12960.242294485595,0.92280446559751717,25868407.411595896,-681030.54772159166,1,33.33533740994725,8.3253915636919498,26546122.365133416,-677714.95353752002,25868407.411595896,50000000,0,26549437.954693012,-34044393.39285098
41799.286051765048,57967.87043359875,63800.756419118923,922804465.59751701,219887860.68791574,1.0000000000000001e-09,8000000,0,12960.240549004446,0.92280446559751717,25857783.458998054,-691581.76533121173,1,33.323101171041095,8.3347593110816458,26546122.365133468,-688338.9061354138,25857783.458998054,50000000,0,26549365.219704844,-34570768.482813552
41749.305883660461,57992.860517651046,63844.040514382912,922804465.59751701,219887860.68791574,1.0000000000000001e-09,8000000,0,12960.237032879215,0.92280446559751717,25846769.892111037,-702512.59256299585,1,33.298194640821528,8.3394667091964774,26546122.365133412,-699352.47302237526,25846769.892111037,50000000,0,26549282.480049573,-35112387.02106528
41699.325715555875,58017.850601703336,63887.324609646901,922804465.59751701,219887860.68791574,1.0000000000000001e-09,8000000,0,12960.243126915382,0.92280446559751717,25835038.036407687,-714172.57553627784,1,33.303997758476285,8.3377939549626028,26546122.365133498,-711084.32872581109,25835038.036407687,50000000,0,26549210.607319508,-35698109.97608912
41649.345547451288,58042.840685755626,63930.60870491089,922804465.59751701,219887860.68791574,1.0000000000000001e-09,8000000,0,12960.248271965242,0.92280446559751717,25822969.187919792,-726178.62416587293,1,33.304523491105201,8.3418136523027506,26546122.365133267,-723153.17721347511,25822969.187919792,50000000,0,26549147.807461221,-36301560.539626114
41599.365379346709,58067.830769807922,63973.892800174872,922804465.59751701,219887860.68791574,1.0000000000000001e-09,8000000,0,12960.224399480101,0.92280446559751717,25810397.26030479,-738676.7393860335,1,33.288707414179768,8.3487309519665462,26546122.365133401,-735725.10482861102,25810397.26030479,50000000,0,26549073.99506633,-36924569.130568244
41549.385211242115,58092.820853860219,64017.176895438868,922804465.59751701,219887860.68791574,1.0000000000000001e-09,8000000,0,12960.259796169825,0.92280446559751717,25797111.970586948,-751890.14408594836,1,33.276475139367101,8.3494247364772392,26546122.365133528,-749010.39454657957,25797111.970586948,50000000,0,26549002.110048484,-37580511.269614615
41499.405043137529,58117.810937912509,64060.460990702857,922804465.59751701,219887860.68791574,1.0000000000000001e-09,8000000,0,12960.249997476416,0.92280446559751717,25783227.656514049,-765710.74374291755,1,33.28533683176024,8.3473179144884284,26546122.365133293,-762894.7086192444,25783227.656514049,50000000,0,26548938.395632505,-38276118.69074659
41449.424875032943,58142.801021964799,64103.745085966846,922804465.59751701,219887860.68791574,1.0000000000000001e-09,8000000,0,12960.225607617172,0.92280446559751717,25768824.316872872,-780050.37883121381,1,33.285630981767014,8.3487028200479951,26546122.3651333,-777298.04826042801,25768824.316872872,50000000,0,26548874.691079699,-38995349.794954725
41399.444706928363,58167.791106017095,64147.029181230828,922804465.59751701,219887860.68791574,1.0000000000000001e-09,8000000,0,12960.251735927559,0.92280446559751717,25753559.316753294,-795243.26982711966,1,33.280105721394676,8.3510067514126494,26546122.365133442,-792563.04838014767,25753559.316753294,50000000,0,26548802.58195594,-39752254.903892882
41349.46453882377,58192.781190069392,64190.313276494817,922804465.59751701,219887860.68791574,1.0000000000000001e-09,8000000,0,12960.240197344605,0.92280446559751717,25737574.885452721,-811167.58900298958,1,33.275570846219637,8.3495007545038487,26546122.365133308,-808547.47968058661,25737574.885452721,50000000,0,26548742.469831232,-40544606.487224154
41299.48437071919,58217.771274121682,64233.597371758806,922804465.59751701,219887860.68791574,1.0000000000000001e-09,8000000,0,12960.236915165937,0.92280446559751717,25720907.227881577,-827769.2522068586,1,33.28634003232137,8.3444877216334259,26546122.365133442,-825215.13725186512,25720907.227881577,50000000,0,26548676.475464005,-41380295.627720118
41249.504202614604,58242.761358173972,64276.881467022795,922804465.59751701,219887860.68791574,1.0000000000000001e-09,8000000,0,12960.242230239615,0.92280446559751717,25703258.978132505,-845353.56385806855,1,33.29620510935576,8.3424109558967139,26546122.365133222,-842863.38700071722,25703258.978132505,50000000,0,26548612.537366159,-42261454.009538725
41199.524034510017,58267.751442226268,64320.165562286784,922804465.59751701,219887860.68791574,1.0000000000000001e-09,8000000,0,12960.241520756203,0.92280446559751717,25684645.731611308,-863908.2915132069,1,33.294192008051056,8.3427559398120099,26546122.365133431,-861476.6335221231,25684645.731611308,50000000,0,26548554.018500078,-43184202.607215561
41149.543866405424,58292.741526278565,64363.449657550773,922804465.59751701,219887860.68791574,1.0000000000000001e-09,8000000,0,12960.252452776765,0.92280446559751717,25665231.683555234,-883255.76016522746,1,33.294601823287969,8.3379284375375704,26546122.3651333,-880890.6815780662,25665231.683555234,50000000,0,26548487.439096067,-44150613.043921545
41099.563698300844,58317.731610330855,64406.733752814762,922804465.59751701,219887860.68791574,1.0000000000000001e-09,8000000,0,12960.238411560495,0.92280446559751717,25644650.568152715,-903772.22916602425,1,33.313885009268191,8.3305050482676588,26546122.365133468,-901471.79698075354,25644650.568152715,50000000,0,26548422.792694367,-45182983.259839341
41049.583530196251,58342.721694383144,64450.017848078751,922804465.59751701,219887860.68791574,1.0000000000000001e-09,8000000,0,12960.236854277497,0.92280446559751717,25622819.499464065,-925549.6248856223,1,33.324154060294106,8.3292577511595347,26546122.365133349,-923302.86566928402,25622819.499464065,50000000,0,26548369.119725227,-46271273.992811218
40999.603362091671,58367.711778435441,64493.30194334274,922804465.59751701,219887860.68791574,1.0000000000000001e-09,8000000,0,12960.258391835194,0.92280446559751717,25599931.26046611,-948372.2104798553,1,33.318688261803558,8.3278054333733493,26546122.365133453,-946191.1046673432,25599931.26046611,50000000,0,26548303.46632155,-47405658.393584378
40949.623193987085,58392.701862487738,64536.586038606722,922804465.59751701,219887860.68791574,1.0000000000000001e-09,8000000,0,12960.228614111333,0.92280446559751717,25575832.959375493,-972404.91916810989,1,33.330326045486757,8.3188588768853222,26546122.365133166,-970289.40575767308,25575832.959375493,50000000,0,26548237.873919122,-48611895.247300111
40899.643025882498,58417.691946540028,64579.870133870711,922804465.59751701,219887860.68791574,1.0000000000000001e-09,8000000,0,12960.239502696106,0.92280446559751717,25550026.212505944,-998149.27970100334,1,33.354300585495679,8.3152808252366093,26546122.36513349,-996096.15262754634,25550026.212505944,50000000,0,26548175.487582538,-49905564.625612013
40849.662857777919,58442.682030592317,64623.1542291347,922804465.59751701,219887860.68791574,1.0000000000000001e-09,8000000,0,12960.249927426805,0.92280446559751717,25523061.480981588,-1025063.9042341207,1,33.344485619854169,8.3177769817808667,26546122.365133304,-1023060.8841517158,25523061.480981588,50000000,0,26548125.380591199,-51243694.599859789
40799.68268967334,58467.672114644607,64666.438324398681,922804465.59751701,219887860.68791574,1.0000000000000001e-09,8000000,0,12960.245088203936,0.92280446559751717,25494451.743490767,-1053595.7430293809,1,33.344662329873003,8.3129047848940321,26546122.365133315,-1051670.6216425486,25494451.743490767,50000000,0,26548047.481895819,-52666506.209895462
40749.702521568746,58492.662198696897,64709.72241966267,922804465.59751701,219887860.68791574,1.0000000000000001e-09,8000000,0,12960.237811378845,0.92280446559751717,25464317.8536973,-1083671.6180445151,1,33.363919054924551,8.3079983372070227,26546122.365133438,-1081804.5114361383,25464317.8536973,50000000,0,26547989.467117261,-54182197.413793169
40699.722353464167,58517.652282749194,64753.006514926659,922804465.59751701,219887860.68791574,1.0000000000000001e-09,8000000,0,12960.242002401674,0.92280446559751717,25432359.630344179,-1115578.4820221465,1,33.363914378698702,8.3114592349991767,26546122.365133371,-1113762.7347891927,25432359.630344179,50000000,0,26547938.107741959,-55770591.473950446
40649.742185359581,58542.64236680149,64796.290610190641,922804465.59751701,219887860.68791574,1.0000000000000001e-09,8000000,0,12960.247835159082,0.92280446559751717,25399158.68088825,-1148701.3587275997,1,33.350431612129263,8.3123589055437286,26546122.365133442,-1146963.6842451915,25399158.68088825,50000000,0,26547860.03499141,-57421359.9157371
40599.762017254994,58567.63245085378,64839.57470545463,922804465.59751701,219887860.68791574,1.0000000000000001e-09,8000000,0,12960.245314228796,0.92280446559751717,25364063.672312643,-1183730.015002205,1,33.360320683938539,8.308002777844683,26546122.365133405,-1182058.6928207614,25364063.672312643,50000000,0,26547793.682690389,-59171860.606389374
40549.781849150415,58592.62253490607,64882.858800718619,922804465.59751701,219887860.68791574,1.0000000000000001e-09,8000000,0,12960.228580928706,0.92280446559751717,25327986.357267562,-1219767.2538949102,1,33.367449195366227,8.3114955917333795,26546122.365133379,-1218136.0078658164,25327986.357267562,50000000,0,26547753.606538013,-60980472.478577547
40499.801681045814,58617.612618958367,64926.142895982615,922804465.59751701,219887860.68791574,1.0000000000000001e-09,8000000,0,12960.249199432265,0.92280446559751717,25290918.321356352,-1256755.5665433339,1,33.346672491963865,8.3175536455328629,26546122.365133505,-1255204.0437771529,25290918.321356352,50000000,0,26547673.883275196,-62808359.404855058
40449.821512941227,58642.602703010663,64969.426991246604,922804465.59751701,219887860.68791574,1.0000000000000001e-09,8000000,0,12960.249367247096,0.92280446559751717,25253732.470533628,-1293848.3392858573,1,33.34322991003117,8.3165468297863594,26546122.365133412,-1292389.8945997842,25253732.470533628,50000000,0,26547580.805195119,-64656579.523136422
40399.841344836641,58667.592787062953,65012.711086510593,922804465.59751701,219887860.68791574,1.0000000000000001e-09,8000000,0,12960.235156185789,0.92280446559751717,25217390.477220047,-1330163.2588599301,1,33.350592335229315,8.3192750002916593,26546122.365133356,-1328731.887913309,25217390.477220047,50000000,0,26547553.731455509,-66459803.826414697
40349.861176732062,58692.582871115243,65055.995181774575,922804465.59751701,219887860.68791574,1.0000000000000001e-09,8000000,0,12960.240622577681,0.92280446559751717,25184651.230300657,-1362825.5991258183,1,33.332408008206677,8.3270580094312727,26546122.365133382,-1361471.1348327249,25184651.230300657,50000000,0,26547476.824802037,-68062754.197464347
40299.881008627475,58717.572955167539,65099.279277038564,922804465.59751701,219887860.68791574,1.0000000000000001e-09,8000000,0,12960.254090406039,0.92280446559751717,25157835.073986746,-1389506.5129279925,1,33.319590619365201,8.3297210790946803,26546122.365133304,-1388287.2911465578,25157835.073986746,50000000,0,26547341.58229024,-69344959.423773125
40249.900840522881,58742.563039219836,65142.563372302553,922804465.59751701,219887860.68791574,1.0000000000000001e-09,8000000,0,12960.228769449603,0.92280446559751717,25142837.619321503,-1404470.0078581274,1,33.321388640266903,8.3310352242736894,26546122.365133185,-1403284.7458116822,25142837.619321503,50000000,0,26547307.622555215,-70020113.943042606
40199.920672418302,58767.553123272126,65185.847467566542,922804465.59751701,219887860.68791574,1.0000000000000001e-09,8000000,0,12960.24261786311,0.92280446559751717,25148985.749949988,-1398028.0930024504,1,33.314665108465881,8.3370831770057663,26546122.365133327,-1397136.6151833385,25148985.749949988,50000000,0,26547013.838327933,-69569102.219607443
40149.940504313716,58792.543207324416,65229.131562830531,922804465.59751701,219887860.68791574,1.0000000000000001e-09,8000000,0,12960.243847887839,0.92280446559751717,25192770.460861407,-1354619.4924922958,1,33.297257114034288,8.3421726376447456,26546122.365133394,-1353351.9042719863,25192770.460861407,50000000,0,26547389.948729325,-67180530.246501595
40099.960336209129,58817.533291376712,65272.41565809452,922804465.59751701,219887860.68791574,1.0000000000000001e-09,8000000,0,12960.247214743731,0.92280446559751717,25295814.392382596,-1249067.9192048789,1,33.293755278670062,8.3426959252628716,26546122.365133312,-1250307.9727507159,25295814.392382596,50000000,0,26544882.306963045,-61421624.813533328
40049.980168104536,58842.523375429009,65315.699753358509,922804465.59751701,219887860.68791574,1.0000000000000001e-09,8000000,0,12960.239484537708,0.92280446559751717,25528636.473492399,-1023049.8146952532,1,33.29542463041183,8.3444937616604449,26546122.365133461,-1017485.8916410618,25528636.473492399,50000000,0,26551686.283563208,-49588430.929162711
39999.999999999956,58867.513459481299,65358.983848622498,922804465.59751701,219887860.68791574,1.0000000000000001e-09,8000000,0,12960.239166166464,0.92280446559751717,25933470.763175383,-611775.7693520264,1,33.293727383779093,8.3520890696894998,26546122.365133323,-612651.60195793957,25933470.763175383,50000000,0,26545246.527902946,-27530380.540799759
39949.999999999956,58892.513459481299,65402.28511881172,922804465.59751701,219887860.68791574,7.9239604867294355e-10,10095961.499745067,0,12960.248927229186,0.79850912972706201,26611363.119998552,164599.2911629531,0,33.290809573663509,8.3541958132087544,26546122.079091314,65241.040907237679,26611363.119998552,50000000,0,26446763.825171199,6.3244569282121575e-08
39899.999999999956,58917.513459481299,65445.586389000942,922804465.59751701,219887860.68791574,9.7559193032124743e-10,8200149.8283878127,0,12960.245491511178,0.89481861479422042,26486946.767603572,-44293.663930499883,0,33.291828082671032,8.3527741383532419,26546122.154299472,-59175.386695899069,26486946.767603572,50000000,0,26531240.427022502,8.8815552293771311e-08
39849.999999999956,58942.513459481299,65488.887659190164,922804465.59751701,219887860.68791574,9.2054507057085611e-10,8690503.3286836725,0,12960.224112131611,0.87318862165679445,26523235.562012669,11914.884083630617,0,33.297294622059717,8.3508258883084281,26546122.13637146,-22886.574358791113,26523235.562012669,50000000,0,26511320.673672039,3.887785923453722e-08
39799.999999999956,58967.513459481299,65532.188929379387,922804465.59751701,219887860.68791574,9.282591168713416e-10,8618283.2515168209,0,12960.259596618998,0.87489051242355342,26503795.480321832,-3204.2860797964545,0,33.299199300313411,8.352489595611269,26546122.141890269,-42326.661568436772,26503795.480321832,50000000,0,26506999.762108997,3.3997981756244675e-08
39749.999999999956,58992.513459481299,65575.490199568609,922804465.59751701,219887860.68791574,9.2530220309104116e-10,8645824.0056874305,0,12960.24479910662,0.87340905201113905,26509661.942666974,862.14274704433194,0,33.290074242793601,8.3530635597070191,26546122.140769403,-36460.198102429509,26509661.942666974,50000000,0,26508799.795640908,4.6290019578678367e-08
39699.999999999956,59017.513459481299,65618.791469757824,922804465.59751701,219887860.68791574,9.2325044837206609e-10,8665037.7631617691,0,12960.232168041526,0.87211286233562602,26506275.367187299,-231.89454985442242,0,33.297685364524661,8.3474490236243408,26546122.142197575,-39846.775010276586,26506275.367187299,50000000,0,26506507.25746765,1.0627994942357022e-07
39649.999999999956,59042.513459481299,65662.092739947053,922804465.59751701,219887860.68791574,9.2114983071404581e-10,8684797.7747535892,0,12960.249263016598,0.87073998098338057,26505732.353834644,62.296708112080793,0,33.312646130449153,8.3428798467337515,26546122.144634143,-40389.790799498558,26505732.353834644,50000000,0,26505670.052866731,1.8127840807571155e-07
39599.999999999956,59067.513459481299,65705.394010136268,922804465.59751701,219887860.68791574,9.1905965282864763e-10,8704549.2372316476,0,12960.241969796747,0.86940155184029033,26504366.961215809,-16.725670397479835,0,33.315094840162757,8.3443456350317913,26546122.144175034,-41755.182959225029,26504366.961215809,50000000,0,26504383.682636075,8.0358534449413185e-08
39549.999999999964,59092.513459481299,65748.695280325483,922804465.59751701,219887860.68791574,9.1700844850235139e-10,8724019.9510326236,0,12960.242058878795,0.86809590184245167,26503244.734618783,4.4920652440621591,0,33.307162748493504,8.3418617717777312,26546122.145802606,-42877.4111838229,26503244.734618783,50000000,0,26503240.238312908,3.5646721555477353e-08
39499.999999999956,59117.513459481299,65791.996550514712,922804465.59751701,219887860.68791574,9.149557604294806e-10,8743592.1450942978,0,12960.236256038559,0.86676116478294141,26502074.235596519,-1.2051474390289563,0,33.325427089528624,8.3331013462891015,26546122.145390313,-44047.909793794155,26502074.235596519,50000000,0,26502075.436512727,7.4316875430332441e-08
39449.999999999956,59142.513459481299,65835.297820703941,922804465.59751701,219887860.68791574,9.1293275099395482e-10,8762967.4708131477,0,12960.235557372369,0.8654649881008657,26500920.151818722,0.32279288805635659,0,33.341814693162078,8.329426898905151,26546122.147117551,-45201.99529882893,26500920.151818722,50000000,0,26500919.82480403,1.538296735014552e-07
39399.999999999956,59167.513459481299,65878.599090893156,922804465.59751701,219887860.68791574,9.1096254348361404e-10,8781919.8025499079,0,12960.258540528379,0.8642118907313473,26499783.731268849,-0.086426685305509274,0,33.339983167391452,8.3305010727927815,26546122.146299854,-46338.415031004697,26499783.731268849,50000000,0,26499783.813482735,2.1078967882865532e-07
39349.999999999964,59192.513459481299,65921.900361082371,922804465.59751701,219887860.68791574,9.0903702680871455e-10,8800521.6114077959,0,12960.233492032559,0.86297204940878769,26498685.265565582,0.023142026854366629,0,33.337984119428029,8.326310278406007,26546122.147915222,-47436.882349640131,26498685.265565582,50000000,0,26498685.238219805,9.165488645847472e-08
39299.999999999956,59217.513459481299,65965.2016312716,922804465.59751701,219887860.68791574,9.0709117150147556e-10,8819400.1345618498,0,12960.238168690203,0.86171220650768754,26497575.651674964,-0.0061889163061265686,0,33.356571770370479,8.3193022874779743,26546122.148659088,-48546.496984124184,26497575.651674964,50000000,0,26497575.653669078,-4.1187169406706016e-09
39249.999999999949,59242.513459481299,66008.50290146083,922804465.59751701,219887860.68791574,9.0523102425619268e-10,8837523.0031177849,0,12960.26152383129,0.86054018544316035,26496490.587908085,0.0016531831987221569,0,33.365832420520306,8.3173491676566158,26546122.148732502,-49631.560824416578,26496490.587908085,50000000,0,26496490.582068797,1.42648883934142e-07
39199.999999999956,59267.513459481299,66051.804171650045,922804465.59751701,219887860.68791574,9.0338349968345826e-10,8855596.7679320481,0,12960.226961091399,0.85935340581907094,26495430.123564336,-0.00044151390827871286,0,33.364608909519909,8.318077631006382,26546122.151295979,-50692.027731642127,26495430.123564336,50000000,0,26495430.119828127,1.0248355258594521e-07
39149.999999999964,59292.513459481299,66095.10544183926,922804465.59751701,219887860.68791574,9.015588530275442e-10,8873519.4304121137,0,12960.239247701262,0.85817574726702439,26494387.78729808,0.00011792862522144692,0,33.362794249244168,8.3159827778749644,26546122.15145538,-51734.364157300442,26494387.78729808,50000000,0,26494387.783011008,1.5980665561547464e-07
39099.999999999956,59317.513459481299,66138.406712028489,922804465.59751701,219887860.68791574,8.9976476199179995e-10,8891212.8346640877,0,12960.246677224672,0.85704041527343544,26493346.775024418,-3.1472129688471882e-05,0,33.372960277108554,8.3121845046015199,26546122.153519411,-52775.378494992852,26493346.775024418,50000000,0,26493346.770894952,1.7204791437123867e-07
39049.999999999949,59342.513459481299,66181.707982217718,922804465.59751701,219887860.68791574,8.9799982178855228e-10,8908687.7367818542,0,12960.24293594134,0.85591489629961937,26492325.816445839,8.3970423713632855e-06,0,33.378136130064064,8.3126547954126462,26546122.152169108,-53796.335723269731,26492325.816445839,50000000,0,26492325.812284715,1.0133026582108215e-07
38999.999999999956,59367.513459481299,66225.009252406933,922804465.59751701,219887860.68791574,8.9627217252037124e-10,8925860.0738473069,0,12960.242267603371,0.85480152698500689,26491342.781600807,-2.2344419237020835e-06,0,33.370824176350503,8.3162768648330072,26546122.155148797,-54779.373547989875,26491342.781600807,50000000,0,26491342.777458347,2.3770859109871637e-07
38949.999999999964,59392.513459481299,66268.310522596148,922804465.59751701,219887860.68791574,8.9453794047700602e-10,8943164.5523431003,0,12960.239625810082,0.85370149798979711,26490357.932952702,6.0137038544009207e-07,0,33.363677712899786,8.3160648388052962,26546122.154458027,-55764.221505325288,26490357.932952702,50000000,0,26490357.928815305,1.6177270107085735e-07
38899.999999999956,59417.513459481299,66311.611792785377,922804465.59751701,219887860.68791574,8.9286913105725469e-10,8959879.6976294629,0,12960.248626715373,0.85264691400168835,26489394.357387271,-1.5871898241809797e-07,0,33.372009047648177,8.3138163400274543,26546122.155058101,-56727.797670830041,26489394.357387271,50000000,0,26489394.353258416,8.4794492984478227e-08
38849.999999999949,59442.513459481299,66354.913062974607,922804465.59751701,219887860.68791574,8.9116476857965551e-10,8977015.5666616075,0,12960.248052471417,0.85154106737095769,26488446.773815744,4.5770880333923815e-08,0,33.372404847923072,8.3188933088978416,26546122.155786436,-57675.381970692426,26488446.773815744,50000000,0,26488446.769694526,1.3788193616008202e-07
38799.999999999956,59467.513459481299,66398.214333163822,922804465.59751701,219887860.68791574,8.8955301242888762e-10,8993280.7693566065,0,12960.220553572701,0.85052496459866422,26487553.441965751,-8.4196227176557375e-09,0,33.351632228102019,8.3257491539287205,26546122.156993415,-58568.715027663857,26487553.441965751,50000000,0,26487553.437852114,1.5379299195780397e-07
38749.999999999956,59492.513459481299,66441.515603353037,922804465.59751701,219887860.68791574,8.8789733026382729e-10,9010050.7427168973,0,12960.253444384254,0.84947750712848291,26486639.818767123,6.4664549926757608e-09,0,33.345353407986941,8.3251642510778581,26546122.155945927,-59482.33717880398,26486639.818767123,50000000,0,26486639.814661033,1.5340263311631764e-07
38699.999999999956,59517.513459481299,66484.816873542266,922804465.59751701,219887860.68791574,8.8629401815460644e-10,9026349.9878484029,0,12960.244566195051,0.84844665428964472,26485770.854612026,9.4605614605193492e-10,0,33.353652636336662,8.3253625619618639,26546122.158475742,-60351.30386371538,26485770.854612026,50000000,0,26485770.850513462,1.173161256921776e-07
38649.999999999949,59542.513459481299,66528.118143731495,922804465.59751701,219887860.68791574,8.8468903757792421e-10,9042725.3647248838,0,12960.236377591498,0.84741910447759716,26484927.976102684,3.8349558290633954e-09,0,33.344509226611358,8.3341170017095045,26546122.15706712,-61194.180964436382,26484927.976102684,50000000,0,26484927.972011477,1.7537929180229044e-07
38599.999999999956,59567.513459481299,66571.41941392071,922804465.59751701,219887860.68791574,8.8314400484337321e-10,9058545.329103766,0,12960.245306954905,0.84645477635370536,26484118.616718799,4.7549502062972888e-09,0,33.318947367267647,8.3395232517027189,26546122.159807261,-62003.543088462204,26484118.616718799,50000000,0,26484118.612634771,2.1316665253443732e-07
38549.999999999956,59592.513459481299,66614.720684109925,922804465.59751701,219887860.68791574,8.8154844997736942e-10,9074940.8046776112,0,12960.251687354823,0.84543010728366197,26483295.795887481,2.7310609508028005e-09,0,33.322675848052462,8.3377268200496015,26546122.157448545,-62826.361561063677,26483295.795887481,50000000,0,26483295.791810822,1.5576729187010003e-07
38499.999999999956,59617.513459481299,66658.021954299154,922804465.59751701,219887860.68791574,8.8001689776906139e-10,9090734.5305309445,0,12960.233402937651,0.84444757479026811,26482517.108936381,3.0112542448314604e-09,0,33.325758805702399,8.3410855659960905,26546122.161651198,-63605.052714817226,26482517.108936381,50000000,0,26482517.10486684,1.4999075429965637e-07
38449.999999999949,59642.513459481299,66701.323224488384,922804465.59751701,219887860.68791574,8.7850445976322454e-10,9106385.1880229358,0,12960.25410534046,0.84349937523616703,26481750.338889144,3.2211132812960671e-09,0,33.309878263985688,8.3489251891876197,26546122.16170653,-64371.822817385197,26481750.338889144,50000000,0,26481750.334826428,1.929017415737716e-07
38399.999999999956,59667.513459481299,66744.624494677599,922804465.59751701,219887860.68791574,8.7698138684511246e-10,9122200.4480385017,0,12960.179289019166,0.84253361060484244,26480946.166443028,7.2452105644115664e-09,0,33.294452424881783,8.3502711865345862,26546122.170383334,-65176.003940306604,26480946.166443028,50000000,0,26480946.162387561,2.592033303840981e-07
38349.999999999956,59692.513459481299,66787.925764866814,922804465.59751701,219887860.68791574,8.7550158827892477e-10,9137619.0598653704,0,12960.634066811272,0.8415948026019775,26480135.215608157,-1.0676086648262416e-09,0,33.303569293198187,8.3482531155610822,26546122.185257167,-65986.969649009407,26480135.215608157,50000000,0,26480135.211559385,7.791534961317602e-08
38299.999999999956,59717.513459481299,66831.227035056043,922804465.59751701,219887860.68791574,8.7411204057678041e-10,9152144.8380016852,0,12961.423934536078,0.84073917369733542,26479295.805012241,6.3451664690324259e-09,0,33.301996439771855,8.3505335004243673,26546122.193177883,-66826.388165641576,26479295.805012241,50000000,0,26479295.800970018,2.1607050707809465e-07
38249.999999999949,59742.513459481299,66874.528305245272,922804465.59751701,219887860.68791574,8.7270475620499586e-10,9166903.1744347643,0,12962.386029468948,0.83987582522249959,26478331.498022523,1.6377951514424423e-09,0,33.294200103962545,8.354610667569446,26546122.203856044,-67790.70583352074,26478331.498022523,50000000,0,26478331.493986718,1.4442746820375119e-07
38199.999999999956,59767.513459481299,66917.829575434487,922804465.59751701,219887860.68791574,8.7136808178327349e-10,9180965.1595542897,0,12963.848501539267,0.83906067678728724,26477161.557626974,4.4182625625140015e-09,0,33.286457548598122,8.3555094746991632,26546122.201498013,-68960.643871039152,26477161.557626974,50000000,0,26477161.553597413,2.1671083585637855e-07
38149.999999999956,59792.513459481299,66961.130845623702,922804465.59751701,219887860.68791574,8.7002842511708365e-10,9195101.871439755,0,12964.631077682094,0.83824059897508818,26475797.032674961,6.6973038516213447e-09,0,33.289062970154326,8.354402186211189,26546122.189116016,-70325.156441055238,26475797.032674961,50000000,0,26475797.02865148,3.0779504148349165e-07
38099.999999999956,59817.513459481299,67004.432115812931,922804465.59751701,219887860.68791574,8.6856952345921645e-10,9210546.5180709958,0,12963.681043402825,0.83731446212964122,26474357.862924196,5.7372432001091565e-09,0,33.293497745531674,8.3513652602500166,26546122.162807357,-71764.29988316074,26474357.862924196,50000000,0,26474357.85890758,2.7407443261140511e-07
38049.999999999942,59842.513459481299,67047.733386002161,922804465.59751701,219887860.68791574,8.6707804381946783e-10,9226389.7777412999,0,12963.373912068546,0.83635353422972669,26473024.867706619,3.2461242298108287e-09,0,33.299455602138899,8.3520677944772785,26546122.167976867,-73097.300270248204,26473024.867706619,50000000,0,26473024.863696922,1.9603357297182451e-07
37999.999999999956,59867.513459481299,67091.034656191376,922804465.59751701,219887860.68791574,8.6565592782219315e-10,9241547.0660798848,0,12962.814406721864,0.83544865614792174,26471801.670878761,4.7922970378282552e-09,0,33.291334275541701,8.3498134702828892,26546122.155588605,-74320.484709843993,26471801.670878761,50000000,0,26471801.666875437,2.0132538589803368e-07
37949.999999999956,59892.513459481299,67134.335926380591,922804465.59751701,219887860.68791574,8.6423608125789389e-10,9256729.9300393183,0,12962.594803433274,0.83454193809282495,26470705.990406539,1.7571139378796754e-09,0,33.309127155149973,8.3415082665263878,26546122.138318688,-75416.147912148386,26470705.990406539,50000000,0,26470705.986409925,1.7123992087015381e-07
37899.999999999956,59917.513459481299,67177.63719656982,922804465.59751701,219887860.68791574,8.6278686124358028e-10,9272278.4262952395,0,12962.056920167071,0.83359804874869792,26469671.806986921,8.715114893418573e-09,0,33.322622707678683,8.3390745839774283,26546122.148978341,-76450.341991420835,26469671.806986921,50000000,0,26469671.802997041,3.4542827633943854e-07
37849.999999999942,59942.513459481299,67220.938466759049,922804465.59751701,219887860.68791574,8.6135442317231517e-10,9287698.286306249,0,12961.657825051123,0.83268699433115456,26468718.954001304,4.8399627617525751e-09,0,33.319230774230199,8.3404502806584802,26546122.12894579,-77403.174944486469,26468718.954001304,50000000,0,26468718.950017981,2.5942600957848006e-07
37799.999999999956,59967.513459481299,67264.239736948264,922804465.59751701,219887860.68791574,8.6000085347880928e-10,9302316.3496161904,0,12961.589934659452,0.83183093917729312,26467871.183330599,3.0557319352311236e-09,0,33.318114775472836,8.3344968608719885,26546122.138847142,-78250.955516543239,26467871.183330599,50000000,0,26467871.179353639,1.6920866755347054e-07
37749.999999999956,59992.513459481299,67307.541007137479,922804465.59751701,219887860.68791574,8.5856742249526688e-10,9317847.137443535,0,12961.115540392308,0.83089442182015605,26467036.570646349,3.2431437540788028e-09,0,33.343535664076171,8.3255188279260963,26546122.123630848,-79085.552984498441,26467036.570646349,50000000,0,26467036.566675913,1.8239961049459345e-07
37699.999999999956,60017.513459481299,67350.842277326708,922804465.59751701,219887860.68791574,8.5718596372930317e-10,9332863.9741074424,0,12960.838849651233,0.83001177689791117,26466254.124989338,5.8607450002062576e-09,0,33.353352862163923,8.3254093131220248,26546122.135659575,-79868.010670237243,26466254.124989338,50000000,0,26466254.121025335,2.7921418193433382e-07
37649.999999999942,60042.513459481299,67394.143547515938,922804465.59751701,219887860.68791574,8.5579224509579638e-10,9348063.207915904,0,12960.335682367491,0.82912622382330048,26465484.941991996,6.8150200653330904e-09,0,33.343690669672846,8.326135152559651,26546122.145126138,-80637.203134141862,26465484.941991996,50000000,0,26465484.938034452,3.2180344064528248e-07
37599.999999999956,60067.513459481299,67437.444817705153,922804465.59751701,219887860.68791574,8.5446940701573129e-10,9362535.3164369874,0,12960.334457449973,0.82827670765106454,26464779.690179065,5.4974388277351315e-09,0,33.351337550005674,8.318832111718109,26546122.160803836,-81342.470624770969,26464779.690179065,50000000,0,26464779.68622753,2.8670675713036339e-07
37549.999999999956,60092.513459481299,67480.746087894368,922804465.59751701,219887860.68791574,8.5307790169794885e-10,9377807.0960186683,0,12960.225908551294,0.82737806757704047,26464036.135959331,5.6037963464879198e-09,0,33.372632892696714,8.3139783844840327,26546122.174557883,-82086.038598552346,26464036.135959331,50000000,0,26464036.132014364,2.4732907783429195e-07
37499.999999999956,60117.513459481299,67524.047358083597,922804465.59751701,219887860.68791574,8.5178405930418696e-10,9392051.7913129665,0,12960.260567509997,0.82657298961984926,26463325.10292111,1.7540782800641816e-09,0,33.371036376852075,8.3165288726329596,26546122.18811883,-82797.085197720677,26463325.10292111,50000000,0,26463325.098982062,1.6946016763370019e-07
37449.999999999942,60142.513459481299,67567.348628272826,922804465.59751701,219887860.68791574,8.5043408038558622e-10,9406960.7327736802,0,12960.232312117696,0.82570387571560344,26462596.178382497,7.7357893937922523e-09,0,33.362778821163474,8.316199291912806,26546122.197676014,-83526.019293516874,26462596.178382497,50000000,0,26462596.174449645,3.1393490247567205e-07
37399.999999999949,60167.513459481299,67610.649898462041,922804465.59751701,219887860.68791574,8.4913351285166304e-10,9421368.8176469728,0,12960.242893084072,0.82487029626457664,26461879.52600291,4.9613564819917413e-09,0,33.372142887217535,8.3120295955979238,26546122.209616363,-84242.68361345306,26461879.52600291,50000000,0,26461879.522076126,2.984893295595683e-07
37349.999999999956,60192.513459481299,67653.951168651256,922804465.59751701,219887860.68791574,8.4780497478175164e-10,9436132.4101207219,0,12960.241560115299,0.82403226231952875,26461129.862104405,8.2513981766136372e-09,0,33.379388620803404,8.3122991158404798,26546122.217921175,-84992.355816770345,26461129.862104405,50000000,0,26461129.858183842,3.6124159960955371e-07
37299.999999999949,60217.513459481299,67697.252438840485,922804465.59751701,219887860.68791574,8.4650831732148419e-10,9450586.4104362223,0,12960.241240583244,0.8232044783029161,26460384.388406992,5.3626596773694606e-09,0,33.371260484558157,8.3162783203066315,26546122.227585256,-85737.839178264141,26460384.388406992,50000000,0,26460384.384492379,3.2334384166630332e-07
37249.999999999942,60242.513459481299,67740.553709029715,922804465.59751701,219887860.68791574,8.4519937230012575e-10,9465222.3631312437,0,12960.243145765195,0.82235707527701984,26459638.787919242,9.1142980063301192e-09,0,33.363339845262921,8.3175769596971172,26546122.235489905,-86483.447570662946,26459638.787919242,50000000,0,26459638.784010712,3.7621321917723887e-07
37199.999999999949,60267.513459481299,67783.85497921893,922804465.59751701,219887860.68791574,8.4391120883942563e-10,9479670.2736079004,0,12960.233326314818,0.82154540180215496,26458884.279372744,3.3101499463561563e-09,0,33.366070443495929,8.3166701914170513,26546122.242892496,-87237.963519752026,26458884.279372744,50000000,0,26458884.275470104,2.4792169082952234e-07
37149.999999999956,60292.513459481299,67827.156249408145,922804465.59751701,219887860.68791574,8.4261804246789097e-10,9494218.7287716866,0,12960.256870281028,0.82072136443832389,26458111.301974401,7.4147607179667074e-09,0,33.367120904436845,8.3190594979496932,26546122.250619356,-88010.948644954711,26458111.301974401,50000000,0,26458111.298077732,3.2221694842067926e-07
37099.999999999949,60317.513459481299,67870.457519597374,922804465.59751701,219887860.68791574,8.4130989993945227e-10,9508981.1739708781,0,12960.244879408707,0.81986568402361371,26457335.703313086,5.6831310907785144e-09,0,33.356170173754109,8.3259664085000917,26546122.256496646,-88786.553183559328,26457335.703313086,50000000,0,26457335.699422419,2.9981735435714205e-07
37049.999999999956,60342.513459481299,67913.758789786589,922804465.59751701,219887860.68791574,8.400515959577039e-10,9523224.5715563688,0,12960.224936860281,0.81906895657045453,26456583.299910583,5.8330803434390706e-09,0,33.339616327617684,8.3298202467036155,26546122.262604736,-89538.96269415319,26456583.299910583,50000000,0,26456583.296025872,2.9871727064041759e-07
36999.999999999964,60367.513459481299,67957.060059975804,922804465.59751701,219887860.68791574,8.3875591367978418e-10,9537935.7325803787,0,12960.256317855828,0.81824312008239752,26455792.487593502,6.8341272367304838e-09,0,33.341082699004339,8.3291918790318178,26546122.265941743,-90329.778348241001,26455792.487593502,50000000,0,26455792.483714692,3.2570296372247634e-07
36949.999999999956,60392.513459481299,68000.361330165033,922804465.59751701,219887860.68791574,8.3746613675058627e-10,9552625.054237932,0,12960.23791430116,0.81740048357162998,26455007.23181073,5.9138092046722408e-09,0,33.341683227185129,8.3330319776747785,26546122.270750865,-91115.03894013539,26455007.23181073,50000000,0,26455007.22793797,3.1456009939336143e-07
36899.999999999956,60417.513459481299,68043.662600354248,922804465.59751701,219887860.68791574,8.3618867571884898e-10,9567218.7776545659,0,12960.233841219269,0.81657343750220157,26454232.421268091,7.2555810786163689e-09,0,33.325819644400433,8.3413948482168134,26546122.270980712,-91889.849712621421,26454232.421268091,50000000,0,26454232.417401105,3.4528902368446434e-07
36849.999999999971,60442.513459481299,68086.963870543463,922804465.59751701,219887860.68791574,8.3492961670313952e-10,9581645.9734519776,0,12960.243415466281,0.81577322924116158,26453458.536882833,6.4990180919631884e-09,0,33.308673558669305,8.3437322071320246,26546122.271930281,-92663.735047448426,26453458.536882833,50000000,0,26453458.533021756,3.444010779670954e-07
36799.999999999956,60467.513459481299,68130.265140732692,922804465.59751701,219887860.68791574,8.3361790508647743e-10,9596722.8525034077,0,12960.252493758315,0.81491387056457876,26452653.205537181,8.0786077005684515e-09,0,33.316103857607374,8.3426652666405765,26546122.268563792,-93469.063026610762,26452653.205537181,50000000,0,26452653.201682124,3.7622104178917915e-07
36749.999999999956,60492.513459481299,68173.566410921921,922804465.59751701,219887860.68791574,8.3234353736972788e-10,9611416.0089234672,0,12960.243641130382,0.81407757069516784,26451871.894130029,6.3345753850205106e-09,0,33.31261216011621,8.3474078434185017,26546122.26597457,-94250.371844541281,26451871.894130029,50000000,0,26451871.890280992,3.3832282482108383e-07
36699.999999999956,60517.513459481299,68216.867681111136,922804465.59751701,219887860.68791574,8.3107326474333348e-10,9626106.7939299569,0,12960.237356595075,0.81325749806209102,26451096.525000971,7.176413693714604e-09,0,33.297813364367428,8.3527784716886746,26546122.258086056,-95025.733085084707,26451096.525000971,50000000,0,26451096.521157656,3.8808367801970661e-07
36649.999999999971,60542.513459481299,68260.168951300351,922804465.59751701,219887860.68791574,8.2976357672289152e-10,9641300.5154973269,0,12960.237713922495,0.81239516231414788,26450290.117288847,1.1522813671341478e-08,0,33.291002539329781,8.3520660566028155,26546122.24662786,-95832.129339013249,26450290.117288847,50000000,0,26450290.11345157,5.1598905932737805e-07
36599.999999999956,60567.513459481299,68303.470221489581,922804465.59751701,219887860.68791574,8.2845495613140701e-10,9656529.8339893743,0,12960.254257847602,0.81152639405189964,26449487.501995578,8.6733085967951103e-09,0,33.299963177048255,8.3506752837378002,26546122.2324479,-96634.73045232147,26449487.501995578,50000000,0,26449487.49816449,4.2037723106868465e-07
36549.999999999956,60592.513459481299,68346.77149167881,922804465.59751701,219887860.68791574,8.2716618785138299e-10,9671575.2136578057,0,12960.229679313235,0.81067500638256984,26448698.52763259,4.2292475795386599e-09,0,33.297137671100685,8.3529513585835389,26546122.212689046,-97423.685056455433,26448698.52763259,50000000,0,26448698.52380741,3.1367375041293251e-07
36499.999999999956,60617.513459481299,68390.072761868025,922804465.59751701,219887860.68791574,8.2582892697182208e-10,9687236.349704884,0,12960.241161146256,0.80977668032248207,26447874.245740935,1.2022568248428823e-08,0,33.291245677526945,8.3541555927625648,26546122.188941091,-98247.943200156093,26447874.245740935,50000000,0,26447874.241921958,4.84954167511383e-07
36449.999999999971,60642.513459481299,68433.37403205724,922804465.59751701,219887860.68791574,8.2445797413575553e-10,9703344.8046702892,0,12960.252969813109,0.80884830222123649,26447018.413604952,5.9109738159043769e-09,0,33.291533025870159,8.3520179136849926,26546122.161374915,-99103.747769962996,26447018.413604952,50000000,0,26447018.409792222,3.6740185785920373e-07
36399.999999999956,60667.513459481299,68476.675302246469,922804465.59751701,219887860.68791574,8.2310281425098921e-10,9719320.431772558,0,12960.240040299479,0.80792546203159088,26446153.760804627,8.4025289223816855e-09,0,33.29984752167465,8.3484393458693678,26546122.130612567,-99968.369807939976,26446153.760804627,50000000,0,26446153.756998248,4.2287207823051551e-07
36349.999999999956,60692.513459481299,68519.976572435698,922804465.59751701,219887860.68791574,8.2168188381274045e-10,9736128.0047672093,0,12960.235780589206,0.80693070796103428,26445178.973201916,1.1223724966912407e-08,0,33.306626034831815,8.3468897758759635,26546122.09955522,-100943.12635330483,26445178.973201916,50000000,0,26445178.969402131,5.159286729579961e-07
36299.999999999956,60717.513459481299,68563.277842624913,922804465.59751701,219887860.68791574,8.2012853390841558e-10,9754568.5453402326,0,12960.244376197039,0.80583099162443272,26444105.845752634,8.6207271976670403e-09,0,33.305598572779481,8.3464294846872971,26546122.068902981,-102016.22315034643,26444105.845752634,50000000,0,26444105.841959957,4.5822859596631899e-07
36249.999999999971,60742.513459481299,68606.579112814128,922804465.59751701,219887860.68791574,8.1864326056705891e-10,9772266.3647869378,0,12960.259986142199,0.80474480892066036,26442560.190201186,9.2766519484606037e-09,0,33.308068155082005,8.3420249420298695,26546122.038895465,-103561.84869427979,26442560.190201186,50000000,0,26442560.186415419,4.5216669587046191e-07
36199.999999999956,60767.513459481299,68649.880383003358,922804465.59751701,219887860.68791574,8.1669963162932773e-10,9795522.9685100336,0,12960.150901772387,0.80329552651449543,26441031.252607804,8.5383404332972798e-09,0,33.323839289634272,8.3358773621223996,26546122.037478492,-105090.78487068787,26441031.252607804,50000000,0,26441031.248831056,4.2972612471990949e-07
36149.999999999956,60792.513459481299,68693.181653192587,922804465.59751701,219887860.68791574,8.1521578244654674e-10,9813352.7003001608,0,12960.568184213698,0.80195949504434649,26435613.155339733,8.134690020280156e-09,0,33.332111196799147,8.334936324741971,26546121.975490931,-110508.82015119866,26435613.155339733,50000000,0,26435613.151569817,4.0426749062039383e-07
36099.999999999956,60817.513459481299,68736.482923381802,922804465.59751701,219887860.68791574,8.1130899265380014e-10,9860608.0697200634,0,12959.01366702321,0.79941535089791416,26431605.383760273,7.4321551084943555e-09,0,33.327365175610588,8.3166968724015771,26546122.152425189,-114516.76866491511,26431605.383760273,50000000,0,26431605.380008403,4.0693065072924262e-07
36049.999999999964,60842.513459481299,68779.784193571017,922804465.59751701,219887860.68791574,8.1417367215021072e-10,9825913.4060070012,0,12963.500108989161,0.80190494961278214,26408985.828833465,1.0994073903251369e-08,0,33.40590469862709,8.386818697017361,26546121.769730289,-137135.940896824,26408985.828833465,50000000,0,26408985.825068336,4.7812417350740984e-07
35999.999999999956,60867.513459481299,68823.085463760246,922804465.59751701,219887860.68791574,8.1375097697571739e-10,9831017.3828982767,0,12779.188824574021,0.80215514246546926,26450459.972586304,5.8480109170782007e-09,0,49.80365542827645,16.711017474134398,26546122.13821492,-95662.165628615767,26450459.972586304,50000000,0,26450459.96882315,5.4392903843713621e-07
35899.999999999956,60917.513459481299,68909.68800413869,922804465.59751701,219887860.68791574,8.2347040964234222e-10,9714981.7483712416,0,12673.101158356176,0.81092930556068654,26454431.105534844,9.6027314591930616e-09,0,66.536464835973618,16.771933094118008,26546121.323200732,-91690.217665888369,26454431.105534844,50000000,0,26454431.101726737,8.8343908350651076e-07
35799.999999999956,60967.513459481299,68996.290544517135,922804465.59751701,219887860.68791574,8.1413037314554893e-10,9826435.9909440055,0,12697.449027435099,0.80411308962442363,26443725.041689776,8.7515890979715605e-09,0,66.419057316413245,16.790247987415256,26546121.511334471,-102396.46964469552,26443725.041689776,50000000,0,26443725.037924889,9.2357507318017241e-07
35699.999999999956,61017.513459481299,69082.893084895579,922804465.59751701,219887860.68791574,8.1305552221279228e-10,9839426.4369868301,0,12691.206846819832,0.80293099126435685,26438098.363110315,1.0794742629994683e-08,0,66.406847232492822,16.773611538729543,26546121.406242292,-108023.04313197732,26438098.363110315,50000000,0,26438098.359350327,1.0557043837313257e-06
35599.999999999956,61067.513459481299,69169.495625274023,922804465.59751701,219887860.68791574,8.0947845107482453e-10,9882906.6905679777,0,12692.451976575494,0.80053768617834375,26436090.74730083,1.1441674758304609e-08,0,66.499862471121801,16.757964748249485,26546121.346605916,-110030.59930508584,26436090.74730083,50000000,0,26436090.743557449,1.1270191582893215e-06
35499.999999999956,61117.513459481299,69256.098165652467,922804465.59751701,219887860.68791574,8.0659892856848472e-10,9918188.2304208931,0,12692.917580723191,0.79844209564395086,26435284.03231895,1.1044452215236825e-08,0,66.452359883225313,16.781396219889864,26546121.313149273,-110837.2808303237,26435284.03231895,50000000,0,26435284.028588835,1.1018632071562778e-06
35399.999999999956,61167.513459481299,69342.700706030912,922804465.59751701,219887860.68791574,8.0486621648471437e-10,9939540.0578969866,0,12691.724403231954,0.79750746025299535,26432610.241433695,1.0499371403127918e-08,0,66.426132597562443,16.754137928693005,26546121.242450893,-113511.00101719797,26432610.241433695,50000000,0,26432610.237711642,1.0721373525652893e-06
35299.999999999956,61217.513459481299,69429.303246409356,922804465.59751701,219887860.68791574,8.0143398473247393e-10,9982107.263230158,0,12692.881636473105,0.79500602226093309,26432390.055571642,1.1302484657848451e-08,0,66.553296151355227,16.722809100410078,26546121.255469572,-113731.19989793003,26432390.055571642,50000000,0,26432390.051865425,1.1117356865792854e-06
35199.999999999956,61267.513459481299,69515.9057867878,922804465.59751701,219887860.68791574,8.0003324599285575e-10,9999584.4423558488,0,12692.23710850303,0.79411937660491827,26429478.736601755,1.0979624305001835e-08,0,66.543494416392349,16.74000869169684,26546121.21984097,-116642.48323921487,26429478.736601755,50000000,0,26429478.732902072,1.0955778197853502e-06
35099.999999999956,61317.513459481299,69602.508327166244,922804465.59751701,219887860.68791574,7.9662814055666531e-10,10042326.642398927,0,12692.44676255245,0.79193909082813663,26429486.279940307,1.0510505764858527e-08,0,66.496311512736369,16.716751326724864,26546121.213279996,-116634.93333968893,26429486.279940307,50000000,0,26429486.276256308,1.1023339409757302e-06
34999.999999999956,61367.513459481299,69689.110867544689,922804465.59751701,219887860.68791574,7.9551179953440674e-10,10056419.030716358,0,12692.256603724554,0.79122691333133077,26426613.302162666,1.3138023344935305e-08,0,66.637755285802797,16.669386760766088,26546121.233364467,-119507.9312018007,26426613.302162666,50000000,0,26426613.298483897,1.2528433051709412e-06
34899.999999999956,61417.513459481299,69775.713407923133,922804465.59751701,219887860.68791574,7.9181817889389245e-10,10103329.543623015,0,12692.542710386646,0.78865611412841086,26426529.725607809,1.2097230226690248e-08,0,66.672299554338636,16.676465113394169,26546121.214810066,-119591.48920225725,26426529.725607809,50000000,0,26426529.721946061,1.2651805407811438e-06
34799.999999999956,61467.513459481299,69862.315948301577,922804465.59751701,219887860.68791574,7.9097774755016968e-10,10114064.554628152,0,12692.986331777442,0.78826028576344231,26423261.314422585,1.4369207700275024e-08,0,66.618325826252715,16.658737010444913,26546121.27590251,-122859.96147992462,26423261.314422585,50000000,0,26423261.310764704,1.3819079595279624e-06
34699.999999999956,61517.513459481299,69948.918488680021,922804465.59751701,219887860.68791574,7.8766637898348843e-10,10156584.327390105,0,12697.66018593712,0.78615904485518218,26423390.320006713,1.3381348243992151e-08,0,66.739221560873801,16.601024683271667,26546121.280406062,-122730.96039934829,26423390.320006713,50000000,0,26423390.316364221,1.3644259361200386e-06
34599.999999999956,61567.513459481299,70035.521029058466,922804465.59751701,219887860.68791574,7.8664135755348941e-10,10169818.714943796,0,12694.987985744307,0.78545264803560322,26419556.804397132,1.3974578267296159e-08,0,66.821424930355136,16.609215047521893,26546121.208465923,-126564.40406879038,26419556.804397132,50000000,0,26419556.800759304,1.4367591300384254e-06
34499.999999999956,61617.513459481299,70122.12356943691,922804465.59751701,219887860.68791574,7.8266058791359811e-10,10221544.464531509,0,12693.20233657471,0.78263925707734994,26419358.002025399,1.6907108741713385e-08,0,66.728856580548523,16.605690088736935,26546121.197594207,-126763.19556880742,26419358.002025399,50000000,0,26419357.998406027,1.585345216881251e-06
34399.999999999956,61667.513459481299,70208.726109815354,922804465.59751701,219887860.68791574,7.820323714438283e-10,10229755.560150966,0,12691.685543035303,0.78246874870794247,26415928.388059814,1.3552367027276612e-08,0,66.850684021768259,16.548538017391856,26546121.213123113,-130192.82506329939,26415928.388059814,50000000,0,26415928.384443372,1.4274423847382423e-06
34299.999999999956,61717.513459481299,70295.328650193798,922804465.59751701,219887860.68791574,7.7819079238349331e-10,10280255.27710437,0,12692.840964019919,0.77976398760921284,26416218.834015097,1.4545283126298257e-08,0,66.9449704896399,16.561336086775935,26546121.249876328,-129902.41586123034,26416218.834015097,50000000,0,26416218.830416389,1.4526594895869493e-06
34199.999999999956,61767.513459481299,70381.931190572242,922804465.59751701,219887860.68791574,7.7751243790554731e-10,10289224.467643574,0,12692.319155826601,0.77940020060152648,26412812.492101714,1.5376421178980798e-08,0,66.80182540417016,16.581659939065815,26546121.225305483,-133308.73320376873,26412812.492101714,50000000,0,26412812.488506153,1.5433906810358167e-06
34099.999999999964,61817.513459481299,70468.533730950672,922804465.59751701,219887860.68791574,7.7366483856137053e-10,10340394.963366261,0,12692.720172120818,0.77676479646924668,26413075.637566123,1.6604390439581793e-08,0,66.871266556139688,16.530716082040559,26546121.232138809,-133045.59457268566,26413075.637566123,50000000,0,26413075.633988298,1.6590893210377544e-06
33999.999999999964,61867.513459481299,70555.136271329116,922804465.59751701,219887860.68791574,7.7334478746227458e-10,10344674.367362313,0,12694.546089495288,0.77680917867570587,26410457.995427646,1.7770924951019503e-08,0,66.989452674018466,16.532702558771824,26546121.281613074,-135663.2861854285,26410457.995427646,50000000,0,26410457.991851367,1.7492966435384005e-06
33899.999999999964,61917.513459481299,70641.738811707561,922804465.59751701,219887860.68791574,7.6960075472089816e-10,10395000.200972971,0,12698.555196874442,0.77419467140611364,26411049.466150921,1.7199223325747304e-08,0,66.840599882167211,16.58745977699817,26546121.282265477,-135071.81611455604,26411049.466150921,50000000,0,26411049.46259195,1.7394593214703491e-06
33799.999999999964,61967.513459481299,70728.341352086005,922804465.59751701,219887860.68791574,7.687372666168918e-10,10406676.438622901,0,12695.012606280372,0.77365884930477147,26408281.884838056,1.7847910677143509e-08,0,66.798267090336381,16.557150151214799,26546121.375527494,-137839.49068943784,26408281.884838056,50000000,0,26408281.881283045,1.7543378667702282e-06
33699.999999999964,62017.513459481299,70814.943892464449,922804465.59751701,219887860.68791574,7.6483241308123115e-10,10459807.747638006,0,12692.267424508387,0.77092398705632903,26408657.984518941,1.672008375319202e-08,0,66.963133545812269,16.552904930275485,26546121.326125924,-137463.34160698205,26408657.984518941,50000000,0,26408657.980982009,1.7756699545158851e-06
33599.999999999964,62067.513459481299,70901.546432842893,922804465.59751701,219887860.68791574,7.6412505332570271e-10,10469490.517519094,0,12691.82581304726,0.77063809293740504,26405561.730575718,2.1780480091284292e-08,0,66.817353720559964,16.619059711788211,26546121.322374217,-140559.59179849923,26405561.730575718,50000000,0,26405561.727042012,2.0571050707330081e-06
33499.999999999964,62117.513459481299,70988.148973221338,922804465.59751701,219887860.68791574,7.6044938374712437e-10,10520095.315970307,0,12693.136889215462,0.76795971217869197,26405466.34721012,1.9557368293626965e-08,0,66.709505596356337,16.617285793286797,26546121.342504401,-140654.99529428035,26405466.34721012,50000000,0,26405466.343693458,2.0012524915892401e-06
33399.999999999964,62167.513459481299,71074.751513599782,922804465.59751701,219887860.68791574,7.5954626705006699e-10,10532603.933479674,0,12691.845386987779,0.76747049638251641,26402359.541274581,2.0136803743379342e-08,0,66.813755015446475,16.608966226906468,26546121.334538847,-143761.7932642661,26402359.541274581,50000000,0,26402359.537762113,2.0098393259860713e-06
33299.999999999964,62217.513459481299,71161.354053978226,922804465.59751701,219887860.68791574,7.5624853660418159e-10,10578532.866869438,0,12692.748564630443,0.76530802811457765,26402231.60643746,2.0436761141229399e-08,0,66.742038210449024,16.666712765476593,26546121.362007998,-143889.75557053834,26402231.60643746,50000000,0,26402231.602940258,2.0318246633087359e-06
33199.999999999964,62267.513459481299,71247.95659435667,922804465.59751701,219887860.68791574,7.5507879562107662e-10,10594920.750502393,0,12692.168693598576,0.76451838486312618,26399167.337758094,2.000286929537296e-08,0,66.588936803323378,16.689969775503609,26546121.341564156,-146954.00380606204,26399167.337758094,50000000,0,26399167.334266249,2.04536243907308e-06
33099.999999999964,62317.513459481299,71334.559134735115,922804465.59751701,219887860.68791574,7.5181199170192813e-10,10640958.229301339,0,12692.667778678277,0.76222732449160158,26398817.65675462,2.233551150152278e-08,0,66.6505365212209,16.677053115629793,26546121.366928697,-147303.71017407626,26398817.65675462,50000000,0,26398817.653277852,2.1877296299954222e-06
32999.999999999956,62367.513459481299,71421.161675113559,922804465.59751701,219887860.68791574,7.5063495274495776e-10,10657643.866348099,0,12692.321518582045,0.76154536434556419,26396211.595721118,2.1898864172689474e-08,0,66.628463090576886,16.722496484781736,26546121.358110081,-149909.76238896325,26396211.595721118,50000000,0,26396211.592249747,2.2378601241833187e-06
32899.999999999956,62417.513459481299,71507.764215492003,922804465.59751701,219887860.68791574,7.4758519645023445e-10,10701121.474813756,0,12692.306936308658,0.75951702739097027,26395648.106646404,2.4295532047012338e-08,0,66.483734474951333,16.748090273216956,26546121.361914299,-150473.25526789576,26395648.106646404,50000000,0,26395648.103189219,2.3374061747116995e-06
32799.999999999956,62467.513459481299,71594.366755870447,922804465.59751701,219887860.68791574,7.4605892847112279e-10,10723013.551196799,0,12692.373720203728,0.75839260308643885,26393089.277292356,2.1252858577623269e-08,0,66.523833216377113,16.731224747830385,26546121.366367254,-153032.08907489851,26393089.277292356,50000000,0,26393089.27384226,2.212201074921519e-06
32699.99999999996,62517.513459481299,71680.969296248892,922804465.59751701,219887860.68791574,7.4322807642411626e-10,10763856.01372283,0,12692.763593634112,0.75647006403786132,26392430.602741066,2.339791004385529e-08,0,66.540501907079602,16.75805968411127,26546121.363225456,-153690.76048438996,26392430.602741066,50000000,0,26392430.599304024,2.3360496857857623e-06
32599.99999999996,62567.513459481299,71767.571836627336,922804465.59751701,219887860.68791574,7.4165484869710855e-10,10786688.73268871,0,12691.827086993946,0.75557040105701512,26390162.522860449,2.527468349432157e-08,0,66.422888521788991,16.783707582535111,26546121.372810837,-155958.84995038807,26390162.522860449,50000000,0,26390162.519430704,2.470102496086632e-06
32499.99999999996,62617.513459481299,71854.17437700578,922804465.59751701,219887860.68791574,7.3892247235130154e-10,10826575.587188851,0,12692.890540603747,0.75357204903443054,26389154.886075195,2.3783865213238056e-08,0,66.446342093552161,16.761333021155419,26546121.365426399,-156966.47935120389,26389154.886075195,50000000,0,26389154.882658057,2.4637034030140298e-06
32399.99999999996,62667.513459481299,71940.776917384224,922804465.59751701,219887860.68791574,7.3704407458986041e-10,10854167.716408592,0,12692.19148302374,0.75228999860951273,26387119.70304041,2.7393385786138875e-08,0,66.493567426479956,16.774632661583862,26546121.372652262,-159001.66961185262,26387119.70304041,50000000,0,26387119.699631985,2.6574977289232547e-06
32299.99999999996,62717.513459481299,72027.379457762669,922804465.59751701,219887860.68791574,7.3465374316396404e-10,10889483.752615197,0,12692.48153124342,0.75074665130978624,26385866.012676287,2.6072970274056612e-08,0,66.404156900648957,16.790719980254693,26546121.383485023,-160255.37080873549,26385866.012676287,50000000,0,26385866.009278923,2.6700273220143137e-06
32199.99999999996,62767.513459481299,72113.981998141113,922804465.59751701,219887860.68791574,7.3260952359286111e-10,10919868.964776445,0,12692.404597995088,0.74935997960116341,26384126.334070198,2.8537175875355266e-08,0,66.432724960049896,16.757794059428402,26546121.370267626,-161995.03619742766,26384126.334070198,50000000,0,26384126.33068224,2.7725217258493098e-06
32099.99999999996,62817.513459481299,72200.584538519557,922804465.59751701,219887860.68791574,7.3024964425430516e-10,10955157.681931442,0,12692.264195933061,0.74765063562126399,26382578.366135005,2.6192912104270444e-08,0,66.531418330462472,16.749853465759411,26546121.37876182,-163543.01262681559,26382578.366135005,50000000,0,26382578.362757962,2.7064446650029932e-06
31999.99999999996,62867.513459481299,72287.187078898001,922804465.59751701,219887860.68791574,7.2803155679158658e-10,10988534.666320138,0,12692.810435563266,0.74614505887041305,26381037.528182659,2.8989683828367456e-08,0,66.455941673042943,16.769784924005474,26546121.374399617,-165083.84621695802,26381037.528182659,50000000,0,26381037.52481591,2.8287217626928557e-06
31899.999999999956,62917.513459481299,72373.789619276446,922804465.59751701,219887860.68791574,7.2601154238719619e-10,11019108.55807225,0,12691.951491395588,0.74488911087197474,26379289.502713889,2.7636465678426161e-08,0,66.470899185596295,16.726202617343102,26546121.378477685,-166831.87576379627,26379289.502713889,50000000,0,26379289.499356486,2.830212887695704e-06
31799.999999999956,62967.513459481299,72460.39215965489,922804465.59751701,219887860.68791574,7.2349844197328796e-10,11057383.86686432,0,12692.624236633801,0.74302141795548571,26377955.097162072,3.0314196983149195e-08,0,66.620597419893613,16.693459660666083,26546121.374846999,-168166.27768492699,26377955.097162072,50000000,0,26377955.093816254,3.000885700802364e-06
31699.999999999956,63017.513459481299,72546.994700033334,922804465.59751701,219887860.68791574,7.215568170998406e-10,11087137.991615482,0,12692.503115567573,0.74166293351329549,26375744.195217639,3.1094972130858556e-08,0,66.595605877686907,16.714805085960812,26546121.378452893,-170377.18323525414,26375744.195217639,50000000,0,26375744.191880897,3.0864030437872514e-06
31599.999999999956,63067.513459481299,72633.597240411778,922804465.59751701,219887860.68791574,7.1899413400427909e-10,11126655.450468559,0,12692.213797143135,0.74000751701942891,26374609.038573183,3.0485890076411819e-08,0,66.544964147874325,16.684802401858963,26546121.378947701,-171512.34037451819,26374609.038573183,50000000,0,26374609.035248164,3.0774474066219578e-06
31499.999999999956,63117.513459481299,72720.199780790223,922804465.59751701,219887860.68791574,7.1727412292101111e-10,11153336.980004421,0,12692.409933110806,0.73877155712536136,26372176.308848612,3.1706611406525852e-08,0,66.715840609169135,16.633522850095289,26546121.35466335,-173945.04581473768,26372176.308848612,50000000,0,26372176.305531587,3.1785140515866037e-06
31399.999999999956,63167.513459481299,72806.802321168667,922804465.59751701,219887860.68791574,7.1434798739036703e-10,11199023.642799888,0,12692.599210018345,0.7366688029264028,26370950.483988628,3.3338083084369577e-08,0,66.735519378982417,16.644007027332442,26546121.358150404,-175170.87416177616,26370950.483988628,50000000,0,26370950.480685174,3.2944588512303674e-06
31299.999999999956,63217.513459481299,72893.404861547111,922804465.59751701,219887860.68791574,7.1284567741243756e-10,11222625.392093917,0,12692.216155999802,0.7356751308624998,26367914.583955415,3.2578207596002205e-08,0,66.688977930222919,16.627136315931462,26546121.322010927,-178206.73805551231,26367914.583955415,50000000,0,26367914.580658797,3.3047071758396347e-06
31199.999999999956,63267.513459481299,72980.007401925555,922804465.59751701,219887860.68791574,7.0989629648024636e-10,11269251.635250645,0,12692.728089459677,0.73366370601896824,26366838.139433697,3.4715570279923253e-08,0,66.798534735326854,16.581775727052008,26546121.290886294,-179283.15145259723,26366838.139433697,50000000,0,26366838.136150818,3.4322186443989883e-06
31099.999999999956,63317.513459481299,73066.609942304,922804465.59751701,219887860.68791574,7.0844281973707241e-10,11292372.195882346,0,12691.862388874737,0.73259049016351807,26363199.73768146,3.4470802643827058e-08,0,66.86550880242612,16.584409548050708,26546121.235671908,-182921.49799044803,26363199.73768146,50000000,0,26363199.734405283,3.5078493615555608e-06
30999.999999999956,63367.513459481299,73153.212482682444,922804465.59751701,219887860.68791574,7.0526838413935438e-10,11343199.524998616,0,12693.732452975728,0.73031278334065086,26361802.339579169,3.7824427906954376e-08,0,66.787803511703288,16.580447743905182,26546121.180327095,-184318.84074792638,26361802.339579169,50000000,0,26361802.336317636,3.7311343474771772e-06
30899.999999999956,63417.513459481299,73239.815023060888,922804465.59751701,219887860.68791574,7.0418816455000891e-10,11360599.911646891,0,12692.756494191637,0.72971928526785135,26357941.451741774,3.8192332907441526e-08,0,66.885731286488962,16.541476487868355,26546121.066447675,-188179.61470590159,26357941.451741774,50000000,0,26357941.448485255,3.8472752258583881e-06
30799.999999999967,63467.513459481299,73326.417563439318,922804465.59751701,219887860.68791574,7.0107894842144223e-10,11410983.054015132,0,12697.902626017258,0.72754013106730719,26357079.722965818,4.0238678810861878e-08,0,66.928599214229948,16.563696020133655,26546121.100448892,-189041.37748307362,26357079.722965818,50000000,0,26357079.719723698,3.969614039262464e-06
30699.999999999967,63517.513459481299,73413.020103817762,922804465.59751701,219887860.68791574,7.002025217409543e-10,11425265.907466603,0,12700.569939347419,0.72699145667395138,26353847.405714061,3.8924769847936072e-08,0,66.802113362054271,16.570487088303324,26546121.085106224,-192273.67939216271,26353847.405714061,50000000,0,26353847.402475994,3.9553026094218788e-06
30599.999999999967,63567.513459481299,73499.622644196206,922804465.59751701,219887860.68791574,6.9691891560166795e-10,11479097.239103386,0,12704.470300610768,0.72471003097243114,26354561.533594713,4.1552458518814298e-08,0,66.906432768881061,16.532026239088477,26546121.279395841,-191559.74580112845,26354561.533594713,50000000,0,26354561.530371819,4.1304507672962128e-06
30499.999999999967,63617.513459481299,73586.22518457465,922804465.59751701,219887860.68791574,6.9621847783533033e-10,11490645.903053541,0,12706.118855189352,0.72439164045946103,26354239.83801065,4.2663953507245984e-08,0,66.929181872063594,16.570296615668035,26546121.304196846,-191881.46618619561,26354239.83801065,50000000,0,26354239.83479099,4.2624478837073218e-06
30399.999999999967,63667.513459481299,73672.827724953095,922804465.59751701,219887860.68791574,6.9265967528807564e-10,11549683.467040643,0,12711.887078299473,0.72175892050685642,26358095.415938318,4.3453539921976102e-08,0,66.761884469398126,16.60485744065393,26546121.394005395,-188025.9780670777,26358095.415938318,50000000,0,26358095.412735108,4.3511778400005176e-06
30299.999999999967,63717.513459481299,73759.430265331539,922804465.59751701,219887860.68791574,6.9102060596695125e-10,11577078.788806017,0,12703.627630639387,0.72042303213759806,26358088.592143487,4.4756979467435018e-08,0,66.8045537335543,16.568532164377665,26546121.476789281,-188032.88464579359,26358088.592143487,50000000,0,26358088.588947851,4.4666065078434294e-06
30199.999999999964,63767.513459481299,73846.032805709983,922804465.59751701,219887860.68791574,6.8671146872934773e-10,11649725.342088535,0,12694.416663909282,0.71712004232502358,26357971.478030395,4.5574141684491563e-08,0,66.906895674471301,16.592658751966166,26546121.518661939,-188150.04063154384,26357971.478030395,50000000,0,26357971.474854719,4.539855270136546e-06
30099.999999999964,63817.513459481299,73932.635346088427,922804465.59751701,219887860.68791574,6.8574628823211977e-10,11666122.204745715,0,12691.291401806397,0.71651549045683383,26353426.867857691,4.5144873061608949e-08,0,66.715122650272548,16.654454185846344,26546121.373740826,-192694.5058831349,26353426.867857691,50000000,0,26353426.864686415,4.584535465646332e-06
29999.999999999964,63867.513459481299,74019.237886466872,922804465.59751701,219887860.68791574,6.82024143622013e-10,11729790.029826324,0,12693.273626995859,0.71367849384287962,26351909.112903323,4.9025535890540999e-08,0,66.671778959388107,16.634520737111345,26546121.37604839,-194212.2631450668,26351909.112903323,50000000,0,26351909.109749395,4.8484481564785531e-06
29899.999999999964,63917.513459481299,74105.840426845316,922804465.59751701,219887860.68791574,6.8112968623078142e-10,11745193.55372804,0,12691.798658415346,0.71310115936122487,26347389.699411556,4.9773916373873235e-08,0,66.7814172616973,16.642784603719882,26546121.389424197,-198731.69001264125,26347389.699411556,50000000,0,26347389.6962616,5.0456123948363259e-06
29799.999999999964,63967.513459481299,74192.44296722376,922804465.59751701,219887860.68791574,6.7759783401172027e-10,11806413.182572793,0,12692.773467448578,0.71063987425674024,26346345.761890352,5.4445421537339279e-08,0,66.64005389617887,16.710566545814732,26546121.387918267,-199775.62602791563,26346345.761890352,50000000,0,26346345.758756835,5.3225649000966937e-06
29699.999999999964,64017.513459481299,74279.045507602204,922804465.59751701,219887860.68791574,6.7654010344779111e-10,11824871.813517924,0,12692.112090379829,0.70982887027060748,26342289.988848031,5.1820056667747626e-08,0,66.520297604523847,16.716546870188036,26546121.398314055,-203831.40946602449,26342289.988848031,50000000,0,26342289.985719327,5.2737628407046773e-06
29599.999999999964,64067.513459481299,74365.648047980649,922804465.59751701,219887860.68791574,6.7292351926175428e-10,11888423.82673692,0,12692.800752226249,0.70714362990870527,26341524.174412999,5.4847655839932371e-08,0,66.609817208683168,16.70432315890794,26546121.399971973,-204597.22555897385,26341524.174412999,50000000,0,26341524.171301093,5.4303113582909984e-06
29499.999999999964,64117.513459481299,74452.250588359093,922804465.59751701,219887860.68791574,6.7190878616973097e-10,11906378.015362384,0,12692.150850233382,0.70648316199266603,26338104.345746513,5.4516822603524859e-08,0,66.559839528826629,16.752466121592796,26546121.38778339,-208017.04203687608,26338104.345746513,50000000,0,26338104.342639178,5.4722611283764787e-06
29399.999999999964,64167.513459481299,74538.853128737537,922804465.59751701,219887860.68791574,6.6837880777054714e-10,11969260.40586664,0,12692.552775137781,0.70393952337266485,26337480.944527633,5.5361233974391226e-08,0,66.432564138213749,16.768383622475401,26546121.410852991,-208640.46632535756,26337480.944527633,50000000,0,26337480.941436708,5.5646491490875107e-06
29299.999999999964,64217.513459481299,74625.455669115981,922804465.59751701,219887860.68791574,6.671095249853882e-10,11992033.842063813,0,12692.122884618615,0.70290957914610042,26334130.957800873,5.8059811876307214e-08,0,66.491647997302451,16.748549021921757,26546121.38361894,-211990.42581806704,26334130.957800873,50000000,0,26334130.954715792,5.785109475421158e-06
29199.999999999964,64267.513459481299,74712.058209494426,922804465.59751701,219887860.68791574,6.6368281328666861e-10,12053950.832873568,0,12692.995662310557,0.70039300646153035,26333620.808150608,5.9485659978777707e-08,0,66.501361023324051,16.774295255257247,26546121.396818358,-212500.58866775036,26333620.808150608,50000000,0,26333620.805081394,5.9670208436762907e-06
29099.99999999996,64317.513459481299,74798.66074987287,922804465.59751701,219887860.68791574,6.6240802221294736e-10,12077148.421709524,0,12691.609068765129,0.69958887967100158,26330470.703957904,6.1923667879725735e-08,0,66.399674041871535,16.785908693734424,26546121.377521694,-215650.67356378958,26330470.703957904,50000000,0,26330470.70089446,6.1239154953858785e-06
28999.99999999996,64367.513459481299,74885.263290251314,922804465.59751701,219887860.68791574,6.5900562527903101e-10,12139501.839014044,0,12693.071620395376,0.6969497164789793,26329795.838828318,6.043009808195559e-08,0,66.459496030178798,16.760027156079065,26546121.386696283,-216325.54786796495,26329795.838828318,50000000,0,26329795.835780796,6.0949532420470769e-06
28899.99999999996,64417.513459481299,74971.865830629758,922804465.59751701,219887860.68791574,6.5748339025734343e-10,12167607.757946575,0,12692.039671009417,0.69580485115511703,26326828.454997696,6.2013881825891674e-08,0,66.487037918399139,16.775909030127274,26546121.375598822,-219292.92060112581,26326828.454997696,50000000,0,26326828.451957125,6.258971663492946e-06
28799.99999999996,64467.513459481299,75058.468371008203,922804465.59751701,219887860.68791574,6.543284402053745e-10,12226275.840161828,0,12692.647560057325,0.6935458306144795,26325934.929998871,6.6943750359687419e-08,0,66.408377532736765,16.778146966929061,26546121.375713099,-220186.44571422786,26325934.929998871,50000000,0,26325934.926972914,6.6042153078218591e-06
28699.99999999996,64517.513459481299,75145.070911386647,922804465.59751701,219887860.68791574,6.5267497248037282e-10,12257249.530554211,0,12692.243863655478,0.69230196142753919,26323285.671617266,6.6649208793222774e-08,0,66.479214075306786,16.73492014554332,26546121.383714676,-222835.71209741011,26323285.671617266,50000000,0,26323285.668598987,6.7147703204806298e-06
28599.99999999996,64567.513459481299,75231.673451765091,922804465.59751701,219887860.68791574,6.4950321339974934e-10,12317106.112789545,0,12692.469872132739,0.68985009650118212,26322152.762418646,6.936341548202957e-08,0,66.574555909509357,16.733670332869202,26546121.363878973,-223968.60146032646,26322152.762418646,50000000,0,26322152.759414997,6.9000135420735676e-06
28499.99999999996,64617.513459481299,75318.275992143535,922804465.59751701,219887860.68791574,6.4770148723180551e-10,12351368.891035514,0,12692.544908965048,0.68851217091607642,26319615.153268754,6.9728024388082526e-08,0,66.480577537321324,16.746505622505108,26546121.377796218,-226506.22452746332,26319615.153268754,50000000,0,26319615.150273405,7.0057114821998113e-06
28399.99999999996,64667.513459481299,75404.87853252198,922804465.59751701,219887860.68791574,6.4480087524845565e-10,12406931.049831398,0,12692.228107959472,0.68643135655858467,26318435.495146293,7.2220894900020319e-08,0,66.53819839976137,16.688614528534533,26546121.368927259,-227685.87378096581,26318435.495146293,50000000,0,26318435.492164332,7.2873828639943566e-06
28299.99999999996,64717.513459481299,75491.481072900424,922804465.59751701,219887860.68791574,6.427327261731258e-10,12446853.37207976,0,12692.323426196866,0.68475663559360167,26316048.648088951,7.8750328603982705e-08,0,66.699546883935398,16.661214985030661,26546121.361278214,-230072.7131892629,26316048.648088951,50000000,0,26316048.645116646,7.7290292673621985e-06
28199.999999999971,64767.513459481299,75578.083613278854,922804465.59751701,219887860.68791574,6.3988302456661785e-10,12502285.094298897,0,12692.788351099354,0.68256517301806408,26314471.30133291,7.6294037245504754e-08,0,66.645527112115929,16.684999904169995,26546121.376115974,-231650.07478306442,26314471.30133291,50000000,0,26314471.29837371,7.7376894689717162e-06
28099.999999999971,64817.513459481299,75664.686153657298,922804465.59751701,219887860.68791574,6.3776114935394943e-10,12543881.056831896,0,12691.972673457198,0.68107403558535118,26312352.517212804,8.0369013720266318e-08,0,66.614742098534052,16.643446436696063,26546121.360815447,-233768.84360264242,26312352.517212804,50000000,0,26312352.514263477,7.9680508744974272e-06
27999.999999999971,64867.513459481299,75751.288694035742,922804465.59751701,219887860.68791574,6.3509757235731217e-10,12596489.655141268,0,12692.634506437287,0.67897635505824327,26310616.856755242,8.059170639807837e-08,0,66.810175657015506,16.595696725593836,26546121.377961405,-235504.52120616287,26310616.856755242,50000000,0,26310616.853818148,8.1225797909288933e-06
27899.999999999971,64917.513459481299,75837.891234414186,922804465.59751701,219887860.68791574,6.3262505261454689e-10,12645721.137942033,0,12692.428979066119,0.67705614493634481,26308605.545694958,8.439635756848265e-08,0,66.794171120497424,16.617584524862856,26546121.362903632,-237515.8172086738,26308605.545694958,50000000,0,26308605.542769339,8.4472539845000395e-06
27799.999999999971,64967.513459481299,75924.493774792631,922804465.59751701,219887860.68791574,6.3016162523415945e-10,12695155.782165542,0,12692.413090437169,0.6751749605896914,26306444.564750098,8.8616592558337908e-08,0,66.738185128885604,16.597875122697697,26546121.363726646,-239676.79897654802,26306444.564750098,50000000,0,26306444.561835829,8.8294775020413926e-06
27699.999999999971,65017.513459481299,76011.096315171075,922804465.59751701,219887860.68791574,6.2761711229259641e-10,12746625.0419973,0,12692.556927745502,0.67328326125718718,26304862.121778004,9.1150422913972705e-08,0,66.865618663010736,16.553646463817554,26546121.378612459,-241259.25683445483,26304862.121778004,50000000,0,26304862.118875556,9.0813636831314736e-06
27599.999999999971,65067.513459481299,76097.698855549519,922804465.59751701,219887860.68791574,6.2521001512937655e-10,12795700.335585652,0,12692.025441766411,0.67134401642115804,26302412.41144811,9.1562129819812565e-08,0,66.91279311612378,16.568257846569768,26546121.35842688,-243708.9469787702,26302412.41144811,50000000,0,26302412.408556733,9.2424970853862728e-06
27499.999999999967,65117.513459481299,76184.301395927963,922804465.59751701,219887860.68791574,6.2237145826801964e-10,12854059.893301351,0,12692.928076021384,0.66912647349054377,26300820.791678101,9.6989519019878367e-08,0,66.809686965986742,16.570579910541028,26546121.377612464,-245300.58593436331,26300820.791678101,50000000,0,26300820.788799856,9.5989123783013365e-06
27399.999999999967,65167.513459481299,76270.903936306408,922804465.59751701,219887860.68791574,6.2027163530223826e-10,12897575.102960855,0,12692.025792391492,0.6675459414444771,26298317.770218119,9.6680261428073852e-08,0,66.908545981124789,16.538612211892001,26546121.359813888,-247803.5895957686,26298317.770218119,50000000,0,26298317.767349638,9.7713304828084152e-06
27299.999999999967,65217.513459481299,76357.506476684852,922804465.59751701,219887860.68791574,6.1721500437816785e-10,12961447.702777637,0,12692.479914186706,0.66517911255518125,26296966.67318441,1.0251296592818421e-07,0,66.924038343144844,16.565394397169847,26546121.370589789,-249154.69740537927,26296966.67318441,50000000,0,26296966.670329995,1.0162649652272514e-05
27199.999999999967,65267.513459481299,76444.109017063296,922804465.59751701,219887860.68791574,6.1519286193084949e-10,13004052.055519495,0,12692.490240360199,0.6635137615825476,26294074.495496452,1.0281135460396477e-07,0,66.813874013598337,16.573725647635179,26546121.375742115,-252046.88024566323,26294074.495496452,50000000,0,26294074.492651451,1.0320271155813055e-05
27099.999999999967,65317.513459481299,76530.71155744174,922804465.59751701,219887860.68791574,6.1191940296366417e-10,13073617.149705172,0,12692.451091932227,0.66097297726491033,26292769.555425171,1.0576249347789062e-07,0,66.889031699151033,16.557337169394064,26546121.365370389,-253351.80994521827,26292769.555425171,50000000,0,26292769.552595243,1.0592313087145305e-05
26999.999999999967,65367.513459481299,76617.314097820185,922804465.59751701,219887860.68791574,6.1017667045921067e-10,13110956.856067894,0,12692.190313093768,0.6596394879923777,26290030.224607274,1.0955838520983407e-07,0,66.874081668725907,16.591154769604618,26546121.382925648,-256091.15831837431,26290030.224607274,50000000,0,26290030.221785519,1.0939728262758178e-05
26899.999999999967,65417.513459481299,76703.916638198629,922804465.59751701,219887860.68791574,6.0665052138613231e-10,13187164.13991864,0,12692.714189284001,0.656831386445063,26288696.669085179,1.1222646188340627e-07,0,66.754932074079406,16.618131505519724,26546121.373650745,-257424.70456556603,26288696.669085179,50000000,0,26288696.666279577,1.1279402289658381e-05
26799.999999999967,65467.513459481299,76790.519178577073,922804465.59751701,219887860.68791574,6.0491667357414431e-10,13224961.967079487,0,12692.099705621398,0.65539514999687543,26285707.264724419,1.1854716179966845e-07,0,66.776749394008533,16.599520004162549,26546121.37353617,-260414.10881175101,26285707.264724419,50000000,0,26285707.261926897,1.1791259013543589e-05
26699.999999999967,65517.513459481299,76877.121718955517,922804465.59751701,219887860.68791574,6.0135525760801117e-10,13303284.373456858,0,12692.968858489799,0.65260648824534084,26284762.73305415,1.2109210363880722e-07,0,66.814113874757567,16.638505205860259,26546121.391365811,-261358.65831166133,26284762.73305415,50000000,0,26284762.730273053,1.2110736089091148e-05
26599.999999999967,65567.513459481299,76963.724259333962,922804465.59751701,219887860.68791574,5.9974486924134946e-10,13339005.320317866,0,12691.620070199253,0.65136089962759369,26281590.89452539,1.2334332189774004e-07,0,66.627363654928757,16.682861349636983,26546121.370739847,-264530.4762144573,26281590.89452539,50000000,0,26281590.891751785,1.2359530629958248e-05
26499.999999999967,65617.513459481299,77050.326799712406,922804465.59751701,219887860.68791574,5.959297724131479e-10,13424400.612619527,0,12693.126338247715,0.64821206174875412,26280732.682977144,1.2747805224275861e-07,0,66.643308218915507,16.66189506193475,26546121.391791999,-265388.70881485566,26280732.682977144,50000000,0,26280732.680221148,1.2759193074287833e-05
26399.999999999964,65667.513459481299,77136.92934009085,922804465.59751701,219887860.68791574,5.9437331258764165e-10,13459554.513512839,0,12691.961857860026,0.64693517226466246,26277531.922084264,1.3239276815172008e-07,0,66.699310366861695,16.685352506456823,26546121.373312932,-268589.45122866705,26277531.922084264,50000000,0,26277531.919335511,1.3217053966833431e-05
26299.999999999964,65717.513459481299,77223.531880469294,922804465.59751701,219887860.68791574,5.9061242090780396e-10,13545262.035126297,0,12692.624885672129,0.64403813449241798,26276949.628584523,1.3559927508332058e-07,0,66.551453582622543,16.744894818661646,26546121.387359422,-269171.75877489895,26276949.628584523,50000000,0,26276949.625853088,1.3606244705433447e-05
26199.999999999964,65767.513459481299,77310.134420847739,922804465.59751701,219887860.68791574,5.8897607519168459e-10,13582894.68748777,0,12692.175108806272,0.64257943619982294,26273778.025699403,1.4170861409813082e-07,0,66.472342984943452,16.737332961860922,26546121.370028425,-272343.34432902187,26273778.025699403,50000000,0,26273778.022975568,1.4073889615814165e-05
26099.999999999964,65817.513459481299,77396.736961226183,922804465.59751701,219887860.68791574,5.8507368118780777e-10,13673491.49403958,0,12692.783924715777,0.63942691980502575,26273299.369122606,1.4241160298577425e-07,0,66.57015200196274,16.731877676468564,26546121.373756029,-272822.00463342294,26273299.369122606,50000000,0,26273299.366416834,1.4413546045574897e-05
25999.999999999964,65867.513459481299,77483.339501604627,922804465.59751701,219887860.68791574,5.8353462446634223e-10,13709554.957230015,0,12692.098539033312,0.63815256148594712,26270520.363853045,1.5308262346710286e-07,0,66.492776382724543,16.776519981470297,26546121.364770126,-275601.00091708079,26270520.363853045,50000000,0,26270520.361154396,1.5157513767665685e-05
25899.999999999964,65917.513459481299,77569.942041983071,922804465.59751701,219887860.68791574,5.7962493967429328e-10,13802028.616107067,0,12692.661831754438,0.63504352393943719,26270265.40450649,1.5472884718559597e-07,0,66.404798907283364,16.7778595114486,26546121.350569699,-275855.94606320933,26270265.40450649,50000000,0,26270265.401825882,1.55570369997728e-05
25799.999999999964,65967.513459481299,77656.544582361515,922804465.59751701,219887860.68791574,5.7796293686950117e-10,13841718.031091779,0,12692.14514868368,0.63351807034029251,26267310.531863652,1.6176707904806165e-07,0,66.479832095025188,16.757379668291414,26546121.382974178,-278810.85111052543,26267310.531863652,50000000,0,26267310.52919076,1.6145896636017917e-05
25699.999999999964,66017.513459481299,77743.14712273996,922804465.59751701,219887860.68791574,5.742703894744782e-10,13930720.008828478,0,12697.123896652838,0.63060671912311217,26266763.725248892,1.6682975365424941e-07,0,66.459643477363954,16.777449344595659,26546121.458559304,-279357.73331041262,26266763.725248892,50000000,0,26266763.722593069,1.6673888638619291e-05
25599.999999999964,66067.513459481299,77829.749663118404,922804465.59751701,219887860.68791574,5.7317506572265675e-10,13957341.280362325,0,12703.939928341139,0.62983268972385542,26262295.782696135,1.7139973239310322e-07,0,66.402362072174228,16.773184827916158,26546121.48206732,-283825.69937118515,26262295.782696135,50000000,0,26262295.780045364,1.7119721171129779e-05
25499.999999999964,66117.513459481299,77916.352203496848,922804465.59751701,219887860.68791574,5.69317246838336e-10,14051919.296080202,0,12705.551406660232,0.62663413736021445,26259230.409433492,1.7524378171112109e-07,0,66.496822618218104,16.748355189521597,26546121.399839997,-286890.99040650576,26259230.409433492,50000000,0,26259230.406800523,1.7598510406174963e-05
25399.999999999964,66167.513459481299,78002.954743875292,922804465.59751701,219887860.68791574,5.6732517862572056e-10,14101260.280202055,0,12699.790929272742,0.62483825659583858,26253785.925296988,1.8332763505164395e-07,0,66.490765521417131,16.768303691167588,26546121.181486335,-292335.25618934631,26253785.925296988,50000000,0,26253785.922673255,1.8299183046722489e-05
25299.99999999996,66217.513459481299,78089.557284253737,922804465.59751701,219887860.68791574,5.6336567399681123e-10,14200368.211146364,0,12698.149744266533,0.62163214811431611,26251916.029525332,1.8931808539029446e-07,0,66.419324983770039,16.752545021791448,26546121.118511245,-294205.0889859125,26251916.029525332,50000000,0,26251916.026919879,1.8926994463046926e-05
25199.999999999975,66267.513459481299,78176.159824632166,922804465.59751701,219887860.68791574,5.6128975578071444e-10,14252887.972768176,0,12693.479022652155,0.61974536394617963,26248449.382601146,1.9570289531588646e-07,0,66.540298877651992,16.707453491430048,26546121.16324944,-297671.78064829484,26248449.382601146,50000000,0,26248449.380005304,1.9601131426456395e-05
25099.999999999975,66317.513459481299,78262.762365010611,922804465.59751701,219887860.68791574,5.5736897610309073e-10,14353149.087287292,0,12693.865559793379,0.61643713740641859,26247496.355073765,2.0394744978479369e-07,0,66.608153727648229,16.713069395700529,26546121.213143215,-298624.85806944966,26247496.355073765,50000000,0,26247496.352496009,2.0379135409710282e-05
24999.999999999975,66367.513459481299,78349.364905389055,922804465.59751701,219887860.68791574,5.5533842168584699e-10,14405630.33209623,0,12692.055847937894,0.61464083909593459,26244551.241307337,2.1090532307376958e-07,0,66.528539144347491,16.712474621733776,26546121.253420591,-301570.01211325452,26244551.241307337,50000000,0,26244551.238738976,2.1076386765018008e-05
24899.999999999975,66417.513459481299,78435.967445767499,922804465.59751701,219887860.68791574,5.5163399007115839e-10,14502369.610185314,0,12692.544865188487,0.61163788059227642,26243740.567258257,2.1759649149114498e-07,0,66.62641675610702,16.647332773260487,26546121.295545217,-302380.72828695923,26243740.567258257,50000000,0,26243740.564707045,2.1738119897399725e-05
24799.999999999975,66467.513459481299,78522.569986145943,922804465.59751701,219887860.68791574,5.4946008691240978e-10,14559747.297102997,0,12692.025468733242,0.60961554510392868,26240757.100559551,2.2320065092669638e-07,0,66.776454193758141,16.636108215732548,26546121.326053362,-305364.22549381107,26240757.100559551,50000000,0,26240757.098018382,2.241379645036542e-05
24699.999999999971,66517.513459481299,78609.172526524388,922804465.59751701,219887860.68791574,5.4574996986692274e-10,14658727.364249406,0,12693.046578869356,0.60648017748511573,26239398.689296398,2.336392113582854e-07,0,66.671973788106826,16.656018071487644,26546121.343000371,-306722.6537039727,26239398.689296398,50000000,0,26239398.686772361,2.3340582066289688e-05
24599.999999999971,66567.513459481299,78695.775066902832,922804465.59751701,219887860.68791574,5.4356313313384325e-10,14717701.646297792,0,12691.767510530424,0.60462251445963233,26236384.416340292,2.4316763410763509e-07,0,66.705129648547768,16.594953779669193,26546121.358257562,-309736.94191727042,26236384.416340292,50000000,0,26236384.413826413,2.4290329882260688e-05
24499.999999999971,66617.513459481299,78782.377607281276,922804465.59751701,219887860.68791574,5.399425234192662e-10,14816391.88450126,0,12692.835666849989,0.6014971888778724,26234720.224584755,2.5178150247742545e-07,0,66.909753644806841,16.565812600080733,26546121.362756979,-311401.13817222416,26234720.224584755,50000000,0,26234720.222087555,2.5206305564442109e-05
24399.999999999971,66667.513459481299,78868.98014765972,922804465.59751701,219887860.68791574,5.3749084904275623e-10,14883974.376437586,0,12692.217684642199,0.59929033118861541,26231651.345013309,2.6103830322271429e-07,0,66.814322264054738,16.601621852585623,26546121.368493319,-314470.02348000929,26231651.345013309,50000000,0,26231651.342527408,2.606734868881824e-05
24299.999999999971,66717.513459481299,78955.582688038165,922804465.59751701,219887860.68791574,5.3398831351446714e-10,14981601.330229355,0,12692.581459176072,0.59628758824005845,26229499.756092604,2.6836451446652417e-07,0,66.782673023201099,16.567758045989155,26546121.386368591,-316621.63027598709,26229499.756092604,50000000,0,26229499.753622994,2.6897285080533649e-05
24199.999999999971,66767.513459481299,79042.185228416609,922804465.59751701,219887860.68791574,5.3147754353075883e-10,15052376.396386076,0,12692.349899706993,0.5940898684792234,26226742.748232909,2.8015415530921617e-07,0,66.93944496718035,16.527028802812453,26546121.362698276,-319378.61446536705,26226742.748232909,50000000,0,26226742.745774843,2.7986644674959276e-05
24099.999999999971,66817.513459481299,79128.787768795053,922804465.59751701,219887860.68791574,5.2800200153187155e-10,15151457.783257669,0,12692.242440005139,0.5910166641459329,26224286.418218393,2.8965174119414267e-07,0,66.945388626652303,16.563455928446526,26546121.382646054,-321834.96442766115,26224286.418218393,50000000,0,26224286.415776394,2.9020588783781275e-05
23999.999999999971,66867.513459481299,79215.390309173497,922804465.59751701,219887860.68791574,5.2522122832195998e-10,15231676.879493315,0,12692.665606512977,0.58850754915941916,26221454.322842225,3.0184670582806214e-07,0,66.798742643760974,16.567097780013857,26546121.37770829,-324667.05486606434,26221454.322842225,50000000,0,26221454.320413031,3.0194101231324273e-05
23899.999999999971,66917.513459481299,79301.992849551942,922804465.59751701,219887860.68791574,5.2199095584161883e-10,15325936.121747846,0,12692.320824099146,0.58568746526559634,26218938.795962695,3.1589642497885755e-07,0,66.932812122482844,16.536089572866334,26546121.370988131,-327182.57502543554,26218938.795962695,50000000,0,26218938.793548517,3.1507174608563409e-05
23799.999999999971,66967.513459481299,79388.595389930386,922804465.59751701,219887860.68791574,5.1899706424913416e-10,15414345.479154492,0,12692.20380601314,0.5830381057653774,26216281.111151114,3.2429762983748804e-07,0,66.911799937464664,16.576515479651398,26546121.377551958,-329840.26640084386,26216281.111151114,50000000,0,26216281.108750705,3.255480218588748e-05
23699.999999999971,67017.513459481299,79475.19793030883,922804465.59751701,219887860.68791574,5.1583283926579521e-10,15508900.265115239,0,12692.737470507373,0.58012701412727896,26213362.852473617,3.3974404848366276e-07,0,66.78374095803602,16.59005196982822,26546121.367926441,-332758.51545282453,26213362.852473617,50000000,0,26213362.850087848,3.3926914996058955e-05
23599.999999999967,67067.513459481299,79561.800470687274,922804465.59751701,219887860.68791574,5.1261121592103437e-10,15606369.538224643,0,12692.224262112892,0.57724901886614766,26210697.700025063,3.5333293709609204e-07,0,66.850970535814625,16.58019864999606,26546121.375703927,-335423.67567886412,26210697.700025063,50000000,0,26210697.697654188,3.5341754545292722e-05
23499.999999999967,67117.513459481299,79648.403011065719,922804465.59751701,219887860.68791574,5.096899375452684e-10,15695817.170246487,0,12692.372143239927,0.57463349616668968,26207807.656155333,3.6698796472903994e-07,0,66.82094569634846,16.619388109215031,26546121.365247462,-338313.70909212902,26207807.656155333,50000000,0,26207807.653797925,3.6696121382447607e-05
23399.999999999967,67167.513459481299,79735.005551444163,922804465.59751701,219887860.68791574,5.0621529947999207e-10,15803552.542234637,0,12692.552011194366,0.5714787159069793,26205086.308042958,3.7999643500313587e-07,0,66.695657597860816,16.647343045181263,26546121.382740472,-341035.07469751313,26205086.308042958,50000000,0,26205086.305701591,3.8051701032068704e-05
23299.999999999967,67217.513459481299,79821.608091822607,922804465.59751701,219887860.68791574,5.0331145058337661e-10,15894730.954390865,0,12692.240635772627,0.56875025414778835,26201857.870455891,3.9696866217710554e-07,0,66.717090826673427,16.634791725011642,26546121.370431297,-344263.49997540563,26201857.870455891,50000000,0,26201857.868127968,3.9702742982614696e-05
23199.999999999967,67267.513459481299,79908.210632201051,922804465.59751701,219887860.68791574,4.9974771643637557e-10,16008077.361637501,0,12692.834105374088,0.5655485325623355,26199347.785778772,4.143254569875751e-07,0,66.729137007661109,16.677225668085487,26546121.367566045,-346773.58178727329,26199347.785778772,50000000,0,26199347.783467293,4.1434482470474369e-05
23099.999999999967,67317.513459481299,79994.813172579496,922804465.59751701,219887860.68791574,4.969768900555802e-10,16097328.223245608,0,12691.773591089381,0.56298940649084717,26195875.539878827,4.307317902678868e-07,0,66.560745000175316,16.713280854012435,26546121.379427701,-350245.83954887465,26195875.539878827,50000000,0,26195875.537580196,4.3072633059184735e-05
22999.999999999967,67367.513459481299,80081.41571295794,922804465.59751701,219887860.68791574,4.9312695568732248e-10,16223003.109446522,0,12692.959078824699,0.5594025533972985,26193315.905700389,4.4832640119738092e-07,0,66.588592745985338,16.694893455084625,26546121.365247779,-352805.4595473893,26193315.905700389,50000000,0,26193315.903419465,4.492140052576098e-05
22899.999999999967,67417.513459481299,80168.018253336384,922804465.59751701,219887860.68791574,4.904387116515773e-10,16311926.366344985,0,12692.154653560321,0.55682338803884501,26189609.831628196,4.7134382838843295e-07,0,66.622718826004856,16.722159254695267,26546121.369852826,-356511.53822463006,26189609.831628196,50000000,0,26189609.829359774,4.7133341930680165e-05
22799.999999999967,67467.513459481299,80254.620793714828,922804465.59751701,219887860.68791574,4.8654266838934727e-10,16442545.932086425,0,12692.395862906355,0.55335200469292067,26187210.879558016,4.9314044645147646e-07,0,66.48323663258094,16.768241391417018,26546121.370522916,-358910.4909649007,26187210.879558016,50000000,0,26187210.877307516,4.9240928587490426e-05
22699.999999999967,67517.513459481299,80341.223334093273,922804465.59751701,219887860.68791574,4.838356710468956e-10,16534539.870989406,0,12692.339439489613,0.55063411580035138,26183274.804291774,5.1129208071393765e-07,0,66.449139915461075,16.752909954199065,26546121.358320303,-362846.55402852967,26183274.804291774,50000000,0,26183274.802053839,5.1226520879453916e-05
22599.999999999967,67567.513459481299,80427.825874471717,922804465.59751701,219887860.68791574,4.7974141474167401e-10,16675650.623670144,0,12692.663544054316,0.54686043000488394,26180744.884112716,5.3617573597745666e-07,0,66.528861497100579,16.755380333804254,26546121.378085352,-365376.49397263676,26180744.884112716,50000000,0,26180744.881893627,5.3610616291196356e-05
22499.999999999964,67617.513459481299,80514.428414850161,922804465.59751701,219887860.68791574,4.7714752705600858e-10,16766303.49005449,0,12692.123559813881,0.5443048736180357,26176763.816293236,5.5945162920824017e-07,0,66.441742722145946,16.790183090168945,26546121.350980662,-369357.53468742594,26176763.816293236,50000000,0,26176763.814086128,5.599581984095872e-05
22399.999999999964,67667.513459481299,80601.030955228605,922804465.59751701,219887860.68791574,4.7296882529837677e-10,16914434.644789811,0,12692.729418538738,0.54047045859491649,26174233.276069336,5.8611929320305655e-07,0,66.398283204795334,16.776468035381086,26546121.374311116,-371888.09824177995,26174233.276069336,50000000,0,26174233.273881488,5.8619911176939275e-05
22299.999999999964,67717.513459481299,80687.63349560705,922804465.59751701,219887860.68791574,4.7027289287391881e-10,17011400.061162721,0,12691.911829500026,0.53766655365682703,26169933.722751945,6.1450962436232562e-07,0,66.492326889973114,16.758680446616435,26546121.347059306,-376187.6243073605,26169933.722751945,50000000,0,26169933.720576614,6.1438675928557161e-05
22199.999999999964,67767.513459481299,80774.236035985494,922804465.59751701,219887860.68791574,4.6602116240393897e-10,17166603.175213736,0,12693.43569817037,0.53372116451820539,26167310.552738994,6.4118947522811014e-07,0,66.456160146566532,16.782212860571416,26546121.360167984,-378810.80742898956,26167310.552738994,50000000,0,26167310.550583262,6.4193979288292195e-05
22099.999999999964,67817.513459481299,80860.838576363938,922804465.59751701,219887860.68791574,4.6344621461883376e-10,17261982.417347655,0,12692.625004382247,0.53113715724322275,26162754.785522938,6.7241540230334143e-07,0,66.409054255112721,16.762659887099726,26546121.37101236,-383366.58548942208,26162754.785522938,50000000,0,26162754.783379108,6.7261751768017607e-05
21999.999999999964,67867.513459481299,80947.441116742382,922804465.59751701,219887860.68791574,4.5904249098210035e-10,17427581.603962764,0,12694.331661613722,0.52693271742195114,26159871.276173413,7.0673166770879605e-07,0,66.527592434412583,16.729980438296803,26546121.343765549,-386250.06759213656,26159871.276173413,50000000,0,26159871.274049833,7.0679049003788229e-05
21899.999999999964,67917.513459481299,81034.043657120827,922804465.59751701,219887860.68791574,4.562735416645291e-10,17533343.044459861,0,12692.014081835234,0.52402137961000805,26154892.176588662,7.4061186192085598e-07,0,66.534246876476843,16.746974715424077,26546121.310006887,-391229.13341822475,26154892.176588662,50000000,0,26154892.174477872,7.4180978227080798e-05
21799.999999999964,67967.513459481299,81120.646197499271,922804465.59751701,219887860.68791574,4.5189731897589226e-10,17703138.02024642,0,12692.756692365916,0.51994042569621046,26151826.814829547,7.8111533651808576e-07,0,66.477552929159586,16.729397167850411,26546121.289786428,-394294.47495688125,26151826.814829547,50000000,0,26151826.812738981,7.8022866905070522e-05
21699.999999999975,68017.513459481299,81207.2487378777,922804465.59751701,219887860.68791574,4.4912255801460929e-10,17812511.396917671,0,12691.817514919967,0.51697412097309581,26147003.777946629,8.1851261674235926e-07,0,66.60753381464724,16.680482486233679,26546121.262143485,-399117.48419685662,26147003.777946629,50000000,0,26147003.775868867,8.1961437607549911e-05
21599.999999999975,68067.513459481299,81293.851278256145,922804465.59751701,219887860.68791574,4.4463692781654102e-10,17992209.573966347,0,12693.977425593383,0.51265193921224728,26143952.290144574,8.6177016303461498e-07,0,66.657074454798973,16.68534657162224,26546121.254456561,-402168.96431198716,26143952.290144574,50000000,0,26143952.288087472,8.6210062134287613e-05
21499.999999999975,68117.513459481299,81380.453818634589,922804465.59751701,219887860.68791574,4.4186393124459724e-10,18105123.138543241,0,12694.398411691302,0.50968750048070299,26139353.535035692,9.0581270102820258e-07,0,66.588987553670989,16.670044761226062,26546121.247847576,-406767.71281188354,26139353.535035692,50000000,0,26139353.53299142,9.0652811075048485e-05
21399.999999999975,68167.513459481299,81467.056359013033,922804465.59751701,219887860.68791574,4.3750582351869389e-10,18285473.223313119,0,12698.561498596646,0.50552837807094964,26137047.422255434,9.5720958123179316e-07,0,66.704958656746385,16.618371130087347,26546121.269678716,-409073.84742328152,26137047.422255434,50000000,0,26137047.420231249,9.5701543091553402e-05
21299.999999999975,68217.513459481299,81553.658899391477,922804465.59751701,219887860.68791574,4.3460311249922533e-10,18407602.057503924,0,12701.073796696697,0.5023062794578973,26133172.076436527,1.0079796116654581e-06,0,66.802968128099039,16.61710725696399,26546121.357267838,-412949.2808313109,26133172.076436527,50000000,0,26133172.074425716,0.00010093670273076415
21199.999999999971,68267.513459481299,81640.261439769922,922804465.59751701,219887860.68791574,4.2975637936011528e-10,18615200.907315452,0,12696.301510713382,0.49750599863156952,26130445.099437159,1.0647706917401298e-06,0,66.715910737335363,16.617712617561018,26546121.479518391,-415676.38008123264,26130445.099437159,50000000,0,26130445.097448733,0.00010646409826756947
21099.999999999971,68317.513459481299,81726.863980148366,922804465.59751701,219887860.68791574,4.2660139450295933e-10,18752872.405146129,0,12691.061094595245,0.49408359284048153,26125694.693718232,1.1239360645874238e-06,0,66.812358402813487,16.560680354709284,26546121.35363755,-420426.65991931781,26125694.693718232,50000000,0,26125694.691744305,0.00011246358696007319
20999.999999999971,68367.513459481299,81813.46652052681,922804465.59751701,219887860.68791574,4.2200845577296582e-10,18956970.309848029,0,12693.084638334227,0.48945382877965277,26122281.637460496,1.1881585786707133e-06,0,66.9385879867597,16.561242917126133,26546121.354661115,-423839.71720061824,26122281.637460496,50000000,0,26122281.635507777,0.00011893646990669442
20899.999999999971,68417.513459481299,81900.069060905254,922804465.59751701,219887860.68791574,4.1881187286821644e-10,19101659.990393482,0,12692.072503937112,0.48589414795338531,26117222.201959983,1.2553204216249089e-06,0,66.808449556712802,16.5873902885264,26546121.35337355,-428899.15141356736,26117222.201959983,50000000,0,26117222.200021997,0.00012564169055747669
20799.999999999971,68467.513459481299,81986.671601283699,922804465.59751701,219887860.68791574,4.1420343989538895e-10,19314186.101814587,0,12692.743946661667,0.48121757077301286,26113257.916141063,1.3322346832153605e-06,0,66.846637170294954,16.535896703895542,26546121.358838756,-432863.44269769266,26113257.916141063,50000000,0,26113257.914224315,0.00013324869294761184
20699.999999999971,68517.513459481299,82073.274141662143,922804465.59751701,219887860.68791574,4.1096979104853257e-10,19466157.370673828,0,12692.158793396055,0.47760443557529408,26108425.086835433,1.4133370025755064e-06,0,67.000960334673991,16.528710578313113,26546121.372191768,-437696.28535633534,26108425.086835433,50000000,0,26108425.084933426,0.00014153162636785417
20599.999999999971,68567.513459481299,82159.876682040587,922804465.59751701,219887860.68791574,4.0629514583927158e-10,19690127.10057912,0,12692.481519792509,0.47274987705144411,26104311.576714415,1.5008427120938305e-06,0,66.877337482004876,16.581869275723047,26546121.364279818,-441809.78756540269,26104311.576714415,50000000,0,26104311.57483406,0.00015014046067091447
20499.999999999971,68617.513459481299,82246.479222419031,922804465.59751701,219887860.68791574,4.0284300017513228e-10,19858861.82494963,0,12692.392685300723,0.46882812878286501,26099347.787040107,1.5925501161849728e-06,0,66.794748399927926,16.559481953458128,26546121.367010862,-446773.57997075468,26099347.787040107,50000000,0,26099347.785175629,0.00015935541700552299
20399.999999999971,68667.513459481299,82333.081762797476,922804465.59751701,219887860.68791574,3.982797098727122e-10,20086396.197775573,0,12692.607312288377,0.4640122757889798,26095176.950707551,1.6965902136475461e-06,0,66.963080942915568,16.542457970628039,26546121.379531689,-450944.4288241379,26095176.950707551,50000000,0,26095176.948864024,0.00016988981912134454
20299.999999999971,68717.513459481299,82419.68430317592,922804465.59751701,219887860.68791574,3.9462416460943884e-10,20272465.13907342,0,12691.904666368235,0.45988334703452294,26090310.448035669,1.8080206981373589e-06,0,66.854911852861591,16.606269525143617,26546121.353641022,-455810.90560535342,26090310.448035669,50000000,0,26090310.446208961,0.00018095772863142606
20199.999999999971,68767.513459481299,82506.286843554364,922804465.59751701,219887860.68791574,3.9005961294386845e-10,20509699.323259961,0,12692.986453297257,0.45489231646176165,26085785.915010866,1.9280002578654639e-06,0,66.723017135341181,16.611773646773557,26546121.373589974,-460335.45857910812,26085785.915010866,50000000,0,26085785.913205124,0.00019283866170124086
20099.999999999971,68817.513459481299,82592.889383932808,922804465.59751701,219887860.68791574,3.8616760339455338e-10,20716409.418563623,0,12692.019584712412,0.45043112432986154,26080707.223745834,2.0571065537647226e-06,0,66.822502695279866,16.598279924158941,26546121.354663514,-465414.13091767952,26080707.223745834,50000000,0,26080707.221957922,0.00020608930056571119
19999.999999999971,68867.513459481299,82679.491924311253,922804465.59751701,219887860.68791574,3.8173236755058244e-10,20957109.879570562,0,12692.581287068992,0.4455351460356059,26076116.12813871,2.205095264385511e-06,0,66.77757577823472,16.651746101583328,26546121.362626016,-470005.23448730633,26076116.12813871,50000000,0,26076116.126371268,0.00022063893652338515
19899.999999999971,68917.513459481299,82766.094464689697,922804465.59751701,219887860.68791574,3.7760145212070954e-10,21186381.125998363,0,12692.338213087944,0.44074061300166562,26070876.937768687,2.3567252199884878e-06,0,66.613141492206253,16.681879428087047,26546121.359267954,-475244.42149926722,26070876.937768687,50000000,0,26070876.936020106,0.00023595259596407515
19799.999999999971,68967.513459481299,82852.697005068141,922804465.59751701,219887860.68791574,3.7310382119789183e-10,21441778.877568543,0,12692.411734026546,0.43558913387897386,26065796.364940181,2.5323908577862298e-06,0,66.661277513353525,16.666435737366349,26546121.352861255,-480324.98792107403,26065796.364940181,50000000,0,26065796.363212269,0.00025344273198347182
19699.999999999971,69017.513459481299,82939.299545446585,922804465.59751701,219887860.68791574,3.6884355694178033e-10,21689442.600390647,0,12692.631961268124,0.43059542827412817,26060500.163871735,2.7189806500574276e-06,0,66.659251109358365,16.70855280034332,26546121.367860071,-485621.20398833603,26060500.163871735,50000000,0,26060500.162163332,0.00027236172904660704
19599.999999999971,69067.513459481299,83025.90208582503,922804465.59751701,219887860.68791574,3.6440118589225931e-10,21953860.938236371,0,12692.013732916381,0.42541907888475311,26055180.869637273,2.9272783959332058e-06,0,66.50804359665463,16.739762426430431,26546121.34939431,-490940.47975703701,26055180.869637273,50000000,0,26055180.867949199,0.00029288636872080244
19499.999999999967,69117.513459481299,83112.504626203474,922804465.59751701,219887860.68791574,3.59840638471997e-10,22232105.740392763,0,12692.696615183368,0.419954063033733,26049535.773172542,3.1522895275155658e-06,0,66.53183314652857,16.724152128691625,26546121.361584987,-496585.58841244504,26049535.773172542,50000000,0,26049535.771505363,0.00031572407635648334
19399.999999999967,69167.513459481299,83199.107166581918,922804465.59751701,219887860.68791574,3.5539303512587918e-10,22510338.71140771,0,12692.440198119819,0.41456832101457536,26043771.595771294,3.4079174920051982e-06,0,66.560031197804747,16.748981392722641,26546121.359252702,-502349.76348140836,26043771.595771294,50000000,0,26043771.594124321,0.00034134963744509938
19299.999999999967,69217.513459481299,83285.709706960362,922804465.59751701,219887860.68791574,3.5073437889854626e-10,22809342.439645048,0,12692.143966605559,0.40898585794811365,26038079.412759982,3.6897272614254991e-06,0,66.4383070806674,16.781375696608805,26546121.345475383,-508041.93271540105,26038079.412759982,50000000,0,26038079.411134399,0.00036931124263648164
19199.999999999967,69267.513459481299,83372.312247338807,922804465.59751701,219887860.68791574,3.4621146225567017e-10,23107334.2528455,0,12692.586376280618,0.40330638604755448,26031843.443470001,3.9980550074934236e-06,0,66.441087276256624,16.761638183193146,26546121.383624058,-514277.940154057,26031843.443470001,50000000,0,26031843.441864923,0.00040039667431172486
19099.999999999967,69317.513459481299,83458.914787717251,922804465.59751701,219887860.68791574,3.4128699726040836e-10,23440764.726088874,0,12692.449783389746,0.39723657300444526,26025674.388488945,4.3458075180633593e-06,0,66.499922255383481,16.77075350111361,26546121.301620908,-520446.91313196346,26025674.388488945,50000000,0,26025674.386906337,0.00043543710573529536
18999.999999999978,69367.513459481299,83545.517328095681,922804465.59751701,219887860.68791574,3.3681158803269924e-10,23752249.425599243,0,12692.247906163146,0.39146383252477651,26019057.875399224,4.7360598419050451e-06,0,66.412448253192821,16.79245844796208,26546121.686124898,-527063.81072567403,26019057.875399224,50000000,0,26019057.873836894,0.00047424851748025947
18899.999999999964,69417.513459481299,83632.119868474139,922804465.59751701,219887860.68791574,3.3173087686179462e-10,24116051.085347574,0,12692.624803052273,0.38508186054235166,26012603.344822612,5.1709356272087187e-06,0,66.418436246823461,16.764682330650057,26546120.826194275,-533517.48137166351,26012603.344822612,50000000,0,26012603.343283404,0.00051783597066812977
18799.999999999978,69467.513459481299,83718.722408852569,922804465.59751701,219887860.68791574,3.2708206285986907e-10,24458832.50683732,0,12692.033140705837,0.37883027204490022,26005363.590293102,5.6583490460930702e-06,0,66.520172383877295,16.7527011943194,26546125.96718644,-540762.37689333782,26005363.590293102,50000000,0,26005363.58877489,0.00056719141877973928
18699.999999999964,69517.513459481299,83805.324949231028,922804465.59751701,219887860.68791574,3.2182688124030508e-10,24858252.208750047,0,12693.068592265548,0.37204804435587879,25998453.854003716,6.2143991273710064e-06,0,66.45668527191566,16.774728878499321,26546114.062102478,-547660.20809876174,25998453.854003716,50000000,0,25998453.852509201,0.00062259311298007707
18599.999999999978,69567.513459481299,83891.927489609458,922804465.59751701,219887860.68791574,3.1721074213007034e-10,25220025.025503695,0,12691.671128781074,0.36562864963546204,25990936.970903065,6.8443499759399113e-06,0,66.448226244353009,16.738230883948155,26546186.292391282,-555249.32148821652,25990936.970903065,50000000,0,25990936.969429262,0.0006855590484530728
18499.999999999978,69617.513459481299,83978.530029987902,922804465.59751701,219887860.68791574,3.1162877046968322e-10,25671811.522381224,0,12692.899006430593,0.35823892536795188,25983356.995718841,7.5587003865017278e-06,0,66.59487484955163,16.702362572417702,26546019.028427128,-562662.03270828724,25983356.995718841,50000000,0,25983356.994270235,0.00075751246756338504
18399.999999999978,69667.513459481299,84065.132570366346,922804465.59751701,219887860.68791574,3.0695617475329453e-10,26062638.088403437,0,12692.199073305073,0.35138958069865361,25977133.668186545,8.3568687092040158e-06,0,66.583799427618544,16.723679446613104,26547473.297483061,-570339.62929651514,25977133.668186545,50000000,0,25977133.66675866,0.00083768234130515967
18299.999999999978,69717.513459481299,84151.73511074479,922804465.59751701,219887860.68791574,3.0106889890089341e-10,26572338.829997487,0,12692.527391130925,0.34350482330323562,25993872.219002988,9.2684219039096393e-06,0,66.520684735515161,16.699485682048746,26568449.290998492,-574577.0719955042,25993872.219002988,50000000,0,25993872.217601456,0.00092698522445195471
18199.999999999978,69767.513459481299,84238.337651123235,922804465.59751701,219887860.68791574,2.9716082347582417e-10,26921859.271040708,0,12692.147350620788,0.33628120510863579,26031319.274455428,1.0221024932495925e-05,0,66.681600496123238,16.645800674616989,26606339.364387609,-575020.08993218094,26031319.274455428,50000000,0,26031319.273071021,0.0010265780156007048
18099.999999999978,69817.513459481299,84324.940191501679,922804465.59751701,219887860.68791574,2.8900521181734541e-10,27681746.541215219,0,12692.819850622571,0.32606060773195522,26086592.486397199,1.1429058849759891e-05,0,66.7218532200949,16.651829783272539,26663153.292938445,-576560.80654124543,26086592.486397199,50000000,0,26086592.485049278,0.001141384387189055
17999.999999999978,69867.513459481299,84411.542731880123,922804465.59751701,219887860.68791574,2.8627924924391844e-10,27945380.244337931,0,12692.123787717972,0.32548617285142295,26179200.119368181,1.2531911457836195e-05,0,66.669269668766574,16.640680242153099,26745475.753130864,-566275.63376268372,26179200.119368181,50000000,0,26179200.118031759,0.0012588963379864125
17899.999999999978,69917.513459481299,84498.145272258567,922804465.59751701,219887860.68791574,2.7821215044645132e-10,28755870.27533948,0,12692.808064034991,0.30448418757656315,26274477.0319377,1.4007132376666618e-05,0,66.768514978922667,16.591459221139232,26666643.33865504,-392166.3067173399,26274477.0319377,50000000,0,26274477.030637115,0.0013989154196224682
17799.999999999975,69967.513459481299,84584.747812637012,922804465.59751701,219887860.68791574,2.7509632333114882e-10,29081570.763434071,0,12691.758317906699,0.29243302220528888,26409029.61327539,1.5377819209617716e-05,0,66.857200986710168,16.590368235428222,26611105.414002012,-202075.80072662234,26409029.61327539,50000000,0,26409029.611987863,0.0015430415908253704
17699.999999999975,70017.513459481299,84671.350353015456,922804465.59751701,219887860.68791574,2.6824653126071526e-10,29824301.20910991,0,12693.208793843913,0.2778665349189246,26559271.823687878,1.7029451760737884e-05,0,66.775944214347092,16.590120754142831,26571603.426305644,-12331.602617766708,26559271.823687878,50000000,0,26559271.822430309,0.0017043769735268454
17599.999999999975,70067.513459481299,84757.9528933939,922804465.59751701,219887860.68791574,2.6330864418841314e-10,30383681.979001056,0,12691.639235205957,0.26387190253111648,26735828.520889651,1.881213368067633e-05,0,66.866246102354978,16.547975834933684,26553588.127907693,182240.39298195764,26735828.520889651,50000000,0,26735828.519653209,0.0018852434039065248
17499.999999999975,70117.513459481299,84844.555433772344,922804465.59751701,219887860.68791574,2.5708939686374771e-10,31118734.160213061,0,12692.901481316776,0.24906620539666363,26925488.151291329,2.0837955400477563e-05,0,66.932321342764894,16.561469417610827,26545445.462120995,380042.68917033449,26925488.151291329,50000000,0,26925488.150081605,0.0020855600101143835
17399.999999999975,70167.513459481299,84931.157974150789,922804465.59751701,219887860.68791574,2.5192451303468767e-10,31756642.621267725,0,12692.10304115311,0.2345511974942249,27129738.192422535,2.2916115714253624e-05,0,66.815584037132709,16.570007417697219,26549473.473549128,580264.71887340769,27129738.192422535,50000000,0,27129738.191234596,0.0023000456417630413
17299.999999999971,70217.513459481299,85017.760514529233,922804465.59751701,219887860.68791574,2.4556728565398891e-10,32578553.284427319,0,12692.790031154515,0.21925775427707769,27335144.244588017,2.5575415549271847e-05,0,66.905204167756878,16.533508755913118,26553024.983386911,782119.26120110601,27335144.244588017,50000000,0,27335144.243426863,0.0025527108666240595
17199.999999999971,70267.513459481299,85104.363054907677,922804465.59751701,219887860.68791574,2.4015770483809448e-10,33311941.552971236,0,12692.056856150984,0.20487472645175137,27528104.77031308,2.7934920957998696e-05,0,66.950837041653514,16.55620740993734,26546177.032774016,981927.73753906414,27528104.77031308,50000000,0,27528104.769174546,0.0028420992621210838
17099.999999999971,70317.513459481299,85190.965595286121,922804465.59751701,219887860.68791574,2.3352664773524295e-10,34257141.791623458,0,12692.681821815775,0.1895034537958683,27734008.300320636,3.3158654683265834e-05,0,66.817958459739955,16.594065688340191,26549031.203354996,1184977.0969656408,27734008.300320636,50000000,0,27734008.299207594,0.003165390862714963
16999.999999999971,70367.513459481299,85277.568135664565,922804465.59751701,219887860.68791574,2.2753040068225703e-10,35159033.661594152,0,12692.174428777847,0.17470199219590624,27937344.533017721,2.9365974276527924e-05,0,66.808409896082367,16.563284217337163,26549046.771905228,1388297.7611124925,27937344.533017721,50000000,0,27937344.531936113,0.0035305878261121218
16899.999999999971,70417.513459481299,85364.17067604301,922804465.59751701,219887860.68791574,2.2019183825936112e-10,36329781.280589014,0,12692.819113294576,0.15958957837168425,28143119.569188036,6.1488825062295873e-05,0,66.931800630453765,16.577155436457634,26550536.375775315,1592583.1934127212,28143119.569188036,50000000,0,28143119.568108335,0.0039537737964311396
16799.999999999971,70467.513459481299,85450.773216421454,922804465.59751701,219887860.68791574,2.1316243512960773e-10,37527390.514428362,0,12691.686702865243,0.14495128043648439,28345621.583808277,-3.9100855655543627e-05,0,66.751131146145369,16.642951187116687,26548673.419571199,1796948.1642370783,28345621.583808277,50000000,0,28345621.582861636,0.004418529930418422
16699.999999999971,70517.513459481299,85537.375756799898,922804465.59751701,219887860.68791574,2.0469900162800241e-10,39080904.42464608,0,12693.167861781292,0.12991328368291019,28555199.147959769,0.0003610685626595506,0,66.681985094582885,16.626412141912869,26551176.747129507,2004022.4008302614,28555199.147959769,50000000,0,28555199.146652091,0.0036903088681055542
16599.999999999971,70567.513459481299,85623.978297178342,922804465.59751701,219887860.68791574,1.9582523598633549e-10,40860575.165073112,0,12691.867892906443,0.11525253213347945,28762559.680409633,-0.001187009310534315,0,66.803666966909631,16.627639673541601,26551638.303299908,2210921.377109725,28762559.680409633,50000000,0,28762559.680691093,-0.0095746387695596607
16499.999999999971,70617.513459481299,85710.580837556787,922804465.59751701,219887860.68791574,1.8423114581307269e-10,43449241.836558133,0,12692.722246516261,0.10135487031658914,28962276.189426817,0.0038320929737923662,0,66.677885281856717,16.696039080901873,26545058.369497202,2417217.8199296147,28962276.189426817,50000000,0,28962276.18474279,-0.31149228596895168
16399.999999999985,70667.513459481299,85797.183377935216,922804465.59751701,219887860.68791574,1.7912668445874582e-10,44774956.693854108,0,12692.194809443892,0.087105256683101082,29187430.381449778,-0.032778491707424931,0,66.536279054271375,16.710530597322808,26552265.699673779,2635164.6817759983,29187430.381449778,50000000,0,29187430.413399857,-2.6761851462275774
16299.999999999971,70717.513459481299,85883.785918313675,922804465.59751701,219887860.68791574,1.8930265786117671e-10,42670417.47943753,0,12692.621364451114,0.071738689891180304,29410132.540755782,-0.033464350267005255,0,66.620000870132145,16.693261552840539,26550768.089279242,2859364.4514765404,29410132.540755782,50000000,0,29410132.573344726,-2.8257911748211368
16199.999999999982,70767.513459481299,85970.388458692105,922804465.59751701,219887860.68791574,2.0815199377738034e-10,39080597.277671121,0,12692.413104765292,0.063769569964869585,29640699.184749775,-0.0029143581168861112,0,66.592957391708765,16.740425019934204,26548203.349279083,3092495.8354706913,29640699.184749775,50000000,0,29640699.186701566,-0.79783931453824286
16099.999999999969,70817.513459481299,86056.990999070564,922804465.59751701,219887860.68791574,1.1568342403304744e-10,81773749.464399561,0,12692.247276671749,0.036782573348403361,30089655.470308986,-0.0026961344696763857,0,66.448047527677176,16.763813049661916,26548255.434467863,3541400.0358411223,30089655.470308986,50000000,0,30089655.472470149,-0.20212669347534842
15999.999999999982,70867.513459481299,86143.593539448993,922804465.59751701,219887860.68791574,3.9526363514680016e-11,300322770.28338224,0,12692.410940127655,0.016186615630981397,30455301.637998279,0.001539850830310109,0,66.495144906097835,16.744058303627771,26550327.863138605,3904973.7748596743,30455301.637998279,50000000,0,30455301.636275642,0.089534341212177057
15899.999999999982,70917.513459481299,86230.196079827438,922804465.59751701,219887860.68791574,2.26029719996069e-11,474814447.24913448,0,12692.733413454211,0.010256429445727463,30558249.518559672,0.0019313854942997291,0,66.51752888445597,16.768105330263268,26549533.075382251,4008716.4431774206,30558249.518559672,50000000,0,30558249.516523771,0.18711936814168281
15799.999999999982,70967.513459481299,86316.798620205882,922804465.59751701,219887860.68791574,9.5032231392889503e-12,682033739.38874531,0,12691.869802996382,0.0061057874238596129,30524447.069445066,0.0019599725197732404,0,66.408304132077944,16.787287146394156,26551226.780905008,3973220.2885400578,30524447.069445066,50000000,0,30524447.06744118,0.1771582808879765
15699.99999999998,71017.513459481299,86403.401160584326,922804465.59751701,219887860.68791574,4.577944941067917e-12,794394779.08156419,0,12692.836054155145,0.0043133566500802968,30410561.766149171,0.00087054889662375372,0,66.446990579517262,16.762535941194724,26549936.973900624,3860624.7922485471,30410561.766149171,50000000,0,30410561.765257441,0.10181199330788598
15599.99999999998,71067.513459481299,86490.00370096277,922804465.59751701,219887860.68791574,2.0334662575166767e-12,861213286.29834759,0,12692.238721084292,0.003358869852587259,30264401.306941379,0.00066004437068813951,0,66.488014508735517,16.775294516689431,26551801.55153567,3712599.7554057091,30264401.306941379,50000000,0,30264401.306271903,0.067511190575720692
15499.99999999998,71117.513459481299,86576.606241341215,922804465.59751701,219887860.68791574,9.0068487400378439e-13,894093868.58396327,0,12692.450632647113,0.0029004422503638278,30099269.907394372,0.00053850283843231983,0,66.407912349584763,16.783781817072427,26546276.993880361,3552992.9135140106,30099269.907394372,50000000,0,30099269.906851597,0.053980751134472205
15399.99999999998,71167.513459481299,86663.208781719659,922804465.59751701,219887860.68791574,3.7884494910137733e-13,910108587.77660608,0,12692.446286302869,0.0026746476564161771,29943595.695175271,0.00042585534091066682,0,66.456549247472282,16.744740069544658,26546420.99651511,3397174.6986601613,29943595.695175271,50000000,0,29943595.694747668,0.043185388134344013
15299.99999999998,71217.513459481299,86749.811322098103,922804465.59751701,219887860.68791574,1.5965519878458022e-13,917098885.36172116,0,12692.205548659982,0.0025730029931403486,29776238.584812578,0.00034914830128216515,0,66.559452070013776,16.738254157234479,26526643.523226541,3249595.0615860373,29776238.584812578,50000000,0,29776238.584462751,0.03507267110814298
15199.99999999998,71267.513459481299,86836.413862476547,922804465.59751701,219887860.68791574,6.7148108107964421e-14,920139694.80090404,0,12692.860015806235,0.0025266388674275442,29602319.153546326,0.00028095609307120977,0,66.474757957296546,16.755354070190307,26489901.941573609,3112417.2119727172,29602319.153546326,50000000,0,29602319.153265029,0.028357975669938994
15099.999999999978,71317.513459481299,86923.016402854992,922804465.59751701,219887860.68791574,2.9122343457210743e-14,921423787.91723239,0,12691.908786676448,0.0025060926008526776,29415766.690645304,0.00022902257779214459,0,66.508747297583596,16.703440959001625,26428667.006202646,2987099.684442658,29415766.690645304,50000000,0,29415766.690416135,0.0230668815048236
14999.999999999978,71367.513459481299,87009.618943233436,922804465.59751701,219887860.68791574,1.2934302340281764e-14,921986013.45659876,0,12692.653980320034,0.0024964582898619053,29226508.925238453,0.00018722836468816655,0,66.673035799584852,16.669836542039889,26353607.349709183,2872901.5755292699,29226508.925238453,50000000,0,29226508.925051145,0.018869345317056967
14899.999999999978,71417.513459481299,87096.22148361188,922804465.59751701,219887860.68791574,8.4985577769651837e-15,922139288.67519999,0,12692.460871674508,0.0024938667273751852,29195504.501917552,0.00015361858783783251,0,66.638003272407445,16.694310922354706,26427120.277826257,2768384.2240912952,29195504.501917552,50000000,0,29195504.501763865,0.015475750899650812
14799.999999999978,71467.513459481299,87182.824023990324,922804465.59751701,219887860.68791574,5.8072264071827309e-15,922233825.25832975,0,12692.278017351313,0.0024923115485571265,29157236.864973314,0.00012686050446021222,0,66.585000214346408,16.65996240883344,26484229.691121042,2673007.1738522723,29157236.864973314,50000000,0,29157236.86484642,0.012769592738605059
14699.999999999978,71517.513459481299,87269.426564368769,922804465.59751701,219887860.68791574,4.2406200136390507e-15,922289627.4246347,0,12692.356628911602,0.0024913542150565736,29111474.893627476,0.00010552422088178059,0,66.774473652629538,16.606811488097495,26525555.081038911,2585919.8125885651,29111474.893627476,50000000,0,29111474.89352192,0.010620555660942031
14599.999999999978,71567.513459481299,87356.029104747213,922804465.59751701,219887860.68791574,3.3778972957286622e-15,922319866.21017265,0,12692.64305811878,0.0024907513653106292,29049785.879294176,8.7960299876437922e-05,0,66.785265557520873,16.623645545396592,26544138.990233783,2505646.889060393,29049785.879294176,50000000,0,29049785.879206222,0.0088534993942793686
14499.999999999976,71617.513459481299,87442.631645125657,922804465.59751701,219887860.68791574,2.8870480691166842e-15,922336309.10509837,0,12692.190987837137,0.002490606227369312,28978003.705352657,7.3788060600213912e-05,0,66.720890494884088,16.609445433776841,26546272.750651564,2431730.9547010921,28978003.705352657,50000000,0,28978003.705278818,0.0074226991526522091
14399.999999999976,71667.513459481299,87529.234185504101,922804465.59751701,219887860.68791574,2.5141990850751882e-15,922348868.98185492,0,12692.764840768183,0.0024904239678244229,28909497.461304456,6.2450802372569211e-05,0,66.837125669625479,16.560747469287914,26546021.532401163,2363475.9289032929,28909497.461304456,50000000,0,28909497.46124208,0.0062812699142976193
14299.999999999976,71717.513459481299,87615.836725882546,922804465.59751701,219887860.68791574,2.207379708908484e-15,922359449.52052963,0,12691.806784957675,0.0024902914155374547,28846216.683516778,5.3237876091332298e-05,0,66.910934573236375,16.570356664710975,26546130.949373964,2300085.7341428138,28846216.683516778,50000000,0,28846216.683463424,0.0053539846273665433
14199.999999999976,71767.513459481299,87702.43926626099,922804465.59751701,219887860.68791574,1.9561169361325026e-15,922368296.94034779,0,12693.164395242995,0.0024900526632338398,28787089.731644064,4.5717580579791995e-05,0,66.803015088564436,16.576281949120631,26546112.872550067,2240976.8590939976,28787089.731644064,50000000,0,28787089.731598441,0.0045917611242512566
14099.999999999976,71817.513459481299,87789.041806639434,922804465.59751701,219887860.68791574,1.7474741364208042e-15,922375757.13768089,0,12691.765049924788,0.0024900995017810104,28732095.808830258,3.9545557084136181e-05,0,66.894246888858333,16.540877482736374,26546120.779483955,2185975.0293463022,28732095.808830258,50000000,0,28732095.808790691,0.0039717940941231336
13999.999999999975,71867.513459481299,87875.644347017878,922804465.59751701,219887860.68791574,1.5712667971568908e-15,922382205.84682572,0,12692.728925132436,0.0024899074071469624,28680506.290220451,3.4375221632023703e-05,0,66.931752663853047,16.560748705010969,26546119.460488144,2134386.8297323063,28680506.290220451,50000000,0,28680506.290186096,0.0034525120835103523
13899.999999999975,71917.513459481299,87962.246887396323,922804465.59751701,219887860.68791574,1.4218971378433774e-15,922387753.92061484,0,12692.203253582025,0.0024898771250409352,28632034.226681054,3.0046952925793297e-05,0,66.8235320898373,16.572270830144127,26546120.040154323,2085914.1865267307,28632034.226681054,50000000,0,28632034.226651028,0.0030148735337728028
13799.999999999975,71967.513459481299,88048.849427774767,922804465.59751701,219887860.68791574,1.2944264054273659e-15,922392593.27528405,0,12692.722261662826,0.0024896928992202611,28586494.687453669,2.64146421509704e-05,0,66.887571059437619,16.552040977959127,26546119.942760348,2040374.7446933202,28586494.687453669,50000000,0,28586494.687427219,0.0026506045106388962
13699.999999999975,72017.513459481299,88135.451968153211,922804465.59751701,219887860.68791574,1.1840456467074575e-15,922396818.67742395,0,12692.051056796276,0.0024898022097308058,28543520.069714978,2.3311144272975593e-05,0,66.895589419023111,16.580789563661952,26546119.968929309,1997400.1007856689,28543520.069714978,50000000,0,28543520.069691617,0.00233924255413882
13599.999999999975,72067.513459481299,88222.054508531655,922804465.59751701,219887860.68791574,1.0881031630892774e-15,922400594.2932682,0,12692.768378216797,0.0024895731830598287,28502806.855032004,2.0663284902674825e-05,0,66.774413460257264,16.611251578693931,26546119.984136861,1956686.8708951436,28502806.855032004,50000000,0,28502806.855011348,0.0020719462326684759
13499.999999999975,72117.513459481299,88308.6570489101,922804465.59751701,219887860.68791574,1.0044447893254949e-15,922403907.01781046,0,12692.065383455334,0.0024896096467535811,28464285.088467766,1.8400198444037749e-05,0,66.782330957711437,16.590807665518692,26546119.936849024,1918165.1516187415,28464285.088467766,50000000,0,28464285.088449318,0.0018448114685125124
13399.999999999973,72167.513459481299,88395.259589288544,922804465.59751701,219887860.68791574,9.3052962119649534e-16,922406903.83707952,0,12692.975010466276,0.0024894503763559692,28427699.802874546,1.6440447498016926e-05,0,66.843850697720015,16.622334643366621,26546119.989031117,1881579.8138434291,28427699.802874546,50000000,0,28427699.802858096,0.0016492731227399919
13299.999999999973,72217.513459481299,88481.862129666988,922804465.59751701,219887860.68791574,8.6506154041582911e-16,922409559.14390016,0,12691.59037182562,0.0024895978144246424,28392852.360647447,1.4742583195690285e-05,0,66.659844550191352,16.671272832768874,26546119.932626866,1846732.4280205816,28392852.360647447,50000000,0,28392852.360632725,0.001477284372545487
13199.999999999973,72267.513459481299,88568.464670045432,922804465.59751701,219887860.68791574,8.0691445124412586e-16,922412000.17755377,0,12693.127089904019,0.0024893538797884033,28359693.238511156,1.3272378820341269e-05,0,66.658020125531493,16.652012822847109,26546119.943072658,1813573.2954384983,28359693.238511156,50000000,0,28359693.238497872,0.0013300374123645796
13099.999999999973,72317.513459481299,88655.067210423877,922804465.59751701,219887860.68791574,7.5491115630623727e-16,922414159.92743063,0,12692.907740629682,0.0024895418465340539,28328133.919455282,1.1983493722492145e-05,0,66.719823330242349,16.669860789023119,26546120.184763726,1782013.7346915565,28328133.919455282,50000000,0,28328133.919443343,0.0012014470583744375
12999.999999999985,72367.513459481299,88741.669750802306,922804465.59751701,219887860.68791574,7.0822158370115512e-16,922416136.8313638,0,12701.810895304301,0.0024896252728887447,28298023.069511328,1.0851839395311898e-05,0,66.590467945465903,16.729233380039137,26546120.184721742,1751902.8847895861,28298023.069511328,50000000,0,28298023.069500435,0.0010872997899138274
12899.999999999971,72417.513459481299,88828.272291180765,922804465.59751701,219887860.68791574,6.6659517363548915e-16,922417921.83650386,0,12701.969129608618,0.0024897131067751865,28269513.567222837,9.8574483746310287e-06,0,66.487204876432699,16.730669486720522,26546119.833677698,1723393.7335451394,28269513.567222837,50000000,0,28269513.567213066,0.00098721354572806649
12799.999999999984,72467.513459481299,88914.874831559195,922804465.59751701,219887860.68791574,6.2911198088492663e-16,922419595.80526686,0,12697.015005709,0.0024894510396949463,28242365.022547413,8.9820913835825144e-06,0,66.574097940319646,16.718691764305486,26546119.625538047,1696245.3970093653,28242365.022547413,50000000,0,28242365.022538457,0.00090006907855549921
12699.999999999971,72517.513459481299,89001.477371937654,922804465.59751701,219887860.68791574,5.9515810280862126e-16,922421092.74920261,0,12694.718801941544,0.0024895050620218988,28216322.496583812,8.2047529957145532e-06,0,66.515592141762625,16.767849542902802,26546119.538683806,1670202.9579000063,28216322.496583812,50000000,0,28216322.496575575,0.00082194878015512212
12599.999999999984,72567.513459481299,89088.079912316083,922804465.59751701,219887860.68791574,5.6428655070957395e-16,922422498.67145288,0,12692.213050558266,0.002489337153948779,28191366.15435623,7.5165249249671364e-06,0,66.411485429905497,16.776768600002242,26546119.624294449,1645246.5300617814,28191366.15435623,50000000,0,28191366.154348724,0.00075252219304569536
12499.999999999984,72617.513459481299,89174.682452694527,922804465.59751701,219887860.68791574,5.3612273348858759e-16,922423780.36205196,0,12692.261919774977,0.0024893000167600767,28167470.470429335,6.9001693054811947e-06,0,66.479254843062421,16.75581877291993,26546119.730276629,1621350.7401527055,28167470.470429335,50000000,0,28167470.470422417,0.00069116829231180967
12399.999999999984,72667.513459481299,89261.284993072972,922804465.59751701,219887860.68791574,5.1022300238286095e-16,922424983.18281388,0,12692.908999690715,0.0024891837691533797,28144526.442830741,6.3468804891826229e-06,0,66.484057969751646,16.77953518640286,26546119.847503126,1598406.5953276157,28144526.442830741,50000000,0,28144526.442824367,0.00063585979197661505
12299.999999999982,72717.513459481299,89347.887533451416,922804465.59751701,219887860.68791574,4.8645369035582476e-16,922426064.88421071,0,12691.862426977148,0.0024893399670577391,28122516.759843402,5.8568627873101458e-06,0,66.394917980674578,16.783854521282318,26546119.846599139,1576396.9132442623,28122516.759843402,50000000,0,28122516.759837545,0.00058622149400333807
12199.999999999982,72767.513459481299,89434.49007382986,922804465.59751701,219887860.68791574,4.6449791794480123e-16,922427115.41807985,0,12693.315450555729,0.0024891695121913708,28101370.509219188,5.4134087618831746e-06,0,66.469021709644593,16.754377964226673,26546119.932258606,1555250.5769605823,28101370.509219188,50000000,0,28101370.509213775,0.00054209127311388434
12099.999999999982,72817.513459481299,89521.092614208304,922804465.59751701,219887860.68791574,4.4406722186008303e-16,922428077.91949952,0,12692.22470256079,0.002489200688842457,28080977.308734257,5.0116188021452101e-06,0,66.496685372351692,16.76972422257624,26546119.911575336,1534857.3971589208,28080977.308734257,50000000,0,28080977.308729235,0.00050195955681784266
11999.999999999982,72867.513459481299,89607.695154586749,922804465.59751701,219887860.68791574,4.2503346748260053e-16,922428988.93622577,0,12692.598351879527,0.0024891883411638162,28061234.182938527,4.6515506527512841e-06,0,66.423088332613887,16.765438627542871,26546119.935545713,1515114.2473928146,28061234.182938527,50000000,0,28061234.182933874,0.00046555829117493256
11899.999999999982,72917.513459481299,89694.297694965193,922804465.59751701,219887860.68791574,4.0730125459611017e-16,922429838.10691512,0,12692.257336950266,0.0024892338957928392,28042126.884943202,4.3270246412625634e-06,0,66.516186097115465,16.719932359008233,26546119.950637002,1496006.9343062006,28042126.884943202,50000000,0,28042126.884938926,0.00043319427827425778
11799.99999999998,72967.513459481299,89780.900235343637,922804465.59751701,219887860.68791574,3.9066696174293068e-16,922430664.98573399,0,12692.41421313605,0.0024891011508092632,28023576.189582389,4.0306272507923997e-06,0,66.597889443356109,16.719199175818829,26546119.942719836,1477456.2468625531,28023576.189582389,50000000,0,28023576.189578358,0.00040365302924557083
11699.99999999998,73017.513459481299,89867.502775722081,922804465.59751701,219887860.68791574,3.7511113442590356e-16,922431423.12231588,0,12692.601485476296,0.0024891485277652985,28005572.397170637,3.7605988917928533e-06,0,66.515752776380694,16.724812881697872,26546119.993121263,1459452.4040493742,28005572.397170637,50000000,0,28005572.397166904,0.00037629339277587523
11599.99999999998,73067.513459481299,89954.105316100526,922804465.59751701,219887860.68791574,3.6056233845771048e-16,922432140.61228156,0,12692.191815404309,0.0024891800518898333,27988103.863197073,3.5136696119976938e-06,0,66.589559847499189,16.661121760021885,26546119.949897472,1441983.9132996015,27988103.863197073,50000000,0,27988103.863193545,0.00035169991211963765
11499.99999999998,73117.513459481299,90040.70785647897,922804465.59751701,219887860.68791574,3.4687310089898785e-16,922432833.98014891,0,12692.354766773813,0.0024891136524881523,27971145.061537556,3.2909480651169607e-06,0,66.757317086152327,16.642895135798064,26546119.970025692,1425025.0915118642,27971145.061537556,50000000,0,27971145.061534241,0.00032958512704417566
11399.99999999998,73167.513459481299,90127.310396857414,922804465.59751701,219887860.68791574,3.3399723271416736e-16,922433490.95588851,0,12692.74636354943,0.002489059715444181,27954653.243263509,3.0853157397280269e-06,0,66.661822038060507,16.667066313878205,26546119.980711132,1408533.2625523768,27954653.243263509,50000000,0,27954653.243260529,0.00030870769760106277
11299.99999999998,73217.513459481299,90213.912937235858,922804465.59751701,219887860.68791574,3.2190105149332801e-16,922434095.67721009,0,12692.044317275273,0.0024891479937270392,27938641.964204397,2.8957720797449993e-06,0,66.670314158700322,16.612552997822736,26546119.944412351,1392522.0197920464,27938641.964204397,50000000,0,27938641.964201417,0.00028977290844760196
11199.999999999978,73267.513459481299,90300.515477614303,922804465.59751701,219887860.68791574,3.1048103854437895e-16,922434687.71843445,0,12692.570616966905,0.0024891050406814388,27923079.696407486,2.7261139291261313e-06,0,66.876172872887665,16.57293904265509,26546119.986720983,1376959.7096865028,27923079.696407486,50000000,0,27923079.696404785,0.00027292514589408049
11099.999999999978,73317.513459481299,90387.118017992747,922804465.59751701,219887860.68791574,2.9964678368225439e-16,922435255.11609828,0,12692.438794744763,0.0024890568384106689,27907909.658815067,2.5648385144524868e-06,0,66.819673163892844,16.605678561612407,26546119.93813815,1361789.7206769176,27907909.658815067,50000000,0,27907909.658812523,0.00025674672153543142
10999.999999999978,73367.513459481299,90473.720558371191,922804465.59751701,219887860.68791574,2.8943374209888195e-16,922435787.06970167,0,12692.33732275466,0.0024890674214530753,27893150.066971302,2.4199752007550273e-06,0,66.761497050918734,16.57916723338063,26546119.96420835,1347030.1027629524,27893150.066971302,50000000,0,27893150.066968936,0.00024203589185418925
10899.999999999978,73417.513459481299,90560.323098749635,922804465.59751701,219887860.68791574,2.7972561929410519e-16,922436293.91643429,0,12692.62068759047,0.0024891009904189406,27878762.080853295,2.2850267542973395e-06,0,66.916787436978055,16.530200076970829,26546119.960250817,1332642.1206024773,27878762.080853295,50000000,0,27878762.08085097,0.00022871916837338544
10799.999999999978,73467.513459481299,90646.92563912808,922804465.59751701,219887860.68791574,2.7048703362365966e-16,922436789.65466058,0,12691.964197310166,0.0024890577874949788,27864715.231782477,2.1591599041825693e-06,0,66.955685452095594,16.561287134077055,26546119.948318202,1318595.2834642753,27864715.231782477,50000000,0,27864715.231780335,0.00021617366419196426
10699.999999999978,73517.513459481299,90733.528179506524,922804465.59751701,219887860.68791574,2.6172166306770793e-16,922437267.96157241,0,12692.971267849885,0.0024889847539007076,27851001.074860834,2.0429380339258589e-06,0,66.797895222780085,16.569958278507691,26546119.999107827,1304881.0757530071,27851001.074860834,50000000,0,27851001.074858788,0.00020428598211061019
10599.999999999978,73567.513459481299,90820.130719884968,922804465.59751701,219887860.68791574,2.5339145788561828e-16,922437706.25310576,0,12691.999953477645,0.0024890685060756216,27837634.634023942,1.9350413376618457e-06,0,66.922102624227904,16.5340871108458,26546119.938054997,1291514.6959689446,27837634.634023942,50000000,0,27837634.634021994,0.00019373610189607674
10499.999999999976,73617.513459481299,90906.733260263412,922804465.59751701,219887860.68791574,2.4542928406466242e-16,922438143.88359475,0,12692.505324735224,0.0024890307606862997,27824559.135163914,1.837880054913112e-06,0,66.928645536500795,16.566922141712361,26546119.999465726,1278439.1356981881,27824559.135163914,50000000,0,27824559.135162123,0.000183865669799403
10399.999999999989,73667.513459481299,90993.335800641842,922804465.59751701,219887860.68791574,2.3786194474627687e-16,922438559.70870543,0,12692.420209834212,0.0024890187982645139,27811792.609588392,1.742309451244075e-06,0,66.80359682871557,16.58496859789734,26546119.969179764,1265672.6404086277,27811792.609588392,50000000,0,27811792.609586608,0.00017433603819057449
10299.999999999975,73717.513459481299,91079.938341020301,922804465.59751701,219887860.68791574,2.3064948999029238e-16,922438967.68606639,0,12692.519622021737,0.0024889425284104301,27799320.091882356,1.6578556734041078e-06,0,66.852858186001569,16.573001215886219,26546119.967962209,1253200.1239201464,27799320.091882356,50000000,0,27799320.09188075,0.00016584546379881014
10199.999999999989,73767.513459481299,91166.540881398731,922804465.59751701,219887860.68791574,2.2374549504539038e-16,922439333.81324649,0,12692.147311455126,0.0024890806555996651,27787125.110422458,1.5758718469247325e-06,0,66.847238586485204,16.606719738975137,26546119.962952513,1241005.1474699453,27787125.110422458,50000000,0,27787125.110420845,0.00015774990949474872
10099.999999999975,73817.513459481299,91253.143421777189,922804465.59751701,219887860.68791574,2.1714490138955696e-16,922439720.94008744,0,12692.722452280745,0.0024889473852915964,27775180.261430215,1.5012949253333092e-06,0,66.71986199936326,16.638429991724909,26546119.963832591,1229060.2975976244,27775180.261430215,50000000,0,27775180.261428777,0.0001501625181021441
9999.9999999999873,73867.513459481299,91339.745962155619,922804465.59751701,219887860.68791574,2.1084739032133883e-16,922440069.85963798,0,12692.078674790811,0.0024889977440465576,27763513.454285219,1.4320020440024166e-06,0,66.729381052371394,16.62486639496661,26546119.971017394,1217393.4832678251,27763513.454285219,50000000,0,27763513.4542838,0.00014319507992761025
9899.9999999999873,73917.513459481299,91426.348502534063,922804465.59751701,219887860.68791574,2.047875757526844e-16,922440426.13499773,0,12692.994788237595,0.0024889083081733477,27752083.060869765,1.3629751250433223e-06,0,66.760223183137796,16.662112265650222,26546119.95642722,1205963.1044425443,27752083.060869765,50000000,0,27752083.060868386,0.00013647100641397074
9799.9999999999873,73967.513459481299,91512.951042912508,922804465.59751701,219887860.68791574,1.9899079463430364e-16,922440737.65791786,0,12691.610805808858,0.0024890681870265137,27740907.11259779,1.3006538347980824e-06,0,66.588298461145087,16.703243873603252,26546119.976597615,1194787.136000175,27740907.11259779,50000000,0,27740907.112596475,0.00013009871929769222
9699.9999999999854,74017.513459481299,91599.553583290952,922804465.59751701,219887860.68791574,1.934252638384074e-16,922441088.16148305,0,12693.167596046376,0.0024888407500648275,27729972.199231964,1.2440906185656593e-06,0,66.600422657737326,16.686205320148233,26546119.963814892,1183852.2354170717,27729972.199231964,50000000,0,27729972.199230693,0.00012446570703336941
9599.9999999999854,74067.513459481299,91686.156123669396,922804465.59751701,219887860.68791574,1.8809120004488298e-16,922441381.94159508,0,12691.921898091858,0.0024889671307898858,27719303.709020197,1.1916195104342846e-06,0,66.644980743241163,16.709946543041532,26546119.903892871,1173183.8051273264,27719303.709020197,50000000,0,27719303.70901902,0.00011918918673001578
9499.9999999999854,74117.513459481299,91772.75866404784,922804465.59751701,219887860.68791574,1.8295828345573117e-16,922441688.85082984,0,12692.658272901615,0.0024889203069299952,27708869.569028012,1.1379196131249027e-06,0,66.508915631445362,16.760689435766345,26546119.953225251,1162749.6158027612,27708869.569028012,50000000,0,27708869.569026798,0.00011382226251029003
9399.9999999999854,74167.513459481299,91859.361204426285,922804465.59751701,219887860.68791574,1.7805912492579271e-16,922441969.71750045,0,12692.164162111138,0.0024889835161216807,27698709.038688578,1.0875784505438074e-06,0,66.451095401782382,16.750241103406022,26546119.836873047,1152589.2018155307,27698709.038688578,50000000,0,27698709.038687527,0.00010882527104451468
9299.9999999999854,74217.513459481299,91945.963744804729,922804465.59751701,219887860.68791574,1.7333822800100423e-16,922442271.37154961,0,12692.748073495728,0.0024888216941506979,27688765.622602396,1.0436968831748177e-06,0,66.539501828901734,16.747025869017129,26546119.801115546,1142645.8214868493,27688765.622602396,50000000,0,27688765.622601375,0.00010437678966901847
9199.9999999999854,74267.513459481299,92032.566285183173,922804465.59751701,219887860.68791574,1.6881124641843509e-16,922442518.4084996,0,12692.285923623593,0.0024890087363304146,27679053.415242974,9.9793944712476653e-07,0,66.460564686649576,16.786042354574224,26546119.680151645,1132933.7350913286,27679053.415242974,50000000,0,27679053.415241923,9.98553832582287e-05
9099.9999999999854,74317.513459481299,92119.168825561617,922804465.59751701,219887860.68791574,1.6445100307070821e-16,922442789.69977605,0,12693.155515339669,0.002488945913165425,27669531.902772691,9.5632699109198696e-07,0,66.394070480556451,16.778166072670984,26546119.581271268,1123412.3215014227,27669531.902772691,50000000,0,27669531.902771812,9.5691773429276274e-05
8999.9999999999854,74367.513459481299,92205.771365940062,922804465.59751701,219887860.68791574,1.6026047889059562e-16,922443030.87916863,0,12693.961481443597,0.0024890486550976773,27660226.924982265,9.2059393658515709e-07,0,66.481124160121581,16.758859983025186,26546119.438360635,1114107.4866216294,27660226.924982265,50000000,0,27660226.924981266,9.1983216726153357e-05
8899.9999999999836,74417.513459481299,92292.373906318506,922804465.59751701,219887860.68791574,1.5620261260067611e-16,922443280.65276957,0,12698.852724194909,0.0024890376588688661,27651092.340456575,8.7927722205370205e-07,0,66.463539504265597,16.781107397129489,26546119.577052183,1104972.7634043917,27651092.340456575,50000000,0,27651092.340455703,8.8089343853087052e-05
8799.9999999999836,74467.513459481299,92378.97644669695,922804465.59751701,219887860.68791574,1.5230827343260528e-16,922443483.8581022,0,12701.108920794415,0.002489323369771135,27642170.689844918,8.4746270010166062e-07,0,66.397842228343706,16.773112276417862,26546119.844115164,1096050.8457297534,27642170.689844918,50000000,0,27642170.68984409,8.4689301612071054e-05
8699.9999999999836,74517.513459481299,92465.578987075394,922804465.59751701,219887860.68791574,1.4852694199786741e-16,922443744.07041943,0,12705.64922571575,0.0024891256840181833,27633402.623749856,8.14658677292311e-07,0,66.497834832693798,16.737086385907315,26546120.231766175,1087282.3919836804,27633402.623749856,50000000,0,27633402.623749085,8.1511369644588619e-05
8599.9999999999818,74567.513459481299,92552.181527453838,922804465.59751701,219887860.68791574,1.4485040901692775e-16,922443984.76429212,0,12696.947188112759,0.0024890406523686986,27624750.731997203,7.8411165214230975e-07,0,66.520219937731881,16.75058563202116,26546120.226126797,1078630.5058704056,27624750.731997203,50000000,0,27624750.731996346,7.8374062285027185e-05
8499.9999999999818,74617.513459481299,92638.784067832283,922804465.59751701,219887860.68791574,1.4127672110996829e-16,922444232.31697309,0,12692.896345446214,0.0024888657417296788,27616180.152513918,7.5100479160943428e-07,0,66.458371418232161,16.740635084152462,26546120.02143281,1070060.131081108,27616180.152513918,50000000,0,27616180.152513154,7.5133614976265401e-05
8399.9999999999818,74667.513459481299,92725.386608210727,922804465.59751701,219887860.68791574,1.3782478639956324e-16,922444445.46374059,0,12692.109871538842,0.0024889074142499966,27607759.517333947,7.2211897359748512e-07,0,66.575232361057772,16.69267403254117,26546119.906536736,1061639.6107972115,27607759.517333947,50000000,0,27607759.517333183,7.2243564911479987e-05
8299.9999999999818,74717.513459481299,92811.989148589171,922804465.59751701,219887860.68791574,1.3447288363957798e-16,922444681.54299629,0,12692.642910349346,0.0024887337973782502,27599462.534253091,6.9467775303763439e-07,0,66.644908900021235,16.692303096262719,26546119.977590229,1053342.5566628613,27599462.534253091,50000000,0,27599462.534252413,6.9543919348774688e-05
8199.9999999999818,74767.513459481299,92898.591688967615,922804465.59751701,219887860.68791574,1.3124064509013761e-16,922444874.66012967,0,12692.346646622404,0.0024888452026280319,27591324.701656327,6.7055379231881565e-07,0,66.578736622984493,16.686431923660745,26546119.943409611,1045204.7582467161,27591324.701656327,50000000,0,27591324.701655682,6.6974596947066932e-05
8099.9999999999809,74817.513459481299,92985.19422934606,922804465.59751701,219887860.68791574,1.281108373844407e-16,922445078.12761426,0,12692.451736479519,0.0024888375666874529,27583326.98859017,6.4328917397693768e-07,0,66.679593750204177,16.628718217433573,26546120.003613707,1037206.984976463,27583326.98859017,50000000,0,27583326.988589384,6.4399525479012711e-05
7999.9999999999809,74867.513459481299,93071.796769724504,922804465.59751701,219887860.68791574,1.250758743502846e-16,922445274.22746325,0,12692.068450416215,0.0024888482152622539,27575475.959861774,6.2037941546391645e-07,0,66.796320081459172,16.623508464778077,26546120.006457206,1029355.9534045681,27575475.959861774,50000000,0,27575475.959861252,6.2061983782933102e-05
7899.9999999999809,74917.513459481299,93158.399310102948,922804465.59751701,219887860.68791574,1.2213331574730437e-16,922445479.42523181,0,12692.999521192474,0.002488753229108747,27567755.436852723,5.970970201807643e-07,0,66.703251822419517,16.631465343010841,26546119.990180776,1021635.4466719478,27567755.436852723,50000000,0,27567755.436852101,5.9701206718210525e-05
7799.99999999998,74967.513459481299,93245.001850481392,922804465.59751701,219887860.68791574,1.1928878441435049e-16,922445646.95686519,0,12691.816236243592,0.0024889112157093669,27560190.774877947,5.7481473563336208e-07,0,66.774061237380877,16.573255636942516,26546120.02285254,1014070.7520254068,27560190.774877947,50000000,0,27560190.774877403,5.7520695521104298e-05
7699.99999999998,75017.513459481299,93331.604390859837,922804465.59751701,219887860.68791574,1.1652151077833772e-16,922445842.15890718,0,12692.776297383227,0.0024888240152403161,27552752.649456028,5.5555667322829357e-07,0,66.927418230623829,16.562057481583857,26546119.996437296,1006632.6530187316,27552752.649456028,50000000,0,27552752.649455465,5.5531520157957973e-05
7599.99999999998,75067.513459481299,93418.206931238281,922804465.59751701,219887860.68791574,1.138336728053789e-16,922446018.66888976,0,12692.257401508612,0.0024888505056583307,27545444.329912722,5.3272335217236274e-07,0,66.812802853236008,16.592568678086852,26546119.999012217,999324.33090050519,27545444.329912722,50000000,0,27545444.329912197,5.3292960835317347e-05
7499.9999999999791,75117.513459481299,93504.809471616725,922804465.59751701,219887860.68791574,1.1122947229838259e-16,922446200.57826591,0,12692.539054537601,0.0024888011638254468,27538271.421988122,5.1222081040713892e-07,0,66.821009071586928,16.543336794849385,26546119.996043574,992151.4259445481,27538271.421988122,50000000,0,27538271.421987597,5.1253967288162618e-05
7399.9999999999791,75167.513459481299,93591.412011995169,922804465.59751701,219887860.68791574,1.08695494755491e-16,922446358.12638342,0,12692.410898068603,0.0024889135810783171,27531230.584196702,4.9491871945085102e-07,0,66.996719392599587,16.523731232589284,26546119.988469206,985110.59572749585,27531230.584196702,50000000,0,27531230.584196214,4.9547002003120514e-05
7299.9999999999909,75217.513459481299,93678.014552373599,922804465.59751701,219887860.68791574,1.062265470509615e-16,922446539.56663072,0,12692.18048957784,0.0024888143626224856,27524301.123786326,4.7902195591393765e-07,0,66.901209279700112,16.576524668430206,26546120.004590284,978181.11919604242,27524301.123786326,50000000,0,27524301.123785824,4.7816223324202377e-05
7199.9999999999782,75267.513459481299,93764.617092752058,922804465.59751701,219887860.68791574,1.0383146582807056e-16,922446704.18202877,0,12692.719336957673,0.0024888153944997312,27517505.048032623,4.5794709395914129e-07,0,66.791394390001471,16.561791593989497,26546119.979819942,971385.06821268052,27517505.048032623,50000000,0,27517505.048032176,4.588869932279476e-05
7099.9999999999909,75317.513459481299,93851.219633130488,922804465.59751701,219887860.68791574,1.0149883173670567e-16,922446863.79136741,0,12692.303034812428,0.0024888306347091308,27510833.352968134,4.444721484213772e-07,0,66.959053399792751,16.534389175712583,26546120.022579014,964713.33038911968,27510833.352968134,50000000,0,27510833.35296772,4.4394365787407771e-05
6999.9999999999782,75367.513459481299,93937.822173508946,922804465.59751701,219887860.68791574,9.9223331782608652e-17,922447016.17318022,0,12692.221847493611,0.0024888800647966049,27504275.441628225,4.2629377235594025e-07,0,66.892475214558104,16.593128337406704,26546119.980421431,958155.46120679379,27504275.441628225,50000000,0,27504275.441627786,4.2650006992600116e-05
6899.99999999999,75417.513459481299,94024.424713887376,922804465.59751701,219887860.68791574,9.7012297345553918e-17,922447181.47763383,0,12692.687367437091,0.0024888008331809021,27497841.46524585,4.0890938546529682e-07,0,66.738653896186534,16.606882464716062,26546120.003253907,951721.46199194342,27497841.46524585,50000000,0,27497841.465245407,4.0935829601662689e-05
6799.99999999999,75467.513459481299,94111.02725426582,922804465.59751701,219887860.68791574,9.4857044989449396e-17,922447335.35697711,0,12692.282308247479,0.0024887888979588336,27491527.202328466,3.9575280851275267e-07,0,66.828197858664851,16.589381007277229,26546120.013545856,945407.18878261,27491527.202328466,50000000,0,27491527.202328138,3.9567807818299574e-05
6699.9999999999891,75517.513459481299,94197.629794644265,922804465.59751701,219887860.68791574,9.2753617239002503e-17,922447472.96462572,0,12692.322944119811,0.0024888827359034428,27485329.614761338,3.8154833637065577e-07,0,66.807162481593735,16.637302378233063,26546119.968356002,939209.64640533552,27485329.614761338,50000000,0,27485329.614760939,3.8131427492851893e-05
6599.9999999999891,75567.513459481299,94284.232335022709,922804465.59751701,219887860.68791574,9.0703836302961039e-17,922447629.10769808,0,12692.576976977232,0.0024888102422855208,27479241.358345147,3.65201733256165e-07,0,66.639717648302863,16.672695427178105,26546120.029050048,933121.32929509878,27479241.358345147,50000000,0,27479241.358344741,3.6562307174081913e-05
6499.9999999999891,75617.513459481299,94370.834875401153,922804465.59751701,219887860.68791574,8.870760663591697e-17,922447772.92951119,0,12692.192974087378,0.0024888105379188858,27473275.84891123,3.5251838952981166e-07,0,66.67151499357216,16.656101465901926,26546119.974989571,927155.87392165884,27473275.84891123,50000000,0,27473275.848910853,3.5190969357620757e-05
6399.9999999999882,75667.513459481299,94457.437415779597,922804465.59751701,219887860.68791574,8.6754992275550342e-17,922447918.73393071,0,12692.893392458984,0.0024887791978203083,27467416.908295784,3.3616131649887458e-07,0,66.689068888049832,16.693929310289946,26546120.001376446,921296.90691933781,27467416.908295784,50000000,0,27467416.908295441,3.3742499543916632e-05
6299.9999999999882,75717.513459481299,94544.039956158042,922804465.59751701,219887860.68791574,8.4854393861525086e-17,922448042.14568365,0,12691.737041746112,0.0024888997969149309,27461678.343004633,3.2662365968327404e-07,0,66.533908922958872,16.731094718969814,26546120.011825204,915558.33117942885,27461678.343004633,50000000,0,27461678.34300432,3.2556003157167173e-05
6199.9999999999882,75767.513459481299,94630.642496536486,922804465.59751701,219887860.68791574,8.2999268280921108e-17,922448201.77218235,0,12693.004404518662,0.0024887194190134085,27456051.050079796,3.1155170446321187e-07,0,66.541759620530414,16.717010246285156,26546120.013077088,909931.03700270876,27456051.050079796,50000000,0,27456051.050079484,3.1227380439929543e-05
6099.9999999999873,75817.513459481299,94717.24503691493,922804465.59751701,219887860.68791574,8.1192636443071143e-17,922448323.27556491,0,12692.122841241098,0.0024888151388702175,27450555.114490777,3.0097549444719782e-07,0,66.580301663240292,16.739428990429822,26546120.034137096,904435.080353681,27450555.114490777,50000000,0,27450555.114490494,3.0089346061344998e-05
5999.9999999999873,75867.513459481299,94803.847577293374,922804465.59751701,219887860.68791574,7.9428333049351131e-17,922448456.41184306,0,12692.438621068939,0.0024888044338090731,27445171.737505455,2.8926278278768322e-07,0,66.45705080114665,16.777314452033142,26546120.018397633,899051.71910782158,27445171.737505455,50000000,0,27445171.737505153,2.8837697143715252e-05
5899.9999999999864,75917.513459481299,94890.450117671819,922804465.59751701,219887860.68791574,7.7715792780328898e-17,922448580.45051396,0,12692.291382583215,0.0024888396115261527,27439929.576348163,2.7274852533983645e-07,0,66.438734040806125,16.761136261571636,26546120.027767446,893809.5485807173,27439929.576348163,50000000,0,27439929.576347869,2.7404992729581513e-05
5799.9999999999864,75967.513459481299,94977.052658050263,922804465.59751701,219887860.68791574,7.6042065308598661e-17,922448725.09188092,0,12692.709224526827,0.0024887000095369714,27434801.907362934,2.6435399481630703e-07,0,66.506786156648161,16.765529465385118,26546120.055773877,888681.85158905759,27434801.907362934,50000000,0,27434801.907362726,2.6403229500594836e-05
5699.9999999999864,76017.513459481299,95063.655198428707,922804465.59751701,219887860.68791574,7.4417027341157694e-17,922448828.76010513,0,12692.100147354735,0.0024888569621910623,27429818.008183379,2.535153875159571e-07,0,66.423951056649685,16.792607408987507,26546120.020462282,883697.98772109672,27429818.008183379,50000000,0,27429818.008183114,2.5372835082974458e-05
5599.9999999999854,76067.513459481299,95150.257738807151,922804465.59751701,219887860.68791574,7.2831288355452445e-17,922448962.11408401,0,12692.775137464294,0.0024887672398030379,27424949.339791033,2.4423286993101742e-07,0,66.406450817840039,16.770295935817789,26546120.073835123,878829.26595591009,27424949.339791033,50000000,0,27424949.33979075,2.4378912815300099e-05
5499.9999999999854,76117.513459481299,95236.860279185596,922804465.59751701,219887860.68791574,7.1290518860983609e-17,922449077.77496982,0,12691.923742021921,0.0024887933006773025,27420223.202208113,2.3273831245262036e-07,0,66.507925580261343,16.754612504478541,26546120.027421057,874103.1747870557,27420223.202208113,50000000,0,27420223.20220786,2.3280265404039661e-05
5399.9999999999854,76167.513459481299,95323.46281956404,922804465.59751701,219887860.68791574,6.9784887704712885e-17,922449209.80891645,0,12693.187298645154,0.0024886788565400336,27415611.892654814,2.2116092107635675e-07,0,66.459573451373402,16.778259224574342,26546120.09490123,869491.79775358364,27415611.892654814,50000000,0,27415611.892654613,2.2173052866955994e-05
5299.9999999999854,76217.513459481299,95410.065359942484,922804465.59751701,219887860.68791574,6.8324309399426419e-17,922449298.77425086,0,12691.512784900409,0.0024888782213103077,27411147.186406847,2.1309434430372295e-07,0,66.43024580258988,16.749921137784614,26546120.075878855,865027.11052799225,27411147.186406847,50000000,0,27411147.186406624,2.1222058705282088e-05
5199.9999999999845,76267.513459481299,95496.667900320928,922804465.59751701,219887860.68791574,6.6896085462109211e-17,922449437.61233604,0,12693.064199931794,0.0024886757106860531,27406797.468058646,2.003265413775622e-07,0,66.569102731074864,16.711170910505846,26546120.100802422,860677.36725622416,27406797.468058646,50000000,0,27406797.468058445,2.016663266549203e-05
5099.9999999999836,76317.513459481299,95583.270440699373,922804465.59751701,219887860.68791574,6.5507802304629838e-17,922449537.28362978,0,12692.017656225587,0.0024887590300051617,27402590.727557532,1.9518447320303033e-07,0,66.573159563448158,16.731785188652015,26546120.131068397,856470.59648913518,27402590.727557532,50000000,0,27402590.727557346,1.9417485361086155e-05
4999.9999999999836,76367.513459481299,95669.872981077817,922804465.59751701,219887860.68791574,6.4151761737701997e-17,922449652.42420709,0,12692.712594721426,0.0024887095265827127,27398501.705341496,1.8382660168553585e-07,0,66.499774233117421,16.713201891300354,26546120.115459297,852381.58988219872,27398501.705341496,50000000,0,27398501.705341328,1.8405471182593282e-05
4899.9999999999836,76417.513459481299,95756.475521456261,922804465.59751701,219887860.68791574,6.2834106459536275e-17,922449746.52173984,0,12692.068386452313,0.0024888039320861469,27394559.590667125,1.7442851547123981e-07,0,66.648511395120622,16.658470696286361,26546120.143372796,848439.44729432836,27394559.590667125,50000000,0,27394559.59066695,1.7466716804601093e-05
4799.9999999999836,76467.513459481299,95843.078061834705,922804465.59751701,219887860.68791574,6.1543614631349103e-17,922449875.97368062,0,12692.776135119086,0.0024886128103926881,27390726.552266806,1.6622082825630942e-07,0,66.707623414233552,16.659415769819237,26546120.153126035,844606.39914077148,27390726.552266806,50000000,0,27390726.552266609,1.6596923278715141e-05
4699.9999999999827,76517.513459481299,95929.68060221315,922804465.59751701,219887860.68791574,6.029074609732591e-17,922449963.91422474,0,12692.177360270754,0.00248872579267315,27387041.186835669,1.5624884967050222e-07,0,66.649613203015761,16.653834076824666,26546120.14910344,840921.03773222864,27387041.186835669,50000000,0,27387041.18683555,1.57077082805468e-05
4599.9999999999827,76567.513459481299,96016.283142591594,922804465.59751701,219887860.68791574,5.9065833737761762e-17,922450074.13327324,0,12692.674690367168,0.0024886543714183452,27383473.207489491,1.5159518147111625e-07,0,66.736619882403815,16.602041253385099,26546120.185363661,837353.02212582901,27383473.207489491,50000000,0,27383473.207489315,1.5018809868782804e-05
4499.9999999999818,76617.513459481299,96102.885682970038,922804465.59751701,219887860.68791574,5.7873738134175645e-17,922450171.71596479,0,12691.869296741834,0.0024886637913925087,27380048.676699266,1.3852016235441672e-07,0,66.845246721924738,16.596900483062136,26546120.159826826,833928.51687243953,27380048.676699266,50000000,0,27380048.676699139,1.4015143846177469e-05
4399.9999999999818,76667.513459481299,96189.488223348482,922804465.59751701,219887860.68791574,5.6709054822056595e-17,922450290.64897931,0,12693.158592578922,0.0024884958024437337,27376742.686922632,1.3490108971385817e-07,0,66.761005012901663,16.599731758188817,26546120.199364357,830622.48755827546,27376742.686922632,50000000,0,27376742.686922517,1.3406200641496178e-05
4299.9999999999818,76717.513459481299,96276.090763726927,922804465.59751701,219887860.68791574,5.5577747942427136e-17,922450366.67760813,0,12691.670935541764,0.0024886448525311814,27373592.179735698,1.2657210345179571e-07,0,66.841084632297807,16.555577363620056,26546120.134700831,827472.04503486678,27373592.179735698,50000000,0,27373592.179735571,1.2715360951671511e-05
4199.9999999999818,76767.513459481299,96362.693304105371,922804465.59751701,219887860.68791574,5.4471607259008818e-17,922450476.42744994,0,12692.913645880921,0.00248851983435082,27370569.942041442,1.2176092233752739e-07,0,66.928242161870486,16.560845269298852,26546120.178698514,824449.76334292814,27370569.942041442,50000000,0,27370569.942041282,1.2095079146108113e-05
4099.9999999999809,76817.513459481299,96449.295844483815,922804465.59751701,219887860.68791574,5.3396593349702055e-17,922450552.83446765,0,12692.243159603015,0.0024886372376106431,27367708.450877454,1.1173103601827128e-07,0,66.820288045858263,16.572258739215179,26546120.349656221,821588.10122123361,27367708.450877454,50000000,0,27367708.450877391,1.1231839702139288e-05
3999.9999999999804,76867.513459481299,96535.898384862259,922804465.59751701,219887860.68791574,5.2350632599312029e-17,922450626.50758457,0,12700.439163653333,0.0024887605912867986,27365005.441728648,1.055665328780754e-07,0,66.89029991479569,16.532002396079392,26546120.606132586,818884.83559606224,27365005.441728648,50000000,0,27365005.441728503,1.0561256578117787e-05
3899.9999999999804,76917.513459481299,96622.500925240704,922804465.59751701,219887860.68791574,5.1332324798856913e-17,922450650.71450961,0,12713.213930063213,0.002489253939560399,27362465.118579626,9.9700196948538274e-08,0,66.958116343584351,16.544918294904104,26546120.30586341,816344.81271621585,27362465.118579626,50000000,0,27362465.118579529,9.9569102963303382e-06
3799.99999999998,76967.513459481299,96709.103465619148,922804465.59751701,219887860.68791574,5.0334413870618838e-17,922450740.14694786,0,12711.420039522851,0.0024892321161355869,27360070.954511948,9.2834954377428355e-08,0,66.828286790417096,16.592354022358947,26546120.112979848,813950.84153209999,27360070.954511948,50000000,0,27360070.954511896,9.2890614944758089e-06
3699.9999999999923,77017.513459481299,96795.706005997577,922804465.59751701,219887860.68791574,4.9371482327493814e-17,922450825.42499804,0,12705.715684846076,0.0024892256907777673,27357865.452280164,8.6517496235427877e-08,0,66.782516446341759,16.564038222236,26546119.953803409,811745.49847675487,27357865.452280164,50000000,0,27357865.452280078,8.7111150828778063e-06
3599.9999999999791,77067.513459481299,96882.308546376036,922804465.59751701,219887860.68791574,4.8434172623373402e-17,922450928.88438988,0,12703.697583657899,0.0024890659337225645,27355809.767167687,8.4092328227625197e-08,0,66.953381509552926,16.560161298619771,26546119.740718376,809690.02644931152,27355809.767167687,50000000,0,27355809.767167598,8.2801654393244971e-06
3499.9999999999914,77117.513459481299,96968.911086754466,922804465.59751701,219887860.68791574,4.7522633428476941e-17,922451012.7257092,0,12699.495294325236,0.0024890456251151559,27353913.88778118,7.3478788581569636e-08,0,66.781704275941621,16.631683003796429,26546119.399774019,807794.48800716177,27353913.88778118,50000000,0,27353913.887781095,7.4683064985641195e-06
3399.9999999999914,77167.513459481299,97055.51362713291,922804465.59751701,219887860.68791574,4.6634800953100437e-17,922451127.25843358,0,12696.764258868632,0.0024887731481065922,27352173.028389145,7.026861017388208e-08,0,66.6786348989706,16.619960314747953,26546119.424327303,806053.60406184196,27352173.028389145,50000000,0,27352173.028389104,6.9993801365817899e-06
3299.9999999999909,77217.513459481299,97142.116167511354,922804465.59751701,219887860.68791574,4.577251557809971e-17,922451211.74315977,0,12693.629921962067,0.0024887208392688834,27350608.881621469,6.5697462212281549e-08,0,66.806576604113815,16.614962341042144,26546119.654701039,804489.22692042962,27350608.881621469,50000000,0,27350608.881621342,6.5699057344156071e-06
3199.9999999999905,77267.513459481299,97228.718707889799,922804465.59751701,219887860.68791574,4.4933480707469016e-17,922451288.7221868,0,12693.12009266735,0.0024887146401150143,27349216.051981859,6.0970446948903071e-08,0,66.716613925679098,16.680627565859481,26546119.870376796,803096.18160506338,27349216.051981859,50000000,0,27349216.051981851,6.1121823282495037e-06
3099.9999999999905,77317.513459481299,97315.321248268243,922804465.59751701,219887860.68791574,4.4118548988969775e-17,922451368.74910736,0,12692.232043401671,0.0024886704264775426,27347999.199316688,5.7124930939326055e-08,0,66.557041075823321,16.703712551705092,26546120.02059833,801879.17871835828,27347999.199316688,50000000,0,27347999.199316554,5.6695493577144307e-06
2999.99999999999,77367.513459481299,97401.923788646687,922804465.59751701,219887860.68791574,4.3326686787883032e-17,922451449.43429065,0,12692.403918574459,0.0024886081173354051,27346962.027258411,5.0914289983197581e-08,0,66.629950619421621,16.682098077351675,26546120.167851266,800841.85940714553,27346962.027258411,50000000,0,27346962.027258363,5.1342167772351127e-06
2899.9999999999895,77417.513459481299,97488.526329025131,922804465.59751701,219887860.68791574,4.2558230740610425e-17,922451515.36312652,0,12692.692852749427,0.0024886477828670937,27346111.668840539,4.7212390206152756e-08,0,66.627422835987971,16.726956480037664,26546120.290459752,799991.37838078663,27346111.668840539,50000000,0,27346111.66884052,4.6950423750705596e-06
2799.9999999999891,77467.513459481299,97575.128869403576,922804465.59751701,219887860.68791574,4.1812774470710356e-17,922451576.22625518,0,12691.948969984503,0.0024887140953547835,27345446.519771162,4.1851326121675906e-08,0,66.467007298994133,16.758062548200336,26546120.349879894,799326.16989126801,27345446.519771162,50000000,0,27345446.519771121,4.2281326195189297e-06
2699.9999999999891,77517.513459481299,97661.73140978202,922804465.59751701,219887860.68791574,4.1089959684314044e-17,922451657.9770757,0,12692.739424534768,0.0024886037732808211,27344974.545500569,3.91859513909358e-08,0,66.499369751797119,16.738843865362703,26546120.43776416,798854.10773640871,27344974.545500569,50000000,0,27344974.545500502,3.8609466759186231e-06
2599.9999999999886,77567.513459481299,97748.333950160464,922804465.59751701,219887860.68791574,4.0390470564991108e-17,922451717.86280215,0,12692.403773108153,0.002488650567160603,27344705.015077364,3.3082240857180033e-08,0,66.533308065179966,16.76032615141326,26546120.459474534,798584.5556028299,27344705.015077364,50000000,0,27344705.0150773,3.3441910023392848e-06
2499.9999999999882,77617.513459481299,97834.936490538908,922804465.59751701,219887860.68791574,3.9712672699871027e-17,922451775.35096776,0,12692.185559476586,0.002488704020323312,27344632.419766482,2.9068202697976401e-08,0,66.420228354459127,16.786877486795223,26546120.553784929,798511.86598155275,27344632.419766482,50000000,0,27344632.419766493,2.9586411012747629e-06
2399.9999999999882,77667.513459481299,97921.539030917353,922804465.59751701,219887860.68791574,3.9057724959245138e-17,922451839.19279563,0,12692.526245285746,0.0024886928921277413,27344770.39461562,2.8203892832835918e-08,0,66.436813334528196,16.764816382139539,26546120.584382504,798649.81023311615,27344770.39461562,50000000,0,27344770.39461555,2.778080720936107e-06
2299.9999999999877,77717.513459481299,98008.141571295797,922804465.59751701,219887860.68791574,3.8423271901906258e-17,922451910.72577024,0,12692.503463864414,0.002488610178825592,27345108.588760242,2.4834128245224224e-08,0,66.490078530860558,16.773513414610054,26546120.614632193,798987.97412804887,27345108.588760242,50000000,0,27345108.588760216,2.5060027205691176e-06
2199.9999999999873,77767.513459481299,98094.744111674241,922804465.59751701,219887860.68791574,3.7811390926948524e-17,922451953.76374042,0,12692.244404617803,0.0024887353253825691,27345665.940355655,2.2770810697416447e-08,0,66.411155464086377,16.788006128642706,26546120.700514063,799545.23984159157,27345665.940355655,50000000,0,27345665.940355662,2.280884392341055e-06
2099.9999999999873,77817.513459481299,98181.346652052685,922804465.59751701,219887860.68791574,3.7218766453124754e-17,922452017.5922159,0,12692.65003138027,0.0024886868978081411,27346427.112870343,2.0972887257261296e-08,0,66.437512279001339,16.753528164380675,26546120.741057083,800306.37181326002,27346427.112870343,50000000,0,27346427.11287035,2.0838390630281869e-06
1999.9999999999866,77867.513459481299,98267.94919243113,922804465.59751701,219887860.68791574,3.6647868957326115e-17,922452073.35302639,0,12691.994868601809,0.0024886863467092823,27347411.608623184,1.8394698464804294e-08,0,66.545167399652797,16.742924461635191,26546120.80419071,801290.80443247408,27347411.608623184,50000000,0,27347411.608623188,1.8028174120798716e-06
1899.9999999999864,77917.513459481299,98354.551732809574,922804465.59751701,219887860.68791574,3.6095620587370247e-17,922452137.03372419,0,12693.097723070154,0.0024886131933954912,27348605.380160689,1.358002101971019e-08,0,66.471982120024606,16.7627660511301,26546120.904106352,802484.47605433688,27348605.380160689,50000000,0,27348605.380160648,1.4435043338149566e-06
1799.9999999999859,77967.513459481299,98441.154273188018,922804465.59751701,219887860.68791574,3.5564594708563224e-17,922452166.94509566,0,12691.64234323908,0.0024887890519458074,27350034.320915475,1.3889853965763043e-08,0,66.481732372809972,16.717237446636705,26546121.022518046,803913.29839742929,27350034.320915475,50000000,0,27350034.320915468,1.3753355218846615e-06
1699.9999999999857,78017.513459481299,98527.756813566462,922804465.59751701,219887860.68791574,3.5051447134678067e-17,922452239.48443019,0,12692.914969011334,0.0024886206538137375,27351678.706250139,1.3415808277442389e-08,0,66.644935643090861,16.679587044506697,26546121.153047089,805557.55320305005,27351678.706250139,50000000,0,27351678.706250031,1.307347383237291e-06
1599.9999999999854,78067.513459481299,98614.359353944907,922804465.59751701,219887860.68791574,3.4559308485181892e-17,922452279.99492407,0,12692.200426101866,0.002488687277213862,27353565.12460136,1.0854688228145088e-08,0,66.624805139328458,16.704367061324994,26546121.257258676,807443.86734268442,27353565.12460136,50000000,0,27353565.124601353,1.0792653598515203e-06
1499.9999999999977,78117.513459481299,98700.961894323336,922804465.59751701,219887860.68791574,3.4084513316568682e-17,922452329.53077328,0,12692.568022626798,0.0024886731962004854,27355679.666438073,7.9203078680841158e-09,0,66.557301112637859,16.675950051693778,26546121.528640833,809558.13779724017,27355679.666438073,50000000,0,27355679.666438065,8.0629272528588875e-07
1399.9999999999973,78167.513459481299,98787.564434701781,922804465.59751701,219887860.68791574,3.3630757750947232e-17,922452363.94820237,0,12692.123527399428,0.0024887607819902382,27358052.412489757,5.8657955200522415e-09,0,66.737542413483709,16.618708889179974,26546121.704005167,811930.70848459005,27358052.412489757,50000000,0,27358052.412489735,6.4581873433548731e-07
1299.9999999999968,78217.513459481299,98874.166975080225,922804465.59751701,219887860.68791574,3.3193943758558113e-17,922452428.20477819,0,12692.798411140047,0.002488605011927522,27360653.632709712,7.3574487308444236e-09,0,66.774856183523482,16.629324414642081,26546122.05655754,814531.57615217194,27360653.632709712,50000000,0,27360653.632709716,6.3743955571935241e-07
1199.9999999999966,78267.513459481299,98960.769515458669,922804465.59751701,219887860.68791574,3.2777945858980471e-17,922452454.40224838,0,12692.115260113309,0.0024887302338590083,27363527.349690691,2.9264584342052424e-09,0,66.705603065656931,16.621448323646693,26546122.51075042,817404.83894027025,27363527.349690691,50000000,0,27363527.349690702,4.1615853446394522e-07
1099.9999999999964,78317.513459481299,99047.372055837113,922804465.59751701,219887860.68791574,3.2378774283314328e-17,922452501.00582397,0,12692.813103609631,0.0024886856389718885,27366648.553255241,5.9319715126224178e-09,0,66.807350633805868,16.569816251051776,26546123.069131128,820525.48412411287,27366648.553255241,50000000,0,27366648.55325526,4.6108063054788537e-07
999.99999999999602,78367.513459481299,99133.974596215558,922804465.59751701,219887860.68791574,3.200067258950881e-17,922452533.45101011,0,12691.741168642508,0.0024887343234577413,27370043.877050333,9.7402118855149078e-10,0,66.905076113226727,16.573778729807429,26546123.884159341,823919.99289099127,27370043.877050333,50000000,0,27370043.877050295,2.2053329221530289e-07
899.99999999999568,78417.513459481299,99220.577136594002,922804465.59751701,219887860.68791574,3.1638835933807294e-17,922452588.4254936,0,12693.205684561317,0.0024885967313927333,27373695.372015625,3.4436716827946868e-09,0,66.796335124299688,16.582189095383946,26546124.97750514,827570.39451048523,27373695.372015625,50000000,0,27373695.372015659,2.8775867601281989e-07
799.99999999999534,78467.513459481299,99307.179676972446,922804465.59751701,219887860.68791574,3.1298036226990456e-17,922452600.18303263,0,12691.648060878639,0.0024887796853813237,27377643.152330007,2.508162000467496e-09,0,66.876980813603311,16.544866105755823,26546126.414823189,831516.73750681803,27377643.152330007,50000000,0,27377643.15232997,2.3655546942840348e-07
699.999999999995,78517.513459481299,99393.78221735089,922804465.59751701,219887860.68791574,3.0974371971893168e-17,922452646.7423315,0,12692.894507437031,0.0024886790949874339,27381854.174599398,7.0798713899136722e-10,0,66.934906964571326,16.556791650337274,26546128.339502111,835725.83509728685,27381854.174599398,50000000,0,27381854.174599405,9.7979743993353669e-08
599.99999999999466,78567.513459481299,99480.384757729335,922804465.59751701,219887860.68791574,3.0671281288246428e-17,922452668.10947931,0,12692.098615046323,0.002488758090232772,27386364.911029954,5.4922997375453697e-10,0,66.832625457263376,16.571964673370879,26546130.847141054,840234.06388889998,27386364.911029954,50000000,0,27386364.911029924,6.7165071958902414e-08
499.99999999999437,78617.513459481299,99566.987298107779,922804465.59751701,219887860.68791574,3.0385053882067767e-17,922452711.28352356,0,12692.788533080438,0.0024886553086883073,27391159.070309669,1.1306200351592482e-09,0,66.8798859487122,16.548285952142692,26546133.333926789,845025.73638287932,27391159.070309669,50000000,0,27391159.070309721,9.1831126672561687e-08
399.99999999999403,78667.513459481299,99653.589838486223,922804465.59751701,219887860.68791574,3.0120916376226039e-17,922452712.94677997,0,12692.069651307016,0.0024888581636822952,27396276.712611437,4.2986735712314096e-10,0,66.879504177248847,16.538001583550866,26546138.055354908,850138.65725652874,27396276.712611437,50000000,0,27396276.712611441,4.6886912869938333e-08
299.99999999999369,78717.513459481299,99740.192378864667,922804465.59751701,219887860.68791574,2.9877008688925187e-17,922452757.66515005,0,12692.685582117711,0.002488710538940773,27401613.164374582,-3.4600703028575743e-11,0,66.35538474111533,16.343062084405403,26546139.437805712,855473.72656887025,27401613.164374582,50000000,0,27401613.164374597,-9.6719880965092598e-09
199.99999999999338,78767.513459481299,99826.794919243112,922804465.59751701,219887860.68791574,2.9665614773390686e-17,922452751.36276865,0,12692.154881366054,0.0024889325827836635,27407363.329705432,-8.8632057399917626e-10,0,64.345921158034599,15.331306781838997,26546162.779220838,861200.55048459396,27407363.329705432,50000000,0,27407363.329705425,-5.9282519049135744e-08
99.999999999993051,78817.513459481299,99913.397459621556,922804465.59751701,219887860.68791574,2.9485313664149462e-17,922452876.03456748,0,12692.942136177397,0.0024881204406227348,27412308.165853705,-1.0996608834921925e-10,0,56.357756555147361,11.660505496235038,26546003.765974097,866304.3998796083,27412308.165853705,50000000,0,27412308.165853705,2.5464864379447999e-08
-7.2759576141834259e-12,78867.513459481299,100000,922804465.59751701,219887860.68791574,2.9372465724203046e-17,922453025.12505102,0,12691.224796361214,0.0024870566883340908,27418771.258002646,3.8806858808653505e-09,0,59.811234854694298,0,26545782.331799433,872988.92620321363,27418771.258002646,50000000,0,27418771.258002609,2.3082635444013816e-07
