step,time,fault,node,x,y,V,prescribed,lower_active,mass_diagonal,mass_upper,weak_q,weak_sigma,weak_C,weak_R
10,922804465.59751701,0,0,21132.486540518701,0,1.0000000000000001e-09,1,0,59.801978995499709,11.653542613001276,1893470521.8436592,3567734635.8494263,0,-719882.34847668873
10,922804465.59751701,0,1,21182.466708623288,86.568190527976824,1.0000000000000001e-09,1,0,56.335080841968278,15.321634571724466,2207957275.1787953,4161633333.6911201,0,-1547279.1212117153
10,922804465.59751701,0,2,21232.446876727874,173.13638105595365,1.0000000000000001e-09,1,0,64.323175802638701,16.33363767744834,2543737449.3480439,4792987401.5613203,0,-967151.7802950507
10,922804465.59751701,0,3,21282.427044832461,259.70457158393043,1.0000000000000001e-09,1,0,66.332611914988007,16.527663519997564,2629158359.3192921,4953719781.9055634,0,-882670.5421979113
10,922804465.59751701,0,4,21332.407212937047,346.2727621119073,1.0000000000000001e-09,1,0,66.862654455469624,16.53761068498121,2648936565.4467835,4990094906.0067902,0,-416834.3234993323
10,922804465.59751701,0,5,21382.387381041633,432.84095263988411,1.0000000000000001e-09,1,0,66.859876727298612,16.564421000706488,2649617355.8520155,4992076014.5980463,0,-787858.93988397857
10,922804465.59751701,0,6,21432.36754914622,519.40914316786086,1.0000000000000001e-09,1,0,66.80364491777803,16.551389730869253,2648607841.6748161,4989733581.0513248,0,-553722.56583592028
10,922804465.59751701,0,7,21482.347717250803,605.97733369583773,1.0000000000000001e-09,1,0,66.905683432141075,16.540074823135196,2650729382.4968095,4993953256.1488237,0,-672501.97339445667
10,922804465.59751701,0,8,21532.327885355389,692.5455242238146,1.0000000000000001e-09,1,0,66.846183179307815,16.579436743448145,2650005006.5056777,4992153577.1490316,0,-441387.98562002496
10,922804465.59751701,0,9,21582.308053459976,779.11371475179146,1.0000000000000001e-09,1,0,66.759250215746363,16.578321265924121,2648441078.7035041,4990003575.9931545,0,-863831.91238307673
10,922804465.59751701,0,10,21632.288221564562,865.68190527976822,1.0000000000000001e-09,1,0,66.843891018814816,16.580660924617558,2650932118.7400703,4994082520.5743322,0,-538395.11528730171
10,922804465.59751701,0,11,21682.268389669149,952.25009580774508,1.0000000000000001e-09,1,0,66.74606551034681,16.63189582393246,2649846998.5202589,4992167077.4614305,0,-606563.5899020466
10,922804465.59751701,0,12,21732.248557773735,1038.8182863357217,1.0000000000000001e-09,1,0,66.646241422094562,16.642919397108372,2648816757.5909982,4990031128.417984,0,-502781.22572453978
10,922804465.59751701,0,13,21782.228725878322,1125.3864768636988,1.0000000000000001e-09,1,0,66.699812052444642,16.639199456499714,2650288596.6773572,4993373855.8110189,0,-805671.14751756028
10,922804465.59751701,0,14,21832.208893982908,1211.9546673916755,1.0000000000000001e-09,1,0,66.651087234393785,16.695072001636582,2650650529.0519514,4993324979.1688585,0,-417789.06647065585
10,922804465.59751701,0,15,21882.189062087495,1298.5228579196523,1.0000000000000001e-09,1,0,66.488972470785853,16.719689645795096,2648417942.5256953,4989501703.0455055,0,-620512.47657837579
10,922804465.59751701,0,16,21932.169230192081,1385.0910484476292,1.0000000000000001e-09,1,0,66.551971750345572,16.700160289866993,2650123395.7792931,4992706959.5853119,0,-616801.86934956431
10,922804465.59751701,0,17,21982.149398296668,1471.6592389756061,1.0000000000000001e-09,1,0,66.555750927777183,16.737576678972278,2650698993.0626464,4994041924.2478008,0,-749967.2916369728
10,922804465.59751701,0,18,22032.129566401254,1558.2274295035829,1.0000000000000001e-09,1,0,66.411275752518563,16.771144340644369,2649017352.3269606,4990186375.7185078,0,-384610.76647550298
10,922804465.59751701,0,19,22082.109734505841,1644.7956200315596,1.0000000000000001e-09,1,0,66.429401175831998,16.749062063821583,2649545281.9519105,4991877601.0102768,0,-754590.61235387018
10,922804465.59751701,0,20,22132.089902610427,1731.3638105595364,1.0000000000000001e-09,1,0,66.482947205290714,16.763426436155346,2650800732.2469263,4994015572.7362566,0,-634237.49837137084
10,922804465.59751701,0,21,22182.070070715014,1817.9320010875133,1.0000000000000001e-09,1,0,66.38167722576037,16.786351837924716,2649224760.6226163,4991000281.396534,0,-609323.26524851203
10,922804465.59751701,0,22,22232.050238819596,1904.5001916154902,1.0000000000000001e-09,1,0,66.3945479872215,16.758657197073266,2649467557.4786777,4991272986.1073656,0,-511311.46166670078
10,922804465.59751701,0,23,22282.030406924183,1991.0683821434668,1.0000000000000001e-09,1,0,66.485972865522655,16.750493296580359,2650693895.8543639,4994217560.1050262,0,-848313.51906617731
10,922804465.59751701,0,24,22332.010575028769,2077.6365726714434,1.0000000000000001e-09,1,0,66.419611745369167,16.768333559133879,2649297330.1392846,4991269134.4638681,0,-679493.87706128624
10,922804465.59751701,0,25,22381.990743133356,2164.2047631994205,1.0000000000000001e-09,1,0,66.432361681504062,16.727958643103808,2649094040.7996621,4990899767.809639,0,-686678.16865807667
10,922804465.59751701,0,26,22431.970911237942,2250.7729537273976,1.0000000000000001e-09,1,0,66.570120325204044,16.698746561973959,2650695705.6586185,4994220496.5749788,0,-848062.75263318035
10,922804465.59751701,0,27,22481.951079342529,2337.3411442553743,1.0000000000000001e-09,1,0,66.544398404300168,16.715240125035322,2649516707.5050735,4992340119.6572161,0,-1028726.5911439549
10,922804465.59751701,0,28,22531.931247447115,2423.9093347833509,1.0000000000000001e-09,1,0,66.514727365218064,16.681027820121706,2648431733.0289521,4989883271.5924444,0,-809305.28007483901
10,922804465.59751701,0,29,22581.911415551702,2510.4775253113276,1.0000000000000001e-09,1,0,66.68238955996739,16.634730646565281,2650573025.4595923,4994208514.1490116,0,-964381.21274624416
10,922804465.59751701,0,30,22631.891583656288,2597.0457158393046,1.0000000000000001e-09,1,0,66.685820324489185,16.644459262900074,2649497372.9990582,4992416162.8423042,0,-1088434.13110781
10,922804465.59751701,0,31,22681.871751760875,2683.6139063672817,1.0000000000000001e-09,1,0,66.659881223405009,16.618318569967332,2648453821.9008551,4990119804.0321436,0,-912796.78995416639
10,922804465.59751701,0,32,22731.851919865461,2770.1820968952584,1.0000000000000001e-09,1,0,66.78174769420599,16.574667155561826,2650074329.776648,4992561336.5792837,0,-588553.34927419422
10,922804465.59751701,0,33,22781.832087970048,2856.750287423235,1.0000000000000001e-09,1,0,66.823203429055042,16.579136604896135,2650338822.966011,4992384484.331912,0,-230165.33194882298
10,922804465.59751701,0,34,22831.812256074634,2943.3184779512121,1.0000000000000001e-09,1,0,66.748742212528825,16.571459518318292,2648890232.284936,4988321556.7616529,0,478343.43577205006
10,922804465.59751701,0,35,22881.792424179221,3029.8866684791888,1.0000000000000001e-09,1,0,66.871013576917335,16.530128285140407,2652070313.915184,4991793247.0177088,0,1815226.7789797145
10,922804465.59751701,0,36,22931.772592283804,3116.4548590071659,1.0000000000000001e-09,1,0,66.903046787967824,16.562802453618438,2653755032.3206687,4993157634.9759712,0,2775560.9906124151
10,922804465.59751701,0,37,22981.75276038839,3203.0230495351425,1.0000000000000001e-09,1,0,66.762996030354614,16.561235325842205,2651900092.3188596,4988007590.6310787,0,3654895.1361394958
10,922804465.59751701,0,38,23031.732928492976,3289.5912400631191,1.0000000000000001e-09,1,0,66.89077629153654,16.525460275793705,2655104320.9744287,4993628732.2255392,0,3874733.539843495
10,922804465.59751701,0,39,23081.713096597563,3376.1594305910958,1.0000000000000001e-09,1,0,66.892499844155125,16.565656903673332,2655111779.8251171,4994958379.7173166,0,3176252.6902406989
10,922804465.59751701,0,40,23131.693264702149,3462.7276211190729,1.0000000000000001e-09,1,0,66.744848201783199,16.596655577175188,2650981216.5191002,4992065472.4450712,0,581598.79311351734
10,922804465.59751701,0,41,23181.673432806736,3549.29581164705,1.0000000000000001e-09,1,0,66.789001809956574,16.570229637701726,2650460652.768332,4994244987.6405926,0,-1096118.4992180832
10,922804465.59751701,0,42,23231.653600911322,3635.8640021750266,1.0000000000000001e-09,1,0,66.839122922768638,16.609392622998449,2651252745.9940753,4997265948.4225645,0,-1907921.1650564764
10,922804465.59751701,0,43,23281.633769015909,3722.4321927030028,1.0000000000000001e-09,1,0,66.638484107028447,16.663257377493132,2648323608.780652,4991294598.7463436,0,-1666734.7947348736
10,922804465.59751701,0,44,23331.613937120495,3809.0003832309803,1.0000000000000001e-09,1,0,66.63092188836427,16.643677140747851,2648727006.4785223,4992550488.2976103,0,-1930117.0509724445
10,922804465.59751701,0,45,23381.594105225082,3895.568573758957,1.0000000000000001e-09,1,0,66.705562366702736,16.664040603009074,2651035045.3971686,4995893937.1399784,0,-1397190.1741875485
10,922804465.59751701,0,46,23431.574273329668,3982.1367642869336,1.0000000000000001e-09,1,0,66.550868359536224,16.728488656642849,2649435906.0760765,4992495718.3142347,0,-1192138.8398359565
10,922804465.59751701,0,47,23481.554441434255,4068.7049548149103,1.0000000000000001e-09,1,0,66.459210408906657,16.723922038815974,2648717524.4726472,4990563055.8321896,0,-884426.54852160811
10,922804465.59751701,0,48,23531.534609538841,4155.2731453428869,1.0000000000000001e-09,1,0,66.557700510767617,16.719209374462949,2651020384.7946033,4995245963.7754278,0,-1067827.172262182
10,922804465.59751701,0,49,23581.514777643424,4241.841335870864,1.0000000000000001e-09,1,0,66.476673042986434,16.766413288265188,2650387073.55375,4993039001.0085049,0,-529412.33981986169
10,922804465.59751701,0,50,23631.494945748011,4328.4095263988411,1.0000000000000001e-09,1,0,66.381747671433644,16.770363547462662,2649244116.3440762,4991109144.655508,0,-647765.49159514555
10,922804465.59751701,0,51,23681.475113852597,4414.9777169268182,1.0000000000000001e-09,1,0,66.455541306002317,16.75164285258429,2650795036.8095212,4993818627.7087669,0,-535370.39973645203
10,922804465.59751701,0,52,23731.455281957184,4501.5459074547953,1.0000000000000001e-09,1,0,66.44490810674705,16.776501257562337,2650672785.4755573,4993874281.1068306,0,-687169.37197428336
10,922804465.59751701,0,53,23781.43545006177,4588.1140979827715,1.0000000000000001e-09,1,0,66.371303254102159,16.771853253269917,2649606392.6320639,4990974366.4102421,0,-213932.40780263708
10,922804465.59751701,0,54,23831.415618166357,4674.6822885107485,1.0000000000000001e-09,1,0,66.463070599523988,16.741900457884796,2650894911.16541,4994112912.2512293,0,-591738.31330339913
10,922804465.59751701,0,55,23881.395786270943,4761.2504790387247,1.0000000000000001e-09,1,0,66.475450547831898,16.758221557803203,2650943622.7718287,4993822447.681901,0,-388812.54690613662
10,922804465.59751701,0,56,23931.37595437553,4847.8186695667018,1.0000000000000001e-09,1,0,66.410498296669005,16.744540177314661,2649419658.040792,4990977740.5113611,0,-402458.3850724994
10,922804465.59751701,0,57,23981.356122480116,4934.3868600946789,1.0000000000000001e-09,1,0,66.531590407118728,16.696190589490232,2651109655.108459,4993724518.7781391,0,-170787.55701734638
10,922804465.59751701,0,58,24031.336290584703,5020.9550506226551,1.0000000000000001e-09,1,0,66.595200036987023,16.699401397028598,2651356233.1723223,4994922819.0380707,0,-560413.99973217444
10,922804465.59751701,0,59,24081.316458689289,5107.5232411506331,1.0000000000000001e-09,1,0,66.521620230667693,16.69213655914821,2649476781.0311007,4990830996.9100695,0,-267425.9228512579
10,922804465.59751701,0,60,24131.296626793875,5194.0914316786093,1.0000000000000001e-09,1,0,66.634420445114472,16.629125704479659,2650693084.6060648,4993222245.6310415,0,-320689.97091356607
10,922804465.59751701,0,61,24181.276794898462,5280.6596222065864,1.0000000000000001e-09,1,0,66.761723688080764,16.622121722758525,2652133044.7774873,4995917138.9360638,0,-311509.14822654397
10,922804465.59751701,0,62,24231.256963003048,5367.2278127345635,1.0000000000000001e-09,1,0,66.663960784070767,16.632298648490512,2649477332.6875019,4991389904.0472755,0,-563610.61152798729
10,922804465.59751701,0,63,24281.237131107635,5453.7960032625397,1.0000000000000001e-09,1,0,66.729000980693854,16.568960703884873,2650104050.2181864,4991846608.3335638,0,-179367.63822389682
10,922804465.59751701,0,64,24331.217299212218,5540.3641937905168,1.0000000000000001e-09,1,0,66.909516591840969,16.553833235245115,2652715467.2671585,4997153454.7670794,0,-385474.48517297179
10,922804465.59751701,0,65,24381.197467316804,5626.932384318493,1.0000000000000001e-09,1,0,66.784176037625684,16.586498229377533,2649816335.7689872,4991622706.4703903,0,-348207.56226401281
10,922804465.59751701,0,66,24431.177635421391,5713.50057484647,1.0000000000000001e-09,1,0,66.794050604376281,16.53718833073501,2649615391.7656837,4991451628.5202723,0,-458322.44159538281
10,922804465.59751701,0,67,24481.157803525977,5800.0687653744471,1.0000000000000001e-09,1,0,66.969959696928029,16.518653286705824,2652728904.1615543,4996778725.1635532,0,-173085.23259944265
10,922804465.59751701,0,68,24531.137971630564,5886.6369559024242,1.0000000000000001e-09,1,0,66.869379457942799,16.571072378281922,2650744463.501514,4993569029.7497797,0,-453426.54845982371
10,922804465.59751701,0,69,24581.11813973515,5973.2051464304013,1.0000000000000001e-09,1,0,66.766224717157073,16.553504778631336,2648898880.4628587,4990098858.4398212,0,-456617.74266769004
10,922804465.59751701,0,70,24631.098307839737,6059.7733369583775,1.0000000000000001e-09,1,0,66.938622831462027,16.53259586008495,2652538086.4663548,4996899777.4690924,0,-428172.31408838852
10,922804465.59751701,0,71,24681.078475944323,6146.3415274863537,1.0000000000000001e-09,1,0,66.840804732931772,16.596280278348488,2651204613.5113673,4994150703.6032028,0,-302100.24438001233
10,922804465.59751701,0,72,24731.05864404891,6232.9097180143317,1.0000000000000001e-09,1,0,66.697521808464245,16.60513342258751,2649094716.6483197,4990632027.0087185,0,-543852.71861451294
10,922804465.59751701,0,73,24781.038812153496,6319.4779085423079,1.0000000000000001e-09,1,0,66.795947197206502,16.589344035296836,2651542577.151022,4995267748.9066696,0,-557201.03098680184
10,922804465.59751701,0,74,24831.018980258083,6406.046099070285,1.0000000000000001e-09,1,0,66.759901938697496,16.645283586797966,2651837431.7432208,4995476253.2047558,0,-373046.05100210215
10,922804465.59751701,0,75,24880.999148362669,6492.6142895982621,1.0000000000000001e-09,1,0,66.575297109934212,16.681140814848924,2649255184.1565127,4990903674.897109,0,-527609.17212525336
10,922804465.59751701,0,76,24930.979316467256,6579.1824801262383,1.0000000000000001e-09,1,0,66.622881444338333,16.662316036681332,2650839625.2110224,4994121634.8223782,0,-651655.27646085341
10,922804465.59751701,0,77,24980.959484571838,6665.7506706542154,1.0000000000000001e-09,1,0,66.633246680178956,16.705051251531014,2651802569.9927435,4995976878.6420126,0,-673701.08378829469
10,922804465.59751701,0,78,25030.939652676425,6752.3188611821915,1.0000000000000001e-09,1,0,66.467683369022637,16.742448322354416,2649634195.0130501,4991656387.0113716,0,-548230.07339646923
10,922804465.59751701,0,79,25080.919820781011,6838.8870517101686,1.0000000000000001e-09,1,0,66.484999547062941,16.726061242405144,2650327953.0915661,4993757634.8496094,0,-970071.6395314869
10,922804465.59751701,0,80,25130.899988885598,6925.4552422381457,1.0000000000000001e-09,1,0,66.520892707091448,16.747258064437627,2651450753.5712633,4995754663.4238253,0,-907538.45779552055
10,922804465.59751701,0,81,25180.880156990184,7012.0234327661228,1.0000000000000001e-09,1,0,66.405508251372979,16.778478107256962,2649868982.1982136,4992863284.2387838,0,-954211.71781810059
10,922804465.59751701,0,82,25230.860325094771,7098.5916232940999,1.0000000000000001e-09,1,0,66.406629761270352,16.759341954170537,2650152448.0458612,4993491025.0992956,0,-1004027.584107811
10,922804465.59751701,0,83,25280.840493199357,7185.1598138220761,1.0000000000000001e-09,1,0,66.464616152183368,16.765505125955162,2651214253.4202375,4996088469.0392027,0,-1321263.5030074792
10,922804465.59751701,0,84,25330.820661303944,7271.7280043500532,1.0000000000000001e-09,1,0,66.387508359394431,16.782139761655799,2650215992.3779516,4993330138.2694502,0,-855064.82254760456
10,922804465.59751701,0,85,25380.80082940853,7358.2961948780303,1.0000000000000001e-09,1,0,66.402787047526886,16.746296256591592,2650624826.9695826,4993456517.0105152,0,-513327.54138222471
10,922804465.59751701,0,86,25430.780997513117,7444.8643854060056,1.0000000000000001e-09,1,0,66.510487256968645,16.735536946694168,2653137187.4086423,4996241937.6511707,0,520190.55434628663
10,922804465.59751701,0,87,25480.761165617703,7531.4325759339827,1.0000000000000001e-09,1,0,66.436298379985672,16.755977199536119,2652238068.7128863,4992900125.185009,0,1395315.1115418402
10,922804465.59751701,0,88,25530.74133372229,7618.0007664619607,1.0000000000000001e-09,1,0,66.451086955683891,16.706835797991342,2652137596.8603668,4991570554.5749016,0,2000742.1411407553
10,922804465.59751701,0,89,25580.721501826876,7704.5689569899378,1.0000000000000001e-09,1,0,66.623472194737275,16.669588585789942,2653442622.7632937,4995854168.3448305,0,1031501.3380379135
10,922804465.59751701,0,90,25630.701669931463,7791.1371475179139,1.0000000000000001e-09,1,0,66.600155115629278,16.692301236156151,2651602715.7170806,4993637883.7468872,0,368269.53445604618
10,922804465.59751701,0,91,25680.681838036049,7877.705338045891,1.0000000000000001e-09,1,0,66.542689924197163,16.659523391511296,2649308556.2001276,4990582781.6981821,0,-303867.72600521089
10,922804465.59751701,0,92,25730.662006140632,7964.2735285738672,1.0000000000000001e-09,1,0,66.734372828543428,16.59818276172642,2651717217.0145006,4995344888.5335798,0,-423516.32701184467
10,922804465.59751701,0,93,25780.642174245218,8050.8417191018452,1.0000000000000001e-09,1,0,66.780495429886216,16.612971161347605,2651324260.1471066,4995737795.4007998,0,-1025076.2698723093
10,922804465.59751701,0,94,25830.622342349805,8137.4099096298205,1.0000000000000001e-09,1,0,66.685695452074242,16.605824856791251,2649141866.9864731,4991229581.3015375,0,-813957.36797848309
10,922804465.59751701,0,95,25880.602510454391,8223.9781001577976,1.0000000000000001e-09,1,0,66.810993783530805,16.545519057921034,2650789706.6344824,4994533019.2130308,0,-919987.06041558203
10,922804465.59751701,0,96,25930.582678558978,8310.5462906857738,1.0000000000000001e-09,1,0,66.917434176284871,16.556037356321948,2652293189.6667767,4997186548.714695,0,-825322.40514534083
10,922804465.59751701,0,97,25980.562846663564,8397.1144812137518,1.0000000000000001e-09,1,0,66.776436269246858,16.571187965478739,2649081836.2074981,4991739365.8115988,0,-1144644.1865835825
10,922804465.59751701,0,98,26030.543014768151,8483.682671741728,1.0000000000000001e-09,1,0,66.859980596459692,16.531349402128349,2650936464.7379622,4994507288.2369576,0,-759567.80414962652
10,922804465.59751701,0,99,26080.523182872737,8570.250862269706,1.0000000000000001e-09,1,0,66.926331284809478,16.543266797404495,2651994119.9535322,4996733943.3351316,0,-884093.76256800536
10,922804465.59751701,0,100,26130.503350977324,8656.8190527976822,1.0000000000000001e-09,1,0,66.817423477828427,16.572069359335014,2650146412.5686145,4993105158.7231007,0,-805197.94055307342
10,922804465.59751701,0,101,26180.48351908191,8743.3872433256583,1.0000000000000001e-09,1,0,66.81708724605673,16.556685407048676,2650429968.2466826,4994040816.4686451,0,-1018403.9625646347
10,922804465.59751701,0,102,26230.463687186497,8829.9554338536364,1.0000000000000001e-09,1,0,66.865545895472309,16.57736538100211,2652123416.6868992,4996555610.9588461,0,-660116.36756189982
10,922804465.59751701,0,103,26280.443855291083,8916.5236243816125,1.0000000000000001e-09,1,0,66.741278945908562,16.618395384744215,2650334263.8271241,4993660585.7269621,0,-912235.34619786381
10,922804465.59751701,0,104,26330.42402339567,9003.0918149095905,1.0000000000000001e-09,1,0,66.706509427152426,16.60876108419599,2650189857.9127383,4993326856.4381905,0,-879456.88986869215
10,922804465.59751701,0,105,26380.404191500253,9089.6600054375649,1.0000000000000001e-09,1,0,66.770151890400129,16.632498418533597,2652279348.9243369,4997449483.7607527,0,-978761.26565782772
10,922804465.59751701,0,106,26430.384359604843,9176.2281959655429,1.0000000000000001e-09,1,0,66.612116857252175,16.684086686877855,2650307691.6848764,4993180207.8260593,0,-683764.07767686003
10,922804465.59751701,0,107,26480.364527709426,9262.7963864935209,1.0000000000000001e-09,1,0,66.576267994537005,16.676627755978345,2650254544.2029095,4993757084.0091772,0,-1043188.0745634341
10,922804465.59751701,0,108,26530.344695814012,9349.3645770214971,1.0000000000000001e-09,1,0,66.628814674407053,16.692632473389182,2651944545.1520338,4996729164.0372066,0,-931131.12750765355
10,922804465.59751701,0,109,26580.324863918599,9435.9327675494733,1.0000000000000001e-09,1,0,66.516566779097545,16.744725240975946,2650923455.8272748,4994657665.2541895,0,-852415.24878669612
10,922804465.59751701,0,110,26630.305032023185,9522.5009580774495,1.0000000000000001e-09,1,0,66.426046641694825,16.746657152795994,2649930247.562551,4992758795.8694563,0,-837471.13267029449
10,922804465.59751701,0,111,26680.285200127772,9609.0691486054275,1.0000000000000001e-09,1,0,66.506365845342501,16.736519370603613,2651651854.2630734,4996488157.2493725,0,-1095866.1028379465
10,922804465.59751701,0,112,26730.265368232358,9695.6373391334037,1.0000000000000001e-09,1,0,66.454231739329515,16.775356419688908,2651165727.0344934,4995287856.83002,0,-944726.89527238766
10,922804465.59751701,0,113,26780.245536336944,9782.2055296613817,1.0000000000000001e-09,1,0,66.368803321686102,16.773756918746585,2649966484.6320953,4992950361.9808683,0,-902940.81179786799
10,922804465.59751701,0,114,26830.225704441531,9868.7737201893578,1.0000000000000001e-09,1,0,66.453363647922103,16.751432084140884,2651368389.0634723,4995990775.2466612,0,-1115260.0323054038
10,922804465.59751701,0,115,26880.205872546117,9955.3419107173358,1.0000000000000001e-09,1,0,66.448477466657494,16.774164060066937,2651229240.2510448,4995800568.9964457,0,-1153424.0768759763
10,922804465.59751701,0,116,26930.186040650704,10041.91010124531,1.0000000000000001e-09,1,0,66.372695226886421,16.768970479861402,2649870786.5090594,4992930319.9366646,0,-987998.16366911842
10,922804465.59751701,0,117,26980.16620875529,10128.478291773286,1.0000000000000001e-09,1,0,66.475507090660159,16.725928271954551,2651213141.188488,4995653918.1352081,0,-1091662.905281967
10,922804465.59751701,0,118,27030.146376859877,10215.046482301266,1.0000000000000001e-09,1,0,66.527300209222645,16.73866396156091,2651616740.5952601,4996800627.7837391,0,-1296877.3914452661
10,922804465.59751701,0,119,27080.12654496446,10301.614672829241,1.0000000000000001e-09,1,0,66.437640586888804,16.734790281134778,2649628251.5071769,4992693784.9654074,0,-1104951.439737553
10,922804465.59751701,0,120,27130.106713069046,10388.182863357219,1.0000000000000001e-09,1,0,66.544417013105189,16.677291890412548,2650838544.4821281,4995072650.2487431,0,-1157651.4428093771
10,922804465.59751701,0,121,27180.086881173633,10474.751053885195,1.0000000000000001e-09,1,0,66.661121005124201,16.661697515143466,2651822986.5198693,4997156179.2662182,0,-1279401.7300670415
10,922804465.59751701,0,122,27230.067049278223,10561.319244413173,1.0000000000000001e-09,1,0,66.601021263540076,16.671087404433603,2649967857.7004485,4993931386.5788898,0,-1422415.7238764735
10,922804465.59751701,0,123,27280.047217382806,10647.887434941149,1.0000000000000001e-09,1,0,66.635924080751508,16.61829124359102,2649986896.7544894,4993352725.8613529,0,-1096152.7055359527
10,922804465.59751701,0,124,27330.027385487392,10734.455625469127,1.0000000000000001e-09,1,0,66.801207253052112,16.593316732148608,2652078042.556191,4997841047.9001951,0,-1387957.8249697043
10,922804465.59751701,0,125,27380.007553591979,10821.023815997103,1.0000000000000001e-09,1,0,66.737496337595488,16.605056572968042,2650082648.3468795,4993740404.9619465,0,-1206228.6500158941
10,922804465.59751701,0,126,27429.987721696565,10907.592006525079,1.0000000000000001e-09,1,0,66.764035100495107,16.568342644583034,2650414964.7744241,4993974283.9028025,0,-998083.80210462864
10,922804465.59751701,0,127,27479.967889801152,10994.160197053056,1.0000000000000001e-09,1,0,66.874015028342598,16.547505481441977,2652504692.6257849,4996414369.696907,0,-203852.27219573213
10,922804465.59751701,0,128,27529.948057905738,11080.728387581034,1.0000000000000001e-09,1,0,66.824640712616343,16.564640573589742,2651543048.8875093,4994085994.3911371,0,70690.70513355927
10,922804465.59751701,0,129,27579.928226010325,11167.296578109012,1.0000000000000001e-09,1,0,66.826269892044294,16.540734408509248,2652077497.6760616,4993863712.2936172,0,723154.04889656953
10,922804465.59751701,0,130,27629.908394114911,11253.864768636986,1.0000000000000001e-09,1,0,66.918747315294965,16.536582501181893,2653705540.0827065,4997713116.1928425,0,307461.51676641754
10,922804465.59751701,0,131,27679.888562219498,11340.432959164964,1.0000000000000001e-09,1,0,66.84409067965143,16.574231266229393,2651783805.2522578,4995689636.052309,0,-539962.28539699968
10,922804465.59751701,0,132,27729.868730324084,11427.00114969294,1.0000000000000001e-09,1,0,66.774879414591098,16.563379780133147,2649694974.9869246,4993875509.9692688,0,-1665632.2909777055
10,922804465.59751701,0,133,27779.848898428671,11513.569340220918,1.0000000000000001e-09,1,0,66.887611328293247,16.561657310597983,2652220469.0181708,4998617970.0186081,0,-1658016.755382969
10,922804465.59751701,0,134,27829.829066533253,11600.137530748894,1.0000000000000001e-09,1,0,66.775627996617956,16.617654418571416,2650630543.3418517,4995938229.2607059,0,-1825207.9103627931
10,922804465.59751701,0,135,27879.80923463784,11686.70572127687,1.0000000000000001e-09,1,0,66.674314695118923,16.62401135014229,2649505377.270381,4993634456.985076,0,-1727249.5672599818
10,922804465.59751701,0,136,27929.789402742426,11773.273911804848,1.0000000000000001e-09,1,0,66.746888780798812,16.617320962123429,2651301838.9878097,4997490148.7274694,0,-1977861.1457257844
10,922804465.59751701,0,137,27979.769570847013,11859.842102332825,1.0000000000000001e-09,1,0,66.692517503630924,16.677892561683048,2651596536.2876205,4997173884.7338724,0,-1515252.1924727201
10,922804465.59751701,0,138,28029.749738951599,11946.410292860803,1.0000000000000001e-09,1,0,66.51543674614976,16.705182022633444,2649155466.8909869,4992955405.3514271,0,-1716636.191457188
10,922804465.59751701,0,139,28079.729907056186,12032.978483388779,1.0000000000000001e-09,1,0,66.586156943286639,16.682534890108681,2651092630.1157322,4996478131.5613031,0,-1649767.3872595259
10,922804465.59751701,0,140,28129.710075160772,12119.546673916755,1.0000000000000001e-09,1,0,66.59231136822207,16.723294042272808,2651755878.8997765,4997967629.0787449,0,-1777326.2704035982
10,922804465.59751701,0,141,28179.690243265359,12206.114864444731,1.0000000000000001e-09,1,0,66.432847118737783,16.763336870470233,2649950296.6211233,4993807011.7468863,0,-1373943.4129579714
10,922804465.59751701,0,142,28229.670411369945,12292.683054972707,1.0000000000000001e-09,1,0,66.43904197598988,16.742303922111489,2650336869.9557142,4995321471.8973188,0,-1791430.967748889
10,922804465.59751701,0,143,28279.650579474532,12379.251245500685,1.0000000000000001e-09,1,0,66.498941943068942,16.75629874877189,2651829563.7944217,4997768138.6978397,0,-1597727.4545231021
10,922804465.59751701,0,144,28329.630747579118,12465.819436028663,1.0000000000000001e-09,1,0,66.391975567974853,16.785096305524199,2650245319.9748721,4994798954.6857376,0,-1605564.8318580603
10,922804465.59751701,0,145,28379.610915683705,12552.38762655664,1.0000000000000001e-09,1,0,66.389282085444634,16.763436108706088,2650413175.7598448,4994839233.4959145,0,-1459093.9713752004
10,922804465.59751701,0,146,28429.591083788291,12638.955817084616,1.0000000000000001e-09,1,0,66.470796722857102,16.757314897792256,2651602373.2532301,4997768187.5799809,0,-1824943.9483178323
10,922804465.59751701,0,147,28479.571251892874,12725.524007612592,1.0000000000000001e-09,1,0,66.409117383909589,16.77431374690596,2650436047.1954527,4995066895.7018967,0,-1557093.5113180703
10,922804465.59751701,0,148,28529.551419997464,12812.09219814057,1.0000000000000001e-09,1,0,66.419558502224575,16.738727410210402,2650271652.9739013,4994871343.9184952,0,-1617664.9014297756
10,922804465.59751701,0,149,28579.531588102047,12898.660388668546,1.0000000000000001e-09,1,0,66.540244507739502,16.715743840302615,2651792000.8165131,4997859612.393775,0,-1683855.8709235778
10,922804465.59751701,0,150,28629.511756206633,12985.228579196524,1.0000000000000001e-09,1,0,66.507083825225706,16.729306669766469,2650555342.3421679,4995896113.3716955,0,-1878048.6391751678
10,922804465.59751701,0,151,28679.49192431122,13071.7967697245,1.0000000000000001e-09,1,0,66.498427040948783,16.691868391564906,2649973681.7695961,4994180039.1139269,0,-1548606.8670693878
10,922804465.59751701,0,152,28729.472092415806,13158.364960252477,1.0000000000000001e-09,1,0,66.654641645066988,16.651459693853678,2651915601.2428975,4998249311.8587008,0,-1767155.6381550864
10,922804465.59751701,0,153,28779.452260520393,13244.933150780453,1.0000000000000001e-09,1,0,66.645201163991914,16.665667282998079,2650886689.9761271,4996396536.528348,0,-1812386.8922337499
10,922804465.59751701,0,154,28829.432428624979,13331.501341308431,1.0000000000000001e-09,1,0,66.615217003590573,16.631174284949829,2649642855.6921225,4993978140.6410608,0,-1772240.5132058498
10,922804465.59751701,0,155,28879.412596729566,13418.069531836409,1.0000000000000001e-09,1,0,66.775767042503446,16.582947178137562,2651816127.7477555,4997868030.8083,0,-1664198.4649035516
10,922804465.59751701,0,156,28929.392764834152,13504.637722364383,1.0000000000000001e-09,1,0,66.805718064782951,16.596625951646942,2651492211.487772,4997708200.2321119,0,-1903257.0842124841
10,922804465.59751701,0,157,28979.372932938739,13591.205912892361,1.0000000000000001e-09,1,0,66.722634907553086,16.579021287028404,2649144819.9626579,4993354211.3725271,0,-1939018.1884750458
10,922804465.59751701,0,158,29029.353101043325,13677.774103420337,1.0000000000000001e-09,1,0,66.884061532207284,16.526345408908234,2651783690.975215,4997968475.455204,0,-1749963.5551807554
10,922804465.59751701,0,159,29079.333269147912,13764.342293948317,1.0000000000000001e-09,1,0,66.919935063976482,16.558015432797927,2652062405.4543686,4998767317.5940533,0,-1895372.2993919549
10,922804465.59751701,0,160,29129.313437252498,13850.910484476291,1.0000000000000001e-09,1,0,66.767849685718957,16.562603387827714,2648884791.7386556,4992939548.3066597,0,-1978892.4827303216
10,922804465.59751701,0,161,29179.293605357081,13937.478675004268,1.0000000000000001e-09,1,0,66.901008366120337,16.51991980351832,2651439095.8915391,4997803022.4082088,0,-2006715.9022200694
10,922804465.59751701,0,162,29229.273773461671,14024.046865532246,1.0000000000000001e-09,1,0,66.932937458851157,16.553235486674616,2652247475.399035,4998883386.7877417,0,-1771926.0950914286
10,922804465.59751701,0,163,29279.253941566254,14110.61505606022,1.0000000000000001e-09,1,0,66.767589094041014,16.592630268196277,2649562016.1736665,4994376618.4975195,0,-2064640.8703791802
10,922804465.59751701,0,164,29329.234109670844,14197.1832465882,1.0000000000000001e-09,1,0,66.786091779524199,16.556701755525324,2650153645.2747784,4995380517.5216999,0,-2006004.2960362737
10,922804465.59751701,0,165,29379.214277775427,14283.751437116174,1.0000000000000001e-09,1,0,66.895284379524611,16.583738468213038,2652860651.6010122,5000595107.7968025,0,-2067541.0003247142
10,922804465.59751701,0,166,29429.194445880014,14370.319627644152,1.0000000000000001e-09,1,0,66.684962892569317,16.647836273753743,2649806377.6340342,4994498086.924119,0,-1884769.7243353464
10,922804465.59751701,0,167,29479.1746139846,14456.887818172128,1.0000000000000001e-09,1,0,66.645841823568645,16.629453110402824,2649674787.781651,4995023175.5886869,0,-2295140.9355410235
10,922804465.59751701,0,168,29529.154782089186,14543.456008700106,1.0000000000000001e-09,1,0,66.749767766078989,16.642744116249876,2652444625.810595,4999835134.0617933,0,-2080079.6754742435
10,922804465.59751701,0,169,29579.134950193773,14630.024199228083,1.0000000000000001e-09,1,0,66.592342550150292,16.710049862259339,2650504942.7852497,4996216767.9859896,0,-2098690.9285925501
10,922804465.59751701,0,170,29629.115118298359,14716.592389756061,1.0000000000000001e-09,1,0,66.492434202210575,16.711099009416568,2649594192.3501253,4994444005.73314,0,-2068242.0899620391
10,922804465.59751701,0,171,29679.095286402946,14803.160580284039,1.0000000000000001e-09,1,0,66.576932778982084,16.70788616442918,2651607971.9892211,4998830883.7285976,0,-2383554.4522165488
10,922804465.59751701,0,172,29729.075454507529,14889.728770812011,1.0000000000000001e-09,1,0,66.503386076241298,16.755523524384461,2651095690.6731424,4997166547.2971821,0,-2012202.1970045706
10,922804465.59751701,0,173,29779.055622612119,14976.296961339989,1.0000000000000001e-09,1,0,66.395248551382736,16.764690378128584,2649638544.5813746,4994864379.1015024,0,-2247075.5161963976
10,922804465.59751701,0,174,29829.035790716702,15062.865151867965,1.0000000000000001e-09,1,0,66.464487810041916,16.747069561013241,2651147917.1862507,4997700531.2505503,0,-2243479.7512339954
10,922804465.59751701,0,175,29879.015958821292,15149.433342395945,1.0000000000000001e-09,1,0,66.453281560160661,16.774901410178394,2651066097.9557486,4997935807.0162811,0,-2450212.1670471192
10,922804465.59751701,0,176,29928.996126925878,15236.001532923921,1.0000000000000001e-09,1,0,66.369332568341534,16.774255141026707,2649830755.6525884,4994877025.5539932,0,-2061578.7305023686
10,922804465.59751701,0,177,29978.976295030461,15322.569723451898,1.0000000000000001e-09,1,0,66.455465470387168,16.747916266338308,2651101113.9955988,4998122735.2732286,0,-2514440.534834377
10,922804465.59751701,0,178,30028.956463135051,15409.137913979876,1.0000000000000001e-09,1,0,66.460002718893733,16.766713877228455,2651076081.3488631,4997742533.3842783,0,-2337615.4642463992
10,922804465.59751701,0,179,30078.936631239634,15495.706104507852,1.0000000000000001e-09,1,0,66.392241456454286,16.757192074512911,2649610961.8273582,4995102068.6146603,0,-2400852.9682191499
10,922804465.59751701,0,180,30128.916799344221,15582.274295035828,1.0000000000000001e-09,1,0,66.502776008509286,16.708696154399519,2651078250.7734752,4997503805.9103098,0,-2208700.2649103785
10,922804465.59751701,0,181,30178.896967448807,15668.842485563804,1.0000000000000001e-09,1,0,66.573324610081698,16.714489264636239,2651534487.0669127,4999193635.0974751,0,-2649632.2190174749
10,922804465.59751701,0,182,30228.877135553394,15755.410676091782,1.0000000000000001e-09,1,0,66.481914152579435,16.713406425105337,2649418563.1574712,4994617214.6581726,0,-2335831.7889613747
10,922804465.59751701,0,183,30278.85730365798,15841.978866619758,1.0000000000000001e-09,1,0,66.587987961708265,16.644681810333655,2650404480.7157798,4996729779.6245451,0,-2471522.3926569871
10,922804465.59751701,0,184,30328.837471762567,15928.547057147734,1.0000000000000001e-09,1,0,66.745437361550401,16.631130388167453,2652294357.9185429,5000285995.4118929,0,-2469719.9788656542
10,922804465.59751701,0,185,30378.817639867153,16015.115247675714,1.0000000000000001e-09,1,0,66.64211999466248,16.650799945757633,2649534792.2052197,4995670949.3746519,0,-2779054.1556614279
10,922804465.59751701,0,186,30428.79780797174,16101.68343820369,1.0000000000000001e-09,1,0,66.677734608397145,16.588624811668403,2649676023.3044686,4995140404.0586109,0,-2356144.6388344066
10,922804465.59751701,0,187,30478.777976076326,16188.251628731665,1.0000000000000001e-09,1,0,66.882390909647555,16.560211928660699,2652535123.8773441,5001106948.7658815,0,-2664816.5838547004
10,922804465.59751701,0,188,30528.758144180909,16274.819819259641,1.0000000000000001e-09,1,0,66.787422097731863,16.592951459814348,2650103795.935463,4996368839.3271046,0,-2580575.8669352159
10,922804465.59751701,0,189,30578.738312285499,16361.388009787619,1.0000000000000001e-09,1,0,66.766251146626487,16.556221788549276,2649392311.6564341,4995342809.4476233,0,-2747317.8513238751
10,922804465.59751701,0,190,30628.718480390082,16447.956200315595,1.0000000000000001e-09,1,0,66.921881479384965,16.520960020123045,2651840291.3989563,4999386119.4270401,0,-2446022.1382888085
10,922804465.59751701,0,191,30678.698648494668,16534.524390843573,1.0000000000000001e-09,1,0,66.907496394671995,16.559957152698306,2651295009.5273051,4999044715.7851696,0,-2810045.1528603076
10,922804465.59751701,0,192,30728.678816599255,16621.092581371548,1.0000000000000001e-09,1,0,66.772892301710939,16.558074876983621,2648700586.7442799,4994040758.6523895,0,-2747754.7687598732
10,922804465.59751701,0,193,30778.658984703845,16707.660771899529,1.0000000000000001e-09,1,0,66.913124218661125,16.530839064961924,2651701974.9879918,4999784350.4691601,0,-2795768.3487069658
10,922804465.59751701,0,194,30828.639152808428,16794.228962427504,1.0000000000000001e-09,1,0,66.871376560211289,16.579944439778949,2651279769.6918998,4998709042.578764,0,-2647068.548026822
10,922804465.59751701,0,195,30878.619320913014,16880.797152955478,1.0000000000000001e-09,1,0,66.731733385691925,16.592684016978069,2648949403.2027225,4994915798.715888,0,-2963516.7223051433
10,922804465.59751701,0,196,30928.599489017601,16967.365343483456,1.0000000000000001e-09,1,0,66.811874748987648,16.583774681558772,2651247375.1880374,4999094229.3174191,0,-2883967.3378384169
10,922804465.59751701,0,197,30978.579657122187,17053.933534011434,1.0000000000000001e-09,1,0,66.766909189570498,16.630733890192602,2651211506.6017022,4998834053.0794878,0,-2781702.519193239
10,922804465.59751701,0,198,31028.559825226774,17140.501724539412,1.0000000000000001e-09,1,0,66.627557033943475,16.65969399863361,2649420757.4587927,4995636792.05865,0,-2874954.0162569075
10,922804465.59751701,0,199,31078.53999333136,17227.06991506739,1.0000000000000001e-09,1,0,66.656261360960087,16.649224595870074,2650535916.6681433,4998059224.9335194,0,-3045918.7972505917
10,922804465.59751701,0,200,31128.520161435947,17313.638105595364,1.0000000000000001e-09,1,0,66.653647061223268,16.692626968310424,2651437236.9443002,4999623529.3495388,0,-2975122.8499701577
10,922804465.59751701,0,201,31178.500329540533,17400.206296123342,1.0000000000000001e-09,1,0,66.497619726757193,16.726260173505942,2649394205.564621,4995674771.9682922,0,-2921670.2969947429
10,922804465.59751701,0,202,31228.48049764512,17486.774486651317,1.0000000000000001e-09,1,0,66.517192685606972,16.712046045381726,2650150796.2732525,4997703094.0398312,0,-3241961.3064975687
10,922804465.59751701,0,203,31278.460665749706,17573.342677179295,1.0000000000000001e-09,1,0,66.543849580061845,16.738492182542327,2651227455.2604899,4999639133.1146145,0,-3193188.9229148217
10,922804465.59751701,0,204,31328.440833854289,17659.910867707273,1.0000000000000001e-09,1,0,66.416915255028883,16.77361348672547,2649614002.2436137,4996491721.3515081,0,-3135610.3838416981
10,922804465.59751701,0,205,31378.421001958875,17746.479058235247,1.0000000000000001e-09,1,0,66.414006169403265,16.75484353623153,2649834254.7172337,4997117235.9317608,0,-3247457.6419962742
10,922804465.59751701,0,206,31428.401170063462,17833.047248763225,1.0000000000000001e-09,1,0,66.47387959306451,16.763745143370162,2650983727.4026656,4999806607.0288906,0,-3525832.4411462145
10,922804465.59751701,0,207,31478.381338168052,17919.615439291203,1.0000000000000001e-09,1,0,66.386616079452253,16.78547815184395,2649668334.7669768,4996910804.9792204,0,-3303778.765723458
10,922804465.59751701,0,208,31528.361506272639,18006.183629819181,1.0000000000000001e-09,1,0,66.392933419434542,16.75690562612661,2649601821.0537424,4997124671.0779448,0,-3483838.7914665882
10,922804465.59751701,0,209,31578.341674377221,18092.751820347155,1.0000000000000001e-09,1,0,66.497498595672226,16.74437800586648,2651173077.7307177,5000248131.7895622,0,-3570897.5195581173
10,922804465.59751701,0,210,31628.321842481808,18179.32001087513,1.0000000000000001e-09,1,0,66.433457263272061,16.765453079123741,2649764309.1846099,4997733069.6203432,0,-3644363.1036426458
10,922804465.59751701,0,211,31678.302010586394,18265.888201403111,1.0000000000000001e-09,1,0,66.43080198617379,16.724168308489695,2649724444.085103,4996464496.3533869,0,-3010714.1796859358
10,922804465.59751701,0,212,31728.282178690981,18352.456391931086,1.0000000000000001e-09,1,0,66.586525533256165,16.6885725744139,2652205768.1038852,5000568254.7275429,0,-2708167.6000351626
10,922804465.59751701,0,213,31778.262346795567,18439.024582459064,1.0000000000000001e-09,1,0,66.563693907031535,16.709761355421605,2651819883.8873067,4998289383.8545599,0,-1884148.115682692
10,922804465.59751701,0,214,31828.242514900154,18525.592772987042,1.0000000000000001e-09,1,0,66.507965058560572,16.676622594460795,2650024735.8429093,4994912480.0706463,0,-1886422.1388188503
10,922804465.59751701,0,215,31878.22268300474,18612.160963515016,1.0000000000000001e-09,1,0,66.679402176978584,16.621854444284999,2651754987.9672942,4998753037.694603,0,-2195208.2671804857
10,922804465.59751701,0,216,31928.202851109327,18698.729154042994,1.0000000000000001e-09,1,0,66.732044960142304,16.62657732212573,2651052490.0165749,4999111692.3175707,0,-3088124.0080434601
10,922804465.59751701,0,217,31978.183019213913,18785.297344570969,1.0000000000000001e-09,1,0,66.677731343491814,16.617669281960278,2649297302.9032049,4995967227.2360687,0,-3173844.0249026632
10,922804465.59751701,0,218,32028.163187318496,18871.865535098947,1.0000000000000001e-09,1,0,66.773551881132164,16.566260160884053,2650166753.3688078,4998117864.6160879,0,-3446215.2203245941
10,922804465.59751701,0,219,32078.143355423083,18958.433725626925,1.0000000000000001e-09,1,0,66.873452027028392,16.568056174817158,2651445884.5026083,5000464062.8964567,0,-3412733.4194102646
10,922804465.59751701,0,220,32128.123523527669,19045.001916154899,1.0000000000000001e-09,1,0,66.766020704798478,16.574346636581346,2648704578.307507,4995834676.5498352,0,-3696194.4858251596
10,922804465.59751701,0,221,32178.103691632259,19131.570106682881,1.0000000000000001e-09,1,0,66.847536719782696,16.536695156493504,2650334086.6799254,4998185542.9868355,0,-3314813.8754361523
10,922804465.59751701,0,222,32228.083859736842,19218.138297210855,1.0000000000000001e-09,1,0,66.90745043010341,16.549905654952248,2651150084.3286748,5000302586.6773577,0,-3622802.2438707752
10,922804465.59751701,0,223,32278.064027841428,19304.706487738833,1.0000000000000001e-09,1,0,66.805663169451975,16.566609754609079,2649135787.6246724,4996471154.7891579,0,-3602905.7531423764
10,922804465.59751701,0,224,32328.044195946015,19391.274678266807,1.0000000000000001e-09,1,0,66.849236740701997,16.545923393492956,2650077040.2567925,4998768316.8262653,0,-3881268.0115852715
10,922804465.59751701,0,225,32378.024364050601,19477.842868794785,1.0000000000000001e-09,1,0,66.877163117804614,16.568899278844818,2651151307.1878266,5000070870.4983912,0,-3498556.0639118585
10,922804465.59751701,0,226,32428.004532155188,19564.411059322763,1.0000000000000001e-09,1,0,66.762013227860024,16.603348784683568,2649416863.1779542,4997457592.4877968,0,-3845552.1168961669
10,922804465.59751701,0,227,32477.984700259774,19650.979249850738,1.0000000000000001e-09,1,0,66.747000981705,16.588785664953623,2649535836.0583811,4997486364.3080902,0,-3741854.8417370711
10,922804465.59751701,0,228,32527.964868364361,19737.547440378716,1.0000000000000001e-09,1,0,66.810636528985739,16.616657120377898,2651569831.7981391,5001623055.7752533,0,-3904121.4594304622
10,922804465.59751701,0,229,32577.945036468947,19824.11563090669,1.0000000000000001e-09,1,0,66.636554201624563,16.66912364150954,2649305663.002871,4996739058.4533262,0,-3575266.4439332793
10,922804465.59751701,0,230,32627.925204573534,19910.683821434672,1.0000000000000001e-09,1,0,66.612949593569198,16.65640352928293,2649410032.8310456,4997765739.003027,0,-4015984.3657868956
10,922804465.59751701,0,231,32677.905372678117,19997.252011962646,1.0000000000000001e-09,1,0,66.673846014874215,16.673739397257428,2651259103.0182347,5000896749.6421719,0,-3829238.0096763377
10,922804465.59751701,0,232,32727.885540782703,20083.82020249062,1.0000000000000001e-09,1,0,66.545604450001335,16.733417571646864,2650014103.4391809,4998532894.0692539,0,-3819213.6028686515
10,922804465.59751701,0,233,32777.865708887293,20170.388393018598,1.0000000000000001e-09,1,0,66.440812389771793,16.735596893403137,2648849100.8983455,4996235956.085124,0,-3764720.2078795754
10,922804465.59751701,0,234,32827.84587699188,20256.956583546573,1.0000000000000001e-09,1,0,66.534454385878419,16.723799848387099,2650860169.3864317,5000633844.4324207,0,-4088589.3640908175
10,922804465.59751701,0,235,32877.826045096466,20343.524774074554,1.0000000000000001e-09,1,0,66.476136986122626,16.768558761643554,2650358352.4929085,4999259807.0891027,0,-3860898.9886228773
10,922804465.59751701,0,236,32927.806213201053,20430.092964602532,1.0000000000000001e-09,1,0,66.374089812255036,16.773635314149892,2648990839.4889598,4996791058.8359394,0,-3917698.1282130685
10,922804465.59751701,0,237,32977.786381305639,20516.661155130507,1.0000000000000001e-09,1,0,66.449280853996129,16.751578491357883,2650348368.3591042,4999634816.0866861,0,-4069983.8171778927
10,922804465.59751701,0,238,33027.766549410218,20603.229345658481,1.0000000000000001e-09,1,0,66.452385691804494,16.774430988879665,2650407586.500268,4999940887.3311043,0,-4173265.7701391941
10,922804465.59751701,0,239,33077.746717514812,20689.797536186459,1.0000000000000001e-09,1,0,66.369996380022542,16.775125347238269,2649056406.3231359,4996958388.0007954,0,-3940970.1037434577
10,922804465.59751701,0,240,33127.726885619391,20776.365726714437,1.0000000000000001e-09,1,0,66.454893277202245,16.737919618590535,2650172927.4683909,4999451594.1933298,0,-4148148.0918588643
10,922804465.59751701,0,241,33177.707053723978,20862.933917242415,1.0000000000000001e-09,1,0,66.498671385825688,16.74904877619511,2650515747.9126105,5000331964.8463554,0,-4272736.1892723637
10,922804465.59751701,0,242,33227.687221828564,20949.50210777039,1.0000000000000001e-09,1,0,66.424363388239954,16.744801058393829,2648846552.9333658,4996976128.0195007,0,-4160242.0676564868
10,922804465.59751701,0,243,33277.667389933151,21036.070298298368,1.0000000000000001e-09,1,0,66.517115394324435,16.694651463924483,2649858035.3751693,4998930541.7542753,0,-4186401.7489604787
10,922804465.59751701,0,244,33327.647558037745,21122.638488826346,1.0000000000000001e-09,1,0,66.618531525211935,16.682396243303526,2650655180.8557496,5000873947.445919,0,-4421053.9742859704
10,922804465.59751701,0,245,33377.627726142324,21209.206679354324,1.0000000000000001e-09,1,0,66.561724419732727,16.686504180197947,2648856972.4123187,4997654772.1359482,0,-4510129.9838485634
10,922804465.59751701,0,246,33427.60789424691,21295.774869882298,1.0000000000000001e-09,1,0,66.616966674478448,16.632300940109243,2649157365.7451434,4997851417.8147974,0,-4314140.2560923276
10,922804465.59751701,0,247,33477.588062351497,21382.343060410272,1.0000000000000001e-09,1,0,66.76553608786503,16.613474128533198,2650895992.1038504,5001690108.9666834,0,-4613561.1981820967
10,922804465.59751701,0,248,33527.568230456083,21468.911250938254,1.0000000000000001e-09,1,0,66.694121023368893,16.620807276694382,2648583389.6003561,4997362344.3351059,0,-4628456.3121427624
10,922804465.59751701,0,249,33577.54839856067,21555.479441466228,1.0000000000000001e-09,1,0,66.74498679884438,16.575055401182933,2648992945.2815056,4998033870.6835537,0,-4575429.0433395375
10,922804465.59751701,0,250,33627.528566665256,21642.047631994206,1.0000000000000001e-09,1,0,66.872041753447675,16.557475398326165,2650824873.5644236,5000989221.1026592,0,-4312562.6375882234
10,922804465.59751701,0,251,33677.508734769843,21728.615822522184,1.0000000000000001e-09,1,0,66.804861419811672,16.575145787152106,2649067862.0174503,4997657803.1761227,0,-4300849.6260169912
10,922804465.59751701,0,252,33727.488902874429,21815.184013050159,1.0000000000000001e-09,1,0,66.806293548874493,16.53953664185671,2649165463.7793927,4996561232.1137772,0,-3621053.6720412993
10,922804465.59751701,0,253,33777.469070979016,21901.752203578137,1.0000000000000001e-09,1,0,66.919781893584002,16.529834113850317,2651842389.6746979,5000181905.4705124,0,-2866424.5361595559
10,922804465.59751701,0,254,33827.449239083602,21988.320394106111,1.0000000000000001e-09,1,0,66.857686517481724,16.564585172348114,2651707012.0242863,4998306557.164712,0,-2006137.6745080161
10,922804465.59751701,0,255,33877.429407188189,22074.888584634089,1.0000000000000001e-09,1,0,66.796016522633195,16.544458882428376,2650883399.4183469,4996599496.6346588,0,-1923433.5260767087
10,922804465.59751701,0,256,33927.409575292775,22161.456775162067,1.0000000000000001e-09,1,0,66.936945477221755,16.535602452540445,2653880084.2234912,5002580806.7181616,0,-2102360.5085069961
10,922804465.59751701,0,257,33977.389743397362,22248.024965690041,1.0000000000000001e-09,1,0,66.804491559331652,16.602866229645358,2650867308.9203658,4999545451.1457729,0,-3503597.4026492019
10,922804465.59751701,0,258,34027.369911501948,22334.593156218023,1.0000000000000001e-09,1,0,66.684598593867562,16.607899713746551,2648408837.7300029,4996954626.9829016,0,-4586541.8879412254
10,922804465.59751701,0,259,34077.350079606535,22421.161346745997,1.0000000000000001e-09,1,0,66.798685204381954,16.592668227034419,2650451359.6833038,5002326061.3804731,0,-5395835.0305112833
10,922804465.59751701,0,260,34127.330247711121,22507.729537273972,1.0000000000000001e-09,1,0,66.742625111950247,16.656399078610995,2650319595.5215144,5001540248.6404982,0,-5110393.5693168947
10,922804465.59751701,0,261,34177.310415815708,22594.29772780195,1.0000000000000001e-09,1,0,66.550396016202626,16.691005615481295,2647654320.2944388,4996959005.2140999,0,-5343383.8247453505
10,922804465.59751701,0,262,34227.290583920294,22680.865918329928,1.0000000000000001e-09,1,0,66.60692692169188,16.667263188345466,2649390740.6764193,4999977889.3330126,0,-5209756.7873320207
10,922804465.59751701,0,263,34277.27075202488,22767.434108857906,1.0000000000000001e-09,1,0,66.631699394877202,16.70674686187105,2650505375.7917171,5002215428.6567688,0,-5283081.525714389
10,922804465.59751701,0,264,34327.250920129467,22854.00229938588,1.0000000000000001e-09,1,0,66.45908703309351,16.75174624361113,2648476110.6138816,4997502957.187273,0,-4810389.8181575341
10,922804465.59751701,0,265,34377.231088234053,22940.570489913858,1.0000000000000001e-09,1,0,66.457287911278527,16.732462499122068,2648837852.9525571,4998933424.8373594,0,-5208114.8650288936
10,922804465.59751701,0,266,34427.21125633864,23027.138680441836,1.0000000000000001e-09,1,0,66.521144689752447,16.747168931911315,2650561142.7440181,5001647679.7862206,0,-4925883.9536405979
10,922804465.59751701,0,267,34477.191424443219,23113.706870969811,1.0000000000000001e-09,1,0,66.40541321769237,16.781239822109377,2648919691.7052269,4998547299.5735474,0,-4921273.5423274105
10,922804465.59751701,0,268,34527.171592547806,23200.275061497789,1.0000000000000001e-09,1,0,66.3932650259393,16.764219894028116,2649110740.6400185,4998553770.2905254,0,-4733660.0564518338
10,922804465.59751701,0,269,34577.151760652392,23286.843252025763,1.0000000000000001e-09,1,0,66.46451573108331,16.760835594797747,2650228042.7940688,5001367686.8857164,0,-5110329.3876063181
10,922804465.59751701,0,270,34627.131928756979,23373.411442553741,1.0000000000000001e-09,1,0,66.40172913792,16.779750892749856,2649195965.2821517,4998782648.1921062,0,-4769951.8299586996
10,922804465.59751701,0,271,34677.112096861565,23459.979633081719,1.0000000000000001e-09,1,0,66.404510665761563,16.747878173812264,2648937678.7441607,4998524740.0371418,0,-4891309.1391106304
10,922804465.59751701,0,272,34727.092264966152,23546.547823609697,1.0000000000000001e-09,1,0,66.520226721862514,16.728346364918178,2650532983.0612335,5001560760.6453829,0,-4907896.3134440174
10,922804465.59751701,0,273,34777.072433070738,23633.116014137675,1.0000000000000001e-09,1,0,66.475605988461439,16.745504166199968,2649172738.1642957,4999425685.7399168,0,-5134582.0163778318
10,922804465.59751701,0,274,34827.052601175325,23719.684204665649,1.0000000000000001e-09,1,0,66.463213811342172,16.704504971676954,2648515945.4450936,4997451726.7270041,0,-4743355.585585285
10,922804465.59751701,0,275,34877.032769279911,23806.252395193624,1.0000000000000001e-09,1,0,66.638631351295885,16.662707635261761,2650783987.68046,5002292758.9114838,0,-5045526.005051678
10,922804465.59751701,0,276,34927.012937384497,23892.820585721605,1.0000000000000001e-09,1,0,66.615855908598988,16.685321408041922,2649620942.3949561,5000044885.499218,0,-5015124.837301488
10,922804465.59751701,0,277,34976.993105489084,23979.38877624958,1.0000000000000001e-09,1,0,66.566040960750044,16.649664151211681,2648032443.5569324,4997061242.178256,0,-5019540.4614684116
10,922804465.59751701,0,278,35026.97327359367,24065.956966777558,1.0000000000000001e-09,1,0,66.753387816260201,16.591215613987529,2650615211.3245969,5001637680.8446455,0,-4866506.7104978142
10,922804465.59751701,0,279,35076.953441698257,24152.525157305532,1.0000000000000001e-09,1,0,66.794889682141573,16.607107627088684,2650339807.8916149,5001729116.2497368,0,-5190455.2525158348
10,922804465.59751701,0,280,35126.933609802843,24239.09334783351,1.0000000000000001e-09,1,0,66.69256978062198,16.600152220964272,2647869451.7411318,4996960932.152874,0,-5129275.4331111191
10,922804465.59751701,0,281,35176.91377790743,24325.661538361488,1.0000000000000001e-09,1,0,66.831318009820237,16.531619298982857,2649714853.0031719,5000255007.7288551,0,-5032772.8374574818
10,922804465.59751701,0,282,35226.893946012016,24412.229728889462,1.0000000000000001e-09,1,0,66.949965346208316,16.550536270775698,2651423927.7341962,5003668573.9540682,0,-5136037.040758024
10,922804465.59751701,0,283,35276.874114116603,24498.79791941744,1.0000000000000001e-09,1,0,66.765548220577244,16.572448893436132,2647478772.9615898,4996521352.854332,0,-5286571.6956765847
10,922804465.59751701,0,284,35326.854282221189,24585.366109945415,1.0000000000000001e-09,1,0,66.864052583252786,16.521143895349223,2649381590.2747898,5000001121.8146439,0,-5231241.8349294458
10,922804465.59751701,0,285,35376.834450325776,24671.934300473393,1.0000000000000001e-09,1,0,66.964519163462001,16.537177919477561,2651259522.6255322,5003283986.8178778,0,-5096256.2058641221
10,922804465.59751701,0,286,35426.814618430362,24758.502491001371,1.0000000000000001e-09,1,0,66.79965581089894,16.584180746921682,2648329880.6463442,4998224411.1810312,0,-5339655.9056201372
10,922804465.59751701,0,287,35476.794786534949,24845.070681529349,1.0000000000000001e-09,1,0,66.788720275465181,16.555960545083298,2648512602.258122,4998592258.5630474,0,-5352232.7261388479
10,922804465.59751701,0,288,35526.774954639535,24931.638872057327,1.0000000000000001e-09,1,0,66.896580810732274,16.570169828229233,2651063412.9874582,5003400852.8458691,0,-5354412.6415155567
10,922804465.59751701,0,289,35576.755122744114,25018.207062585298,1.0000000000000001e-09,1,0,66.739355117441391,16.628176986102709,2648824684.6161633,4999073177.2317448,0,-5295480.8846308663
10,922804465.59751701,0,290,35626.735290848708,25104.775253113279,1.0000000000000001e-09,1,0,66.671514035857527,16.619939239980081,2648046024.1234026,4998287647.7774725,0,-5657086.1570926756
10,922804465.59751701,0,291,35676.715458953295,25191.343443641254,1.0000000000000001e-09,1,0,66.761685181503267,16.6282322259406,2650521116.1769328,5002733417.883894,0,-5542353.2486160854
10,922804465.59751701,0,292,35726.695627057881,25277.911634169232,1.0000000000000001e-09,1,0,66.636827274701673,16.688690031714255,2649088057.0357809,5000093266.669342,0,-5573696.8456728701
10,922804465.59751701,0,293,35776.675795162468,25364.47982469721,1.0000000000000001e-09,1,0,66.533156159753133,16.694229418561402,2647907549.4850225,4998076985.6180992,0,-5683715.5262647429
10,922804465.59751701,0,294,35826.655963267047,25451.048015225184,1.0000000000000001e-09,1,0,66.601522863822566,16.695965257296162,2649706885.8627462,5002101709.3574276,0,-6021195.3259188589
10,922804465.59751701,0,295,35876.636131371641,25537.616205753166,1.0000000000000001e-09,1,0,66.527358354305747,16.744431969760704,2649223399.733366,5000779781.3747063,0,-5802840.2155721774
10,922804465.59751701,0,296,35926.616299476227,25624.18439628114,1.0000000000000001e-09,1,0,66.414973778323585,16.755455874925605,2647614386.8026843,4998415582.9727917,0,-6156647.1447708877
10,922804465.59751701,0,297,35976.596467580806,25710.752586809114,1.0000000000000001e-09,1,0,66.483071283336997,16.740837991458239,2649089628.7084169,5001577384.8309278,0,-6360076.8194545796
10,922804465.59751701,0,298,36026.576635685393,25797.320777337092,1.0000000000000001e-09,1,0,66.461304350969883,16.772560572846338,2648818866.1151762,5001745504.3101473,0,-6720097.8179970579
10,922804465.59751701,0,299,36076.556803789979,25883.88896786507,1.0000000000000001e-09,1,0,66.371552709146272,16.775426722977773,2647510308.4378862,4999000184.2629051,0,-6571103.4571826551
10,922804465.59751701,0,300,36126.536971894566,25970.457158393048,1.0000000000000001e-09,1,0,66.447176582053373,16.75183173012983,2648690223.6145458,5002286488.8000212,0,-7135961.1278995462
10,922804465.59751701,0,301,36176.517139999152,26057.025348921023,1.0000000000000001e-09,1,0,66.454128020665877,16.771371958085247,2649159562.2243071,5002531773.4656839,0,-6796849.6531068366
10,922804465.59751701,0,302,36226.497308103739,26143.593539449001,1.0000000000000001e-09,1,0,66.378223979625588,16.768126749624141,2648659938.34165,5000067737.4664125,0,-5988261.5127435615
10,922804465.59751701,0,303,36276.477476208325,26230.161729976979,1.0000000000000001e-09,1,0,66.46850138865446,16.725400498232908,2651607229.520638,5001977370.9204903,0,-4054837.6006746651
10,922804465.59751701,0,304,36326.457644312912,26316.729920504953,1.0000000000000001e-09,1,0,66.52789200276959,16.722421335401418,2653100612.2203345,5002211104.4644165,0,-2685549.2861750955
10,922804465.59751701,0,305,36376.437812417498,26403.298111032931,1.0000000000000001e-09,1,0,66.470662819268441,16.720832770815466,2651733292.5434871,4997926499.0425501,0,-1778075.7668275679
10,922804465.59751701,0,306,36426.417980522085,26489.866301560905,1.0000000000000001e-09,1,0,66.544013025430516,16.669143583181626,2651499922.8404965,4998549976.6062965,0,-2342463.7038383726
10,922804465.59751701,0,307,36476.398148626671,26576.434492088883,1.0000000000000001e-09,1,0,66.683655409391889,16.646329937712107,2652097833.4418426,5001297786.0337734,0,-3203426.8084961516
10,922804465.59751701,0,308,36526.378316731258,26663.002682616861,1.0000000000000001e-09,1,0,66.628825878666007,16.66389492128728,2649243227.9646473,4998551790.260253,0,-4600121.4893061342
10,922804465.59751701,0,309,36576.358484835844,26749.570873144839,1.0000000000000001e-09,1,0,66.632188975012824,16.611623515673269,2647877153.9615951,4996913196.6789684,0,-5096229.3780553564
10,922804465.59751701,0,310,36626.338652940431,26836.139063672817,1.0000000000000001e-09,1,0,66.828390569557953,16.576311979982709,2650045783.4427867,5002859025.0267982,0,-6084373.6344884504
10,922804465.59751701,0,311,36676.318821045017,26922.707254200788,1.0000000000000001e-09,1,0,66.772275965657101,16.600419032641796,2648066931.2187901,4999459861.1486816,0,-6258533.4535380453
10,922804465.59751701,0,312,36726.298989149604,27009.275444728766,1.0000000000000001e-09,1,0,66.748421317426164,16.570341403325315,2647224989.6448898,4998426369.4333258,0,-6551771.0766111352
10,922804465.59751701,0,313,36776.27915725419,27095.843635256748,1.0000000000000001e-09,1,0,66.883738511958924,16.536970108285718,2649422534.4263048,5001972162.7934723,0,-6236767.5835989341
10,922804465.59751701,0,314,36826.259325358777,27182.411825784722,1.0000000000000001e-09,1,0,66.880446877040271,16.561775652972418,2648921823.5911069,5001726544.1109848,0,-6607073.9467572598
10,922804465.59751701,0,315,36876.239493463363,27268.9800163127,1.0000000000000001e-09,1,0,66.791115744785856,16.556185864001275,2647188290.1247401,4998093012.2795134,0,-6411483.8008169392
10,922804465.59751701,0,316,36926.21966156795,27355.548206840675,1.0000000000000001e-09,1,0,66.902809019066424,16.53371384927966,2649539545.3924403,5002573781.1503458,0,-6439169.3077863511
10,922804465.59751701,0,317,36976.199829672536,27442.116397368653,1.0000000000000001e-09,1,0,66.871015330550136,16.571007403822072,2649239864.0302353,5001594739.2494888,0,-6219055.3479901142
10,922804465.59751701,0,318,37026.179997777122,27528.684587896634,1.0000000000000001e-09,1,0,66.768363329569141,16.576754998780146,2647452192.1315928,4998792847.8770056,0,-6519140.2220648983
10,922804465.59751701,0,319,37076.160165881709,27615.252778424605,1.0000000000000001e-09,1,0,66.842021707008357,16.573194264129473,2649624811.4428539,5002491533.6265011,0,-6310236.2007359611
10,922804465.59751701,0,320,37126.140333986295,27701.820968952583,1.0000000000000001e-09,1,0,66.779186479067477,16.618570463212077,2649220904.6910863,5001600955.6448565,0,-6241315.1109549794
10,922804465.59751701,0,321,37176.120502090875,27788.389159480557,1.0000000000000001e-09,1,0,66.663143489364927,16.639630443226743,2647832313.5132236,4999003641.240571,0,-6250933.7688951958
10,922804465.59751701,0,322,37226.100670195461,27874.957350008535,1.0000000000000001e-09,1,0,66.700621883505434,16.63030919121783,2649024253.670835,5001599306.1546135,0,-6437090.3798128674
10,922804465.59751701,0,323,37276.080838300055,27961.525540536517,1.0000000000000001e-09,1,0,66.684075031862932,16.680710165376354,2649839385.7226024,5002780231.1217642,0,-6248937.9016890386
10,922804465.59751701,0,324,37326.061006404641,28048.093731064491,1.0000000000000001e-09,1,0,66.513416530767444,16.712454226022061,2647518019.2816606,4998415201.029315,0,-6252811.8833910925
10,922804465.59751701,0,325,37376.041174509228,28134.661921592469,1.0000000000000001e-09,1,0,66.5568167755373,16.694076885256102,2648805958.7477155,5001238177.8334427,0,-6463654.1708625667
10,922804465.59751701,0,326,37426.021342613807,28221.23011212044,1.0000000000000001e-09,1,0,66.576184662890569,16.726511367924573,2649746753.8993888,5002960956.7490263,0,-6437521.0172123322
10,922804465.59751701,0,327,37476.001510718394,28307.798302648422,1.0000000000000001e-09,1,0,66.431907828649443,16.767771055208236,2648048591.2830977,4999445871.2460012,0,-6269445.8357565673
10,922804465.59751701,0,328,37525.981678822987,28394.3664931764,1.0000000000000001e-09,1,0,66.423235110937284,16.748825391418123,2648245095.5235295,5000124170.0781412,0,-6433065.6712876195
10,922804465.59751701,0,329,37575.961846927574,28480.934683704378,1.0000000000000001e-09,1,0,66.489914030953003,16.758132817941924,2649647503.0922966,5003048616.6840324,0,-6583312.4515180346
10,922804465.59751701,0,330,37625.942015032153,28567.502874232348,1.0000000000000001e-09,1,0,66.394062986286116,16.786541973264345,2648284225.4141364,5000097578.2379417,0,-6379817.5758003201
10,922804465.59751701,0,331,37675.922183136739,28654.071064760326,1.0000000000000001e-09,1,0,66.382124192575944,16.763881889751222,2648071852.6908941,4999890200.7174339,0,-6482088.9183286615
10,922804465.59751701,0,332,37725.902351241326,28740.639255288304,1.0000000000000001e-09,1,0,66.47982867748587,16.750135836363405,2649517131.5992017,5002909423.258275,0,-6639783.0303612556
10,922804465.59751701,0,333,37775.882519345912,28827.207445816279,1.0000000000000001e-09,1,0,66.42566537419269,16.771969839738503,2648276072.9499907,5000742437.6619806,0,-6730340.383506503
10,922804465.59751701,0,334,37825.862687450499,28913.775636344257,1.0000000000000001e-09,1,0,66.411229365920533,16.738525856074734,2647790637.3495307,4999361296.6721649,0,-6482497.229590727
10,922804465.59751701,0,335,37875.842855555085,29000.343826872235,1.0000000000000001e-09,1,0,66.550790504392509,16.704028606299616,2649454338.0755386,5003131667.9548435,0,-6820571.252201139
10,922804465.59751701,0,336,37925.823023659672,29086.912017400213,1.0000000000000001e-09,1,0,66.54166455966913,16.722662515901462,2648836545.7605801,5001748437.2602777,0,-6703975.3416309645
10,922804465.59751701,0,337,37975.803191764258,29173.480207928191,1.0000000000000001e-09,1,0,66.489667728530847,16.695057670079152,2647531584.7259784,4998878569.7451649,0,-6485259.2916582245
10,922804465.59751701,0,338,38025.783359868845,29260.048398456165,1.0000000000000001e-09,1,0,66.648043017196997,16.644300974856378,2650070177.9807148,5002675264.9234285,0,-5962416.7326454902
10,922804465.59751701,0,339,38075.763527973431,29346.616588984143,1.0000000000000001e-09,1,0,66.673554312541299,16.644262687947073,2649449248.6022644,5001512324.4484606,0,-5965914.9080516594
10,922804465.59751701,0,340,38125.743696078018,29433.184779512121,1.0000000000000001e-09,1,0,66.63558811761844,16.63153829368439,2648048088.2847857,4998657306.6891785,0,-5851282.209711507
10,922804465.59751701,0,341,38175.723864182604,29519.752970040096,1.0000000000000001e-09,1,0,66.747425609620905,16.582887106943502,2649018531.7181263,5001383958.5134258,0,-6328479.4358241707
10,922804465.59751701,0,342,38225.704032287191,29606.321160568077,1.0000000000000001e-09,1,0,66.830769931626719,16.582080259046293,2649581488.4427023,5002833095.2766304,0,-6534901.948063367
10,922804465.59751701,0,343,38275.684200391777,29692.889351096052,1.0000000000000001e-09,1,0,66.754404319431018,16.579625647454428,2647196023.374999,4999085236.8233471,0,-6930544.8335823603
10,922804465.59751701,0,344,38325.664368496356,29779.457541624022,1.0000000000000001e-09,1,0,66.849016469811787,16.538717077741452,2648880102.5470934,5001452891.2666874,0,-6503506.5529330028
10,922804465.59751701,0,345,38375.64453660095,29866.025732152004,1.0000000000000001e-09,1,0,66.905971764246885,16.554037093432822,2649775356.4114585,5003336673.4523191,0,-6608394.9367196029
10,922804465.59751701,0,346,38425.624704705537,29952.593922679978,1.0000000000000001e-09,1,0,66.789094147192856,16.560009882705703,2647547655.4564652,4998343768.994853,0,-6185250.8380265171
10,922804465.59751701,0,347,38475.604872810123,30039.162113207956,1.0000000000000001e-09,1,0,66.866275966313282,16.533523130743053,2649122621.855607,5001563029.9635201,0,-6319462.3508375576
10,922804465.59751701,0,348,38525.585040914702,30125.730303735931,1.0000000000000001e-09,1,0,66.902935306277186,16.559338371755892,2650103636.8797736,5003209106.5608177,0,-6212386.342170136
10,922804465.59751701,0,349,38575.565209019289,30212.298494263909,1.0000000000000001e-09,1,0,66.771326609576718,16.592910870419388,2647615658.249867,4999911459.9277639,0,-6949570.3512889631
10,922804465.59751701,0,350,38625.545377123883,30298.86668479189,1.0000000000000001e-09,1,0,66.780816792562874,16.567750247151746,2647961198.0026412,5000552790.5994921,0,-6944527.4483075924
10,922804465.59751701,0,351,38675.525545228469,30385.434875319865,1.0000000000000001e-09,1,0,66.859942895531304,16.595610036618417,2650045413.2382798,5004944213.4636765,0,-7191817.1868289886
10,922804465.59751701,0,352,38725.505713333056,30472.003065847843,1.0000000000000001e-09,1,0,66.671212523583449,16.653503281381141,2647506122.1294017,4999527524.8894577,0,-6855266.7416301509
10,922804465.59751701,0,353,38775.485881437635,30558.571256375817,1.0000000000000001e-09,1,0,66.639178431396658,16.637855718026959,2647421454.9884548,5000265990.8825216,0,-7332002.0548457205
10,922804465.59751701,0,354,38825.466049542221,30645.139446903795,1.0000000000000001e-09,1,0,66.719923114904518,16.652421890588144,2649681478.77249,5004035174.0141239,0,-7073122.2033902295
10,922804465.59751701,0,355,38875.446217646815,30731.707637431777,1.0000000000000001e-09,1,0,66.583361082092111,16.717985318918952,2648283516.1689525,5001433563.4001017,0,-7089831.3327874457
10,922804465.59751701,0,356,38925.426385751402,30818.275827959751,1.0000000000000001e-09,1,0,66.465000042130697,16.721881363937332,2646969901.0550804,4998759810.4023962,0,-6983890.9616557062
10,922804465.59751701,0,357,38975.406553855988,30904.844018487729,1.0000000000000001e-09,1,0,66.565257361213682,16.709872256163656,2649191179.6580462,5003607548.6893806,0,-7336385.4338728059
10,922804465.59751701,0,358,39025.386721960567,30991.412209015703,1.0000000000000001e-09,1,0,66.503467862485778,16.75850322935451,2648738219.5276737,5002163708.8643932,0,-7022778.5908679999
10,922804465.59751701,0,359,39075.366890065154,31077.980399543678,1.0000000000000001e-09,1,0,66.386814114775134,16.770155049879808,2647216044.9296031,4999534331.0386219,0,-7148957.4787799679
10,922804465.59751701,0,360,39125.34705816974,31164.548590071656,1.0000000000000001e-09,1,0,66.451960706224042,16.749420103084855,2648544996.1846056,5002191538.4210281,0,-7230777.2702458156
10,922804465.59751701,0,361,39175.327226274327,31251.11678059963,1.0000000000000001e-09,1,0,66.459508444365895,16.772365926087687,2648745207.7873807,5002848940.2688847,0,-7379595.0653839763
10,922804465.59751701,0,362,39225.307394378913,31337.684971127608,1.0000000000000001e-09,1,0,66.369372947050394,16.777964853994945,2647346389.8408537,4999642160.8283758,0,-7075861.8234088263
10,922804465.59751701,0,363,39275.2875624835,31424.253161655583,1.0000000000000001e-09,1,0,66.442448052884771,16.746533222590859,2648381149.0697684,5002141502.7905254,0,-7368059.3456679732
10,922804465.59751701,0,364,39325.267730588086,31510.821352183564,1.0000000000000001e-09,1,0,66.476511929056485,16.759614655177607,2648721284.4745603,5002837375.0338984,0,-7397378.1353468476
10,922804465.59751701,0,365,39375.247898692673,31597.389542711542,1.0000000000000001e-09,1,0,66.403789440488964,16.754328993649104,2647103789.137114,4999676839.1598892,0,-7336874.0317681339
10,922804465.59751701,0,366,39425.228066797259,31683.957733239517,1.0000000000000001e-09,1,0,66.499827617409224,16.707268674706324,2648272617.6681547,5001813071.2647161,0,-7302219.0778356995
10,922804465.59751701,0,367,39475.208234901846,31770.525923767495,1.0000000000000001e-09,1,0,66.585862410899438,16.701868866360606,2648902161.1331153,5003564020.2979565,0,-7602293.7586944047
10,922804465.59751701,0,368,39525.188403006432,31857.094114295469,1.0000000000000001e-09,1,0,66.516747089478969,16.702718977632923,2646937167.9283319,4999832012.7717104,0,-7585880.3942955593
10,922804465.59751701,0,369,39575.168571111019,31943.662304823451,1.0000000000000001e-09,1,0,66.598601741200611,16.643292780232535,2647668629.234365,5001023375.5653143,0,-7486940.3382676402
10,922804465.59751701,0,370,39625.148739215605,32030.230495351429,1.0000000000000001e-09,1,0,66.742062737688045,16.627900849199193,2649231575.8905082,5004456314.1838732,0,-7746617.854928772
10,922804465.59751701,0,371,39675.128907320192,32116.798685879403,1.0000000000000001e-09,1,0,66.658491987183638,16.640949737127322,2646781596.6621766,5000080360.4135809,0,-7873304.9982626904
10,922804465.59751701,0,372,39725.109075424778,32203.366876407381,1.0000000000000001e-09,1,0,66.699191340067998,16.584105919495467,2646773466.3875847,4999925433.3349543,0,-7799181.0091166301
10,922804465.59751701,0,373,39775.089243529364,32289.935066935355,1.0000000000000001e-09,1,0,66.881268296764006,16.558523264382032,2649327387.0516362,5004784306.9079247,0,-7824945.3935740674
10,922804465.59751701,0,374,39825.069411633951,32376.50325746333,1.0000000000000001e-09,1,0,66.792618127792991,16.589455798712098,2646863022.7083063,5000564004.3522892,0,-8048656.3757112669
10,922804465.59751701,0,375,39875.049579738537,32463.071447991308,1.0000000000000001e-09,1,0,66.773287639320159,16.544729995679802,2646006737.1867533,4998637312.2023668,0,-7882017.7858532919
10,922804465.59751701,0,376,39925.029747843117,32549.639638519282,1.0000000000000001e-09,1,0,66.960187444148744,16.515189297394457,2649259608.3577924,5004221940.4916782,0,-7594151.1334538655
10,922804465.59751701,0,377,39975.009915947703,32636.20782904726,1.0000000000000001e-09,1,0,66.885902370610083,16.567536775849383,2648213410.0215492,5001297087.1256628,0,-7087479.1626439812
10,922804465.59751701,0,378,40024.990084052297,32722.776019575238,1.0000000000000001e-09,1,0,66.744805711694354,16.55304897023813,2646112165.7659683,4996125105.6643028,0,-6442802.3633565623
10,922804465.59751701,0,379,40074.970252156876,32809.344210103212,1.0000000000000001e-09,1,0,66.930520411442899,16.525456390842521,2651117221.1168346,5003159125.6088667,0,-5172266.0958470637
10,922804465.59751701,0,380,40124.950420261463,32895.91240063119,1.0000000000000001e-09,1,0,66.871519656538538,16.573359167510336,2651116116.4867368,5001686178.15026,0,-4391349.8564313883
10,922804465.59751701,0,381,40174.930588366056,32982.480591159176,1.0000000000000001e-09,1,0,66.741939571997946,16.590379517908072,2649969281.7339673,4998860746.6608267,0,-4038099.6081079002
10,922804465.59751701,0,382,40224.910756470636,33069.048781687146,1.0000000000000001e-09,1,0,66.796324294432395,16.578384810365144,2651358121.5918584,5002933051.0851173,0,-4811337.5812213747
10,922804465.59751701,0,383,40274.890924575229,33155.616972215124,1.0000000000000001e-09,1,0,66.794001270485424,16.629867426027971,2651274577.0018277,5005228016.979578,0,-6113331.0803774837
10,922804465.59751701,0,384,40324.871092679808,33242.185162743095,1.0000000000000001e-09,1,0,66.594470091361814,16.674904612816839,2646805185.0320473,5000369255.018301,0,-8003097.2587817376
10,922804465.59751701,0,385,40374.851260784395,33328.75335327108,1.0000000000000001e-09,1,0,66.626382115427333,16.653472757920721,2647307463.1216879,5002704015.5972795,0,-8740395.9696451984
10,922804465.59751701,0,386,40424.831428888989,33415.321543799058,1.0000000000000001e-09,1,0,66.667143250805253,16.689921447806206,2648459606.3910275,5005494696.048646,0,-9069887.5951797776
10,922804465.59751701,0,387,40474.811596993568,33501.889734327029,1.0000000000000001e-09,1,0,66.492301589121681,16.736846344019899,2646216215.5614891,5000419294.9022388,0,-8618634.0270758327
10,922804465.59751701,0,388,40524.791765098154,33588.457924855007,1.0000000000000001e-09,1,0,66.484062647570866,16.722094733563726,2646566317.1166081,5001684013.3947926,0,-8939999.9091653358
10,922804465.59751701,0,389,40574.771933202741,33675.026115382985,1.0000000000000001e-09,1,0,66.537234004938824,16.738795708781186,2648242459.3715496,5004063396.0142488,0,-8527125.2976494431
10,922804465.59751701,0,390,40624.752101307327,33761.594305910956,1.0000000000000001e-09,1,0,66.424126799477847,16.775780080041521,2646849209.8104234,5001253617.7970829,0,-8428600.531321371
10,922804465.59751701,0,391,40674.732269411914,33848.162496438941,1.0000000000000001e-09,1,0,66.396458701704404,16.762253911518911,2646839970.8129468,5000719442.5711775,0,-8154233.9106046725
10,922804465.59751701,0,392,40724.7124375165,33934.730686966912,1.0000000000000001e-09,1,0,66.466084553325317,16.760985629250641,2648115905.1920409,5003703713.8929129,0,-8462716.1650433652
10,922804465.59751701,0,393,40774.692605621087,34021.29887749489,1.0000000000000001e-09,1,0,66.399885703437093,16.783411470811373,2647209655.6620297,5001166418.8020554,0,-8021858.7759106914
10,922804465.59751701,0,394,40824.672773725673,34107.867068022868,1.0000000000000001e-09,1,0,66.39033496313219,16.755387901575045,2646820571.0413885,5000660963.4805546,0,-8142585.8202351164
10,922804465.59751701,0,395,40874.65294183026,34194.435258550846,1.0000000000000001e-09,1,0,66.504400770343779,16.737839356933542,2648561047.4458184,5003850432.7249012,0,-8095470.2326336615
10,922804465.59751701,0,396,40924.633109934846,34281.003449078824,1.0000000000000001e-09,1,0,66.453326360389184,16.758491301926529,2647194521.7015429,5001688348.1599216,0,-8314096.7483708141
10,922804465.59751701,0,397,40974.613278039433,34367.571639606795,1.0000000000000001e-09,1,0,66.434686389419568,16.721963348586094,2646608956.5616484,4999738451.2132053,0,-7864417.829347983
10,922804465.59751701,0,398,41024.593446144019,34454.13983013478,1.0000000000000001e-09,1,0,66.598261777038317,16.677635941792367,2648588116.8477316,5004117822.1355391,0,-8210363.8709742343
10,922804465.59751701,0,399,41074.573614248606,34540.708020662758,1.0000000000000001e-09,1,0,66.599061874524409,16.699974830259073,2648007779.4913836,5002839847.4145117,0,-8112195.760863672
10,922804465.59751701,0,400,41124.553782353192,34627.276211190729,1.0000000000000001e-09,1,0,66.523424454787175,16.673287601748932,2645972202.0712681,4999042004.4921408,0,-8131413.1221472519
10,922804465.59751701,0,401,41174.533950457779,34713.844401718714,1.0000000000000001e-09,1,0,66.700731206087568,16.607659403222812,2648342203.8659301,5003126865.261795,0,-7930155.6042118007
10,922804465.59751701,0,402,41224.514118562365,34800.412592246685,1.0000000000000001e-09,1,0,66.780693686321243,16.61540819002175,2648655001.381165,5004433901.4769707,0,-8311292.95503313
10,922804465.59751701,0,403,41274.494286666944,34886.980782774655,1.0000000000000001e-09,1,0,66.671859514670686,16.617413894752154,2646087549.9273868,4999294076.0368843,0,-8149895.7074678568
10,922804465.59751701,0,404,41324.474454771538,34973.548973302633,1.0000000000000001e-09,1,0,66.781644864420144,16.551494446083886,2647430743.8010426,5001780962.9910898,0,-8127045.9416862847
10,922804465.59751701,0,405,41374.454622876117,35060.117163830611,1.0000000000000001e-09,1,0,66.921054441055162,16.555108658119124,2649370106.5110011,5005512562.823308,0,-8168873.3470129911
10,922804465.59751701,0,406,41424.434790980711,35146.685354358589,1.0000000000000001e-09,1,0,66.775263174597399,16.576730663171023,2646014991.093184,4999579483.6296825,0,-8373983.8393032942
10,922804465.59751701,0,407,41474.41495908529,35233.25354488656,1.0000000000000001e-09,1,0,66.839881414689415,16.534989676653751,2647329633.8441591,5001738001.5139303,0,-8205346.685987616
10,922804465.59751701,0,408,41524.395127189877,35319.821735414545,1.0000000000000001e-09,1,0,66.934949638815752,16.535195673525966,2648821720.8824944,5004508483.6755543,0,-8184170.8170984937
10,922804465.59751701,0,409,41574.375295294471,35406.389925942523,1.0000000000000001e-09,1,0,66.837399423484158,16.570919290103582,2647013215.4402337,5001358939.3142471,0,-8320512.4591746237
10,922804465.59751701,0,410,41624.35546339905,35492.958116470494,1.0000000000000001e-09,1,0,66.804004375099055,16.554952783399337,2646603485.518765,5000723412.1624012,0,-8392826.7498484142
10,922804465.59751701,0,411,41674.335631503644,35579.526306998472,1.0000000000000001e-09,1,0,66.886512053101285,16.564124711966677,2648732050.165731,5004525249.5657787,0,-8282742.9213335328
10,922804465.59751701,0,412,41724.315799608223,35666.09449752645,1.0000000000000001e-09,1,0,66.772091881693385,16.610078811252009,2647107849.8717871,5001549230.2604189,0,-8326907.7624524441
10,922804465.59751701,0,413,41774.295967712809,35752.662688054428,1.0000000000000001e-09,1,0,66.708337509532996,16.604531178457925,2646268847.5078521,5000401609.9882126,0,-8556612.7629003394
10,922804465.59751701,0,414,41824.276135817403,35839.230878582406,1.0000000000000001e-09,1,0,66.786982423342309,16.618485587178487,2648649516.6700306,5004748388.2892666,0,-8483745.774194818
10,922804465.59751701,0,415,41874.256303921982,35925.799069110384,1.0000000000000001e-09,1,0,66.649759947632077,16.673356349510012,2646937071.4507241,5001396319.1796894,0,-8416502.2583085615
10,922804465.59751701,0,416,41924.236472026576,36012.367259638362,1.0000000000000001e-09,1,0,66.582405745929066,16.673199026915849,2646404527.1295838,5000671871.450552,0,-8564421.0181625895
10,922804465.59751701,0,417,41974.216640131155,36098.935450166333,1.0000000000000001e-09,1,0,66.637625296540349,16.682021578879191,2647982932.9021707,5004002865.9034328,0,-8754514.9724406507
10,922804465.59751701,0,418,42024.196808235742,36185.503640694311,1.0000000000000001e-09,1,0,66.54827359645121,16.734168367917238,2647412560.9953628,5002469925.5062618,0,-8511014.4120208491
10,922804465.59751701,0,419,42074.176976340328,36272.071831222289,1.0000000000000001e-09,1,0,66.435937237691235,16.744137081487729,2645937200.5582209,5000101249.437479,0,-8728791.5538474061
10,922804465.59751701,0,420,42124.157144444915,36358.64002175026,1.0000000000000001e-09,1,0,66.508056747292756,16.729941577141869,2647547014.8123078,5003389296.1973505,0,-8864675.1323626451
10,922804465.59751701,0,421,42174.137312549501,36445.208212278238,1.0000000000000001e-09,1,0,66.477044393970942,16.768004056147074,2647298966.1935458,5003239536.9081831,0,-9033213.1827974357
10,922804465.59751701,0,422,42224.117480654088,36531.776402806223,1.0000000000000001e-09,1,0,66.373386471001822,16.775615388322091,2645880415.7042093,5000215353.06709,0,-8846156.5861386396
10,922804465.59751701,0,423,42274.097648758674,36618.344593334194,1.0000000000000001e-09,1,0,66.44381140751922,16.752088228695555,2646939427.9804854,5003215626.2121038,0,-9380056.6705620885
10,922804465.59751701,0,424,42324.077816863261,36704.912783862172,1.0000000000000001e-09,1,0,66.455287302260729,16.773097060229706,2647150654.608098,5003576322.9367561,0,-9360332.0307455566
10,922804465.59751701,0,425,42374.057984967847,36791.48097439015,1.0000000000000001e-09,1,0,66.369668075810551,16.775804368028538,2645561766.4128785,5000836905.2926378,0,-9494801.906130977
10,922804465.59751701,0,426,42424.038153072433,36878.049164918128,1.0000000000000001e-09,1,0,66.451337154488883,16.733506977726069,2646722251.8449945,5002906111.2760439,0,-9432904.3787038941
10,922804465.59751701,0,427,42474.01832117702,36964.617355446106,1.0000000000000001e-09,1,0,66.523232685394404,16.740099472512831,2647665280.9891591,5005158916.0150337,0,-9685939.8398219272
10,922804465.59751701,0,428,42523.998489281606,37051.185545974084,1.0000000000000001e-09,1,0,66.430584888743923,16.743841141375711,2646374935.3224039,5000928993.7965612,0,-8730524.8504495136
10,922804465.59751701,0,429,42573.978657386193,37137.753736502062,1.0000000000000001e-09,1,0,66.508155538743949,16.685830478845215,2648176710.5112348,5002300103.6744194,0,-7656702.6734739849
10,922804465.59751701,0,430,42623.958825490779,37224.321927030032,1.0000000000000001e-09,1,0,66.639953475437736,16.661388380023183,2650457984.0783982,5004070331.8397064,0,-6315282.9761724994
10,922804465.59751701,0,431,42673.938993595366,37310.89011755801,1.0000000000000001e-09,1,0,66.616251981487423,16.673896004481069,2649433036.4815469,5001912530.6938953,0,-6194605.5079308357
10,922804465.59751701,0,432,42723.919161699952,37397.458308085988,1.0000000000000001e-09,1,0,66.599470433198334,16.634006303674266,2647932445.5447502,4998998222.2582674,0,-6147924.6779611427
10,922804465.59751701,0,433,42773.899329804532,37484.026498613959,1.0000000000000001e-09,1,0,66.772572773078807,16.594650825903216,2649277657.1206298,5003790096.1118135,0,-7346826.495563467
10,922804465.59751701,0,434,42823.879497909125,37570.594689141937,1.0000000000000001e-09,1,0,66.730872047485079,16.612222016274881,2646764488.0763164,5000347495.7619915,0,-8032241.7370880498
10,922804465.59751701,0,435,42873.859666013705,37657.162879669915,1.0000000000000001e-09,1,0,66.736774806385384,16.579250556714619,2645932144.3234844,5000261400.9039526,0,-8818875.7971487455
10,922804465.59751701,0,436,42923.839834118291,37743.731070197893,1.0000000000000001e-09,1,0,66.857481011805845,16.551295538808347,2647413964.7482381,5003169022.2002335,0,-8880776.7868569475
10,922804465.59751701,0,437,42973.820002222885,37830.299260725871,1.0000000000000001e-09,1,0,66.849788174335004,16.568553884313395,2646550131.5580997,5002654420.4548025,0,-9471396.3588871732
10,922804465.59751701,0,438,43023.800170327464,37916.867451253849,1.0000000000000001e-09,1,0,66.796556957907882,16.553951675974048,2645288051.84273,4999989456.1439552,0,-9318586.7003794368
10,922804465.59751701,0,439,43073.780338432058,38003.435641781827,1.0000000000000001e-09,1,0,66.906775613772211,16.533620085934949,2647380374.6257553,5004128324.1547976,0,-9423681.8506994043
10,922804465.59751701,0,440,43123.760506536637,38090.003832309798,1.0000000000000001e-09,1,0,66.868790327094942,16.569268857732496,2646885134.3519344,5002831223.0115671,0,-9230262.0111685842
10,922804465.59751701,0,441,43173.740674641223,38176.572022837776,1.0000000000000001e-09,1,0,66.77718969970995,16.563940966749684,2645050150.6644235,5000012814.7937574,0,-9568889.5101613104
10,922804465.59751701,0,442,43223.720842745817,38263.140213365761,1.0000000000000001e-09,1,0,66.883105584264129,16.555922444177533,2647702505.2230949,5004491334.902854,0,-9294281.8081182688
10,922804465.59751701,0,443,43273.701010850396,38349.708403893732,1.0000000000000001e-09,1,0,66.804875302338957,16.605087736998431,2646843326.5538783,5002861777.295392,0,-9288291.7643426284
10,922804465.59751701,0,444,43323.681178954983,38436.27659442171,1.0000000000000001e-09,1,0,66.691413708230286,16.620802096445072,2645488209.6042466,5000238480.3871231,0,-9250641.4994533416
10,922804465.59751701,0,445,43373.661347059569,38522.844784949688,1.0000000000000001e-09,1,0,66.746628539515015,16.608737801728054,2646935240.2941418,5003382350.4883823,0,-9472762.0176983494
10,922804465.59751701,0,446,43423.641515164156,38609.412975477666,1.0000000000000001e-09,1,0,66.725838657763333,16.663790390919402,2647726180.9056005,5004361178.2055531,0,-9201503.0133417789
10,922804465.59751701,0,447,43473.621683268742,38695.981166005637,1.0000000000000001e-09,1,0,66.539387271980345,16.697689894613969,2645115780.0827465,4999606775.3253937,0,-9287684.623588955
10,922804465.59751701,0,448,43523.601851373329,38782.549356533615,1.0000000000000001e-09,1,0,66.590390142664347,16.67596956627181,2646606546.7040854,5002663009.5340891,0,-9419541.3478676938
10,922804465.59751701,0,449,43573.582019477915,38869.117547061593,1.0000000000000001e-09,1,0,66.616231289958307,16.711247865596857,2647683712.9261303,5004748508.4520826,0,-9449613.3151997644
10,922804465.59751701,0,450,43623.562187582502,38955.685737589571,1.0000000000000001e-09,1,0,66.45550933499301,16.758983213442644,2645817066.3707628,5000779317.4201508,0,-9208927.2540904637
10,922804465.59751701,0,451,43673.542355687088,39042.253928117541,1.0000000000000001e-09,1,0,66.434238375526462,16.740866573726251,2645819234.9688554,5001251913.7827177,0,-9457670.6733903661
10,922804465.59751701,0,452,43723.522523791675,39128.822118645527,1.0000000000000001e-09,1,0,66.509601311417967,16.74977490673508,2647516447.7044725,5004533779.0347462,0,-9502873.8691031132
10,922804465.59751701,0,453,43773.502691896261,39215.390309173497,1.0000000000000001e-09,1,0,66.407406709118305,16.783660042019566,2646098553.1720552,5001575936.0614586,0,-9350383.1714050863
10,922804465.59751701,0,454,43823.482860000848,39301.958499701475,1.0000000000000001e-09,1,0,66.378528840004265,16.767840290004692,2645777071.011158,5001029782.7925282,0,-9381900.3021579273
10,922804465.59751701,0,455,43873.463028105434,39388.526690229461,1.0000000000000001e-09,1,0,66.467367128435313,16.755129052214972,2647172656.7283645,5004048992.805562,0,-9589280.9539964721
10,922804465.59751701,0,456,43923.443196210021,39475.094880757431,1.0000000000000001e-09,1,0,66.418293945586001,16.776623495170192,2646135207.7387123,5002061692.585125,0,-9571627.6470840685
10,922804465.59751701,0,457,43973.423364314607,39561.663071285409,1.0000000000000001e-09,1,0,66.400641232766063,16.748654886710465,2645639244.3981352,5000811926.4756775,0,-9404062.1062832233
10,922804465.59751701,0,458,44023.403532419194,39648.23126181338,1.0000000000000001e-09,1,0,66.52282479061229,16.720306096571676,2647132997.8112936,5004184585.5879793,0,-9700929.1229360066
10,922804465.59751701,0,459,44073.38370052378,39734.799452341365,1.0000000000000001e-09,1,0,66.505891165251299,16.735096325335881,2646267573.8176608,5002566950.6657658,0,-9707514.4248339329
10,922804465.59751701,0,460,44123.363868628367,39821.367642869343,1.0000000000000001e-09,1,0,66.473439376392946,16.706920975510513,2645192293.5080805,5000377036.666008,0,-9620120.2342706341
10,922804465.59751701,0,461,44173.344036732946,39907.935833397307,1.0000000000000001e-09,1,0,66.621297348112591,16.660765881734669,2647104917.2059855,5003945813.783391,0,-9602240.4174156878
10,922804465.59751701,0,462,44223.324204837532,39994.504023925292,1.0000000000000001e-09,1,0,66.642495047423409,16.670032451944529,2646471999.9277754,5003291869.3521805,0,-9887963.9177939314
10,922804465.59751701,0,463,44273.304372942119,40081.072214453263,1.0000000000000001e-09,1,0,66.598060143788572,16.645507721021328,2645067576.2955556,5000119717.6162643,0,-9608220.9871838801
10,922804465.59751701,0,464,44323.284541046705,40167.640404981241,1.0000000000000001e-09,1,0,66.733659681412448,16.591862750285273,2646722645.9831285,5003166325.1841421,0,-9570663.6455022953
10,922804465.59751701,0,465,44373.264709151299,40254.208595509226,1.0000000000000001e-09,1,0,66.796444974808253,16.597414945342784,2647075504.1736107,5003677311.222024,0,-9489099.4128078148
10,922804465.59751701,0,466,44423.244877255878,40340.776786037197,1.0000000000000001e-09,1,0,66.708789026886194,16.589758232460081,2644467814.5360479,4999309750.0347366,0,-9777952.7760620657
10,922804465.59751701,0,467,44473.225045360465,40427.344976565175,1.0000000000000001e-09,1,0,66.849538648673871,16.535974926602712,2646689941.3712821,5003034191.7583675,0,-9533215.6556002945
10,922804465.59751701,0,468,44523.205213465051,40513.913167093146,1.0000000000000001e-09,1,0,66.916897332247572,16.556200775641106,2647329177.9254293,5004897562.0133114,0,-9883284.197422713
10,922804465.59751701,0,469,44573.185381569638,40600.481357621131,1.0000000000000001e-09,1,0,66.775745369169542,16.56573813659735,2644418526.0861096,4999009905.9792929,0,-9668047.2863120697
10,922804465.59751701,0,470,44623.165549674231,40687.049548149109,1.0000000000000001e-09,1,0,66.879007491063078,16.521198960136608,2646416673.9736199,5002656885.3822746,0,-9606162.6286749579
10,922804465.59751701,0,471,44673.145717778811,40773.61773867708,1.0000000000000001e-09,1,0,66.934548467704957,16.542075773412773,2647946359.7771344,5004032419.6412134,0,-8806778.8402876202
10,922804465.59751701,0,472,44723.125885883397,40860.185929205065,1.0000000000000001e-09,1,0,66.77993747649333,16.589279105943699,2645883393.1387315,5000061853.3923588,0,-8761682.7286404539
10,922804465.59751701,0,473,44773.106053987984,40946.754119733036,1.0000000000000001e-09,1,0,66.7704320847578,16.556305513451729,2646177365.3648419,5000220186.3845024,0,-8551773.0422120467
10,922804465.59751701,0,474,44823.08622209257,41033.322310261014,1.0000000000000001e-09,1,0,66.914186612956598,16.569782362594434,2648893889.6107521,5006932226.8679962,0,-9398821.7561422605
10,922804465.59751701,0,475,44873.066390197164,41119.890500788999,1.0000000000000001e-09,1,0,66.717532257234637,16.638872429521275,2645459822.8923469,5001018177.6646595,0,-9692986.9980671033
10,922804465.59751701,0,476,44923.046558301743,41206.458691316962,1.0000000000000001e-09,1,0,66.652965422400143,16.62278927366091,2644507955.1723108,5000670846.2735014,0,-10460448.685865954
10,922804465.59751701,0,477,44973.02672640633,41293.02688184494,1.0000000000000001e-09,1,0,66.76803449385244,16.629410090100052,2647348052.6956992,5005673602.0491552,0,-10276426.502168719
10,922804465.59751701,0,478,45023.006894510916,41379.595072372918,1.0000000000000001e-09,1,0,66.627575707775136,16.699040670741468,2645690001.0135217,5002650265.7986183,0,-10329321.103175083
10,922804465.59751701,0,479,45072.987062615503,41466.163262900896,1.0000000000000001e-09,1,0,66.499417766209206,16.708291053553623,2644347481.8966279,4999861812.1109962,0,-10191387.564070968
10,922804465.59751701,0,480,45122.967230720089,41552.731453428874,1.0000000000000001e-09,1,0,66.58479464310112,16.697265512270899,2646348198.7609386,5004270885.0186958,0,-10531546.478238903
10,922804465.59751701,0,481,45172.947398824675,41639.299643956845,1.0000000000000001e-09,1,0,66.533603988106691,16.746401115985694,2646249850.0223069,5003343467.2160912,0,-10137508.287455218
10,922804465.59751701,0,482,45222.927566929262,41725.86783448483,1.0000000000000001e-09,1,0,66.403893041706141,16.763113647982955,2644503854.893034,5000349755.9059286,0,-10294074.881404439
10,922804465.59751701,0,483,45272.907735033848,41812.436025012808,1.0000000000000001e-09,1,0,66.462089664368634,16.743367561189565,2645841716.6473141,5002881415.5090036,0,-10300328.039348893
10,922804465.59751701,0,484,45322.887903138435,41899.004215540779,1.0000000000000001e-09,1,0,66.472339043456046,16.768873425286252,2646211079.6662159,5003883482.1634693,0,-10462984.700975936
10,922804465.59751701,0,485,45372.868071243021,41985.572406068764,1.0000000000000001e-09,1,0,66.371148967795875,16.778679369554709,2644731008.336308,5000379291.6549406,0,-10082602.630300505
10,922804465.59751701,0,486,45422.848239347608,42072.140596596735,1.0000000000000001e-09,1,0,66.437623599572802,16.751489828938944,2645783068.9085383,5003013108.4235172,0,-10428894.502567554
10,922804465.59751701,0,487,45472.828407452194,42158.708787124713,1.0000000000000001e-09,1,0,66.463564249926549,16.767063120868766,2646147914.5624943,5003553895.3333883,0,-10351164.758288844
10,922804465.59751701,0,488,45522.808575556781,42245.276977652691,1.0000000000000001e-09,1,0,66.388119038349714,16.764735877813472,2644600596.6185188,5000583093.056757,0,-10321217.087092645
10,922804465.59751701,0,489,45572.788743661367,42331.845168180669,1.0000000000000001e-09,1,0,66.473744792496475,16.719161245155988,2645640396.8499293,5002331428.2994995,0,-10209647.281478468
10,922804465.59751701,0,490,45622.768911765954,42418.413358708647,1.0000000000000001e-09,1,0,66.56364620972802,16.717125019967163,2646497851.9397416,5004582692.3307886,0,-10547438.800667012
10,922804465.59751701,0,491,45672.74907987054,42504.981549236618,1.0000000000000001e-09,1,0,66.478855825553282,16.723069550205903,2644431187.9837985,5000407200.613512,0,-10397240.475400062
10,922804465.59751701,0,492,45722.72924797512,42591.549739764596,1.0000000000000001e-09,1,0,66.554233396986049,16.657535807151461,2644956204.6333447,5001300894.6093302,0,-10346706.029238237
10,922804465.59751701,0,493,45772.709416079713,42678.117930292574,1.0000000000000001e-09,1,0,66.727693890610098,16.637220340996258,2647096889.009995,5005617706.3683901,0,-10497913.916261924
10,922804465.59751701,0,494,45822.689584184292,42764.686120820545,1.0000000000000001e-09,1,0,66.634697786540784,16.659760274727869,2644561071.8880682,5001106977.5230417,0,-10638883.84049339
10,922804465.59751701,0,495,45872.669752288879,42851.25431134853,1.0000000000000001e-09,1,0,66.647582262198085,16.602858824546178,2644199240.1328449,4999999854.3641253,0,-10412919.058720449
10,922804465.59751701,0,496,45922.649920393473,42937.822501876508,1.0000000000000001e-09,1,0,66.859138036579125,16.564456900685588,2647210679.2122302,5005849993.2916822,0,-10507450.055815475
10,922804465.59751701,0,497,45972.630088498052,43024.390692404479,1.0000000000000001e-09,1,0,66.791675818271017,16.597122669688833,2645117127.1779971,5002167269.8033257,0,-10645761.52287055
10,922804465.59751701,0,498,46022.610256602646,43110.958882932457,1.0000000000000001e-09,1,0,66.744501290938274,16.56544441923884,2643905690.8668799,4999824059.5234671,0,-10613134.897660971
10,922804465.59751701,0,499,46072.590424707225,43197.527073460435,1.0000000000000001e-09,1,0,66.908844127424402,16.519570154944205,2646334188.6957507,5004229812.2394266,0,-10523750.082954664
10,922804465.59751701,0,500,46122.570592811811,43284.095263988413,1.0000000000000001e-09,1,0,66.926093699285119,16.556305685497993,2646366739.0317745,5004558497.9811449,0,-10665706.385325238
10,922804465.59751701,0,501,46172.550760916405,43370.663454516391,1.0000000000000001e-09,1,0,66.766588417620056,16.560915935711506,2643090018.8567038,4998712869.7728786,0,-10838851.326035462
10,922804465.59751701,0,502,46222.530929020984,43457.231645044369,1.0000000000000001e-09,1,0,66.909451119789409,16.523933061715979,2646149307.9439487,5004158250.2003965,0,-10670636.941867692
10,922804465.59751701,0,503,46272.511097125571,43543.799835572347,1.0000000000000001e-09,1,0,66.902382348414591,16.569184377004504,2646199025.016448,5004341911.3205976,0,-10718429.680771805
10,922804465.59751701,0,504,46322.491265230157,43630.368026100317,1.0000000000000001e-09,1,0,66.742663538719071,16.591236572904624,2643570857.0100584,4999542891.4223404,0,-10798690.298142407
10,922804465.59751701,0,505,46372.471433334744,43716.936216628288,1.0000000000000001e-09,1,0,66.809841135561697,16.574915284554397,2645434226.6570439,5003364024.1138382,0,-10964045.771176172
10,922804465.59751701,0,506,46422.45160143933,43803.504407156273,1.0000000000000001e-09,1,0,66.803248391089056,16.616053651260362,2646131830.5344167,5004098955.7302761,0,-10656633.58621785
10,922804465.59751701,0,507,46472.431769543917,43890.072597684244,1.0000000000000001e-09,1,0,66.648200367122641,16.654477747428118,2643948013.3531117,5000483728.0438356,0,-10921045.236666575
10,922804465.59751701,0,508,46522.411937648503,43976.640788212222,1.0000000000000001e-09,1,0,66.658371394842646,16.64121588729218,2644795925.4094601,5002054996.0323391,0,-10907354.626165342
10,922804465.59751701,0,509,46572.39210575309,44063.2089787402,1.0000000000000001e-09,1,0,66.685099186746328,16.676694375130701,2646073255.4153461,5004728367.7943764,0,-11049377.698705519
10,922804465.59751701,0,510,46622.372273857676,44149.777169268178,1.0000000000000001e-09,1,0,66.526173666053467,16.719248585405683,2644093872.4355145,5000445011.5875139,0,-10754630.718544248
10,922804465.59751701,0,511,46672.352441962263,44236.345359796156,1.0000000000000001e-09,1,0,66.519091189461918,16.707541347434354,2644355795.4989662,5001853328.3920774,0,-11240414.659531135
10,922804465.59751701,0,512,46722.332610066849,44322.913550324134,1.0000000000000001e-09,1,0,66.560323049156722,16.728667253843646,2645801720.3342323,5004157272.5144081,0,-11017705.476162622
10,922804465.59751701,0,513,46772.312778171436,44409.481740852112,1.0000000000000001e-09,1,0,66.439089022128144,16.769425369067374,2644290093.5229144,5001417804.211874,0,-11074887.071966717
10,922804465.59751701,0,514,46822.292946276022,44496.049931380083,1.0000000000000001e-09,1,0,66.407249130572822,16.756632745156903,2644153409.5285554,5000957889.469739,0,-10967392.005907224
10,922804465.59751701,0,515,46872.273114380609,44582.618121908061,1.0000000000000001e-09,1,0,66.476966196291045,16.7583059364676,2645446580.8077846,5004152764.3476315,0,-11370451.515645074
10,922804465.59751701,0,516,46922.253282485195,44669.186312436046,1.0000000000000001e-09,1,0,66.401894408772449,16.785424956524178,2644438647.1973329,5001561162.8471479,0,-11002445.71505639
10,922804465.59751701,0,517,46972.233450589782,44755.754502964017,1.0000000000000001e-09,1,0,66.381493493909488,16.762445533137477,2643922971.3398986,5001004020.3535719,0,-11222322.116278544
10,922804465.59751701,0,518,47022.213618694368,44842.322693491995,1.0000000000000001e-09,1,0,66.486612173443234,16.745697398378173,2645519608.2868958,5004019204.2200766,0,-11226513.966781637
10,922804465.59751701,0,519,47072.193786798955,44928.890884019973,1.0000000000000001e-09,1,0,66.439185851053736,16.768081690209623,2644271294.4598236,5002174907.1259136,0,-11495649.067044834
10,922804465.59751701,0,520,47122.173954903534,45015.459074547944,1.0000000000000001e-09,1,0,66.411753969803172,16.736742503250369,2643587040.8691506,5000093778.0857725,0,-11074984.534594944
10,922804465.59751701,0,521,47172.15412300812,45102.027265075922,1.0000000000000001e-09,1,0,66.561340566326933,16.693531079402934,2645286963.9040565,5004098970.9521456,0,-11501508.298200587
10,922804465.59751701,0,522,47222.134291112707,45188.5954556039,1.0000000000000001e-09,1,0,66.570668223868765,16.714795846381151,2644919789.2960715,5003199163.5403786,0,-11390954.953052899
10,922804465.59751701,0,523,47272.114459217293,45275.163646131878,1.0000000000000001e-09,1,0,66.490715701503333,16.693357822604369,2642848785.4818921,4999415915.6289587,0,-11453347.527325161
10,922804465.59751701,0,524,47322.094627321887,45361.731836659856,1.0000000000000001e-09,1,0,66.654090734763287,16.63138585899609,2645045337.113452,5003185372.0514584,0,-11258084.924624069
10,922804465.59751701,0,525,47372.074795426466,45448.300027187826,1.0000000000000001e-09,1,0,66.731262019391465,16.630397824471107,2645109140.9306965,5004128237.0609226,0,-11694869.305658262
10,922804465.59751701,0,526,47422.054963531053,45534.868217715812,1.0000000000000001e-09,1,0,66.662640417779642,16.629877172931007,2643320017.5354104,5000366000.454114,0,-11486536.834347874
10,922804465.59751701,0,527,47472.035131635639,45621.436408243782,1.0000000000000001e-09,1,0,66.741661923641615,16.573746030863742,2643976857.2858324,5001715613.9592657,0,-11546237.188973283
10,922804465.59751701,0,528,47522.015299740226,45708.00459877176,1.0000000000000001e-09,1,0,66.874371767284643,16.568729850502486,2645750957.4368577,5005090546.4091129,0,-11563964.433718624
10,922804465.59751701,0,529,47571.995467844819,45794.572789299746,1.0000000000000001e-09,1,0,66.767977353731808,16.581892917806744,2642942085.6492429,5000322593.762393,0,-11841423.133503888
10,922804465.59751701,0,530,47621.975635949399,45881.140979827716,1.0000000000000001e-09,1,0,66.827207631569166,16.543531133339453,2644013533.0474443,5001870068.7536373,0,-11591564.944802552
10,922804465.59751701,0,531,47671.955804053985,45967.709170355694,1.0000000000000001e-09,1,0,66.912111258321772,16.544171574917566,2645234143.6696582,5004381732.0517244,0,-11704452.747600537
10,922804465.59751701,0,532,47721.935972158572,46054.277360883672,1.0000000000000001e-09,1,0,66.822806159046564,16.567287930538498,2643348981.1123013,5000937055.2215214,0,-11760759.052112395
10,922804465.59751701,0,533,47771.916140263158,46140.84555141165,1.0000000000000001e-09,1,0,66.831495318640052,16.546551671744595,2643550847.7625141,5001602864.6885576,0,-11912385.593568482
10,922804465.59751701,0,534,47821.896308367744,46227.413741939621,1.0000000000000001e-09,1,0,66.891649214560644,16.558431015201776,2645058174.9268527,5004081124.9573421,0,-11720822.436193245
10,922804465.59751701,0,535,47871.876476472331,46313.981932467592,1.0000000000000001e-09,1,0,66.790116569410969,16.595917540609733,2643519194.3987484,5001528149.0502539,0,-11904370.747792434
10,922804465.59751701,0,536,47921.856644576917,46400.550122995577,1.0000000000000001e-09,1,0,66.747176341451492,16.585494280502616,2642937095.3637929,5000654601.2487526,0,-12022683.646145659
10,922804465.59751701,0,537,47971.836812681504,46487.118313523548,1.0000000000000001e-09,1,0,66.825451289159247,16.603839961748868,2645242509.2444158,5005023003.5570393,0,-12036552.609840412
10,922804465.59751701,0,538,48021.81698078609,46573.686504051526,1.0000000000000001e-09,1,0,66.671729513754201,16.65868425739529,2643219887.5018339,5000963773.8336649,0,-11904038.17353015
10,922804465.59751701,0,539,48071.797148890677,46660.254694579511,1.0000000000000001e-09,1,0,66.619387453981346,16.652278023254169,2642851269.3059139,5000734310.3080139,0,-12150829.032845873
10,922804465.59751701,0,540,48121.777316995263,46746.822885107482,1.0000000000000001e-09,1,0,66.683132299995606,16.663142433661633,2644590589.6612082,5004182626.44594,0,-12242297.120568175
10,922804465.59751701,0,541,48171.75748509985,46833.39107563546,1.0000000000000001e-09,1,0,66.578172124767704,16.722433908534871,2643819219.0385222,5002379424.0299282,0,-12056307.103567265
10,922804465.59751701,0,542,48221.737653204436,46919.959266163438,1.0000000000000001e-09,1,0,66.450695502134508,16.732508654313389,2642146830.0278983,4999510414.5052233,0,-12205474.555997774
10,922804465.59751701,0,543,48271.717821309023,47006.527456691416,1.0000000000000001e-09,1,0,66.539291289089661,16.715962406950343,2644119419.8362188,5003548062.0478258,0,-12376562.462346215
10,922804465.59751701,0,544,48321.697989413609,47093.095647219394,1.0000000000000001e-09,1,0,66.501739365950954,16.760033162145973,2643854613.2829833,5003141646.3299303,0,-12425593.788008198
10,922804465.59751701,0,545,48371.678157518196,47179.663837747365,1.0000000000000001e-09,1,0,66.380758961918247,16.773882601801795,2642276668.6006284,4999869199.6474915,0,-12266123.069068033
10,922804465.59751701,0,546,48421.658325622782,47266.23202827535,1.0000000000000001e-09,1,0,66.442963377344554,16.750842084683896,2643333422.4460411,5002655957.5115957,0,-12688921.528889872
10,922804465.59751701,0,547,48471.638493727369,47352.800218803321,1.0000000000000001e-09,1,0,66.462836237991993,16.771594430110419,2643773025.0129437,5003405282.1342669,0,-12647152.224487541
10,922804465.59751701,0,548,48521.618661831955,47439.368409331299,1.0000000000000001e-09,1,0,66.369010745207177,16.780800635907166,2642129469.4632592,5000384241.7527456,0,-12686769.621401798
10,922804465.59751701,0,549,48571.598829936534,47525.936599859277,1.0000000000000001e-09,1,0,66.433216604674939,16.744544171180021,2643003254.9917669,5002103995.886179,0,-12726040.166186327
10,922804465.59751701,0,550,48621.578998041121,47612.504790387247,1.0000000000000001e-09,1,0,66.497233634791314,16.750059370948193,2643583371.79458,5004015594.4841709,0,-13160833.969260134
10,922804465.59751701,0,551,48671.559166145707,47699.072980915225,1.0000000000000001e-09,1,0,66.418826494706138,16.75384209172282,2641900423.5353394,5000414276.7080812,0,-12931761.781321131
10,922804465.59751701,0,552,48721.539334250301,47785.641171443211,1.0000000000000001e-09,1,0,66.486974270148039,16.705093948906384,2642474579.147469,5001891240.1047201,0,-13141759.1902803
10,922804465.59751701,0,553,48771.51950235488,47872.209361971181,1.0000000000000001e-09,1,0,66.606817011442843,16.686183533244101,2643831962.0270357,5004387253.8889294,0,-13109566.057540344
10,922804465.59751701,0,554,48821.499670459467,47958.777552499159,1.0000000000000001e-09,1,0,66.556855544515685,16.695307864568935,2642465099.2763567,5001676029.2841272,0,-13036978.805818444
10,922804465.59751701,0,555,48871.479838564053,48045.34574302713,1.0000000000000001e-09,1,0,66.57624186064379,16.647476103769673,2643041696.5243564,5000420931.6651173,0,-11794022.058360215
10,922804465.59751701,0,556,48921.46000666864,48131.913933555115,1.0000000000000001e-09,1,0,66.740118983802262,16.614006851537965,2645858091.5512457,5004511856.6484957,0,-11149590.935377842
10,922804465.59751701,0,557,48971.440174773234,48218.482124083093,1.0000000000000001e-09,1,0,66.702504116722864,16.624128307269984,2644337085.3095751,5000789022.1148996,0,-10694060.755628416
10,922804465.59751701,0,558,49021.420342877813,48305.050314611064,1.0000000000000001e-09,1,0,66.703595755476343,16.585565962632948,2642955579.1903644,4999406718.2583742,0,-11341670.728421994
10,922804465.59751701,0,559,49071.400510982399,48391.618505139049,1.0000000000000001e-09,1,0,66.841267603848294,16.560977689908185,2644273044.0693812,5002785595.8135595,0,-11818127.790171629
10,922804465.59751701,0,560,49121.380679086986,48478.18669566702,1.0000000000000001e-09,1,0,66.817491132956619,16.57666507075599,2642489110.0313206,5001433492.5026731,0,-12884199.8293877
10,922804465.59751701,0,561,49171.360847191572,48564.754886194998,1.0000000000000001e-09,1,0,66.794368124737701,16.550651738755587,2641366821.1818352,4999553261.56847,0,-13008231.869808387
10,922804465.59751701,0,562,49221.341015296166,48651.323076722976,1.0000000000000001e-09,1,0,66.920000556615435,16.5278673320494,2643320128.271771,5003781775.3954411,0,-13299937.689308614
10,922804465.59751701,0,563,49271.321183400745,48737.891267250954,1.0000000000000001e-09,1,0,66.877796017889921,16.567468548448829,2642607057.032515,5002322566.6693563,0,-13238282.260602454
10,922804465.59751701,0,564,49321.301351505332,48824.459457778925,1.0000000000000001e-09,1,0,66.772777411772964,16.554903720919505,2640276679.9307647,4998713479.3184242,0,-13652513.873435989
10,922804465.59751701,0,565,49371.281519609918,48911.027648306903,1.0000000000000001e-09,1,0,66.924623484093743,16.535492685029261,2643628892.9741263,5004518426.7445955,0,-13382277.724061269
10,922804465.59751701,0,566,49421.261687714505,48997.595838834881,1.0000000000000001e-09,1,0,66.8440594159987,16.592797318108801,2642553279.2148328,5002659033.8656139,0,-13470698.065525537
10,922804465.59751701,0,567,49471.241855819091,49084.164029362859,1.0000000000000001e-09,1,0,66.703695395511474,16.605915185751172,2640603343.1625848,4998909437.5881519,0,-13429889.285766212
10,922804465.59751701,0,568,49521.222023923678,49170.73221989083,1.0000000000000001e-09,1,0,66.795064938086639,16.584516786189305,2642650165.7242551,5003312931.9842844,0,-13720980.74555397
10,922804465.59751701,0,569,49571.202192028264,49257.300410418815,1.0000000000000001e-09,1,0,66.77485070231684,16.642389760563837,2643280579.4566517,5003922204.4538441,0,-13414043.44378832
10,922804465.59751701,0,570,49621.182360132843,49343.868600946786,1.0000000000000001e-09,1,0,66.574773069795114,16.683268399308901,2640488795.4281187,4999027377.2822847,0,-13607053.851254119
10,922804465.59751701,0,571,49671.162528237437,49430.436791474764,1.0000000000000001e-09,1,0,66.613961226339583,16.659504681672651,2641799731.5284476,5001659376.0005808,0,-13693504.951760603
10,922804465.59751701,0,572,49721.142696342024,49517.004982002742,1.0000000000000001e-09,1,0,66.657622088532605,16.693025342815535,2643184321.6393585,5004504173.3911972,0,-13819281.633541323
10,922804465.59751701,0,573,49771.12286444661,49603.57317253072,1.0000000000000001e-09,1,0,66.484833490956348,16.746463628974784,2641092383.7672944,5000041746.90662,0,-13542017.115524972
10,922804465.59751701,0,574,49821.103032551197,49690.141363058698,1.0000000000000001e-09,1,0,66.454259437758409,16.729865368397483,2640955581.7547846,5000468383.2929039,0,-13905329.962329369
10,922804465.59751701,0,575,49871.083200655776,49776.709553586668,1.0000000000000001e-09,1,0,66.533665846263901,16.739468880275471,2642832197.0659518,5003974307.9639454,0,-13890088.757584196
10,922804465.59751701,0,576,49921.063368760369,49863.277744114654,1.0000000000000001e-09,1,0,66.424909007435247,16.778399260457455,2641335118.2722578,5001039369.5506849,0,-13828942.866224241
10,922804465.59751701,0,577,49971.043536864956,49949.845934642632,1.0000000000000001e-09,1,0,66.383798953215447,16.767746362555297,2640935424.4195008,5000296906.2382822,0,-13834446.280135475
10,922804465.59751701,0,578,50021.023704969535,50036.414125170595,1.0000000000000001e-09,1,0,66.462484892106517,16.757569478364307,2642203379.1025462,5003258257.3036013,0,-14138739.352001814
10,922804465.59751701,0,579,50071.003873074122,50122.98231569858,1.0000000000000001e-09,1,0,66.414853064241598,16.780514481226838,2641323757.1371598,5001447733.4160919,0,-14057113.544140207
10,922804465.59751701,0,580,50120.984041178708,50209.550506226558,1.0000000000000001e-09,1,0,66.389514000220899,16.755808892539442,2640658987.0492468,5000109956.2602882,0,-14011627.710546026
10,922804465.59751701,0,581,50170.964209283295,50296.118696754529,1.0000000000000001e-09,1,0,66.502976970154293,16.732192395371619,2642117154.9342923,5003349278.4411497,0,-14273288.685367292
10,922804465.59751701,0,582,50220.944377387881,50382.686887282507,1.0000000000000001e-09,1,0,66.476691901214664,16.74991800424473,2641153059.5207734,5001708973.3212233,0,-14366509.290296026
10,922804465.59751701,0,583,50270.924545492468,50469.255077810485,1.0000000000000001e-09,1,0,66.442767098527796,16.718951398088159,2640037254.162684,4999359587.5911484,0,-14234973.026910678
10,922804465.59751701,0,584,50320.904713597054,50555.823268338463,1.0000000000000001e-09,1,0,66.603680721280924,16.672815165003829,2642116587.7484918,5003499741.5433941,0,-14353740.109645696
10,922804465.59751701,0,585,50370.884881701641,50642.391458866441,1.0000000000000001e-09,1,0,66.611541932329288,16.69027967898915,2641322913.4848051,5002499638.8972559,0,-14616437.428886382
10,922804465.59751701,0,586,50420.865049806227,50728.959649394419,1.0000000000000001e-09,1,0,66.548882858554563,16.663095225413056,2639475604.5550942,4998756500.7478323,0,-14476430.29172455
10,922804465.59751701,0,587,50470.845217910814,50815.527839922397,1.0000000000000001e-09,1,0,66.716839330214867,16.60205158938895,2641546501.8158522,5002844246.1760273,0,-14575808.837644337
10,922804465.59751701,0,588,50520.8253860154,50902.096030450368,1.0000000000000001e-09,1,0,66.789231558375278,16.610863390661287,2641830453.7052302,5003711750.3314896,0,-14752434.377544252
10,922804465.59751701,0,589,50570.805554119986,50988.664220978353,1.0000000000000001e-09,1,0,66.682184206988865,16.610278698078371,2639004106.6456923,4998841607.3954477,0,-14993113.230757849
10,922804465.59751701,0,590,50620.785722224573,51075.232411506331,1.0000000000000001e-09,1,0,66.800738034509607,16.541346572225912,2640479228.9536014,5001118969.1777935,0,-14727093.413741909
10,922804465.59751701,0,591,50670.765890329159,51161.800602034302,1.0000000000000001e-09,1,0,66.942675493504296,16.550797733889492,2642368966.8275037,5005354014.4707222,0,-15085836.151191033
10,922804465.59751701,0,592,50720.746058433746,51248.36879256228,1.0000000000000001e-09,1,0,66.769575292242934,16.576840921734924,2638601941.46841,4998172064.362215,0,-15039802.982298501
10,922804465.59751701,0,593,50770.726226538332,51334.936983090258,1.0000000000000001e-09,1,0,66.843561689255409,16.523645105248526,2639734813.0707006,5000629104.6878061,0,-15211429.242778445
10,922804465.59751701,0,594,50820.706394642919,51421.505173618229,1.0000000000000001e-09,1,0,66.974760706527647,16.528866537591146,2642204777.6405301,5004463494.1909838,0,-14777228.131913712
10,922804465.59751701,0,595,50870.686562747505,51508.073364146207,1.0000000000000001e-09,1,0,66.820009127873263,16.580251974894757,2639493990.0472875,4999665752.86586,0,-14940787.159287008
10,922804465.59751701,0,596,50920.666730852092,51594.641554674185,1.0000000000000001e-09,1,0,66.776062347992536,16.552446223443926,2639483176.1236453,4998341697.5717154,0,-14248630.405830033
10,922804465.59751701,0,597,50970.646898956678,51681.209745202163,1.0000000000000001e-09,1,0,66.901435904020104,16.554654068085537,2642819572.2397747,5003655888.9151649,0,-13733657.763173725
10,922804465.59751701,0,598,51020.627067061265,51767.777935730141,1.0000000000000001e-09,1,0,66.766157587472705,16.620998620312665,2641831679.1579328,5000274539.6608276,0,-12926316.62372094
10,922804465.59751701,0,599,51070.607235165851,51854.346126258119,1.0000000000000001e-09,1,0,66.664742362679036,16.616417804659719,2640383043.3099265,4998887324.0986834,0,-13638448.590481866
10,922804465.59751701,0,600,51120.587403270438,51940.914316786097,1.0000000000000001e-09,1,0,66.773431582414332,16.613206926052584,2642317543.0454021,5003999491.999403,0,-14418113.547870679
10,922804465.59751701,0,601,51170.567571375024,52027.482507314067,1.0000000000000001e-09,1,0,66.67455835847646,16.676358781080893,2640410099.7437243,5002378321.0304928,0,-15464840.791210344
10,922804465.59751701,0,602,51220.547739479611,52114.050697842045,1.0000000000000001e-09,1,0,66.54035317858829,16.691600960342754,2638373836.8178797,4999219513.3169432,0,-15824021.795250216
10,922804465.59751701,0,603,51270.527907584197,52200.618888370031,1.0000000000000001e-09,1,0,66.608645172358777,16.684783365482257,2639963984.4638901,5003220775.4185944,0,-16358234.016532917
10,922804465.59751701,0,604,51320.508075688784,52287.187078898001,1.0000000000000001e-09,1,0,66.560680181684475,16.733617913114941,2639955685.0611749,5002535587.3967972,0,-16002751.717889426
10,922804465.59751701,0,605,51370.48824379337,52373.755269425979,1.0000000000000001e-09,1,0,66.426740228789683,16.752886794482016,2638072463.2786083,4999385801.5614805,0,-16213681.496273752
10,922804465.59751701,0,606,51420.468411897957,52460.323459953957,1.0000000000000001e-09,1,0,66.482153631962959,16.736039193587182,2639455694.9999967,5001951376.8427744,0,-16192571.282004995
10,922804465.59751701,0,607,51470.448580002543,52546.891650481935,1.0000000000000001e-09,1,0,66.481873458467518,16.765134427054939,2639684011.1416421,5002736336.6840496,0,-16381007.940304196
10,922804465.59751701,0,608,51520.428748107122,52633.459841009906,1.0000000000000001e-09,1,0,66.378034631964141,16.778387452608609,2638295057.5687194,4999368525.8310957,0,-15981915.133152733
10,922804465.59751701,0,609,51570.408916211709,52720.028031537877,1.0000000000000001e-09,1,0,66.432914143786917,16.753838562911515,2639124087.6449676,5001737500.9146166,0,-16410627.105821477
10,922804465.59751701,0,610,51620.389084316295,52806.596222065862,1.0000000000000001e-09,1,0,66.457661528648714,16.770805325308658,2639560165.544559,5002342077.2366171,0,-16295532.346718296
10,922804465.59751701,0,611,51670.369252420882,52893.164412593833,1.0000000000000001e-09,1,0,66.376815827465279,16.773720193061465,2637989388.2620344,4999466397.0933638,0,-16339546.489908034
10,922804465.59751701,0,612,51720.349420525468,52979.732603121811,1.0000000000000001e-09,1,0,66.449342460095053,16.730386207256529,2638836381.8359623,5000852206.7195244,0,-16228310.354220225
10,922804465.59751701,0,613,51770.329588630055,53066.300793649796,1.0000000000000001e-09,1,0,66.541807097990031,16.729651819523436,2639783134.3594718,5003454317.8025007,0,-16663077.015021374
10,922804465.59751701,0,614,51820.309756734641,53152.868984177767,1.0000000000000001e-09,1,0,66.449385394700712,16.73985437064762,2637661681.5494962,4999095303.0026312,0,-16470231.019642912
10,922804465.59751701,0,615,51870.289924839228,53239.437174705745,1.0000000000000001e-09,1,0,66.516619505222621,16.679552043788593,2638113831.8070827,5000109546.4256039,0,-16556565.362321563
10,922804465.59751701,0,616,51920.270092943814,53326.005365233723,1.0000000000000001e-09,1,0,66.678305539513843,16.652719942135526,2639872835.622086,5003684047.3127813,0,-16695344.306241665
10,922804465.59751701,0,617,51970.250261048401,53412.573555761701,1.0000000000000001e-09,1,0,66.622755247513098,16.674149494550161,2638035035.0502329,5000731163.3536301,0,-16965392.499889083
10,922804465.59751701,0,618,52020.230429152987,53499.141746289679,1.0000000000000001e-09,1,0,66.604532729733492,16.627145588261634,2637073648.5908546,4998413205.7407017,0,-16696123.230679845
10,922804465.59751701,0,619,52070.210597257574,53585.70993681765,1.0000000000000001e-09,1,0,66.805308909310611,16.580555123523613,2639709476.6154265,5003871069.4991617,0,-16957997.589783855
10,922804465.59751701,0,620,52120.19076536216,53672.278127345635,1.0000000000000001e-09,1,0,66.779496780123651,16.604797219844951,2638255912.7046328,5001346689.0286455,0,-17071311.243265577
10,922804465.59751701,0,621,52170.170933466747,53758.846317873606,1.0000000000000001e-09,1,0,66.725534197356609,16.580593128109623,2636765315.7137456,4998685930.2267332,0,-17149251.659354057
10,922804465.59751701,0,622,52220.151101571333,53845.414508401576,1.0000000000000001e-09,1,0,66.865710773365862,16.536891564357024,2638746682.0035954,5002267841.0812073,0,-17069602.246384192
10,922804465.59751701,0,623,52270.13126967592,53931.982698929562,1.0000000000000001e-09,1,0,66.898984054052065,16.558973274377177,2638764793.1306958,5002846127.233963,0,-17358516.21874686
10,922804465.59751701,0,624,52320.111437780499,54018.550889457532,1.0000000000000001e-09,1,0,66.782055577979847,16.561146087203245,2636146153.1870108,4998179767.9738932,0,-17499681.28408226
10,922804465.59751701,0,625,52370.091605885093,54105.11907998551,1.0000000000000001e-09,1,0,66.894084190947481,16.530255327294562,2638395550.2433205,5002334122.0755177,0,-17455924.074370705
10,922804465.59751701,0,626,52420.071773989679,54191.687270513496,1.0000000000000001e-09,1,0,66.8944462581849,16.561824786772927,2638342345.5150285,5002413735.7491064,0,-17551397.489079449
10,922804465.59751701,0,627,52470.051942094266,54278.255461041466,1.0000000000000001e-09,1,0,66.781190893893253,16.575285690916239,2636275122.589015,4998890425.4720631,0,-17748015.900208864
10,922804465.59751701,0,628,52520.032110198852,54364.823651569444,1.0000000000000001e-09,1,0,66.835404794631103,16.566914429769266,2637735535.5777922,5001940809.6063194,0,-17907120.321200129
10,922804465.59751701,0,629,52570.012278303431,54451.391842097415,1.0000000000000001e-09,1,0,66.8106483013473,16.605277796312205,2637985149.8361049,5002084425.9475594,0,-17733755.202260487
10,922804465.59751701,0,630,52619.992446408025,54537.9600326254,1.0000000000000001e-09,1,0,66.683950943246444,16.634787524023551,2636161838.9325652,4999222591.2777405,0,-18037653.839112062
10,922804465.59751701,0,631,52669.972614512611,54624.528223153378,1.0000000000000001e-09,1,0,66.699833277554035,16.622867422629657,2636882823.6674438,5000747496.2813568,0,-18126275.40067777
10,922804465.59751701,0,632,52719.952782617198,54711.096413681349,1.0000000000000001e-09,1,0,66.714879796666764,16.665438283622972,2638016315.0739064,5003186173.3646135,0,-18287532.399423227
10,922804465.59751701,0,633,52769.932950721784,54797.664604209334,1.0000000000000001e-09,1,0,66.541643805970338,16.704754330403944,2635642550.977993,4998417208.2753916,0,-18129345.879086897
10,922804465.59751701,0,634,52819.913118826364,54884.232794737305,1.0000000000000001e-09,1,0,66.560666425471339,16.688761425657461,2636324498.330152,5000694819.3072977,0,-18656633.349971063
10,922804465.59751701,0,635,52869.893286930957,54970.800985265283,1.0000000000000001e-09,1,0,66.594580828601067,16.716054936226868,2637536560.4286618,5002756960.2236967,0,-18539408.153502978
10,922804465.59751701,0,636,52919.873455035544,55057.369175793268,1.0000000000000001e-09,1,0,66.456170432996174,16.762452570316277,2635812550.7406206,4999698703.514513,0,-18639720.70500249
10,922804465.59751701,0,637,52969.853623140123,55143.937366321232,1.0000000000000001e-09,1,0,66.419737278766618,16.749034207364534,2635566071.9026465,4999278181.8214378,0,-18662935.136569697
10,922804465.59751701,0,638,53019.83379124471,55230.50555684921,1.0000000000000001e-09,1,0,66.49572220785646,16.751762454151443,2636969821.8131466,5002765937.1482229,0,-19110912.819738932
10,922804465.59751701,0,639,53069.813959349296,55317.073747377181,1.0000000000000001e-09,1,0,66.410878503709085,16.784892809618771,2635807587.5706224,5000048850.9416933,0,-18830585.003986381
10,922804465.59751701,0,640,53119.794127453883,55403.641937905166,1.0000000000000001e-09,1,0,66.37291868798647,16.767957894793014,2635040190.2385421,4999184655.8037891,0,-19139161.738480166
10,922804465.59751701,0,641,53169.774295558469,55490.210128433144,1.0000000000000001e-09,1,0,66.472127099106004,16.750300898418537,2636512092.2352767,5002159122.9465208,0,-19246471.116608676
10,922804465.59751701,0,642,53219.754463663056,55576.778318961115,1.0000000000000001e-09,1,0,66.433277138449071,16.773822394922384,2635423885.4230723,5000738758.8274412,0,-19580574.734632503
10,922804465.59751701,0,643,53269.734631767642,55663.3465094891,1.0000000000000001e-09,1,0,66.394041337671538,16.749091432868024,2634523406.347527,4998442793.8229322,0,-19262074.451090667
10,922804465.59751701,0,644,53319.714799872228,55749.914700017071,1.0000000000000001e-09,1,0,66.528909844503886,16.709949992897609,2635990577.7048302,5002235976.5170116,0,-19808788.932766709
10,922804465.59751701,0,645,53369.694967976815,55836.482890545049,1.0000000000000001e-09,1,0,66.538567664598261,16.728442314727005,2635587547.33634,5001395925.0530586,0,-19765817.122183781
10,922804465.59751701,0,646,53419.675136081401,55923.051081073034,1.0000000000000001e-09,1,0,66.46761993755166,16.709210322548067,2633646048.7150841,4998041086.1095972,0,-19926156.441246405
10,922804465.59751701,0,647,53469.655304185988,56009.619271601005,1.0000000000000001e-09,1,0,66.616603604259538,16.653072036002385,2635554806.9074464,5001453341.4662027,0,-19829041.213660132
10,922804465.59751701,0,648,53519.635472290574,56096.187462128983,1.0000000000000001e-09,1,0,66.682880052202222,16.651738731989692,2635364909.2286315,5002137645.2834387,0,-20382251.149802435
10,922804465.59751701,0,649,53569.615640395161,56182.755652656953,1.0000000000000001e-09,1,0,66.626087003267685,16.645797168052948,2633673814.713769,4998634888.382082,0,-20213653.39831781
10,922804465.59751701,0,650,53619.595808499747,56269.323843184939,1.0000000000000001e-09,1,0,66.713178846054689,16.592212137517272,2634317005.6411929,5000268434.8037376,0,-20437748.934833713
10,922804465.59751701,0,651,53669.575976604334,56355.892033712909,1.0000000000000001e-09,1,0,66.829458818969897,16.584327255324265,2635535305.9879179,5002749643.3249922,0,-20536777.888505571
10,922804465.59751701,0,652,53719.556144708913,56442.46022424088,1.0000000000000001e-09,1,0,66.748639192087154,16.587749872789825,2632946173.2107759,4998669676.1556311,0,-20959764.511155069
10,922804465.59751701,0,653,53769.536312813507,56529.028414768865,1.0000000000000001e-09,1,0,66.821736351018941,16.547120985095013,2634005982.1236272,5000240523.0590076,0,-20733953.480607796
10,922804465.59751701,0,654,53819.516480918093,56615.596605296843,1.0000000000000001e-09,1,0,66.902088506036122,16.550907526780662,2634934526.8277078,5002615818.0635071,0,-21066506.213363688
10,922804465.59751701,0,655,53869.49664902268,56702.164795824814,1.0000000000000001e-09,1,0,66.805993392932621,16.566373838895991,2632684029.4796281,4998527948.5044889,0,-21146661.850937475
10,922804465.59751701,0,656,53919.476817127266,56788.732986352799,1.0000000000000001e-09,1,0,66.852579780866321,16.53664963305593,2633312012.7670178,5000316387.0172033,0,-21468200.71555195
10,922804465.59751701,0,657,53969.456985231853,56875.301176880777,1.0000000000000001e-09,1,0,66.912512664412233,16.551705343570511,2634573246.6675506,5002404414.9876242,0,-21315547.735130135
10,922804465.59751701,0,658,54019.437153336439,56961.869367408755,1.0000000000000001e-09,1,0,66.796092913924952,16.587629031521704,2632492948.6624451,4999255639.6964884,0,-21724090.256649058
10,922804465.59751701,0,659,54069.417321441018,57048.437557936719,1.0000000000000001e-09,1,0,66.77558119784328,16.566600813661566,2632122185.7290459,4998803744.555233,0,-21854931.915740225
10,922804465.59751701,0,660,54119.397489545605,57135.005748464697,1.0000000000000001e-09,1,0,66.873563717042799,16.583036416031199,2634444907.0746894,5003598707.6852808,0,-22077964.129821032
10,922804465.59751701,0,661,54169.377657650191,57221.573938992675,1.0000000000000001e-09,1,0,66.704295827227497,16.642961874497946,2631991579.7098136,4998828381.8009853,0,-21998618.401781168
10,922804465.59751701,0,662,54219.357825754778,57308.142129520653,1.0000000000000001e-09,1,0,66.648465284979451,16.633041347480894,2631394813.65448,4998567692.5435638,0,-22456978.678579915
10,922804465.59751701,0,663,54269.337993859364,57394.710320048631,1.0000000000000001e-09,1,0,66.730671485568351,16.641366021673932,2633378029.0475726,5002543301.0476818,0,-22584503.082015816
10,922804465.59751701,0,664,54319.318161963951,57481.278510576609,1.0000000000000001e-09,1,0,66.617348191570926,16.706633540768856,2632319482.2068372,5000560691.5895758,0,-22590438.057204254
10,922804465.59751701,0,665,54369.298330068537,57567.84670110458,1.0000000000000001e-09,1,0,66.475652400408734,16.718713611560567,2630367597.7025213,4997284471.762372,0,-22802903.912964024
10,922804465.59751701,0,666,54419.278498173124,57654.414891632558,1.0000000000000001e-09,1,0,66.570506601530511,16.700725295647516,2632355794.2511535,5001727164.7396908,0,-23173432.792468641
10,922804465.59751701,0,667,54469.25866627771,57740.983082160543,1.0000000000000001e-09,1,0,66.531810710527353,16.748922811346109,2632046350.1161556,5001303424.5688114,0,-23257903.758922976
10,922804465.59751701,0,668,54519.238834382297,57827.551272688514,1.0000000000000001e-09,1,0,66.396756877910818,16.769317958223986,2630199284.0875654,4997914916.2348433,0,-23305934.650144108
10,922804465.59751701,0,669,54569.219002486883,57914.119463216492,1.0000000000000001e-09,1,0,66.447040087927505,16.747144010311818,2631021506.3120008,5000376143.4421091,0,-23790433.197953928
10,922804465.59751701,0,670,54619.19917059147,58000.68765374447,1.0000000000000001e-09,1,0,66.472703640557327,16.767823195357735,2631481550.3533006,5001496353.0677824,0,-23925133.592618495
10,922804465.59751701,0,671,54669.179338696056,58087.255844272448,1.0000000000000001e-09,1,0,66.372795221444946,16.782488288742513,2629719745.7217455,4998334697.3430643,0,-24008344.229273193
10,922804465.59751701,0,672,54719.159506800643,58173.824034800426,1.0000000000000001e-09,1,0,66.42248542074725,16.751810746839407,2630312647.0744901,4999895138.9935398,0,-24243916.376477636
10,922804465.59751701,0,673,54769.139674905229,58260.392225328404,1.0000000000000001e-09,1,0,66.476555098694504,16.759645466895879,2630729711.6835952,5001576015.4437094,0,-24719266.80589899
10,922804465.59751701,0,674,54819.119843009816,58346.960415856382,1.0000000000000001e-09,1,0,66.401756751116849,16.762295837073001,2629003473.1335292,4998197498.832221,0,-24651775.048358172
10,922804465.59751701,0,675,54869.100011114402,58433.528606384352,1.0000000000000001e-09,1,0,66.469932350987818,16.717645921283218,2629437294.5893788,4999676374.7413435,0,-25003122.009422101
10,922804465.59751701,0,676,54919.080179218989,58520.09679691233,1.0000000000000001e-09,1,0,66.574709542153911,16.705318310889375,2630317416.6934943,5001921019.9099913,0,-25314732.411588579
10,922804465.59751701,0,677,54969.060347323575,58606.664987440308,1.0000000000000001e-09,1,0,66.514829982334859,16.711743647299432,2628259603.8290706,4998826438.0181656,0,-25729562.284602087
10,922804465.59751701,0,678,55019.040515428162,58693.233177968286,1.0000000000000001e-09,1,0,66.563742585188265,16.658062976168857,2628383296.7609148,4998753878.0616474,0,-25567345.643082563
10,922804465.59751701,0,679,55069.020683532748,58779.801368496264,1.0000000000000001e-09,1,0,66.718264802839386,16.634453315238961,2630021351.0415545,5002860657.7298126,0,-26109672.874376595
10,922804465.59751701,0,680,55119.000851637335,58866.369559024242,1.0000000000000001e-09,1,0,66.655577770759365,16.648714833762234,2628122804.127058,4999010059.5715208,0,-25963850.791117385
10,922804465.59751701,0,681,55168.981019741921,58952.93774955222,1.0000000000000001e-09,1,0,66.670126887459233,16.599714658636991,2627951080.6667838,4998160072.3673267,0,-25684296.964749064
10,922804465.59751701,0,682,55218.961187846508,59039.505940080191,1.0000000000000001e-09,1,0,66.847314050894809,16.561548577655643,2630804362.1903076,5002229195.9953299,0,-24991404.516220294
10,922804465.59751701,0,683,55268.941355951094,59126.074130608176,1.0000000000000001e-09,1,0,66.800820545713918,16.585388858470186,2628664601.0427246,4999204850.704237,0,-25525472.860367212
10,922804465.59751701,0,684,55318.92152405568,59212.642321136154,1.0000000000000001e-09,1,0,66.749499584260036,16.553572750010094,2626425640.4261012,4995817130.3994865,0,-25965816.722055979
10,922804465.59751701,0,685,55368.901692160267,59299.210511664125,1.0000000000000001e-09,1,0,66.936830835544697,16.51653226724083,2628928540.9467087,5001970171.9415665,0,-26729704.075297192
10,922804465.59751701,0,686,55418.881860264853,59385.778702192103,1.0000000000000001e-09,1,0,66.902254944546542,16.564105117197876,2627688017.3159657,5000492771.6471596,0,-27185842.726118878
10,922804465.59751701,0,687,55468.86202836944,59472.346892720081,1.0000000000000001e-09,1,0,66.762526939087309,16.555762668207766,2624442442.85637,4995738078.2476292,0,-27907043.72983887
10,922804465.59751701,0,688,55518.842196474019,59558.915083248045,1.0000000000000001e-09,1,0,66.934467478929307,16.520670813192609,2627808717.7514057,5001947442.0490646,0,-27837459.460472599
10,922804465.59751701,0,689,55568.822364578606,59645.483273776023,1.0000000000000001e-09,1,0,66.888376173110188,16.573361736202461,2626988644.157475,5000832148.3912621,0,-28065398.616109908
10,922804465.59751701,0,690,55618.802532683192,59732.051464304008,1.0000000000000001e-09,1,0,66.718657963141652,16.598134228904417,2624273746.1707611,4995958659.2326374,0,-28192851.811847579
10,922804465.59751701,0,691,55668.782700787779,59818.619654831979,1.0000000000000001e-09,1,0,66.792109633375404,16.570014381684611,2625635773.2386703,4999760088.0378027,0,-28849088.628402166
10,922804465.59751701,0,692,55718.762868892365,59905.187845359957,1.0000000000000001e-09,1,0,66.830592129102214,16.616889346743076,2626978189.6126485,5002387551.5377598,0,-28901651.606038168
10,922804465.59751701,0,693,55768.743036996952,59991.756035887935,1.0000000000000001e-09,1,0,66.619706964037746,16.667825628376626,2623543851.7286577,4996945835.7987833,0,-29446860.452343699
10,922804465.59751701,0,694,55818.723205101538,60078.324226415913,1.0000000000000001e-09,1,0,66.631170533764276,16.645272559600748,2624195384.0603614,4998692777.4783239,0,-29722818.672467824
10,922804465.59751701,0,695,55868.703373206125,60164.892416943891,1.0000000000000001e-09,1,0,66.698197428681581,16.6742120305485,2625826945.4149904,5002582133.4849272,0,-30156203.727271982
10,922804465.59751701,0,696,55918.683541310711,60251.460607471861,1.0000000000000001e-09,1,0,66.520041381764841,16.730490928381908,2623342540.200026,4997693700.1594696,0,-30045229.957627703
10,922804465.59751701,0,697,55968.663709415297,60338.028797999847,1.0000000000000001e-09,1,0,66.483540331538919,16.718836046875875,2622977990.1186538,4998259063.2703543,0,-30709944.005433284
10,922804465.59751701,0,698,56018.643877519884,60424.596988527817,1.0000000000000001e-09,1,0,66.551450992068382,16.729665207742318,2624522923.5946269,5001418499.2935276,0,-30842426.03499829
10,922804465.59751701,0,699,56068.62404562447,60511.165179055795,1.0000000000000001e-09,1,0,66.445525133269484,16.771125374944678,2622959284.870225,4998868581.9976244,0,-31052256.428227976
10,922804465.59751701,0,700,56118.604213729057,60597.733369583781,1.0000000000000001e-09,1,0,66.39102648069472,16.764824654811971,2622187331.4828377,4997714614.2501984,0,-31211542.435056556
10,922804465.59751701,0,701,56168.584381833643,60684.301560111751,1.0000000000000001e-09,1,0,66.466188478658466,16.75613382088547,2623287881.1582599,5000852703.9784536,0,-31777075.038003255
10,922804465.59751701,0,702,56218.56454993823,60770.869750639729,1.0000000000000001e-09,1,0,66.415707604369459,16.782542513806401,2622340123.9600744,4999062078.4592237,0,-31774148.953329392
10,922804465.59751701,0,703,56268.544718042816,60857.437941167707,1.0000000000000001e-09,1,0,66.379525670287734,16.761759770135178,2621390619.4123893,4997615832.0822916,0,-31955808.835168187
10,922804465.59751701,0,704,56318.524886147403,60944.006131695685,1.0000000000000001e-09,1,0,66.489739157155498,16.740603230217108,2622841145.2803025,5000921814.6716871,0,-32260503.334364377
10,922804465.59751701,0,705,56368.505054251989,61030.574322223663,1.0000000000000001e-09,1,0,66.456408376984697,16.761816341390215,2621794514.0283198,4999294173.2989693,0,-32442983.24540776
10,922804465.59751701,0,706,56418.485222356576,61117.142512751634,1.0000000000000001e-09,1,0,66.417682625121188,16.734537540333985,2620822259.3516269,4996972330.4319487,0,-32182519.42489716
10,922804465.59751701,0,707,56468.465390461162,61203.710703279619,1.0000000000000001e-09,1,0,66.567913662174888,16.686409677064606,2622759299.3806429,5000724703.8141909,0,-32237698.655175894
10,922804465.59751701,0,708,56518.445558565749,61290.27889380759,1.0000000000000001e-09,1,0,66.591670096821403,16.705649777455399,2622747872.4162998,5000414002.9215555,0,-32084167.541226722
10,922804465.59751701,0,709,56568.425726670335,61376.847084335568,1.0000000000000001e-09,1,0,66.507272037719204,16.68658079602632,2621159762.6282678,4996148713.7906685,0,-31407739.58543909
10,922804465.59751701,0,710,56618.405894774922,61463.415274863553,1.0000000000000001e-09,1,0,66.665376734852344,16.617746007118033,2623879733.8073568,4999674087.988306,0,-30559468.703015834
10,922804465.59751701,0,711,56668.386062879508,61549.983465391524,1.0000000000000001e-09,1,0,66.776483274892172,16.618834189840694,2626082653.8721552,5001784443.8086424,0,-29476983.915033545
10,922804465.59751701,0,712,56718.366230984095,61636.551655919502,1.0000000000000001e-09,1,0,66.661546360946062,16.627602884177549,2624945357.6363406,4996586629.2123842,0,-27854643.704776466
10,922804465.59751701,0,713,56768.346399088681,61723.119846447473,1.0000000000000001e-09,1,0,66.747685417699614,16.563049529691991,2627777426.3568759,4998480854.2993021,0,-26028261.603095759
10,922804465.59751701,0,714,56818.326567193268,61809.688036975458,1.0000000000000001e-09,1,0,66.920578007176744,16.552321609048938,2629931656.8224664,5004336000.860218,0,-26982659.878847949
10,922804465.59751701,0,715,56868.306735297854,61896.256227503436,1.0000000000000001e-09,1,0,50.194597126105826,8.2345447389522537,1966205674.0755813,3751885470.7520504,0,-25754542.055158067
10,922804465.59751701,0,716,56893.296819350144,61939.540322767425,1.0000000000000001e-09,1,0,33.386467620511176,8.315117220039383,1303236765.5642791,2495236673.8688407,0,-21540395.925679311
10,922804465.59751701,0,717,56918.286903402441,61982.824418031407,1.0000000000000001e-09,1,0,33.342110000909919,8.3114504983669537,1299958248.4148948,2497851548.1535783,0,-26207208.529608909
10,922804465.59751701,0,718,56943.27698745473,62026.108513295389,1.0000000000000001e-09,1,0,33.363524293327778,8.309380249896364,1299012016.3482242,2499114134.9690361,0,-27823776.278235357
10,922804465.59751701,0,719,56968.26707150702,62069.392608559378,1.0000000000000001e-09,1,0,33.361564721138109,8.3109932833769218,1299070529.5750775,2499385255.39574,0,-27909206.971806087
10,922804465.59751701,0,720,56993.257155559317,62112.676703823367,1.0000000000000001e-09,1,0,33.35399425981602,8.3123848282342312,1299462526.5423059,2499237635.2600493,0,-27438835.160855714
10,922804465.59751701,0,721,57018.247239611606,62155.960799087356,1.0000000000000001e-09,1,0,33.356621475466874,8.3105999370474581,1300143826.7095628,2499396647.524982,0,-26841958.17444253
10,922804465.59751701,0,722,57043.237323663896,62199.244894351345,1.0000000000000001e-09,1,0,33.361082005660542,8.3109627263079098,1300804519.0709414,2499562208.9232311,0,-26269166.075804252
10,922804465.59751701,0,723,57068.227407716193,62242.528989615326,1.0000000000000001e-09,1,0,33.355006273550728,8.3160846943950713,1301279775.3918691,2499533106.6654148,0,-25778458.712934531
10,922804465.59751701,0,724,57093.21749176849,62285.813084879323,1.0000000000000001e-09,1,0,33.340702465241741,8.3196072108528849,1301541596.0464864,2499240732.1824002,0,-25361409.882264838
10,922804465.59751701,0,725,57118.207575820779,62329.097180143312,1.0000000000000001e-09,1,0,33.34086883381773,8.3193200579934778,1301961418.1868832,2499396610.8104796,0,-25024347.204572279
10,922804465.59751701,0,726,57143.197659873069,62372.381275407301,1.0000000000000001e-09,1,0,33.341306582840183,8.3226012873801558,1302306721.0485296,2499553632.5976214,0,-24762410.734435119
10,922804465.59751701,0,727,57168.187743925366,62415.665370671282,1.0000000000000001e-09,1,0,33.326477393783939,8.3310634023857055,1302425118.2178531,2499386873.2480407,0,-24555477.283126734
10,922804465.59751701,0,728,57193.177827977663,62458.949465935271,1.0000000000000001e-09,1,0,33.308674044803425,8.3342912274071086,1302424502.0016716,2499069903.8477745,0,-24387807.329598285
10,922804465.59751701,0,729,57218.167912029952,62502.23356119926,1.0000000000000001e-09,1,0,33.313373112706138,8.334509242072345,1302740377.5310252,2499469917.6773343,0,-24284308.121588778
10,922804465.59751701,0,730,57243.157996082242,62545.517656463249,1.0000000000000001e-09,1,0,33.307862751374557,8.3398946250007331,1302803062.3030391,2499474597.3009515,0,-24224107.866799034
10,922804465.59751701,0,731,57268.148080134539,62588.801751727238,1.0000000000000001e-09,1,0,33.291374752571585,8.3469454926109705,1302729093.073833,2499278350.3242998,0,-24193885.170883454
10,922804465.59751701,0,732,57293.138164186836,62632.085846991227,1.0000000000000001e-09,1,0,33.279813801025163,8.3479803089257061,1302632844.7740688,2499117316.9693208,0,-24204637.247723289
10,922804465.59751701,0,733,57318.128248239125,62675.369942255216,1.0000000000000001e-09,1,0,33.287832201314714,8.3468769041772859,1302790094.8947177,2499536722.4666061,0,-24270058.920105826
10,922804465.59751701,0,734,57343.118332291415,62718.654037519205,1.0000000000000001e-09,1,0,33.282988799518314,8.3511545890905108,1302658558.70367,2499483719.5583277,0,-24373454.677371029
10,922804465.59751701,0,735,57368.108416343712,62761.938132783194,1.0000000000000001e-09,1,0,33.272350586341524,8.3518827934637319,1302366900.662272,2499236686.2204394,0,-24533957.174449008
10,922804465.59751701,0,736,57393.098500396009,62805.222228047176,1.0000000000000001e-09,1,0,33.278870360368295,8.3491260098151798,1302268917.9969673,2499490043.2201242,0,-24766452.758064963
10,922804465.59751701,0,737,57418.088584448298,62848.506323311165,1.0000000000000001e-09,1,0,33.28362152922346,8.348292948091018,1302039895.8584859,2499561490.5571299,0,-25033407.891560793
10,922804465.59751701,0,738,57443.078668500588,62891.790418575154,1.0000000000000001e-09,1,0,33.283228878222886,8.3468288111541504,1301694876.613131,2499427597.5951953,0,-25307340.357891008
10,922804465.59751701,0,739,57468.068752552885,62935.07451383915,1.0000000000000001e-09,1,0,33.289382182618212,8.3434680341282554,1301456991.8136854,2499485403.7571778,0,-25575915.746324148
10,922804465.59751701,0,740,57493.058836605182,62978.358609103139,1.0000000000000001e-09,1,0,33.296394527891742,8.3408238245152351,1301226730.1946602,2499521721.8088913,0,-25825459.43424993
10,922804465.59751701,0,741,57518.048920657471,63021.642704367128,1.0000000000000001e-09,1,0,33.300320215342303,8.3379568632562133,1300933195.7025111,2499426848.3146567,0,-26068623.458654001
10,922804465.59751701,0,742,57543.039004709761,63064.92679963111,1.0000000000000001e-09,1,0,33.308343786511294,8.3334746660467101,1300688144.3852859,2499443606.0411129,0,-26322571.829023134
10,922804465.59751701,0,743,57568.029088762058,63108.210894895099,1.0000000000000001e-09,1,0,33.317647049535033,8.3281861228782041,1300412723.4098516,2499401615.041193,0,-26575698.840016667
10,922804465.59751701,0,744,57593.019172814355,63151.494990159088,1.0000000000000001e-09,1,0,33.329479669003376,8.3250545212882532,1300235630.4006779,2499554570.2449627,0,-26833999.200306237
10,922804465.59751701,0,745,57618.009256866644,63194.779085423084,1.0000000000000001e-09,1,0,33.330479463092402,8.322883757584016,1299839212.1936519,2499324239.6804972,0,-27108129.7403595
10,922804465.59751701,0,746,57642.999340918934,63238.063180687066,1.0000000000000001e-09,1,0,33.338074309143941,8.3185016974182826,1299571907.8964069,2499360582.7697539,0,-27394729.399495713
10,922804465.59751701,0,747,57667.989424971231,63281.347275951055,1.0000000000000001e-09,1,0,33.347914005858257,8.3139914865086304,1299297722.7899752,2499392453.8187938,0,-27685835.561285306
10,922804465.59751701,0,748,57692.979509023527,63324.631371215044,1.0000000000000001e-09,1,0,33.356308395015105,8.3128689489950656,1299055775.8361938,2499518708.8560834,0,-27994814.148446426
10,922804465.59751701,0,749,57717.969593075817,63367.915466479033,1.0000000000000001e-09,1,0,33.352159442585773,8.3135457155980443,1298603452.7945471,2499277331.2910466,0,-28318984.422544479
10,922804465.59751701,0,750,57742.959677128107,63411.199561743022,1.0000000000000001e-09,1,0,33.353828308473162,8.3090238562520398,1298209485.3704357,2499155959.0374866,0,-28648512.592761118
10,922804465.59751701,0,751,57767.949761180404,63454.483657007011,1.0000000000000001e-09,1,0,33.370296261900748,8.3070029420631126,1298110515.9715056,2499642128.0644341,0,-29005600.041281432
10,922804465.59751701,0,752,57792.9398452327,63497.767752271,1.0000000000000001e-09,1,0,33.361546501821358,8.3126479354164342,1297607793.8309343,2499377700.0480022,0,-29367931.41223326
10,922804465.59751701,0,753,57817.92992928499,63541.051847534989,1.0000000000000001e-09,1,0,33.347882575733337,8.314531745434186,1297064218.6689067,2499060875.8584566,0,-29743297.5001847
10,922804465.59751701,0,754,57842.92001333728,63584.335942798978,1.0000000000000001e-09,1,0,33.354285874211101,8.3119529466069171,1296813370.3516457,2499336942.575109,0,-30140715.834269486
10,922804465.59751701,0,755,57867.910097389577,63627.620038062967,1.0000000000000001e-09,1,0,33.35784311754702,8.3169538784803798,1296546010.7558742,2499629264.4497218,0,-30563275.675108857
10,922804465.59751701,0,756,57892.900181441873,63670.904133326956,1.0000000000000001e-09,1,0,33.334218093322477,8.3248628146728052,1295840587.2988684,2499085867.2871695,0,-30980197.380720414
10,922804465.59751701,0,757,57917.890265494163,63714.188228590938,1.0000000000000001e-09,1,0,33.326661376300379,8.3244876078161312,1295386979.7214732,2499075642.5021033,0,-31428376.390204974
10,922804465.59751701,0,758,57942.880349546453,63757.472323854934,1.0000000000000001e-09,1,0,33.33533740994725,8.3253915636919498,1295151019.5932834,2499529678.0176115,0,-31905394.165452018
10,922804465.59751701,0,759,57967.87043359875,63800.756419118923,1.0000000000000001e-09,1,0,33.323101171041095,8.3347593110816458,1294610743.2724278,2499425145.8972893,0,-32390172.037162807
10,922804465.59751701,0,760,57992.860517651046,63844.040514382912,1.0000000000000001e-09,1,0,33.298194640821528,8.3394667091964774,1293823195.1400259,2498875638.5943532,0,-32885974.407482281
10,922804465.59751701,0,761,58017.850601703336,63887.324609646901,1.0000000000000001e-09,1,0,33.303997758476285,8.3377939549626028,1293512874.5941627,2499310612.287425,0,-33427232.250984721
10,922804465.59751701,0,762,58042.840685755626,63930.60870491089,1.0000000000000001e-09,1,0,33.304523491105201,8.3418136523027506,1293030077.8148539,2499448745.8979874,0,-33983367.264868878
10,922804465.59751701,0,763,58067.830769807922,63973.892800174872,1.0000000000000001e-09,1,0,33.288707414179768,8.3487309519665462,1292325850.0897794,2499198055.623466,0,-34554497.895876504
10,922804465.59751701,0,764,58092.820853860219,64017.176895438868,1.0000000000000001e-09,1,0,33.276475139367101,8.3494247364772392,1291595838.2546334,2498959790.2196631,0,-35158009.279730819
10,922804465.59751701,0,765,58117.810937912509,64060.460990702857,1.0000000000000001e-09,1,0,33.28533683176024,8.3473179144884284,1291149797.2576427,2499326323.6659813,0,-35798651.111059301
10,922804465.59751701,0,766,58142.801021964799,64103.745085966846,1.0000000000000001e-09,1,0,33.285630981767014,8.3487028200479951,1290475418.9993124,2499299232.9744301,0,-36458646.313131474
10,922804465.59751701,0,767,58167.791106017095,64147.029181230828,1.0000000000000001e-09,1,0,33.280105721394676,8.3510067514126494,1289727017.6269922,2499200620.3526559,0,-37154692.030963764
10,922804465.59751701,0,768,58192.781190069392,64190.313276494817,1.0000000000000001e-09,1,0,33.275570846219637,8.3495007545038487,1288896764.4091361,2499007349.9767318,0,-37882333.667844765
10,922804465.59751701,0,769,58217.771274121682,64233.597371758806,1.0000000000000001e-09,1,0,33.28634003232137,8.3444877216334259,1288239940.4797785,2499214115.4934669,0,-38648934.051366307
10,922804465.59751701,0,770,58242.761358173972,64276.881467022795,1.0000000000000001e-09,1,0,33.29620510935576,8.3424109558967139,1287500250.203836,2499347131.2299275,0,-39459245.367639326
10,922804465.59751701,0,771,58267.751442226268,64320.165562286784,1.0000000000000001e-09,1,0,33.294192008051056,8.3427559398120099,1286550122.95153,2499153436.6427732,0,-40306535.815704398
10,922804465.59751701,0,772,58292.741526278565,64363.449657550773,1.0000000000000001e-09,1,0,33.294601823287969,8.3379284375375704,1285554006.2407782,2498943406.334331,0,-41191142.72109168
10,922804465.59751701,0,773,58317.731610330855,64406.733752814762,1.0000000000000001e-09,1,0,33.313885009268191,8.3305050482676588,1284789583.0111954,2499289660.5931902,0,-42139400.109176911
10,922804465.59751701,0,774,58342.721694383144,64450.017848078751,1.0000000000000001e-09,1,0,33.324154060294106,8.3292577511595347,1283828513.1319671,2499363861.7992964,0,-43139865.074346609
10,922804465.59751701,0,775,58367.711778435441,64493.30194334274,1.0000000000000001e-09,1,0,33.318688261803558,8.3278054333733493,1282570159.9649892,2498948619.7977691,0,-44177756.941652596
10,922804465.59751701,0,776,58392.701862487738,64536.586038606722,1.0000000000000001e-09,1,0,33.330326045486757,8.3188588768853222,1281494994.3299162,2499004925.2236185,0,-45282816.39121151
10,922804465.59751701,0,777,58417.691946540028,64579.870133870711,1.0000000000000001e-09,1,0,33.354300585495679,8.3152808252366093,1280605948.0551045,2499572010.93401,0,-46472941.199218132
10,922804465.59751701,0,778,58442.682030592317,64623.1542291347,1.0000000000000001e-09,1,0,33.344485619854169,8.3177769817808667,1279088802.648999,2499020781.9762354,0,-47697426.778038107
10,922804465.59751701,0,779,58467.672114644607,64666.438324398681,1.0000000000000001e-09,1,0,33.344662329873003,8.3129047848940321,1277722971.3460448,2498904059.8206267,0,-49001287.668479927
10,922804465.59751701,0,780,58492.662198696897,64709.72241966267,1.0000000000000001e-09,1,0,33.363919054924551,8.3079983372070227,1276581318.8494921,2499373135.6340756,0,-50391983.043880194
10,922804465.59751701,0,781,58517.652282749194,64753.006514926659,1.0000000000000001e-09,1,0,33.363914378698702,8.3114592349991767,1275081888.4912443,2499294712.9140415,0,-51849777.019682869
10,922804465.59751701,0,782,58542.64236680149,64796.290610190641,1.0000000000000001e-09,1,0,33.350431612129263,8.3123589055437286,1273324924.4760022,2498831026.9274979,0,-53360559.736173294
10,922804465.59751701,0,783,58567.63245085378,64839.57470545463,1.0000000000000001e-09,1,0,33.360320683938539,8.308002777844683,1271883511.2234473,2499147478.7506585,0,-54969984.365132995
10,922804465.59751701,0,784,58592.62253490607,64882.858800718619,1.0000000000000001e-09,1,0,33.367449195366227,8.3114955917333795,1270388677.6452978,2499456095.050189,0,-56628669.264306433
10,922804465.59751701,0,785,58617.612618958367,64926.142895982615,1.0000000000000001e-09,1,0,33.346672491963865,8.3175536455328629,1268407729.5379333,2498886758.4041333,0,-58307343.766209774
10,922804465.59751701,0,786,58642.602703010663,64969.426991246604,1.0000000000000001e-09,1,0,33.34322991003117,8.3165468297863594,1266744991.7556856,2498960058.4598832,0,-60008998.193444535
10,922804465.59751701,0,787,58667.592787062953,65012.711086510593,1.0000000000000001e-09,1,0,33.350592335229315,8.3192750002916593,1265318814.047179,2499410688.5811152,0,-61674425.548743606
10,922804465.59751701,0,788,58692.582871115243,65055.995181774575,1.0000000000000001e-09,1,0,33.332408008206677,8.3270580094312727,1263628772.947515,2499019422.9430408,0,-63156734.938297153
10,922804465.59751701,0,789,58717.572955167539,65099.279277038564,1.0000000000000001e-09,1,0,33.319590619365201,8.3297210790946803,1262356621.2560387,2498890911.8519492,0,-64360657.2067862
10,922804465.59751701,0,790,58742.563039219836,65142.563372302553,1.0000000000000001e-09,1,0,33.321388640266903,8.3310352242736894,1261841144.6817379,2499173152.1862626,0,-65025981.510109916
10,922804465.59751701,0,791,58767.553123272126,65185.847467566542,1.0000000000000001e-09,1,0,33.314665108465881,8.3370831770057663,1262196731.0247242,2499195013.1702299,0,-64682001.654232785
10,922804465.59751701,0,792,58792.543207324416,65229.131562830531,1.0000000000000001e-09,1,0,33.297257114034288,8.3421726376447456,1264092211.9262791,2498865619.335216,0,-62611638.171666346
10,922804465.59751701,0,793,58817.533291376712,65272.41565809452,1.0000000000000001e-09,1,0,33.293755278670062,8.3426959252628716,1269203521.9707384,2498937930.908246,0,-57538719.964531898
10,922804465.59751701,0,794,58842.523375429009,65315.699753358509,1.0000000000000001e-09,1,0,33.29542463041183,8.3444937616604449,1280051640.2567887,2499307350.2018986,0,-46886734.673931748
10,922804465.59751701,0,795,58867.513459481299,65358.983848622498,1.0000000000000001e-09,1,0,33.293727383779093,8.3520890696894998,1298652822.0308647,2499373588.9956298,0,-27326549.025953595
10,922804465.59751701,0,796,58892.513459481299,65402.28511881172,8.3936855030887619e-10,0,0,33.290809573663509,8.3541958132087544,1322930334.7231545,2500083037.9106469,0,-3.8447259052250663e-08
10,922804465.59751701,0,797,58917.513459481299,65445.586389000942,9.573030689789016e-10,0,0,33.291828082671032,8.3527741383532419,1324937506.1256433,2499797410.3701248,0,-1.0881205689833968e-07
10,922804465.59751701,0,798,58942.513459481299,65488.887659190164,9.3751392871388918e-10,0,0,33.297294622059717,8.3508258883084281,1325334840.6739259,2500212147.3468952,0,4.858557482588506e-09
10,922804465.59751701,0,799,58967.513459481299,65532.188929379387,9.359188526031604e-10,0,0,33.299199300313411,8.352489595611269,1325053522.3309171,2500117558.4481988,0,3.0864567148470102e-08
10,922804465.59751701,0,800,58992.513459481299,65575.490199568609,9.3461714946755164e-10,0,0,33.290074242793601,8.3530635597070191,1324834835.7428784,2499797707.7759986,0,-6.6935817067511e-09
10,922804465.59751701,0,801,59017.513459481299,65618.791469757824,9.3283045904337695e-10,0,0,33.297685364524661,8.3474490236243408,1324833359.7896371,2499915449.8144522,0,9.5034807137932981e-08
10,922804465.59751701,0,802,59042.513459481299,65662.092739947053,9.3096650237211201e-10,0,0,33.312646130449153,8.3428798467337515,1324886771.1540177,2500150393.8885245,0,-3.1587132141865729e-08
10,922804465.59751701,0,803,59067.513459481299,65705.394010136268,9.2916830124591989e-10,0,0,33.315094840162757,8.3443456350317913,1324796370.1780279,2500111594.7544022,0,3.5342660264435194e-08
10,922804465.59751701,0,804,59092.513459481299,65748.695280325483,9.27414201874024e-10,0,0,33.307162748493504,8.3418617717777312,1324487491.3875048,2499659086.4073744,0,1.1637597722774453e-07
10,922804465.59751701,0,805,59117.513459481299,65791.996550514712,9.2559739545222219e-10,0,0,33.325427089528624,8.3331013462891015,1324601428.5930781,2500005982.6052928,0,3.9167397178345573e-08
10,922804465.59751701,0,806,59142.513459481299,65835.297820703941,9.2385082271593422e-10,0,0,33.341814693162078,8.329426898905151,1324634703.8514168,2500197924.4313049,0,1.1857848793031181e-08
10,922804465.59751701,0,807,59167.513459481299,65878.599090893156,9.2216839461649179e-10,0,0,33.339983167391452,8.3305010727927815,1324447685.0636072,2499970759.2682719,0,-2.3734357761865522e-08
10,922804465.59751701,0,808,59192.513459481299,65921.900361082371,9.2048451393849852e-10,0,0,33.337984119428029,8.326310278406007,1324243775.6726906,2499711283.4485149,0,-1.4507466835766976e-08
10,922804465.59751701,0,809,59217.513459481299,65965.2016312716,9.1877159325349002e-10,0,0,33.356571770370479,8.3193022874779743,1324370798.4513686,2500076239.1828489,0,3.1112388607698639e-08
10,922804465.59751701,0,810,59242.513459481299,66008.50290146083,9.1720489951585719e-10,0,0,33.365832420520306,8.3173491676566158,1324312067.348093,2500085302.475348,0,-3.0428115953798982e-08
10,922804465.59751701,0,811,59267.513459481299,66051.804171650045,9.1559355882784979e-10,0,0,33.364608909519909,8.318077631006382,1324181754.3161266,2499959493.6282659,0,-3.9149119890772223e-08
10,922804465.59751701,0,812,59292.513459481299,66095.10544183926,9.1398830430974752e-10,0,0,33.362794249244168,8.3159827778749644,1324032605.784291,2499797435.696888,0,-4.4129373861365321e-08
10,922804465.59751701,0,813,59317.513459481299,66138.406712028489,9.1246433354418151e-10,0,0,33.372960277108554,8.3121845046015199,1324081729.7711027,2500006274.1965032,0,1.3621384982071281e-07
10,922804465.59751701,0,814,59342.513459481299,66181.707982217718,9.1094194256145329e-10,0,0,33.378136130064064,8.3126547954126462,1324067846.881705,2500095267.5975389,0,2.9188197420802424e-08
10,922804465.59751701,0,815,59367.513459481299,66225.009252406933,9.094207208451643e-10,0,0,33.370824176350503,8.3162768648330072,1323921226.2575457,2499933138.9084415,0,-1.3750282418500209e-07
10,922804465.59751701,0,816,59392.513459481299,66268.310522596148,9.0793850357854402e-10,0,0,33.363677712899786,8.3160648388052962,1323761641.5884216,2499744254.9772358,0,1.2723732578118305e-07
10,922804465.59751701,0,817,59417.513459481299,66311.611792785377,9.065192389742519e-10,0,0,33.372009047648177,8.3138163400274543,1323857379.1744311,2500035390.598393,0,-8.2661240275261381e-08
10,922804465.59751701,0,818,59442.513459481299,66354.913062974607,9.0500236741602517e-10,0,0,33.372404847923072,8.3188933088978416,1323883964.1978631,2500197999.4857569,0,-1.8208482586654528e-07
10,922804465.59751701,0,819,59467.513459481299,66398.214333163822,9.0363215945204921e-10,0,0,33.351632228102019,8.3257491539287205,1323593835.3804615,2499757680.2971992,0,-5.5296384595292384e-08
10,922804465.59751701,0,820,59492.513459481299,66441.515603353037,9.0222265164988455e-10,0,0,33.345353407986941,8.3251642510778581,1323537354.8081586,2499758759.1277428,0,-4.1661884626282386e-08
10,922804465.59751701,0,821,59517.513459481299,66484.816873542266,9.0081515810312384e-10,0,0,33.353652636336662,8.3253625619618639,1323691937.9071026,2500158682.2045979,0,-3.2353646201636424e-08
10,922804465.59751701,0,822,59542.513459481299,66528.118143731495,8.994150441557642e-10,0,0,33.344509226611358,8.3341170017095045,1323633979.1599832,2500155831.5169559,0,2.0150192960952433e-08
10,922804465.59751701,0,823,59567.513459481299,66571.41941392071,8.981241681413152e-10,0,0,33.318947367267647,8.3395232517027189,1323281071.3098295,2499592184.130898,0,2.3425604607661332e-07
10,922804465.59751701,0,824,59592.513459481299,66614.720684109925,8.9672934643994758e-10,0,0,33.322675848052462,8.3377268200496015,1323423543.3280165,2499967007.2648525,0,1.3260876031748549e-07
10,922804465.59751701,0,825,59617.513459481299,66658.021954299154,8.953857877011772e-10,0,0,33.325758805702399,8.3410855659960905,1323496709.624229,2500209129.0596771,0,-1.9132717037726368e-09
10,922804465.59751701,0,826,59642.513459481299,66701.323224488384,8.941106990133966e-10,0,0,33.309878263985688,8.3489251891876197,1323324110.4326591,2499983956.8449407,0,2.068340132682308e-08
10,922804465.59751701,0,827,59667.513459481299,66744.624494677599,8.9279881901844326e-10,0,0,33.294452424881783,8.3502711865345862,1323108422.3584318,2499678129.5748773,0,1.8362490522150248e-07
10,922804465.59751701,0,828,59692.513459481299,66787.925764866814,8.9150774974354502e-10,0,0,33.303569293198187,8.3482531155610822,1323280602.4101892,2500103626.2388515,0,1.5400894202175343e-07
10,922804465.59751701,0,829,59717.513459481299,66831.227035056043,8.9033262126468694e-10,0,0,33.301996439771855,8.3505335004243673,1323193203.029747,2500034166.884315,0,5.9274594195419179e-08
10,922804465.59751701,0,830,59742.513459481299,66874.528305245272,8.8913916570749098e-10,0,0,33.294200103962545,8.354610667569446,1323095652.0797734,2499945061.809917,0,-1.3751537028401914e-07
10,922804465.59751701,0,831,59767.513459481299,66917.829575434487,8.8800176238697102e-10,0,0,33.286457548598122,8.3555094746991632,1322953091.6514714,2499768711.9916077,0,-4.3610428617801654e-08
10,922804465.59751701,0,832,59792.513459481299,66961.130845623702,8.868724783481429e-10,0,0,33.289062970154326,8.354402186211189,1322938503.1300256,2499834068.5589304,0,1.1738435251407489e-07
10,922804465.59751701,0,833,59817.513459481299,67004.432115812931,8.856139628948092e-10,0,0,33.293497745531674,8.3513652602500166,1322864378.1005485,2499792100.695549,0,6.0424153969217024e-08
10,922804465.59751701,0,834,59842.513459481299,67047.733386002161,8.8431473296969379e-10,0,0,33.299455602138899,8.3520677944772785,1322882120.4285212,2499925584.748601,0,-4.1016139905409594e-08
10,922804465.59751701,0,835,59867.513459481299,67091.034656191376,8.8310028655431912e-10,0,0,33.291334275541701,8.3498134702828892,1322554614.0446177,2499403372.0211606,0,6.8372974406818183e-08
10,922804465.59751701,0,836,59892.513459481299,67134.335926380591,8.8187868825967539e-10,0,0,33.309127155149973,8.3415082665263878,1322680292.9658825,2499737754.6349792,0,1.7186807520004284e-07
10,922804465.59751701,0,837,59917.513459481299,67177.63719656982,8.805957538981384e-10,0,0,33.322622707678683,8.3390745839774283,1322690665.2476704,2499856347.9560161,0,1.1303852335614566e-07
10,922804465.59751701,0,838,59942.513459481299,67220.938466759049,8.7937767409746737e-10,0,0,33.319230774230199,8.3404502806584802,1322515236.3534071,2499621021.9757061,0,-8.5209459436157742e-08
10,922804465.59751701,0,839,59967.513459481299,67264.239736948264,8.7822841302911217e-10,0,0,33.318114775472836,8.3344968608719885,1322311850.1013436,2499330532.748065,0,9.7603298022908151e-08
10,922804465.59751701,0,840,59992.513459481299,67307.541007137479,8.7695099041963206e-10,0,0,33.343535664076171,8.3255188279260963,1322537291.5806546,2499854427.6015773,0,-5.0278491710867533e-08
10,922804465.59751701,0,841,60017.513459481299,67350.842277326708,8.7576810949415582e-10,0,0,33.353352862163923,8.3254093131220248,1322507043.5826349,2499892283.0879078,0,-1.0720547063308358e-07
10,922804465.59751701,0,842,60042.513459481299,67394.143547515938,8.7458349155509317e-10,0,0,33.343690669672846,8.326135152559651,1322220143.7504344,2499443919.3428931,0,-7.1667122138388847e-08
10,922804465.59751701,0,843,60067.513459481299,67437.444817705153,8.7342721857445945e-10,0,0,33.351337550005674,8.318832111718109,1322202572.3087921,2499504216.9933434,0,-5.6088175105435929e-09
10,922804465.59751701,0,844,60092.513459481299,67480.746087894368,8.7220431745607402e-10,0,0,33.372632892696714,8.3139783844840327,1322397332.2776783,2499967145.6526299,0,-2.3833287077364752e-07
10,922804465.59751701,0,845,60117.513459481299,67524.047358083597,8.7113131884482155e-10,0,0,33.371036376852075,8.3165288726329596,1322248815.6257877,2499776514.8301334,0,-1.1915565106188788e-08
10,922804465.59751701,0,846,60142.513459481299,67567.348628272826,8.6994563546293936e-10,0,0,33.362778821163474,8.316199291912806,1322043240.4824178,2499480905.4761972,0,1.2955479116821842e-09
10,922804465.59751701,0,847,60167.513459481299,67610.649898462041,8.6881002926556924e-10,0,0,33.372142887217535,8.3120295955979238,1322125864.0488522,2499728976.1317701,0,-2.474530209163473e-07
10,922804465.59751701,0,848,60192.513459481299,67653.951168651256,8.6768803219938365e-10,0,0,33.379388620803404,8.3122991158404798,1322167492.2868276,2499898467.4870028,0,3.092284447098569e-08
10,922804465.59751701,0,849,60217.513459481299,67697.252438840485,8.6656687688301387e-10,0,0,33.371260484558157,8.3162783203066315,1322017909.8753617,2499706660.8236909,0,2.2336007730808725e-08
10,922804465.59751701,0,850,60242.513459481299,67740.553709029715,8.6540852412612665e-10,0,0,33.363339845262921,8.3175769596971172,1321900926.3559766,2499577376.1456547,0,-1.0963648704700161e-08
10,922804465.59751701,0,851,60267.513459481299,67783.85497921893,8.6432284691771292e-10,0,0,33.366070443495929,8.3166701914170513,1321936307.2826867,2499733641.2559767,0,-1.1123400568929938e-08
10,922804465.59751701,0,852,60292.513459481299,67827.156249408145,8.6321507962341718e-10,0,0,33.367120904436845,8.3190594979496932,1321954983.2928751,2499859200.1033688,0,8.3042532976885938e-08
10,922804465.59751701,0,853,60317.513459481299,67870.457519597374,8.6204331680650066e-10,0,0,33.356170173754109,8.3259664085000917,1321862688.1487942,2499776892.3381648,0,-6.7011458403063206e-08
10,922804465.59751701,0,854,60342.513459481299,67913.758789786589,8.6097702859213504e-10,0,0,33.339616327617684,8.3298202467036155,1321662250.9243174,2499486471.0566692,0,1.287829463549375e-07
10,922804465.59751701,0,855,60367.513459481299,67957.060059975804,8.5987350650369126e-10,0,0,33.341082699004339,8.3291918790318178,1321737484.8913395,2499718375.6866913,0,-1.6406370603827503e-07
10,922804465.59751701,0,856,60392.513459481299,68000.361330165033,8.5872886672973093e-10,0,0,33.341683227185129,8.3330319776747785,1321789015.9563088,2499907352.2661066,0,-6.8577790441474644e-08
10,922804465.59751701,0,857,60417.513459481299,68043.662600354248,8.5761323448653491e-10,0,0,33.325819644400433,8.3413948482168134,1321643943.9935751,2499723072.0867867,0,-1.1687238493744754e-07
10,922804465.59751701,0,858,60442.513459481299,68086.963870543463,8.5655262014919628e-10,0,0,33.308673558669305,8.3437322071320246,1321425378.5779593,2499398023.7694807,0,-4.5282766563285838e-08
10,922804465.59751701,0,859,60467.513459481299,68130.265140732692,8.5539613959229987e-10,0,0,33.316103857607374,8.3426652666405765,1321605467.856796,2499830352.4311948,0,-3.2375471898011537e-08
10,922804465.59751701,0,860,60492.513459481299,68173.566410921921,8.5426977780144341e-10,0,0,33.31261216011621,8.3474078434185017,1321561430.7825978,2499837941.8785272,0,2.1214259895025368e-08
10,922804465.59751701,0,861,60517.513459481299,68216.867681111136,8.5318492342394886e-10,0,0,33.297813364367428,8.3527784716886746,1321389285.2509696,2499601656.7498302,0,2.2383994614988128e-08
10,922804465.59751701,0,862,60542.513459481299,68260.168951300351,8.5203654186157295e-10,0,0,33.291002539329781,8.3520660566028155,1321282391.2640579,2499491240.5132647,0,-3.0249571425527451e-08
10,922804465.59751701,0,863,60567.513459481299,68303.470221489581,8.5087993957449023e-10,0,0,33.299963177048255,8.3506752837378002,1321413675.9986992,2499831957.5647163,0,1.0029415810892051e-07
10,922804465.59751701,0,864,60592.513459481299,68346.77149167881,8.4975836719561717e-10,0,0,33.297137671100685,8.3529513585835389,1321313101.1085725,2499733100.7308784,0,4.8196780830782601e-08
10,922804465.59751701,0,865,60617.513459481299,68390.072761868025,8.4857480257210641e-10,0,0,33.291245677526945,8.3541555927625648,1321198053.3462803,2499609482.7162819,0,4.628212247194004e-08
10,922804465.59751701,0,866,60642.513459481299,68433.37403205724,8.4736086970269971e-10,0,0,33.291533025870159,8.3520179136849926,1321128039.9760673,2499572745.5253744,0,-4.0503622781772998e-08
10,922804465.59751701,0,867,60667.513459481299,68476.675302246469,8.4616658946025596e-10,0,0,33.29984752167465,8.3484393458693678,1321142489.0899429,2499696031.3586817,0,-6.5024257480943117e-08
10,922804465.59751701,0,868,60692.513459481299,68519.976572435698,8.4487963184651641e-10,0,0,33.306626034831815,8.3468897758759635,1321126409.904711,2499766483.2725849,0,-5.8887702116395498e-08
10,922804465.59751701,0,869,60717.513459481299,68563.277842624913,8.4348644567562369e-10,0,0,33.305598572779481,8.3464294846872971,1320977555.771467,2499590295.5746336,0,7.0758527867559477e-08
10,922804465.59751701,0,870,60742.513459481299,68606.579112814128,8.4214391400137681e-10,0,0,33.308068155082005,8.3420249420298695,1320829658.7563198,2499416447.5910387,0,-1.9435296902663425e-07
10,922804465.59751701,0,871,60767.513459481299,68649.880383003358,8.4040936955347538e-10,0,0,33.323839289634272,8.3358773621223996,1320847712.0446126,2499568040.9284368,0,7.8469135000334869e-08
10,922804465.59751701,0,872,60792.513459481299,68693.181653192587,8.3867563340576388e-10,0,0,33.332111196799147,8.334936324741971,1320630399.1075659,2499290871.4913125,0,7.4633312696311426e-08
10,922804465.59751701,0,873,60817.513459481299,68736.482923381802,8.3564487804339447e-10,0,0,33.327365175610588,8.3166968724015771,1319618305.3042552,2497516768.0560803,0,-9.8624751871766873e-08
10,922804465.59751701,0,874,60842.513459481299,68779.784193571017,8.3835850824557636e-10,0,0,33.40590469862709,8.386818697017361,1322576310.0673447,2503062522.807857,0,-2.7605440669559987e-09
10,922804465.59751701,0,875,60867.513459481299,68823.085463760246,8.3779686351157031e-10,0,0,49.80365542827645,16.711017474134398,1979246385.6245337,3745755966.9520173,0,-2.3053968022363254e-08
10,922804465.59751701,0,876,60917.513459481299,68909.68800413869,8.4712000012624055e-10,0,0,66.536464835973618,16.771933094118008,2643119225.7742629,5001739117.1262407,0,8.5640825159050321e-08
10,922804465.59751701,0,877,60967.513459481299,68996.290544517135,8.3902706608690364e-10,0,0,66.419057316413245,16.790247987415256,2641361001.0619435,4999007504.6336966,0,8.292033408728894e-08
10,922804465.59751701,0,878,61017.513459481299,69082.893084895579,8.3736684652662643e-10,0,0,66.406847232492822,16.773611538729543,2640473805.9818053,4997748612.7471209,0,1.4488712978004197e-07
10,922804465.59751701,0,879,61067.513459481299,69169.495625274023,8.3444088433704987e-10,0,0,66.499862471121801,16.757964748249485,2641797054.2804346,5000670146.8601322,0,9.5912816750110012e-09
10,922804465.59751701,0,880,61117.513459481299,69256.098165652467,8.3170260413666752e-10,0,0,66.452359883225313,16.781396219889864,2640587016.8182435,4998778673.5030642,0,1.8241057264904875e-08
10,922804465.59751701,0,881,61167.513459481299,69342.700706030912,8.3049356923890985e-10,0,0,66.426132597562443,16.754137928693005,2639559379.8243952,4997144396.4425526,0,-1.1374429946550621e-07
10,922804465.59751701,0,882,61217.513459481299,69429.303246409356,8.2722634349160441e-10,0,0,66.553296151355227,16.722809100410078,2641231064.6849294,5000719249.2674255,0,5.3655402204189609e-08
10,922804465.59751701,0,883,61267.513459481299,69515.9057867878,8.2589966746856975e-10,0,0,66.543494416392349,16.74000869169684,2640348716.2834926,4999366596.6235247,0,1.2859479312623185e-07
10,922804465.59751701,0,884,61317.513459481299,69602.508327166244,8.2324007172685569e-10,0,0,66.496311512736369,16.716751326724864,2638835430.1177211,4996865536.6733847,0,-1.5475463953397207e-08
10,922804465.59751701,0,885,61367.513459481299,69689.110867544689,8.2205637292647672e-10,0,0,66.637755285802797,16.669386760766088,2640461939.1576743,5000251521.8738146,0,8.9407833639745104e-08
10,922804465.59751701,0,886,61417.513459481299,69775.713407923133,8.1882548312209074e-10,0,0,66.672299554338636,16.676465113394169,2640174703.7721233,5000106135.0262041,0,-1.928008327400177e-07
10,922804465.59751701,0,887,61467.513459481299,69862.315948301577,8.1805811716616945e-10,0,0,66.618325826252715,16.658737010444913,2638201269.2872849,4996642115.9457188,0,-2.3022813889128376e-07
10,922804465.59751701,0,888,61517.513459481299,69948.918488680021,8.154537850115181e-10,0,0,66.739221560873801,16.601024683271667,2639282475.0216198,4999041953.0297585,0,-1.2680612807331787e-07
10,922804465.59751701,0,889,61567.513459481299,70035.521029058466,8.1425477195077293e-10,0,0,66.821424930355136,16.609215047521893,2639826254.7725377,5000382665.7748165,0,4.9555019180758789e-08
10,922804465.59751701,0,890,61617.513459481299,70122.12356943691,8.1075176740024686e-10,0,0,66.728856580548523,16.605690088736935,2637347135.7939496,4996102806.7091112,0,1.9013873497897293e-07
10,922804465.59751701,0,891,61667.513459481299,70208.726109815354,8.1036798230183846e-10,0,0,66.850684021768259,16.548538017391856,2638692498.7137294,4998913226.8163309,0,9.59425960900262e-08
10,922804465.59751701,0,892,61717.513459481299,70295.328650193798,8.0694656322497224e-10,0,0,66.9449704896399,16.561336086775935,2639897889.1088409,5001600997.8415213,0,8.1345206126570702e-09
10,922804465.59751701,0,893,61767.513459481299,70381.931190572242,8.0621073779754377e-10,0,0,66.80182540417016,16.581659939065815,2636713634.6324754,4995852580.4299507,0,1.2460805010050535e-07
10,922804465.59751701,0,894,61817.513459481299,70468.533730950672,8.0293523954344253e-10,0,0,66.871266556139688,16.530716082040559,2637644202.7099543,4998005516.5132122,0,-3.1179297366179526e-08
10,922804465.59751701,0,895,61867.513459481299,70555.136271329116,8.0271312987720297e-10,0,0,66.989452674018466,16.532702558771824,2639267090.1307211,5001324154.1813173,0,-5.2613586376537569e-08
10,922804465.59751701,0,896,61917.513459481299,70641.738811707561,7.9941767805434663e-10,0,0,66.840599882167211,16.58745977699817,2636763176.2075319,4996975057.8312674,0,1.3655738939633011e-07
10,922804465.59751701,0,897,61967.513459481299,70728.341352086005,7.9849719371279002e-10,0,0,66.798267090336381,16.557150151214799,2636066870.5465255,4995955047.8434477,0,7.2510774965249148e-08
10,922804465.59751701,0,898,62017.513459481299,70814.943892464449,7.9513148203071951e-10,0,0,66.963133545812269,16.552904930275485,2639425264.2462316,5002729008.9459143,0,4.7236212268005428e-08
10,922804465.59751701,0,899,62067.513459481299,70901.546432842893,7.9458591037403031e-10,0,0,66.817353720559964,16.619059711788211,2636961759.4170594,4998333694.2957373,0,7.307601223268264e-08
10,922804465.59751701,0,900,62117.513459481299,70988.148973221338,7.9114899564492602e-10,0,0,66.709505596356337,16.617285793286797,2635675175.0538392,4996307812.5653124,0,7.0997092001354353e-08
10,922804465.59751701,0,901,62167.513459481299,71074.751513599782,7.9031666028739018e-10,0,0,66.813755015446475,16.608966226906468,2637904565.1029177,5000818944.0729294,0,-7.4080206350550334e-08
10,922804465.59751701,0,902,62217.513459481299,71161.354053978226,7.8766269207521504e-10,0,0,66.742038210449024,16.666712765476593,2637192720.6024513,4999834033.1931152,0,-2.5818574968801955e-08
10,922804465.59751701,0,903,62267.513459481299,71247.95659435667,7.864051802352145e-10,0,0,66.588936803323378,16.689969775503609,2635022613.9572487,4996029889.5766745,0,5.6001897608259611e-08
10,922804465.59751701,0,904,62317.513459481299,71334.559134735115,7.8351020298006878e-10,0,0,66.6505365212209,16.677053115629793,2636778329.9213748,4999746078.3689985,0,1.8573895992639912e-07
10,922804465.59751701,0,905,62367.513459481299,71421.161675113559,7.8245493773635801e-10,0,0,66.628463090576886,16.722496484781736,2636826894.6411786,5000131747.9612389,0,-1.2835310786192387e-07
10,922804465.59751701,0,906,62417.513459481299,71507.764215492003,7.7994228979999183e-10,0,0,66.483734474951333,16.748090273216956,2634738765.8697872,4996537468.9395943,0,1.1827498968440999e-07
10,922804465.59751701,0,907,62467.513459481299,71594.366755870447,7.7826430830419788e-10,0,0,66.523833216377113,16.731224747830385,2635781931.618804,4998851338.363287,0,-5.7936632633907943e-08
10,922804465.59751701,0,908,62517.513459481299,71680.969296248892,7.7581702801238148e-10,0,0,66.540501907079602,16.75805968411127,2636337902.5032597,5000269906.3876638,0,3.1124246733347018e-08
10,922804465.59751701,0,909,62567.513459481299,71767.571836627336,7.7461243668287866e-10,0,0,66.422888521788991,16.783707582535111,2634409121.8792696,4996913460.1870642,0,7.7545563494668195e-08
10,922804465.59751701,0,910,62617.513459481299,71854.17437700578,7.7196241392356298e-10,0,0,66.446342093552161,16.761333021155419,2634938746.4003882,4998299968.2404842,0,-2.7870043884686002e-08
10,922804465.59751701,0,911,62667.513459481299,71940.776917384224,7.7021458885419494e-10,0,0,66.493567426479956,16.774632661583862,2635731719.388422,5000142454.9631739,0,1.1234466396502442e-07
10,922804465.59751701,0,912,62717.513459481299,72027.379457762669,7.6824422004364878e-10,0,0,66.404156900648957,16.790719980254693,2633979739.7450042,4997158970.9129066,0,-1.8320244282987189e-08
10,922804465.59751701,0,913,62767.513459481299,72113.981998141113,7.6638550242264988e-10,0,0,66.432724960049896,16.757794059428402,2634091728.5475287,4997713395.5880976,0,8.7201651013254034e-08
10,922804465.59751701,0,914,62817.513459481299,72200.584538519557,7.641053523612971e-10,0,0,66.531418330462472,16.749853465759411,2635418315.6561937,5000600416.9830589,0,2.424943030025071e-07
10,922804465.59751701,0,915,62867.513459481299,72287.187078898001,7.6211954502031017e-10,0,0,66.455941673042943,16.769784924005474,2633556052.3956513,4997414587.5005589,0,9.6241904887845541e-08
10,922804465.59751701,0,916,62917.513459481299,72373.789619276446,7.6050920053452705e-10,0,0,66.470899185596295,16.726202617343102,2633136477.6979623,4996946175.933444,0,-8.9367296067130975e-09
10,922804465.59751701,0,917,62967.513459481299,72460.39215965489,7.5801647466821098e-10,0,0,66.620597419893613,16.693459660666083,2634877390.9008198,5000632729.0443363,0,5.2204421765849265e-09
10,922804465.59751701,0,918,63017.513459481299,72546.994700033334,7.5616899934137923e-10,0,0,66.595605877686907,16.714805085960812,2633686964.7510309,4998722861.1184807,0,-2.2424901605121187e-08
10,922804465.59751701,0,919,63067.513459481299,72633.597240411778,7.5412402383308309e-10,0,0,66.544964147874325,16.684802401858963,2631955708.1927299,4995787138.0953264,0,-1.844938218286204e-08
10,922804465.59751701,0,920,63117.513459481299,72720.199780790223,7.5236837893280309e-10,0,0,66.715840609169135,16.633522850095289,2634071874.0607853,5000149617.386178,0,-2.4415259382976746e-08
10,922804465.59751701,0,921,63167.513459481299,72806.802321168667,7.4970872018483441e-10,0,0,66.735519378982417,16.644007027332442,2633310111.121314,4999098709.3613605,0,1.4949889715466254e-08
10,922804465.59751701,0,922,63217.513459481299,72893.404861547111,7.4829353459357001e-10,0,0,66.688977930222919,16.627136315931462,2631633703.0333843,4996242518.7472401,0,2.0895296113261463e-09
10,922804465.59751701,0,923,63267.513459481299,72980.007401925555,7.4580722303806332e-10,0,0,66.798534735326854,16.581775727052008,2632683791.6131926,4998615567.9895668,0,5.2777426416666803e-08
10,922804465.59751701,0,924,63317.513459481299,73066.609942304,7.4422983770908331e-10,0,0,66.86550880242612,16.584409548050708,2632984038.0578985,4999529849.1898785,0,2.1892307255031982e-07
10,922804465.59751701,0,925,63367.513459481299,73153.212482682444,7.4136566593236595e-10,0,0,66.787803511703288,16.580447743905182,2630657669.8884234,4995515878.3067465,0,2.412300313295374e-08
10,922804465.59751701,0,926,63417.513459481299,73239.815023060888,7.4045348384877549e-10,0,0,66.885731286488962,16.541476487868355,2631772380.3187919,4997926184.9409418,0,-1.769277176938615e-08
10,922804465.59751701,0,927,63467.513459481299,73326.417563439318,7.376831342620276e-10,0,0,66.928599214229948,16.563696020133655,2632265010.9903946,4999247949.0917482,0,1.2338973248236164e-08
10,922804465.59751701,0,928,63517.513459481299,73413.020103817762,7.3670324415098009e-10,0,0,66.802113362054271,16.570487088303324,2629423946.8018417,4994150565.3458509,0,-7.6088988929249089e-09
10,922804465.59751701,0,929,63567.513459481299,73499.622644196206,7.3385157021207377e-10,0,0,66.906432768881061,16.532026239088477,2631317532.5772505,4998136645.6790066,0,6.2742996556313551e-08
10,922804465.59751701,0,930,63617.513459481299,73586.22518457465,7.3320477450319665e-10,0,0,66.929181872063594,16.570296615668035,2631935535.0638003,4999592722.8135386,0,2.0378222960936122e-10
10,922804465.59751701,0,931,63667.513459481299,73672.827724953095,7.299468497204182e-10,0,0,66.761884469398126,16.60485744065393,2629693444.4514675,4995775905.7231073,0,3.8628870465722082e-07
10,922804465.59751701,0,932,63717.513459481299,73759.430265331539,7.2817099160933297e-10,0,0,66.8045537335543,16.568532164377665,2630785789.6145301,4998252864.3162708,0,1.8200925337112004e-07
10,922804465.59751701,0,933,63767.513459481299,73846.032805709983,7.242341857926416e-10,0,0,66.906895674471301,16.592658751966166,2633063043.3920031,5003090053.8982067,0,-1.0195137383844933e-07
10,922804465.59751701,0,934,63817.513459481299,73932.635346088427,7.2335697738084629e-10,0,0,66.715122650272548,16.654454185846344,2629893113.4777508,4997398889.7251997,0,-6.8859555361251832e-08
10,922804465.59751701,0,935,63867.513459481299,74019.237886466872,7.197843489598421e-10,0,0,66.671778959388107,16.634520737111345,2629569499.6248984,4997246844.5317039,0,7.2856723623215783e-08
10,922804465.59751701,0,936,63917.513459481299,74105.840426845316,7.1884960960237973e-10,0,0,66.7814172616973,16.642784603719882,2631754621.5529571,5001718415.1341362,0,1.6469750712954106e-07
10,922804465.59751701,0,937,63967.513459481299,74192.44296722376,7.1588588948138887e-10,0,0,66.64005389617887,16.710566545814732,2629811845.1882734,4998445184.8337412,0,2.404812851247113e-07
10,922804465.59751701,0,938,64017.513459481299,74279.045507602204,7.1461066060494967e-10,0,0,66.520297604523847,16.716546870188036,2628242104.0730338,4995806040.3090105,0,3.9844074494570639e-08
10,922804465.59751701,0,939,64067.513459481299,74365.648047980649,7.1130361321581763e-10,0,0,66.609817208683168,16.70432315890794,2630235993.6338229,5000047706.8242302,0,-8.7703646963764916e-08
10,922804465.59751701,0,940,64117.513459481299,74452.250588359093,7.1028550384818871e-10,0,0,66.559839528826629,16.752466121592796,2629572472.476017,4999113523.4289074,0,9.3845536300731414e-08
10,922804465.59751701,0,941,64167.513459481299,74538.853128737537,7.072002315231864e-10,0,0,66.432564138213749,16.768383622475401,2627738836.8396997,4996066979.549819,0,1.3163725575526609e-07
10,922804465.59751701,0,942,64217.513459481299,74625.455669115981,7.0566388242232216e-10,0,0,66.491647997302451,16.748549021921757,2628890387.4548802,4998625966.7577925,0,7.6735905350585024e-08
10,922804465.59751701,0,943,64267.513459481299,74712.058209494426,7.0256681933838236e-10,0,0,66.501361023324051,16.774295255257247,2629141177.776135,4999547569.5921888,0,7.0639696050324443e-09
10,922804465.59751701,0,944,64317.513459481299,74798.66074987287,7.0147142249680805e-10,0,0,66.399674041871535,16.785908693734424,2627181507.8450694,4996158722.5948725,0,7.5820699571062209e-08
10,922804465.59751701,0,945,64367.513459481299,74885.263290251314,6.9813756336631626e-10,0,0,66.459496030178798,16.760027156079065,2628202745.6435914,4998568908.0242348,0,2.2051157287097049e-07
10,922804465.59751701,0,946,64417.513459481299,74971.865830629758,6.9655841207439338e-10,0,0,66.487037918399139,16.775909030127274,2628392804.6053529,4999306352.0498304,0,2.5963545616056936e-08
10,922804465.59751701,0,947,64467.513459481299,75058.468371008203,6.9380873993190233e-10,0,0,66.408377532736765,16.778146966929061,2626631087.345542,4996385484.9477272,0,-5.6808113669839989e-08
10,922804465.59751701,0,948,64517.513459481299,75145.070911386647,6.921129053398603e-10,0,0,66.479214075306786,16.73492014554332,2627161677.4784222,4997777997.3726568,0,3.4581203551561398e-08
10,922804465.59751701,0,949,64567.513459481299,75231.673451765091,6.8904482855129112e-10,0,0,66.574555909509357,16.733670332869202,2628302949.6535311,5000413784.1290169,0,-6.7726134941391686e-09
10,922804465.59751701,0,950,64617.513459481299,75318.275992143535,6.8726256672871485e-10,0,0,66.480577537321324,16.746505622505108,2625889016.3390141,4996210334.7876148,0,-4.0147921092945284e-08
10,922804465.59751701,0,951,64667.513459481299,75404.87853252198,6.8473179655683653e-10,0,0,66.53819839976137,16.688614528534533,2626039068.0846872,4996924567.2098875,0,-2.2726924602273001e-08
10,922804465.59751701,0,952,64717.513459481299,75491.481072900424,6.8249324427167437e-10,0,0,66.699546883935398,16.661214985030661,2627784959.5167542,5000673285.2755804,0,-4.8780266516609896e-09
10,922804465.59751701,0,953,64767.513459481299,75578.083613278854,6.7973822816450819e-10,0,0,66.645527112115929,16.684999904169995,2626054146.9693112,4997832747.9462605,0,-1.3054629332912668e-07
10,922804465.59751701,0,954,64817.513459481299,75664.686153657298,6.7788394726743434e-10,0,0,66.614742098534052,16.643446436696063,2624556754.2750688,4995379522.0805082,0,-8.2076602269008055e-08
10,922804465.59751701,0,955,64867.513459481299,75751.288694035742,6.7519373520966941e-10,0,0,66.810175657015506,16.595696725593836,2627124804.7713346,5000720526.1270628,0,6.0847694974332528e-08
10,922804465.59751701,0,956,64917.513459481299,75837.891234414186,6.7276827566474769e-10,0,0,66.794171120497424,16.617584524862856,2625784544.2597117,4998614303.8355131,0,-1.0142143572431675e-07
10,922804465.59751701,0,957,64967.513459481299,75924.493774792631,6.7037983079866551e-10,0,0,66.738185128885604,16.597875122697697,2624133859.2463155,4995908644.8403692,0,-5.6507209963525536e-08
10,922804465.59751701,0,958,65017.513459481299,76011.096315171075,6.6803846592871412e-10,0,0,66.865618663010736,16.553646463817554,2625596313.1199236,4999129063.1740007,0,-8.4121568353975679e-09
10,922804465.59751701,0,959,65067.513459481299,76097.698855549519,6.6553861382060091e-10,0,0,66.91279311612378,16.568257846569768,2625794712.0857711,4999963278.061615,0,-1.5724275928902166e-08
10,922804465.59751701,0,960,65117.513459481299,76184.301395927963,6.627762694695028e-10,0,0,66.809686965986742,16.570579910541028,2623308512.2238612,4995699884.1334429,0,1.6648143344442541e-07
10,922804465.59751701,0,961,65167.513459481299,76270.903936306408,6.6076759946512945e-10,0,0,66.908545981124789,16.538612211892001,2624878405.8951244,4999112936.8298283,0,2.2499905583379335e-07
10,922804465.59751701,0,962,65217.513459481299,76357.506476684852,6.5786247515143765e-10,0,0,66.924038343144844,16.565394397169847,2624942332.6108499,4999716625.0922756,0,8.8935592476297107e-08
10,922804465.59751701,0,963,65267.513459481299,76444.109017063296,6.5567476413877553e-10,0,0,66.813874013598337,16.573725647635179,2622681361.2245493,4995858810.8001432,0,-4.4197957541091105e-08
10,922804465.59751701,0,964,65317.513459481299,76530.71155744174,6.5258525710567952e-10,0,0,66.889031699151033,16.557337169394064,2624240615.2338095,4999325808.799551,0,-1.3693324706638146e-07
10,922804465.59751701,0,965,65367.513459481299,76617.314097820185,6.5085156873430587e-10,0,0,66.874081668725907,16.591154769604618,2624040770.5575643,4999363876.9546165,0,-2.8594429112956379e-08
10,922804465.59751701,0,966,65417.513459481299,76703.916638198629,6.4743089636620258e-10,0,0,66.754932074079406,16.618131505519724,2622292932.0706129,4996559621.2968445,0,-1.0299635364554353e-07
10,922804465.59751701,0,967,65467.513459481299,76790.519178577073,6.455338893726716e-10,0,0,66.776749394008533,16.599520004162549,2622795937.1948209,4997959957.6469593,0,5.7871972000261966e-08
10,922804465.59751701,0,968,65517.513459481299,76877.121718955517,6.4216472523096758e-10,0,0,66.814113874757567,16.638505205860259,2624127890.7774024,5001020484.6239042,0,3.6861199175723962e-08
10,922804465.59751701,0,969,65567.513459481299,76963.724259333962,6.4056936127203786e-10,0,0,66.627363654928757,16.682861349636983,2621126633.5825725,4995725103.2626858,0,-5.2790124860989688e-09
10,922804465.59751701,0,970,65617.513459481299,77050.326799712406,6.3670394819556526e-10,0,0,66.643308218915507,16.66189506193475,2621960938.8185182,4997883833.7516413,0,1.302291943453026e-07
10,922804465.59751701,0,971,65667.513459481299,77136.92934009085,6.3502987474814934e-10,0,0,66.699310366861695,16.685352506456823,2623211737.1975007,5000704105.9525156,0,4.4458980275877476e-09
10,922804465.59751701,0,972,65717.513459481299,77223.531880469294,6.3161502689209966e-10,0,0,66.551453582622543,16.744894818661646,2621350312.2053795,4997691693.2613821,0,5.251948304046293e-08
10,922804465.59751701,0,973,65767.513459481299,77310.134420847739,6.2966365276081983e-10,0,0,66.472342984943452,16.737332961860922,2620351035.3007736,4996250125.963582,0,1.0123078699560314e-07
10,922804465.59751701,0,974,65817.513459481299,77396.736961226183,6.2589391115600056e-10,0,0,66.57015200196274,16.731877676468564,2622419119.8158226,5000767422.5569458,0,1.5904670213804341e-08
10,922804465.59751701,0,975,65867.513459481299,77483.339501604627,6.2423330875480199e-10,0,0,66.492776382724543,16.776519981470297,2621176258.7086258,4998841421.1225014,0,9.4595833407702301e-08
10,922804465.59751701,0,976,65917.513459481299,77569.942041983071,6.2055751269664824e-10,0,0,66.404798907283364,16.7778595114486,2619944092.2639713,4997060851.0751352,0,2.7476163598764228e-07
10,922804465.59751701,0,977,65967.513459481299,77656.544582361515,6.1852484438094343e-10,0,0,66.479832095025188,16.757379668291414,2621141102.7363939,4999820790.5682058,0,-2.0010425544193065e-07
10,922804465.59751701,0,978,66017.513459481299,77743.14712273996,6.1500586749651651e-10,0,0,66.459643477363954,16.777449344595659,2620420939.8327179,4998991284.4274492,0,-3.0819453249582163e-07
10,922804465.59751701,0,979,66067.513459481299,77829.749663118404,6.1393471205184659e-10,0,0,66.402362072174228,16.773184827916158,2618927743.6801233,4996528761.422843,0,-2.332865248326843e-07
10,922804465.59751701,0,980,66117.513459481299,77916.352203496848,6.1003535200351102e-10,0,0,66.496822618218104,16.748355189521597,2620231672.5168266,4999607917.8715372,0,1.0251613366864255e-07
10,922804465.59751701,0,981,66167.513459481299,78002.954743875292,6.0779008960384647e-10,0,0,66.490765521417131,16.768303691167588,2619438942.7820163,4998610612.1923752,0,-4.6936332033561567e-08
10,922804465.59751701,0,982,66217.513459481299,78089.557284253737,6.0407314375162472e-10,0,0,66.419324983770039,16.752545021791448,2617385785.2724657,4995298895.254343,0,-5.7647655409806319e-08
10,922804465.59751701,0,983,66267.513459481299,78176.159824632166,6.0171755087579972e-10,0,0,66.540298877651992,16.707453491430048,2618632405.73628,4998209904.5540342,0,-8.6282826805827716e-08
10,922804465.59751701,0,984,66317.513459481299,78262.762365010611,5.9780186542031557e-10,0,0,66.608153727648229,16.713069395700529,2619176158.0398417,4999879886.2167006,0,-1.0868588749365924e-07
10,922804465.59751701,0,985,66367.513459481299,78349.364905389055,5.9556267738728562e-10,0,0,66.528539144347491,16.712474621733776,2616950778.8727565,4996149475.8609486,0,7.3865784106582385e-11
10,922804465.59751701,0,986,66417.513459481299,78435.967445767499,5.9206519287500248e-10,0,0,66.62641675610702,16.647332773260487,2617625460.2390904,4998033355.4125881,0,3.842477948616939e-08
10,922804465.59751701,0,987,66467.513459481299,78522.569986145943,5.8951533983323343e-10,0,0,66.776454193758141,16.636108215732548,2619265760.5111289,5001714490.9682512,0,-3.3524586935979512e-07
10,922804465.59751701,0,988,66517.513459481299,78609.172526524388,5.8579985357224352e-10,0,0,66.671973788106826,16.656018071487644,2616536742.9935679,4997126274.2911987,0,-8.4976113452054859e-08
10,922804465.59751701,0,989,66567.513459481299,78695.775066902832,5.8357782857119998e-10,0,0,66.705129648547768,16.594953779669193,2616042660.0083604,4996704395.9200363,0,2.9072163812703572e-08
10,922804465.59751701,0,990,66617.513459481299,78782.377607281276,5.7984664817100377e-10,0,0,66.909753644806841,16.565812600080733,2618796264.5186167,5002596223.5409594,0,5.312621772592466e-09
10,922804465.59751701,0,991,66667.513459481299,78868.98014765972,5.7717642992279508e-10,0,0,66.814322264054738,16.601621852585623,2616155681.9802871,4998122831.2152214,0,-3.7510447380506711e-08
10,922804465.59751701,0,992,66717.513459481299,78955.582688038165,5.7362991695817696e-10,0,0,66.782673023201099,16.567758045989155,2615111028.5458121,4996751489.0613661,0,6.3049021604869412e-08
10,922804465.59751701,0,993,66767.513459481299,79042.185228416609,5.7101528126522923e-10,0,0,66.93944496718035,16.527028802812453,2616968916.8834348,5000868256.0839977,0,-9.919980631260091e-09
10,922804465.59751701,0,994,66817.513459481299,79128.787768795053,5.6736980620496644e-10,0,0,66.945388626652303,16.563455928446526,2616715779.8886995,5001033027.2637796,0,-2.8863386381329623e-08
10,922804465.59751701,0,995,66867.513459481299,79215.390309173497,5.6437642064329324e-10,0,0,66.798742643760974,16.567097780013857,2613613078.2775421,4995710245.0993547,0,1.2639996500186953e-07
10,922804465.59751701,0,996,66917.513459481299,79301.992849551942,5.6106765592441559e-10,0,0,66.932812122482844,16.536089572866334,2616119523.6202435,5001127063.6758261,0,-8.6388124933670044e-09
10,922804465.59751701,0,997,66967.513459481299,79388.595389930386,5.5796964488556789e-10,0,0,66.911799937464664,16.576515479651398,2615514736.6174297,5000591354.694253,0,5.8463397468814503e-09
10,922804465.59751701,0,998,67017.513459481299,79475.19793030883,5.5449938239553452e-10,0,0,66.78374095803602,16.59005196982822,2613247448.2475314,4996913176.7179012,0,6.9756859744795632e-08
10,922804465.59751701,0,999,67067.513459481299,79561.800470687274,5.5114492191115512e-10,0,0,66.850970535814625,16.58019864999606,2614798944.9208541,5000527528.6210461,0,2.7492222352529907e-07
10,922804465.59751701,0,1000,67117.513459481299,79648.403011065719,5.4809913326390451e-10,0,0,66.82094569634846,16.619388109215031,2614468199.6411066,5000522197.741807,0,1.651989112150733e-07
10,922804465.59751701,0,1001,67167.513459481299,79735.005551444163,5.4441796419578709e-10,0,0,66.695657597860816,16.647343045181263,2612627740.0355482,4997686129.5273228,0,1.0654131785021423e-07
10,922804465.59751701,0,1002,67217.513459481299,79821.608091822607,5.4120914769944267e-10,0,0,66.717090826673427,16.634791725011642,2613247213.367764,4999529194.0880861,0,-1.714216585804975e-07
10,922804465.59751701,0,1003,67267.513459481299,79908.210632201051,5.3751422592885852e-10,0,0,66.729137007661109,16.677225668085487,2614042056.1983871,5001739161.6999865,0,-8.8298159810918422e-08
10,922804465.59751701,0,1004,67317.513459481299,79994.813172579496,5.3457486857476349e-10,0,0,66.560745000175316,16.713280854012435,2611341218.1360645,4997214797.7463856,0,3.6312647268115189e-08
10,922804465.59751701,0,1005,67367.513459481299,80081.41571295794,5.3039053516683558e-10,0,0,66.588592745985338,16.694893455084625,2612204874.103241,4999613889.8377638,0,1.7258115894963169e-08
10,922804465.59751701,0,1006,67417.513459481299,80168.018253336384,5.274064267804331e-10,0,0,66.622718826004856,16.722159254695267,2612963149.1852102,5001724471.3081284,0,6.8152981044763453e-08
10,922804465.59751701,0,1007,67467.513459481299,80254.620793714828,5.2349608660444525e-10,0,0,66.48323663258094,16.768241391417018,2610932181.5685759,4998562680.2880898,0,8.5127321821771425e-08
10,922804465.59751701,0,1008,67517.513459481299,80341.223334093273,5.2031116990383951e-10,0,0,66.449139915461075,16.752909954199065,2610453189.0374422,4998335553.7037878,0,7.8334263691351474e-08
10,922804465.59751701,0,1009,67567.513459481299,80427.825874471717,5.1602567827939217e-10,0,0,66.528861497100579,16.755380333804254,2611874985.4407907,5001833461.4844065,0,-3.1315069704277676e-07
10,922804465.59751701,0,1010,67617.513459481299,80514.428414850161,5.131093900473846e-10,0,0,66.441742722145946,16.790183090168945,2610189420.6853275,4999278422.6308832,0,-1.9842849050188906e-07
10,922804465.59751701,0,1011,67667.513459481299,80601.030955228605,5.0879854205574167e-10,0,0,66.398283204795334,16.776468035381086,2609281007.0887494,4998324029.3714237,0,-9.480777274415283e-09
10,922804465.59751701,0,1012,67717.513459481299,80687.63349560705,5.0556111915168977e-10,0,0,66.492326889973114,16.758680446616435,2610495239.9464583,5001370906.2041016,0,3.1154194366707494e-08
10,922804465.59751701,0,1013,67767.513459481299,80774.236035985494,5.0112911242592983e-10,0,0,66.456160146566532,16.782212860571416,2609363430.9003811,5000009516.0263195,0,-2.2010194649330285e-08
10,922804465.59751701,0,1014,67817.513459481299,80860.838576363938,4.9825904145600813e-10,0,0,66.409054255112721,16.762659887099726,2607814035.1709571,4997730770.7557306,0,-9.2342357743871738e-08
10,922804465.59751701,0,1015,67867.513459481299,80947.441116742382,4.9350802859401392e-10,0,0,66.527592434412583,16.729980438296803,2609173064.8026438,5001190323.1392727,0,5.126762798374786e-08
10,922804465.59751701,0,1016,67917.513459481299,81034.043657120827,4.9023951598402839e-10,0,0,66.534246876476843,16.746974715424077,2608467642.2669644,5000586348.5373154,0,6.1123965209141134e-08
10,922804465.59751701,0,1017,67967.513459481299,81120.646197499271,4.8576302336187893e-10,0,0,66.477552929159586,16.729397167850411,2606602592.9450464,4997848547.5647011,0,4.418972044196058e-08
10,922804465.59751701,0,1018,68017.513459481299,81207.2487378777,4.8243860974489745e-10,0,0,66.60753381464724,16.680482486233679,2607798998.6056256,5000902198.5311565,0,1.2723179385281954e-09
10,922804465.59751701,0,1019,68067.513459481299,81293.851278256145,4.7766391909809155e-10,0,0,66.657074454798973,16.68534657162224,2607564347.9727006,5001336316.5184584,0,-8.935989326874612e-08
10,922804465.59751701,0,1020,68117.513459481299,81380.453818634589,4.7438458038731647e-10,0,0,66.588987553670989,16.670044761226062,2605088254.4083962,4997346044.6294785,0,2.1000400663200207e-07
10,922804465.59751701,0,1021,68167.513459481299,81467.056359013033,4.698610415438698e-10,0,0,66.704958656746385,16.618371130087347,2606070120.9011331,5000091722.7004681,0,-3.3970817053036188e-09
10,922804465.59751701,0,1022,68217.513459481299,81553.658899391477,4.6631514139700441e-10,0,0,66.802968128099039,16.61710725696399,2606866888.9048934,5002431619.135664,0,-4.1689443017208488e-09
10,922804465.59751701,0,1023,68267.513459481299,81640.261439769922,4.6110968312005216e-10,0,0,66.715910737335363,16.617712617561018,2604245877.138021,4998373896.1767149,0,4.9874984383217839e-08
10,922804465.59751701,0,1024,68317.513459481299,81726.863980148366,4.5749647527972553e-10,0,0,66.812358402813487,16.560680354709284,2604853749.5223298,5000377663.0478363,0,1.7464181955026282e-07
10,922804465.59751701,0,1025,68367.513459481299,81813.46652052681,4.5249376271901206e-10,0,0,66.9385879867597,16.561242917126133,2606273048.7561593,5004061521.8688345,0,2.100470223637565e-07
10,922804465.59751701,0,1026,68417.513459481299,81900.069060905254,4.4869306200234423e-10,0,0,66.808449556712802,16.5873902885264,2603088048.0372977,4998810073.8844738,0,1.2297940556278978e-07
10,922804465.59751701,0,1027,68467.513459481299,81986.671601283699,4.4369588244778638e-10,0,0,66.846637170294954,16.535896703895542,2602991646.8474216,4999592591.4380083,0,-1.1798348083059189e-07
10,922804465.59751701,0,1028,68517.513459481299,82073.274141662143,4.3991497691450655e-10,0,0,67.000960334673991,16.528710578313113,2605012948.7374034,5004343306.1514282,0,-1.2638719234261732e-07
10,922804465.59751701,0,1029,68567.513459481299,82159.876682040587,4.3475479935277765e-10,0,0,66.877337482004876,16.581869275723047,2602545702.9449906,5000611313.5110302,0,-1.3490957439904041e-08
10,922804465.59751701,0,1030,68617.513459481299,82246.479222419031,4.3065491699106156e-10,0,0,66.794748399927926,16.559481953458128,2600710346.4103417,4998004099.5203772,0,-1.0888727717518771e-07
10,922804465.59751701,0,1031,68667.513459481299,82333.081762797476,4.2561726375922949e-10,0,0,66.963080942915568,16.542457970628039,2603632109.817318,5004625574.6361027,0,3.3122997905273351e-10
10,922804465.59751701,0,1032,68717.513459481299,82419.68430317592,4.2139372126510218e-10,0,0,66.854911852861591,16.606269525143617,2601562262.7933354,5001590646.2075014,0,-3.8277234606550765e-08
10,922804465.59751701,0,1033,68767.513459481299,82506.286843554364,4.1617069665384001e-10,0,0,66.723017135341181,16.611773646773557,2599463888.4156404,4998609064.4994802,0,-8.8494253334583139e-08
10,922804465.59751701,0,1034,68817.513459481299,82592.889383932808,4.116290038058703e-10,0,0,66.822502695279866,16.598279924158941,2601360216.4897509,5003246608.5270157,0,-7.3407533194199169e-08
10,922804465.59751701,0,1035,68867.513459481299,82679.491924311253,4.0666448316275131e-10,0,0,66.77757577823472,16.651746101583328,2600773135.5394697,5003152149.063591,0,2.3671882079669838e-08
10,922804465.59751701,0,1036,68917.513459481299,82766.094464689697,4.0180191270031211e-10,0,0,66.613141492206253,16.681879428087047,2598167973.9516721,4999183441.282073,0,4.2653314202295918e-08
10,922804465.59751701,0,1037,68967.513459481299,82852.697005068141,3.9659809364498231e-10,0,0,66.661277513353525,16.666435737366349,2599306109.1989913,5002459358.1351309,0,1.9703727891096932e-07
10,922804465.59751701,0,1038,69017.513459481299,82939.299545446585,3.9163547695926358e-10,0,0,66.659251109358365,16.70855280034332,2599449986.7672009,5003798128.1819487,0,1.4390173828203459e-09
10,922804465.59751701,0,1039,69067.513459481299,83025.90208582503,3.8654117941666967e-10,0,0,66.50804359665463,16.739762426430431,2596924771.0913792,5000022476.1700611,0,-1.1659022746697624e-08
10,922804465.59751701,0,1040,69117.513459481299,83112.504626203474,3.8110807188078855e-10,0,0,66.53183314652857,16.724152128691625,2597417066.9657736,5002107647.6434069,0,-1.6579787988655309e-07
10,922804465.59751701,0,1041,69167.513459481299,83199.107166581918,3.7587692265533525e-10,0,0,66.560031197804747,16.748981392722641,2597864157.828661,5004084232.8526907,0,3.5971820094501006e-08
10,922804465.59751701,0,1042,69217.513459481299,83285.709706960362,3.7052013260164824e-10,0,0,66.4383070806674,16.781375696608805,2595673004.6700897,5000993190.6446438,0,-1.0781847038930824e-07
10,922804465.59751701,0,1043,69267.513459481299,83372.312247338807,3.6504832964071415e-10,0,0,66.441087276256624,16.761638183193146,2595516340.1080608,5001850799.2623272,0,-1.200006725388657e-07
10,922804465.59751701,0,1044,69317.513459481299,83458.914787717251,3.592608936896432e-10,0,0,66.499922255383481,16.77075350111361,2596217994.1303382,5004400443.5691652,0,-6.7687622450757618e-08
10,922804465.59751701,0,1045,69367.513459481299,83545.517328095681,3.5389604190241178e-10,0,0,66.412448253192821,16.79245844796208,2594185541.1432142,5001627503.8040171,0,-8.2102199564999891e-08
10,922804465.59751701,0,1046,69417.513459481299,83632.119868474139,3.4793367164087825e-10,0,0,66.418436246823461,16.764682330650057,2593627157.2672987,5001769670.845048,0,-2.1217726199643727e-08
10,922804465.59751701,0,1047,69467.513459481299,83718.722408852569,3.4219048967462586e-10,0,0,66.520172383877295,16.7527011943194,2594635598.7497473,5004916936.6973314,0,-4.1770167376458681e-10
10,922804465.59751701,0,1048,69517.513459481299,83805.324949231028,3.359892717163306e-10,0,0,66.45668527191566,16.774728878499321,2592680276.913383,5002388759.8028059,0,1.4206547437788413e-07
10,922804465.59751701,0,1049,69567.513459481299,83891.927489609458,3.303353233493423e-10,0,0,66.448226244353009,16.738230883948155,2591498949.7332144,5001275476.2522097,0,4.1952578754238188e-08
10,922804465.59751701,0,1050,69617.513459481299,83978.530029987902,3.2367674382179417e-10,0,0,66.59487484955163,16.702362572417702,2592861695.7240081,5005170681.5016937,0,-2.1179977000283379e-07
10,922804465.59751701,0,1051,69667.513459481299,84065.132570366346,3.1774757961362615e-10,0,0,66.583799427618544,16.723679446613104,2592128115.7120662,5003936536.4781809,0,-8.4283418595364459e-08
10,922804465.59751701,0,1052,69717.513459481299,84151.73511074479,3.1104615749693646e-10,0,0,66.520684735515161,16.699485682048746,2592327947.5920224,5000837076.7779741,0,3.0315763889045549e-08
10,922804465.59751701,0,1053,69767.513459481299,84238.337651123235,3.0510564286847347e-10,0,0,66.681600496123238,16.645800674616989,2598469886.8115926,5005025397.7490206,0,-7.4127304849154133e-08
10,922804465.59751701,0,1054,69817.513459481299,84324.940191501679,2.9545961326242722e-10,0,0,66.7218532200949,16.651829783272539,2604266948.9276896,5004847531.6369181,0,-2.6413866176106889e-08
10,922804465.59751701,0,1055,69867.513459481299,84411.542731880123,2.9266271279075594e-10,0,0,66.669269668766574,16.640680242153099,2611305711.7476087,5002279412.5774422,0,-6.3710253406160978e-08
10,922804465.59751701,0,1056,69917.513459481299,84498.145272258567,2.8218131429151744e-10,0,0,66.768514978922667,16.591459221139232,2623270155.9106965,5004288527.3424549,0,-3.2740061152194361e-08
10,922804465.59751701,0,1057,69967.513459481299,84584.747812637012,2.7796369221183333e-10,0,0,66.857200986710168,16.590368235428222,2637973445.3912463,5006276854.5893116,0,-5.7685378734871079e-08
10,922804465.59751701,0,1058,70017.513459481299,84671.350353015456,2.7061053914376874e-10,0,0,66.775944214347092,16.590120754142831,2651622284.6159782,5002464241.0077391,0,-1.0000534994868071e-07
10,922804465.59751701,0,1059,70067.513459481299,84757.9528933939,2.6415506605683618e-10,0,0,66.866246102354978,16.547975834933684,2671235899.5445008,5004961752.2267456,0,-1.4088067888071328e-07
10,922804465.59751701,0,1060,70117.513459481299,84844.555433772344,2.5693419027617489e-10,0,0,66.932321342764894,16.561469417610827,2692550411.4421163,5007072170.3134909,0,-1.8260820712457777e-07
10,922804465.59751701,0,1061,70167.513459481299,84931.157974150789,2.5033132360989559e-10,0,0,66.815584037132709,16.570007417697219,2712044527.3437958,5002399813.6699152,0,-1.4855658202943976e-07
10,922804465.59751701,0,1062,70217.513459481299,85017.760514529233,2.4264293658118588e-10,0,0,66.905204167756878,16.533508755913118,2736581338.8082662,5005735873.0874491,0,3.9121674354374597e-08
10,922804465.59751701,0,1063,70267.513459481299,85104.363054907677,2.3560688209615827e-10,0,0,66.950837041653514,16.55620740993734,2760624565.218771,5007413410.172081,0,2.0180752784426014e-07
10,922804465.59751701,0,1064,70317.513459481299,85190.965595286121,2.2681721764887148e-10,0,0,66.817958459739955,16.594065688340191,2783607202.7296462,5003994908.477829,0,9.4259103639158423e-08
10,922804465.59751701,0,1065,70367.513459481299,85277.568135664565,2.1740379844967973e-10,0,0,66.808409896082367,16.563284217337163,2809949938.841948,5004020326.9209347,0,7.6945123536501062e-08
10,922804465.59751701,0,1066,70417.513459481299,85364.17067604301,2.0578692906734351e-10,0,0,66.931800630453765,16.577155436457634,2840945763.9370031,5009550997.8015232,0,-9.9992044703797059e-10
10,922804465.59751701,0,1067,70467.513459481299,85450.773216421454,1.9215321052949274e-10,0,0,66.751131146145369,16.642951187116687,2867514687.9981518,5004615322.9843168,0,-3.5034799648498107e-08
10,922804465.59751701,0,1068,70517.513459481299,85537.375756799898,1.7445870218497441e-10,0,0,66.681985094582885,16.626412141912869,2897800163.7696853,5003896826.0036612,0,2.0838968282996218e-08
10,922804465.59751701,0,1069,70567.513459481299,85623.978297178342,1.5445467253633616e-10,0,0,66.803666966909631,16.627639673541601,2931910488.2990179,5009382421.5863466,0,3.0900444088743848e-08
10,922804465.59751701,0,1070,70617.513459481299,85710.580837556787,1.3208506672009561e-10,0,0,66.677885281856717,16.696039080901869,2959914029.2569981,5006757066.4212666,0,-2.4822658630830574e-08
10,922804465.59751701,0,1071,70667.513459481299,85797.183377935216,1.082125639745359e-10,0,0,66.536279054271375,16.710530597322808,2985712893.1088214,5004049723.8526897,0,-8.349774611040953e-08
10,922804465.59751701,0,1072,70717.513459481299,85883.785918313675,8.5958607873681356e-11,0,0,66.620000870132145,16.693261552840539,3010726288.1491489,5008317896.1615381,0,-4.8101450004976775e-08
10,922804465.59751701,0,1073,70767.513459481299,85970.388458692105,6.5543387222910645e-11,0,0,66.592957391708765,16.740425019934204,3027592181.3207126,5008625438.1283846,0,8.7709121712424867e-09
10,922804465.59751701,0,1074,70817.513459481299,86056.990999070564,4.7516882209452727e-11,0,0,66.448047527677176,16.763813049661916,3036273480.1778393,5005135148.5674782,0,-4.0230637552667033e-08
10,922804465.59751701,0,1075,70867.513459481299,86143.593539448993,3.2705132692730421e-11,0,0,66.495144906097835,16.744058303627771,3043114316.6925354,5007846892.6451998,0,-3.2829142298537677e-08
10,922804465.59751701,0,1076,70917.513459481299,86230.196079827438,2.1071688890105699e-11,0,0,66.51752888445597,16.768105330263268,3043583119.3613434,5009375167.1726999,0,-6.4004127654711806e-08
10,922804465.59751701,0,1077,70967.513459481299,86316.798620205882,1.2581433808045752e-11,0,0,66.408304132077944,16.787287146394156,3036493541.0622578,5006249708.0070515,0,-2.0959395771719333e-08
10,922804465.59751701,0,1078,71017.513459481299,86403.401160584326,7.006926598362743e-12,0,0,66.446990579517262,16.762535941194724,3028635340.997344,5008065769.7218199,0,1.6215376462091615e-08
10,922804465.59751701,0,1079,71067.513459481299,86490.00370096277,3.6120725558662476e-12,0,0,66.488014508735517,16.775294516689431,3018034391.7431388,5009713819.067976,0,-5.8808916955936933e-08
10,922804465.59751701,0,1080,71117.513459481299,86576.606241341215,1.7544971032946169e-12,0,0,66.407912349584763,16.783781817072427,3002912179.51583,5006959564.0543842,0,1.4049616223231951e-07
10,922804465.59751701,0,1081,71167.513459481299,86663.208781719659,7.9791433365610882e-13,0,0,66.456549247472282,16.744740069544658,2989587684.5999041,5008039630.1688957,0,1.2048903674046719e-07
10,922804465.59751701,0,1082,71217.513459481299,86749.811322098103,3.5603643619844426e-13,0,0,66.559452070013776,16.738254157234479,2976092028.146122,5011137480.087533,0,2.6559570102776221e-08
10,922804465.59751701,0,1083,71267.513459481299,86836.413862476547,1.5707285753849194e-13,0,0,66.474757957296546,16.755354070190307,2957401980.4004145,5007659301.9230804,0,-4.9440800452161037e-09
10,922804465.59751701,0,1084,71317.513459481299,86923.016402854992,7.0750969087672926e-14,0,0,66.508747297583596,16.703440959001625,2939615636.7744389,5007827391.4201479,0,-1.7871044707997438e-08
10,922804465.59751701,0,1085,71367.513459481299,87009.618943233436,3.2466367375246072e-14,0,0,66.673035799584852,16.669836542039889,2926193569.1105628,5012023536.6568346,0,-1.3647046735501577e-08
10,922804465.59751701,0,1086,71417.513459481299,87096.22148361188,2.1873115495441977e-14,0,0,66.638003272407445,16.694310922354706,2919425296.0468245,5010067243.4417772,0,9.3374578032649962e-08
10,922804465.59751701,0,1087,71467.513459481299,87182.824023990324,1.5267036033965061e-14,0,0,66.585000214346408,16.65996240883344,2914067588.4677439,5007158739.674736,0,6.131323452277058e-08
10,922804465.59751701,0,1088,71517.513459481299,87269.426564368769,1.1325696661450871e-14,0,0,66.774473652629538,16.606811488097495,2912568704.8488073,5012524565.6764832,0,3.5070678189746821e-09
10,922804465.59751701,0,1089,71567.513459481299,87356.029104747213,9.102842066459133e-15,0,0,66.785265557520873,16.623645545396588,2905948807.675611,5011523208.1555214,0,5.1638860546417915e-08
10,922804465.59751701,0,1090,71617.513459481299,87442.631645125657,7.8096938281312455e-15,0,0,66.720890494884088,16.609445433776841,2897368504.0383663,5008685861.791955,0,-8.8368602786752154e-08
10,922804465.59751701,0,1091,71667.513459481299,87529.234185504101,6.8192299868012157e-15,0,0,66.837125669625479,16.560747469287911,2892233943.929173,5011627475.3722315,0,-1.2999371044887704e-07
10,922804465.59751701,0,1092,71717.513459481299,87615.836725882546,6.0009116593484376e-15,0,0,66.910934573236375,16.570356664710975,2886999262.0029893,5013655069.6999769,0,-6.5913184679696647e-08
10,922804465.59751701,0,1093,71767.513459481299,87702.43926626099,5.3279550555329402e-15,0,0,66.803015088564436,16.576281949120634,2878518300.5233893,5009300114.459342,0,-8.819889160454672e-08
10,922804465.59751701,0,1094,71817.513459481299,87789.041806639434,4.7672037925009896e-15,0,0,66.894246888858333,16.540877482736374,2874865579.0075989,5012672439.570055,0,5.2837437138146477e-08
10,922804465.59751701,0,1095,71867.513459481299,87875.644347017878,4.2921776619503472e-15,0,0,66.931752663853047,16.560748705010965,2870394811.2390494,5014068955.957016,0,-2.7617337095613072e-08
10,922804465.59751701,0,1096,71917.513459481299,87962.246887396323,3.8884210203299868e-15,0,0,66.8235320898373,16.572270830144127,2863397794.6175079,5010505975.9590559,0,6.1724179894058421e-08
10,922804465.59751701,0,1097,71967.513459481299,88048.849427774767,3.5430161375544614e-15,0,0,66.887571059437619,16.552040977959127,2860469511.8225393,5013563730.9389067,0,9.8506117095415624e-08
10,922804465.59751701,0,1098,72017.513459481299,88135.451968153211,3.2433064815536731e-15,0,0,66.895589419023111,16.580789563661952,2856675138.1924009,5014693188.5912428,0,-1.4127553945467516e-07
10,922804465.59751701,0,1099,72067.513459481299,88222.054508531655,2.9823365502451994e-15,0,0,66.774413460257264,16.611251578693931,2850866903.7959833,5011884010.6581268,0,-1.8886279439120876e-08
10,922804465.59751701,0,1100,72117.513459481299,88308.6570489101,2.7544317391479373e-15,0,0,66.782330957711437,16.590807665518692,2847551989.1809478,5013076447.9936905,0,3.9735981922605177e-08
10,922804465.59751701,0,1101,72167.513459481299,88395.259589288544,2.5528197486228599e-15,0,0,66.843850697720001,16.622334643366621,2845977307.1767626,5017026104.9531498,0,3.1744782820581346e-08
10,922804465.59751701,0,1102,72217.513459481299,88481.862129666988,2.3740758724929867e-15,0,0,66.659844550191352,16.671272832768874,2839567861.0271969,5012146622.8725414,0,4.4924173150136336e-08
10,922804465.59751701,0,1103,72267.513459481299,88568.464670045432,2.2151803300268881e-15,0,0,66.658020125531493,16.652012822847109,2837061244.3415089,5013857724.7095041,0,6.3538329449301042e-08
10,922804465.59751701,0,1104,72317.513459481299,88655.067210423877,2.0729417461005669e-15,0,0,66.719823330242349,16.669860789023119,2835626338.4694057,5017214325.4413853,0,-2.2470405494807057e-08
10,922804465.59751701,0,1105,72367.513459481299,88741.669750802306,1.9450739370182852e-15,0,0,66.590467945465903,16.729233380039137,2831145386.3442154,5014934536.4696646,0,-8.5352618361139578e-08
10,922804465.59751701,0,1106,72417.513459481299,88828.272291180765,1.8306913155382023e-15,0,0,66.487204876432699,16.730669486720522,2827089831.5375762,5013139967.3492527,0,-1.5258552902948929e-07
10,922804465.59751701,0,1107,72467.513459481299,88914.874831559195,1.7273444772117823e-15,0,0,66.574097940319646,16.718691764305486,2826522809.4259467,5017308697.954669,0,-4.5807828469296931e-08
10,922804465.59751701,0,1108,72517.513459481299,89001.477371937654,1.6335843533648194e-15,0,0,66.515592141762625,16.767849542902802,2823303832.112268,5016571304.8859615,0,-3.5145535917606895e-08
10,922804465.59751701,0,1109,72567.513459481299,89088.079912316083,1.5482367728260146e-15,0,0,66.411485429905497,16.776768600002242,2819497911.7358594,5014591403.4728842,0,-1.9035660031419569e-08
10,922804465.59751701,0,1110,72617.513459481299,89174.682452694527,1.470305623525636e-15,0,0,66.479254843062421,16.75581877291993,2818664133.2631025,5017723143.229723,0,-6.5317523824925328e-08
10,922804465.59751701,0,1111,72667.513459481299,89261.284993072972,1.3985881536604044e-15,0,0,66.484057969751646,16.77953518640286,2816563536.5094614,5018452304.7016821,0,-1.4532142899191438e-07
10,922804465.59751701,0,1112,72717.513459481299,89347.887533451416,1.332735819980087e-15,0,0,66.394917980674578,16.783854521282318,2812621631.6296864,5015743141.1608658,0,-6.0656562444988717e-08
10,922804465.59751701,0,1113,72767.513459481299,89434.49007382986,1.2719025565932308e-15,0,0,66.469021709644593,16.754377964226673,2811860408.3567915,5018570652.5852022,0,-5.2425605037751834e-08
10,922804465.59751701,0,1114,72817.513459481299,89521.092614208304,1.2153389671961459e-15,0,0,66.496685372351692,16.76972422257624,2810175181.0076079,5019641146.94979,0,2.9022628879661465e-08
10,922804465.59751701,0,1115,72867.513459481299,89607.695154586749,1.1627083138897732e-15,0,0,66.423088332613887,16.765438627542871,2806422136.8164201,5016904331.8971891,0,-2.8530367341147577e-07
10,922804465.59751701,0,1116,72917.513459481299,89694.297694965193,1.1137276692057546e-15,0,0,66.516186097115465,16.719932359008233,2805705120.8239417,5019487969.8216906,0,-7.1998135658317852e-08
10,922804465.59751701,0,1117,72967.513459481299,89780.900235343637,1.0678186007489934e-15,0,0,66.597889443356109,16.719199175818829,2804822991.233532,5021691826.6789074,0,-6.0694087909036618e-08
10,922804465.59751701,0,1118,73017.513459481299,89867.502775722081,1.024912390744483e-15,0,0,66.515752776380694,16.724812881697872,2800837678.9559002,5018241963.6894541,0,-1.1021547244965515e-07
10,922804465.59751701,0,1119,73067.513459481299,89954.105316100526,9.8480113926065919e-16,0,0,66.589559847499189,16.661121760021885,2799514315.9822397,5019462872.1128798,0,1.7731858307012893e-08
10,922804465.59751701,0,1120,73117.513459481299,90040.70785647897,9.4707033584456628e-16,0,0,66.757317086152327,16.642895135798064,2800201646.9347854,5024216203.0841799,0,7.4734580013658736e-08
10,922804465.59751701,0,1121,73167.513459481299,90127.310396857414,9.1159173041755726e-16,0,0,66.661822038060507,16.667066313878205,2796028947.6031399,5020169495.5981693,0,4.7527874665047713e-08
10,922804465.59751701,0,1122,73217.513459481299,90213.912937235858,8.7827106739617849e-16,0,0,66.670314158700322,16.612552997822736,2793801113.2369032,5019525761.7829952,0,1.5785437861172288e-07
10,922804465.59751701,0,1123,73267.513459481299,90300.515477614303,8.4682501049960317e-16,0,0,66.876172872887665,16.57293904265509,2795348969.4933672,5025602299.710104,0,-4.65553184237501e-08
10,922804465.59751701,0,1124,73317.513459481299,90387.118017992747,8.1700759134225549e-16,0,0,66.819673163892844,16.605678561612407,2792044315.9742589,5022897043.8795519,0,1.1403282330918953e-07
10,922804465.59751701,0,1125,73367.513459481299,90473.720558371191,7.8891816263164574e-16,0,0,66.761497050918734,16.57916723338063,2789103075.2302098,5020768419.5555038,0,9.1142345354694826e-08
10,922804465.59751701,0,1126,73417.513459481299,90560.323098749635,7.6223584856772619e-16,0,0,66.916787436978055,16.530200076970829,2789875650.8527255,5025271715.5820808,0,9.5844471657545002e-08
10,922804465.59751701,0,1127,73467.513459481299,90646.92563912808,7.3686086130206092e-16,0,0,66.955685452095594,16.561287134077055,2789040625.9569297,5026834332.9278135,0,1.9976432811341319e-09
10,922804465.59751701,0,1128,73517.513459481299,90733.528179506524,7.1279986548240451e-16,0,0,66.797895222780085,16.569958278507691,2784366371.5699925,5021414557.0279484,0,9.5034519666064629e-08
10,922804465.59751701,0,1129,73567.513459481299,90820.130719884968,6.8994234230675363e-16,0,0,66.922102624227904,16.5340871108458,2785718481.5166702,5026809360.3197222,0,-1.4594212330983824e-07
10,922804465.59751701,0,1130,73617.513459481299,90906.733260263412,6.6810079321825145e-16,0,0,66.928645536500795,16.566922141712361,2784494505.8422976,5027518503.0132675,0,-1.7892397690563075e-07
10,922804465.59751701,0,1131,73667.513459481299,90993.335800641842,6.4734638302260341e-16,0,0,66.80359682871557,16.58496859789734,2781141111.1498547,5024327578.1988878,0,-6.9751544697345326e-08
10,922804465.59751701,0,1132,73717.513459481299,91079.938341020301,6.2756840162068609e-16,0,0,66.852858186001569,16.573001215886219,2781421259.7838445,5027653231.4671583,0,-8.1706213820381117e-08
10,922804465.59751701,0,1133,73767.513459481299,91166.540881398731,6.0863904572658097e-16,0,0,66.847238586485204,16.606719738975137,2780637059.6416731,5029020553.1484261,0,3.7737162411024578e-08
10,922804465.59751701,0,1134,73817.513459481299,91253.143421777189,5.9054616965588872e-16,0,0,66.71986199936326,16.638429991724909,2777709795.4872856,5026468746.4291801,0,-7.1425800409830601e-08
10,922804465.59751701,0,1135,73867.513459481299,91339.745962155619,5.732885215914232e-16,0,0,66.729381052371394,16.62486639496661,2777300459.6170149,5028429394.8367996,0,-9.2296428403925818e-09
10,922804465.59751701,0,1136,73917.513459481299,91426.348502534063,5.5668707809861952e-16,0,0,66.760223183137796,16.662112265650222,2777659848.687283,5031755978.7428436,0,1.2212805257319413e-07
10,922804465.59751701,0,1137,73967.513459481299,91512.951042912508,5.4081038744249198e-16,0,0,66.588298461145087,16.703243873603252,2773934163.317071,5027643845.7940292,0,1.4405915956470954e-10
10,922804465.59751701,0,1138,74017.513459481299,91599.553583290952,5.25569776755756e-16,0,0,66.600422657737326,16.686205320148233,2773835517.9479985,5030069027.0265064,0,-4.3731517687918151e-08
10,922804465.59751701,0,1139,74067.513459481299,91686.156123669396,5.1096164543822113e-16,0,0,66.644980743241163,16.709946543041532,2774177217.9250956,5033264454.4513626,0,2.7307553648881664e-07
10,922804465.59751701,0,1140,74117.513459481299,91772.75866404784,4.968992107037858e-16,0,0,66.508915631445362,16.760689435766345,2771413758.9749713,5030795249.886302,0,-3.5442725465181518e-08
10,922804465.59751701,0,1141,74167.513459481299,91859.361204426285,4.8346715148650895e-16,0,0,66.451095401782382,16.750241103406022,2769897979.8600888,5030548639.219285,0,-1.2005677055451416e-07
10,922804465.59751701,0,1142,74217.513459481299,91945.963744804729,4.7051495160396556e-16,0,0,66.539501828901734,16.747025869017129,2770959735.340004,5034958243.7764568,0,1.6627704097382823e-07
10,922804465.59751701,0,1143,74267.513459481299,92032.566285183173,4.5808853254289903e-16,0,0,66.460564686649576,16.786042354574224,2768777431.2758074,5033443611.9572992,0,5.6373978393976827e-08
10,922804465.59751701,0,1144,74317.513459481299,92119.168825561617,4.461165521085945e-16,0,0,66.394070480556451,16.778166072670984,2766832207.2662745,5032328038.9679937,0,-8.2129627870712526e-08
10,922804465.59751701,0,1145,74367.513459481299,92205.771365940062,4.3460692811846531e-16,0,0,66.481124160121581,16.758859983025186,2767542503.4449973,5036016815.7500839,0,-1.0909023101316221e-07
10,922804465.59751701,0,1146,74417.513459481299,92292.373906318506,4.2345930098870191e-16,0,0,66.463539504265597,16.781107397129489,2766208357.4424481,5035967738.1143084,0,1.4046618713499852e-07
10,922804465.59751701,0,1147,74467.513459481299,92378.97644669695,4.127579995233228e-16,0,0,66.397842228343706,16.773112276417862,2763876813.7398438,5034072503.278471,0,5.2547147213727454e-08
10,922804465.59751701,0,1148,74517.513459481299,92465.578987075394,4.0237162388263905e-16,0,0,66.497834832693798,16.737086385907315,2764531181.0109,5037601925.4454498,0,-2.7902738464758998e-08
10,922804465.59751701,0,1149,74567.513459481299,92552.181527453838,3.9229489584996392e-16,0,0,66.520219937731881,16.75058563202116,2763645989.5856533,5038318812.7378616,0,1.3712510739456142e-07
10,922804465.59751701,0,1150,74617.513459481299,92638.784067832283,3.8251170590691272e-16,0,0,66.458371418232161,16.740635084152462,2761166269.3746758,5036114172.9768372,0,8.2279420370805792e-08
10,922804465.59751701,0,1151,74667.513459481299,92725.386608210727,3.7306331197659876e-16,0,0,66.575232361057772,16.69267403254117,2761940169.0542583,5039825996.1585865,0,1.1189260810482631e-07
10,922804465.59751701,0,1152,74717.513459481299,92811.989148589171,3.6388862703137031e-16,0,0,66.644908900021235,16.692303096262719,2761688100.623333,5041655321.9819956,0,-1.3147623732972877e-07
10,922804465.59751701,0,1153,74767.513459481299,92898.591688967615,3.5503949560032338e-16,0,0,66.578736622984493,16.686431923660745,2758863667.7891726,5038765148.266077,0,2.4634163544105738e-08
10,922804465.59751701,0,1154,74817.513459481299,92985.19422934606,3.4646904624453745e-16,0,0,66.679593750204177,16.628718217433573,2759081873.0448608,5041412997.1254416,0,-9.9717849004817343e-08
10,922804465.59751701,0,1155,74867.513459481299,93071.796769724504,3.3815647202553719e-16,0,0,66.796320081459172,16.623508464778077,2759768991.1417379,5044908194.1339235,0,6.7569497363617008e-08
10,922804465.59751701,0,1156,74917.513459481299,93158.399310102948,3.3009602727891464e-16,0,0,66.703251822419517,16.631465343010841,2756494950.5436344,5041145579.1681213,0,1.0789480567134248e-07
10,922804465.59751701,0,1157,74967.513459481299,93245.001850481392,3.2230301467828446e-16,0,0,66.774061237380877,16.573255636942516,2756294380.0248156,5042983046.4568462,0,-5.6975406943363128e-08
10,922804465.59751701,0,1158,75017.513459481299,93331.604390859837,3.1472162078019277e-16,0,0,66.927418230623829,16.562057481583857,2757853056.7479472,5048033789.719039,0,-1.3266559565060782e-07
10,922804465.59751701,0,1159,75067.513459481299,93418.206931238281,3.073582560221324e-16,0,0,66.812802853236008,16.592568678086852,2754484590.9274907,5044053836.7544727,0,-2.9170661150926437e-07
10,922804465.59751701,0,1160,75117.513459481299,93504.809471616725,3.0022494744872416e-16,0,0,66.821009071586928,16.543336794849385,2753467521.6554403,5044360247.0890512,0,-5.3899759500685707e-08
10,922804465.59751701,0,1161,75167.513459481299,93591.412011995169,2.9328533922950035e-16,0,0,66.996719392599587,16.523731232589284,2755695631.8545446,5050607095.7530222,0,-1.1514073898253221e-07
10,922804465.59751701,0,1162,75217.513459481299,93678.014552373599,2.865258321372009e-16,0,0,66.901209279700112,16.576524668430206,2753275612.5769005,5048329115.5964689,0,1.2371813542773728e-07
10,922804465.59751701,0,1163,75267.513459481299,93764.617092752058,2.7997052910970356e-16,0,0,66.791394390001471,16.561791593989497,2750610789.9446559,5045584065.492218,0,1.1544017834772864e-07
10,922804465.59751701,0,1164,75317.513459481299,93851.219633130488,2.7358837338092257e-16,0,0,66.959053399792751,16.534389175712583,2753387940.8880987,5052815941.2986584,0,-1.0424418058235483e-07
10,922804465.59751701,0,1165,75367.513459481299,93937.822173508946,2.67365069040507e-16,0,0,66.892475214558104,16.593128337406704,2751751677.4444475,5051946816.4297152,0,-2.3471117250834196e-08
10,922804465.59751701,0,1166,75417.513459481299,94024.424713887376,2.6132071618707946e-16,0,0,66.738653896186534,16.606882464716062,2748861448.4310269,5048760251.5817404,0,-6.1627774858606556e-08
10,922804465.59751701,0,1167,75467.513459481299,94111.02725426582,2.5543178495215486e-16,0,0,66.828197858664851,16.589381007277229,2750580115.0582552,5054032414.3889418,0,2.1289804314772439e-08
10,922804465.59751701,0,1168,75517.513459481299,94197.629794644265,2.4968758272761084e-16,0,0,66.807162481593735,16.637302378233063,2750208124.552352,5055462513.7222424,0,1.6788349916156537e-07
10,922804465.59751701,0,1169,75567.513459481299,94284.232335022709,2.4409341546580019e-16,0,0,66.639717648302863,16.672695427178105,2747277648.7150197,5052179530.1211691,0,-1.9232672853527172e-07
10,922804465.59751701,0,1170,75617.513459481299,94370.834875401153,2.3864881322681469e-16,0,0,66.67151499357216,16.656101465901926,2748062850.9865298,5055721214.2359247,0,-7.5843842095175676e-08
10,922804465.59751701,0,1171,75667.513459481299,94457.437415779597,2.333265393894376e-16,0,0,66.689068888049832,16.693929310289946,2748533791.6794171,5058686097.025279,0,5.3701839642187087e-08
10,922804465.59751701,0,1172,75717.513459481299,94544.039956158042,2.2814896006373608e-16,0,0,66.533908922958872,16.731094718969814,2745748971.5772462,5055649612.8490963,0,2.3521391109654081e-08
10,922804465.59751701,0,1173,75767.513459481299,94630.642496536486,2.2309777326400323e-16,0,0,66.541759620530414,16.717010246285156,2746028230.6235299,5058247178.0719051,0,3.1982841626653207e-08
10,922804465.59751701,0,1174,75817.513459481299,94717.24503691493,2.1818005032209328e-16,0,0,66.580301663240292,16.739428990429822,2746756983.6288948,5061669512.8397293,0,2.0422164562620116e-07
10,922804465.59751701,0,1175,75867.513459481299,94803.847577293374,2.1337850471355512e-16,0,0,66.45705080114665,16.777314452033142,2744482511.6511011,5059551202.5455379,0,7.1504923893977789e-09
10,922804465.59751701,0,1176,75917.513459481299,94890.450117671819,2.0871788934713448e-16,0,0,66.438734040806125,16.761136261571636,2744042928.6979384,5060802465.8540001,0,9.6162807198351453e-08
10,922804465.59751701,0,1177,75967.513459481299,94977.052658050263,2.0416273791489276e-16,0,0,66.506786156648161,16.765529465385118,2745066197.4506893,5064749008.6648064,0,-2.1992783049981961e-07
10,922804465.59751701,0,1178,76017.513459481299,95063.655198428707,1.9973948052427709e-16,0,0,66.423951056649685,16.792607408987507,2743149192.8083763,5063260414.447547,0,-1.6868020460762553e-08
10,922804465.59751701,0,1179,76067.513459481299,95150.257738807151,1.9542295758651843e-16,0,0,66.406450817840039,16.770295935817789,2742305132.6529336,5063742008.6901093,0,4.0201350886501436e-08
10,922804465.59751701,0,1180,76117.513459481299,95236.860279185596,1.9122830650198376e-16,0,0,66.507925580261343,16.754612504478541,2743564477.1930523,5068100066.2057238,0,4.6570372792688986e-08
10,922804465.59751701,0,1181,76167.513459481299,95323.46281956404,1.8712926291508099e-16,0,0,66.459573451373402,16.778259224574342,2741987257.8521099,5067213099.1033382,0,-1.9557322004552225e-07
10,922804465.59751701,0,1182,76217.513459481299,95410.065359942484,1.8315270922677001e-16,0,0,66.43024580258988,16.749921137784614,2740599087.894896,5066660502.3659897,0,-3.7906759675394892e-08
10,922804465.59751701,0,1183,76267.513459481299,95496.667900320928,1.7926462058573954e-16,0,0,66.569102731074864,16.711170910505846,2742123516.562449,5071488380.1700001,0,-1.4768693571778498e-07
10,922804465.59751701,0,1184,76317.513459481299,95583.270440699373,1.7548556446297483e-16,0,0,66.573159563448158,16.731785188652015,2741307558.7725339,5071980675.4898119,0,6.2430913154037309e-08
10,922804465.59751701,0,1185,76367.513459481299,95669.872981077817,1.7179516482848622e-16,0,0,66.499774233117421,16.713201891300354,2738935376.9030819,5069582695.4262772,0,9.9452522227567455e-08
10,922804465.59751701,0,1186,76417.513459481299,95756.475521456261,1.6820998466206876e-16,0,0,66.648511395120622,16.658470696286361,2740599279.3361058,5074645244.1065702,0,-1.6275639513513633e-07
10,922804465.59751701,0,1187,76467.513459481299,95843.078061834705,1.6470004795029875e-16,0,0,66.707623414233552,16.659415769819237,2740354276.5962782,5076171871.8674126,0,-8.0113376560874895e-08
10,922804465.59751701,0,1188,76517.513459481299,95929.68060221315,1.6129348301850845e-16,0,0,66.649613203015761,16.653834076824666,2738261478.1622186,5074261862.4737682,0,-2.2744016826689267e-08
10,922804465.59751701,0,1189,76567.513459481299,96016.283142591594,1.5796431053563364e-16,0,0,66.736619882403815,16.602041253385099,2738709772.0422821,5077052453.8427649,0,-1.4863390830804327e-07
10,922804465.59751701,0,1190,76617.513459481299,96102.885682970038,1.5472539098353326e-16,0,0,66.845246721924738,16.596900483062136,2739775584.7044187,5080981810.1302786,0,-4.3119372430923555e-08
10,922804465.59751701,0,1191,76667.513459481299,96189.488223348482,1.5156237525792274e-16,0,0,66.761005012901663,16.599731758188817,2737069058.0319324,5077905845.8595037,0,1.0066601919429756e-07
10,922804465.59751701,0,1192,76717.513459481299,96276.090763726927,1.4849112797479121e-16,0,0,66.841084632297807,16.555577363620056,2737809004.5259361,5081209639.1110582,0,2.3936308195986879e-08
10,922804465.59751701,0,1193,76767.513459481299,96362.693304105371,1.4548987335151694e-16,0,0,66.928242161870486,16.560845269298852,2738823183.8532457,5085017916.3528938,0,-1.2635079096127148e-07
10,922804465.59751701,0,1194,76817.513459481299,96449.295844483815,1.4257493853248496e-16,0,0,66.820288045858263,16.572258739215179,2736033513.8703766,5081748455.0678902,0,-1.6314790035179075e-08
10,922804465.59751701,0,1195,76867.513459481299,96535.898384862259,1.3974092904122596e-16,0,0,66.89029991479569,16.532002396079392,2736885988.2482333,5085227193.2592592,0,1.609532729078982e-07
10,922804465.59751701,0,1196,76917.513459481299,96622.500925240704,1.369853260826304e-16,0,0,66.958116343584351,16.544918294904104,2737735175.4839239,5088691459.1172638,0,-2.6550978261572848e-07
10,922804465.59751701,0,1197,76967.513459481299,96709.103465619148,1.3428577820515123e-16,0,0,66.828286790417096,16.592354022358947,2735590061.0703416,5086582789.184948,0,7.3405154957864433e-08
10,922804465.59751701,0,1198,77017.513459481299,96795.706005997577,1.3167434807125814e-16,0,0,66.782516446341759,16.564038222236,2734634014.0359445,5086663168.6440868,0,-8.5178003735133351e-08
10,922804465.59751701,0,1199,77067.513459481299,96882.308546376036,1.2913150277811648e-16,0,0,66.953381509552926,16.560161298619771,2738217184.4549356,5095176317.0118694,0,-7.6924581773120228e-08
10,922804465.59751701,0,1200,77117.513459481299,96968.911086754466,1.2665951952970379e-16,0,0,66.781704275941621,16.631683003796429,2735175898.9853969,5091350113.3728371,0,-4.5592713076309295e-11
10,922804465.59751701,0,1201,77167.513459481299,97055.51362713291,1.2425335425647164e-16,0,0,66.6786348989706,16.619960314747953,2733814140.6837935,5090630374.6662025,0,-6.20073669192251e-08
10,922804465.59751701,0,1202,77217.513459481299,97142.116167511354,1.2191783884688465e-16,0,0,66.806576604113815,16.614962341042144,2736696359.4861112,5097799288.8057537,0,1.873795854000682e-07
10,922804465.59751701,0,1203,77267.513459481299,97228.718707889799,1.1964683263624856e-16,0,0,66.716613925679098,16.680627565859481,2735752328.7941523,5097827058.8365088,0,1.0985524974727591e-08
10,922804465.59751701,0,1204,77317.513459481299,97315.321248268243,1.1744245844972997e-16,0,0,66.557041075823321,16.703712551705092,2733690770.6935158,5095750682.972703,0,-1.5060773836720898e-07
10,922804465.59751701,0,1205,77367.513459481299,97401.923788646687,1.1530165534269769e-16,0,0,66.629950619421621,16.682098077351675,2735619432.6493144,5101094028.7687435,0,-2.0484774667390853e-07
10,922804465.59751701,0,1206,77417.513459481299,97488.526329025131,1.1322493997342766e-16,0,0,66.627422835987971,16.726956480037664,2736099069.2989163,5103719229.4003105,0,-4.4036173681790839e-08
10,922804465.59751701,0,1207,77467.513459481299,97575.128869403576,1.1121092943736598e-16,0,0,66.467007298994133,16.758062548200336,2733721464.4188514,5100991626.6372833,0,3.2589564968750843e-08
10,922804465.59751701,0,1208,77517.513459481299,97661.73140978202,1.0925839429136353e-16,0,0,66.499369751797119,16.738843865362703,2734883572.5402098,5104845962.6571226,0,-1.9095722616797522e-07
10,922804465.59751701,0,1209,77567.513459481299,97748.333950160464,1.0736900914858558e-16,0,0,66.533308065179966,16.76032615141326,2735845817.6394801,5108306439.0380774,0,3.6774033754238439e-08
10,922804465.59751701,0,1210,77617.513459481299,97834.936490538908,1.0553839168976544e-16,0,0,66.420228354459127,16.786877486795223,2734059345.3601251,5106609841.934515,0,1.0682743326196755e-09
10,922804465.59751701,0,1211,77667.513459481299,97921.539030917353,1.0376962085906837e-16,0,0,66.436813334528196,16.764816382139539,2734649252.9224148,5109324504.8833866,0,9.8927173235549991e-08
10,922804465.59751701,0,1212,77717.513459481299,98008.141571295797,1.020565218936853e-16,0,0,66.490078530860558,16.773513414610054,2735775004.5923572,5113017442.6914234,0,1.0892558636805553e-07
10,922804465.59751701,0,1213,77767.513459481299,98094.744111674241,1.0040467017131454e-16,0,0,66.411155464086377,16.788006128642706,2734306962.071527,5111833961.7114172,0,-1.5334292864939189e-07
10,922804465.59751701,0,1214,77817.513459481299,98181.346652052685,9.8805336523390925e-17,0,0,66.437512279001339,16.753528164380675,2734558930.5992427,5113838099.4223814,0,1.2028729646307925e-07
10,922804465.59751701,0,1215,77867.513459481299,98267.94919243113,9.7265162149070046e-17,0,0,66.545167399652797,16.742924461635191,2736370556.5699,5118731361.617238,0,1.0979517309068577e-07
10,922804465.59751701,0,1216,77917.513459481299,98354.551732809574,9.5776008342725072e-17,0,0,66.471982120024606,16.7627660511301,2734743764.6236944,5117164196.5048094,0,2.103031510984982e-07
10,922804465.59751701,0,1217,77967.513459481299,98441.154273188018,9.4344668862358216e-17,0,0,66.481732372809972,16.717237446636705,2734453344.4790411,5118063119.3158207,0,5.9196481288540984e-07
10,922804465.59751701,0,1218,78017.513459481299,98527.756813566462,9.2962296832581129e-17,0,0,66.644935643090861,16.679587044506697,2736811062.7180128,5123890173.2243891,0,1.5315442211743794e-06
10,922804465.59751701,0,1219,78067.513459481299,98614.359353944907,9.1637128342205931e-17,0,0,66.624805139328458,16.704367061324994,2736101111.6082048,5123940668.8193474,0,3.276537976754697e-06
10,922804465.59751701,0,1220,78117.513459481299,98700.961894323336,9.0359321539797238e-17,0,0,66.557301112637859,16.675950051693778,2734371355.4801641,5122045627.5187969,0,7.1660434832461359e-06
10,922804465.59751701,0,1221,78167.513459481299,98787.564434701781,8.9138616533905057e-17,0,0,66.737542413483709,16.618708889179974,2737201374.1669559,5128654942.8441868,0,1.5156235097596401e-05
10,922804465.59751701,0,1222,78217.513459481299,98874.166975080225,8.796410139521336e-17,0,0,66.774856183523482,16.629324414642081,2737213550.0584898,5129951508.5214128,0,3.1466269678627404e-05
10,922804465.59751701,0,1223,78267.513459481299,98960.769515458669,8.6845857990340805e-17,0,0,66.705603065656931,16.621448323646693,2735686478.4630752,5128320700.2707644,0,6.4137146402810569e-05
10,922804465.59751701,0,1224,78317.513459481299,99047.372055837113,8.5773266389993293e-17,0,0,66.807350633805868,16.569816251051776,2737161712.6660094,5132279039.2424316,0,0.00012884429597854341
10,922804465.59751701,0,1225,78367.513459481299,99133.974596215558,8.4757513522746368e-17,0,0,66.905076113226727,16.573778729807429,2738878615.2896781,5136648559.44419,0,0.0002528635918736461
10,922804465.59751701,0,1226,78417.513459481299,99220.577136594002,8.3785694151440481e-17,0,0,66.796335124299688,16.582189095383946,2736613701.2803473,5133508541.72686,0,0.000486804843187392
10,922804465.59751701,0,1227,78467.513459481299,99307.179676972446,8.287032984514963e-17,0,0,66.876980813603311,16.544866105755823,2738432016.1029787,5137979545.8508425,0,0.00091715726430292085
10,922804465.59751701,0,1228,78517.513459481299,99393.78221735089,8.2001010274065407e-17,0,0,66.934906964571326,16.556791650337274,2739752937.1221895,5141473809.2627287,0,0.0016900850748332418
10,922804465.59751701,0,1229,78567.513459481299,99480.384757729335,8.1186644207751905e-17,0,0,66.832625457263376,16.571964673370879,2738152830.4484119,5139435431.0688276,0,0.003038039339757236
10,922804465.59751701,0,1230,78617.513459481299,99566.987298107779,8.0417190390588561e-17,0,0,66.8798859487122,16.548285952142692,2739702731.2566848,5143260598.6101513,0,0.0053311595972042646
10,922804465.59751701,0,1231,78667.513459481299,99653.589838486223,7.9706406199750151e-17,0,0,66.879504177248847,16.538001583550866,2739280226.3191304,5143325592.7655783,0,0.0090839846476538973
10,922804465.59751701,0,1232,78717.513459481299,99740.192378864667,7.9049274411619619e-17,0,0,66.35538474111533,16.343062084405403,2719834884.8245835,5107600372.397933,0,0.014792968402636874
10,922804465.59751701,0,1233,78767.513459481299,99826.794919243112,7.8478642740556963e-17,0,0,64.345921158034599,15.331306781838997,2632224500.1219707,4943743965.4306116,0,0.022155682528480002
10,922804465.59751701,0,1234,78817.513459481299,99913.397459621556,7.7991422826903159e-17,0,0,56.357756555147361,11.660505496235038,2285316113.4601827,4292666700.1160822,0,0.027028460941334667
10,922804465.59751701,0,1235,78867.513459481299,100000,7.7689132175522905e-17,0,0,59.811234854694298,0,1960045757.7263467,3681955480.1201477,0,0.028893630319624494
