step,time,fault,node,x,y,V,prescribed,lower_active,mass_diagonal,mass_upper,weak_q,weak_sigma,weak_C,weak_R
10,922804465.59751701,0,0,21132.486540518701,0,1.0000000000000001e-09,1,0,59.801978995499709,11.653542613001276,1893416682.8566573,3567640925.9205971,0,-723968.63073514425
10,922804465.59751701,0,1,21182.466708623288,86.568190527976824,1.0000000000000001e-09,1,0,56.335080841968278,15.321634571724466,2207894592.0454626,4161523894.6753268,0,-1551858.6244582657
10,922804465.59751701,0,2,21232.446876727874,173.13638105595365,1.0000000000000001e-09,1,0,64.323175802638701,16.33363767744834,2543665747.9823365,4792861662.4042845,0,-972095.40503847599
10,922804465.59751701,0,3,21282.427044832461,259.70457158393043,1.0000000000000001e-09,1,0,66.332611914988007,16.527663519997564,2629084953.4660721,4953590377.6470528,0,-887372.76981012255
10,922804465.59751701,0,4,21332.407212937047,346.2727621119073,1.0000000000000001e-09,1,0,66.862654455469624,16.53761068498121,2648863377.7771454,4989965173.8746157,0,-421144.29204076785
10,922804465.59751701,0,5,21382.387381041633,432.84095263988411,1.0000000000000001e-09,1,0,66.859876727298612,16.564421000706488,2649544916.8975525,4991946895.1460581,0,-791745.47891326156
10,922804465.59751701,0,6,21432.36754914622,519.40914316786086,1.0000000000000001e-09,1,0,66.80364491777803,16.551389730869253,2648536200.8305259,4989605179.9942436,0,-557192.40667544259
10,922804465.59751701,0,7,21482.347717250803,605.97733369583773,1.0000000000000001e-09,1,0,66.905683432141075,16.540074823135196,2650658441.495338,4993825419.0172443,0,-675571.37212153873
10,922804465.59751701,0,8,21532.327885355389,692.5455242238146,1.0000000000000001e-09,1,0,66.846183179307815,16.579436743448145,2649934832.093863,4992026444.8197031,0,-444064.99002578494
10,922804465.59751701,0,9,21582.308053459976,779.11371475179146,1.0000000000000001e-09,1,0,66.759250215746363,16.578321265924121,2648371672.2726312,4989877171.9475403,0,-866127.59801958245
10,922804465.59751701,0,10,21632.288221564562,865.68190527976822,1.0000000000000001e-09,1,0,66.843891018814816,16.580660924617558,2650863376.4883585,4993956676.2156363,0,-540323.77211034216
10,922804465.59751701,0,11,21682.268389669149,952.25009580774508,1.0000000000000001e-09,1,0,66.74606551034681,16.63189582393246,2649778998.120842,4992041956.5423021,0,-608134.48473408155
10,922804465.59751701,0,12,21732.248557773735,1038.8182863357217,1.0000000000000001e-09,1,0,66.646241422094562,16.642919397108372,2648749484.6887612,4989906724.7296476,0,-504005.41731007694
10,922804465.59751701,0,13,21782.228725878322,1125.3864768636988,1.0000000000000001e-09,1,0,66.699812052444642,16.639199456499714,2650221974.623497,4993250048.1510887,0,-806560.93558620079
10,922804465.59751701,0,14,21832.208893982908,1211.9546673916755,1.0000000000000001e-09,1,0,66.651087234393785,16.695072001636582,2650584585.1299682,4993201839.3188257,0,-418355.27792405715
10,922804465.59751701,0,15,21882.189062087495,1298.5228579196523,1.0000000000000001e-09,1,0,66.488972470785853,16.719689645795096,2648352722.8081288,4989379337.317893,0,-620765.48258349567
10,922804465.59751701,0,16,21932.169230192081,1385.0910484476292,1.0000000000000001e-09,1,0,66.551971750345572,16.700160289866993,2650058792.3026323,4992585185.8984127,0,-616752.9621493927
10,922804465.59751701,0,17,21982.149398296668,1471.6592389756061,1.0000000000000001e-09,1,0,66.555750927777183,16.737576678972278,2650635025.9434099,4993920800.7354441,0,-749627.21928149438
10,922804465.59751701,0,18,22032.129566401254,1558.2274295035829,1.0000000000000001e-09,1,0,66.411275752518563,16.771144340644369,2648954072.0363779,4990066018.543993,0,-383990.73142536834
10,922804465.59751701,0,19,22082.109734505841,1644.7956200315596,1.0000000000000001e-09,1,0,66.429401175831998,16.749062063821583,2649482613.6186218,4991757887.6000385,0,-753700.40891147545
10,922804465.59751701,0,20,22132.089902610427,1731.3638105595364,1.0000000000000001e-09,1,0,66.482947205290714,16.763426436155346,2650738655.4790778,4993896484.7649069,0,-633087.7890381891
10,922804465.59751701,0,21,22182.070070715014,1817.9320010875133,1.0000000000000001e-09,1,0,66.38167722576037,16.786351837924716,2649163334.0947866,4990881951.1802425,0,-607925.62506695895
10,922804465.59751701,0,22,22232.050238819596,1904.5001916154902,1.0000000000000001e-09,1,0,66.3945479872215,16.758657197073266,2649406727.2502408,4991155329.5456295,0,-509675.18041544443
10,922804465.59751701,0,23,22282.030406924183,1991.0683821434668,1.0000000000000001e-09,1,0,66.485972865522655,16.750493296580359,2650633623.263062,4994100522.6461763,0,-846448.29630201112
10,922804465.59751701,0,24,22332.010575028769,2077.6365726714434,1.0000000000000001e-09,1,0,66.419611745369167,16.768333559133879,2649237673.4255581,4991152848.9102602,0,-677411.98008918075
10,922804465.59751701,0,25,22381.990743133356,2164.2047631994205,1.0000000000000001e-09,1,0,66.432361681504062,16.727958643103808,2649034962.842495,4990784180.963809,0,-684388.47477482457
10,922804465.59751701,0,26,22431.970911237942,2250.7729537273976,1.0000000000000001e-09,1,0,66.570120325204044,16.698746561973959,2650637150.5580111,4994105519.3849821,0,-845573.88215334015
10,922804465.59751701,0,27,22481.951079342529,2337.3411442553743,1.0000000000000001e-09,1,0,66.544398404300168,16.715240125035322,2649458728.886138,4992225876.5586977,0,-1026050.9846350242
10,922804465.59751701,0,28,22531.931247447115,2423.9093347833509,1.0000000000000001e-09,1,0,66.514727365218064,16.681027820121706,2648374326.9477348,4989769773.8138294,0,-806452.84291454975
10,922804465.59751701,0,29,22581.911415551702,2510.4775253113276,1.0000000000000001e-09,1,0,66.68238955996739,16.634730646565281,2650516105.4534922,4994095610.2916031,0,-961358.02657201129
10,922804465.59751701,0,30,22631.891583656288,2597.0457158393046,1.0000000000000001e-09,1,0,66.685820324489185,16.644459262900074,2649440998.2244749,4992303990.0400724,0,-1085253.8470227872
10,922804465.59751701,0,31,22681.871751760875,2683.6139063672817,1.0000000000000001e-09,1,0,66.659881223405009,16.618318569967332,2648397989.5394864,4990008374.3416538,0,-909468.62735458219
10,922804465.59751701,0,32,22731.851919865461,2770.1820968952584,1.0000000000000001e-09,1,0,66.78174769420599,16.574667155561826,2650018977.764709,4992450545.686264,0,-585083.98916430108
10,922804465.59751701,0,33,22781.832087970048,2856.750287423235,1.0000000000000001e-09,1,0,66.823203429055042,16.579136604896135,2650283969.4288654,4992274388.4696836,0,-226566.5044972394
10,922804465.59751701,0,34,22831.812256074634,2943.3184779512121,1.0000000000000001e-09,1,0,66.748742212528825,16.571459518318292,2648835913.2440252,4988212245.5807018,0,482060.15455783583
10,922804465.59751701,0,35,22881.792424179221,3029.8866684791888,1.0000000000000001e-09,1,0,66.871013576917335,16.530128285140407,2652016437.2862134,4991684555.3788137,0,1819056.9809222566
10,922804465.59751701,0,36,22931.772592283804,3116.4548590071659,1.0000000000000001e-09,1,0,66.903046787967824,16.562802453618438,2653701616.5360103,4993049619.1234751,0,2779493.2466991283
10,922804465.59751701,0,37,22981.75276038839,3203.0230495351425,1.0000000000000001e-09,1,0,66.762996030354614,16.561235325842205,2651847200.9312344,4987900395.2508793,0,3658916.1820988804
10,922804465.59751701,0,38,23031.732928492976,3289.5912400631191,1.0000000000000001e-09,1,0,66.89077629153654,16.525460275793705,2655051840.0177174,4993522144.5250568,0,3878842.3859148268
10,922804465.59751701,0,39,23081.713096597563,3376.1594305910958,1.0000000000000001e-09,1,0,66.892499844155125,16.565656903673332,2655059744.9280858,4994852491.246417,0,3180436.3593130466
10,922804465.59751701,0,40,23131.693264702149,3462.7276211190729,1.0000000000000001e-09,1,0,66.744848201783199,16.596655577175188,2650929665.4477086,4991960373.8002386,0,585846.95143463684
10,922804465.59751701,0,41,23181.673432806736,3549.29581164705,1.0000000000000001e-09,1,0,66.789001809956574,16.570229637701726,2650409513.2328668,4994140548.3791456,0,-1091808.8864129686
10,922804465.59751701,0,42,23231.653600911322,3635.8640021750266,1.0000000000000001e-09,1,0,66.839122922768638,16.609392622998449,2651202000.4037662,4997162154.0084505,0,-1903559.971013122
10,922804465.59751701,0,43,23281.633769015909,3722.4321927030028,1.0000000000000001e-09,1,0,66.638484107028447,16.663257377493132,2648273335.6771059,4991191626.9021034,0,-1662337.834746561
10,922804465.59751701,0,44,23331.613937120495,3809.0003832309803,1.0000000000000001e-09,1,0,66.63092188836427,16.643677140747851,2648677130.6549253,4992448201.2977972,0,-1925686.4103101562
10,922804465.59751701,0,45,23381.594105225082,3895.568573758957,1.0000000000000001e-09,1,0,66.705562366702736,16.664040603009074,2650985534.7309361,4995792287.1882496,0,-1392732.5992912271
10,922804465.59751701,0,46,23431.574273329668,3982.1367642869336,1.0000000000000001e-09,1,0,66.550868359536224,16.728488656642849,2649386824.6016707,4992394854.1663551,0,-1187669.2740168418
10,922804465.59751701,0,47,23481.554441434255,4068.7049548149103,1.0000000000000001e-09,1,0,66.459210408906657,16.723922038815974,2648668846.4313302,4990462939.7089577,0,-879950.69268835254
10,922804465.59751701,0,48,23531.534609538841,4155.2731453428869,1.0000000000000001e-09,1,0,66.557700510767617,16.719209374462949,2650972043.270937,4995146475.8434772,0,-1063348.3196301884
10,922804465.59751701,0,49,23581.514777643424,4241.841335870864,1.0000000000000001e-09,1,0,66.476673042986434,16.766413288265188,2650339122.9518209,4992940270.0496664,0,-524944.45946691115
10,922804465.59751701,0,50,23631.494945748011,4328.4095263988411,1.0000000000000001e-09,1,0,66.381747671433644,16.770363547462662,2649196552.2771826,4991011176.5059519,0,-643316.06877805712
10,922804465.59751701,0,51,23681.475113852597,4414.9777169268182,1.0000000000000001e-09,1,0,66.455541306002317,16.75164285258429,2650747802.7838569,4993721322.6975584,0,-530943.01072447258
10,922804465.59751701,0,52,23731.455281957184,4501.5459074547953,1.0000000000000001e-09,1,0,66.44490810674705,16.776501257562337,2650625904.0083113,4993777702.5540905,0,-682775.11765086581
10,922804465.59751701,0,53,23781.43545006177,4588.1140979827715,1.0000000000000001e-09,1,0,66.371303254102159,16.771853253269917,2649559880.1506567,4990878562.4580927,0,-209580.42048441034
10,922804465.59751701,0,54,23831.415618166357,4674.6822885107485,1.0000000000000001e-09,1,0,66.463070599523988,16.741900457884796,2650848709.0836616,4994017777.9856157,0,-587431.47793534712
10,922804465.59751701,0,55,23881.395786270943,4761.2504790387247,1.0000000000000001e-09,1,0,66.475450547831898,16.758221557803203,2650897750.6156645,4993728040.0917664,0,-384561.59427860932
10,922804465.59751701,0,56,23931.37595437553,4847.8186695667018,1.0000000000000001e-09,1,0,66.410498296669005,16.744540177314661,2649374137.3826647,4990884117.9033794,0,-398272.69905483129
10,922804465.59751701,0,57,23981.356122480116,4934.3868600946789,1.0000000000000001e-09,1,0,66.531590407118728,16.696190589490232,2651064424.0251365,4993631568.5686588,0,-166669.28765498204
10,922804465.59751701,0,58,24031.336290584703,5020.9550506226551,1.0000000000000001e-09,1,0,66.595200036987023,16.699401397028598,2651311302.6727023,4994830580.4835396,0,-556372.98025819426
10,922804465.59751701,0,59,24081.316458689289,5107.5232411506331,1.0000000000000001e-09,1,0,66.521620230667693,16.69213655914821,2649432187.9480982,4990739559.2453146,0,-263472.69711818919
10,922804465.59751701,0,60,24131.296626793875,5194.0914316786093,1.0000000000000001e-09,1,0,66.634420445114472,16.629125704479659,2650648769.2890372,4993131499.8135719,0,-316826.29645242443
10,922804465.59751701,0,61,24181.276794898462,5280.6596222065864,1.0000000000000001e-09,1,0,66.761723688080764,16.622121722758525,2652088993.1088262,4995827073.0932999,0,-307742.83923647099
10,922804465.59751701,0,62,24231.256963003048,5367.2278127345635,1.0000000000000001e-09,1,0,66.663960784070767,16.632298648490512,2649433605.6332831,4991300655.8103209,0,-559953.77337056154
10,922804465.59751701,0,63,24281.237131107635,5453.7960032625397,1.0000000000000001e-09,1,0,66.729000980693854,16.568960703884873,2650060595.0906992,4991758082.7478132,0,-175822.5450842678
10,922804465.59751701,0,64,24331.217299212218,5540.3641937905168,1.0000000000000001e-09,1,0,66.909516591840969,16.553833235245115,2652672238.1591477,4997065574.0220089,0,-382045.73294430802
10,922804465.59751701,0,65,24381.197467316804,5626.932384318493,1.0000000000000001e-09,1,0,66.784176037625684,16.586498229377533,2649773416.6258321,4991535655.5170898,0,-344909.40026021888
10,922804465.59751701,0,66,24431.177635421391,5713.50057484647,1.0000000000000001e-09,1,0,66.794050604376281,16.53718833073501,2649572734.1669455,4991365319.4498072,0,-455156.61742641195
10,922804465.59751701,0,67,24481.157803525977,5800.0687653744471,1.0000000000000001e-09,1,0,66.969959696928029,16.518653286705824,2652686452.1646342,4996693060.4837608,0,-170055.92808096221
10,922804465.59751701,0,68,24531.137971630564,5886.6369559024242,1.0000000000000001e-09,1,0,66.869379457942799,16.571072378281922,2650702285.0157533,4993484160.3528328,0,-450545.96629173902
10,922804465.59751701,0,69,24581.11813973515,5973.2051464304013,1.0000000000000001e-09,1,0,66.766224717157073,16.553504778631336,2648856970.9648657,4990014785.2499104,0,-453890.8969318337
10,922804465.59751701,0,70,24631.098307839737,6059.7733369583775,1.0000000000000001e-09,1,0,66.938622831462027,16.53259586008495,2652496354.7507305,4996816331.6748428,0,-425600.78441704431
10,922804465.59751701,0,71,24681.078475944323,6146.3415274863537,1.0000000000000001e-09,1,0,66.840804732931772,16.596280278348488,2651163132.0902829,4994068044.4149494,0,-299696.04695582291
10,922804465.59751701,0,72,24731.05864404891,6232.9097180143317,1.0000000000000001e-09,1,0,66.697521808464245,16.60513342258751,2649053487.0889254,4990550166.9312401,0,-541620.92534706381
10,922804465.59751701,0,73,24781.038812153496,6319.4779085423079,1.0000000000000001e-09,1,0,66.795947197206502,16.589344035296836,2651501526.5369744,4995186555.9371128,0,-555144.47494157823
10,922804465.59751701,0,74,24831.018980258083,6406.046099070285,1.0000000000000001e-09,1,0,66.759901938697496,16.645283586797966,2651796589.4812145,4995395799.8439779,0,-371173.81781767245
10,922804465.59751701,0,75,24880.999148362669,6492.6142895982621,1.0000000000000001e-09,1,0,66.575297109934212,16.681140814848924,2649214585.2231784,4990824039.1161242,0,-525927.68173167866
10,922804465.59751701,0,76,24930.979316467256,6579.1824801262383,1.0000000000000001e-09,1,0,66.622881444338333,16.662316036681332,2650799199.9417787,4994042691.3108149,0,-650167.66335662466
10,922804465.59751701,0,77,24980.959484571838,6665.7506706542154,1.0000000000000001e-09,1,0,66.633246680178956,16.705051251531014,2651762324.4042616,4995898653.0513859,0,-672414.95026666671
10,922804465.59751701,0,78,25030.939652676425,6752.3188611821915,1.0000000000000001e-09,1,0,66.467683369022637,16.742448322354416,2649594172.5235515,4991578973.1105728,0,-547151.78523359494
10,922804465.59751701,0,79,25080.919820781011,6838.8870517101686,1.0000000000000001e-09,1,0,66.484999547062941,16.726061242405144,2650288098.8836446,4993680936.7558346,0,-969205.10780852789
10,922804465.59751701,0,80,25130.899988885598,6925.4552422381457,1.0000000000000001e-09,1,0,66.520892707091448,16.747258064437627,2651411060.8924026,4995678680.7973871,0,-906890.25468230259
10,922804465.59751701,0,81,25180.880156990184,7012.0234327661228,1.0000000000000001e-09,1,0,66.405508251372979,16.778478107256962,2649829487.0085754,4992788096.0797386,0,-953787.82605566725
10,922804465.59751701,0,82,25230.860325094771,7098.5916232940999,1.0000000000000001e-09,1,0,66.406629761270352,16.759341954170537,2650113115.6683021,4993416574.1140957,0,-1003832.2624037939
10,922804465.59751701,0,83,25280.840493199357,7185.1598138220761,1.0000000000000001e-09,1,0,66.464616152183368,16.765505125955162,2651175065.5011482,4996014732.6497374,0,-1321303.1177526847
10,922804465.59751701,0,84,25330.820661303944,7271.7280043500532,1.0000000000000001e-09,1,0,66.387508359394431,16.782139761655799,2650176982.8764844,4993257190.062952,0,-855344.48370259162
10,922804465.59751701,0,85,25380.80082940853,7358.2961948780303,1.0000000000000001e-09,1,0,66.402787047526886,16.746296256591592,2650585971.7425365,4993384320.0163555,0,-513851.76360672002
10,922804465.59751701,0,86,25430.780997513117,7444.8643854060056,1.0000000000000001e-09,1,0,66.510487256968645,16.735536946694168,2653098456.5257397,4996170446.3296146,0,519416.01884134987
10,922804465.59751701,0,87,25480.761165617703,7531.4325759339827,1.0000000000000001e-09,1,0,66.436298379985672,16.755977199536119,2652199505.9562874,4992829429.741312,0,1394286.1529223013
10,922804465.59751701,0,88,25530.74133372229,7618.0007664619607,1.0000000000000001e-09,1,0,66.451086955683891,16.706835797991342,2652099177.4417567,4991500618.2034626,0,1999453.5120059238
10,922804465.59751701,0,89,25580.721501826876,7704.5689569899378,1.0000000000000001e-09,1,0,66.623472194737275,16.669588585789942,2653404302.4532771,4995784922.20362,0,1029945.3587745784
10,922804465.59751701,0,90,25630.701669931463,7791.1371475179139,1.0000000000000001e-09,1,0,66.600155115629278,16.692301236156151,2651564536.7710757,4993569414.4719267,0,366442.46347128227
10,922804465.59751701,0,91,25680.681838036049,7877.705338045891,1.0000000000000001e-09,1,0,66.542689924197163,16.659523391511296,2649270526.353796,4990515108.6898527,0,-305968.45314840775
10,922804465.59751701,0,92,25730.662006140632,7964.2735285738672,1.0000000000000001e-09,1,0,66.734372828543428,16.59818276172642,2651679269.0090413,4995277900.6978922,0,-425898.98681512894
10,922804465.59751701,0,93,25780.642174245218,8050.8417191018452,1.0000000000000001e-09,1,0,66.780495429886216,16.612971161347605,2651286425.8243055,4995671559.846488,0,-1027744.650086242
10,922804465.59751701,0,94,25830.622342349805,8137.4099096298205,1.0000000000000001e-09,1,0,66.685695452074242,16.605824856791251,2649104175.5602922,4991164154.6430178,0,-816912.31250395952
10,922804465.59751701,0,95,25880.602510454391,8223.9781001577976,1.0000000000000001e-09,1,0,66.810993783530805,16.545519057921034,2650752098.8234944,4994468306.2160187,0,-923237.28866255772
10,922804465.59751701,0,96,25930.582678558978,8310.5462906857738,1.0000000000000001e-09,1,0,66.917434176284871,16.556037356321948,2652255660.7079139,4997122551.8416729,0,-828873.98756986763
10,922804465.59751701,0,97,25980.562846663564,8397.1144812137518,1.0000000000000001e-09,1,0,66.776436269246858,16.571187965478739,2649044446.9665432,4991676194.5267601,0,-1148494.374393956
10,922804465.59751701,0,98,26030.543014768151,8483.682671741728,1.0000000000000001e-09,1,0,66.859980596459692,16.531349402128349,2650899145.8368626,4994444831.7124834,0,-763727.13442872919
10,922804465.59751701,0,99,26080.523182872737,8570.250862269706,1.0000000000000001e-09,1,0,66.926331284809478,16.543266797404495,2651956874.0061522,4996672215.7331467,0,-888567.14044724999
10,922804465.59751701,0,100,26130.503350977324,8656.8190527976822,1.0000000000000001e-09,1,0,66.817423477828427,16.572069359335014,2650109275.1982017,4993044225.4879007,0,-809984.48862209008
10,922804465.59751701,0,101,26180.48351908191,8743.3872433256583,1.0000000000000001e-09,1,0,66.81708724605673,16.556685407048676,2650392906.0734558,4993980627.4535427,0,-1023510.4365950515
10,922804465.59751701,0,102,26230.463687186497,8829.9554338536364,1.0000000000000001e-09,1,0,66.865545895472309,16.57736538100211,2652086409.0624399,4996496142.4640245,0,-665550.83321792912
10,922804465.59751701,0,103,26280.443855291083,8916.5236243816125,1.0000000000000001e-09,1,0,66.741278945908562,16.618395384744215,2650297350.2659359,4993601906.8448009,0,-917994.97167578666
10,922804465.59751701,0,104,26330.42402339567,9003.0918149095905,1.0000000000000001e-09,1,0,66.706509427152426,16.60876108419599,2650153013.0400028,4993268931.4685278,0,-885548.09596102708
10,922804465.59751701,0,105,26380.404191500253,9089.6600054375649,1.0000000000000001e-09,1,0,66.770151890400129,16.632498418533597,2652242538.2092161,4997392266.6815758,0,-985194.14908200945
10,922804465.59751701,0,106,26430.384359604843,9176.2281959655429,1.0000000000000001e-09,1,0,66.612116857252175,16.684086686877855,2650270969.9829555,4993123790.2279577,0,-690532.41034856415
10,922804465.59751701,0,107,26480.364527709426,9262.7963864935209,1.0000000000000001e-09,1,0,66.576267994537005,16.676627755978345,2650217875.0338655,4993701413.3502102,0,-1050300.4411070941
10,922804465.59751701,0,108,26530.344695814012,9349.3645770214971,1.0000000000000001e-09,1,0,66.628814674407053,16.692632473389182,2651907904.780839,4996674211.8128815,0,-938596.12928089662
10,922804465.59751701,0,109,26580.324863918599,9435.9327675494733,1.0000000000000001e-09,1,0,66.516566779097545,16.744725240975946,2650886878.6609831,4994603489.3125477,0,-860229.19156298274
10,922804465.59751701,0,110,26630.305032023185,9522.5009580774495,1.0000000000000001e-09,1,0,66.426046641694825,16.746657152795994,2649893727.6677785,4992705390.7146721,0,-845637.03197213134
10,922804465.59751701,0,111,26680.285200127772,9609.0691486054275,1.0000000000000001e-09,1,0,66.506365845342501,16.736519370603613,2651615348.0207253,4996435465.1440868,0,-1104396.9236995568
10,922804465.59751701,0,112,26730.265368232358,9695.6373391334037,1.0000000000000001e-09,1,0,66.454231739329515,16.775356419688908,2651129265.1756783,4995235928.6604424,0,-953618.92321847682
10,922804465.59751701,0,113,26780.245536336944,9782.2055296613817,1.0000000000000001e-09,1,0,66.368803321686102,16.773756918746585,2649930073.194663,4992899209.2077169,0,-912194.09372563835
10,922804465.59751701,0,114,26830.225704441531,9868.7737201893578,1.0000000000000001e-09,1,0,66.453363647922103,16.751432084140884,2651331984.5568104,4995940342.0887337,0,-1124888.4433397232
10,922804465.59751701,0,115,26880.205872546117,9955.3419107173358,1.0000000000000001e-09,1,0,66.448477466657494,16.774164060066937,2651192862.480093,4995750888.8775253,0,-1163425.557508114
10,922804465.59751701,0,116,26930.186040650704,10041.91010124531,1.0000000000000001e-09,1,0,66.372695226886421,16.768970479861402,2649834451.879425,4992881418.2512741,0,-998369.7908248686
10,922804465.59751701,0,117,26980.16620875529,10128.478291773286,1.0000000000000001e-09,1,0,66.475507090660159,16.725928271954551,2651176805.3672833,4995605739.2146215,0,-1102419.4560663269
10,922804465.59751701,0,118,27030.146376859877,10215.046482301266,1.0000000000000001e-09,1,0,66.527300209222645,16.73866396156091,2651580411.5635519,4996753188.4324903,0,-1308019.8066952727
10,922804465.59751701,0,119,27080.12654496446,10301.614672829241,1.0000000000000001e-09,1,0,66.437640586888804,16.734790281134778,2649591963.4426374,4992647132.3380213,0,-1116470.5771786526
10,922804465.59751701,0,120,27130.106713069046,10388.182863357219,1.0000000000000001e-09,1,0,66.544417013105189,16.677291890412548,2650802248.4215212,4995026724.4487839,0,-1169564.4653113936
10,922804465.59751701,0,121,27180.086881173633,10474.751053885195,1.0000000000000001e-09,1,0,66.661121005124201,16.661697515143466,2651786679.110323,4997110982.0316954,0,-1291712.9132459569
10,922804465.59751701,0,122,27230.067049278223,10561.319244413173,1.0000000000000001e-09,1,0,66.601021263540076,16.671087404433603,2649931575.8821445,4993886966.8223505,0,-1435114.0963327691
10,922804465.59751701,0,123,27280.047217382806,10647.887434941149,1.0000000000000001e-09,1,0,66.635924080751508,16.61829124359102,2649950616.8385291,4993309056.1755857,0,-1109247.4050626573
10,922804465.59751701,0,124,27330.027385487392,10734.455625469127,1.0000000000000001e-09,1,0,66.801207253052112,16.593316732148608,2652041725.5454078,4997798087.0731535,0,-1401465.968324278
10,922804465.59751701,0,125,27380.007553591979,10821.023815997103,1.0000000000000001e-09,1,0,66.737496337595488,16.605056572968042,2650046351.1067901,4993698223.2305183,0,-1220130.6620296333
10,922804465.59751701,0,126,27429.987721696565,10907.592006525079,1.0000000000000001e-09,1,0,66.764035100495107,16.568342644583034,2650378656.1436801,4993932846.3448982,0,-1012392.3032018626
10,922804465.59751701,0,127,27479.967889801152,10994.160197053056,1.0000000000000001e-09,1,0,66.874015028342598,16.547505481441977,2652468350.3171754,4996373655.5343485,0,-218578.51798259863
10,922804465.59751701,0,128,27529.948057905738,11080.728387581034,1.0000000000000001e-09,1,0,66.824640712616343,16.564640573589742,2651506707.7725649,4994046046.154932,0,55559.005519786318
10,922804465.59751701,0,129,27579.928226010325,11167.296578109012,1.0000000000000001e-09,1,0,66.826269892044294,16.540734408509248,2652041137.7136221,4993824509.1352339,0,707607.92324509809
10,922804465.59751701,0,130,27629.908394114911,11253.864768636986,1.0000000000000001e-09,1,0,66.918747315294965,16.536582501181893,2653669133.3119321,4997674631.0491285,0,291487.37267772987
10,922804465.59751701,0,131,27679.888562219498,11340.432959164964,1.0000000000000001e-09,1,0,66.84409067965143,16.574231266229393,2651747387.7223516,4995651909.1627779,0,-556349.76278775372
10,922804465.59751701,0,132,27729.868730324084,11427.00114969294,1.0000000000000001e-09,1,0,66.774879414591098,16.563379780133147,2649658544.3714094,4993838539.7751322,0,-1682434.600550113
10,922804465.59751701,0,133,27779.848898428671,11513.569340220918,1.0000000000000001e-09,1,0,66.887611328293247,16.561657310597983,2652183969.8470187,4998581703.9324331,0,-1675261.4473183949
10,922804465.59751701,0,134,27829.829066533253,11600.137530748894,1.0000000000000001e-09,1,0,66.775627996617956,16.617654418571416,2650594029.703414,4995902724.5158854,0,-1842871.2827901228
10,922804465.59751701,0,135,27879.80923463784,11686.70572127687,1.0000000000000001e-09,1,0,66.674314695118923,16.62401135014229,2649468840.4100361,4993599704.5363398,0,-1745335.5724752548
10,922804465.59751701,0,136,27929.789402742426,11773.273911804848,1.0000000000000001e-09,1,0,66.746888780798812,16.617320962123429,2651265235.3257332,4997456109.618907,0,-1996392.6809852968
10,922804465.59751701,0,137,27979.769570847013,11859.842102332825,1.0000000000000001e-09,1,0,66.692517503630924,16.677892561683048,2651559888.8972268,4997140584.1317892,0,-1534219.5457108258
10,922804465.59751701,0,138,28029.749738951599,11946.410292860803,1.0000000000000001e-09,1,0,66.51543674614976,16.705182022633444,2649118806.3901381,4992922870.4510746,0,-1736023.1833874015
10,922804465.59751701,0,139,28079.729907056186,12032.978483388779,1.0000000000000001e-09,1,0,66.586156943286639,16.682534890108681,2651055893.4703488,4996446307.6608191,0,-1669608.0095218557
10,922804465.59751701,0,140,28129.710075160772,12119.546673916755,1.0000000000000001e-09,1,0,66.59231136822207,16.723294042272808,2651719081.5434155,4997936533.219305,0,-1797614.1369710339
10,922804465.59751701,0,141,28179.690243265359,12206.114864444731,1.0000000000000001e-09,1,0,66.432847118737783,16.763336870470233,2649913474.1732717,4993776674.1048241,0,-1394658.9256411421
10,922804465.59751701,0,142,28229.670411369945,12292.683054972707,1.0000000000000001e-09,1,0,66.43904197598988,16.742303922111489,2650299981.9902935,4995291859.094326,0,-1812596.8313343727
10,922804465.59751701,0,143,28279.650579474532,12379.251245500685,1.0000000000000001e-09,1,0,66.498941943068942,16.75629874877189,2651792596.7644587,4997739242.9977837,0,-1619353.1086977806
10,922804465.59751701,0,144,28329.630747579118,12465.819436028663,1.0000000000000001e-09,1,0,66.391975567974853,16.785096305524199,2650208314.8760295,4994770808.6580467,0,-1627626.5727997639
10,922804465.59751701,0,145,28379.610915683705,12552.38762655664,1.0000000000000001e-09,1,0,66.389282085444634,16.763436108706088,2650376105.1037402,4994811815.8309803,0,-1481607.9737160278
10,922804465.59751701,0,146,28429.591083788291,12638.955817084616,1.0000000000000001e-09,1,0,66.470796722857102,16.757314897792256,2651565215.7390814,4997741484.750432,0,-1847924.3308554448
10,922804465.59751701,0,147,28479.571251892874,12725.524007612592,1.0000000000000001e-09,1,0,66.409117383909589,16.77431374690596,2650398839.188798,4995040934.6788149,0,-1580518.2280628555
10,922804465.59751701,0,148,28529.551419997464,12812.09219814057,1.0000000000000001e-09,1,0,66.419558502224575,16.738727410210402,2650234376.8608818,4994846111.4409819,0,-1641544.5257396079
10,922804465.59751701,0,149,28579.531588102047,12898.660388668546,1.0000000000000001e-09,1,0,66.540244507739502,16.715743840302615,2651754627.3024378,4997835090.6649828,0,-1708210.248742413
10,922804465.59751701,0,150,28629.511756206633,12985.228579196524,1.0000000000000001e-09,1,0,66.507083825225706,16.729306669766469,2650517908.146996,4995872327.2970276,0,-1902854.2733790427
10,922804465.59751701,0,151,28679.49192431122,13071.7967697245,1.0000000000000001e-09,1,0,66.498427040948783,16.691868391564906,2649936181.4948044,4994156983.8516703,0,-1573866.5856012998
10,922804465.59751701,0,152,28729.472092415806,13158.364960252477,1.0000000000000001e-09,1,0,66.654641645066988,16.651459693853678,2651877990.5080628,4998226961.4661627,0,-1792900.0478783699
10,922804465.59751701,0,153,28779.452260520393,13244.933150780453,1.0000000000000001e-09,1,0,66.645201163991914,16.665667282998079,2650849008.8409495,4996374916.1952791,0,-1838589.3072685434
10,922804465.59751701,0,154,28829.432428624979,13331.501341308431,1.0000000000000001e-09,1,0,66.615217003590573,16.631174284949829,2649605108.3934555,4993957250.7497253,0,-1798896.8996444535
10,922804465.59751701,0,155,28879.412596729566,13418.069531836409,1.0000000000000001e-09,1,0,66.775767042503446,16.582947178137562,2651778263.4338527,4997847843.8770113,0,-1691345.0838413117
10,922804465.59751701,0,156,28929.392764834152,13504.637722364383,1.0000000000000001e-09,1,0,66.805718064782951,16.596625951646942,2651454258.2582154,4997688733.0089798,0,-1930874.7280234671
10,922804465.59751701,0,157,28979.372932938739,13591.205912892361,1.0000000000000001e-09,1,0,66.722634907553086,16.579021287028404,2649106807.9069023,4993335477.0829296,0,-1967083.7893445208
10,922804465.59751701,0,158,29029.353101043325,13677.774103420337,1.0000000000000001e-09,1,0,66.884061532207284,16.526345408908234,2651745550.2385149,4997950439.4018335,0,-1778528.5462928242
10,922804465.59751701,0,159,29079.333269147912,13764.342293948317,1.0000000000000001e-09,1,0,66.919935063976482,16.558015432797927,2652024161.8890548,4998749994.1869621,0,-1924418.4790157638
10,922804465.59751701,0,160,29129.313437252498,13850.910484476291,1.0000000000000001e-09,1,0,66.767849685718957,16.562603387827714,2648846494.0502186,4992922957.1664639,0,-2008381.5624085334
10,922804465.59751701,0,161,29179.293605357081,13937.478675004268,1.0000000000000001e-09,1,0,66.901008366120337,16.51991980351832,2651400661.5541925,4997787126.7656498,0,-2036710.8861227187
10,922804465.59751701,0,162,29229.273773461671,14024.046865532246,1.0000000000000001e-09,1,0,66.932937458851157,16.553235486674616,2652208929.0315652,4998868198.9043274,0,-1802408.8743325847
10,922804465.59751701,0,163,29279.253941566254,14110.61505606022,1.0000000000000001e-09,1,0,66.767589094041014,16.592630268196277,2649523400.6946211,4994362153.3829508,0,-2095576.495397157
10,922804465.59751701,0,164,29329.234109670844,14197.1832465882,1.0000000000000001e-09,1,0,66.786091779524199,16.556701755525324,2650114915.1901379,4995366755.8836985,0,-2037428.0181519808
10,922804465.59751701,0,165,29379.214277775427,14283.751437116174,1.0000000000000001e-09,1,0,66.895284379524611,16.583738468213038,2652821773.2079039,5000582039.7318554,0,-2099481.2644096948
10,922804465.59751701,0,166,29429.194445880014,14370.319627644152,1.0000000000000001e-09,1,0,66.684962892569317,16.647836273753743,2649767434.7146807,4994485739.236434,0,-1917156.9791161946
10,922804465.59751701,0,167,29479.1746139846,14456.887818172128,1.0000000000000001e-09,1,0,66.645841823568645,16.629453110402824,2649635730.1153202,4995011529.4745693,0,-2328015.4184661442
10,922804465.59751701,0,168,29529.154782089186,14543.456008700106,1.0000000000000001e-09,1,0,66.749767766078989,16.642744116249876,2652405414.6492667,4999824179.0936012,0,-2113474.5982725765
10,922804465.59751701,0,169,29579.134950193773,14630.024199228083,1.0000000000000001e-09,1,0,66.592342550150292,16.710049862259339,2650465644.7961445,4996206522.3720617,0,-2132549.2912808899
10,922804465.59751701,0,170,29629.115118298359,14716.592389756061,1.0000000000000001e-09,1,0,66.492434202210575,16.711099009416568,2649554788.9229689,4994434461.4091177,0,-2102578.2212556303
10,922804465.59751701,0,171,29679.095286402946,14803.160580284039,1.0000000000000001e-09,1,0,66.576932778982084,16.70788616442918,2651568415.7106056,4998822029.3330908,0,-2418409.7334993193
10,922804465.59751701,0,172,29729.075454507529,14889.728770812011,1.0000000000000001e-09,1,0,66.503386076241298,16.755523524384461,2651056023.4000139,4997158392.0751734,0,-2047539.6797096126
10,922804465.59751701,0,173,29779.055622612119,14976.296961339989,1.0000000000000001e-09,1,0,66.395248551382736,16.764690378128584,2649598774.0981965,4994856921.8962154,0,-2282886.8016924523
10,922804465.59751701,0,174,29829.035790716702,15062.865151867965,1.0000000000000001e-09,1,0,66.464487810041916,16.747069561013241,2651107996.8558836,4997693762.383132,0,-2279806.3379491335
10,922804465.59751701,0,175,29879.015958821292,15149.433342395945,1.0000000000000001e-09,1,0,66.453281560160661,16.774901410178394,2651026050.0552354,4997929730.2459784,0,-2487033.7737980038
10,922804465.59751701,0,176,29928.996126925878,15236.001532923921,1.0000000000000001e-09,1,0,66.369332568341534,16.774255141026707,2649790601.5092559,4994871641.5148344,0,-2098874.3665897762
10,922804465.59751701,0,177,29978.976295030461,15322.569723451898,1.0000000000000001e-09,1,0,66.455465470387168,16.747916266338308,2651060805.2269349,4998118036.1885147,0,-2552254.4539428004
10,922804465.59751701,0,178,30028.956463135051,15409.137913979876,1.0000000000000001e-09,1,0,66.460002718893733,16.766713877228455,2651035640.6005979,4997738521.7102442,0,-2375926.3247087025
10,922804465.59751701,0,179,30078.936631239634,15495.706104507852,1.0000000000000001e-09,1,0,66.392241456454286,16.757192074512911,2649570410.4810472,4995098743.8066988,0,-2439639.0993518075
10,922804465.59751701,0,180,30128.916799344221,15582.274295035828,1.0000000000000001e-09,1,0,66.502776008509286,16.708696154399519,2651037542.2671714,4997501162.4451971,0,-2248005.2962404536
10,922804465.59751701,0,181,30178.896967448807,15668.842485563804,1.0000000000000001e-09,1,0,66.573324610081698,16.714489264636239,2651493628.953249,4999191673.471137,0,-2689448.8612253577
10,922804465.59751701,0,182,30228.877135553394,15755.410676091782,1.0000000000000001e-09,1,0,66.481914152579435,16.713406425105337,2649377601.0323935,4994615934.4994268,0,-2376114.2490246627
10,922804465.59751701,0,183,30278.85730365798,15841.978866619758,1.0000000000000001e-09,1,0,66.587987961708265,16.644681810333655,2650363363.1284275,4996729176.6839294,0,-2512319.8653024067
10,922804465.59751701,0,184,30328.837471762567,15928.547057147734,1.0000000000000001e-09,1,0,66.745437361550401,16.631130388167453,2652253066.179215,5000286069.7455006,0,-2511051.1835788209
10,922804465.59751701,0,185,30378.817639867153,16015.115247675714,1.0000000000000001e-09,1,0,66.64211999466248,16.650799945757633,2649493396.1670384,4995671698.7324142,0,-2820848.0446969527
10,922804465.59751701,0,186,30428.79780797174,16101.68343820369,1.0000000000000001e-09,1,0,66.677734608397145,16.588624811668403,2649634484.7557635,4995141825.6552839,0,-2398437.9451226913
10,922804465.59751701,0,187,30478.777976076326,16188.251628731665,1.0000000000000001e-09,1,0,66.882390909647555,16.560211928660699,2652493390.1422343,5001109044.3577213,0,-2707662.9157119547
10,922804465.59751701,0,188,30528.758144180909,16274.819819259641,1.0000000000000001e-09,1,0,66.787422097731863,16.592951459814348,2650061950.5142217,4996371603.3836632,0,-2623888.7878501532
10,922804465.59751701,0,189,30578.738312285499,16361.388009787619,1.0000000000000001e-09,1,0,66.766251146626487,16.556221788549276,2649350326.8906112,4995346239.8295536,0,-2791123.883914141
10,922804465.59751701,0,190,30628.718480390082,16447.956200315595,1.0000000000000001e-09,1,0,66.921881479384965,16.520960020123045,2651798119.2340879,4999390219.3073626,0,-2490371.0216498426
10,922804465.59751701,0,191,30678.698648494668,16534.524390843573,1.0000000000000001e-09,1,0,66.907496394671995,16.559957152698306,2651252687.6090016,4999049480.7116117,0,-2854896.8775771251
10,922804465.59751701,0,192,30728.678816599255,16621.092581371548,1.0000000000000001e-09,1,0,66.772892301710939,16.558074876983621,2648658151.6401458,4994046180.6281614,0,-2793068.5215408881
10,922804465.59751701,0,193,30778.658984703845,16707.660771899529,1.0000000000000001e-09,1,0,66.913124218661125,16.530839064961924,2651659336.089313,4999790439.459218,0,-2841640.0288783754
10,922804465.59751701,0,194,30828.639152808428,16794.228962427504,1.0000000000000001e-09,1,0,66.871376560211289,16.579944439778949,2651236980.5950737,4998715790.3521118,0,-2693440.1891932809
10,922804465.59751701,0,195,30878.619320913014,16880.797152955478,1.0000000000000001e-09,1,0,66.731733385691925,16.592684016978069,2648906488.3350043,4994923197.6701784,0,-3010359.8609413537
10,922804465.59751701,0,196,30928.599489017601,16967.365343483456,1.0000000000000001e-09,1,0,66.811874748987648,16.583774681558772,2651204263.5227866,4999102289.7402554,0,-2931358.4625054663
10,922804465.59751701,0,197,30978.579657122187,17053.933534011434,1.0000000000000001e-09,1,0,66.766909189570498,16.630733890192602,2651168234.9395008,4998842767.235199,0,-2829600.7222702764
10,922804465.59751701,0,198,31028.559825226774,17140.501724539412,1.0000000000000001e-09,1,0,66.627557033943475,16.65969399863361,2649377349.7388706,4995646151.7854433,0,-2923331.0252355309
10,922804465.59751701,0,199,31078.53999333136,17227.06991506739,1.0000000000000001e-09,1,0,66.656261360960087,16.649224595870074,2650492323.6643815,4998069238.3319731,0,-3094828.1390261767
10,922804465.59751701,0,200,31128.520161435947,17313.638105595364,1.0000000000000001e-09,1,0,66.653647061223268,16.692626968310424,2651393463.5968776,4999634194.4104424,0,-3024558.5176310339
10,922804465.59751701,0,201,31178.500329540533,17400.206296123342,1.0000000000000001e-09,1,0,66.497619726757193,16.726260173505942,2649350298.9960737,4995686074.0941925,0,-2971577.4178820322
10,922804465.59751701,0,202,31228.48049764512,17486.774486651317,1.0000000000000001e-09,1,0,66.517192685606972,16.712046045381726,2650106703.6671095,4997715043.9586,0,-3292398.3927545273
10,922804465.59751701,0,203,31278.460665749706,17573.342677179295,1.0000000000000001e-09,1,0,66.543849580061845,16.738492182542327,2651183174.5191355,4999651730.2726593,0,-3244157.7782470696
10,922804465.59751701,0,204,31328.440833854289,17659.910867707273,1.0000000000000001e-09,1,0,66.416915255028883,16.77361348672547,2649569578.3599024,4996504950.2460976,0,-3187057.784646282
10,922804465.59751701,0,205,31378.421001958875,17746.479058235247,1.0000000000000001e-09,1,0,66.414006169403265,16.75484353623153,2649789652.029242,4997131103.9502344,0,-3299423.1722952244
10,922804465.59751701,0,206,31428.401170063462,17833.047248763225,1.0000000000000001e-09,1,0,66.47387959306451,16.763745143370162,2650938927.499424,4999821118.5387983,0,-3578336.8307378939
10,922804465.59751701,0,207,31478.381338168052,17919.615439291203,1.0000000000000001e-09,1,0,66.386616079452253,16.78547815184395,2649623384.2157884,4996925942.3425817,0,-3356766.0829110174
10,922804465.59751701,0,208,31528.361506272639,18006.183629819181,1.0000000000000001e-09,1,0,66.392933419434542,16.75690562612661,2649556693.916986,4997140439.7625246,0,-3537337.8768300298
10,922804465.59751701,0,209,31578.341674377221,18092.751820347155,1.0000000000000001e-09,1,0,66.497498595672226,16.74437800586648,2651127743.3131943,5000264540.8865585,0,-3624943.8950147033
10,922804465.59751701,0,210,31628.321842481808,18179.32001087513,1.0000000000000001e-09,1,0,66.433457263272061,16.765453079123741,2649718819.868484,4997750097.9101906,0,-3698893.1210823325
10,922804465.59751701,0,211,31678.302010586394,18265.888201403111,1.0000000000000001e-09,1,0,66.43080198617379,16.724168308489695,2649678784.6965017,4996482145.8251381,0,-3065744.0690221912
10,922804465.59751701,0,212,31728.282178690981,18352.456391931086,1.0000000000000001e-09,1,0,66.586525533256165,16.6885725744139,2652159890.7092829,5000586542.0596457,0,-2763754.1497502537
10,922804465.59751701,0,213,31778.262346795567,18439.024582459064,1.0000000000000001e-09,1,0,66.563693907031535,16.709761355421605,2651773840.2203069,4998308286.4209328,0,-1940227.5794823433
10,922804465.59751701,0,214,31828.242514900154,18525.592772987042,1.0000000000000001e-09,1,0,66.507965058560572,16.676622594460795,2649978538.9231162,4994931988.814332,0,-1942976.6885468208
10,922804465.59751701,0,215,31878.22268300474,18612.160963515016,1.0000000000000001e-09,1,0,66.679402176978584,16.621854444284999,2651708565.9707313,4998773180.7696114,0,-2252324.6744211381
10,922804465.59751701,0,216,31928.202851109327,18698.729154042994,1.0000000000000001e-09,1,0,66.732044960142304,16.62657732212573,2651005879.0365667,4999132452.3560324,0,-3145756.9584769569
10,922804465.59751701,0,217,31978.183019213913,18785.297344570969,1.0000000000000001e-09,1,0,66.677731343491814,16.617669281960278,2649250530.9705758,4995988588.2873278,0,-3231957.0191408829
10,922804465.59751701,0,218,32028.163187318496,18871.865535098947,1.0000000000000001e-09,1,0,66.773551881132164,16.566260160884053,2650119775.5476894,4998139844.2240381,0,-3504862.5086859907
10,922804465.59751701,0,219,32078.143355423083,18958.433725626925,1.0000000000000001e-09,1,0,66.873452027028392,16.568056174817158,2651398691.6145768,5000486663.8203402,0,-3471925.6452595447
10,922804465.59751701,0,220,32128.123523527669,19045.001916154899,1.0000000000000001e-09,1,0,66.766020704798478,16.574346636581346,2648657240.534194,4995857861.8409252,0,-3755841.8506221334
10,922804465.59751701,0,221,32178.103691632259,19131.570106682881,1.0000000000000001e-09,1,0,66.847536719782696,16.536695156493504,2650286532.3811007,4998209344.4589605,0,-3375004.9100848897
10,922804465.59751701,0,222,32228.083859736842,19218.138297210855,1.0000000000000001e-09,1,0,66.90745043010341,16.549905654952248,2651102318.3950453,5000327000.2138824,0,-3683529.8720593848
10,922804465.59751701,0,223,32278.064027841428,19304.706487738833,1.0000000000000001e-09,1,0,66.805663169451975,16.566609754609079,2649087860.5219254,4996496151.3906775,0,-3664104.1127366498
10,922804465.59751701,0,224,32328.044195946015,19391.274678266807,1.0000000000000001e-09,1,0,66.849236740701997,16.545923393492956,2650028898.0752683,4998793921.3302355,0,-3943004.1990141086
10,922804465.59751701,0,225,32378.024364050601,19477.842868794785,1.0000000000000001e-09,1,0,66.877163117804614,16.568899278844818,2651102952.0868864,5000097079.9238329,0,-3560826.3371465351
10,922804465.59751701,0,226,32428.004532155188,19564.411059322763,1.0000000000000001e-09,1,0,66.762013227860024,16.603348784683568,2649368337.043097,4997484380.960536,0,-3908300.8532567699
10,922804465.59751701,0,227,32477.984700259774,19650.979249850738,1.0000000000000001e-09,1,0,66.747000981705,16.588785664953623,2649487107.989037,4997513745.4204273,0,-3805120.1582485102
10,922804465.59751701,0,228,32527.964868364361,19737.547440378716,1.0000000000000001e-09,1,0,66.810636528985739,16.616657120377898,2651520864.6453972,5001651048.4987574,0,-3967950.5774377426
10,922804465.59751701,0,229,32577.945036468947,19824.11563090669,1.0000000000000001e-09,1,0,66.636554201624563,16.66912364150954,2649256539.1750078,4996767612.6959343,0,-3639550.3601653334
10,922804465.59751701,0,230,32627.925204573534,19910.683821434672,1.0000000000000001e-09,1,0,66.612949593569198,16.65640352928293,2649360698.1858506,4997794882.4394112,0,-4080791.9155495605
10,922804465.59751701,0,231,32677.905372678117,19997.252011962646,1.0000000000000001e-09,1,0,66.673846014874215,16.673739397257428,2651209531.2239585,5000926495.8515329,0,-3894602.7342210109
10,922804465.59751701,0,232,32727.885540782703,20083.82020249062,1.0000000000000001e-09,1,0,66.545604450001335,16.733417571646864,2649964351.0265718,4998563206.3915977,0,-3885059.5078367777
10,922804465.59751701,0,233,32777.865708887293,20170.388393018598,1.0000000000000001e-09,1,0,66.440812389771793,16.735596893403137,2648799163.5669832,4996266833.2428465,0,-3831050.9153839904
10,922804465.59751701,0,234,32827.84587699188,20256.956583546573,1.0000000000000001e-09,1,0,66.534454385878419,16.723799848387099,2650809982.1497993,5000665324.0941286,0,-4155489.859752012
10,922804465.59751701,0,235,32877.826045096466,20343.524774074554,1.0000000000000001e-09,1,0,66.476136986122626,16.768558761643554,2650307968.5904174,4999291853.547884,0,-3928297.0754355351
10,922804465.59751701,0,236,32927.806213201053,20430.092964602532,1.0000000000000001e-09,1,0,66.374089812255036,16.773635314149892,2648940272.2326064,4996823659.8150797,0,-3985573.9761946616
10,922804465.59751701,0,237,32977.786381305639,20516.661155130507,1.0000000000000001e-09,1,0,66.449280853996129,16.751578491357883,2650297560.5574789,4999668005.5820189,0,-4138412.6668921644
10,922804465.59751701,0,238,33027.766549410218,20603.229345658481,1.0000000000000001e-09,1,0,66.452385691804494,16.774430988879665,2650356564.0931158,4999974646.0389748,0,-4242211.4330866067
10,922804465.59751701,0,239,33077.746717514812,20689.797536186459,1.0000000000000001e-09,1,0,66.369996380022542,16.775125347238269,2649005200.8548217,4996992691.4770393,0,-4010388.0576124652
10,922804465.59751701,0,240,33127.726885619391,20776.365726714437,1.0000000000000001e-09,1,0,66.454893277202245,16.737919618590535,2650121483.0669088,4999486476.7120657,0,-4218112.4055523537
10,922804465.59751701,0,241,33177.707053723978,20862.933917242415,1.0000000000000001e-09,1,0,66.498671385825688,16.74904877619511,2650464078.4147129,5000367414.7113142,0,-4343226.8162325295
10,922804465.59751701,0,242,33227.687221828564,20949.50210777039,1.0000000000000001e-09,1,0,66.424363388239954,16.744801058393829,2648794701.9630914,4997012111.7316818,0,-4231197.5984643009
10,922804465.59751701,0,243,33277.667389933151,21036.070298298368,1.0000000000000001e-09,1,0,66.517115394324435,16.694651463924483,2649805947.206924,4998967094.6577806,0,-4257896.6741884844
10,922804465.59751701,0,244,33327.647558037745,21122.638488826346,1.0000000000000001e-09,1,0,66.618531525211935,16.682396243303526,2650602853.1961503,5000911068.7959919,0,-4493090.191911825
10,922804465.59751701,0,245,33377.627726142324,21209.206679354324,1.0000000000000001e-09,1,0,66.561724419732727,16.686504180197947,2648804458.9614897,4997692420.5410137,0,-4582631.8180303182
10,922804465.59751701,0,246,33427.60789424691,21295.774869882298,1.0000000000000001e-09,1,0,66.616966674478448,16.632300940109243,2649104629.3518376,4997889616.2184677,0,-4387157.0393566601
10,922804465.59751701,0,247,33477.588062351497,21382.343060410272,1.0000000000000001e-09,1,0,66.76553608786503,16.613474128533198,2650842993.3872585,5001728883.5441713,0,-4687146.2083452046
10,922804465.59751701,0,248,33527.568230456083,21468.911250938254,1.0000000000000001e-09,1,0,66.694121023368893,16.620807276694382,2648530211.7734065,4997401631.0049143,0,-4702492.313972556
10,922804465.59751701,0,249,33577.54839856067,21555.479441466228,1.0000000000000001e-09,1,0,66.74498679884438,16.575055401182933,2648939537.3747969,4998073703.3316822,0,-4649984.9970692722
10,922804465.59751701,0,250,33627.528566665256,21642.047631994206,1.0000000000000001e-09,1,0,66.872041753447675,16.557475398326165,2650771206.2421951,5001029619.0916424,0,-4387678.158991741
10,922804465.59751701,0,251,33677.508734769843,21728.615822522184,1.0000000000000001e-09,1,0,66.804861419811672,16.575145787152106,2649014004.0056314,4997698711.6838369,0,-4376426.8828652576
10,922804465.59751701,0,252,33727.488902874429,21815.184013050159,1.0000000000000001e-09,1,0,66.806293548874493,16.53953664185671,2649111388.2770629,4996602667.5779276,0,-3697128.192397112
10,922804465.59751701,0,253,33777.469070979016,21901.752203578137,1.0000000000000001e-09,1,0,66.919781893584002,16.529834113850317,2651788048.4082484,5000223902.2612906,0,-2943062.8415406682
10,922804465.59751701,0,254,33827.449239083602,21988.320394106111,1.0000000000000001e-09,1,0,66.857686517481724,16.564585172348114,2651652460.5448313,4998349069.393775,0,-2083259.8506552179
10,922804465.59751701,0,255,33877.429407188189,22074.888584634089,1.0000000000000001e-09,1,0,66.796016522633195,16.544458882428376,2650828643.1754537,4996642516.1496811,0,-2001029.7951646289
10,922804465.59751701,0,256,33927.409575292775,22161.456775162067,1.0000000000000001e-09,1,0,66.936945477221755,16.535602452540445,2653825035.457099,5002624399.5736923,0,-2180553.700440187
10,922804465.59751701,0,257,33977.389743397362,22248.024965690041,1.0000000000000001e-09,1,0,66.804491559331652,16.602866229645358,2650812068.7357197,4999589534.3729792,0,-3582242.3621622114
10,922804465.59751701,0,258,34027.369911501948,22334.593156218023,1.0000000000000001e-09,1,0,66.684598593867562,16.607899713746551,2648353391.1861901,4996999208.3921223,0,-4665657.7026405679
10,922804465.59751701,0,259,34077.350079606535,22421.161346745997,1.0000000000000001e-09,1,0,66.798685204381954,16.592668227034419,2650395621.1533041,5002371206.8880119,0,-5475542.323857788
10,922804465.59751701,0,260,34127.330247711121,22507.729537273972,1.0000000000000001e-09,1,0,66.742625111950247,16.656399078610995,2650263624.7560701,5001585907.2787952,0,-5190605.5307412241
10,922804465.59751701,0,261,34177.310415815708,22594.29772780195,1.0000000000000001e-09,1,0,66.550396016202626,16.691005615481295,2647598165.7572813,4997005133.4452314,0,-5424028.8752582148
10,922804465.59751701,0,262,34227.290583920294,22680.865918329928,1.0000000000000001e-09,1,0,66.60692692169188,16.667263188345466,2649334310.8322368,5000024558.8492126,0,-5290964.5252671577
10,922804465.59751701,0,263,34277.27075202488,22767.434108857906,1.0000000000000001e-09,1,0,66.631699394877202,16.70674686187105,2650448683.5699205,5002262626.2072039,0,-5364831.9864941072
10,922804465.59751701,0,264,34327.250920129467,22854.00229938588,1.0000000000000001e-09,1,0,66.45908703309351,16.75174624361113,2648419228.4873276,4997550618.7770729,0,-4892576.5526010487
10,922804465.59751701,0,265,34377.231088234053,22940.570489913858,1.0000000000000001e-09,1,0,66.457287911278527,16.732462499122068,2648780716.7444549,4998981600.4639406,0,-5290828.5946877087
10,922804465.59751701,0,266,34427.21125633864,23027.138680441836,1.0000000000000001e-09,1,0,66.521144689752447,16.747168931911315,2650503730.0519171,5001696385.5606499,0,-5009155.6346939234
10,922804465.59751701,0,267,34477.191424443219,23113.706870969811,1.0000000000000001e-09,1,0,66.40541321769237,16.781239822109377,2648862074.1892281,4998596471.282382,0,-5004997.4223172106
10,922804465.59751701,0,268,34527.171592547806,23200.275061497789,1.0000000000000001e-09,1,0,66.3932650259393,16.764219894028116,2649052876.5510077,4998603439.7782879,0,-4817894.7914581215
10,922804465.59751701,0,269,34577.151760652392,23286.843252025763,1.0000000000000001e-09,1,0,66.46451573108331,16.760835594797747,2650169903.621243,5001417875.5986691,0,-5195114.8747319905
10,922804465.59751701,0,270,34627.131928756979,23373.411442553741,1.0000000000000001e-09,1,0,66.40172913792,16.779750892749856,2649137606.9139271,4998833304.5402651,0,-4855204.7905120738
10,922804465.59751701,0,271,34677.112096861565,23459.979633081719,1.0000000000000001e-09,1,0,66.404510665761563,16.747878173812264,2648879079.3391166,4998575879.1897392,0,-4977059.4681979418
10,922804465.59751701,0,272,34727.092264966152,23546.547823609697,1.0000000000000001e-09,1,0,66.520226721862514,16.728346364918178,2650474097.0466309,5001612419.2778559,0,-4994209.0556199811
10,922804465.59751701,0,273,34777.072433070738,23633.116014137675,1.0000000000000001e-09,1,0,66.475605988461439,16.745504166199968,2649113629.7725348,4999477804.2038383,0,-5221361.2705481593
10,922804465.59751701,0,274,34827.052601175325,23719.684204665649,1.0000000000000001e-09,1,0,66.463213811342172,16.704504971676954,2648456608.1900139,4997504306.8213549,0,-4830608.7930324348
10,922804465.59751701,0,275,34877.032769279911,23806.252395193624,1.0000000000000001e-09,1,0,66.638631351295885,16.662707635261761,2650724343.4021702,5002345866.7247524,0,-5133366.4135293448
10,922804465.59751701,0,276,34927.012937384497,23892.820585721605,1.0000000000000001e-09,1,0,66.615855908598988,16.685321408041922,2649561069.4090428,5000098448.156292,0,-5103435.4401911413
10,922804465.59751701,0,277,34976.993105489084,23979.38877624958,1.0000000000000001e-09,1,0,66.566040960750044,16.649664151211681,2647972354.6334262,4997115244.2032337,0,-5108300.2722331397
10,922804465.59751701,0,278,35026.97327359367,24065.956966777558,1.0000000000000001e-09,1,0,66.753387816260201,16.591215613987529,2650554811.1856723,5001692204.5171156,0,-4955854.6910458403
10,922804465.59751701,0,279,35076.953441698257,24152.525157305532,1.0000000000000001e-09,1,0,66.794889682141573,16.607107627088684,2650279151.0695868,5001784109.3209553,0,-5280309.1304895338
10,922804465.59751701,0,280,35126.933609802843,24239.09334783351,1.0000000000000001e-09,1,0,66.69256978062198,16.600152220964272,2647808594.3780818,4997016339.7608795,0,-5219549.9389964882
10,922804465.59751701,0,281,35176.91377790743,24325.661538361488,1.0000000000000001e-09,1,0,66.831318009820237,16.531619298982857,2649653698.8577909,5000310913.7893696,0,-5123608.7653034944
10,922804465.59751701,0,282,35226.893946012016,24412.229728889462,1.0000000000000001e-09,1,0,66.949965346208316,16.550536270775698,2651362470.4805508,5003724981.358119,0,-5227442.2514014468
10,922804465.59751701,0,283,35276.874114116603,24498.79791941744,1.0000000000000001e-09,1,0,66.765548220577244,16.572448893436132,2647417143.0633526,4996578137.9771833,0,-5378350.0902986173
10,922804465.59751701,0,284,35326.854282221189,24585.366109945415,1.0000000000000001e-09,1,0,66.864052583252786,16.521143895349223,2649319656.0991011,5000058402.0174112,0,-5323587.3560471749
10,922804465.59751701,0,285,35376.834450325776,24671.934300473393,1.0000000000000001e-09,1,0,66.964519163462001,16.537177919477561,2651197283.8680587,5003341759.3988361,0,-5189167.7234004792
10,922804465.59751701,0,286,35426.814618430362,24758.502491001371,1.0000000000000001e-09,1,0,66.79965581089894,16.584180746921682,2648267440.4750881,4998282576.6537724,0,-5432977.4320097314
10,922804465.59751701,0,287,35476.794786534949,24845.070681529349,1.0000000000000001e-09,1,0,66.788720275465181,16.555960545083298,2648449892.2871084,4998650876.5983047,0,-5446064.3278814834
10,922804465.59751701,0,288,35526.774954639535,24931.638872057327,1.0000000000000001e-09,1,0,66.896580810732274,16.570169828229233,2651000376.3408842,5003459973.4230967,0,-5448837.7296318905
10,922804465.59751701,0,289,35576.755122744114,25018.207062585298,1.0000000000000001e-09,1,0,66.739355117441391,16.628176986102709,2648761433.1237087,4999132691.8851061,0,-5390330.0424958766
10,922804465.59751701,0,290,35626.735290848708,25104.775253113279,1.0000000000000001e-09,1,0,66.671514035857527,16.619939239980081,2647982515.3546572,4998347592.3645477,0,-5752420.8527040249
10,922804465.59751701,0,291,35676.715458953295,25191.343443641254,1.0000000000000001e-09,1,0,66.761685181503267,16.6282322259406,2650457279.1399508,5002793856.027235,0,-5638278.252565451
10,922804465.59751701,0,292,35726.695627057881,25277.911634169232,1.0000000000000001e-09,1,0,66.636827274701673,16.688690031714255,2649023983.2856159,5000154108.1722574,0,-5670072.7154578641
10,922804465.59751701,0,293,35776.675795162468,25364.47982469721,1.0000000000000001e-09,1,0,66.533156159753133,16.694229418561402,2647843227.5393505,4998138237.3330145,0,-5780557.3823169088
10,922804465.59751701,0,294,35826.655963267047,25451.048015225184,1.0000000000000001e-09,1,0,66.601522863822566,16.695965257296162,2649642240.7317672,5002163439.1342058,0,-6118614.1810538135
10,922804465.59751701,0,295,35876.636131371641,25537.616205753166,1.0000000000000001e-09,1,0,66.527358354305747,16.744431969760704,2649158493.8940554,5000841926.0283823,0,-5900740.0464935573
10,922804465.59751701,0,296,35926.616299476227,25624.18439628114,1.0000000000000001e-09,1,0,66.414973778323585,16.755455874925605,2647549238.8575773,4998478120.7081642,0,-6254997.7773846071
10,922804465.59751701,0,297,35976.596467580806,25710.752586809114,1.0000000000000001e-09,1,0,66.483071283336997,16.740837991458239,2649024160.6639886,5001640386.7914791,0,-6458994.0189571343
10,922804465.59751701,0,298,36026.576635685393,25797.320777337092,1.0000000000000001e-09,1,0,66.461304350969883,16.772560572846338,2648753121.061975,5001808925.489543,0,-6819514.5989731364
10,922804465.59751701,0,299,36076.556803789979,25883.88896786507,1.0000000000000001e-09,1,0,66.371552709146272,16.775426722977773,2647444319.2333617,4999063989.002346,0,-6670968.0301136486
10,922804465.59751701,0,300,36126.536971894566,25970.457158393048,1.0000000000000001e-09,1,0,66.447176582053373,16.75183173012983,2648623916.2549968,5002350744.8558359,0,-7236383.4698526934
10,922804465.59751701,0,301,36176.517139999152,26057.025348921023,1.0000000000000001e-09,1,0,66.454128020665877,16.771371958085247,2649092968.9829679,5002596445.951808,0,-6897778.9690465163
10,922804465.59751701,0,302,36226.497308103739,26143.593539449001,1.0000000000000001e-09,1,0,66.378223979625588,16.768126749624141,2648593100.6762848,5000132782.1819048,0,-6089632.877629878
10,922804465.59751701,0,303,36276.477476208325,26230.161729976979,1.0000000000000001e-09,1,0,66.46850138865446,16.725400498232908,2651540077.6635451,5002042851.9139996,0,-4156754.7870844784
10,922804465.59751701,0,304,36326.457644312912,26316.729920504953,1.0000000000000001e-09,1,0,66.52789200276959,16.722421335401418,2653033163.7050204,5002277000.9369078,0,-2787983.7179290513
10,922804465.59751701,0,305,36376.437812417498,26403.298111032931,1.0000000000000001e-09,1,0,66.470662819268441,16.720832770815466,2651665597.0159874,4997992758.5288401,0,-1880949.9429449977
10,922804465.59751701,0,306,36426.417980522085,26489.866301560905,1.0000000000000001e-09,1,0,66.544013025430516,16.669143583181626,2651431923.6153169,4998616650.5854855,0,-2445861.6412124382
10,922804465.59751701,0,307,36476.398148626671,26576.434492088883,1.0000000000000001e-09,1,0,66.683655409391889,16.646329937712107,2652029497.3590961,5001364903.3192635,0,-3307396.9647069196
10,922804465.59751701,0,308,36526.378316731258,26663.002682616861,1.0000000000000001e-09,1,0,66.628825878666007,16.66389492128728,2649174639.3428659,4998619264.1876831,0,-4704533.5337616839
10,922804465.59751701,0,309,36576.358484835844,26749.570873144839,1.0000000000000001e-09,1,0,66.632188975012824,16.611623515673269,2647808292.481822,4996981043.0821457,0,-5201112.036238255
10,922804465.59751701,0,310,36626.338652940431,26836.139063672817,1.0000000000000001e-09,1,0,66.828390569557953,16.576311979982709,2649976550.6439576,5002927337.1796083,0,-6189874.8886618689
10,922804465.59751701,0,311,36676.318821045017,26922.707254200788,1.0000000000000001e-09,1,0,66.772275965657101,16.600419032641796,2647997447.1394978,4999528516.7989178,0,-6364468.3586674761
10,922804465.59751701,0,312,36726.298989149604,27009.275444728766,1.0000000000000001e-09,1,0,66.748421317426164,16.570341403325315,2647155228.29563,4998495390.105279,0,-6658177.0499329716
10,922804465.59751701,0,313,36776.27915725419,27095.843635256748,1.0000000000000001e-09,1,0,66.883738511958924,16.536970108285718,2649352422.4859471,5002041617.1329193,0,-6343754.3918246152
10,922804465.59751701,0,314,36826.259325358777,27182.411825784722,1.0000000000000001e-09,1,0,66.880446877040271,16.561775652972418,2648851417.4814353,5001796372.3773689,0,-6714553.4505037442
10,922804465.59751701,0,315,36876.239493463363,27268.9800163127,1.0000000000000001e-09,1,0,66.791115744785856,16.556185864001275,2647117630.9131937,4998163169.6104317,0,-6519391.1141834762
10,922804465.59751701,0,316,36926.21966156795,27355.548206840675,1.0000000000000001e-09,1,0,66.902809019066424,16.53371384927966,2649468522.2652102,5002644373.5552549,0,-6547671.5273888288
10,922804465.59751701,0,317,36976.199829672536,27442.116397368653,1.0000000000000001e-09,1,0,66.871015330550136,16.571007403822072,2649168545.9988041,5001665694.2435865,0,-6328044.978529091
10,922804465.59751701,0,318,37026.179997777122,27528.684587896634,1.0000000000000001e-09,1,0,66.768363329569141,16.576754998780146,2647380609.2952933,4998864131.3676481,0,-6628569.0636606822
10,922804465.59751701,0,319,37076.160165881709,27615.252778424605,1.0000000000000001e-09,1,0,66.842021707008357,16.573194264129473,2649552865.1392522,5002563239.7936831,0,-6420252.9180974998
10,922804465.59751701,0,320,37126.140333986295,27701.820968952583,1.0000000000000001e-09,1,0,66.779186479067477,16.618570463212077,2649148661.8226666,5001673013.8403597,0,-6351815.2928772708
10,922804465.59751701,0,321,37176.120502090875,27788.389159480557,1.0000000000000001e-09,1,0,66.663143489364927,16.639630443226743,2647759794.3691945,4999076027.0653877,0,-6361884.1721802587
10,922804465.59751701,0,322,37226.100670195461,27874.957350008535,1.0000000000000001e-09,1,0,66.700621883505434,16.63030919121783,2648951385.1089182,5001672088.4871283,0,-6548600.7158217216
10,922804465.59751701,0,323,37276.080838300055,27961.525540536517,1.0000000000000001e-09,1,0,66.684075031862932,16.680710165376354,2649766182.7815747,5002853390.9188566,0,-6360983.0212248266
10,922804465.59751701,0,324,37326.061006404641,28048.093731064491,1.0000000000000001e-09,1,0,66.513416530767444,16.712454226022061,2647444564.0961757,4998488652.0356455,0,-6365263.8569083707
10,922804465.59751701,0,325,37376.041174509228,28134.661921592469,1.0000000000000001e-09,1,0,66.5568167755373,16.694076885256102,2648732143.2229152,5001312023.9366093,0,-6576676.2494754838
10,922804465.59751701,0,326,37426.021342613807,28221.23011212044,1.0000000000000001e-09,1,0,66.576184662890569,16.726511367924573,2649672592.5448523,5003035179.3479633,0,-6551088.81561225
10,922804465.59751701,0,327,37476.001510718394,28307.798302648422,1.0000000000000001e-09,1,0,66.431907828649443,16.767771055208236,2647974159.8269296,4999520390.3788404,0,-6383441.1722960649
10,922804465.59751701,0,328,37525.981678822987,28394.3664931764,1.0000000000000001e-09,1,0,66.423235110937284,16.748825391418123,2648170330.5535812,5000199044.9747486,0,-6547583.404574262
10,922804465.59751701,0,329,37575.961846927574,28480.934683704378,1.0000000000000001e-09,1,0,66.489914030953003,16.758132817941924,2649572369.2321091,5003123878.6097422,0,-6698404.5574850086
10,922804465.59751701,0,330,37625.942015032153,28567.502874232348,1.0000000000000001e-09,1,0,66.394062986286116,16.786541973264345,2648208807.6219883,5000173137.8877344,0,-6495351.6821274934
10,922804465.59751701,0,331,37675.922183136739,28654.071064760326,1.0000000000000001e-09,1,0,66.382124192575944,16.763881889751222,2647996110.9019141,4999966093.9520197,0,-6598124.1291403193
10,922804465.59751701,0,332,37725.902351241326,28740.639255288304,1.0000000000000001e-09,1,0,66.47982867748587,16.750135836363405,2649441012.1161141,5002985699.634594,0,-6756399.3538279356
10,922804465.59751701,0,333,37775.882519345912,28827.207445816279,1.0000000000000001e-09,1,0,66.42566537419269,16.771969839738503,2648199655.3976989,5000819013.1574888,0,-6847413.5852697063
10,922804465.59751701,0,334,37825.862687450499,28913.775636344257,1.0000000000000001e-09,1,0,66.411229365920533,16.738525856074734,2647713905.7972789,4999438182.9325018,0,-6600049.4233346358
10,922804465.59751701,0,335,37875.842855555085,29000.343826872235,1.0000000000000001e-09,1,0,66.550790504392509,16.704028606299616,2649377214.8599935,5003208938.494174,0,-6938719.1315858811
10,922804465.59751701,0,336,37925.823023659672,29086.912017400213,1.0000000000000001e-09,1,0,66.54166455966913,16.722662515901462,2648759103.1160641,5001826015.407753,0,-6822605.9660545867
10,922804465.59751701,0,337,37975.803191764258,29173.480207928191,1.0000000000000001e-09,1,0,66.489667728530847,16.695057670079152,2647453849.8059268,4998956423.9693623,0,-6604328.7669466902
10,922804465.59751701,0,338,38025.783359868845,29260.048398456165,1.0000000000000001e-09,1,0,66.648043017196997,16.644300974856378,2649992039.2990646,5002753502.5036774,0,-6082093.5018626805
10,922804465.59751701,0,339,38075.763527973431,29346.616588984143,1.0000000000000001e-09,1,0,66.673554312541299,16.644262687947073,2649370785.2160721,5001590861.8930979,0,-6086075.5865519345
10,922804465.59751701,0,340,38125.743696078018,29433.184779512121,1.0000000000000001e-09,1,0,66.63558811761844,16.63153829368439,2647969319.1531806,4998736120.6213551,0,-5971895.4270573128
10,922804465.59751701,0,341,38175.723864182604,29519.752970040096,1.0000000000000001e-09,1,0,66.747425609620905,16.582887106943502,2648939375.1254735,5001463126.2735138,0,-6449667.9693972934
10,922804465.59751701,0,342,38225.704032287191,29606.321160568077,1.0000000000000001e-09,1,0,66.830769931626719,16.582080259046293,2649501954.2840557,5002912602.5644951,0,-6656648.310552597
10,922804465.59751701,0,343,38275.684200391777,29692.889351096052,1.0000000000000001e-09,1,0,66.754404319431018,16.579625647454428,2647116201.2291012,4999164989.6639309,0,-7052709.5527766524
10,922804465.59751701,0,344,38325.664368496356,29779.457541624022,1.0000000000000001e-09,1,0,66.849016469811787,16.538717077741452,2648799886.0905304,5001532991.4165039,0,-6626249.9770590086
10,922804465.59751701,0,345,38375.64453660095,29866.025732152004,1.0000000000000001e-09,1,0,66.905971764246885,16.554037093432822,2649694758.1675801,5003417103.9296379,0,-6731695.5264464701
10,922804465.59751701,0,346,38425.624704705537,29952.593922679978,1.0000000000000001e-09,1,0,66.789094147192856,16.560009882705703,2647466776.2747383,4998424424.7910833,0,-6308951.9924665587
10,922804465.59751701,0,347,38475.604872810123,30039.162113207956,1.0000000000000001e-09,1,0,66.866275966313282,16.533523130743053,2649041337.4701118,5001644030.4055872,0,-6443751.6892594052
10,922804465.59751701,0,348,38525.585040914702,30125.730303735931,1.0000000000000001e-09,1,0,66.902935306277186,16.559338371755892,2650021960.5068469,5003290433.8988256,0,-6337241.2244152855
10,922804465.59751701,0,349,38575.565209019289,30212.298494263909,1.0000000000000001e-09,1,0,66.771326609576718,16.592910870419388,2647533676.9609766,4999993022.9544439,0,-7074855.281905394
10,922804465.59751701,0,350,38625.545377123883,30298.86668479189,1.0000000000000001e-09,1,0,66.780816792562874,16.567750247151746,2647878836.6199746,5000634659.5912008,0,-7070354.9163978714
10,922804465.59751701,0,351,38675.525545228469,30385.434875319865,1.0000000000000001e-09,1,0,66.859942895531304,16.595610036618417,2649962615.1407704,5005026440.0621262,0,-7318271.2312109862
10,922804465.59751701,0,352,38725.505713333056,30472.003065847843,1.0000000000000001e-09,1,0,66.671212523583449,16.653503281381141,2647423038.3900466,4999609954.5493155,0,-6982114.2377185691
10,922804465.59751701,0,353,38775.485881437635,30558.571256375817,1.0000000000000001e-09,1,0,66.639178431396658,16.637855718026959,2647337990.8095031,5000348713.0962248,0,-7459385.3139339061
10,922804465.59751701,0,354,38825.466049542221,30645.139446903795,1.0000000000000001e-09,1,0,66.719923114904518,16.652421890588144,2649597572.5206923,5004118245.133564,0,-7201132.7772140028
10,922804465.59751701,0,355,38875.446217646815,30731.707637431777,1.0000000000000001e-09,1,0,66.583361082092111,16.717985318918952,2648199279.3214474,5001516868.4588404,0,-7218296.7059370223
10,922804465.59751701,0,356,38925.426385751402,30818.275827959751,1.0000000000000001e-09,1,0,66.465000042130697,16.721881363937332,2646885326.6288624,4998843351.7465839,0,-7112819.3627705127
10,922804465.59751701,0,357,38975.406553855988,30904.844018487729,1.0000000000000001e-09,1,0,66.565257361213682,16.709872256163656,2649106145.2315998,5003691442.506156,0,-7465960.9708273225
10,922804465.59751701,0,358,39025.386721960567,30991.412209015703,1.0000000000000001e-09,1,0,66.503467862485778,16.75850322935451,2648652821.4961534,5002247855.310401,0,-7152851.8594242856
10,922804465.59751701,0,359,39075.366890065154,31077.980399543678,1.0000000000000001e-09,1,0,66.386814114775134,16.770155049879808,2647130309.0580339,4999618700.1130915,0,-7279486.7858342845
10,922804465.59751701,0,360,39125.34705816974,31164.548590071656,1.0000000000000001e-09,1,0,66.451960706224042,16.749420103084855,2648458823.3380518,5002276222.9480228,0,-7361911.0331135876
10,922804465.59751701,0,361,39175.327226274327,31251.11678059963,1.0000000000000001e-09,1,0,66.459508444365895,16.772365926087687,2648658634.4525452,5002933899.5819273,0,-7511275.2066128226
10,922804465.59751701,0,362,39225.307394378913,31337.684971127608,1.0000000000000001e-09,1,0,66.369372947050394,16.777964853994945,2647259476.3255401,4999727331.0556459,0,-7207994.1242112918
10,922804465.59751701,0,363,39275.2875624835,31424.253161655583,1.0000000000000001e-09,1,0,66.442448052884771,16.746533222590859,2648293798.4762464,5002226974.0947151,0,-7500788.5731770638
10,922804465.59751701,0,364,39325.267730588086,31510.821352183564,1.0000000000000001e-09,1,0,66.476511929056485,16.759614655177607,2648633520.5378704,5002923119.3485193,0,-7530665.6533904746
10,922804465.59751701,0,365,39375.247898692673,31597.389542711542,1.0000000000000001e-09,1,0,66.403789440488964,16.754328993649104,2647015681.1667881,4999762784.0368004,0,-7470612.0664702989
10,922804465.59751701,0,366,39425.228066797259,31683.957733239517,1.0000000000000001e-09,1,0,66.499827617409224,16.707268674706324,2648184067.7643642,5001899307.3378658,0,-7436553.6486222344
10,922804465.59751701,0,367,39475.208234901846,31770.525923767495,1.0000000000000001e-09,1,0,66.585862410899438,16.701868866360606,2648813174.196805,5003650537.872591,0,-7737214.8174590096
10,922804465.59751701,0,368,39525.188403006432,31857.094114295469,1.0000000000000001e-09,1,0,66.516747089478969,16.702718977632923,2646847837.4220023,4999918716.2011948,0,-7721243.6975914584
10,922804465.59751701,0,369,39575.168571111019,31943.662304823451,1.0000000000000001e-09,1,0,66.598601741200611,16.643292780232535,2647578867.1095376,5001110345.4120083,0,-7622876.7069352763
10,922804465.59751701,0,370,39625.148739215605,32030.230495351429,1.0000000000000001e-09,1,0,66.742062737688045,16.627900849199193,2649141336.7219396,5004543589.4692764,0,-7883193.4316067342
10,922804465.59751701,0,371,39675.128907320192,32116.798685879403,1.0000000000000001e-09,1,0,66.658491987183638,16.640949737127322,2646691017.7138867,5000167803.4977102,0,-8010309.4427688811
10,922804465.59751701,0,372,39725.109075424778,32203.366876407381,1.0000000000000001e-09,1,0,66.699191340067998,16.584105919495467,2646682471.3127556,5000013113.1157684,0,-7936727.2477475628
10,922804465.59751701,0,373,39775.089243529364,32289.935066935355,1.0000000000000001e-09,1,0,66.881268296764006,16.558523264382032,2649235878.1026602,5004872312.3701639,0,-7963178.4179283893
10,922804465.59751701,0,374,39825.069411633951,32376.50325746333,1.0000000000000001e-09,1,0,66.792618127792991,16.589455798712098,2646771163.725462,5000652173.0899715,0,-8187326.1205349509
10,922804465.59751701,0,375,39875.049579738537,32463.071447991308,1.0000000000000001e-09,1,0,66.773287639320159,16.544729995679802,2645914481.7098656,4998725683.896821,0,-8021191.7790255081
10,922804465.59751701,0,376,39925.029747843117,32549.639638519282,1.0000000000000001e-09,1,0,66.960187444148744,16.515189297394457,2649166817.307313,5004310643.2140617,0,-7734036.4503791211
10,922804465.59751701,0,377,39975.009915947703,32636.20782904726,1.0000000000000001e-09,1,0,66.885902370610083,16.567536775849383,2648120231.5456676,5001385974.2474365,0,-7227849.8067417359
10,922804465.59751701,0,378,40024.990084052297,32722.776019575238,1.0000000000000001e-09,1,0,66.744805711694354,16.55304897023813,2646018647.7039361,4996214126.7665472,0,-6583583.7268475778
10,922804465.59751701,0,379,40074.970252156876,32809.344210103212,1.0000000000000001e-09,1,0,66.930520411442899,16.525456390842521,2651023127.799706,5003248500.0931988,0,-5313810.3329167413
10,922804465.59751701,0,380,40124.950420261463,32895.91240063119,1.0000000000000001e-09,1,0,66.871519656538538,16.573359167510336,2651021615.2120075,5001775741.7522144,0,-4533402.4578917315
10,922804465.59751701,0,381,40174.930588366056,32982.480591159176,1.0000000000000001e-09,1,0,66.741939571997946,16.590379517908072,2649874395.8923993,4998950472.2726288,0,-4180622.7910682466
10,922804465.59751701,0,382,40224.910756470636,33069.048781687146,1.0000000000000001e-09,1,0,66.796324294432395,16.578384810365144,2651262731.0444431,5003023046.8771057,0,-4954508.914757899
10,922804465.59751701,0,383,40274.890924575229,33155.616972215124,1.0000000000000001e-09,1,0,66.794001270485424,16.629867426027971,2651178698.5567322,5005318261.6307602,0,-6257122.4365252461
10,922804465.59751701,0,384,40324.871092679808,33242.185162743095,1.0000000000000001e-09,1,0,66.594470091361814,16.674904612816839,2646708952.0063133,5000459617.7099113,0,-8147305.8658844503
10,922804465.59751701,0,385,40374.851260784395,33328.75335327108,1.0000000000000001e-09,1,0,66.626382115427333,16.653472757920721,2647210719.4296913,5002794638.1820917,0,-8885253.2261403594
10,922804465.59751701,0,386,40424.831428888989,33415.321543799058,1.0000000000000001e-09,1,0,66.667143250805253,16.689921447806206,2648362346.2584534,5005585578.6490431,0,-9215399.3403606638
10,922804465.59751701,0,387,40474.811596993568,33501.889734327029,1.0000000000000001e-09,1,0,66.492301589121681,16.736846344019899,2646118579.8768635,5000510300.7141752,0,-8764586.7400825303
10,922804465.59751701,0,388,40524.791765098154,33588.457924855007,1.0000000000000001e-09,1,0,66.484062647570866,16.722094733563726,2646468191.0031328,5001775244.3365421,0,-9086562.5774953328
10,922804465.59751701,0,389,40574.771933202741,33675.026115382985,1.0000000000000001e-09,1,0,66.537234004938824,16.738795708781186,2648143807.2790918,5004154879.7418766,0,-8674348.1546624117
10,922804465.59751701,0,390,40624.752101307327,33761.594305910956,1.0000000000000001e-09,1,0,66.424126799477847,16.775780080041521,2646750141.598063,5001345247.2043934,0,-8576316.8528521098
10,922804465.59751701,0,391,40674.732269411914,33848.162496438941,1.0000000000000001e-09,1,0,66.396458701704404,16.762253911518911,2646740429.7670603,5000811264.8249817,0,-8302525.4521873081
10,922804465.59751701,0,392,40724.7124375165,33934.730686966912,1.0000000000000001e-09,1,0,66.466084553325317,16.760985629250641,2648015827.7751451,5003795782.2588196,0,-8611674.7440748326
10,922804465.59751701,0,393,40774.692605621087,34021.29887749489,1.0000000000000001e-09,1,0,66.399885703437093,16.783411470811373,2647109138.202168,5001258639.35709,0,-8171338.1985337771
10,922804465.59751701,0,394,40824.672773725673,34107.867068022868,1.0000000000000001e-09,1,0,66.39033496313219,16.755387901575045,2646719581.4579473,5000753360.3192673,0,-8292630.9593988415
10,922804465.59751701,0,395,40874.65294183026,34194.435258550846,1.0000000000000001e-09,1,0,66.504400770343779,16.737839356933542,2648459496.5584812,5003943081.9329081,0,-8246210.6642146455
10,922804465.59751701,0,396,40924.633109934846,34281.003449078824,1.0000000000000001e-09,1,0,66.453326360389184,16.758491301926529,2647092523.6686912,5001781140.2457752,0,-8465360.1825242061
10,922804465.59751701,0,397,40974.613278039433,34367.571639606795,1.0000000000000001e-09,1,0,66.434686389419568,16.721963348586094,2646506495.7108507,4999831395.183588,0,-8016224.7203574078
10,922804465.59751701,0,398,41024.593446144019,34454.13983013478,1.0000000000000001e-09,1,0,66.598261777038317,16.677635941792367,2648485068.543859,5004211025.4041777,0,-8362895.8823159589
10,922804465.59751701,0,399,41074.573614248606,34540.708020662758,1.0000000000000001e-09,1,0,66.599061874524409,16.699974830259073,2647904245.7854881,5002933212.1787186,0,-8265298.915856312
10,922804465.59751701,0,400,41124.553782353192,34627.276211190729,1.0000000000000001e-09,1,0,66.523424454787175,16.673287601748932,2645868242.1194406,4999135472.1788187,0,-8284997.1669194028
10,922804465.59751701,0,401,41174.533950457779,34713.844401718714,1.0000000000000001e-09,1,0,66.700731206087568,16.607659403222812,2648237642.0513358,5003220588.1885815,0,-8084477.0244604582
10,922804465.59751701,0,402,41224.514118562365,34800.412592246685,1.0000000000000001e-09,1,0,66.780693686321243,16.61540819002175,2648549897.5828123,5004527820.3025265,0,-8466260.3660859745
10,922804465.59751701,0,403,41274.494286666944,34886.980782774655,1.0000000000000001e-09,1,0,66.671859514670686,16.617413894752154,2645982029.3659725,4999388073.4188385,0,-8305321.5889374996
10,922804465.59751701,0,404,41324.474454771538,34973.548973302633,1.0000000000000001e-09,1,0,66.781644864420144,16.551494446083886,2647324650.3167605,5001875172.6396837,0,-8283157.4431552682
10,922804465.59751701,0,405,41374.454622876117,35060.117163830611,1.0000000000000001e-09,1,0,66.921054441055162,16.555108658119124,2649263400.4114532,5005607014.2081985,0,-8325725.8069747519
10,922804465.59751701,0,406,41424.434790980711,35146.685354358589,1.0000000000000001e-09,1,0,66.775263174597399,16.576730663171023,2645907880.5328507,4999673986.9326115,0,-8531268.3244974576
10,922804465.59751701,0,407,41474.41495908529,35233.25354488656,1.0000000000000001e-09,1,0,66.839881414689415,16.534989676653751,2647221939.1379199,5001832709.8015051,0,-8363324.1480384255
10,922804465.59751701,0,408,41524.395127189877,35319.821735414545,1.0000000000000001e-09,1,0,66.934949638815752,16.535195673525966,2648713426.1221294,5004603405.1799326,0,-8342861.534861628
10,922804465.59751701,0,409,41574.375295294471,35406.389925942523,1.0000000000000001e-09,1,0,66.837399423484158,16.570919290103582,2646904441.2807651,5001453962.7588978,0,-8479736.6984200422
10,922804465.59751701,0,410,41624.35546339905,35492.958116470494,1.0000000000000001e-09,1,0,66.804004375099055,16.554952783399337,2646494177.8330731,5000818578.8953419,0,-8552660.5902865268
10,922804465.59751701,0,411,41674.335631503644,35579.526306998472,1.0000000000000001e-09,1,0,66.886512053101285,16.564124711966677,2648622104.6172862,5004620645.0981474,0,-8443336.0992729608
10,922804465.59751701,0,412,41724.315799608223,35666.09449752645,1.0000000000000001e-09,1,0,66.772091881693385,16.610078811252009,2646997410.8931437,5001644723.3446026,0,-8488046.1630483568
10,922804465.59751701,0,413,41774.295967712809,35752.662688054428,1.0000000000000001e-09,1,0,66.708337509532996,16.604531178457925,2646157872.7515917,5000497231.6267557,0,-8718355.1934960634
10,922804465.59751701,0,414,41824.276135817403,35839.230878582406,1.0000000000000001e-09,1,0,66.786982423342309,16.618485587178487,2648537877.7540112,5004844243.1790924,0,-8646276.2028959915
10,922804465.59751701,0,415,41874.256303921982,35925.799069110384,1.0000000000000001e-09,1,0,66.649759947632077,16.673356349510012,2646824936.7353725,5001492257.2769728,0,-8579572.6630529445
10,922804465.59751701,0,416,41924.236472026576,36012.367259638362,1.0000000000000001e-09,1,0,66.582405745929066,16.673199026915849,2646291831.8289065,5000767942.2420378,0,-8728122.4585595205
10,922804465.59751701,0,417,41974.216640131155,36098.935450166333,1.0000000000000001e-09,1,0,66.637625296540349,16.682021578879191,2647869584.9379973,5004099141.9424181,0,-8918978.0468386244
10,922804465.59751701,0,418,42024.196808235742,36185.503640694311,1.0000000000000001e-09,1,0,66.54827359645121,16.734168367917238,2647298659.4292369,5002566316.9764957,0,-8676092.373413248
10,922804465.59751701,0,419,42074.176976340328,36272.071831222289,1.0000000000000001e-09,1,0,66.435937237691235,16.744137081487729,2645822767.4519935,5000197731.9017792,0,-8894449.3661320023
10,922804465.59751701,0,420,42124.157144444915,36358.64002175026,1.0000000000000001e-09,1,0,66.508056747292756,16.729941577141869,2647431909.92451,5003485981.8300295,0,-9031112.5928764548
10,922804465.59751701,0,421,42174.137312549501,36445.208212278238,1.0000000000000001e-09,1,0,66.477044393970942,16.768004056147074,2647183269.5894761,5003336352.6171694,0,-9200311.4200102426
10,922804465.59751701,0,422,42224.117480654088,36531.776402806223,1.0000000000000001e-09,1,0,66.373386471001822,16.775615388322091,2645764183.0996227,5000312246.3878651,0,-9013832.0297055468
10,922804465.59751701,0,423,42274.097648758674,36618.344593334194,1.0000000000000001e-09,1,0,66.44381140751922,16.752088228695555,2646822523.6476521,5003312704.3126183,0,-9548501.9460909665
10,922804465.59751701,0,424,42324.077816863261,36704.912783862172,1.0000000000000001e-09,1,0,66.455287302260729,16.773097060229706,2647033125.4937453,5003673540.7627096,0,-9529476.2711672746
10,922804465.59751701,0,425,42374.057984967847,36791.48097439015,1.0000000000000001e-09,1,0,66.369668075810551,16.775804368028538,2645443692.0586009,5000934191.2530804,0,-9664527.560607899
10,922804465.59751701,0,426,42424.038153072433,36878.049164918128,1.0000000000000001e-09,1,0,66.451337154488883,16.733506977726069,2646603504.9072762,5003003564.20473,0,-9603391.2638096344
10,922804465.59751701,0,427,42474.01832117702,36964.617355446106,1.0000000000000001e-09,1,0,66.523232685394404,16.740099472512831,2647545861.5989456,5005256529.6584005,0,-9857184.5044499505
10,922804465.59751701,0,428,42523.998489281606,37051.185545974084,1.0000000000000001e-09,1,0,66.430584888743923,16.743841141375711,2646254981.1521826,5001026649.6281223,0,-8902326.6937513836
10,922804465.59751701,0,429,42573.978657386193,37137.753736502062,1.0000000000000001e-09,1,0,66.508155538743949,16.685830478845215,2648056091.5940695,5002397901.0231438,0,-7829244.3983551115
10,922804465.59751701,0,430,42623.958825490779,37224.321927030032,1.0000000000000001e-09,1,0,66.639953475437736,16.661388380023183,2650336661.771646,5004168295.9007607,0,-6488616.6019627219
10,922804465.59751701,0,431,42673.938993595366,37310.89011755801,1.0000000000000001e-09,1,0,66.616251981487423,16.673896004481069,2649311108.2438288,5002010576.8495111,0,-6368588.6505325828
10,922804465.59751701,0,432,42723.919161699952,37397.458308085988,1.0000000000000001e-09,1,0,66.599470433198334,16.634006303674266,2647809916.7868614,4999096341.0208368,0,-6322546.8893841458
10,922804465.59751701,0,433,42773.899329804532,37484.026498613959,1.0000000000000001e-09,1,0,66.772572773078807,16.594650825903216,2649154351.6903701,5003888422.5350208,0,-7522335.6310540447
10,922804465.59751701,0,434,42823.879497909125,37570.594689141937,1.0000000000000001e-09,1,0,66.730872047485079,16.612222016274881,2646640594.0244656,5000445873.4692993,0,-8208366.7220473476
10,922804465.59751701,0,435,42873.859666013705,37657.162879669915,1.0000000000000001e-09,1,0,66.736774806385384,16.579250556714619,2645807591.8595963,5000359878.7846146,0,-8995712.3784341123
10,922804465.59751701,0,436,42923.839834118291,37743.731070197893,1.0000000000000001e-09,1,0,66.857481011805845,16.551295538808347,2647288660.4961987,5003267667.9259853,0,-9058454.2690155935
10,922804465.59751701,0,437,42973.820002222885,37830.299260725871,1.0000000000000001e-09,1,0,66.849788174335004,16.568553884313395,2646424166.8945975,5002753156.0263262,0,-9649781.9536469746
10,922804465.59751701,0,438,43023.800170327464,37916.867451253849,1.0000000000000001e-09,1,0,66.796556957907882,16.553951675974048,2645161464.0123386,5000088245.5608749,0,-9497624.0497614723
10,922804465.59751701,0,439,43073.780338432058,38003.435641781827,1.0000000000000001e-09,1,0,66.906775613772211,16.533620085934949,2647252997.1805639,5004227291.4279623,0,-9603603.242753122
10,922804465.59751701,0,440,43123.760506536637,38090.003832309798,1.0000000000000001e-09,1,0,66.868790327094942,16.569268857732496,2646757084.8593988,5002930270.6228771,0,-9410898.1038939785
10,922804465.59751701,0,441,43173.740674641223,38176.572022837776,1.0000000000000001e-09,1,0,66.77718969970995,16.563940966749684,2644921475.0327578,5000111900.8085842,0,-9750172.1313029118
10,922804465.59751701,0,442,43223.720842745817,38263.140213365761,1.0000000000000001e-09,1,0,66.883105584264129,16.555922444177533,2647572998.5489287,5004590610.5184488,0,-9476496.1350667067
10,922804465.59751701,0,443,43273.701010850396,38349.708403893732,1.0000000000000001e-09,1,0,66.804875302338957,16.605087736998431,2646713148.868506,5002961114.0158949,0,-9471209.5444636922
10,922804465.59751701,0,444,43323.681178954983,38436.27659442171,1.0000000000000001e-09,1,0,66.691413708230286,16.620802096445072,2645357372.0332041,5000337863.2616167,0,-9434243.6694305986
10,922804465.59751701,0,445,43373.661347059569,38522.844784949688,1.0000000000000001e-09,1,0,66.746628539515015,16.608737801728054,2646803595.9778447,5003481884.3429298,0,-9657251.0916322451
10,922804465.59751701,0,446,43423.641515164156,38609.412975477666,1.0000000000000001e-09,1,0,66.725838657763333,16.663790390919402,2647593769.3905959,5004460827.064394,0,-9386820.3443456683
10,922804465.59751701,0,447,43473.621683268742,38695.981166005637,1.0000000000000001e-09,1,0,66.539387271980345,16.697689894613969,2644982755.6038775,4999706416.7444792,0,-9473610.9685236309
10,922804465.59751701,0,448,43523.601851373329,38782.549356533615,1.0000000000000001e-09,1,0,66.590390142664347,16.67596956627181,2646472689.5718088,5002762801.6207447,0,-9606380.339003304
10,922804465.59751701,0,449,43573.582019477915,38869.117547061593,1.0000000000000001e-09,1,0,66.616231289958307,16.711247865596857,2647549046.1399536,5004848427.3447161,0,-9637329.2843753994
10,922804465.59751701,0,450,43623.562187582502,38955.685737589571,1.0000000000000001e-09,1,0,66.45550933499301,16.758983213442644,2645681741.8593168,5000879244.2552652,0,-9397305.1653780621
10,922804465.59751701,0,451,43673.542355687088,39042.253928117541,1.0000000000000001e-09,1,0,66.434238375526462,16.740866573726251,2645683131.4449348,5001351931.4306774,0,-9646875.8117337637
10,922804465.59751701,0,452,43723.522523791675,39128.822118645527,1.0000000000000001e-09,1,0,66.509601311417967,16.74977490673508,2647379477.356997,5004633945.7903376,0,-9693024.9955868442
10,922804465.59751701,0,453,43773.502691896261,39215.390309173497,1.0000000000000001e-09,1,0,66.407406709118305,16.783660042019566,2645960881.4587326,5001676124.1626406,0,-9541246.9965868276
10,922804465.59751701,0,454,43823.482860000848,39301.958499701475,1.0000000000000001e-09,1,0,66.378528840004265,16.767840290004692,2645638625.8336525,5001130038.1840124,0,-9573573.31745781
10,922804465.59751701,0,455,43873.463028105434,39388.526690229461,1.0000000000000001e-09,1,0,66.467367128435313,16.755129052214972,2647033331.155818,5004149386.4481487,0,-9781907.7649487853
10,922804465.59751701,0,456,43923.443196210021,39475.094880757431,1.0000000000000001e-09,1,0,66.418293945586001,16.776623495170192,2645995134.2290072,5002162122.6293821,0,-9765021.721659584
10,922804465.59751701,0,457,43973.423364314607,39561.663071285409,1.0000000000000001e-09,1,0,66.400641232766063,16.748654886710465,2645498395.3984113,5000912405.6373434,0,-9598257.7484115828
10,922804465.59751701,0,458,44023.403532419194,39648.23126181338,1.0000000000000001e-09,1,0,66.52282479061229,16.720306096571676,2646991237.6839871,5004285204.3631344,0,-9896110.0165801831
10,922804465.59751701,0,459,44073.38370052378,39734.799452341365,1.0000000000000001e-09,1,0,66.505891165251299,16.735096325335881,2646125031.0561471,5002667611.1412659,0,-9903500.0923369173
10,922804465.59751701,0,460,44123.363868628367,39821.367642869343,1.0000000000000001e-09,1,0,66.473439376392946,16.706920975510513,2645048984.8269658,5000477720.2421093,0,-9816884.0860024709
10,922804465.59751701,0,461,44173.344036732946,39907.935833397307,1.0000000000000001e-09,1,0,66.621297348112591,16.660765881734669,2646960663.0571957,5004046639.9592199,0,-9800025.4462170135
10,922804465.59751701,0,462,44223.324204837532,39994.504023925292,1.0000000000000001e-09,1,0,66.642495047423409,16.670032451944529,2646326919.6003599,5003392748.4513731,0,-10086603.223425791
10,922804465.59751701,0,463,44273.304372942119,40081.072214453263,1.0000000000000001e-09,1,0,66.598060143788572,16.645507721021328,2644921728.5832329,5000220601.5344276,0,-9807630.2362246532
10,922804465.59751701,0,464,44323.284541046705,40167.640404981241,1.0000000000000001e-09,1,0,66.733659681412448,16.591862750285273,2646575852.0782828,5003267330.7887363,0,-9771083.6931223683
10,922804465.59751701,0,465,44373.264709151299,40254.208595509226,1.0000000000000001e-09,1,0,66.796444974808253,16.597414945342784,2646927816.3618679,5003778396.5850592,0,-9690455.7128742728
10,922804465.59751701,0,466,44423.244877255878,40340.776786037197,1.0000000000000001e-09,1,0,66.708789026886194,16.589758232460081,2644319381.6677842,4999410805.999835,0,-9980038.5246212017
10,922804465.59751701,0,467,44473.225045360465,40427.344976565175,1.0000000000000001e-09,1,0,66.849538648673871,16.535974926602712,2646540504.7478056,5003135387.4088917,0,-9736379.321498299
10,922804465.59751701,0,468,44523.205213465051,40513.913167093146,1.0000000000000001e-09,1,0,66.916897332247572,16.556200775641106,2647178794.0596266,5004998852.8060961,0,-10087445.618814792
10,922804465.59751701,0,469,44573.185381569638,40600.481357621131,1.0000000000000001e-09,1,0,66.775745369169542,16.56573813659735,2644267407.3068299,4999111142.2927094,0,-9872914.6968601849
10,922804465.59751701,0,470,44623.165549674231,40687.049548149109,1.0000000000000001e-09,1,0,66.879007491063078,16.521198960136608,2646264541.9214959,5002758245.8581963,0,-9812109.2327241283
10,922804465.59751701,0,471,44673.145717778811,40773.61773867708,1.0000000000000001e-09,1,0,66.934548467704957,16.542075773412773,2647793257.7894945,5004133869.5201979,0,-9013742.8459471576
10,922804465.59751701,0,472,44723.125885883397,40860.185929205065,1.0000000000000001e-09,1,0,66.77993747649333,16.589279105943699,2645729494.8333545,5000163271.8828087,0,-8969426.3871570081
10,922804465.59751701,0,473,44773.106053987984,40946.754119733036,1.0000000000000001e-09,1,0,66.7704320847578,16.556305513451729,2646022524.6392064,5000321661.9051332,0,-8760489.3995886389
10,922804465.59751701,0,474,44823.08622209257,41033.322310261014,1.0000000000000001e-09,1,0,66.914186612956598,16.569782362594434,2648737909.7290797,5007033879.7535439,0,-9608771.4365779478
10,922804465.59751701,0,475,44873.066390197164,41119.890500788999,1.0000000000000001e-09,1,0,66.717532257234637,16.638872429521275,2645303066.7750397,5001119764.3168507,0,-9903677.7493634
10,922804465.59751701,0,476,44923.046558301743,41206.458691316962,1.0000000000000001e-09,1,0,66.652965422400143,16.62278927366091,2644350256.0667276,5000772468.7745295,0,-10672101.458377494
10,922804465.59751701,0,477,44973.02672640633,41293.02688184494,1.0000000000000001e-09,1,0,66.76803449385244,16.629410090100052,2647189213.7514939,5005775380.2692385,0,-10489301.788049094
10,922804465.59751701,0,478,45023.006894510916,41379.595072372918,1.0000000000000001e-09,1,0,66.627575707775136,16.699040670741468,2645530281.6265187,5002752026.8953876,0,-10543067.740704043
10,922804465.59751701,0,479,45072.987062615503,41466.163262900896,1.0000000000000001e-09,1,0,66.499417766209206,16.708291053553623,2644186852.5627146,4999963567.232523,0,-10406040.976124503
10,922804465.59751701,0,480,45122.967230720089,41552.731453428874,1.0000000000000001e-09,1,0,66.58479464310112,16.697265512270899,2646186435.1385417,5004372769.4678488,0,-10747402.841711041
10,922804465.59751701,0,481,45172.947398824675,41639.299643956845,1.0000000000000001e-09,1,0,66.533603988106691,16.746401115985694,2646087096.8176961,5003445383.1977072,0,-10354370.974441638
10,922804465.59751701,0,482,45222.927566929262,41725.86783448483,1.0000000000000001e-09,1,0,66.403893041706141,16.763113647982955,2644340188.10322,5000451647.9669914,0,-10511838.453630079
10,922804465.59751701,0,483,45272.907735033848,41812.436025012808,1.0000000000000001e-09,1,0,66.462089664368634,16.743367561189565,2645676931.4415379,5002983404.2522459,0,-10519261.358273534
10,922804465.59751701,0,484,45322.887903138435,41899.004215540779,1.0000000000000001e-09,1,0,66.472339043456046,16.768873425286252,2646045228.4669557,5003985528.42838,0,-10683014.552933138
10,922804465.59751701,0,485,45372.868071243021,41985.572406068764,1.0000000000000001e-09,1,0,66.371148967795875,16.778679369554709,2644564218.9456811,5000481309.2053938,0,-10303555.428472053
10,922804465.59751701,0,486,45422.848239347608,42072.140596596735,1.0000000000000001e-09,1,0,66.437623599572802,16.751489828938944,2645615140.0120926,5003115212.7579308,0,-10651032.88212055
10,922804465.59751701,0,487,45472.828407452194,42158.708787124713,1.0000000000000001e-09,1,0,66.463564249926549,16.767063120868766,2645978891.8019423,5003656052.4516373,0,-10574425.026062826
10,922804465.59751701,0,488,45522.808575556781,42245.276977652691,1.0000000000000001e-09,1,0,66.388119038349714,16.764735877813472,2644430601.0150943,5000685222.1211185,0,-10545435.303297669
10,922804465.59751701,0,489,45572.788743661367,42331.845168180669,1.0000000000000001e-09,1,0,66.473744792496475,16.719161245155988,2645469248.8556933,5002433629.3636913,0,-10435056.114819309
10,922804465.59751701,0,490,45622.768911765954,42418.413358708647,1.0000000000000001e-09,1,0,66.56364620972802,16.717125019967163,2646325530.3479729,5004684971.4941845,0,-10774062.696164086
10,922804465.59751701,0,491,45672.74907987054,42504.981549236618,1.0000000000000001e-09,1,0,66.478855825553282,16.723069550205903,2644257895.5519881,5000509430.3095398,0,-10624808.94760067
10,922804465.59751701,0,492,45722.72924797512,42591.549739764596,1.0000000000000001e-09,1,0,66.554233396986049,16.657535807151461,2644781765.4804173,5001403170.2390404,0,-10575445.609776529
10,922804465.59751701,0,493,45772.709416079713,42678.117930292574,1.0000000000000001e-09,1,0,66.727693890610098,16.637220340996258,2646921162.9277492,5005720103.7158318,0,-10728005.048799071
10,922804465.59751701,0,494,45822.689584184292,42764.686120820545,1.0000000000000001e-09,1,0,66.634697786540784,16.659760274727869,2644384361.5684252,5001209312.7015657,0,-10869926.203548165
10,922804465.59751701,0,495,45872.669752288879,42851.25431134853,1.0000000000000001e-09,1,0,66.647582262198085,16.602858824546178,2644021415.4461265,5000102194.9359684,0,-10645078.652296076
10,922804465.59751701,0,496,45922.649920393473,42937.822501876508,1.0000000000000001e-09,1,0,66.859138036579125,16.564456900685588,2647031480.6966295,5005952480.9204159,0,-10741061.554071942
10,922804465.59751701,0,497,45972.630088498052,43024.390692404479,1.0000000000000001e-09,1,0,66.791675818271017,16.597122669688833,2644936880.8172288,5002269711.9326773,0,-10880396.709649898
10,922804465.59751701,0,498,46022.610256602646,43110.958882932457,1.0000000000000001e-09,1,0,66.744501290938274,16.56544441923884,2643724341.124486,4999926478.3085356,0,-10848861.072065406
10,922804465.59751701,0,499,46072.590424707225,43197.527073460435,1.0000000000000001e-09,1,0,66.908844127424402,16.519570154944205,2646151480.2734013,5004332345.4268303,0,-10760895.676080478
10,922804465.59751701,0,500,46122.570592811811,43284.095263988413,1.0000000000000001e-09,1,0,66.926093699285119,16.556305685497993,2646182800.6521015,5004661066.3264809,0,-10904100.601907652
10,922804465.59751701,0,501,46172.550760916405,43370.663454516391,1.0000000000000001e-09,1,0,66.766588417620056,16.560915935711506,2642905075.0663033,4998815338.97894,0,-11078198.318078218
10,922804465.59751701,0,502,46222.530929020984,43457.231645044369,1.0000000000000001e-09,1,0,66.909451119789409,16.523933061715979,2645962922.7016301,5004260855.0014944,0,-10911497.376284553
10,922804465.59751701,0,503,46272.511097125571,43543.799835572347,1.0000000000000001e-09,1,0,66.902382348414591,16.569184377004504,2646011385.6506672,5004444541.9920664,0,-10960557.973805588
10,922804465.59751701,0,504,46322.491265230157,43630.368026100317,1.0000000000000001e-09,1,0,66.742663538719071,16.591236572904624,2643382130.5375724,4999645447.5279827,0,-11041866.109205429
10,922804465.59751701,0,505,46372.471433334744,43716.936216628288,1.0000000000000001e-09,1,0,66.809841135561697,16.574915284554397,2645244088.5495558,5003466673.8761454,0,-11208682.941674972
10,922804465.59751701,0,506,46422.45160143933,43803.504407156273,1.0000000000000001e-09,1,0,66.803248391089056,16.616053651260362,2645940367.9363699,5004201646.6779509,0,-10902617.113511629
10,922804465.59751701,0,507,46472.431769543917,43890.072597684244,1.0000000000000001e-09,1,0,66.648200367122641,16.654477747428118,2643755395.4825134,5000586360.0527945,0,-11168152.744621599
10,922804465.59751701,0,508,46522.411937648503,43976.640788212222,1.0000000000000001e-09,1,0,66.658371394842646,16.64121588729218,2644601926.9933624,5002157680.6136456,0,-11155870.591456188
10,922804465.59751701,0,509,46572.39210575309,44063.2089787402,1.0000000000000001e-09,1,0,66.685099186746328,16.676694375130701,2645877832.787776,5004831122.0640154,0,-11299354.874572551
10,922804465.59751701,0,510,46622.372273857676,44149.777169268178,1.0000000000000001e-09,1,0,66.526173666053467,16.719248585405683,2643897267.4231353,5000547700.0968761,0,-11005755.365615476
10,922804465.59751701,0,511,46672.352441962263,44236.345359796156,1.0000000000000001e-09,1,0,66.519091189461918,16.707541347434354,2644157790.7678146,5001956055.5545397,0,-11492959.54716864
10,922804465.59751701,0,512,46722.332610066849,44322.913550324134,1.0000000000000001e-09,1,0,66.560323049156722,16.728667253843646,2645602245.455719,5004260068.098361,0,-11271756.83766838
10,922804465.59751701,0,513,46772.312778171436,44409.481740852112,1.0000000000000001e-09,1,0,66.439089022128144,16.769425369067374,2644089354.2454081,5001520554.6841803,0,-11330178.881681457
10,922804465.59751701,0,514,46822.292946276022,44496.049931380083,1.0000000000000001e-09,1,0,66.407249130572822,16.756632745156903,2643951282.9624844,5001060648.29002,0,-11224075.536310693
10,922804465.59751701,0,515,46872.273114380609,44582.618121908061,1.0000000000000001e-09,1,0,66.476966196291045,16.7583059364676,2645242923.4589825,5004255597.6142683,0,-11628705.35402512
10,922804465.59751701,0,516,46922.253282485195,44669.186312436046,1.0000000000000001e-09,1,0,66.401894408772449,16.785424956524178,2644233657.6788855,5001663962.593874,0,-11262013.926606683
10,922804465.59751701,0,517,46972.233450589782,44755.754502964017,1.0000000000000001e-09,1,0,66.381493493909488,16.762445533137477,2643716576.0447769,5001106814.3161039,0,-11483293.033546789
10,922804465.59751701,0,518,47022.213618694368,44842.322693491995,1.0000000000000001e-09,1,0,66.486612173443234,16.745697398378173,2645311621.3755498,5004122077.2632437,0,-11489118.485952737
10,922804465.59751701,0,519,47072.193786798955,44928.890884019973,1.0000000000000001e-09,1,0,66.439185851053736,16.768081690209623,2644061922.3970547,5002277750.0703726,0,-11759622.757559163
10,922804465.59751701,0,520,47122.173954903534,45015.459074547944,1.0000000000000001e-09,1,0,66.411753969803172,16.736742503250369,2643376260.4401174,5000196592.9657135,0,-11340351.691293184
10,922804465.59751701,0,521,47172.15412300812,45102.027265075922,1.0000000000000001e-09,1,0,66.561340566326933,16.693531079402934,2645074522.7183914,5004201872.8863468,0,-11768582.430594018
10,922804465.59751701,0,522,47222.134291112707,45188.5954556039,1.0000000000000001e-09,1,0,66.570668223868765,16.714795846381151,2644705854.9764066,5003302064.2169428,0,-11659521.551740484
10,922804465.59751701,0,523,47272.114459217293,45275.163646131878,1.0000000000000001e-09,1,0,66.490715701503333,16.693357822604369,2642633490.4808211,4999518742.2531948,0,-11723235.491375808
10,922804465.59751701,0,524,47322.094627321887,45361.731836659856,1.0000000000000001e-09,1,0,66.654090734763287,16.63138585899609,2644828319.8516989,5003288289.0253496,0,-11529743.118018825
10,922804465.59751701,0,525,47372.074795426466,45448.300027187826,1.0000000000000001e-09,1,0,66.731262019391465,16.630397824471107,2644890523.645143,5004231179.6298962,0,-11968141.111852549
10,922804465.59751701,0,526,47422.054963531053,45534.868217715812,1.0000000000000001e-09,1,0,66.662640417779642,16.629877172931007,2643099970.7399468,5000468878.4922676,0,-11761203.889593706
10,922804465.59751701,0,527,47472.035131635639,45621.436408243782,1.0000000000000001e-09,1,0,66.741661923641615,16.573746030863742,2643755162.2300782,5001818520.9705009,0,-11822567.886968421
10,922804465.59751701,0,528,47522.015299740226,45708.00459877176,1.0000000000000001e-09,1,0,66.874371767284643,16.568729850502486,2645527483.0410781,5005193537.5733976,0,-11842119.150482029
10,922804465.59751701,0,529,47571.995467844819,45794.572789299746,1.0000000000000001e-09,1,0,66.767977353731808,16.581892917806744,2642717196.0248785,5000425491.0314713,0,-12120943.227774218
10,922804465.59751701,0,530,47621.975635949399,45881.140979827716,1.0000000000000001e-09,1,0,66.827207631569166,16.543531133339453,2643786915.2675982,5001973006.2533522,0,-11872834.553909723
10,922804465.59751701,0,531,47671.955804053985,45967.709170355694,1.0000000000000001e-09,1,0,66.912111258321772,16.544171574917566,2645005746.0327492,5004484726.7215261,0,-11987532.566648543
10,922804465.59751701,0,532,47721.935972158572,46054.277360883672,1.0000000000000001e-09,1,0,66.822806159046564,16.567287930538498,2643119043.6839132,5001039990.993536,0,-12045347.39248809
10,922804465.59751701,0,533,47771.916140263158,46140.84555141165,1.0000000000000001e-09,1,0,66.831495318640052,16.546551671744595,2643319179.3013935,5001705814.9083557,0,-12198712.637322523
10,922804465.59751701,0,534,47821.896308367744,46227.413741939621,1.0000000000000001e-09,1,0,66.891649214560644,16.558431015201776,2644824659.249969,5004184136.919858,0,-12009029.476306064
10,922804465.59751701,0,535,47871.876476472331,46313.981932467592,1.0000000000000001e-09,1,0,66.790116569410969,16.595917540609733,2643284055.0285454,5001631114.5415564,0,-12194176.808617225
10,922804465.59751701,0,536,47921.856644576917,46400.550122995577,1.0000000000000001e-09,1,0,66.747176341451492,16.585494280502616,2642700230.9296832,5000757554.7256041,0,-12314208.392138435
10,922804465.59751701,0,537,47971.836812681504,46487.118313523548,1.0000000000000001e-09,1,0,66.825451289159247,16.603839961748868,2645003654.9394789,5005126052.1106539,0,-12330117.705042981
10,922804465.59751701,0,538,48021.81698078609,46573.686504051526,1.0000000000000001e-09,1,0,66.671729513754201,16.65868425739529,2642979421.077879,5001066748.3679094,0,-12199176.089202743
10,922804465.59751701,0,539,48071.797148890677,46660.254694579511,1.0000000000000001e-09,1,0,66.619387453981346,16.652278023254169,2642608991.1303763,5000837284.134676,0,-12447778.324434331
10,922804465.59751701,0,540,48121.777316995263,46746.822885107482,1.0000000000000001e-09,1,0,66.683132299995606,16.663142433661633,2644346301.0833802,5004285676.6351194,0,-12541297.357017512
10,922804465.59751701,0,541,48171.75748509985,46833.39107563546,1.0000000000000001e-09,1,0,66.578172124767704,16.722433908534871,2643573149.4888434,5002482446.6869926,0,-12357073.694453578
10,922804465.59751701,0,542,48221.737653204436,46919.959266163438,1.0000000000000001e-09,1,0,66.450695502134508,16.732508654313389,2641899020.7585559,4999613381.5907803,0,-12507951.362387428
10,922804465.59751701,0,543,48271.717821309023,47006.527456691416,1.0000000000000001e-09,1,0,66.539291289089661,16.715962406950343,2643869500.4906497,5003651119.0191479,0,-12681197.067330666
10,922804465.59751701,0,544,48321.697989413609,47093.095647219394,1.0000000000000001e-09,1,0,66.501739365950954,16.760033162145973,2643602789.022233,5003244701.3217192,0,-12732132.257194407
10,922804465.59751701,0,545,48371.678157518196,47179.663837747365,1.0000000000000001e-09,1,0,66.380758961918247,16.773882601801795,2642023055.4357071,4999972194.6668587,0,-12574418.60171829
10,922804465.59751701,0,546,48421.658325622782,47266.23202827535,1.0000000000000001e-09,1,0,66.442963377344554,16.750842084683896,2643077703.8096299,5002759012.2493563,0,-12999354.238871299
10,922804465.59751701,0,547,48471.638493727369,47352.800218803321,1.0000000000000001e-09,1,0,66.462836237991993,16.771594430110419,2643515265.5089173,5003508362.9960957,0,-12959639.67193977
10,922804465.59751701,0,548,48521.618661831955,47439.368409331299,1.0000000000000001e-09,1,0,66.369010745207177,16.780800635907166,2641869859.0855899,5000487262.8729248,0,-13001076.224312956
10,922804465.59751701,0,549,48571.598829936534,47525.936599859277,1.0000000000000001e-09,1,0,66.433216604674939,16.744544171180021,2642741509.6842828,5002207059.8255177,0,-13042504.432566745
10,922804465.59751701,0,550,48621.578998041121,47612.504790387247,1.0000000000000001e-09,1,0,66.497233634791314,16.750059370948193,2643319474.1059284,5004118701.7102776,0,-13479473.598720184
10,922804465.59751701,0,551,48671.559166145707,47699.072980915225,1.0000000000000001e-09,1,0,66.418826494706138,16.75384209172282,2641634622.4916139,5000517319.1376753,0,-13252270.36393166
10,922804465.59751701,0,552,48721.539334250301,47785.641171443211,1.0000000000000001e-09,1,0,66.486974270148039,16.705093948906384,2642206607.4618998,5001994311.4303589,0,-13464453.756294642
10,922804465.59751701,0,553,48771.51950235488,47872.209361971181,1.0000000000000001e-09,1,0,66.606817011442843,16.686183533244101,2643561713.1109591,5004490388.5208158,0,-13434571.464766631
10,922804465.59751701,0,554,48821.499670459467,47958.777552499159,1.0000000000000001e-09,1,0,66.556855544515685,16.695307864568935,2642192851.7293911,5001779110.6502991,0,-13363954.56397344
10,922804465.59751701,0,555,48871.479838564053,48045.34574302713,1.0000000000000001e-09,1,0,66.57624186064379,16.647476103769673,2642767320.4358554,5000523994.8435802,0,-12123116.701786341
10,922804465.59751701,0,556,48921.46000666864,48131.913933555115,1.0000000000000001e-09,1,0,66.740118983802262,16.614006851537965,2645581278.5284719,5004615008.5424595,0,-11481169.614130765
10,922804465.59751701,0,557,48971.440174773234,48218.482124083093,1.0000000000000001e-09,1,0,66.702504116722864,16.624128307269984,2644058204.4391685,5000892119.945796,0,-11027678.578718143
10,922804465.59751701,0,558,49021.420342877813,48305.050314611064,1.0000000000000001e-09,1,0,66.703595755476343,16.585565962632948,2642674512.4266386,4999509800.9345217,0,-11677466.398831831
10,922804465.59751701,0,559,49071.400510982399,48391.618505139049,1.0000000000000001e-09,1,0,66.841267603848294,16.560977689908185,2643989476.3085694,5002888767.4374514,0,-12156471.682022627
10,922804465.59751701,0,560,49121.380679086986,48478.18669566702,1.0000000000000001e-09,1,0,66.817491132956619,16.57666507075599,2642203316.3466473,5001536646.2736998,0,-13224760.166613087
10,922804465.59751701,0,561,49171.360847191572,48564.754886194998,1.0000000000000001e-09,1,0,66.794368124737701,16.550651738755587,2641078782.1884642,4999656386.9228058,0,-13351022.428673916
10,922804465.59751701,0,562,49221.341015296166,48651.323076722976,1.0000000000000001e-09,1,0,66.920000556615435,16.5278673320494,2643029494.6267629,5003884991.7812538,0,-13645371.230459595
10,922804465.59751701,0,563,49271.321183400745,48737.891267250954,1.0000000000000001e-09,1,0,66.877796017889921,16.567468548448829,2642314094.4156957,5002425772.2675209,0,-13586039.046163255
10,922804465.59751701,0,564,49321.301351505332,48824.459457778925,1.0000000000000001e-09,1,0,66.772777411772964,16.554903720919505,2639981520.5684867,4998816614.0600319,0,-14002429.785125023
10,922804465.59751701,0,565,49371.281519609918,48911.027648306903,1.0000000000000001e-09,1,0,66.924623484093743,16.535492685029261,2643330920.087028,5004621696.3791151,0,-13735078.778241646
10,922804465.59751701,0,566,49421.261687714505,48997.595838834881,1.0000000000000001e-09,1,0,66.8440594159987,16.592797318108801,2642252942.4155145,5002762277.7715654,0,-13825849.372048585
10,922804465.59751701,0,567,49471.241855819091,49084.164029362859,1.0000000000000001e-09,1,0,66.703695395511474,16.605915185751172,2640300701.4835439,4999012621.9777546,0,-13787313.873450257
10,922804465.59751701,0,568,49521.222023923678,49170.73221989083,1.0000000000000001e-09,1,0,66.795064938086639,16.584516786189305,2642344724.3152542,5003416213.6418419,0,-14081256.704933573
10,922804465.59751701,0,569,49571.202192028264,49257.300410418815,1.0000000000000001e-09,1,0,66.77485070231684,16.642389760563837,2642972504.2128463,5004025523.6418266,0,-13776973.163722988
10,922804465.59751701,0,570,49621.182360132843,49343.868600946786,1.0000000000000001e-09,1,0,66.574773069795114,16.683268399308901,2640178423.2869811,4999130607.127758,0,-13972233.034575524
10,922804465.59751701,0,571,49671.162528237437,49430.436791474764,1.0000000000000001e-09,1,0,66.613961226339583,16.659504681672651,2641486543.0070891,5001762678.2060013,0,-14061538.932825526
10,922804465.59751701,0,572,49721.142696342024,49517.004982002742,1.0000000000000001e-09,1,0,66.657622088532605,16.693025342815535,2642868285.8965459,5004607551.1915655,0,-14190202.971109867
10,922804465.59751701,0,573,49771.12286444661,49603.57317253072,1.0000000000000001e-09,1,0,66.484833490956348,16.746463628974784,2640773910.1108446,5000145056.2404652,0,-13915340.016315054
10,922804465.59751701,0,574,49821.103032551197,49690.141363058698,1.0000000000000001e-09,1,0,66.454259437758409,16.729865368397483,2640634348.3629575,5000571714.4341831,0,-14281424.176562758
10,922804465.59751701,0,575,49871.083200655776,49776.709553586668,1.0000000000000001e-09,1,0,66.533665846263901,16.739468880275471,2642507950.8003464,5004077737.0225163,0,-14269247.832078639
10,922804465.59751701,0,576,49921.063368760369,49863.277744114654,1.0000000000000001e-09,1,0,66.424909007435247,16.778399260457455,2641008254.5824718,5001142758.9498434,0,-14210698.308827152
10,922804465.59751701,0,577,49971.043536864956,49949.845934642632,1.0000000000000001e-09,1,0,66.383798953215447,16.767746362555297,2640605757.8755546,5000400301.1279716,0,-14219007.491948051
10,922804465.59751701,0,578,50021.023704969535,50036.414125170595,1.0000000000000001e-09,1,0,66.462484892106517,16.757569478364307,2641870636.7742863,5003361735.9423666,0,-14526420.812390639
10,922804465.59751701,0,579,50071.003873074122,50122.98231569858,1.0000000000000001e-09,1,0,66.414853064241598,16.780514481226838,2640988209.3443871,5001551203.2591677,0,-14447595.799212951
10,922804465.59751701,0,580,50120.984041178708,50209.550506226558,1.0000000000000001e-09,1,0,66.389514000220899,16.755808892539442,2640320575.9577212,5000213418.9234219,0,-14404969.452376897
10,922804465.59751701,0,581,50170.964209283295,50296.118696754529,1.0000000000000001e-09,1,0,66.502976970154293,16.732192395371619,2641775526.5014338,5003452835.3820839,0,-14669897.822734827
10,922804465.59751701,0,582,50220.944377387881,50382.686887282507,1.0000000000000001e-09,1,0,66.476691901214664,16.74991800424473,2640808505.4959121,5001812527.291769,0,-14766042.442614935
10,922804465.59751701,0,583,50270.924545492468,50469.255077810485,1.0000000000000001e-09,1,0,66.442767098527796,16.718951398088159,2639689793.3795972,4999463118.4590302,0,-14637400.671737485
10,922804465.59751701,0,584,50320.904713597054,50555.823268338463,1.0000000000000001e-09,1,0,66.603680721280924,16.672815165003829,2641765722.1451397,5003603386.4738264,0,-14759633.133107889
10,922804465.59751701,0,585,50370.884881701641,50642.391458866441,1.0000000000000001e-09,1,0,66.611541932329288,16.69027967898915,2640968964.3249083,5002603298.2362852,0,-15025421.658739015
10,922804465.59751701,0,586,50420.865049806227,50728.959649394419,1.0000000000000001e-09,1,0,66.548882858554563,16.663095225413056,2639118721.1387959,4998860114.342802,0,-14888324.491430858
10,922804465.59751701,0,587,50470.845217910814,50815.527839922397,1.0000000000000001e-09,1,0,66.716839330214867,16.60205158938895,2641186098.0301657,5002947971.5428267,0,-14991282.748910177
10,922804465.59751701,0,588,50520.8253860154,50902.096030450368,1.0000000000000001e-09,1,0,66.789231558375278,16.610863390661287,2641466693.5129509,5003815537.2105846,0,-15171297.353662895
10,922804465.59751701,0,589,50570.805554119986,50988.664220978353,1.0000000000000001e-09,1,0,66.682184206988865,16.610278698078371,2638637386.3579888,4998945326.0967569,0,-15414900.105183516
10,922804465.59751701,0,590,50620.785722224573,51075.232411506331,1.0000000000000001e-09,1,0,66.800738034509607,16.541346572225912,2640108965.4154158,5001222770.4568548,0,-15152467.381029811
10,922804465.59751701,0,591,50670.765890329159,51161.800602034302,1.0000000000000001e-09,1,0,66.942675493504296,16.550797733889492,2641994980.1722169,5005457945.2324905,0,-15515001.980852176
10,922804465.59751701,0,592,50720.746058433746,51248.36879256228,1.0000000000000001e-09,1,0,66.769575292242934,16.576840921734924,2638225014.2143745,4998275893.3097744,0,-15471855.355260573
10,922804465.59751701,0,593,50770.726226538332,51334.936983090258,1.0000000000000001e-09,1,0,66.843561689255409,16.523645105248526,2639354209.911037,5000733016.5589075,0,-15647201.547341296
10,922804465.59751701,0,594,50820.706394642919,51421.505173618229,1.0000000000000001e-09,1,0,66.974760706527647,16.528866537591146,2641820301.4113297,5004567539.6437035,0,-15216944.427495508
10,922804465.59751701,0,595,50870.686562747505,51508.073364146207,1.0000000000000001e-09,1,0,66.820009127873263,16.580251974894757,2639106291.5608249,4999769744.4243908,0,-15383697.098496998
10,922804465.59751701,0,596,50920.666730852092,51594.641554674185,1.0000000000000001e-09,1,0,66.776062347992536,16.552446223443926,2639091914.9238067,4998445707.3466759,0,-14695112.729923483
10,922804465.59751701,0,597,50970.646898956678,51681.209745202163,1.0000000000000001e-09,1,0,66.901435904020104,16.554654068085537,2642424218.5753479,5003760056.1782427,0,-14184316.165829496
10,922804465.59751701,0,598,51020.627067061265,51767.777935730141,1.0000000000000001e-09,1,0,66.766157587472705,16.620998620312665,2641432838.8547354,5000378701.7913809,0,-13380458.940174691
10,922804465.59751701,0,599,51070.607235165851,51854.346126258119,1.0000000000000001e-09,1,0,66.664742362679036,16.616417804659719,2639980566.8795152,4998991488.4698181,0,-14096228.22372834
10,922804465.59751701,0,600,51120.587403270438,51940.914316786097,1.0000000000000001e-09,1,0,66.773431582414332,16.613206926052584,2641910805.161634,5004103802.4870558,0,-14880232.211013235
10,922804465.59751701,0,601,51170.567571375024,52027.482507314067,1.0000000000000001e-09,1,0,66.67455835847646,16.676358781080893,2639999610.2511158,5002482643.7631588,0,-15930717.564343017
10,922804465.59751701,0,602,51220.547739479611,52114.050697842045,1.0000000000000001e-09,1,0,66.54035317858829,16.691600960342754,2637959620.2123327,4999323825.3334284,0,-16293619.991864039
10,922804465.59751701,0,603,51270.527907584197,52200.618888370031,1.0000000000000001e-09,1,0,66.608645172358777,16.684783365482257,2639545432.4605279,5003325221.9064913,0,-16832239.004844394
10,922804465.59751701,0,604,51320.508075688784,52287.187078898001,1.0000000000000001e-09,1,0,66.560680181684475,16.733617913114941,2639533080.2407637,5002640091.6958456,0,-16480840.216493284
10,922804465.59751701,0,605,51370.48824379337,52373.755269425979,1.0000000000000001e-09,1,0,66.426740228789683,16.752886794482016,2637646009.1213865,4999490292.2576294,0,-16695612.109609792
10,922804465.59751701,0,606,51420.468411897957,52460.323459953957,1.0000000000000001e-09,1,0,66.482153631962959,16.736039193587182,2639024804.321373,5002055985.4536476,0,-16679001.020310162
10,922804465.59751701,0,607,51470.448580002543,52546.891650481935,1.0000000000000001e-09,1,0,66.481873458467518,16.765134427054939,2639248814.4641824,5002841025.0246773,0,-16871786.007762965
10,922804465.59751701,0,608,51520.428748107122,52633.459841009906,1.0000000000000001e-09,1,0,66.378034631964141,16.778387452608609,2637855819.2498755,4999473213.0641603,0,-16476734.253964808
10,922804465.59751701,0,609,51570.408916211709,52720.028031537877,1.0000000000000001e-09,1,0,66.432914143786917,16.753838562911515,2638680284.9214077,5001842294.4322634,0,-16910067.060227029
10,922804465.59751701,0,610,51620.389084316295,52806.596222065862,1.0000000000000001e-09,1,0,66.457661528648714,16.770805325308658,2639111844.6000361,5002446961.4649076,0,-16799538.682397038
10,922804465.59751701,0,611,51670.369252420882,52893.164412593833,1.0000000000000001e-09,1,0,66.376815827465279,16.773720193061465,2637536840.2237763,4999571286.8965511,0,-16847782.879165556
10,922804465.59751701,0,612,51720.349420525468,52979.732603121811,1.0000000000000001e-09,1,0,66.449342460095053,16.730386207256529,2638379121.6237712,5000957196.7784538,0,-16741312.145430034
10,922804465.59751701,0,613,51770.329588630055,53066.300793649796,1.0000000000000001e-09,1,0,66.541807097990031,16.729651819523436,2639321010.9989147,5003559435.8806257,0,-17181009.922863733
10,922804465.59751701,0,614,51820.309756734641,53152.868984177767,1.0000000000000001e-09,1,0,66.449385394700712,16.73985437064762,2637195237.0092559,4999200411.9592018,0,-16992480.264326096
10,922804465.59751701,0,615,51870.289924839228,53239.437174705745,1.0000000000000001e-09,1,0,66.516619505222621,16.679552043788593,2637642536.2819514,5000214743.3581038,0,-17083712.300297052
10,922804465.59751701,0,616,51920.270092943814,53326.005365233723,1.0000000000000001e-09,1,0,66.678305539513843,16.652719942135526,2639396335.321701,5003789406.9190722,0,-17227782.38663239
10,922804465.59751701,0,617,51970.250261048401,53412.573555761701,1.0000000000000001e-09,1,0,66.622755247513098,16.674149494550161,2637553902.0808907,5000836543.5342646,0,-17502474.172624502
10,922804465.59751701,0,618,52020.230429152987,53499.141746289679,1.0000000000000001e-09,1,0,66.604532729733492,16.627145588261634,2636587737.2976799,4998518617.8899908,0,-17238000.200126186
10,922804465.59751701,0,619,52070.210597257574,53585.70993681765,1.0000000000000001e-09,1,0,66.805308909310611,16.580555123523613,2639217968.226603,5003976680.6620045,0,-17505577.315638047
10,922804465.59751701,0,620,52120.19076536216,53672.278127345635,1.0000000000000001e-09,1,0,66.779496780123651,16.604797219844951,2637759486.2819118,5001452347.1862402,0,-17623833.953578539
10,922804465.59751701,0,621,52170.170933466747,53758.846317873606,1.0000000000000001e-09,1,0,66.725534197356609,16.580593128109623,2636263933.5386062,4998791613.5493107,0,-17706743.482740395
10,922804465.59751701,0,622,52220.151101571333,53845.414508401576,1.0000000000000001e-09,1,0,66.865710773365862,16.536891564357024,2638239625.4362698,5002373692.9595633,0,-17632857.952006154
10,922804465.59751701,0,623,52270.13126967592,53931.982698929562,1.0000000000000001e-09,1,0,66.898984054052065,16.558973274377177,2638252277.2212148,5002952096.8034401,0,-17927293.751387034
10,922804465.59751701,0,624,52320.111437780499,54018.550889457532,1.0000000000000001e-09,1,0,66.782055577979847,16.561146087203245,2635628639.2314882,4998285730.7480469,0,-18073453.254973084
10,922804465.59751701,0,625,52370.091605885093,54105.11907998551,1.0000000000000001e-09,1,0,66.894084190947481,16.530255327294562,2637872039.5688682,5002440269.8079939,0,-18035790.962715063
10,922804465.59751701,0,626,52420.071773989679,54191.687270513496,1.0000000000000001e-09,1,0,66.8944462581849,16.561824786772927,2637813170.0904655,5002519996.5521374,0,-18136989.159228951
10,922804465.59751701,0,627,52470.051942094266,54278.255461041466,1.0000000000000001e-09,1,0,66.781190893893253,16.575285690916239,2635740568.7679086,4998996716.8132868,0,-18339002.180317219
10,922804465.59751701,0,628,52520.032110198852,54364.823651569444,1.0000000000000001e-09,1,0,66.835404794631103,16.566914429769266,2637194828.802671,5002047262.4280739,0,-18504345.2889558
10,922804465.59751701,0,629,52570.012278303431,54451.391842097415,1.0000000000000001e-09,1,0,66.8106483013473,16.605277796312205,2637438479.1220131,5002191005.5604372,0,-18337011.425251819
10,922804465.59751701,0,630,52619.992446408025,54537.9600326254,1.0000000000000001e-09,1,0,66.683950943246444,16.634787524023551,2635609466.6812649,4999329218.432786,0,-18646636.84051327
10,922804465.59751701,0,631,52669.972614512611,54624.528223153378,1.0000000000000001e-09,1,0,66.699833277554035,16.622867422629657,2636324144.2219248,5000854264.5556736,0,-18741640.519680895
10,922804465.59751701,0,632,52719.952782617198,54711.096413681349,1.0000000000000001e-09,1,0,66.714879796666764,16.665438283622972,2637451146.8015122,5003293116.0642653,0,-18909478.951627731
10,922804465.59751701,0,633,52769.932950721784,54797.664604209334,1.0000000000000001e-09,1,0,66.541643805970338,16.704754330403944,2635071573.8226938,4998524173.924099,0,-18757113.498360712
10,922804465.59751701,0,634,52819.913118826364,54884.232794737305,1.0000000000000001e-09,1,0,66.560666425471339,16.688761425657461,2635746848.8492689,5000801944.8386564,0,-19291158.180124957
10,922804465.59751701,0,635,52869.893286930957,54970.800985265283,1.0000000000000001e-09,1,0,66.594580828601067,16.716054936226868,2636952100.951757,5002864260.6646528,0,-19180835.843102638
10,922804465.59751701,0,636,52919.873455035544,55057.369175793268,1.0000000000000001e-09,1,0,66.456170432996174,16.762452570316277,2635221817.1925225,4999806066.687705,0,-19287455.771751717
10,922804465.59751701,0,637,52969.853623140123,55143.937366321232,1.0000000000000001e-09,1,0,66.419737278766618,16.749034207364534,2634968599.4622335,4999385661.4861689,0,-19317470.943608135
10,922804465.59751701,0,638,53019.83379124471,55230.50555684921,1.0000000000000001e-09,1,0,66.49572220785646,16.751762454151443,2636365072.7535763,5002873621.5180302,0,-19772833.928453539
10,922804465.59751701,0,639,53069.813959349296,55317.073747377181,1.0000000000000001e-09,1,0,66.410878503709085,16.784892809618771,2635196133.2929716,5000156622.2189255,0,-19499257.471882455
10,922804465.59751701,0,640,53119.794127453883,55403.641937905166,1.0000000000000001e-09,1,0,66.37291868798647,16.767957894793014,2634421754.1938915,4999292533.1997223,0,-19814872.314179372
10,922804465.59751701,0,641,53169.774295558469,55490.210128433144,1.0000000000000001e-09,1,0,66.472127099106004,16.750300898418537,2635886007.3543339,5002267210.3117514,0,-19929942.006014701
10,922804465.59751701,0,642,53219.754463663056,55576.778318961115,1.0000000000000001e-09,1,0,66.433277138449071,16.773822394922384,2634790630.8961492,5000846960.0971003,0,-20271275.744435344
10,922804465.59751701,0,643,53269.734631767642,55663.3465094891,1.0000000000000001e-09,1,0,66.394041337671538,16.749091432868024,2633882912.0721898,4998551089.3499689,0,-19960065.252661828
10,922804465.59751701,0,644,53319.714799872228,55749.914700017071,1.0000000000000001e-09,1,0,66.528909844503886,16.709949992897609,2635341989.2817621,5002344495.9730968,0,-20514992.771032821
10,922804465.59751701,0,645,53369.694967976815,55836.482890545049,1.0000000000000001e-09,1,0,66.538567664598261,16.728442314727005,2634931249.6434407,5001504591.8741331,0,-20479808.469657365
10,922804465.59751701,0,646,53419.675136081401,55923.051081073034,1.0000000000000001e-09,1,0,66.46761993755166,16.709210322548067,2632982315.3914213,4998149823.742547,0,-20647621.015099682
10,922804465.59751701,0,647,53469.655304185988,56009.619271601005,1.0000000000000001e-09,1,0,66.616603604259538,16.653072036002385,2634882526.6875181,5001562310.9775591,0,-20559175.793232072
10,922804465.59751701,0,648,53519.635472290574,56096.187462128983,1.0000000000000001e-09,1,0,66.682880052202222,16.651738731989692,2634684355.8570046,5002246796.9835663,0,-21120755.609179601
10,922804465.59751701,0,649,53569.615640395161,56182.755652656953,1.0000000000000001e-09,1,0,66.626087003267685,16.645797168052948,2632985344.0613012,4998744128.8755131,0,-20960122.280887503
10,922804465.59751701,0,650,53619.595808499747,56269.323843184939,1.0000000000000001e-09,1,0,66.713178846054689,16.592212137517272,2633619836.6728077,5000377862.146328,0,-21193015.335739672
10,922804465.59751701,0,651,53669.575976604334,56355.892033712909,1.0000000000000001e-09,1,0,66.829458818969897,16.584327255324265,2634829072.1828017,5002859316.7533503,0,-21301239.778602365
10,922804465.59751701,0,652,53719.556144708913,56442.46022424088,1.0000000000000001e-09,1,0,66.748639192087154,16.587749872789825,2632231709.4752436,4998779424.7438059,0,-21732496.235706232
10,922804465.59751701,0,653,53769.536312813507,56529.028414768865,1.0000000000000001e-09,1,0,66.821736351018941,16.547120985095013,2633282260.9855871,5000350479.1730442,0,-21516052.787798453
10,922804465.59751701,0,654,53819.516480918093,56615.596605296843,1.0000000000000001e-09,1,0,66.902088506036122,16.550907526780662,2634201304.1125789,5002726011.2124481,0,-21858232.944793452
10,922804465.59751701,0,655,53869.49664902268,56702.164795824814,1.0000000000000001e-09,1,0,66.805993392932621,16.566373838895991,2631942018.8084159,4998638250.4494123,0,-21947234.300683197
10,922804465.59751701,0,656,53919.476817127266,56788.732986352799,1.0000000000000001e-09,1,0,66.852579780866321,16.53664963305593,2632560230.6432366,5000426890.261179,0,-22278651.492054224
10,922804465.59751701,0,657,53969.456985231853,56875.301176880777,1.0000000000000001e-09,1,0,66.912512664412233,16.551705343570511,2633811389.3401933,5002515173.9642229,0,-22136209.489392888
10,922804465.59751701,0,658,54019.437153336439,56961.869367408755,1.0000000000000001e-09,1,0,66.796092913924952,16.587629031521704,2631721674.2680593,4999366527.3192997,0,-22554237.379099317
10,922804465.59751701,0,659,54069.417321441018,57048.437557936719,1.0000000000000001e-09,1,0,66.77558119784328,16.566600813661566,2631340849.9147811,4998914807.8403692,0,-22695233.721149288
10,922804465.59751701,0,660,54119.397489545605,57135.005748464697,1.0000000000000001e-09,1,0,66.873563717042799,16.583036416031199,2633652509.9674563,5003710081.1108255,0,-22929491.888695594
10,922804465.59751701,0,661,54169.377657650191,57221.573938992675,1.0000000000000001e-09,1,0,66.704295827227497,16.642961874497946,2631189389.9521952,4998939871.0268602,0,-22860000.292039659
10,922804465.59751701,0,662,54219.357825754778,57308.142129520653,1.0000000000000001e-09,1,0,66.648465284979451,16.633041347480894,2630581939.8381386,4998679367.3958349,0,-23329143.180776279
10,922804465.59751701,0,663,54269.337993859364,57394.710320048631,1.0000000000000001e-09,1,0,66.730671485568351,16.641366021673932,2632553525.7587872,5002655278.5250034,0,-23468457.727094132
10,922804465.59751701,0,664,54319.318161963951,57481.278510576609,1.0000000000000001e-09,1,0,66.617348191570926,16.706633540768856,2631484105.9827104,5000672854.8448629,0,-23485364.271316133
10,922804465.59751701,0,665,54369.298330068537,57567.84670110458,1.0000000000000001e-09,1,0,66.475652400408734,16.718713611560567,2629521345.0433974,4997396769.0938931,0,-23708777.746156812
10,922804465.59751701,0,666,54419.278498173124,57654.414891632558,1.0000000000000001e-09,1,0,66.570506601530511,16.700725295647516,2631497115.5133939,5001839778.7816391,0,-24091900.85296962
10,922804465.59751701,0,667,54469.25866627771,57740.983082160543,1.0000000000000001e-09,1,0,66.531810710527353,16.748922811346109,2631175812.3476849,5001416270.9679108,0,-24188354.21375794
10,922804465.59751701,0,668,54519.238834382297,57827.551272688514,1.0000000000000001e-09,1,0,66.396756877910818,16.769317958223986,2629317157.4568224,4998027906.7792206,0,-24248050.497219652
10,922804465.59751701,0,669,54569.219002486883,57914.119463216492,1.0000000000000001e-09,1,0,66.447040087927505,16.747144010311818,2630126510.8660178,5000489413.34519,0,-24745566.178075895
10,922804465.59751701,0,670,54619.19917059147,58000.68765374447,1.0000000000000001e-09,1,0,66.472703640557327,16.767823195357735,2630573610.3143015,5001609899.1599121,0,-24893357.800721228
10,922804465.59751701,0,671,54669.179338696056,58087.255844272448,1.0000000000000001e-09,1,0,66.372795221444946,16.782488288742513,2628799398.4646935,4998448408.0237446,0,-24989063.039184202
10,922804465.59751701,0,672,54719.159506800643,58173.824034800426,1.0000000000000001e-09,1,0,66.42248542074725,16.751810746839407,2629378702.2723546,5000009116.1738119,0,-25238374.222097941
10,922804465.59751701,0,673,54769.139674905229,58260.392225328404,1.0000000000000001e-09,1,0,66.476555098694504,16.759645466895879,2629781870.0446372,5001690289.8598986,0,-25727779.297553945
10,922804465.59751701,0,674,54819.119843009816,58346.960415856382,1.0000000000000001e-09,1,0,66.401756751116849,16.762295837073001,2628042342.9377418,4998311950.6173887,0,-25673670.266016584
10,922804465.59751701,0,675,54869.100011114402,58433.528606384352,1.0000000000000001e-09,1,0,66.469932350987818,16.717645921283218,2628461692.6037579,4999791093.9705553,0,-26039631.008957341
10,922804465.59751701,0,676,54919.080179218989,58520.09679691233,1.0000000000000001e-09,1,0,66.574709542153911,16.705318310889375,2629326775.0261035,5002036066.0409393,0,-26366454.652361665
10,922804465.59751701,0,677,54969.060347323575,58606.664987440308,1.0000000000000001e-09,1,0,66.514829982334859,16.711743647299432,2627254711.9800363,4998941680.85571,0,-26795639.14297061
10,922804465.59751701,0,678,55019.040515428162,58693.233177968286,1.0000000000000001e-09,1,0,66.563742585188265,16.658062976168857,2627363141.1183066,4998869360.6900702,0,-26648813.605382681
10,922804465.59751701,0,679,55069.020683532748,58779.801368496264,1.0000000000000001e-09,1,0,66.718264802839386,16.634453315238961,2628984760.7313523,5002976517.4091825,0,-27207775.689085934
10,922804465.59751701,0,680,55119.000851637335,58866.369559024242,1.0000000000000001e-09,1,0,66.655577770759365,16.648714833762234,2627070947.9705472,4999126127.0136108,0,-27077329.75802096
10,922804465.59751701,0,681,55168.981019741921,58952.93774955222,1.0000000000000001e-09,1,0,66.670126887459233,16.599714658636991,2626883053.5477381,4998276353.6471481,0,-26814060.425442617
10,922804465.59751701,0,682,55218.961187846508,59039.505940080191,1.0000000000000001e-09,1,0,66.847314050894809,16.561548577655643,2629718552.7670431,5002345824.8545218,0,-26139134.818823956
10,922804465.59751701,0,683,55268.941355951094,59126.074130608176,1.0000000000000001e-09,1,0,66.800820545713918,16.585388858470186,2627562199.1999121,4999321747.2781944,0,-26689937.718296699
10,922804465.59751701,0,684,55318.92152405568,59212.642321136154,1.0000000000000001e-09,1,0,66.749499584260036,16.553572750010094,2625306223.6728301,4995934261.4077034,0,-27147420.956853479
10,922804465.59751701,0,685,55368.901692160267,59299.210511664125,1.0000000000000001e-09,1,0,66.936830835544697,16.51653226724083,2627789643.8166676,5002087738.2425146,0,-27931019.793552697
10,922804465.59751701,0,686,55418.881860264853,59385.778702192103,1.0000000000000001e-09,1,0,66.902254944546542,16.564105117197876,2626530756.1480422,5000610654.9357176,0,-28405690.778087053
10,922804465.59751701,0,687,55468.86202836944,59472.346892720081,1.0000000000000001e-09,1,0,66.762526939087309,16.555762668207766,2623267265.733448,4995856135.0864458,0,-29144899.878531635
10,922804465.59751701,0,688,55518.842196474019,59558.915083248045,1.0000000000000001e-09,1,0,66.934467478929307,16.520670813192609,2626612395.6416454,5002065949.4717493,0,-29096699.821097329
10,922804465.59751701,0,689,55568.822364578606,59645.483273776023,1.0000000000000001e-09,1,0,66.888376173110188,16.573361736202461,2625772484.417625,5000950988.2836189,0,-29344653.122438453
10,922804465.59751701,0,690,55618.802532683192,59732.051464304008,1.0000000000000001e-09,1,0,66.718657963141652,16.598134228904417,2623038020.4784403,4996077707.1298056,0,-29491782.705068905
10,922804465.59751701,0,691,55668.782700787779,59818.619654831979,1.0000000000000001e-09,1,0,66.792109633375404,16.570014381684611,2624377896.4946733,4999879513.9466619,0,-30170371.268188138
10,922804465.59751701,0,692,55718.762868892365,59905.187845359957,1.0000000000000001e-09,1,0,66.830592129102214,16.616889346743076,2625697664.1855431,5002507431.9887447,0,-30245824.25555348
10,922804465.59751701,0,693,55768.743036996952,59991.756035887935,1.0000000000000001e-09,1,0,66.619706964037746,16.667825628376626,2622242268.8886366,4997065914.8297749,0,-30812195.945355039
10,922804465.59751701,0,694,55818.723205101538,60078.324226415913,1.0000000000000001e-09,1,0,66.631170533764276,16.645272559600748,2622870121.9956708,4998813220.2155523,0,-31112026.489950918
10,922804465.59751701,0,695,55868.703373206125,60164.892416943891,1.0000000000000001e-09,1,0,66.698197428681581,16.6742120305485,2624476815.5373564,5002703045.7579899,0,-31570528.644819595
10,922804465.59751701,0,696,55918.683541310711,60251.460607471861,1.0000000000000001e-09,1,0,66.520041381764841,16.730490928381908,2621969094.1551633,4997814876.4086866,0,-31483011.193268433
10,922804465.59751701,0,697,55968.663709415297,60338.028797999847,1.0000000000000001e-09,1,0,66.483540331538919,16.718836046875875,2621579131.5378246,4998380569.7128906,0,-32173313.08408488
10,922804465.59751701,0,698,56018.643877519884,60424.596988527817,1.0000000000000001e-09,1,0,66.551450992068382,16.729665207742318,2623096997.8673496,5001540476.2982512,0,-32333112.092131004
10,922804465.59751701,0,699,56068.62404562447,60511.165179055795,1.0000000000000001e-09,1,0,66.445525133269484,16.771125374944678,2621507198.7020807,4998990889.5449753,0,-32569278.418718908
10,922804465.59751701,0,700,56118.604213729057,60597.733369583781,1.0000000000000001e-09,1,0,66.39102648069472,16.764824654811971,2620707769.9890437,4997837243.9964714,0,-32756210.813847546
10,922804465.59751701,0,701,56168.584381833643,60684.301560111751,1.0000000000000001e-09,1,0,66.466188478658466,16.75613382088547,2621778736.3123417,5000975796.7347136,0,-33351572.59131109
10,922804465.59751701,0,702,56218.56454993823,60770.869750639729,1.0000000000000001e-09,1,0,66.415707604369459,16.782542513806401,2620801846.4130387,4999185556.0137005,0,-33377983.50576682
10,922804465.59751701,0,703,56268.544718042816,60857.437941167707,1.0000000000000001e-09,1,0,66.379525670287734,16.761759770135178,2619822231.9995084,4997739629.3260164,0,-33589922.983643055
10,922804465.59751701,0,704,56318.524886147403,60944.006131695685,1.0000000000000001e-09,1,0,66.489739157155498,16.740603230217108,2621240018.0302844,5001046099.2888041,0,-33927616.077452831
10,922804465.59751701,0,705,56368.505054251989,61030.574322223663,1.0000000000000001e-09,1,0,66.456408376984697,16.761816341390215,2620161163.5155663,4999418859.9683914,0,-34142532.709826916
10,922804465.59751701,0,706,56418.485222356576,61117.142512751634,1.0000000000000001e-09,1,0,66.417682625121188,16.734537540333985,2619155784.6313925,4997097349.6710033,0,-33915369.665483378
10,922804465.59751701,0,707,56468.465390461162,61203.710703279619,1.0000000000000001e-09,1,0,66.567913662174888,16.686409677064606,2621056454.8626304,5000850208.6018763,0,-34007176.482203342
10,922804465.59751701,0,708,56518.445558565749,61290.27889380759,1.0000000000000001e-09,1,0,66.591670096821403,16.705649777455399,2621008690.2127624,5000539981.4171543,0,-33890234.55594366
10,922804465.59751701,0,709,56568.425726670335,61376.847084335568,1.0000000000000001e-09,1,0,66.507272037719204,16.68658079602632,2619384349.7309966,4996274995.810174,0,-33250198.441547167
10,922804465.59751701,0,710,56618.405894774922,61463.415274863553,1.0000000000000001e-09,1,0,66.665376734852344,16.617746007118033,2622063908.3690815,4999800847.3943548,0,-32442593.55535705
10,922804465.59751701,0,711,56668.386062879508,61549.983465391524,1.0000000000000001e-09,1,0,66.776483274892172,16.618834189840694,2624225295.8546457,5001911763.1282501,0,-31401938.617291834
10,922804465.59751701,0,712,56718.366230984095,61636.551655919502,1.0000000000000001e-09,1,0,66.661546360946062,16.627602884177549,2623047692.09443,4996714259.8875952,0,-29820071.237108018
10,922804465.59751701,0,713,56768.346399088681,61723.119846447473,1.0000000000000001e-09,1,0,66.747685417699614,16.563049529691991,2625835227.1772003,4998608907.9055634,0,-28038447.316780176
10,922804465.59751701,0,714,56818.326567193268,61809.688036975458,1.0000000000000001e-09,1,0,66.920578007176744,16.552321609048938,2627941681.8577218,5004464677.7685776,0,-29040952.302680504
10,922804465.59751701,0,715,56868.306735297854,61896.256227503436,1.0000000000000001e-09,1,0,50.194597126105826,8.2345447389522537,1964684360.788497,3751982246.1027946,0,-27327235.548289392
10,922804465.59751701,0,716,56893.296819350144,61939.540322767425,1.0000000000000001e-09,1,0,33.386467620511176,8.315117220039383,1302207207.8870084,2495301218.9215808,0,-22604222.020303901
10,922804465.59751701,0,717,56918.286903402441,61982.824418031407,1.0000000000000001e-09,1,0,33.342110000909919,8.3114504983669537,1298915423.2218444,2497916284.8010569,0,-27284403.861967623
10,922804465.59751701,0,718,56943.27698745473,62026.108513295389,1.0000000000000001e-09,1,0,33.363524293327778,8.309380249896364,1297956008.821341,2499179024.8559346,0,-28914235.302667961
10,922804465.59751701,0,719,56968.26707150702,62069.392608559378,1.0000000000000001e-09,1,0,33.361564721138109,8.3109932833769218,1298001436.0973611,2499450260.4618516,0,-29012813.098303769
10,922804465.59751701,0,720,56993.257155559317,62112.676703823367,1.0000000000000001e-09,1,0,33.35399425981602,8.3123848282342312,1298380102.6102557,2499302755.2035275,0,-28555832.732662693
10,922804465.59751701,0,721,57018.247239611606,62155.960799087356,1.0000000000000001e-09,1,0,33.356621475466874,8.3105999370474581,1299047624.434751,2499461892.4193196,0,-27972800.428226884
10,922804465.59751701,0,722,57043.237323663896,62199.244894351345,1.0000000000000001e-09,1,0,33.361082005660542,8.3109627263079098,1299694205.5095766,2499627581.0756402,0,-27414187.180302028
10,922804465.59751701,0,723,57068.227407716193,62242.528989615326,1.0000000000000001e-09,1,0,33.355006273550728,8.3160846943950713,1300155104.6868396,2499598597.4578195,0,-26937899.949737612
10,922804465.59751701,0,724,57093.21749176849,62285.813084879323,1.0000000000000001e-09,1,0,33.340702465241741,8.3196072108528849,1300402350.8603826,2499306344.8158031,0,-26535490.288261712
10,922804465.59751701,0,725,57118.207575820779,62329.097180143312,1.0000000000000001e-09,1,0,33.34086883381773,8.3193200579934778,1300807046.2443759,2499462350.4453588,0,-26213621.794909097
10,922804465.59751701,0,726,57143.197659873069,62372.381275407301,1.0000000000000001e-09,1,0,33.341306582840183,8.3226012873801558,1301136856.3163528,2499619502.329906,0,-25967247.186073788
10,922804465.59751701,0,727,57168.187743925366,62415.665370671282,1.0000000000000001e-09,1,0,33.326477393783939,8.3310634023857055,1301239539.5894892,2499452867.5015025,0,-25776093.742039695
10,922804465.59751701,0,728,57193.177827977663,62458.949465935271,1.0000000000000001e-09,1,0,33.308674044803425,8.3342912274071086,1301222904.4981902,2499136030.4210367,0,-25624512.915179085
10,922804465.59751701,0,729,57218.167912029952,62502.23356119926,1.0000000000000001e-09,1,0,33.313373112706138,8.334509242072345,1301522011.6784418,2499536186.9728737,0,-25537857.83073597
10,922804465.59751701,0,730,57243.157996082242,62545.517656463249,1.0000000000000001e-09,1,0,33.307862751374557,8.3398946250007331,1301567697.2948313,2499540995.7539978,0,-25494725.304190092
10,922804465.59751701,0,731,57268.148080134539,62588.801751727238,1.0000000000000001e-09,1,0,33.291374752571585,8.3469454926109705,1301476401.1544006,2499344882.4678035,0,-25481900.498763036
10,922804465.59751701,0,732,57293.138164186836,62632.085846991227,1.0000000000000001e-09,1,0,33.279813801025163,8.3479803089257061,1301362365.5882111,2499183978.3327832,0,-25510508.447808668
10,922804465.59751701,0,733,57318.128248239125,62675.369942255216,1.0000000000000001e-09,1,0,33.287832201314714,8.3468769041772859,1301501064.3893549,2499603533.8971329,0,-25594561.113662869
10,922804465.59751701,0,734,57343.118332291415,62718.654037519205,1.0000000000000001e-09,1,0,33.282988799518314,8.3511545890905108,1301350731.0362403,2499550668.8964071,0,-25716827.251211479
10,922804465.59751701,0,735,57368.108416343712,62761.938132783194,1.0000000000000001e-09,1,0,33.272350586341524,8.3518827934637319,1301039868.2234356,2499303757.0282593,0,-25896599.010709677
10,922804465.59751701,0,736,57393.098500396009,62805.222228047176,1.0000000000000001e-09,1,0,33.278870360368295,8.3491260098151798,1300921884.2403281,2499557253.6595268,0,-26149170.045671176
10,922804465.59751701,0,737,57418.088584448298,62848.506323311165,1.0000000000000001e-09,1,0,33.28362152922346,8.348292948091018,1300672380.4806345,2499628810.7247572,0,-26436665.057557032
10,922804465.59751701,0,738,57443.078668500588,62891.790418575154,1.0000000000000001e-09,1,0,33.283228878222886,8.3468288111541504,1300306404.4300058,2499495027.9033699,0,-26731612.80524439
10,922804465.59751701,0,739,57468.068752552885,62935.07451383915,1.0000000000000001e-09,1,0,33.289382182618212,8.3434680341282554,1300046855.3944049,2499552968.6573172,0,-27021923.887732007
10,922804465.59751701,0,740,57493.058836605182,62978.358609103139,1.0000000000000001e-09,1,0,33.296394527891742,8.3408238245152351,1299794311.9096045,2499589424.2008953,0,-27293822.438948762
10,922804465.59751701,0,741,57518.048920657471,63021.642704367128,1.0000000000000001e-09,1,0,33.300320215342303,8.3379568632562133,1299477908.9937716,2499494674.9500794,0,-27559920.850662064
10,922804465.59751701,0,742,57543.039004709761,63064.92679963111,1.0000000000000001e-09,1,0,33.308343786511294,8.3334746660467101,1299209231.0045588,2499511576.1935449,0,-27837572.089417476
10,922804465.59751701,0,743,57568.029088762058,63108.210894895099,1.0000000000000001e-09,1,0,33.317647049535033,8.3281861228782041,1298909497.0464506,2499469731.7733545,0,-28115089.90555536
10,922804465.59751701,0,744,57593.019172814355,63151.494990159088,1.0000000000000001e-09,1,0,33.329479669003376,8.3250545212882532,1298707211.9596927,2499622817.9605899,0,-28398651.885486707
10,922804465.59751701,0,745,57618.009256866644,63194.779085423084,1.0000000000000001e-09,1,0,33.330479463092402,8.322883757584016,1298285043.1347992,2499392617.9943213,0,-28698602.38092649
10,922804465.59751701,0,746,57642.999340918934,63238.063180687066,1.0000000000000001e-09,1,0,33.338074309143941,8.3185016974182826,1297990990.5430164,2499429116.2129512,0,-29012032.696263976
10,922804465.59751701,0,747,57667.989424971231,63281.347275951055,1.0000000000000001e-09,1,0,33.347914005858257,8.3139914865086304,1297689185.1695879,2499461123.4644718,0,-29330831.438004233
10,922804465.59751701,0,748,57692.979509023527,63324.631371215044,1.0000000000000001e-09,1,0,33.356308395015105,8.3128689489950656,1297418629.8083944,2499587519.5065322,0,-29668493.295176804
10,922804465.59751701,0,749,57717.969593075817,63367.915466479033,1.0000000000000001e-09,1,0,33.352159442585773,8.3135457155980443,1296936973.5604396,2499346280.2531157,0,-30022070.208322257
10,922804465.59751701,0,750,57742.959677128107,63411.199561743022,1.0000000000000001e-09,1,0,33.353828308473162,8.3090238562520398,1296512585.4310713,2499225057.5645399,0,-30382098.491204679
10,922804465.59751701,0,751,57767.949761180404,63454.483657007011,1.0000000000000001e-09,1,0,33.370296261900748,8.3070029420631126,1296381690.4173405,2499711369.1813126,0,-30771187.258666191
10,922804465.59751701,0,752,57792.9398452327,63497.767752271,1.0000000000000001e-09,1,0,33.361546501821358,8.3126479354164342,1295846427.1990542,2499447092.3543491,0,-31166139.977215964
10,922804465.59751701,0,753,57817.92992928499,63541.051847534989,1.0000000000000001e-09,1,0,33.347882575733337,8.314531745434186,1295269166.628273,2499130402.265275,0,-31575262.670870334
10,922804465.59751701,0,754,57842.92001333728,63584.335942798978,1.0000000000000001e-09,1,0,33.354285874211101,8.3119529466069171,1294982940.2222307,2499406617.1181283,0,-32008137.742573954
10,922804465.59751701,0,755,57867.910097389577,63627.620038062967,1.0000000000000001e-09,1,0,33.35784311754702,8.3169538784803798,1294678830.8816233,2499699098.8369412,0,-32467532.193125132
10,922804465.59751701,0,756,57892.900181441873,63670.904133326956,1.0000000000000001e-09,1,0,33.334218093322477,8.3248628146728052,1293935881.3265669,2499155845.7857676,0,-32922056.508749649
10,922804465.59751701,0,757,57917.890265494163,63714.188228590938,1.0000000000000001e-09,1,0,33.326661376300379,8.3244876078161312,1293442849.8349645,2499145753.6972961,0,-33409729.884040959
10,922804465.59751701,0,758,57942.880349546453,63757.472323854934,1.0000000000000001e-09,1,0,33.33533740994725,8.3253915636919498,1293165490.7714329,2499599955.2756634,0,-33928234.761129297
10,922804465.59751701,0,759,57967.87043359875,63800.756419118923,1.0000000000000001e-09,1,0,33.323101171041095,8.3347593110816458,1292582561.2361414,2499495584.8791366,0,-34455751.710070908
10,922804465.59751701,0,760,57992.860517651046,63844.040514382912,1.0000000000000001e-09,1,0,33.298194640821528,8.3394667091964774,1291750944.5228608,2498946204.9550905,0,-34995690.289581999
10,922804465.59751701,0,761,58017.850601703336,63887.324609646901,1.0000000000000001e-09,1,0,33.303997758476285,8.3377939549626028,1291393811.9111857,2499381337.5386372,0,-35583844.557412021
10,922804465.59751701,0,762,58042.840685755626,63930.60870491089,1.0000000000000001e-09,1,0,33.304523491105201,8.3418136523027506,1290862402.6014602,2499519641.413475,0,-36188682.498839594
10,922804465.59751701,0,763,58067.830769807922,63973.892800174872,1.0000000000000001e-09,1,0,33.288707414179768,8.3487309519665462,1290107723.8416641,2499269092.566484,0,-36810339.251620695
10,922804465.59751701,0,764,58092.820853860219,64017.176895438868,1.0000000000000001e-09,1,0,33.276475139367101,8.3494247364772392,1289324938.7475576,2499030971.8055387,0,-37466700.688575208
10,922804465.59751701,0,765,58117.810937912509,64060.460990702857,1.0000000000000001e-09,1,0,33.28533683176024,8.3473179144884284,1288823079.808476,2499397680.4096599,0,-38163253.457203105
10,922804465.59751701,0,766,58142.801021964799,64103.745085966846,1.0000000000000001e-09,1,0,33.285630981767014,8.3487028200479951,1288090587.2333531,2499370744.605547,0,-38881445.209288523
10,922804465.59751701,0,767,58167.791106017095,64147.029181230828,1.0000000000000001e-09,1,0,33.280105721394676,8.3510067514126494,1287281277.3304429,2499272276.7717156,0,-39638476.328879587
10,922804465.59751701,0,768,58192.781190069392,64190.313276494817,1.0000000000000001e-09,1,0,33.275570846219637,8.3495007545038487,1286387179.5083313,2499079176.33005,0,-40430052.791926779
10,922804465.59751701,0,769,58217.771274121682,64233.597371758806,1.0000000000000001e-09,1,0,33.28634003232137,8.3444877216334259,1285662841.1455941,2499286103.3072929,0,-41264253.331837267
10,922804465.59751701,0,770,58242.761358173972,64276.881467022795,1.0000000000000001e-09,1,0,33.29620510935576,8.3424109558967139,1284852156.8792119,2499419263.1143098,0,-42145635.128842257
10,922804465.59751701,0,771,58267.751442226268,64320.165562286784,1.0000000000000001e-09,1,0,33.294192008051056,8.3427559398120099,1283827615.1705918,2499225754.3708806,0,-43067438.701829091
10,922804465.59751701,0,772,58292.741526278565,64363.449657550773,1.0000000000000001e-09,1,0,33.294601823287969,8.3379284375375704,1282753104.7394984,2499015881.7639141,0,-44030523.054808944
10,922804465.59751701,0,773,58317.731610330855,64406.733752814762,1.0000000000000001e-09,1,0,33.313885009268191,8.3305050482676588,1281905275.7038414,2499362270.4224858,0,-45062257.604793236
10,922804465.59751701,0,774,58342.721694383144,64450.017848078751,1.0000000000000001e-09,1,0,33.324154060294106,8.3292577511595347,1280856408.5518045,2499436665.3585067,0,-46150622.698327802
10,922804465.59751701,0,775,58367.711778435441,64493.30194334274,1.0000000000000001e-09,1,0,33.318688261803558,8.3278054333733493,1279505917.8835759,2499021605.5929818,0,-47280748.820067979
10,922804465.59751701,0,776,58392.701862487738,64536.586038606722,1.0000000000000001e-09,1,0,33.330326045486757,8.3188588768853222,1278332738.5516393,2499078036.4340272,0,-48483888.552244186
10,922804465.59751701,0,777,58417.691946540028,64579.870133870711,1.0000000000000001e-09,1,0,33.354300585495679,8.3152808252366093,1277339205.3821437,2499645288.7361488,0,-49778588.702215791
10,922804465.59751701,0,778,58442.682030592317,64623.1542291347,1.0000000000000001e-09,1,0,33.344485619854169,8.3177769817808667,1275713168.4841371,2499094282.3205681,0,-51112083.925583683
10,922804465.59751701,0,779,58467.672114644607,64666.438324398681,1.0000000000000001e-09,1,0,33.344662329873003,8.3129047848940321,1274231593.5759666,2498977688.5247006,0,-52531756.57030756
10,922804465.59751701,0,780,58492.662198696897,64709.72241966267,1.0000000000000001e-09,1,0,33.363919054924551,8.3079983372070227,1272966763.2745025,2499446917.2998695,0,-54045710.961434297
10,922804465.59751701,0,781,58517.652282749194,64753.006514926659,1.0000000000000001e-09,1,0,33.363914378698702,8.3114592349991767,1271338337.7136569,2499368729.6095142,0,-55632624.922367506
10,922804465.59751701,0,782,58542.64236680149,64796.290610190641,1.0000000000000001e-09,1,0,33.350431612129263,8.3123589055437286,1269446672.4539073,2498905169.4671488,0,-57278175.696860306
10,922804465.59751701,0,783,58567.63245085378,64839.57470545463,1.0000000000000001e-09,1,0,33.360320683938539,8.308002777844683,1267863108.0968671,2499221769.3942337,0,-59029830.062003613
10,922804465.59751701,0,784,58592.62253490607,64882.858800718619,1.0000000000000001e-09,1,0,33.367449195366227,8.3114955917333795,1266221082.8852823,2499530662.520472,0,-60835853.568125449
10,922804465.59751701,0,785,58617.612618958367,64926.142895982615,1.0000000000000001e-09,1,0,33.346672491963865,8.3175536455328629,1264091522.0123222,2498961456.1182523,0,-62663209.985002868
10,922804465.59751701,0,786,58642.602703010663,64969.426991246604,1.0000000000000001e-09,1,0,33.34322991003117,8.3165468297863594,1262279006.100805,2499034815.7152147,0,-64514674.153272785
10,922804465.59751701,0,787,58667.592787062953,65012.711086510593,1.0000000000000001e-09,1,0,33.350592335229315,8.3192750002916593,1260707614.2695587,2499485807.9304228,0,-66325507.875131331
10,922804465.59751701,0,788,58692.582871115243,65055.995181774575,1.0000000000000001e-09,1,0,33.332408008206677,8.3270580094312727,1258889085.9188976,2499094715.3398228,0,-67936396.3904697
10,922804465.59751701,0,789,58717.572955167539,65099.279277038564,1.0000000000000001e-09,1,0,33.319590619365201,8.3297210790946803,1257516992.2037122,2498966198.1794553,0,-69240257.460353285
10,922804465.59751701,0,790,58742.563039219836,65142.563372302553,1.0000000000000001e-09,1,0,33.321388640266903,8.3310352242736894,1256954382.7030303,2499248699.140903,0,-69952853.062853068
10,922804465.59751701,0,791,58767.553123272126,65185.847467566542,1.0000000000000001e-09,1,0,33.314665108465881,8.3370831770057663,1257359785.8070669,2499270717.218029,0,-69559139.850209773
10,922804465.59751701,0,792,58792.543207324416,65229.131562830531,1.0000000000000001e-09,1,0,33.297257114034288,8.3421726376447456,1259472812.7862735,2498941512.0588632,0,-67271330.462237462
10,922804465.59751701,0,793,58817.533291376712,65272.41565809452,1.0000000000000001e-09,1,0,33.293755278670062,8.3426959252628716,1265094030.2382519,2499011983.8029194,0,-61687528.041078962
10,922804465.59751701,0,794,58842.523375429009,65315.699753358509,1.0000000000000001e-09,1,0,33.29542463041183,8.3444937616604449,1277026353.2856109,2499394764.7042713,0,-49958431.966631584
10,922804465.59751701,0,795,58867.513459481299,65358.983848622498,1.0000000000000001e-09,1,0,33.293727383779093,8.3520890696894998,1297353070.3425469,2499424843.7553086,0,-28957757.356548171
10,922804465.59751701,0,796,58892.513459481299,65402.28511881172,8.118473555691943e-10,0,0,33.290809573663509,8.3541958132087544,1324036272.6653619,2500189817.1085258,0,1.1209202366930588e-08
10,922804465.59751701,0,797,58917.513459481299,65445.586389000942,9.548966306281177e-10,0,0,33.291828082671032,8.3527741383532419,1325396449.8338988,2499849493.6734138,0,1.2815556615368829e-07
10,922804465.59751701,0,798,58942.513459481299,65488.887659190164,9.2992654641008913e-10,0,0,33.297294622059717,8.3508258883084281,1325747990.6722469,2500302478.5861621,0,2.4555270062127725e-07
10,922804465.59751701,0,799,58967.513459481299,65532.188929379387,9.2638805907453356e-10,0,0,33.299199300313411,8.352489595611269,1325510033.5081053,2500192667.3085895,0,1.206066960068457e-08
10,922804465.59751701,0,800,58992.513459481299,65575.490199568609,9.2579847797561349e-10,0,0,33.290074242793601,8.3530635597070191,1325305165.9875445,2499874710.7032876,0,-6.7878906965022372e-08
10,922804465.59751701,0,801,59017.513459481299,65618.791469757824,9.2364074112289098e-10,0,0,33.297685364524661,8.3474490236243408,1325316726.1742606,2499993416.7611585,0,-1.2815947862605751e-08
10,922804465.59751701,0,802,59042.513459481299,65662.092739947053,9.2145435016866233e-10,0,0,33.312646130449153,8.3428798467337515,1325382626.8740957,2500228145.6140761,0,-7.4168821110153055e-08
10,922804465.59751701,0,803,59067.513459481299,65705.394010136268,9.1939853063642244e-10,0,0,33.315094840162757,8.3443456350317913,1325305886.5392649,2500189612.0706625,0,-2.8474052313064013e-08
10,922804465.59751701,0,804,59092.513459481299,65748.695280325483,9.1737119018795356e-10,0,0,33.307162748493504,8.3418617717777312,1325010544.8006077,2499737287.0335908,0,1.0380358013408092e-08
10,922804465.59751701,0,805,59117.513459481299,65791.996550514712,9.1528533933651447e-10,0,0,33.325427089528624,8.3331013462891015,1325138226.7418766,2500084382.10392,0,-8.0915283228802116e-08
10,922804465.59751701,0,806,59142.513459481299,65835.297820703941,9.1327359395450882e-10,0,0,33.341814693162078,8.329426898905151,1325185033.9213824,2500276545.188632,0,-5.3334673539269196e-08
10,922804465.59751701,0,807,59167.513459481299,65878.599090893156,9.1133057197538614e-10,0,0,33.339983167391452,8.3305010727927815,1325011177.6573746,2500049566.245255,0,-2.0012283071572401e-07
10,922804465.59751701,0,808,59192.513459481299,65921.900361082371,9.093900301160725e-10,0,0,33.337984119428029,8.326310278406007,1324820334.9787858,2499790261.8310771,0,-1.068656382518573e-09
10,922804465.59751701,0,809,59217.513459481299,65965.2016312716,9.0742295262026206e-10,0,0,33.356571770370479,8.3193022874779743,1324960546.3685453,2500155434.8476243,0,-5.3712675406503226e-08
10,922804465.59751701,0,810,59242.513459481299,66008.50290146083,9.0560748823866553e-10,0,0,33.365832420520306,8.3173491676566158,1324914492.4465768,2500164702.7284884,0,1.4296628964801282e-07
10,922804465.59751701,0,811,59267.513459481299,66051.804171650045,9.0374991679967457e-10,0,0,33.364608909519909,8.318077631006382,1324796811.5507193,2500039060.6769142,0,-6.710241160287878e-08
10,922804465.59751701,0,812,59292.513459481299,66095.10544183926,9.0190165335865652e-10,0,0,33.362794249244168,8.3159827778749644,1324660208.3371699,2499877187.0370712,0,-5.1556415239536218e-08
10,922804465.59751701,0,813,59317.513459481299,66138.406712028489,9.0013874963908742e-10,0,0,33.372960277108554,8.3121845046015199,1324721690.1814523,2500086234.2143707,0,7.8222722990493444e-08
10,922804465.59751701,0,814,59342.513459481299,66181.707982217718,8.9837983027420605e-10,0,0,33.378136130064064,8.3126547954126462,1324720038.3144073,2500175411.5786848,0,8.67707551427626e-08
10,922804465.59751701,0,815,59367.513459481299,66225.009252406933,8.966254135046938e-10,0,0,33.370824176350503,8.3162768648330072,1324585509.0307829,2500013429.9078851,0,7.6279685704248525e-08
10,922804465.59751701,0,816,59392.513459481299,66268.310522596148,8.9491213386424458e-10,0,0,33.363677712899786,8.3160648388052962,1324437846.1898735,2499824734.1498199,0,8.7199057559143237e-08
10,922804465.59751701,0,817,59417.513459481299,66311.611792785377,8.9326655926959067e-10,0,0,33.372009047648177,8.3138163400274543,1324545403.5655432,2500116050.3800325,0,3.8228740724187932e-08
10,922804465.59751701,0,818,59442.513459481299,66354.913062974607,8.9152248484303332e-10,0,0,33.372404847923072,8.3188933088978416,1324583928.7257009,2500278804.0235548,0,5.9602023247850579e-08
10,922804465.59751701,0,819,59467.513459481299,66398.214333163822,8.899312783103722e-10,0,0,33.351632228102019,8.3257491539287205,1324305168.1540744,2499838608.9776149,0,2.250475963276783e-07
10,922804465.59751701,0,820,59492.513459481299,66441.515603353037,8.8830077983508747e-10,0,0,33.345353407986941,8.3251642510778581,1324260199.7453771,2499839854.0596361,0,-6.0337945104239931e-08
10,922804465.59751701,0,821,59517.513459481299,66484.816873542266,8.8667547330756012e-10,0,0,33.353652636336662,8.3253625619618639,1324426343.8191917,2500239895.461432,0,-5.4317241731016813e-08
10,922804465.59751701,0,822,59542.513459481299,66528.118143731495,8.8505876424110699e-10,0,0,33.344509226611358,8.3341170017095045,1324379742.2051942,2500237142.2538581,0,-2.8361937224524121e-08
10,922804465.59751701,0,823,59567.513459481299,66571.41941392071,8.8355575862846406e-10,0,0,33.318947367267647,8.3395232517027189,1324037714.444834,2499673588.4122052,0,-1.6091514193728419e-07
10,922804465.59751701,0,824,59592.513459481299,66614.720684109925,8.8194786381124907e-10,0,0,33.322675848052462,8.3377268200496015,1324191533.5691595,2500048521.796361,0,6.5813826801975123e-08
10,922804465.59751701,0,825,59617.513459481299,66658.021954299154,8.8039462897245695e-10,0,0,33.325758805702399,8.3410855659960905,1324275814.0953047,2500290708.6904216,0,1.8058424844448199e-07
10,922804465.59751701,0,826,59642.513459481299,66701.323224488384,8.7891290499778226e-10,0,0,33.309878263985688,8.3489251891876197,1324113962.5231762,2500065614.6296387,0,2.4617181903358179e-08
10,922804465.59751701,0,827,59667.513459481299,66744.624494677599,8.7739411352140435e-10,0,0,33.294452424881783,8.3502711865345862,1323909099.015383,2499759896.7936659,0,-4.3686927672213975e-08
10,922804465.59751701,0,828,59692.513459481299,66787.925764866814,8.7589775403515314e-10,0,0,33.303569293198187,8.3482531155610822,1324092311.4569106,2500185538.1171145,0,-5.4373898001111833e-09
10,922804465.59751701,0,829,59717.513459481299,66831.227035056043,8.7452049649449733e-10,0,0,33.301996439771855,8.3505335004243673,1324015611.7859993,2500116266.5894384,0,1.9263048421180756e-07
10,922804465.59751701,0,830,59742.513459481299,66874.528305245272,8.7312246987848202e-10,0,0,33.294200103962545,8.354610667569446,1323928982.4345491,2500027502.9495764,0,2.8697651660077061e-08
10,922804465.59751701,0,831,59767.513459481299,66917.829575434487,8.7178269328825971e-10,0,0,33.286457548598122,8.3555094746991632,1323797257.4009099,2499851661.7657542,0,-1.4821283171223631e-07
10,922804465.59751701,0,832,59792.513459481299,66961.130845623702,8.704553936992353e-10,0,0,33.289062970154326,8.354402186211189,1323793447.4422901,2499917663.0006428,0,-1.5402913514930176e-07
10,922804465.59751701,0,833,59817.513459481299,67004.432115812931,8.6900033877477321e-10,0,0,33.293497745531674,8.3513652602500166,1323730181.9827068,2499876367.224112,0,5.9255516811196197e-08
10,922804465.59751701,0,834,59842.513459481299,67047.733386002161,8.6750552370028932e-10,0,0,33.299455602138899,8.3520677944772785,1323758772.2700682,2500010481.3400874,0,-2.2435854363456216e-08
10,922804465.59751701,0,835,59867.513459481299,67091.034656191376,8.6609961842706126e-10,0,0,33.291334275541701,8.3498134702828892,1323441522.7588458,2499488766.3661261,0,4.0121916151723321e-08
10,922804465.59751701,0,836,59892.513459481299,67134.335926380591,8.6468658518284561e-10,0,0,33.309127155149973,8.3415082665263878,1323577735.0123641,2499823584.3581443,0,-5.5296118718997762e-08
10,922804465.59751701,0,837,59917.513459481299,67177.63719656982,8.6321321938202663e-10,0,0,33.322622707678683,8.3390745839774283,1323598686.4274106,2499942535.3435574,0,-5.1495643146803749e-08
10,922804465.59751701,0,838,59942.513459481299,67220.938466759049,8.6180569398489915e-10,0,0,33.319230774230199,8.3404502806584802,1323433486.2652707,2499707513.8741322,0,-6.9468611085397706e-08
10,922804465.59751701,0,839,59967.513459481299,67264.239736948264,8.6046992535205469e-10,0,0,33.318114775472836,8.3344968608719885,1323240069.9044969,2499417243.3515019,0,6.8247830276608928e-08
10,922804465.59751701,0,840,59992.513459481299,67307.541007137479,8.5900491902376044e-10,0,0,33.343535664076171,8.3255188279260963,1323476048.1097541,2499941350.7525072,0,-1.370350012717402e-07
10,922804465.59751701,0,841,60017.513459481299,67350.842277326708,8.5763809343948928e-10,0,0,33.353352862163923,8.3254093131220248,1323455876.5897741,2499979384.8091297,0,-7.5476496894420609e-08
10,922804465.59751701,0,842,60042.513459481299,67394.143547515938,8.5626877343342725e-10,0,0,33.343690669672846,8.326135152559651,1323178814.6714859,2499531159.8801823,0,-1.5768857493272684e-07
10,922804465.59751701,0,843,60067.513459481299,67437.444817705153,8.5493051043942415e-10,0,0,33.351337550005674,8.318832111718109,1323171220.3252203,2499591566.7826471,0,1.5580408453272652e-07
10,922804465.59751701,0,844,60092.513459481299,67480.746087894368,8.5352421995098257e-10,0,0,33.372632892696714,8.3139783844840327,1323376281.5053043,2500054660.4727826,0,-1.8113446030103718e-08
10,922804465.59751701,0,845,60117.513459481299,67524.047358083597,8.5227179032916237e-10,0,0,33.371036376852075,8.3165288726329596,1323237430.6565056,2499864182.533793,0,3.1859466608735491e-08
10,922804465.59751701,0,846,60142.513459481299,67567.348628272826,8.5090476550807311e-10,0,0,33.362778821163474,8.316199291912806,1323041713.5806186,2499568683.3148479,0,-1.3356932933849437e-08
10,922804465.59751701,0,847,60167.513459481299,67610.649898462041,8.4959110225026286e-10,0,0,33.372142887217535,8.3120295955979238,1323134285.6148684,2499816904.6051226,0,3.7443587290025899e-08
10,922804465.59751701,0,848,60192.513459481299,67653.951168651256,8.4829131918470945e-10,0,0,33.379388620803404,8.3122991158404798,1323185763.0933154,2499986594.7810216,0,3.0916308761959052e-08
10,922804465.59751701,0,849,60217.513459481299,67697.252438840485,8.4699348877895716e-10,0,0,33.371260484558157,8.3162783203066315,1323045865.3928521,2499794952.7816687,0,4.2595599177072205e-08
10,922804465.59751701,0,850,60242.513459481299,67740.553709029715,8.4565912011847435e-10,0,0,33.363339845262921,8.3175769596971172,1322938651.7621028,2499665811.0008106,0,-9.118643292471091e-08
10,922804465.59751701,0,851,60267.513459481299,67783.85497921893,8.4439923711299586e-10,0,0,33.366070443495929,8.3166701914170513,1322983730.2249355,2499822295.8067126,0,-4.1258953713117727e-08
10,922804465.59751701,0,852,60292.513459481299,67827.156249408145,8.4311806680926738e-10,0,0,33.367120904436845,8.3190594979496932,1323012125.0565896,2499948076.9360542,0,-1.0854997052168792e-08
10,922804465.59751701,0,853,60317.513459481299,67870.457519597374,8.4177283006585668e-10,0,0,33.356170173754109,8.3259664085000917,1322929589.972218,2499865945.7426295,0,1.1795335019557184e-07
10,922804465.59751701,0,854,60342.513459481299,67913.758789786589,8.4053607439643284e-10,0,0,33.339616327617684,8.3298202467036155,1322738527.7663984,2499575716.3331213,0,-1.667505011284252e-07
10,922804465.59751701,0,855,60367.513459481299,67957.060059975804,8.3926156268478898e-10,0,0,33.341082699004339,8.3291918790318178,1322823447.8262129,2499807885.7658496,0,-1.869473831131848e-07
10,922804465.59751701,0,856,60392.513459481299,68000.361330165033,8.3794714150103199e-10,0,0,33.341683227185129,8.3330319776747785,1322884722.4430392,2499997075.4550056,0,-7.217329827930205e-08
10,922804465.59751701,0,857,60417.513459481299,68043.662600354248,8.3666312875721125e-10,0,0,33.325819644400433,8.3413948482168134,1322749108.6113212,2499812996.6205711,0,-3.7528591788043167e-08
10,922804465.59751701,0,858,60442.513459481299,68086.963870543463,8.3543575458057473e-10,0,0,33.308673558669305,8.3437322071320246,1322539783.7934604,2499488184.4372077,0,-1.4405385283426154e-07
10,922804465.59751701,0,859,60467.513459481299,68130.265140732692,8.3411172406936873e-10,0,0,33.316103857607374,8.3426652666405765,1322729676.80494,2499920777.0535445,0,-1.4886137224750281e-07
10,922804465.59751701,0,860,60492.513459481299,68173.566410921921,8.3282031381246196e-10,0,0,33.31261216011621,8.3474078434185017,1322695116.6462746,2499928577.2331986,0,4.6187895053873624e-08
10,922804465.59751701,0,861,60517.513459481299,68216.867681111136,8.315719945155214e-10,0,0,33.297813364367428,8.3527784716886746,1322532187.8245854,2499692521.9782443,0,1.5636594550512348e-08
10,922804465.59751701,0,862,60542.513459481299,68260.168951300351,8.3025967804246147e-10,0,0,33.291002539329781,8.3520660566028155,1322434724.3813686,2499582368.2047782,0,-1.3907674615133908e-08
10,922804465.59751701,0,863,60567.513459481299,68303.470221489581,8.2894087751900599e-10,0,0,33.299963177048255,8.3506752837378002,1322575600.2141716,2499923338.1203127,0,8.1090964931455434e-08
10,922804465.59751701,0,864,60592.513459481299,68346.77149167881,8.2765968483369085e-10,0,0,33.297137671100685,8.3529513585835389,1322484255.9770789,2499824719.1549864,0,-1.7492322412678739e-07
10,922804465.59751701,0,865,60617.513459481299,68390.072761868025,8.2631674577870263e-10,0,0,33.291245677526945,8.3541555927625648,1322378578.379446,2499701381.5211797,0,6.1862394837998032e-08
10,922804465.59751701,0,866,60642.513459481299,68433.37403205724,8.249443596287286e-10,0,0,33.291533025870159,8.3520179136849926,1322318027.6725943,2499664954.3632455,0,1.1161466671044162e-08
10,922804465.59751701,0,867,60667.513459481299,68476.675302246469,8.2359533294725787e-10,0,0,33.29984752167465,8.3484393458693678,1322341932.9487681,2499788581.3970466,0,-9.0043286854950323e-08
10,922804465.59751701,0,868,60692.513459481299,68519.976572435698,8.2215467390678057e-10,0,0,33.306626034831815,8.3468897758759635,1322335585.6432514,2499859473.6033983,0,-2.2604405565011514e-09
10,922804465.59751701,0,869,60717.513459481299,68563.277842624913,8.2060644316128214e-10,0,0,33.305598572779481,8.3464294846872971,1322196429.8594015,2499683927.304533,0,-1.0710889493670591e-08
10,922804465.59751701,0,870,60742.513459481299,68606.579112814128,8.1911192516173891e-10,0,0,33.308068155082005,8.3420249420298695,1322057346.5865238,2499511155.3163166,0,6.9191015195254159e-08
10,922804465.59751701,0,871,60767.513459481299,68649.880383003358,8.1725074837482902e-10,0,0,33.323839289634272,8.3358773621223996,1322083647.1480188,2499664576.6152811,0,1.7918646628251761e-08
10,922804465.59751701,0,872,60792.513459481299,68693.181653192587,8.1541701325163187e-10,0,0,33.332111196799147,8.334936324741971,1321876273.641017,2499392419.9367814,0,5.6014131632645374e-08
10,922804465.59751701,0,873,60817.513459481299,68736.482923381802,8.1218133363770729e-10,0,0,33.327365175610588,8.3166968724015771,1320880107.4028842,2497626529.3538561,0,1.4290505633227614e-07
10,922804465.59751701,0,874,60842.513459481299,68779.784193571017,8.1478524634189473e-10,0,0,33.40590469862709,8.386818697017361,1323852824.0505724,2503186375.7270479,0,9.1064217511253993e-08
10,922804465.59751701,0,875,60867.513459481299,68823.085463760246,8.1391731641383256e-10,0,0,49.80365542827645,16.711017474134398,1981148579.16609,3745868588.0867586,0,2.0864869745193752e-07
10,922804465.59751701,0,876,60917.513459481299,68909.68800413869,8.227316818669864e-10,0,0,66.536464835973618,16.771933094118008,2645693803.490365,5001911993.752943,0,3.0427439178896921e-08
10,922804465.59751701,0,877,60967.513459481299,68996.290544517135,8.1440167284052354e-10,0,0,66.419057316413245,16.790247987415256,2643985057.1880598,4999189117.3050632,0,-9.6531544476036626e-08
10,922804465.59751701,0,878,61017.513459481299,69082.893084895579,8.1250857916724523e-10,0,0,66.406847232492822,16.773611538729543,2643127664.3967581,4997940029.054534,0,-4.1222234074182443e-08
10,922804465.59751701,0,879,61067.513459481299,69169.495625274023,8.0927547269732018e-10,0,0,66.499862471121801,16.757964748249485,2644490731.9152637,5000863988.1100378,0,-8.9774340779489507e-09
10,922804465.59751701,0,880,61117.513459481299,69256.098165652467,8.0625961335455248e-10,0,0,66.452359883225313,16.781396219889864,2643316561.9594212,4998971644.8098755,0,-2.3755583520946763e-08
10,922804465.59751701,0,881,61167.513459481299,69342.700706030912,8.0473664617098583e-10,0,0,66.426132597562443,16.754137928693005,2642323315.5754313,4997340711.3923483,0,9.5920456069515833e-09
10,922804465.59751701,0,882,61217.513459481299,69429.303246409356,8.0120217577661512e-10,0,0,66.553296151355227,16.722809100410078,2644033462.0571775,5000913780.7360125,0,1.2471733813921129e-07
10,922804465.59751701,0,883,61267.513459481299,69515.9057867878,7.9958799210016977e-10,0,0,66.543494416392349,16.74000869169684,2643185406.9842224,4999565179.0672197,0,4.6392573700735286e-08
10,922804465.59751701,0,884,61317.513459481299,69602.508327166244,7.9662958236459211e-10,0,0,66.496311512736369,16.716751326724864,2641706343.3912168,4997061610.5133629,0,1.0214906192543105e-07
10,922804465.59751701,0,885,61367.513459481299,69689.110867544689,7.9516231493128833e-10,0,0,66.637755285802797,16.669386760766088,2643369510.4070539,5000451798.9413605,0,-1.0213106006277287e-07
10,922804465.59751701,0,886,61417.513459481299,69775.713407923133,7.9166746520281507e-10,0,0,66.672299554338636,16.676465113394169,2643118071.1071424,5000304316.7046127,0,3.7858790706347907e-07
10,922804465.59751701,0,887,61467.513459481299,69862.315948301577,7.9060327209425704e-10,0,0,66.618325826252715,16.658737010444913,2641177895.4970818,4996845878.0067015,0,-1.664480921484034e-07
10,922804465.59751701,0,888,61517.513459481299,69948.918488680021,7.8770836138222149e-10,0,0,66.739221560873801,16.601024683271667,2642296279.9267497,4999243487.2669907,0,6.6721372855018197e-08
10,922804465.59751701,0,889,61567.513459481299,70035.521029058466,7.8624468232819985e-10,0,0,66.821424930355136,16.609215047521893,2642876119.9326839,5000590972.742712,0,1.3233162731039776e-07
10,922804465.59751701,0,890,61617.513459481299,70122.12356943691,7.8248969541996501e-10,0,0,66.728856580548523,16.605690088736935,2640430884.4642234,4996309461.4523706,0,7.08282215100553e-08
10,922804465.59751701,0,891,61667.513459481299,70208.726109815354,7.8180817925525411e-10,0,0,66.850684021768259,16.548538017391856,2641811353.9726667,4999125626.1039963,0,1.8996252038050443e-07
10,922804465.59751701,0,892,61717.513459481299,70295.328650193798,7.7813670056313623e-10,0,0,66.9449704896399,16.561336086775935,2643054529.4216013,5001810173.0811682,0,-5.7647412177175283e-08
10,922804465.59751701,0,893,61767.513459481299,70381.931190572242,7.7713061267646014e-10,0,0,66.80182540417016,16.581659939065815,2639900570.6019535,4996068354.0828428,0,-9.2913978733122349e-08
10,922804465.59751701,0,894,61817.513459481299,70468.533730950672,7.7360093085643934e-10,0,0,66.871266556139688,16.530716082040559,2640867827.3098931,4998217374.6284389,0,5.6119461078196764e-08
10,922804465.59751701,0,895,61867.513459481299,70555.136271329116,7.730859515655663e-10,0,0,66.989452674018466,16.532702558771824,2642525697.9767828,5001540523.5451059,0,-4.2300598579458892e-08
10,922804465.59751701,0,896,61917.513459481299,70641.738811707561,7.6954898905775913e-10,0,0,66.840599882167211,16.58745977699817,2640053957.3714304,4997186975.725646,0,-6.4634207319613779e-08
10,922804465.59751701,0,897,61967.513459481299,70728.341352086005,7.6837032035244892e-10,0,0,66.798267090336381,16.557150151214799,2639389617.9780645,4996171696.2530766,0,-1.0674321310152633e-07
10,922804465.59751701,0,898,62017.513459481299,70814.943892464449,7.6476659518424721e-10,0,0,66.963133545812269,16.552904930275485,2642786725.2761164,5002940886.1084957,0,-1.3048327669220577e-07
10,922804465.59751701,0,899,62067.513459481299,70901.546432842893,7.6394620135205697e-10,0,0,66.817353720559964,16.619059711788211,2640353287.8931575,4998551230.9885654,0,-6.2885228067740047e-08
10,922804465.59751701,0,900,62117.513459481299,70988.148973221338,7.6029054947293586e-10,0,0,66.709505596356337,16.617285793286797,2639101268.3407807,4996523263.9744701,0,-1.1645176013186373e-07
10,922804465.59751701,0,901,62167.513459481299,71074.751513599782,7.5919773535650064e-10,0,0,66.813755015446475,16.608966226906468,2641366936.2330666,5001039650.7019739,0,1.5305589522292638e-09
10,922804465.59751701,0,902,62217.513459481299,71161.354053978226,7.5629136985976898e-10,0,0,66.742038210449024,16.666712765476593,2640688947.1768866,5000052364.966958,0,-1.0105379800988193e-07
10,922804465.59751701,0,903,62267.513459481299,71247.95659435667,7.5479343675650907e-10,0,0,66.588936803323378,16.689969775503609,2638550643.5737896,4996254207.6944256,0,8.8922038694344366e-08
10,922804465.59751701,0,904,62317.513459481299,71334.559134735115,7.5167523620056426e-10,0,0,66.6505365212209,16.677053115629793,2640343174.8066902,4999968413.7141113,0,-1.7375370271363596e-07
10,922804465.59751701,0,905,62367.513459481299,71421.161675113559,7.5036488471739698e-10,0,0,66.628463090576886,16.722496484781736,2640425573.6537023,5000358209.7094345,0,-2.0142621203741738e-07
10,922804465.59751701,0,906,62417.513459481299,71507.764215492003,7.476130102782241e-10,0,0,66.483734474951333,16.748090273216956,2638369124.7842884,4996762831.2577343,0,7.3318705474247697e-08
10,922804465.59751701,0,907,62467.513459481299,71594.366755870447,7.4571922126171495e-10,0,0,66.523833216377113,16.731224747830385,2639448042.68964,4999081034.6657591,0,2.7659256197651013e-07
10,922804465.59751701,0,908,62517.513459481299,71680.969296248892,7.4304213164759378e-10,0,0,66.540501907079602,16.75805968411127,2640039038.8105116,5000498463.6339264,0,2.3221084005888519e-07
10,922804465.59751701,0,909,62567.513459481299,71767.571836627336,7.4158379029858973e-10,0,0,66.422888521788991,16.783707582535111,2638141132.93928,4997145438.4504166,0,2.1384166418700459e-07
10,922804465.59751701,0,910,62617.513459481299,71854.17437700578,7.3873047088680629e-10,0,0,66.446342093552161,16.761333021155419,2638706385.4730158,4998532039.2574806,0,-4.5336926800469323e-08
10,922804465.59751701,0,911,62667.513459481299,71940.776917384224,7.3676296895934355e-10,0,0,66.493567426479956,16.774632661583862,2639534251.0501251,5000377267.6163263,0,-4.9156844772464645e-08
10,922804465.59751701,0,912,62717.513459481299,72027.379457762669,7.3455583436343577e-10,0,0,66.404156900648957,16.790719980254693,2637813871.4047155,4997394231.2961044,0,-1.0662554532492839e-07
10,922804465.59751701,0,913,62767.513459481299,72113.981998141113,7.324775080940153e-10,0,0,66.432724960049896,16.757794059428402,2637959986.5988979,4997950649.734827,0,-4.3858958268510172e-07
10,922804465.59751701,0,914,62817.513459481299,72200.584538519557,7.2999886424239197e-10,0,0,66.531418330462472,16.749853465759411,2639322787.6839929,5000839163.9985752,0,1.4201519909115851e-07
10,922804465.59751701,0,915,62867.513459481299,72287.187078898001,7.2779694489624989e-10,0,0,66.455941673042943,16.769784924005474,2637491937.2166252,4997654593.4380436,0,2.0544193897503125e-07
10,922804465.59751701,0,916,62917.513459481299,72373.789619276446,7.2595131122439027e-10,0,0,66.470899185596295,16.726202617343102,2637105427.5713634,4997188320.0541468,0,6.0299304505692163e-08
10,922804465.59751701,0,917,62967.513459481299,72460.39215965489,7.232760303462909e-10,0,0,66.620597419893613,16.693459660666083,2638883375.2844434,5000875543.7963753,0,-1.7350603696345457e-07
10,922804465.59751701,0,918,63017.513459481299,72546.994700033334,7.2122462754234545e-10,0,0,66.595605877686907,16.714805085960812,2637725822.3983774,4998969542.8131647,0,-5.6748793928957005e-09
10,922804465.59751701,0,919,63067.513459481299,72633.597240411778,7.1895715545422494e-10,0,0,66.544964147874325,16.684802401858963,2636025633.31422,4996033740.4545689,0,1.4165690214093222e-07
10,922804465.59751701,0,920,63117.513459481299,72720.199780790223,7.1700380496609449e-10,0,0,66.715840609169135,16.633522850095289,2638179823.9770541,5000400672.3174143,0,-2.0463291791029891e-08
10,922804465.59751701,0,921,63167.513459481299,72806.802321168667,7.141650859848719e-10,0,0,66.735519378982417,16.644007027332442,2637451809.2095308,4999350690.0531034,0,-6.8122316330090302e-08
10,922804465.59751701,0,922,63217.513459481299,72893.404861547111,7.1253775061714385e-10,0,0,66.688977930222919,16.627136315931462,2635808167.9045701,4996501195.245203,0,1.5136151930119574e-07
10,922804465.59751701,0,923,63267.513459481299,72980.007401925555,7.0985455452312832e-10,0,0,66.798534735326854,16.581775727052008,2636894548.3478575,4998874210.9550638,0,-1.4863386267393505e-07
10,922804465.59751701,0,924,63317.513459481299,73066.609942304,7.080920273911551e-10,0,0,66.86550880242612,16.584409548050708,2637231613.505589,4999797599.8109827,0,-2.477825003406743e-07
10,922804465.59751701,0,925,63367.513459481299,73153.212482682444,7.0505640957232795e-10,0,0,66.787803511703288,16.580447743905182,2634938083.6042619,4995785760.7857466,0,-1.193794686956538e-08
10,922804465.59751701,0,926,63417.513459481299,73239.815023060888,7.0392072331437239e-10,0,0,66.885731286488962,16.541476487868355,2636090239.5520797,4998205629.4409399,0,-1.2514666378363565e-08
10,922804465.59751701,0,927,63467.513459481299,73326.417563439318,7.0097435206924095e-10,0,0,66.928599214229948,16.563696020133655,2636619578.3874302,4999527173.6099138,0,-1.1613547605792412e-08
10,922804465.59751701,0,928,63517.513459481299,73413.020103817762,6.9979426399827104e-10,0,0,66.802113362054271,16.570487088303324,2633808793.6217456,4994437809.3536367,0,-9.8324071373722127e-08
10,922804465.59751701,0,929,63567.513459481299,73499.622644196206,6.9676819226150721e-10,0,0,66.906432768881061,16.532026239088477,2635737392.1653228,4998415602.5733871,0,-1.213027911338924e-07
10,922804465.59751701,0,930,63617.513459481299,73586.22518457465,6.9589951079551473e-10,0,0,66.929181872063594,16.570296615668035,2636384218.362431,4999866388.6326504,0,-6.0276391082518471e-08
10,922804465.59751701,0,931,63667.513459481299,73672.827724953095,6.9249818280381709e-10,0,0,66.761884469398126,16.60485744065393,2634163622.1630273,4996028706.4006443,0,-1.8720544461758711e-07
10,922804465.59751701,0,932,63717.513459481299,73759.430265331539,6.9057209082233595e-10,0,0,66.8045537335543,16.568532164377665,2635284082.1743937,4998499352.7555723,0,-3.2891114772046785e-08
10,922804465.59751701,0,933,63767.513459481299,73846.032805709983,6.8652333390497261e-10,0,0,66.906895674471301,16.592658751966166,2637597475.5883217,5003329070.3140965,0,2.7113217161451569e-07
10,922804465.59751701,0,934,63817.513459481299,73932.635346088427,6.8544984764967062e-10,0,0,66.715122650272548,16.654454185846344,2634457949.3862677,4997650355.9774361,0,1.5965926047163158e-07
10,922804465.59751701,0,935,63867.513459481299,74019.237886466872,6.8176101129637595e-10,0,0,66.671778959388107,16.634520737111345,2634172584.6732564,4997500676.0710621,0,1.3094833212981947e-07
10,922804465.59751701,0,936,63917.513459481299,74105.840426845316,6.8064135358948777e-10,0,0,66.7814172616973,16.642784603719882,2636397930.5354528,5001984687.1988287,0,-1.5527969596279784e-07
10,922804465.59751701,0,937,63967.513459481299,74192.44296722376,6.7751813851013216e-10,0,0,66.64005389617887,16.710566545814732,2634487952.4528041,4998711416.2202272,0,-1.1906592664416558e-07
10,922804465.59751701,0,938,64017.513459481299,74279.045507602204,6.7608467313005777e-10,0,0,66.520297604523847,16.716546870188036,2632951882.3015981,4996083578.8732557,0,-1.1622375877501289e-07
10,922804465.59751701,0,939,64067.513459481299,74365.648047980649,6.7265754010200826e-10,0,0,66.609817208683168,16.70432315890794,2634984492.9056444,5000323331.1714134,0,-4.5528301988518256e-08
10,922804465.59751701,0,940,64117.513459481299,74452.250588359093,6.714593010037308e-10,0,0,66.559839528826629,16.752466121592796,2634354416.426394,4999397333.7531662,0,-2.2428807080481634e-07
10,922804465.59751701,0,941,64167.513459481299,74538.853128737537,6.6823850442340209e-10,0,0,66.432564138213749,16.768383622475401,2632552237.3339939,4996348302.1846142,0,-3.1848064095785055e-07
10,922804465.59751701,0,942,64217.513459481299,74625.455669115981,6.6656985032547361e-10,0,0,66.491647997302451,16.748549021921757,2633740826.9166598,4998915206.9956474,0,-3.6850958006552771e-07
10,922804465.59751701,0,943,64267.513459481299,74712.058209494426,6.633485837974808e-10,0,0,66.501361023324051,16.774295255257247,2634026547.5455656,4999833631.0978775,0,8.723468413083143e-08
10,922804465.59751701,0,944,64317.513459481299,74798.66074987287,6.620765570093521e-10,0,0,66.399674041871535,16.785908693734424,2632097115.0575757,4996451687.9817572,0,1.9189042543579653e-08
10,922804465.59751701,0,945,64367.513459481299,74885.263290251314,6.5865133962751619e-10,0,0,66.459496030178798,16.760027156079065,2633155361.160953,4998859417.5901556,0,-1.7573730981695596e-07
10,922804465.59751701,0,946,64417.513459481299,74971.865830629758,6.5693702875090238e-10,0,0,66.487037918399139,16.775909030127274,2633380048.031004,4999603184.8654108,0,7.227908028355228e-08
10,922804465.59751701,0,947,64467.513459481299,75058.468371008203,6.5405474586363433e-10,0,0,66.408377532736765,16.778146966929061,2631649234.2766824,4996680258.0753975,0,-1.724534834068239e-08
10,922804465.59751701,0,948,64517.513459481299,75145.070911386647,6.5222759042657895e-10,0,0,66.479214075306786,16.73492014554332,2632215146.3631573,4998078098.3631916,0,-6.2082963447014252e-08
10,922804465.59751701,0,949,64567.513459481299,75231.673451765091,6.4907282896262773e-10,0,0,66.574555909509357,16.733670332869202,2633393290.4599261,5000712890.9043684,0,-1.0588750807288182e-08
10,922804465.59751701,0,950,64617.513459481299,75318.275992143535,6.4716146318306054e-10,0,0,66.480577537321324,16.746505622505108,2631009164.3472099,4996514157.083787,0,-5.2530929289296986e-08
10,922804465.59751701,0,951,64667.513459481299,75404.87853252198,6.4450463260102833e-10,0,0,66.53819839976137,16.688614528534533,2631193321.4656258,4997227570.5765209,0,-6.452301955702612e-09
10,922804465.59751701,0,952,64717.513459481299,75491.481072900424,6.4217752180372023e-10,0,0,66.699546883935398,16.661214985030661,2632977257.2810459,5000980214.916153,0,8.7860089342398232e-08
10,922804465.59751701,0,953,64767.513459481299,75578.083613278854,6.3933265620225774e-10,0,0,66.645527112115929,16.684999904169995,2631278151.0433383,4998140720.20222,0,-5.093664887307458e-08
10,922804465.59751701,0,954,64817.513459481299,75664.686153657298,6.3734467963817926e-10,0,0,66.614742098534052,16.643446436696063,2629811111.6939173,4995689999.9292974,0,-7.0387098878210673e-08
10,922804465.59751701,0,955,64867.513459481299,75751.288694035742,6.3457438435478486e-10,0,0,66.810175657015506,16.595696725593836,2632419104.1134338,5001032054.6130762,0,-2.0766298262462355e-07
10,922804465.59751701,0,956,64917.513459481299,75837.891234414186,6.3206484623931856e-10,0,0,66.794171120497424,16.617584524862856,2631110674.2645979,4998928770.0627556,0,-8.5294524239344e-09
10,922804465.59751701,0,957,64967.513459481299,75924.493774792631,6.2958155017024689e-10,0,0,66.738185128885604,16.597875122697697,2629491508.4368286,4996225561.4944773,0,2.1118309688997532e-07
10,922804465.59751701,0,958,65017.513459481299,76011.096315171075,6.2714133496209602e-10,0,0,66.865618663010736,16.553646463817554,2630990142.9138112,4999446138.0604029,0,1.0457804338150382e-07
10,922804465.59751701,0,959,65067.513459481299,76097.698855549519,6.2457466500633015e-10,0,0,66.91279311612378,16.568257846569768,2631224340.0138364,5000284409.714263,0,3.172636596979096e-08
10,922804465.59751701,0,960,65117.513459481299,76184.301395927963,6.2174671110303591e-10,0,0,66.809686965986742,16.570579910541028,2628767628.2315712,4996021791.6054134,0,-1.6195556127649233e-07
10,922804465.59751701,0,961,65167.513459481299,76270.903936306408,6.196397428359079e-10,0,0,66.908545981124789,16.538612211892001,2630374663.800262,4999438421.9521513,0,-1.6960671677445672e-07
10,922804465.59751701,0,962,65217.513459481299,76357.506476684852,6.166742179857882e-10,0,0,66.924038343144844,16.565394397169847,2630472880.7200308,5000041178.3970671,0,-1.1354435832222873e-07
10,922804465.59751701,0,963,65267.513459481299,76444.109017063296,6.1442499834346978e-10,0,0,66.813874013598337,16.573725647635179,2628242624.8892412,4996189841.7831402,0,-6.3733463870120979e-08
10,922804465.59751701,0,964,65317.513459481299,76530.71155744174,6.112856890757302e-10,0,0,66.889031699151033,16.557337169394064,2629839082.713346,4999654771.7845011,0,-3.712713891324682e-08
10,922804465.59751701,0,965,65367.513459481299,76617.314097820185,6.0946063435114455e-10,0,0,66.874081668725907,16.591154769604618,2629672563.7671638,4999698214.7008877,0,-1.1615086515547559e-07
10,922804465.59751701,0,966,65417.513459481299,76703.916638198629,6.0601757159872348e-10,0,0,66.754932074079406,16.618131505519724,2627956109.3684192,4996892508.4162598,0,3.1262303798364326e-08
10,922804465.59751701,0,967,65467.513459481299,76790.519178577073,6.0406006504365504e-10,0,0,66.776749394008533,16.599520004162549,2628494534.6394925,4998299935.2993536,0,2.2215550076369304e-07
10,922804465.59751701,0,968,65517.513459481299,76877.121718955517,6.0066148548410753e-10,0,0,66.814113874757567,16.638505205860259,2629863082.7551284,5001356217.671627,0,6.4613469657576299e-08
10,922804465.59751701,0,969,65567.513459481299,76963.724259333962,5.9898525127008077e-10,0,0,66.627363654928757,16.682861349636983,2626889058.0725365,4996068429.4412985,0,-1.9791253988697103e-07
10,922804465.59751701,0,970,65617.513459481299,77050.326799712406,5.9513985686759944e-10,0,0,66.643308218915507,16.66189506193475,2627760181.1850905,4998223569.0148935,0,1.5079352469422192e-07
10,922804465.59751701,0,971,65667.513459481299,77136.92934009085,5.9340537394878754e-10,0,0,66.699310366861695,16.685352506456823,2629046816.6805696,5001050610.3778276,0,7.5016994615385335e-09
10,922804465.59751701,0,972,65717.513459481299,77223.531880469294,5.8996363127497891e-10,0,0,66.551453582622543,16.744894818661646,2627214314.3071384,4998032920.0368748,0,-3.5443088525464559e-09
10,922804465.59751701,0,973,65767.513459481299,77310.134420847739,5.8798588445578953e-10,0,0,66.472342984943452,16.737332961860922,2626246785.7352033,4996598574.8414326,0,-7.7403363157835089e-08
10,922804465.59751701,0,974,65817.513459481299,77396.736961226183,5.8423468160080844e-10,0,0,66.57015200196274,16.731877676468564,2628352037.8214946,5001109349.5076475,0,1.7912405327863124e-07
10,922804465.59751701,0,975,65867.513459481299,77483.339501604627,5.8252226143977052e-10,0,0,66.492776382724543,16.776519981470297,2627138258.945385,4999188246.5113945,0,1.7342982235198425e-07
10,922804465.59751701,0,976,65917.513459481299,77569.942041983071,5.7885616374408794e-10,0,0,66.404798907283364,16.7778595114486,2625934867.9263725,4997399998.1303129,0,3.4464113642523471e-09
10,922804465.59751701,0,977,65967.513459481299,77656.544582361515,5.7682323723362745e-10,0,0,66.479832095025188,16.757379668291414,2627167226.7854929,5000165969.0809441,0,-3.948566059400678e-08
10,922804465.59751701,0,978,66017.513459481299,77743.14712273996,5.7331092915620419e-10,0,0,66.459643477363954,16.777449344595659,2626479536.7127047,4999331901.1809416,0,-1.7451496763427795e-07
10,922804465.59751701,0,979,66067.513459481299,77829.749663118404,5.7215902239279466e-10,0,0,66.402362072174228,16.773184827916158,2625019822.457674,4996885392.3024035,0,-1.5532393734401195e-08
10,922804465.59751701,0,980,66117.513459481299,77916.352203496848,5.6831274412430866e-10,0,0,66.496822618218104,16.748355189521597,2626367702.9890647,4999972273.8073549,0,-2.0343788786549153e-07
10,922804465.59751701,0,981,66167.513459481299,78002.954743875292,5.6608597028873835e-10,0,0,66.490765521417131,16.768303691167588,2625611598.1756334,4998993160.4646101,0,7.9671587391269305e-08
10,922804465.59751701,0,982,66217.513459481299,78089.557284253737,5.6240373002160307e-10,0,0,66.419324983770039,16.752545021791448,2623587928.7511177,4995681354.9762468,0,-3.7391147092348129e-08
10,922804465.59751701,0,983,66267.513459481299,78176.159824632166,5.6007576115886207e-10,0,0,66.540298877651992,16.707453491430048,2624870728.5068197,4998599989.5616131,0,-7.414233956391644e-09
10,922804465.59751701,0,984,66317.513459481299,78262.762365010611,5.5623708786271584e-10,0,0,66.608153727648229,16.713069395700529,2625447768.3701987,5000264733.4663858,0,3.8533632487213022e-08
10,922804465.59751701,0,985,66367.513459481299,78349.364905389055,5.5401761070633823e-10,0,0,66.528539144347491,16.712474621733776,2623248861.3002648,4996539107.3187389,0,6.0015493292580638e-08
10,922804465.59751701,0,986,66417.513459481299,78435.967445767499,5.5056223749600647e-10,0,0,66.62641675610702,16.647332773260487,2623955461.8556175,4998416858.0396662,0,-1.5319686961163613e-07
10,922804465.59751701,0,987,66467.513459481299,78522.569986145943,5.4807353201805782e-10,0,0,66.776454193758141,16.636108215732548,2625631683.5585961,5002102934.2540445,0,-9.4561450527528083e-08
10,922804465.59751701,0,988,66517.513459481299,78609.172526524388,5.4443799841322172e-10,0,0,66.671973788106826,16.656018071487644,2622928274.8683529,4997511561.074441,0,-3.0644447585431066e-09
10,922804465.59751701,0,989,66567.513459481299,78695.775066902832,5.4223765654749733e-10,0,0,66.705129648547768,16.594953779669193,2622463281.2051225,4997094399.7303543,0,-1.9780893484768711e-07
10,922804465.59751701,0,990,66617.513459481299,78782.377607281276,5.386044193108862e-10,0,0,66.909753644806841,16.565812600080733,2625255561.0822749,5002983849.469553,0,1.3469653119543972e-07
10,922804465.59751701,0,991,66667.513459481299,78868.98014765972,5.3600568348507424e-10,0,0,66.814322264054738,16.601621852585623,2622640185.139132,4998516345.8284168,0,-8.2652062331820344e-08
10,922804465.59751701,0,992,66717.513459481299,78955.582688038165,5.32551140943196e-10,0,0,66.782673023201099,16.567758045989155,2621624586.5612864,4997144098.6242304,0,8.3176129534259329e-08
10,922804465.59751701,0,993,66767.513459481299,79042.185228416609,5.3000015963708859e-10,0,0,66.93944496718035,16.527028802812453,2623516868.2458205,5001264492.4054775,0,-5.2890112501018958e-08
10,922804465.59751701,0,994,66817.513459481299,79128.787768795053,5.2647659699452101e-10,0,0,66.945388626652303,16.563455928446526,2623295205.5606833,5001430402.6891975,0,4.8023908128840035e-08
10,922804465.59751701,0,995,66867.513459481299,79215.390309173497,5.2358516805303443e-10,0,0,66.798742643760974,16.567097780013857,2620215505.1962514,4996111608.7168407,0,-8.821733091739851e-08
10,922804465.59751701,0,996,66917.513459481299,79301.992849551942,5.2038096609361753e-10,0,0,66.932812122482844,16.536089572866334,2622758213.4930906,5001529212.613471,0,2.8477565905537648e-08
10,922804465.59751701,0,997,66967.513459481299,79388.595389930386,5.1738991525987217e-10,0,0,66.911799937464664,16.576515479651398,2622181458.4923077,5000996118.6406536,0,-2.9713393747517904e-09
10,922804465.59751701,0,998,67017.513459481299,79475.19793030883,5.1406556757779708e-10,0,0,66.78374095803602,16.59005196982822,2619939696.2762818,4997321498.3499098,0,-1.8046817357503239e-08
10,922804465.59751701,0,999,67067.513459481299,79561.800470687274,5.1084293083085918e-10,0,0,66.850970535814625,16.58019864999606,2621523991.6611795,5000937207.2432308,0,1.5908020334023028e-07
10,922804465.59751701,0,1000,67117.513459481299,79648.403011065719,5.0791572198473778e-10,0,0,66.82094569634846,16.619388109215031,2621220865.4597344,5000934936.6240501,0,2.7363274128281071e-08
10,922804465.59751701,0,1001,67167.513459481299,79735.005551444163,5.0439833924596768e-10,0,0,66.695657597860816,16.647343045181263,2619405337.5422144,4998100627.6610603,0,-6.7508652177120671e-08
10,922804465.59751701,0,1002,67217.513459481299,79821.608091822607,5.0134859789614842e-10,0,0,66.717090826673427,16.634791725011642,2620054936.5095739,4999948346.8408089,0,2.3128684600428397e-08
10,922804465.59751701,0,1003,67267.513459481299,79908.210632201051,4.9781940727701634e-10,0,0,66.729137007661109,16.677225668085487,2620879293.6017632,5002157586.3111305,0,4.0774054526763069e-08
10,922804465.59751701,0,1004,67317.513459481299,79994.813172579496,4.9502486739513835e-10,0,0,66.560745000175316,16.713280854012435,2618198426.6421371,4997638762.8919744,0,1.9220349354792227e-07
10,922804465.59751701,0,1005,67367.513459481299,80081.41571295794,4.9106223484659138e-10,0,0,66.588592745985338,16.694893455084625,2619092757.6460595,5000037608.6515894,0,-5.8896134317290207e-08
10,922804465.59751701,0,1006,67417.513459481299,80168.018253336384,4.8825049531272812e-10,0,0,66.622718826004856,16.722159254695267,2619878757.851974,5002153950.4493542,0,3.9661538487524728e-08
10,922804465.59751701,0,1007,67467.513459481299,80254.620793714828,4.8452853493343892e-10,0,0,66.48323663258094,16.768241391417018,2617867840.2489491,4998990550.0480003,0,4.7252946619656874e-08
10,922804465.59751701,0,1008,67517.513459481299,80341.223334093273,4.8155516622729068e-10,0,0,66.449139915461075,16.752909954199065,2617413666.9986825,4998770626.3366976,0,9.3930555620256164e-08
10,922804465.59751701,0,1009,67567.513459481299,80427.825874471717,4.7751063832081746e-10,0,0,66.528861497100579,16.755380333804254,2618864193.6784563,5002266838.4399862,0,-2.0169128912456175e-07
10,922804465.59751701,0,1010,67617.513459481299,80514.428414850161,4.7478951537088854e-10,0,0,66.441742722145946,16.790183090168945,2617197485.9823208,4999718880.9084454,0,-1.6414654911950767e-08
10,922804465.59751701,0,1011,67667.513459481299,80601.030955228605,4.7072498585680638e-10,0,0,66.398283204795334,16.776468035381086,2616310132.9911661,4998762242.7886372,0,4.6861589835405102e-08
10,922804465.59751701,0,1012,67717.513459481299,80687.63349560705,4.6774053151151092e-10,0,0,66.492326889973114,16.758680446616435,2617550660.484283,5001817364.5486536,0,2.8646358939893185e-08
10,922804465.59751701,0,1013,67767.513459481299,80774.236035985494,4.6357661482412975e-10,0,0,66.456160146566532,16.782212860571416,2616438181.1208239,5000453462.659874,0,-1.4684925459356292e-08
10,922804465.59751701,0,1014,67817.513459481299,80860.838576363938,4.6093144289805388e-10,0,0,66.409054255112721,16.762659887099726,2614904504.2378159,4998183266.7613697,0,9.9376404209685559e-08
10,922804465.59751701,0,1015,67867.513459481299,80947.441116742382,4.564964404357151e-10,0,0,66.527592434412583,16.729980438296803,2616289078.1021595,5001640801.8446198,0,4.2292439678317712e-08
10,922804465.59751701,0,1016,67917.513459481299,81034.043657120827,4.5351079088091987e-10,0,0,66.534246876476843,16.746974715424077,2615601207.1938663,5001046610.5432758,0,-5.1096379686170268e-09
10,922804465.59751701,0,1017,67967.513459481299,81120.646197499271,4.4932861035408014e-10,0,0,66.477552929159586,16.729397167850411,2613748964.001615,4998306656.863266,0,2.4374043031736327e-08
10,922804465.59751701,0,1018,68017.513459481299,81207.2487378777,4.4630782491735686e-10,0,0,66.60753381464724,16.680482486233679,2614965449.4294748,5001369433.8670177,0,-4.3847387057929036e-08
10,922804465.59751701,0,1019,68067.513459481299,81293.851278256145,4.4188230305440105e-10,0,0,66.657074454798973,16.68534657162224,2614746499.5065246,5001801503.4776239,0,-5.465174365157572e-08
10,922804465.59751701,0,1020,68117.513459481299,81380.453818634589,4.3891455686628155e-10,0,0,66.588987553670989,16.670044761226062,2612277177.6995831,4997818984.7217875,0,1.8322745725731937e-07
10,922804465.59751701,0,1021,68167.513459481299,81467.056359013033,4.3472707286180719e-10,0,0,66.704958656746385,16.618371130087347,2613272461.5496526,5000558768.9555349,0,2.2928400066321598e-08
10,922804465.59751701,0,1022,68217.513459481299,81553.658899391477,4.3154423593119391e-10,0,0,66.802968128099039,16.61710725696399,2614079461.0202837,5002902736.4338951,0,-3.4244182100641329e-08
10,922804465.59751701,0,1023,68267.513459481299,81640.261439769922,4.2675222776588169e-10,0,0,66.715910737335363,16.617712617561018,2611459111.179738,4998838920.8405848,0,-9.6027048750620883e-08
10,922804465.59751701,0,1024,68317.513459481299,81726.863980148366,4.2351403901645343e-10,0,0,66.812358402813487,16.560680354709284,2612071800.4191575,5000848532.9116459,0,-1.1951540842088871e-07
10,922804465.59751701,0,1025,68367.513459481299,81813.46652052681,4.189378499333101e-10,0,0,66.9385879867597,16.561242917126133,2613500715.8062649,5004530351.3263474,0,-5.6929381024486186e-08
10,922804465.59751701,0,1026,68417.513459481299,81900.069060905254,4.1555068606914214e-10,0,0,66.808449556712802,16.5873902885264,2610310240.6641874,4999287745.5066614,0,7.1702644233929909e-09
10,922804465.59751701,0,1027,68467.513459481299,81986.671601283699,4.1099986574189798e-10,0,0,66.846637170294954,16.535896703895542,2610215751.019208,5000069680.908206,0,1.5024508663311938e-07
10,922804465.59751701,0,1028,68517.513459481299,82073.274141662143,4.0765127830777696e-10,0,0,67.000960334673991,16.528710578313113,2612238965.2317543,5004827812.4434586,0,6.5573819500044346e-08
10,922804465.59751701,0,1029,68567.513459481299,82159.876682040587,4.0297949332636062e-10,0,0,66.877337482004876,16.581869275723047,2609762749.9112592,5001095660.2054005,0,6.4850027030885131e-08
10,922804465.59751701,0,1030,68617.513459481299,82246.479222419031,3.9936014098926868e-10,0,0,66.794748399927926,16.559481953458128,2607914790.5828362,4998495435.7976599,0,1.980342823392498e-07
10,922804465.59751701,0,1031,68667.513459481299,82333.081762797476,3.9483222238731851e-10,0,0,66.963080942915568,16.542457970628039,2610834501.8545141,5005116608.1121006,0,-6.3570330209719957e-08
10,922804465.59751701,0,1032,68717.513459481299,82419.68430317592,3.9111573374288928e-10,0,0,66.854911852861591,16.606269525143617,2608743629.4134388,5002086928.1373892,0,-7.0174468658956038e-08
10,922804465.59751701,0,1033,68767.513459481299,82506.286843554364,3.8645359048671009e-10,0,0,66.723017135341181,16.611773646773557,2606624732.2429361,4999106279.821579,0,-2.0735640003602613e-07
10,922804465.59751701,0,1034,68817.513459481299,82592.889383932808,3.8247312458280126e-10,0,0,66.822502695279866,16.598279924158941,2608503555.6847038,5003748292.6596975,0,-4.3898246035056145e-08
10,922804465.59751701,0,1035,68867.513459481299,82679.491924311253,3.7808147480507634e-10,0,0,66.77757577823472,16.651746101583328,2607888571.690434,5003654709.8666468,0,1.0840295750434704e-07
10,922804465.59751701,0,1036,68917.513459481299,82766.094464689697,3.7382678474029433e-10,0,0,66.613141492206253,16.681879428087047,2605246670.7431798,4999690035.3305321,0,-1.6062699519405417e-07
10,922804465.59751701,0,1037,68967.513459481299,82852.697005068141,3.6926302944887585e-10,0,0,66.661277513353525,16.666435737366349,2606352987.7797375,5002967905.1556845,0,5.8843949160310793e-08
10,922804465.59751701,0,1038,69017.513459481299,82939.299545446585,3.6494695217380359e-10,0,0,66.659251109358365,16.70855280034332,2606455056.5948696,5004309579.5308285,0,1.3094829939469329e-08
10,922804465.59751701,0,1039,69067.513459481299,83025.90208582503,3.6051870048610929e-10,0,0,66.50804359665463,16.739762426430431,2603875336.7113166,5000536010.4857483,0,-7.4225236265848529e-09
10,922804465.59751701,0,1040,69117.513459481299,83112.504626203474,3.5580629017289197e-10,0,0,66.53183314652857,16.724152128691625,2604316405.1340494,5002624135.0330801,0,9.5364168029732994e-08
10,922804465.59751701,0,1041,69167.513459481299,83199.107166581918,3.5130720807429694e-10,0,0,66.560031197804747,16.748981392722641,2604701992.6904602,5004603505.6568937,0,1.2022072910968723e-08
10,922804465.59751701,0,1042,69217.513459481299,83285.709706960362,3.4669360392846139e-10,0,0,66.4383070806674,16.781375696608805,2602434360.061028,5001514217.671792,0,1.100649325192749e-07
10,922804465.59751701,0,1043,69267.513459481299,83372.312247338807,3.4202396162834338e-10,0,0,66.441087276256624,16.761638183193146,2602198791.5351801,5002375150.8800125,0,1.1561716088297509e-07
10,922804465.59751701,0,1044,69317.513459481299,83458.914787717251,3.3706620669840007e-10,0,0,66.499922255383481,16.77075350111361,2602813109.921947,5004926685.3380537,0,6.9583883052116914e-08
10,922804465.59751701,0,1045,69367.513459481299,83545.517328095681,3.3254933881263678e-10,0,0,66.412448253192821,16.79245844796208,2600673049.8453488,5002157344.212204,0,-2.608714670146617e-08
10,922804465.59751701,0,1046,69417.513459481299,83632.119868474139,3.2747466266478507e-10,0,0,66.418436246823461,16.764682330650057,2600000076.5797539,5002300391.8676882,0,-7.148085465123611e-08
10,922804465.59751701,0,1047,69467.513459481299,83718.722408852569,3.2268304233275563e-10,0,0,66.520172383877295,16.7527011943194,2600881683.5656576,5005452125.9249411,0,5.4275617624964006e-08
10,922804465.59751701,0,1048,69517.513459481299,83805.324949231028,3.1744356450975104e-10,0,0,66.45668527191566,16.774728878499321,2598777359.5905852,5002924814.1966267,0,-1.047655144839857e-07
10,922804465.59751701,0,1049,69567.513459481299,83891.927489609458,3.1280769128929517e-10,0,0,66.448226244353009,16.738230883948155,2597426409.2888904,5001815184.7004442,0,1.6998293174927495e-07
10,922804465.59751701,0,1050,69617.513459481299,83978.530029987902,3.0721674047237333e-10,0,0,66.59487484955163,16.702362572417702,2598610801.8525915,5005711523.2050457,0,-6.2417052877655199e-08
10,922804465.59751701,0,1051,69667.513459481299,84065.132570366346,3.0240756927746128e-10,0,0,66.583799427618544,16.723679446613104,2597661963.2649164,5004481626.4845057,0,8.3650767334790382e-08
10,922804465.59751701,0,1052,69717.513459481299,84151.73511074479,2.9679867607881954e-10,0,0,66.520684735515161,16.699485682048746,2597588731.3762274,5001382782.243413,0,8.3305329977909761e-08
10,922804465.59751701,0,1053,69767.513459481299,84238.337651123235,2.9234102463418404e-10,0,0,66.681600496123238,16.645800674616989,2603389573.8407922,5005570684.4769306,0,6.7484324340678406e-08
10,922804465.59751701,0,1054,69817.513459481299,84324.940191501679,2.8435877576302186e-10,0,0,66.7218532200949,16.651829783272539,2609029952.1437483,5005407864.0808897,0,4.9250481554012532e-08
10,922804465.59751701,0,1055,69867.513459481299,84411.542731880123,2.8102335500414622e-10,0,0,66.669269668766574,16.640680242153099,2616154996.9220109,5002825045.534462,0,-1.1829822591379376e-07
10,922804465.59751701,0,1056,69917.513459481299,84498.145272258567,2.7377805286152427e-10,0,0,66.768514978922667,16.591459221139232,2627391843.368463,5004849688.1674776,0,-1.1786708677335008e-08
10,922804465.59751701,0,1057,69967.513459481299,84584.747812637012,2.706883282408391e-10,0,0,66.857200986710168,16.590368235428222,2641532364.7962084,5006834008.0179329,0,-2.012837846820375e-07
10,922804465.59751701,0,1058,70017.513459481299,84671.350353015456,2.6469434985655834e-10,0,0,66.775944214347092,16.590120754142831,2654655187.2067652,5003024491.5251579,0,-4.4242325205929215e-08
10,922804465.59751701,0,1059,70067.513459481299,84757.9528933939,2.6015575013082037e-10,0,0,66.866246102354978,16.547975834933684,2673456862.592669,5005524871.7454834,0,2.991278275165725e-08
10,922804465.59751701,0,1060,70117.513459481299,84844.555433772344,2.548487049270672e-10,0,0,66.932321342764894,16.561469417610827,2693607218.772676,5007637546.5202913,0,1.3748361025621551e-07
10,922804465.59751701,0,1061,70167.513459481299,84931.157974150789,2.5060847423522474e-10,0,0,66.815584037132709,16.570007417697219,2711395113.7073874,5002968444.6819324,0,7.2335819237757885e-08
10,922804465.59751701,0,1062,70217.513459481299,85017.760514529233,2.4563737828278158e-10,0,0,66.905204167756878,16.533508755913118,2733565806.1893854,5006303702.5853605,0,3.1128403539916337e-07
10,922804465.59751701,0,1063,70267.513459481299,85104.363054907677,2.417090464448348e-10,0,0,66.950837041653514,16.55620740993734,2754356926.1754346,5007985944.028265,0,1.5725620735465492e-07
10,922804465.59751701,0,1064,70317.513459481299,85190.965595286121,2.3675594002528709e-10,0,0,66.817958459739955,16.594065688340191,2772875096.6026416,5004575690.6139851,0,1.5952003895510916e-08
10,922804465.59751701,0,1065,70367.513459481299,85277.568135664565,2.3214821329684241e-10,0,0,66.808409896082367,16.563284217337163,2793324989.8091421,5004589169.2520828,0,1.4609893888283752e-08
10,922804465.59751701,0,1066,70417.513459481299,85364.17067604301,2.2588047330017134e-10,0,0,66.931800630453765,16.577155436457634,2816877847.7408776,5010130714.4765301,0,-1.078708661560148e-07
10,922804465.59751701,0,1067,70467.513459481299,85450.773216421454,2.1888444613946404e-10,0,0,66.751131146145369,16.642951187116687,2834407140.7098637,5005210736.8356266,0,-1.0987327426265457e-08
10,922804465.59751701,0,1068,70517.513459481299,85537.375756799898,2.0859343296935281e-10,0,0,66.681985094582885,16.626412141912869,2854436411.9480081,5004472676.59799,0,1.2509007234517203e-07
10,922804465.59751701,0,1069,70567.513459481299,85623.978297178342,1.9632036208464549e-10,0,0,66.803666966909631,16.627639673541601,2877865275.0201383,5009960220.3140526,0,1.1082706508746638e-07
10,922804465.59751701,0,1070,70617.513459481299,85710.580837556787,1.8110723190026553e-10,0,0,66.677885281856717,16.696039080901869,2896426621.4584908,5007363960.3789091,0,1.1309015091484019e-07
10,922804465.59751701,0,1071,70667.513459481299,85797.183377935216,1.6264670361266209e-10,0,0,66.536279054271375,16.710530597322808,2915889378.8478131,5004636312.6532412,0,-4.1121688784213406e-08
10,922804465.59751701,0,1072,70717.513459481299,85883.785918313675,1.4117326407460798e-10,0,0,66.620000870132145,16.693261552840539,2939364061.6590972,5008906279.4229136,0,-1.8088282537656264e-08
10,922804465.59751701,0,1073,70767.513459481299,85970.388458692105,1.2057090445788881e-10,0,0,66.592957391708765,16.740425019934204,2961224750.7701526,5009220410.8077574,0,-6.8113773508191903e-08
10,922804465.59751701,0,1074,70817.513459481299,86056.990999070564,9.713271109715443e-11,0,0,66.448047527677176,16.763813049661916,2985219922.5673189,5005724861.2166157,0,1.1572566969376324e-07
10,922804465.59751701,0,1075,70867.513459481299,86143.593539448993,5.2631662587460815e-11,0,0,66.495144906097835,16.744058303627771,3017915643.8180709,5008467726.682539,0,5.2621599387753453e-08
10,922804465.59751701,0,1076,70917.513459481299,86230.196079827438,2.2334926261763579e-11,0,0,66.51752888445597,16.768105330263268,3040865920.3893523,5009960053.5212288,0,1.0527166607569373e-07
10,922804465.59751701,0,1077,70967.513459481299,86316.798620205882,1.0783394557832473e-11,0,0,66.408304132077944,16.787287146394156,3044963504.5251384,5006853342.2407837,0,-3.8484150656618085e-08
10,922804465.59751701,0,1078,71017.513459481299,86403.401160584326,4.8971584089496645e-12,0,0,66.446990579517262,16.762535941194724,3040528267.992516,5008665192.5241137,0,-1.8560523250899755e-08
10,922804465.59751701,0,1079,71067.513459481299,86490.00370096277,2.2173592257207725e-12,0,0,66.488014508735517,16.775294516689431,3029628210.9901896,5010320601.5579853,0,-8.9233560522363798e-08
10,922804465.59751701,0,1080,71117.513459481299,86576.606241341215,9.7220242621369613e-13,0,0,66.407912349584763,16.783781817072427,3012923910.1536603,5007566442.8390207,0,-6.6138329684398964e-08
10,922804465.59751701,0,1081,71167.513459481299,86663.208781719659,4.0924406906345653e-13,0,0,66.456549247472282,16.744740069544658,2997874257.7618084,5008642871.3317633,0,5.5018375563257179e-09
10,922804465.59751701,0,1082,71217.513459481299,86749.811322098103,1.7162746926164327e-13,0,0,66.559452070013776,16.738254157234479,2982853576.9995661,5011746580.9002504,0,-8.6903749142117806e-08
10,922804465.59751701,0,1083,71267.513459481299,86836.413862476547,7.1912389315185069e-14,0,0,66.474757957296546,16.755354070190307,2962896731.6934795,5008270290.0282965,0,1.1682803212083326e-07
10,922804465.59751701,0,1084,71317.513459481299,86923.016402854992,3.1040671635404423e-14,0,0,66.508747297583596,16.703440959001625,2944093627.1091418,5008437616.8607531,0,5.5053779367321406e-08
10,922804465.59751701,0,1085,71367.513459481299,87009.618943233436,1.3728178638944886e-14,0,0,66.673035799584852,16.669836542039889,2929848840.139061,5012636952.9951782,0,-5.3558833242818604e-08
10,922804465.59751701,0,1086,71417.513459481299,87096.22148361188,8.9813869875954127e-15,0,0,66.638003272407445,16.694310922354706,2922398454.8218102,5010682481.5229883,0,-4.1612038077515685e-08
10,922804465.59751701,0,1087,71467.513459481299,87182.824023990324,6.1111124506025836e-15,0,0,66.585000214346408,16.65996240883344,2916473776.8252497,5007773978.7787247,0,-3.8552357710118652e-09
10,922804465.59751701,0,1088,71517.513459481299,87269.426564368769,4.4452937332534527e-15,0,0,66.774473652629538,16.606811488097495,2914502526.6805611,5013141748.0753069,0,-8.3870200619687458e-09
10,922804465.59751701,0,1089,71567.513459481299,87356.029104747213,3.5276529362354914e-15,0,0,66.785265557520873,16.623645545396588,2907478283.0042696,5012142288.3038101,0,-1.451557122123714e-07
10,922804465.59751701,0,1090,71617.513459481299,87442.631645125657,3.0045945068447904e-15,0,0,66.720890494884088,16.609445433776841,2898553731.0287137,5009305090.3374949,0,-1.3575193012441908e-07
10,922804465.59751701,0,1091,71667.513459481299,87529.234185504101,2.6084975699064298e-15,0,0,66.837125669625479,16.560747469287911,2893126600.1528578,5012247982.5672369,0,-1.1526541283916394e-07
10,922804465.59751701,0,1092,71717.513459481299,87615.836725882546,2.2839325595694397e-15,0,0,66.910934573236375,16.570356664710975,2887639795.4646153,5014277385.2193918,0,-3.3642657191421233e-08
10,922804465.59751701,0,1093,71767.513459481299,87702.43926626099,2.0190847020813286e-15,0,0,66.803015088564436,16.576281949120634,2878940802.8381276,5009922560.6232462,0,-6.1060091914598864e-08
10,922804465.59751701,0,1094,71817.513459481299,87789.041806639434,1.7999009898466637e-15,0,0,66.894246888858333,16.540877482736374,2875101219.7842689,5013295997.5883846,0,-9.536075027897387e-08
10,922804465.59751701,0,1095,71867.513459481299,87875.644347017878,1.6153336142076802e-15,0,0,66.931752663853047,16.560748705010965,2870468194.8189521,5014693797.2745218,0,5.7874863114003547e-08
10,922804465.59751701,0,1096,71917.513459481299,87962.246887396323,1.4592970668132932e-15,0,0,66.8235320898373,16.572270830144127,2863330428.8696289,5011131095.8331842,0,3.6920875533193794e-08
10,922804465.59751701,0,1097,71967.513459481299,88048.849427774767,1.3264687886237663e-15,0,0,66.887571059437619,16.552040977959127,2860280274.0876203,5014189695.5308466,0,4.8186713170619016e-08
10,922804465.59751701,0,1098,72017.513459481299,88135.451968153211,1.2117066614444074e-15,0,0,66.895589419023111,16.580789563661952,2856379876.963223,5015320122.8300142,0,-1.7550135033940301e-07
10,922804465.59751701,0,1099,72067.513459481299,88222.054508531655,1.1121696034160878e-15,0,0,66.774413460257264,16.611251578693931,2850479588.246964,5012511135.0024233,0,-2.7330617097614921e-08
10,922804465.59751701,0,1100,72117.513459481299,88308.6570489101,1.0255530185853702e-15,0,0,66.782330957711437,16.590807665518692,2847084526.9424753,5013704066.7573757,0,-5.7207920749741816e-08
10,922804465.59751701,0,1101,72167.513459481299,88395.259589288544,9.4917625210702052e-16,0,0,66.843850697720001,16.622334643366621,2845439778.8829818,5017654711.1726789,0,1.5083556811251225e-09
10,922804465.59751701,0,1102,72217.513459481299,88481.862129666988,8.8165481678909025e-16,0,0,66.659844550191352,16.671272832768874,2838970197.0823388,5012774969.6277094,0,1.1378914851932448e-07
10,922804465.59751701,0,1103,72267.513459481299,88568.464670045432,8.2179240218938981e-16,0,0,66.658020125531493,16.652012822847109,2836410789.0766249,5014486438.6463232,0,-1.5628598326020356e-08
10,922804465.59751701,0,1104,72317.513459481299,88655.067210423877,7.6833190501834728e-16,0,0,66.719823330242349,16.669860789023119,2834929745.6370773,5017843620.8393936,0,-1.048617067771949e-07
10,922804465.59751701,0,1105,72367.513459481299,88741.669750802306,7.2037188269095647e-16,0,0,66.590467945465903,16.729233380039137,2830409354.375298,5015563578.6215754,0,1.7323123038090316e-08
10,922804465.59751701,0,1106,72417.513459481299,88828.272291180765,6.7755538893228194e-16,0,0,66.487204876432699,16.730669486720522,2826319962.775167,5013768709.3255329,0,1.0113746290488532e-07
10,922804465.59751701,0,1107,72467.513459481299,88914.874831559195,6.3894090401369384e-16,0,0,66.574097940319646,16.718691764305486,2825723123.4592156,5017937910.4998379,0,5.247999006253964e-08
10,922804465.59751701,0,1108,72517.513459481299,89001.477371937654,6.0396224446564608e-16,0,0,66.515592141762625,16.767849542902802,2822479147.5933042,5017200255.2415447,0,-8.8138648639133345e-09
10,922804465.59751701,0,1109,72567.513459481299,89088.079912316083,5.721704045396338e-16,0,0,66.411485429905497,16.776768600002242,2818652181.6046524,5015219779.8467188,0,-8.2684965940805987e-08
10,922804465.59751701,0,1110,72617.513459481299,89174.682452694527,5.4318100859135701e-16,0,0,66.479254843062421,16.75581877291993,2817799824.4207973,5018351503.6963196,0,-1.3251935114553056e-07
10,922804465.59751701,0,1111,72667.513459481299,89261.284993072972,5.1653649756623774e-16,0,0,66.484057969751646,16.77953518640286,2815683958.7051201,5019080269.1069059,0,3.0844585639816282e-08
10,922804465.59751701,0,1112,72717.513459481299,89347.887533451416,4.9209914579249016e-16,0,0,66.394917980674578,16.783854521282318,2811730017.068397,5016370150.8128242,0,-1.3742778606909917e-07
10,922804465.59751701,0,1113,72767.513459481299,89434.49007382986,4.6954885802059566e-16,0,0,66.469021709644593,16.754377964226673,2810958142.8073421,5019197303.6497126,0,-1.0537935297165962e-08
10,922804465.59751701,0,1114,72817.513459481299,89521.092614208304,4.4860175500458931e-16,0,0,66.496685372351692,16.76972422257624,2809264651.5953465,5020267135.6019201,0,-6.8528595255166999e-08
10,922804465.59751701,0,1115,72867.513459481299,89607.695154586749,4.2912848473891096e-16,0,0,66.423088332613887,16.765438627542871,2805505889.3173828,5017529063.6215315,0,-6.6496868471867537e-08
10,922804465.59751701,0,1116,72917.513459481299,89694.297694965193,4.110207573007493e-16,0,0,66.516186097115465,16.719932359008233,2804783871.3514214,5020112001.2120457,0,-2.1001516130527396e-08
10,922804465.59751701,0,1117,72967.513459481299,89780.900235343637,3.9406122314673062e-16,0,0,66.597889443356109,16.719199175818829,2803898299.3970165,5022315012.0152912,0,-1.0445595385585439e-07
10,922804465.59751701,0,1118,73017.513459481299,89867.502775722081,3.7822156423286667e-16,0,0,66.515752776380694,16.724812881697872,2799911908.3330822,5018863484.2792931,0,9.8672985221617831e-08
10,922804465.59751701,0,1119,73067.513459481299,89954.105316100526,3.6342287250583887e-16,0,0,66.589559847499189,16.661121760021885,2798587806.8136139,5020083196.1894569,0,-1.7207731575471394e-07
10,922804465.59751701,0,1120,73117.513459481299,90040.70785647897,3.4951044637397714e-16,0,0,66.757317086152327,16.642895135798064,2799274837.3418665,5024835651.4885197,0,-8.8545050522648881e-08
10,922804465.59751701,0,1121,73167.513459481299,90127.310396857414,3.3643492036094259e-16,0,0,66.661822038060507,16.667066313878205,2795104407.8104763,5020786862.7855797,0,5.6448721924233997e-08
10,922804465.59751701,0,1122,73217.513459481299,90213.912937235858,3.2416044047409771e-16,0,0,66.670314158700322,16.612552997822736,2792879076.3573704,5020141353.6467333,0,2.2570779134950225e-08
10,922804465.59751701,0,1123,73267.513459481299,90300.515477614303,3.1258148681864025e-16,0,0,66.876172872887665,16.57293904265509,2794428993.7635818,5026216815.05441,0,7.8287360293648813e-08
10,922804465.59751701,0,1124,73317.513459481299,90387.118017992747,3.0160629660267063e-16,0,0,66.819673163892844,16.605678561612407,2791128704.5295076,5023509272.4462118,0,-7.1996502779293472e-08
10,922804465.59751701,0,1125,73367.513459481299,90473.720558371191,2.9127059996045202e-16,0,0,66.761497050918734,16.57916723338063,2788192328.0480566,5021378323.4576368,0,-1.0980119132763413e-07
10,922804465.59751701,0,1126,73417.513459481299,90560.323098749635,2.814557301872791e-16,0,0,66.916787436978055,16.530200076970829,2788969139.632791,5025879963.3669224,0,-6.323934258142085e-09
10,922804465.59751701,0,1127,73467.513459481299,90646.92563912808,2.7212429074447475e-16,0,0,66.955685452095594,16.561287134077055,2788139396.6395187,5027440419.7595253,0,6.7190098986227241e-08
10,922804465.59751701,0,1128,73517.513459481299,90733.528179506524,2.6327803602302122e-16,0,0,66.797895222780085,16.569958278507691,2783472101.190733,5022017526.9962654,0,-2.2389125987869962e-08
10,922804465.59751701,0,1129,73567.513459481299,90820.130719884968,2.5487619898988191e-16,0,0,66.922102624227904,16.5340871108458,2784829653.8632598,5027410373.5553646,0,6.9387255721442098e-08
10,922804465.59751701,0,1130,73617.513459481299,90906.733260263412,2.4684926354755551e-16,0,0,66.928645536500795,16.566922141712361,2783612326.6343174,5028116836.2098379,0,2.1274044460778805e-07
10,922804465.59751701,0,1131,73667.513459481299,90993.335800641842,2.3922310814589708e-16,0,0,66.80359682871557,16.58496859789734,2780266567.587965,5024922641.3428392,0,-3.0413439686011485e-09
10,922804465.59751701,0,1132,73717.513459481299,91079.938341020301,2.3195675277030419e-16,0,0,66.852858186001569,16.573001215886219,2780553501.417109,5028245661.6701956,0,-2.8998079618297991e-08
10,922804465.59751701,0,1133,73767.513459481299,91166.540881398731,2.2500313573730158e-16,0,0,66.847238586485204,16.606719738975137,2779776700.1528273,5029609939.3293695,0,5.339324978397064e-08
10,922804465.59751701,0,1134,73817.513459481299,91253.143421777189,2.1835733559785372e-16,0,0,66.71986199936326,16.638429991724909,2776857716.2505465,5027054495.1298094,0,4.3100305863727619e-08
10,922804465.59751701,0,1135,73867.513459481299,91339.745962155619,2.1201891206685141e-16,0,0,66.729381052371394,16.62486639496661,2776456087.1206999,5029011892.0518541,0,1.9496769315098657e-08
10,922804465.59751701,0,1136,73917.513459481299,91426.348502534063,2.0592188454934951e-16,0,0,66.760223183137796,16.662112265650222,2776823153.1783323,5032335196.5024757,0,6.8163894419883933e-08
10,922804465.59751701,0,1137,73967.513459481299,91512.951042912508,2.0009131604661388e-16,0,0,66.588298461145087,16.703243873603252,2773106524.3100348,5028218778.2003794,0,1.1681657685531737e-07
10,922804465.59751701,0,1138,74017.513459481299,91599.553583290952,1.9449446216462628e-16,0,0,66.600422657737326,16.686205320148233,2773015981.0660419,5030640276.0242901,0,8.0226071984118029e-08
10,922804465.59751701,0,1139,74067.513459481299,91686.156123669396,1.8913010575760841e-16,0,0,66.644980743241163,16.709946543041532,2773365794.5878024,5033831921.9632883,0,-4.5701740649103818e-08
10,922804465.59751701,0,1140,74117.513459481299,91772.75866404784,1.8396612710822568e-16,0,0,66.508915631445362,16.760689435766345,2770611460.5963435,5031358125.6629429,0,-1.1238358176131983e-07
10,922804465.59751701,0,1141,74167.513459481299,91859.361204426285,1.7903374465329604e-16,0,0,66.451095401782382,16.750241103406022,2769104515.593019,5031107027.8088531,0,2.1356530983150003e-07
10,922804465.59751701,0,1142,74217.513459481299,91945.963744804729,1.7427750744340337e-16,0,0,66.539501828901734,16.747025869017129,2770174457.0612464,5035512468.6122427,0,1.7200650083771061e-07
10,922804465.59751701,0,1143,74267.513459481299,92032.566285183173,1.697143602405499e-16,0,0,66.460564686649576,16.786042354574224,2768001326.5501046,5033992837.2027006,0,-1.8060267303416121e-07
10,922804465.59751701,0,1144,74317.513459481299,92119.168825561617,1.653178460378407e-16,0,0,66.394070480556451,16.778166072670984,2766065239.6613765,5032872154.0539427,0,3.9711544778983815e-08
10,922804465.59751701,0,1145,74367.513459481299,92205.771365940062,1.6109108062576887e-16,0,0,66.481124160121581,16.758859983025186,2766783984.6241164,5036556141.5675249,0,1.9019391767158434e-08
10,922804465.59751701,0,1146,74417.513459481299,92292.373906318506,1.5699697889050065e-16,0,0,66.463539504265597,16.781107397129489,2765458889.7508621,5036501662.3854933,0,-4.6713310694760937e-08
10,922804465.59751701,0,1147,74467.513459481299,92378.97644669695,1.5306661747991383e-16,0,0,66.397842228343706,16.773112276417862,2763136667.4738274,5034600672.5355892,0,-1.5974442377491254e-07
10,922804465.59751701,0,1148,74517.513459481299,92465.578987075394,1.4925148390900873e-16,0,0,66.497834832693798,16.737086385907315,2763799563.294631,5038124726.3618975,0,8.1832695913924179e-08
10,922804465.59751701,0,1149,74567.513459481299,92552.181527453838,1.4554960341402204e-16,0,0,66.520219937731881,16.75058563202116,2762923315.1893973,5038835764.1021309,0,-1.5154754827267572e-08
10,922804465.59751701,0,1150,74617.513459481299,92638.784067832283,1.4195503021343941e-16,0,0,66.458371418232161,16.740635084152462,2760452931.7815037,5036624799.6170998,0,1.0836493232365543e-07
10,922804465.59751701,0,1151,74667.513459481299,92725.386608210727,1.3848322226655347e-16,0,0,66.575232361057772,16.69267403254117,2761235316.3248205,5040330682.9627876,0,-1.1209892538655132e-07
10,922804465.59751701,0,1152,74717.513459481299,92811.989148589171,1.3511157427671028e-16,0,0,66.644908900021235,16.692303096262719,2760991992.1141019,5042153649.9375458,0,5.1250257147762964e-08
10,922804465.59751701,0,1153,74767.513459481299,92898.591688967615,1.3185926363032331e-16,0,0,66.578736622984493,16.686431923660745,2758176911.1046329,5039256468.1258373,0,-1.3157887156416155e-07
10,922804465.59751701,0,1154,74817.513459481299,92985.19422934606,1.2870894049301003e-16,0,0,66.679593750204177,16.628718217433573,2758403665.6859908,5041897661.0123472,0,1.2632902609140748e-08
10,922804465.59751701,0,1155,74867.513459481299,93071.796769724504,1.2565311297495315e-16,0,0,66.796320081459172,16.623508464778077,2759099202.255188,5045386030.4267111,0,6.6982873933937179e-08
10,922804465.59751701,0,1156,74917.513459481299,93158.399310102948,1.2268950622657408e-16,0,0,66.703251822419517,16.631465343010841,2755834485.663209,5041615709.754015,0,-1.5853044632188502e-07
10,922804465.59751701,0,1157,74967.513459481299,93245.001850481392,1.1982387968895171e-16,0,0,66.774061237380877,16.573255636942516,2755642435.2026854,5043445804.3227215,0,8.5312897404394666e-08
10,922804465.59751701,0,1158,75017.513459481299,93331.604390859837,1.1703563921055171e-16,0,0,66.927418230623829,16.562057481583857,2757209182.3984656,5048489218.0522642,0,3.5130267051457927e-08
10,922804465.59751701,0,1159,75067.513459481299,93418.206931238281,1.1432719784461146e-16,0,0,66.812802853236008,16.592568678086852,2753849877.8049359,5044500894.4910946,0,-5.5417387425677784e-08
10,922804465.59751701,0,1160,75117.513459481299,93504.809471616725,1.1170291230854382e-16,0,0,66.821009071586928,16.543336794849385,2752841334.7828245,5044799143.9862566,0,1.9126860058042575e-07
10,922804465.59751701,0,1161,75167.513459481299,93591.412011995169,1.0914951303349704e-16,0,0,66.996719392599587,16.523731232589284,2755077185.4454913,5051038083.691061,0,1.004993093977813e-07
10,922804465.59751701,0,1162,75217.513459481299,93678.014552373599,1.0666191934651272e-16,0,0,66.901209279700112,16.576524668430206,2752665884.6602249,5048751226.0003834,0,5.2036904159923679e-08
10,922804465.59751701,0,1163,75267.513459481299,93764.617092752058,1.0424904275689085e-16,0,0,66.791394390001471,16.561791593989497,2750009727.5133076,5045997080.6374121,0,9.7563844490783704e-08
10,922804465.59751701,0,1164,75317.513459481299,93851.219633130488,1.0189947397801099e-16,0,0,66.959053399792751,16.534389175712583,2752794282.28548,5053220426.056756,0,-3.2148674950715962e-08
10,922804465.59751701,0,1165,75367.513459481299,93937.822173508946,9.960795102819819e-17,0,0,66.892475214558104,16.593128337406704,2751166306.8783178,5052341855.0829201,0,-1.1521063631543597e-07
10,922804465.59751701,0,1166,75417.513459481299,94024.424713887376,9.7381873178176251e-17,0,0,66.738653896186534,16.606882464716062,2748284516.0503898,5049145477.5500488,0,-1.048735111525533e-07
10,922804465.59751701,0,1167,75467.513459481299,94111.02725426582,9.5212593363533541e-17,0,0,66.828197858664851,16.589381007277229,2750010559.9037557,5054408230.9872103,0,5.1059514073582526e-08
10,922804465.59751701,0,1168,75517.513459481299,94197.629794644265,9.3096218532418174e-17,0,0,66.807162481593735,16.637302378233063,2749646300.9115739,5055828354.4118795,0,-7.7419190680390677e-08
10,922804465.59751701,0,1169,75567.513459481299,94284.232335022709,9.1034640690572645e-17,0,0,66.639717648302863,16.672695427178105,2746723960.0432639,5052534851.1320686,0,2.7881730400466938e-08
10,922804465.59751701,0,1170,75617.513459481299,94370.834875401153,8.9027769665297666e-17,0,0,66.67151499357216,16.656101465901926,2747516434.7106848,5056066264.4682732,0,-8.2578675766174666e-08
10,922804465.59751701,0,1171,75667.513459481299,94457.437415779597,8.7065542488373304e-17,0,0,66.689068888049832,16.693929310289946,2747994618.8397036,5059020550.6909275,0,-6.0440315896872427e-09
10,922804465.59751701,0,1172,75717.513459481299,94544.039956158042,8.5156252950536566e-17,0,0,66.533908922958872,16.731094718969814,2745217557.7378821,5055972848.8904266,0,1.8275525928091798e-08
10,922804465.59751701,0,1173,75767.513459481299,94630.642496536486,8.3293116396931777e-17,0,0,66.541759620530414,16.717010246285156,2745503854.5102587,5058559330.8820877,0,-6.1495829273163055e-08
10,922804465.59751701,0,1174,75817.513459481299,94717.24503691493,8.1478851385672605e-17,0,0,66.580301663240292,16.739428990429822,2746239452.1308489,5061970351.1593504,0,-2.1271420103950868e-07
10,922804465.59751701,0,1175,75867.513459481299,94803.847577293374,7.9707010581612663e-17,0,0,66.45705080114665,16.777314452033142,2743972262.7605166,5059840151.4285154,0,-2.1436759853899287e-07
10,922804465.59751701,0,1176,75917.513459481299,94890.450117671819,7.7986832988485046e-17,0,0,66.438734040806125,16.761136261571636,2743539479.8715391,5061079495.3813057,0,1.1346116146945484e-08
10,922804465.59751701,0,1177,75967.513459481299,94977.052658050263,7.6305169792557213e-17,0,0,66.506786156648161,16.765529465385118,2744569158.1570339,5065013984.4713707,0,-8.192304660030659e-08
10,922804465.59751701,0,1178,76017.513459481299,95063.655198428707,7.4671887903804062e-17,0,0,66.423951056649685,16.792607408987507,2742658959.2292304,5063512797.4299774,0,-7.7298930165766869e-08
10,922804465.59751701,0,1179,76067.513459481299,95150.257738807151,7.3077606371531611e-17,0,0,66.406450817840039,16.770295935817789,2741821361.198266,5063981668.9988585,0,1.1902255333379719e-07
10,922804465.59751701,0,1180,76117.513459481299,95236.860279185596,7.1528038372452967e-17,0,0,66.507925580261343,16.754612504478541,2743086659.3981972,5068326910.8123579,0,7.6519093517016303e-08
10,922804465.59751701,0,1181,76167.513459481299,95323.46281956404,7.00133979609542e-17,0,0,66.459573451373402,16.778259224574342,2741515743.6976166,5067426623.6431837,0,2.4377525664178743e-08
10,922804465.59751701,0,1182,76217.513459481299,95410.065359942484,6.8543722048357431e-17,0,0,66.43024580258988,16.749921137784614,2740133679.6380014,5066860498.5646324,0,9.0941343862531619e-08
10,922804465.59751701,0,1183,76267.513459481299,95496.667900320928,6.710635888374493e-17,0,0,66.569102731074864,16.711170910505846,2741663567.9534116,5071674784.2236691,0,-7.2957048640978112e-08
10,922804465.59751701,0,1184,76317.513459481299,95583.270440699373,6.5709017884272911e-17,0,0,66.573159563448158,16.731785188652015,2740853309.8976908,5072153046.3387461,0,-1.9219369644944925e-08
10,922804465.59751701,0,1185,76367.513459481299,95669.872981077817,6.4344079983453945e-17,0,0,66.499774233117421,16.713201891300354,2738486908.8119001,5069740711.3306608,0,7.1700239396818558e-08
10,922804465.59751701,0,1186,76417.513459481299,95756.475521456261,6.3017782428180061e-17,0,0,66.648511395120622,16.658470696286361,2740155761.6637383,5074788876.0875511,0,5.4394103905288208e-08
10,922804465.59751701,0,1187,76467.513459481299,95843.078061834705,6.171894899251051e-17,0,0,66.707623414233552,16.659415769819237,2739915855.7144861,5076300724.5442657,0,6.0331235088881038e-08
10,922804465.59751701,0,1188,76517.513459481299,95929.68060221315,6.0458097501168227e-17,0,0,66.649613203015761,16.653834076824666,2737828264.2867556,5074375617.8319864,0,-1.8760399236064322e-07
10,922804465.59751701,0,1189,76567.513459481299,96016.283142591594,5.9225535738867874e-17,0,0,66.736619882403815,16.602041253385099,2738281176.5597315,5077150970.8895407,0,5.3516428425025541e-09
10,922804465.59751701,0,1190,76617.513459481299,96102.885682970038,5.8026129634144885e-17,0,0,66.845246721924738,16.596900483062136,2739351334.7178893,5081064811.9082317,0,-1.5172040870987259e-07
10,922804465.59751701,0,1191,76667.513459481299,96189.488223348482,5.6854488071105289e-17,0,0,66.761005012901663,16.599731758188817,2736649542.5875955,5077972981.7121124,0,-8.1532805355304818e-08
10,922804465.59751701,0,1192,76717.513459481299,96276.090763726927,5.5716590812341048e-17,0,0,66.841084632297807,16.555577363620056,2737393494.4922667,5081260754.1472006,0,-4.23313753380074e-08
10,922804465.59751701,0,1193,76767.513459481299,96362.693304105371,5.4604310766091443e-17,0,0,66.928242161870486,16.560845269298852,2738411446.7746825,5085052720.536727,0,1.4826249208397992e-07
10,922804465.59751701,0,1194,76817.513459481299,96449.295844483815,5.3523784250247566e-17,0,0,66.820288045858263,16.572258739215179,2735625915.2115474,5081766661.4594736,0,2.1096092928689936e-08
10,922804465.59751701,0,1195,76867.513459481299,96535.898384862259,5.2472979864833299e-17,0,0,66.89029991479569,16.532002396079392,2736481770.1204209,5085228610.8803539,0,-4.7979398376106276e-08
10,922804465.59751701,0,1196,76917.513459481299,96622.500925240704,5.1451018810388853e-17,0,0,66.958116343584351,16.544918294904104,2737334133.7911363,5088675790.1973639,0,8.9508645369154515e-08
10,922804465.59751701,0,1197,76967.513459481299,96709.103465619148,5.0449524900402734e-17,0,0,66.828286790417096,16.592354022358947,2735192415.6995711,5086549794.1710472,0,2.015785893835911e-07
10,922804465.59751701,0,1198,77017.513459481299,96795.706005997577,4.9480537972302629e-17,0,0,66.782516446341759,16.564038222236,2734239363.1117063,5086612624.4834909,0,1.2381806373297186e-07
10,922804465.59751701,0,1199,77067.513459481299,96882.308546376036,4.853675283419799e-17,0,0,66.953381509552926,16.560161298619771,2737824652.0237365,5095107851.6664324,0,1.9270012554877833e-07
10,922804465.59751701,0,1200,77117.513459481299,96968.911086754466,4.7619050391026194e-17,0,0,66.781704275941621,16.631683003796429,2734786206.8389635,5091263625.1295767,0,4.9243757992620632e-08
10,922804465.59751701,0,1201,77167.513459481299,97055.51362713291,4.6725536011873331e-17,0,0,66.6786348989706,16.619960314747953,2733426804.2917705,5090525629.646718,0,-2.738472271361214e-08
10,922804465.59751701,0,1202,77217.513459481299,97142.116167511354,4.5858053435787026e-17,0,0,66.806576604113815,16.614962341042144,2736310540.7361374,5097675855.6148338,0,-6.8821248330724918e-08
10,922804465.59751701,0,1203,77267.513459481299,97228.718707889799,4.5014317585800804e-17,0,0,66.716613925679098,16.680627565859481,2735368326.188221,5097684843.7816687,0,-2.668550738249886e-08
10,922804465.59751701,0,1204,77317.513459481299,97315.321248268243,4.4195135448770479e-17,0,0,66.557041075823321,16.703712551705092,2733308486.8768697,5095589554.1071587,0,-7.0811329944677873e-08
10,922804465.59751701,0,1205,77367.513459481299,97401.923788646687,4.3399379222500622e-17,0,0,66.629950619421621,16.682098077351675,2735238054.9924703,5100913517.9383783,0,-2.3271980901821026e-07
10,922804465.59751701,0,1206,77417.513459481299,97488.526329025131,4.2627263948088848e-17,0,0,66.627422835987971,16.726956480037664,2735718544.4375234,5103519161.7295103,0,-5.6691508493136088e-08
10,922804465.59751701,0,1207,77467.513459481299,97575.128869403576,4.1878280598671339e-17,0,0,66.467007298994133,16.758062548200336,2733341924.5644555,5100772016.6834078,0,-1.1779773552299601e-07
10,922804465.59751701,0,1208,77517.513459481299,97661.73140978202,4.1151987088062869e-17,0,0,66.499369751797119,16.738843865362703,2734504257.0898147,5104606319.3768139,0,3.9765354554363423e-08
10,922804465.59751701,0,1209,77567.513459481299,97748.333950160464,4.0449030748812383e-17,0,0,66.533308065179966,16.76032615141326,2735466483.2475734,5108046527.9780884,0,-5.2844769698207257e-08
10,922804465.59751701,0,1210,77617.513459481299,97834.936490538908,3.9767777120028545e-17,0,0,66.420228354459127,16.786877486795223,2733680096.3166351,5106329724.8229456,0,1.0612548055493741e-07
10,922804465.59751701,0,1211,77667.513459481299,97921.539030917353,3.9109401852310997e-17,0,0,66.436813334528196,16.764816382139539,2734269477.107368,5109023748.3669872,0,-2.8345188237295772e-10
10,922804465.59751701,0,1212,77717.513459481299,98008.141571295797,3.8471595515485123e-17,0,0,66.490078530860558,16.773513414610054,2735394341.6615915,5112695755.6790361,0,1.2460358884651478e-07
10,922804465.59751701,0,1213,77767.513459481299,98094.744111674241,3.7856472842938322e-17,0,0,66.411155464086377,16.788006128642706,2733925483.210721,5111491458.712595,0,-7.0544136735259793e-08
10,922804465.59751701,0,1214,77817.513459481299,98181.346652052685,3.726076050779793e-17,0,0,66.437512279001339,16.753528164380675,2734176101.1442046,5113474390.1953259,0,-1.3757434245116687e-07
10,922804465.59751701,0,1215,77867.513459481299,98267.94919243113,3.6686974764796542e-17,0,0,66.545167399652797,16.742924461635191,2735985857.3374572,5118346021.2497644,0,-2.2973521985146532e-07
10,922804465.59751701,0,1216,77917.513459481299,98354.551732809574,3.6132061876383354e-17,0,0,66.471982120024606,16.7627660511301,2734357376.2718167,5116757526.2081623,0,1.787534859339419e-08
10,922804465.59751701,0,1217,77967.513459481299,98441.154273188018,3.5598597901680862e-17,0,0,66.481732372809972,16.717237446636705,2734064772.6817403,5117634775.2717161,0,-9.7961177278151928e-08
10,922804465.59751701,0,1218,78017.513459481299,98527.756813566462,3.5083258557255883e-17,0,0,66.644935643090861,16.679587044506697,2736419616.5783424,5123439541.9026957,0,9.1472021744581795e-08
10,922804465.59751701,0,1219,78067.513459481299,98614.359353944907,3.4589162858971021e-17,0,0,66.624805139328458,16.704367061324994,2735706912.0858574,5123468069.5473785,0,8.3857190677188464e-08
10,922804465.59751701,0,1220,78117.513459481299,98700.961894323336,3.4112613391598944e-17,0,0,66.557301112637859,16.675950051693778,2733974235.0435662,5121551119.6894341,0,8.3016058314927147e-08
10,922804465.59751701,0,1221,78167.513459481299,98787.564434701781,3.3657294427182232e-17,0,0,66.737542413483709,16.618708889179974,2736800344.6896429,5128137538.9090977,0,9.0090715146466192e-08
10,922804465.59751701,0,1222,78217.513459481299,98874.166975080225,3.3219098691079575e-17,0,0,66.774856183523482,16.629324414642081,2736808692.3358464,5129411562.6241474,0,-1.6783695916519912e-07
10,922804465.59751701,0,1223,78267.513459481299,98960.769515458669,3.2801848046141475e-17,0,0,66.705603065656931,16.621448323646693,2735277693.1846304,5127758403.8760519,0,7.790222525887473e-09
10,922804465.59751701,0,1224,78317.513459481299,99047.372055837113,3.2401541494647596e-17,0,0,66.807350633805868,16.569816251051776,2736748217.3946776,5131693652.7322617,0,1.3004785794451883e-07
10,922804465.59751701,0,1225,78367.513459481299,99133.974596215558,3.2022408387745543e-17,0,0,66.905076113226727,16.573778729807429,2738460028.5659523,5136039875.9605255,0,-7.6852128956327501e-09
10,922804465.59751701,0,1226,78417.513459481299,99220.577136594002,3.1659595981576739e-17,0,0,66.796335124299688,16.582189095383946,2736190292.632185,5132877340.7438927,0,-9.0627618322038803e-08
10,922804465.59751701,0,1227,78467.513459481299,99307.179676972446,3.1317836157190069e-17,0,0,66.876980813603311,16.544866105755823,2738002811.5035467,5137324794.9394073,0,1.8516081464996762e-07
10,922804465.59751701,0,1228,78517.513459481299,99393.78221735089,3.0993204130973054e-17,0,0,66.934906964571326,16.556791650337274,2739317658.1769819,5140795497.8494406,0,1.542038791888573e-07
10,922804465.59751701,0,1229,78567.513459481299,99480.384757729335,3.0689079107023148e-17,0,0,66.832625457263376,16.571964673370879,2737711594.1015654,5138734206.0446348,0,3.6713418541546582e-07
10,922804465.59751701,0,1230,78617.513459481299,99566.987298107779,3.0401678752480232e-17,0,0,66.8798859487122,16.548285952142692,2739254675.6377268,5142535572.6588507,0,2.9709745312879481e-06
10,922804465.59751701,0,1231,78667.513459481299,99653.589838486223,3.0136195674753133e-17,0,0,66.879504177248847,16.538001583550866,2738825321.9648342,5142577256.3162975,0,4.0977790027283709e-05
10,922804465.59751701,0,1232,78717.513459481299,99740.192378864667,2.9890710883472388e-17,0,0,66.35538474111533,16.343062084405403,2719376041.618927,5106834321.057188,0,0.00059817187572334582
10,922804465.59751701,0,1233,78767.513459481299,99826.794919243112,2.9677570734159024e-17,0,0,64.345921158034599,15.331306781838997,2631773350.9910288,4942981123.9993734,0,0.007729511538359754
10,922804465.59751701,0,1234,78817.513459481299,99913.397459621556,2.9495421491348373e-17,0,0,56.357756555147361,11.660505496235038,2284918512.9376917,4291987774.0227885,0,0.32699528362635627
10,922804465.59751701,0,1235,78867.513459481299,100000,2.9382353373272946e-17,0,0,59.811234854694298,0,1959699227.0176027,3681359816.8134098,0,3.7718474162948774
