r,phi,C,reference
-8696.4160844235448,0,0,0
-8687.7196683391212,0,0,0
-8679.0232522546976,0,0,0
-8670.326836170274,0,0,0
-8661.6304200858503,0,0,0
-8652.9340040014267,0,0,0
-8644.2375879170031,0,0,0
-8635.5411718325795,0,0,0
-8626.8447557481577,0,0,0
-8618.1483396637323,0,0,0
-8609.4519235793105,0,0,0
-8600.755507494885,0,0,0
-8592.0590914104614,0,0,0
-8583.3626753260396,0,0,0
-8574.6662592416142,0,0,0
-8565.9698431571924,0,0,0
-8557.2734270727669,0,0,0
-8548.5770109883451,0,0,0
-8539.8805949039215,0,0,0
-8531.1841788194979,0,0,0
-8522.4877627350743,0,0,0
-8513.7913466506507,0,0,0
-8505.094930566227,0,0,0
-8496.3985144818016,0,0,0
-8487.7020983973798,0,0,0
-8479.0056823129562,0,0,0
-8470.3092662285326,0,0,0
-8461.612850144109,0,0,0
-8452.9164340596853,0,0,0
-8444.2200179752617,0,0,0
-8435.5236018908399,0,0,0
-8426.8271858064145,0,0,0
-8418.1307697219927,0,0,0
-8409.4343536375673,0,0,0
-8400.7379375531436,0,0,0
-8392.04152146872,0,0,0
-8383.3451053842964,0,0,0
-8374.6486892998746,0,0,0
-8365.9522732154492,0,0,0
-8357.2558571310274,0,0,0
-8348.5594410466019,0,0,0
-8339.8630249621801,0,0,0
-8331.1666088777565,0,0,0
-8322.4701927933329,0,0,0
-8313.7737767089093,0,0,0
-8305.0773606244838,0,0,0
-8296.380944540062,0,0,0
-8287.6845284556384,0,0,0
-8278.9881123712148,0,0,0
-8270.2916962867912,0,0,0
-8261.5952802023676,0,0,0
-8252.898864117944,0,0,0
-8244.2024480335203,0,0,0
-8235.5060319490967,0,0,0
-8226.8096158646731,0,0,0
-8218.1131997802495,0,0,0
-8209.4167836958259,0,0,0
-8200.7203676114023,0,0,0
-8192.0239515269786,0,0,0
-8183.3275354425559,0,0,0
-8174.6311193581314,0,0,0
-8165.9347032737087,0,0,0
-8157.2382871892851,0,0,0
-8148.5418711048624,0,0,0
-8139.8454550204378,0,0,0
-8131.1490389360151,0,0,0
-8122.4526228515906,0,0,0
-8113.756206767167,0,0,0
-8105.0597906827443,0,0,0
-8096.3633745983198,0,0,0
-8087.666958513897,0,0,0
-8078.9705424294725,0,0,0
-8070.2741263450498,0,0,0
-8061.5777102606262,0,0,0
-8052.8812941762035,0,0,0
-8044.184878091779,0,0,0
-8035.4884620073544,0,0,0
-8026.7920459229317,0,0,0
-8018.0956298385072,0,0,0
-8009.3992137540854,0,0,0
-8000.7027976696609,0,0,0
-7992.0063815852382,0,0,0
-7983.3099655008136,0,0,0
-7974.6135494163909,0,0,0
-7965.9171333319664,0,0,0
-7957.2207172475446,0,0,0
-7948.5243011631201,0,0,0
-7939.8278850786974,0,0,0
-7931.1314689942728,0,0,0
-7922.4350529098483,0,0,0
-7913.7386368254256,0,0,0
-7905.0422207410029,2.2818718613535177e-08,4.1511238890734603e-13,4.1505687775611477e-13
-7896.3458046565793,1.2795950164760032e-06,1.885510636512322e-10,1.8855100814008097e-10
-7887.6493885721547,4.6567412180154745e-06,1.3052270930735688e-09,1.3052272040958712e-09
-7878.9529724877311,1.0165653593569052e-05,4.2016131684974312e-09,4.2016131684974312e-09
-7870.2565564033075,1.7811604114930131e-05,9.7293585965552154e-09,9.7293585410440642e-09
-7861.5601403188839,2.7577899089364357e-05,1.8739854890093e-08,1.8739854890093e-08
-7852.8637242344612,3.9464522740718083e-05,3.2084511103480651e-08,3.2084510992458348e-08
-7844.1673081500376,5.3476738438263073e-05,5.0614906543788862e-08,5.0614906599300014e-08
-7835.470892065614,6.9632055755291592e-05,7.5183212377982755e-08,7.5183212377982755e-08
-7826.7744759811903,8.7907637018699533e-05,1.0664161825824081e-07,1.0664161814721851e-07
-7818.0780598967667,0.00010830345270155763,1.4584236024406394e-07,1.4584236024406394e-07
-7809.381643812344,0.00013081946974070416,1.9363796027738189e-07,1.9363796022187074e-07
-7800.6852277279204,0.00015548301738697005,2.5088155503061316e-07,2.5088155503061316e-07
-7791.9888116434959,0.00018226745001330571,3.184266636480082e-07,3.1842666359249705e-07
-7783.2923955590722,0.00021117196971429548,3.9712685256931834e-07,3.9712685256931834e-07
-7774.5959794746486,0.00024219652965446267,4.8783609946090323e-07,4.8783609946090323e-07
-7765.899563390225,0.00027536256897835019,5.914090090430868e-07,5.914090090430868e-07
-7757.2031473058023,0.00031065521521558885,7.0870090679298059e-07,7.0870090679298059e-07
-7748.5067312213787,0.00034806774800668938,8.40567211002341e-07,8.40567211002341e-07
-7739.8103151369551,0.0003876001067178849,9.8786385960281109e-07,9.8786385965832224e-07
-7731.1138990525315,0.00042926802530501845,1.1514474589358059e-06,1.1514474589358059e-06
-7722.4174829681078,0.00047306804415367322,1.3321755907291788e-06,1.3321755907291788e-06
-7713.7210668836842,0.00051898769573861998,1.5309060562573862e-06,1.5309060563684085e-06
-7705.0246507992615,0.00056702690559415716,1.7484972595904757e-06,1.7484972594794534e-06
-7696.328234714837,0.00061719593397597291,1.9858083420976058e-06,1.9858083420976058e-06
-7687.6318186304134,0.00066950228063341471,2.2436995981700569e-06,2.2436995981700569e-06
-7678.9354025459897,0.00072392795275993569,2.5230317424185245e-06,2.5230317424185245e-06
-7670.2389864615661,0.00078047286201657286,2.8246661518682714e-06,2.8246661517572491e-06
-7661.5425703771425,0.00083914207289926982,3.1494650361563181e-06,3.1494650361563181e-06
-7652.8461542927198,0.00089995349806984751,3.4982918671322416e-06,3.4982918671322416e-06
-7644.1497382082962,0.00096288388780761745,3.8720108009870913e-06,3.8720108009870913e-06
-7635.4533221238726,0.0010279331398512978,4.2714866976822918e-06,4.2714866976822918e-06
-7626.7569060394489,0.0010951014471866302,4.6975853674191548e-06,4.6975853674191548e-06
-7618.0604899550253,0.0011644164962573095,5.1511739332377182e-06,5.1511739332932294e-06
-7609.3640738706017,0.0012358500951413541,5.633120520542878e-06,5.633120520542878e-06
-7600.6676577861781,0.0013094021275983957,6.1442939842670796e-06,6.1442939843225908e-06
-7591.9712417017545,0.0013850724737901013,6.6855642584795483e-06,6.6855642584795483e-06
-7583.2748256173309,0.0014628852975772449,7.2578026252267946e-06,7.2578026252267946e-06
-7574.5784095329072,0.0015428203906165743,7.8618816822251247e-06,7.8618816822251247e-06
-7565.8819934484836,0.0016248734343300348,8.4986748024595826e-06,8.4986748025706049e-06
-7557.1855773640609,0.0017090442948191405,9.1690565595659024e-06,9.1690565594548801e-06
-7548.4891612796373,0.0017953531426427275,9.8739029336658568e-06,9.8739029336658568e-06
-7539.7927451952137,0.0018837878071940638,1.0614091477956222e-05,1.0614091478067245e-05
-7531.0963291107901,0.001974339885065068,1.1390500615160448e-05,1.1390500615160448e-05
-7522.3999130263664,0.0020670092282230258,1.2204010077954131e-05,1.2204010077954131e-05
-7513.7034969419428,0.0021618124853787662,1.3055501084158205e-05,1.3055501084213716e-05
-7505.0070808575192,0.0022587445898847817,1.3945856636887743e-05,1.3945856636832232e-05
-7496.3106647730956,0.0023577935155783521,1.4875960739291205e-05,1.4875960739180183e-05
-7487.614248688672,0.0024589591002106572,1.5846698806942783e-05,1.5846698806942783e-05
-7478.9178326042484,0.0025622549875364922,1.685895783515301e-05,1.6858957835264032e-05
-7470.2214165198247,0.0026676821901284731,1.7913626782939396e-05,1.7913626782939396e-05
-7461.5250004354011,0.0027752255666436908,1.9011595765283662e-05,1.9011595765283662e-05
-7452.8285843509784,0.0028848849405274683,2.0153756408680668e-05,2.0153756408569645e-05
-7444.1321682665548,0.0029966715126403492,2.1341002026331601e-05,2.1341002026220579e-05
-7435.4357521821312,0.0031105912596047797,2.2574228051186473e-05,2.2574228051186473e-05
-7426.7393360977067,0.0032266264777086346,2.3854331242356697e-05,2.3854331242356697e-05
-7418.0429200132839,0.0033447769759939131,2.5182209968277469e-05,2.5182209968277469e-05
-7409.3465039288594,0.0034650521193660896,2.6558764403772361e-05,2.6558764403772361e-05
-7400.6500878444367,0.0035874616434746526,2.7984896986466001e-05,2.7984896986466001e-05
-7391.9536717600131,0.0037119858799993565,2.9461511650175076e-05,2.9461511650230587e-05
-7383.2572556755895,0.0038386246234735945,3.0989514044066357e-05,3.098951404417738e-05
-7374.5608395911659,0.0039673860543480381,3.2569811749705302e-05,3.2569811749760813e-05
-7365.8644235067422,0.0040982823730507838,3.4203314750791414e-05,3.4203314750680391e-05
-7357.1680074223186,0.0042312925890541217,3.5890934690141485e-05,3.5890934690141485e-05
-7348.4715913378959,0.0043664164822695486,3.7633585039942297e-05,3.7633585039942297e-05
-7339.7751752534723,0.0045036617444137771,3.9432181338283634e-05,3.9432181338172612e-05
-7331.0787591690478,0.0046430416578947383,4.1287641666776231e-05,4.1287641666776231e-05
-7322.3823430846251,0.0047845345966826287,4.320088591408533e-05,4.320088591408533e-05
-7313.6859270002005,0.0049281403259459422,4.5172835924089938e-05,4.517283592420096e-05
-7304.9895109157778,0.0050738667882437886,4.7204415746959771e-05,4.720441574690426e-05
-7296.2930948313542,0.0052217268773385363,4.92965521222688e-05,4.9296552122324311e-05
-7287.5966787469306,0.005371699062349574,5.1450173725542392e-05,5.1450173725542392e-05
-7278.900262662507,0.0055237830935731657,5.3666211327407787e-05,5.3666211327352276e-05
-7270.2038465780834,0.0056779879474537576,5.5945598052054013e-05,5.5945598052054013e-05
-7261.5074304936597,0.0058343245714286129,5.8289269864564286e-05,5.8289269864675308e-05
-7252.811014409237,0.0059927723039797706,6.0698164773553831e-05,6.0698164773553831e-05
-7244.1145983248134,0.0061533308803943566,6.3173223038281989e-05,6.31732230383375e-05
-7235.4181822403889,0.0063160111370975745,6.5715387429610139e-05,6.5715387429610139e-05
-7226.7217661559662,0.0064808204312892395,6.8325603707730664e-05,6.8325603707841687e-05
-7218.0253500715417,0.0066477397881824548,7.1004819769404648e-05,7.1004819769404648e-05
-7209.328933987118,0.0068167689279098461,7.3753985931790389e-05,7.3753985931790389e-05
-7200.6325179026953,0.0069879214155877355,7.6574055195732793e-05,7.6574055195621771e-05
-7191.9361018182717,0.0071611992889034359,7.9465983687299069e-05,7.946598368735458e-05
-7183.2396857338481,0.0073365861198916565,8.243072975616661e-05,8.2430729756277632e-05
-7174.5432696494245,0.0075140816133775663,8.5469254354209045e-05,8.5469254354209045e-05
-7165.8468535650009,0.0076937029740306515,8.8582521310609508e-05,8.8582521310609508e-05
-7157.1504374805772,0.0078754451063073293,9.1771497684189907e-05,9.1771497684078884e-05
-7148.4540213961545,0.0080592950314203396,9.503715285491543e-05,9.5037152854970941e-05
-7139.75760531173,0.0082452524387261507,9.8380458994129505e-05,9.8380458994129505e-05
-7131.0611892273064,0.008433339124973847,0.00010180239137591585,0.00010180239137591585
-7122.3647731428828,0.00862354096419626,0.00010530392854918302,0.00010530392854929405
-7113.6683570584592,0.0088158493709248158,0.00010888605151893049,0.00010888605151881947
-7104.9719409740355,0.0090102640188775771,0.00011254974426860853,0.00011254974426860853
-7096.2755248896128,0.0092068122905622305,0.00011629599415496905,0.00011629599415485803
-7087.5791088051892,0.0094054690499389363,0.00012012579176001736,0.00012012579176001736
-7078.8826927207656,0.0096062310902762515,0.0001240401303271299,0.00012404013032701888
-7070.186276636342,0.0098091016216571535,0.00012804000625987744,0.00012804000625993295
-7061.4898605519184,0.010014103990099232,0.0001321264196439409,0.0001321264196439409
-7052.7934444674947,0.010221210644995461,0.0001363003736338797,0.0001363003736338797
-7044.0970283830711,0.010430421232336038,0.00014056287434194292,0.00014056287434194292
-7035.4006122986484,0.010641746433609449,0.00014491493124568766,0.00014491493124568766
-7026.7041962142239,0.010855194827010316,0.00014935755772776949,0.00014935755772776949
-7018.0077801298003,0.011070746111737062,0.0001538917701334741,0.0001538917701334741
-7009.3113640453766,0.011288399917631099,0.00015851858806720243,0.00015851858806720243
-7000.6149479609539,0.011508175503558352,0.00016323903476961332,0.00016323903476961332
-6991.9185318765303,0.011730064475204357,0.00016805413744563902,0.00016805413744563902
-6983.2221157921067,0.01195405487966297,0.00017296492629137461,0.00017296492629126359
-6974.5256997076831,0.012180146330426094,0.0001779724350323697,0.0001779724350323697
-6965.8292836232595,0.012408367808711896,0.00018307770139946999,0.00018307770139958102
-6957.1328675388359,0.012638691664829903,0.00018828176690477427,0.00018828176690466325
-6948.4364514544122,0.012871115431010509,0.00019358567628868784,0.00019358567628868784
-6939.7400353699895,0.013105647312885854,0.0001989904780720364,0.0001989904780720364
-6931.043619285565,0.013342301371276566,0.00020449722514875868,0.00020449722514875868
-6922.3472032011414,0.013581054167420992,0.00021010697386797395,0.00021010697386797395
-6913.6507871167178,0.013821905285754697,0.00021582078421877871,0.00021582078421866768
-6904.9543710322941,0.014064874806626422,0.00022163972028849122,0.00022163972028838019
-6896.2579549478714,0.014309953243137141,0.00022756485059360898,0.00022756485059360898
-6887.5615388634478,0.014557128780429758,0.00023359724705313001,0.00023359724705301899
-6878.8651227790242,0.014806402483909199,0.00023973798556725656,0.00023973798556725656
-6870.1687066945997,0.015057803065737167,0.0002459881466164715,0.0002459881466164715
-6861.472290610177,0.015311299489919217,0.0002523488147269104,0.0002523488147269104
-6852.7758745257524,0.015566891311140182,0.00025882107817443156,0.00025882107817443156
-6844.0794584413306,0.015824593742667165,0.00026540602955221759,0.00026540602955216208
-6835.3830423569061,0.01608440741443995,0.00027210476630029623,0.00027210476630029623
-6826.6866262724825,0.016346315174429703,0.00027891838957960768,0.00027891838957949666
-6817.9902101880589,0.016610316559958749,0.00028584800476294525,0.00028584800476294525
-6809.2937941036353,0.016876442248329016,0.000292894722040693,0.000292894722040693
-6800.5973780192116,0.017144662161125132,0.00030005965611740182,0.00030005965611740182
-6791.9009619347889,0.017414974339470729,0.00030734392564812918,0.0003073439256482402
-6783.2045458503653,0.017687393375532146,0.0003147486539017974,0.00031474865390174189
-6774.5081297659417,0.017961921544651829,0.00032227496933712185,0.00032227496933712185
-6765.8117136815181,0.0182385405806859,0.00032992400443010439,0.00032992400443010439
-6757.1152975970936,0.018517249990022175,0.00033769689615886778,0.00033769689615886778
-6748.4188815126709,0.018798082281923582,0.00034559478669016208,0.00034559478669005106
-6739.7224654282472,0.019081004128035921,0.0003536188229409376,0.0003536188229409376
-6731.0260493438236,0.019366014896217244,0.00036177015610772134,0.00036177015610766583
-6722.3296332594,0.019653133008545133,0.00037004994237782585,0.00037004994237771482
-6713.6332171749764,0.019942353503105748,0.00037845934341573795,0.00037845934341579346
-6704.9368010905528,0.020233661428736019,0.00038699952514326119,0.00038699952514326119
-6696.2403850061301,0.020527062033890653,0.00039567165836640328,0.0003956716583665143
-6687.5439689217064,0.020822576899673265,0.00040447691956391196,0.00040447691956391196
-6678.8475528372819,0.021120177665255216,0.00041341648996695568,0.00041341648996695568
-6670.1511367528592,0.021419863791428628,0.00042249155555545981,0.00042249155555545981
-6661.4547206684347,0.021721662178622855,0.00043170330781433508,0.00043170330781439059
-6652.758304584012,0.022025551348928502,0.00044105294378737891,0.00044105294378737891
-6644.0618884995883,0.022331524293756788,0.00045054166508945448,0.00045054166508945448
-6635.3654724151647,0.022639596862731488,0.00046017067873993511,0.00046017067873993511
-6626.6690563307411,0.0229497698831332,0.00046994119780485732,0.00046994119780485732
-6617.9726402463175,0.023262025050500488,0.00047985444007730971,0.00047985444007730971
-6609.2762241618939,0.02357636813132933,0.00048991162866501847,0.00048991162866512949
-6600.5798080774703,0.023892820326089959,0.00050011399288246716,0.00050011399288246716
-6591.8833919930476,0.024211352998224134,0.00051046276723809569,0.00051046276723809569
-6583.186975908623,0.024531965561109696,0.00052095919146055714,0.00052095919146055714
-6574.4905598242003,0.024854689385353332,0.00053160451140843445,0.00053160451140843445
-6565.7941437397758,0.025179494721062748,0.0005423999788133349,0.0005423999788133349
-6557.0977276553531,0.025506378220748832,0.00055334685049795995,0.00055334685049795995
-6548.4013115709286,0.025835363412173143,0.00056444638935621017,0.00056444638935621017
-6539.7048954865068,0.026166436445042046,0.00057569986469402368,0.0005756998646941347
-6531.0084794020822,0.026499585871762595,0.00058710855093696557,0.00058710855093696557
-6522.3120633176586,0.026834828395725166,0.00059867372854782719,0.00059867372854782719
-6513.615647233235,0.02717216403226879,0.00061039668475348918,0.00061039668475348918
-6504.9192311488105,0.027511574248597868,0.00062227871209430408,0.00062227871209430408
-6496.2228150643878,0.027853069957211013,0.00063432110912647888,0.00063432110912636785
-6487.5263989799641,0.028196662974987543,0.00064652518139018955,0.00064652518139018955
-6478.8299828955414,0.028542328713939212,0.00065889224004145319,0.00065889224004145319
-6470.1335668111169,0.028890073343825016,0.00067142360224498043,0.00067142360224498043
-6461.4371507266933,0.029239918389506597,0.0006841205922905047,0.00068412059229044919
-6452.7407346422697,0.029591834252592361,0.00069698454043964908,0.0006969845404397601
-6444.044318557847,0.029945823422587944,0.00071001678297610837,0.0007100167829762194
-6435.3479024734233,0.030301915009988939,0.00072321866341279462,0.00072321866341279462
-6426.6514863889997,0.030660075465232552,0.00073659153160066104,0.00073659153160066104
-6417.9550703045761,0.03102030467404663,0.00075013674344975856,0.00075013674344975856
-6409.2586542201525,0.031382637182109173,0.00076385566220327217,0.00076385566220327217
-6400.5622381357289,0.031747036562018348,0.00077774965778043548,0.00077774965778049099
-6391.8658220513062,0.03211350211573101,0.00079182010622619314,0.00079182010622619314
-6383.1694059668826,0.032482068856573475,0.00080606839104879757,0.00080606839104879757
-6374.472989882458,0.032852701356069186,0.00082049590271265904,0.00082049590271265904
-6365.7765737980353,0.033225397970256844,0.00083510403791031695,0.00083510403791031695
-6357.0801577136108,0.033600193582503601,0.0008498942009715349,0.00084989420097164592
-6348.3837416291881,0.033977053256805126,0.00086486780338562719,0.00086486780338562719
-6339.6873255447645,0.034355974938710544,0.00088002626301453279,0.00088002626301453279
-6330.9909094603408,0.034736994500682086,0.00089537100557640636,0.00089537100557640636
-6322.2944933759172,0.035120075263148871,0.0009109034640745195,0.00091090346407446399
-6313.5980772914927,0.03550521712689618,0.00092662507807200756,0.00092662507807195205
-6304.90166120707,0.035892454336658164,0.00094253729525400898,0.00094253729525400898
-6296.2052451226455,0.036281749956586763,0.00095864157063207944,0.00095864157063207944
-6287.5088290382237,0.036673107465199341,0.00097493936602061071,0.00097493936602049969
-6278.8124129537991,0.037066555393713167,0.00099143215164892995,0.00099143215164898546
-6270.1159968693755,0.03746205949408947,0.0010081214050465248,0.0010081214050465248
-6261.4195807849519,0.03785962737344812,0.001025008610849365,0.0010250086108494205
-6252.7231647005283,0.038259279545683728,0.0010420952624002888,0.0010420952624002888
-6244.0267486161047,0.03866098560089086,0.0010593828602737942,0.0010593828602737942
-6235.330332531682,0.039064758438914,0.0010768729125253396,0.0010768729125253396
-6226.6339164472583,0.039470608229642344,0.0010945669361605015,0.001094566936160557
-6217.9375003628347,0.039878509563122368,0.0011124664553516239,0.0011124664553516239
-6209.2410842784111,0.04028848180701039,0.0011305730022026506,0.0011305730022026506
-6200.5446681939866,0.040700522438433688,0.0011488881179029797,0.0011488881179029797
-6191.8482521095639,0.041114612220303597,0.001167413350804114,0.001167413350804114
-6183.1518360251403,0.041530778173727981,0.001186150257725116,0.0011861502577251715
-6174.4554199407175,0.041949002713064093,0.0012051004045226521,0.0012051004045227631
-6165.759003856293,0.042369273957685888,0.0012242653643431134,0.0012242653643430024
-6157.0625877718694,0.042791627777925181,0.0012436467194303913,0.0012436467194305023
-6148.3661716874458,0.043216029134945627,0.0012632460607421847,0.0012632460607421847
-6139.6697556030231,0.04364248200288607,0.0012830649869042809,0.0012830649869042809
-6130.9733395185995,0.044071010393469411,0.0013031051062602494,0.0013031051062602494
-6122.2769234341758,0.044501581317989598,0.0013233680353257338,0.0013233680353257338
-6113.5805073497522,0.044934212185886335,0.0013438553990083313,0.0013438553990083313
-6104.8840912653277,0.045368905321229711,0.0013645688321882732,0.0013645688321882732
-6096.187675180905,0.045805638400552504,0.0013855099776161617,0.0013855099776161062
-6087.4912590964814,0.046244441022803041,0.0014066804872900907,0.0014066804872900907
-6078.7948430120587,0.046685291380918051,0.0014280820229741198,0.0014280820229741198
-6070.0984269276341,0.047128182645368985,0.0014497162544045428,0.0014497162544046538
-6061.4020108432114,0.047573147010809474,0.0014715848615231564,0.0014715848615231564
-6052.7055947587869,0.048020146902778532,0.0014936895332507971,0.0014936895332507971
-6044.0091786743633,0.048469199370360559,0.001516031967279341,0.0015160319672792855
-6035.3127625899406,0.048920308151832612,0.0015386138719384879,0.0015386138719384324
-6026.616346505516,0.049373449719121915,0.0015614369639541659,0.0015614369639541659
-6017.9199304210933,0.04982865671924297,0.0015845029699734781,0.0015845029699734781
-6009.2235143366688,0.050285901943982317,0.0016078136268886656,0.0016078136268886101
-6000.5270982522461,0.050745186442823609,0.0016313706801563965,0.0016313706801563965
-5991.8306821678216,0.051206531851836219,0.001655175886269622,0.001655175886269511
-5983.1342660833989,0.051669905372824107,0.0016792310108708075,0.0016792310108708075
-5974.4378499989753,0.052135333130459482,0.0017035378293897563,0.0017035378293898118
-5965.7414339145516,0.052602801409349975,0.0017280981283163133,0.0017280981283163133
-5957.045017830128,0.053072299367286933,0.0017529137029285713,0.0017529137029285713
-5948.3486017457044,0.053543858800129858,0.0017779863597732759,0.0017779863597733869
-5939.6521856612808,0.054017441505390014,0.0018033179152698864,0.0018033179152699974
-5930.9557695768581,0.054493070977659812,0.0018289101957186804,0.0018289101957186804
-5922.2593534924345,0.054970739210621004,0.0018547650390469683,0.0018547650390470793
-5913.5629374080108,0.055450431270692255,0.0018808842923278557,0.0018808842923278557
-5904.8665213235872,0.055932181292765407,0.0019072698142612587,0.0019072698142611477
-5896.1701052391627,0.0564159495775996,0.0019339234738910416,0.0019339234738909306
-5887.4736891547409,0.056901760920589406,0.0019608471505144776,0.0019608471505145331
-5878.7772730703164,0.057389605162672795,0.0019880427354799224,0.0019880427354799224
-5870.0808569858928,0.057879471155610922,0.0020155121296391298,0.0020155121296391298
-5861.3844409014691,0.058371387477734911,0.0020432572460560294,0.0020432572460559184
-5852.6880248170455,0.058865316878351198,0.0020712800082853255,0.0020712800082852145
-5843.9916087326219,0.059361289419120597,0.0020995823508464517,0.0020995823508464517
-5835.2951926481983,0.059859284856401934,0.0021281662205278606,0.0021281662205278606
-5826.5987765637756,0.060359303772308533,0.0021570335740703217,0.0021570335740703772
-5817.902360479351,0.060861361226328306,0.0021861863811124538,0.0021861863811123428
-5809.2059443949283,0.061365426395311666,0.0022156266217041032,0.0022156266217041587
-5800.5095283105038,0.061871538603076814,0.0022453562879745648,0.0022453562879745093
-5791.8131122260802,0.062379659527835377,0.0022753773840911151,0.0022753773840911151
-5783.1166961416575,0.062889809487025564,0.0023056919250451502,0.0023056919250451502
-5774.4202800572339,0.063401982000695911,0.0023363019391373085,0.0023363019391373085
-5765.7238639728102,0.063916166262445825,0.0023672094651209785,0.0023672094651209785
-5757.0274478883866,0.064432386138234779,0.0023984165551801939,0.0023984165551801939
-5748.331031803963,0.064950605923405361,0.0024299252727623122,0.0024299252727623677
-5739.6346157195385,0.0654708641464056,0.0024617376938070867,0.0024617376938070867
-5730.9381996351167,0.065993124717544746,0.0024938559071031596,0.0024938559071031596
-5722.2417835506922,0.066517408111191487,0.0025262820128287844,0.0025262820128287844
-5713.5453674662695,0.067043705088430022,0.0025590181251535782,0.0025590181251535782
-5704.8489513818449,0.067572009997004953,0.0025920663692984847,0.0025920663692983736
-5696.1525352974213,0.068102338937999343,0.002625428884748815,0.002625428884748815
-5687.4561192129977,0.068634661645068901,0.0026591078225714493,0.0026591078225713383
-5678.759703128575,0.069169018044246994,0.0026931053475735545,0.0026931053475735545
-5670.0632870441514,0.069705363773695031,0.0027274236373570626,0.0027274236373570626
-5661.3668709597277,0.070243734059578941,0.0027620648822884175,0.002762064882288473
-5652.6704548753041,0.070784100246770551,0.0027970312868891845,0.0027970312868892955
-5643.9740387908805,0.071326478509146918,0.0028323250677044221,0.0028323250677044221
-5635.2776227064578,0.071870860487154326,0.0028679484562688651,0.0028679484562688651
-5626.5812066220333,0.072417242789166836,0.0029039036960006315,0.0029039036960006315
-5617.8847905376106,0.072965635825157527,0.0029401930455946745,0.002940193045594619
-5609.188374453186,0.073516018165215857,0.0029768187759909859,0.0029768187759909859
-5600.4919583687633,0.074068417459659974,0.00301378317324974,0.00301378317324974
-5591.7955422843388,0.074622795770512396,0.0030510885364378182,0.0030510885364378182
-5583.0991261999161,0.075179196456380937,0.0030887371792402973,0.0030887371792402418
-5574.4027101154925,0.075737572662123651,0.0031267314293882964,0.0031267314293881854
-5565.706294031068,0.076297963746130071,0.0031650736285814829,0.0031650736285814829
-5557.0098779466452,0.076860333793514077,0.0032037661336083434,0.0032037661336083434
-5548.3134618622207,0.077424710123038726,0.0032428113147343063,0.0032428113147343618
-5539.617045777798,0.077991068972962069,0.0032822115580950495,0.0032822115580951605
-5530.9206296933744,0.078559426242772429,0.0033219692630928055,0.0033219692630928055
-5522.2242136089508,0.079129768785789784,0.0033620868455413455,0.00336208684554129
-5513.5277975245272,0.079702102620723192,0.0034025667345230493,0.0034025667345230493
-5504.8313814401035,0.080276423676203815,0.00344341137589943,0.00344341137589943
-5496.1349653556799,0.080852729630181697,0.0034846232289539314,0.0034846232289540424
-5487.4385492712563,0.081431023945457912,0.0035262047699993193,0.0035262047699994303
-5478.7421331868336,0.082011297500489841,0.0035681584890215334,0.0035681584890215334
-5470.04571710241,0.082593559749996631,0.0036104868932195222,0.0036104868932196332
-5461.3493010179864,0.083177796315173497,0.0036531925037676105,0.003653192503767666
-5452.6528849335627,0.083764021099578284,0.0036962778592131151,0.0036962778592132262
-5443.9564688491391,0.084352216010053868,0.0037397455123939216,0.0037397455123939216
-5435.2600527647155,0.084942397855376731,0.0037835980336893282,0.0037835980336893282
-5426.5636366802928,0.085534546371339004,0.0038278380080710162,0.0038278380080710162
-5417.8672205958683,0.086128679728063817,0.0038724680382512533,0.0038724680382512533
-5409.1708045114456,0.086724777033694952,0.0039174907418053628,0.0039174907418053628
-5400.474388427021,0.087322856275870012,0.0039629087542921715,0.0039629087542920605
-5391.7779723425974,0.087922897478294931,0.0040087247263642101,0.0040087247263642101
-5383.0815562581747,0.088524916902624692,0.0040549413269482804,0.0040549413269482248
-5374.3851401737511,0.089128897030848447,0.0041015612402587331,0.0041015612402586776
-5365.6887240893275,0.089734850855775317,0.0041485871691130938,0.0041485871691130938
-5356.992308004903,0.090342764859609237,0.0041960218317877995,0.0041960218317877995
-5348.2958919204802,0.090952647224384578,0.0042438679655105727,0.0042438679655106282
-5339.5994758360557,0.091564489973360363,0.0042921283231421303,0.0042921283231422414
-5330.9030597516339,0.092178294937107219,0.0043408056768306502,0.0043408056768306502
-5322.2066436672094,0.092794061219380441,0.0043899028145710783,0.0043899028145711894
-5313.5102275827858,0.093411782760144502,0.0044394225439265411,0.0044394225439265411
-5304.8138114983622,0.094031467281385367,0.0044893676886117451,0.0044893676886117451
-5296.1173954139385,0.094653099295176346,0.0045397410920767212,0.0045397410920767212
-5287.4209793295149,0.095276696677449479,0.0045905456143824908,0.0045905456143824908
-5278.7245632450922,0.095902232977272781,0.0046417841353099121,0.0046417841353100231
-5270.0281471606686,0.096529737757904605,0.0046934595519412259,0.0046934595519413369
-5261.3317310762441,0.097159172261723006,0.0047455747807972903,0.0047455747807972903
-5252.6353149918214,0.097790578703216724,0.0047981327567112597,0.0047981327567112597
-5243.9388989073968,0.098423912520480772,0.0048511364333606588,0.0048511364333605478
-5235.2424828229741,0.099059207521839415,0.0049045887839719859,0.0049045887839719859
-5226.5460667385505,0.099696434973006454,0.0049584927999661299,0.0049584927999661299
-5217.8496506541269,0.10033561204804592,0.0050128514934208446,0.0050128514934209556
-5209.1532345697033,0.10097672736473301,0.0050676678942696007,0.0050676678942697118
-5200.4568184852797,0.10161977993973724,0.0051229450538033405,0.0051229450538033405
-5191.760402400856,0.1022647772635335,0.0051786860413183256,0.0051786860413183256
-5183.0639863164324,0.10291169867622778,0.0052348939476127843,0.0052348939476128953
-5174.3675702320097,0.10356057205749425,0.0052915718822876268,0.0052915718822876268
-5165.6711541475861,0.10421136084283153,0.0053487229758895083,0.0053487229758896193
-5156.9747380631625,0.1048640989526646,0.0054063503792909362,0.0054063503792909362
-5148.2783219787379,0.10551875496756673,0.0054644572632043253,0.0054644572632043253
-5139.5819058943152,0.1061753449707826,0.0055230468202626115,0.0055230468202627225
-5130.8854898098916,0.10683386203197,0.0055821222623147482,0.0055821222623147482
-5122.1890737254689,0.10749429694697743,0.0056416868239173024,0.0056416868239171913
-5113.4926576410444,0.10815666877559699,0.0057017437592366549,0.0057017437592366549
-5104.7962415566208,0.10882094623299628,0.0057622963448015208,0.0057622963448014097
-5096.0998254721972,0.10948716174781481,0.0058233478783491499,0.0058233478783491499
-5087.4034093877726,0.11015528464190044,0.0058849016786522435,0.0058849016786522435
-5078.7069933033508,0.11082532730544309,0.0059469610875447776,0.0059469610875446666
-5070.0105772189263,0.1114972891124926,0.0060095294671878019,0.0060095294671878019
-5061.3141611345036,0.11217115161037103,0.0060726102034601714,0.0060726102034601714
-5052.6177450500791,0.11284694570658033,0.0061362067034424483,0.0061362067034425039
-5043.9213289656554,0.11352463505372956,0.0062003223969814281,0.0062003223969813726
-5035.2249128812318,0.11420424028732773,0.0062649607371953464,0.0062649607371953464
-5026.5284967968091,0.11488575206555005,0.0063301251986271345,0.0063301251986271345
-5017.8320807123855,0.11556915851680891,0.0063958192804057235,0.0063958192804058345
-5009.1356646279619,0.11625448584578607,0.0064620465035618579,0.006462046503561969
-5000.4392485435383,0.11694170067988725,0.0065288104129415103,0.0065288104129415103
-4991.7428324591147,0.11763082174819406,0.0065961145774379171,0.0065961145774379171
-4983.046416374691,0.11832184188259115,0.0066639625882711218,0.0066639625882711218
-4974.3500002902683,0.11901474491911915,0.006732358062049415,0.006732358062049526
-4965.6535842058447,0.11970956320836318,0.0068013046384722275,0.0068013046384723386
-4956.9571681214202,0.12040626092215506,0.0068708059814844291,0.0068708059814845401
-4948.2607520369975,0.12110484948538604,0.006940865780389549,0.0069408657803896601
-4939.5643359525729,0.12180533469778226,0.0070114877476201154,0.0070114877476201154
-4930.8679198681502,0.12250769439463992,0.0070826756216008646,0.0070826756216008646
-4922.1715037837266,0.12321195061952298,0.0071544331655677418,0.0071544331655677973
-4913.475087699303,0.12391808690828381,0.0072267641669837013,0.0072267641669837568
-4904.7786716148794,0.12462609297339593,0.0072996724400698487,0.0072996724400699597
-4896.0822555304549,0.12533599826555167,0.0073731618236073104,0.0073731618236073659
-4887.3858394460322,0.12604776940068019,0.0074472361821681932,0.0074472361821681932
-4878.6894233616085,0.12676141241794853,0.0075218994071970524,0.0075218994071970524
-4869.9930072771858,0.12747694122171543,0.0075971554149601994,0.0075971554149603104
-4861.2965911927613,0.12819433058202689,0.0076730081488610713,0.0076730081488610713
-4852.6001751083386,0.12891359168754882,0.0077494615792140786,0.0077494615792140786
-4843.9037590239141,0.12963472711751234,0.0078265197018136945,0.0078265197018136945
-4835.2073429394904,0.13035771768252968,0.0079041865405066747,0.0079041865405067857
-4826.5109268550677,0.13108257762425721,0.0079824661463150925,0.0079824661463149815
-4817.8145107706441,0.13180930239036681,0.008061362596507915,0.008061362596508026
-4809.1180946862205,0.13253787673209128,0.0081408799971021129,0.0081408799971021129
-4800.421678601796,0.13326831586268414,0.0082210224817494404,0.0082210224817494959
-4791.7252625173733,0.13400061226194138,0.0083017942110943377,0.0083017942110943932
-4783.0288464329487,0.13473475253649511,0.0083831993751407596,0.0083831993751407596
-4774.3324303485269,0.13547075080606152,0.0084652421921543319,0.0084652421921543874
-4765.6360142641024,0.13620860071407834,0.0085479269080595555,0.008547926908059611
-4756.9395981796788,0.13694828865321682,0.0086312577987328609,0.0086312577987327499
-4748.2431820952552,0.13768982560194401,0.0087152391690708542,0.0087152391690708542
-4739.5467660108316,0.13843321046436946,0.0087998753522442463,0.0087998753522442463
-4730.8503499264079,0.13917842736686381,0.0088851707119286805,0.0088851707119287915
-4722.1539338419852,0.13992548211753125,0.0089711296416753461,0.0089711296416753461
-4713.4575177575616,0.14067438294134799,0.0090577565639869406,0.0090577565639869961
-4704.761101673138,0.1414251096642333,0.0091450559322778791,0.0091450559322779346
-4696.0646855887144,0.14217766091461304,0.0092330322307531687,0.0092330322307531687
-4687.3682695042908,0.14293205825929819,0.0093216899735170111,0.0093216899735171221
-4678.6718534198662,0.14368827520898839,0.0094110337056467763,0.0094110337056468873
-4669.9754373354435,0.14444630975140577,0.0095010680040307216,0.0095010680040307216
-4661.2790212510199,0.14520617519267803,0.0095917974766339675,0.0095917974766339675
-4652.5826051665963,0.14596786231594266,0.009683226762331798,0.009683226762331909
-4643.8861890821727,0.14673136052830577,0.0097753605327561832,0.0097753605327561832
-4635.1897729977491,0.147496671150147,0.0098682034916947048,0.0098682034916947048
-4626.4933569133254,0.14826380792495214,0.0099617603744924788,0.0099617603744925898
-4617.7969408289018,0.14903274912465536,0.010056035949431108,0.010056035949431108
-4609.1005247444791,0.14980349261061163,0.010151035018083121,0.010151035018083121
-4600.4041086600555,0.15057604757440701,0.010246762414940824,0.010246762414940935
-4591.7076925756319,0.15135041059746213,0.010343223007123759,0.010343223007123814
-4583.0112764912074,0.15212656902269722,0.010440421696106927,0.010440421696106927
-4574.3148604067846,0.1529045206363368,0.010538363417348207,0.010538363417348151
-4565.6184443223619,0.15368427856586508,0.010637053140111041,0.010637053140111041
-4556.9220282379374,0.15446583010716514,0.010736495867602447,0.010736495867602558
-4548.2256121535138,0.15524916772683711,0.010836696638388488,0.010836696638388543
-4539.5291960690902,0.15603428913383247,0.010937660525969561,0.010937660525969561
-4530.8327799846656,0.15682120751391296,0.011039392638698187,0.011039392638698298
-4522.1363639002439,0.15760990863955299,0.011141898120045512,0.011141898120045512
-4513.4399478158202,0.15840038621031319,0.01124518214983905,0.01124518214983905
-4504.7435317313966,0.15919263785568355,0.011349249943910455,0.011349249943910455
-4496.0471156469721,0.15998667300412633,0.011454106754164139,0.011454106754164251
-4487.3506995625485,0.16078248354375038,0.011559757868597198,0.011559757868597198
-4478.6542834781258,0.16158006057727281,0.011666208612638007,0.011666208612638118
-4469.9578673937021,0.16237940165249132,0.01177346434887433,0.01177346434887433
-4461.2614513092785,0.16318050869147524,0.011881530477255042,0.011881530477255042
-4452.5650352248549,0.16398338720505959,0.011990412434888409,0.011990412434888464
-4443.8686191404313,0.16478802193465314,0.012100115697201264,0.012100115697201375
-4435.1722030560077,0.16559441034408254,0.012210645778100382,0.012210645778100382
-4426.4757869715841,0.16640254987561123,0.012322008230044201,0.012322008230044201
-4417.7793708871613,0.16721244691491596,0.012434208644224898,0.012434208644224898
-4409.0829548027368,0.16802409626145631,0.012547252650592478,0.012547252650592589
-4400.3865387183132,0.16883748858810588,0.012661145919016736,0.012661145919016792
-4391.6901226338905,0.16965262125022629,0.012775894159181789,0.012775894159181789
-4382.9937065494669,0.17046949158084818,0.012891503120830372,0.012891503120830317
-4374.2972904650424,0.17128810427537872,0.013007978593989777,0.013007978593989777
-4365.6008743806196,0.17210845574596781,0.013125326409013094,0.013125326409013149
-4356.904458296196,0.17293053641604889,0.013243552437634754,0.013243552437634754
-4348.2080422117724,0.17375434352874483,0.013362662592962482,0.013362662592962538
-4339.5116261273488,0.17457987430406152,0.013482662829726766,0.013482662829726766
-4330.8152100429252,0.17540712593872346,0.013603559144600652,0.013603559144600708
-4322.1187939585016,0.17623610790022268,0.013725357576290342,0.013725357576290453
-4313.4223778740779,0.17706680490997714,0.013848064206096744,0.013848064206096855
-4304.7259617896552,0.17789921390235086,0.013971685158495395,0.01397168515849545
-4296.0295457052316,0.17873333198043662,0.014096226601211126,0.014096226601211237
-4287.3331296208071,0.17956915622323502,0.014221694745550462,0.014221694745550573
-4278.6367135363835,0.18040668368548599,0.01434809584673663,0.014348095846736519
-4269.9402974519608,0.18124591969913131,0.014475436204137382,0.014475436204137382
-4261.2438813675371,0.18208685513935111,0.014603722161588728,0.014603722161588728
-4252.5474652831135,0.18292948449812949,0.014732960108118587,0.014732960108118698
-4243.8510491986899,0.18377380473273688,0.014863156478049311,0.014863156478049477
-4235.1546331142663,0.18461981277534842,0.014994317751335973,0.014994317751336028
-4226.4582170298418,0.18546750553286939,0.015126450453917195,0.015126450453917306
-4217.76180094542,0.18631687988676024,0.015259561158069868,0.015259561158069923
-4209.0653848609963,0.18716793724070308,0.015393656482729945,0.015393656482729945
-4200.3689687765718,0.18802067385589896,0.015528743093735142,0.015528743093735142
-4191.6725526921482,0.18887508224947522,0.01566482770451566,0.015664827704515716
-4182.9761366077246,0.18973115920078515,0.015801917076312122,0.015801917076312288
-4174.2797205233019,0.1905889014628725,0.015940018018512359,0.01594001801851247
-4165.5833044388783,0.19144830576229219,0.016079137389021225,0.016079137389021281
-4156.8868883544546,0.19230936879892915,0.016219282094634135,0.016219282094634135
-4148.190472270031,0.1931720872458158,0.016360459091412316,0.016360459091412427
-4139.4940561856065,0.19403645774895004,0.016502675385062393,0.016502675385062393
-4130.7976401011838,0.19490247900978683,0.016645938031308538,0.016645938031308594
-4122.1012240167602,0.19577014951876076,0.016790254136197003,0.016790254136197003
-4113.4048079323375,0.19663946156421994,0.016935630856652173,0.016935630856652284
-4104.7083918479129,0.19751041168382497,0.017082075400819741,0.017082075400819852
-4096.0119757634893,0.19838299638729781,0.017229595028425859,0.01722959502842597
-4087.3155596790666,0.19925721215623382,0.01737819705117355,0.017378197051173716
-4078.6191435946425,0.2001330554439128,0.017527888833141492,0.017527888833141603
-4069.9227275102189,0.20101052267510827,0.017678677791186093,0.017678677791186204
-4061.2263114257953,0.20188961024589727,0.017830571395346606,0.017830571395346662
-4052.5298953413712,0.20277031452346761,0.017983577169253195,0.017983577169253251
-4043.8334792569485,0.20365263184592514,0.018137702690536828,0.018137702690536883
-4035.1370631725249,0.20453655852210062,0.018292955591244942,0.018292955591244886
-4026.4406470881017,0.20542209083135379,0.018449343558257059,0.018449343558257059
-4017.7442310036772,0.20630922502337845,0.018606874333706225,0.018606874333706225
-4009.0478149192536,0.20719795731800525,0.018765555715401117,0.018765555715401117
-4000.3513988348313,0.20808828390500428,0.018925395557252922,0.018925395557252922
-3991.6549827504068,0.20898020158140601,0.019086401769703942,0.019086401769703942
-3982.9585666659832,0.20987370704026248,0.019248582320151697,0.019248582320151697
-3974.26215058156,0.21076879491454589,0.019411945233405448,0.019411945233405448
-3965.5657344971364,0.21166546127384092,0.019576498592117353,0.019576498592117464
-3956.8693184127128,0.21256370215669498,0.019742250537220118,0.019742250537220118
-3948.1729023282896,0.21346351357041549,0.019909209268371975,0.01990920926837203
-3939.476486243866,0.21436489149086546,0.020077383044406261,0.020077383044406261
-3930.7800701594419,0.21526783186225809,0.020246780183781898,0.020246780183781898
-3922.0836540750183,0.21617233059695012,0.020417409065038694,0.02041740906503875
-3913.3872379905956,0.21707838357523546,0.020589278127256583,0.020589278127256583
-3904.690821906172,0.21798598664513663,0.020762395870515815,0.020762395870515871
-3895.9944058217479,0.21889513562219526,0.020936770856362807,0.020936770856362918
-3887.2979897373243,0.21980582628926201,0.021112411708277656,0.021112411708277712
-3878.6015736529012,0.22071805439628556,0.021289327112145928,0.021289327112145817
-3869.9051575684775,0.22163181566010054,0.021467525816732946,0.021467525816732946
-3861.2087414840539,0.22254710576421385,0.02164701663416313,0.02164701663416313
-3852.5123253996308,0.22346392076633562,0.021827808440400331,0.021827808440400331
-3843.8159093152062,0.22438225758917146,0.022009910175747327,0.022009910175747271
-3835.1194932307826,0.22530211032851968,0.022193330845318104,0.022193330845317993
-3826.4230771463604,0.22622347452993291,0.022378079519527083,0.022378079519527139
-3817.7266610619367,0.22714634570452713,0.022564165334589992,0.022564165334589992
-3809.0302449775122,0.22807071932876161,0.022751597493020803,0.022751597493020803
-3800.333828893089,0.22899659084421908,0.022940385264134999,0.022940385264135055
-3791.6374128086654,0.22992395565738447,0.023130537984554889,0.023130537984555111
-3782.9409967242418,0.23085280913942213,0.023322065058718477,0.023322065058718644
-3774.2445806398187,0.23178314662595279,0.023514975959390672,0.023514975959390838
-3765.548164555395,0.23271496341682923,0.023709280228180751,0.023709280228180918
-3756.8517484709714,0.23364825477591061,0.023904987476060735,0.023904987476060902
-3748.1553323865473,0.23458301593083625,0.024102107383888571,0.024102107383888627
-3739.4589163021246,0.23551924207279798,0.024300649702934274,0.024300649702934385
-3730.762500217701,0.23645692835631227,0.024500624255410053,0.024500624255410108
-3722.0660841332769,0.23739606989899006,0.024702040935003555,0.024702040935003555
-3713.3696680488533,0.23833666641094114,0.024904909707473333,0.024904909707473333
-3704.6732519644297,0.23927870940153401,0.025109240611193073,0.025109240611193184
-3695.9768358800075,0.24022219296509983,0.025315043757537681,0.025315043757537847
-3687.2804197955829,0.24116711206634095,0.025522329331525928,0.025522329331526095
-3678.5840037111593,0.24211346163185982,0.025731107592373181,0.025731107592373403
-3669.8875876267361,0.24306123654992443,0.0259413888740464,0.025941388874046567
-3661.1911715423116,0.24401043167023145,0.026153183585822415,0.02615318358582247
-3652.4947554578889,0.24496104180366779,0.026366502212850362,0.026366502212850362
-3643.7983393734658,0.24591306384876593,0.026581355316729949,0.026581355316729949
-3635.1019232890421,0.2468664956799651,0.026797753536285107,0.026797753536285107
-3626.4055072046181,0.24782132688206521,0.027015707587795923,0.027015707587796089
-3617.7090911201944,0.24877755210508784,0.027235228265622691,0.027235228265622968
-3609.0126750357717,0.24973516595900885,0.0274563264428625,0.027456326442862666
-3600.3162589513477,0.25069416301351405,0.027679013071932212,0.027679013071932268
-3591.619842866924,0.2516545377977536,0.027903299185156383,0.027903299185156383
-3582.9234267825004,0.25261629068782421,0.02812919589546764,0.028129195895467751
-3574.2270106980764,0.25357941308377174,0.028356714397137384,0.028356714397137439
-3565.5305946136536,0.25454389668857752,0.028585865965832513,0.02858586596583268
-3556.83417852923,0.25550973586331682,0.028816661959490619,0.02881666195949073
-3548.1377624448069,0.25647692492725449,0.029049113818947203,0.029049113818947203
-3539.4413463603823,0.25744545927237783,0.029283233068548742,0.029283233068548853
-3530.7449302759587,0.25841534056493326,0.0295190313171389,0.029519031317139011
-3522.0485141915365,0.25938655457107468,0.029756520258194363,0.029756520258194641
-3513.3520981071119,0.26035909543666974,0.029995711670312841,0.029995711670313008
-3504.6556820226883,0.26133295726447414,0.030236617418070488,0.030236617418070599
-3495.9592659382652,0.26230813646011236,0.030479249452668888,0.030479249452668888
-3487.2628498538415,0.26328463285346648,0.030723619813059044,0.030723619813059155
-3478.5664337694179,0.26426243235776042,0.030969740625805653,0.030969740625805819
-3469.8700176849948,0.26524152889691788,0.031217624105753794,0.031217624105753961
-3461.1736016005711,0.26622191635042314,0.031467282556897236,0.031467282556897236
-3452.4771855161466,0.26720359769969859,0.031718728373336447,0.031718728373336502
-3443.7807694317235,0.26818655970189015,0.031971974039937179,0.031971974039937401
-3435.0843533473007,0.26917079407014555,0.032227032132089772,0.032227032132089828
-3426.3879372628771,0.27015629449957113,0.032483915316916856,0.032483915316916856
-3417.6915211784531,0.27114306384481013,0.032742636354280374,0.032742636354280541
-3408.9951050940294,0.27213108915018691,0.033003208097540149,0.033003208097540426
-3400.2986890096058,0.2731203613927754,0.03326564349311073,0.033265643493110786
-3391.6022729251827,0.27411087453995742,0.033529955581783899,0.03352995558178401
-3382.905856840759,0.27510263345358343,0.033796157500094903,0.03379615750009507
-3374.2094407563354,0.27609561973622021,0.03406426248028005,0.034064262480280216
-3365.5130246719114,0.27708982674826993,0.034334283850443958,0.034334283850444069
-3356.8166085874877,0.27808525463527001,0.034606235036001187,0.034606235036001187
-3348.120192503065,0.27908189579934217,0.034880129561029483,0.034880129561029649
-3339.4237764186419,0.28007973752357851,0.035155981047236717,0.035155981047236717
-3330.7273603342173,0.28107877606035675,0.035433803215400073,0.035433803215400184
-3322.0309442497942,0.28207901153543874,0.035713609887186637,0.035713609887186804
-3313.3345281653706,0.28308042693770163,0.035995414984281493,0.03599541498428166
-3304.6381120809469,0.28408301672144942,0.036279232529205563,0.036279232529205563
-3295.9416959965238,0.28508678449868646,0.036565076647459838,0.036565076647460115
-3287.2452799121002,0.28609171109782644,0.036852961566942566,0.036852961566942732
-3278.5488638276765,0.28709779115502332,0.037142901618295254,0.037142901618295254
-3269.8524477432525,0.28810502776022129,0.037434911237384627,0.037434911237384738
-3261.1560316588298,0.28911340160109478,0.037729004964519086,0.037729004964519197
-3252.4596155744061,0.29012290935686652,0.038025197444938152,0.038025197444938152
-3243.7631994899821,0.29113354982328821,0.038323503431474726,0.038323503431474892
-3235.0667834055585,0.29214530544946482,0.03862393778311185,0.038623937783111961
-3226.3703673211348,0.29315817669660571,0.038926515466363942,0.038926515466364109
-3217.6739512367126,0.2941721545374828,0.039231251557485247,0.039231251557485469
-3208.9775351522881,0.29518722496366739,0.039538161240565528,0.039538161240565528
-3200.2811190678644,0.29620339383133232,0.039847259810369962,0.039847259810370128
-3191.5847029834413,0.29722064101209839,0.040158562672674147,0.040158562672674314
-3182.8882868990167,0.29823896351805923,0.040472085343561059,0.04047208534356117
-3174.191870814594,0.29925835661835076,0.040787843452852746,0.040787843452852912
-3165.4954547301709,0.30027880352859898,0.041105852741946225,0.041105852741946225
-3156.7990386457464,0.30130031045892203,0.041426129066571948,0.04142612906657217
-3148.1026225613227,0.3023228560270656,0.041748688397124589,0.041748688397124645
-3139.4062064768996,0.30334644017463097,0.042073546818191421,0.042073546818191476
-3130.7097903924769,0.3043710523295301,0.042400720531800329,0.042400720531800495
-3122.0133743080523,0.30539668235752165,0.042730225854991699,0.042730225854991755
-3113.3169582236292,0.30642332851889603,0.043062079223835592,0.04306207922383587
-3104.6205421392056,0.30745097253768411,0.043396297191327315,0.043396297191327315
-3095.9241260547815,0.30847961960990078,0.043732896430270618,0.043732896430271007
-3087.2277099703579,0.30950924692303333,0.04407189373286563,0.044071893732865575
-3078.5312938859352,0.31053985953582142,0.044413306011631959,0.044413306011632181
-3069.834877801512,0.31157143710343199,0.044757150300959225,0.044757150300959281
-3061.1384617170875,0.3126039811351029,0.04510344375632902,0.045103443756329187
-3052.4420456326638,0.31363747455694685,0.045452203657156631,0.045452203657156631
-3043.7456295482407,0.31467191613790996,0.045803447405126707,0.045803447405126929
-3035.0492134638171,0.31570729047656937,0.046157192527613189,0.046157192527613244
-3026.3527973793935,0.3167435951526078,0.046513456675678688,0.046513456675678855
-3017.6563812949703,0.31778081492712734,0.046872257627646408,0.046872257627646408
-3008.9599652105467,0.31881894765217161,0.047233613287105958,0.047233613287106124
-3000.2635491261221,0.31985797683166373,0.04759754168633118,0.04759754168633118
-2991.5671330416999,0.32089790196052914,0.047964060984604984,0.047964060984605261
-2982.8707169572763,0.32193870395774848,0.048333189471116866,0.048333189471116866
-2974.1743008728517,0.32298038523883787,0.048704945564068514,0.048704945564068847
-2965.4778847884286,0.32402292447547554,0.049079347812469087,0.049079347812469143
-2956.781468704005,0.3250663234717,0.049456414896700829,0.049456414896701106
-2948.0850526195823,0.326110563639816,0.049836165628551199,0.04983616562855131
-2939.3886365351582,0.32715564145331977,0.050218618953606631,0.050218618953606908
-2930.6922204507346,0.32820154474102209,0.050603793949682174,0.050603793949682452
-2921.9958043663109,0.32924826277360481,0.05099170983033724,0.050991709830337351
-2913.2993882818869,0.33029579073655918,0.051382385942876974,0.051382385942877251
-2904.6029721974642,0.33134411122285845,0.051775841771385167,0.051775841771385167
-2895.9065561130406,0.33239322335820676,0.052172096936286438,0.05217209693628666
-2887.2101400286165,0.33344310991762405,0.052571171194861599,0.052571171194861821
-2878.5137239441929,0.33449376309803458,0.052973084443531715,0.052973084443531715
-2869.8173078597692,0.33554517565959241,0.053377856716369576,0.053377856716369854
-2861.120891775347,0.33659733154057025,0.05378550818796779,0.05378550818796779
-2852.4244756909225,0.33765022702823533,0.054196059173155731,0.054196059173156008
-2843.7280596064988,0.33870384780108831,0.054609530127184724,0.054609530127185002
-2835.0316435220757,0.33975818141066771,0.055025941648162102,0.055025941648162102
-2826.3352274376512,0.34081322524667296,0.05544531447609552,0.055445314476095908
-2817.6388113532289,0.34186896108945786,0.055867669494295835,0.055867669494296057
-2808.9423952688053,0.34292537921393706,0.056293027730777379,0.056293027730777379
-2800.2459791843817,0.34398247451066372,0.056721410357578272,0.05672141035757855
-2791.5495630999576,0.34504022989538796,0.057152838692482111,0.057152838692482333
-2782.853147015534,0.3460986350101059,0.057587334199920792,0.057587334199920792
-2774.1567309311113,0.3471576845632065,0.058024918490655664,0.058024918490655941
-2765.4603148466872,0.34821736153356941,0.058465613323196386,0.058465613323196663
-2756.7638987622636,0.34927765496820568,0.058909440604811014,0.058909440604811014
-2748.06748267784,0.35033855801285912,0.059356422391493024,0.059356422391493247
-2739.3710665934168,0.3514000561424685,0.059806580888663474,0.059806580888663807
-2730.6746505089932,0.35246213692243034,0.060259938452673245,0.060259938452673301
-2721.9782344245696,0.35352479021336775,0.060716517590901242,0.060716517590901242
-2713.2818183401464,0.35458800656388351,0.061176340962012576,0.061176340962012798
-2704.5854022557219,0.35565177088171424,0.061639431377375153,0.061639431377375375
-2695.8889861712983,0.35671607151829143,0.062105811801565047,0.062105811801565103
-2687.192570086876,0.35778089822239734,0.062575505352784222,0.062575505352784333
-2678.4961540024515,0.35884623970224289,0.063048535303231124,0.063048535303231401
-2669.7997379180279,0.35991208162858873,0.063524925080360839,0.063524925080361283
-2661.1033218336047,0.36097841194177516,0.064004698267274063,0.064004698267274229
-2652.4069057491811,0.36204521866056844,0.064487878603227522,0.064487878603227522
-2643.7104896647575,0.36311249198727613,0.064974489984048089,0.064974489984048367
-2635.0140735803343,0.36418021661295941,0.065464556462989931,0.065464556462990264
-2626.3176574959107,0.36524838005769766,0.065958102251393147,0.06595810225139348
-2617.6212414114862,0.36631696973304267,0.066455151719081784,0.066455151719081951
-2608.924825327063,0.3673859729636399,0.06695572939491734,0.06695572939491734
-2600.2284092426403,0.36845537891219748,0.067459859967235247,0.067459859967235414
-2591.5319931582167,0.36952517244066019,0.067967568284510727,0.06796756828451106
-2582.8355770737926,0.37059534052882476,0.068478879355950706,0.06847887935595115
-2574.139160989369,0.37166587004500384,0.068993818351878233,0.068993818351878622
-2565.4427449049458,0.37273674774542226,0.069512410604218422,0.069512410604218533
-2556.7463288205222,0.37380796027361374,0.070034681606968963,0.070034681606968963
-2548.0499127360986,0.37487949494018197,0.07056065701663472,0.07056065701663472
-2539.3534966516754,0.37595133763586397,0.071090362652652339,0.071090362652652506
-2530.6570805672518,0.37702347424046068,0.071623824497920929,0.071623824497921318
-2521.9606644828273,0.37809589094968887,0.072161068699135966,0.072161068699136299
-2513.264248398405,0.37916857384365577,0.072702121567170153,0.072702121567170597
-2504.5678323139814,0.38024150888626496,0.073247009577443678,0.073247009577444011
-2495.8714162295569,0.38131468192462337,0.073795759370272884,0.073795759370273162
-2487.1750001451337,0.38238807868844971,0.074348397751201389,0.074348397751201611
-2478.4785840607101,0.38346168478948744,0.074904951691310284,0.074904951691310173
-2469.7821679762865,0.38453548572091589,0.075465448327506846,0.075465448327506846
-2461.0857518918633,0.3856094669419502,0.076029914962793432,0.076029914962793432
-2452.3893358074397,0.38668361374984123,0.076598379066507793,0.076598379066507905
-2443.6929197230161,0.3877579110762166,0.077170868274559323,0.077170868274559434
-2434.996503638592,0.38883234394388544,0.077747410389621407,0.077747410389621519
-2426.3000875541693,0.38990689725427008,0.078328033381304785,0.078328033381304896
-2417.6036714697457,0.39098155578683613,0.078912765386308537,0.078912765386308703
-2408.9072553853216,0.3920563041985215,0.079501634708544489,0.079501634708544766
-2400.210839300898,0.39313112702317088,0.080094669819236852,0.080094669819237019
-2391.5144232164744,0.39420600867097405,0.080691899356992502,0.08069189935699278
-2382.8180071320521,0.39528093342790427,0.081293352127846497,0.081293352127846719
-2374.1215910476276,0.39635588545516376,0.08189905710527623,0.081899057105276396
-2365.425174963204,0.39743084878863022,0.082509043430187223,0.082509043430187279
-2356.7287588787808,0.39850580733830776,0.083123340410868496,0.083123340410868662
-2348.0323427943563,0.39958074488778261,0.083741977522918065,0.083741977522918065
-2339.3359267099336,0.40065564509368112,0.084364984409132981,0.084364984409132981
-2330.6395106255104,0.40173049147522188,0.084992390879371438,0.084992390879371549
-2321.9430945410868,0.40280526729994148,0.085624226910373746,0.085624226910373691
-2313.2466784566627,0.40387995590455728,0.086260522645553506,0.086260522645553561
-2304.5502623722391,0.40495454042169399,0.086901308394756904,0.086901308394757182
-2295.8538462878164,0.4060290038543023,0.087546614633980169,0.087546614633980502
-2287.1574302033923,0.40710332907514524,0.088196472005051707,0.08819647200505204
-2278.4610141189687,0.40817749882628873,0.088850911315274728,0.088850911315275283
-2269.7645980345451,0.4092514957185987,0.089509963537033388,0.089509963537033832
-2261.068181950121,0.41032530223124308,0.090173659807354867,0.090173659807355089
-2252.3717658656983,0.41139890071119856,0.090842031427432801,0.090842031427432968
-2243.6753497812747,0.41247227333736791,0.091515109862108535,0.091515109862108424
-2234.9789336968515,0.41354540125843336,0.09219292673925078,0.092192926739250836
-2226.282517612427,0.4146182671986558,0.092875513849185465,0.092875513849185853
-2217.5861015280034,0.41569085295986496,0.09356290314409299,0.093562903144093545
-2208.8896854435811,0.41676314020925603,0.094255126737271544,0.094255126737272099
-2200.1932693591566,0.41783511047893529,0.094952216902390585,0.094952216902390751
-2191.496853274733,0.41890674516547072,0.095654206072693149,0.095654206072693149
-2182.8004371903098,0.41997802367196546,0.096361126840018574,0.09636112684001874
-2174.1040211058862,0.4210489286898953,0.097073011953976718,0.097073011953977162
-2165.4076050214626,0.42211944122296874,0.097789894321165804,0.097789894321166249
-2156.7111889370394,0.42318954210918969,0.098511807004052154,0.098511807004052321
-2148.0147728526158,0.42425921143996448,0.099238783219900761,0.099238783219900817
-2139.3183567681913,0.42532842811777449,0.099970856339335112,0.099970856339335445
-2130.6219406837681,0.42639717451195541,0.10070805988560078,0.10070805988560128
-2121.9255245993454,0.4274654308948288,0.10145042753335698,0.1014504275333572
-2113.2291085149218,0.42853317673300595,0.10219799310724254,0.10219799310724259
-2104.5326924304977,0.42960038954708918,0.10295079058002721,0.1029507905800276
-2095.8362763460741,0.4306670519563317,0.10370885407183517,0.10370885407183567
-2087.1398602616505,0.43173314366081372,0.10447221784875593,0.10447221784875599
-2078.4434441772273,0.43279864138758284,0.1052409163208633,0.10524091632086352
-2069.7470280928037,0.43386352528284389,0.10601498404012155,0.10601498404012205
-2061.0506120083801,0.43492777630317342,0.10679445570000251,0.10679445570000268
-2052.3541959239569,0.43599137145381961,0.10757936613308683,0.107579366133087
-2043.6577798395324,0.43705428813638875,0.10836975030823137,0.10836975030823187
-2034.9613637551099,0.43811650841972577,0.10916564333035156,0.10916564333035172
-2026.2649476706865,0.43917800830526882,0.1099670804379092,0.10996708043790931
-2017.568531586262,0.44023876488592689,0.11077409699943741,0.11077409699943791
-2008.8721155018386,0.44129876017948544,0.1115867285136336,0.11158672851363366
-2000.1756994174152,0.44235796754074863,0.11240501060606917,0.11240501060606939
-1991.4792833329916,0.44341636691055297,0.1132289790257287,0.1132289790257292
-1982.7828672485682,0.44447393822726439,0.11405866964540851,0.11405866964540851
-1974.0864511641448,0.44553065170790085,0.11489411845638292,0.11489411845638337
-1965.3900350797212,0.44658649251211296,0.11573536156742154,0.1157353615674217
-1956.6936189952969,0.44764143235462939,0.11658243520264416,0.11658243520264444
-1947.9972029108744,0.44869545022253521,0.11743537569618856,0.11743537569618895
-1939.3007868264508,0.4497485238766315,0.11829421949336211,0.11829421949336222
-1930.6043707420265,0.45080062556498668,0.11915900314334787,0.11915900314334837
-1921.9079546576031,0.45185173853269811,0.12002976330020848,0.12002976330020843
-1913.2115385731797,0.45290182946875046,0.12090653671664342,0.12090653671664398
-1904.515122488757,0.4539508851102157,0.12178936024272685,0.12178936024272685
-1895.8187064043327,0.45499887008381829,0.12267827082191213,0.12267827082191274
-1887.1222903199093,0.45604577108883454,0.12357330548716555,0.12357330548716555
-1878.4258742354857,0.4570915527738223,0.12447450135875671,0.12447450135875726
-1869.7294581510614,0.45813620126133192,0.12538189563885305,0.12538189563885305
-1861.0330420666389,0.45917968011019483,0.1262955256096851,0.12629552560968565
-1852.3366259822153,0.46022197636507273,0.1272154286281057,0.1272154286281057
-1843.6402098977919,0.46126305186760075,0.12814164212248913,0.12814164212248969
-1834.9437938133676,0.4623028931751243,0.12907420358902694,0.12907420358902705
-1826.2473777289442,0.46334146502069795,0.13001315058563084,0.13001315058563129
-1817.5509616445215,0.46437874815385016,0.13095852073128228,0.1309585207312825
-1808.8545455600972,0.46541471374227383,0.13191035169640558,0.1319103516964058
-1800.1581294756738,0.46644933401212607,0.13286868120459538,0.13286868120459588
-1791.4617133912502,0.46748258940281495,0.13383354702164879,0.13383354702164879
-1782.7652973068259,0.4685144406584475,0.13480498695560633,0.13480498695560683
-1774.0688812224034,0.46954487340805184,0.13578303884999543,0.13578303884999565
-1765.3724651379798,0.47057385520077394,0.13676774057693558,0.13676774057693575
-1756.6760490535564,0.47160135677478671,0.13775913003693757,0.13775913003693813
-1747.9796329691321,0.47262735777005488,0.13875724514795568,0.13875724514795573
-1739.2832168847085,0.47365182251565852,0.13976212384276276,0.13976212384276304
-1730.586800800286,0.47467472679655609,0.14077380406535078,0.14077380406535134
-1721.8903847158617,0.47569604666684023,0.14179232376029838,0.14179232376029849
-1713.1939686314381,0.47671574621248342,0.14281772087028322,0.14281772087028344
-1704.4975525470147,0.4777338004612095,0.14385003333141372,0.14385003333141422
-1695.8011364625913,0.47875018471326813,0.14488929906269465,0.14488929906269482
-1687.1047203781677,0.47976486622260206,0.14593555596224855,0.14593555596224861
-1678.4083042937443,0.48077781259133623,0.14698884190302197,0.14698884190302247
-1669.7118882093209,0.48178900163069849,0.14804919472236139,0.14804919472236183
-1661.0154721248966,0.48279840381235806,0.14911665221632803,0.14911665221632814
-1652.319056040473,0.48380598316963053,0.15019125213401363,0.1501912521340138
-1643.6226399560505,0.4848117123297333,0.15127303217134014,0.15127303217134064
-1634.9262238716271,0.48581556497010836,0.15236202996069692,0.15236202996069742
-1626.2298077872026,0.48681751076720181,0.15345828306521242,0.15345828306521253
-1617.5333917027792,0.48781751701644993,0.15456182897148979,0.15456182897148979
-1608.8369756183558,0.48881554869571786,0.15567270508310571,0.15567270508310599
-1600.1405595339322,0.48981158156505866,0.15679094871063293,0.15679094871063343
-1591.4441434495088,0.49080558451493994,0.15791659706396288,0.15791659706396338
-1582.7477273650854,0.49179752623673689,0.15904968724470137,0.15904968724470159
-1574.0513112806611,0.49278737522349814,0.16019025623782635,0.16019025623782635
-1565.3548951962375,0.49377509520040425,0.16133834090343152,0.16133834090343158
-1556.658479111815,0.49476065685401355,0.16249397796826892,0.16249397796826914
-1547.9620630273914,0.49574403038576742,0.16365720401557726,0.16365720401557771
-1539.2656469429671,0.49672518352143169,0.16482805547682655,0.16482805547682705
-1530.5692308585437,0.49770408379296621,0.16600656862257779,0.16600656862257829
-1521.8728147741203,0.49868069853956426,0.16719277955310374,0.16719277955310419
-1513.1763986896967,0.49965499490873799,0.16838672418883061,0.16838672418883088
-1504.4799826052733,0.50062693985745477,0.16958843826060188,0.16958843826060205
-1495.7835665208499,0.50159650015332102,0.17079795729976321,0.17079795729976321
-1487.0871504364263,0.50256364237581863,0.17201531662806535,0.17201531662806535
-1478.390734352002,0.50352833057922819,0.17324055134745042,0.17324055134745042
-1469.6943182675795,0.50449053359426443,0.17447369632949811,0.17447369632949816
-1460.9979021831559,0.50545021764808729,0.17571478620471459,0.1757147862047147
-1452.3014860987316,0.50640734859847458,0.17696385535182207,0.17696385535182219
-1443.6050700143082,0.507361892122001,0.17822093788675231,0.17822093788675242
-1434.9086539298846,0.50831381371558237,0.1794860676514568,0.17948606765145686
-1426.2122378454621,0.50926307869807341,0.18075927820253029,0.1807592782025304
-1417.5158217610378,0.51020965221191972,0.18204060279965306,0.18204060279965317
-1408.8194056766145,0.51115349922486486,0.18333007439384524,0.18333007439384524
-1400.1229895921908,0.51209458453171464,0.18462772561554047,0.18462772561554047
-1391.4265735077665,0.51303287151993526,0.18593358876245608,0.18593358876245603
-1382.7301574233441,0.51396832349552346,0.18724769578712352,0.18724769578712358
-1374.0337413389204,0.51490090646821707,0.18857007828462208,0.18857007828462219
-1365.337325254497,0.51583058454283082,0.18990076747989498,0.18990076747989521
-1356.6409091700727,0.51675732166097921,0.19123979421487169,0.19123979421487208
-1347.9444930856491,0.51768108160318715,0.19258718893543897,0.19258718893543947
-1339.2480770012266,0.51860182799106547,0.19394298167823448,0.19394298167823493
-1330.5516609168023,0.5195195242895414,0.19530720205725965,0.19530720205725999
-1321.8552448323787,0.52043413380915138,0.19667987925031361,0.19667987925031372
-1313.1588287479553,0.52134561970839366,0.19806104198525304,0.19806104198525304
-1304.462412663531,0.52225393804316855,0.19945071852556612,0.19945071852556623
-1295.7659965791083,0.52315905510983285,0.20084893665564069,0.20084893665564102
-1287.0695804946849,0.52406093631363471,0.20225572366871669,0.20225572366871714
-1278.3731644102616,0.52495954421354407,0.2036711063514195,0.20367110635141988
-1269.6767483258373,0.52585484122929915,0.205095110969085,0.20509511096908511
-1260.9803322414136,0.52674678696160493,0.20652776325092026,0.20652776325092026
-1252.2839161569912,0.52763533465970358,0.2079690883724844,0.20796908837248468
-1243.5875000725669,0.52852045701357975,0.20941911094406723,0.20941911094406773
-1234.8910839881432,0.52940211589845942,0.21087785499577905,0.21087785499577927
-1226.1946679037198,0.53028027306476766,0.21234534396096943,0.21234534396096943
-1217.4982518192965,0.53115487468482803,0.21382160065824452,0.21382160065824474
-1208.8018357348728,0.5320258947123131,0.21530664727625404,0.21530664727625443
-1200.1054196504494,0.53289329656499351,0.2168005053631189,0.21680050536311912
-1191.4090035660261,0.53375703716702316,0.21830319580694074,0.2183031958069408
-1182.7125874816015,0.53461706538375542,0.21981473881413649,0.21981473881413682
-1174.0161713971781,0.53547335787051287,0.22133515390109404,0.22133515390109437
-1165.3197553127557,0.5363258755647814,0.22286445987802539,0.22286445987802539
-1156.623339228332,0.5371745564310566,0.224402674824773,0.22440267482477327
-1147.9269231439077,0.53801938224977131,0.22594981607778847,0.22594981607778875
-1139.2305070594844,0.53886031383050303,0.22750590022045614,0.22750590022045619
-1130.534090975061,0.53969728648061865,0.22907094305360359,0.22907094305360404
-1121.8376748906373,0.54053028538356418,0.23064495958529846,0.23064495958529868
-1113.141258806214,0.54135926209542717,0.2322279640196227,0.23222796401962281
-1104.4448427217906,0.54218416521118651,0.23381996972295532,0.23381996972295566
-1095.748426637366,0.54300497432757477,0.23542098922454963,0.23542098922454974
-1087.0520105529426,0.54382162524686362,0.23703103419066052,0.23703103419066079
-1078.3555944685202,0.54463409435457755,0.23865011540107001,0.23865011540107023
-1069.6591783840965,0.54544233530686115,0.2402782427497725,0.24027824274977261
-1060.9627622996722,0.54624630016969511,0.24191542520291787,0.24191542520291826
-1052.2663462152489,0.54704596383113913,0.2435616708066588,0.24356167080665886
-1043.5699301308252,0.54784125964428398,0.24521698664732583,0.24521698664732622
-1034.8735140464019,0.54863217760119698,0.24688137885010414,0.24688137885010414
-1026.1770979619785,0.54941863950796788,0.24855485255188509,0.24855485255188542
-1017.480681877555,0.55020064135475444,0.25023741188635407,0.25023741188635407
-1008.7842657931315,0.55097810551269943,0.25192905996875214,0.25192905996875248
-1000.0878497087072,0.55175102539650822,0.25362979887246861,0.25362979887246867
-991.39143362428456,0.55251932260205905,0.25533962961812406,0.2553396296181244
-982.69501753986106,0.55328299209655019,0.25705855215039086,0.25705855215039086
-973.99860145543676,0.55404195508572529,0.25878656532219724,0.25878656532219746
-965.30218537101325,0.55479620260269391,0.26052366688121886,0.26052366688121886
-956.60576928658986,0.55554566681904582,0.26226985344089593,0.26226985344089609
-947.90935320216727,0.55629032242780885,0.26402512048232046,0.26402512048232057
-939.21293711774285,0.55703012138762587,0.26578946231072942,0.26578946231072953
-930.51652103331946,0.55776501504544718,0.26756287206835183,0.26756287206835205
-921.82010494889596,0.55849498123035446,0.26934534168818525,0.26934534168818514
-913.12368886447166,0.55921994394793428,0.27113686189742936,0.27113686189742958
-904.42727278004816,0.55993989243712683,0.27293742219515782,0.27293742219515793
-895.73085669562556,0.56065477284314469,0.27474701082414582,0.27474701082414588
-887.03444061120126,0.5613645337285289,0.27656561477776531,0.27656561477776564
-878.33802452677776,0.56206915282154335,0.27839321975937548,0.27839321975937553
-869.64160844235425,0.56276856947578269,0.28022981017601728,0.28022981017601734
-860.94519235793086,0.56346274585171985,0.28207536913322562,0.28207536913322584
-852.24877627350736,0.56415165208380447,0.28392987839726691,0.28392987839726702
-843.55236018908386,0.56483522932862873,0.28579331839227673,0.28579331839227684
-834.85594410466047,0.56551343858739755,0.28766566819267769,0.28766566819267791
-826.15952802023605,0.56618624982380905,0.28954690548885753,0.2895469054888577
-817.46311193581266,0.56685361379579258,0.29143700658155391,0.29143700658155391
-808.76669585139007,0.5675154750443987,0.29333594637659799,0.29333594637659821
-800.07027976696656,0.56817181106493475,0.29524369835642306,0.29524369835642322
-791.37386368254226,0.56882257944999359,0.29716023456808416,0.29716023456808416
-782.67744759811876,0.56946772491120368,0.29908552561482826,0.29908552561482832
-773.98103151369446,0.57010720801085102,0.30101954064702019,0.3010195406470203
-765.28461542927187,0.57074099747681739,0.30296224733602667,0.30296224733602684
-756.58819934484927,0.57136905135356142,0.30491361186764443,0.30491361186764443
-747.89178326042497,0.57199132184663015,0.30687359893122973,0.30687359893122973
-739.19536717600056,0.57260775897942751,0.30884217171251627,0.30884217171251632
-730.49895109157796,0.57321833611162409,0.31081929187306878,0.31081929187306895
-721.80253500715366,0.57382301186978912,0.31280491954124912,0.31280491954124923
-713.10611892273107,0.57442174504464072,0.31479901330368298,0.31479901330368304
-704.40970283830677,0.57501449233985746,0.31680153019518786,0.31680153019518786
-695.71328675388418,0.57560120092970213,0.31881242569213186,0.31881242569213186
-687.01687066945976,0.5761818450523537,0.32083165369856081,0.32083165369856087
-678.32045458503717,0.5767563842481902,0.3228591665372027,0.32285916653720281
-669.62403850061287,0.57732477826464035,0.32489491494341016,0.32489491494341027
-660.92762241618857,0.57788698706494634,0.32693884805758811,0.32693884805758811
-652.23120633176597,0.57844297083695739,0.32899091341818187,0.32899091341818187
-643.53479024734156,0.57899268811586735,0.33105105695527032,0.33105105695527026
-634.83837416291897,0.57953609212119739,0.33311922298611829,0.33311922298611835
-626.14195807849467,0.58007315380464974,0.3351953542074898,0.3351953542074898
-617.44554199407207,0.58060383434470664,0.33727939169109866,0.33727939169109877
-608.74912590964777,0.58112809518829134,0.33937127488052826,0.33937127488052832
-600.05270982522336,0.58164589805965639,0.34147094158786256,0.34147094158786268
-591.35629374080077,0.58215720496927625,0.3435783279909792,0.34357832799097932
-582.65987765637647,0.58266197822274191,0.34569336863151195,0.34569336863151201
-573.96346157195387,0.5831601804296509,0.34781599641349303,0.34781599641349314
-565.26704548753128,0.58365177451249217,0.34994614260269669,0.34994614260269674
-556.57062940310698,0.58413672371552017,0.35208373682668614,0.35208373682668626
-547.87421331868438,0.58461499161361297,0.35422870707558196,0.35422870707558196
-539.17779723425826,0.58508654212111633,0.35638097970356464,0.35638097970356464
-530.48138114983567,0.58555133950066063,0.35854047943111222,0.35854047943111222
-521.78496506541308,0.58600934837195628,0.36070712934800081,0.36070712934800087
-513.08854898098878,0.5864605337205584,0.36288085091705963,0.36288085091705968
-504.39213289656618,0.58690486090659433,0.36506156397870015,0.36506156397870015
-495.69571681214182,0.58734229567345952,0.36724918675623047,0.36724918675623053
-486.99930072771923,0.58777280415646449,0.36944363586195311,0.36944363586195311
-478.30288464329493,0.58819635289144312,0.37164482630406653,0.37164482630406659
-469.60646855887057,0.58861290882330541,0.37385267149436535,0.37385267149436541
-460.91005247444798,0.58902243931453913,0.37606708325675575,0.37606708325675575
-452.21363639002362,0.58942491215365289,0.37828797183658802,0.37828797183658808
-443.51722030560103,0.58982029556355631,0.38051524591080749,0.38051524591080754
-434.82080422117849,0.59020855820987561,0.38274881259893784,0.38274881259893789
-426.12438813675413,0.5905896692091972,0.3849885774748919,0.3849885774748919
-417.42797205232978,0.59096359813723753,0.38723444457961587,0.38723444457961592
-408.73155596790542,0.59133031503693489,0.38948631643457332,0.38948631643457332
-400.03513988348288,0.59168979042645731,0.39174409405606436,0.39174409405606447
-391.33872379906029,0.59204199530712609,0.39400767697038674,0.39400767697038674
-382.64230771463593,0.59238690117124571,0.39627696322983341,0.39627696322983341
-373.94589163021334,0.59272448000984135,0.39855184942952904,0.39855184942952904
-365.24947554578722,0.59305470432029672,0.40083223072510821,0.40083223072510821
-356.55305946136468,0.59337754315161628,0.40311800085107774,0.40311800085107774
-347.85664337694209,0.59369296625210377,0.40540905213865319,0.40540905213865319
-339.16022729251773,0.59400095483045379,0.40770527553853242,0.40770527553853242
-330.46381120809514,0.59430148349430467,0.41000656064138447,0.41000656064138447
-321.76739512367078,0.59459452739460739,0.41231279569920437,0.41231279569920437
-313.07097903924824,0.59488006223258305,0.41462386764793308,0.41462386764793308
-304.37456295482389,0.59515806426655182,0.41693966213088901,0.41693966213088901
-295.67814687039953,0.59542851031863342,0.41926006352298839,0.41926006352298839
-286.98173078597694,0.59569137778131331,0.42158495495575743,0.42158495495575743
-278.28531470155258,0.59594662965997947,0.4239142183410996,0.4239142183410996
-269.58889861713004,0.59619425794642245,0.42624773439902497,0.42624773439902497
-260.89248253270745,0.59643424281005086,0.4285853826882205,0.42858538268822044
-252.19606644828309,0.59666656400145379,0.43092704163169848,0.43092704163169848
-243.49965036385876,0.59689120187260802,0.43327258854556894,0.43327258854556894
-234.80323427943441,0.59710813738256052,0.43562189966853893,0.43562189966853893
-226.10681819501181,0.59731734721555962,0.43797485019189436,0.43797485019189436
-217.41040211058925,0.59751880424431947,0.44033131428627525,0.44033131428627525
-208.71398602616489,0.59771250507059315,0.44269116513994783,0.44269116513994783
-200.01756994174229,0.59789843315088809,0.44505427499033146,0.4450542749903314
-191.32115385731797,0.598076572575026,0.44742051515512637,0.44742051515512637
-182.62473777289361,0.59824690807082159,0.4497897560657616,0.44978975606576155
-173.92832168847104,0.5984094167630688,0.4521618673008278,0.4521618673008278
-165.23190560404669,0.59856407994140826,0.45453671761593806,0.454536717615938
-156.53548951962412,0.59871089692293178,0.45691417498844372,0.45691417498844372
-147.83907343519977,0.59884985504768384,0.45929410665042814,0.45929410665042814
-139.14265735077717,0.59898094231461341,0.46167637912347881,0.46167637912347881
-130.4462412663546,0.59910414738514883,0.46406085825539245,0.46406085825539245
-121.7498251819285,0.59921943731126781,0.46644740925286793,0.46644740925286793
-113.05340909750591,0.59932682382490798,0.4688358967231413,0.4688358967231413
-104.35699301308156,0.59942629790924529,0.47122618471707312,0.47122618471707312
-95.660576928658983,0.59951785092565624,0.47361813676294823,0.47361813676294823
-86.964160844236389,0.59960147491312377,0.47601161590524976,0.47601161590524976
-78.267744759812061,0.59967714236741032,0.47840648474008174,0.47840648474008174
-69.571328675389466,0.59974486343481193,0.48080260545562775,0.4808026054556277
-60.874912590963369,0.59980463553963692,0.48319983988054743,0.48319983988054743
-52.178496506540782,0.59985645347192551,0.48559804951801178,0.48559804951801178
-43.482080422118194,0.59990031270936117,0.48799709558579774,0.48799709558579774
-34.785664337693859,0.59993618790745296,0.49039683905250681,0.49039683905250675
-26.089248253271268,0.59996409476007007,0.49279714068015634,0.49279714068015634
-17.39283216884693,0.5999840334383868,0.49519786107320024,0.49519786107320024
-8.6964160844243423,0.59999600220126459,0.49759886071326476,0.49759886071326476
0,0.59999999999999998,0.5,0.5
8.6964160844243423,0.59999600220126459,0.50240113928673524,0.50240113928673524
17.39283216884693,0.5999840334383868,0.50480213892679981,0.50480213892679981
26.089248253271268,0.59996409476007007,0.50720285931984366,0.50720285931984366
34.785664337693859,0.59993618790745296,0.50960316094749325,0.50960316094749325
43.482080422116439,0.59990031270936117,0.51200290441420182,0.51200290441420182
52.178496506540782,0.59985645347192551,0.51440195048198822,0.51440195048198822
60.874912590965124,0.59980463553963692,0.51680016011945307,0.51680016011945307
69.571328675389466,0.59974486343481193,0.5191973945443723,0.5191973945443723
78.267744759812061,0.59967714236741032,0.52159351525991826,0.52159351525991826
86.964160844234641,0.59960147491312377,0.52398838409474979,0.52398838409474979
95.660576928658983,0.59951785092565624,0.52638186323705172,0.52638186323705172
104.35699301308156,0.59942629790924529,0.52877381528292688,0.52877381528292688
113.05340909750767,0.59932682382490798,0.53116410327685915,0.53116410327685915
121.74982518193025,0.59921943731126781,0.53355259074713257,0.53355259074713257
130.44624126635284,0.59910414738514883,0.53593914174460699,0.53593914174460711
139.14265735077717,0.59898094231461341,0.53832362087652119,0.53832362087652119
147.83907343519977,0.59884985504768384,0.54070589334957186,0.54070589334957186
156.53548951962412,0.59871089692293178,0.54308582501155622,0.54308582501155633
165.23190560404669,0.59856407994140826,0.54546328238406194,0.54546328238406194
173.92832168847104,0.5984094167630688,0.54783813269917214,0.54783813269917214
182.62473777289537,0.59824690807082159,0.5502102439342389,0.5502102439342389
191.32115385731797,0.598076572575026,0.55257948484487363,0.55257948484487363
200.01756994174229,0.59789843315088809,0.55494572500966854,0.55494572500966854
208.71398602616489,0.59771250507059315,0.55730883486005212,0.55730883486005212
217.41040211058748,0.59751880424431947,0.5596686857137243,0.5596686857137243
226.10681819501181,0.59731734721555962,0.5620251498081057,0.5620251498081057
234.80323427943617,0.59710813738256041,0.56437810033146152,0.56437810033146152
243.4996503638605,0.59689120187260802,0.56672741145443151,0.56672741145443151
252.19606644828309,0.59666656400145379,0.56907295836830152,0.56907295836830152
260.89248253270569,0.59643424281005086,0.57141461731177901,0.57141461731177912
269.58889861713004,0.59619425794642245,0.57375226560097503,0.57375226560097503
278.28531470155258,0.59594662965997947,0.57608578165890045,0.57608578165890045
286.98173078597694,0.59569137778131331,0.57841504504424257,0.57841504504424257
295.67814687040129,0.59542851031863342,0.58073993647701205,0.58073993647701205
304.37456295482389,0.59515806426655182,0.58306033786911104,0.58306033786911104
313.07097903924824,0.59488006223258305,0.58537613235206687,0.58537613235206698
321.76739512367078,0.59459452739460739,0.58768720430079568,0.58768720430079568
330.46381120809514,0.59430148349430467,0.58999343935861548,0.58999343935861548
339.16022729251773,0.59400095483045379,0.59229472446146758,0.59229472446146758
347.85664337694033,0.59369296625210388,0.59459094786134636,0.59459094786134636
356.55305946136639,0.59337754315161606,0.5968819991489227,0.5968819991489227
365.24947554578898,0.59305470432029672,0.59916776927489224,0.59916776927489224
373.94589163021334,0.59272448000984135,0.60144815057047096,0.60144815057047096
382.64230771463593,0.59238690117124571,0.60372303677016659,0.60372303677016659
391.33872379905853,0.59204199530712609,0.60599232302961281,0.6059923230296127
400.03513988348288,0.59168979042645731,0.60825590594393564,0.60825590594393553
408.73155596790542,0.59133031503693489,0.61051368356542668,0.61051368356542668
417.42797205233154,0.59096359813723742,0.61276555542038458,0.61276555542038458
426.12438813675413,0.5905896692091972,0.6150114225251081,0.6150114225251081
434.82080422117673,0.59020855820987572,0.61725118740106166,0.61725118740106166
443.51722030560103,0.58982029556355631,0.61948475408919257,0.61948475408919246
452.21363639002362,0.58942491215365289,0.62171202816341198,0.62171202816341187
460.91005247444798,0.58902243931453913,0.62393291674324425,0.62393291674324425
469.60646855887057,0.58861290882330541,0.6261473285056347,0.62614732850563459
478.30288464329493,0.58819635289144312,0.62835517369593341,0.62835517369593341
486.99930072771923,0.58777280415646449,0.63055636413804694,0.63055636413804694
495.69571681214182,0.58734229567345952,0.63275081324376958,0.63275081324376947
504.39213289656618,0.58690486090659433,0.63493843602129985,0.63493843602129985
513.08854898098878,0.5864605337205584,0.63711914908294043,0.63711914908294032
521.78496506541137,0.58600934837195651,0.6392928706519988,0.63929287065199869
530.48138114983567,0.58555133950066063,0.64145952056888778,0.64145952056888778
539.17779723426008,0.58508654212111622,0.64361902029643581,0.64361902029643581
547.87421331868438,0.58461499161361297,0.64577129292441804,0.64577129292441804
556.57062940310698,0.58413672371552017,0.64791626317331386,0.64791626317331374
565.26704548752957,0.58365177451249228,0.65005385739730293,0.65005385739730281
573.96346157195387,0.5831601804296509,0.65218400358650697,0.65218400358650686
582.65987765637647,0.58266197822274191,0.65430663136848799,0.65430663136848799
591.35629374080258,0.58215720496927614,0.65642167200902124,0.65642167200902113
600.05270982522518,0.58164589805965639,0.65852905841213782,0.65852905841213771
608.74912590964777,0.58112809518829134,0.66062872511947179,0.66062872511947168
617.44554199407207,0.58060383434470664,0.66272060830890134,0.66272060830890123
626.14195807849467,0.58007315380464974,0.6648046457925102,0.6648046457925102
634.83837416291897,0.57953609212119739,0.66688077701388171,0.6668807770138816
643.53479024734156,0.57899268811586735,0.66894894304472974,0.66894894304472974
652.23120633176597,0.57844297083695739,0.67100908658181813,0.67100908658181813
660.92762241619027,0.57788698706494623,0.67306115194241234,0.67306115194241223
669.62403850061287,0.57732477826464035,0.67510508505658984,0.67510508505658973
678.32045458503717,0.5767563842481902,0.6771408334627973,0.67714083346279719
687.01687066945976,0.5761818450523537,0.67916834630143919,0.67916834630143907
695.71328675388236,0.57560120092970224,0.68118757430786769,0.68118757430786769
704.40970283830677,0.57501449233985746,0.68319846980481214,0.68319846980481214
713.10611892273107,0.57442174504464072,0.68520098669631702,0.6852009866963169
721.80253500715537,0.57382301186978901,0.68719508045875122,0.68719508045875122
730.49895109157796,0.57321833611162409,0.68918070812693122,0.689180708126931
739.19536717600056,0.57260775897942751,0.69115782828748373,0.69115782828748373
747.89178326042497,0.57199132184663015,0.69312640106877033,0.69312640106877033
756.58819934484757,0.57136905135356153,0.69508638813235524,0.69508638813235513
765.28461542927187,0.57074099747681739,0.69703775266397328,0.69703775266397316
773.98103151369617,0.57010720801085091,0.69898045935298025,0.69898045935298003
782.67744759811876,0.56946772491120368,0.70091447438517174,0.70091447438517163
791.37386368254317,0.56882257944999348,0.70283976543191606,0.70283976543191606
800.07027976696577,0.56817181106493475,0.70475630164357672,0.70475630164357661
808.76669585139007,0.5675154750443987,0.70666405362340201,0.70666405362340179
817.46311193581266,0.56685361379579258,0.70856299341844609,0.70856299341844609
826.15952802023526,0.56618624982380905,0.71045309451114225,0.71045309451114214
834.85594410466138,0.56551343858739744,0.71233433180732253,0.71233433180732231
843.55236018908386,0.56483522932862873,0.71420668160772327,0.71420668160772316
852.24877627350827,0.56415165208380447,0.7160701216027332,0.7160701216027332
860.94519235793086,0.56346274585171985,0.71792463086677438,0.71792463086677416
869.64160844235346,0.5627685694757828,0.71977018982398255,0.71977018982398255
878.33802452677776,0.56206915282154335,0.72160678024062452,0.72160678024062452
887.03444061120035,0.5613645337285289,0.72343438522223447,0.72343438522223413
895.73085669562647,0.56065477284314469,0.72525298917585435,0.72525298917585435
904.42727278004907,0.55993989243712672,0.7270625778048424,0.72706257780484229
913.12368886447166,0.55921994394793428,0.72886313810257064,0.72886313810257042
921.82010494889596,0.55849498123035446,0.73065465831181475,0.73065465831181486
930.51652103331855,0.55776501504544729,0.73243712793164806,0.73243712793164772
939.21293711774285,0.55703012138762587,0.73421053768927058,0.73421053768927047
947.90935320216545,0.55629032242780896,0.73597487951767926,0.73597487951767904
956.60576928658986,0.55554566681904582,0.73773014655910407,0.73773014655910396
965.30218537101416,0.55479620260269391,0.73947633311878136,0.73947633311878125
973.99860145543676,0.55404195508572529,0.74121343467780276,0.74121343467780254
982.69501753986106,0.55328299209655019,0.74294144784960914,0.74294144784960914
991.39143362428365,0.55251932260205927,0.74466037038187571,0.74466037038187538
1000.0878497087062,0.55175102539650833,0.74637020112753116,0.74637020112753116
1008.7842657931324,0.55097810551269932,0.74807094003124808,0.74807094003124774
1017.480681877555,0.55020064135475444,0.74976258811364593,0.74976258811364593
1026.1770979619794,0.54941863950796765,0.75144514744811508,0.75144514744811475
1034.8735140464019,0.54863217760119698,0.75311862114989592,0.75311862114989592
1043.5699301308246,0.5478412596442841,0.75478301335267406,0.75478301335267362
1052.2663462152489,0.54704596383113913,0.7564383291933412,0.7564383291933412
1060.9627622996713,0.54624630016969511,0.75808457479708191,0.75808457479708169
1069.6591783840975,0.54544233530686115,0.75972175725022772,0.7597217572502275
1078.3555944685202,0.54463409435457755,0.76134988459892994,0.76134988459892972
1087.0520105529426,0.54382162524686362,0.76296896580933948,0.76296896580933926
1095.7484266373669,0.54300497432757466,0.76457901077545054,0.76457901077545043
1104.4448427217897,0.54218416521118662,0.76618003027704451,0.76618003027704418
1113.141258806214,0.54135926209542717,0.76777203598037724,0.76777203598037724
1121.8376748906364,0.54053028538356429,0.76935504041470137,0.76935504041470115
1130.534090975061,0.53969728648061865,0.77092905694639646,0.77092905694639602
1139.2305070594853,0.53886031383050303,0.77249409977954397,0.77249409977954397
1147.9269231439077,0.53801938224977131,0.77405018392221159,0.77405018392221125
1156.623339228332,0.5371745564310566,0.77559732517522706,0.77559732517522673
1165.3197553127548,0.53632587556478151,0.7771355401219745,0.7771355401219745
1174.0161713971772,0.53547335787051287,0.77866484609890585,0.77866484609890541
1182.7125874816015,0.53461706538375542,0.78018526118586351,0.78018526118586318
1191.4090035660261,0.53375703716702316,0.7816968041930592,0.7816968041930592
1200.1054196504504,0.53289329656499329,0.78319949463688121,0.78319949463688099
1208.8018357348728,0.5320258947123131,0.78469335272374596,0.78469335272374563
1217.4982518192955,0.53115487468482814,0.78617839934175526,0.78617839934175504
1226.1946679037198,0.53028027306476766,0.78765465603903051,0.78765465603903051
1234.8910839881423,0.52940211589845954,0.78912214500422084,0.78912214500422051
1243.5875000725669,0.52852045701357975,0.79058088905593271,0.79058088905593227
1252.2839161569912,0.52763533465970358,0.7920309116275156,0.79203091162751527
1260.9803322414136,0.52674678696160493,0.79347223674907974,0.79347223674907974
1269.6767483258379,0.52585484122929915,0.79490488903091516,0.79490488903091494
1278.3731644102606,0.52495954421354418,0.79632889364858039,0.79632889364857995
1287.0695804946849,0.52406093631363471,0.79774427633128331,0.79774427633128286
1295.7659965791077,0.52315905510983296,0.79915106334435915,0.79915106334435881
1304.4624126635301,0.52225393804316866,0.80054928147443372,0.80054928147443372
1313.1588287479562,0.52134561970839355,0.80193895801474713,0.80193895801474713
1321.8552448323787,0.52043413380915138,0.80332012074968639,0.80332012074968628
1330.5516609168033,0.5195195242895414,0.80469279794274051,0.80469279794274007
1339.2480770012257,0.51860182799106558,0.80605701832176535,0.80605701832176491
1347.9444930856484,0.51768108160318715,0.80741281106456086,0.80741281106456042
1356.6409091700727,0.51675732166097921,0.80876020578512831,0.80876020578512797
1365.3373252544952,0.51583058454283104,0.81009923252010485,0.81009923252010452
1374.0337413389213,0.51490090646821696,0.81142992171537809,0.81142992171537798
1382.7301574233441,0.51396832349552346,0.81275230421287648,0.81275230421287636
1391.4265735077665,0.51303287151993526,0.81406641123754397,0.81406641123754397
1400.1229895921908,0.51209458453171464,0.81537227438445958,0.81537227438445958
1408.8194056766135,0.51115349922486497,0.8166699256061547,0.81666992560615459
1417.5158217610378,0.51020965221191972,0.81795939720034694,0.81795939720034683
1426.2122378454603,0.50926307869807363,0.81924072179746943,0.81924072179746932
1434.9086539298846,0.50831381371558237,0.8205139323485432,0.82051393234854308
1443.6050700143091,0.50736189212200089,0.82177906211324792,0.82177906211324769
1452.3014860987316,0.50640734859847458,0.82303614464817798,0.82303614464817776
1460.9979021831559,0.50545021764808729,0.82428521379528541,0.8242852137952853
1469.6943182675786,0.50449053359426455,0.82552630367050173,0.82552630367050162
1478.3907343520011,0.5035283305792283,0.82675944865254947,0.82675944865254947
1487.0871504364272,0.50256364237581863,0.82798468337193487,0.82798468337193487
1495.7835665208499,0.50159650015332102,0.82920204270023679,0.82920204270023679
1504.4799826052742,0.50062693985745466,0.83041156173939812,0.83041156173939812
1513.1763986896967,0.49965499490873799,0.83161327581116939,0.83161327581116917
1521.8728147741194,0.49868069853956437,0.83280722044689615,0.8328072204468957
1530.5692308585437,0.49770408379296621,0.83399343137742221,0.83399343137742177
1539.2656469429662,0.4967251835214318,0.83517194452317334,0.83517194452317289
1547.9620630273923,0.49574403038576731,0.83634279598442285,0.8363427959844224
1556.658479111815,0.49476065685401355,0.83750602203173108,0.83750602203173086
1565.3548951962375,0.49377509520040425,0.83866165909656853,0.83866165909656842
1574.0513112806618,0.49278737522349803,0.83980974376217365,0.83980974376217365
1582.7477273650845,0.491797526236737,0.84095031275529852,0.84095031275529841
1591.4441434495088,0.49080558451493994,0.84208340293603712,0.84208340293603667
1600.1405595339315,0.48981158156505877,0.84320905128936707,0.84320905128936652
1608.8369756183558,0.48881554869571786,0.84432729491689429,0.84432729491689407
1617.5333917027801,0.48781751701644982,0.84543817102851038,0.84543817102851038
1626.2298077872026,0.48681751076720181,0.84654171693478752,0.84654171693478752
1634.9262238716271,0.48581556497010836,0.84763797003930308,0.84763797003930264
1643.6226399560496,0.48481171232973347,0.84872696782865975,0.8487269678286592
1652.3190560404721,0.48380598316963064,0.84980874786598615,0.84980874786598615
1661.0154721248966,0.48279840381235806,0.85088334778367192,0.85088334778367192
1669.7118882093209,0.48178900163069849,0.85195080527763856,0.85195080527763811
1678.4083042937452,0.48077781259133617,0.85301115809697814,0.8530111580969777
1687.1047203781677,0.47976486622260206,0.85406444403775139,0.85406444403775139
1695.8011364625904,0.47875018471326825,0.85511070093730523,0.85511070093730512
1704.4975525470147,0.4777338004612095,0.85614996666858634,0.85614996666858578
1713.1939686314374,0.47671574621248347,0.85718227912971678,0.85718227912971645
1721.8903847158617,0.47569604666684023,0.85820767623970162,0.85820767623970151
1730.586800800286,0.47467472679655609,0.85922619593464922,0.85922619593464866
1739.2832168847085,0.47365182251565852,0.86023787615723724,0.8602378761572369
1747.979632969133,0.47262735777005482,0.86124275485204449,0.86124275485204427
1756.6760490535555,0.47160135677478682,0.86224086996306237,0.86224086996306182
1765.3724651379798,0.47057385520077394,0.86323225942306436,0.86323225942306425
1774.0688812224025,0.46954487340805195,0.86421696115000446,0.86421696115000424
1782.765297306825,0.46851444065844761,0.8651950130443935,0.86519501304439306
1791.4617133912511,0.4674825894028149,0.86616645297835126,0.86616645297835126
1800.1581294756738,0.46644933401212607,0.86713131879540462,0.86713131879540417
1808.8545455600981,0.46541471374227367,0.86808964830359447,0.86808964830359425
1817.5509616445206,0.46437874815385027,0.86904147926871755,0.86904147926871733
1826.2473777289433,0.46334146502069812,0.86998684941436899,0.86998684941436855
1834.9437938133676,0.4623028931751243,0.87092579641097312,0.8709257964109729
1843.6402098977901,0.46126305186760103,0.87185835787751076,0.87185835787751009
1852.3366259822162,0.46022197636507256,0.87278457137189447,0.87278457137189447
1861.0330420666389,0.45917968011019483,0.87370447439031484,0.8737044743903144
1869.7294581510614,0.45813620126133192,0.87461810436114695,0.87461810436114695
1878.4258742354857,0.4570915527738223,0.87552549864124329,0.87552549864124274
1887.1222903199084,0.45604577108883465,0.87642669451283428,0.87642669451283428
1895.8187064043327,0.45499887008381829,0.87732172917808793,0.87732172917808726
1904.5151224887552,0.45395088511021592,0.87821063975727298,0.87821063975727298
1913.2115385731797,0.45290182946875046,0.87909346328335658,0.87909346328335602
1921.907954657604,0.451851738532698,0.87997023669979169,0.87997023669979169
1930.6043707420265,0.45080062556498668,0.88084099685665218,0.88084099685665163
1939.3007868264508,0.4497485238766315,0.88170578050663795,0.88170578050663773
1947.9972029108735,0.44869545022253543,0.88256462430381144,0.882564624303811
1956.693618995296,0.44764143235462944,0.88341756479735578,0.88341756479735545
1965.3900350797221,0.44658649251211285,0.88426463843257852,0.88426463843257841
1974.0864511641448,0.44553065170790085,0.88510588154361702,0.88510588154361658
1982.7828672485691,0.44447393822726428,0.88594133035459166,0.88594133035459155
1991.4792833329916,0.44341636691055297,0.8867710209742713,0.88677102097427074
2000.1756994174143,0.44235796754074874,0.88759498939393078,0.88759498939393056
2008.8721155018386,0.44129876017948544,0.8884132714863664,0.8884132714863664
2017.5685315862613,0.44023876488592695,0.88922590300056248,0.88922590300056203
2026.2649476706872,0.43917800830526876,0.89003291956209085,0.89003291956209085
2034.9613637551099,0.43811650841972577,0.89083435666964839,0.89083435666964828
2043.6577798395324,0.43705428813638875,0.89163024969176863,0.89163024969176807
2052.3541959239569,0.43599137145381961,0.89242063386691317,0.89242063386691295
2061.0506120083796,0.43492777630317353,0.89320554429999743,0.89320554429999732
2069.7470280928037,0.43386352528284389,0.89398501595987845,0.89398501595987789
2078.4434441772264,0.43279864138758295,0.89475908367913659,0.89475908367913648
2087.1398602616505,0.43173314366081372,0.89552778215124407,0.89552778215124396
2095.836276346075,0.43066705195633159,0.89629114592816495,0.89629114592816439
2104.5326924304977,0.42960038954708918,0.89704920941997279,0.89704920941997246
2113.2291085149218,0.42853317673300595,0.89780200689275746,0.89780200689275746
2121.9255245993445,0.42746543089482891,0.89854957246664302,0.8985495724666428
2130.6219406837672,0.42639717451195558,0.89929194011439906,0.89929194011439861
2139.3183567681913,0.42532842811777449,0.90002914366066489,0.90002914366066455
2148.0147728526158,0.42425921143996448,0.90076121678009924,0.90076121678009913
2156.7111889370403,0.42318954210918958,0.90148819299594796,0.90148819299594773
2165.4076050214626,0.42211944122296874,0.9022101056788342,0.90221010567883375
2174.1040211058853,0.42104892868989541,0.90292698804602323,0.90292698804602278
2182.8004371903098,0.41997802367196546,0.90363887315998137,0.90363887315998126
2191.4968532747321,0.41890674516547077,0.90434579392730674,0.90434579392730674
2200.1932693591566,0.41783511047893529,0.90504778309760936,0.90504778309760925
2208.8896854435811,0.41676314020925603,0.90574487326272846,0.9057448732627279
2217.5861015280034,0.41569085295986496,0.90643709685590701,0.90643709685590645
2226.2825176124279,0.41461826719865569,0.90712448615081454,0.90712448615081409
2234.9789336968506,0.41354540125843348,0.90780707326074916,0.90780707326074905
2243.6753497812747,0.41247227333736791,0.90848489013789147,0.90848489013789158
2252.3717658656974,0.41139890071119867,0.90915796857256703,0.90915796857256692
2261.0681819501201,0.41032530223124319,0.90982634019264508,0.90982634019264474
2269.764598034546,0.40925149571859859,0.91049003646296667,0.91049003646296622
2278.4610141189687,0.40817749882628873,0.91114908868472533,0.91114908868472466
2287.1574302033928,0.40710332907514524,0.91180352799494835,0.9118035279949479
2295.8538462878155,0.40602900385430241,0.91245338536601972,0.91245338536601939
2304.5502623722382,0.4049545404216941,0.91309869160524304,0.91309869160524282
2313.2466784566627,0.40387995590455728,0.91373947735444649,0.91373947735444649
2321.943094541085,0.4028052672999417,0.91437577308962625,0.91437577308962614
2330.6395106255113,0.40173049147522177,0.91500760912062851,0.91500760912062851
2339.3359267099336,0.40065564509368112,0.91563501559086702,0.91563501559086702
2348.0323427943563,0.39958074488778261,0.91625802247708199,0.91625802247708199
2356.7287588787808,0.39850580733830776,0.91687665958913156,0.91687665958913134
2365.4251749632031,0.39743084878863044,0.91749095656981272,0.91749095656981261
2374.1215910476276,0.39635588545516376,0.91810094289472377,0.91810094289472355
2382.8180071320521,0.39528093342790427,0.9187066478721535,0.91870664787215328
2391.5144232164744,0.39420600867097405,0.9193081006430075,0.91930810064300728
2400.2108393008989,0.39313112702317077,0.91990533018076326,0.91990533018076293
2408.9072553853216,0.3920563041985215,0.92049836529145557,0.92049836529145523
2417.6036714697457,0.39098155578683613,0.92108723461369146,0.92108723461369135
2426.3000875541684,0.38990689725427019,0.92167196661869522,0.92167196661869499
2434.9965036385911,0.38883234394388555,0.92225258961037859,0.92225258961037837
2443.692919723017,0.38775791107621649,0.92282913172544068,0.92282913172544068
2452.3893358074397,0.38668361374984123,0.92340162093349221,0.9234016209334921
2461.0857518918642,0.38560946694195014,0.92397008503720668,0.92397008503720668
2469.7821679762865,0.38453548572091589,0.92453455167249321,0.92453455167249321
2478.478584060711,0.38346168478948733,0.92509504830868994,0.92509504830868983
2487.1750001451337,0.38238807868844971,0.92565160224879861,0.92565160224879839
2495.871416229556,0.38131468192462348,0.92620424062972706,0.92620424062972673
2504.5678323139823,0.38024150888626485,0.92675299042255632,0.92675299042255599
2513.264248398405,0.37916857384365577,0.92729787843282985,0.9272978784328294
2521.9606644828291,0.37809589094968865,0.92783893130086426,0.92783893130086381
2530.6570805672518,0.37702347424046068,0.92837617550207907,0.92837617550207874
2539.3534966516745,0.37595133763586414,0.92890963734734766,0.92890963734734755
2548.0499127360986,0.37487949494018197,0.92943934298336528,0.92943934298336528
2556.7463288205213,0.37380796027361379,0.92996531839303098,0.92996531839303098
2565.4427449049472,0.37273674774542209,0.93048758939578158,0.93048758939578158
2574.1391609893699,0.37166587004500373,0.93100618164812177,0.93100618164812143
2582.8355770737926,0.37059534052882476,0.93152112064404924,0.93152112064404879
2591.5319931582167,0.36952517244066019,0.93203243171548933,0.93203243171548888
2600.2284092426394,0.36845537891219765,0.93254014003276464,0.93254014003276453
2608.9248253270639,0.36738597296363978,0.93304427060508266,0.93304427060508277
2617.6212414114862,0.36631696973304267,0.93354484828091822,0.9335448482809181
2626.3176574959107,0.36524838005769766,0.93404189774860691,0.93404189774860646
2635.0140735803352,0.3641802166129593,0.93453544353701012,0.93453544353700968
2643.7104896647575,0.36311249198727613,0.93502551001595191,0.93502551001595169
2652.406905749182,0.36204521866056832,0.93551212139677253,0.93551212139677253
2661.1033218336047,0.36097841194177516,0.93599530173272594,0.93599530173272583
2669.7997379180269,0.35991208162858884,0.93647507491963911,0.93647507491963866
2678.4961540024515,0.35884623970224289,0.93695146469676893,0.9369514646967686
2687.192570086876,0.35778089822239734,0.93742449464721578,0.93742449464721567
2695.8889861713001,0.35671607151829127,0.93789418819843506,0.93789418819843495
2704.5854022557228,0.35565177088171412,0.93836056862262496,0.93836056862262462
2713.2818183401455,0.35458800656388367,0.93882365903798748,0.93882365903798703
2721.9782344245696,0.35352479021336775,0.93928348240909876,0.93928348240909876
2730.6746505089923,0.35246213692243045,0.93974006154732681,0.93974006154732659
2739.3710665934168,0.3514000561424685,0.94019341911133658,0.94019341911133614
2748.0674826778409,0.35033855801285901,0.94064357760850692,0.9406435776085067
2756.7638987622636,0.34927765496820568,0.94109055939518904,0.94109055939518904
2765.4603148466881,0.3482173615335693,0.94153438667680378,0.94153438667680334
2774.1567309311104,0.34715768456320661,0.94197508150934439,0.94197508150934395
2782.8531470155349,0.34609863501010579,0.9424126658000791,0.94241266580007921
2791.5495630999576,0.34504022989538796,0.94284716130751789,0.94284716130751767
2800.2459791843798,0.34398247451066394,0.94327858964242162,0.94327858964242139
2808.9423952688062,0.34292537921393695,0.94370697226922262,0.94370697226922262
2817.6388113532289,0.34186896108945786,0.94413233050570411,0.94413233050570389
2826.335227437653,0.34081322524667274,0.94455468552390442,0.9445546855239042
2835.0316435220757,0.33975818141066771,0.9449740583518379,0.9449740583518379
2843.7280596064984,0.33870384780108842,0.94539046987281528,0.94539046987281505
2852.4244756909225,0.33765022702823533,0.94580394082684427,0.94580394082684394
2861.120891775347,0.33659733154057025,0.94621449181203221,0.94621449181203221
2869.8173078597711,0.33554517565959219,0.94662214328363059,0.94662214328363026
2878.5137239441938,0.33449376309803447,0.94702691555646834,0.94702691555646834
2887.2101400286165,0.33344310991762405,0.94742882880513846,0.94742882880513823
2895.9065561130406,0.33239322335820676,0.94782790306371356,0.94782790306371334
2904.6029721974633,0.33134411122285856,0.94822415822861472,0.94822415822861472
2913.2993882818878,0.33029579073655907,0.94861761405712319,0.94861761405712286
2921.9958043663119,0.32924826277360464,0.94900829016966282,0.94900829016966259
2930.6922204507346,0.32820154474102209,0.94939620605031783,0.9493962060503176
2939.3886365351591,0.32715564145331971,0.94978138104639331,0.9497813810463932
2948.0850526195813,0.32611056363981605,0.9501638343714488,0.95016383437144869
2956.7814687040059,0.32506632347169984,0.95054358510329928,0.95054358510329906
2965.4778847884286,0.32402292447547554,0.95092065218753086,0.95092065218753086
2974.1743008728508,0.32298038523883804,0.95129505443593154,0.9512950544359311
2982.8707169572772,0.32193870395774837,0.95166681052888324,0.95166681052888324
2991.5671330416999,0.32089790196052914,0.95203593901539496,0.95203593901539474
3000.263549126124,0.3198579768316635,0.95240245831366888,0.95240245831366876
3008.9599652105467,0.31881894765217161,0.95276638671289404,0.95276638671289393
3017.6563812949694,0.31778081492712751,0.95312774237235365,0.95312774237235354
3026.3527973793935,0.3167435951526078,0.95348654332432137,0.95348654332432115
3035.0492134638162,0.31570729047656942,0.95384280747238681,0.95384280747238681
3043.7456295482421,0.31467191613790979,0.95419655259487346,0.95419655259487302
3052.4420456326648,0.31363747455694674,0.95454779634284348,0.95454779634284337
3061.1384617170875,0.3126039811351029,0.95489655624367098,0.95489655624367087
3069.834877801512,0.31157143710343199,0.95524284969904083,0.95524284969904072
3078.5312938859342,0.31053985953582153,0.95558669398836793,0.95558669398836782
3087.2277099703588,0.30950924692303328,0.95592810626713443,0.95592810626713443
3095.9241260547815,0.30847961960990078,0.95626710356972944,0.95626710356972899
3104.6205421392056,0.30745097253768411,0.95660370280867268,0.95660370280867268
3113.3169582236301,0.30642332851889587,0.95693792077616457,0.95693792077616413
3122.0133743080523,0.30539668235752165,0.95726977414500825,0.95726977414500825
3130.7097903924769,0.3043710523295301,0.95759927946819967,0.95759927946819956
3139.4062064768996,0.30334644017463097,0.95792645318180858,0.95792645318180858
3148.1026225613223,0.3023228560270656,0.95825131160287536,0.95825131160287536
3156.7990386457464,0.30130031045892203,0.95857387093342805,0.95857387093342783
3165.4954547301709,0.30027880352859898,0.95889414725805378,0.95889414725805378
3174.1918708145949,0.29925835661835065,0.95921215654714742,0.95921215654714709
3182.8882868990177,0.29823896351805912,0.95952791465643894,0.95952791465643883
3191.5847029834404,0.2972206410120985,0.95984143732732574,0.95984143732732563
3200.2811190678644,0.29620339383133232,0.96015274018963004,0.96015274018962993
3208.9775351522871,0.2951872249636675,0.96046183875943436,0.96046183875943447
3217.6739512367117,0.29417215453748291,0.9607687484425147,0.96076874844251448
3226.3703673211357,0.2931581766966056,0.96107348453363606,0.96107348453363595
3235.0667834055585,0.29214530544946482,0.96137606221688809,0.96137606221688809
3243.763199489983,0.2911335498232881,0.96167649656852539,0.96167649656852516
3252.4596155744052,0.29012290935686663,0.96197480255506174,0.96197480255506174
3261.1560316588298,0.28911340160109478,0.96227099503548086,0.96227099503548086
3269.8524477432525,0.28810502776022129,0.96256508876261537,0.96256508876261526
3278.5488638276747,0.2870977911550236,0.96285709838170463,0.96285709838170463
3287.2452799121011,0.28609171109782638,0.96314703843305738,0.96314703843305727
3295.9416959965238,0.28508678449868646,0.96343492335254011,0.96343492335253988
3304.6381120809478,0.28408301672144931,0.96372076747079449,0.96372076747079438
3313.3345281653706,0.28308042693770163,0.96400458501571851,0.9640045850157184
3322.0309442497933,0.2820790115354388,0.96428639011281336,0.96428639011281314
3330.7273603342173,0.28107877606035675,0.96456619678459998,0.96456619678459976
3339.4237764186419,0.28007973752357851,0.96484401895276328,0.96484401895276328
3348.1201925030659,0.27908189579934206,0.96511987043897052,0.9651198704389703
3356.8166085874886,0.2780852546352699,0.96539376496399876,0.96539376496399876
3365.5130246719114,0.27708982674826993,0.9656657161495561,0.96566571614955587
3374.2094407563354,0.27609561973622021,0.96593573751971995,0.96593573751971973
3382.9058568407581,0.27510263345358349,0.96620384249990499,0.96620384249990487
3391.6022729251827,0.27411087453995742,0.96647004441821616,0.96647004441821593
3400.2986890096067,0.27312036139277523,0.96673435650688933,0.96673435650688921
3408.9951050940294,0.27213108915018691,0.9669967919024598,0.96699679190245957
3417.691521178454,0.27114306384481002,0.96725736364571957,0.96725736364571946
3426.3879372628762,0.27015629449957118,0.96751608468308314,0.96751608468308303
3435.0843533473007,0.26917079407014555,0.96777296786791023,0.96777296786791012
3443.7807694317235,0.26818655970189015,0.96802802596006288,0.96802802596006265
3452.4771855161462,0.26720359769969865,0.96828127162666355,0.96828127162666355
3461.1736016005721,0.26622191635042303,0.96853271744310276,0.96853271744310276
3469.8700176849948,0.26524152889691788,0.96878237589424621,0.96878237589424598
3478.5664337694188,0.26426243235776037,0.9690302593741944,0.96903025937419418
3487.2628498538415,0.26328463285346648,0.96927638018694096,0.96927638018694084
3495.9592659382643,0.26230813646011247,0.96952075054733111,0.96952075054733111
3504.6556820226883,0.26133295726447414,0.96976338258192951,0.9697633825819294
3513.352098107111,0.26035909543666985,0.9700042883296871,0.97000428832968688
3522.0485141915374,0.25938655457107462,0.97024347974180558,0.97024347974180536
3530.7449302759596,0.25841534056493315,0.97048096868286104,0.97048096868286104
3539.4413463603823,0.25744545927237783,0.97071676693145126,0.97071676693145115
3548.1377624448069,0.25647692492725449,0.97095088618105274,0.97095088618105274
3556.8341785292291,0.25550973586331688,0.97118333804050949,0.97118333804050927
3565.5305946136536,0.25454389668857752,0.97141413403416754,0.97141413403416732
3574.2270106980764,0.25357941308377174,0.97164328560286262,0.97164328560286251
3582.9234267825004,0.25261629068782421,0.9718708041045323,0.9718708041045323
3591.619842866925,0.25165453779775349,0.97209670081484356,0.97209670081484356
3600.3162589513477,0.25069416301351405,0.97232098692806779,0.97232098692806779
3609.0126750357717,0.24973516595900885,0.97254367355713756,0.97254367355713733
3617.7090911201944,0.24877755210508784,0.97276477173437725,0.97276477173437703
3626.4055072046172,0.24782132688206526,0.97298429241220408,0.97298429241220385
3635.1019232890412,0.24686649567996519,0.97320224646371489,0.97320224646371489
3643.7983393734658,0.24591306384876593,0.97341864468327,0.97341864468327
3652.4947554578898,0.24496104180366768,0.97363349778714969,0.97363349778714969
3661.1911715423125,0.24401043167023137,0.9738468164141777,0.97384681641417759
3669.8875876267352,0.24306123654992454,0.97405861112595349,0.97405861112595349
3678.5840037111593,0.24211346163185982,0.97426889240762682,0.9742688924076266
3687.280419795582,0.24116711206634106,0.97447767066847391,0.97447767066847391
3695.9768358800084,0.24022219296509978,0.97468495624246221,0.97468495624246221
3704.6732519644306,0.2392787094015339,0.97489075938880698,0.97489075938880698
3713.3696680488533,0.23833666641094114,0.97509509029252661,0.97509509029252661
3722.0660841332779,0.23739606989898998,0.97529795906499639,0.97529795906499661
3730.7625002177001,0.23645692835631238,0.97549937574459,0.97549937574458989
3739.4589163021246,0.23551924207279798,0.97569935029706567,0.97569935029706567
3748.1553323865473,0.23458301593083625,0.97589789261611148,0.97589789261611137
3756.8517484709714,0.23364825477591061,0.97609501252393926,0.97609501252393915
3765.5481645553959,0.23271496341682915,0.97629071977181936,0.97629071977181914
3774.2445806398187,0.23178314662595279,0.97648502404060933,0.97648502404060911
3782.9409967242427,0.23085280913942205,0.97667793494128152,0.9766779349412813
3791.6374128086654,0.22992395565738447,0.97686946201544511,0.97686946201544489
3800.3338288930881,0.22899659084421919,0.977059614735865,0.977059614735865
3809.0302449775122,0.22807071932876161,0.9772484025069792,0.9772484025069792
3817.7266610619367,0.22714634570452713,0.97743583466540995,0.97743583466540995
3826.4230771463613,0.2262234745299328,0.97762192048047292,0.97762192048047281
3835.1194932307835,0.2253021103285196,0.97780666915468184,0.97780666915468206
3843.8159093152062,0.22438225758917146,0.97799008982425262,0.97799008982425273
3852.5123253996308,0.22346392076633562,0.97817219155959967,0.97817219155959967
3861.208741484053,0.22254710576421396,0.97835298336583687,0.97835298336583687
3869.9051575684775,0.22163181566010054,0.97853247418326705,0.97853247418326705
3878.6015736529016,0.22071805439628553,0.97871067288785429,0.97871067288785418
3887.2979897373243,0.21980582628926201,0.97888758829172229,0.97888758829172229
3895.9944058217488,0.21889513562219515,0.97906322914363719,0.97906322914363708
3904.6908219061715,0.21798598664513669,0.97923760412948413,0.97923760412948413
3913.3872379905956,0.21707838357523546,0.97941072187274347,0.97941072187274347
3922.0836540750183,0.21617233059695012,0.97958259093496136,0.97958259093496125
3930.780070159441,0.21526783186225817,0.9797532198162181,0.9797532198162181
3939.4764862438669,0.21436489149086538,0.97992261695559391,0.97992261695559368
3948.1729023282896,0.21346351357041549,0.98009079073162808,0.98009079073162797
3956.8693184127137,0.2125637021566949,0.98025774946277988,0.98025774946277988
3965.5657344971364,0.21166546127384092,0.98042350140788259,0.98042350140788259
3974.2621505815591,0.210768794914546,0.98058805476659461,0.98058805476659439
3982.9585666659832,0.20987370704026248,0.9807514176798483,0.9807514176798483
3991.6549827504059,0.20898020158140612,0.98091359823029611,0.980913598230296
4000.3513988348323,0.2080882839050042,0.98107460444274708,0.98107460444274708
4009.0478149192545,0.20719795731800517,0.98123444428459883,0.98123444428459883
4017.7442310036772,0.20630922502337845,0.98139312566629378,0.98139312566629378
4026.4406470881017,0.20542209083135379,0.98155065644174289,0.98155065644174289
4035.137063172524,0.2045365585221007,0.98170704440875511,0.981707044408755
4043.8334792569485,0.20365263184592514,0.98186229730946317,0.98186229730946306
4052.5298953413712,0.20277031452346761,0.98201642283074686,0.98201642283074675
4061.2263114257953,0.20188961024589727,0.98216942860465339,0.98216942860465339
4069.9227275102198,0.20101052267510819,0.98232132220881385,0.98232132220881385
4078.6191435946425,0.2001330554439128,0.98247211116685851,0.9824721111668584
4087.3155596790666,0.19925721215623382,0.98262180294882651,0.98262180294882628
4096.0119757634893,0.19838299638729781,0.9827704049715742,0.98277040497157397
4104.708391847912,0.19751041168382505,0.98291792459918026,0.98291792459918015
4113.4048079323366,0.19663946156422002,0.98306436914334783,0.98306436914334772
4122.1012240167602,0.19577014951876076,0.98320974586380294,0.98320974586380294
4130.7976401011847,0.19490247900978674,0.98335406196869146,0.98335406196869146
4139.4940561856074,0.19403645774894995,0.98349732461493766,0.98349732461493766
4148.1904722700301,0.19317208724581589,0.98363954090858763,0.98363954090858763
4156.8868883544546,0.19230936879892915,0.98378071790536592,0.98378071790536592
4165.5833044388773,0.19144830576229227,0.98392086261097889,0.98392086261097877
4174.2797205233028,0.19058890146287244,0.9840599819814877,0.98405998198148747
4182.9761366077255,0.18973115920078504,0.98419808292368782,0.98419808292368782
4191.6725526921482,0.18887508224947522,0.98433517229548428,0.98433517229548428
4200.3689687765727,0.18802067385589891,0.98447125690626491,0.9844712569062648
4209.0653848609954,0.18716793724070313,0.98460634351726994,0.98460634351727006
4217.76180094542,0.18631687988676024,0.98474043884193008,0.98474043884193008
4226.4582170298418,0.18546750553286939,0.98487354954608275,0.98487354954608275
4235.1546331142663,0.18461981277534842,0.98500568224866403,0.98500568224866392
4243.8510491986908,0.1837738047327368,0.98513684352195074,0.98513684352195052
4252.5474652831135,0.18292948449812949,0.98526703989188147,0.98526703989188125
4261.2438813675381,0.18208685513935102,0.98539627783841133,0.98539627783841133
4269.9402974519608,0.18124591969913131,0.98552456379586262,0.98552456379586262
4278.6367135363826,0.18040668368548607,0.98565190415326343,0.98565190415326343
4287.3331296208071,0.17956915622323502,0.98577830525444954,0.98577830525444943
4296.0295457052316,0.17873333198043662,0.98590377339878887,0.98590377339878876
4304.7259617896561,0.17789921390235078,0.98602831484150477,0.98602831484150455
4313.4223778740788,0.17706680490997706,0.98615193579390326,0.98615193579390314
4322.1187939585016,0.17623610790022268,0.98627464242370966,0.98627464242370955
4330.8152100429252,0.17540712593872346,0.98639644085539935,0.98639644085539935
4339.5116261273479,0.17457987430406161,0.98651733717027335,0.98651733717027312
4348.2080422117724,0.17375434352874483,0.98663733740703752,0.98663733740703741
4356.9044582961969,0.1729305364160488,0.98675644756236536,0.98675644756236525
4365.6008743806196,0.17210845574596781,0.98687467359098691,0.9868746735909868
4374.2972904650433,0.17128810427537863,0.98699202140601017,0.98699202140601017
4382.993706549466,0.17046949158084826,0.98710849687916968,0.98710849687916968
4391.6901226338905,0.16965262125022629,0.98722410584081821,0.98722410584081821
4400.3865387183132,0.16883748858810588,0.98733885408098332,0.98733885408098321
4409.0829548027359,0.16802409626145637,0.98745274734940747,0.98745274734940724
4417.7793708871623,0.16721244691491588,0.98756579135577516,0.98756579135577516
4426.4757869715841,0.16640254987561123,0.98767799176995585,0.98767799176995585
4435.1722030560086,0.16559441034408245,0.98778935422189962,0.98778935422189962
4443.8686191404313,0.16478802193465314,0.98789988430279874,0.98789988430279863
4452.565035224854,0.16398338720505967,0.98800958756511159,0.98800958756511159
4461.2614513092785,0.16318050869147524,0.98811846952274496,0.98811846952274496
4469.9578673937012,0.1623794016524914,0.98822653565112573,0.98822653565112573
4478.6542834781267,0.1615800605772727,0.98833379138736199,0.98833379138736188
4487.3506995625494,0.1607824835437503,0.9884402421314028,0.9884402421314028
4496.0471156469721,0.15998667300412633,0.98854589324583586,0.98854589324583575
4504.7435317313966,0.15919263785568355,0.98865075005608949,0.98865075005608949
4513.4399478158193,0.15840038621031327,0.98875481785016106,0.98875481785016084
4522.1363639002439,0.15760990863955299,0.98885810187995449,0.98885810187995449
4530.8327799846656,0.15682120751391296,0.98896060736130176,0.98896060736130176
4539.5291960690902,0.15603428913383247,0.98906233947403044,0.98906233947403044
4548.2256121535147,0.15524916772683703,0.9891633033616114,0.9891633033616114
4556.9220282379374,0.15446583010716514,0.98926350413239761,0.98926350413239739
4565.6184443223619,0.15368427856586508,0.98936294685988901,0.98936294685988901
4574.3148604067846,0.1529045206363368,0.98946163658265185,0.98946163658265185
4583.0112764912064,0.15212656902269728,0.98955957830389307,0.98955957830389307
4591.707692575631,0.15135041059746224,0.98965677699287624,0.98965677699287613
4600.4041086600555,0.15057604757440701,0.98975323758505918,0.98975323758505906
4609.10052474448,0.14980349261061154,0.98984896498191688,0.98984896498191688
4617.7969408289027,0.14903274912465528,0.98994396405056895,0.98994396405056895
4626.4933569133254,0.14826380792495214,0.99003823962550752,0.99003823962550741
4635.1897729977491,0.147496671150147,0.9901317965083053,0.9901317965083053
4643.8861890821718,0.14673136052830585,0.99022463946724382,0.99022463946724382
4652.5826051665981,0.1459678623159425,0.9903167732376682,0.99031677323766809
4661.2790212510208,0.14520617519267795,0.99040820252336603,0.99040820252336603
4669.9754373354435,0.14444630975140577,0.99049893199596928,0.99049893199596928
4678.6718534198671,0.1436882752089883,0.99058896629435322,0.99058896629435311
4687.3682695042899,0.14293205825929828,0.99067831002648299,0.99067831002648288
4696.0646855887144,0.14217766091461304,0.99076696776924678,0.99076696776924678
4704.7611016731371,0.14142510966423338,0.99085494406772212,0.99085494406772212
4713.4575177575616,0.14067438294134799,0.99094224343601311,0.990942243436013
4722.1539338419861,0.13992548211753117,0.99102887035832465,0.99102887035832465
4730.8503499264079,0.13917842736686381,0.99111482928807138,0.99111482928807115
4739.5467660108325,0.13843321046436941,0.99120012464775575,0.99120012464775575
4748.2431820952552,0.13768982560194401,0.9912847608309292,0.9912847608309292
4756.9395981796779,0.1369482886532169,0.99136874220126714,0.99136874220126725
4765.6360142641024,0.13620860071407834,0.9914520730919405,0.99145207309194039
4774.3324303485269,0.13547075080606152,0.99153475780784572,0.99153475780784561
4783.0288464329506,0.13473475253649494,0.99161680062485924,0.99161680062485924
4791.7252625173733,0.13400061226194138,0.99169820578890566,0.99169820578890566
4800.421678601796,0.13326831586268414,0.99177897751825062,0.9917789775182505
4809.1180946862205,0.13253787673209128,0.99185912000289789,0.99185912000289789
4817.8145107706432,0.13180930239036687,0.99193863740349209,0.99193863740349197
4826.5109268550677,0.13108257762425721,0.99201753385368496,0.99201753385368496
4835.2073429394914,0.1303577176825296,0.99209581345949327,0.99209581345949327
4843.9037590239141,0.12963472711751234,0.99217348029818631,0.99217348029818631
4852.6001751083386,0.12891359168754882,0.99225053842078592,0.99225053842078592
4861.2965911927613,0.12819433058202689,0.99232699185113893,0.99232699185113893
4869.9930072771858,0.12747694122171543,0.9924028445850398,0.99240284458503969
4878.6894233616085,0.12676141241794853,0.99247810059280295,0.99247810059280295
4887.3858394460303,0.12604776940068035,0.99255276381783175,0.99255276381783175
4896.0822555304567,0.12533599826555153,0.99262683817639275,0.99262683817639263
4904.7786716148794,0.12462609297339593,0.99270032755993021,0.99270032755992998
4913.4750876993039,0.12391808690828374,0.99277323583301635,0.99277323583301635
4922.1715037837266,0.12321195061952298,0.99284556683443226,0.99284556683443226
4930.8679198681493,0.12250769439464,0.99291732437839908,0.99291732437839908
4939.5643359525729,0.12180533469778226,0.99298851225237983,0.99298851225237983
4948.2607520369957,0.12110484948538618,0.99305913421961034,0.99305913421961034
4956.957168121422,0.12040626092215491,0.99312919401851563,0.9931291940185154
4965.6535842058447,0.11970956320836318,0.99319869536152772,0.99319869536152772
4974.3500002902674,0.11901474491911922,0.99326764193795058,0.99326764193795047
4983.046416374691,0.11832184188259115,0.99333603741172882,0.99333603741172882
4991.7428324591137,0.11763082174819413,0.99340388542256208,0.99340388542256208
5000.4392485435383,0.11694170067988725,0.99347118958705849,0.99347118958705849
5009.135664627961,0.11625448584578613,0.99353795349643814,0.99353795349643803
5017.8320807123855,0.11556915851680891,0.99360418071959433,0.99360418071959411
5026.52849679681,0.11488575206554998,0.99366987480137281,0.99366987480137281
5035.2249128812318,0.11420424028732773,0.9937350392628046,0.9937350392628046
5043.9213289656564,0.11352463505372948,0.99379967760301868,0.99379967760301868
5052.6177450500791,0.11284694570658033,0.9938637932965575,0.9938637932965575
5061.3141611345018,0.11217115161037117,0.99392738979653972,0.99392738979653983
5070.0105772189281,0.11149728911249245,0.9939904705328122,0.9939904705328122
5078.7069933033508,0.11082532730544309,0.99405303891245522,0.99405303891245533
5087.4034093877744,0.1101552846419003,0.99411509832134781,0.99411509832134781
5096.0998254721972,0.10948716174781481,0.99417665212165085,0.99417665212165085
5104.7962415566199,0.10882094623299635,0.99423770365519859,0.99423770365519859
5113.4926576410444,0.10815666877559699,0.9942982562407634,0.9942982562407634
5122.1890737254671,0.10749429694697755,0.9943583131760827,0.99435831317608281
5130.8854898098925,0.10683386203196993,0.99441787773768531,0.99441787773768531
5139.5819058943152,0.1061753449707826,0.99447695317973739,0.99447695317973728
5148.2783219787379,0.10551875496756673,0.99453554273679567,0.99453554273679567
5156.9747380631625,0.1048640989526646,0.99459364962070906,0.99459364962070906
5165.6711541475852,0.1042113608428316,0.99465127702411038,0.99465127702411038
5174.3675702320097,0.10356057205749425,0.99470842811771232,0.99470842811771232
5183.0639863164324,0.10291169867622778,0.99476510605238722,0.9947651060523871
5191.760402400856,0.1022647772635335,0.99482131395868167,0.99482131395868167
5200.4568184852806,0.10161977993973717,0.99487705494619671,0.99487705494619671
5209.1532345697033,0.10097672736473301,0.9949323321057304,0.99493233210573029
5217.8496506541278,0.10033561204804585,0.9949871485065791,0.9949871485065791
5226.5460667385505,0.099696434973006454,0.99504150720003381,0.99504150720003381
5235.2424828229723,0.099059207521839554,0.99509541121602796,0.99509541121602796
5243.9388989073968,0.098423912520480772,0.99514886356663934,0.99514886356663945
5252.6353149918214,0.097790578703216724,0.99520186724328874,0.99520186724328874
5261.3317310762459,0.097159172261722868,0.99525442521920271,0.99525442521920271
5270.0281471606686,0.096529737757904605,0.99530654044805877,0.99530654044805866
5278.7245632450913,0.095902232977272836,0.99535821586468987,0.99535821586468998
5287.4209793295149,0.095276696677449479,0.99540945438561756,0.99540945438561756
5296.1173954139376,0.094653099295176416,0.99546025890792311,0.99546025890792333
5304.8138114983622,0.094031467281385367,0.99551063231138825,0.99551063231138825
5313.5102275827867,0.093411782760144432,0.9955605774560734,0.9955605774560734
5322.2066436672094,0.092794061219380441,0.99561009718542892,0.99561009718542881
5330.9030597516339,0.092178294937107219,0.99565919432316941,0.99565919432316941
5339.5994758360557,0.091564489973360363,0.99570787167685793,0.9957078716768577
5348.2958919204802,0.090952647224384578,0.99575613203448943,0.99575613203448943
5356.992308004903,0.090342764859609237,0.9958039781682122,0.9958039781682122
5365.6887240893257,0.089734850855775455,0.99585141283088685,0.99585141283088685
5374.385140173752,0.089128897030848392,0.99589843875974127,0.99589843875974138
5383.0815562581747,0.088524916902624692,0.99594505867305172,0.99594505867305183
5391.7779723425983,0.087922897478294862,0.99599127527363573,0.99599127527363573
5400.474388427021,0.087322856275870012,0.99603709124570783,0.99603709124570794
5409.1708045114437,0.086724777033695091,0.99608250925819464,0.99608250925819464
5417.8672205958683,0.086128679728063817,0.99612753196174875,0.99612753196174875
5426.563636680291,0.085534546371339129,0.99617216199192904,0.99617216199192904
5435.2600527647164,0.084942397855376675,0.99621640196631056,0.99621640196631067
5443.9564688491391,0.084352216010053868,0.99626025448760602,0.99626025448760602
5452.6528849335618,0.08376402109957834,0.99630372214078688,0.99630372214078677
5461.3493010179864,0.083177796315173497,0.99634680749623239,0.99634680749623228
5470.0457171024091,0.082593559749996687,0.99638951310678037,0.99638951310678037
5478.7421331868336,0.082011297500489841,0.99643184151097852,0.99643184151097852
5487.4385492712554,0.081431023945457953,0.99647379523000057,0.99647379523000057
5496.1349653556799,0.080852729630181697,0.99651537677104607,0.99651537677104596
5504.8313814401045,0.080276423676203759,0.99655658862410057,0.99655658862410057
5513.5277975245272,0.079702102620723192,0.99659743326547701,0.99659743326547701
5522.2242136089517,0.079129768785789714,0.99663791315445871,0.99663791315445871
5530.9206296933744,0.078559426242772429,0.99667803073690719,0.99667803073690719
5539.6170457777962,0.07799106897296218,0.99671778844190495,0.99671778844190484
5548.3134618622225,0.077424710123038615,0.99675718868526575,0.99675718868526564
5557.0098779466452,0.076860333793514077,0.9967962338663916,0.9967962338663916
5565.7062940310698,0.07629796374612996,0.99683492637141868,0.99683492637141846
5574.4027101154925,0.075737572662123651,0.99687326857061165,0.99687326857061187
5583.0991261999152,0.075179196456380992,0.9969112628207597,0.9969112628207597
5591.7955422843388,0.074622795770512396,0.99694891146356213,0.99694891146356213
5600.4919583687615,0.074068417459660085,0.99698621682675015,0.99698621682675026
5609.1883744531879,0.073516018165215746,0.99702318122400901,0.99702318122400901
5617.8847905376106,0.072965635825157527,0.99705980695440533,0.99705980695440544
5626.5812066220333,0.072417242789166836,0.99709609630399942,0.99709609630399942
5635.2776227064578,0.071870860487154326,0.99713205154373119,0.99713205154373119
5643.9740387908796,0.071326478509146987,0.99716767493229552,0.99716767493229552
5652.6704548753041,0.070784100246770551,0.99720296871311076,0.99720296871311076
5661.3668709597268,0.070243734059578997,0.99723793511771164,0.99723793511771153
5670.0632870441514,0.069705363773695031,0.99727257636264288,0.99727257636264288
5678.7597031285759,0.069169018044246938,0.99730689465242661,0.99730689465242639
5687.4561192129977,0.068634661645068901,0.9973408921774285,0.99734089217742872
5696.1525352974222,0.068102338937999288,0.99737457111525119,0.99737457111525119
5704.8489513818449,0.067572009997004953,0.99740793363070157,0.99740793363070157
5713.5453674662676,0.067043705088430147,0.99744098187484642,0.99744098187484642
5722.2417835506922,0.066517408111191487,0.99747371798717122,0.99747371798717122
5730.9381996351167,0.065993124717544746,0.99750614409289684,0.99750614409289684
5739.6346157195403,0.065470864146405489,0.99753826230619291,0.99753826230619291
5748.331031803963,0.064950605923405361,0.99757007472723769,0.99757007472723758
5757.0274478883857,0.064432386138234835,0.99760158344481975,0.99760158344481975
5765.7238639728102,0.063916166262445825,0.99763279053487897,0.99763279053487897
5774.420280057233,0.063401982000695967,0.99766369806086275,0.99766369806086264
5783.1166961416575,0.062889809487025564,0.99769430807495485,0.99769430807495485
5791.8131122260811,0.062379659527835328,0.99772462261590888,0.99772462261590888
5800.5095283105038,0.061871538603076814,0.99775464371202549,0.99775464371202549
5809.2059443949283,0.061365426395311666,0.99778437337829584,0.99778437337829584
5817.902360479351,0.060861361226328306,0.99781381361888755,0.99781381361888766
5826.5987765637756,0.060359303772308533,0.99784296642592962,0.99784296642592962
5835.2951926481983,0.059859284856401934,0.99787183377947208,0.99787183377947208
5843.9916087326201,0.059361289419120694,0.99790041764915349,0.99790041764915349
5852.6880248170464,0.058865316878351157,0.99792871999171484,0.99792871999171484
5861.3844409014691,0.058371387477734911,0.99795674275394397,0.99795674275394408
5870.0808569858937,0.057879471155610873,0.99798448787036098,0.99798448787036087
5878.7772730703164,0.057389605162672795,0.99801195726452008,0.99801195726452008
5887.4736891547391,0.056901760920589503,0.99803915284948552,0.99803915284948541
5896.1701052391627,0.0564159495775996,0.9980660765261089,0.99806607652610912
5904.8665213235854,0.055932181292765518,0.99809273018573874,0.99809273018573885
5913.5629374080117,0.055450431270692199,0.99811911570767209,0.99811911570767209
5922.2593534924345,0.054970739210621004,0.99814523496095298,0.99814523496095298
5930.9557695768572,0.054493070977659867,0.99817108980428126,0.99817108980428126
5939.6521856612808,0.054017441505390014,0.99819668208473011,0.99819668208473
5948.3486017457035,0.053543858800129907,0.99822201364022667,0.99822201364022667
5957.045017830128,0.053072299367286933,0.99824708629707137,0.99824708629707137
5965.7414339145507,0.052602801409350017,0.99827190187168369,0.99827190187168369
5974.4378499989753,0.052135333130459482,0.9982964621706103,0.99829646217061019
5983.1342660833998,0.051669905372824051,0.99832076898912925,0.99832076898912914
5991.8306821678216,0.051206531851836219,0.99834482411373038,0.99834482411373049
6000.5270982522461,0.050745186442823609,0.9983686293198436,0.9983686293198436
6009.2235143366688,0.050285901943982317,0.99839218637311133,0.99839218637311133
6017.9199304210915,0.049828656719243067,0.99841549703002652,0.99841549703002652
6026.6163465055179,0.049373449719121824,0.99843856303604583,0.99843856303604583
6035.3127625899406,0.048920308151832612,0.99846138612806157,0.99846138612806157
6044.0091786743642,0.048469199370360511,0.99848396803272066,0.99848396803272066
6052.7055947587869,0.048020146902778532,0.9985063104667492,0.9985063104667492
6061.4020108432096,0.047573147010809572,0.99852841513847679,0.99852841513847679
6070.0984269276341,0.047128182645368985,0.99855028374559551,0.99855028374559529
6078.7948430120568,0.046685291380918148,0.99857191797702582,0.99857191797702582
6087.4912590964832,0.046244441022802944,0.99859331951270991,0.99859331951270991
6096.187675180905,0.045805638400552504,0.99861449002238389,0.99861449002238389
6104.8840912653277,0.045368905321229711,0.99863543116781173,0.99863543116781173
6113.5805073497522,0.044934212185886335,0.99865614460099161,0.99865614460099161
6122.2769234341749,0.04450158131798964,0.99867663196467427,0.99867663196467427
6130.9733395185995,0.044071010393469411,0.99869689489373981,0.99869689489373981
6139.6697556030222,0.043642482002886111,0.99871693501309577,0.99871693501309577
6148.3661716874458,0.043216029134945627,0.99873675393925776,0.99873675393925776
6157.0625877718703,0.04279162777792514,0.99875635328056966,0.99875635328056944
6165.759003856293,0.042369273957685888,0.99877573463565694,0.99877573463565694
6174.4554199407175,0.041949002713064093,0.9987948995954774,0.99879489959547718
6183.1518360251403,0.041530778173727981,0.99881384974227494,0.99881384974227483
6191.848252109563,0.041114612220303638,0.99883258664919583,0.99883258664919583
6200.5446681939866,0.040700522438433688,0.99885111188209708,0.99885111188209708
6209.2410842784111,0.04028848180701039,0.99886942699779735,0.99886942699779735
6217.9375003628356,0.039878509563122326,0.99888753354464854,0.99888753354464832
6226.6339164472583,0.039470608229642344,0.9989054330638395,0.99890543306383939
6235.3303325316811,0.039064758438914042,0.99892312708747477,0.99892312708747466
6244.0267486161047,0.03866098560089086,0.99894061713972615,0.99894061713972615
6252.7231647005274,0.038259279545683769,0.99895790473759971,0.99895790473759971
6261.4195807849519,0.03785962737344812,0.99897499138915058,0.99897499138915058
6270.1159968693764,0.037462059494089421,0.99899187859495342,0.99899187859495342
6278.8124129537991,0.037066555393713167,0.99900856784835113,0.99900856784835101
6287.5088290382237,0.036673107465199341,0.99902506063397944,0.99902506063397944
6296.2052451226455,0.036281749956586763,0.99904135842936792,0.99904135842936792
6304.90166120707,0.035892454336658164,0.99905746270474594,0.99905746270474594
6313.5980772914927,0.03550521712689618,0.99907337492192805,0.99907337492192805
6322.2944933759154,0.035120075263148955,0.99908909653592548,0.99908909653592559
6330.9909094603418,0.034736994500682045,0.99910462899442365,0.99910462899442365
6339.6873255447645,0.034355974938710544,0.99911997373698547,0.99911997373698547
6348.3837416291881,0.033977053256805126,0.99913513219661443,0.99913513219661443
6357.0801577136108,0.033600193582503601,0.99915010579902841,0.99915010579902841
6365.7765737980335,0.033225397970256927,0.99916489596208968,0.99916489596208968
6374.472989882458,0.032852701356069186,0.99917950409728729,0.99917950409728729
6383.1694059668807,0.032482068856573558,0.9991939316089512,0.9991939316089512
6391.8658220513071,0.032113502115730969,0.99920817989377375,0.99920817989377375
6400.5622381357289,0.031747036562018348,0.99922225034221956,0.99922225034221945
6409.2586542201516,0.031382637182109208,0.99923614433779673,0.99923614433779673
6417.9550703045761,0.03102030467404663,0.9992498632565503,0.9992498632565503
6426.6514863889988,0.03066007546523259,0.99926340846839934,0.99926340846839934
6435.3479024734233,0.030301915009988939,0.99927678133658726,0.99927678133658726
6444.044318557847,0.029945823422587944,0.99928998321702389,0.99928998321702378
6452.7407346422697,0.029591834252592361,0.99930301545956035,0.99930301545956024
6461.4371507266942,0.029239918389506563,0.9993158794077095,0.9993158794077095
6470.1335668111169,0.028890073343825016,0.99932857639775508,0.99932857639775508
6478.8299828955414,0.028542328713939212,0.99934110775995855,0.99934110775995855
6487.5263989799641,0.028196662974987543,0.99935347481860981,0.99935347481860981
6496.2228150643869,0.027853069957211048,0.99936567889087358,0.99936567889087358
6504.9192311488123,0.027511574248597796,0.9993777212879057,0.9993777212879057
6513.615647233235,0.02717216403226879,0.99938960331524651,0.99938960331524651
6522.3120633176595,0.026834828395725131,0.99940132627145206,0.99940132627145217
6531.0084794020822,0.026499585871762595,0.99941289144906298,0.99941289144906298
6539.7048954865049,0.026166436445042116,0.99942430013530603,0.99942430013530581
6548.4013115709286,0.025835363412173143,0.99943555361064385,0.99943555361064385
6557.0977276553513,0.025506378220748898,0.99944665314950187,0.9994466531495021
6565.7941437397776,0.025179494721062678,0.99945760002118678,0.99945760002118667
6574.4905598242003,0.024854689385353332,0.99946839548859157,0.99946839548859157
6583.186975908623,0.024531965561109696,0.99947904080853944,0.99947904080853944
6591.8833919930476,0.024211352998224134,0.9994895372327619,0.9994895372327619
6600.5798080774694,0.02389282032608999,0.99949988600711759,0.99949988600711759
6609.2762241618939,0.02357636813132933,0.99951008837133504,0.99951008837133481
6617.9726402463166,0.023262025050500519,0.99952014555992252,0.99952014555992275
6626.6690563307411,0.0229497698831332,0.99953005880219514,0.99953005880219514
6635.3654724151656,0.022639596862731461,0.99953982932126006,0.99953982932126006
6644.0618884995883,0.022331524293756788,0.99954945833491049,0.99954945833491049
6652.758304584012,0.022025551348928502,0.99955894705621262,0.99955894705621262
6661.4547206684347,0.021721662178622855,0.99956829669218572,0.99956829669218561
6670.1511367528574,0.021419863791428691,0.99957750844444448,0.99957750844444448
6678.8475528372819,0.021120177665255216,0.99958658351003304,0.99958658351003304
6687.5439689217064,0.020822576899673265,0.99959552308043609,0.99959552308043609
6696.2403850061301,0.020527062033890653,0.9996043283416336,0.99960432834163349
6704.9368010905528,0.020233661428736019,0.99961300047485668,0.99961300047485668
6713.6332171749755,0.019942353503105782,0.99962154065658426,0.99962154065658426
6722.3296332594,0.019653133008545133,0.99962995005762223,0.99962995005762223
6731.0260493438227,0.019366014896217271,0.99963822984389228,0.99963822984389239
6739.7224654282472,0.019081004128035921,0.99964638117705906,0.99964638117705906
6748.4188815126709,0.018798082281923582,0.99965440521330984,0.99965440521330995
6757.1152975970936,0.018517249990022175,0.99966230310384119,0.99966230310384119
6765.8117136815181,0.0182385405806859,0.9996700759955699,0.9996700759955699
6774.5081297659408,0.017961921544651861,0.99967772503066299,0.99967772503066288
6783.2045458503653,0.017687393375532146,0.9996852513460982,0.99968525134609831
6791.900961934788,0.017414974339470757,0.99969265607435176,0.99969265607435176
6800.5973780192107,0.01714466216112516,0.99969994034388265,0.99969994034388265
6809.2937941036362,0.016876442248328988,0.99970710527795936,0.99970710527795936
6817.9902101880589,0.016610316559958749,0.99971415199523705,0.99971415199523705
6826.6866262724834,0.016346315174429676,0.9997210816104205,0.9997210816104205
6835.3830423569061,0.01608440741443995,0.99972789523369965,0.99972789523369965
6844.0794584413288,0.015824593742667221,0.99973459397044784,0.99973459397044784
6852.7758745257524,0.015566891311140182,0.99974117892182557,0.99974117892182557
6861.4722906101752,0.015311299489919272,0.99974765118527309,0.99974765118527309
6870.1687066946015,0.015057803065737113,0.99975401185338353,0.99975401185338353
6878.8651227790242,0.014806402483909199,0.9997602620144328,0.9997602620144328
6887.5615388634487,0.01455712878042973,0.99976640275294693,0.99976640275294693
6896.2579549478714,0.014309953243137141,0.99977243514940639,0.99977243514940639
6904.9543710322932,0.014064874806626448,0.99977836027971145,0.99977836027971168
6913.6507871167178,0.013821905285754697,0.99978417921578122,0.99978417921578133
6922.3472032011423,0.013581054167420968,0.99978989302613197,0.99978989302613197
6931.0436192855668,0.013342301371276516,0.9997955027748513,0.9997955027748513
6939.7400353699895,0.013105647312885854,0.99980100952192796,0.99980100952192796
6948.4364514544122,0.012871115431010509,0.99980641432371131,0.99980641432371131
6957.1328675388359,0.012638691664829903,0.99981171823309523,0.99981171823309534
6965.8292836232586,0.01240836780871192,0.99981692229860042,0.99981692229860042
6974.5256997076831,0.012180146330426094,0.99982202756496763,0.99982202756496763
6983.2221157921076,0.011954054879662947,0.99982703507370863,0.99982703507370874
6991.9185318765303,0.011730064475204357,0.99983194586255442,0.99983194586255442
7000.6149479609539,0.011508175503558352,0.99983676096523033,0.99983676096523033
7009.3113640453766,0.011288399917631099,0.99984148141193274,0.99984148141193274
7018.0077801298012,0.011070746111737039,0.99984610822986653,0.99984610822986653
7026.7041962142239,0.010855194827010316,0.99985064244227218,0.99985064244227218
7035.4006122986466,0.010641746433609494,0.9998550850687542,0.99985508506875431
7044.0970283830729,0.010430421232335993,0.99985943712565806,0.99985943712565806
7052.7934444674947,0.010221210644995461,0.99986369962636612,0.99986369962636612
7061.4898605519193,0.010014103990099209,0.99986787358035611,0.99986787358035611
7070.186276636342,0.0098091016216571535,0.99987195999374012,0.99987195999374001
7078.8826927207647,0.0096062310902762724,0.99987595986967293,0.99987595986967293
7087.5791088051892,0.0094054690499389363,0.99987987420823998,0.99987987420823998
7096.2755248896119,0.0092068122905622513,0.99988370400584503,0.99988370400584514
7104.9719409740374,0.0090102640188775372,0.99988745025573134,0.99988745025573134
7113.6683570584601,0.008815849370924795,0.99989111394848107,0.99989111394848118
7122.3647731428828,0.00862354096419626,0.99989469607145076,0.99989469607145076
7131.0611892273073,0.0084333391249738279,0.99989819760862408,0.99989819760862408
7139.7576053117318,0.0082452524387261125,0.99990161954100587,0.99990161954100587
7148.4540213961563,0.0080592950314203014,0.99990496284714503,0.99990496284714503
7157.1504374805763,0.0078754451063073466,0.99990822850231575,0.99990822850231598
7165.8468535650009,0.0076937029740306515,0.99991141747868939,0.99991141747868939
7174.5432696494254,0.0075140816133775473,0.99991453074564585,0.99991453074564585
7183.2396857338463,0.0073365861198916938,0.99991756927024378,0.99991756927024378
7191.9361018182744,0.0071611992889033813,0.99992053401631265,0.99992053401631265
7200.6325179026953,0.0069879214155877355,0.99992342594480421,0.99992342594480443
7209.3289339871189,0.0068167689279098279,0.99992624601406821,0.99992624601406821
7218.0253500715435,0.0066477397881824201,0.9999289951802306,0.9999289951802306
7226.7217661559644,0.0064808204312892751,0.99993167439629227,0.99993167439629216
7235.4181822403889,0.0063160111370975745,0.99993428461257039,0.99993428461257039
7244.1145983248134,0.0061533308803943566,0.99993682677696172,0.99993682677696172
7252.811014409237,0.0059927723039797706,0.9999393018352265,0.9999393018352265
7261.5074304936616,0.0058343245714285799,0.99994171073013538,0.99994171073013538
7270.2038465780824,0.0056779879474537741,0.999944054401948,0.999944054401948
7278.900262662507,0.0055237830935731657,0.99994633378867259,0.9999463337886727
7287.5966787469315,0.0053716990623495576,0.99994854982627446,0.99994854982627446
7296.2930948313524,0.0052217268773385676,0.99995070344787773,0.99995070344787762
7304.9895109157769,0.0050738667882438034,0.9999527955842531,0.9999527955842531
7313.6859270002005,0.0049281403259459422,0.99995482716407591,0.9999548271640758
7322.3823430846251,0.0047845345966826287,0.99995679911408586,0.99995679911408586
7331.0787591690496,0.0046430416578947089,0.99995871235833322,0.99995871235833322
7339.7751752534705,0.0045036617444138066,0.99996056781866172,0.99996056781866183
7348.471591337895,0.0043664164822695625,0.99996236641496006,0.99996236641496006
7357.1680074223186,0.0042312925890541217,0.99996410906530986,0.99996410906530986
7365.8644235067432,0.0040982823730507699,0.99996579668524921,0.99996579668524932
7374.5608395911677,0.0039673860543480112,0.99996743018825018,0.99996743018825018
7383.2572556755886,0.0038386246234736084,0.99996901048595577,0.99996901048595577
7391.9536717600131,0.0037119858799993565,0.99997053848834982,0.99997053848834971
7400.6500878444376,0.00358746164347464,0.99997201510301359,0.99997201510301359
7409.3465039288612,0.0034650521193660645,0.99997344123559628,0.99997344123559628
7418.0429200132821,0.0033447769759939383,0.99997481779003183,0.99997481779003172
7426.7393360977067,0.0032266264777086346,0.9999761456687577,0.9999761456687577
7435.4357521821312,0.0031105912596047797,0.99997742577194881,0.99997742577194881
7444.1321682665557,0.0029966715126403375,0.99997865899797378,0.99997865899797378
7452.8285843509793,0.0028848849405274561,0.99997984624359137,0.99997984624359137
7461.5250004354002,0.0027752255666437017,0.99998098840423455,0.99998098840423477
7470.2214165198247,0.0026676821901284731,0.99998208637321706,0.99998208637321706
7478.9178326042493,0.0025622549875364813,0.99998314104216468,0.99998314104216468
7487.6142486886702,0.0024589591002106789,0.99998415330119306,0.99998415330119306
7496.3106647730983,0.0023577935155783204,0.99998512403926076,0.99998512403926076
7505.0070808575192,0.0022587445898847817,0.99998605414336317,0.99998605414336317
7513.7034969419428,0.0021618124853787662,0.99998694449891579,0.99998694449891579
7522.3999130263637,0.0020670092282230553,0.99998779598992205,0.99998779598992205
7531.0963291107919,0.0019743398850650493,0.99998860949938484,0.99998860949938484
7539.7927451952128,0.0018837878071940729,0.99998938590852193,0.99998938590852193
7548.4891612796373,0.0017953531426427275,0.99999012609706628,0.99999012609706628
7557.1855773640609,0.0017090442948191405,0.99999083094344043,0.99999083094344055
7565.8819934484818,0.0016248734343300522,0.99999150132519754,0.99999150132519743
7574.57840953291,0.001542820390616549,0.99999213811831777,0.99999213811831777
7583.2748256173309,0.0014628852975772449,0.99999274219737477,0.99999274219737477
7591.9712417017554,0.0013850724737900931,0.99999331443574158,0.99999331443574158
7600.6676577861763,0.0013094021275984113,0.99999385570601573,0.99999385570601573
7609.3640738706008,0.0012358500951413617,0.99999436687947951,0.99999436687947951
7618.0604899550281,0.0011644164962572871,0.99999484882606682,0.99999484882606671
7626.7569060394489,0.0010951014471866302,0.99999530241463264,0.99999530241463264
7635.4533221238735,0.0010279331398512909,0.99999572851330232,0.99999572851330232
7644.1497382082944,0.0009628838878076309,0.99999612798919912,0.99999612798919901
7652.8461542927189,0.00089995349806985402,0.99999650170813292,0.99999650170813292
7661.5425703771425,0.00083914207289926982,0.9999968505349639,0.9999968505349639
7670.238986461567,0.0007804728620165669,0.99999717533384824,0.99999717533384824
7678.9354025459916,0.0007239279527599242,0.99999747696825747,0.99999747696825758
7687.6318186304125,0.00066950228063342035,0.99999775630040189,0.99999775630040189
7696.328234714837,0.00061719593397597291,0.9999980141916579,0.9999980141916579
7705.0246507992615,0.00056702690559415716,0.99999825150274035,0.99999825150274058
7713.7210668836851,0.0005189876957386151,0.99999846909394374,0.99999846909394363
7722.417482968106,0.00047306804415368255,0.99999866782440927,0.99999866782440927
7731.1138990525305,0.00042926802530502295,0.99999884855254106,0.99999884855254106
7739.8103151369551,0.0003876001067178849,0.9999990121361404,0.9999990121361404
7748.5067312213796,0.00034806774800668537,0.99999915943278905,0.99999915943278905
7757.2031473058032,0.000310655215215585,0.99999929129909315,0.99999929129909315
7765.8995633902241,0.00027536256897835377,0.9999994085909909,0.9999994085909909
7774.5959794746486,0.00024219652965446267,0.99999951216390048,0.99999951216390048
7783.2923955590695,0.00021117196971430486,0.99999960287314749,0.99999960287314749
7791.9888116434977,0.00018226745001329991,0.99999968157333641,0.99999968157333641
7800.6852277279222,0.00015548301738696463,0.99999974911844491,0.99999974911844491
7809.3816438123431,0.0001308194697407066,0.99999980636203967,0.99999980636203978
7818.0780598967667,0.00010830345270155763,0.99999985415763981,0.99999985415763981
7826.7744759811876,8.7907637018705577e-05,0.9999998933583818,0.9999998933583818
7835.4708920656158,6.9632055755287973e-05,0.99999992481678768,0.99999992481678768
7844.1673081500367,5.3476738438264679e-05,0.9999999493850934,0.9999999493850934
7852.8637242344612,3.9464522740718083e-05,0.99999996791548895,0.99999996791548895
7861.5601403188848,2.7577899089363233e-05,0.99999998126014511,0.99999998126014511
7870.2565564033057,1.7811604114931968e-05,0.99999999027064135,0.99999999027064146
7878.9529724877339,1.0165653593566926e-05,0.99999999579838683,0.99999999579838683
7887.6493885721547,4.6567412180154745e-06,0.99999999869477296,0.99999999869477274
7896.3458046565793,1.2795950164760032e-06,0.99999999981144894,0.99999999981144905
7905.0422207410002,2.2818718613613931e-08,0.999999999999585,0.999999999999585
7913.7386368254247,0,1,1
7922.4350529098519,0,1,1
7931.1314689942728,0,1,1
7939.8278850786974,0,1,1
7948.5243011631183,0,1,1
7957.2207172475428,0,1,1
7965.91713333197,0,1,1
7974.6135494163909,0,1,1
7983.3099655008155,0,1,1
7992.0063815852363,0,1,1
8000.7027976696609,0,1,1
8009.3992137540854,0,1,1
8018.095629838509,0,1,1
8026.7920459229335,0,1,1
8035.4884620073544,0,1,1
8044.184878091779,0,1,1
8052.8812941762035,0,1,1
8061.5777102606271,0,1,1
8070.274126345048,0,1,1
8078.9705424294725,0,1,1
8087.666958513897,0,1,1
8096.3633745983216,0,1,1
8105.0597906827461,0,1,1
8113.756206767167,0,1,1
8122.4526228515906,0,1,1
8131.1490389360115,0,1,1
8139.8454550204397,0,1,1
8148.5418711048642,0,1,1
8157.2382871892851,0,1,1
8165.9347032737087,0,1,1
8174.6311193581296,0,1,1
8183.3275354425577,0,1,1
8192.0239515269786,0,1,1
8200.7203676114023,0,1,1
8209.4167836958277,0,1,1
8218.1131997802477,0,1,1
8226.8096158646767,0,1,1
8235.5060319490967,0,1,1
8244.2024480335203,0,1,1
8252.8988641179421,0,1,1
8261.5952802023658,0,1,1
8270.2916962867948,0,1,1
8278.9881123712148,0,1,1
8287.6845284556402,0,1,1
8296.3809445400602,0,1,1
8305.0773606244838,0,1,1
8313.7737767089093,0,1,1
8322.4701927933329,0,1,1
8331.1666088777583,0,1,1
8339.8630249621783,0,1,1
8348.5594410466019,0,1,1
8357.2558571310274,0,1,1
8365.952273215451,0,1,1
8374.6486892998728,0,1,1
8383.3451053842964,0,1,1
8392.04152146872,0,1,1
8400.7379375531455,0,1,1
8409.4343536375691,0,1,1
8418.1307697219909,0,1,1
8426.8271858064145,0,1,1
8435.5236018908363,0,1,1
8444.2200179752635,0,1,1
8452.9164340596872,0,1,1
8461.612850144109,0,1,1
8470.3092662285326,0,1,1
8479.0056823129544,0,1,1
8487.7020983973816,0,1,1
8496.3985144818016,0,1,1
8505.094930566227,0,1,1
8513.7913466506507,0,1,1
8522.4877627350725,0,1,1
8531.1841788194997,0,1,1
8539.8805949039215,0,1,1
8548.5770109883451,0,1,1
8557.2734270727651,0,1,1
8565.9698431571906,0,1,1
8574.6662592416178,0,1,1
8583.3626753260396,0,1,1
8592.0590914104632,0,1,1
8600.7555074948832,0,1,1
8609.4519235793086,0,1,1
8618.1483396637323,0,1,1
8626.8447557481577,0,1,1
8635.5411718325813,0,1,1
8644.2375879170031,0,1,1
8652.9340040014267,0,1,1
8661.6304200858503,0,1,1
8670.3268361702758,0,1,1
8679.0232522546958,0,1,1
8687.7196683391212,0,1,1
8696.4160844235448,0,1,1
