3465
0 21138.119388700023 9.7563792413719224 5698.0306001541967
1 21157.476624570994 43.284095263988412 3627.7067011356057
2 21176.833860441966 76.811811286604907 2160.2476942888115
3 21188.099556804609 96.324569769348756 1571.8590643465877
4 21207.456792675581 129.85228579196524 895.26087831899031
5 21226.814028546552 163.38000181458173 500.15618194366721
6 21238.079724909199 182.89276029732557 350.9601695387409
7 21257.436960780167 216.42047631994205 184.73225483398863
8 21276.794196651135 249.94819234255851 90.39367912150918
9 21288.059893013782 269.46095082530235 56.234977558207099
10 21307.417128884754 302.98866684791886 21.831032548894253
11 21326.774364755722 336.51638287053538 6.4370038494132773
12 21338.040061118369 356.02914135327921 2.327451604970757
13 21357.39729698934 389.55685737589567 0.26909883729320616
14 21376.754532860312 423.08457339851219 0
15 21388.020229222955 442.59733188125603 0
16 21407.377465093927 476.12504790387248 0
17 21426.734700964898 509.65276392648894 0
18 21438.000397327542 529.16552240923284 0
19 21457.35763319851 562.6932384318493 0
20 21476.714869069481 596.22095445446575 0
21 21487.980565432124 615.73371293720959 0
22 21507.337801303096 649.26142895982616 0
23 21526.695037174068 682.78914498244274 0
24 21537.960733536711 702.30190346518657 0
25 21557.317969407683 735.82961948780303 0
26 21576.675205278654 769.35733551041949 0
27 21587.940901641297 788.87009399316332 0
28 21607.298137512269 822.3978100157799 0
29 21626.655373383237 855.92552603839636 0
30 21637.921069745884 875.43828452114019 0
31 21657.278305616856 908.96600054375665 0
32 21676.635541487827 942.49371656637311 0
33 21687.90123785047 962.00647504911694 0
34 21707.258473721442 995.5341910717334 0
35 21726.615709592414 1029.0619070943499 0
36 21737.881405955057 1048.5746655770938 0
37 21757.238641826028 1082.1023815997103 0
38 21776.595877697 1115.630097622327 0
39 21787.861574059643 1135.1428561050707 0
40 21807.218809930615 1168.6705721276871 0
41 21826.576045801587 1202.1982881503036 0
42 21837.84174216423 1221.7110466330473 0
43 21857.198978035201 1255.2387626556638 0
44 21876.556213906173 1288.7664786782805 0
45 21887.821910268816 1308.2792371610242 0
46 21907.179146139788 1341.8069531836409 0
47 21926.536382010756 1375.3346692062573 0
48 21937.802078373403 1394.8474276890013 0
49 21957.159314244374 1428.3751437116175 0
50 21976.516550115346 1461.902859734234 0
51 21987.782246477989 1481.4156182169779 0
52 22007.139482348961 1514.9433342395946 0
53 22026.496718219933 1548.4710502622111 0
54 22037.762414582576 1567.9838087449548 0
55 22057.119650453547 1601.5115247675712 0
56 22076.476886324519 1635.0392407901877 0
57 22087.742582687162 1654.5519992729314 0
58 22107.099818558134 1688.0797152955479 0
59 22126.457054429105 1721.6074313181646 0
60 22137.722750791749 1741.1201898009085 0
61 22157.07998666272 1774.647905823525 0
62 22176.437222533692 1808.1756218461412 0
63 22187.702918896335 1827.6883803288852 0
64 22207.060154767307 1861.2160963515016 0
65 22226.417390638275 1894.7438123741183 0
66 22237.683087000922 1914.256570856862 0
67 22257.04032287189 1947.7842868794785 0
68 22276.397558742858 1981.3120029020949 0
69 22287.663255105505 2000.8247613848387 0
70 22307.020490976476 2034.3524774074551 0
71 22326.377726847444 2067.8801934300718 0
72 22337.643423210091 2087.3929519128155 0
73 22357.000659081063 2120.920667935432 0
74 22376.357894952034 2154.4483839580485 0
75 22387.623591314677 2173.9611424407926 0
76 22406.980827185649 2207.4888584634091 0
77 22426.338063056621 2241.0165744860255 0
78 22437.603759419264 2260.5293329687697 0
79 22456.960995290236 2294.0570489913862 0
80 22476.318231161207 2327.5847650140026 0
81 22487.58392752385 2347.0975234967464 0
82 22506.941163394822 2380.6252395193624 0
83 22526.298399265794 2414.1529555419788 0
84 22537.564095628441 2433.6657140247225 0
85 22556.921331499409 2467.1934300473395 0
86 22576.27856737038 2500.7211460699559 0
87 22587.544263733027 2520.2339045526996 0
88 22606.901499603995 2553.7616205753161 0
89 22626.258735474963 2587.2893365979326 0
90 22637.52443183761 2606.8020950806767 0
91 22656.881667708582 2640.3298111032932 0
92 22676.238903579553 2673.8575271259097 0
93 22687.504599942196 2693.3702856086534 0
94 22706.861835813168 2726.8980016312698 0
95 22726.21907168414 2760.4257176538867 0
96 22737.484768046783 2779.9384761366305 0
97 22756.842003917754 2813.4661921592469 0
98 22776.199239788726 2846.9939081818629 0
99 22787.464936151369 2866.5066666646071 0
100 22806.822172022341 2900.0343826872236 0
101 22826.179407893313 2933.56209870984 0
102 22837.445104255956 2953.0748571925837 0
103 22856.802340126927 2986.6025732152002 0
104 22876.159575997899 3020.1302892378171 0
105 22887.425272360546 3039.6430477205608 0
106 22906.78250823151 3073.1707637431773 0
107 22926.139744102482 3106.6984797657938 0
108 22937.405440465129 3126.2112382485375 0
109 22956.762676336097 3159.7389542711544 0
110 22976.119912207068 3193.2666702937704 0
111 22987.385608569712 3212.7794287765141 0
112 23006.742844440683 3246.3071447991306 0
113 23026.100080311655 3279.8348608217475 0
114 23037.365776674298 3299.3476193044912 0
115 23056.72301254527 3332.8753353271077 0
116 23076.080248416241 3366.4030513497237 0
117 23087.345944778885 3385.9158098324674 0
118 23106.703180649856 3419.4435258550843 0
119 23126.060416520828 3452.9712418777012 0
120 23137.326112883471 3472.484000360445 0
121 23156.683348754443 3506.0117163830614 0
122 23176.040584625414 3539.5394324056779 0
123 23187.306280988058 3559.052190888422 0
124 23206.663516859029 3592.5799069110381 0
125 23226.020752730001 3626.1076229336545 0
126 23237.286449092648 3645.6203814163982 0
127 23256.643684963616 3679.1480974390147 0
128 23276.000920834584 3712.6758134616312 0
129 23287.266617197231 3732.1885719443749 0
130 23306.623853068202 3765.7162879669913 0
131 23325.981088939174 3799.2440039896082 0
132 23337.246785301817 3818.7567624723524 0
133 23356.604021172789 3852.2844784949684 0
134 23375.96125704376 3885.8121945175849 0
135 23387.226953406403 3905.3249530003286 0
136 23406.584189277375 3938.8526690229455 0
137 23425.941425148347 3972.380385045562 0
138 23437.20712151099 3991.8931435283057 0
139 23456.564357381962 4025.4208595509217 0
140 23475.921593252933 4058.9485755735382 0
141 23487.187289615576 4078.4613340562819 0
142 23506.544525486548 4111.9890500788988 0
143 23525.90176135752 4145.5167661015148 0
144 23537.167457720163 4165.029524584259 0
145 23556.524693591135 4198.557240606875 0
146 23575.881929462103 4232.0849566294919 0
147 23587.147625824749 4251.5977151122361 0
148 23606.504861695717 4285.125431134853 0
149 23625.862097566685 4318.653147157469 0
150 23637.127793929332 4338.1659056402132 0
151 23656.485029800304 4371.6936216628292 0
152 23675.842265671276 4405.2213376854461 0
153 23687.107962033919 4424.7340961681903 0
154 23706.46519790489 4458.2618121908072 0
155 23725.822433775862 4491.7895282134232 0
156 23737.088130138505 4511.3022866961674 0
157 23756.445366009477 4544.8300027187834 0
158 23775.802601880448 4578.3577187413994 0
159 23787.068298243092 4597.8704772241435 0
160 23806.425534114063 4631.3981932467595 0
161 23825.782769985035 4664.9259092693765 0
162 23837.048466347678 4684.4386677521206 0
163 23856.40570221865 4717.9663837747366 0
164 23875.762938089621 4751.4940997973526 0
165 23887.028634452268 4771.0068582800968 0
166 23906.385870323236 4804.5345743027137 0
167 23925.743106194204 4838.0622903253297 0
168 23937.008802556851 4857.5750488080739 0
169 23956.366038427823 4891.1027648306899 0
170 23975.723274298791 4924.6304808533068 0
171 23986.988970661438 4944.1432393360501 0
172 24006.346206532409 4977.670955358667 0
173 24025.703442403381 5011.1986713812839 0
174 24036.969138766024 5030.7114298640272 0
175 24056.326374636996 5064.2391458866441 0
176 24075.683610507967 5097.766861909261 0
177 24086.949306870611 5117.2796203920052 0
178 24106.306542741582 5150.8073364146212 0
179 24125.663778612554 5184.3350524372372 0
180 24136.929474975197 5203.8478109199814 0
181 24156.286710846169 5237.3755269425983 0
182 24175.64394671714 5270.9032429652143 0
183 24186.909643079787 5290.4160014479585 0
184 24206.266878950755 5323.9437174705745 0
185 24225.624114821727 5357.4714334931914 0
186 24236.889811184374 5376.9841919759347 0
187 24256.247047055342 5410.5119079985516 0
188 24275.60428292631 5444.0396240211685 0
189 24286.869979288957 5463.5523825039118 0
190 24306.227215159925 5497.0800985265287 0
191 24325.584451030896 5530.6078145491447 0
192 24336.850147393539 5550.1205730318889 0
193 24356.207383264511 5583.6482890545049 0
194 24375.564619135483 5617.1760050771209 0
195 24386.830315498126 5636.688763559865 0
196 24406.187551369097 5670.216479582481 0
197 24425.544787240069 5703.744195605098 0
198 24436.810483602712 5723.2569540878421 0
199 24456.167719473684 5756.784670110459 0
200 24475.524955344656 5790.3123861330751 0
201 24486.790651707299 5809.8251446158192 0
202 24506.14788757827 5843.3528606384352 0
203 24525.505123449242 5876.8805766610521 0
204 24536.770819811885 5896.3933351437954 0
205 24556.128055682857 5929.9210511664132 0
206 24575.485291553829 5963.4487671890301 0
207 24586.750987916475 5982.9615256717734 0
208 24606.108223787443 6016.4892416943894 0
209 24625.465459658415 6050.0169577170054 0
210 24636.731156021058 6069.5297161997496 0
211 24656.08839189203 6103.0574322223656 0
212 24675.445627763002 6136.5851482449816 0
213 24686.711324125645 6156.0979067277258 0
214 24706.068559996616 6189.6256227503427 0
215 24725.425795867588 6223.1533387729596 0
216 24736.691492230231 6242.6660972557038 0
217 24756.048728101203 6276.1938132783198 0
218 24775.405963972175 6309.7215293009358 0
219 24786.671660334818 6329.23428778368 0
220 24806.028896205789 6362.762003806296 0
221 24825.386132076761 6396.2897198289129 0
222 24836.651828439404 6415.8024783116562 0
223 24856.009064310376 6449.330194334274 0
224 24875.366300181347 6482.85791035689 0
225 24886.631996543994 6502.3706688396342 0
226 24905.989232414962 6535.8983848622502 0
227 24925.346468285934 6569.4261008848662 0
228 24936.612164648577 6588.9388593676103 0
229 24955.969400519549 6622.4665753902264 0
230 24975.326636390517 6655.9942914128433 0
231 24986.59233275316 6675.5070498955874 0
232 25005.949568624132 6709.0347659182034 0
233 25025.306804495103 6742.5624819408195 0
234 25036.572500857746 6762.0752404235627 0
235 25055.929736728718 6795.6029564461805 0
236 25075.28697259969 6829.1306724687965 0
237 25086.552668962333 6848.6434309515398 0
238 25105.909904833305 6882.1711469741567 0
239 25125.267140704276 6915.6988629967746 0
240 25136.532837066919 6935.2116214795178 0
241 25155.890072937891 6968.7393375021347 0
242 25175.247308808863 7002.2670535247507 0
243 25186.51300517151 7021.7798120074949 0
244 25205.870241042478 7055.3075280301109 0
245 25225.227476913449 7088.8352440527278 0
246 25236.493173276096 7108.348002535472 0
247 25255.850409147064 7141.875718558088 0
248 25275.207645018032 7175.403434580704 0
249 25286.473341380679 7194.9161930634482 0
250 25305.830577251651 7228.4439090860651 0
251 25325.187813122622 7261.9716251086811 0
252 25336.453509485265 7281.4843835914253 0
253 25355.810745356237 7315.0120996140413 0
254 25375.167981227209 7348.5398156366582 0
255 25386.433677589852 7368.0525741194015 0
256 25405.790913460824 7401.5802901420175 0
257 25425.148149331795 7435.1080061646335 0
258 25436.413845694438 7454.6207646473777 0
259 25455.77108156541 7488.1484806699937 0
260 25475.128317436382 7521.6761966926106 0
261 25486.394013799025 7541.1889551753547 0
262 25505.751249669996 7574.7166711979717 0
263 25525.108485540968 7608.2443872205886 0
264 25536.374181903615 7627.7571457033328 0
265 25555.731417774583 7661.2848617259497 0
266 25575.088653645551 7694.8125777485657 0
267 25586.354350008198 7714.3253362313098 0
268 25605.711585879169 7747.8530522539259 0
269 25625.068821750137 7781.3807682765419 0
270 25636.334518112784 7800.8935267592851 0
271 25655.691753983756 7834.421242781902 0
272 25675.048989854728 7867.9489588045199 0
273 25686.314686217371 7887.4617172872631 0
274 25705.671922088339 7920.9894333098791 0
275 25725.02915795931 7954.5171493324951 0
276 25736.294854321954 7974.0299078152393 0
277 25755.652090192925 8007.5576238378562 0
278 25775.009326063897 8041.0853398604731 0
279 25786.27502242654 8060.5980983432173 0
280 25805.632258297512 8094.1258143658324 0
281 25824.989494168483 8127.6535303884484 0
282 25836.255190531127 8147.1662888711926 0
283 25855.612426402098 8180.6940048938086 0
284 25874.96966227307 8214.2217209164246 0
285 25886.235358635713 8233.7344793991688 0
286 25905.592594506685 8267.2621954217866 0
287 25924.949830377653 8300.7899114444026 0
288 25936.2155267403 8320.3026699271468 0
289 25955.572762611271 8353.8303859497628 0
290 25974.929998482243 8387.3581019723806 0
291 25986.195694844886 8406.8708604551248 0
292 26005.552930715858 8440.398576477739 0
293 26024.910166586829 8473.9262925003568 0
294 26036.175862949473 8493.4390509830992 0
295 26055.533098820444 8526.966767005717 0
296 26074.890334691416 8560.4944830283348 0
297 26086.156031054059 8580.0072415110772 0
298 26105.513266925031 8613.534957533695 0
299 26124.870502796002 8647.0626735563092 0
300 26136.136199158645 8666.5754320390533 0
301 26155.493435029617 8700.1031480616693 0
302 26174.850670900589 8733.6308640842872 0
303 26186.116367263232 8753.1436225670313 0
304 26205.473603134204 8786.6713385896473 0
305 26224.830839005172 8820.1990546122652 0
306 26236.096535367818 8839.7118130950093 0
307 26255.45377123879 8873.2395291176254 0
308 26274.811007109762 8906.7672451402414 0
309 26286.076703472405 8926.2800036229855 0
310 26305.433939343377 8959.8077196456015 0
311 26324.791175214348 8993.3354356682194 0
312 26336.056871576991 9012.8481941509617 0
313 26355.414107447963 9046.3759101735777 0
314 26374.771343318931 9079.9036261961937 0
315 26386.037039681574 9099.4163846789361 0
316 26405.39427555255 9132.9441007015539 0
317 26424.751511423521 9166.4718167241699 0
318 26436.017207786164 9185.9845752069141 0
319 26455.374443657136 9219.5122912295319 0
320 26474.731679528104 9253.0400072521479 0
321 26485.997375890747 9272.5527657348921 0
322 26505.354611761719 9306.0804817575081 0
323 26524.71184763269 9339.6081977801259 0
324 26535.977543995337 9359.1209562628683 0
325 26555.334779866305 9392.6486722854861 0
326 26574.692015737273 9426.1763883081003 0
327 26585.95771209992 9445.6891467908445 0
328 26605.314947970892 9479.2168628134605 0
329 26624.67218384186 9512.7445788360783 0
330 26635.937880204507 9532.2573373188206 0
331 26655.295116075478 9565.7850533414385 0
332 26674.65235194645 9599.3127693640563 0
333 26685.918048309093 9618.8255278468005 0
334 26705.275284180065 9652.3532438694165 0
335 26724.632520051036 9685.8809598920307 0
336 26735.89821641368 9705.3937183747748 0
337 26755.255452284651 9738.9214343973927 0
338 26774.612688155623 9772.4491504200105 0
339 26785.878384518266 9791.9619089027547 0
340 26805.235620389238 9825.4896249253688 0
341 26824.592856260209 9859.0173409479848 0
342 26835.858552622856 9878.530099430729 0
343 26855.215788493824 9912.0578154533468 0
344 26874.573024364796 9945.5855314759647 0
345 26885.838720727443 9965.098289958707 0
346 26905.195956598411 9998.626005981323 0
347 26924.553192469379 10032.153722003939 0
348 26935.818888832026 10051.666480486683 0
349 26955.176124702997 10085.194196509299 0
350 26974.533360573969 10118.721912531913 0
351 26985.799056936612 10138.234671014658 0
352 27005.156292807584 10171.762387037277 0
353 27024.513528678555 10205.290103059895 0
354 27035.779225041199 10224.802861542637 0
355 27055.136460912167 10258.330577565253 0
356 27074.493696783138 10291.858293587868 0
357 27085.759393145781 10311.371052070612 0
358 27105.116629016753 10344.89876809323 0
359 27124.473864887725 10378.426484115847 0
360 27135.739561250368 10397.93924259859 0
361 27155.096797121339 10431.466958621208 0
362 27174.454032992311 10464.994674643824 0
363 27185.719729354958 10484.507433126568 0
364 27205.076965225926 10518.035149149184 0
365 27224.434201096898 10551.5628651718 0
366 27235.699897459544 10571.075623654544 0
367 27255.057133330512 10604.60333967716 0
368 27274.414369201484 10638.131055699778 0
369 27285.680065564127 10657.643814182522 0
370 27305.037301435099 10691.171530205138 0
371 27324.394537306071 10724.699246227754 0
372 27335.660233668714 10744.212004710498 0
373 27355.017469539685 10777.739720733116 0
374 27374.374705410657 10811.267436755732 0
375 27385.6404017733 10830.780195238476 0
376 27404.997637644272 10864.30791126109 0
377 27424.354873515244 10897.835627283708 0
378 27435.620569877887 10917.348385766452 0
379 27454.977805748858 10950.876101789068 0
380 27474.33504161983 10984.403817811683 0
381 27485.600737982473 11003.916576294427 0
382 27504.957973853445 11037.444292317045 0
383 27524.315209724416 11070.972008339662 0
384 27535.580906087063 11090.484766822407 0
385 27554.938141958031 11124.012482845023 0
386 27574.295377828999 11157.540198867639 0
387 27585.561074191646 11177.052957350383 0
388 27604.918310062618 11210.580673372999 0
389 27624.275545933589 11244.108389395615 0
390 27635.541242296233 11263.621147878359 0
391 27654.898478167204 11297.148863900975 0
392 27674.255714038176 11330.676579923591 0
393 27685.521410400819 11350.189338406335 0
394 27704.878646271791 11383.717054428951 0
395 27724.235882142762 11417.244770451569 0
396 27735.501578505406 11436.757528934311 0
397 27754.858814376377 11470.285244956929 0
398 27774.216050247349 11503.812960979547 0
399 27785.481746609992 11523.325719462291 0
400 27804.838982480964 11556.853435484907 0
401 27824.196218351932 11590.381151507521 0
402 27835.461914714575 11609.893909990265 0
403 27854.819150585547 11643.421626012881 0
404 27874.176386456518 11676.949342035499 0
405 27885.442082819165 11696.462100518243 0
406 27904.799318690133 11729.989816540859 0
407 27924.156554561101 11763.517532563475 0
408 27935.422250923748 11783.03029104622 0
409 27954.77948679472 11816.558007068837 0
410 27974.136722665691 11850.085723091453 0
411 27985.402419028334 11869.598481574198 0
412 28004.759654899306 11903.126197596814 0
413 28024.116890770278 11936.653913619431 0
414 28035.382587132921 11956.166672102176 0
415 28054.739823003893 11989.69438812479 0
416 28074.097058874864 12023.222104147408 0
417 28085.362755237507 12042.73486263015 0
418 28104.719991108479 12076.262578652768 0
419 28124.077226979451 12109.790294675384 0
420 28135.342923342094 12129.303053158128 0
421 28154.700159213065 12162.830769180742 0
422 28174.057395084037 12196.358485203358 0
423 28185.323091446684 12215.871243686102 0
424 28204.680327317652 12249.39895970872 0
425 28224.03756318862 12282.926675731336 0
426 28235.303259551267 12302.439434214079 0
427 28254.660495422238 12335.967150236696 0
428 28274.017731293206 12369.494866259314 0
429 28285.283427655853 12389.007624742058 0
430 28304.640663526825 12422.535340764674 0
431 28323.997899397797 12456.06305678729 0
432 28335.26359576044 12475.575815270035 0
433 28354.620831631411 12509.103531292651 0
434 28373.978067502383 12542.631247315268 0
435 28385.243763865026 12562.144005798013 0
436 28404.600999735998 12595.671721820629 0
437 28423.95823560697 12629.199437843243 0
438 28435.223931969613 12648.712196325987 0
439 28454.581167840581 12682.239912348603 0
440 28473.938403711552 12715.767628371221 0
441 28485.204100074196 12735.280386853963 0
442 28504.561335945167 12768.808102876581 0
443 28523.918571816143 12802.335818899197 0
444 28535.184268178789 12821.848577381941 0
445 28554.541504049754 12855.376293404559 0
446 28573.898739920725 12888.904009427173 0
447 28585.164436283369 12908.416767909917 0
448 28604.52167215434 12941.944483932535 0
449 28623.878908025312 12975.472199955153 0
450 28635.144604387955 12994.984958437897 0
451 28654.501840258927 13028.512674460511 0
452 28673.859076129898 13062.040390483127 0
453 28685.124772492542 13081.553148965872 0
454 28704.482008363513 13115.080864988489 0
455 28723.839244234485 13148.608581011105 0
456 28735.104940597128 13168.12133949385 0
457 28754.4621764681 13201.649055516464 0
458 28773.819412339071 13235.176771539082 0
459 28785.085108701714 13254.689530021826 0
460 28804.442344572686 13288.217246044442 0
461 28823.799580443658 13321.74496206706 0
462 28835.065276806301 13341.257720549802 0
463 28854.422512677273 13374.78543657242 0
464 28873.779748548244 13408.313152595038 0
465 28885.045444910891 13427.825911077782 0
466 28904.402680781859 13461.353627100396 0
467 28923.759916652831 13494.88134312301 0
468 28935.025613015474 13514.394101605754 0
469 28954.382848886446 13547.921817628372 0
470 28973.740084757417 13581.44953365099 0
471 28985.00578112006 13600.962292133732 0
472 29004.363016991032 13634.49000815635 0
473 29023.720252862004 13668.017724178964 0
474 29034.985949224647 13687.530482661708 0
475 29054.343185095619 13721.058198684328 0
476 29073.70042096659 13754.585914706946 0
477 29084.966117329233 13774.098673189688 0
478 29104.323353200205 13807.626389212304 0
479 29123.680589071177 13841.15410523492 0
480 29134.94628543382 13860.666863717664 0
481 29154.303521304792 13894.19457974028 0
482 29173.660757175759 13927.722295762895 0
483 29184.926453538406 13947.235054245639 0
484 29204.283689409378 13980.762770268257 0
485 29223.640925280346 14014.290486290874 0
486 29234.906621642993 14033.803244773619 0
487 29254.263857513964 14067.330960796233 0
488 29273.621093384932 14100.858676818849 0
489 29284.886789747576 14120.371435301593 0
490 29304.244025618551 14153.899151324211 0
491 29323.601261489523 14187.426867346829 0
492 29334.866957852166 14206.939625829571 0
493 29354.224193723137 14240.467341852187 0
494 29373.581429594105 14273.995057874803 0
495 29384.847125956749 14293.507816357547 0
496 29404.20436182772 14327.035532380163 0
497 29423.561597698692 14360.563248402779 0
498 29434.827294061335 14380.076006885523 0
499 29454.184529932307 14413.603722908141 0
500 29473.541765803278 14447.131438930757 0
501 29484.807462165922 14466.644197413501 0
502 29504.164698036893 14500.171913436117 0
503 29523.521933907865 14533.699629458733 0
504 29534.787630270512 14553.212387941478 0
505 29554.14486614148 14586.740103964094 0
506 29573.502102012448 14620.267819986711 0
507 29584.767798375095 14639.780578469454 0
508 29604.125034246066 14673.308294492072 0
509 29623.482270117038 14706.836010514688 0
510 29634.747966479681 14726.348768997432 0
511 29654.105202350653 14759.87648502005 0
512 29673.462438221624 14793.404201042667 0
513 29684.728134584268 14812.91695952541 0
514 29704.085370455236 14846.444675548024 0
515 29723.442606326207 14879.97239157064 0
516 29734.70830268885 14899.485150053384 0
517 29754.065538559822 14933.012866076 0
518 29773.422774430797 14966.540582098616 0
519 29784.688470793441 14986.05334058136 0
520 29804.045706664408 15019.581056603976 0
521 29823.40294253538 15053.108772626594 0
522 29834.668638898023 15072.621531109338 0
523 29854.025874768995 15106.149247131954 0
524 29873.383110639967 15139.676963154572 0
525 29884.648807002613 15159.189721637316 0
526 29904.006042873585 15192.717437659932 0
527 29923.363278744553 15226.24515368255 0
528 29934.6289751072 15245.757912165293 0
529 29953.986210978168 15279.28562818791 0
530 29973.34344684914 15312.813344210526 0
531 29984.609143211783 15332.326102693271 0
532 30003.966379082754 15365.853818715887 0
533 30023.32361495373 15399.381534738503 0
534 30034.589311316373 15418.894293221247 0
535 30053.946547187341 15452.422009243863 0
536 30073.303783058313 15485.949725266481 0
537 30084.569479420956 15505.462483749225 0
538 30103.926715291927 15538.990199771841 0
539 30123.283951162899 15572.517915794455 0
540 30134.549647525542 15592.030674277199 0
541 30153.906883396514 15625.558390299815 0
542 30173.264119267486 15659.086106322433 0
543 30184.529815630129 15678.598864805175 0
544 30203.8870515011 15712.126580827793 0
545 30223.244287372068 15745.654296850411 0
546 30234.509983734715 15765.167055333155 0
547 30253.867219605687 15798.694771355771 0
548 30273.224455476658 15832.222487378385 0
549 30284.490151839302 15851.735245861129 0
550 30303.847387710273 15885.262961883745 0
551 30323.204623581245 15918.790677906363 0
552 30334.470319943888 15938.303436389107 0
553 30353.82755581486 15971.831152411723 0
554 30373.184791685831 16005.358868434341 0
555 30384.450488048475 16024.871626917085 0
556 30403.807723919446 16058.399342939701 0
557 30423.164959790418 16091.927058962319 0
558 30434.430656153061 16111.439817445062 0
559 30453.787892024033 16144.967533467678 0
560 30473.145127895004 16178.495249490294 0
561 30484.410824257648 16198.008007973038 0
562 30503.768060128619 16231.535723995654 0
563 30523.125295999587 16265.063440018268 0
564 30534.390992362234 16284.576198501012 0
565 30553.748228233206 16318.10391452363 0
566 30573.105464104174 16351.631630546248 0
567 30584.371160466821 16371.144389028992 0
568 30603.728396337792 16404.672105051606 0
569 30623.08563220876 16438.199821074224 0
570 30634.351328571403 16457.712579556966 0
571 30653.708564442375 16491.240295579584 0
572 30673.065800313347 16524.768011602202 0
573 30684.33149667599 16544.280770084944 0
574 30703.688732546962 16577.808486107562 0
575 30723.045968417933 16611.336202130176 0
576 30734.311664780576 16630.848960612922 0
577 30753.668900651552 16664.37667663554 0
578 30773.026136522523 16697.904392658158 0
579 30784.291832885167 16717.4171511409 0
580 30803.649068756138 16750.944867163518 0
581 30823.006304627106 16784.472583186132 0
582 30834.272000989753 16803.985341668875 0
583 30853.629236860721 16837.513057691489 0
584 30872.986472731689 16871.040773714107 0
585 30884.252169094336 16890.553532196849 0
586 30903.609404965307 16924.081248219467 0
587 30922.966640836275 16957.608964242085 0
588 30934.232337198922 16977.121722724827 0
589 30953.589573069894 17010.649438747445 0
590 30972.946808940866 17044.177154770063 0
591 30984.212505303509 17063.689913252805 0
592 31003.56974117448 17097.217629275423 0
593 31022.926977045452 17130.745345298041 0
594 31034.192673408095 17150.258103780783 0
595 31053.549909279067 17183.785819803401 0
596 31072.907145150039 17217.313535826019 0
597 31084.172841512682 17236.826294308761 0
598 31103.530077383653 17270.354010331379 0
599 31122.887313254625 17303.881726353993 0
600 31134.153009617272 17323.394484836736 0
601 31153.51024548824 17356.922200859353 0
602 31172.867481359212 17390.449916881971 0
603 31184.133177721858 17409.962675364714 0
604 31203.490413592826 17443.490391387328 0
605 31222.847649463794 17477.018107409946 0
606 31234.113345826441 17496.530865892688 0
607 31253.470581697413 17530.058581915306 0
608 31272.827817568384 17563.586297937924 0
609 31284.093513931028 17583.099056420666 0
610 31303.450749801996 17616.626772443284 0
611 31322.807985672967 17650.154488465902 0
612 31334.073682035611 17669.667246948644 0
613 31353.430917906582 17703.194962971262 0
614 31372.788153777554 17736.722678993876 0
615 31384.053850140197 17756.235437476618 0
616 31403.411086011169 17789.763153499236 0
617 31422.76832188214 17823.290869521854 0
618 31434.034018244784 17842.803628004596 0
619 31453.391254115755 17876.331344027214 0
620 31472.74848998673 17909.859060049832 0
621 31484.014186349377 17929.371818532574 0
622 31503.371422220345 17962.899534555192 0
623 31522.728658091313 17996.42725057781 0
624 31533.99435445396 18015.940009060552 0
625 31553.351590324928 18049.467725083166 0
626 31572.7088261959 18082.995441105784 0
627 31583.974522558543 18102.508199588527 0
628 31603.331758429515 18136.035915611144 0
629 31622.688994300486 18169.563631633759 0
630 31633.954690663129 18189.076390116501 0
631 31653.311926534101 18222.604106139122 0
632 31672.669162405073 18256.13182216174 0
633 31683.934858767716 18275.644580644483 0
634 31703.292094638688 18309.1722966671 0
635 31722.649330509659 18342.700012689715 0
636 31733.915026872302 18362.212771172457 0
637 31753.272262743274 18395.740487195075 0
638 31772.629498614246 18429.268203217693 0
639 31783.895194976889 18448.780961700435 0
640 31803.252430847861 18482.308677723053 0
641 31822.609666718832 18515.836393745667 0
642 31833.875363081479 18535.349152228413 0
643 31853.232598952447 18568.876868251027 0
644 31872.589834823415 18602.404584273645 0
645 31883.855531186062 18621.917342756387 0
646 31903.212767057033 18655.445058779005 0
647 31922.570002928005 18688.972774801623 0
648 31933.835699290648 18708.485533284365 0
649 31953.19293516162 18742.013249306983 0
650 31972.550171032592 18775.540965329597 0
651 31983.815867395235 18795.053723812343 0
652 32003.173103266206 18828.581439834958 0
653 32022.530339137174 18862.109155857572 0
654 32033.796035499818 18881.621914340318 0
655 32053.153271370789 18915.149630362936 0
656 32072.510507241761 18948.67734638555 0
657 32083.776203604404 18968.190104868296 0
658 32103.133439475376 19001.71782089091 0
659 32122.490675346347 19035.245536913528 0
660 32133.756371708994 19054.75829539627 0
661 32153.113607579966 19088.286011418888 0
662 32172.470843450934 19121.813727441509 0
663 32183.736539813581 19141.326485924252 0
664 32203.093775684552 19174.854201946866 0
665 32222.451011555517 19208.381917969484 0
666 32233.716707918164 19227.89467645223 0
667 32253.073943789135 19261.422392474844 0
668 32272.431179660107 19294.950108497458 0
669 32283.69687602275 19314.462866980204 0
670 32303.054111893722 19347.990583002822 0
671 32322.411347764693 19381.518299025436 0
672 32333.677044127337 19401.031057508178 0
673 32353.034279998308 19434.558773530796 0
674 32372.39151586928 19468.086489553414 0
675 32383.657212231923 19487.599248036156 0
676 32403.014448102895 19521.126964058774 0
677 32422.371683973866 19554.654680081392 0
678 32433.63738033651 19574.167438564134 0
679 32452.994616207481 19607.695154586749 0
680 32472.351852078453 19641.222870609367 0
681 32483.6175484411 19660.735629092113 0
682 32502.974784312068 19694.263345114727 0
683 32522.332020183036 19727.791061137341 0
684 32533.597716545682 19747.303819620087 0
685 32552.954952416654 19780.831535642705 0
686 32572.312188287622 19814.359251665319 0
687 32583.577884650269 19833.872010148061 0
688 32602.935120521241 19867.399726170683 0
689 32622.292356392212 19900.927442193301 0
690 32633.558052754855 19920.440200676043 0
691 32652.915288625823 19953.967916698661 0
692 32672.272524496795 19987.495632721275 0
693 32683.538220859438 20007.008391204017 0
694 32702.89545673041 20040.536107226631 0
695 32722.252692601382 20074.063823249249 0
696 32733.518388964025 20093.576581731995 0
697 32752.875624834996 20127.104297754609 0
698 32772.232860705975 20160.632013777224 0
699 32783.498557068619 20180.14477225997 0
700 32802.85579293959 20213.672488282587 0
701 32822.213028810562 20247.200204305202 0
702 32833.478725173205 20266.712962787944 0
703 32852.835961044169 20300.240678810565 0
704 32872.193196915141 20333.768394833183 0
705 32883.458893277784 20353.281153315926 0
706 32902.816129148763 20386.808869338543 0
707 32922.173365019727 20420.336585361161 0
708 32933.439061382378 20439.849343843904 0
709 32952.796297253342 20473.377059866521 0
710 32972.153533124314 20506.904775889136 0
711 32983.419229486957 20526.417534371882 0
712 33002.776465357929 20559.945250394492 0
713 33022.1337012289 20593.472966417106 0
714 33033.399397591544 20612.985724899852 0
715 33052.756633462515 20646.51344092247 0
716 33072.113869333487 20680.041156945088 0
717 33083.379565696137 20699.55391542783 0
718 33102.736801567102 20733.081631450448 0
719 33122.094037438073 20766.609347473066 0
720 33133.359733800717 20786.122105955808 0
721 33152.716969671688 20819.649821978426 0
722 33172.07420554266 20853.177538001044 0
723 33183.339901905303 20872.690296483786 0
724 33202.697137776267 20906.218012506404 0
725 33222.054373647239 20939.745728529018 0
726 33233.320070009882 20959.258487011764 0
727 33252.677305880861 20992.786203034379 0
728 33272.034541751826 21026.313919056993 0
729 33283.300238114476 21045.826677539739 0
730 33302.657473985448 21079.354393562357 0
731 33322.014709856419 21112.882109584974 0
732 33333.28040621907 21132.394868067717 0
733 33352.637642090034 21165.922584090335 0
734 33371.994877961006 21199.450300112952 0
735 33383.260574323649 21218.963058595695 0
736 33402.617810194613 21252.490774618309 0
737 33421.975046065592 21286.018490640927 0
738 33433.240742428236 21305.531249123669 0
739 33452.597978299207 21339.058965146287 0
740 33471.955214170179 21372.586681168901 0
741 33483.220910532822 21392.099439651647 0
742 33502.578146403786 21425.627155674265 0
743 33521.935382274765 21459.154871696879 0
744 33533.201078637409 21478.667630179625 0
745 33552.55831450838 21512.195346202243 0
746 33571.915550379344 21545.723062224857 0
747 33583.181246741988 21565.235820707599 0
748 33602.538482612959 21598.763536730217 0
749 33621.895718483931 21632.291252752835 0
750 33633.161414846574 21651.804011235577 0
751 33652.518650717553 21685.331727258195 0
752 33671.875886588517 21718.859443280813 0
753 33683.141582951168 21738.372201763559 0
754 33702.498818822132 21771.89991778617 0
755 33721.856054693111 21805.427633808788 0
756 33733.121751055754 21824.940392291533 0
757 33752.478986926726 21858.468108314148 0
758 33771.836222797698 21891.995824336766 0
759 33783.101919160341 21911.508582819508 0
760 33802.459155031305 21945.036298842126 0
761 33821.816390902284 21978.56401486474 0
762 33833.082087264927 21998.076773347482 0
763 33852.439323135899 22031.6044893701 0
764 33871.796559006863 22065.132205392718 0
765 33883.062255369507 22084.64496387546 0
766 33902.419491240478 22118.172679898078 0
767 33921.77672711145 22151.700395920696 0
768 33933.042423474093 22171.213154403442 0
769 33952.399659345072 22204.740870426052 0
770 33971.756895216036 22238.26858644867 0
771 33983.022591578687 22257.781344931416 0
772 34002.379827449651 22291.30906095403 0
773 34021.737063320623 22324.836776976648 0
774 34033.002759683273 22344.349535459394 0
775 34052.359995554245 22377.877251482008 0
776 34071.717231425217 22411.404967504626 0
777 34082.98292778786 22430.917725987369 0
778 34102.340163658824 22464.445442009986 0
779 34121.697399529803 22497.973158032601 0
780 34132.963095892446 22517.485916515343 0
781 34152.320331763418 22551.013632537961 0
782 34171.677567634382 22584.541348560579 0
783 34182.943263997025 22604.054107043325 0
784 34202.300499867997 22637.581823065939 0
785 34221.657735738969 22671.109539088553 0
786 34232.923432101612 22690.622297571299 0
787 34252.280667972591 22724.150013593917 0
788 34271.637903843555 22757.677729616531 0
789 34282.903600206206 22777.190488099277 0
790 34302.26083607717 22810.718204121891 0
791 34321.618071948142 22844.245920144509 0
792 34332.883768310792 22863.758678627251 0
793 34352.241004181764 22897.286394649869 0
794 34371.598240052728 22930.814110672487 0
795 34382.863936415379 22950.326869155229 0
796 34402.221172286343 22983.854585177847 0
797 34421.578408157322 23017.382301200465 0
798 34432.844104519965 23036.895059683207 0
799 34452.20134039093 23070.422775705825 0
800 34471.558576261901 23103.950491728436 0
801 34482.824272624544 23123.463250211182 0
802 34502.181508495516 23156.9909662338 0
803 34521.538744366488 23190.518682256414 0
804 34532.804440729131 23210.03144073916 0
805 34552.161676600095 23243.559156761774 0
806 34571.518912471067 23277.086872784392 0
807 34582.78460883371 23296.599631267134 0
808 34602.141844704689 23330.127347289752 0
809 34621.499080575653 23363.65506331237 0
810 34632.764776938297 23383.167821795112 0
811 34652.122012809268 23416.69553781773 0
812 34671.47924868024 23450.223253840348 0
813 34682.74494504289 23469.736012323094 0
814 34702.102180913862 23503.263728345708 0
815 34721.459416784826 23536.791444368322 0
816 34732.725113147477 23556.304202851068 0
817 34752.082349018441 23589.831918873686 0
818 34771.43958488942 23623.359634896304 0
819 34782.705281252063 23642.872393379046 0
820 34802.062517123035 23676.400109401664 0
821 34821.419752994007 23709.927825424278 0
822 34832.68544935665 23729.44058390702 0
823 34852.042685227614 23762.968299929635 0
824 34871.399921098586 23796.496015952252 0
825 34882.665617461229 23816.008774434995 0
826 34902.022853332208 23849.536490457613 0
827 34921.380089203172 23883.064206480234 0
828 34932.645785565815 23902.57696496298 0
829 34952.003021436787 23936.104680985591 0
830 34971.360257307759 23969.632397008208 0
831 34982.625953670402 23989.145155490951 0
832 35001.983189541381 24022.672871513569 0
833 35021.340425412345 24056.200587536187 0
834 35032.606121774996 24075.713346018929 0
835 35051.96335764596 24109.241062041547 0
836 35071.320593516939 24142.768778064161 0
837 35082.586289879582 24162.281536546903 0
838 35101.943525750554 24195.809252569521 0
839 35121.300761621525 24229.336968592139 0
840 35132.566457984169 24248.849727074885 0
841 35151.923693855133 24282.377443097499 0
842 35171.280929726105 24315.905159120117 0
843 35182.546626088748 24335.417917602863 0
844 35201.903861959727 24368.945633625473 0
845 35221.261097830691 24402.473349648091 0
846 35232.526794193334 24421.986108130834 0
847 35251.884030064306 24455.513824153451 0
848 35271.241265935278 24489.041540176069 0
849 35282.506962297921 24508.554298658812 0
850 35301.8641981689 24542.082014681429 0
851 35321.221434039864 24575.609730704044 0
852 35332.487130402515 24595.122489186786 0
853 35351.844366273479 24628.650205209404 0
854 35371.201602144458 24662.177921232022 0
855 35382.467298507101 24681.690679714764 0
856 35401.824534378073 24715.218395737382 0
857 35421.181770249044 24748.74611176 0
858 35432.447466611688 24768.258870242746 0
859 35451.804702482652 24801.78658626536 0
860 35471.161938353631 24835.314302287974 0
861 35482.427634716274 24854.82706077072 0
862 35501.784870587246 24888.354776793338 0
863 35521.14210645821 24921.882492815956 0
864 35532.407802820853 24941.395251298698 0
865 35551.765038691825 24974.922967321312 0
866 35571.122274562789 25008.450683343926 0
867 35582.387970925432 25027.963441826669 0
868 35601.745206796411 25061.49115784929 0
869 35621.102442667383 25095.018873871908 0
870 35632.368139030033 25114.53163235465 0
871 35651.725374900998 25148.059348377268 0
872 35671.082610771969 25181.587064399882 0
873 35682.34830713462 25201.099822882628 0
874 35701.705543005592 25234.627538905243 0
875 35721.062778876563 25268.155254927857 0
876 35732.328475239206 25287.668013410603 0
877 35751.685711110171 25321.195729433221 0
878 35771.04294698115 25354.723445455838 0
879 35782.308643343793 25374.236203938581 0
880 35801.665879214757 25407.763919961195 0
881 35821.023115085729 25441.291635983813 0
882 35832.288811448372 25460.804394466555 0
883 35851.646047319344 25494.332110489173 0
884 35871.003283190315 25527.859826511794 0
885 35882.268979552959 25547.37258499454 0
886 35901.626215423938 25580.900301017151 0
887 35920.983451294902 25614.428017039765 0
888 35932.249147657545 25633.940775522511 0
889 35951.606383528517 25667.468491545129 0
890 35970.963619399481 25700.996207567739 0
891 35982.229315762132 25720.508966050485 0
892 36001.586551633096 25754.036682073103 0
893 36020.943787504068 25787.564398095721 0
894 36032.209483866718 25807.077156578463 0
895 36051.56671973769 25840.604872601081 0
896 36070.923955608654 25874.132588623699 0
897 36082.189651971305 25893.645347106441 0
898 36101.546887842269 25927.173063129059 0
899 36120.904123713248 25960.700779151677 0
900 36132.169820075891 25980.213537634423 0
901 36151.527055946863 26013.741253657034 0
902 36170.884291817834 26047.268969679651 0
903 36182.149988180478 26066.781728162397 0
904 36201.507224051442 26100.309444185012 0
905 36220.864459922414 26133.837160207629 0
906 36232.130156285057 26153.349918690372 0
907 36251.487392156036 26186.87763471299 0
908 36270.844628027 26220.405350735607 0
909 36282.110324389643 26239.91810921835 0
910 36301.467560260615 26273.445825240968 0
911 36320.824796131586 26306.973541263582 0
912 36332.09049249423 26326.486299746324 0
913 36351.447728365209 26360.014015768942 0
914 36370.804964236173 26393.54173179156 0
915 36382.070660598823 26413.054490274306 0
916 36401.427896469788 26446.582206296916 0
917 36420.785132340767 26480.109922319534 0
918 36432.05082870341 26499.62268080228 0
919 36451.408064574382 26533.150396824894 0
920 36470.765300445353 26566.678112847512 0
921 36482.030996807996 26586.190871330255 0
922 36501.388232678961 26619.718587352872 0
923 36520.745468549932 26653.24630337549 0
924 36532.011164912576 26672.759061858233 0
925 36551.368400783555 26706.28677788085 0
926 36570.725636654519 26739.814493903468 0
927 36581.991333017169 26759.327252386211 0
928 36601.348568888134 26792.854968408828 0
929 36620.705804759105 26826.382684431446 0
930 36631.971501121749 26845.895442914189 0
931 36651.328736992727 26879.423158936803 0
932 36670.685972863692 26912.950874959417 0
933 36681.951669226342 26932.463633442163 0
934 36701.308905097307 26965.991349464777 0
935 36720.666140968286 26999.519065487395 0
936 36731.931837330929 27019.031823970137 0
937 36751.2890732019 27052.559539992755 0
938 36770.646309072872 27086.087256015377 0
939 36781.912005435515 27105.600014498119 0
940 36801.26924130648 27139.127730520733 0
941 36820.626477177451 27172.655446543351 0
942 36831.892173540095 27192.168205026093 0
943 36851.249409411073 27225.695921048711 0
944 36870.606645282038 27259.223637071329 0
945 36881.872341644681 27278.736395554071 0
946 36901.229577515653 27312.264111576689 0
947 36920.586813386624 27345.7918275993 0
948 36931.852509749267 27365.304586082046 0
949 36951.209745620246 27398.832302104664 0
950 36970.566981491218 27432.360018127278 0
951 36981.832677853861 27451.872776610024 0
952 37001.189913724826 27485.400492632645 0
953 37020.547149595805 27518.928208655263 0
954 37031.812845958448 27538.440967138005 0
955 37051.170081829419 27571.96868316062 0
956 37070.527317700384 27605.496399183234 0
957 37081.793014063027 27625.009157665976 0
958 37101.150249933999 27658.536873688594 0
959 37120.507485804977 27692.064589711212 0
960 37131.773182167621 27711.577348193954 0
961 37151.130418038585 27745.105064216572 0
962 37170.487653909549 27778.632780239182 0
963 37181.753350272193 27798.145538721928 0
964 37201.110586143172 27831.673254744546 0
965 37220.467822014143 27865.20097076716 0
966 37231.733518376786 27884.713729249906 0
967 37251.090754247758 27918.241445272528 0
968 37270.44799011873 27951.769161295146 0
969 37281.71368648138 27971.281919777888 0
970 37301.070922352344 28004.809635800506 0
971 37320.428158223316 28038.33735182312 0
972 37331.693854585959 28057.850110305866 0
973 37351.051090456938 28091.37782632848 0
974 37370.408326327903 28124.905542351098 0
975 37381.674022690553 28144.418300833844 0
976 37401.031258561517 28177.946016856455 0
977 37420.388494432482 28211.473732879072 0
978 37431.654190795125 28230.986491361815 0
979 37451.011426666097 28264.514207384433 0
980 37470.368662537076 28298.04192340705 0
981 37481.634358899719 28317.554681889793 0
982 37500.99159477069 28351.082397912411 0
983 37520.348830641662 28384.610113935028 0
984 37531.614527004305 28404.122872417771 0
985 37550.971762875284 28437.650588440389 0
986 37570.328998746256 28471.178304463006 0
987 37581.594695108899 28490.691062945749 0
988 37600.951930979863 28524.218778968363 0
989 37620.309166850828 28557.746494990977 0
990 37631.574863213478 28577.259253473723 0
991 37650.932099084443 28610.786969496337 0
992 37670.289334955422 28644.314685518952 0
993 37681.555031318065 28663.827444001698 0
994 37700.912267189036 28697.355160024315 0
995 37720.269503060001 28730.882876046933 0
996 37731.535199422651 28750.395634529676 0
997 37750.892435293616 28783.923350552293 0
998 37770.249671164587 28817.451066574908 0
999 37781.51536752723 28836.96382505765 0
1000 37800.872603398209 28870.491541080268 0
1001 37820.229839269181 28904.019257102886 0
1002 37831.495535631824 28923.532015585632 0
1003 37850.852771502789 28957.059731608246 0
1004 37870.21000737376 28990.587447630864 0
1005 37881.475703736403 29010.10020611361 0
1006 37900.832939607382 29043.627922136224 0
1007 37920.190175478354 29077.155638158838 0
1008 37931.455871840997 29096.668396641584 0
1009 37950.813107711961 29130.196112664202 0
1010 37970.170343582933 29163.72382868682 0
1011 37981.436039945576 29183.236587169562 0
1012 38000.793275816555 29216.764303192176 0
1013 38020.15051168752 29250.292019214794 0
1014 38031.416208050163 29269.804777697536 0
1015 38050.773443921134 29303.332493720154 0
1016 38070.130679792113 29336.860209742772 0
1017 38081.396376154757 29356.372968225514 0
1018 38100.753612025728 29389.900684248132 0
1019 38120.110847896693 29423.428400270746 0
1020 38131.376544259336 29442.941158753492 0
1021 38150.733780130307 29476.46887477611 0
1022 38170.091016001286 29509.996590798721 0
1023 38181.35671236393 29529.509349281467 0
1024 38200.713948234901 29563.037065304088 0
1025 38220.071184105866 29596.564781326706 0
1026 38231.336880468516 29616.077539809448 0
1027 38250.69411633948 29649.605255832066 0
1028 38270.051352210459 29683.13297185468 0
1029 38281.317048573103 29702.645730337423 0
1030 38300.674284444067 29736.173446360037 0
1031 38320.031520315039 29769.701162382651 0
1032 38331.297216677682 29789.213920865397 0
1033 38350.654452548653 29822.741636888015 0
1034 38370.011688419625 29856.269352910629 0
1035 38381.277384782268 29875.782111393375 0
1036 38400.634620653247 29909.309827415993 0
1037 38419.991856524219 29942.837543438603 0
1038 38431.257552886862 29962.350301921349 0
1039 38450.614788757826 29995.878017943967 0
1040 38469.972024628798 30029.405733966585 0
1041 38481.237720991441 30048.918492449327 0
1042 38500.594956862413 30082.446208471942 0
1043 38519.952192733384 30115.973924494559 0
1044 38531.217889096028 30135.486682977302 0
1045 38550.575124966999 30169.01439899992 0
1046 38569.932360837964 30202.542115022537 0
1047 38581.198057200614 30222.054873505283 0
1048 38600.555293071586 30255.582589527898 0
1049 38619.912528942557 30289.110305550515 0
1050 38631.178225305201 30308.623064033261 0
1051 38650.535461176172 30342.150780055876 0
1052 38669.892697047151 30375.678496078493 0
1053 38681.158393409794 30395.191254561236 0
1054 38700.515629280766 30428.718970583854 0
1055 38719.87286515173 30462.246686606471 0
1056 38731.138561514374 30481.759445089214 0
1057 38750.495797385345 30515.287161111832 0
1058 38769.853033256317 30548.814877134446 0
1059 38781.11872961896 30568.327635617188 0
1060 38800.475965489924 30601.855351639806 0
1061 38819.833201360896 30635.383067662424 0
1062 38831.098897723539 30654.89582614517 0
1063 38850.456133594518 30688.423542167788 0
1064 38869.813369465497 30721.951258190402 0
1065 38881.07906582814 30741.464016673148 0
1066 38900.436301699112 30774.991732695766 0
1067 38919.793537570076 30808.51944871838 0
1068 38931.059233932727 30828.032207201122 0
1069 38950.416469803691 30861.55992322374 0
1070 38969.773705674663 30895.087639246358 0
1071 38981.039402037306 30914.6003977291 0
1072 39000.396637908278 30948.128113751714 0
1073 39019.753873779249 30981.655829774332 0
1074 39031.019570141892 31001.168588257075 0
1075 39050.376806012864 31034.696304279692 0
1076 39069.734041883828 31068.224020302307 0
1077 39080.999738246472 31087.736778785053 0
1078 39100.356974117443 31121.264494807667 0
1079 39119.714209988422 31154.792210830281 0
1080 39130.979906351065 31174.304969313027 0
1081 39150.337142222037 31207.832685335641 0
1082 39169.694378093001 31241.360401358259 0
1083 39180.960074455645 31260.873159841001 0
1084 39200.317310326616 31294.400875863619 0
1085 39219.674546197595 31327.928591886237 0
1086 39230.940242560238 31347.441350368979 0
1087 39250.29747843121 31380.969066391597 0
1088 39269.654714302174 31414.496782414211 0
1089 39280.920410664825 31434.009540896954 0
1090 39300.277646535789 31467.537256919575 0
1091 39319.634882406761 31501.064972942193 0
1092 39330.900578769404 31520.577731424939 0
1093 39350.257814640383 31554.105447447553 0
1094 39369.615050511347 31587.633163470167 0
1095 39380.880746873998 31607.145921952913 0
1096 39400.237982744962 31640.673637975531 0
1097 39419.595218615934 31674.201353998145 0
1098 39430.860914978577 31693.714112480888 0
1099 39450.218150849556 31727.241828503506 0
1100 39469.575386720528 31760.769544526123 0
1101 39480.841083083171 31780.282303008866 0
1102 39500.198318954135 31813.81001903148 0
1103 39519.555554825107 31847.337735054098 0
1104 39530.82125118775 31866.85049353684 0
1105 39550.178487058729 31900.378209559458 0
1106 39569.535722929701 31933.905925582076 0
1107 39580.801419292344 31953.418684064822 0
1108 39600.158655163308 31986.94640008744 0
1109 39619.51589103428 32020.474116110054 0
1110 39630.78158739693 32039.9868745928 0
1111 39650.138823267902 32073.514590615414 0
1112 39669.496059138866 32107.042306638032 0
1113 39680.761755501509 32126.555065120774 0
1114 39700.118991372481 32160.082781143392 0
1115 39719.47622724346 32193.61049716601 0
1116 39730.741923606103 32213.123255648752 0
1117 39750.099159477075 32246.65097167137 0
1118 39769.456395348039 32280.178687693984 0
1119 39780.722091710682 32299.691446176726 0
1120 39800.079327581654 32333.219162199341 0
1121 39819.436563452633 32366.746878221958 0
1122 39830.702259815276 32386.259636704704 0
1123 39850.059495686248 32419.787352727319 0
1124 39869.416731557212 32453.315068749933 0
1125 39880.682427919855 32472.827827232679 0
1126 39900.039663790827 32506.355543255297 0
1127 39919.396899661799 32539.883259277911 0
1128 39930.662596024442 32559.396017760653 0
1129 39950.019831895406 32592.923733783271 0
1130 39969.377067766378 32626.451449805889 0
1131 39980.642764129028 32645.964208288631 0
1132 40000 32679.491924311249 0
1133 40019.357235870972 32713.019640333867 0
1134 40030.622932233615 32732.532398816609 0
1135 40049.980168104586 32766.060114839223 0
1136 40069.337403975558 32799.587830861841 0
1137 40080.603100338201 32819.100589344584 0
1138 40099.960336209173 32852.628305367201 0
1139 40119.317572080137 32886.156021389819 0
1140 40130.583268442781 32905.668779872562 0
1141 40149.940504313759 32939.196495895187 0
1142 40169.297740184738 32972.724211917804 0
1143 40180.563436547382 32992.236970400547 0
1144 40199.920672418346 33025.764686423165 0
1145 40219.27790828931 33059.292402445775 0
1146 40230.543604651961 33078.805160928518 0
1147 40249.900840522932 33112.332876951135 0
1148 40269.258076393904 33145.860592973753 0
1149 40280.523772756547 33165.373351456496 0
1150 40299.881008627519 33198.901067479106 0
1151 40319.238244498483 33232.428783501724 0
1152 40330.503940861134 33251.941541984466 0
1153 40349.861176732098 33285.469258007084 0
1154 40369.21841260307 33318.996974029709 0
1155 40380.484108965713 33338.509732512452 0
1156 40399.841344836692 33372.037448535069 0
1157 40419.198580707671 33405.565164557687 0
1158 40430.464277070314 33425.07792304043 0
1159 40449.821512941278 33458.60563906304 0
1160 40469.178748812243 33492.133355085658 0
1161 40480.444445174886 33511.6461135684 0
1162 40499.801681045865 33545.173829591018 0
1163 40519.158916916836 33578.701545613636 0
1164 40530.42461327948 33598.214304096378 0
1165 40549.781849150444 33631.742020118996 0
1166 40569.139085021416 33665.269736141614 0
1167 40580.404781384059 33684.782494624356 0
1168 40599.762017255038 33718.310210646974 0
1169 40619.119253126009 33751.837926669585 0
1170 40630.384949488653 33771.350685152327 0
1171 40649.742185359617 33804.878401174952 0
1172 40669.099421230596 33838.40611719757 0
1173 40680.365117593239 33857.918875680312 0
1174 40699.722353464211 33891.44659170293 0
1175 40719.079589335175 33924.974307725541 0
1176 40730.345285697818 33944.487066208283 0
1177 40749.70252156879 33978.014782230901 0
1178 40769.059757439769 34011.542498253519 0
1179 40780.325453802412 34031.055256736261 0
1180 40799.682689673384 34064.582972758879 0
1181 40819.039925544348 34098.110688781497 0
1182 40830.305621906991 34117.623447264239 0
1183 40849.662857777963 34151.151163286857 0
1184 40869.020093648942 34184.678879309475 0
1185 40880.285790011585 34204.191637792217 0
1186 40899.643025882557 34237.719353814835 0
1187 40919.000261753521 34271.247069837453 0
1188 40930.265958116172 34290.759828320195 0
1189 40949.623193987136 34324.287544342806 0
1190 40968.980429858108 34357.815260365423 0
1191 40980.246126220751 34377.328018848166 0
1192 40999.60336209173 34410.855734870784 0
1193 41018.960597962694 34444.383450893409 0
1194 41030.226294325344 34463.896209376151 0
1195 41049.583530196309 34497.423925398769 0
1196 41068.94076606728 34530.951641421387 0
1197 41080.206462429924 34550.464399904129 0
1198 41099.563698300903 34583.99211592674 0
1199 41118.920934171874 34617.519831949357 0
1200 41130.186630534517 34637.0325904321 0
1201 41149.543866405482 34670.560306454718 0
1202 41168.901102276453 34704.088022477343 0
1203 41180.166798639097 34723.600780960085 0
1204 41199.524034510076 34757.128496982696 0
1205 41218.881270381047 34790.656213005313 0
1206 41230.14696674369 34810.168971488056 0
1207 41249.504202614655 34843.696687510674 0
1208 41268.861438485619 34877.224403533284 0
1209 41280.12713484827 34896.737162016027 0
1210 41299.484370719241 34930.264878038644 0
1211 41318.841606590213 34963.792594061262 0
1212 41330.107302952856 34983.305352544005 0
1213 41349.464538823828 35016.833068566622 0
1214 41368.821774694799 35050.36078458924 0
1215 41380.087471057443 35069.873543071983 0
1216 41399.444706928414 35103.4012590946 0
1217 41418.801942799386 35136.928975117218 0
1218 41430.067639162029 35156.441733599961 0
1219 41449.424875033001 35189.969449622571 0
1220 41468.782110903972 35223.497165645189 0
1221 41480.047807266616 35243.009924127931 0
1222 41499.40504313758 35276.537640150549 0
1223 41518.762279008552 35310.065356173174 0
1224 41530.027975371195 35329.578114655917 0
1225 41549.385211242174 35363.105830678534 0
1226 41568.742447113153 35396.633546701152 0
1227 41580.008143475796 35416.146305183895 0
1228 41599.36537934676 35449.674021206505 0
1229 41618.722615217732 35483.201737229123 0
1230 41629.988311580375 35502.714495711865 0
1231 41649.345547451347 35536.242211734483 0
1232 41668.702783322318 35569.769927757101 0
1233 41679.968479684961 35589.282686239843 0
1234 41699.325715555933 35622.810402262461 0
1235 41718.682951426905 35656.338118285079 0
1236 41729.948647789548 35675.850876767821 0
1237 41749.30588366052 35709.378592790439 0
1238 41768.663119531484 35742.906308813057 0
1239 41779.928815894127 35762.419067295799 0
1240 41799.286051765106 35795.946783318417 0
1241 41818.643287636085 35829.474499341035 0
1242 41829.908983998728 35848.987257823777 0
1243 41849.266219869693 35882.514973846395 0
1244 41868.623455740657 35916.042689869013 0
1245 41879.889152103307 35935.555448351755 0
1246 41899.246387974279 35969.083164374373 0
1247 41918.603623845251 36002.610880396991 0
1248 41929.869320207894 36022.123638879733 0
1249 41949.226556078866 36055.651354902351 0
1250 41968.58379194983 36089.179070924962 0
1251 41979.84948831248 36108.691829407704 0
1252 41999.206724183445 36142.219545430322 0
1253 42018.563960054416 36175.74726145294 0
1254 42029.82965641706 36195.260019935682 0
1255 42049.186892288039 36228.7877359583 0
1256 42068.54412815901 36262.315451980918 0
1257 42079.809824521653 36281.82821046366 0
1258 42099.167060392618 36315.355926486271 0
1259 42118.524296263589 36348.883642508888 0
1260 42129.789992626233 36368.396400991631 0
1261 42149.147228497211 36401.924117014249 0
1262 42168.504464368183 36435.451833036866 0
1263 42179.770160730826 36454.964591519609 0
1264 42199.127396601791 36488.492307542227 0
1265 42218.484632472762 36522.020023564852 0
1266 42229.750328835406 36541.532782047594 0
1267 42249.107564706384 36575.060498070205 0
1268 42268.464800577356 36608.588214092822 0
1269 42279.730496939999 36628.100972575565 0
1270 42299.087732810964 36661.628688598183 0
1271 42318.444968681943 36695.1564046208 0
1272 42329.710665044586 36714.669163103543 0
1273 42349.067900915557 36748.196879126161 0
1274 42368.425136786522 36781.724595148778 0
1275 42379.690833149165 36801.237353631521 0
1276 42399.048069020137 36834.765069654139 0
1277 42418.405304891116 36868.292785676756 0
1278 42429.671001253759 36887.805544159499 0
1279 42449.02823712473 36921.333260182117 0
1280 42468.385472995695 36954.860976204727 0
1281 42479.651169358338 36974.373734687477 0
1282 42499.00840522931 37007.901450710095 0
1283 42518.365641100288 37041.429166732712 0
1284 42529.631337462932 37060.941925215455 0
1285 42548.988573333903 37094.469641238073 0
1286 42568.345809204868 37127.99735726069 0
1287 42579.611505567518 37147.510115743433 0
1288 42598.968741438483 37181.037831766051 0
1289 42618.325977309454 37214.565547788661 0
1290 42629.591673672097 37234.078306271404 0
1291 42648.948909543076 37267.606022294021 0
1292 42668.306145414041 37301.133738316639 0
1293 42679.571841776691 37320.646496799382 0
1294 42698.929077647656 37354.174212821999 0
1295 42718.286313518627 37387.701928844617 0
1296 42729.55200988127 37407.21468732736 0
1297 42748.909245752242 37440.74240334997 0
1298 42768.266481623214 37474.270119372588 0
1299 42779.532177985857 37493.78287785533 0
1300 42798.889413856828 37527.310593877948 0
1301 42818.2466497278 37560.838309900566 0
1302 42829.512346090443 37580.351068383308 0
1303 42848.869581961415 37613.878784405926 0
1304 42868.226817832387 37647.406500428544 0
1305 42879.49251419503 37666.919258911294 0
1306 42898.849750066001 37700.446974933904 0
1307 42918.206985936966 37733.974690956515 0
1308 42929.472682299616 37753.487449439264 0
1309 42948.829918170588 37787.015165461882 0
1310 42968.18715404156 37820.542881484493 0
1311 42979.452850404203 37840.055639967242 0
1312 42998.810086275174 37873.58335598986 0
1313 43018.167322146146 37907.111072012478 0
1314 43029.433018508789 37926.62383049522 0
1315 43048.790254379761 37960.151546517838 0
1316 43068.147490250733 37993.679262540456 0
1317 43079.413186613376 38013.192021023198 0
1318 43098.770422484347 38046.719737045816 0
1319 43118.127658355319 38080.247453068427 0
1320 43129.393354717962 38099.760211551169 0
1321 43148.750590588927 38133.287927573787 0
1322 43168.107826459898 38166.815643596405 0
1323 43179.373522822541 38186.328402079147 0
1324 43198.73075869352 38219.856118101772 0
1325 43218.087994564499 38253.38383412439 0
1326 43229.353690927142 38272.896592607132 0
1327 43248.710926798107 38306.42430862975 0
1328 43268.068162669078 38339.952024652361 0
1329 43279.333859031714 38359.464783135103 0
1330 43298.691094902693 38392.992499157721 0
1331 43318.048330773658 38426.520215180339 0
1332 43329.314027136301 38446.032973663081 0
1333 43348.671263007273 38479.560689685699 0
1334 43368.028498878251 38513.088405708309 0
1335 43379.294195240895 38532.601164191059 0
1336 43398.651431111866 38566.128880213677 0
1337 43418.008666982831 38599.656596236295 0
1338 43429.274363345474 38619.169354719037 0
1339 43448.631599216445 38652.697070741648 0
1340 43467.988835087424 38686.224786764265 0
1341 43479.254531450068 38705.737545247008 0
1342 43498.611767321039 38739.265261269626 0
1343 43517.969003192004 38772.792977292243 0
1344 43529.234699554647 38792.305735774986 0
1345 43548.591935425618 38825.833451797604 0
1346 43567.949171296597 38859.361167820221 0
1347 43579.214867659241 38878.873926302964 0
1348 43598.572103530212 38912.401642325582 0
1349 43617.929339401177 38945.929358348199 0
1350 43629.195035763827 38965.442116830942 0
1351 43648.552271634791 38998.96983285356 0
1352 43667.909507505763 39032.49754887617 0
1353 43679.175203868406 39052.010307358913 0
1354 43698.532439739385 39085.538023381538 0
1355 43717.889675610357 39119.065739404155 0
1356 43729.155371973 39138.578497886898 0
1357 43748.512607843964 39172.106213909516 0
1358 43767.869843714936 39205.633929932126 0
1359 43779.135540077579 39225.146688414869 0
1360 43798.492775948558 39258.674404437486 0
1361 43817.85001181953 39292.202120460104 0
1362 43829.115708182173 39311.714878942854 0
1363 43848.472944053137 39345.242594965472 0
1364 43867.830179924109 39378.770310988082 0
1365 43879.095876286752 39398.283069470832 0
1366 43898.453112157731 39431.81078549345 0
1367 43917.810348028703 39465.33850151606 0
1368 43929.076044391346 39484.851259998803 0
1369 43948.43328026231 39518.37897602142 0
1370 43967.790516133289 39551.906692044038 0
1371 43979.056212495932 39571.419450526781 0
1372 43998.413448366904 39604.947166549391 0
1373 44017.770684237868 39638.474882572009 0
1374 44029.036380600512 39657.987641054751 0
1375 44048.393616471483 39691.515357077369 0
1376 44067.750852342462 39725.043073099994 0
1377 44079.016548705105 39744.555831582737 0
1378 44098.373784576077 39778.083547605354 0
1379 44117.731020447041 39811.611263627972 0
1380 44128.996716809685 39831.124022110715 0
1381 44148.353952680656 39864.651738133325 0
1382 44167.711188551628 39898.179454155936 0
1383 44178.976884914271 39917.692212638678 0
1384 44198.334120785235 39951.219928661303 0
1385 44217.691356656207 39984.747644683921 0
1386 44228.95705301885 40004.260403166663 0
1387 44248.314288889829 40037.788119189281 0
1388 44267.671524760801 40071.315835211892 0
1389 44278.937221123444 40090.828593694634 0
1390 44298.294456994408 40124.356309717252 0
1391 44317.65169286538 40157.88402573987 0
1392 44328.917389228031 40177.396784222619 0
1393 44348.274625099002 40210.924500245237 0
1394 44367.631860969974 40244.452216267848 0
1395 44378.897557332617 40263.964974750597 0
1396 44398.254793203589 40297.492690773215 0
1397 44417.61202907456 40331.020406795826 0
1398 44428.877725437203 40350.533165278568 0
1399 44448.234961308175 40384.060881301186 0
1400 44467.592197179139 40417.588597323804 0
1401 44478.857893541783 40437.101355806546 0
1402 44498.215129412754 40470.629071829157 0
1403 44517.572365283733 40504.156787851774 0
1404 44528.838061646376 40523.669546334517 0
1405 44548.195297517348 40557.197262357135 0
1406 44567.552533388312 40590.72497837976 0
1407 44578.818229750963 40610.237736862502 0
1408 44598.175465621935 40643.76545288512 0
1409 44617.532701492906 40677.293168907738 0
1410 44628.798397855549 40696.80592739048 0
1411 44648.155633726521 40730.333643413091 0
1412 44667.512869597493 40763.861359435708 0
1413 44678.778565960136 40783.374117918451 0
1414 44698.1358018311 40816.901833941069 0
1415 44717.493037702072 40850.429549963694 0
1416 44728.758734064715 40869.942308446436 0
1417 44748.115969935694 40903.470024469047 0
1418 44767.473205806666 40936.997740491664 0
1419 44778.738902169309 40956.510498974407 0
1420 44798.096138040273 40990.038214997025 0
1421 44817.453373911245 41023.565931019642 0
1422 44828.719070273888 41043.078689502392 0
1423 44848.076306144867 41076.606405525003 0
1424 44867.433542015846 41110.13412154762 0
1425 44878.699238378489 41129.64688003037 0
1426 44898.056474249453 41163.174596052981 0
1427 44917.413710120425 41196.702312075591 0
1428 44928.679406483061 41216.215070558334 0
1429 44948.03664235404 41249.742786580951 0
1430 44967.393878225004 41283.270502603569 0
1431 44978.659574587648 41302.783261086312 0
1432 44998.016810458619 41336.310977108929 0
1433 45017.374046329598 41369.838693131547 0
1434 45028.639742692241 41389.35145161429 0
1435 45047.996978563213 41422.879167636907 0
1436 45067.354214434177 41456.406883659525 0
1437 45078.61991079682 41475.919642142268 0
1438 45097.977146667792 41509.447358164885 0
1439 45117.334382538771 41542.975074187503 0
1440 45128.600078901414 41562.487832670246 0
1441 45147.957314772386 41596.015548692856 0
1442 45167.31455064335 41629.543264715474 0
1443 45178.580247006001 41649.056023198216 0
1444 45197.937482876965 41682.583739220834 0
1445 45217.294718747944 41716.111455243459 0
1446 45228.560415110587 41735.624213726202 0
1447 45247.917650981559 41769.151929748819 0
1448 45267.274886852523 41802.679645771437 0
1449 45278.540583215174 41822.19240425418 0
1450 45297.897819086138 41855.72012027679 0
1451 45317.25505495711 41889.247836299408 0
1452 45328.520751319753 41908.760594782158 0
1453 45347.877987190732 41942.288310804768 0
1454 45367.235223061703 41975.816026827386 0
1455 45378.500919424347 41995.328785310136 0
1456 45397.858155295311 42028.856501332746 0
1457 45417.215391166283 42062.384217355364 0
1458 45428.481087528926 42081.896975838106 0
1459 45447.838323399905 42115.424691860724 0
1460 45467.195559270876 42148.952407883342 0
1461 45478.46125563352 42168.465166366084 0
1462 45497.818491504484 42201.992882388702 0
1463 45517.175727375456 42235.52059841132 0
1464 45528.441423738099 42255.033356894062 0
1465 45547.798659609078 42288.56107291668 0
1466 45567.155895480049 42322.088788939298 0
1467 45578.421591842693 42341.60154742204 0
1468 45597.778827713657 42375.129263444658 0
1469 45617.136063584636 42408.656979467276 0
1470 45628.401759947279 42428.169737950018 0
1471 45647.758995818251 42461.697453972636 0
1472 45667.116231689215 42495.225169995247 0
1473 45678.381928051858 42514.737928477989 0
1474 45697.73916392283 42548.265644500607 0
1475 45717.096399793802 42581.793360523225 0
1476 45728.362096156445 42601.306119005967 0
1477 45747.719332027416 42634.833835028585 0
1478 45767.076567898388 42668.361551051203 0
1479 45778.342264261031 42687.874309533945 0
1480 45797.699500132003 42721.402025556556 0
1481 45817.056736002975 42754.929741579173 0
1482 45828.322432365618 42774.442500061923 0
1483 45847.679668236582 42807.970216084534 0
1484 45867.036904107554 42841.497932107151 0
1485 45878.302600470197 42861.010690589901 0
1486 45897.659836341176 42894.538406612519 0
1487 45917.017072212147 42928.066122635137 0
1488 45928.282768574791 42947.578881117879 0
1489 45947.640004445762 42981.10659714049 0
1490 45966.997240316734 43014.634313163107 0
1491 45978.262936679377 43034.14707164585 0
1492 45997.620172550349 43067.674787668468 0
1493 46016.97740842132 43101.202503691085 0
1494 46028.243104783964 43120.715262173828 0
1495 46047.600340654935 43154.242978196446 0
1496 46066.957576525907 43187.770694219063 0
1497 46078.22327288855 43207.283452701806 0
1498 46097.580508759522 43240.811168724424 0
1499 46116.937744630486 43274.338884747041 0
1500 46128.203440993137 43293.851643229784 0
1501 46147.560676864108 43327.379359252402 0
1502 46166.917912735087 43360.907075275019 0
1503 46178.18360909773 43380.419833757762 0
1504 46197.540844968695 43413.94754978038 0
1505 46216.898080839659 43447.475265802997 0
1506 46228.16377720231 43466.988024285747 0
1507 46247.521013073274 43500.515740308358 0
1508 46266.878248944253 43534.043456330975 0
1509 46278.143945306896 43553.556214813725 0
1510 46297.501181177868 43587.083930836336 0
1511 46316.858417048832 43620.611646858946 0
1512 46328.124113411483 43640.124405341689 0
1513 46347.481349282447 43673.652121364299 0
1514 46366.838585153419 43707.179837386924 0
1515 46378.104281516062 43726.692595869667 0
1516 46397.461517387041 43760.220311892277 0
1517 46416.818753258012 43793.748027914902 0
1518 46428.084449620656 43813.260786397645 0
1519 46447.44168549162 43846.788502420255 0
1520 46466.798921362591 43880.316218442873 0
1521 46478.064617725235 43899.828976925615 0
1522 46497.421853596214 43933.356692948233 0
1523 46516.779089467185 43966.884408970851 0
1524 46528.044785829828 43986.397167453593 0
1525 46547.402021700793 44019.924883476211 0
1526 46566.759257571764 44053.452599498829 0
1527 46578.024953934408 44072.965357981571 0
1528 46597.382189805387 44106.493074004189 0
1529 46616.739425676351 44140.020790026807 0
1530 46628.005122038994 44159.533548509549 0
1531 46647.362357909966 44193.061264532167 0
1532 46666.719593780945 44226.588980554785 0
1533 46677.985290143588 44246.101739037527 0
1534 46697.34252601456 44279.629455060145 0
1535 46716.699761885524 44313.157171082763 0
1536 46727.965458248167 44332.669929565513 0
1537 46747.322694119139 44366.197645588123 0
1538 46766.679929990118 44399.725361610741 0
1539 46777.945626352761 44419.238120093491 0
1540 46797.302862223733 44452.765836116101 0
1541 46816.660098094697 44486.293552138712 0
1542 46827.925794457347 44505.806310621461 0
1543 46847.283030328312 44539.334026644072 0
1544 46866.640266199291 44572.86174266669 0
1545 46877.905962561934 44592.374501149432 0
1546 46897.263198432905 44625.902217172057 0
1547 46916.62043430387 44659.429933194675 0
1548 46927.88613066652 44678.942691677417 0
1549 46947.243366537485 44712.470407700035 0
1550 46966.600602408456 44745.998123722646 0
1551 46977.8662987711 44765.510882205388 0
1552 46997.223534642078 44799.038598228006 0
1553 47016.58077051305 44832.566314250624 0
1554 47027.846466875693 44852.079072733366 0
1555 47047.203702746658 44885.606788755984 0
1556 47066.560938617629 44919.134504778602 0
1557 47077.826634980273 44938.647263261344 0
1558 47097.183870851244 44972.174979283955 0
1559 47116.541106722216 45005.702695306572 0
1560 47127.806803084859 45025.215453789315 0
1561 47147.164038955831 45058.743169811933 0
1562 47166.521274826795 45092.27088583455 0
1563 47177.786971189438 45111.783644317293 0
1564 47197.14420706041 45145.311360339911 0
1565 47216.501442931389 45178.839076362528 0
1566 47227.767139294032 45198.351834845271 0
1567 47247.124375165004 45231.879550867889 0
1568 47266.481611035968 45265.407266890506 0
1569 47277.747307398618 45284.920025373256 0
1570 47297.10454326959 45318.447741395867 0
1571 47316.461779140562 45351.975457418477 0
1572 47327.727475503205 45371.488215901227 0
1573 47347.084711374177 45405.015931923845 0
1574 47366.441947245148 45438.543647946455 0
1575 47377.707643607791 45458.056406429198 0
1576 47397.064879478756 45491.584122451823 0
1577 47416.422115349727 45525.11183847444 0
1578 47427.687811712371 45544.624596957183 0
1579 47447.04504758335 45578.152312979801 0
1580 47466.402283454321 45611.680029002411 0
1581 47477.667979816964 45631.192787485154 0
1582 47497.025215687929 45664.720503507771 0
1583 47516.3824515589 45698.248219530389 0
1584 47527.648147921551 45717.760978013132 0
1585 47547.005383792522 45751.288694035757 0
1586 47566.362619663494 45784.816410058374 0
1587 47577.628316026137 45804.329168541117 0
1588 47596.985551897109 45837.856884563735 0
1589 47616.342787768081 45871.384600586345 0
1590 47627.608484130724 45890.897359069088 0
1591 47646.965720001695 45924.425075091705 0
1592 47666.32295587266 45957.952791114323 0
1593 47677.588652235303 45977.465549597066 0
1594 47696.945888106275 46010.993265619683 0
1595 47716.303123977254 46044.520981642301 0
1596 47727.568820339897 46064.033740125044 0
1597 47746.926056210868 46097.561456147661 0
1598 47766.283292081833 46131.089172170272 0
1599 47777.548988444476 46150.601930653022 0
1600 47796.906224315448 46184.129646675632 0
1601 47816.263460186427 46217.657362698243 0
1602 47827.52915654907 46237.170121180985 0
1603 47846.886392420041 46270.69783720361 0
1604 47866.243628291006 46304.225553226221 0
1605 47877.509324653656 46323.738311708963 0
1606 47896.866560524621 46357.266027731588 0
1607 47916.223796395592 46390.793743754199 0
1608 47927.489492758235 46410.306502236948 0
1609 47946.846728629214 46443.834218259566 0
1610 47966.203964500179 46477.361934282177 0
1611 47977.469660862829 46496.874692764919 0
1612 47996.826896733794 46530.402408787537 0
1613 48016.184132604765 46563.930124810155 0
1614 48027.449828967408 46583.442883292897 0
1615 48046.807064838387 46616.970599315522 0
1616 48066.164300709359 46650.49831533814 0
1617 48077.429997072002 46670.011073820882 0
1618 48096.787232942967 46703.5387898435 0
1619 48116.144468813938 46737.066505866111 0
1620 48127.410165176581 46756.579264348853 0
1621 48146.76740104756 46790.106980371471 0
1622 48166.124636918532 46823.634696394089 0
1623 48177.390333281175 46843.147454876831 0
1624 48196.747569152139 46876.675170899449 0
1625 48216.104805023111 46910.202886922067 0
1626 48227.370501385762 46929.715645404809 0
1627 48246.727737256733 46963.243361427427 0
1628 48266.084973127698 46996.771077450037 0
1629 48277.350669490341 47016.283835932787 0
1630 48296.707905361312 47049.811551955405 0
1631 48316.065141232291 47083.339267978023 0
1632 48327.330837594935 47102.852026460765 0
1633 48346.688073465906 47136.379742483376 0
1634 48366.045309336871 47169.907458505993 0
1635 48377.311005699514 47189.420216988736 0
1636 48396.668241570485 47222.947933011354 0
1637 48416.025477441464 47256.475649033979 0
1638 48427.291173804108 47275.988407516721 0
1639 48446.648409675079 47309.516123539332 0
1640 48466.005645546044 47343.043839561949 0
1641 48477.271341908694 47362.556598044692 0
1642 48496.628577779658 47396.08431406731 0
1643 48515.985813650637 47429.612030089927 0
1644 48527.25151001328 47449.12478857267 0
1645 48546.608745884245 47482.652504595288 0
1646 48565.965981755216 47516.180220617905 0
1647 48577.231678117852 47535.692979100648 0
1648 48596.588913988831 47569.220695123266 0
1649 48615.946149859796 47602.748411145876 0
1650 48627.211846222439 47622.261169628619 0
1651 48646.569082093411 47655.788885651236 0
1652 48665.926317964389 47689.316601673854 0
1653 48677.192014327033 47708.829360156597 0
1654 48696.549250198004 47742.357076179222 0
1655 48715.906486068976 47775.884792201839 0
1656 48727.172182431619 47795.397550684589 0
1657 48746.529418302591 47828.9252667072 0
1658 48765.886654173562 47862.45298272981 0
1659 48777.152350536206 47881.96574121256 0
1660 48796.509586407177 47915.49345723517 0
1661 48815.866822278142 47949.021173257788 0
1662 48827.132518640785 47968.533931740531 0
1663 48846.489754511756 48002.061647763141 0
1664 48865.846990382735 48035.589363785759 0
1665 48877.112686745379 48055.102122268501 0
1666 48896.46992261635 48088.629838291119 0
1667 48915.827158487315 48122.157554313744 0
1668 48927.092854849965 48141.670312796487 0
1669 48946.450090720937 48175.198028819104 0
1670 48965.807326591908 48208.725744841722 0
1671 48977.073022954552 48228.238503324465 0
1672 48996.430258825523 48261.766219347075 0
1673 49015.787494696495 48295.293935369693 0
1674 49027.053191059138 48314.806693852435 0
1675 49046.410426930102 48348.334409875053 0
1676 49065.767662801074 48381.862125897678 0
1677 49077.033359163717 48401.374884380421 0
1678 49096.390595034696 48434.902600403031 0
1679 49115.747830905668 48468.430316425649 0
1680 49127.013527268311 48487.943074908391 0
1681 49146.370763139275 48521.470790931009 0
1682 49165.727999010247 48554.998506953627 0
1683 49176.993695372897 48574.511265436377 0
1684 49196.350931243869 48608.038981458987 0
1685 49215.708167114841 48641.566697481605 0
1686 49226.973863477484 48661.079455964355 0
1687 49246.331099348456 48694.607171986965 0
1688 49265.688335219427 48728.134888009576 0
1689 49276.95403158207 48747.647646492325 0
1690 49296.311267453042 48781.175362514943 0
1691 49315.668503324006 48814.703078537554 0
1692 49326.93419968665 48834.215837020296 0
1693 49346.291435557621 48867.743553042914 0
1694 49365.6486714286 48901.271269065532 0
1695 49376.914367791243 48920.784027548274 0
1696 49396.271603662215 48954.311743570892 0
1697 49415.628839533179 48987.83945959351 0
1698 49426.894535895823 49007.352218076252 0
1699 49446.251771766794 49040.87993409887 0
1700 49465.609007637773 49074.407650121488 0
1701 49476.874704000416 49093.92040860423 0
1702 49496.231939871388 49127.448124626841 0
1703 49515.589175742352 49160.975840649458 0
1704 49526.854872105003 49180.488599132201 0
1705 49546.212107975967 49214.016315154819 0
1706 49565.569343846939 49247.544031177444 0
1707 49576.835040209582 49267.056789660186 0
1708 49596.192276080554 49300.584505682797 0
1709 49615.549511951525 49334.112221705414 0
1710 49626.815208314169 49353.624980188157 0
1711 49646.17244418514 49387.152696210775 0
1712 49665.529680056112 49420.680412233392 0
1713 49676.795376418755 49440.193170716135 0
1714 49696.152612289734 49473.720886738753 0
1715 49715.509848160706 49507.24860276137 0
1716 49726.775544523349 49526.76136124412 0
1717 49746.132780394313 49560.289077266731 0
1718 49765.490016265285 49593.816793289341 0
1719 49776.755712627928 49613.329551772091 0
1720 49796.112948498907 49646.857267794709 0
1721 49815.470184369879 49680.384983817319 0
1722 49826.735880732522 49699.897742300069 0
1723 49846.093116603486 49733.425458322687 0
1724 49865.45035247445 49766.953174345297 0
1725 49876.716048837101 49786.46593282804 0
1726 49896.073284708073 49819.993648850665 0
1727 49915.430520579044 49853.521364873282 0
1728 49926.696216941687 49873.034123356025 0
1729 49946.053452812659 49906.561839378643 0
1730 49965.410688683638 49940.08955540126 0
1731 49976.676385046281 49959.602313884003 0
1732 49996.033620917246 49993.130029906613 0
1733 50015.39085678821 50026.657745929224 0
1734 50026.656553150853 50046.170504411966 0
1735 50046.013789021832 50079.698220434584 0
1736 50065.371024892804 50113.225936457209 0
1737 50076.636721255447 50132.738694939952 0
1738 50095.993957126411 50166.266410962569 0
1739 50115.351192997383 50199.794126985187 0
1740 50126.616889360026 50219.30688546793 0
1741 50145.974125231005 50252.83460149054 0
1742 50165.331361101977 50286.362317513158 0
1743 50176.59705746462 50305.8750759959 0
1744 50195.954293335584 50339.402792018518 0
1745 50215.311529206556 50372.930508041136 0
1746 50226.577225569199 50392.443266523886 0
1747 50245.934461440178 50425.970982546496 0
1748 50265.291697311142 50459.498698569107 0
1749 50276.557393673786 50479.011457051856 0
1750 50295.914629544757 50512.539173074474 0
1751 50315.271865415736 50546.066889097085 0
1752 50326.537561778379 50565.579647579834 0
1753 50345.894797649351 50599.107363602452 0
1754 50365.252033520315 50632.63507962507 0
1755 50376.517729882959 50652.147838107812 0
1756 50395.87496575393 50685.67555413043 0
1757 50415.232201624909 50719.203270153048 0
1758 50426.497897987552 50738.71602863579 0
1759 50445.855133858524 50772.243744658408 0
1760 50465.212369729488 50805.771460681026 0
1761 50476.478066092131 50825.284219163768 0
1762 50495.835301963103 50858.811935186386 0
1763 50515.192537834082 50892.339651208997 0
1764 50526.458234196725 50911.852409691739 0
1765 50545.815470067697 50945.380125714364 0
1766 50565.172705938661 50978.907841736982 0
1767 50576.438402301312 50998.420600219724 0
1768 50595.795638172276 51031.948316242342 0
1769 50615.152874043248 51065.47603226496 0
1770 50626.418570405891 51084.988790747702 0
1771 50645.77580627687 51118.51650677032 0
1772 50665.133042147841 51152.044222792931 0
1773 50676.398738510485 51171.556981275673 0
1774 50695.755974381449 51205.084697298291 0
1775 50715.113210252421 51238.612413320901 0
1776 50726.378906615064 51258.125171803651 0
1777 50745.736142486043 51291.652887826269 0
1778 50765.093378357014 51325.180603848887 0
1779 50776.359074719658 51344.693362331629 0
1780 50795.716310590622 51378.22107835424 0
1781 50815.073546461594 51411.748794376857 0
1782 50826.339242824237 51431.2615528596 0
1783 50845.696478695216 51464.789268882218 0
1784 50865.053714566187 51498.316984904835 0
1785 50876.319410928831 51517.829743387578 0
1786 50895.676646799795 51551.357459410196 0
1787 50915.033882670774 51584.885175432813 0
1788 50926.299579033417 51604.397933915556 0
1789 50945.656814904389 51637.925649938174 0
1790 50965.014050775353 51671.453365960791 0
1791 50976.279747137996 51690.966124443534 0
1792 50995.636983008968 51724.493840466152 0
1793 51014.994218879947 51758.021556488769 0
1794 51026.25991524259 51777.534314971512 0
1795 51045.617151113562 51811.06203099413 0
1796 51064.974386984526 51844.589747016747 0
1797 51076.240083347169 51864.10250549949 0
1798 51095.597319218141 51897.630221522108 0
1799 51114.95455508912 51931.157937544725 0
1800 51126.220251451763 51950.670696027468 0
1801 51145.577487322735 51984.198412050086 0
1802 51164.934723193699 52017.726128072696 0
1803 51176.20041955635 52037.238886555439 0
1804 51195.557655427314 52070.766602578056 0
1805 51214.914891298286 52104.294318600674 0
1806 51226.180587660929 52123.807077083424 0
1807 51245.537823531908 52157.334793106042 0
1808 51264.895059402872 52190.862509128652 0
1809 51276.160755765522 52210.375267611402 0
1810 51295.517991636487 52243.90298363402 0
1811 51314.875227507458 52277.43069965663 0
1812 51326.140923870102 52296.943458139373 0
1813 51345.498159741081 52330.47117416199 0
1814 51364.855395612052 52363.998890184608 0
1815 51376.121091974695 52383.511648667351 0
1816 51395.47832784566 52417.039364689968 0
1817 51414.835563716631 52450.567080712586 0
1818 51426.101260079275 52470.079839195329 0
1819 51445.458495950254 52503.607555217946 0
1820 51464.815731821225 52537.135271240564 0
1821 51476.081428183868 52556.648029723307 0
1822 51495.438664054833 52590.175745745917 0
1823 51514.795899925797 52623.703461768535 0
1824 51526.061596288448 52643.216220251277 0
1825 51545.418832159412 52676.743936273895 0
1826 51564.776068030391 52710.271652296506 0
1827 51576.041764393034 52729.784410779248 0
1828 51595.399000264006 52763.312126801873 0
1829 51614.75623613497 52796.839842824491 0
1830 51626.021932497621 52816.352601307233 0
1831 51645.379168368585 52849.880317329851 0
1832 51664.736404239557 52883.408033352462 0
1833 51676.0021006022 52902.920791835204 0
1834 51695.359336473179 52936.448507857822 0
1835 51714.71657234415 52969.97622388044 0
1836 51725.982268706794 52989.488982363189 0
1837 51745.339504577758 53023.016698385807 0
1838 51764.69674044873 53056.544414408418 0
1839 51775.962436811373 53076.057172891167 0
1840 51795.319672682352 53109.584888913785 0
1841 51814.676908553323 53143.112604936396 0
1842 51825.942604915967 53162.625363419138 0
1843 51845.299840786931 53196.153079441756 0
1844 51864.657076657903 53229.680795464374 0
1845 51875.922773020546 53249.193553947116 0
1846 51895.280008891525 53282.721269969734 0
1847 51914.637244762489 53316.248985992352 0
1848 51925.902941125132 53335.761744475094 0
1849 51945.260176996104 53369.289460497712 0
1850 51964.617412867083 53402.81717652033 0
1851 51975.883109229726 53422.329935003072 0
1852 51995.240345100698 53455.85765102569 0
1853 52014.597580971662 53489.385367048308 0
1854 52025.863277334305 53508.89812553105 0
1855 52045.220513205277 53542.425841553661 0
1856 52064.577749076256 53575.953557576278 0
1857 52075.843445438899 53595.466316059021 0
1858 52095.200681309871 53628.994032081639 0
1859 52114.557917180835 53662.521748104264 0
1860 52125.823613543478 53682.034506587006 0
1861 52145.18084941445 53715.562222609617 0
1862 52164.538085285429 53749.089938632234 0
1863 52175.803781648072 53768.602697114984 0
1864 52195.161017519044 53802.130413137595 0
1865 52214.518253390008 53835.658129160205 0
1866 52225.783949752658 53855.170887642955 0
1867 52245.141185623623 53888.698603665573 0
1868 52264.498421494594 53922.226319688183 0
1869 52275.764117857238 53941.739078170933 0
1870 52295.121353728209 53975.266794193551 0
1871 52314.478589599181 54008.794510216161 0
1872 52325.744285961824 54028.307268698903 0
1873 52345.101521832796 54061.834984721521 0
1874 52364.458757703767 54095.362700744139 0
1875 52375.724454066411 54114.875459226882 0
1876 52395.081689937389 54148.403175249507 0
1877 52414.438925808361 54181.930891272124 0
1878 52425.704622171004 54201.443649754867 0
1879 52445.061858041969 54234.971365777485 0
1880 52464.41909391294 54268.499081800095 0
1881 52475.684790275584 54288.011840282838 0
1882 52495.042026146562 54321.539556305455 0
1883 52514.399262017534 54355.067272328073 0
1884 52525.664958380177 54374.580030810816 0
1885 52545.022194251142 54408.107746833426 0
1886 52564.379430122106 54441.635462856044 0
1887 52575.645126484756 54461.148221338786 0
1888 52595.002362355728 54494.675937361404 0
1889 52614.3595982267 54528.203653384029 0
1890 52625.625294589343 54547.716411866772 0
1891 52644.982530460315 54581.244127889389 0
1892 52664.339766331294 54614.771843912 0
1893 52675.605462693937 54634.28460239475 0
1894 52694.962698564908 54667.81231841736 0
1895 52714.319934435873 54701.340034439971 0
1896 52725.585630798516 54720.85279292272 0
1897 52744.942866669488 54754.380508945338 0
1898 52764.300102540466 54787.908224967963 0
1899 52775.56579890311 54807.420983450706 0
1900 52794.923034774074 54840.948699473316 0
1901 52814.280270645038 54874.476415495934 0
1902 52825.545967007682 54893.989173978676 0
1903 52844.903202878661 54927.516890001294 0
1904 52864.260438749632 54961.044606023912 0
1905 52875.526135112275 54980.557364506654 0
1906 52894.883370983254 55014.085080529272 0
1907 52914.240606854219 55047.612796551897 0
1908 52925.506303216869 55067.12555503464 0
1909 52944.863539087833 55100.65327105725 0
1910 52964.220774958798 55134.180987079861 0
1911 52975.486471321441 55153.693745562603 0
1912 52994.843707192413 55187.221461585221 0
1913 53014.200943063392 55220.749177607839 0
1914 53025.466639426035 55240.261936090581 0
1915 53044.823875297006 55273.789652113192 0
1916 53064.181111167971 55307.317368135809 0
1917 53075.446807530614 55326.830126618552 0
1918 53094.804043401586 55360.35784264117 0
1919 53114.161279272565 55393.885558663795 0
1920 53125.426975635208 55413.398317146537 0
1921 53144.784211506179 55446.926033169155 0
1922 53164.141447377144 55480.453749191765 0
1923 53175.407143739794 55499.966507674515 0
1924 53194.764379610759 55533.494223697126 0
1925 53214.121615481738 55567.021939719736 0
1926 53225.387311844381 55586.534698202486 0
1927 53244.744547715352 55620.062414225104 0
1928 53264.101783586317 55653.590130247729 0
1929 53275.367479948967 55673.102888730471 0
1930 53294.724715819932 55706.630604753082 0
1931 53314.081951690903 55740.158320775699 0
1932 53325.347648053546 55759.671079258442 0
1933 53344.704883924525 55793.19879528106 0
1934 53364.062119795497 55826.726511303677 0
1935 53375.32781615814 55846.23926978642 0
1936 53394.685052029105 55879.766985809038 0
1937 53414.042287900076 55913.294701831663 0
1938 53425.307984262719 55932.807460314405 0
1939 53444.665220133698 55966.335176337016 0
1940 53464.02245600467 55999.862892359633 0
1941 53475.288152367313 56019.375650842376 0
1942 53494.645388238278 56052.903366864994 0
1943 53514.002624109249 56086.431082887611 0
1944 53525.268320471892 56105.943841370354 0
1945 53544.625556342871 56139.471557392972 0
1946 53563.982792213836 56172.999273415582 0
1947 53575.248488576479 56192.512031898324 0
1948 53594.60572444745 56226.03974792095 0
1949 53613.962960318429 56259.567463943567 0
1950 53625.228656681073 56279.080222426317 0
1951 53644.585892552044 56312.607938448928 0
1952 53663.943128423009 56346.135654471538 0
1953 53675.208824785652 56365.648412954281 0
1954 53694.566060656623 56399.176128976891 0
1955 53713.923296527595 56432.703844999516 0
1956 53725.188992890238 56452.216603482259 0
1957 53744.54622876121 56485.744319504869 0
1958 53763.903464632182 56519.272035527494 0
1959 53775.169160994825 56538.784794010237 0
1960 53794.526396865796 56572.312510032854 0
1961 53813.883632736775 56605.840226055472 0
1962 53825.149329099419 56625.352984538215 0
1963 53844.50656497039 56658.880700560825 0
1964 53863.863800841355 56692.408416583443 0
1965 53875.129497204005 56711.921175066185 0
1966 53894.486733074969 56745.448891088803 0
1967 53913.843968945941 56778.976607111428 0
1968 53925.109665308584 56798.489365594171 0
1969 53944.466901179563 56832.017081616788 0
1970 53963.824137050535 56865.544797639406 0
1971 53975.089833413178 56885.057556122149 0
1972 53994.447069284142 56918.585272144766 0
1973 54013.804305155114 56952.112988167384 0
1974 54025.070001517757 56971.625746650127 0
1975 54044.427237388729 57005.153462672737 0
1976 54063.7844732597 57038.681178695348 0
1977 54075.050169622344 57058.19393717809 0
1978 54094.407405493315 57091.721653200708 0
1979 54113.76464136428 57125.249369223326 0
1980 54125.030337726923 57144.762127706068 0
1981 54144.387573597895 57178.289843728686 0
1982 54163.744809468873 57211.817559751304 0
1983 54175.010505831517 57231.330318234053 0
1984 54194.367741702488 57264.858034256664 0
1985 54213.724977573453 57298.385750279282 0
1986 54224.990673936103 57317.898508762024 0
1987 54244.347909807067 57351.426224784642 0
1988 54263.705145678039 57384.95394080726 0
1989 54274.970842040682 57404.466699290002 0
1990 54294.328077911661 57437.99441531262 0
1991 54313.685313782626 57471.522131335238 0
1992 54324.951010145276 57491.03488981798 0
1993 54344.30824601624 57524.562605840591 0
1994 54363.665481887212 57558.090321863208 0
1995 54374.931178249855 57577.603080345951 0
1996 54394.288414120834 57611.130796368569 0
1997 54413.645649991806 57644.658512391186 0
1998 54424.911346354449 57664.171270873929 0
1999 54444.268582225413 57697.698986896547 0
2000 54463.625818096385 57731.226702919172 0
2001 54474.891514459028 57750.739461401914 0
2002 54494.248750330007 57784.267177424525 0
2003 54513.605986200979 57817.794893447142 0
2004 54524.871682563622 57837.307651929885 0
2005 54544.228918434586 57870.835367952503 0
2006 54563.586154305558 57904.36308397512 0
2007 54574.851850668208 57923.87584245787 0
2008 54594.20908653918 57957.403558480481 0
2009 54613.566322410144 57990.931274503098 0
2010 54624.832018772788 58010.444032985848 0
2011 54644.189254643759 58043.971749008459 0
2012 54663.546490514738 58077.499465031069 0
2013 54674.812186877381 58097.012223513819 0
2014 54694.169422748353 58130.539939536437 0
2015 54713.526658619317 58164.067655559047 0
2016 54724.792354981961 58183.580414041797 0
2017 54744.149590852932 58217.108130064415 0
2018 54763.506826723911 58250.635846087032 0
2019 54774.772523086554 58270.148604569775 0
2020 54794.129758957526 58303.676320592393 0
2021 54813.48699482849 58337.20403661501 0
2022 54824.752691191141 58356.716795097753 0
2023 54844.109927062105 58390.244511120371 0
2024 54863.467162933084 58423.772227142981 0
2025 54874.732859295727 58443.284985625723 0
2026 54894.090095166699 58476.812701648341 0
2027 54913.447331037663 58510.340417670959 0
2028 54924.713027400314 58529.853176153701 0
2029 54944.070263271278 58563.380892176319 0
2030 54963.42749914225 58596.908608198937 0
2031 54974.693195504893 58616.42136668168 0
2032 54994.050431375872 58649.949082704297 0
2033 55013.407667246844 58683.476798726915 0
2034 55024.673363609487 58702.989557209658 0
2035 55044.030599480451 58736.517273232275 0
2036 55063.387835351423 58770.044989254893 0
2037 55074.653531714066 58789.557747737636 0
2038 55094.010767585045 58823.085463760253 0
2039 55113.368003456017 58856.613179782864 0
2040 55124.63369981866 58876.125938265614 0
2041 55143.990935689624 58909.653654288231 0
2042 55163.348171560596 58943.181370310849 0
2043 55174.613867923239 58962.694128793592 0
2044 55193.971103794218 58996.221844816202 0
2045 55213.328339665182 59029.74956083882 0
2046 55224.594036027825 59049.262319321562 0
2047 55243.951271898797 59082.79003534418 0
2048 55263.308507769776 59116.317751366805 0
2049 55274.574204132419 59135.830509849548 0
2050 55293.931440003391 59169.358225872165 0
2051 55313.288675874355 59202.885941894783 0
2052 55324.554372236998 59222.398700377526 0
2053 55343.91160810797 59255.926416400136 0
2054 55363.268843978949 59289.454132422754 0
2055 55374.534540341592 59308.966890905496 0
2056 55393.891776212564 59342.494606928114 0
2057 55413.249012083528 59376.022322950732 0
2058 55424.514708446179 59395.535081433474 0
2059 55443.871944317143 59429.062797456092 0
2060 55463.229180188122 59462.59051347871 0
2061 55474.494876550765 59482.103271961452 0
2062 55493.85211242173 59515.630987984063 0
2063 55513.209348292701 59549.158704006673 0
2064 55524.475044655337 59568.671462489416 0
2065 55543.832280526316 59602.199178512034 0
2066 55563.189516397288 59635.726894534651 0
2067 55574.455212759931 59655.239653017401 0
2068 55593.812448630895 59688.767369040012 0
2069 55613.169684501874 59722.295085062629 0
2070 55624.435380864517 59741.807843545379 0
2071 55643.792616735489 59775.33555956799 0
2072 55663.149852606453 59808.8632755906 0
2073 55674.415548969097 59828.37603407335 0
2074 55693.772784840068 59861.903750095968 0
2075 55713.130020711047 59895.431466118578 0
2076 55724.39571707369 59914.944224601328 0
2077 55743.752952944662 59948.471940623946 0
2078 55763.110188815626 59981.999656646563 0
2079 55774.37588517827 60001.512415129306 0
2080 55793.733121049241 60035.040131151924 0
2081 55813.09035692022 60068.567847174541 0
2082 55824.356053282863 60088.080605657284 0
2083 55843.713289153835 60121.608321679902 0
2084 55863.070525024799 60155.136037702519 0
2085 55874.33622138745 60174.648796185262 0
2086 55893.693457258414 60208.17651220788 0
2087 55913.050693129386 60241.70422823049 0
2088 55924.316389492029 60261.216986713232 0
2089 55943.673625363008 60294.744702735858 0
2090 55963.030861233972 60328.272418758475 0
2091 55974.296557596623 60347.785177241218 0
2092 55993.653793467587 60381.312893263836 0
2093 56013.011029338559 60414.840609286446 0
2094 56024.276725701202 60434.353367769188 0
2095 56043.633961572181 60467.881083791806 0
2096 56062.991197443152 60501.408799814424 0
2097 56074.256893805796 60520.921558297174 0
2098 56093.61412967676 60554.449274319792 0
2099 56112.971365547732 60587.976990342402 0
2100 56124.237061910375 60607.489748825152 0
2101 56143.594297781354 60641.01746484777 0
2102 56162.951533652325 60674.54518087038 0
2103 56174.217230014969 60694.057939353122 0
2104 56193.574465885933 60727.58565537574 0
2105 56212.931701756912 60761.113371398358 0
2106 56224.197398119555 60780.6261298811 0
2107 56243.554633990527 60814.153845903718 0
2108 56262.911869861491 60847.681561926336 0
2109 56274.177566224134 60867.194320409079 0
2110 56293.534802095106 60900.722036431696 0
2111 56312.892037966085 60934.249752454314 0
2112 56324.157734328728 60953.762510937057 0
2113 56343.5149701997 60987.290226959674 0
2114 56362.872206070664 61020.817942982292 0
2115 56374.137902433307 61040.330701465035 0
2116 56393.495138304279 61073.858417487645 0
2117 56412.852374175258 61107.386133510263 0
2118 56424.118070537901 61126.898891993005 0
2119 56443.475306408873 61160.426608015623 0
2120 56462.832542279837 61193.954324038248 0
2121 56474.098238642488 61213.467082520991 0
2122 56493.455474513452 61246.994798543601 0
2123 56512.812710384424 61280.522514566219 0
2124 56524.078406747067 61300.035273048969 0
2125 56543.435642618046 61333.562989071579 0
2126 56562.79287848901 61367.090705094197 0
2127 56574.058574851661 61386.603463576947 0
2128 56593.415810722625 61420.131179599557 0
2129 56612.773046593597 61453.658895622182 0
2130 56624.03874295624 61473.171654104925 0
2131 56643.395978827219 61506.699370127535 0
2132 56662.75321469819 61540.227086150153 0
2133 56674.018911060833 61559.739844632895 0
2134 56693.376146931798 61593.267560655513 0
2135 56712.733382802769 61626.795276678131 0
2136 56723.999079165413 61646.308035160873 0
2137 56743.356315036392 61679.835751183491 0
2138 56762.713550907363 61713.363467206102 0
2139 56773.979247270006 61732.876225688844 0
2140 56793.336483140971 61766.403941711469 0
2141 56812.693719011942 61799.931657734087 0
2142 56823.959415374586 61819.444416216829 0
2143 56843.316651245565 61852.972132239447 0
2144 56862.673887116529 61886.499848262065 0
2145 56873.939583479172 61906.012606744807 0
2146 56893.296819350144 61939.540322767425 0
2147 56912.654055221123 61973.068038790036 0
2148 56923.919751583766 61992.580797272778 0
2149 56943.27698745473 62026.108513295389 0
2150 56962.634223325695 62059.636229318006 0
2151 56973.899919688338 62079.148987800749 0
2152 56993.257155559317 62112.676703823367 0
2153 57012.614391430288 62146.204419845984 0
2154 57023.880087792932 62165.717178328727 0
2155 57043.237323663896 62199.244894351345 0
2156 57062.594559534868 62232.772610373955 0
2157 57073.860255897511 62252.285368856705 0
2158 57093.21749176849 62285.813084879323 0
2159 57112.574727639461 62319.340800901933 0
2160 57123.840424002105 62338.853559384683 0
2161 57143.197659873069 62372.381275407301 0
2162 57162.554895744041 62405.908991429911 0
2163 57173.820592106684 62425.421749912653 0
2164 57193.177827977663 62458.949465935271 0
2165 57212.535063848627 62492.477181957889 0
2166 57223.80076021127 62511.989940440631 0
2167 57243.157996082242 62545.517656463249 0
2168 57262.515231953221 62579.045372485867 0
2169 57273.780928315864 62598.558130968609 0
2170 57293.138164186836 62632.085846991227 0
2171 57312.4954000578 62665.613563013845 0
2172 57323.761096420443 62685.126321496587 0
2173 57343.118332291415 62718.654037519205 0
2174 57362.475568162394 62752.181753541823 0
2175 57373.741264525037 62771.694512024565 0
2176 57393.098500396009 62805.222228047176 0
2177 57412.455736266973 62838.749944069794 0
2178 57423.721432629616 62858.262702552536 0
2179 57443.078668500588 62891.790418575154 0
2180 57462.435904371567 62925.318134597779 0
2181 57473.70160073421 62944.830893080521 0
2182 57493.058836605182 62978.358609103139 0
2183 57512.416072476146 63011.886325125757 0
2184 57523.681768838796 63031.399083608499 0
2185 57543.039004709761 63064.92679963111 0
2186 57562.396240580732 63098.454515653728 0
2187 57573.661936943376 63117.967274136477 0
2188 57593.019172814355 63151.494990159088 0
2189 57612.376408685319 63185.022706181706 0
2190 57623.642105047969 63204.535464664456 0
2191 57642.999340918934 63238.063180687066 0
2192 57662.356576789905 63271.590896709684 0
2193 57673.622273152549 63291.103655192426 0
2194 57692.979509023527 63324.631371215044 0
2195 57712.336744894499 63358.159087237662 0
2196 57723.602441257142 63377.671845720404 0
2197 57742.959677128107 63411.199561743022 0
2198 57762.316912999078 63444.72727776564 0
2199 57773.582609361722 63464.240036248382 0
2200 57792.9398452327 63497.767752271 0
2201 57812.297081103672 63531.295468293618 0
2202 57823.562777466315 63550.80822677636 0
2203 57842.92001333728 63584.335942798978 0
2204 57862.277249208259 63617.863658821596 0
2205 57873.542945570902 63637.376417304338 0
2206 57892.900181441873 63670.904133326956 0
2207 57912.257417312838 63704.431849349567 0
2208 57923.523113675481 63723.944607832309 0
2209 57942.880349546453 63757.472323854934 0
2210 57962.237585417432 63791.000039877552 0
2211 57973.503281780075 63810.512798360302 0
2212 57992.860517651046 63844.040514382912 0
2213 58012.217753522011 63877.568230405523 0
2214 58023.483449884654 63897.080988888265 0
2215 58042.840685755626 63930.60870491089 0
2216 58062.197921626605 63964.136420933501 0
2217 58073.463617989248 63983.649179416243 0
2218 58092.820853860219 64017.176895438868 0
2219 58112.178089731184 64050.704611461479 0
2220 58123.443786093834 64070.217369944228 0
2221 58142.801021964799 64103.745085966846 0
2222 58162.15825783577 64137.272801989457 0
2223 58173.423954198413 64156.785560472199 0
2224 58192.781190069392 64190.313276494817 0
2225 58212.138425940357 64223.840992517435 0
2226 58223.404122303007 64243.353751000177 0
2227 58242.761358173972 64276.881467022795 0
2228 58262.118594044943 64310.409183045413 0
2229 58273.384290407586 64329.921941528155 0
2230 58292.741526278565 64363.449657550773 0
2231 58312.098762149537 64396.977373573391 0
2232 58323.36445851218 64416.490132056133 0
2233 58342.721694383144 64450.017848078751 0
2234 58362.078930254116 64483.545564101369 0
2235 58373.344626616759 64503.058322584111 0
2236 58392.701862487738 64536.586038606722 0
2237 58412.05909835871 64570.113754629339 0
2238 58423.324794721353 64589.626513112082 0
2239 58442.682030592317 64623.1542291347 0
2240 58462.039266463282 64656.68194515731 0
2241 58473.304962825932 64676.194703640052 0
2242 58492.662198696897 64709.72241966267 0
2243 58512.019434567876 64743.250135685288 0
2244 58523.285130930519 64762.76289416803 0
2245 58542.64236680149 64796.290610190641 0
2246 58561.999602672455 64829.818326213259 0
2247 58573.265299035105 64849.331084696008 0
2248 58592.62253490607 64882.858800718619 0
2249 58611.979770777041 64916.386516741237 0
2250 58623.245467139684 64935.899275223986 0
2251 58642.602703010663 64969.426991246604 0
2252 58661.959938881635 65002.954707269222 0
2253 58673.225635244278 65022.467465751964 0
2254 58692.582871115243 65055.995181774575 0
2255 58711.940106986214 65089.522897797193 0
2256 58723.205803348857 65109.035656279935 0
2257 58742.563039219836 65142.563372302553 0
2258 58761.920275090808 65176.091088325171 0
2259 58773.185971453451 65195.603846807913 0
2260 58792.543207324416 65229.131562830531 0
2261 58811.900443195387 65262.659278853149 0
2262 58823.16613955803 65282.172037335891 0
2263 58842.523375429009 65315.699753358509 0
2264 58861.880611299974 65349.227469381127 0
2265 58873.148542750256 65368.744099149226 0
2266 58892.513459481299 65402.28511881172 0
2267 58911.878376212335 65435.826138474215 0
2268 58923.148542750263 65455.346639527663 0
2269 58942.513459481299 65488.887659190164 0
2270 58961.878376212335 65522.428678852666 0
2271 58973.148542750263 65541.949179906107 0
2272 58992.513459481299 65575.490199568609 0
2273 59011.878376212335 65609.031219231096 0
2274 59023.148542750263 65628.551720284551 0
2275 59042.513459481299 65662.092739947053 0
2276 59061.878376212335 65695.63375960954 0
2277 59073.148542750263 65715.154260662996 0
2278 59092.513459481299 65748.695280325483 0
2279 59111.878376212335 65782.236299987984 0
2280 59123.148542750263 65801.75680104144 0
2281 59142.513459481299 65835.297820703941 0
2282 59161.878376212335 65868.838840366428 0
2283 59173.148542750256 65888.359341419884 0
2284 59192.513459481299 65921.900361082371 0
2285 59211.878376212335 65955.441380744873 0
2286 59223.148542750263 65974.961881798328 0
2287 59242.513459481299 66008.50290146083 0
2288 59261.878376212335 66042.043921123317 0
2289 59273.148542750263 66061.564422176772 0
2290 59292.513459481299 66095.10544183926 0
2291 59311.878376212335 66128.646461501761 0
2292 59323.148542750263 66148.166962555217 0
2293 59342.513459481299 66181.707982217718 0
2294 59361.878376212335 66215.249001880205 0
2295 59373.148542750263 66234.769502933661 0
2296 59392.513459481299 66268.310522596148 0
2297 59411.878376212335 66301.85154225865 0
2298 59423.148542750263 66321.372043312105 0
2299 59442.513459481299 66354.913062974607 0
2300 59461.878376212335 66388.454082637094 0
2301 59473.148542750256 66407.974583690549 0
2302 59492.513459481299 66441.515603353037 0
2303 59511.878376212342 66475.056623015538 0
2304 59523.148542750263 66494.577124068994 0
2305 59542.513459481299 66528.118143731495 0
2306 59561.878376212335 66561.659163393982 0
2307 59573.148542750263 66581.179664447438 0
2308 59592.513459481299 66614.720684109925 0
2309 59611.878376212335 66648.261703772427 0
2310 59623.148542750263 66667.782204825882 0
2311 59642.513459481299 66701.323224488384 0
2312 59661.878376212335 66734.864244150871 0
2313 59673.148542750263 66754.384745204326 0
2314 59692.513459481299 66787.925764866814 0
2315 59711.878376212335 66821.466784529315 0
2316 59723.148542750263 66840.987285582771 0
2317 59742.513459481299 66874.528305245272 0
2318 59761.878376212335 66908.069324907759 0
2319 59773.148542750263 66927.589825961215 0
2320 59792.513459481299 66961.130845623702 0
2321 59811.878376212342 66994.671865286204 0
2322 59823.148542750263 67014.192366339659 0
2323 59842.513459481299 67047.733386002161 0
2324 59861.878376212335 67081.274405664648 0
2325 59873.148542750263 67100.794906718103 0
2326 59892.513459481299 67134.335926380591 0
2327 59911.878376212335 67167.876946043092 0
2328 59923.148542750263 67187.397447096548 0
2329 59942.513459481299 67220.938466759049 0
2330 59961.878376212335 67254.479486421536 0
2331 59973.148542750263 67273.999987474992 0
2332 59992.513459481299 67307.541007137479 0
2333 60011.878376212335 67341.082026799981 0
2334 60023.148542750263 67360.602527853436 0
2335 60042.513459481299 67394.143547515938 0
2336 60061.878376212335 67427.684567178425 0
2337 60073.148542750263 67447.20506823188 0
2338 60092.513459481299 67480.746087894368 0
2339 60111.878376212335 67514.287107556869 0
2340 60123.148542750256 67533.807608610325 0
2341 60142.513459481299 67567.348628272826 0
2342 60161.878376212335 67600.889647935313 0
2343 60173.148542750263 67620.410148988769 0
2344 60192.513459481299 67653.951168651256 0
2345 60211.878376212335 67687.492188313758 0
2346 60223.148542750263 67707.012689367213 0
2347 60242.513459481299 67740.553709029715 0
2348 60261.878376212335 67774.094728692202 0
2349 60273.148542750263 67793.615229745657 0
2350 60292.513459481299 67827.156249408145 0
2351 60311.878376212335 67860.697269070646 0
2352 60323.148542750263 67880.217770124087 0
2353 60342.513459481299 67913.758789786589 0
2354 60361.878376212335 67947.299809449076 0
2355 60373.148542750263 67966.820310502531 0
2356 60392.513459481299 68000.361330165033 0
2357 60411.878376212335 68033.90234982752 0
2358 60423.148542750256 68053.422850880976 0
2359 60442.513459481299 68086.963870543463 0
2360 60461.878376212335 68120.504890205964 0
2361 60473.148542750263 68140.02539125942 0
2362 60492.513459481299 68173.566410921921 0
2363 60511.878376212335 68207.107430584409 0
2364 60523.148542750263 68226.627931637864 0
2365 60542.513459481299 68260.168951300351 0
2366 60561.878376212335 68293.709970962853 0
2367 60573.148542750263 68313.230472016308 0
2368 60592.513459481299 68346.77149167881 0
2369 60611.878376212335 68380.312511341297 0
2370 60623.148542750263 68399.833012394753 0
2371 60642.513459481299 68433.37403205724 0
2372 60661.878376212335 68466.915051719741 0
2373 60673.148542750263 68486.435552773197 0
2374 60692.513459481299 68519.976572435698 0
2375 60711.878376212335 68553.517592098186 0
2376 60723.148542750256 68573.038093151641 0
2377 60742.513459481299 68606.579112814128 0
2378 60761.878376212342 68640.12013247663 0
2379 60773.148542750263 68659.640633530085 0
2380 60792.513459481299 68693.181653192587 0
2381 60811.878376212335 68726.722672855074 0
2382 60823.148542750263 68746.24317390853 0
2383 60842.513459481299 68779.784193571017 0
2384 60861.878376212335 68813.325213233518 0
2385 60873.148542750263 68832.845714286974 0
2386 60892.513459481299 68866.386733949475 0
2387 60911.878376212335 68899.927753611963 0
2388 60923.148542750263 68919.448254665418 0
2389 60942.513459481299 68952.989274327905 0
2390 60961.878376212335 68986.530293990407 0
2391 60973.148542750263 69006.050795043862 0
2392 60992.513459481299 69039.591814706364 0
2393 61011.878376212335 69073.132834368851 0
2394 61023.148542750263 69092.653335422307 0
2395 61042.513459481299 69126.194355084794 0
2396 61061.878376212342 69159.735374747295 0
2397 61073.148542750263 69179.255875800751 0
2398 61092.513459481299 69212.796895463252 0
2399 61111.878376212335 69246.33791512574 0
2400 61123.148542750263 69265.858416179195 0
2401 61142.513459481299 69299.399435841682 0
2402 61161.878376212335 69332.940455504184 0
2403 61173.148542750263 69352.460956557639 0
2404 61192.513459481299 69386.001976220141 0
2405 61211.878376212335 69419.542995882628 0
2406 61223.148542750263 69439.063496936084 0
2407 61242.513459481299 69472.604516598571 0
2408 61261.878376212335 69506.145536261072 0
2409 61273.148542750263 69525.666037314528 0
2410 61292.513459481299 69559.207056977029 0
2411 61311.878376212335 69592.748076639517 0
2412 61323.148542750263 69612.268577692972 0
2413 61342.513459481299 69645.809597355459 0
2414 61361.878376212335 69679.350617017961 0
2415 61373.148542750256 69698.871118071416 0
2416 61392.513459481299 69732.412137733918 0
2417 61411.878376212335 69765.953157396405 0
2418 61423.148542750263 69785.473658449861 0
2419 61442.513459481299 69819.014678112348 0
2420 61461.878376212335 69852.555697774849 0
2421 61473.148542750263 69872.076198828305 0
2422 61492.513459481299 69905.617218490806 0
2423 61511.878376212335 69939.158238153293 0
2424 61523.148542750263 69958.678739206749 0
2425 61542.513459481299 69992.219758869236 0
2426 61561.878376212335 70025.760778531738 0
2427 61573.148542750263 70045.281279585193 0
2428 61592.513459481299 70078.822299247695 0
2429 61611.878376212335 70112.363318910182 0
2430 61623.148542750263 70131.883819963638 0
2431 61642.513459481299 70165.424839626125 0
2432 61661.878376212335 70198.965859288626 0
2433 61673.148542750256 70218.486360342082 0
2434 61692.513459481299 70252.027380004583 0
2435 61711.878376212335 70285.56839966707 0
2436 61723.148542750263 70305.088900720526 0
2437 61742.513459481299 70338.629920383013 0
2438 61761.878376212335 70372.170940045515 0
2439 61773.148542750263 70391.69144109897 0
2440 61792.513459481299 70425.232460761457 0
2441 61811.878376212335 70458.773480423944 0
2442 61823.148542750263 70478.2939814774 0
2443 61842.513459481299 70511.835001139902 0
2444 61861.878376212335 70545.376020802389 0
2445 61873.148542750263 70564.896521855844 0
2446 61892.513459481299 70598.437541518331 0
2447 61911.878376212335 70631.978561180833 0
2448 61923.148542750263 70651.499062234288 0
2449 61942.513459481299 70685.04008189679 0
2450 61961.878376212335 70718.581101559277 0
2451 61973.148542750256 70738.101602612733 0
2452 61992.513459481299 70771.64262227522 0
2453 62011.878376212342 70805.183641937721 0
2454 62023.148542750263 70824.704142991177 0
2455 62042.513459481299 70858.245162653679 0
2456 62061.878376212335 70891.786182316166 0
2457 62073.148542750263 70911.306683369621 0
2458 62092.513459481299 70944.847703032108 0
2459 62111.878376212335 70978.38872269461 0
2460 62123.148542750263 70997.909223748065 0
2461 62142.513459481299 71031.450243410567 0
2462 62161.878376212335 71064.991263073054 0
2463 62173.148542750263 71084.51176412651 0
2464 62192.513459481299 71118.052783788997 0
2465 62211.878376212335 71151.593803451498 0
2466 62223.148542750263 71171.114304504954 0
2467 62242.513459481299 71204.655324167456 0
2468 62261.878376212335 71238.196343829943 0
2469 62273.148542750263 71257.716844883398 0
2470 62292.513459481299 71291.257864545885 0
2471 62311.878376212342 71324.798884208387 0
2472 62323.148542750263 71344.319385261842 0
2473 62342.513459481299 71377.860404924344 0
2474 62361.878376212335 71411.401424586831 0
2475 62373.148542750263 71430.921925640287 0
2476 62392.513459481299 71464.462945302774 0
2477 62411.878376212335 71498.003964965275 0
2478 62423.148542750263 71517.524466018731 0
2479 62442.513459481299 71551.065485681233 0
2480 62461.878376212335 71584.60650534372 0
2481 62473.148542750263 71604.127006397175 0
2482 62492.513459481299 71637.668026059662 0
2483 62511.878376212335 71671.209045722164 0
2484 62523.148542750263 71690.729546775619 0
2485 62542.513459481299 71724.270566438121 0
2486 62561.878376212335 71757.811586100608 0
2487 62573.148542750263 71777.332087154064 0
2488 62592.513459481299 71810.873106816551 0
2489 62611.878376212342 71844.414126479052 0
2490 62623.148542750263 71863.934627532508 0
2491 62642.513459481299 71897.47564719501 0
2492 62661.878376212335 71931.016666857497 0
2493 62673.148542750263 71950.537167910952 0
2494 62692.513459481299 71984.078187573439 0
2495 62711.878376212335 72017.619207235941 0
2496 62723.148542750263 72037.139708289396 0
2497 62742.513459481299 72070.680727951898 0
2498 62761.878376212335 72104.221747614385 0
2499 62773.148542750263 72123.742248667841 0
2500 62792.513459481299 72157.283268330328 0
2501 62811.878376212335 72190.824287992829 0
2502 62823.148542750263 72210.344789046285 0
2503 62842.513459481299 72243.885808708786 0
2504 62861.878376212335 72277.426828371274 0
2505 62873.148542750263 72296.947329424729 0
2506 62892.513459481299 72330.488349087216 0
2507 62911.878376212335 72364.029368749718 0
2508 62923.148542750256 72383.549869803173 0
2509 62942.513459481299 72417.090889465675 0
2510 62961.878376212335 72450.631909128162 0
2511 62973.148542750263 72470.152410181618 0
2512 62992.513459481299 72503.693429844105 0
2513 63011.878376212335 72537.234449506606 0
2514 63023.148542750263 72556.754950560062 0
2515 63042.513459481299 72590.295970222563 0
2516 63061.878376212335 72623.836989885051 0
2517 63073.148542750263 72643.357490938506 0
2518 63092.513459481299 72676.898510600993 0
2519 63111.878376212335 72710.439530263495 0
2520 63123.148542750263 72729.96003131695 0
2521 63142.513459481299 72763.501050979452 0
2522 63161.878376212335 72797.042070641939 0
2523 63173.148542750263 72816.562571695395 0
2524 63192.513459481299 72850.103591357882 0
2525 63211.878376212335 72883.644611020383 0
2526 63223.148542750256 72903.165112073839 0
2527 63242.513459481299 72936.70613173634 0
2528 63261.878376212342 72970.247151398828 0
2529 63273.148542750263 72989.767652452283 0
2530 63292.513459481299 73023.30867211477 0
2531 63311.878376212335 73056.849691777272 0
2532 63323.148542750263 73076.370192830727 0
2533 63342.513459481299 73109.911212493229 0
2534 63361.878376212335 73143.452232155716 0
2535 63373.148542750263 73162.972733209172 0
2536 63392.513459481299 73196.513752871659 0
2537 63411.878376212335 73230.05477253416 0
2538 63423.148542750263 73249.575273587601 0
2539 63442.513459481299 73283.116293250103 0
2540 63461.878376212335 73316.65731291259 0
2541 63473.148542750263 73336.177813966046 0
2542 63492.513459481299 73369.718833628547 0
2543 63511.878376212335 73403.259853291034 0
2544 63523.148542750263 73422.78035434449 0
2545 63542.513459481299 73456.321374006977 0
2546 63561.878376212342 73489.862393669478 0
2547 63573.148542750263 73509.382894722934 0
2548 63592.513459481299 73542.923914385436 0
2549 63611.878376212335 73576.464934047923 0
2550 63623.148542750263 73595.985435101378 0
2551 63642.513459481299 73629.526454763865 0
2552 63661.878376212335 73663.067474426367 0
2553 63673.148542750263 73682.587975479822 0
2554 63692.513459481299 73716.128995142324 0
2555 63711.878376212335 73749.670014804811 0
2556 63723.148542750263 73769.190515858267 0
2557 63742.513459481299 73802.731535520754 0
2558 63761.878376212335 73836.272555183255 0
2559 63773.148542750263 73855.793056236711 0
2560 63792.513459481299 73889.334075899213 0
2561 63811.878376212335 73922.8750955617 0
2562 63823.148542750263 73942.395596615155 0
2563 63842.513459481299 73975.936616277642 0
2564 63861.878376212342 74009.477635940144 0
2565 63873.148542750263 74028.998136993599 0
2566 63892.513459481299 74062.539156656101 0
2567 63911.878376212335 74096.080176318588 0
2568 63923.148542750263 74115.600677372044 0
2569 63942.513459481299 74149.141697034531 0
2570 63961.878376212335 74182.682716697032 0
2571 63973.148542750263 74202.203217750473 0
2572 63992.513459481299 74235.74423741299 0
2573 64011.878376212335 74269.285257075477 0
2574 64023.148542750263 74288.805758128918 0
2575 64042.513459481299 74322.346777791419 0
2576 64061.878376212335 74355.887797453935 0
2577 64073.148542750263 74375.408298507376 0
2578 64092.513459481299 74408.949318169878 0
2579 64111.878376212335 74442.490337832365 0
2580 64123.148542750263 74462.010838885821 0
2581 64142.513459481299 74495.551858548308 0
2582 64161.878376212335 74529.092878210809 0
2583 64173.148542750256 74548.613379264265 0
2584 64192.513459481299 74582.154398926767 0
2585 64211.878376212335 74615.695418589254 0
2586 64223.148542750263 74635.215919642709 0
2587 64242.513459481299 74668.756939305196 0
2588 64261.878376212335 74702.297958967698 0
2589 64273.148542750263 74721.818460021139 0
2590 64292.513459481299 74755.359479683655 0
2591 64311.878376212335 74788.900499346157 0
2592 64323.148542750263 74808.421000399598 0
2593 64342.513459481299 74841.962020062085 0
2594 64361.878376212335 74875.503039724601 0
2595 64373.148542750263 74895.023540778042 0
2596 64392.513459481299 74928.564560440544 0
2597 64411.878376212335 74962.105580103031 0
2598 64423.148542750263 74981.626081156486 0
2599 64442.513459481299 75015.167100818973 0
2600 64461.878376212335 75048.708120481475 0
2601 64473.148542750256 75068.22862153493 0
2602 64492.513459481299 75101.769641197432 0
2603 64511.878376212342 75135.310660859919 0
2604 64523.148542750263 75154.831161913375 0
2605 64542.513459481299 75188.372181575862 0
2606 64561.878376212335 75221.913201238363 0
2607 64573.148542750263 75241.433702291804 0
2608 64592.513459481299 75274.974721954321 0
2609 64611.878376212335 75308.515741616808 0
2610 64623.148542750263 75328.036242670263 0
2611 64642.513459481299 75361.57726233275 0
2612 64661.878376212335 75395.118281995252 0
2613 64673.148542750263 75414.638783048707 0
2614 64692.513459481299 75448.179802711209 0
2615 64711.878376212335 75481.720822373696 0
2616 64723.148542750263 75501.241323427152 0
2617 64742.513459481299 75534.782343089639 0
2618 64761.878376212335 75568.323362752126 0
2619 64773.148542750263 75587.843863805581 0
2620 64792.513459481299 75621.384883468068 0
2621 64811.878376212342 75654.92590313057 0
2622 64823.148542750263 75674.446404184011 0
2623 64842.513459481299 75707.987423846527 0
2624 64861.878376212335 75741.528443509014 0
2625 64873.148542750263 75761.04894456247 0
2626 64892.513459481299 75794.589964224957 0
2627 64911.878376212335 75828.130983887459 0
2628 64923.148542750263 75847.651484940914 0
2629 64942.513459481299 75881.192504603416 0
2630 64961.878376212335 75914.733524265903 0
2631 64973.148542750263 75934.254025319358 0
2632 64992.513459481299 75967.795044981845 0
2633 65011.878376212335 76001.336064644347 0
2634 65023.148542750263 76020.856565697803 0
2635 65042.513459481299 76054.397585360304 0
2636 65061.878376212335 76087.938605022791 0
2637 65073.148542750263 76107.459106076247 0
2638 65092.513459481299 76141.000125738734 0
2639 65111.878376212342 76174.54114540125 0
2640 65123.148542750263 76194.061646454691 0
2641 65142.513459481299 76227.602666117193 0
2642 65161.878376212335 76261.14368577968 0
2643 65173.148542750263 76280.664186833135 0
2644 65192.513459481299 76314.205206495622 0
2645 65211.878376212335 76347.746226158124 0
2646 65223.148542750263 76367.26672721158 0
2647 65242.513459481299 76400.807746874081 0
2648 65261.878376212335 76434.348766536568 0
2649 65273.148542750263 76453.869267590024 0
2650 65292.513459481299 76487.410287252511 0
2651 65311.878376212335 76520.951306915013 0
2652 65323.148542750263 76540.471807968454 0
2653 65342.513459481299 76574.01282763097 0
2654 65361.878376212335 76607.553847293457 0
2655 65373.148542750263 76627.074348346898 0
2656 65392.513459481299 76660.615368009399 0
2657 65411.878376212335 76694.156387671916 0
2658 65423.148542750256 76713.676888725357 0
2659 65442.513459481299 76747.217908387858 0
2660 65461.878376212335 76780.758928050345 0
2661 65473.148542750263 76800.279429103801 0
2662 65492.513459481299 76833.820448766288 0
2663 65511.878376212335 76867.36146842879 0
2664 65523.148542750263 76886.881969482245 0
2665 65542.513459481299 76920.422989144747 0
2666 65561.878376212335 76953.964008807234 0
2667 65573.148542750263 76973.484509860689 0
2668 65592.513459481299 77007.025529523176 0
2669 65611.878376212335 77040.566549185678 0
2670 65623.148542750263 77060.087050239119 0
2671 65642.513459481299 77093.628069901635 0
2672 65661.878376212335 77127.169089564137 0
2673 65673.148542750263 77146.689590617578 0
2674 65692.513459481299 77180.230610280065 0
2675 65711.878376212335 77213.771629942581 0
2676 65723.148542750263 77233.292130996022 0
2677 65742.513459481299 77266.833150658524 0
2678 65761.878376212335 77300.374170321011 0
2679 65773.148542750263 77319.894671374466 0
2680 65792.513459481299 77353.435691036953 0
2681 65811.878376212335 77386.976710699455 0
2682 65823.148542750263 77406.497211752911 0
2683 65842.513459481299 77440.038231415412 0
2684 65861.878376212335 77473.579251077899 0
2685 65873.148542750263 77493.099752131355 0
2686 65892.513459481299 77526.640771793842 0
2687 65911.878376212335 77560.181791456343 0
2688 65923.148542750263 77579.702292509784 0
2689 65942.513459481299 77613.243312172301 0
2690 65961.878376212335 77646.784331834788 0
2691 65973.148542750263 77666.304832888243 0
2692 65992.513459481299 77699.84585255073 0
2693 66011.878376212335 77733.386872213232 0
2694 66023.148542750263 77752.907373266688 0
2695 66042.513459481299 77786.448392929189 0
2696 66061.878376212335 77819.989412591676 0
2697 66073.148542750263 77839.509913645132 0
2698 66092.513459481299 77873.050933307619 0
2699 66111.878376212335 77906.59195297012 0
2700 66123.148542750263 77926.112454023576 0
2701 66142.513459481299 77959.653473686078 0
2702 66161.878376212335 77993.194493348565 0
2703 66173.148542750263 78012.71499440202 0
2704 66192.513459481299 78046.256014064507 0
2705 66211.878376212335 78079.797033727024 0
2706 66223.148542750263 78099.317534780464 0
2707 66242.513459481299 78132.858554442952 0
2708 66261.878376212335 78166.399574105453 0
2709 66273.148542750263 78185.920075158894 0
2710 66292.513459481299 78219.461094821396 0
2711 66311.878376212335 78253.002114483883 0
2712 66323.148542750263 78272.522615537338 0
2713 66342.513459481299 78306.063635199826 0
2714 66361.878376212335 78339.604654862327 0
2715 66373.148542750263 78359.125155915783 0
2716 66392.513459481299 78392.666175578284 0
2717 66411.878376212335 78426.207195240771 0
2718 66423.148542750263 78445.727696294227 0
2719 66442.513459481299 78479.268715956714 0
2720 66461.878376212335 78512.80973561923 0
2721 66473.148542750263 78532.330236672671 0
2722 66492.513459481299 78565.871256335173 0
2723 66511.878376212335 78599.41227599766 0
2724 66523.148542750263 78618.932777051115 0
2725 66542.513459481299 78652.473796713602 0
2726 66561.878376212335 78686.014816376104 0
2727 66573.148542750263 78705.53531742956 0
2728 66592.513459481299 78739.076337092061 0
2729 66611.878376212335 78772.617356754548 0
2730 66623.148542750263 78792.137857808004 0
2731 66642.513459481299 78825.678877470491 0
2732 66661.878376212335 78859.219897132993 0
2733 66673.148542750263 78878.740398186434 0
2734 66692.513459481299 78912.28141784895 0
2735 66711.878376212335 78945.822437511437 0
2736 66723.148542750263 78965.342938564878 0
2737 66742.513459481299 78998.883958227379 0
2738 66761.878376212335 79032.424977889896 0
2739 66773.148542750263 79051.945478943337 0
2740 66792.513459481299 79085.486498605838 0
2741 66811.878376212335 79119.027518268325 0
2742 66823.148542750263 79138.548019321781 0
2743 66842.513459481299 79172.089038984268 0
2744 66861.878376212335 79205.63005864677 0
2745 66873.148542750263 79225.150559700225 0
2746 66892.513459481299 79258.691579362727 0
2747 66911.878376212335 79292.232599025214 0
2748 66923.148542750263 79311.753100078669 0
2749 66942.513459481299 79345.294119741156 0
2750 66961.878376212335 79378.835139403658 0
2751 66973.148542750263 79398.355640457099 0
2752 66992.513459481299 79431.896660119615 0
2753 67011.878376212335 79465.437679782117 0
2754 67023.148542750263 79484.958180835558 0
2755 67042.513459481299 79518.499200498045 0
2756 67061.878376212335 79552.040220160561 0
2757 67073.148542750263 79571.560721214002 0
2758 67092.513459481299 79605.101740876504 0
2759 67111.878376212335 79638.642760538991 0
2760 67123.148542750263 79658.163261592446 0
2761 67142.513459481299 79691.704281254933 0
2762 67161.878376212335 79725.245300917435 0
2763 67173.148542750263 79744.765801970891 0
2764 67192.513459481299 79778.306821633392 0
2765 67211.878376212335 79811.847841295879 0
2766 67223.148542750263 79831.368342349335 0
2767 67242.513459481299 79864.909362011822 0
2768 67261.878376212335 79898.450381674324 0
2769 67273.148542750263 79917.970882727765 0
2770 67292.513459481299 79951.511902390281 0
2771 67311.878376212335 79985.052922052782 0
2772 67323.148542750263 80004.573423106223 0
2773 67342.513459481299 80038.11444276871 0
2774 67361.878376212335 80071.655462431212 0
2775 67373.148542750263 80091.175963484668 0
2776 67392.513459481299 80124.716983147169 0
2777 67411.878376212335 80158.258002809656 0
2778 67423.148542750263 80177.778503863112 0
2779 67442.513459481299 80211.319523525599 0
2780 67461.878376212335 80244.860543188101 0
2781 67473.148542750263 80264.381044241556 0
2782 67492.513459481299 80297.922063904058 0
2783 67511.878376212335 80331.463083566545 0
2784 67523.148542750263 80350.98358462 0
2785 67542.513459481299 80384.524604282487 0
2786 67561.878376212335 80418.065623945004 0
2787 67573.148542750263 80437.586124998445 0
2788 67592.513459481299 80471.127144660946 0
2789 67611.878376212335 80504.668164323433 0
2790 67623.148542750263 80524.188665376889 0
2791 67642.513459481299 80557.729685039376 0
2792 67661.878376212335 80591.270704701878 0
2793 67673.148542750263 80610.791205755333 0
2794 67692.513459481299 80644.332225417835 0
2795 67711.878376212335 80677.873245080322 0
2796 67723.148542750263 80697.393746133777 0
2797 67742.513459481299 80730.934765796264 0
2798 67761.878376212335 80764.475785458766 0
2799 67773.148542750263 80783.996286512222 0
2800 67792.513459481299 80817.537306174723 0
2801 67811.878376212335 80851.07832583721 0
2802 67823.148542750263 80870.598826890651 0
2803 67842.513459481299 80904.139846553153 0
2804 67861.878376212335 80937.680866215669 0
2805 67873.148542750263 80957.20136726911 0
2806 67892.513459481299 80990.742386931612 0
2807 67911.878376212335 81024.283406594099 0
2808 67923.148542750263 81043.803907647554 0
2809 67942.513459481299 81077.344927310041 0
2810 67961.878376212335 81110.885946972543 0
2811 67973.148542750263 81130.406448025999 0
2812 67992.513459481299 81163.947467688486 0
2813 68011.878376212335 81197.488487350973 0
2814 68023.148542750263 81217.008988404414 0
2815 68042.513459481299 81250.55000806693 0
2816 68061.878376212335 81284.091027729417 0
2817 68073.148542750263 81303.611528782858 0
2818 68092.513459481299 81337.15254844536 0
2819 68111.878376212335 81370.693568107876 0
2820 68123.148542750263 81390.214069161317 0
2821 68142.513459481299 81423.755088823818 0
2822 68161.878376212335 81457.296108486305 0
2823 68173.148542750263 81476.816609539761 0
2824 68192.513459481299 81510.357629202248 0
2825 68211.878376212335 81543.89864886475 0
2826 68223.148542750263 81563.419149918205 0
2827 68242.513459481299 81596.960169580707 0
2828 68261.878376212335 81630.501189243194 0
2829 68273.148542750263 81650.021690296649 0
2830 68292.513459481299 81683.562709959137 0
2831 68311.878376212335 81717.103729621638 0
2832 68323.148542750263 81736.624230675079 0
2833 68342.513459481299 81770.165250337595 0
2834 68361.878376212335 81803.706270000097 0
2835 68373.148542750263 81823.226771053538 0
2836 68392.513459481299 81856.767790716025 0
2837 68411.878376212335 81890.308810378541 0
2838 68423.148542750263 81909.829311431982 0
2839 68442.513459481299 81943.370331094484 0
2840 68461.878376212335 81976.911350756971 0
2841 68473.148542750263 81996.431851810426 0
2842 68492.513459481299 82029.972871472914 0
2843 68511.878376212335 82063.513891135415 0
2844 68523.148542750263 82083.034392188871 0
2845 68542.513459481299 82116.575411851372 0
2846 68561.878376212335 82150.116431513859 0
2847 68573.148542750263 82169.636932567315 0
2848 68592.513459481299 82203.177952229802 0
2849 68611.878376212335 82236.718971892304 0
2850 68623.148542750263 82256.239472945745 0
2851 68642.513459481299 82289.780492608261 0
2852 68661.878376212335 82323.321512270762 0
2853 68673.148542750263 82342.842013324203 0
2854 68692.513459481299 82376.383032986691 0
2855 68711.878376212335 82409.924052649192 0
2856 68723.148542750263 82429.444553702648 0
2857 68742.513459481299 82462.985573365149 0
2858 68761.878376212335 82496.526593027636 0
2859 68773.148542750263 82516.047094081092 0
2860 68792.513459481299 82549.588113743579 0
2861 68811.878376212335 82583.129133406081 0
2862 68823.148542750263 82602.649634459536 0
2863 68842.513459481299 82636.190654122038 0
2864 68861.878376212335 82669.731673784525 0
2865 68873.148542750263 82689.25217483798 0
2866 68892.513459481299 82722.793194500468 0
2867 68911.878376212335 82756.334214162984 0
2868 68923.148542750263 82775.854715216425 0
2869 68942.513459481299 82809.395734878926 0
2870 68961.878376212335 82842.936754541413 0
2871 68973.148542750263 82862.457255594869 0
2872 68992.513459481299 82895.998275257356 0
2873 69011.878376212335 82929.539294919858 0
2874 69023.148542750263 82949.059795973313 0
2875 69042.513459481299 82982.600815635815 0
2876 69061.878376212335 83016.141835298302 0
2877 69073.148542750263 83035.662336351757 0
2878 69092.513459481299 83069.203356014244 0
2879 69111.878376212335 83102.744375676746 0
2880 69123.148542750263 83122.264876730202 0
2881 69142.513459481299 83155.805896392703 0
2882 69161.878376212335 83189.34691605519 0
2883 69173.148542750263 83208.867417108631 0
2884 69192.513459481299 83242.408436771133 0
2885 69211.878376212335 83275.949456433649 0
2886 69223.148542750263 83295.46995748709 0
2887 69242.513459481299 83329.010977149592 0
2888 69261.878376212335 83362.551996812079 0
2889 69273.148542750263 83382.072497865534 0
2890 69292.513459481299 83415.613517528021 0
2891 69311.878376212335 83449.154537190523 0
2892 69323.148542750263 83468.675038243979 0
2893 69342.513459481299 83502.216057906466 0
2894 69361.878376212335 83535.757077568953 0
2895 69373.148542750263 83555.277578622408 0
2896 69392.513459481299 83588.81859828491 0
2897 69411.878376212335 83622.359617947412 0
2898 69423.148542750263 83641.880119000853 0
2899 69442.513459481299 83675.421138663354 0
2900 69461.878376212335 83708.962158325856 0
2901 69473.148542750263 83728.482659379297 0
2902 69492.513459481299 83762.023679041798 0
2903 69511.878376212335 83795.5646987043 0
2904 69523.148542750263 83815.085199757756 0
2905 69542.513459481299 83848.626219420243 0
2906 69561.878376212335 83882.16723908273 0
2907 69573.148542750263 83901.687740136185 0
2908 69592.513459481299 83935.228759798687 0
2909 69611.878376212335 83968.769779461174 0
2910 69623.148542750263 83988.29028051463 0
2911 69642.513459481299 84021.831300177117 0
2912 69661.878376212335 84055.372319839618 0
2913 69673.148542750263 84074.892820893059 0
2914 69692.513459481299 84108.433840555575 0
2915 69711.878376212335 84141.974860218077 0
2916 69723.148542750263 84161.495361271518 0
2917 69742.513459481299 84195.036380934005 0
2918 69761.878376212335 84228.577400596521 0
2919 69773.148542750263 84248.097901649962 0
2920 69792.513459481299 84281.638921312464 0
2921 69811.878376212335 84315.179940974951 0
2922 69823.148542750263 84334.700442028407 0
2923 69842.513459481299 84368.241461690894 0
2924 69861.878376212335 84401.782481353395 0
2925 69873.148542750263 84421.302982406851 0
2926 69892.513459481299 84454.844002069352 0
2927 69911.878376212335 84488.38502173184 0
2928 69923.148542750263 84507.905522785295 0
2929 69942.513459481299 84541.446542447782 0
2930 69961.878376212335 84574.987562110284 0
2931 69973.148542750263 84594.508063163725 0
2932 69992.513459481299 84628.049082826241 0
2933 70011.878376212335 84661.590102488743 0
2934 70023.148542750263 84681.110603542184 0
2935 70042.513459481299 84714.651623204671 0
2936 70061.878376212335 84748.192642867172 0
2937 70073.148542750263 84767.713143920628 0
2938 70092.513459481299 84801.254163583129 0
2939 70111.878376212335 84834.795183245616 0
2940 70123.148542750263 84854.315684299072 0
2941 70142.513459481299 84887.856703961559 0
2942 70161.878376212335 84921.397723624061 0
2943 70173.148542750263 84940.918224677516 0
2944 70192.513459481299 84974.459244340018 0
2945 70211.878376212335 85008.000264002505 0
2946 70223.148542750263 85027.520765055961 0
2947 70242.513459481299 85061.061784718448 0
2948 70261.878376212335 85094.602804380964 0
2949 70273.148542750263 85114.123305434405 0
2950 70292.513459481299 85147.664325096906 0
2951 70311.878376212335 85181.205344759393 0
2952 70323.148542750263 85200.725845812849 0
2953 70342.513459481299 85234.266865475336 0
2954 70361.878376212335 85267.807885137838 0
2955 70373.148542750263 85287.328386191293 0
2956 70392.513459481299 85320.869405853795 0
2957 70411.878376212335 85354.410425516282 0
2958 70423.148542750263 85373.930926569737 0
2959 70442.513459481299 85407.471946232225 0
2960 70461.878376212335 85441.012965894726 0
2961 70473.148542750263 85460.533466948182 0
2962 70492.513459481299 85494.074486610683 0
2963 70511.878376212335 85527.61550627317 0
2964 70523.148542750263 85547.136007326611 0
2965 70542.513459481299 85580.677026989113 0
2966 70561.878376212335 85614.218046651629 0
2967 70573.148542750263 85633.73854770507 0
2968 70592.513459481299 85667.279567367572 0
2969 70611.878376212335 85700.820587030059 0
2970 70623.148542750263 85720.341088083514 0
2971 70642.513459481299 85753.882107746002 0
2972 70661.878376212335 85787.423127408489 0
2973 70673.148542750263 85806.943628461944 0
2974 70692.513459481299 85840.484648124446 0
2975 70711.878376212335 85874.025667786947 0
2976 70723.148542750263 85893.546168840403 0
2977 70742.513459481299 85927.08718850289 0
2978 70761.878376212335 85960.628208165377 0
2979 70773.148542750263 85980.148709218833 0
2980 70792.513459481299 86013.689728881334 0
2981 70811.878376212335 86047.230748543836 0
2982 70823.148542750263 86066.751249597277 0
2983 70842.513459481299 86100.292269259779 0
2984 70861.878376212335 86133.833288922266 0
2985 70873.148542750263 86153.353789975721 0
2986 70892.513459481299 86186.894809638208 0
2987 70911.878376212335 86220.43582930071 0
2988 70923.148542750263 86239.956330354165 0
2989 70942.513459481299 86273.497350016667 0
2990 70961.878376212335 86307.038369679154 0
2991 70973.148542750263 86326.55887073261 0
2992 70992.513459481299 86360.099890395097 0
2993 71011.878376212335 86393.640910057598 0
2994 71023.148542750263 86413.161411111039 0
2995 71042.513459481299 86446.702430773556 0
2996 71061.878376212335 86480.243450436057 0
2997 71073.148542750263 86499.763951489498 0
2998 71092.513459481299 86533.304971151985 0
2999 71111.878376212335 86566.845990814501 0
3000 71123.148542750263 86586.366491867942 0
3001 71142.513459481299 86619.907511530444 0
3002 71161.878376212335 86653.448531192931 0
3003 71173.148542750263 86672.969032246387 0
3004 71192.513459481299 86706.510051908874 0
3005 71211.878376212335 86740.051071571375 0
3006 71223.148542750263 86759.571572624831 0
3007 71242.513459481299 86793.112592287333 0
3008 71261.878376212335 86826.65361194982 0
3009 71273.148542750263 86846.174113003275 0
3010 71292.513459481299 86879.715132665762 0
3011 71311.878376212335 86913.256152328264 0
3012 71323.148542750263 86932.776653381705 0
3013 71342.513459481299 86966.317673044221 0
3014 71361.878376212335 86999.858692706723 0
3015 71373.148542750263 87019.379193760164 0
3016 71392.513459481299 87052.920213422651 0
3017 71411.878376212335 87086.461233085152 0
3018 71423.148542750263 87105.981734138608 0
3019 71442.513459481299 87139.52275380111 0
3020 71461.878376212335 87173.063773463597 0
3021 71473.148542750263 87192.584274517052 0
3022 71492.513459481299 87226.125294179539 0
3023 71511.878376212335 87259.666313842041 0
3024 71523.148542750263 87279.186814895496 0
3025 71542.513459481299 87312.727834557998 0
3026 71561.878376212335 87346.268854220485 0
3027 71573.148542750263 87365.789355273941 0
3028 71592.513459481299 87399.330374936428 0
3029 71611.878376212335 87432.871394598944 0
3030 71623.148542750263 87452.391895652385 0
3031 71642.513459481299 87485.932915314886 0
3032 71661.878376212335 87519.473934977374 0
3033 71673.148542750263 87538.994436030829 0
3034 71692.513459481299 87572.535455693316 0
3035 71711.878376212335 87606.076475355818 0
3036 71723.148542750263 87625.596976409273 0
3037 71742.513459481299 87659.137996071775 0
3038 71761.878376212335 87692.679015734262 0
3039 71773.148542750263 87712.199516787718 0
3040 71792.513459481299 87745.740536450205 0
3041 71811.878376212335 87779.281556112706 0
3042 71823.148542750263 87798.802057166162 0
3043 71842.513459481299 87832.343076828663 0
3044 71861.878376212335 87865.884096491151 0
3045 71873.148542750263 87885.404597544592 0
3046 71892.513459481299 87918.945617207093 0
3047 71911.878376212335 87952.486636869609 0
3048 71923.148542750263 87972.00713792305 0
3049 71942.513459481299 88005.548157585552 0
3050 71961.878376212335 88039.089177248039 0
3051 71973.148542750263 88058.609678301495 0
3052 71992.513459481299 88092.150697963982 0
3053 72011.878376212335 88125.691717626483 0
3054 72023.148542750263 88145.212218679939 0
3055 72042.513459481299 88178.75323834244 0
3056 72061.878376212335 88212.294258004928 0
3057 72073.148542750263 88231.814759058383 0
3058 72092.513459481299 88265.35577872087 0
3059 72111.878376212335 88298.896798383372 0
3060 72123.148542750263 88318.417299436813 0
3061 72142.513459481299 88351.958319099329 0
3062 72161.878376212335 88385.499338761816 0
3063 72173.148542750263 88405.019839815257 0
3064 72192.513459481299 88438.560859477759 0
3065 72211.878376212335 88472.101879140275 0
3066 72223.148542750263 88491.622380193716 0
3067 72242.513459481299 88525.163399856217 0
3068 72261.878376212335 88558.704419518705 0
3069 72273.148542750263 88578.22492057216 0
3070 72292.513459481299 88611.765940234647 0
3071 72311.878376212335 88645.306959897149 0
3072 72323.148542750263 88664.827460950604 0
3073 72342.513459481299 88698.368480613091 0
3074 72361.878376212335 88731.909500275578 0
3075 72373.148542750263 88751.430001329034 0
3076 72392.513459481299 88784.971020991536 0
3077 72411.878376212335 88818.512040654037 0
3078 72423.148542750263 88838.032541707478 0
3079 72442.513459481299 88871.57356136998 0
3080 72461.878376212335 88905.114581032482 0
3081 72473.148542750263 88924.635082085922 0
3082 72492.513459481299 88958.176101748424 0
3083 72511.878376212335 88991.717121410926 0
3084 72523.148542750263 89011.237622464381 0
3085 72542.513459481299 89044.778642126868 0
3086 72561.878376212335 89078.319661789355 0
3087 72573.148542750263 89097.840162842811 0
3088 72592.513459481299 89131.381182505313 0
3089 72611.878376212335 89164.9222021678 0
3090 72623.148542750263 89184.442703221255 0
3091 72642.513459481299 89217.983722883742 0
3092 72661.878376212335 89251.524742546244 0
3093 72673.148542750263 89271.045243599685 0
3094 72692.513459481299 89304.586263262201 0
3095 72711.878376212335 89338.127282924703 0
3096 72723.148542750263 89357.647783978144 0
3097 72742.513459481299 89391.188803640631 0
3098 72761.878376212335 89424.729823303132 0
3099 72773.148542750263 89444.250324356588 0
3100 72792.513459481299 89477.79134401909 0
3101 72811.878376212335 89511.332363681577 0
3102 72823.148542750263 89530.852864735032 0
3103 72842.513459481299 89564.393884397519 0
3104 72861.878376212335 89597.934904060021 0
3105 72873.148542750263 89617.455405113476 0
3106 72892.513459481299 89650.996424775978 0
3107 72911.878376212335 89684.537444438465 0
3108 72923.148542750263 89704.057945491921 0
3109 72942.513459481299 89737.598965154408 0
3110 72961.878376212335 89771.139984816909 0
3111 72973.148542750263 89790.66048587035 0
3112 72992.513459481299 89824.201505532867 0
3113 73011.878376212335 89857.742525195354 0
3114 73023.148542750263 89877.263026248809 0
3115 73042.513459481299 89910.804045911296 0
3116 73061.878376212335 89944.345065573798 0
3117 73073.148542750263 89963.865566627253 0
3118 73092.513459481299 89997.406586289755 0
3119 73111.878376212335 90030.947605952242 0
3120 73123.148542750263 90050.468107005698 0
3121 73142.513459481299 90084.009126668185 0
3122 73161.878376212335 90117.550146330686 0
3123 73173.148542750263 90137.070647384142 0
3124 73192.513459481299 90170.611667046644 0
3125 73211.878376212335 90204.152686709131 0
3126 73223.148542750263 90223.673187762572 0
3127 73242.513459481299 90257.214207425073 0
3128 73261.878376212335 90290.755227087589 0
3129 73273.148542750263 90310.27572814103 0
3130 73292.513459481299 90343.816747803532 0
3131 73311.878376212335 90377.357767466019 0
3132 73323.148542750263 90396.878268519475 0
3133 73342.513459481299 90430.419288181962 0
3134 73361.878376212335 90463.960307844463 0
3135 73373.148542750263 90483.480808897919 0
3136 73392.513459481299 90517.021828560421 0
3137 73411.878376212335 90550.562848222908 0
3138 73423.148542750263 90570.083349276363 0
3139 73442.513459481299 90603.62436893885 0
3140 73461.878376212335 90637.165388601352 0
3141 73473.148542750263 90656.685889654793 0
3142 73492.513459481299 90690.226909317309 0
3143 73511.878376212335 90723.767928979796 0
3144 73523.148542750263 90743.288430033237 0
3145 73542.513459481299 90776.829449695739 0
3146 73561.878376212335 90810.370469358255 0
3147 73573.148542750263 90829.890970411696 0
3148 73592.513459481299 90863.431990074198 0
3149 73611.878376212335 90896.973009736685 0
3150 73623.148542750263 90916.49351079014 0
3151 73642.513459481299 90950.034530452627 0
3152 73661.878376212335 90983.575550115114 0
3153 73673.148542750263 91003.09605116857 0
3154 73692.513459481299 91036.637070831071 0
3155 73711.878376212335 91070.178090493573 0
3156 73723.148542750263 91089.698591547029 0
3157 73742.513459481299 91123.239611209516 0
3158 73761.878376212335 91156.780630872017 0
3159 73773.148542750263 91176.301131925458 0
3160 73792.513459481299 91209.84215158796 0
3161 73811.878376212335 91243.383171250462 0
3162 73823.148542750263 91262.903672303917 0
3163 73842.513459481299 91296.444691966404 0
3164 73861.878376212335 91329.985711628891 0
3165 73873.148542750263 91349.506212682347 0
3166 73892.513459481299 91383.047232344834 0
3167 73911.878376212335 91416.588252007336 0
3168 73923.148542750248 91436.108753060791 0
3169 73942.513459481299 91469.649772723293 0
3170 73961.878376212335 91503.19079238578 0
3171 73973.148542750248 91522.711293439235 0
3172 73992.513459481299 91556.252313101722 0
3173 74011.878376212349 91589.793332764224 0
3174 74023.148542750263 91609.313833817665 0
3175 74042.513459481299 91642.854853480181 0
3176 74061.878376212349 91676.395873142683 0
3177 74073.148542750263 91695.916374196124 0
3178 74092.513459481299 91729.457393858611 0
3179 74111.878376212335 91762.998413521113 0
3180 74123.148542750263 91782.518914574568 0
3181 74142.513459481299 91816.05993423707 0
3182 74161.878376212335 91849.600953899557 0
3183 74173.148542750263 91869.121454953012 0
3184 74192.513459481299 91902.662474615499 0
3185 74211.878376212335 91936.203494278001 0
3186 74223.148542750263 91955.723995331457 0
3187 74242.513459481299 91989.265014993958 0
3188 74261.878376212335 92022.806034656445 0
3189 74273.148542750263 92042.326535709901 0
3190 74292.513459481299 92075.867555372388 0
3191 74311.878376212335 92109.40857503489 0
3192 74323.148542750263 92128.92907608833 0
3193 74342.513459481299 92162.470095750847 0
3194 74361.878376212335 92196.011115413334 0
3195 74373.148542750263 92215.531616466789 0
3196 74392.513459481299 92249.072636129276 0
3197 74411.878376212335 92282.613655791778 0
3198 74423.148542750263 92302.134156845234 0
3199 74442.513459481299 92335.675176507735 0
3200 74461.878376212335 92369.216196170222 0
3201 74473.148542750263 92388.736697223678 0
3202 74492.513459481299 92422.277716886165 0
3203 74511.878376212335 92455.818736548666 0
3204 74523.148542750263 92475.339237602122 0
3205 74542.513459481299 92508.880257264624 0
3206 74561.878376212335 92542.421276927111 0
3207 74573.148542750248 92561.941777980552 0
3208 74592.513459481299 92595.482797643053 0
3209 74611.878376212335 92629.02381730557 0
3210 74623.148542750248 92648.544318359011 0
3211 74642.513459481299 92682.085338021512 0
3212 74661.878376212349 92715.626357683999 0
3213 74673.148542750263 92735.146858737455 0
3214 74692.513459481299 92768.687878399942 0
3215 74711.878376212335 92802.228898062443 0
3216 74723.148542750263 92821.749399115899 0
3217 74742.513459481299 92855.290418778401 0
3218 74761.878376212335 92888.831438440888 0
3219 74773.148542750263 92908.351939494343 0
3220 74792.513459481299 92941.89295915683 0
3221 74811.878376212335 92975.433978819332 0
3222 74823.148542750263 92994.954479872773 0
3223 74842.513459481299 93028.495499535289 0
3224 74861.878376212335 93062.036519197776 0
3225 74873.148542750263 93081.557020251217 0
3226 74892.513459481299 93115.098039913719 0
3227 74911.878376212335 93148.639059576235 0
3228 74923.148542750263 93168.159560629676 0
3229 74942.513459481299 93201.700580292178 0
3230 74961.878376212335 93235.241599954665 0
3231 74973.148542750263 93254.76210100812 0
3232 74992.513459481299 93288.303120670607 0
3233 75011.878376212335 93321.844140333109 0
3234 75023.148542750263 93341.364641386564 0
3235 75042.513459481299 93374.905661049066 0
3236 75061.878376212335 93408.446680711553 0
3237 75073.148542750263 93427.967181765009 0
3238 75092.513459481299 93461.508201427496 0
3239 75111.878376212335 93495.049221089997 0
3240 75123.148542750263 93514.569722143438 0
3241 75142.513459481299 93548.110741805955 0
3242 75161.878376212335 93581.651761468456 0
3243 75173.148542750248 93601.172262521897 0
3244 75192.513459481299 93634.713282184384 0
3245 75211.878376212335 93668.254301846871 0
3246 75223.148542750248 93687.774802900327 0
3247 75242.513459481299 93721.315822562829 0
3248 75261.878376212349 93754.85684222533 0
3249 75273.148542750263 93774.377343278786 0
3250 75292.513459481299 93807.918362941273 0
3251 75311.878376212349 93841.45938260376 0
3252 75323.148542750263 93860.979883657215 0
3253 75342.513459481299 93894.520903319717 0
3254 75361.878376212335 93928.061922982219 0
3255 75373.148542750263 93947.58242403566 0
3256 75392.513459481299 93981.123443698161 0
3257 75411.878376212335 94014.664463360663 0
3258 75423.148542750263 94034.184964414104 0
3259 75442.513459481299 94067.725984076591 0
3260 75461.878376212335 94101.267003739093 0
3261 75473.148542750263 94120.787504792548 0
3262 75492.513459481299 94154.32852445505 0
3263 75511.878376212335 94187.869544117537 0
3264 75523.148542750263 94207.390045170992 0
3265 75542.513459481299 94240.931064833479 0
3266 75561.878376212335 94274.472084495981 0
3267 75573.148542750263 94293.992585549437 0
3268 75592.513459481299 94327.533605211938 0
3269 75611.878376212335 94361.074624874425 0
3270 75623.148542750263 94380.595125927881 0
3271 75642.513459481299 94414.136145590368 0
3272 75661.878376212335 94447.67716525287 0
3273 75673.148542750263 94467.197666306311 0
3274 75692.513459481299 94500.738685968827 0
3275 75711.878376212335 94534.279705631314 0
3276 75723.148542750263 94553.800206684769 0
3277 75742.513459481299 94587.341226347256 0
3278 75761.878376212335 94620.882246009758 0
3279 75773.148542750263 94640.402747063214 0
3280 75792.513459481299 94673.943766725715 0
3281 75811.878376212335 94707.484786388202 0
3282 75823.148542750248 94727.005287441658 0
3283 75842.513459481299 94760.546307104145 0
3284 75861.878376212335 94794.087326766647 0
3285 75873.148542750248 94813.607827820102 0
3286 75892.513459481299 94847.148847482604 0
3287 75911.878376212349 94880.689867145091 0
3288 75923.148542750263 94900.210368198532 0
3289 75942.513459481299 94933.751387861033 0
3290 75961.878376212335 94967.29240752355 0
3291 75973.148542750263 94986.812908576991 0
3292 75992.513459481299 95020.353928239492 0
3293 76011.878376212335 95053.894947901979 0
3294 76023.148542750263 95073.415448955435 0
3295 76042.513459481299 95106.956468617922 0
3296 76061.878376212335 95140.497488280424 0
3297 76073.148542750263 95160.017989333879 0
3298 76092.513459481299 95193.559008996381 0
3299 76111.878376212335 95227.100028658868 0
3300 76123.148542750263 95246.620529712323 0
3301 76142.513459481299 95280.16154937481 0
3302 76161.878376212335 95313.702569037312 0
3303 76173.148542750263 95333.223070090753 0
3304 76192.513459481299 95366.764089753269 0
3305 76211.878376212335 95400.305109415756 0
3306 76223.148542750263 95419.825610469197 0
3307 76242.513459481299 95453.366630131699 0
3308 76261.878376212335 95486.907649794215 0
3309 76273.148542750263 95506.428150847656 0
3310 76292.513459481299 95539.969170510158 0
3311 76311.878376212335 95573.510190172645 0
3312 76323.148542750263 95593.0306912261 0
3313 76342.513459481299 95626.571710888587 0
3314 76361.878376212335 95660.112730551089 0
3315 76373.148542750263 95679.633231604545 0
3316 76392.513459481299 95713.174251267046 0
3317 76411.878376212335 95746.715270929533 0
3318 76423.148542750248 95766.235771982989 0
3319 76442.513459481299 95799.776791645476 0
3320 76461.878376212335 95833.317811307978 0
3321 76473.148542750248 95852.838312361419 0
3322 76492.513459481299 95886.379332023935 0
3323 76511.878376212349 95919.920351686436 0
3324 76523.148542750263 95939.440852739877 0
3325 76542.513459481299 95972.981872402364 0
3326 76561.878376212349 96006.522892064881 0
3327 76573.148542750263 96026.043393118322 0
3328 76592.513459481299 96059.584412780823 0
3329 76611.878376212335 96093.12543244331 0
3330 76623.148542750263 96112.645933496766 0
3331 76642.513459481299 96146.186953159253 0
3332 76661.878376212335 96179.727972821755 0
3333 76673.148542750263 96199.24847387521 0
3334 76692.513459481299 96232.789493537712 0
3335 76711.878376212335 96266.330513200199 0
3336 76723.148542750263 96285.851014253654 0
3337 76742.513459481299 96319.392033916141 0
3338 76761.878376212335 96352.933053578643 0
3339 76773.148542750263 96372.453554632084 0
3340 76792.513459481299 96405.9945742946 0
3341 76811.878376212335 96439.535593957087 0
3342 76823.148542750263 96459.056095010543 0
3343 76842.513459481299 96492.59711467303 0
3344 76861.878376212335 96526.138134335532 0
3345 76873.148542750263 96545.658635388987 0
3346 76892.513459481299 96579.199655051489 0
3347 76911.878376212335 96612.740674713976 0
3348 76923.148542750263 96632.261175767431 0
3349 76942.513459481299 96665.802195429918 0
3350 76961.878376212335 96699.34321509242 0
3351 76973.148542750263 96718.863716145861 0
3352 76992.513459481299 96752.404735808363 0
3353 77011.878376212335 96785.94575547085 0
3354 77023.148542750263 96805.466256524291 0
3355 77042.513459481299 96839.007276186807 0
3356 77061.878376212335 96872.548295849323 0
3357 77073.148542750248 96892.068796902764 0
3358 77092.513459481299 96925.609816565251 0
3359 77111.878376212335 96959.150836227753 0
3360 77123.148542750248 96978.671337281194 0
3361 77142.513459481299 97012.212356943695 0
3362 77161.878376212349 97045.753376606182 0
3363 77173.148542750263 97065.273877659638 0
3364 77192.513459481299 97098.814897322125 0
3365 77211.878376212335 97132.355916984627 0
3366 77223.148542750263 97151.876418038082 0
3367 77242.513459481299 97185.417437700584 0
3368 77261.878376212335 97218.958457363071 0
3369 77273.148542750263 97238.478958416526 0
3370 77292.513459481299 97272.019978079014 0
3371 77311.878376212335 97305.56099774153 0
3372 77323.148542750263 97325.081498794971 0
3373 77342.513459481299 97358.622518457472 0
3374 77361.878376212335 97392.163538119959 0
3375 77373.148542750263 97411.684039173415 0
3376 77392.513459481299 97445.225058835902 0
3377 77411.878376212335 97478.766078498404 0
3378 77423.148542750263 97498.286579551859 0
3379 77442.513459481299 97531.827599214361 0
3380 77461.878376212335 97565.368618876848 0
3381 77473.148542750263 97584.889119930303 0
3382 77492.513459481299 97618.430139592791 0
3383 77511.878376212335 97651.971159255292 0
3384 77523.148542750263 97671.491660308733 0
3385 77542.513459481299 97705.032679971249 0
3386 77561.878376212335 97738.573699633736 0
3387 77573.148542750263 97758.094200687177 0
3388 77592.513459481299 97791.635220349679 0
3389 77611.878376212335 97825.176240012195 0
3390 77623.148542750263 97844.696741065636 0
3391 77642.513459481299 97878.237760728138 0
3392 77661.878376212335 97911.778780390625 0
3393 77673.148542750248 97931.29928144408 0
3394 77692.513459481299 97964.840301106567 0
3395 77711.878376212335 97998.381320769069 0
3396 77723.148542750248 98017.901821822525 0
3397 77742.513459481299 98051.442841485026 0
3398 77761.878376212349 98084.983861147513 0
3399 77773.148542750263 98104.504362200969 0
3400 77792.513459481299 98138.045381863456 0
3401 77811.878376212349 98171.586401525958 0
3402 77823.148542750263 98191.106902579399 0
3403 77842.513459481299 98224.647922241915 0
3404 77861.878376212335 98258.188941904416 0
3405 77873.148542750263 98277.709442957857 0
3406 77892.513459481299 98311.250462620344 0
3407 77911.878376212335 98344.791482282861 0
3408 77923.148542750263 98364.311983336302 0
3409 77942.513459481299 98397.853002998803 0
3410 77961.878376212335 98431.39402266129 0
3411 77973.148542750263 98450.914523714746 0
3412 77992.513459481299 98484.455543377233 0
3413 78011.878376212335 98517.996563039735 0
3414 78023.148542750263 98537.51706409319 0
3415 78042.513459481299 98571.058083755692 0
3416 78061.878376212335 98604.599103418179 0
3417 78073.148542750263 98624.11960447162 0
3418 78092.513459481299 98657.660624134121 0
3419 78111.878376212335 98691.201643796623 0
3420 78123.148542750263 98710.722144850064 0
3421 78142.513459481299 98744.263164512551 0
3422 78161.878376212335 98777.804184175053 0
3423 78173.148542750263 98797.324685228508 0
3424 78192.513459481299 98830.86570489101 0
3425 78211.878376212335 98864.406724553497 0
3426 78223.148542750263 98883.927225606953 0
3427 78242.513459481299 98917.46824526944 0
3428 78261.878376212335 98951.009264931941 0
3429 78273.148542750263 98970.529765985397 0
3430 78292.513459481299 99004.070785647898 0
3431 78311.878376212335 99037.611805310386 0
3432 78323.148542750248 99057.132306363841 0
3433 78342.513459481299 99090.673326026328 0
3434 78361.878376212335 99124.21434568883 0
3435 78373.148542750248 99143.734846742271 0
3436 78392.513459481299 99177.275866404787 0
3437 78411.878376212349 99210.816886067274 0
3438 78423.148542750263 99230.33738712073 0
3439 78442.513459481299 99263.878406783217 0
3440 78461.878376212335 99297.419426445718 0
3441 78473.148542750263 99316.939927499174 0
3442 78492.513459481299 99350.480947161675 0
3443 78511.878376212335 99384.021966824163 0
3444 78523.148542750263 99403.542467877618 0
3445 78542.513459481299 99437.083487540105 0
3446 78561.878376212335 99470.624507202607 0
3447 78573.148542750263 99490.145008256062 0
3448 78592.513459481299 99523.686027918564 0
3449 78611.878376212335 99557.227047581051 0
3450 78623.148542750263 99576.747548634507 0
3451 78642.513459481299 99610.288568296994 0.26427061075575453
3452 78661.878376212335 99643.82958795951 2.3089487168803218
3453 78673.148542750263 99663.350089012951 6.3986986400296075
3454 78692.513459481299 99696.891108675452 21.745823112458513
3455 78711.878376212335 99730.43212833794 56.081953946845935
3456 78723.148542750263 99749.952629391395 90.187466935894264
3457 78742.513459481299 99783.493649053882 184.41148395033238
3458 78761.878376212335 99817.034668716384 350.49044136858333
3459 78773.148542750263 99836.555169769839 499.57890733218483
3460 78792.513459481299 99870.096189432341 894.47301606909753
3461 78811.878376212335 99903.637209094828 1570.8718018547061
3462 78823.148542750263 99923.157710148284 2159.181864311377
3463 78842.513459481299 99956.698729810771 3626.8032505856709
3464 78861.878376212335 99990.239749473272 5697.7781827201279
