cell,qp,segment,xi,weight,V,Theta,q,friction,damping,sigma,R,p,Kfixed,Kstate0,Kstate1
0_11:30210323313,8,795,0.028099380019698399,0.064442635414529728,9.9455617018386759e-10,8054015.2823918434,26096749.210223462,27233251.332319546,0.0045992653356450846,51297650.048740283,-1136502.1266953493,1470406.959943319,3757241006291523.5,-764304237080317.62,-1175737892045012.2
0_11:30210323322,7,795,0.065600981834526034,0.019955607698562729,9.8729080212346306e-10,8126104.4036021447,26168714.551739525,26947906.148649294,0.0045656670769718272,50764908.639336146,-779191.60147543601,1000764.5803467698,1763075093666979.2,-749656752380996,-1153205499905032
0_11:30210323322,8,795,0.25471149678605992,0.014476425259437282,9.5065350054899264e-10,8489630.4978153668,26148146.930035278,26953004.448428202,0.0043962400740787831,50802162.834584929,-804857.52278916433,1033936.9830464151,1890343355595830.5,-718083023956330,-1104635274723724.8
0_11:30210323323,2,795,0.087894706503165221,0.024900414890780143,9.8297173020875497e-10,8168959.5069068577,26124505.330132272,27043456.676980563,0.004545693788046575,50947855.556857944,-918951.35139398417,1150520.6239034405,2249302805685377.2,-748411430078299.88,-1151289806457247.8
0_11:30210323323,3,795,0.037222696741542799,0.027560664550677547,9.9278866557851398e-10,8071552.9835345447,26146371.56724041,26991998.410539921,0.0045910916166479031,50844350.444307223,-845626.84789060347,1054684.1078928181,1939975499275495.5,-755904355178752.12,-1162816258275061.2
0_11:30210323323,4,795,0.22633321169307671,0.051161750613869433,9.5615136400404376e-10,8435079.0777477659,26124864.107819337,26988941.14346493,0.0044216646137548599,50865346.844602913,-864077.04006725759,1084086.3959189991,2095262319359830.8,-723625891954894.12,-1113161931544849.4
0_11:30210323323,5,795,0.4154437266446106,0.036762748466395982,9.1951406242957355e-10,8798605.1719609872,26094772.320418358,26986735.38973676,0.0042522376108618167,50894172.453153111,-891963.07357064018,1113488.6839451801,2263600069400687.5,-694121463005726.5,-1067774933258405.6
0_11:30210323323,6,795,0.36477171688298893,0.015796464925604301,9.2933099779933245e-10,8701198.648588676,26133065.333065059,26951499.042357512,0.0042976354394631449,50818279.888748884,-818433.71359008818,1047764.5959794767,1971979432625439,-700845232125798.5,-1078118183692329.4
0_11:30210323323,7,795,0.55388223183452279,0.029384457290361349,8.9269369622486223e-10,9064724.7428018972,26100739.422762927,26931130.767108425,0.0041282084365701016,50817396.249016628,-830391.34847370721,1062110.6699831982,2126431827172826.8,-672727272244786.5,-1034864006526708
0_11:30210323323,8,795,0.74299274678605676,0.021144396535523021,8.5605639465039192e-10,9428250.8370151184,26063411.198052023,26908053.078433439,0.0039587814336770584,50817756.160496727,-844641.88434019801,1076456.7439869198,2293773741284063.5,-646793434399456.25,-994969689104912.12
0_11:30210323330,5,795,0.057997043261368876,0.064494572099283304,9.8876395019632348e-10,8111487.3946492299,26094287.042369694,27128011.432344764,0.0045724795618458857,51103205.336009748,-1033724.3945475505,1275204.3172511177,2835703855131582.5,-756012349148114,-1162982386625175
0_11:30210323330,6,795,0.0073250334997471758,0.028299425648581691,9.9858088556608228e-10,8014080.871276916,26133417.876549918,27066083.510583881,0.0046178773904472139,50980230.405899763,-932665.63865184051,1184615.6907421248,2360021298878516,-763359859597492.75,-1174285145433017.8
0_11:30210323330,7,795,0.19643554845128108,0.052101391734113829,9.6194358399161207e-10,8377606.9654901391,26118544.983011588,27069789.25423421,0.0044484503875541707,51013062.215344742,-951244.27567107161,1228160.9113431859,2572769724633582.5,-730705974993915.62,-1124053303728787.8
0_11:30210323330,8,795,0.385546063402815,0.037243650941552214,9.2530628241714196e-10,8741133.0597033612,26082710.098868508,27081784.1935862,0.0042790233846611283,51067772.659296416,-999074.09899671597,1271706.1319442471,2805969599849826,-701068463007294.5,-1078461582293718.8
0_11:30210323331,1,795,0.029618758168259398,0.086356653442342335,9.9426181365139881e-10,8056935.974581386,26093985.49329894,27185068.400629107,0.0045979041015220745,51207079.953820691,-1091082.9119280707,1385013.8101910506,3354415459287061.5,-762678220832038.62,-1173236572775233.5
0_11:30210323331,2,795,0.21872927311979332,0.061612523204287777,9.576245120769288e-10,8420462.0687946081,26063797.350772556,27231450.266108952,0.004428477098629033,51321191.04562372,-1167652.9197648736,1454448.2276427648,3699207875745202.5,-731378263467354.25,-1125087492726125.1
0_11:30210323331,3,795,0.16805726335829785,0.069767420646294556,9.6744144744666319e-10,8323055.5454225373,26080048.836135939,27141153.5151578,0.0044738749272302475,51143260.88978976,-1061104.6834957362,1298469.0445457513,2991416662089623.5,-737372383648571.38,-1134308315907023
0_11:30210323331,4,795,0.35716777830983176,0.12795023647658449,9.3080414587219298e-10,8686581.6396357603,26054973.546352953,27126583.456817925,0.0043044479243372043,51147022.876206435,-1071609.9147694202,1327999.1215770326,3287698506021842,-706565942710121.62,-1086918417783802.6
0_11:30210323331,5,795,0.54627829326136568,0.091293152068486816,8.9416684429772266e-10,9050107.7338489816,26010304.372415185,27115091.740580797,0.0041350209214441602,51162876.757364243,-1104787.3723006332,1357529.1986083142,3615462011974967.5,-678394709923025.62,-1043582290301457.1
0_11:30210323331,6,795,0.495606283499744,0.040302088466704529,9.0398377966748156e-10,8952701.2104766686,26053636.094915126,27073899.306857716,0.0041804187500454884,51074487.644676514,-1020263.2161230096,1281358.6963521657,2955820371096527.5,-684590982460339.75,-1053114086748625.4
0_11:30210323331,7,795,0.68471679845127786,0.073954519151886861,8.6734647809301135e-10,9316227.3046898916,26006170.084031124,27029003.041661765,0.0040109917471524452,51031889.393829025,-1022832.9616416335,1270984.4329630146,3240938867801036.5,-657329037492419.5,-1011176727049988.4
0_11:30210323331,8,795,0.87382731340281183,0.052779209638889164,8.3070917651854113e-10,9679753.3989031129,25955650.57338021,26976432.115116626,0.0038415647442594024,50981221.576546162,-1020781.5455779813,1260610.1695738637,3555406452863258,-632014715361624.5,-972235417690896.5
0_11:30210323332,0,795,0.1979549266000942,0.027008795208811491,9.6164922745909468e-10,8380527.657680166,26110250.814016446,27053310.073846746,0.0044470891534309359,50982239.93323978,-943059.26427738892,1173321.5895529541,2359666177533081.5,-730009975729285,-1122982640151954
0_11:30210323332,1,795,0.38706544155162809,0.049754207945030868,9.2501192588462436e-10,8744053.7518933862,26073752.114104524,27046265.078853287,0.0042776621505378927,51001077.76206094,-972512.96902642469,1207218.4160975905,2569201204931745.5,-699918996965797.38,-1076693345621670.9
0_11:30210323332,2,795,0.576175956503162,0.03557772720290369,8.8837462431015415e-10,9107579.8461066093,26022616.341365077,27040608.597653989,0.0041082351476448495,51028836.934766933,-1017992.2603971473,1241115.2426422271,2798437987417608,-672347707693462,-1034280118064733.5
0_11:30210323332,3,795,0.52550394674153955,0.039900362616523702,8.9819155967991326e-10,9010173.3227342963,26074762.817794785,26975888.733756263,0.0041536329762461785,50895805.900727421,-901125.92011511093,1124260.2021826603,2371589582782998.5,-677844530767228.62,-1042735943454872.6
0_11:30210323332,4,795,0.71461446169307352,0.073577013926788143,8.6155425810544294e-10,9373699.4169475175,26051887.71304312,26936579.621070202,0.0039842059733531344,50864617.764013894,-884691.91201128869,1131874.1468862647,2576569998562947,-651157441707498,-1001682891131406.5
0_11:30210323332,5,795,0.90372497664460738,0.052643293361993103,8.2491695653097283e-10,9737225.5111607388,26034707.406653143,26885698.829883918,0.0038147789704600921,50818021.588508919,-850991.42704555369,1139488.0915898688,2800053577979227.5,-626273118931501.5,-963403054665521.25
0_11:30210323332,6,795,0.85305296688298571,0.022967378202769017,8.3473389190073173e-10,9639818.9877884276,26038281.963871844,26879639.330243248,0.0038601767990614198,50792652.366014488,-841357.37023158115,1075198.8148123666,2400740623674813,-632285553456542.38,-972652051009613.62
0_11:30210323332,7,796,0.042163481834519644,0.042407561343519133,8.127062408724861e-10,9855653.5739411004,26023201.937922344,26840384.266941581,0.0037583112485403596,50750739.173344314,-817182.33277754858,1056529.8776749384,2576142605413672,-950566350033193,-671851799431334.25
0_11:30210323332,8,796,0.23127399678605357,0.030366947811033121,8.4159575107560834e-10,9556757.6876139864,25969954.560478818,26820786.28615503,0.003891909055104086,50674273.144311629,-850831.72956812149,1037860.9405375106,2668181698440393.5,-978819127091908.25,-691820609714979.62
0_11:30210323333,0,795,0.68623617660009095,0.038506943951309616,8.6705212156049396e-10,9319147.9968799185,25994838.561720598,27017172.720699947,0.0040096305130292104,51009917.684040494,-1022334.1629889794,1244470.665278309,2945378993728797,-656840102134570.25,-1010424592233649.1
0_11:30210323333,1,795,0.87534669155162492,0.070683818505690305,8.3041481998602364e-10,9682674.0910931397,25992796.14253021,26952934.844911218,0.0038402035101361672,50937232.713290349,-960138.70622121089,1222104.7206823118,3225225936455458,-631278907880467.5,-971103516682273.12
0_11:30210323333,2,796,0.064457206503158462,0.050451603500318729,8.1611194671832603e-10,9820417.5502008386,25977850.402328543,26877627.769856237,0.0037740607308820958,50816277.326597199,-899777.37130175426,1199738.7760863148,3488662247779321,-955208958001726.75,-675133153244884.12
0_11:30210323333,3,796,0.013785196741536403,0.056996804438807863,8.0837102578964966e-10,9900506.4615633693,26028700.242416859,26842721.304971322,0.0037382633065026873,50761454.947002649,-814021.06629272702,1134815.6018493949,2934023639772432,-946459737682739.5,-668949282529570.5
0_11:30210323333,4,796,0.2028957116930703,0.10468256920643637,8.372605359927719e-10,9601610.5752362572,25997722.142387584,26823746.249318212,0.0038718611130664142,50685503.898789883,-826024.11080248957,1111144.68505999,3079345675622820.5,-974462597912154.88,-688741453832183.75
0_11:30210323333,5,796,0.39200622664460422,0.074734500472368029,8.6615004619589404e-10,9302714.6889091432,25964363.648320578,26786363.333032399,0.0040054589196301402,50579150.106440075,-821999.68871728028,1087473.768270585,3248571087597678.5,-1003661626509455,-709379066245097.5
0_11:30210323333,6,796,0.34133421688298254,0.032893815635577292,8.5840912526721787e-10,9382803.6002716757,25953152.21729847,26800802.524858408,0.003969661495250733,50615575.437720455,-847650.31152959878,1025160.5384204809,2733752752969014.5,-995811291997082.12,-703830519983080.75
0_11:30210323333,7,796,0.53044473183451646,0.060461505543818524,8.8729863547034001e-10,9083907.7139445618,25967022.846765451,26768900.839561298,0.0041032593018144594,50522702.843801223,-801877.99689910666,1000184.649437668,2870576397713117,-1026690058227872.6,-725655355940772.38
0_11:30210323333,8,796,0.71955524678605032,0.043181922154241194,9.1618814567346225e-10,8785011.8276174478,25974767.407654889,26727592.254862648,0.0042368571083781859,50416273.857126735,-752824.85144461563,975208.76045485516,3029325259718041,-1059385167834739.9,-748763967161032.38
0_11:30210331232,7,795,0.1357150147686951,0.15668103174287992,9.7370726886583403e-10,8260884.2203068268,26087596.424411703,25699815.975288358,0.0045028508424339178,48422821.161951572,387780.4446204945,-1560366.7483875882,4993244925350452,-703403943750182,-1082054278856600.5
0_11:30210331232,8,795,0.32482552972022899,0.085648752447268564,9.3706996729136381e-10,8624410.314520048,26044664.344441488,25719499.062636293,0.0043334238395408746,48488489.10336154,325165.27747177106,-1506363.4001107435,4573471519115591,-674668583729190,-1037850348040650.4
0_11:30210331233,2,795,0.1580087394370818,0.051974978254268452,9.6938819695117495e-10,8303739.3236110536,26081744.239623733,25875254.42196418,0.0044828775535088912,48756456.762791529,206489.81317667558,-1284344.8693273251,3247743789474236.5,-704595193022495.75,-1083886791147361.4
0_11:30210331233,3,795,0.10733672967558598,0.11747105467338451,9.7920513232090956e-10,8206332.8002389837,26047943.658889592,25824192.703650631,0.0045282753821101066,48653374.813533731,223750.95071068531,-1392144.4516082162,4053703682861523.5,-711451158481809.75,-1094433400711976.6
0_11:30210331233,4,795,0.29644724462711991,0.16467622528027262,9.4256783074643934e-10,8569858.8944522049,26051037.878172241,25851649.464138005,0.0043588483792170642,48732937.842054211,199388.40967538784,-1315199.514991458,3755896445444139,-682386094457807.5,-1049722282482047.6
0_11:30210331233,5,795,0.48555775957865382,0.089904335163272481,9.0593052917196902e-10,8933384.988665428,26008285.18509531,25881924.992167063,0.0041894213763240202,48823877.394376576,126360.18873882577,-1238254.5783746997,3499100522462806,-655839336908917.88,-1008885103716176.9
0_11:30210331233,6,795,0.434885749817158,0.079269626359032355,9.1574746454170352e-10,8835978.4652933571,26025664.678904805,25748790.178249355,0.0042348192049252355,48563111.999920517,276874.49642063072,-1452736.2310089893,4361346084861340,-659527800217454,-1014559108732595.4
0_11:30210331233,7,795,0.62399626476869186,0.11111503618236011,8.7911016296723331e-10,9199504.5595065784,26000994.726917975,25839511.824098393,0.0040653922020321923,48772482.012545146,161482.89875418914,-1322450.2592155319,4046398806966411.5,-636197069487899.12,-978669180563907
0_11:30210331233,8,795,0.81310677972022583,0.060675537732379388,8.4247286139276309e-10,9563030.6537197996,25953450.672766332,25912372.887710128,0.0038959651991391495,48954629.015794717,41077.781160238403,-1192164.2874220742,3776228509793255.5,-614298510023442,-944982377724872.75
0_11:30210331303,8,795,0.098213412953741586,0.019822622121239447,9.8097263692626317e-10,8188795.0990962833,26133330.95136635,26064806.563048981,0.004536449101107288,49105494.666804902,68524.38378091983,-1000051.7605556808,2010540904746627.8,-719600293901613.12,-1106969308320012.2
0_11:30210331311,7,795,0.039937464618961999,0.01326217652078499,9.922627203688826e-10,8076771.5667710528,26178265.976703003,26170353.591774289,0.0045886594145826756,49296962.519157104,7912.3803400550696,-829793.44091856049,1559449432786289,-732425753704580.5,-1126698858859798.2
0_11:30210331311,8,795,0.22904797957049591,0.0069207408387772134,9.5562541879441239e-10,8440297.6609842759,26172150.513849754,26169167.315822504,0.0044192324116896324,49320756.951460138,2983.193608017014,-809093.29412642797,1555298649002515,-701218259342548,-1078692015698248.9
0_11:30210331312,4,795,0.069835127860632465,0.03710213688200259,9.8647050038133849e-10,8134243.6790284393,26149101.545321368,26120521.906441737,0.0045618736407834768,49206802.846342988,28579.634317757074,-914616.34588537761,1802040839980647.2,-725920758530756,-1116692150873130.9
0_11:30210331312,5,795,0.25894564281216637,0.019815147755913167,9.4983319880686828e-10,8497769.7732416615,26140972.480111089,26123401.782631408,0.0043924466378904336,49239161.533367008,17570.693087233543,-884975.66646523366,1770248421498840.8,-695323542725635.25,-1069624106149759
0_11:30210331312,6,795,0.20827363305067056,0.018220626969973629,9.5965013417660268e-10,8400363.2498695906,26129856.105412383,26067695.995966204,0.0044378444664916481,49126373.5411034,62160.105008334656,-981488.31314700528,1977543672697877.8,-701774988720530.5,-1079548438826045.8
0_11:30210331312,7,795,0.39738414800220445,0.025250917841780445,9.2301283260213246e-10,8763889.3440828118,26123252.671969276,26080784.785579331,0.0042684174635986057,49182337.897048533,42467.88212152724,-939332.15240508027,1936466696738443,-673431659839911.38,-1035947573967650.5
0_11:30210331312,8,795,0.58649466295373842,0.013519231438874041,8.8637553102766224e-10,9127415.4382960349,26108923.170362957,26090480.876860969,0.0040989904607055625,49238034.150130294,18442.289402997594,-897175.99166315526,1906454791244222.8,-647342518586165.5,-995814351548107
0_11:30210331313,0,795,0.041456842767523358,0.010289494931080221,9.9196836383641381e-10,8079692.2589605963,26171822.463769212,26149053.265067022,0.0045872981804596655,49257024.227532066,22769.194114891892,-860759.32878414914,1635424184308419.8,-731567826824311.38,-1125379100191980.9
0_11:30210331313,1,795,0.23056735771905726,0.014035959045312303,9.553310622619436e-10,8443218.3531738184,26163166.625821777,26152837.240807608,0.0044178711775666223,49290213.19413624,10329.38059629774,-836591.60004021286,1625807594017598.2,-700541586854273.25,-1077651082721077.1
0_11:30210331313,2,795,0.4196778726705912,0.0073457285177172572,9.1869376068747338e-10,8806744.4473870397,26150458.281757236,26153794.097312402,0.0042484441746735791,49324117.289405659,-3335.8198036106278,-812423.87129627645,1623533926321598,-672086502575644.88,-1033878303264141.9
0_11:30210331313,3,795,0.36900586290909537,0.01808630094219741,9.2851069605720799e-10,8709337.9240149707,26136348.421020877,26125446.132189631,0.0042938420032747953,49261467.383147046,10902.284537403151,-866851.75740700262,1759232466852064,-678740007282400.88,-1044113465152706.6
0_11:30210331313,4,795,0.55811637786062929,0.024754246080380456,8.9187339448273767e-10,9072864.0182281919,26132364.259899251,26131054.408319056,0.0041244150003817513,49308586.928613633,1309.8474557801285,-834209.77426444646,1752454094695249.2,-652167873291052.75,-1003237249517070.5
0_11:30210331313,5,795,0.74722689281216315,0.013017361670148235,8.5523609290826745e-10,9436390.1124414131,26127392.832409639,26131126.490955327,0.003954987997488708,49351502.943461448,-3733.6625006757922,-801567.79112189054,1754184080880908.8,-627589606050774.12,-965428221759231.12
0_11:30210331313,6,795,0.69655488305066737,0.012358501258599608,8.6505302827800195e-10,9338983.5890693422,26104459.299704898,26097831.054289509,0.0040003858260899234,49276551.364684433,6628.2414150037121,-872944.18602985598,1897349592814824,-633172347649939.75,-974016216593211.38
0_11:30210331313,7,795,0.88566539800220123,0.016960422669819362,8.2841572670353174e-10,9702509.6832825653,26107492.594596691,26108940.875330761,0.0038309588231968802,49344960.077295274,-1448.2845650284687,-831827.94848868018,1895065187958399,-610295212533635.25,-938824059710210.38
0_11:30210331313,8,796,0.074775912953734466,0.0089537158851966114,8.1768828622204604e-10,9804108.4681221154,26103697.146999024,26131073.215796981,0.0037813504183366784,49402624.235160217,-27376.072579307569,-790711.7109475045,1853311259962072,-930180873803782.62,-657443527050857.25
0_11:30210331320,5,795,0.12811107619541134,0.051826204541363656,9.7518041693871906e-10,8246267.2113536671,26095383.197270837,26000465.236402135,0.00450966332730809,48988258.939393952,94917.956359038013,-1107245.540051139,2496279208710342,-712879042365579.25,-1096629930714219.4
0_11:30210331320,6,795,0.077439066433915502,0.045944089286360137,9.8499735230845346e-10,8148860.6879815971,26089523.759580586,25904911.52087073,0.0045550611559093046,48801587.042878084,184612.23415479466,-1254831.1407553952,2998015134247509.5,-718651437221848.75,-1105509671308472.6
0_11:30210331320,7,795,0.26654958138544943,0.064346933344949522,9.4836005073398324e-10,8512386.7821948193,26088463.483740602,25928076.44057842,0.0043856341530162614,48872198.86419154,160387.03877654782,-1196790.813595409,2828406572779759,-688956460009923.12,-1059829550464388.9
0_11:30210331320,8,795,0.45566009633698334,0.035027832827671766,9.1172274915951313e-10,8875912.8764080405,26059518.099546988,25952289.023207698,0.004216207150123219,48950839.505684562,107229.0721230824,-1138750.4864354229,2683625575951693,-661802433447558,-1018058202875203.1
0_11:30210331321,1,795,0.099732791102302223,0.03847453989579095,9.8067828039379438e-10,8191715.791285824,26131007.205010418,26037939.469416622,0.0045350878669842788,49055076.722821042,93067.731058707912,-1033789.1647254785,2171384688808250.8,-718605156320702.75,-1105438476872388.9
0_11:30210331321,2,795,0.28884330605383612,0.02080257265327726,9.4404097881932417e-10,8555241.8854990453,26109260.451616354,26047598.912623584,0.0043656608640912356,49101078.461507432,61661.534627109155,-1004559.8288079043,2096908109631223.8,-688715701348095.62,-1059459188679362.1
0_11:30210331321,3,795,0.2381712962923403,0.047842321232802069,9.5385791418905877e-10,8457835.3621269744,26089843.415415853,26005100.416678883,0.004411058692692451,49012940.951533675,84742.994325911437,-1081634.2829062631,2429650126945765,-695396949970677.88,-1069737029348872.8
0_11:30210331321,4,795,0.42728181124387421,0.066805514272467989,9.1722061261458856e-10,8821361.4563401975,26083589.547405224,26025039.142052941,0.0042416316897994077,49082706.128323868,58550.401110651583,-1029886.5899817595,2337132979978029,-667688855574416.5,-1027113352915398.9
0_11:30210331321,5,795,0.61639232619540818,0.036174303292104457,8.8058331104011824e-10,9184887.5505534187,26066619.538307808,26040638.705444388,0.0040722046869063645,49150441.70510634,25980.828791215561,-978138.89705725596,2261186024819837.5,-642147546406332,-987822866817782.38
0_11:30210331321,6,795,0.5657203164339123,0.032348323739724315,8.9040024640985284e-10,9087481.0271813497,26048969.31677426,25971476.036677696,0.0041176025155075799,49009055.78952764,77493.27597896193,-1100250.0651694739,2614793718002297.5,-647163573397923.75,-995539078131831.75
0_11:30210331321,7,795,0.75483083138544627,0.045202012717655025,8.5376294483538263e-10,9451007.1213945709,26044139.587657142,26014771.550978772,0.0039481755126145367,49133598.852672696,29368.032730194576,-1025984.0152380406,2520596325137430.5,-623852229353087.25,-959678972720520.5
0_11:30210331321,8,795,0.94394134633698012,0.024504939711422265,8.1712564326091241e-10,9814533.2156077921,26036718.974230796,26044976.042500298,0.0037787485097214939,49239969.45296865,-8257.0720482508805,-951717.96530660754,2444896770740734,-602045579198081.88,-926133555016503.62
0_11:30210331322,0,795,0.26806895953401078,0.048069999010443912,9.4806569420151466e-10,8515307.4743843619,26053734.9366422,25887143.675304826,0.0043842729188932521,48795284.633123353,166591.2569531005,-1257809.0180677136,3127509203754909.5,-687636256656882.12,-1057798666646048.8
0_11:30210331322,1,795,0.45717947448554469,0.067336354627597822,9.1142839262704445e-10,8878833.568597585,26023103.692540381,25934229.752903741,0.0042148459160002098,48917065.86939197,88873.935421794333,-1190222.6876153986,2953389847928724,-661128273096735.88,-1017021134347617.8
0_11:30210331322,2,795,0.6462899894370786,0.036669397263367286,8.7479109105257413e-10,9242359.6628108062,25980057.006541394,25972210.893787235,0.0040454189131071657,49027896.545792378,7846.1087087397627,-1122636.3571630835,2805357361264083,-636563366946383,-979232660106221.88
0_11:30210331322,3,795,0.59561797967558283,0.083166903069338272,8.8460802642230873e-10,9144953.1394387353,26000946.642564267,25909804.943706788,0.0040908167417083811,48899009.878775552,91141.694766662054,-1192987.2259339241,3372447088952314,-641652406083998.62,-987061186834075.12
0_11:30210331322,4,795,0.78472849462711669,0.1165358582492472,8.4797072484783841e-10,9508479.2336519565,26012220.848272223,25962875.188925661,0.0039213897388153379,49042923.547100939,49345.655425172139,-1114371.2828245063,3189113181562987,-618937127697230.88,-952118015997162.12
0_11:30210331322,5,795,0.97383900957865066,0.06350416723595867,8.113334232733683e-10,9872005.3278651796,26017681.750377584,25995649.759968985,0.0037519627359222955,49155102.727209315,22031.98665663664,-1035755.3397150884,3034540804747197.5,-597509029964621.38,-919154929785689
0_11:30210331322,6,795,0.92316699981715478,0.056134180243673483,8.211503586431028e-10,9774598.8044931088,25974423.878249969,25968477.966011364,0.0037973605645235105,49089620.13255126,5945.9084412447555,-1128165.4338001348,3644152487697450.5,-602659457817493.88,-927077891471730.12
0_11:30210331322,7,796,0.1122775147686887,0.078666488195228451,8.2341722682878175e-10,9744835.8543489464,25969328.930775307,26068133.283616319,0.0038078435604360916,49275845.128649816,-98804.356648855741,-1038519.878033614,3378872316848088.5,-933437076714019.12,-659744982161780.88
0_11:30210331322,8,796,0.30138802972022261,0.042887323038181741,8.5230673703190399e-10,9445939.9680218324,25940613.736410353,26157367.243439276,0.0039414413669998181,49407649.702773347,-216753.5109703638,-948874.32226709323,3091569606594430.5,-965549421306182.75,-682441700278776
0_11:30210331323,0,795,0.75635020953400756,0.033872240037642297,8.5346858830291394e-10,9453927.8135841135,25982166.674451619,26001645.524446249,0.0039468142784915275,49109177.692393392,-19478.8539414439,-1081239.9528359442,2735628284460039.5,-623349515596337,-958905642436599
0_11:30210331323,1,795,0.94546072448554153,0.047350589578748513,8.1683128672844362e-10,9817453.9077973347,26013515.880627766,26041487.596943066,0.0037773872755984838,49233797.271808088,-27971.720092686548,-1006567.8845216112,2640136859444020.5,-601791027296575.88,-925741974934158.38
0_11:30210331323,2,796,0.13457123943707541,0.02568691134608168,8.2682293267458322e-10,9709599.8306090832,26006342.897717711,26094134.328765623,0.0038235930427776496,49320439.731101669,-87791.434871505728,-931895.81620727817,2474923774723474.5,-937672334371314.12,-662738424416505.75
0_11:30210331323,3,796,0.083899229675579584,0.058683272193015126,8.1908201174592607e-10,9789688.7419714145,26012780.843325432,26048190.975431643,0.0037877956183983304,49244021.253262646,-35410.135894006657,-997296.07783379359,2907543405689865.5,-928560317804277.5,-656298132555976.62
0_11:30210331323,4,796,0.27300974462711353,0.082089930944038908,8.4797152194904832e-10,9490792.8556443006,26004950.069967251,26124223.082118262,0.0039213934249620573,49350305.012167856,-119273.01607240376,-943747.08773442707,2682908552561737.5,-959870932775073.88,-678428195342963.25
0_11:30210331323,5,796,0.46212025957864739,0.044582412481583879,8.7686103215217056e-10,9191896.9693171885,26004276.503013898,26188986.608793534,0.0040549912315257838,49439255.412830636,-184710.10983462789,-890198.09763506067,2476582500842232.5,-992869723303826.12,-701751445524316.38
0_11:30210331323,6,796,0.41144824981715161,0.039642205958095429,8.6912011122351352e-10,9271985.8806795198,25955843.787847448,26198943.357242376,0.004019193807146465,49466600.89425952,-243099.57341412129,-913352.20283164305,2940960283340936,-984838007935824.75,-696074700894839.75
0_11:30210331323,7,796,0.60055876476868553,0.055479216234964712,8.9800962142663566e-10,8973089.9943524078,25987492.529978931,26235924.903815225,0.0041527916137101906,49505956.550887667,-248432.37798908542,-880926.29094724311,2706046578676510,-1018452847407086.5,-719833368962117.88
0_11:30210331323,8,796,0.78966927972021939,0.030156123841076254,9.268991316297579e-10,8674194.1080252938,26004755.43613277,26274901.849036239,0.0042863894202739179,49553001.946636684,-270146.4171898585,-848500.37906284328,2491331379254196,-1054547938043411.4,-745345056382785.75
0_11:30210331330,0,795,0.39890352615076513,0.019131811893290766,9.2271847606966388e-10,8766810.0362723544,26094068.076397277,26056003.31802335,0.0042670562294755965,49135881.510329574,38064.754106871093,-982737.10248479375,2063918142530921.8,-672571409308173,-1034624240800376.1
0_11:30210331330,1,795,0.58801404110229905,0.02653933433553899,8.8608117449519377e-10,9130336.1304855756,26081475.014194258,26078444.713664301,0.0040976292265825541,49215644.967266344,3030.296432327591,-936972.82110857707,2023765446767019.8,-646841179958951.12,-995043136641575.38
0_11:30210331330,2,795,0.7771245560538329,0.014229059726751512,8.4944387292072345e-10,9493862.2246987987,26072710.867594805,26090266.285360117,0.0039282022236895101,49281669.320403703,-17555.421693514119,-891208.53973236051,1995300496958766.5,-622907745917834.62,-958226063120702.62
0_11:30210331330,3,795,0.72645254629233713,0.033299272480060434,8.5926080829045795e-10,9396455.7013267279,26064930.992481884,26051381.154499732,0.0039736000522907254,49195900.247079678,13549.834008551605,-949797.26880408113,2228324600203902,-628269660102712.25,-966474356634208
0_11:30210331330,4,795,0.91556306124387099,0.046266928070322851,8.2262350671598773e-10,9759981.7955399491,26078301.882571876,26069356.504642732,0.0038041730493976822,49278233.198079929,8945.3741249705581,-904149.19223434851,2189685833334209,-605881046465170.12,-932033697892644.75
0_11:30210331330,5,796,0.10467357619540493,0.02486424011249239,8.2225560944831458e-10,9756854.1493655983,26069978.213673558,26104553.59542612,0.0038024717305571638,49346256.934241116,-34575.385555033507,-858501.11566461623,2095429879496000.8,-933619462498805.62,-659873890804186.88
0_11:30210331330,6,796,0.054001566433909111,0.022573556245841859,8.1451468851965764e-10,9836943.0607279297,26039917.083852742,26081584.298409652,0.0037666743061778455,49313449.988323852,-41667.218323584406,-916857.43512336852,2378020439165184.5,-925402616919983.38,-654066297796514.62
0_11:30210331330,7,796,0.24311208138544302,0.03140415547318031,8.4340419872277978e-10,9538047.1744008176,26034211.414412763,26142931.90929715,0.0039002721127415719,49391293.803150013,-108720.49878465878,-871325.56336012017,2215669198144357,-955908735526014.62,-675627749743990.25
0_11:30210331330,8,796,0.43222259633697696,0.016909009515321451,8.7229370892590192e-10,9239151.2880737036,26037726.0941994,26194172.178302113,0.0040338699193052975,49454052.698367879,-156446.08813658249,-825793.69159687171,2064873935382709.2,-988087266440151.75,-698371247761740.25
0_11:30210331331,0,795,0.88718477615076186,0.013018660403669075,8.2812137017106326e-10,9705430.375472106,26079602.711865038,26097853.575224005,0.0038295975890738718,49324412.856654257,-18250.867188564596,-866044.18337568222,1987584792465032.8,-609857503872284.62,-938150727503140.25
0_11:30210331331,1,796,0.076295291102295826,0.017893936957749618,8.1792039436545901e-10,9801707.0369880665,26088784.136663392,26122039.572259206,0.0037824237885194035,49385226.103023894,-33255.439378237927,-825331.36367315892,1937746748739668.5,-930081107099153.38,-657373012835804.12
0_11:30210331331,2,796,0.26540580605382974,0.0094674392110051936,8.4680990456858114e-10,9502811.1506609544,26087950.834402163,26168290.502128799,0.003916021595083129,49434978.808910489,-80339.671642657529,-784618.54397063586,1821995507504347.5,-960301810282771.12,-678732735713944
0_11:30210331331,3,796,0.21473379629233391,0.022782049212556159,8.390689836399241e-10,9582900.0620232876,26070063.361986961,26139854.078912616,0.0038802241707038107,49390934.236816674,-69790.720805878736,-836239.953087367,2016862270461277.2,-951427665932146.75,-672460569809720.38
0_11:30210331331,4,796,0.40384431124386783,0.031394263335106386,8.6795849384304624e-10,9284004.1756961718,26072932.572829388,26184413.924086072,0.0040138219772675367,49440475.078217223,-111481.35527050545,-805387.72982677445,1893661586291160.8,-983043649578446.38,-694806464446971.5
0_11:30210331331,5,796,0.59295482619540174,0.016671385814116944,8.9684800404616859e-10,8985108.2893690597,26078128.390548252,26224642.594512761,0.0041474197838312641,49485814.26999446,-146514.20811192886,-774535.50656618224,1778448067368854,-1016676766561573,-718578050896259.38
0_11:30210331331,6,796,0.54228281643390597,0.015511125136071445,8.8910708311751155e-10,9065197.2007313911,26047336.144042421,26217566.13023717,0.0041116223594519453,49480267.365579538,-170229.9903063708,-806435.72279905167,1985277369237528.5,-1007581710210786.4,-712149746364974.62
0_11:30210331331,7,796,0.73139333138543983,0.021419030412727261,9.1799659332063369e-10,8766301.314404279,26061351.428693067,26244105.285434447,0.0042452201660156709,49502655.077319182,-182753.86098660011,-785444.09598039009,1860757128417347,-1042407656745365.2,-736764414078952.75
0_11:30210331331,8,796,0.92050384633697369,0.011408382465143314,9.4688610352375593e-10,8467405.428077165,26069894.969595283,26270944.019938614,0.0043788179725793982,49529524.68244382,-201049.05472214893,-764452.46916172863,1744569945148988.2,-1079789995577360.4,-763185917018069.75
0_11:30210331332,0,796,0.24463145953400439,0.023672071945355585,8.4363630686619264e-10,9535645.7432667706,26018422.265703689,26135726.247992203,0.0039013454829242961,49377390.913457274,-117303.98618985881,-897998.78634701401,2369734392035047,-955880327614245.75,-675607671285880
0_11:30210331332,1,796,0.43374197448553831,0.032956263406680737,8.7252581706931499e-10,9236749.8569396567,26036279.196642436,26182886.520954192,0.004034943289488023,49432488.769015692,-146607.32834669889,-856183.99380360125,2205133185237064.8,-987913198612794.88,-698248218177294.38
0_11:30210331332,2,796,0.62285248943707217,0.017763930594583976,9.0141532727243713e-10,8937853.9706125446,26050271.389961265,26228127.508878551,0.0041685410960517495,49487917.501924381,-177856.12308582748,-814369.20126018859,2052761776151761.8,-1022095362482661.6,-722407866058396.88
0_11:30210331332,3,796,0.57218047967557639,0.041113622960351481,8.9367440634378009e-10,9017942.8819748759,26013104.750712741,26216902.298322227,0.0041327436716724307,49474373.855133414,-203797.55174222935,-866131.03054179647,2368024336338871.5,-1012740831467881.4,-715796167153952.25
0_11:30210331332,4,796,0.76129099462711025,0.0573077035583716,9.2256391654690233e-10,8719046.9956477638,26025942.853183389,26248015.449502341,0.0042663414782361572,49506015.324978814,-222072.60058529422,-836973.74497913208,2198780958842064.5,-1048128299903901.6,-740807713528626.25
0_11:30210331332,5,796,0.95040150957864422,0.030945549802597394,9.5145342675002457e-10,8420151.1093206499,26030684.117123123,26280786.245481893,0.0043999392847998836,49544684.933070846,-250102.13275870946,-807816.45941646758,2042463038709977.8,-1086182194747830,-767703866254178.88
0_11:30210331332,6,796,0.89972949981714834,0.027824353690056921,9.4371250582136753e-10,8500240.0206829831,26010122.219484065,26284849.674267292,0.0043641418604205649,49558159.294469327,-274727.45914736914,-834263.27473657904,2378362870943321.5,-1076240849829987.8,-760677412528369.5
0_11:30210331333,0,796,0.73291270953400123,0.016306214589385404,9.1822870146404665e-10,8763899.883270232,26056134.910154924,26245095.556221168,0.0042462935361983955,49504316.54504548,-188960.65031253823,-796956.60784481803,1972254680121109.2,-1042728287149688.4,-736991032782728.12
0_11:30210331333,1,796,0.92202322448553509,0.02254357510598835,9.471182116671689e-10,8465003.9969431181,26062007.573616561,26266120.480988916,0.0043798913427621228,49520255.856328785,-204112.91175224682,-778933.16810916876,1846685082094824.5,-1079894194045635.2,-763259563564053.75
0_11:30210332033,7,795,0.10065799830167368,0.50083490548629406,9.8049903549463624e-10,8193494.3119546073,26262958.08581315,27404371.224773932,0.0045342589597028157,51629540.856831931,-1141413.1434950414,1839526.7406609107,13303334550326220,-756154171459317.75,-1163200553497907
0_11:30210332033,8,795,0.28976851325320757,0.3500097815245089,9.4386173392016602e-10,8557020.4061678294,26389511.883025095,27447384.638240129,0.0043648319568097725,51739906.246906519,-1057872.759579866,1847280.8390285941,14773781173447278,-725578350280240,-1116165420370866.1
0_11:30210332112,8,795,0.063156396486719807,0.42469552791658438,9.8776440355506538e-10,8121405.1907440629,26127235.498942375,25796253.381798666,0.0045678572183761867,48595102.95791661,330982.11257585202,-1369116.4667146686,17493308378966194,-718029973629353,-1104553666802969.9
0_11:30210332113,4,795,0.0347781113936107,0.88698138525144499,9.932622670101407e-10,8066853.7706762198,26049066.454691321,25766106.005840436,0.0045932817580523755,48534867.147262208,282960.44425760326,-1510427.7055715187,14489671262990158,-721989541800818.88,-1110644715510369
0_11:30210332113,5,795,0.22388862634514461,0.50063492073612903,9.5662496543567049e-10,8430379.8648894411,26176161.752469126,25647709.582127575,0.0044238547551593323,48337196.712627739,528452.16591769655,-1654870.5232327809,13245360582079458,-688042970598062.25,-1058424319322913.5
0_11:30210332113,6,795,0.17321661658364879,0.40532414429629787,9.6644190080540489e-10,8332973.3415173702,26254583.936550137,25650590.913464393,0.0044692525837605468,48335255.462840207,603993.01861649065,-1495549.4432918646,16771910424151054,-696057747675206.5,-1070753541965836
0_11:30210332113,7,795,0.3623271315351827,0.58807377751555856,9.2980459923093477e-10,8696499.4357305933,26486386.702587027,25583418.569756892,0.0042998255808675036,48238280.315164812,902968.12853031,-1556915.3774441693,15371890328559748,-665623413258668.75,-1023936059533205.2
0_11:30210332113,8,795,0.55143764648671656,0.33370592314102959,8.9316729765646456e-10,9060025.5299438145,26367800.032188378,25561082.881765518,0.0041303985779744612,48231700.81669715,806717.14629246132,-1618281.3115964739,14129025082438292,-638828674253510.62,-982717408075552.38
0_11:30210332121,5,795,0.093054059728390079,0.80314574567346286,9.8197218356752127e-10,8178877.3030014485,26105488.525661454,26515151.101121124,0.0045410714445769879,49953248.056812234,-409662.5800007417,-199162.20122443064,20494155715224552,-732911076268468.12,-1127445436074137.8
0_11:30210332121,6,795,0.042382049966894229,0.49106013622980343,9.9178911893725588e-10,8081470.7796293786,26098731.569886483,26816679.804761365,0.0045864692731782033,50514749.423743479,-717948.23946135107,721692.54244862241,20078086356146916,-750082515440364.75,-1153860456056845.2
0_11:30210332121,7,795,0.23149256491842815,0.79811919984262569,9.5515181736278546e-10,8444996.8738425989,26554450.54590768,26577158.128507685,0.0044170422702851592,50090074.740170985,-22707.587017047241,348322.96445049922,20413142804830288,-711759762449569.75,-1094908129701988.6
0_11:30210332121,8,795,0.42060307986996209,0.50673318007953727,9.1851451578831534e-10,8808522.968055822,26770454.027897064,26438590.749015193,0.0042476152673921169,49861396.560480028,331863.27463425492,-25046.61354762394,20762069961236516,-679270248706782.62,-1044929141560519
0_11:30210332122,2,795,0.12295172297006031,0.47199232181013573,9.7617996357997716e-10,8236349.4152588341,26148044.561492085,27048240.219144054,0.0045142856707777899,50961677.398643643,-900195.66216625401,954227.53940051969,19379705705659940,-742489297078708.75,-1142179721975774.8
0_11:30210332122,3,795,0.072279713208564481,0.6246384148659524,9.8599689894971156e-10,8138942.8918867633,26040008.107792668,27381898.037604094,0.0045596834993790044,51583354.515489429,-1341889.9343711091,1505657.1456683308,16257922156019446,-760541341065561.12,-1169949386350898.8
0_11:30210332122,4,795,0.26139022816009838,1.0789062399743838,9.4935959737524155e-10,8502468.9860999845,26338068.9213369,27196300.22506611,0.0043902564964859621,51261836.851600759,-858231.30811946653,1251033.8749428543,17488916503444994,-723486369928717.25,-1112947303226710.4
0_11:30210332122,5,795,0.4505007431116323,0.72859530462462718,9.1272229580077123e-10,8865995.0803132076,26490797.817932878,27064734.953425556,0.0042208294935929189,51048096.389456101,-573937.13971350819,996410.60421737796,18836353203212452,-690928825386991.38,-1062863662534256.9
0_11:30210332122,6,795,0.39982873335013658,0.37062474926364897,9.2253923117050573e-10,8768588.5569411367,26483534.412347142,27373033.018709995,0.0042662273221941334,51619685.950662434,-889498.61062908056,1746533.8999866003,15591631880011712,-706426384799287.75,-1086703734263888
0_11:30210332122,7,795,0.58893924830167044,0.6453610532368983,8.8590192959603552e-10,9132114.6511543598,26596409.162351653,27174154.21100571,0.0040968003193010902,51283691.652868837,-577745.05275085743,1392563.7845104183,16893213844011088,-673890247048008.12,-1036653023880405.1
0_11:30210332122,8,795,0.77804976325320441,0.43942729458102703,8.492646280215653e-10,9495640.745367581,26640055.80844602,26971184.323187098,0.0039273733164080478,50945864.801594205,-331128.51866845135,1038593.6690342363,18327228611855116,-643822143246804.25,-990398918164512
0_11:30210332123,0,795,0.23301194306698927,0.48477842743635319,9.5485746083031687e-10,8447917.5660321414,26286847.254989859,26930857.945523709,0.0044156810361621508,50756935.132739998,-644010.69494953135,799270.48627568025,19893123329227460,-720986227471266.62,-1109101305677404.1
0_11:30210332123,1,795,0.42212245801852322,0.79315084262172153,9.1822015925584666e-10,8811443.6602453645,26429682.771847118,26756112.175158203,0.0042462540332691076,50460509.84926983,-326429.407557339,422038.28949825105,20357048038806408,-687204210273162.38,-1057134044784993.9
0_11:30210332123,2,795,0.61123297297005708,0.5069505313790218,8.8158285768137644e-10,9174969.7544585858,26413284.840921469,26626897.410960212,0.0040768270303760644,50255823.530793533,-213612.57411557034,44806.092720821784,20838431543958540,-657299041313746.88,-1011130583587515.1
0_11:30210332123,3,795,0.5605609632085613,0.7525766069047779,8.9139979305111094e-10,9077563.2310865149,26646599.787980702,26844573.05901897,0.0041222248589772798,50655504.017107956,-197973.27516049263,819232.73709271254,19432754545268508,-669635708097222.25,-1030108218271674
0_11:30210332123,4,795,0.74967147816009516,1.2449843343340421,8.5476249147664073e-10,9441089.325299738,26999583.159016281,26620800.740778521,0.0039527978560842366,50276912.363076858,378782.41428496281,464985.74278600025,20093813158081872,-639039551018198.25,-983041802198686.25
0_11:30210332123,5,795,0.93878199311162902,0.80467288355409583,8.1812518990217051e-10,9804615.4195129592,27383519.567487709,26307274.209991056,0.0037833708531911934,49734415.970482402,1076245.3537132819,110738.74847928807,20778715728474124,-608706171643747.5,-936379620054364.88
0_11:30210332123,6,795,0.88810998335013336,0.45643941135626387,8.2794212527190491e-10,9707208.8961408883,26784827.93068517,26759588.214353073,0.0038287686817924079,50575332.448768087,25239.712503327926,839194.98790974484,19006128750231724,-625209569380742.12,-961766984307371.62
0_11:30210332123,7,796,0.077220498301667148,0.76341180529035435,8.1806173385064354e-10,9800244.7141449247,26996531.456032611,26759286.595206585,0.0037830774044882698,50589779.344854683,237244.85704294924,507933.19607374957,19817435674617624,-952908846401767.25,-673507454925906.5
0_11:30210332123,8,796,0.26633101325320108,0.498928246412084,8.4695124405376578e-10,9501348.8278178107,26667741.214403391,26567307.140584905,0.0039166752110519967,50188591.450104058,100434.06990181097,176671.40423775435,20587514274775692,-975091202868323,-689185746196328.88
0_11:30210332130,1,795,0.064675774635280944,0.73735550715019693,9.8747004702259659e-10,8124325.8829336055,26168648.721968446,25949756.204827026,0.0045664959842531766,48884461.787504248,218892.51257492442,-932169.64770035679,18885400372935796,-722045804048363.62,-1110731264365027.5
0_11:30210332130,2,795,0.25378628958681487,0.43550956225207371,9.5083274544812638e-10,8487851.9771468267,26341345.815582771,25831969.625601552,0.0043970689813601334,48689044.851603515,509376.18558414944,-1297272.4991797747,17957665370013666,-688358538522684.38,-1058909761046892
0_11:30210332130,3,795,0.20311427982531904,0.79320283820147397,9.6064968081786098e-10,8390445.4537747558,26263989.362154406,26332731.267858531,0.0044424668099613488,49625074.046842299,-68741.910146592578,-375881.09233782423,20275870740986940,-709736916641905.75,-1091796363012168.2
0_11:30210332130,4,795,0.39222479477685296,1.2113772523177415,9.2401237924339077e-10,8753971.5479879789,26570861.699729349,26133817.04052173,0.0042730398070683056,49281408.303215727,437044.65493457991,-646063.57187317533,19453955578028768,-675552686453302.12,-1039210373306465.9
0_11:30210332130,5,795,0.58133530972838687,0.72291867085922912,8.8737507766892045e-10,9117497.6422012001,26635809.827790298,25968455.642897107,0.0041036128041752624,49006650.11466185,667354.18078957801,-916246.05140852649,18682915306534048,-645001319938136.5,-992212859066778.88
0_11:30210332130,6,795,0.5306632999668911,0.50373701557738981,8.9719201303865505e-10,9020091.1188291293,26780786.514647618,26265110.690211341,0.0041490106327764778,49555830.280480959,515675.82028726651,-184695.38845470941,20671072756500628,-659272678658124.5,-1014166652339147.6
0_11:30210332130,7,795,0.71977381491842496,0.77748577217200932,8.6055471146418473e-10,9383617.2130423523,26898574.310641777,26252486.277163226,0.0039795836298834346,49574069.136308141,646088.02949896699,-359957.49604599393,20048432375926160,-633965363386914.25,-975236121711768.12
0_11:30210332130,8,795,0.90888432986995893,0.46885181200507509,8.2391740988971452e-10,9747143.3072555736,26916701.314396832,26189698.027255785,0.0038101566269903913,49503882.526439466,727003.28333089082,-535219.60363727843,19456400902933032,-609457121528510.5,-937534814794505.75
0_11:30210332131,0,795,0.36384650968374382,0.41676192308854521,9.2951024269846619e-10,8699420.1279201359,26208655.703228228,25723751.545146801,0.0042984643467444952,48503145.508943677,484904.15378296288,-1409135.0075916536,17264105743828662,-669053497299946.12,-1029212596787054
0_11:30210332131,1,795,0.55295702463527774,0.60690837500808692,8.9287294112399587e-10,9062946.2221333571,26205527.988668185,25817428.662018403,0.0041290373438514511,48715717.678765289,388099.322520744,-1428446.7348021511,15889690892817384,-645031535900363.38,-992259340624791
0_11:30210332131,2,795,0.74206753958681171,0.34565045899875757,8.5623563954952576e-10,9426472.3163465783,26069183.970694106,25846460.261400059,0.0039596103409584088,48812641.610428259,222723.70533443688,-1447758.4620126486,14661623565074886,-621390144337136.12,-955891519365887.5
0_11:30210332131,3,795,0.69139552982531594,0.69536059221139246,8.6605257491926016e-10,9329065.7929745093,26623456.776451103,25863776.946762159,0.0040050081695596233,48833430.318662196,759679.82568393578,-982607.96349031478,18052335559717360,-628145600885966.38,-966283514931507.62
0_11:30210332131,4,795,0.88050604477684979,1.0200502814101204,8.2941527334478994e-10,9692591.8871877305,26922662.495879125,25978621.413101848,0.0038355811666665805,49097287.138536736,944041.07894169551,-940477.64223526896,16738480002427842,-607853350805534.12,-935067716069057.38
0_11:30210332131,5,796,0.069616559728383612,0.58513516821406819,8.1690011647017637e-10,9812263.0091615766,26782322.211716764,26007589.089095704,0.0037777055746093424,49170250.719567172,774733.11884335382,-898347.32098022324,15509339121467708,-925036215901879.88,-653807328832046.62
0_11:30210332131,6,796,0.018944549966887794,0.45332631157240899,8.0915919554151943e-10,9892351.920523908,26989130.914869338,26329790.365550119,0.0037419081502300241,49790336.609069876,659340.54557731072,-556080.91938897583,18898110933331288,-929118266069744.38,-656692485402708.88
0_11:30210332131,7,796,0.20805506491842171,0.6699338195678447,8.3804870574464157e-10,9593456.034196794,26650227.174093641,26569861.444168027,0.0038755059567937501,50204746.797698729,80365.7260501079,-452508.54966838675,17531786570714638,-966040169353427.5,-682788556611947.62
0_11:30210332131,8,796,0.3971655798699556,0.38709589770001418,8.6693821594776381e-10,9294560.1478696819,26415149.116390076,26656554.516932305,0.004009103763357477,50333128.661901772,-241405.40455133317,-348936.17994779773,16274995984286196,-999656002843501.5,-706547927242836.75
0_11:30210332132,0,795,0.72129319306698614,0.50589294383084482,8.6026035493171615e-10,9386537.9052318949,26463271.149896674,26508063.356451746,0.0039782223957604253,50057057.13808395,-44792.210533294616,-103691.31006481002,20827479849787836,-639942747497457.62,-984431199604990.62
0_11:30210332132,1,795,0.91040370801851989,0.78586882644098122,8.2362305335724594e-10,9750063.9994451161,26961328.413573097,26522404.494251601,0.0038087953928673825,50133186.422138005,438923.91551270062,-236769.20143773203,20330620971226644,-617019782741116.38,-949168542465997.88
0_11:30210332132,2,796,0.09951422297005387,0.47694228217378964,8.2146743969644501e-10,9765008.6904050615,26974733.046678722,26335743.866536345,0.0037988268868298283,49784360.117835529,638989.17634354974,-369847.09281065396,19779234855259172,-941121704095797.88,-665176408105090.38
0_11:30210332132,3,796,0.048842213208558041,0.80835210506603872,8.1372651876778787e-10,9845097.601767391,27463707.219392993,26236464.274947442,0.0037630294624505091,49607391.798059165,1227242.9406825211,-16507.173073595353,20871086486773716,-930147582522081.12,-657419997070529.38
0_11:30210332132,4,796,0.23795272816009194,1.2703244041409911,8.4261602897091011e-10,9546201.7154402789,27241925.079377647,26387112.317545786,0.0038966272690142355,49853612.875872053,854812.75793523376,-99539.728619774818,20481505443397888,-964032163796113.38,-681369316232880.25
0_11:30210332132,5,796,0.4270632431116258,0.77985301825019249,8.7150553917403235e-10,9247305.8291131668,27029831.054033741,26448308.557927981,0.0040302250755779624,49934739.883023314,581522.49207553524,-182572.28416595425,20097339538777912,-996811557629588.38,-704537498791120
0_11:30210332132,6,796,0.37639123335013003,0.50454838105408428,8.6376461824537531e-10,9327394.7404754981,26709987.537119716,26567210.365602814,0.0039944276511986437,50168102.658669516,142777.16752247509,70676.963917619316,20773303177196476,-992870971818334.62,-701752327963211
0_11:30210332132,7,796,0.56550174830166389,0.80213435684661072,8.9265412844849745e-10,9028498.8541483842,26881681.122385036,26559362.912839696,0.0041280254577623693,50121678.638610423,322318.20541731495,37689.744198182401,20601917202359336,-1024791593627311.2,-724313538130790.5
0_11:30210332132,8,796,0.75461226325319786,0.49814355934986548,9.2154363865161969e-10,8729602.9678212721,26879416.967987798,26596650.134727411,0.0042616232643260966,50164470.495983511,282766.82899876393,4702.5244787454931,20436898218151552,-1060784668786008,-749753121923750.75
0_11:30210332133,0,796,0.20957444306698284,0.46266190548944075,8.3828081388805454e-10,9591054.6030627489,26868939.282664854,26448322.861001495,0.0038765793269764748,49974795.962994941,420616.41778677946,-380474.70336184412,19207669988189788,-961856224987270.12,-679831382132727.5
0_11:30210332133,1,796,0.39868495801851678,0.6870534660288391,8.6717032409117668e-10,9292158.716735635,26912713.048350278,26567988.614446811,0.0040101771335402008,50165631.008418344,344724.42989328975,-283918.50715307618,17890103316119424,-996586853785747.25,-704378680122840.25
0_11:30210332133,2,796,0.58779547297005064,0.39888078225027035,8.9605983429429892e-10,8993262.830408521,26863450.410581399,26680239.893416107,0.0041437749401039281,50346320.332477644,183210.51302151711,-187362.31094430824,16679484936046192,-1033417811585704.1,-730410471877110.12
0_11:30210332133,3,796,0.53712346320855475,0.76109893686134944,8.8831891336564188e-10,9073351.7417708542,26935399.337626919,26605700.471446723,0.0041079775157246094,50213614.176775292,329698.86207221891,-203532.44834069372,19629218077006340,-1021596103685202.9,-722054994403048.5
0_11:30210332133,4,796,0.72623397816008872,1.1407645852245818,9.1720842356876412e-10,8774455.8554437403,26852270.302570134,26679635.261592913,0.0042415753222883358,50324883.194505826,172635.03673564567,-192529.32244789315,18436016007376164,-1058736964105033,-748305822558936.38
0_11:30210332133,5,796,0.91534449311162258,0.6683448273916196,9.4609793377188626e-10,8475559.9691166263,26596020.620762896,26804893.511808906,0.0043751731288520614,50536806.053795017,-208872.89542118309,-181526.19655509258,17331488911948752,-1100689652263747.9,-777957607549463.25
0_11:30210332133,6,796,0.86467248335012681,0.48914144369950163,9.3835701284322922e-10,8555648.8804789595,26820100.863835715,26673255.700551119,0.0043393757044727426,50294720.259554878,146845.15894522035,-26590.193319543327,20071255298184964,-1085162900616869.1,-766983438273520.88
0_11:30210332201,8,795,0.15893394663645308,0.15601981947475535,9.6920895205201681e-10,8305517.8442798359,26126937.541409805,27460305.235500004,0.004482048646227429,51743288.081349462,-1333367.6985722473,1869217.4773864036,7309334885281838,-747598727276366.62,-1150039616502977.5
0_11:30210332202,5,795,0.1888316098781232,0.15718581444277038,9.634167320644727e-10,8362989.9565372225,26047266.355760876,27339877.816183366,0.0044552628724282301,51520873.438920937,-1292611.4648777526,1601332.8443649695,5098998273313838,-739269668479105.88,-1137226930719081.5
0_11:30210332202,6,795,0.13815960011662737,0.06964264493079457,9.732336674342071e-10,8265583.4331651516,26099808.973389704,27255698.212918457,0.0045006607010294446,51354719.202296384,-1155889.2440294137,1505565.2560413114,3986087957168288.5,-745569427022116.5,-1146917920864637.2
0_11:30210332202,7,795,0.32727011506816128,0.12747971459765128,9.3659636585973709e-10,8629109.5273783728,26088548.78302101,27248546.717006106,0.0043312336981364023,51371606.637824759,-1159997.9383163291,1547103.7377061048,4422315973175389,-714395011092728.75,-1098961962631867.2
0_11:30210332202,8,795,0.51638063001969525,0.090949766035776855,8.9995906428526677e-10,8992635.6215915941,26021295.52606355,27260794.157578606,0.0041618066952433591,51431407.905342363,-1239498.6356768627,1588642.2193708983,4911565115923886,-686313691373788.25,-1055764149443871.8
0_11:30210332203,1,795,0.16045332478501409,0.20930363152177578,9.6891459551954823e-10,8308438.5364693794,26077570.552969422,27417295.591829188,0.0044806874121044197,51662471.107048668,-1339725.0433404534,1750482.5981441445,6342447517164608,-746168670036657.88,-1147839743202599.2
0_11:30210332203,2,795,0.34956383973654798,0.14929370999507569,9.3227729394507801e-10,8671964.6306826007,26018664.967256837,27478546.858374041,0.0043112604092113765,51809253.614660166,-1459881.8954284643,1835696.6285610734,7106405294246565,-716920640076764.38,-1102847166394601.4
0_11:30210332203,3,795,0.2988918299750522,0.16978765743922142,9.4209422931481241e-10,8574558.1073105298,26023772.78459353,27346341.776376158,0.004356658237812591,51551003.866444558,-1322568.9961392863,1617371.4738637423,5431667769370929,-721450643467213.5,-1109815722080736.6
0_11:30210332203,4,795,0.48800234492658606,0.31029853684325748,9.054569277403423e-10,8938084.2015237529,26024005.189254854,27287553.887309521,0.0041872312349195487,51475970.812639333,-1263548.7022418987,1606274.1880455315,6062926391235420,-691100727878185.75,-1063128102089644.2
0_11:30210332203,5,795,0.67711285987811998,0.22134721461371909,8.6881962616587198e-10,9301610.2957369741,25993195.578904942,27224190.571457814,0.0040178042320265046,51398580.223892778,-1230994.996570677,1595176.9022273207,6776675966605363,-663092672210400.25,-1020042991823978.1
0_11:30210332203,6,795,0.6264408501166242,0.098255542587708175,8.7863656153560648e-10,9204203.7723649032,25960573.544773448,27221656.498952735,0.00406320206062772,51381865.300760463,-1261082.958242489,1569474.380000269,5224596105727630,-669892148041817.62,-1030502702752156.1
0_11:30210332203,7,795,0.81555136506815806,0.17965126744148741,8.4199925996113626e-10,9567729.8665781245,25943487.600551948,27112104.655126873,0.0038937750577346768,51221854.647259124,-1168617.0584687006,1462065.7779469185,5820592934905306,-642432702780969.5,-988261526108878.5
0_11:30210332203,8,796,0.0046618800196920043,0.12817829539126668,8.0697730026576973e-10,9914926.1877140682,25937061.866494775,26975321.215080209,0.0037318181064410361,51014266.325636044,-1038259.3523172523,1354657.1758935682,6488899285900060,-949790132997121.12,-671303176168564.75
0_11:30210332210,4,795,0.13055566154334397,0.52702801274556021,9.7470681550709213e-10,8250966.4242119938,26095769.596312977,27475699.13169463,0.0045074731859036168,51768142.539739028,-1379929.5398891256,1799111.1908846227,9211429772531118,-752902967406608.12,-1158199189362934.5
0_11:30210332210,5,795,0.31966617649487788,0.37422250186949313,9.3806951393262212e-10,8614492.518425215,26109236.277377818,27506575.829366434,0.0043380461830105754,51856713.090816341,-1397339.5563266627,1820713.0463853984,10338604267719664,-722364731013584.5,-1111221873339324.6
0_11:30210332210,6,795,0.26899416673338206,0.16829228157358628,9.4788644930235652e-10,8517085.9950531442,26148776.28011927,27487393.694402121,0.0043834440116117899,51811789.16429738,-1338617.418666295,1886203.0176965136,7811129172480448,-729993181156051.25,-1122956804869125.9
0_11:30210332210,7,795,0.45810468168491597,0.30618602440284232,9.112491477278863e-10,8880612.0892663673,26175074.890164971,27416740.180742051,0.0042140170087187467,51713559.133893646,-1241665.2947910971,1835687.4425589542,8746975601356857,-698783713744298.25,-1074946926542773
0_11:30210332210,8,795,0.64721519663644989,0.21772797268267965,8.7461184615341598e-10,9244138.1834795885,26088307.40500528,27372856.147492137,0.0040445900058257026,51672121.083466113,-1284548.7465314469,1785171.8674213951,9814723354372300,-670766101386292.25,-1031847115111955.8
0_11:30210332211,0,795,0.10217737645023468,0.26943484237774756,9.8020467896216766e-10,8196415.0041441498,26104494.981150445,27543567.513896853,0.0045328977255798064,51891996.376944095,-1439072.5372793057,1874095.9464533411,11641294822805358,-759727217579596.5,-1168697010942241
0_11:30210332211,1,795,0.29128789140176858,0.48253557704383992,9.4356737738769744e-10,8559941.098357372,26200275.846400335,27504177.454607159,0.0043634707226867632,51847225.807554901,-1303901.6125702942,1841689.5863217558,12922653022542244,-726835269706857.5,-1118098953806146.9
0_11:30210332211,2,795,0.4803984063533025,0.3380241667596634,9.0693007581322723e-10,8923467.1925705932,26127801.98645528,27515022.673747994,0.0041940437197937209,51903498.545376718,-1387220.6914867575,1809283.2261901707,14375117146528856,-697982038934776,-1073713701074530.5
0_11:30210332211,3,795,0.42972639659180689,0.40171514038609274,9.1674701118296173e-10,8826060.6691985223,26119840.761835981,27450719.41708551,0.0042394415483949354,51771991.496370286,-1330878.6594889702,1774291.7676285629,11026443421117044,-703897153260947.38,-1082812988650934.4
0_11:30210332211,4,795,0.61883691154334075,0.72185344742686675,8.8010970960849151e-10,9189586.7634117454,26272424.45093989,27268298.746417947,0.0040700145455018922,51468151.637217283,-995874.29954807169,1593163.5742250956,12259954270229466,-672084431592651.12,-1033875117447471.6
0_11:30210332211,5,795,0.80794742649487472,0.50734017197779191,8.4347240803402119e-10,9553112.8576249667,26418216.223818578,27039954.036956634,0.003900587542608849,51083538.966522224,-621737.81703864411,1412035.380821628,13656705535433484,-641678243242233.25,-987100932428153.38
0_11:30210332211,6,795,0.75727541673337884,0.2340500577920902,8.532893434037558e-10,9455706.3342528958,26010162.144312307,27228652.574896954,0.0039459853712100644,51426855.73315312,-1218490.4345306321,1674487.5888037847,10469487108831212,-652645341323286.12,-1003971744016121.9
0_11:30210332211,7,795,0.94638593168491281,0.42200073009905709,8.1665204182928548e-10,9819232.4284661189,26263716.577758711,27057788.624229342,0.0037765583683170212,51155474.504060902,-794072.05024718924,1344637.5621284351,11666128680354312,-625166680308345,-961701007559990.75
0_11:30210332211,8,796,0.1354964466364465,0.29758259576155577,8.2696427215976765e-10,9708137.5077659376,26126027.298343714,26800549.453844659,0.003824246658746516,50655439.873975649,-674522.1593251914,1014787.5354530857,12927059191927622,-963198207492399.75,-680779883371852.25
0_11:30210332212,0,795,0.45962405983347698,0.16107857788645974,9.1095479119541762e-10,8883532.781455908,25957837.659190446,27463702.697032258,0.0042126557745957374,51802447.257628821,-1505865.0420544676,1835023.9008680768,7590030248857131,-699754683619177.62,-1076440580533611.5
0_11:30210332212,1,795,0.64873457478501084,0.29327687710854022,8.743174896209474e-10,9247058.8756691311,25969236.646052584,27371222.071782984,0.0040432287717026942,51669395.042438261,-1401985.4297736285,1747498.047335899,8496675733099634,-670518863181430.5,-1031466785772257.9
0_11:30210332212,2,795,0.83784508973654481,0.20867805523815053,8.3768018804647719e-10,9610584.9698823523,26002990.557490639,27234423.706241697,0.003873801768809651,51458929.390383124,-1231433.1526248595,1659972.1938037209,9526919374189436,-642528165162711,-988408376975370
0_11:30210332212,3,795,0.78717307997504893,0.23888610372089936,8.4749712341621169e-10,9513178.4465102814,25988826.137839239,27102888.01012595,0.0039191995974108664,51197000.11499811,-1114061.8762059105,1550453.6097376861,7227713528979914,-645803087615406,-993446227394532.25
0_11:30210332212,4,795,0.9762835949265829,0.43533222035883978,8.1085982184174147e-10,9876704.5407235026,26221297.392046746,26930103.155620761,0.0037497725945178227,50922776.316704832,-708805.76732378791,1407859.6733214858,8082018454082785,-618701625911944.38,-951755740925047.75
0_11:30210332212,5,796,0.16539410987811681,0.3099704043296137,8.3153159538603619e-10,9660883.1890094224,26102436.718103617,26740144.528409641,0.0038453679709670014,50535107.959633693,-637707.81415139174,1265265.7369052852,8938134027247233,-965610235517084.88,-682484683219445.25
0_11:30210332212,6,796,0.11472210011662098,0.13838395892833633,8.2379067445737925e-10,9740972.1003717557,25844608.381793618,26896963.048007373,0.0038095705465876831,50842040.535431445,-1052354.6700233251,1265883.3186072954,6842234697301420,-963487682644739.88,-680984481822011.5
0_11:30210332212,7,796,0.3038326150681549,0.25244123129859436,8.5268018466050139e-10,9442076.2140446436,25880389.372749697,26754768.129205413,0.0039431683531514087,50535597.772924684,-874378.76039888407,1068221.2993070725,7523568442010884,-987996484905351.75,-698307084184407.12
0_11:30210332212,8,796,0.49294313001968881,0.17989160343471,8.8156969486362363e-10,9143180.3277175296,25921263.936056361,26533326.327250924,0.004076766159715136,50084173.394080006,-612062.39527132956,870559.28000684967,8309120130271196,-1011180577016671.4,-714693393254392.75
0_11:30210332213,0,795,0.94790530983347376,0.22446600268891953,8.1635768529681679e-10,9822153.1206556596,26120019.96331026,27024829.449257746,0.0037751971341940115,51093601.54492496,-904809.48972268309,1536030.4055412516,10160431236069028,-624224862926452.5,-960252199180349
0_11:30210332213,1,796,0.13701582478500771,0.40537436785252834,8.2719638030318062e-10,9705736.0766318925,26305713.688807234,26783841.739004046,0.0038253200289292406,50623544.564460009,-478128.0540221316,1197631.3357598705,11232156877991824,-962829895820690.25,-680519563974494
0_11:30210332213,2,796,0.32612633973654159,0.28630368640169929,8.5608589050630286e-10,9406840.1903047785,26295822.277272504,26466107.29671723,0.0039589178354929675,49986248.406947158,-170285.02340364424,859232.26597848942,12423507249698056,-980917021915356.75,-693303383023862.75
0_11:30210332213,3,796,0.27545432997504576,0.33369633134347088,8.4834496957764572e-10,9486929.1016671117,26121606.904587559,26636784.440764647,0.0039231204111136479,50318100.00110586,-515177.54010020796,1160027.6270029405,9469480775906040,-979093286658631.62,-692014383246125.5
0_11:30210332213,4,796,0.46456484492657968,0.60395094753351242,8.7723447978076796e-10,9188033.2153399996,26278223.398299754,26518364.444985539,0.0040567182176773743,50060640.939961731,-240141.05074250328,940971.67504655942,10460968405866200,-1005771541523643.2,-710870335317351.25
0_11:30210332213,5,796,0.65367535987811365,0.42742690197001926,9.0612398998389031e-10,8889137.3290128857,26309925.024917088,26376217.767939594,0.0041903160242411017,49762805.983093306,-66292.747212821225,721915.72309017857,11602944058801910,-1033405429883186.4,-730401720600446.25
0_11:30210332213,6,796,0.60300335011661776,0.19383188437861312,8.9838306905523316e-10,8969226.2403752171,26047164.071115434,26440091.531289633,0.004154518599861782,49890839.014850639,-392927.46432871779,784024.84846462915,8810990823351004,-1026812915189880.8,-725742190143345.38
0_11:30210332213,7,796,0.79211386506815173,0.35160558866507569,9.272725792583554e-10,8670330.3540481031,26288127.781241946,26348812.395612802,0.0042881164064255094,49692075.655907623,-60684.618658972839,684312.01433324849,9755025088627820,-1057978851587978,-747769995408378.25
0_11:30210332213,8,796,0.98122438001968559,0.24936531135135173,9.5616208946147765e-10,8371434.467720991,26316739.348391082,26288158.720319171,0.0044217142129892358,49555184.890454791,28580.62365019742,584599.18020186783,10844928391350614,-1092734645627601.2,-772335079965989.75
0_11:30210332220,0,795,0.32878949321672229,0.066588008007321717,9.363020093272683e-10,8632030.2195679154,26025977.859734956,27241361.551947407,0.004329872464013393,51358329.848465778,-1215383.6965423238,1480522.9292320455,3921243306753123,-713968721731058,-1098306196863242.8
0_11:30210332220,1,795,0.51790000816825621,0.12190553319544925,8.9966470775279819e-10,8995556.3137811366,25975252.626317859,27215012.023799691,0.0041604454611203498,51345353.703093737,-1239759.4016422781,1500694.0066705581,4344464323592239,-684942901744146,-1053655448181466.8
0_11:30210332220,2,795,0.70701052311979007,0.086971067640869787,8.6302740617832797e-10,9359082.4079943597,25914815.171967369,27183754.284164332,0.0039910184582273066,51329489.372329541,-1268939.1161879818,1520865.0841090709,4817390847353419,-658134895725574.25,-1012416387926337.8
0_11:30210332220,3,795,0.65633851335829463,0.098672437883766506,8.7284434154806237e-10,9261675.8846222889,25985924.036010269,27078443.693872906,0.0040364162868285211,51118491.344032973,-1092519.6618990535,1357804.9649230421,3825750114980561.5,-662322784525624.88,-1018858664850903.8
0_11:30210332220,4,795,0.8454490283098286,0.18067524834171764,8.3620703997359215e-10,9625201.978835512,25998722.055087566,26992728.01846787,0.0038669892839354784,51004293.726866916,-994005.96724729252,1329222.5565360456,4227533204944486.5,-635884344107803.75,-978188111558471.75
0_11:30210332220,5,796,0.034559543261362118,0.12888541733872011,8.1154462349203826e-10,9867671.8689575531,26000675.8486793,26888322.747913502,0.0037529394186615215,50843063.21798043,-887646.90298714116,1300640.1481490489,4650972302007405,-951135743550819.25,-672254241679987.75
0_11:30210332220,6,795,0.98388753349974079,0.05705526628163738,8.0938667376888084e-10,9891321.5496764202,25945932.781135045,26922350.981700025,0.0037429601096437633,50910358.445727713,-976418.20430794067,1235087.0006140389,3757384690449210,-617636681084351,-950117524196691
0_11:30210332220,7,796,0.17299804845127434,0.10450802162290614,8.3269321276648413e-10,9648864.8939929716,25898491.402090188,26869457.460719485,0.0038507398008458399,50777933.922816209,-970966.06248003652,1157751.1064015329,4025791981002239.5,-971458594042579.5,-686618250748882.62
0_11:30210332220,8,796,0.36210856340280823,0.074555109128765937,8.6158272296960627e-10,9349969.0076658577,25852454.074373126,26774812.444002565,0.0039843376074095663,50562702.568010181,-922358.37361377652,1080415.2121890269,4322175299099720.5,-998264440849146.5,-705564383663901
0_11:30210332221,0,795,0.81707074321671913,0.093961866289519261,8.4170490342866758e-10,9570650.558767667,25902225.525130134,27114430.848049413,0.0038924138236116675,51226652.337390095,-1212205.3268116931,1489868.9331247243,5119710538282363,-642296805502762.88,-988052473781727.12
0_11:30210332221,1,796,0.0061812581682530029,0.171832615527513,8.0720940840918259e-10,9912524.7565800212,26017213.746332712,26961646.973205168,0.0037328914766237603,50988063.436528146,-944433.23060534685,1363179.8409302388,5691768067907286,-949532264420658.88,-671120916963716
0_11:30210332221,2,796,0.1952917731197869,0.12260439485439426,8.3609891861230473e-10,9613628.8702529073,25924232.18955699,26789253.615289345,0.0038664892831874863,50621852.693027534,-865021.42959884484,1236490.7487357534,6208671364530324,-972022185028973.62,-687016591820328.12
0_11:30210332221,3,796,0.1446197633582911,0.13924857454251494,8.2835799768364779e-10,9693717.7816152424,25960899.858861875,26828638.397157814,0.003830691858808168,50706632.677425295,-867738.54212663148,1264202.5716666884,4863095000458645,-965605860722206,-682481591153529.5
0_11:30210332221,4,796,0.33373027830982499,0.25469597587698595,8.5724750788676993e-10,9394821.8952881265,25973898.856285878,26760182.811327383,0.003964289665371894,50540260.253732562,-786283.95900579507,1167567.5518839741,5283826012847144,-993057547586720,-701884198048571.75
0_11:30210332221,5,796,0.5228407932613589,0.18171388306052766,8.8613701808989217e-10,9095926.0089610144,25965966.262184393,26659402.915754415,0.0040978874719356214,50317267.025238506,-693436.65766790987,1070932.5321012598,5768686998447727,-1021164290491046.8,-721749792697242.5
0_11:30210332221,6,796,0.47216878349973723,0.080559080927843058,8.783960971612159e-10,9176014.9203235451,25873399.069879983,26714536.758186221,0.0040620900475562133,50429689.288571052,-841137.69236832857,1038536.2102086528,4520224370104375,-1014513137079415.9,-717048816918179.88
0_11:30210332221,7,796,0.66127929845127109,0.14739785527364177,9.0728560736433814e-10,8877119.0339964312,25981071.688463841,26635875.155671325,0.0041956878541199397,50251577.204265274,-654803.47140317177,971955.26283770939,4912471334286469,-1044968376115811.1,-738574307640630.75
0_11:30210332221,8,796,0.85038981340280506,0.10516865036830458,9.3617511756746028e-10,8578223.1476693191,26023856.626394719,26559251.241472024,0.0043292856606836662,50081518.356702156,-535394.61940659129,905374.31546676613,5364748104671086,-1077719253451791.5,-761722334993339.88
0_11:30210332222,0,796,0.17451742660008743,0.054544164820745304,8.3292532090993556e-10,9646463.462858526,25944728.340493027,26833568.597725775,0.0038518131710287423,50709801.19318819,-888840.26108456112,1169663.5303934535,3610765236005443.5,-970396626474832.88,-685867661564547
0_11:30210332222,1,796,0.36362794155162137,0.099926452105642202,8.618148311130578e-10,9347567.5765314121,25964223.386493687,26767774.126636196,0.0039854109775924688,50549136.094331898,-803550.74412792036,1088676.1435993847,3857985387144607.5,-998252986322297.75,-705556287706712.12
0_11:30210332222,2,796,0.55273845650315523,0.071287168273000148,8.9070434131618005e-10,9048671.6902043,25970726.311771341,26684518.845799144,0.0041190087841561952,50359881.163427584,-713792.53814681247,1007688.7568053155,4143370942506718,-1027366403062149.9,-726133390424035.38
0_11:30210332222,3,796,0.50206644674153322,0.08080846761779123,8.8296342038750367e-10,9128760.6015668306,25959550.856292028,26762327.840301938,0.0040832113597767871,50514927.267015733,-802776.98809312179,1067554.2840638675,3364327237097319.5,-1021488326377174.6,-721978818365117
0_11:30210332222,4,796,0.69117696169306708,0.14808292069080062,9.1185293059062591e-10,8829864.7152397186,25981585.963374991,26724924.116178203,0.0042168091663405145,50415252.788861267,-743338.15702002158,1022772.0592443662,3597344659841997,-1053982483656694.2,-744945398276648.38
0_11:30210332222,5,796,0.88028747664460105,0.10563848671749222,9.4074244079374816e-10,8530968.8289126046,25971327.739999235,26687886.107133493,0.0043504069729042409,50320396.161069833,-716558.37148466508,977989.83442486508,3865591546542482,-1088857859618755.8,-769595002268139.25
0_11:30210332222,6,796,0.82961546688297938,0.046703411599145206,9.3300151986507188e-10,8611057.7402751353,25992014.282179277,26712492.639341004,0.0043146095485248328,50373098.820334882,-720478.36147633637,965445.03773428116,3138229787939442.5,-1079860513300260,-763235758314282.5
0_11:30210332223,0,796,0.66279867660008429,0.077031431668315747,9.0751771550778947e-10,8874717.6028619874,25983510.517560054,26650145.221705269,0.0041967612243028422,50278277.658333808,-666634.70834197663,968914.07107769907,4334907703413958.5,-1045806515800922.2,-739166697278236.75
0_11:30210332223,1,796,0.85190919155161815,0.14096321424457542,9.3640722571091171e-10,8575821.7165348735,26023201.159749456,26600426.786210071,0.0043303590308665686,50158972.170725711,-577225.6307909746,916652.57324160123,4712930808086645,-1079688258753689.6,-763114010340488.25
0_11:30210332223,3,796,0.99034769674153,0.11415495854854771,9.5755581498535748e-10,8357014.741570292,25966477.964850578,26676190.55926086,0.0044281594130508861,50285654.033521608,-709712.59883844107,955324.53114854475,4045036422128921.5,-1110755388309097,-785071979812306.88
0_11:30210332230,0,796,0.30535199321671591,0.13238455468988169,8.5291229280391425e-10,9439674.7829105966,25960203.198188234,26693965.348121002,0.0039442417233341333,50420466.124645703,-733762.15387700987,1144557.4170469509,6547453918834403,-985996374346676.62,-696893423919807.62
0_11:30210332230,1,796,0.49446250816824983,0.24160352266054888,8.818018030070365e-10,9140778.8965834826,26097811.197499156,26559367.146486778,0.0040778395298978597,50133077.979250431,-461555.95306546136,955318.38041218556,7203835804338508,-1012433855116152.4,-715579199012501.88
0_11:30210332230,2,796,0.68357302311978374,0.17222200532609433,9.1069131321015874e-10,8841883.0102563705,26137718.0249619,26412318.780538063,0.0042114373364615862,49826615.92422834,-274600.75978760089,766079.34377742023,7962930488766135,-1040260532627033.8,-735246845944489.62
0_11:30210332230,3,796,0.63290101335828786,0.19623284165799418,9.029503922815016e-10,8921971.9216187019,25992776.724073276,26606618.009544622,0.0041756399120822674,50200561.059602082,-613841.28964698617,1012192.2577334179,6086517793459300,-1038659535936096.6,-734115275794071.12
0_11:30210332230,4,796,0.82201152830982183,0.35830477319538773,9.3183990248462384e-10,8623076.0352915879,26087591.381478198,26544878.784669291,0.0043092377186459939,50057986.063093893,-457287.40750033106,906966.81377521635,6702753490907487,-1071609737577869.8,-757404183784426.12
0_11:30210332230,6,796,0.96045003349973401,0.11359485472146741,9.5298849175906981e-10,8404269.0603270065,26045273.726780936,26531081.072530251,0.0044070381008303131,50015412.307728358,-485807.35015635297,879827.0984198848,5662093394262148,-1098574210086104.6,-776462431927485
0_11:30210332231,0,796,0.79363324321671269,0.18564007451917516,9.2750468740176827e-10,8667928.922914058,26175365.446403626,26365980.183765016,0.0042891897766082331,49724255.833287269,-190614.74165057993,693019.2276330993,8449210621648871,-1058957290535586,-748461547310632.25
0_11:30210332231,1,796,0.98274375816824666,0.33709671695357263,9.5639419760489041e-10,8369033.036586944,26236728.350885279,26341743.343697414,0.0044227875831719596,49656030.828210987,-105014.9972349219,631187.78350191598,9366035034124826,-1095272575772183.9,-774128866306532.25
0_11:30210332300,0,795,0.59045862645023151,0.35861043682308802,8.8560757306356683e-10,9135035.3433439005,26147353.240703888,27387667.70564051,0.0040954390851780809,51686981.77592203,-1240314.4690320606,1692598.660759765,15191787761993732,-678972503113825.5,-1044471116131841.1
0_11:30210332300,1,795,0.77956914140176536,0.6270428369350477,8.4897027148909662e-10,9498561.4375571236,26436246.336293597,27193879.270990051,0.0039260120822850377,51366906.545330167,-757632.93862246664,1324019.4834100348,16520194648331908,-648943403267366.88,-998277010642701.62
0_11:30210332300,2,795,0.96867965635329933,0.42876575988241805,8.123329699146264e-10,9862087.5317703448,26846256.961344834,26862213.015491817,0.0037565850793919949,50792176.609040357,-15956.057903567809,955440.3060603051,17982405810042700,-618029516919494.5,-950721828025354.75
0_11:30210332300,3,795,0.91800764659180367,0.53971893381920566,8.221499052843609e-10,9764681.0083982758,26611339.542830035,26789269.233673103,0.0038019829079932099,50639752.66778148,-177929.69464505097,1266373.9059516178,14457428254764024,-622321437320924.75,-957324137944346.12
0_11:30210332300,4,796,0.10711816154333741,0.94960444797579779,8.2262905707691208e-10,9752990.3953884076,26890930.495436259,26623297.548539948,0.0038041987167087552,50326340.184849583,267632.9430921122,946937.65387228969,15734262982578636,-952539614417635.5,-673246485059954.62
0_11:30210332300,5,796,0.29622867649487133,0.65344312335949495,8.5151856728003432e-10,9454094.5090612937,26730923.861002214,26383677.187128451,0.0039377965232724821,49836076.710093983,347246.66993596702,627501.40179296152,17102585189939954,-973081912496736.38,-687765597722018.5
0_11:30210332300,6,796,0.24555666673337548,0.31744373912352575,8.4377764635137728e-10,9534183.4204236269,26107850.712655775,26635464.978816774,0.0039019990988931634,50321351.846744269,-527614.27006299759,840149.15114347101,13647213011646044,-974303562975417.88,-688629049360454.5
0_11:30210332300,7,796,0.43466718168490942,0.56198189076859284,8.7266715655449942e-10,9235287.5340965129,26349542.277625341,26471748.421460692,0.004035596905456889,49977693.203454278,-122206.14787094778,569855.82433454448,14882160942971804,-998967315639877.5,-706061169283243.5
0_11:30210332300,8,796,0.62377769663644334,0.38913928941358289,9.0155666675762177e-10,8936391.6477694008,26505046.626134984,26242945.127500206,0.0041691947120206163,49515738.875625394,262101.49446558324,299562.49752561795,16274845975900812,-1022837315822529.6,-722932272046960.38
0_11:30210332301,0,796,0.078739876450228286,0.44669082089194961,8.1829384199405651e-10,9797843.2830108758,26905249.856715638,26612820.388364386,0.0037841507746709945,50312552.657922089,292429.46456710162,765009.26587666431,18642791941404436,-947919281953311.75,-669980875373667.62
0_11:30210332301,1,796,0.2678503914017622,0.75158686046467649,8.4718335219717865e-10,9498947.3966837618,27053674.469469465,26492853.818250421,0.0039177485812347205,50047651.678079285,560820.64730129531,479173.75933483487,19465276797907916,-972598769237478.38,-687424116385019.38
0_11:30210332301,2,796,0.45696090635329611,0.49419005788158921,8.7607286240030089e-10,9200051.5103566498,27103814.983138312,26324038.151001107,0.0040513463877984478,49695065.324457303,779776.82808585837,193338.25279300538,20342740614736276,-997122464528512.5,-704757245008194.12
0_11:30210332301,3,796,0.40628889659180029,0.68390924649721752,8.6833194147164385e-10,9280140.421718983,26829315.256970167,26379478.231616497,0.0040155489634191291,49808364.360311851,449837.02133812115,490108.39902976481,17802629199850100,-990770863507485.12,-700267990181218.5
0_11:30210332301,4,796,0.5953994115433342,1.161778706564653,8.9722145167476599e-10,8981244.535391869,26954757.425350934,26381757.497778572,0.0041491467699828546,49781917.937891364,572999.9234232154,337394.74117065221,18765786795789148,-1023200154837398.8,-723188723419381.88
0_11:30210332301,5,796,0.78450992649486817,0.77136586228217052,9.2611096187788823e-10,8682348.6490647569,26844374.056062769,26418423.550199959,0.0042827445765465811,49824349.857224599,425950.50158006512,184681.0833115397,19806770097767128,-1059326685835362.1,-748722632606621.62
0_11:30210332301,6,796,0.73383791673337229,0.40914531381854702,9.1837004094923119e-10,8762437.5604270883,26728192.39273135,26248132.386502754,0.0042469471521672623,49509919.123006493,480060.00198164879,215207.53218286514,17015664743952306,-1043020332199484,-737197447613437.5
0_11:30210332301,7,796,0.92294843168490626,0.70163299450952299,9.4725955115235333e-10,8463541.6740999743,26771830.531775597,26231930.877216812,0.0043805449587309888,49455691.030495778,539899.65017824026,195615.72300646958,18098033762240388,-1078672560943213.5,-762396124207002.88
0_11:30210332302,0,796,0.4361865598334706,0.30582083077389688,8.7289926469791239e-10,9232886.102962466,26447752.726565879,26349352.836697068,0.0040366702756396136,49746356.76330746,98399.885832140499,695018.04466978984,13135913758085444,-994601925960003.75,-702975750878163.62
0_11:30210332302,1,796,0.62529707478500451,0.54307635656584419,9.0178877490103453e-10,8933990.2166353539,26696120.644948971,26235317.187844012,0.00417026808220334,49501121.779469907,460803.45293469052,469096.31031861517,14370230447268694,-1022810227810278.6,-722913126482031.38
0_11:30210332302,2,796,0.81440758973653837,0.37721949051393894,9.3067828510415677e-10,8635094.3303082399,26650814.966643374,26163917.391054526,0.0043038658887670665,49340531.717176028,486897.57128498255,243174.57596744047,15770716050616472,-1054780841787212.2,-745509670667060.88
0_11:30210332302,3,796,0.7637355799750426,0.4574183266398002,9.2293736417549973e-10,8715183.2416705731,26387744.396720789,26365905.95189346,0.0042680684643877477,49728041.572268561,21838.440559260904,622500.96057280363,12294802164470826,-1053295737983725.1,-744460012573567.38
0_11:30210332302,4,796,0.95284609492657646,0.81589968688602721,9.5182687437862197e-10,8416287.3553434592,26433026.903757222,26349250.409008503,0.0044016662709514742,49673479.951576367,83776.490347052764,499918.90895464271,13509468422658108,-1089505745909598.2,-770052922507283.25
0_11:30210332303,0,796,0.92446780983346744,0.39754366502817096,9.474916592957663e-10,8461140.2429659273,26637580.186562724,26212700.884479612,0.0043816183289137134,49419262.185349338,424879.29770149395,179975.18177936209,16527572436939470,-1078183937568838.2,-762050769573623.62
0_11:30210332310,0,796,0.56702112645022507,0.50163733445847081,8.9288623659191042e-10,9026097.4230143372,27201416.352022585,26396014.870819204,0.0041290988279450939,49813179.398167998,805401.47707428213,104113.40426299868,20604531590588224,-1018754967007608.5,-720046904395228
0_11:30210332310,1,796,0.75613164140175904,0.80292498593217621,9.2177574679503266e-10,8727201.5366872251,27145921.872996952,26419122.398880634,0.0042626966345088212,49829428.052414447,726799.46985362133,83328.461797520475,20568565878683784,-1053989758624928.9,-744950540159168.12
0_11:30210332310,2,796,0.94524215635329289,0.50201898307613391,9.506652569981549e-10,8428305.6503601111,26827055.383110642,26538805.51336921,0.0043962944410725477,50031688.930964626,288249.86534513795,62543.51933204227,20540124994316292,-1095797690445723.8,-774500012663978.38
0_11:30210332310,3,796,0.89457014659179712,0.78789499952789976,9.4292433606949786e-10,8508394.5617224444,26800242.013344686,26519208.514819875,0.0043604970166932289,50000638.984875932,281033.49416431412,131833.31609690908,20183067936972736,-1084809368076981.2,-766733564634429
0_11:30210333000,7,795,0.0048804481519404046,0.37232988749469409,9.9905448699768481e-10,8009381.6584188333,26084318.065427598,25544078.350242931,0.0046200675318515735,48113185.775327295,540239.71056459867,-1820740.7949277973,10115268526509064,-720852437711451,-1108895495369739.6
0_11:30210333000,8,795,0.19399096310347433,0.20557993441290306,9.624171854232146e-10,8372907.7526320554,26115876.039934341,25464414.645572785,0.0044506405289585303,47987379.426724978,651461.38991091505,-1901445.2680913075,9119054934980098,-687752176582876.75,-1057976987585306.6
0_11:30210333001,2,795,0.027174172820327115,0.12622897239481637,9.9473541508302574e-10,8052236.7617230611,26080848.072915286,25640402.964561664,0.0046000942429265477,48297188.162909351,440445.10375352803,-1640004.7065556601,6047659393216608,-719758093439646.25,-1107212053142311.6
0_11:30210333001,4,795,0.16561267801036519,0.39766104176883593,9.6791504887829013e-10,8318356.3325642133,26085721.836242069,25647072.391480464,0.0044760650686347199,48327555.798733391,438649.44028553902,-1653606.9540430075,7196721966704774,-697169784989676.12,-1072464201601826.6
0_11:30210333001,5,795,0.35472319296189914,0.21798685569550522,9.312777473038197e-10,8681882.4267774336,26015092.308574419,25653784.186731558,0.0043066380657416758,48369648.468944624,361308.11753622309,-1587741.9572052713,6515747587480856,-668559827343932.5,-1028453178684563
0_11:30210333001,6,795,0.30405118320040331,0.190908081446094,9.4109468267355431e-10,8584475.9034053627,26112986.266747274,25467424.818899713,0.0043520358943428912,48009861.534712836,645561.44349552412,-1875463.1079730664,8586047924665560,-671116495518787,-1032386130387205.5
0_11:30210333001,7,795,0.49316169815193722,0.26803271108845617,9.0445738109908409e-10,8948001.9976185858,26115443.491013393,25575169.20118966,0.0041826088914498488,48246681.747845046,540274.28564112436,-1705471.1579139745,7748644795290920,-647027326466350,-995329487928932.75
0_11:30210333001,8,795,0.68227221310347108,0.14702885745599001,8.6782007952461388e-10,9311528.091831807,25976252.157991517,25673768.430275224,0.0040131818885568056,48472593.361006737,302483.72370311129,-1535479.2078548823,7026744189495949,-624678478757592.62,-960950001567446
0_11:30210333002,0,795,0.0063998263005015854,0.27443046376988051,9.9876013046521603e-10,8012302.3506083768,26089756.964199591,25542037.742673326,0.0046187062977285634,48109514.214065962,547719.21690755885,-1768840.1982784914,11713330170823118,-720534679428676.88,-1108406684192928.9
0_11:30210333002,1,795,0.19551034125203551,0.38799530530308313,9.6212282889074602e-10,8375828.4448215989,26187165.122892655,25505362.638398975,0.0044492792948355219,48064764.252862722,681802.48004440102,-1807237.815275593,10535159661067736,-688621041886646.38,-1059313572954278.9
0_11:30210333002,2,795,0.38462085620356939,0.21451320232846188,9.254855273162757e-10,8739354.5390348211,26009538.042773485,25501941.740740128,0.0042798522919424778,48088521.709858388,507596.297753505,-1845635.4322726945,9513622659709356,-660303066937211.88,-1015751710336300.6
0_11:30210333002,3,795,0.33394884644207357,0.4691665789587891,9.353024626860102e-10,8641948.0156627502,26165361.338137645,25579289.609101776,0.0043252501205436932,48225675.756906077,586071.72471061908,-1667545.8182025016,12518018280438132,-669650069675665.38,-1030130310850971.6
0_11:30210333002,4,795,0.52305936139360754,0.66512146091955937,8.9866516111153998e-10,9005474.1098759715,26233115.610613257,25640333.216053672,0.00415582311765065,48375505.060742453,592782.39040376141,-1566661.5461588171,11295097629291214,-644614657313398.75,-991618051557823.38
0_11:30210333002,5,795,0.71216987634514139,0.36876800182160008,8.6202785953706977e-10,9369000.2040891927,26121154.80211629,25678652.645385955,0.0039863961147576068,48488692.180911355,442502.15274393908,-1465777.2741151331,10232289881397810,-621052720135819,-955372455883134.62
0_11:30210333002,6,795,0.66149786658364562,0.31345435675236244,8.7184479490680427e-10,9271593.6807171218,26259420.345203895,25610121.343705282,0.0040317939433588221,48347752.187777333,649298.99746681959,-1566251.4381265116,13389852083691954,-625753291431752.12,-962603398116295.38
0_11:30210333002,7,795,0.85060838153517948,0.44556040111703754,8.3520749333233405e-10,9635119.7749303449,26336679.664154954,25872140.661911473,0.0038623669404657789,48888215.371927127,464538.99838111462,-1326085.2770420415,12127346553653822,-608875237844864.75,-936639696512500.12
0_11:30210333002,8,796,0.039718896486713416,0.2477173600378911,8.1233279324390783e-10,9859517.3279180899,26198581.821612999,26050480.713004854,0.003756584262388857,49257684.455640107,148101.10485156102,-1085919.1159575717,11002074913215966,-922239738332630.5,-651830803482812.62
0_11:30210333003,0,795,0.4946810763004984,0.19930590482092783,9.0416302456661541e-10,8950922.6898081284,25898789.280861735,25558326.604264721,0.0041812476573268387,48215203.671713918,340462.6724157664,-1801745.6466043808,8965407845352184,-646394192096748.5,-994355530134403.12
0_11:30210333003,1,795,0.68379159125203226,0.27995169916800794,8.6752572299214519e-10,9314448.7840213496,25879671.424114678,25760027.399442513,0.0040118206544337955,48635798.859931082,119644.02066034486,-1612521.1466238117,8101898105487924,-626585211697869.75,-963883150514072.25
0_11:30210333003,2,795,0.87290210620356623,0.15365624461453969,8.3088842141767487e-10,9677974.8782345708,25840452.646738257,25876374.709475841,0.0038423936515407523,48902042.035333097,-35922.066579977763,-1423296.646643243,7355523423028746,-606350514241431.38,-932755885507033.88
0_11:30210333003,3,795,0.82223009644207035,0.34301399728897325,8.4070535678740948e-10,9580568.3548625018,26117658.741756469,25754034.258029532,0.0038877914801419677,48657789.862242445,363624.47983914585,-1392425.0473562246,9656590888155762,-609455991251172.75,-937533076076034.88
0_11:30210333003,4,796,0.01134061139360412,0.48234927366112185,8.0799757816105226e-10,9904370.2155405618,26291008.251957547,25936789.933250986,0.0037365363203510967,49048804.285676599,354218.31497002457,-1241235.002939305,8732911063058944,-914170184967889.75,-646127315295461
0_11:30210333003,5,796,0.20045112634513804,0.26509477836453083,8.368870883641744e-10,9605474.329213446,26016810.413215298,26098944.92252785,0.0038701341269148227,49316413.770685427,-82134.513182685594,-1090044.9585223852,7817957702829909,-947759542661312,-669867973069934.5
0_11:30210333003,6,796,0.1497791165836424,0.2306671324539746,8.2914616743551746e-10,9685563.2405757792,26074967.031237543,26261517.969267469,0.0038343367025355044,49633718.196937434,-186550.94186426298,-983104.44810806878,10329747815656244,-945970129998912.88,-668603232195069.75
0_11:30210333003,7,796,0.33888963153517632,0.32469560717963791,8.580356776386396e-10,9386667.3542486653,26031702.339497104,26411717.406168621,0.0039679345090992309,49881198.421676636,-380015.07063945127,-869948.85925479827,9224581591655118,-980959201737066.62,-693333195344816.88
0_11:30210333003,8,796,0.52800014648671023,0.17866444716144866,8.8692518784176184e-10,9087771.4679215513,25994515.116437569,26511880.307851844,0.0041015323156629573,50038002.632642768,-517365.19551580661,-756793.27040152787,8252249487917029,-1016407971010658.9,-718388068603540.5
0_11:30210333010,0,795,0.13723439291725609,0.1168899125836957,9.7341291233336545e-10,8263804.9124963693,26073460.538915999,25642002.650301423,0.0045014896083109086,48314096.431972884,431457.88411308668,-1628372.2086813173,5717050272528851,-701576529603558.75,-1079243146911484.2
0_11:30210333010,1,795,0.32634490786879,0.16382252857638444,9.3677561075889523e-10,8627331.0067095906,26035469.794302993,25696879.734220732,0.0043320626054178654,48446098.796869271,338590.05575019791,-1550135.2702151223,5213804440702612,-673850562948880.62,-1036591977379820.8
0_11:30210333010,2,795,0.51545542282032397,0.089566709800759189,9.0013830918442491e-10,8990857.1009228118,25909071.502503652,25755828.466915987,0.0041626356025248222,48591889.300520942,153243.0314250291,-1471898.3317489272,4779454164957755,-648550705522533.75,-997672919239931.5
0_11:30210333010,3,795,0.46478341305882809,0.20191436132433246,9.0995524455415952e-10,8893450.5775507428,25993150.937875438,25687547.594934337,0.0042080334311260376,48453215.667532347,305603.3387330682,-1530456.5214415151,6163792769618442,-653782896682880.25,-1005721658350867.5
0_11:30210333010,4,795,0.65389392801036206,0.28302114569425019,8.733179429796892e-10,9256976.671763964,26000843.125648431,25784798.577359751,0.0040386064282329943,48675810.782457769,216044.54425007419,-1399460.5952869866,5627038216529959,-630994060048239.12,-970665332025470.5
0_11:30210333010,5,795,0.84300444296189592,0.15479603257729155,8.3668064140521898e-10,9620502.7659771852,25968341.938998464,25848768.668662108,0.0038691794253399507,48842087.166814327,119573.26646717658,-1268464.6691324576,5164270903098179,-609224964909161.75,-937177685629161.75
0_11:30210333010,6,795,0.79233243320040014,0.13621446266541853,8.4649757677495348e-10,9523096.2426051162,25937242.698390063,25768347.875723552,0.0039145772539411657,48677346.915098153,168894.81875193369,-1432540.8342017131,6653836288011444,-613380509972363.5,-943570207815838.5
0_11:30210333010,7,795,0.981442948151934,0.19092732511407254,8.0986027520048327e-10,9886622.3368183374,26026739.706697274,25960824.912360173,0.0037451502510481229,49091409.879253946,65914.790591951023,-1248785.9203588504,6085060927681779,-595852555585678.88,-916606756427440.62
0_11:30210333010,8,796,0.17055346310346792,0.10445062290372138,8.3231976513790586e-10,9652728.647969963,25885577.189645462,26124157.712507103,0.0038490128146943373,49369951.554155745,-238580.52671065371,-1065031.0065159879,5482756803592587,-944143694839178.12,-667312324150018.75
0_11:30210333011,0,795,0.62551564291725292,0.082899400319893457,8.7881580643476462e-10,9202425.2516961209,25877724.340866957,25817984.386872165,0.0040640309679091831,48732180.767121844,59739.949930760988,-1410058.4580221325,4560869941253954,-635469621551126.25,-977550139137392
0_11:30210333011,1,795,0.81462615786878678,0.11620157546409289,8.4217850486029451e-10,9565951.3459093422,25903743.172108531,25930247.158676732,0.0038946039650161403,48988782.39491611,-26503.990462805297,-1275783.1853604121,4235383082975155.5,-614539388170420.38,-945352923315264.75
0_11:30210333011,2,796,0.0037366728203207214,0.06346291999790514,8.0683596078058509e-10,9916388.5105572119,25934526.591868084,25993197.911177933,0.0037311644904721689,49157129.374610059,-58671.323041013784,-1141507.9126986919,3953407809480480,-915078757562193.62,-646769486283709.88
0_11:30210333011,3,795,0.95306466305882487,0.1432908565565017,8.1535813865555869e-10,9832070.9167504944,26000608.403394297,25917963.602113888,0.003770574790724312,49002377.268298469,82644.797509834301,-1202804.867125415,4931986976544742,-598071893701561.75,-920020789467570.25
0_11:30210333011,4,796,0.14217517801035881,0.20085981745265338,8.2798455005505029e-10,9697581.5355924293,25984544.498870596,26044222.541968372,0.0038289648726565766,49224564.601149462,-59678.046926740302,-1108161.4304251038,4490873959114237,-937009377999831.12,-662269852779071.25
0_11:30210333011,5,796,0.3312856929618927,0.10973351187378955,8.5687406025817253e-10,9398685.6492653191,25937079.673801452,26153794.087290645,0.0039625626792203035,49395453.174136393,-216714.41745175541,-1013517.9937247927,4067501857543598,-970164421181535.62,-685703540938844.5
0_11:30210333011,6,796,0.28061368320039692,0.096690696696861145,8.4913313932951549e-10,9478774.5606276505,25884257.434040032,26213968.84829016,0.0039267652548409847,49518416.992361121,-329711.4181768932,-995551.27622869774,5160605205614232,-964361918406728.75,-681602383844104.88
0_11:30210333011,7,796,0.46972419815193084,0.13552085103609324,8.7802264953263763e-10,9179878.6743005365,25923667.796756864,26280246.742680412,0.0040603630614047112,49610273.540120967,-356578.94998391124,-940539.67548979563,4656097166682916,-997608576418624.62,-705100824546945.5
0_11:30210333011,8,796,0.65883471310346475,0.074048701633496125,9.0691215973575987e-10,8880982.7879734226,25950211.217758384,26340466.167547643,0.0041939608679684376,49694607.881021835,-390254.95398322045,-885528.07475089352,4205521732041751.5,-1032936760711512.9,-730070469419173.38
0_11:30210333012,0,795,0.98296232630049518,0.14238203829230023,8.0956591866801469e-10,9889543.02900788,25939952.962257426,25961796.298083305,0.0037437890169251136,49093679.146466054,-21843.339569668144,-1318433.8756234637,6968457877553558,-595704116993980.62,-916378411655248.62
0_11:30210333012,1,796,0.17207284125202893,0.19959076325626804,8.3255187328131883e-10,9650327.216835916,25943410.030430324,26117613.500853375,0.003850086184877062,49357282.093094274,-174203.47427313641,-1147298.3361759798,6259090585562240,-944136290629664.62,-667307090920918.25
0_11:30210333012,2,796,0.36118335620356284,0.10921600115222424,8.6144138348444097e-10,9351431.3305088021,25928119.918577299,26245565.765056897,0.003983683991440788,49563414.801421516,-317445.85046328243,-976162.79672849667,5620727217287525,-978382385859634.75,-691511924915882.12
0_11:30210333012,3,796,0.31051134644206702,0.24576116716788854,8.5370046255578392e-10,9431520.2418711353,26015242.167950753,26237735.777333312,0.0039478865670614692,49557776.193175182,-222493.61333044519,-1024221.9498659216,7333282983470157,-969963970762252.75,-685561864374249.88
0_11:30210333012,4,796,0.49962186139360093,0.34462308602505198,8.8258997275890617e-10,9132624.3555440214,26025414.433765873,26334292.201779936,0.0040814843736251957,49707390.20936241,-308877.77209554659,-949211.77313627012,6563103524963212,-1004733450082640.9,-710136621565978.38
0_11:30210333012,5,796,0.68873237634513484,0.18868692153165778,9.1147948296202841e-10,8833728.4692169074,25995299.172528617,26424116.625495493,0.004215082180188923,49848140.194305994,-428817.45718195848,-874201.5964066186,5883242533018716,-1041670602084698.4,-736243470433061.12
0_11:30210333012,6,796,0.63806036658363918,0.16570107367248274,9.0373856203337127e-10,8913817.3805792406,26051041.563671626,26545462.142387103,0.0041792847558096034,50084408.919012979,-494420.58289476187,-730010.02410837961,7730870931791475,-1037204313493547.6,-733086737579389.75
0_11:30210333012,7,796,0.82717088153517315,0.23240432652116644,9.3262807223649351e-10,8614921.4942521267,26096231.467832454,26521888.271236174,0.0043128825623733298,50013975.839601211,-425656.80771660281,-751125.21009656007,6903011433908226,-1071681045756569.2,-757454583767732.62
0_11:30210333013,0,796,0.4712435763004918,0.10110850452442446,8.7825475767605049e-10,9177477.2431664895,25982208.070620649,26307414.986240793,0.0040614364315874349,49661308.550345749,-325206.91968158091,-915805.31698748306,5285507024599083,-998896143395200.88,-706010865376889.5
0_11:30210333013,1,796,0.66035409125202571,0.14171002514266215,9.0714426787917274e-10,8878581.3568393774,26032504.520339053,26333470.628596317,0.0041950342381511614,49681190.501582362,-300966.11245229811,-879522.87989544717,4760835912014179,-1032937178979643.1,-730070765047349
0_11:30210333013,2,796,0.84946460620355968,0.07744119941924929,9.3603377808229488e-10,8579685.4705122635,26018167.601995789,26380179.355561577,0.0043286320447148878,49743965.242626242,-362011.7578944203,-843240.44280341128,4294133560934672,-1070272897919549.5,-756459317463456.25
0_11:30210333013,3,796,0.7987925964420638,0.17471222575039169,9.2829285715363794e-10,8659774.3818745967,26007450.788926959,26442052.78555847,0.0042928346203355691,49867053.705871664,-434602.00092434516,-849012.58298809803,5524519646382895,-1062998437559523.4,-751317793904785.38
0_11:30210333013,4,796,0.98790311139359777,0.24488317691177008,9.5718236735676008e-10,8360878.4955474827,25996631.659285918,26436802.647861637,0.0044264324268992955,49834663.302691102,-440170.99300215172,-837460.92485130555,4964726468703324,-1100284791774121.4,-777671455774298.38
0_11:30210333020,0,795,0.85212775968374066,0.32520047327346496,8.3491313679986537e-10,9638040.4671198875,26128564.446850374,25957988.798728034,0.0038610057063427692,49050830.154243261,170575.64426133473,-1383649.8937848241,13922037411979060,-610715387488024.88,-939470419616641.62
0_11:30210333020,1,796,0.041238274635274595,0.46316772597834527,8.125649013873208e-10,9857115.8967840448,26368263.795161217,26167799.23226418,0.0037576576325715817,49479190.416378476,200464.55913938009,-1144029.6056848064,12607717873773288,-926612631176206.25,-654921525056929
0_11:30210333020,2,796,0.23034878958680852,0.25802247739908651,8.4145441159044304e-10,9558220.0104569308,26103363.139463522,26276414.553452987,0.0038912554391353086,49645934.456267267,-173051.41788072113,-904409.31758478901,11355771955272910,-958809129423425.38,-677677722225097.88
0_11:30210333020,3,796,0.1796767798253126,0.55231917996152524,8.33713490661786e-10,9638308.9218192641,26600398.855536059,26218240.387595985,0.0038554580147559898,49545934.085078046,382158.46408461547,-857435.58723472676,14704843708260560,-948926712806692.12,-670692918495773.25
0_11:30210333020,4,796,0.36878729477684652,0.7898907028719242,8.6260300086490824e-10,9339413.0354921501,26471298.946434639,26427011.356513999,0.0039890558213197163,49904708.603277773,44287.585931584174,-758973.07614113786,13262061087587968,-986387216982925.25,-697169668001505.62
0_11:30210333020,5,796,0.55789780972838043,0.44186119372500249,8.9149251106803038e-10,9040517.149165038,26312910.49593363,26582651.12207089,0.0041226536278834427,50166820.002090886,-269740.63025991397,-660510.5650475492,11982275892750956,-1024350991507359.5,-724002124490793.25
0_11:30210333020,6,796,0.50722579996688455,0.36659093687553496,8.8375159013937334e-10,9120606.0605273694,26414302.820599977,26758196.33791016,0.004086856203504124,50506280.352022387,-343893.5213970397,-331221.2806846294,15467058730886440,-1022226607443615.2,-722500628823647.12
0_11:30210333020,7,796,0.69633631491841852,0.52643818587604885,9.1264110034249558e-10,8821710.1742002554,26513109.398594677,26737074.296701834,0.0042204540100678504,50437437.014065459,-223964.90232761018,-373916.54659746937,13981344669904870,-1055420968105892.5,-745962106227244.38
0_11:30210333020,8,796,0.88544682986995249,0.29570504972884437,9.4153061054561783e-10,8522814.2878731433,26407961.943622433,26766439.047922663,0.0043540518166315769,50467881.620634474,-358477.10865428258,-416611.81251030945,12663841678407232,-1093094085103321.2,-772589128574528
0_11:30210333021,0,796,0.3404090096837375,0.24046016563971345,8.5826778578205257e-10,9384265.9231146183,26192763.80188765,26424462.264900401,0.0039690078792819555,49904992.800479077,-231698.46698175906,-811716.72556078725,10661887810637980,-981678286811555.25,-693841438247821.62
0_11:30210333021,1,796,0.52951952463527141,0.33876859114952745,8.8715729598517481e-10,9085370.0367875062,26277847.775680076,26488252.409145579,0.004102605685845682,49993164.608168997,-210404.6375681081,-732799.69301192299,9516850485908470,-1015765603409731,-717934048925098.5
0_11:30210333021,2,796,0.71863003958680527,0.18658518525156706,9.1604680618829695e-10,8786474.1504603922,26226356.064796172,26576916.889011368,0.0042362034924094075,50132183.464816011,-350560.82845139957,-653882.6604630592,8513299768346954,-1053240325249385,-744420847348250.25
0_11:30210333021,3,796,0.66795802982530939,0.41250583326414064,9.083058852596398e-10,8866563.0618227255,26297338.136296812,26646020.21686146,0.0042004060680300888,50269744.87629813,-348682.08476505399,-632064.84340300062,11256479729022244,-1046590691477223.5,-739720945636781.12
0_11:30210333021,4,796,0.85706854477684336,0.58227032194424844,9.3719539546276215e-10,8567667.1754956115,26269330.90848868,26641757.280082006,0.0043340038745938161,50236266.123757444,-372426.37592733023,-632773.86892967299,10050063304753018,-1082381246434461.4,-765017389961605.62
0_11:30210333021,6,796,0.99550704996688144,0.27653448446697737,9.5834398473722735e-10,8348860.2005308308,26292296.017685302,26711945.414735958,0.0044318042567782238,50352490.900225222,-419649.40148246061,-452412.96124521445,11903199689102108,-1113318086600862.2,-786883272057884.5
0_11:30210333022,0,796,0.69785569306697959,0.37859067341536995,9.1287320848590834e-10,8819308.7430662084,26785622.641464211,26743126.949649077,0.0042215273802505742,50448638.515208997,42495.687593606759,-183722.55383384624,15879422119661720,-1055942810404908.1,-746330939699627.12
0_11:30210333022,1,796,0.88696620801851356,0.54524998177501738,9.4176271868903059e-10,8520412.8567390963,26662626.412259176,26698065.107593831,0.0043551251868143006,50338779.488761656,-35438.699689779489,-267770.75504039141,14386241542303004,-1090605130242945.1,-770829957527090
0_11:30210333030,0,796,0.82869025968373433,0.17310748877533697,9.3286018037990648e-10,8612520.0631180797,26192800.632397726,26569248.667339318,0.0043139559325560545,50103093.614519663,-376448.03925554728,-644315.95911067468,7971743268494565,-1073889978145331.8,-759015837435254.5
0_11:30210333100,0,796,0.1137968929172497,0.058717159211570912,8.2364933497219461e-10,9742434.4232148994,25928955.862340771,26061284.500936825,0.0038089169306188158,49262587.196183927,-132328.64240497109,-1078554.890416645,3743781188736496.5,-933415953192784,-659730052245787.5
0_11:30210333100,1,796,0.30290740786878362,0.082293174647196501,8.5253884517531686e-10,9443538.5368877873,25956326.250651818,26143131.347698167,0.0039425147371825427,49380480.862235934,-186805.10098886394,-996492.6262093978,3417637300294226,-965263871998673.25,-682239876580651.12
0_11:30210333100,2,796,0.49201792282031753,0.044876812796640041,8.814283553784391e-10,9144642.6505606733,25979082.750223733,26217973.210428022,0.0040761125437462692,49489064.802097052,-238890.46428040092,-914430.36200215097,3122183343926540,-999005782028801.5,-706088356983097.88
0_11:30210333100,3,796,0.4413459130588217,0.10154215590561073,8.7368743444978195e-10,9224731.5619230047,25949671.025081605,26213069.037800062,0.0040403151193669495,49488189.496516928,-263398.01675877284,-972890.46331492066,3846370718519245,-990314920501665.38,-699945733740216.38
0_11:30210333100,4,796,0.63045642801035562,0.1423359777678373,9.025769446529042e-10,8925835.6755958926,25973223.883714639,26260728.548866011,0.004173912925930676,49548306.969073549,-287504.66932528547,-927917.73006293841,3501570304898524,-1024720503799338.5,-724263292475826
0_11:30210333100,5,796,0.81956694296188948,0.07765743152184805,9.3146645485602644e-10,8626939.7892687786,25975658.109231208,26311812.370547716,0.0043075107324944033,49618781.386452727,-336154.26562401879,-882944.99681095628,3190382278709777,-1061731789685130.9,-750422538509276.38
0_11:30210333100,6,796,0.7688949332003937,0.068524162317587733,9.237255339273694e-10,8707028.7006311119,25977684.433074608,26354430.598700669,0.0042717133081150846,49705713.962499306,-376746.16989777354,-867226.03621319635,3969330182230022.5,-1053808832126393.9,-744822662927240.88
0_11:30210333100,7,796,0.95800544815192756,0.09605223806091763,9.5261504413049164e-10,8408132.8143039979,25988794.221089564,26349722.41817208,0.004405311114678811,49673793.64188078,-360928.20148782694,-859342.83391647914,3602519831860146.5,-1090569278791200,-770804618041459.88
0_11:30210333101,0,796,0.60207814291724648,0.04148777132861263,8.9824172957004863e-10,8970688.5632183608,25997527.633306637,26246456.664625358,0.0041538649838929161,49525600.905541889,-248929.03547258541,-883360.31466645643,2967145678703673,-1019129723034809.8,-720311778605443.75
0_11:30210333101,1,796,0.79118865786878045,0.058077383964990278,9.2713123977317087e-10,8671792.6768912468,26015252.876869429,26268896.760158382,0.0042874627904566425,49541479.889823742,-253643.88757641625,-858650.61992165085,2725898391163617,-1054594696880549.5,-745378105110914.38
0_11:30210333101,2,796,0.98029917282031431,0.031583963192855169,9.5602074997629301e-10,8372896.7905641347,26011101.748771705,26300239.034962449,0.0044210605970203681,49578057.746924721,-289137.2906118051,-833940.92517684528,2505952272381216.5,-1093048078150533.6,-772556611271537.38
0_11:30210333101,3,796,0.92962716305881854,0.071812618876635675,9.4827982904763597e-10,8452985.7019264661,25979689.276789129,26321580.625223842,0.0043852631726410494,49623943.39232523,-341891.35281997593,-864237.31572828547,3027017053527302,-1083693908597612.6,-765945167845104
0_11:30210333102,0,796,0.95952482630048863,0.071666938747638798,9.5284715227390461e-10,8405731.3831699509,26002578.292184342,26382263.383195698,0.0044063844848615356,49734969.684664242,-379685.09541774105,-833128.83345856948,4049333366434761.5,-1092224323734990.9,-771974389013877.38
0_11:30211220023,5,795,0.032333526045678233,0.0020290198525460511,9.9373586844176764e-10,8062154.557817895,26224144.344601329,26265531.938165259,0.0045954718994568478,49475325.224249363,-41387.598159401103,-664270.39930022333,1293242301036300.8,-736408485390037,-1132825540263956.8
0_11:30211220023,7,795,0.17077203123571633,0.0033005353939068783,9.6691550223703182e-10,8328274.1286590453,26210075.327754237,26239847.577733632,0.0044714427251650191,49445281.39442955,-29772.254450838143,-693658.04746746842,1357422826848393,-712444580433142.25,-1095961592987127.1
0_11:30211220023,8,795,0.35988254618725024,0.0015138785461414883,9.302782006625616e-10,8691800.2228722665,26205759.438343309,26233986.233032774,0.0043020157222719768,49464513.396211781,-28226.798991481035,-677114.65248223126,1387266370158944.2,-682912797733062,-1050532516114856.5
0_11:30211220030,8,795,0.0024358628040077588,0.00024066269239416392,9.9952808842931175e-10,8004682.4455605084,26242355.451060489,26293903.969100337,0.0046222576732560467,49525225.105097882,-51548.522662106327,-614946.01138915995,1247931185203214,-742443819979510.5,-1142109764037360.2
0_11:30211220031,6,795,0.11249608290093674,0.00015358492338591668,9.7820558567965146e-10,8216250.5963338166,26240683.122252509,26290636.940227378,0.0045236530386404076,49532858.492261603,-49953.822498522204,-608217.5240230785,1271792675451876,-723437406073857.5,-1112871981572444.6
0_11:30211220031,7,795,0.30160659785247063,0.00013814956729046651,9.4156828410518103e-10,8579776.6905470379,26237270.675420716,26282977.857338402,0.0043542260357473635,49546891.937049918,-45707.186271912055,-596282.79971231415,1318848115044676.5,-692981559647099.5,-1066021406970069.1
0_11:30211220032,1,795,0.0039552409525691213,0.00089301944947974433,9.9923373189684296e-10,8007603.137750051,26236847.176907174,26284030.884463746,0.0046208964391330366,49506805.269195557,-47183.712177468253,-632235.00139410736,1259992675103276.8,-741896985914542.75,-1141268562982006
0_11:30211220032,2,795,0.19306575590410305,0.00030060511740585838,9.6259643032237274e-10,8371129.2319632731,26233281.403646667,26278072.452436291,0.0044514694362399933,49520570.558335938,-44791.053241093563,-620000.32161231257,1297631174669316.2,-709876565314923.38,-1092011186152581.4
0_11:30211220032,3,795,0.14239374614260722,0.001657509615121445,9.7241336569210735e-10,8273722.7085912023,26222124.116219986,26262790.13198626,0.0044968672648412087,49484487.798335209,-40666.02026314145,-655840.04781519389,1311878783809587.8,-717710605605305.38,-1104062379342867.8
0_11:30211220032,4,795,0.33150426109414111,0.0018720178593447873,9.3577606411763713e-10,8637248.8028044254,26218657.139469109,26256529.795852009,0.0043274402619481655,49502084.536912277,-37872.660710339995,-640976.48966152244,1350490380083195.5,-687747948454821.38,-1057970483407878.4
0_11:30211220032,5,795,0.52061477604567508,0.00069217988623205488,8.9913876254316681e-10,9000774.8970176466,26215965.322871089,26246904.8316781,0.0041580132590551223,49519421.960781127,-30939.512965024209,-626112.93150785111,1393423613481902.5,-660202116292878.38,-1015596416813105.4
0_11:30211220032,6,795,0.46994276628417919,0.0012547384409253121,9.0895569791290131e-10,8903368.3736455757,26203948.372907098,26229979.530894496,0.0042034110876563377,49477383.598855779,-26031.162190808252,-667210.41445448552,1408879676835620.2,-666858404896567,-1025835861201952.2
0_11:30211220032,7,795,0.65905328123571316,0.0014502237857662932,8.723183963384311e-10,9266894.4678587969,26201371.980400451,26220938.696320843,0.0040339840847632945,49500318.108496971,-19566.719954376509,-649717.97792893765,1453351995608448,-640995556128877.62,-986050747084880.5
0_11:30211220032,8,795,0.84816379618724702,0.00056581464984617263,8.3568109476396078e-10,9630420.5620720182,26199980.817586314,26207837.138718382,0.0038645570818702508,49521908.834807515,-7856.3249966246731,-632225.54140338965,1503150893924472.8,-617068488532494,-949243467138276.88
0_11:30211220033,0,795,0.30312597600103203,0.00020154751733365725,9.4127392757271245e-10,8582697.3827365804,26231372.528918102,26273755.336653367,0.0043528648016243543,49529759.432897136,-42382.812088129103,-612840.64471885597,1323216126301960.8,-692506197864532.38,-1065290152538811.4
0_11:30211220033,1,795,0.49223649095256594,0.00018575638002268915,9.0463662599824224e-10,8946223.4769498035,26228376.884992573,26263652.088192452,0.004183437798731311,49545296.820998125,-35275.207383316134,-600471.15447417391,1373650245197509,-664574905135276.75,-1022323127573677.9
0_11:30211220033,2,795,0.6813470059040998,3.1153908885365052e-05,8.6799932442377202e-10,9309749.5711630248,26226951.869324297,26249774.240974277,0.0040140107958382687,49559888.959031001,-22822.375663991341,-588101.66422949196,1428610286746292.2,-638812744598229.88,-982692903305838.75
0_11:30211220033,3,795,0.63067499614260403,0.00049705210890012101,8.7781625979350652e-10,9212343.0477909539,26214974.669193674,26240279.376503997,0.0040594086244394832,49530423.888144441,-25304.711369731296,-618120.122121269,1422511180362776.5,-645183406190643.5,-992492964417902.62
0_11:30211220033,4,795,0.81978551109413789,0.00047881418271371442,8.411789582190363e-10,9575869.1420041751,26213961.59121177,26225012.017380133,0.0038899816215464404,49546991.727348261,-11050.430058345162,-605516.45737324574,1479708530345421.5,-620898105342167.12,-955134610189302.5
0_11:30211220033,5,796,0.0088960260456718392,0.00010314583605734745,8.0762413053245476e-10,9908233.9695177488,26214197.411344357,26208157.852667581,0.0037348093341995053,49562520.342855148,6039.5549419662111,-592912.79262522259,1536676197935179.8,-923384592027147,-652639975840659.62
0_11:30211220033,6,795,0.95822401628417597,0.00042059064286705975,8.1435859201430059e-10,9841988.7128453273,26200281.055985484,26198631.610662147,0.0037659524472546122,49534484.179698594,1649.4415573844221,-623399.59952368203,1536765662661854.8,-603957012651206.75,-929073934815451.75
0_11:30211220033,7,796,0.14733453123570991,0.00041332212259947461,8.2877271980691996e-10,9689426.9945529699,26200561.404052142,26217734.53467463,0.003832609716383913,49551462.897819482,-17173.134455097232,-610561.76027231768,1504616526323780,-944025834715987.75,-667229021668457.25
0_11:30211220033,8,796,0.33644504618724386,9.7856257999536428e-05,8.576622300100421e-10,9390531.108225856,26202353.225961786,26245298.6832656,0.0039662075229476394,49567340.77546905,-42945.461270022111,-597723.92102095322,1448585960861844.5,-974385827100744.25,-688687192908905.75
0_11:30211220122,3,796,0.11895624614260082,4.1158750920566879e-05,8.2443750472406428e-10,9734279.8821754381,26214825.836917676,26224641.447421394,0.0038125617743461518,49570310.577790983,-9815.6143162800308,-586381.8801298429,1504140587121545.5,-940033443587155,-664407235305152.62
0_11:30211220122,6,796,0.44650526628417281,4.5682107653652114e-05,8.7447560420165162e-10,9216577.0208835434,26203583.719663598,26259242.361996256,0.0040439599630942855,49574492.788213491,-55658.646376618133,-591111.05744600901,1419012824178505.5,-992919675359331.88,-701786751190644.25
0_11:30211220200,2,795,0.062231189287348707,0.0032718893909088856,9.8794364845422353e-10,8119626.6700752797,26206304.681312758,26227415.727426544,0.0045686861256576498,49407212.17084872,-21111.050682471483,-726186.41908540856,1375548244535711,-730189416509222.75,-1123258675942566.4
0_11:30211220200,3,795,0.011559179525852885,0.0089644766907252538,9.9776058382395792e-10,8022220.1467032116,26191016.37027077,26204807.625488129,0.0046140839542588644,49358471.572715566,-13791.259831442425,-775578.01493115246,1451286099526108.5,-738326358589539,-1135775826397926.5
0_11:30211220200,4,795,0.20066969447738681,0.01189459896951209,9.6112328224948771e-10,8385746.2409164319,26187100.160277225,26203995.493563823,0.0044446569513658211,49382101.708403096,-16895.337731255277,-754300.31875145459,1462416747550367,-706657706393213.75,-1087059578900136.6
0_11:30211220200,5,795,0.38978020942892072,0.0059753787645175568,9.2448598067501749e-10,8749272.335129654,26181156.848520245,26200363.061191734,0.0042752299484727779,49406453.231639601,-19206.216946718472,-733022.62257175671,1479066015911777.5,-677630568657118,-1042406803109818.8
0_11:30211220200,6,795,0.33910819966742489,0.0062270755325154331,9.343029160447521e-10,8651865.8117575832,26168894.647515252,26169293.726438958,0.0043206277770739933,49338920.725610785,-399.08324433374236,-795040.83690817619,1558667726744797.5,-684322967540766,-1052701796352617.9
0_11:30211220200,7,795,0.52821871461895875,0.0083085270300435402,8.9766561447028178e-10,9015391.9059708044,26163960.320475806,26170417.110005911,0.0041512007741809501,49376665.78968031,-6456.7936813066626,-767449.83148314047,1573996167983145.5,-657231538745485.5,-1011026743619784
0_11:30211220200,8,795,0.71732922957049272,0.0042092232778871532,8.6102831289581156e-10,9378918.0001840275,26158487.064535324,26167001.968839008,0.0039817737712879069,49412061.8920037,-8514.9082854586013,-739858.82605810475,1595870587376341.5,-632210178926529.12,-972536101513677
0_11:30211220201,0,795,0.17229140938427767,0.0028552906707205281,9.6662114570456324e-10,8331194.8208485888,26202892.598962169,26225842.996714938,0.0044700814910420108,49419110.801066317,-22950.402222850782,-716586.50817853492,1387481760092606,-711817863301036.38,-1094997506901950.4
0_11:30211220201,1,795,0.36140192433581159,0.0036088363166564192,9.2998384413009302e-10,8694720.915061811,26197258.794092473,26222537.467401352,0.0043006544881489675,49443194.35873092,-25278.677609533624,-698560.881218886,1415514693715033,-682389162458663.25,-1049727002022623.2
0_11:30211220201,2,795,0.5505124392873455,0.0016764224574100685,8.933465425556227e-10,9058247.0092750322,26191858.831910975,26215581.900525,0.0041312274852559235,49466494.27554401,-23723.072745252153,-680535.25425923709,1448500351792562,-655312148915830.88,-1008074124436418.5
0_11:30211220201,3,795,0.49984042952584967,0.0052503430987352849,9.0316347792535731e-10,8960840.4859029613,26178999.136179928,26198194.005759012,0.0041766253138571397,49423328.486534104,-19194.87375570953,-720812.23927702405,1493722642753674,-661857492911235.88,-1018142901473773
0_11:30211220201,4,795,0.68895094447738359,0.0067173948434661847,8.6652617635088699e-10,9324366.5801161844,26176888.649477497,26191923.258813959,0.0040071983109640956,49452433.304495364,-15034.613343660183,-700129.05493896862,1527227130021694,-636428431416157.5,-979025087246917.25
0_11:30211220201,5,795,0.87806145942891756,0.0031850834721310218,8.2988887477641677e-10,9687892.6743294057,26175666.719123639,26180965.616730269,0.0038377713080710528,49479045.420594424,-5298.9014444011864,-679445.87060091307,1566763678969113.8,-612876881491202,-942795470400962.12
0_11:30211220201,6,795,0.82738944966742167,0.0037179942806820645,8.3970581014615127e-10,9590486.1509573348,26157785.726564545,26164658.79668045,0.0038831691366722678,49434922.091629617,-6873.0739990743914,-725037.97037551319,1614170580880784.2,-618549524770080.25,-951521762010321.25
0_11:30211220201,7,796,0.016499964618955601,0.0048007948881325473,8.0878574791292193e-10,9896215.6745010987,26159516.555210732,26160483.14376409,0.0037401811640784327,49470703.802162714,-966.59229353903345,-701697.22865905124,1644067585869383.5,-922793297022534.62,-652222053816773.88
0_11:30211220201,8,796,0.2056104795704895,0.0023110318642147448,8.3767525811604417e-10,9597319.7881739847,26157856.925928939,26197607.22930041,0.0038737789706421591,49501835.836631782,-39750.307245249394,-678356.48694258928,1565856740524734.2,-952131280762465,-672957878482428.5
0_11:30211220202,0,795,0.52973809276752015,0.0066213233990006469,8.9737125793781309e-10,9018312.5981603488,26144967.016755018,26155498.214069281,0.00414983954005794,49348828.79676801,-10531.20146410193,-796994.86228115344,1628374784746914.2,-656648279946884.88,-1010129509982818.8
0_11:30211220202,1,795,0.71884860771905412,0.0088627282672023629,8.6073395636334288e-10,9381838.6923735701,26142038.640227441,26157437.166944236,0.0039804125371648976,49394362.027315587,-15398.530697207356,-768140.93002037762,1646777744769130.5,-631786970297122.88,-971885074870498.75
0_11:30211220202,2,795,0.90795912267058798,0.0045114197997742182,8.2409665478887266e-10,9745364.7865867913,26142048.524607021,26152103.389095765,0.0038109855342718544,49432568.603380717,-10054.86829972878,-739286.99775960157,1672359915738880.2,-608690219637885.38,-936355080902498.12
0_11:30211220202,3,795,0.85728711290909221,0.011768622671275507,8.3391359015860716e-10,9647958.2632147223,26128265.669368453,26131549.790610868,0.0038563833628730694,49380149.985493116,-3284.1250987985227,-784247.03222739976,1762042563179122.2,-614183626897023.25,-944805651706182.88
0_11:30211220202,4,796,0.046397627860625346,0.015836390018597823,8.1335307113919047e-10,9848961.3557445835,26132129.982815634,26139431.920746233,0.0037613024762989181,49424447.348996915,-7301.9416919013311,-757366.37165720109,1756048672033301.5,-926353789143470.12,-654738577821887.25
0_11:30211220202,5,796,0.23550814281215926,0.0081247548928901157,8.4224258134231261e-10,9550065.4694174714,26127961.22243049,26180308.202609666,0.0038949002828626441,49463362.833593495,-52346.984074076019,-730485.71108700254,1662661120439854.5,-956098824255788,-675762102759058.88
0_11:30211220202,6,796,0.18483613305066343,0.0081142682298903073,8.3450166041365557e-10,9630154.3807798028,26103179.260756042,26160882.204818465,0.0038591028584833253,49436520.603041202,-57702.947921525818,-771499.20217364584,1791748778182884.5,-947632924774314.75,-669778480679196.75
0_11:30211220202,7,796,0.37394664800219735,0.010965370069269835,8.6339117061677781e-10,9331258.4944526888,26106167.820016988,26198653.264129002,0.0039927006650470522,49472568.71615091,-92485.448104714684,-746591.81329402467,1694951278221880,-978700327930408.38,-691736643529534.62
0_11:30211220202,8,796,0.56305716295373132,0.0056610728055699923,8.9228068081989995e-10,9032362.6081255749,26112258.649558187,26232629.107165128,0.0041262984716107778,49505458.495899908,-120370.46173323994,-721684.4244144035,1603834712885740.5,-1011759327169784.4,-715102448689372.62
0_11:30211220203,0,796,0.018019342767516235,0.0039968381467220555,8.0901785605633479e-10,9893814.2433670517,26145404.661606032,26152234.31145744,0.0037412545342611569,49454774.443611316,-6829.6535926623901,-724206.63331548299,1681290732396981.8,-922720070153847.38,-652170297720534.5
0_11:30211220203,1,796,0.20712985771905015,0.0051882106935952589,8.3790736625945703e-10,9594918.3570399396,26146505.715190232,26189147.018325977,0.0038748523408248833,49485553.15638458,-42641.307010597571,-701237.01873667631,1600636568770306,-952056317941981.88,-672904895430976.62
0_11:30211220203,2,796,0.39624037267058404,0.0025188864458010464,8.6679687646257917e-10,9296022.4707128257,26150119.715100154,26222889.202993076,0.0040084501473886093,49514438.667712167,-72769.491901372166,-678267.40415786952,1524545340833666,-983241473435220.62,-694946284580663
0_11:30211220203,3,796,0.34556836290908821,0.0072336138764209417,8.5905595553392213e-10,9376111.3820751589,26130165.796251133,26202623.195541564,0.0039726527230092906,49485103.671882756,-72457.403263084008,-717124.0193326578,1613229775792615.8,-974265267983800.88,-688601982802685
0_11:30211220203,4,796,0.53467887786062218,0.0094728518453468125,8.8794546573704438e-10,9077215.4957480449,26133645.012171,26232609.365291279,0.0041062505295730179,49509855.39487949,-98964.3572265291,-698087.33745047241,1535645490195446,-1006849377476028.2,-711632140134107.5
0_11:30211220203,5,796,0.72378939281215604,0.0046634219589296432,9.1683497594016662e-10,8778319.609420931,26138123.277077578,26260265.396049857,0.0042398483361367444,49534174.411533147,-122142.12321212747,-679050.65556828701,1462297837153354.8,-1041643321764292.5,-736224188946447.25
0_11:30211220203,6,796,0.67311738305066027,0.005059776281782077,9.0909405501150947e-10,8858408.5207832642,26117071.87074304,26248315.413141385,0.0042040509117574247,49518708.136731938,-131243.54660239563,-710041.40534983273,1555519927511168,-1031903523355091.9,-729340186491393.5
0_11:30211220203,7,796,0.86222789800219413,0.0066715011173211387,9.3798356521463161e-10,8559512.6344561502,26122554.069634892,26269727.540085901,0.0043376487183211512,49534130.087427661,-147173.47478865724,-694937.65616426861,1479904099215583.8,-1068269912768674,-755043625462784.25
0_11:30211220210,0,795,0.66057265938427445,0.0014009921987275418,8.7202403980596241e-10,9269815.1600483414,26190386.356896102,26211088.336933728,0.0040326228506402852,49482069.05569914,-20701.984070248731,-670102.58435990545,1472248093461362,-640557355692307.75,-985376658374403.25
0_11:30211220210,1,795,0.84968317433580842,0.001642201347025925,8.353867382314922e-10,9633341.2542615626,26189789.113206871,26199489.793567754,0.0038631958477472416,49506534.237307273,-9700.6842240793212,-652276.42808226182,1520849634022649.8,-616689884814569.62,-948661056737239.12
0_11:30211220210,2,796,0.038793689287342316,0.00066065565157719314,8.121914537587234e-10,9860979.6507612336,26190351.59951153,26193597.195614789,0.0037559306464199907,49528496.053202882,-3245.5998591890775,-634450.27180461818,1549831959086139.5,-927172564115727.88,-655317280653542.88
0_11:30211220210,3,795,0.98812167952584651,0.0026977099659339539,8.0856637202675648e-10,9899460.825102713,26176465.033161659,26173739.907912616,0.0037391666734554138,49495947.433246061,2725.1215098764337,-668671.13551779033,1594927985247469,-599983554348883.88,-922961518761933.38
0_11:30211220210,4,796,0.17723219447738039,0.0032374134306596305,8.333400430331886e-10,9642172.6757964548,26176001.654810119,26203751.414542973,0.0038537310286043988,49519039.111799926,-27749.76358658465,-652327.0324627962,1533986641174606,-948031565954597,-670060236702109.38
0_11:30211220210,5,796,0.36634270942891434,0.0013667132678522524,8.6222955323631074e-10,9343276.7894693408,26177621.095562976,26233938.855697207,0.0039873288351681248,49540543.265316077,-56317.764121560132,-635982.92940780206,1469118940132856.5,-978784411202467.25,-691796072834635.75
0_11:30211220210,6,796,0.31567069966741851,0.0019762659208270956,8.5448863230765359e-10,9423365.7008316722,26159310.500714019,26216821.476772971,0.0039515314107888052,49517329.081685871,-57510.980010483923,-667239.68667567545,1524421155445757.5,-970011000759815.38,-685595104756142.88
0_11:30211220210,7,796,0.50478121461895242,0.0024104487226865238,8.8337814251077594e-10,9124469.8145045582,26162240.655955907,26243944.64943134,0.0040851292173525325,49536020.691426195,-81703.997560562653,-652377.63684333069,1459583141337169.2,-1002164399878923.1,-708320839845810.25
0_11:30211220210,8,796,0.69389172957048628,0.0010502316772858366,9.1226765271389808e-10,8825573.9281774461,26166416.635964513,26268766.419877201,0.004218727023916259,49554352.654956117,-102349.78813141552,-637515.58701098594,1398217083325248.5,-1036488156174791.4,-732580563987966.5
0_11:30211220211,0,796,0.14885390938427129,0.00050154894021548434,8.2900482795033282e-10,9687025.5634189211,26191206.035436992,26211927.876818232,0.0038336830865666372,49540180.982060052,-20721.845214923724,-625574.37299145851,1513171821808721.5,-944044870603286.12,-667242476063444.75
0_11:30211220211,1,796,0.3379644243358052,0.00050617283092687726,8.5789433815345506e-10,9388129.677091809,26192943.805700116,26239362.721270055,0.003967280893130364,49555855.938217074,-46418.919537219612,-612898.57690636779,1456227724098158.2,-974409244947841.62,-688703744433910.5
0_11:30211220211,2,796,0.52707493928733906,0.00013348986771896518,8.8678384835657731e-10,9089233.790764695,26195959.053765416,26264354.075667996,0.0041008786996940905,49570973.444200993,-68395.026003458508,-600222.78082127729,1402605024599706,-1006759338853389.9,-711568501640449.75
0_11:30211220211,3,796,0.47640292952584329,0.0010728464664597449,8.7904292742792027e-10,9169322.7021270283,26179159.409991071,26249139.427740496,0.0040650812753147718,49550449.592687756,-69980.021814506297,-627768.486501946,1434893253535521.8,-997552671024979.12,-705061311114435
0_11:30211220211,4,796,0.66551344447737726,0.0011391856667674299,9.0793243763104241e-10,8870426.8157999143,26181857.177725893,26271870.09933541,0.0041986790818784973,49564232.457089998,-90012.925808196262,-615883.72491177963,1381796241886281.2,-1031452806434239.8,-729021623800532.25
0_11:30211220211,5,796,0.85462395942891112,0.00035657777882254591,9.3682194783416455e-10,8571530.9294728022,26185586.018515624,26292460.062706627,0.0043322768884422238,49577923.064416908,-106874.04852327974,-603998.9633216135,1331569136785178.5,-1067715202657029.6,-754651561314229
0_11:30211220211,6,796,0.80395194966741534,0.00084143574597335803,9.2908102690550761e-10,8651619.8408351336,26168684.078349393,26280586.094628841,0.0042964794640629059,49561881.456009723,-111902.02057592729,-629962.60001243348,1365848581196969.2,-1057488980461525.5,-747423758874984
0_11:30211220211,7,796,0.9930624646189492,0.00091962263972271885,9.5797053710862975e-10,8352723.9545080205,26172114.002416085,26298478.14950132,0.0044300772706266315,49573359.766557924,-126364.15151531179,-618868.87291719159,1315717986444278.8,-1095584094545671.1,-774349044991078.38
0_11:30211220212,0,796,0.50630059276751305,0.0021657746185637428,8.836102506541887e-10,9122068.3833705131,26153241.525029935,26239553.059143759,0.0040862025875352563,49527486.577692032,-86311.53820002696,-667437.95397643768,1484218672322956,-1002255525472547.8,-708385246600845
0_11:30211220212,1,796,0.69541110771904691,0.0026668542260840583,9.1249976085731084e-10,8823172.497043401,26157183.053403527,26263073.721175347,0.0042198003940989827,49543400.848738372,-105890.67199162037,-653192.25318246218,1421181989194038.8,-1036541128093402.2,-732618004066543.62
0_11:30211220212,2,796,0.88452162267058088,0.0011827619613674623,9.4138927106043319e-10,8524276.610716287,26161367.553879399,26284910.763898864,0.00435339820066271,49560074.587017238,-123543.21437286373,-638946.5523884868,1361434846510352.5,-1073247563326616.2,-758561784383702.62
0_11:30211220212,3,796,0.83384961290908499,0.0040455617347802675,9.3364835013177615e-10,8604365.5220786184,26140986.457162552,26272838.285439432,0.0043176007762833913,49543491.197974227,-131851.83259448086,-669550.7467466708,1423436056958630.8,-1062902061542058.8,-751249676197112
0_11:30211220213,0,796,0.99458184276750983,0.00095885621080247065,9.5820264525204251e-10,8350322.5233739745,26163312.420546509,26295189.486718398,0.0044311506408093553,49566997.651897855,-131877.07060303891,-631600.54585511214,1329947121099644.5,-1095758523755831.6,-774472329997659.62
0_11:30211220220,0,796,0.37546602615075869,0.0085915532956280967,8.6362327876019067e-10,9328857.0633186419,26096032.083601832,26193418.961859368,0.003993774035229776,49462417.402129091,-97386.882251309435,-766004.49834207166,1760835307984869.2,-978751392667609.38,-691772735629338.88
0_11:30211220220,1,796,0.56457654110229261,0.01163857213928741,8.9251278896331291e-10,9029961.1769915279,26104606.845605507,26224576.54160418,0.0041273718417935024,49490027.147416838,-119969.70012604423,-742750.30523926159,1664811651609670.2,-1011712935398220.1,-715069659399910.5
0_11:30211220220,2,796,0.75368705605382658,0.0060299592267940745,9.2140229916643516e-10,8731065.2906644158,26111060.865673587,26254762.521779705,0.0042609696483572298,49519752.95969975,-143701.66036708775,-719496.11213645153,1574510058759426.5,-1046976002487839.4,-739993280014927.25
0_11:30211220220,3,796,0.70301504629233069,0.015163443075039633,9.1366137823777812e-10,8811154.2020267472,26083587.632664185,26242168.960129306,0.004225172223977911,49502904.770156205,-158581.33169029292,-759869.82443244953,1717440109344044,-1037106546382926.2,-733017636659507.62
0_11:30211220220,4,796,0.89212556124386466,0.020624658488856681,9.4255088844090026e-10,8512258.3156996351,26089536.580647066,26265245.687650993,0.0043587700305416366,49522093.611100301,-175709.11136269727,-740323.55316008371,1622030089876231.8,-1073939203266073.2,-759050629310589
0_11:30211220221,0,796,0.86374727615075553,0.005401386544457566,9.3821567335804458e-10,8557111.2033221032,26113444.469800964,26267343.772033434,0.0043387220885038758,49529450.656186447,-153899.30657119246,-708623.46590547089,1526619715359815,-1068468760945125.6,-755184169576467.75
0_11:30211220300,0,796,0.63713515938426812,7.1615979319602461e-05,9.0359722254818683e-10,8915279.7034223843,26197745.248139698,26276745.957944714,0.0041786311398407374,49577546.700537473,-79000.713983646609,-593638.88398915716,1374414103930407.5,-1026539235123492,-725548755518750
0_11:30211220300,1,796,0.82624567433580198,6.4658876990725622e-05,9.3248673275130908e-10,8616383.8170952704,26199987.557487395,26296363.783992715,0.0043122289464044639,49588806.519541532,-96376.230817549469,-583689.17343409313,1331025077834057.2,-1062390340876241.6,-750887996604600.25
0_11:30211220300,3,796,0.96468417952584007,0.00022556478488882181,9.5363532202577428e-10,8397576.8421304896,26187754.899782989,26302618.64403234,0.0044100293285888716,49584254.744630903,-114863.74865938065,-597596.56153956999,1305273283720012.5,-1089971889152090.6,-770382388384389.5
0_11:30212100131,5,795,0.022940026794347645,0.00010181969840966296,9.955557168251257e-10,8044097.4862970114,26254819.741556969,26784746.997189563,0.0046038876791147845,50452199.100854196,-529927.2602364819,700405.35380351881,1269372543605979.8,-752634326275737.38,-1157785935658973.5
0_11:30212100131,8,795,0.35048904693579302,2.0938160338265697e-05,9.3209804904594406e-10,8673743.1513511389,26245659.786776297,26755003.962908864,0.0043104315019300253,50445218.852925621,-509344.18044299871,695933.6436667029,1353803757931143.8,-697902411532800.75,-1073591209337332.9
0_11:30212100133,2,795,0.54111894003614081,7.5745620265006155e-06,8.9516639093895636e-10,9040189.9377543908,26240778.992701542,26732391.785670824,0.0041396432649137473,50439675.607541464,-491612.797108926,692833.31264355534,1408957665039724.5,-669539148466332,-1029959679494349.9
0_11:30212101003,5,795,0.15377459341110197,0.0032859617355538505,9.7020849869327491e-10,8295600.048185003,26216451.166295782,26828249.725859687,0.004486670989697128,50551562.251719758,-611798.56405057595,797355.9640179124,1381241159828557.5,-731253608535114.88,-1124895734627512.6
0_11:30212101003,6,795,0.10310258364948027,0.00088322947809679254,9.8002543406303371e-10,8198193.52481269,26233746.348879725,26810290.307791289,0.0045320688182984552,50510629.761716537,-576543.96344363305,757479.33428486192,1322325617112122.5,-739342826325567,-1137339470265523.5
0_11:30212101003,7,795,0.29221309860101419,0.0020842707355839337,9.433881324885637e-10,8561719.6190259121,26219067.190858964,26802021.315841421,0.0043626418154054138,50523769.781947859,-582954.12934509944,773824.82058123162,1388776085926719.8,-708134889205413.88,-1089331946004126.2
0_11:30212101003,8,795,0.4813236135525481,0.0017336084557132195,9.0675083091409338e-10,8925245.7132391352,26203737.288378641,26791059.858309753,0.0041932148125123697,50538023.302237935,-587322.57412432705,790170.30687760119,1459769506546232.8,-679484127508754,-1045258153751716.1
0_11:30212101010,8,795,0.12387693016930562,0.0046168771607674975,9.7600071868084342e-10,8238127.9359273743,26200050.391523577,26868452.798642315,0.0045134567634964396,50623068.306857504,-668402.41163219442,866434.87515006633,1473496183468745.8,-737396680904062,-1134345692651213.8
0_11:30212101011,4,795,0.095498645076322386,0.017956150451739039,9.8149858213589434e-10,8183576.5158597725,26184389.381474573,26894571.702281665,0.0045388813031725156,50668386.712976255,-710182.32534597325,906571.51237961056,1559187637524495.5,-742976667202497.75,-1142929448974774.8
0_11:30212101011,5,795,0.2846091600278563,0.013272577694310136,9.4486128056142413e-10,8547102.6100729946,26165161.462813769,26892855.425739512,0.0043694543002794723,50693720.333619379,-727693.96729519765,930318.95430476847,1658964951855741.2,-711732000603107.12,-1094865423338140.6
0_11:30212101011,6,795,0.2339371502662346,0.0051824213917213867,9.5467821593118313e-10,8449696.0867006835,26190403.040750708,26867064.831415325,0.0044148521288808005,50636850.001840435,-676661.7950794691,878584.80161090009,1524475551554509.2,-719129059538336.88,-1106244403144745.6
0_11:30212101011,7,795,0.42304766521776849,0.010090886283969317,9.1804091435671292e-10,8813222.1809139047,26169857.272184432,26855454.925965935,0.0042454251259877573,50648041.675456069,-685597.65802692855,896978.49605540629,1620756606808066.5,-689618947109927,-1060848661897607
0_11:30212101011,8,795,0.61215818016930246,0.007493815007046596,8.814036127822426e-10,9176748.2751271259,26146222.50374195,26841943.305405203,0.0040759981230947141,50661910.991902694,-695720.80573925155,915372.19049991271,1723936620747245,-662481865771465.25,-1019103381338886
0_11:30212101012,1,795,0.12539630831811874,0.005624176116902798,9.7570636214832583e-10,8241048.6281174012,26205306.3983027,26853052.598596592,0.0045120955293732039,50594264.663341478,-647746.20480598661,838169.92837613297,1430958051912055.5,-736715924582633.75,-1133298477467100.8
0_11:30212101012,2,795,0.31450682326965262,0.0043099471053605846,9.3906906057385582e-10,8604574.7223306224,26187782.89562957,26849029.152057599,0.0043426685264801616,50616182.900890842,-661246.26077069796,859762.19638949388,1512555644563084.5,-705896821644975,-1085889101246629.4
0_11:30212101012,3,795,0.26383481350803095,0.0038321481527676064,9.4888599594361462e-10,8507168.1989583112,26207140.652897939,26824717.341554623,0.0043880663550814889,50561845.692661725,-617576.69304475037,807278.51742200856,1423855194013480.8,-713212827254942.25,-1097143395802042.6
0_11:30212101012,4,795,0.45294532845956487,0.0079281089059958822,9.122486943691444e-10,8870694.2931715325,26189973.351142567,26811814.760779444,0.0042186393521884465,50571530.998135403,-621841.41385551682,823319.80617781705,1504497110909718,-684115980013052.12,-1052383385086911
0_11:30212101012,5,795,0.64205584341109878,0.0061241993129449931,8.7561139279467419e-10,9234220.3873847555,26172779.940865491,26795598.022240974,0.0040492123492954033,50581233.838728741,-622818.08542469575,839361.09493362554,1590744902203724.8,-657310287821651,-1011147884218408.6
0_11:30212101012,6,795,0.59138383364947711,0.0020441116572961623,8.8542832816443309e-10,9136813.8640124425,26193514.155448437,26781559.98473845,0.0040946101778967306,50543317.863647394,-588045.83338462398,797979.37448124494,1505364306134270,-663819820990326.88,-1021161573054117.2
0_11:30212101012,7,795,0.78049434860101097,0.0043013562634061052,8.4879102658996277e-10,9500339.9582256638,26175933.071346767,26758671.304722942,0.0039251831750036874,50545071.880958669,-582738.23730135837,808469.68397950113,1591685392878065.5,-638441219196206.25,-982121381558576.12
0_11:30212101012,8,795,0.96960486355254494,0.0033575091725602277,8.1215372501549266e-10,9863866.052438885,26159569.89615906,26731551.454905365,0.003755756172110645,50545385.123319238,-571981.56250206055,818959.99347775721,1684478905456557.8,-614915711805675.62,-945931826239226
0_11:30212101013,0,795,0.42456704336658163,0.0048504152545791593,9.1774655782419553e-10,8816142.8731039315,26175429.502344739,26843397.857796334,0.0042440638918645225,50625593.570046015,-667968.3596956589,870508.07611913804,1564816220951000,-689084933835654.25,-1060027183210250.6
0_11:30212101013,1,795,0.61367755831811555,0.0094835808847016957,8.8110925624972521e-10,9179668.9673171528,26154228.918516926,26825286.371928222,0.0040746368889714793,50630814.27039513,-671057.45748593286,885843.93431687285,1663543523048747.2,-661864576388539.62,-1018153798067393
0_11:30212101013,2,795,0.8027880732696494,0.0070625682103694987,8.4447195467525489e-10,9543195.061530374,26134592.416613251,26802630.530707173,0.0039052098860784356,50633848.556653745,-668038.11799913191,901179.79251460766,1769435088741889.2,-636690520063314,-979428261190730.5
0_11:30212101013,3,795,0.75211606350802773,0.0069236283810597734,8.542888900450138e-10,9445788.5381580628,26161925.217178993,26781151.919323504,0.0039506077146797634,50580367.386736147,-619226.70609511877,846991.74506430572,1645898521625913,-642576748556442.62,-988483113361959.5
0_11:30212101013,4,795,0.9412265784595617,0.013636622384364531,8.1765158847054368e-10,9809314.6323712841,26148436.010910168,26751135.563179243,0.003781180711786721,50574241.424371526,-602699.55605025578,857173.12194294727,1750311998408521.5,-618688379195201.88,-951735363350171.5
0_11:30212101013,5,796,0.13033709341109559,0.010205247687413214,8.2617610240789819e-10,9716292.0488054007,26128331.916935511,26751219.8269982,0.0038206018150191809,50563277.067675486,-622887.91388329118,867354.49882158882,1774290549475375.2,-960638851491244.38,-678970953427402.12
0_11:30212101013,6,796,0.079665083649473153,0.0038180451447491922,8.1843518147922171e-10,9796380.9601679351,26147673.163709596,26733659.636012223,0.003784804390639772,50540805.236474007,-585986.47608743119,823475.41400947352,1690033358762361,-952361839710051,-673120835485698.38
0_11:30212101013,7,796,0.26877559860100708,0.0075898815923568248,8.4732469168234395e-10,9497485.0738408193,26130207.263836514,26748027.938356694,0.0039184021972034988,50529523.466202363,-617820.67843858188,828502.3095690218,1672510157182258.8,-982114395143412,-694149675718561.75
0_11:30212101013,8,796,0.457886113552541,0.005715205507358637,8.7621420188546619e-10,9198589.1875137072,26114634.668024879,26756511.334331356,0.0040520000037672253,50511339.967091382,-641876.67035847704,833529.20512857009,1660040587236957.5,-1013661985833795.5,-716447230825911.25
0_11:30212101020,2,795,0.18367225665289832,0.00059698769733979235,9.644162787057064e-10,8353072.1604426317,26233792.099531606,26796698.520389084,0.0044598852158978172,50496501.286978379,-562906.42531736312,744496.48429692676,1331852494222894,-725431318925575,-1115939240367391.6
0_11:30212101020,3,795,0.13300024689127662,0.0001926051275897982,9.742332140754652e-10,8255665.6370703187,26248042.222560629,26781223.558912728,0.0045052830444991445,50459994.525227964,-533181.34085738182,708060.42958781496,1299474149283087.2,-733459857655906.62,-1128289632717774.2
0_11:30212101020,4,795,0.32211076184281051,0.0007392879467237024,9.3759591250099519e-10,8619191.7312835399,26235282.476728335,26771325.429991614,0.0043358560416061022,50471006.75844077,-536042.95759913512,721850.78322200419,1356814608577372.2,-702678510912295.88,-1080938337279598.8
0_11:30212101020,5,795,0.51122127679434448,0.00073466045507387414,9.0095861092652487e-10,8982717.825496763,26222621.39526372,26758188.119767435,0.0041664290387130589,50482102.762191825,-535566.72867014364,735641.1368561933,1418371902830536.2,-674389694649125.12,-1037421329800005.2
0_11:30212101020,6,795,0.46054926703272203,6.123648243195366e-05,9.1077554629628388e-10,8885311.3021244481,26238713.957095724,26747444.039439473,0.0042118268673143871,50451611.867067672,-508730.08655557659,702862.3979670055,1387198061525316.2,-681370997389093.5,-1048160747127553.2
0_11:30212101020,7,795,0.64965978198425589,0.00030613402406131198,8.7413824472181366e-10,9248837.3963376693,26225761.799960468,26730075.113791406,0.0040423998644213439,50459298.086495012,-504313.31787333806,714824.09369123261,1450442483345429.5,-654689396179685.25,-1007116136826591.8
0_11:30212101020,8,795,0.83877029693578986,0.00032261424529043725,8.3750094314734344e-10,9612363.4905508924,26213034.817804057,26709122.729809385,0.0038729728615283011,50466628.596709788,-496087.9158783005,726785.78941545985,1518819092717465.5,-630021475732926.12,-969169194522569.38
0_11:30212101021,0,795,0.29373247674982728,0.00077122026500880156,9.4309377595604611e-10,8564640.311215939,26225840.914709918,26792057.724361982,0.0043612805812821781,50505243.368724786,-566216.81401334458,753394.67935135926,1368351450387692,-707633827459536.12,-1088561157027300.6
0_11:30212101021,1,795,0.48284299170136119,0.0018630584345058945,9.0645647438157579e-10,8928166.4054291602,26210562.348335247,26778866.421988517,0.0041918535783891341,50515327.701569311,-568304.07784512313,768354.24101741775,1437799091300108.8,-678956803548726.75,-1044446965312468.9
0_11:30212101021,2,795,0.67195350665289511,0.0015677963350680473,8.6981917280710557e-10,9291692.4996423833,26195465.416146331,26762378.350936536,0.0040224265754960917,50525474.928649426,-566912.93881263176,783313.80268347624,1512220830695049.5,-652524498810553.12,-1003785850605753
0_11:30212101021,3,795,0.62128149689127343,0.00097493034191493077,8.7963610817686458e-10,9194285.9762700703,26214715.950937111,26748371.54287963,0.0040678244040974199,50487355.137584694,-533655.5960103434,743119.45963133592,1458227084272725.2,-658939979911410.12,-1013654858076901.5
0_11:30212101021,4,795,0.81039201184280729,0.0024548197536244567,8.4299880660239436e-10,9557812.0704832915,26200655.69753325,26726265.040862933,0.0038983974012043766,50491557.393791556,-525609.34722808038,755028.29994270601,1534100129035494.8,-633930322396641.25,-975182217758289.88
0_11:30212101021,5,795,0.99950252679434126,0.0021066528860533688,8.0636150502792404e-10,9921338.1646965146,26187853.228133533,26699999.517008442,0.003728970398311333,50494489.244686715,-512146.2926038797,766937.14025407599,1615924477658243.5,-610738048514119,-939505279330560.25
0_11:30212101021,6,795,0.94883051703271881,0.00044918051345027175,8.1617844039768315e-10,9823931.6413241997,26205209.20140709,26694192.774876133,0.003774368226912662,50468758.913006827,-488983.57724341098,732844.23991131259,1563087201560705.8,-616479357824346.12,-948337200676137.75
0_11:30212101021,7,796,0.13794103198425273,0.0012098176833935622,8.2733771978834603e-10,9704273.7537889481,26191666.301441826,26702346.210818321,0.003825973644898019,50469319.833557785,-510679.91320246825,741702.35886799416,1554007582781709.2,-960041278017780.25,-678548593837852.88
0_11:30212101021,8,796,0.32705154693578664,0.0010694656910161999,8.5622722999146816e-10,9405377.8674618341,26178367.012054425,26721116.336069174,0.003959571451461745,50467710.088419177,-542749.32797432085,750560.47782467597,1514503323149920.8,-990519078913691.25,-700090031080937.38
0_11:30212101022,0,795,0.65117916013306976,4.019771213557901e-05,8.7384388818929607e-10,9251758.0885276981,26233839.807935242,26722312.090768844,0.0040410386302981082,50444994.351789623,-488472.28687464091,699370.39626956393,1444731745117538.2,-654297190251229.38,-1006512801990542.8
0_11:30212101022,1,795,0.84028967508460373,0.00023926011521602987,8.3720658661482575e-10,9615284.1827409212,26221493.241559509,26700480.948410805,0.0038716116274050646,50450703.385712504,-478987.71072290774,710435.31041264476,1512245374807898,-629631354749281.12,-968569066980812.62
0_11:30212101022,2,796,0.029400190036136871,0.00025971481992746373,8.1075645374018772e-10,9875826.409996815,26209663.042056073,26682781.558849946,0.0037492945749342736,50455541.320025504,-473118.52054316772,721500.22455572535,1565762406411180.8,-943106886743517.5,-666579517455662
0_11:30212101022,3,795,0.97872818027451514,4.3024530239304077e-05,8.1038622041011464e-10,9881403.7535818275,26226836.518663157,26670074.208783526,0.0037475824531133504,50431793.812917195,-443237.69386795163,692568.1931346514,1556824767936351.8,-612444892290672.38,-942130936505458.5
0_11:30212101022,4,796,0.16783869522604983,0.00026375884807118598,8.319050430146339e-10,9657019.4350322336,26215441.409189045,26687535.323545359,0.0038470949571185937,50435185.955397815,-472093.9182034086,702379.98275149171,1519598818482762,-964086529549158.12,-681407741461176.38
0_11:30212101022,5,796,0.35694921017758374,0.00028732472801917786,8.6079455321775604e-10,9358123.5487051178,26204416.345713086,26708077.784608092,0.0039806927636823197,50437611.776322789,-503661.4428756985,712191.77236833191,1471733066758190.8,-994927039015667.25,-703205537879837.38
0_11:30212101022,7,796,0.49538771536749521,9.0679157037886957e-05,8.8194314249220191e-10,9139316.5737405382,26211074.568069182,26711870.476071961,0.0040784931458666381,50420788.124271855,-500795.91208127205,694324.65509033878,1431423105984461,-1018407063169957.9,-719801009072564.25
0_11:30212101022,8,796,0.68449823031902912,9.9883941571551148e-05,9.1083265269532404e-10,8840420.6874134243,26201337.570853945,26727681.023300741,0.0042120909524303645,50421411.082418866,-526343.45665888698,702883.32018093858,1387762276214243.5,-1052852559485875.2,-744146777972700.88
0_11:30212101023,0,796,0.13946041013306584,0.00037323738030297575,8.2756982793179735e-10,9701872.3226545025,26202218.79661949,26695409.725731466,0.003827047015080921,50455894.648854993,-493190.93293902319,727075.33756113355,1538511487540549.2,-960023469013605.62,-678536006592890.75
0_11:30212101023,1,796,0.32857092508459979,0.0010497747605260513,8.5645933813491949e-10,9402976.4363273885,26190070.957144845,26714440.489521857,0.0039606448216446474,50454820.820566207,-524369.5363376569,735169.25283774978,1497898579762162.5,-990519008562860.88,-700089981357599.12
0_11:30212101023,2,796,0.5176814400361337,0.0009444278901945129,8.8534884833804184e-10,9104080.5500002764,26178348.096910682,26730550.175753634,0.0040942426282083739,50452389.590779558,-552202.08293719543,743263.16811436613,1460813309064763,-1022989421885341.9,-723039779252534.38
0_11:30212101023,3,796,0.46700943027451269,0.00043480441290037839,8.7760792740936556e-10,9184169.4613628071,26197802.711747143,26718212.376656946,0.0040584452038289667,50437495.974822424,-520409.6689682476,717525.77239181811,1447195543786595.8,-1013769270653543.2,-716523058777528.5
0_11:30212101023,4,796,0.65611994522604666,0.0013165544849803748,9.0649743761248781e-10,8885273.5750356931,26186674.70365984,26733619.867845632,0.0041920430103926931,50436740.517809115,-546945.16837783519,726044.22944002273,1410672492782792.2,-1047856235647088.9,-740615420943795.88
0_11:30212101023,5,796,0.84523046017758052,0.0012173493629968324,9.3538694781561005e-10,8586377.6887085792,26175919.721388184,26746510.129592881,0.0043256408169564196,50435270.639144778,-570590.41253033793,734562.68648822745,1377114693503785.2,-1084301008276017.6,-766374260471154
0_11:30212101023,6,796,0.79455845041595807,0.00017097212096113624,9.2764602688693367e-10,8666466.6000711117,26195391.659041759,26735607.151925489,0.0042898433925770115,50421222.916177824,-540215.49717357405,707976.20722250268,1365395921083433.8,-1073981501596826.6,-759080525392675.88
0_11:30212101023,7,796,0.98366896536749204,0.0005980709941336591,9.5653553709005581e-10,8367570.7137439996,26185218.971836045,26747313.36467709,0.0044234411991407379,50420456.720935233,-562094.39726448606,716919.20604229579,1332102548988301.5,-1112328021294592,-786183502749251.88
0_11:30212101030,0,795,0.78201372674982406,0.0018611176776138791,8.4849667005744539e-10,9503260.6504156906,26186315.91061414,26749087.224795025,0.0039238219408804526,50527355.847418502,-562771.31810470647,790230.8991457388,1560001752599128,-638021298660054.25,-981475413026610.62
0_11:30212101030,1,795,0.97112424170135803,0.00395745007314946,8.1185936848297507e-10,9866786.7446289118,26172779.183917638,26720329.649511162,0.0037543949379874094,50524607.899380133,-547550.46934791922,799041.88187430077,1650547202061160.5,-614480996178318.88,-945263098250356.25
0_11:30212101030,2,796,0.16023475665289191,0.0031084992337354245,8.3074342563418596e-10,9669037.7300486863,26156148.3983665,26730510.437144965,0.0038417231272397548,50517956.012577869,-574362.04262018832,807852.86460286286,1639301033976274,-964468414292845.25,-681677654184483.5
0_11:30212101030,3,796,0.10956274689126951,0.0025306330575145205,8.2300250470550948e-10,9749126.6414112169,26179018.495958608,26711576.398970339,0.0038059257028603462,50492699.055531234,-532557.90681765752,772902.47111678577,1594363308733330.2,-956067088098543.38,-675739671926796.5
0_11:30212101030,4,796,0.29867326184280341,0.0054821221390625192,8.5189201490863172e-10,9450230.7550841048,26164995.884034097,26729684.736919269,0.0039395235094240727,50489189.047211625,-564688.85682469525,781493.44064242661,1563683384676219,-986237418198735.75,-697063791559838.38
0_11:30212101030,5,796,0.48778377679433732,0.0043531326653642333,8.8078152511175386e-10,9151334.8687569909,26151170.756304257,26744250.705328085,0.0040731213159877992,50483169.787244767,-593079.95309694926,790084.41016806709,1537095777516277.2,-1018327946185447.9,-719745089895110.88
0_11:30212101030,6,796,0.43711176703271565,0.0013069605598836033,8.7304060418307769e-10,9231423.7801195234,26171171.344842236,26729933.81727007,0.0040373238916083919,50464716.737777837,-558762.4764651577,755574.04308783298,1495134075810615.8,-1009124256383840.6,-713240004211821.62
0_11:30212101030,7,796,0.62622228198424956,0.0029055686940362741,9.0193011438619993e-10,8932527.8937924094,26160575.401565436,26743483.14498242,0.0041709216981721184,50459796.358092025,-582907.74758790538,763944.99941055209,1468203030393913.8,-1042789396138713.5,-737034224069939.75
0_11:30212101030,8,796,0.81533279693578342,0.0023414030210356968,9.3081962458932207e-10,8633632.0074652955,26149820.508750446,26754185.801621042,0.0043045195047358448,50453554.287827596,-604365.29717511556,772315.95573327132,1444746278403682.2,-1078757247308366,-762455979772911.5
0_11:30212101031,0,796,0.27029497674982089,0.0035474447268701074,8.4755679982579548e-10,9495083.6427063737,26147061.820210945,26738299.204241861,0.0039194755673864013,50510853.556348011,-591237.38795039139,811668.50333028985,1625742442854860,-981999816263438.25,-694068692390375.88
0_11:30212101031,1,796,0.45940549170135481,0.007091781905244776,8.7644631002891762e-10,9196187.7563792598,26134496.468810212,26749827.461163007,0.0040530733739501277,50498464.169450529,-615330.99640586821,815969.93131610192,1610166227685821.8,-1013668227676304.4,-716451642504403
0_11:30212101031,2,796,0.64851600665288878,0.005359927791336312,9.0533582023203987e-10,8897291.8700521477,26121081.468563844,26757749.919986952,0.0041866711805138542,50483387.330659464,-636668.4556097798,820271.35930191423,1599305649853740,-1047408620039207,-740299050233220.38
0_11:30212101031,3,796,0.59784399689126633,0.0049989924923069225,8.9759489930336349e-10,8977380.7814146802,26143600.037906766,26750987.243332531,0.0041508737561344461,50478271.895094439,-607387.20957663911,794610.48415102775,1525576650949946.8,-1037959303572143.6,-733620357818355.5
0_11:30212101031,4,796,0.78695451184280019,0.010093883434464934,9.2648440950648563e-10,8678484.8950875662,26131895.891824704,26760974.242437974,0.0042844715626981725,50470066.274888307,-629078.35489774146,801573.3301796827,1512861515183413.2,-1073533143233007.6,-758763629708843.38
0_11:30212101031,5,796,0.97606502679433416,0.0076783041655967858,9.5537391970960798e-10,8379589.0087604523,26118420.212370049,26768662.974550005,0.0044180693692618999,50461543.943941921,-650242.76659802522,808536.17620833765,1504237461352501.5,-1111637809248384.1,-785695667044550.38
0_11:30212101031,6,796,0.92539301703271248,0.0027111249595453829,9.476329987809315e-10,8459677.9201229848,26143592.456129674,26759582.346779313,0.0043822719448824909,50450199.258384608,-615989.89503191097,777552.46497176588,1434773405875350.5,-1100866233560079.9,-778082413631313.88
0_11:30212101032,0,796,0.62774166013306265,0.0011665181097986802,9.0216222252965126e-10,8930126.4626579639,26171509.883209825,26738569.737833053,0.0041719950683550208,50450297.282184325,-567059.85879522341,748045.12909658381,1442709302228065.8,-1042873457944315.1,-737093638202740.5
0_11:30212101032,1,796,0.81685217508459651,0.0026355283550035884,9.310517327327735e-10,8631230.5763308518,26160308.884492312,26750508.284353103,0.0043055928749187473,50446423.145000838,-590199.40416638472,756384.38291646563,1417633219669788,-1078904870647200.4,-762560318629247.5
0_11:30212101032,3,796,0.95529068027450947,0.0015317653239567805,9.5220032200721958e-10,8412423.6013662685,26169472.624434292,26752906.530033559,0.0044033932571030665,50434172.993781693,-583433.91000265954,739500.50688709517,1360809280451940,-1106698355198533.9,-782204505074126.62
0_11:30212101100,0,795,0.067120359983339151,0.010041756914760568,9.8699644559094547e-10,8129025.0957921715,26173548.34500451,26932176.124252498,0.0045643058428485915,50735473.469366409,-758627.7838122939,962152.74606678274,1669638878601276.2,-748952887286372.75,-1152122736232548
0_11:30212101100,1,795,0.25623087493487307,0.01893728189120809,9.5035914401647525e-10,8492551.1900053937,26150185.473143972,26929958.042979304,0.0043948788399555492,50758971.072060406,-779772.57423021016,991083.68761921767,1788500328876966.8,-717225765540111.88,-1103316544361751.9
0_11:30212101100,2,795,0.44534138988640698,0.013756422024683426,9.1372184244200504e-10,8856077.2842186168,26120843.72463109,26927186.951589596,0.004225451837062506,50787647.553253457,-806343.23118395766,1020014.6291716524,1916373130486957.8,-688173500613381,-1058625115128580.9
0_11:30212101100,3,795,0.39466938012478525,0.014636651064291182,9.2353877781176394e-10,8758670.7608463038,26151250.425918732,26887798.305504348,0.0042708496656638333,50703671.653219402,-736547.88385646592,941924.11513577134,1722849621634349.8,-694676254481266.5,-1068628375288856.2
0_11:30212101100,4,795,0.58377989507631922,0.027697929270551248,8.8690147623729362e-10,9122196.855059525,26128802.353039596,26867521.1997483,0.00410142266277079,50703868.833298847,-738718.8508101264,958057.71177138388,1843566270020749.2,-666995500827648.38,-1026046757430440.5
0_11:30212101100,5,795,0.77289041002785308,0.020168384212771055,8.5026417466282351e-10,9485722.9492727462,26107243.772301652,26842176.616875477,0.0039319956598777477,50700867.117356539,-734932.84850582131,974191.30840699642,1973446444038901.5,-641395925920671,-986666640484660.38
0_11:30212101100,6,795,0.72221840026623141,0.0082856712338714947,8.6008111003258241e-10,9388316.4259004351,26129010.467982676,26826941.287878431,0.003977393488479075,50659443.468587808,-697930.823873149,921695.48420475994,1789812642651778.8,-647521125241628,-996089104195562
0_11:30212101100,7,795,0.91132891521776527,0.01574595333858738,8.2344380845811209e-10,9751842.5201136563,26110070.06005739,26794604.39924055,0.0038079664855860318,50647963.203781173,-684534.34299112565,925031.73592355009,1914549124803490.5,-623241769123224,-958739894812777
0_11:30212101100,8,796,0.10043943016929922,0.011499474652053017,8.2160877918161031e-10,9763546.3675621152,26082940.110755131,26781649.433192708,0.0037994805027986062,50627091.00357075,-698709.32623705745,928367.98764234048,1980849912691183.2,-957195998974872.75,-676537576043256.25
0_11:30212101101,0,795,0.55540160998333599,0.015022318909540998,8.9239933969234475e-10,9067645.4349919241,26101274.645601891,26917582.252565593,0.0041268472024468669,50792158.097122222,-816307.6110905488,1030797.512151355,1998177925852880.5,-672176588216260.38,-1034016883028668
0_11:30212101101,1,795,0.74451212493486985,0.02797924267682287,8.5576203811787453e-10,9431171.5292051453,26076786.135973386,26887355.133140717,0.0039574201995538237,50779045.605772905,-810569.00112475047,1038921.8581707202,2153097227444993.8,-646100588226631.38,-993903875965028.75
0_11:30212101101,2,795,0.93362263988640382,0.020150307012834375,8.1912473654340421e-10,9794697.6234183665,26059225.300358295,26847036.652506839,0.00378799319666078,50753375.122449636,-787811.35593653726,1047046.2041900852,2320652601479264.5,-621806333268035.5,-956531747527093.62
0_11:30212101101,3,795,0.88295063012478203,0.022054009781943325,8.2894167191316311e-10,9697291.1000460554,26095105.052012406,26817521.366806515,0.0038333910252621082,50683404.878579199,-722416.31862749928,979409.78177250375,2056395762203986.2,-627186347473222.38,-964807884507495.88
0_11:30212101101,4,796,0.072061145076315988,0.04116602898338128,8.1727356409877387e-10,9808399.2551843841,26082450.409706805,26792739.485017844,0.0037794325607609339,50654136.706202321,-710289.07909047115,981209.42540377087,2165274721945508.5,-953327840859696.12,-673803596463529.38
0_11:30212101101,5,796,0.26117166002784992,0.029691342060616254,8.4616307430189601e-10,9509503.368857272,26047921.571866527,26790642.584981631,0.0039130303673246599,50611491.957369298,-742721.01702813467,983009.06903503789,2205952382227461.8,-982464342631338.12,-694397015474972.62
0_11:30212101101,6,796,0.21049965026622822,0.01259550222843216,8.3842215337321984e-10,9589592.2802198045,26064344.440543581,26782536.866086777,0.0038772329429452527,50606117.721755311,-718192.4294204294,928022.05139365257,1991303763125545,-974155692268470.88,-688524535666547.62
0_11:30212101101,7,796,0.3996101652177621,0.023574135449865349,8.6731166357634198e-10,9290696.3938926887,26049566.559941143,26781469.337108444,0.0040108307495089791,50568561.322392158,-731902.7811781324,923496.99263682158,2021844335316232.2,-1004749557863368.5,-710148006401414.88
0_11:30212101101,8,796,0.58872068016929602,0.01703489819885582,8.9620117377946433e-10,8991800.5075655766,26038648.230763093,26770817.258022726,0.0041444285560727056,50517098.867029041,-732169.03140406148,918971.93387999071,2061538928848634.2,-1037091876380390.9,-733007268032845.62
0_11:30212101102,0,795,0.91284829336657847,0.0078211765120150076,8.2314945192559471e-10,9754763.2123036832,26124412.885829691,26781374.476956625,0.003806605251462797,50623381.093435064,-656961.59493353893,905796.85659067938,1836996399520203.8,-622752761803898.25,-957987649297280.62
0_11:30212101102,1,796,0.10195880831811234,0.014901140611332473,8.2184088732506174e-10,9761144.9364276696,26109070.96286913,26767762.015938774,0.0038005538729815086,50600516.194899999,-658691.05687019753,906327.50064455171,1895885269949473,-956928919717438.25,-676348806811427.38
0_11:30212101102,2,796,0.29106932326964624,0.010901781199268677,8.5073039752818399e-10,9462249.0501005575,26085890.605482925,26770405.032736529,0.0039341516795452355,50567542.209352024,-684514.43118775566,906858.1446984238,1903478902580827.5,-986513345717421.62,-697258814663628.12
0_11:30212101102,3,796,0.24039731350802454,0.011332816199636917,8.4298947659950761e-10,9542337.9614630882,26116735.144711677,26757283.159412511,0.003898354255165827,50552504.798403084,-640548.01859918796,871389.98611212673,1770441635736494,-977942632057119.25,-691201110859066
0_11:30212101102,4,796,0.42950782845955848,0.021688909816355351,8.7187898680262985e-10,9243442.0751359742,26101506.771057431,26766378.625022005,0.0040319520617295539,50534836.390216358,-664871.85799652664,875076.52770433435,1773458359034624.5,-1009212529771467.6,-713302395053152
0_11:30212101102,5,796,0.61861834341109234,0.015917011115667918,9.0076849700575199e-10,8944546.1888088621,26085350.213255133,26770726.152521584,0.0041655498682932795,50512347.170078203,-685375.94343200058,878763.06929654186,1782879582033487,-1042472799946711,-736810456711372.12
0_11:30212101102,6,796,0.56794633364947,0.0063686443574681702,8.9302757607707562e-10,9024635.1001713946,26108587.709156074,26760051.792588353,0.0041297524439138714,50500025.34983442,-651464.08756203193,836983.11563357397,1657613091313434,-1032969358948728.9,-730093509561853.75
0_11:30212101102,7,796,0.75705684860100386,0.012256191466343882,9.2191708628019786e-10,8725739.2138442807,26100831.63357307,26765594.813769482,0.0042633502504775978,50482788.254211143,-664763.18445976218,843825.55476411688,1662300544257446.2,-1067988554709378.9,-754844764101433.38
0_11:30212101102,8,796,0.94616736355253783,0.0090292146313472113,9.508065964833201e-10,8426843.3275171667,26089583.101273809,26768676.306235664,0.0043969480570413251,50464941.728909917,-679093.209358803,850667.99389465991,1672664873155097,-1105478626833770.9,-781342411968627.25
0_11:30212101103,0,796,0.40112954336657525,0.011952742259054246,8.6754377171979341e-10,9288294.9627582449,26077763.131710988,26769974.450173415,0.0040119041196918816,50546588.394458011,-692211.32247433183,905706.04404504236,1914321409231384,-1004572635435719.1,-710022959210998.5
0_11:30212101103,1,796,0.59024005831810911,0.022407327028904449,8.9643328192291565e-10,8989399.076431131,26069093.764158763,26768397.194517452,0.004145501926255608,50512296.97178378,-699303.43450419116,901216.21568924689,1944996455844376,-1037270318510471.4,-733133389335356.12
0_11:30212101103,2,796,0.77935057326964308,0.016209894458843816,9.253227921260379e-10,8690503.1901040189,26054138.109917399,26763658.718572609,0.0042790997328193345,50476138.752715103,-709520.61293431034,896726.3873334513,1984489258564396,-1072177516939441.4,-757805485162008.62
0_11:30212101103,3,796,0.7286785635080214,0.017482041665824264,9.1758187119736162e-10,8770592.1014665496,26077960.770861745,26772870.037110522,0.0042433023084399273,50500408.667227007,-694909.27049207978,880405.00099347299,1794323327304213,-1062897713826127.1,-751246603270354.25
0_11:30212101103,4,796,0.91778907845955526,0.032866375722094048,9.4647138140048387e-10,8471696.2151394356,26065663.987390723,26773772.710921306,0.0043769001150036537,50477844.186978668,-708108.72790748323,882360.94400557387,1824954235300953.2,-1099906879726949.6,-777404350917377.62
0_11:30212101110,0,796,0.043682859983332753,0.021898059159624166,8.1293834901593743e-10,9853252.1428066548,26045584.295982301,26818570.312411282,0.0037593846187232616,50709158.566085711,-772986.0201883656,1042818.0845487006,2398009467103125,-950019023042626.38,-671464953606761.5
0_11:30212101110,1,796,0.23279337493486665,0.040464692842345697,8.4182785921905967e-10,9554356.2564795427,26027443.596357558,26803160.13131725,0.0038929824252869885,50640671.968545735,-775716.53885267489,1020163.8405888305,2472367644399441.5,-978415947471503,-691535645963155.5
0_11:30212101110,2,796,0.4219038898864006,0.02898995041114507,8.7071736942218191e-10,9255460.3701524287,26007689.628603593,26776083.004086565,0.0040265802318507149,50554479.189202107,-768393.37950955296,997509.59662896069,2561665454471326,-1008293828305163.1,-712653065068711.38
0_11:30212101110,3,796,0.37123188012477887,0.032293733251774225,8.6297644849350554e-10,9335549.2815149594,26036234.619102668,26787467.767973498,0.0039907828074713068,50584952.918682836,-751233.15286161227,980603.3619988882,2238335500087533.2,-1000246333437948,-706965167630237.88
0_11:30212101110,4,796,0.56034239507631278,0.059756134919120192,8.9186595869662788e-10,9036653.3951878473,26028370.270537902,26779280.285443366,0.0041243806140350342,50537511.807872221,-750910.01902984455,970536.52616996574,2310495733854996.5,-1032361320890906.5,-729663753697619.25
0_11:30212101110,5,796,0.74945291002784675,0.042847624692473184,9.2075546889975002e-10,8737757.5088607334,26012954.173486836,26766516.686107855,0.0042579784205987598,50485562.444755346,-753562.51687899744,960469.69034104305,2396274767786100,-1066578205057078.9,-753847941573798.12
0_11:30212101110,6,796,0.69878090026622497,0.018547492979315527,9.1301454797107375e-10,8817846.420223264,26039641.552461792,26766492.557321373,0.0042221809962193525,50492584.011340871,-726851.00908176263,918388.63944907603,2092840537334910.2,-1057037902284958.6,-747104940851812.88
0_11:30212101110,7,796,0.88789141521775894,0.034379003072419707,9.4190405817419599e-10,8518950.5338961501,26038541.504391909,26758494.660487358,0.004355778802783079,50452606.479958437,-719953.16045122768,920909.21175110084,2161935235341511.5,-1093258858442209.2,-772705588897604.12
0_11:30212101111,0,796,0.53196410998332955,0.031411075126383081,8.8753074361379134e-10,9081506.2828101162,26004358.752672311,26762564.67047732,0.004104332671997361,50510498.89260561,-758205.92190934124,984571.41075417306,2625644141989005.5,-1026713480361838.4,-725671910495697.38
0_11:30212101111,1,796,0.72107462493486352,0.057762862729704302,9.1642025381691358e-10,8782610.3964830022,26009023.982633702,26738653.380019475,0.0042379304785610875,50436926.129513018,-729629.40162370284,962763.68669026741,2758412085586636.5,-1060108915703584.4,-749275505685408.5
0_11:30212101111,2,796,0.91018513988639738,0.041264394232539685,9.4530976402003582e-10,8483714.5101558901,25993500.828163888,26714233.552140422,0.0043715282851248148,50366488.36620374,-720732.72834806214,940955.96262636175,2912197754222341.5,-1095925723094254.1,-774590504995521.5
0_11:30212101111,3,796,0.8595131301247757,0.046448817792791974,9.3756884309135955e-10,8563803.4215184208,26007176.063122489,26761907.886984274,0.0043357308607454067,50462520.772854269,-754731.82819751615,954742.27493927674,2457269055184967.5,-1087746627244559.4,-768809593158965.5
0_11:30212101112,0,796,0.88941079336657203,0.017660370486417155,9.4213616631764742e-10,8516549.1027617063,26045760.540475648,26762620.853703327,0.0043568521729659814,50460202.62919727,-716860.31758453173,897086.63995997654,2015273833285548,-1093731774753029.1,-773039841918862.25
0_11:30212101120,0,796,0.75857622674981773,0.005985204430980713,9.2214919442364939e-10,8723337.7827098351,26113490.493031003,26761964.168218367,0.0042644236206605011,50475734.388442449,-648473.67945178784,823775.9158084587,1597625172945771.5,-1068133290127732.2,-754947061801387.38
0_11:30212101120,1,796,0.94768674170135159,0.011556933644106579,9.5103870462677153e-10,8424441.8963827211,26100724.679216247,26767941.41540198,0.0043980214272242276,50463382.487582535,-667216.74058375461,831517.86707530776,1603135672764307.5,-1105759583006776.1,-781540989280340.62
0_11:30212101200,1,796,0.68601760846784154,6.1401609967156242e-05,9.1106476083877537e-10,8838019.2562789805,26209513.293948933,26723378.103988308,0.0042131643226132661,50413075.442068316,-513864.81425253931,690216.74373912637,1384825564736946,-1052964532050788.8,-744225919180699
0_11:30212101200,2,796,0.8751281234193754,6.8173116192824052e-05,9.3995427104189751e-10,8539123.3699518684,26200108.832336877,26736924.980050545,0.0043467621291769926,50413489.210827559,-536816.15206043073,698366.58116564143,1343460157541317,-1089830511620556.2,-770282464008824.12
0_11:30212101201,0,796,0.98518834351630435,0.00012886837237422301,9.5676764523350704e-10,8365169.2826095559,26194200.128801338,26743804.532919422,0.0044245145693236395,50413675.069902062,-549604.40854259802,703316.79849631118,1322226407565262.2,-1112497689617310,-786303422803144.5
